topic,time_s,linear_mps,angular_rps
/epuck1/cmd_vel,3.2993718,0.0,0.0
/epuck1/cmd_vel,3.3395069,0.0,0.0
/epuck1/cmd_vel,3.3982132,0.0,0.0
/epuck1/cmd_vel,3.4562955,0.0,0.0
/epuck1/cmd_vel,3.4957364,0.0,0.0
/epuck1/cmd_vel,3.5471522,0.0,0.0
/epuck1/cmd_vel,3.5877396,0.0,0.0
/epuck1/cmd_vel,3.6664674,0.0,0.0
/epuck1/cmd_vel,3.7048235,0.0,0.0
/epuck1/cmd_vel,3.7606985,0.0,0.0
/epuck1/cmd_vel,3.7958737,0.0,0.0
/epuck1/cmd_vel,3.8573177,0.0,0.0
/epuck1/cmd_vel,3.9145864,0.0,0.0
/epuck1/cmd_vel,3.9729273,0.0,0.0
/epuck1/cmd_vel,4.0097013,0.0,0.0
/epuck1/cmd_vel,4.0655811,0.0,0.0
/epuck1/cmd_vel,4.1068859,0.0,0.0
/epuck1/cmd_vel,4.1844465,0.0,0.0
/epuck1/cmd_vel,4.2203615,0.0,0.0
/epuck1/cmd_vel,4.2764376,0.0,0.0
/epuck1/cmd_vel,4.3137097,0.0,0.0
/epuck1/cmd_vel,4.3746423,0.0,0.0
/epuck1/cmd_vel,4.43719,0.0,0.0
/epuck1/cmd_vel,4.4988149,0.0,0.0
/epuck1/cmd_vel,4.5355032,0.0,0.0
/epuck1/cmd_vel,4.5904422,0.0,0.0
/epuck1/cmd_vel,4.62861325,0.0,0.0
/epuck1/cmd_vel,4.694379774,0.0,0.0
/epuck1/cmd_vel,4.739873391,0.0,0.0
/epuck1/cmd_vel,4.794294791,0.0,0.0
/epuck1/cmd_vel,4.828027758,0.0,0.0
/epuck1/cmd_vel,4.8797119,0.0,0.0
/epuck1/cmd_vel,4.917426225,0.0,0.0
/epuck1/cmd_vel,4.992421658,0.0,0.0
/epuck1/cmd_vel,5.0306803,0.0,0.0
/epuck1/cmd_vel,5.08146455,0.0,0.0
/epuck1/cmd_vel,5.115042325,0.0,0.0
/epuck1/cmd_vel,5.168818666,0.0,0.0
/epuck1/cmd_vel,5.219329933,0.0,0.0
/epuck1/cmd_vel,5.271837791,0.0,0.0
/epuck1/cmd_vel,5.308734908,0.0,0.0
/epuck1/cmd_vel,5.357853391,0.0,0.0
/epuck1/cmd_vel,5.394047791,0.0,0.0
/epuck1/cmd_vel,5.4633972,0.0,0.0
/epuck1/cmd_vel,5.499787216,0.0,0.0
/epuck1/cmd_vel,5.550704841,0.0,0.0
/epuck1/cmd_vel,5.583700808,0.0,0.0
/epuck1/cmd_vel,5.641455483,0.0,0.0
/epuck1/cmd_vel,5.691801566,0.0,0.0
/epuck1/cmd_vel,5.745614941,0.0,0.0
/epuck1/cmd_vel,5.779449658,0.0,0.0
/epuck1/cmd_vel,5.831455916,0.0,0.0
/epuck1/cmd_vel,5.868197383,0.0,0.0
/epuck1/cmd_vel,5.939733775,0.0,0.0
/epuck1/cmd_vel,5.974620366,0.0,0.0
/epuck1/cmd_vel,6.023369341,0.0,0.0
/epuck1/cmd_vel,6.058343475,0.0,0.0
/epuck1/cmd_vel,6.129026908,0.0,0.0
/epuck1/cmd_vel,6.170116583,0.0,0.0
/epuck1/cmd_vel,6.219303816,0.0,0.0
/epuck1/cmd_vel,6.252408591,0.0,0.0
/epuck1/cmd_vel,6.308539666,0.0,0.0
/epuck1/cmd_vel,6.358016016,0.0,0.0
/epuck1/cmd_vel,6.410753408,0.0,0.0
/epuck1/cmd_vel,6.444135566,0.0,0.0
/epuck1/cmd_vel,6.493527125,0.0,0.0
/epuck1/cmd_vel,6.530303333,0.0,0.0
/epuck1/cmd_vel,6.601744575,0.0,0.0
/epuck1/cmd_vel,6.651337525,0.0,0.0
/epuck1/cmd_vel,6.704836758,0.0,0.0
/epuck1/cmd_vel,6.73693045,0.0,0.0
/epuck1/cmd_vel,6.790795341,0.0,0.0
/epuck1/cmd_vel,6.8270452,0.0,0.0
/epuck1/cmd_vel,6.899236,0.0,0.0
/epuck1/cmd_vel,6.933304191,0.0,0.0
/epuck1/cmd_vel,6.983967075,0.0,0.0
/epuck1/cmd_vel,7.01853265,0.0,0.0
/epuck1/cmd_vel,7.0946246,0.0,0.0
/epuck1/cmd_vel,7.132271,0.0,0.0
/epuck1/cmd_vel,7.184881341,0.0,0.0
/epuck1/cmd_vel,7.217295316,0.0,0.0
/epuck1/cmd_vel,7.271992541,0.0,0.0
/epuck1/cmd_vel,7.322673483,0.0,0.0
/epuck1/cmd_vel,7.37751215,0.0,0.0
/epuck1/cmd_vel,7.410745625,0.0,0.0
/epuck1/cmd_vel,7.461160825,0.0,0.0
/epuck1/cmd_vel,7.498042633,0.0,0.0
/epuck1/cmd_vel,7.573769841,0.0,0.0
/epuck1/cmd_vel,7.611713333,0.0,0.0
/epuck1/cmd_vel,7.659208583,0.0,0.0
/epuck1/cmd_vel,7.694637016,0.0,0.0
/epuck1/cmd_vel,7.751810525,0.0,0.0
/epuck1/cmd_vel,7.801348383,0.0,0.0
/epuck1/cmd_vel,7.854952391,0.0,0.0
/epuck1/cmd_vel,7.8874925,0.0,0.0
/epuck1/cmd_vel,7.940598116,0.0,0.0
/epuck1/cmd_vel,7.976804134,0.0,0.0
/epuck1/cmd_vel,8.048985139,0.0,0.0
/epuck1/cmd_vel,8.084402563,0.0,0.0
/epuck1/cmd_vel,8.137261178,0.0,0.0
/epuck1/cmd_vel,8.172515245,0.0,0.0
/epuck1/cmd_vel,8.245818584,0.003671057799999744,0.0
/epuck1/cmd_vel,8.285308872,0.0056539242999999574,0.0
/epuck1/cmd_vel,8.33784871,0.008279154099999887,0.0
/epuck1/cmd_vel,8.371476862,0.00995980589999981,0.0
/epuck1/cmd_vel,8.427242736,0.012731381249999887,0.0
/epuck1/cmd_vel,8.482686525,0.015449097999999852,0.0
/epuck1/cmd_vel,8.53988784,0.018386803049999758,0.0
/epuck1/cmd_vel,8.57374643,0.020043966999999798,0.0
/epuck1/cmd_vel,8.625367067,0.022663074499999783,0.0
/epuck1/cmd_vel,8.659263639,0.024356055949999702,0.0
/epuck1/cmd_vel,8.73129442,0.025,0.0
/epuck1/cmd_vel,8.779641025,0.025,0.0
/epuck1/cmd_vel,8.833114613,0.025,0.0
/epuck1/cmd_vel,8.867524497,0.025,0.0
/epuck1/cmd_vel,8.921456882,0.025,0.0
/epuck1/cmd_vel,8.960513789,0.025,0.0
/epuck1/cmd_vel,9.038405949,0.025,0.0
/epuck1/cmd_vel,9.078184947,0.025,0.0
/epuck1/cmd_vel,9.130309119,0.025,0.0
/epuck1/cmd_vel,9.164818319,0.025,0.0
/epuck1/cmd_vel,9.21854428,0.025,0.0
/epuck1/cmd_vel,9.256954176,0.025,0.0
/epuck1/cmd_vel,9.334948223,0.025,0.0
/epuck1/cmd_vel,9.372709101,0.025,0.0
/epuck1/cmd_vel,9.423772253,0.025,0.0
/epuck1/cmd_vel,9.4594687,0.025,0.0
/epuck1/cmd_vel,9.516843844,0.025,0.0
/epuck1/cmd_vel,9.565786558,0.025,0.0
/epuck1/cmd_vel,9.633018018,0.025,0.0
/epuck1/cmd_vel,9.667347809,0.025,0.0
/epuck1/cmd_vel,9.719163898,0.025,0.0
/epuck1/cmd_vel,9.75464366,0.025,0.0
/epuck1/cmd_vel,9.815433607,0.025,0.0
/epuck1/cmd_vel,9.878175748,0.025,0.0
/epuck1/cmd_vel,9.942653273,0.025,0.0
/epuck1/cmd_vel,9.979375149,0.025,0.0
/epuck1/cmd_vel,10.031921525,0.025,0.0
/epuck1/cmd_vel,10.073136892,0.025,0.0
/epuck1/cmd_vel,10.151461108,0.025,0.0
/epuck1/cmd_vel,10.193252015,0.025,0.0
/epuck1/cmd_vel,10.248702345,0.025,0.0
/epuck1/cmd_vel,10.286429433,0.025,0.0
/epuck1/cmd_vel,10.348753554,0.025,0.0
/epuck1/cmd_vel,10.403894252,0.025,0.0
/epuck1/cmd_vel,10.463077216,0.025,0.0
/epuck1/cmd_vel,10.499353706,0.025,0.0
/epuck1/cmd_vel,10.555847036,0.025,0.0
/epuck1/cmd_vel,10.597786885,0.025,0.0
/epuck1/cmd_vel,10.67552984,0.025,0.0
/epuck1/cmd_vel,10.714103383,0.025,0.0
/epuck1/cmd_vel,10.768471689,0.025,0.0
/epuck1/cmd_vel,10.807734572,0.025,0.0
/epuck1/cmd_vel,10.870625138,0.025,0.0
/epuck1/cmd_vel,10.932920887,0.025,0.0
/epuck1/cmd_vel,10.9952491,0.025,0.0
/epuck1/cmd_vel,11.033424607,0.025,0.0
/epuck1/cmd_vel,11.088734731,0.025,0.0
/epuck1/cmd_vel,11.130737549,0.025,0.0
/epuck1/cmd_vel,11.205766502,0.025,0.0
/epuck1/cmd_vel,11.255989608,0.025,0.0
/epuck1/cmd_vel,11.314342936,0.025,0.0
/epuck1/cmd_vel,11.350986296,0.025,0.0
/epuck1/cmd_vel,11.410004831,0.025,0.0
/epuck1/cmd_vel,11.450576266,0.025,0.0
/epuck1/cmd_vel,11.527005018,0.025,0.0
/epuck1/cmd_vel,11.566802127,0.025,0.0
/epuck1/cmd_vel,11.619709089,0.025,0.0
/epuck1/cmd_vel,11.659129529,0.025,0.0
/epuck1/cmd_vel,11.739595882,0.025,0.0
/epuck1/cmd_vel,11.780838943,0.025,0.0
/epuck1/cmd_vel,11.83649242,0.025,0.0
/epuck1/cmd_vel,11.873587334,0.025,0.0
/epuck1/cmd_vel,11.933717537,0.025,0.0
/epuck1/cmd_vel,11.991095286,0.025,0.0
/epuck1/cmd_vel,12.053603367,0.025,0.0
/epuck1/cmd_vel,12.091210292,0.025,0.0
/epuck1/cmd_vel,12.145029484,0.025,0.0
/epuck1/cmd_vel,12.186651255,0.025,0.0
/epuck1/cmd_vel,12.264583109,0.025,0.0
/epuck1/cmd_vel,12.30361526,0.025,0.0
/epuck1/cmd_vel,12.359817622,0.025,0.0
/epuck1/cmd_vel,12.397727767,0.025,0.0
/epuck1/cmd_vel,12.459031608,0.025,0.0
/epuck1/cmd_vel,12.519211003,0.025,0.0
/epuck1/cmd_vel,12.577129613,0.025,0.0
/epuck1/cmd_vel,12.615100138,0.025,0.0
/epuck1/cmd_vel,12.671110195,0.025,0.0
/epuck1/cmd_vel,12.712327324,0.025,0.0
/epuck1/cmd_vel,12.789920671,0.025,0.0
/epuck1/cmd_vel,12.82916828,0.025,0.0
/epuck1/cmd_vel,12.885969646,0.025,0.0
/epuck1/cmd_vel,12.922326414,0.025,0.0
/epuck1/cmd_vel,12.999614168,0.025,0.0
/epuck1/cmd_vel,13.039418711,0.025,0.0
/epuck1/cmd_vel,13.09534495,0.025,0.0
/epuck1/cmd_vel,13.131080022,0.025,0.0
/epuck1/cmd_vel,13.190110536,0.025,0.0
/epuck1/cmd_vel,13.230963248,0.025,0.0
/epuck1/cmd_vel,13.312920605,0.025,0.0
/epuck1/cmd_vel,13.354216641,0.025,0.0
/epuck1/cmd_vel,13.408661143,0.025,0.0
/epuck1/cmd_vel,13.44515041,0.025,0.0
/epuck1/cmd_vel,13.506499325,0.025,0.0
/epuck1/cmd_vel,13.561668352,0.025,0.0
/epuck1/cmd_vel,13.619793913,0.025,0.0
/epuck1/cmd_vel,13.655630262,0.025,0.0
/epuck1/cmd_vel,13.713304655,0.025,0.0
/epuck1/cmd_vel,13.752980968,0.025,0.0
/epuck1/cmd_vel,13.831093031,0.025,0.0
/epuck1/cmd_vel,13.86735963,0.025,0.0
/epuck1/cmd_vel,13.923287578,0.025,0.0
/epuck1/cmd_vel,13.960824208,0.025,0.0
/epuck1/cmd_vel,14.038579982,0.025,0.0
/epuck1/cmd_vel,14.080095589,0.025,0.0
/epuck1/cmd_vel,14.136890998,0.025,0.0
/epuck1/cmd_vel,14.171518994,0.025,0.0
/epuck1/cmd_vel,14.23241633,0.025,0.0
/epuck1/cmd_vel,14.288755455,0.025,0.0
/epuck1/cmd_vel,14.349596269,0.025,0.0
/epuck1/cmd_vel,14.386673837,0.025,0.0
/epuck1/cmd_vel,14.44227508,0.025,0.0
/epuck1/cmd_vel,14.480703124,0.025,0.0
/epuck1/cmd_vel,14.554020285,0.025,0.0
/epuck1/cmd_vel,14.60504083,0.025,0.0
/epuck1/cmd_vel,14.660627516,0.025,0.0
/epuck1/cmd_vel,14.697073014,0.025,0.0
/epuck1/cmd_vel,14.753848043,0.025,0.0
/epuck1/cmd_vel,14.794839402,0.025,0.0
/epuck1/cmd_vel,14.871561969,0.025,0.0
/epuck1/cmd_vel,14.909061485,0.025,0.0
/epuck1/cmd_vel,14.967563797,0.025,0.0
/epuck1/cmd_vel,15.001474396,0.025,0.0
/epuck1/cmd_vel,15.084665034,0.025,0.0
/epuck1/cmd_vel,15.121356937,0.025,0.0
/epuck1/cmd_vel,15.18119667,0.025,0.0
/epuck1/cmd_vel,15.215406168,0.025,0.0
/epuck1/cmd_vel,15.275836282,0.025,0.0
/epuck1/cmd_vel,15.317558047,0.025,0.0
/epuck1/cmd_vel,15.400850122,0.025,0.0
/epuck1/cmd_vel,15.441250096,0.025,0.0
/epuck1/cmd_vel,15.495238446,0.025,0.0
/epuck1/cmd_vel,15.535144665,0.025,0.0
/epuck1/cmd_vel,15.595266158,0.025,0.0
/epuck1/cmd_vel,15.651310816,0.025,0.0
/epuck1/cmd_vel,15.709460798,0.025,0.0
/epuck1/cmd_vel,15.74475834,0.025,0.0
/epuck1/cmd_vel,15.801185693,0.019378343900000063,-0.16864968299999816
/epuck1/cmd_vel,15.843172678,0.01530219200000005,-0.29093423999999857
/epuck1/cmd_vel,15.919738224,0.007519261899999919,-0.5244221430000024
/epuck1/cmd_vel,15.957330733,0.006,-0.6370475160000098
/epuck1/cmd_vel,16.013394618,0.006,-0.65
/epuck1/cmd_vel,16.051582647,0.006,-0.65
/epuck1/cmd_vel,16.128198437,0.006,-0.65
/epuck1/cmd_vel,16.169705559,0.006,-0.65
/epuck1/cmd_vel,16.224445908,0.006,-0.65
/epuck1/cmd_vel,16.260967635,0.006,-0.65
/epuck1/cmd_vel,16.318976328,0.006,-0.65
/epuck1/cmd_vel,16.379164017,0.006,-0.65
/epuck1/cmd_vel,16.44016699,0.006,-0.65
/epuck1/cmd_vel,16.479022862,0.006,-0.65
/epuck1/cmd_vel,16.532609102,0.006,-0.65
/epuck1/cmd_vel,16.570628369,0.006,-0.65
/epuck1/cmd_vel,16.650291289,0.009978181249999935,-0.33174550000000524
/epuck1/cmd_vel,16.691605325,0.01199193309999997,-0.17064535200000253
/epuck1/cmd_vel,16.747493178,0.012,-0.027812436819076553
/epuck1/cmd_vel,16.783652356,0.012,0.07144994974136351
/epuck1/cmd_vel,16.843524742,0.012,0.07144994974136351
/epuck1/cmd_vel,16.896136344,0.012,0.07939095139503477
/epuck1/cmd_vel,16.954440922,0.012,0.07939095139503477
/epuck1/cmd_vel,16.989773987,0.012,0.07939095139503477
/epuck1/cmd_vel,17.046543628,0.012,0.05953847408294676
/epuck1/cmd_vel,17.086804428,0.012,0.05953847408294676
/epuck1/cmd_vel,17.165300627,0.012,0.04365647077560423
/epuck1/cmd_vel,17.205719288,0.012,0.04365647077560423
/epuck1/cmd_vel,17.258382939,0.012,0.03174499511718748
/epuck1/cmd_vel,17.296276821,0.012,0.03174499511718748
/epuck1/cmd_vel,17.374762722,0.012,0.03174499511718748
/epuck1/cmd_vel,17.415232071,0.012,0.019833519458770734
/epuck1/cmd_vel,17.471009056,0.012,0.019833519458770734
/epuck1/cmd_vel,17.507814306,0.012,0.01586299180984495
/epuck1/cmd_vel,17.565906121,0.012,0.01586299180984495
/epuck1/cmd_vel,17.620790326,0.012,0.01586299180984495
/epuck1/cmd_vel,17.681279452,0.012,0.011892517805099468
/epuck1/cmd_vel,17.717813669,0.012,0.011892517805099468
/epuck1/cmd_vel,17.772057331,0.012,0.007922043800353985
/epuck1/cmd_vel,17.812114081,0.012,0.007922043800353985
/epuck1/cmd_vel,17.883844443,0.012,0.011892517805099468
/epuck1/cmd_vel,17.934737029,0.012,0.011892517805099468
/epuck1/cmd_vel,17.993735358,0.012,0.007922043800353985
/epuck1/cmd_vel,18.030097205,0.012,0.007922043800353985
/epuck1/cmd_vel,18.085277593,0.012,0.003951516151428203
/epuck1/cmd_vel,18.125420666,0.012,0.003951516151428203
/epuck1/cmd_vel,18.202008336,0.012,-1.8957853317280553e-05
/epuck1/cmd_vel,18.239721454,0.012,-1.8957853317280726e-05
/epuck1/cmd_vel,18.294441641,0.012,-1.8957853317280726e-05
/epuck1/cmd_vel,18.33176973,0.012,0.003951516151428203
/epuck1/cmd_vel,18.411204924,0.012,0.003951516151428203
/epuck1/cmd_vel,18.45113604,0.012,0.003951516151428203
/epuck1/cmd_vel,18.508639881,0.012,0.003951516151428203
/epuck1/cmd_vel,18.544075766,0.012,0.003951516151428203
/epuck1/cmd_vel,18.603623828,0.012,0.003951516151428203
/epuck1/cmd_vel,18.660546096,0.012,0.003951516151428203
/epuck1/cmd_vel,18.719832838,0.012,-1.8957853317280553e-05
/epuck1/cmd_vel,18.757814832,0.012,-1.8957853317280726e-05
/epuck1/cmd_vel,18.811528523,0.012,-1.8957853317280726e-05
/epuck1/cmd_vel,18.852600623,0.012,-1.8957853317280726e-05
/epuck1/cmd_vel,18.930808398,0.012,-1.8957853317280726e-05
/epuck1/cmd_vel,18.991872292,0.012,-1.8957853317280726e-05
/epuck1/cmd_vel,19.026407744,0.012,-1.8957853317280726e-05
/epuck1/cmd_vel,19.062966416,0.012,-1.8957853317280726e-05
/epuck1/cmd_vel,19.122238056,0.012,-1.8957853317280726e-05
/epuck1/cmd_vel,19.17628306,0.012,-1.8957853317280726e-05
/epuck1/cmd_vel,19.248819968,0.012,0.003951516151428203
/epuck1/cmd_vel,19.287894128,0.012,0.003951516151428203
/epuck1/cmd_vel,19.341101542,0.012,0.003951516151428203
/epuck1/cmd_vel,19.378909554,0.012,-1.8957853317280553e-05
/epuck1/cmd_vel,19.444183824,0.012,-1.8957853317280726e-05
/epuck1/cmd_vel,19.526336615,0.012,-1.8957853317280726e-05
/epuck1/cmd_vel,19.56749378,0.012,-1.8957853317280726e-05
/epuck1/cmd_vel,19.603634663,0.012,-1.8957853317280726e-05
/epuck1/cmd_vel,19.657634779,0.012,-1.8957853317280726e-05
/epuck1/cmd_vel,19.69891091,0.012,-1.8957853317280726e-05
/epuck1/cmd_vel,19.773097233,0.012,-1.8957853317280726e-05
/epuck1/cmd_vel,19.82319111,0.012,-1.8957853317280726e-05
/epuck1/cmd_vel,19.883854909,0.012,-1.8957853317280726e-05
/epuck1/cmd_vel,19.918465544,0.012,-1.8957853317280726e-05
/epuck1/cmd_vel,19.974811321,0.012,-1.8957853317280726e-05
/epuck1/cmd_vel,20.038645563,0.012,-1.8957853317280726e-05
/epuck1/cmd_vel,20.101750293,0.012,-1.8957853317280726e-05
/epuck1/cmd_vel,20.144270317,0.012,-1.8957853317280726e-05
/epuck1/cmd_vel,20.202471614,0.012,-1.8957853317280726e-05
/epuck1/cmd_vel,20.239689156,0.012,-1.8957853317280726e-05
/epuck1/cmd_vel,20.297548626,0.012,-1.8957853317280726e-05
/epuck1/cmd_vel,20.337947597,0.012,-1.8957853317280726e-05
/epuck1/cmd_vel,20.421928678,0.012,-1.8957853317280726e-05
/epuck1/cmd_vel,20.460997553,0.012,-1.8957853317280726e-05
/epuck1/cmd_vel,20.515883465,0.012,-1.8957853317280726e-05
/epuck1/cmd_vel,20.570613399,0.012,-1.8957853317280726e-05
/epuck1/cmd_vel,20.613399322,0.012,-1.8957853317280726e-05
/epuck1/cmd_vel,20.667206354,0.012,-1.8957853317280726e-05
/epuck1/cmd_vel,20.735253977,0.012,-1.8957853317280726e-05
/epuck1/cmd_vel,20.774069113,0.012,-1.8957853317280726e-05
/epuck1/cmd_vel,20.829895241,0.012,-1.8957853317280726e-05
/epuck1/cmd_vel,20.86607341,0.012,-1.8957853317280726e-05
/epuck1/cmd_vel,20.926514501,0.012,-1.8957853317280726e-05
/epuck1/cmd_vel,20.988283373,0.012,-1.8957853317280726e-05
/epuck1/cmd_vel,21.047834819,0.012,-1.8957853317280726e-05
/epuck1/cmd_vel,21.083448335,0.012,-1.8957853317280726e-05
/epuck1/cmd_vel,21.138615001,0.012,-0.003989485502243062
/epuck1/cmd_vel,21.17550905,0.012,-0.003989485502243062
/epuck1/cmd_vel,21.25332333,0.012,-1.8957853317280553e-05
/epuck1/cmd_vel,21.295295241,0.012,-1.8957853317280726e-05
/epuck1/cmd_vel,21.346733451,0.012,-1.8957853317280726e-05
/epuck1/cmd_vel,21.383296966,0.012,-1.8957853317280726e-05
/epuck1/cmd_vel,21.442354144,0.012,-1.8957853317280726e-05
/epuck1/cmd_vel,21.495056582,0.012,-1.8957853317280726e-05
/epuck1/cmd_vel,21.552769986,0.012,-1.8957853317280726e-05
/epuck1/cmd_vel,21.589671841,0.012,-1.8957853317280726e-05
/epuck1/cmd_vel,21.645570522,0.012,0.003951516151428203
/epuck1/cmd_vel,21.684615557,0.012,0.003951516151428203
/epuck1/cmd_vel,21.762876972,0.012,-1.8957853317280553e-05
/epuck1/cmd_vel,21.799452246,0.012,-1.8957853317280726e-05
/epuck1/cmd_vel,21.85569154,0.012,-0.003989485502243062
/epuck1/cmd_vel,21.892277091,0.012,-0.003989485502243062
/epuck1/cmd_vel,21.970945998,0.012,-0.003989485502243062
/epuck1/cmd_vel,22.009793822,0.012,-1.8957853317280553e-05
/epuck1/cmd_vel,22.065584163,0.012,-1.8957853317280726e-05
/epuck1/cmd_vel,22.102214704,0.012,0.003951516151428203
/epuck1/cmd_vel,22.159228288,0.012,0.003951516151428203
/epuck1/cmd_vel,22.214718521,0.012,0.003951516151428203
/epuck1/cmd_vel,22.273273429,0.012,-1.8957853317280553e-05
/epuck1/cmd_vel,22.310535392,0.012,-1.8957853317280726e-05
/epuck1/cmd_vel,22.364776904,0.012,-1.8957853317280726e-05
/epuck1/cmd_vel,22.403210463,0.012,-1.8957853317280726e-05
/epuck1/cmd_vel,22.473783313,0.012,-1.8957853317280726e-05
/epuck1/cmd_vel,22.524679891,0.012,-1.8957853317280726e-05
/epuck1/cmd_vel,22.583360708,0.012,-1.8957853317280726e-05
/epuck1/cmd_vel,22.617887631,0.012,-1.8957853317280726e-05
/epuck1/cmd_vel,22.671565761,0.012,-1.8957853317280726e-05
/epuck1/cmd_vel,22.7107448,0.012,-1.8957853317280726e-05
/epuck1/cmd_vel,22.795616374,0.012,-1.8957853317280726e-05
/epuck1/cmd_vel,22.837469523,0.012,-1.8957853317280726e-05
/epuck1/cmd_vel,22.891444898,0.012,-1.8957853317280726e-05
/epuck1/cmd_vel,22.928565151,0.012,-1.8957853317280726e-05
/epuck1/cmd_vel,22.984428259,0.012,-1.8957853317280726e-05
/epuck1/cmd_vel,23.039405578,0.012,-1.8957853317280726e-05
/epuck1/cmd_vel,23.100264012,0.012,-1.8957853317280726e-05
/epuck1/cmd_vel,23.136531656,0.012,-1.8957853317280726e-05
/epuck1/cmd_vel,23.189477673,0.012,-1.8957853317280726e-05
/epuck1/cmd_vel,23.230368329,0.012,-1.8957853317280726e-05
/epuck1/cmd_vel,23.301836001,0.012,-1.8957853317280726e-05
/epuck1/cmd_vel,23.341425818,0.012,-1.8957853317280726e-05
/epuck1/cmd_vel,23.395271664,0.012,-1.8957853317280726e-05
/epuck1/cmd_vel,23.432935588,0.012,-1.8957853317280726e-05
/epuck1/cmd_vel,23.490202107,0.012,-1.8957853317280726e-05
/epuck1/cmd_vel,23.546629793,0.012,-1.8957853317280726e-05
/epuck1/cmd_vel,23.603056787,0.012,-1.8957853317280726e-05
/epuck1/cmd_vel,23.639926193,0.012,-1.8957853317280726e-05
/epuck1/cmd_vel,23.696596577,0.012,-0.003989485502243062
/epuck1/cmd_vel,23.736539929,0.012,-0.003989485502243062
/epuck1/cmd_vel,23.80957986,0.012,-1.8957853317280553e-05
/epuck1/cmd_vel,23.847252075,0.012,-1.8957853317280726e-05
/epuck1/cmd_vel,23.900539093,0.012,0.003951516151428203
/epuck1/cmd_vel,23.936879872,0.012,0.003951516151428203
/epuck1/cmd_vel,24.004194279,0.012,0.003951516151428203
/epuck1/cmd_vel,24.04571311,0.012,-1.8957853317280553e-05
/epuck1/cmd_vel,24.10205536,0.012,-1.8957853317280726e-05
/epuck1/cmd_vel,24.137153918,0.012,-1.8957853317280726e-05
/epuck1/cmd_vel,24.195079015,0.012,-1.8957853317280726e-05
/epuck1/cmd_vel,24.252009813,0.012,-1.8957853317280726e-05
/epuck1/cmd_vel,24.312867985,0.012,-1.8957853317280726e-05
/epuck1/cmd_vel,24.34803481,0.012,-1.8957853317280726e-05
/epuck1/cmd_vel,24.401970777,0.012,-1.8957853317280726e-05
/epuck1/cmd_vel,24.441315154,0.012,-1.8957853317280726e-05
/epuck1/cmd_vel,24.517058105,0.012,-1.8957853317280726e-05
/epuck1/cmd_vel,24.555396839,0.012,-1.8957853317280726e-05
/epuck1/cmd_vel,24.609344743,0.012,-1.8957853317280726e-05
/epuck1/cmd_vel,24.644082339,0.012,-1.8957853317280726e-05
/epuck1/cmd_vel,24.704842848,0.012,-1.8957853317280726e-05
/epuck1/cmd_vel,24.755754881,0.012,-1.8957853317280726e-05
/epuck1/cmd_vel,24.827264741,0.012,-1.8957853317280726e-05
/epuck1/cmd_vel,24.864285899,0.012,-1.8957853317280726e-05
/epuck1/cmd_vel,24.917952057,0.012,-1.8957853317280726e-05
/epuck1/cmd_vel,24.955658638,0.012,-1.8957853317280726e-05
/epuck1/cmd_vel,25.02031718,0.012,-1.8957853317280726e-05
/epuck1/cmd_vel,25.079726708,0.012,-1.8957853317280726e-05
/epuck1/cmd_vel,25.140159994,0.012,-1.8957853317280726e-05
/epuck1/cmd_vel,25.177214774,0.012,-1.8957853317280726e-05
/epuck1/cmd_vel,25.23254268,0.012,-1.8957853317280726e-05
/epuck1/cmd_vel,25.268931455,0.012,-1.8957853317280726e-05
/epuck1/cmd_vel,25.346422821,0.012,-1.8957853317280726e-05
/epuck1/cmd_vel,25.398278023,0.012,-1.8957853317280726e-05
/epuck1/cmd_vel,25.455399388,0.012,-1.8957853317280726e-05
/epuck1/cmd_vel,25.491855556,0.012,-1.8957853317280726e-05
/epuck1/cmd_vel,25.546962081,0.012,-0.003989485502243062
/epuck1/cmd_vel,25.589791823,0.012,-0.003989485502243062
/epuck1/cmd_vel,25.669884771,0.012,-1.8957853317280553e-05
/epuck1/cmd_vel,25.712998937,0.012,-1.8957853317280726e-05
/epuck1/cmd_vel,25.769787638,0.012,-1.8957853317280726e-05
/epuck1/cmd_vel,25.805640858,0.012,-1.8957853317280726e-05
/epuck1/cmd_vel,25.863998106,0.012,-1.8957853317280726e-05
/epuck1/cmd_vel,25.90371001,0.012,-1.8957853317280726e-05
/epuck1/cmd_vel,26.000953925,0.012,-1.8957853317280726e-05
/epuck1/cmd_vel,26.041960463,0.012,-1.8957853317280726e-05
/epuck1/cmd_vel,26.096156062,0.012,-1.8957853317280726e-05
/epuck1/cmd_vel,26.133396144,0.012,-1.8957853317280726e-05
/epuck1/cmd_vel,26.197414665,0.012,-1.8957853317280726e-05
/epuck1/cmd_vel,26.251799945,0.012,-1.8957853317280726e-05
/epuck1/cmd_vel,26.311086761,0.012,-1.8957853317280726e-05
/epuck1/cmd_vel,26.346268421,0.012,-1.8957853317280726e-05
/epuck1/cmd_vel,26.402116512,0.012,-1.8957853317280726e-05
/epuck1/cmd_vel,26.443506022,0.012,-1.8957853317280726e-05
/epuck1/cmd_vel,26.521466715,0.012,-1.8957853317280726e-05
/epuck1/cmd_vel,26.56019808,0.012,-1.8957853317280726e-05
/epuck1/cmd_vel,26.615113506,0.012,-1.8957853317280726e-05
/epuck1/cmd_vel,26.652664877,0.012,-1.8957853317280726e-05
/epuck1/cmd_vel,26.727263641,0.012,-1.8957853317280726e-05
/epuck1/cmd_vel,26.768607835,0.012,-1.8957853317280726e-05
/epuck1/cmd_vel,26.825814173,0.012,-1.8957853317280726e-05
/epuck1/cmd_vel,26.860649955,0.012,-1.8957853317280726e-05
/epuck1/cmd_vel,26.921370408,0.012,-1.8957853317280726e-05
/epuck1/cmd_vel,26.97165881,0.012,-1.8957853317280726e-05
/epuck1/cmd_vel,27.032380853,0.012,-1.8957853317280726e-05
/epuck1/cmd_vel,27.068934426,0.012,-1.8957853317280726e-05
/epuck1/cmd_vel,27.122969921,0.012,-1.8957853317280726e-05
/epuck1/cmd_vel,27.163718009,0.012,-1.8957853317280726e-05
/epuck1/cmd_vel,27.23748512,0.012,-1.8957853317280726e-05
/epuck1/cmd_vel,27.286777081,0.012,-1.8957853317280726e-05
/epuck1/cmd_vel,27.344148483,0.012,-1.8957853317280726e-05
/epuck1/cmd_vel,27.381340174,0.012,-1.8957853317280726e-05
/epuck1/cmd_vel,27.436767158,0.012,-1.8957853317280726e-05
/epuck1/cmd_vel,27.47943551,0.012,-1.8957853317280726e-05
/epuck1/cmd_vel,27.566004049,0.012,-1.8957853317280726e-05
/epuck1/cmd_vel,27.605798018,0.012,-1.8957853317280726e-05
/epuck1/cmd_vel,27.662528898,0.012,-1.8957853317280726e-05
/epuck1/cmd_vel,27.700114564,0.012,-1.8957853317280726e-05
/epuck1/cmd_vel,27.758207669,0.012,-1.8957853317280726e-05
/epuck1/cmd_vel,27.811936783,0.012,-1.8957853317280726e-05
/epuck1/cmd_vel,27.872686588,0.012,-1.8957853317280726e-05
/epuck1/cmd_vel,27.911025225,0.012,-1.8957853317280726e-05
/epuck1/cmd_vel,27.966423705,0.012,-1.8957853317280726e-05
/epuck1/cmd_vel,28.004811917,0.012,-1.8957853317280726e-05
/epuck1/cmd_vel,28.081561589,0.012,-1.8957853317280726e-05
/epuck1/cmd_vel,28.121891375,0.012,0.003951516151428203
/epuck1/cmd_vel,28.176502418,0.012,0.003951516151428203
/epuck1/cmd_vel,28.212200702,0.012,0.003951516151428203
/epuck1/cmd_vel,28.273409068,0.012,-1.8957853317280553e-05
/epuck1/cmd_vel,28.329032679,0.012,-1.8957853317280726e-05
/epuck1/cmd_vel,28.390538923,0.012,-0.003989485502243062
/epuck1/cmd_vel,28.424972749,0.012,-0.003989485502243062
/epuck1/cmd_vel,28.479629682,0.012,-1.8957853317280553e-05
/epuck1/cmd_vel,28.520649909,0.012,-1.8957853317280726e-05
/epuck1/cmd_vel,28.600300119,0.012,-0.003989485502243062
/epuck1/cmd_vel,28.638013419,0.012,-0.003989485502243062
/epuck1/cmd_vel,28.691178669,0.012,-1.8957853317280553e-05
/epuck1/cmd_vel,28.727328082,0.012,-1.8957853317280726e-05
/epuck1/cmd_vel,28.806256914,0.012,-1.8957853317280726e-05
/epuck1/cmd_vel,28.847698955,0.012,0.003951516151428203
/epuck1/cmd_vel,28.90286553,0.012,0.003951516151428203
/epuck1/cmd_vel,28.935878327,0.012,-1.8957853317280553e-05
/epuck1/cmd_vel,28.996590458,0.012,-1.8957853317280726e-05
/epuck1/cmd_vel,29.052523798,0.012,-1.8957853317280726e-05
/epuck1/cmd_vel,29.110684564,0.012,-1.8957853317280726e-05
/epuck1/cmd_vel,29.14740438,0.012,-1.8957853317280726e-05
/epuck1/cmd_vel,29.202893614,0.012,-1.8957853317280726e-05
/epuck1/cmd_vel,29.240992562,0.012,-1.8957853317280726e-05
/epuck1/cmd_vel,29.315702023,0.012,-1.8957853317280726e-05
/epuck1/cmd_vel,29.355635739,0.012,-1.8957853317280726e-05
/epuck1/cmd_vel,29.409318491,0.012,-1.8957853317280726e-05
/epuck1/cmd_vel,29.446239859,0.012,-1.8957853317280726e-05
/epuck1/cmd_vel,29.505790106,0.012,-1.8957853317280726e-05
/epuck1/cmd_vel,29.559641788,0.012,-1.8957853317280726e-05
/epuck1/cmd_vel,29.616183826,0.012,-1.8957853317280726e-05
/epuck1/cmd_vel,29.65313486,0.012,-1.8957853317280726e-05
/epuck1/cmd_vel,29.709199481,0.012,-1.8957853317280726e-05
/epuck1/cmd_vel,29.747342582,0.012,-1.8957853317280726e-05
/epuck1/cmd_vel,29.831852326,0.012,-1.8957853317280726e-05
/epuck1/cmd_vel,29.869907414,0.012,-1.8957853317280726e-05
/epuck1/cmd_vel,29.926641642,0.012,-1.8957853317280726e-05
/epuck1/cmd_vel,29.961773381,0.012,-1.8957853317280726e-05
/epuck1/cmd_vel,30.018989012,0.012,-1.8957853317280726e-05
/epuck1/cmd_vel,30.063862941,0.012,-1.8957853317280726e-05
/epuck1/cmd_vel,30.142799474,0.012,-1.8957853317280726e-05
/epuck1/cmd_vel,30.182954447,0.012,-1.8957853317280726e-05
/epuck1/cmd_vel,30.235489265,0.012,-1.8957853317280726e-05
/epuck1/cmd_vel,30.2720627,0.012,-1.8957853317280726e-05
/epuck1/cmd_vel,30.330369444,0.012,-1.8957853317280726e-05
/epuck1/cmd_vel,30.388131276,0.012,-1.8957853317280726e-05
/epuck1/cmd_vel,30.457833869,0.012,-1.8957853317280726e-05
/epuck1/cmd_vel,30.492437936,0.012,-1.8957853317280726e-05
/epuck1/cmd_vel,30.545299996,0.012,-1.8957853317280726e-05
/epuck1/cmd_vel,30.582225012,0.012,-1.8957853317280726e-05
/epuck1/cmd_vel,30.64441541,0.012,-1.8957853317280726e-05
/epuck1/cmd_vel,30.721659268,0.012,-1.8957853317280726e-05
/epuck1/cmd_vel,30.782787236,0.012,-1.8957853317280726e-05
/epuck1/cmd_vel,30.818000165,0.012,-1.8957853317280726e-05
/epuck1/cmd_vel,30.869284937,0.012,-1.8957853317280726e-05
/epuck1/cmd_vel,30.910342809,0.012,-1.8957853317280726e-05
/epuck1/cmd_vel,30.987473822,0.012,-1.8957853317280726e-05
/epuck1/cmd_vel,31.026629708,0.012,-1.8957853317280726e-05
/epuck1/cmd_vel,31.07965132,0.012,-1.8957853317280726e-05
/epuck1/cmd_vel,31.116619893,0.012,-1.8957853317280726e-05
/epuck1/cmd_vel,31.174742708,0.012,-1.8957853317280726e-05
/epuck1/cmd_vel,31.229177769,0.012,-1.8957853317280726e-05
/epuck1/cmd_vel,31.287367972,0.012,-1.8957853317280726e-05
/epuck1/cmd_vel,31.323189392,0.012,-1.8957853317280726e-05
/epuck1/cmd_vel,31.37994723,0.012,-1.8957853317280726e-05
/epuck1/cmd_vel,31.419424681,0.012,-1.8957853317280726e-05
/epuck1/cmd_vel,31.493169024,0.012,-1.8957853317280726e-05
/epuck1/cmd_vel,31.532112602,0.012,-1.8957853317280726e-05
/epuck1/cmd_vel,31.585363468,0.012,0.003951516151428203
/epuck1/cmd_vel,31.622601095,0.012,0.003951516151428203
/epuck1/cmd_vel,31.696610356,0.012,0.003951516151428203
/epuck1/cmd_vel,31.736560106,0.012,-1.8957853317280553e-05
/epuck1/cmd_vel,31.791792578,0.012,-1.8957853317280726e-05
/epuck1/cmd_vel,31.826726049,0.012,-0.003989485502243062
/epuck1/cmd_vel,31.885729917,0.012,-0.003989485502243062
/epuck1/cmd_vel,31.928669416,0.012,-0.003989485502243062
/epuck1/cmd_vel,32.008549795,0.012,-1.8957853317280553e-05
/epuck1/cmd_vel,32.046224716,0.012,-1.8957853317280726e-05
/epuck1/cmd_vel,32.098907372,0.012,-1.8957853317280726e-05
/epuck1/cmd_vel,32.135228278,0.012,-1.8957853317280726e-05
/epuck1/cmd_vel,32.193106446,0.012,-1.8957853317280726e-05
/epuck1/cmd_vel,32.251465306,0.012,-1.8957853317280726e-05
/epuck1/cmd_vel,32.310103617,0.012,-1.8957853317280726e-05
/epuck1/cmd_vel,32.34494019,0.012,-1.8957853317280726e-05
/epuck1/cmd_vel,32.398883283,0.012,-1.8957853317280726e-05
/epuck1/cmd_vel,32.439159063,0.012,-1.8957853317280726e-05
/epuck1/cmd_vel,32.511968429,0.012,-1.8957853317280726e-05
/epuck1/cmd_vel,32.561883363,0.012,0.003951516151428203
/epuck1/cmd_vel,32.619625696,0.012,0.003951516151428203
/epuck1/cmd_vel,32.653750885,0.012,-1.8957853317280553e-05
/epuck1/cmd_vel,32.708938458,0.012,-1.8957853317280726e-05
/epuck1/cmd_vel,32.750744375,0.012,-1.8957853317280726e-05
/epuck1/cmd_vel,32.831287628,0.012,-1.8957853317280726e-05
/epuck1/cmd_vel,32.872280569,0.012,-1.8957853317280726e-05
/epuck1/cmd_vel,32.929736282,0.012,-1.8957853317280726e-05
/epuck1/cmd_vel,32.966064584,0.012,-0.003989485502243062
/epuck1/cmd_vel,33.024474868,0.012,-0.003989485502243062
/epuck1/cmd_vel,33.079251027,0.012,-0.003989485502243062
/epuck1/cmd_vel,33.139725471,0.012,-1.8957853317280553e-05
/epuck1/cmd_vel,33.176704069,0.012,-1.8957853317280726e-05
/epuck1/cmd_vel,33.233089133,0.012,0.003951516151428203
/epuck1/cmd_vel,33.269890155,0.012,0.003951516151428203
/epuck1/cmd_vel,33.348015512,0.012,-1.8957853317280553e-05
/epuck1/cmd_vel,33.388578787,0.012,-1.8957853317280726e-05
/epuck1/cmd_vel,33.442186179,0.012,-1.8957853317280726e-05
/epuck1/cmd_vel,33.480534345,0.012,-1.8957853317280726e-05
/epuck1/cmd_vel,33.542384461,0.012,-1.8957853317280726e-05
/epuck1/cmd_vel,33.595442105,0.012,-1.8957853317280726e-05
/epuck1/cmd_vel,33.652969007,0.012,-1.8957853317280726e-05
/epuck1/cmd_vel,33.688299462,0.012,-1.8957853317280726e-05
/epuck1/cmd_vel,33.743815558,0.012,-1.8957853317280726e-05
/epuck1/cmd_vel,33.785874526,0.012,-1.8957853317280726e-05
/epuck1/cmd_vel,33.872497863,0.012,-1.8957853317280726e-05
/epuck1/cmd_vel,33.913659135,0.012,-1.8957853317280726e-05
/epuck1/cmd_vel,33.970701281,0.012,-1.8957853317280726e-05
/epuck1/cmd_vel,34.007292733,0.012,-1.8957853317280726e-05
/epuck1/cmd_vel,34.068893224,0.012,-1.8957853317280726e-05
/epuck1/cmd_vel,34.122153832,0.012,-1.8957853317280726e-05
/epuck1/cmd_vel,34.184657012,0.012,-1.8957853317280726e-05
/epuck1/cmd_vel,34.219909895,0.012,-1.8957853317280726e-05
/epuck1/cmd_vel,34.275396948,0.012,-1.8957853317280726e-05
/epuck1/cmd_vel,34.31459908,0.012,-1.8957853317280726e-05
/epuck1/cmd_vel,34.390817736,0.012,-1.8957853317280726e-05
/epuck1/cmd_vel,34.430088228,0.012,-1.8957853317280726e-05
/epuck1/cmd_vel,34.485137798,0.012,-1.8957853317280726e-05
/epuck1/cmd_vel,34.520464446,0.012,-1.8957853317280726e-05
/epuck1/cmd_vel,34.582635635,0.012,-1.8957853317280726e-05
/epuck1/cmd_vel,34.636938454,0.012,-1.8957853317280726e-05
/epuck1/cmd_vel,34.707850276,0.012,-1.8957853317280726e-05
/epuck1/cmd_vel,34.746784674,0.012,-1.8957853317280726e-05
/epuck1/cmd_vel,34.800795738,0.012,-1.8957853317280726e-05
/epuck1/cmd_vel,34.839853744,0.012,-1.8957853317280726e-05
/epuck1/cmd_vel,34.89711935,0.012,-1.8957853317280726e-05
/epuck1/cmd_vel,34.960109954,0.012,-1.8957853317280726e-05
/epuck1/cmd_vel,35.020729352,0.012,-1.8957853317280726e-05
/epuck1/cmd_vel,35.057852019,0.012,-1.8957853317280726e-05
/epuck1/cmd_vel,35.113132462,0.012,-1.8957853317280726e-05
/epuck1/cmd_vel,35.151994458,0.012,-1.8957853317280726e-05
/epuck1/cmd_vel,35.228573176,0.012,-1.8957853317280726e-05
/epuck1/cmd_vel,35.269150183,0.012,-1.8957853317280726e-05
/epuck1/cmd_vel,35.321518801,0.012,-1.8957853317280726e-05
/epuck1/cmd_vel,35.35878808,0.012,-1.8957853317280726e-05
/epuck1/cmd_vel,35.420821283,0.012,-1.8957853317280726e-05
/epuck1/cmd_vel,35.476717196,0.012,-1.8957853317280726e-05
/epuck1/cmd_vel,35.535339493,0.012,-1.8957853317280726e-05
/epuck1/cmd_vel,35.569889794,0.012,-1.8957853317280726e-05
/epuck1/cmd_vel,35.625176442,0.012,-1.8957853317280726e-05
/epuck1/cmd_vel,35.667732261,0.012,-1.8957853317280726e-05
/epuck1/cmd_vel,35.743437211,0.012,-1.8957853317280726e-05
/epuck1/cmd_vel,35.782996941,0.012,-1.8957853317280726e-05
/epuck1/cmd_vel,35.835392379,0.012,-1.8957853317280726e-05
/epuck1/cmd_vel,35.87359287,0.012,-1.8957853317280726e-05
/epuck1/cmd_vel,35.953894833,0.012,-1.8957853317280726e-05
/epuck1/cmd_vel,35.994452469,0.012,-1.8957853317280726e-05
/epuck1/cmd_vel,36.049867424,0.012,-1.8957853317280726e-05
/epuck1/cmd_vel,36.087526607,0.012,-1.8957853317280726e-05
/epuck1/cmd_vel,36.145289333,0.012,-1.8957853317280726e-05
/epuck1/cmd_vel,36.200725603,0.012,-1.8957853317280726e-05
/epuck1/cmd_vel,36.261389769,0.012,-1.8957853317280726e-05
/epuck1/cmd_vel,36.297998449,0.012,-1.8957853317280726e-05
/epuck1/cmd_vel,36.352706732,0.012,-1.8957853317280726e-05
/epuck1/cmd_vel,36.391754844,0.012,-1.8957853317280726e-05
/epuck1/cmd_vel,36.465976075,0.012,-1.8957853317280726e-05
/epuck1/cmd_vel,36.520449101,0.012,-1.8957853317280726e-05
/epuck1/cmd_vel,36.576862225,0.012,-1.8957853317280726e-05
/epuck1/cmd_vel,36.613243353,0.012,-1.8957853317280726e-05
/epuck1/cmd_vel,36.669504175,0.012,-1.8957853317280726e-05
/epuck1/cmd_vel,36.710458827,0.012,-1.8957853317280726e-05
/epuck1/cmd_vel,36.786001842,0.012,-1.8957853317280726e-05
/epuck1/cmd_vel,36.823831881,0.012,-1.8957853317280726e-05
/epuck1/cmd_vel,36.877797699,0.012,-1.8957853317280726e-05
/epuck1/cmd_vel,36.915553442,0.012,-1.8957853317280726e-05
/epuck1/cmd_vel,36.974414008,0.012,-1.8957853317280726e-05
/epuck1/cmd_vel,37.036486505,0.012,-1.8957853317280726e-05
/epuck1/cmd_vel,37.09656531,0.012,-1.8957853317280726e-05
/epuck1/cmd_vel,37.134688333,0.012,-1.8957853317280726e-05
/epuck1/cmd_vel,37.18891445,0.012,-1.8957853317280726e-05
/epuck1/cmd_vel,37.228577868,0.012,-1.8957853317280726e-05
/epuck1/cmd_vel,37.302975021,0.012,-1.8957853317280726e-05
/epuck1/cmd_vel,37.344648641,0.012,-1.8957853317280726e-05
/epuck1/cmd_vel,37.396741834,0.012,-1.8957853317280726e-05
/epuck1/cmd_vel,37.433002638,0.012,-1.8957853317280726e-05
/epuck1/cmd_vel,37.494033884,0.012,-1.8957853317280726e-05
/epuck1/cmd_vel,37.550237683,0.012,-1.8957853317280726e-05
/epuck1/cmd_vel,37.605996936,0.012,-1.8957853317280726e-05
/epuck1/cmd_vel,37.641232401,0.012,-1.8957853317280726e-05
/epuck1/cmd_vel,37.698611113,0.012,-1.8957853317280726e-05
/epuck1/cmd_vel,37.739019716,0.012,-1.8957853317280726e-05
/epuck1/cmd_vel,37.813076847,0.012,-1.8957853317280726e-05
/epuck1/cmd_vel,37.849562907,0.012,-1.8957853317280726e-05
/epuck1/cmd_vel,37.902161808,0.012,-1.8957853317280726e-05
/epuck1/cmd_vel,37.940024767,0.012,-1.8957853317280726e-05
/epuck1/cmd_vel,38.003151978,0.012,0.2534081461467076
/epuck1/cmd_vel,38.066896626,0.012,0.3
/epuck1/cmd_vel,38.128709781,0.012,0.3
/epuck1/cmd_vel,38.16475282,0.012,0.3
/epuck1/cmd_vel,38.217906624,0.012,0.3
/epuck1/cmd_vel,38.258289979,0.012,0.3
/epuck1/cmd_vel,38.329484545,0.012,0.3
/epuck1/cmd_vel,38.379265421,0.012,0.3
/epuck1/cmd_vel,38.437743038,0.012,0.3
/epuck1/cmd_vel,38.473940115,0.012,0.3
/epuck1/cmd_vel,38.5313511,0.012,0.3
/epuck1/cmd_vel,38.572052873,0.012,0.3
/epuck1/cmd_vel,38.654560244,0.012,0.3
/epuck1/cmd_vel,38.694854497,0.012,0.3
/epuck1/cmd_vel,38.750538942,0.012,0.3
/epuck1/cmd_vel,38.78664304,0.012,0.29911065101623535
/epuck1/cmd_vel,38.843775682,0.012,0.29911065101623535
/epuck1/cmd_vel,38.887381507,0.012,0.29911065101623535
/epuck1/cmd_vel,38.96964388,0.012,0.25411169528961175
/epuck1/cmd_vel,39.008950713,0.012,0.21970074176788326
/epuck1/cmd_vel,39.063379458,0.012,0.21970074176788326
/epuck1/cmd_vel,39.099646992,0.012,0.21970074176788326
/epuck1/cmd_vel,39.161070052,0.012,0.19058377146720887
/epuck1/cmd_vel,39.215458227,0.012,0.19058377146720887
/epuck1/cmd_vel,39.27143531,0.012,0.16411380171775816
/epuck1/cmd_vel,39.307361377,0.012,0.16411380171775816
/epuck1/cmd_vel,39.820888683,0.012,0.13764383196830748
/epuck1/cmd_vel,39.860011214,0.012,0.13764383196830748
/epuck1/cmd_vel,39.940757385,0.012,0.11911485493183134
/epuck1/cmd_vel,39.978908455,0.012,0.11911485493183134
/epuck1/cmd_vel,40.03329855,0.012,0.10058587789535521
/epuck1/cmd_vel,40.070137342,0.012,0.10058587789535521
/epuck1/cmd_vel,40.147698981,0.012,0.10058587789535521
/epuck1/cmd_vel,40.188059941,0.012,0.08205690085887907
/epuck1/cmd_vel,40.244728606,0.014817227350000451,0.06838075071573256
/epuck1/cmd_vel,40.279788871,0.016621681100000073,0.05735159665346145
/epuck1/cmd_vel,40.3386391,0.019555366500000105,0.05735159665346145
/epuck1/cmd_vel,40.393475268,0.022313639250000506,0.05735159665346145
/epuck1/cmd_vel,40.453162877,0.025,0.050734106451272964
/epuck1/cmd_vel,40.491632897,0.025,0.050734106451272964
/epuck1/cmd_vel,40.54321794,0.025,0.04632244631648064
/epuck1/cmd_vel,40.583202799,0.025,0.04632244631648064
/epuck1/cmd_vel,40.661154952,0.025,0.03749912232160568
/epuck1/cmd_vel,40.702146854,0.0,0.0
/epuck1/cmd_vel,40.756292245,0.0,0.0
/epuck1/cmd_vel,40.792020327,0.0,0.0
/epuck1/cmd_vel,40.852185815,0.0,0.0
/epuck1/cmd_vel,40.908714337,0.0,0.0
/epuck1/cmd_vel,40.968724078,0.0,0.0
/epuck1/cmd_vel,41.005222152,0.0,0.0
/epuck1/cmd_vel,41.058784707,0.0,0.0
/epuck1/cmd_vel,41.100668457,0.0,0.0
/epuck1/cmd_vel,41.175990786,0.0,0.0
/epuck1/cmd_vel,41.212200424,0.0,0.0
/epuck1/cmd_vel,41.267683736,0.0,0.0
/epuck1/cmd_vel,41.30402,0.0,0.0
/epuck1/cmd_vel,41.365748235,0.0,0.0
/epuck1/cmd_vel,41.429574841,0.0,0.0
/epuck1/cmd_vel,41.48781331,0.0,0.0
/epuck1/cmd_vel,41.526263352,0.0,0.0
/epuck1/cmd_vel,41.582406828,0.0,0.0
/epuck1/cmd_vel,41.621053368,0.0,0.0
/epuck1/cmd_vel,41.693385875,0.0,0.0
/epuck1/cmd_vel,41.733543279,0.0,0.0
/epuck1/cmd_vel,41.788780396,0.0,0.0
/epuck1/cmd_vel,41.82421865,0.0,0.0
/epuck1/cmd_vel,41.887267412,0.0,0.0
/epuck1/cmd_vel,41.938778408,0.0,0.0
/epuck1/cmd_vel,42.014369792,0.0,0.0
/epuck1/cmd_vel,42.051372681,0.0,0.0
/epuck1/cmd_vel,42.10332637,0.0,0.0
/epuck1/cmd_vel,42.139270035,0.0,0.0
/epuck1/cmd_vel,42.205170463,0.0,0.0
/epuck1/cmd_vel,42.268510941,0.0,0.0
/epuck1/cmd_vel,42.327443765,0.0,0.0
/epuck1/cmd_vel,42.36457328,0.0,0.0
/epuck1/cmd_vel,42.418278164,0.0,0.0
/epuck1/cmd_vel,42.458740007,0.0,0.0
/epuck1/cmd_vel,42.534188465,0.0,0.0
/epuck1/cmd_vel,42.587244018,0.0,0.0
/epuck1/cmd_vel,42.641865002,0.0,0.0
/epuck1/cmd_vel,42.678064841,0.0,0.0
/epuck1/cmd_vel,42.735824841,0.0,0.0
/epuck1/cmd_vel,42.777219341,0.0,0.0
/epuck1/cmd_vel,42.853020041,0.0,0.0
/epuck1/cmd_vel,42.889144741,0.0,0.0
/epuck1/cmd_vel,42.944305141,0.0,0.0
/epuck1/cmd_vel,42.981672941,0.0,0.0
/epuck1/cmd_vel,43.045007741,0.0,0.0
/epuck1/cmd_vel,43.097938541,0.0,0.0
/epuck1/cmd_vel,43.155139841,0.0,0.0
/epuck1/cmd_vel,43.191570741,0.0,0.0
/epuck1/cmd_vel,43.249982241,0.0,0.0
/epuck1/cmd_vel,43.290653941,0.0,0.0
/epuck1/cmd_vel,43.371704141,0.0,0.0
/epuck1/cmd_vel,43.412855741,0.0,0.0
/epuck1/cmd_vel,43.471817841,0.0,0.0
/epuck1/cmd_vel,43.506067341,0.0,0.0
/epuck1/cmd_vel,43.564095241,0.0,0.0
/epuck1/cmd_vel,43.604780441,0.0,0.0
/epuck1/cmd_vel,43.688348741,0.0,0.0
/epuck1/cmd_vel,43.726678941,0.0,0.0
/epuck1/cmd_vel,43.781438141,0.0,0.0
/epuck1/cmd_vel,43.816787141,0.0,0.0
/epuck1/cmd_vel,43.878056241,0.0,0.0
/epuck1/cmd_vel,43.937103641,0.0,0.0
/epuck1/cmd_vel,43.994556141,0.0,0.0
/epuck1/cmd_vel,44.029436141,0.0,0.0
/epuck1/cmd_vel,44.085416041,0.0,0.0
/epuck1/cmd_vel,44.125531041,0.0,0.0
/epuck1/cmd_vel,44.213388241,0.0,0.0
/epuck1/cmd_vel,44.254634441,0.0,0.0
/epuck1/cmd_vel,44.310381841,0.0,0.0
/epuck1/cmd_vel,44.347917641,0.0,0.0
/epuck1/cmd_vel,44.430041441,0.0,0.0
/epuck1/cmd_vel,44.467752041,0.0,0.0
/epuck1/cmd_vel,44.524236041,0.0,0.0
/epuck1/cmd_vel,44.562897941,0.0,0.0
/epuck1/cmd_vel,44.618707341,0.0,0.0
/epuck1/cmd_vel,44.678522441,0.0,0.0
/epuck1/cmd_vel,44.738544341,0.0,0.0
/epuck1/cmd_vel,44.777346341,0.0,0.0
/epuck1/cmd_vel,44.831717541,0.0,0.0
/epuck1/cmd_vel,44.868819441,0.0,0.0
/epuck1/cmd_vel,44.947278541,0.0,0.0
/epuck1/cmd_vel,44.988559241,0.0,0.0
/epuck1/cmd_vel,45.042891441,0.0,0.0
/epuck1/cmd_vel,45.078673841,0.0,0.0
/epuck1/cmd_vel,45.139465796,0.0,0.0
/epuck1/cmd_vel,45.193445492,0.0,0.0
/epuck1/cmd_vel,45.251473897,0.0,0.0
/epuck1/cmd_vel,45.284863214,0.0,0.0
/epuck1/cmd_vel,45.340360636,0.0,0.0
/epuck1/cmd_vel,45.379958748,0.0,0.0
/epuck1/cmd_vel,45.453936229,0.0,0.0
/epuck1/cmd_vel,45.491046605,0.0,0.0
/epuck1/cmd_vel,45.544892056,0.0,0.0
/epuck1/cmd_vel,45.581674012,0.0,0.0
/epuck1/cmd_vel,45.654038069,0.0,0.0
/epuck1/cmd_vel,45.693574717,0.0,0.0
/epuck1/cmd_vel,45.746934396,0.0,0.0
/epuck1/cmd_vel,45.781980287,0.0,0.0
/epuck1/cmd_vel,45.837301561,0.0,0.0
/epuck1/cmd_vel,45.892000805,0.0,0.0
/epuck1/cmd_vel,45.951713688,0.0,0.0
/epuck1/cmd_vel,45.985544668,0.0,0.0
/epuck1/cmd_vel,46.037387483,0.0,0.0
/epuck1/cmd_vel,46.075093903,0.0,0.0
/epuck1/cmd_vel,46.148355574,0.0,0.0
/epuck1/cmd_vel,46.186099295,0.0,0.0
/epuck1/cmd_vel,46.238891888,0.0,0.0
/epuck1/cmd_vel,46.273327063,0.0,0.0
/epuck1/cmd_vel,46.331316633,0.0,0.0
/epuck1/cmd_vel,46.38260617,0.0,0.0
/epuck1/cmd_vel,46.453027522,0.0,0.0
/epuck1/cmd_vel,46.488194137,0.0,0.0
/epuck1/cmd_vel,46.541273053,0.0,0.0
/epuck1/cmd_vel,46.577512471,0.0,0.0
/epuck1/cmd_vel,46.635922993,0.0,0.0
/epuck1/cmd_vel,46.696056443,0.0,0.0
/epuck1/cmd_vel,46.752799172,0.0,0.0
/epuck1/cmd_vel,46.787644368,0.0,0.0
/epuck1/cmd_vel,46.841133688,0.0,0.0
/epuck1/cmd_vel,46.877599116,0.0,0.0
/epuck1/cmd_vel,46.947768664,0.0,0.0
/epuck1/cmd_vel,46.997702718,0.0,0.0
/epuck1/cmd_vel,47.05652767,0.0,0.0
/epuck1/cmd_vel,47.089252766,0.0,0.0
/epuck1/cmd_vel,47.14317397,0.0,0.0
/epuck1/cmd_vel,47.183781598,0.0,0.0
/epuck1/cmd_vel,47.263133547,0.0,0.0
/epuck1/cmd_vel,47.301722622,0.0,0.0
/epuck1/cmd_vel,47.356351676,0.0,0.0
/epuck1/cmd_vel,47.38993325,0.0,0.0
/epuck1/cmd_vel,47.444556263,0.0,0.0
/epuck1/cmd_vel,47.486644701,0.0,0.0
/epuck1/cmd_vel,47.56508235,0.0,0.0
/epuck1/cmd_vel,47.603679192,0.0,0.0
/epuck1/cmd_vel,47.654892018,0.0,0.0
/epuck1/cmd_vel,47.690371422,0.0,0.0
/epuck1/cmd_vel,47.748505593,0.0,0.0
/epuck1/cmd_vel,47.802672846,0.0,0.0
/epuck1/cmd_vel,47.860339847,0.0,0.0
/epuck1/cmd_vel,47.893922763,0.0,0.0
/epuck1/cmd_vel,47.948195782,0.0,0.0
/epuck1/cmd_vel,47.987385888,0.0,0.0
/epuck1/cmd_vel,48.058508761,0.0,0.0
/epuck1/cmd_vel,48.096552805,0.0,0.0
/epuck1/cmd_vel,48.14698433,0.0,0.0
/epuck1/cmd_vel,48.18224271,0.0,0.0
/epuck1/cmd_vel,48.261329238,0.0,0.0
/epuck1/cmd_vel,48.300289595,0.0,0.0
/epuck1/cmd_vel,48.355080988,0.0,0.0
/epuck1/cmd_vel,48.38858518,0.0,0.0
/epuck1/cmd_vel,48.445196542,0.0,0.0
/epuck1/cmd_vel,48.499338001,0.0,0.0
/epuck1/cmd_vel,48.556358424,0.0,0.0
/epuck1/cmd_vel,48.592278053,0.0,0.0
/epuck1/cmd_vel,48.645939589,0.0,0.0
/epuck1/cmd_vel,48.683741227,0.0,0.0
/epuck1/cmd_vel,48.755113698,0.0,0.0
/epuck1/cmd_vel,48.795113776,0.0,0.0
/epuck1/cmd_vel,48.849321303,0.0,0.0
/epuck1/cmd_vel,48.885723348,0.0,0.0
/epuck1/cmd_vel,48.941476314,0.0,0.0
/epuck1/cmd_vel,48.995290122,0.0,0.0
/epuck1/cmd_vel,49.053115243,0.0,0.0
/epuck1/cmd_vel,49.087260451,0.0,0.0
/epuck1/cmd_vel,49.140733182,0.0,0.0
/epuck1/cmd_vel,49.178919621,0.0,0.0
/epuck1/cmd_vel,49.261654331,0.0,0.0
/epuck1/cmd_vel,49.300642208,0.0,0.0
/epuck1/cmd_vel,49.356970218,0.0,0.0
/epuck1/cmd_vel,49.390572984,0.0,0.0
/epuck1/cmd_vel,49.447949633,0.0,0.0
/epuck1/cmd_vel,49.501003714,0.0,0.0
/epuck1/cmd_vel,49.556213662,0.0,0.0
/epuck1/cmd_vel,49.592001348,0.0,0.0
/epuck1/cmd_vel,49.643085683,0.0,0.0
/epuck1/cmd_vel,49.682888422,0.0,0.0
/epuck1/cmd_vel,49.754614244,0.0,0.0
/epuck1/cmd_vel,49.804839992,0.0,0.0
/epuck1/cmd_vel,49.857604777,0.0,0.0
/epuck1/cmd_vel,49.893426695,0.0,0.0
/epuck1/cmd_vel,49.946592871,0.0,0.0
/epuck1/cmd_vel,49.986621907,0.0,0.0
/epuck1/cmd_vel,50.064631605,0.0,0.0
/epuck1/cmd_vel,50.102868864,0.0,0.0
/epuck1/cmd_vel,50.158709472,0.0,0.0
/epuck1/cmd_vel,50.19229843,0.0,0.0
/epuck1/cmd_vel,50.247567061,0.0,0.0
/epuck1/cmd_vel,50.288132691,0.0,0.0
/epuck1/cmd_vel,50.371607432,0.0,0.0
/epuck1/cmd_vel,50.412020332,0.0,0.0
/epuck1/cmd_vel,50.466319332,0.0,0.0
/epuck1/cmd_vel,50.501259432,0.0,0.0
/epuck1/cmd_vel,50.563005932,0.0,0.0
/epuck1/cmd_vel,50.618455832,0.0,0.0
/epuck1/cmd_vel,50.675323432,0.0,0.0
/epuck1/cmd_vel,50.711801532,0.0,0.0
/epuck1/cmd_vel,50.767871432,0.0,0.0
/epuck1/cmd_vel,50.808226132,0.0,0.0
/epuck1/cmd_vel,50.886389132,0.0,0.0
/epuck1/cmd_vel,50.923871632,0.0,0.0
/epuck1/cmd_vel,50.980135932,0.0,0.0
/epuck1/cmd_vel,51.018128232,0.0,0.0
/epuck1/cmd_vel,51.096105132,0.0,0.0
/epuck1/cmd_vel,51.137202632,0.0,0.0
/epuck1/cmd_vel,51.194212732,0.0,0.0
/epuck1/cmd_vel,51.228909032,0.0,0.0
/epuck1/cmd_vel,51.287512432,0.0,0.0
/epuck1/cmd_vel,51.342432832,0.0,0.0
/epuck1/cmd_vel,51.402378632,0.0,0.0
/epuck1/cmd_vel,51.440419232,0.0,0.0
/epuck1/cmd_vel,51.494055032,0.0,0.0
/epuck1/cmd_vel,51.535469332,0.0,0.0
/epuck1/cmd_vel,51.612399632,0.0,0.0
/epuck1/cmd_vel,51.651555232,0.0,0.0
/epuck1/cmd_vel,51.707233932,0.0,0.0
/epuck1/cmd_vel,51.743238332,0.0,0.0
/epuck1/cmd_vel,51.803536632,0.0,0.0
/epuck1/cmd_vel,51.854220632,0.0,0.0
/epuck1/cmd_vel,51.927105132,0.0,0.0
/epuck1/cmd_vel,51.965134232,0.0,0.0
/epuck1/cmd_vel,52.017193532,0.0,0.0
/epuck1/cmd_vel,52.056229032,0.0,0.0
/epuck1/cmd_vel,52.118074032,0.0,0.0
/epuck1/cmd_vel,52.181129032,0.0,0.0
/epuck1/cmd_vel,52.238828032,0.0,0.0
/epuck1/cmd_vel,52.299828832,0.0,0.0
/epuck1/cmd_vel,52.335800032,0.0,0.0
/epuck1/cmd_vel,52.375329832,0.0,0.0
/epuck1/cmd_vel,52.444941932,0.0,0.0
/epuck1/cmd_vel,52.499604832,0.0,0.0
/epuck1/cmd_vel,52.556287332,0.0,0.0
/epuck1/cmd_vel,52.591346532,0.0,0.0
/epuck1/cmd_vel,52.649798532,0.0,0.0
/epuck1/cmd_vel,52.691351832,0.0,0.0
/epuck1/cmd_vel,52.772143932,0.0,0.0
/epuck1/cmd_vel,52.833954232,0.0,0.0
/epuck1/cmd_vel,52.870232432,0.0,0.0
/epuck1/cmd_vel,52.907508932,0.0,0.0
/epuck1/cmd_vel,52.963856232,0.0,0.0
/epuck1/cmd_vel,53.008180732,0.0,0.0
/epuck1/cmd_vel,53.090762833,0.0,0.0
/epuck1/cmd_vel,53.129864733,0.0,0.0
/epuck1/cmd_vel,53.184529856,0.0,0.0
/epuck1/cmd_vel,53.221111152,0.0,0.0
/epuck1/cmd_vel,53.277580499,0.0,0.0
/epuck1/cmd_vel,53.346239919,0.0,0.0
/epuck1/cmd_vel,53.383722136,0.0,0.0
/epuck1/cmd_vel,53.417404061,0.0,0.0
/epuck1/cmd_vel,53.471156705,0.0,0.0
/epuck1/cmd_vel,53.510508559,0.0,0.0
/epuck1/cmd_vel,53.58121083,0.0,0.0
/epuck1/cmd_vel,53.619159214,0.0,0.0
/epuck1/cmd_vel,53.669648778,0.0,0.0
/epuck1/cmd_vel,53.706119022,0.0,0.0
/epuck1/cmd_vel,53.78016019,0.0,0.0
/epuck1/cmd_vel,53.838420589,0.0,0.0
/epuck1/cmd_vel,53.872462692,0.0,0.0
/epuck1/cmd_vel,53.907385185,0.0,0.0
/epuck1/cmd_vel,53.963015774,0.0,0.0
/epuck1/cmd_vel,54.017424223,0.0,0.0
/epuck1/cmd_vel,54.076852238,0.0,0.0
/epuck1/cmd_vel,54.109029573,0.0,0.0
/epuck1/cmd_vel,54.159842552,0.0,0.0
/epuck1/cmd_vel,54.197357425,0.0,0.0
/epuck1/cmd_vel,54.267693789,0.0,0.0
/epuck1/cmd_vel,54.334335472,0.0,0.0
/epuck1/cmd_vel,54.369771591,0.0,0.0
/epuck1/cmd_vel,54.405479084,0.0,0.0
/epuck1/cmd_vel,54.460013958,0.0,0.0
/epuck1/cmd_vel,54.498378953,0.0,0.0
/epuck1/cmd_vel,54.5721857,0.0,0.0
/epuck1/cmd_vel,54.6090864,0.0,0.0
/epuck1/cmd_vel,54.659383844,0.0,0.0
/epuck1/cmd_vel,54.697911071,0.0,0.0
/epuck1/cmd_vel,54.770301458,0.0,0.0
/epuck1/cmd_vel,54.829089232,0.0,0.0
/epuck1/cmd_vel,54.863128661,0.0,0.0
/epuck1/cmd_vel,54.897863618,0.0,0.0
/epuck1/cmd_vel,54.955494279,0.0,0.0
/epuck1/cmd_vel,55.009396265,0.0,0.0
/epuck1/cmd_vel,55.066330252,0.0,0.0
/epuck1/cmd_vel,55.100928759,0.0,0.0
/epuck1/cmd_vel,55.155708175,0.0,0.0
/epuck1/cmd_vel,55.193315766,0.0,0.0
/epuck1/cmd_vel,55.266095932,0.0,0.0
/epuck1/cmd_vel,55.32127649,0.0,0.0
/epuck1/cmd_vel,55.355834605,0.0,0.0
/epuck1/cmd_vel,55.389912802,0.0,0.0
/epuck1/cmd_vel,55.448300294,0.0,0.0
/epuck1/cmd_vel,55.503076559,0.0,0.0
/epuck1/cmd_vel,55.560482539,0.0,0.0
/epuck1/cmd_vel,55.59447919,0.0,0.0
/epuck1/cmd_vel,55.646550116,0.0,0.0
/epuck1/cmd_vel,55.686170097,0.0,0.0
/epuck1/cmd_vel,55.758897267,0.0,0.0
/epuck1/cmd_vel,55.812731744,0.0,0.0
/epuck1/cmd_vel,55.848938253,0.0,0.0
/epuck1/cmd_vel,55.885762181,0.0,0.0
/epuck1/cmd_vel,55.940906167,0.0,0.0
/epuck1/cmd_vel,55.99914871,0.0,0.0
/epuck1/cmd_vel,56.056087376,0.0,0.0
/epuck1/cmd_vel,56.091000512,0.0,0.0
/epuck1/cmd_vel,56.143699074,0.0,0.0
/epuck1/cmd_vel,56.182917055,0.0,0.0
/epuck1/cmd_vel,56.263281569,0.0,0.0
/epuck1/cmd_vel,56.332800946,0.0,0.0
/epuck1/cmd_vel,56.369018531,0.0,0.0
/epuck1/cmd_vel,56.40305987,0.0,0.0
/epuck1/cmd_vel,56.460411518,0.0,0.0
/epuck1/cmd_vel,56.497697031,0.0,0.0
/epuck1/cmd_vel,56.571614257,0.0,0.0
/epuck1/cmd_vel,56.606090922,0.0,0.0
/epuck1/cmd_vel,56.659521201,0.0,0.0
/epuck1/cmd_vel,56.694177191,0.0,0.0
/epuck1/cmd_vel,56.769142101,0.0,0.0
/epuck1/cmd_vel,56.810741816,0.0,0.0
/epuck1/cmd_vel,56.863241479,0.0,0.0
/epuck1/cmd_vel,56.898495886,0.0,0.0
/epuck1/cmd_vel,56.952073215,0.0,0.0
/epuck1/cmd_vel,57.006609044,0.0,0.0
/epuck1/cmd_vel,57.06237532,0.0,0.0
/epuck1/cmd_vel,57.09796546,0.0,0.0
/epuck1/cmd_vel,57.151385235,0.0,0.0
/epuck1/cmd_vel,57.188007209,0.0,0.0
/epuck1/cmd_vel,57.266805926,0.0,0.0
/epuck1/cmd_vel,57.305323891,0.0,0.0
/epuck1/cmd_vel,57.35612541,0.0,0.0
/epuck1/cmd_vel,57.391485999,0.0,0.0
/epuck1/cmd_vel,57.448776631,0.0,0.0
/epuck1/cmd_vel,57.502158307,0.0,0.0
/epuck1/cmd_vel,57.555802478,0.0,0.0
/epuck1/cmd_vel,57.589657903,0.0,0.0
/epuck1/cmd_vel,57.643060396,0.0,0.0
/epuck1/cmd_vel,57.682193966,0.0,0.0
/epuck1/cmd_vel,57.75646354,0.0,0.0
/epuck2/cmd_vel,3.6664933,0.0,0.0
/epuck2/cmd_vel,3.7048317,0.0,0.0
/epuck2/cmd_vel,3.7607016,0.0,0.0
/epuck2/cmd_vel,3.795878,0.0,0.0
/epuck2/cmd_vel,3.8573207,0.0,0.0
/epuck2/cmd_vel,3.9145499,0.0,0.0
/epuck2/cmd_vel,3.9724744,0.0,0.0
/epuck2/cmd_vel,4.0106163,0.0,0.0
/epuck2/cmd_vel,4.0655841,0.0,0.0
/epuck2/cmd_vel,4.1068886,0.0,0.0
/epuck2/cmd_vel,4.1836789,0.0,0.0
/epuck2/cmd_vel,4.2203639,0.0,0.0
/epuck2/cmd_vel,4.2766725,0.0,0.0
/epuck2/cmd_vel,4.313727,0.0,0.0
/epuck2/cmd_vel,4.3747534,0.0,0.0
/epuck2/cmd_vel,4.4373377,0.0,0.0
/epuck2/cmd_vel,4.4980121,0.0,0.0
/epuck2/cmd_vel,4.5355099,0.0,0.0
/epuck2/cmd_vel,4.5885093,0.0,0.0
/epuck2/cmd_vel,4.628616641,0.0,0.0
/epuck2/cmd_vel,4.693589424,0.0,0.0
/epuck2/cmd_vel,4.740562449,0.0,0.0
/epuck2/cmd_vel,4.794308083,0.0,0.0
/epuck2/cmd_vel,4.82803885,0.0,0.0
/epuck2/cmd_vel,4.879730141,0.0,0.0
/epuck2/cmd_vel,4.9174386,0.0,0.0
/epuck2/cmd_vel,4.992552741,0.0,0.0
/epuck2/cmd_vel,5.030402825,0.0,0.0
/epuck2/cmd_vel,5.081793266,0.0,0.0
/epuck2/cmd_vel,5.115210441,0.0,0.0
/epuck2/cmd_vel,5.170178358,0.0,0.0
/epuck2/cmd_vel,5.219344508,0.0,0.0
/epuck2/cmd_vel,5.271840175,0.0,0.0
/epuck2/cmd_vel,5.308747466,0.0,0.0
/epuck2/cmd_vel,5.357858616,0.0,0.0
/epuck2/cmd_vel,5.393080158,0.0,0.0
/epuck2/cmd_vel,5.463400775,0.0,0.0
/epuck2/cmd_vel,5.500089625,0.0,0.0
/epuck2/cmd_vel,5.550707408,0.0,0.0
/epuck2/cmd_vel,5.582964908,0.0,0.0
/epuck2/cmd_vel,5.641463916,0.0,0.0
/epuck2/cmd_vel,5.691804041,0.0,0.0
/epuck2/cmd_vel,5.745738783,0.0,0.0
/epuck2/cmd_vel,5.779452408,0.0,0.0
/epuck2/cmd_vel,5.8304452,0.0,0.0
/epuck2/cmd_vel,5.868201508,0.0,0.0
/epuck2/cmd_vel,5.939082666,0.0,0.0
/epuck2/cmd_vel,5.973065975,0.0,0.0
/epuck2/cmd_vel,6.022863433,0.0,0.0
/epuck2/cmd_vel,6.058615633,0.0,0.0
/epuck2/cmd_vel,6.129029383,0.0,0.0
/epuck2/cmd_vel,6.168558891,0.0,0.0
/epuck2/cmd_vel,6.220588158,0.0,0.0
/epuck2/cmd_vel,6.251566633,0.0,0.0
/epuck2/cmd_vel,6.308542325,0.0,0.0
/epuck2/cmd_vel,6.35802005,0.0,0.0
/epuck2/cmd_vel,6.411671266,0.0,0.0
/epuck2/cmd_vel,6.444366933,0.0,0.0
/epuck2/cmd_vel,6.494366516,0.0,0.0
/epuck2/cmd_vel,6.531445775,0.0,0.0
/epuck2/cmd_vel,6.601747691,0.0,0.0
/epuck2/cmd_vel,6.651354666,0.0,0.0
/epuck2/cmd_vel,6.7048506,0.0,0.0
/epuck2/cmd_vel,6.738478975,0.0,0.0
/epuck2/cmd_vel,6.790798183,0.0,0.0
/epuck2/cmd_vel,6.827061516,0.0,0.0
/epuck2/cmd_vel,6.89923875,0.0,0.0
/epuck2/cmd_vel,6.93353565,0.0,0.0
/epuck2/cmd_vel,6.983970375,0.0,0.0
/epuck2/cmd_vel,7.018536041,0.0,0.0
/epuck2/cmd_vel,7.094627075,0.0,0.0
/epuck2/cmd_vel,7.132273291,0.0,0.0
/epuck2/cmd_vel,7.184884458,0.0,0.0
/epuck2/cmd_vel,7.2189455,0.0,0.0
/epuck2/cmd_vel,7.272273133,0.0,0.0
/epuck2/cmd_vel,7.323450908,0.0,0.0
/epuck2/cmd_vel,7.378560908,0.0,0.0
/epuck2/cmd_vel,7.411176458,0.0,0.0
/epuck2/cmd_vel,7.461141666,0.0,0.0
/epuck2/cmd_vel,7.4978087,0.0,0.0
/epuck2/cmd_vel,7.572765541,0.0,0.0
/epuck2/cmd_vel,7.611724516,0.0,0.0
/epuck2/cmd_vel,7.65968305,0.0,0.0
/epuck2/cmd_vel,7.6946416,0.0,0.0
/epuck2/cmd_vel,7.7518229,0.0,0.0
/epuck2/cmd_vel,7.801826975,0.0,0.0
/epuck2/cmd_vel,7.854954591,0.0,0.0
/epuck2/cmd_vel,7.887120883,0.0,0.0
/epuck2/cmd_vel,7.940895116,0.0,0.0
/epuck2/cmd_vel,7.976806874,0.0,0.0
/epuck2/cmd_vel,8.049915867,0.0,0.0
/epuck2/cmd_vel,8.08509057,0.0,0.0
/epuck2/cmd_vel,8.135852946,0.0,0.0
/epuck2/cmd_vel,8.172883624,0.0,0.0
/epuck2/cmd_vel,8.245822552,0.0036380227500000476,-8.742278012618954e-08
/epuck2/cmd_vel,8.284090358,0.005542805850000221,-8.742278012618954e-08
/epuck2/cmd_vel,8.337456238,0.00821117545000014,-8.742278012618954e-08
/epuck2/cmd_vel,8.371479791,0.00988979590000021,-8.742278012618954e-08
/epuck2/cmd_vel,8.427252939,0.012706202200000051,-8.742278012618954e-08
/epuck2/cmd_vel,8.482688981,0.015395853549999929,-8.742278012618954e-08
/epuck2/cmd_vel,8.537125892,0.018214834449999984,-8.742278012618954e-08
/epuck2/cmd_vel,8.573749076,0.01998261140000004,-8.742278012618954e-08
/epuck2/cmd_vel,8.623182773,0.02250810760000022,-8.742278012618954e-08
/epuck2/cmd_vel,8.659377015,0.024324149950000165,-8.742278012618954e-08
/epuck2/cmd_vel,8.731875948,0.025,-8.742278012618954e-08
/epuck2/cmd_vel,8.779645277,0.025,-8.742278012618954e-08
/epuck2/cmd_vel,8.833766528,0.025,-8.742278012618954e-08
/epuck2/cmd_vel,8.86744485,0.025,-8.742278012618954e-08
/epuck2/cmd_vel,8.920884708,0.025,-8.742278012618954e-08
/epuck2/cmd_vel,8.960516056,0.025,-8.742278012618954e-08
/epuck2/cmd_vel,9.038408302,0.025,-8.742278012618954e-08
/epuck2/cmd_vel,9.078187206,0.025,-8.742278012618954e-08
/epuck2/cmd_vel,9.131749665,0.025,-8.742278012618954e-08
/epuck2/cmd_vel,9.163437168,0.025,-8.742278012618954e-08
/epuck2/cmd_vel,9.220090156,0.025,-8.742278012618954e-08
/epuck2/cmd_vel,9.256726949,0.025,-8.742278012618954e-08
/epuck2/cmd_vel,9.334747634,0.025,-8.742278012618954e-08
/epuck2/cmd_vel,9.372719078,0.025,-8.742278012618954e-08
/epuck2/cmd_vel,9.42377536,0.025,-8.742278012618954e-08
/epuck2/cmd_vel,9.45896897,0.025,-8.742278012618954e-08
/epuck2/cmd_vel,9.516854104,0.025,-8.742278012618954e-08
/epuck2/cmd_vel,9.566270286,0.025,-8.742278012618954e-08
/epuck2/cmd_vel,9.633540057,0.025,-8.742278012618954e-08
/epuck2/cmd_vel,9.667350727,0.025,-8.742278012618954e-08
/epuck2/cmd_vel,9.71916691,0.025,-8.742278012618954e-08
/epuck2/cmd_vel,9.754565721,0.025,-8.742278012618954e-08
/epuck2/cmd_vel,9.815436148,0.025,-8.742278012618954e-08
/epuck2/cmd_vel,9.879183262,0.025,-8.742278012618954e-08
/epuck2/cmd_vel,9.941775374,0.025,-8.742278012618954e-08
/epuck2/cmd_vel,9.979377601,0.025,-8.742278012618954e-08
/epuck2/cmd_vel,10.034520955,0.025,-8.742278012618954e-08
/epuck2/cmd_vel,10.072225468,0.025,-8.742278012618954e-08
/epuck2/cmd_vel,10.1527645,0.025,-8.742278012618954e-08
/epuck2/cmd_vel,10.193254467,0.025,-8.742278012618954e-08
/epuck2/cmd_vel,10.248704695,0.025,-8.742278012618954e-08
/epuck2/cmd_vel,10.286441488,0.025,-8.742278012618954e-08
/epuck2/cmd_vel,10.347532498,0.025,-8.742278012618954e-08
/epuck2/cmd_vel,10.403898032,0.025,-8.742278012618954e-08
/epuck2/cmd_vel,10.462517816,0.025,-8.742278012618954e-08
/epuck2/cmd_vel,10.498561904,0.025,-8.742278012618954e-08
/epuck2/cmd_vel,10.555864505,0.025,-8.742278012618954e-08
/epuck2/cmd_vel,10.597626605,0.025,-8.742278012618954e-08
/epuck2/cmd_vel,10.674306536,0.025,-8.742278012618954e-08
/epuck2/cmd_vel,10.714147105,0.025,-8.742278012618954e-08
/epuck2/cmd_vel,10.76849733,0.025,-8.742278012618954e-08
/epuck2/cmd_vel,10.809892796,0.025,-8.742278012618954e-08
/epuck2/cmd_vel,10.871255634,0.025,-8.742278012618954e-08
/epuck2/cmd_vel,10.933661915,0.025,-8.742278012618954e-08
/epuck2/cmd_vel,10.995309213,0.025,-8.742278012618954e-08
/epuck2/cmd_vel,11.033441214,0.025,-8.742278012618954e-08
/epuck2/cmd_vel,11.088240894,0.025,-8.742278012618954e-08
/epuck2/cmd_vel,11.128958942,0.025,-8.742278012618954e-08
/epuck2/cmd_vel,11.205962121,0.025,-8.742278012618954e-08
/epuck2/cmd_vel,11.255181049,0.025,-8.742278012618954e-08
/epuck2/cmd_vel,11.316047167,0.025,-8.742278012618954e-08
/epuck2/cmd_vel,11.350988945,0.025,-8.742278012618954e-08
/epuck2/cmd_vel,11.410007582,0.025,-8.742278012618954e-08
/epuck2/cmd_vel,11.450581361,0.025,-8.742278012618954e-08
/epuck2/cmd_vel,11.527550103,0.025,-8.742278012618954e-08
/epuck2/cmd_vel,11.566804878,0.025,-8.742278012618954e-08
/epuck2/cmd_vel,11.619720296,0.025,-8.742278012618954e-08
/epuck2/cmd_vel,11.658820206,0.025,-8.742278012618954e-08
/epuck2/cmd_vel,11.737678304,0.025,-8.742278012618954e-08
/epuck2/cmd_vel,11.780809906,0.025,-8.742278012618954e-08
/epuck2/cmd_vel,11.83649568,0.025,-8.742278012618954e-08
/epuck2/cmd_vel,11.87325957,0.025,-8.742278012618954e-08
/epuck2/cmd_vel,11.931895935,0.025,-8.742278012618954e-08
/epuck2/cmd_vel,11.991098437,0.025,-8.742278012618954e-08
/epuck2/cmd_vel,12.052286397,0.025,-8.742278012618954e-08
/epuck2/cmd_vel,12.091220457,0.025,-8.742278012618954e-08
/epuck2/cmd_vel,12.144673508,0.025,-8.742278012618954e-08
/epuck2/cmd_vel,12.186655321,0.025,-8.742278012618954e-08
/epuck2/cmd_vel,12.263226902,0.025,-8.742278012618954e-08
/epuck2/cmd_vel,12.303629694,0.025,-8.742278012618954e-08
/epuck2/cmd_vel,12.359820061,0.025,-8.742278012618954e-08
/epuck2/cmd_vel,12.397308057,0.025,-8.742278012618954e-08
/epuck2/cmd_vel,12.460169979,0.025,-8.742278012618954e-08
/epuck2/cmd_vel,12.519214357,0.025,-8.742278012618954e-08
/epuck2/cmd_vel,12.577132459,0.025,-8.742278012618954e-08
/epuck2/cmd_vel,12.615103187,0.025,-8.742278012618954e-08
/epuck2/cmd_vel,12.671112916,0.025,-8.742278012618954e-08
/epuck2/cmd_vel,12.712411676,0.025,-8.742278012618954e-08
/epuck2/cmd_vel,12.790662202,0.025,-8.742278012618954e-08
/epuck2/cmd_vel,12.82935331,0.025,-8.742278012618954e-08
/epuck2/cmd_vel,12.888413532,0.025,-8.742278012618954e-08
/epuck2/cmd_vel,12.922337902,0.025,-8.742278012618954e-08
/epuck2/cmd_vel,12.998844888,0.025,-8.742278012618954e-08
/epuck2/cmd_vel,13.040356149,0.025,-8.742278012618954e-08
/epuck2/cmd_vel,13.095535535,0.025,-8.742278012618954e-08
/epuck2/cmd_vel,13.131111602,0.025,-8.742278012618954e-08
/epuck2/cmd_vel,13.190113553,0.025,-8.742278012618954e-08
/epuck2/cmd_vel,13.230150822,0.025,-8.742278012618954e-08
/epuck2/cmd_vel,13.313124466,0.025,-8.742278012618954e-08
/epuck2/cmd_vel,13.353903056,0.025,-8.742278012618954e-08
/epuck2/cmd_vel,13.409468741,0.025,-8.742278012618954e-08
/epuck2/cmd_vel,13.445153226,0.025,-8.742278012618954e-08
/epuck2/cmd_vel,13.505758808,0.025,-8.742278012618954e-08
/epuck2/cmd_vel,13.561671369,0.025,-8.742278012618954e-08
/epuck2/cmd_vel,13.621015268,0.025,-8.742278012618954e-08
/epuck2/cmd_vel,13.655634084,0.025,-8.742278012618954e-08
/epuck2/cmd_vel,13.713307571,0.025,-8.742278012618954e-08
/epuck2/cmd_vel,13.752993439,0.025,-8.742278012618954e-08
/epuck2/cmd_vel,13.831096953,0.025,-8.742278012618954e-08
/epuck2/cmd_vel,13.866747947,0.025,-8.742278012618954e-08
/epuck2/cmd_vel,13.923289791,0.025,-8.742278012618954e-08
/epuck2/cmd_vel,13.961486278,0.025,-8.742278012618954e-08
/epuck2/cmd_vel,14.038590523,0.025,-8.742278012618954e-08
/epuck2/cmd_vel,14.079960863,0.025,-8.742278012618954e-08
/epuck2/cmd_vel,14.13673539,0.025,-8.742278012618954e-08
/epuck2/cmd_vel,14.17197076,0.025,-8.742278012618954e-08
/epuck2/cmd_vel,14.230287412,0.025,-8.742278012618954e-08
/epuck2/cmd_vel,14.289829953,0.025,-8.742278012618954e-08
/epuck2/cmd_vel,14.34959898,0.025,-8.742278012618954e-08
/epuck2/cmd_vel,14.387951228,0.025,-8.742278012618954e-08
/epuck2/cmd_vel,14.443121989,0.025,-8.742278012618954e-08
/epuck2/cmd_vel,14.480741875,0.025,-8.742278012618954e-08
/epuck2/cmd_vel,14.552768595,0.025,-8.742278012618954e-08
/epuck2/cmd_vel,14.60524804,0.025,-8.742278012618954e-08
/epuck2/cmd_vel,14.661976687,0.025,-8.742278012618954e-08
/epuck2/cmd_vel,14.696287947,0.025,-8.742278012618954e-08
/epuck2/cmd_vel,14.753800457,0.025,-8.742278012618954e-08
/epuck2/cmd_vel,14.793331109,0.025,-8.742278012618954e-08
/epuck2/cmd_vel,14.871578433,0.025,-8.742278012618954e-08
/epuck2/cmd_vel,14.909573486,0.025,-8.742278012618954e-08
/epuck2/cmd_vel,14.967580436,0.025,-8.742278012618954e-08
/epuck2/cmd_vel,15.00533773,0.025,-8.742278012618954e-08
/epuck2/cmd_vel,15.084676662,0.025,-8.742278012618954e-08
/epuck2/cmd_vel,15.121837561,0.025,-8.742278012618954e-08
/epuck2/cmd_vel,15.180269803,0.025,-8.742278012618954e-08
/epuck2/cmd_vel,15.215865943,0.025,-8.742278012618954e-08
/epuck2/cmd_vel,15.275534777,0.025,-8.742278012618954e-08
/epuck2/cmd_vel,15.32067684,0.025,-8.742278012618954e-08
/epuck2/cmd_vel,15.401864294,0.025,-8.742278012618954e-08
/epuck2/cmd_vel,15.441382706,0.025,-8.742278012618954e-08
/epuck2/cmd_vel,15.495252579,0.025,-8.742278012618954e-08
/epuck2/cmd_vel,15.533757722,0.025,-8.742278012618954e-08
/epuck2/cmd_vel,15.595278085,0.025,-8.742278012618954e-08
/epuck2/cmd_vel,15.651313021,0.025,-8.742278012618954e-08
/epuck2/cmd_vel,15.709465208,0.025,-8.742278012618954e-08
/epuck2/cmd_vel,15.744762149,0.025,-8.742278012618954e-08
/epuck2/cmd_vel,15.803276082,0.019049414800000622,-0.17851764342276155
/epuck2/cmd_vel,15.843185308,0.015248516500000166,-0.2925445924227752
/epuck2/cmd_vel,15.919748949,0.007392425300000128,-0.5282273284227763
/epuck2/cmd_vel,15.957351983,0.006,-0.6406840024227769
/epuck2/cmd_vel,16.012193262,0.006,-0.65
/epuck2/cmd_vel,16.050446354,0.006,-0.65
/epuck2/cmd_vel,16.12949058,0.006,-0.65
/epuck2/cmd_vel,16.169688743,0.006,-0.65
/epuck2/cmd_vel,16.225399726,0.006,-0.65
/epuck2/cmd_vel,16.260221518,0.006,-0.65
/epuck2/cmd_vel,16.318978831,0.006,-0.65
/epuck2/cmd_vel,16.381441808,0.006,-0.65
/epuck2/cmd_vel,16.440170594,0.006,-0.65
/epuck2/cmd_vel,16.47685848,0.006,-0.65
/epuck2/cmd_vel,16.531694622,0.006,-0.65
/epuck2/cmd_vel,16.570981508,0.006,-0.65
/epuck2/cmd_vel,16.650298296,0.009959438250000247,-0.3332449399999803
/epuck2/cmd_vel,16.691608428,0.01198878505000009,-0.17089719599999287
/epuck2/cmd_vel,16.747496281,0.012,-0.027812647824261377
/epuck2/cmd_vel,16.783667971,0.012,0.07145011424544077
/epuck2/cmd_vel,16.844387872,0.012,0.07145011424544077
/epuck2/cmd_vel,16.894812371,0.012,0.08336126803877573
/epuck2/cmd_vel,16.955248298,0.012,0.08336126803877573
/epuck2/cmd_vel,16.99191626,0.012,0.08336126803877573
/epuck2/cmd_vel,17.045605659,0.012,0.06350905894758921
/epuck2/cmd_vel,17.087143445,0.012,0.06350905894758921
/epuck2/cmd_vel,17.165773111,0.012,0.05159747600081186
/epuck2/cmd_vel,17.205722487,0.012,0.05159747600081186
/epuck2/cmd_vel,17.258624779,0.012,0.03968589305403452
/epuck2/cmd_vel,17.297827939,0.012,0.03968589305403452
/epuck2/cmd_vel,17.375387168,0.012,0.03968589305403452
/epuck2/cmd_vel,17.415147292,0.012,0.027774310107257172
/epuck2/cmd_vel,17.472598665,0.012,0.027774310107257172
/epuck2/cmd_vel,17.507827502,0.012,0.015863156313922207
/epuck2/cmd_vel,17.565909421,0.012,0.015863156313922207
/epuck2/cmd_vel,17.620793325,0.012,0.015863156313922207
/epuck2/cmd_vel,17.681293449,0.012,0.01189262866499643
/epuck2/cmd_vel,17.717823466,0.012,0.01189262866499643
/epuck2/cmd_vel,17.771233633,0.012,0.01189262866499643
/epuck2/cmd_vel,17.81211708,0.012,0.01189262866499643
/epuck2/cmd_vel,17.884226649,0.012,0.007922101016070649
/epuck2/cmd_vel,17.935357177,0.012,0.007922101016070649
/epuck2/cmd_vel,17.993738754,0.012,0.007922101016070649
/epuck2/cmd_vel,18.030132759,0.012,0.007922101016070649
/epuck2/cmd_vel,18.085280789,0.012,0.003951573367144867
/epuck2/cmd_vel,18.125444843,0.012,0.003951573367144867
/epuck2/cmd_vel,18.202126303,0.012,-1.895428178091442e-05
/epuck2/cmd_vel,18.240007153,0.012,-1.8954281780914074e-05
/epuck2/cmd_vel,18.294523845,0.012,-1.8954281780914074e-05
/epuck2/cmd_vel,18.33177245,0.012,0.003951573367144867
/epuck2/cmd_vel,18.411214393,0.012,0.003951573367144867
/epuck2/cmd_vel,18.451506965,0.012,-1.895428178091442e-05
/epuck2/cmd_vel,18.508831791,0.012,-1.8954281780914074e-05
/epuck2/cmd_vel,18.544078788,0.012,0.003951573367144867
/epuck2/cmd_vel,18.603626347,0.012,0.003951573367144867
/epuck2/cmd_vel,18.660549118,0.012,0.003951573367144867
/epuck2/cmd_vel,18.720745646,0.012,-1.895428178091442e-05
/epuck2/cmd_vel,18.758250634,0.012,-1.8954281780914074e-05
/epuck2/cmd_vel,18.812278836,0.012,0.003951573367144867
/epuck2/cmd_vel,18.852612107,0.012,0.003951573367144867
/epuck2/cmd_vel,18.930826027,0.012,-1.895428178091442e-05
/epuck2/cmd_vel,18.991874809,0.012,-1.8954281780914074e-05
/epuck2/cmd_vel,19.026410562,0.012,-1.8954281780914074e-05
/epuck2/cmd_vel,19.064663437,0.012,0.003951573367144867
/epuck2/cmd_vel,19.122246409,0.012,0.003951573367144867
/epuck2/cmd_vel,19.175317647,0.012,-1.895428178091442e-05
/epuck2/cmd_vel,19.248714791,0.012,-1.8954281780914074e-05
/epuck2/cmd_vel,19.286431717,0.012,-1.8954281780914074e-05
/epuck2/cmd_vel,19.339553883,0.012,-1.8954281780914074e-05
/epuck2/cmd_vel,19.378918613,0.012,-1.8954281780914074e-05
/epuck2/cmd_vel,19.442112092,0.012,-1.8954281780914074e-05
/epuck2/cmd_vel,19.527905713,0.012,-1.8954281780914074e-05
/epuck2/cmd_vel,19.568246122,0.012,-1.8954281780914074e-05
/epuck2/cmd_vel,19.605403144,0.012,-1.8954281780914074e-05
/epuck2/cmd_vel,19.657578819,0.012,-1.8954281780914074e-05
/epuck2/cmd_vel,19.698914231,0.012,-1.8954281780914074e-05
/epuck2/cmd_vel,19.770655116,0.012,-1.8954281780914074e-05
/epuck2/cmd_vel,19.821530624,0.012,-1.8954281780914074e-05
/epuck2/cmd_vel,19.882660321,0.012,-1.8954281780914074e-05
/epuck2/cmd_vel,19.918313969,0.012,-1.8954281780914074e-05
/epuck2/cmd_vel,19.974051137,0.012,-1.8954281780914074e-05
/epuck2/cmd_vel,20.038662358,0.012,-1.8954281780914074e-05
/epuck2/cmd_vel,20.101629613,0.012,-1.8954281780914074e-05
/epuck2/cmd_vel,20.143509329,0.012,-1.8954281780914074e-05
/epuck2/cmd_vel,20.202485291,0.012,-1.8954281780914074e-05
/epuck2/cmd_vel,20.239691972,0.012,-1.8954281780914074e-05
/epuck2/cmd_vel,20.296094834,0.012,-1.8954281780914074e-05
/epuck2/cmd_vel,20.337963487,0.012,-1.8954281780914074e-05
/epuck2/cmd_vel,20.421933404,0.012,-1.8954281780914074e-05
/epuck2/cmd_vel,20.461775235,0.012,-1.8954281780914074e-05
/epuck2/cmd_vel,20.516744015,0.012,-1.8954281780914074e-05
/epuck2/cmd_vel,20.572382469,0.012,-1.8954281780914074e-05
/epuck2/cmd_vel,20.612645674,0.012,-1.8954281780914074e-05
/epuck2/cmd_vel,20.667208925,0.012,-1.8954281780914074e-05
/epuck2/cmd_vel,20.735268315,0.012,-1.8954281780914074e-05
/epuck2/cmd_vel,20.774082562,0.012,-1.8954281780914074e-05
/epuck2/cmd_vel,20.828196495,0.012,-1.8954281780914074e-05
/epuck2/cmd_vel,20.866075882,0.012,-1.8954281780914074e-05
/epuck2/cmd_vel,20.926708217,0.012,-1.8954281780914074e-05
/epuck2/cmd_vel,20.988132583,0.012,-1.8954281780914074e-05
/epuck2/cmd_vel,21.049400233,0.012,-1.8954281780914074e-05
/epuck2/cmd_vel,21.084903967,0.012,-1.8954281780914074e-05
/epuck2/cmd_vel,21.137036049,0.012,0.003951573367144867
/epuck2/cmd_vel,21.174679109,0.012,0.003951573367144867
/epuck2/cmd_vel,21.25330752,0.012,-1.895428178091442e-05
/epuck2/cmd_vel,21.292602852,0.012,-1.8954281780914074e-05
/epuck2/cmd_vel,21.346307266,0.012,-1.8954281780914074e-05
/epuck2/cmd_vel,21.383299634,0.012,-0.003989481930706695
/epuck2/cmd_vel,21.442356614,0.012,-0.003989481930706695
/epuck2/cmd_vel,21.496144921,0.012,-1.895428178091442e-05
/epuck2/cmd_vel,21.552773345,0.012,-1.8954281780914074e-05
/epuck2/cmd_vel,21.591210575,0.012,-1.8954281780914074e-05
/epuck2/cmd_vel,21.645572696,0.012,-1.8954281780914074e-05
/epuck2/cmd_vel,21.68461783,0.012,-1.8954281780914074e-05
/epuck2/cmd_vel,21.764774501,0.012,-1.8954281780914074e-05
/epuck2/cmd_vel,21.800931791,0.012,-1.8954281780914074e-05
/epuck2/cmd_vel,21.85569401,0.012,-1.8954281780914074e-05
/epuck2/cmd_vel,21.893060588,0.012,-1.8954281780914074e-05
/epuck2/cmd_vel,21.970631571,0.012,-1.8954281780914074e-05
/epuck2/cmd_vel,22.009449375,0.012,-1.8954281780914074e-05
/epuck2/cmd_vel,22.065587323,0.012,-1.8954281780914074e-05
/epuck2/cmd_vel,22.102217469,0.012,-1.8954281780914074e-05
/epuck2/cmd_vel,22.159390933,0.012,-1.8954281780914074e-05
/epuck2/cmd_vel,22.21472099,0.012,-1.8954281780914074e-05
/epuck2/cmd_vel,22.273133695,0.012,-1.8954281780914074e-05
/epuck2/cmd_vel,22.31053796,0.012,-1.8954281780914074e-05
/epuck2/cmd_vel,22.364789742,0.012,-1.8954281780914074e-05
/epuck2/cmd_vel,22.403213425,0.012,-1.8954281780914074e-05
/epuck2/cmd_vel,22.47378677,0.012,-1.8954281780914074e-05
/epuck2/cmd_vel,22.524682755,0.012,-1.8954281780914074e-05
/epuck2/cmd_vel,22.583364461,0.012,-1.8954281780914074e-05
/epuck2/cmd_vel,22.61789089,0.012,-1.8954281780914074e-05
/epuck2/cmd_vel,22.671468194,0.012,-1.8954281780914074e-05
/epuck2/cmd_vel,22.710755564,0.012,-1.8954281780914074e-05
/epuck2/cmd_vel,22.795619929,0.012,-1.8954281780914074e-05
/epuck2/cmd_vel,22.835156945,0.012,-1.8954281780914074e-05
/epuck2/cmd_vel,22.890424195,0.012,-1.8954281780914074e-05
/epuck2/cmd_vel,22.928567719,0.012,-1.8954281780914074e-05
/epuck2/cmd_vel,22.984802423,0.012,-1.8954281780914074e-05
/epuck2/cmd_vel,23.041058374,0.012,0.003951573367144867
/epuck2/cmd_vel,23.100320763,0.012,0.003951573367144867
/epuck2/cmd_vel,23.135106556,0.012,-1.895428178091442e-05
/epuck2/cmd_vel,23.189480338,0.012,-1.8954281780914074e-05
/epuck2/cmd_vel,23.23037277,0.012,-1.8954281780914074e-05
/epuck2/cmd_vel,23.301850214,0.012,-1.8954281780914074e-05
/epuck2/cmd_vel,23.340822872,0.012,-1.8954281780914074e-05
/epuck2/cmd_vel,23.395274132,0.012,-1.8954281780914074e-05
/epuck2/cmd_vel,23.432937858,0.012,-1.8954281780914074e-05
/epuck2/cmd_vel,23.491428331,0.012,-1.8954281780914074e-05
/epuck2/cmd_vel,23.546632162,0.012,-1.8954281780914074e-05
/epuck2/cmd_vel,23.602635643,0.012,-1.8954281780914074e-05
/epuck2/cmd_vel,23.63993024,0.012,-1.8954281780914074e-05
/epuck2/cmd_vel,23.696599143,0.012,-1.8954281780914074e-05
/epuck2/cmd_vel,23.734308369,0.012,-1.8954281780914074e-05
/epuck2/cmd_vel,23.809984522,0.012,-1.8954281780914074e-05
/epuck2/cmd_vel,23.848815845,0.012,-1.8954281780914074e-05
/epuck2/cmd_vel,23.900888385,0.012,-1.8954281780914074e-05
/epuck2/cmd_vel,23.93689675,0.012,-1.8954281780914074e-05
/epuck2/cmd_vel,24.004206808,0.012,-1.8954281780914074e-05
/epuck2/cmd_vel,24.04571676,0.012,-1.8954281780914074e-05
/epuck2/cmd_vel,24.100492933,0.012,-1.8954281780914074e-05
/epuck2/cmd_vel,24.136258271,0.012,-1.8954281780914074e-05
/epuck2/cmd_vel,24.195081974,0.012,-1.8954281780914074e-05
/epuck2/cmd_vel,24.252020566,0.012,-1.8954281780914074e-05
/epuck2/cmd_vel,24.312977882,0.012,-1.8954281780914074e-05
/epuck2/cmd_vel,24.347299173,0.012,-1.8954281780914074e-05
/epuck2/cmd_vel,24.40195519,0.012,-1.8954281780914074e-05
/epuck2/cmd_vel,24.442373772,0.012,-1.8954281780914074e-05
/epuck2/cmd_vel,24.517065208,0.012,-1.8954281780914074e-05
/epuck2/cmd_vel,24.555468558,0.012,-1.8954281780914074e-05
/epuck2/cmd_vel,24.609347406,0.012,-1.8954281780914074e-05
/epuck2/cmd_vel,24.644341987,0.012,-1.8954281780914074e-05
/epuck2/cmd_vel,24.704862775,0.012,-1.8954281780914074e-05
/epuck2/cmd_vel,24.755765042,0.012,-1.8954281780914074e-05
/epuck2/cmd_vel,24.827575786,0.012,-1.8954281780914074e-05
/epuck2/cmd_vel,24.86412717,0.012,-1.8954281780914074e-05
/epuck2/cmd_vel,24.917955904,0.012,-1.8954281780914074e-05
/epuck2/cmd_vel,24.955661992,0.012,-1.8954281780914074e-05
/epuck2/cmd_vel,25.018181705,0.012,-1.8954281780914074e-05
/epuck2/cmd_vel,25.080858739,0.012,-1.8954281780914074e-05
/epuck2/cmd_vel,25.14096701,0.012,-1.8954281780914074e-05
/epuck2/cmd_vel,25.177587713,0.012,-1.8954281780914074e-05
/epuck2/cmd_vel,25.232554218,0.012,-1.8954281780914074e-05
/epuck2/cmd_vel,25.270684328,0.012,-1.8954281780914074e-05
/epuck2/cmd_vel,25.346254834,0.012,-0.003989481930706695
/epuck2/cmd_vel,25.398281332,0.012,-1.895428178091442e-05
/epuck2/cmd_vel,25.455402196,0.012,-1.8954281780914074e-05
/epuck2/cmd_vel,25.491858665,0.012,-1.8954281780914074e-05
/epuck2/cmd_vel,25.54696489,0.012,0.003951573367144867
/epuck2/cmd_vel,25.588656231,0.012,0.003951573367144867
/epuck2/cmd_vel,25.66988798,0.012,-1.895428178091442e-05
/epuck2/cmd_vel,25.711126309,0.012,-1.8954281780914074e-05
/epuck2/cmd_vel,25.768910997,0.012,-1.8954281780914074e-05
/epuck2/cmd_vel,25.804909739,0.012,-1.8954281780914074e-05
/epuck2/cmd_vel,25.864001415,0.012,-1.8954281780914074e-05
/epuck2/cmd_vel,25.902806692,0.012,-1.8954281780914074e-05
/epuck2/cmd_vel,26.000361222,0.012,-1.8954281780914074e-05
/epuck2/cmd_vel,26.04196327,0.012,-1.8954281780914074e-05
/epuck2/cmd_vel,26.095799858,0.012,-1.8954281780914074e-05
/epuck2/cmd_vel,26.133508128,0.012,-1.8954281780914074e-05
/epuck2/cmd_vel,26.194959837,0.012,-1.8954281780914074e-05
/epuck2/cmd_vel,26.251537981,0.012,-1.8954281780914074e-05
/epuck2/cmd_vel,26.312559598,0.012,-1.8954281780914074e-05
/epuck2/cmd_vel,26.34627193,0.012,-1.8954281780914074e-05
/epuck2/cmd_vel,26.401074569,0.012,-1.8954281780914074e-05
/epuck2/cmd_vel,26.442280412,0.012,-1.8954281780914074e-05
/epuck2/cmd_vel,26.521469021,0.012,-1.8954281780914074e-05
/epuck2/cmd_vel,26.56018224,0.012,-1.8954281780914074e-05
/epuck2/cmd_vel,26.615151803,0.012,-1.8954281780914074e-05
/epuck2/cmd_vel,26.652667484,0.012,-1.8954281780914074e-05
/epuck2/cmd_vel,26.727266148,0.012,-1.8954281780914074e-05
/epuck2/cmd_vel,26.768610843,0.012,-1.8954281780914074e-05
/epuck2/cmd_vel,26.82582079,0.012,-1.8954281780914074e-05
/epuck2/cmd_vel,26.860653965,0.012,-1.8954281780914074e-05
/epuck2/cmd_vel,26.921381637,0.012,-1.8954281780914074e-05
/epuck2/cmd_vel,26.971661817,0.012,-1.8954281780914074e-05
/epuck2/cmd_vel,27.03238396,0.012,-1.8954281780914074e-05
/epuck2/cmd_vel,27.068936932,0.012,-1.8954281780914074e-05
/epuck2/cmd_vel,27.122973529,0.012,-1.8954281780914074e-05
/epuck2/cmd_vel,27.164994944,0.012,-1.8954281780914074e-05
/epuck2/cmd_vel,27.23748953,0.012,-1.8954281780914074e-05
/epuck2/cmd_vel,27.287807068,0.012,-1.8954281780914074e-05
/epuck2/cmd_vel,27.344381802,0.012,-1.8954281780914074e-05
/epuck2/cmd_vel,27.383262943,0.012,-1.8954281780914074e-05
/epuck2/cmd_vel,27.436782492,0.012,-1.8954281780914074e-05
/epuck2/cmd_vel,27.478683841,0.012,-1.8954281780914074e-05
/epuck2/cmd_vel,27.566017078,0.012,-1.8954281780914074e-05
/epuck2/cmd_vel,27.605811448,0.012,-1.8954281780914074e-05
/epuck2/cmd_vel,27.662531705,0.012,-1.8954281780914074e-05
/epuck2/cmd_vel,27.699624876,0.012,-1.8954281780914074e-05
/epuck2/cmd_vel,27.758047012,0.012,-1.8954281780914074e-05
/epuck2/cmd_vel,27.811955725,0.012,-1.8954281780914074e-05
/epuck2/cmd_vel,27.874545516,0.012,-1.8954281780914074e-05
/epuck2/cmd_vel,27.91102773,0.012,-1.8954281780914074e-05
/epuck2/cmd_vel,27.96642601,0.012,-1.8954281780914074e-05
/epuck2/cmd_vel,28.006180678,0.012,-1.8954281780914074e-05
/epuck2/cmd_vel,28.083679406,0.012,-1.8954281780914074e-05
/epuck2/cmd_vel,28.123099423,0.012,-1.8954281780914074e-05
/epuck2/cmd_vel,28.175643348,0.012,-1.8954281780914074e-05
/epuck2/cmd_vel,28.212171545,0.012,-1.8954281780914074e-05
/epuck2/cmd_vel,28.275648119,0.012,-1.8954281780914074e-05
/epuck2/cmd_vel,28.329073157,0.012,-0.003989481930706695
/epuck2/cmd_vel,28.39023904,0.012,-0.003989481930706695
/epuck2/cmd_vel,28.423157421,0.012,-0.003989481930706695
/epuck2/cmd_vel,28.479193935,0.012,-1.895428178091442e-05
/epuck2/cmd_vel,28.520652615,0.012,-1.8954281780914074e-05
/epuck2/cmd_vel,28.598924044,0.012,0.003951573367144867
/epuck2/cmd_vel,28.63765372,0.012,0.003951573367144867
/epuck2/cmd_vel,28.689762523,0.012,-1.895428178091442e-05
/epuck2/cmd_vel,28.728496488,0.012,-1.8954281780914074e-05
/epuck2/cmd_vel,28.806259576,0.012,-1.8954281780914074e-05
/epuck2/cmd_vel,28.846860802,0.012,-1.8954281780914074e-05
/epuck2/cmd_vel,28.902867896,0.012,-1.8954281780914074e-05
/epuck2/cmd_vel,28.935947335,0.012,-1.8954281780914074e-05
/epuck2/cmd_vel,28.996592922,0.012,-1.8954281780914074e-05
/epuck2/cmd_vel,29.053477452,0.012,-1.8954281780914074e-05
/epuck2/cmd_vel,29.111604511,0.012,-1.8954281780914074e-05
/epuck2/cmd_vel,29.148094882,0.012,-1.8954281780914074e-05
/epuck2/cmd_vel,29.200550973,0.012,-1.8954281780914074e-05
/epuck2/cmd_vel,29.240376866,0.012,-1.8954281780914074e-05
/epuck2/cmd_vel,29.316634388,0.012,-1.8954281780914074e-05
/epuck2/cmd_vel,29.355649241,0.012,-1.8954281780914074e-05
/epuck2/cmd_vel,29.410930517,0.012,-1.8954281780914074e-05
/epuck2/cmd_vel,29.445206372,0.012,-1.8954281780914074e-05
/epuck2/cmd_vel,29.505800257,0.012,-1.8954281780914074e-05
/epuck2/cmd_vel,29.559661795,0.012,-1.8954281780914074e-05
/epuck2/cmd_vel,29.616566333,0.012,-1.8954281780914074e-05
/epuck2/cmd_vel,29.651953339,0.012,-1.8954281780914074e-05
/epuck2/cmd_vel,29.709202043,0.012,-1.8954281780914074e-05
/epuck2/cmd_vel,29.749357615,0.012,-1.8954281780914074e-05
/epuck2/cmd_vel,29.830262377,0.012,-1.8954281780914074e-05
/epuck2/cmd_vel,29.871049611,0.012,-1.8954281780914074e-05
/epuck2/cmd_vel,29.926653863,0.012,-1.8954281780914074e-05
/epuck2/cmd_vel,29.962675095,0.012,-1.8954281780914074e-05
/epuck2/cmd_vel,30.018815685,0.012,-1.8954281780914074e-05
/epuck2/cmd_vel,30.064931086,0.012,-1.8954281780914074e-05
/epuck2/cmd_vel,30.143767111,0.012,-1.8954281780914074e-05
/epuck2/cmd_vel,30.182141415,0.012,-1.8954281780914074e-05
/epuck2/cmd_vel,30.235491728,0.012,-1.8954281780914074e-05
/epuck2/cmd_vel,30.272068021,0.012,-1.8954281780914074e-05
/epuck2/cmd_vel,30.331815184,0.012,-1.8954281780914074e-05
/epuck2/cmd_vel,30.385604875,0.012,-1.8954281780914074e-05
/epuck2/cmd_vel,30.457836431,0.012,-1.8954281780914074e-05
/epuck2/cmd_vel,30.492440399,0.012,-1.8954281780914074e-05
/epuck2/cmd_vel,30.545303445,0.012,-1.8954281780914074e-05
/epuck2/cmd_vel,30.582227279,0.012,-1.8954281780914074e-05
/epuck2/cmd_vel,30.645147839,0.012,-1.8954281780914074e-05
/epuck2/cmd_vel,30.721673654,0.012,-1.8954281780914074e-05
/epuck2/cmd_vel,30.781394804,0.012,-1.8954281780914074e-05
/epuck2/cmd_vel,30.817052235,0.012,-1.8954281780914074e-05
/epuck2/cmd_vel,30.869289667,0.012,-1.8954281780914074e-05
/epuck2/cmd_vel,30.90961038,0.012,0.003951573367144867
/epuck2/cmd_vel,30.987478157,0.012,0.003951573367144867
/epuck2/cmd_vel,31.026632269,0.012,-1.895428178091442e-05
/epuck2/cmd_vel,31.078992328,0.012,-1.8954281780914074e-05
/epuck2/cmd_vel,31.116636444,0.012,-1.8954281780914074e-05
/epuck2/cmd_vel,31.174745368,0.012,-1.8954281780914074e-05
/epuck2/cmd_vel,31.229180331,0.012,-1.8954281780914074e-05
/epuck2/cmd_vel,31.287371124,0.012,-1.8954281780914074e-05
/epuck2/cmd_vel,31.32458422,0.012,-1.8954281780914074e-05
/epuck2/cmd_vel,31.379959939,0.012,-1.8954281780914074e-05
/epuck2/cmd_vel,31.420169877,0.012,-1.8954281780914074e-05
/epuck2/cmd_vel,31.49313937,0.012,-1.8954281780914074e-05
/epuck2/cmd_vel,31.532124622,0.012,-1.8954281780914074e-05
/epuck2/cmd_vel,31.585366227,0.012,-0.003989481930706695
/epuck2/cmd_vel,31.622613706,0.012,-0.003989481930706695
/epuck2/cmd_vel,31.696615873,0.012,-0.003989481930706695
/epuck2/cmd_vel,31.736718426,0.012,-1.895428178091442e-05
/epuck2/cmd_vel,31.791795534,0.012,-1.8954281780914074e-05
/epuck2/cmd_vel,31.826737083,0.012,-1.8954281780914074e-05
/epuck2/cmd_vel,31.884644832,0.012,-1.8954281780914074e-05
/epuck2/cmd_vel,31.928672667,0.012,-1.8954281780914074e-05
/epuck2/cmd_vel,32.007061127,0.012,-1.8954281780914074e-05
/epuck2/cmd_vel,32.046227474,0.012,0.003951573367144867
/epuck2/cmd_vel,32.098919389,0.012,0.003951573367144867
/epuck2/cmd_vel,32.13458486,0.012,0.003951573367144867
/epuck2/cmd_vel,32.194121021,0.012,-1.895428178091442e-05
/epuck2/cmd_vel,32.249910937,0.012,-1.8954281780914074e-05
/epuck2/cmd_vel,32.309009649,0.012,-0.003989481930706695
/epuck2/cmd_vel,32.347265242,0.012,-0.003989481930706695
/epuck2/cmd_vel,32.398897271,0.012,-1.895428178091442e-05
/epuck2/cmd_vel,32.439991901,0.012,-1.8954281780914074e-05
/epuck2/cmd_vel,32.511970892,0.012,-1.8954281780914074e-05
/epuck2/cmd_vel,32.562411435,0.012,-1.8954281780914074e-05
/epuck2/cmd_vel,32.619629735,0.012,-1.8954281780914074e-05
/epuck2/cmd_vel,32.65375384,0.012,-1.8954281780914074e-05
/epuck2/cmd_vel,32.708961606,0.012,-1.8954281780914074e-05
/epuck2/cmd_vel,32.750163407,0.012,-1.8954281780914074e-05
/epuck2/cmd_vel,32.83210526,0.012,-1.8954281780914074e-05
/epuck2/cmd_vel,32.871794715,0.012,-1.8954281780914074e-05
/epuck2/cmd_vel,32.928842663,0.012,-1.8954281780914074e-05
/epuck2/cmd_vel,32.967923039,0.012,-1.8954281780914074e-05
/epuck2/cmd_vel,33.024480274,0.012,-1.8954281780914074e-05
/epuck2/cmd_vel,33.080629002,0.012,-1.8954281780914074e-05
/epuck2/cmd_vel,33.139739284,0.012,-1.8954281780914074e-05
/epuck2/cmd_vel,33.176717183,0.012,-1.8954281780914074e-05
/epuck2/cmd_vel,33.233102146,0.012,-1.8954281780914074e-05
/epuck2/cmd_vel,33.270060725,0.012,-1.8954281780914074e-05
/epuck2/cmd_vel,33.347997293,0.012,-1.8954281780914074e-05
/epuck2/cmd_vel,33.387872282,0.012,-1.8954281780914074e-05
/epuck2/cmd_vel,33.442188882,0.012,-1.8954281780914074e-05
/epuck2/cmd_vel,33.479808821,0.012,-1.8954281780914074e-05
/epuck2/cmd_vel,33.542387164,0.012,-1.8954281780914074e-05
/epuck2/cmd_vel,33.595458421,0.012,-1.8954281780914074e-05
/epuck2/cmd_vel,33.652972911,0.012,-1.8954281780914074e-05
/epuck2/cmd_vel,33.68927974,0.012,-1.8954281780914074e-05
/epuck2/cmd_vel,33.74381786,0.012,-1.8954281780914074e-05
/epuck2/cmd_vel,33.787455904,0.012,-1.8954281780914074e-05
/epuck2/cmd_vel,33.87381768,0.012,-1.8954281780914074e-05
/epuck2/cmd_vel,33.913667244,0.012,-1.8954281780914074e-05
/epuck2/cmd_vel,33.97239506,0.012,-1.8954281780914074e-05
/epuck2/cmd_vel,34.007275018,0.012,-1.8954281780914074e-05
/epuck2/cmd_vel,34.068905935,0.012,-1.8954281780914074e-05
/epuck2/cmd_vel,34.122931311,0.012,-1.8954281780914074e-05
/epuck2/cmd_vel,34.184638395,0.012,-1.8954281780914074e-05
/epuck2/cmd_vel,34.220790764,0.012,-1.8954281780914074e-05
/epuck2/cmd_vel,34.275413862,0.012,-1.8954281780914074e-05
/epuck2/cmd_vel,34.314411216,0.012,-1.8954281780914074e-05
/epuck2/cmd_vel,34.389939469,0.012,-1.8954281780914074e-05
/epuck2/cmd_vel,34.429814388,0.012,-1.8954281780914074e-05
/epuck2/cmd_vel,34.484169553,0.012,-1.8954281780914074e-05
/epuck2/cmd_vel,34.521353222,0.012,-1.8954281780914074e-05
/epuck2/cmd_vel,34.582639339,0.012,-1.8954281780914074e-05
/epuck2/cmd_vel,34.636940656,0.012,-1.8954281780914074e-05
/epuck2/cmd_vel,34.707745084,0.012,-1.8954281780914074e-05
/epuck2/cmd_vel,34.747331251,0.012,-1.8954281780914074e-05
/epuck2/cmd_vel,34.801497651,0.012,-1.8954281780914074e-05
/epuck2/cmd_vel,34.839329286,0.012,-1.8954281780914074e-05
/epuck2/cmd_vel,34.896475387,0.012,-1.8954281780914074e-05
/epuck2/cmd_vel,34.960113758,0.012,-1.8954281780914074e-05
/epuck2/cmd_vel,35.020731754,0.012,-1.8954281780914074e-05
/epuck2/cmd_vel,35.05943683,0.012,-1.8954281780914074e-05
/epuck2/cmd_vel,35.112365476,0.012,-1.8954281780914074e-05
/epuck2/cmd_vel,35.15254668,0.012,-1.8954281780914074e-05
/epuck2/cmd_vel,35.228543353,0.012,-1.8954281780914074e-05
/epuck2/cmd_vel,35.269164694,0.012,-1.8954281780914074e-05
/epuck2/cmd_vel,35.321521803,0.012,-1.8954281780914074e-05
/epuck2/cmd_vel,35.359170973,0.012,-1.8954281780914074e-05
/epuck2/cmd_vel,35.418768314,0.012,-1.8954281780914074e-05
/epuck2/cmd_vel,35.475716231,0.012,-1.8954281780914074e-05
/epuck2/cmd_vel,35.535342095,0.012,-1.8954281780914074e-05
/epuck2/cmd_vel,35.569894398,0.012,-1.8954281780914074e-05
/epuck2/cmd_vel,35.626159093,0.012,-1.8954281780914074e-05
/epuck2/cmd_vel,35.667734663,0.012,-1.8954281780914074e-05
/epuck2/cmd_vel,35.743329829,0.012,0.003951573367144867
/epuck2/cmd_vel,35.782999543,0.012,0.003951573367144867
/epuck2/cmd_vel,35.835395181,0.012,0.003951573367144867
/epuck2/cmd_vel,35.87233661,0.012,-1.895428178091442e-05
/epuck2/cmd_vel,35.953120541,0.012,-1.8954281780914074e-05
/epuck2/cmd_vel,35.99445497,0.012,-1.8954281780914074e-05
/epuck2/cmd_vel,36.049808385,0.012,-1.8954281780914074e-05
/epuck2/cmd_vel,36.084733539,0.012,-1.8954281780914074e-05
/epuck2/cmd_vel,36.145292135,0.012,-1.8954281780914074e-05
/epuck2/cmd_vel,36.200519765,0.012,-1.8954281780914074e-05
/epuck2/cmd_vel,36.261396473,0.012,-0.003989481930706695
/epuck2/cmd_vel,36.297171496,0.012,-0.003989481930706695
/epuck2/cmd_vel,36.351600793,0.012,-1.895428178091442e-05
/epuck2/cmd_vel,36.390972721,0.012,-1.8954281780914074e-05
/epuck2/cmd_vel,36.465978777,0.012,-1.8954281780914074e-05
/epuck2/cmd_vel,36.520460609,0.012,-1.8954281780914074e-05
/epuck2/cmd_vel,36.576864626,0.012,-1.8954281780914074e-05
/epuck2/cmd_vel,36.611755558,0.012,-1.8954281780914074e-05
/epuck2/cmd_vel,36.667820428,0.012,-1.8954281780914074e-05
/epuck2/cmd_vel,36.710463601,0.012,-1.8954281780914074e-05
/epuck2/cmd_vel,36.784924499,0.012,-1.8954281780914074e-05
/epuck2/cmd_vel,36.823834964,0.012,-1.8954281780914074e-05
/epuck2/cmd_vel,36.877800086,0.012,-1.8954281780914074e-05
/epuck2/cmd_vel,36.914807,0.012,-1.8954281780914074e-05
/epuck2/cmd_vel,36.976521274,0.012,-1.8954281780914074e-05
/epuck2/cmd_vel,37.038241416,0.012,-1.8954281780914074e-05
/epuck2/cmd_vel,37.096569189,0.012,-1.8954281780914074e-05
/epuck2/cmd_vel,37.134691515,0.012,-1.8954281780914074e-05
/epuck2/cmd_vel,37.188918726,0.012,-1.8954281780914074e-05
/epuck2/cmd_vel,37.227442238,0.012,-1.8954281780914074e-05
/epuck2/cmd_vel,37.302987254,0.012,-1.8954281780914074e-05
/epuck2/cmd_vel,37.343445086,0.012,-1.8954281780914074e-05
/epuck2/cmd_vel,37.39737842,0.012,-1.8954281780914074e-05
/epuck2/cmd_vel,37.433007312,0.012,-1.8954281780914074e-05
/epuck2/cmd_vel,37.494045222,0.012,-1.8954281780914074e-05
/epuck2/cmd_vel,37.550240368,0.012,-1.8954281780914074e-05
/epuck2/cmd_vel,37.60608485,0.012,-1.8954281780914074e-05
/epuck2/cmd_vel,37.641249307,0.012,-1.8954281780914074e-05
/epuck2/cmd_vel,37.698616483,0.012,-1.8954281780914074e-05
/epuck2/cmd_vel,37.739022402,0.012,-1.8954281780914074e-05
/epuck2/cmd_vel,37.813079532,0.012,-1.8954281780914074e-05
/epuck2/cmd_vel,37.849566288,0.012,-1.8954281780914074e-05
/epuck2/cmd_vel,37.902934542,0.012,-1.8954281780914074e-05
/epuck2/cmd_vel,37.94002775,0.012,-1.8954281780914074e-05
/epuck2/cmd_vel,38.004864298,0.012,0.2557985017182075
/epuck2/cmd_vel,38.066899013,0.012,0.3
/epuck2/cmd_vel,38.128712864,0.012,0.3
/epuck2/cmd_vel,38.164766941,0.012,0.3
/epuck2/cmd_vel,38.218149167,0.012,0.3
/epuck2/cmd_vel,38.257853223,0.012,0.3
/epuck2/cmd_vel,38.329489219,0.012,0.3
/epuck2/cmd_vel,38.379268404,0.012,0.3
/epuck2/cmd_vel,38.437805986,0.012,0.3
/epuck2/cmd_vel,38.475245113,0.012,0.3
/epuck2/cmd_vel,38.53136184,0.012,0.3
/epuck2/cmd_vel,38.572716162,0.012,0.3
/epuck2/cmd_vel,38.653587586,0.012,0.3
/epuck2/cmd_vel,38.694856983,0.012,0.3
/epuck2/cmd_vel,38.750556246,0.012,0.3
/epuck2/cmd_vel,38.786207178,0.012,0.29911068916004663
/epuck2/cmd_vel,38.842957957,0.012,0.29911068916004663
/epuck2/cmd_vel,38.886575019,0.012,0.29911068916004663
/epuck2/cmd_vel,38.969664762,0.012,0.248817625042615
/epuck2/cmd_vel,39.009921518,0.012,0.2144066715208865
/epuck2/cmd_vel,39.065136613,0.012,0.2144066715208865
/epuck2/cmd_vel,39.099650373,0.012,0.2144066715208865
/epuck2/cmd_vel,39.161753186,0.012,0.18528975486439236
/epuck2/cmd_vel,39.215140327,0.012,0.18528975486439236
/epuck2/cmd_vel,39.27253787,0.012,0.1588198566405154
/epuck2/cmd_vel,39.307365752,0.012,0.1588198566405154
/epuck2/cmd_vel,39.820891565,0.012,0.13234995841663846
/epuck2/cmd_vel,39.861686472,0.012,0.13234995841663846
/epuck2/cmd_vel,39.940157155,0.012,0.11117381095570096
/epuck2/cmd_vel,39.978925153,0.012,0.11117381095570096
/epuck2/cmd_vel,40.033301432,0.012,0.09529198646229275
/epuck2/cmd_vel,40.069816603,0.013872915250000062,0.0794099887185773
/epuck2/cmd_vel,40.14754542,0.01780049960000011,0.0794099887185773
/epuck2/cmd_vel,40.188195314,0.019834470250000437,0.06838074524933901
/epuck2/cmd_vel,40.244736955,0.02261254195000032,0.06838074524933901
/epuck2/cmd_vel,40.279043826,0.024352246550000248,0.05955735047394838
/epuck2/cmd_vel,40.340356103,0.025,0.05955735047394838
/epuck2/cmd_vel,40.393055136,0.025,0.05955735047394838
/epuck2/cmd_vel,40.453956625,0.025,0.050734194117136866
/epuck2/cmd_vel,40.492426744,0.025,0.050734194117136866
/epuck2/cmd_vel,40.544534492,0.0,0.0
/epuck2/cmd_vel,40.583532285,0.0,0.0
/epuck2/cmd_vel,40.663084058,0.0,0.0
/epuck2/cmd_vel,40.702149836,0.0,0.0
/epuck2/cmd_vel,40.755041392,0.0,0.0
/epuck2/cmd_vel,40.792024005,0.0,0.0
/epuck2/cmd_vel,40.852069327,0.0,0.0
/epuck2/cmd_vel,40.908526088,0.0,0.0
/epuck2/cmd_vel,40.966846456,0.0,0.0
/epuck2/cmd_vel,41.005224737,0.0,0.0
/epuck2/cmd_vel,41.058798025,0.0,0.0
/epuck2/cmd_vel,41.100391152,0.0,0.0
/epuck2/cmd_vel,41.175770036,0.0,0.0
/epuck2/cmd_vel,41.212364621,0.0,0.0
/epuck2/cmd_vel,41.267687016,0.0,0.0
/epuck2/cmd_vel,41.304022684,0.0,0.0
/epuck2/cmd_vel,41.367103052,0.0,0.0
/epuck2/cmd_vel,41.428536489,0.0,0.0
/epuck2/cmd_vel,41.488617096,0.0,0.0
/epuck2/cmd_vel,41.526462932,0.0,0.0
/epuck2/cmd_vel,41.58240971,0.0,0.0
/epuck2/cmd_vel,41.621505604,0.0,0.0
/epuck2/cmd_vel,41.69348318,0.0,0.0
/epuck2/cmd_vel,41.73354646,0.0,0.0
/epuck2/cmd_vel,41.788783477,0.0,0.0
/epuck2/cmd_vel,41.825529437,0.0,0.0
/epuck2/cmd_vel,41.886529523,0.0,0.0
/epuck2/cmd_vel,41.941734238,0.0,0.0
/epuck2/cmd_vel,42.011949091,0.0,0.0
/epuck2/cmd_vel,42.051386993,0.0,0.0
/epuck2/cmd_vel,42.103331042,0.0,0.0
/epuck2/cmd_vel,42.13927411,0.0,0.0
/epuck2/cmd_vel,42.204404844,0.0,0.0
/epuck2/cmd_vel,42.266663436,0.0,0.0
/epuck2/cmd_vel,42.327446548,0.0,0.0
/epuck2/cmd_vel,42.364330564,0.0,0.0
/epuck2/cmd_vel,42.419150431,0.0,0.0
/epuck2/cmd_vel,42.457153605,0.0,0.0
/epuck2/cmd_vel,42.534191447,0.0,0.0
/epuck2/cmd_vel,42.586482573,0.0,0.0
/epuck2/cmd_vel,42.641869773,0.0,0.0
/epuck2/cmd_vel,42.679013541,0.0,0.0
/epuck2/cmd_vel,42.735057341,0.0,0.0
/epuck2/cmd_vel,42.777224541,0.0,0.0
/epuck2/cmd_vel,42.853381541,0.0,0.0
/epuck2/cmd_vel,42.888266441,0.0,0.0
/epuck2/cmd_vel,42.944307741,0.0,0.0
/epuck2/cmd_vel,42.983318241,0.0,0.0
/epuck2/cmd_vel,43.045015641,0.0,0.0
/epuck2/cmd_vel,43.097942441,0.0,0.0
/epuck2/cmd_vel,43.155674541,0.0,0.0
/epuck2/cmd_vel,43.194546141,0.0,0.0
/epuck2/cmd_vel,43.249952341,0.0,0.0
/epuck2/cmd_vel,43.290658641,0.0,0.0
/epuck2/cmd_vel,43.371707241,0.0,0.0
/epuck2/cmd_vel,43.412841141,0.0,0.0
/epuck2/cmd_vel,43.470255441,0.0,0.0
/epuck2/cmd_vel,43.506376541,0.0,0.0
/epuck2/cmd_vel,43.564098041,0.0,0.0
/epuck2/cmd_vel,43.605717141,0.0,0.0
/epuck2/cmd_vel,43.688353341,0.0,0.0
/epuck2/cmd_vel,43.726681741,0.0,0.0
/epuck2/cmd_vel,43.780199841,0.0,0.0
/epuck2/cmd_vel,43.816789941,0.0,0.0
/epuck2/cmd_vel,43.876783841,0.0,0.0
/epuck2/cmd_vel,43.937123741,0.0,0.0
/epuck2/cmd_vel,43.994559741,0.0,0.0
/epuck2/cmd_vel,44.028201141,0.0,0.0
/epuck2/cmd_vel,44.085147941,0.0,0.0
/epuck2/cmd_vel,44.126142241,0.0,0.0
/epuck2/cmd_vel,44.213393941,0.0,0.0
/epuck2/cmd_vel,44.251981941,0.0,0.0
/epuck2/cmd_vel,44.308601441,0.0,0.0
/epuck2/cmd_vel,44.348559941,0.0,0.0
/epuck2/cmd_vel,44.427294041,0.0,0.0
/epuck2/cmd_vel,44.467764841,0.0,0.0
/epuck2/cmd_vel,44.524247841,0.0,0.0
/epuck2/cmd_vel,44.562909841,0.0,0.0
/epuck2/cmd_vel,44.618710541,0.0,0.0
/epuck2/cmd_vel,44.678538341,0.0,0.0
/epuck2/cmd_vel,44.739194841,0.0,0.0
/epuck2/cmd_vel,44.774800841,0.0,0.0
/epuck2/cmd_vel,44.832102641,0.0,0.0
/epuck2/cmd_vel,44.871199541,0.0,0.0
/epuck2/cmd_vel,44.949531741,0.0,0.0
/epuck2/cmd_vel,44.988568141,0.0,0.0
/epuck2/cmd_vel,45.042893941,0.0,0.0
/epuck2/cmd_vel,45.079382941,0.0,0.0
/epuck2/cmd_vel,45.138578059,0.0,0.0
/epuck2/cmd_vel,45.193362644,0.0,0.0
/epuck2/cmd_vel,45.249647504,0.0,0.0
/epuck2/cmd_vel,45.285619872,0.0,0.0
/epuck2/cmd_vel,45.338919716,0.0,0.0
/epuck2/cmd_vel,45.378507952,0.0,0.0
/epuck2/cmd_vel,45.456094589,0.0,0.0
/epuck2/cmd_vel,45.491185451,0.0,0.0
/epuck2/cmd_vel,45.544442433,0.0,0.0
/epuck2/cmd_vel,45.580861259,0.0,0.0
/epuck2/cmd_vel,45.654050343,0.0,0.0
/epuck2/cmd_vel,45.69287703,0.0,0.0
/epuck2/cmd_vel,45.746936889,0.0,0.0
/epuck2/cmd_vel,45.782332486,0.0,0.0
/epuck2/cmd_vel,45.838933108,0.0,0.0
/epuck2/cmd_vel,45.892733683,0.0,0.0
/epuck2/cmd_vel,45.951717331,0.0,0.0
/epuck2/cmd_vel,45.98559127,0.0,0.0
/epuck2/cmd_vel,46.037664218,0.0,0.0
/epuck2/cmd_vel,46.075249914,0.0,0.0
/epuck2/cmd_vel,46.148358547,0.0,0.0
/epuck2/cmd_vel,46.186424166,0.0,0.0
/epuck2/cmd_vel,46.238266214,0.0,0.0
/epuck2/cmd_vel,46.27375396,0.0,0.0
/epuck2/cmd_vel,46.331760215,0.0,0.0
/epuck2/cmd_vel,46.38262228,0.0,0.0
/epuck2/cmd_vel,46.451589191,0.0,0.0
/epuck2/cmd_vel,46.487523395,0.0,0.0
/epuck2/cmd_vel,46.540232085,0.0,0.0
/epuck2/cmd_vel,46.576432668,0.0,0.0
/epuck2/cmd_vel,46.637132821,0.0,0.0
/epuck2/cmd_vel,46.695643738,0.0,0.0
/epuck2/cmd_vel,46.752810966,0.0,0.0
/epuck2/cmd_vel,46.787121391,0.0,0.0
/epuck2/cmd_vel,46.839903532,0.0,0.0
/epuck2/cmd_vel,46.877614746,0.0,0.0
/epuck2/cmd_vel,46.949913407,0.0,0.0
/epuck2/cmd_vel,46.99748227,0.0,0.0
/epuck2/cmd_vel,47.054809824,0.0,0.0
/epuck2/cmd_vel,47.089267054,0.0,0.0
/epuck2/cmd_vel,47.144163254,0.0,0.0
/epuck2/cmd_vel,47.183798954,0.0,0.0
/epuck2/cmd_vel,47.263136231,0.0,0.0
/epuck2/cmd_vel,47.301646294,0.0,0.0
/epuck2/cmd_vel,47.356362511,0.0,0.0
/epuck2/cmd_vel,47.389935743,0.0,0.0
/epuck2/cmd_vel,47.444560961,0.0,0.0
/epuck2/cmd_vel,47.486332104,0.0,0.0
/epuck2/cmd_vel,47.564998352,0.0,0.0
/epuck2/cmd_vel,47.602925891,0.0,0.0
/epuck2/cmd_vel,47.654906018,0.0,0.0
/epuck2/cmd_vel,47.689211456,0.0,0.0
/epuck2/cmd_vel,47.747885768,0.0,0.0
/epuck2/cmd_vel,47.803434778,0.0,0.0
/epuck2/cmd_vel,47.861137545,0.0,0.0
/epuck2/cmd_vel,47.893926311,0.0,0.0
/epuck2/cmd_vel,47.948199714,0.0,0.0
/epuck2/cmd_vel,47.987398545,0.0,0.0
/epuck2/cmd_vel,48.058511446,0.0,0.0
/epuck2/cmd_vel,48.095814558,0.0,0.0
/epuck2/cmd_vel,48.146987015,0.0,0.0
/epuck2/cmd_vel,48.182282408,0.0,0.0
/epuck2/cmd_vel,48.26133269,0.0,0.0
/epuck2/cmd_vel,48.301869362,0.0,0.0
/epuck2/cmd_vel,48.355095372,0.0,0.0
/epuck2/cmd_vel,48.388587961,0.0,0.0
/epuck2/cmd_vel,48.445199418,0.0,0.0
/epuck2/cmd_vel,48.499362357,0.0,0.0
/epuck2/cmd_vel,48.556361205,0.0,0.0
/epuck2/cmd_vel,48.59403646,0.0,0.0
/epuck2/cmd_vel,48.64601515,0.0,0.0
/epuck2/cmd_vel,48.683745062,0.0,0.0
/epuck2/cmd_vel,48.755762577,0.0,0.0
/epuck2/cmd_vel,48.795123077,0.0,0.0
/epuck2/cmd_vel,48.848730053,0.0,0.0
/epuck2/cmd_vel,48.884815474,0.0,0.0
/epuck2/cmd_vel,48.941492903,0.0,0.0
/epuck2/cmd_vel,48.995292423,0.0,0.0
/epuck2/cmd_vel,49.051699925,0.0,0.0
/epuck2/cmd_vel,49.086075266,0.0,0.0
/epuck2/cmd_vel,49.140743155,0.0,0.0
/epuck2/cmd_vel,49.17892221,0.0,0.0
/epuck2/cmd_vel,49.261033644,0.0,0.0
/epuck2/cmd_vel,49.30025405,0.0,0.0
/epuck2/cmd_vel,49.356973574,0.0,0.0
/epuck2/cmd_vel,49.390602901,0.0,0.0
/epuck2/cmd_vel,49.44590097,0.0,0.0
/epuck2/cmd_vel,49.499762818,0.0,0.0
/epuck2/cmd_vel,49.556295167,0.0,0.0
/epuck2/cmd_vel,49.591977184,0.0,0.0
/epuck2/cmd_vel,49.643669358,0.0,0.0
/epuck2/cmd_vel,49.682890628,0.0,0.0
/epuck2/cmd_vel,49.754616929,0.0,0.0
/epuck2/cmd_vel,49.804853704,0.0,0.0
/epuck2/cmd_vel,49.857556545,0.0,0.0
/epuck2/cmd_vel,49.893430147,0.0,0.0
/epuck2/cmd_vel,49.947389994,0.0,0.0
/epuck2/cmd_vel,49.986638879,0.0,0.0
/epuck2/cmd_vel,50.064634673,0.0,0.0
/epuck2/cmd_vel,50.102658388,0.0,0.0
/epuck2/cmd_vel,50.158712253,0.0,0.0
/epuck2/cmd_vel,50.192301019,0.0,0.0
/epuck2/cmd_vel,50.247570993,0.0,0.0
/epuck2/cmd_vel,50.288146115,0.0,0.0
/epuck2/cmd_vel,50.370881632,0.0,0.0
/epuck2/cmd_vel,50.412039232,0.0,0.0
/epuck2/cmd_vel,50.465783832,0.0,0.0
/epuck2/cmd_vel,50.502134332,0.0,0.0
/epuck2/cmd_vel,50.563008332,0.0,0.0
/epuck2/cmd_vel,50.619385832,0.0,0.0
/epuck2/cmd_vel,50.675827932,0.0,0.0
/epuck2/cmd_vel,50.712615932,0.0,0.0
/epuck2/cmd_vel,50.767873932,0.0,0.0
/epuck2/cmd_vel,50.809400932,0.0,0.0
/epuck2/cmd_vel,50.886079832,0.0,0.0
/epuck2/cmd_vel,50.923875032,0.0,0.0
/epuck2/cmd_vel,50.980146832,0.0,0.0
/epuck2/cmd_vel,51.018131132,0.0,0.0
/epuck2/cmd_vel,51.097913132,0.0,0.0
/epuck2/cmd_vel,51.137207032,0.0,0.0
/epuck2/cmd_vel,51.195000732,0.0,0.0
/epuck2/cmd_vel,51.228911832,0.0,0.0
/epuck2/cmd_vel,51.285193032,0.0,0.0
/epuck2/cmd_vel,51.344689232,0.0,0.0
/epuck2/cmd_vel,51.404465832,0.0,0.0
/epuck2/cmd_vel,51.439069932,0.0,0.0
/epuck2/cmd_vel,51.494026932,0.0,0.0
/epuck2/cmd_vel,51.535471932,0.0,0.0
/epuck2/cmd_vel,51.611871932,0.0,0.0
/epuck2/cmd_vel,51.651558832,0.0,0.0
/epuck2/cmd_vel,51.707236932,0.0,0.0
/epuck2/cmd_vel,51.742572932,0.0,0.0
/epuck2/cmd_vel,51.802562232,0.0,0.0
/epuck2/cmd_vel,51.854223832,0.0,0.0
/epuck2/cmd_vel,51.924802332,0.0,0.0
/epuck2/cmd_vel,51.965136932,0.0,0.0
/epuck2/cmd_vel,52.017196132,0.0,0.0
/epuck2/cmd_vel,52.056231832,0.0,0.0
/epuck2/cmd_vel,52.117804632,0.0,0.0
/epuck2/cmd_vel,52.181132532,0.0,0.0
/epuck2/cmd_vel,52.239519732,0.0,0.0
/epuck2/cmd_vel,52.295717432,0.0,0.0
/epuck2/cmd_vel,52.335804132,0.0,0.0
/epuck2/cmd_vel,52.376038032,0.0,0.0
/epuck2/cmd_vel,52.445947932,0.0,0.0
/epuck2/cmd_vel,52.499610832,0.0,0.0
/epuck2/cmd_vel,52.556469332,0.0,0.0
/epuck2/cmd_vel,52.593944432,0.0,0.0
/epuck2/cmd_vel,52.649801132,0.0,0.0
/epuck2/cmd_vel,52.691355832,0.0,0.0
/epuck2/cmd_vel,52.772881832,0.0,0.0
/epuck2/cmd_vel,52.836280832,0.0,0.0
/epuck2/cmd_vel,52.870247232,0.0,0.0
/epuck2/cmd_vel,52.905799032,0.0,0.0
/epuck2/cmd_vel,52.964108732,0.0,0.0
/epuck2/cmd_vel,53.007621332,0.0,0.0
/epuck2/cmd_vel,53.090766333,0.0,0.0
/epuck2/cmd_vel,53.129867633,0.0,0.0
/epuck2/cmd_vel,53.18453358,0.0,0.0
/epuck2/cmd_vel,53.221114016,0.0,0.0
/epuck2/cmd_vel,53.277596923,0.0,0.0
/epuck2/cmd_vel,53.346269425,0.0,0.0
/epuck2/cmd_vel,53.383725191,0.0,0.0
/epuck2/cmd_vel,53.417353835,0.0,0.0
/epuck2/cmd_vel,53.471855862,0.0,0.0
/epuck2/cmd_vel,53.510511519,0.0,0.0
/epuck2/cmd_vel,53.581880194,0.0,0.0
/epuck2/cmd_vel,53.61838004,0.0,0.0
/epuck2/cmd_vel,53.669977922,0.0,0.0
/epuck2/cmd_vel,53.705415759,0.0,0.0
/epuck2/cmd_vel,53.782544025,0.0,0.0
/epuck2/cmd_vel,53.838480936,0.0,0.0
/epuck2/cmd_vel,53.875128596,0.0,0.0
/epuck2/cmd_vel,53.908219265,0.0,0.0
/epuck2/cmd_vel,53.96429998,0.0,0.0
/epuck2/cmd_vel,54.017427565,0.0,0.0
/epuck2/cmd_vel,54.075242803,0.0,0.0
/epuck2/cmd_vel,54.109032247,0.0,0.0
/epuck2/cmd_vel,54.159880556,0.0,0.0
/epuck2/cmd_vel,54.197370602,0.0,0.0
/epuck2/cmd_vel,54.267698659,0.0,0.0
/epuck2/cmd_vel,54.334339387,0.0,0.0
/epuck2/cmd_vel,54.369773787,0.0,0.0
/epuck2/cmd_vel,54.40548128,0.0,0.0
/epuck2/cmd_vel,54.460024271,0.0,0.0
/epuck2/cmd_vel,54.498381435,0.0,0.0
/epuck2/cmd_vel,54.572189233,0.0,0.0
/epuck2/cmd_vel,54.610446518,0.0,0.0
/epuck2/cmd_vel,54.659387663,0.0,0.0
/epuck2/cmd_vel,54.697913362,0.0,0.0
/epuck2/cmd_vel,54.771281633,0.0,0.0
/epuck2/cmd_vel,54.829091905,0.0,0.0
/epuck2/cmd_vel,54.863131144,0.0,0.0
/epuck2/cmd_vel,54.897821127,0.0,0.0
/epuck2/cmd_vel,54.956578535,0.0,0.0
/epuck2/cmd_vel,55.008886937,0.0,0.0
/epuck2/cmd_vel,55.066341329,0.0,0.0
/epuck2/cmd_vel,55.100976311,0.0,0.0
/epuck2/cmd_vel,55.154496635,0.0,0.0
/epuck2/cmd_vel,55.192319358,0.0,0.0
/epuck2/cmd_vel,55.266117894,0.0,0.0
/epuck2/cmd_vel,55.32127945,0.0,0.0
/epuck2/cmd_vel,55.357793523,0.0,0.0
/epuck2/cmd_vel,55.389925597,0.0,0.0
/epuck2/cmd_vel,55.448302967,0.0,0.0
/epuck2/cmd_vel,55.502991194,0.0,0.0
/epuck2/cmd_vel,55.55974175,0.0,0.0
/epuck2/cmd_vel,55.595074361,0.0,0.0
/epuck2/cmd_vel,55.645869006,0.0,0.0
/epuck2/cmd_vel,55.686063247,0.0,0.0
/epuck2/cmd_vel,55.758353755,0.0,0.0
/epuck2/cmd_vel,55.812734131,0.0,0.0
/epuck2/cmd_vel,55.848406962,0.0,0.0
/epuck2/cmd_vel,55.883350081,0.0,0.0
/epuck2/cmd_vel,55.940908745,0.0,0.0
/epuck2/cmd_vel,55.997991024,0.0,0.0
/epuck2/cmd_vel,56.05601853,0.0,0.0
/epuck2/cmd_vel,56.091592532,0.0,0.0
/epuck2/cmd_vel,56.144849884,0.0,0.0
/epuck2/cmd_vel,56.183390957,0.0,0.0
/epuck2/cmd_vel,56.263166412,0.0,0.0
/epuck2/cmd_vel,56.332803429,0.0,0.0
/epuck2/cmd_vel,56.369051092,0.0,0.0
/epuck2/cmd_vel,56.404356394,0.0,0.0
/epuck2/cmd_vel,56.458010018,0.0,0.0
/epuck2/cmd_vel,56.496840512,0.0,0.0
/epuck2/cmd_vel,56.56878507,0.0,0.0
/epuck2/cmd_vel,56.607450276,0.0,0.0
/epuck2/cmd_vel,56.658252942,0.0,0.0
/epuck2/cmd_vel,56.694378191,0.0,0.0
/epuck2/cmd_vel,56.769125391,0.0,0.0
/epuck2/cmd_vel,56.807982717,0.0,0.0
/epuck2/cmd_vel,56.863244343,0.0,0.0
/epuck2/cmd_vel,56.899893053,0.0,0.0
/epuck2/cmd_vel,56.955436939,0.0,0.0
/epuck2/cmd_vel,57.006611622,0.0,0.0
/epuck2/cmd_vel,57.06447002,0.0,0.0
/epuck2/cmd_vel,57.099431568,0.0,0.0
/epuck2/cmd_vel,57.151388864,0.0,0.0
/epuck2/cmd_vel,57.18837111,0.0,0.0
/epuck2/cmd_vel,57.266791889,0.0,0.0
/epuck2/cmd_vel,57.305326851,0.0,0.0
/epuck2/cmd_vel,57.355615318,0.0,0.0
/epuck2/cmd_vel,57.391488386,0.0,0.0
/epuck2/cmd_vel,57.448779495,0.0,0.0
/epuck2/cmd_vel,57.502171007,0.0,0.0
/epuck2/cmd_vel,57.556144322,0.0,0.0
/epuck2/cmd_vel,57.589267839,0.0,0.0
/epuck2/cmd_vel,57.644027585,0.0,0.0
/epuck2/cmd_vel,57.683077031,0.0,0.0
/epuck2/cmd_vel,57.755863212,0.0,0.0
