topic,time_s,linear_mps,angular_rps
/epuck1/cmd_vel,18.67185915,0.0,0.0
/epuck1/cmd_vel,18.708588104,0.0,0.0
/epuck1/cmd_vel,18.778792449,0.0,0.0
/epuck1/cmd_vel,18.814655367,0.0,0.0
/epuck1/cmd_vel,18.869721938,0.0,0.0
/epuck1/cmd_vel,18.908030205,0.0,0.0
/epuck1/cmd_vel,18.989437598,0.0,0.0
/epuck1/cmd_vel,19.028279772,0.0,0.0
/epuck1/cmd_vel,19.084384945,0.0,0.0
/epuck1/cmd_vel,19.122318667,0.0,0.0
/epuck1/cmd_vel,19.181604125,0.0,0.0
/epuck1/cmd_vel,19.234582597,0.0,0.0
/epuck1/cmd_vel,19.295234894,0.0,0.0
/epuck1/cmd_vel,19.32831521,0.0,0.0
/epuck1/cmd_vel,19.385209706,0.0,0.0
/epuck1/cmd_vel,19.424929908,0.0,0.0
/epuck1/cmd_vel,19.509801739,0.0,0.0
/epuck1/cmd_vel,19.54973627,0.0,0.0
/epuck1/cmd_vel,19.606255915,0.0,0.0
/epuck1/cmd_vel,19.644005055,0.0,0.0
/epuck1/cmd_vel,19.705022201,0.0,0.0
/epuck1/cmd_vel,19.748277875,0.0,0.0
/epuck1/cmd_vel,19.808724345,0.0,0.0
/epuck1/cmd_vel,19.845600268,0.0,0.0
/epuck1/cmd_vel,19.898666752,0.0,0.0
/epuck1/cmd_vel,19.938003303,0.0,0.0
/epuck1/cmd_vel,20.020112165,0.0,0.0
/epuck1/cmd_vel,20.06014871,0.0,0.0
/epuck1/cmd_vel,20.114432857,0.0,0.0
/epuck1/cmd_vel,20.150702322,0.0,0.0
/epuck1/cmd_vel,20.211250211,0.0,0.0
/epuck1/cmd_vel,20.267938445,0.0,0.0
/epuck1/cmd_vel,20.32897219,0.0,0.0
/epuck1/cmd_vel,20.364760692,0.0,0.0
/epuck1/cmd_vel,20.422693215,0.0,0.0
/epuck1/cmd_vel,20.462516156,0.0,0.0
/epuck1/cmd_vel,20.539975333,0.0,0.0
/epuck1/cmd_vel,20.575645745,0.0,0.0
/epuck1/cmd_vel,20.632684848,0.0,0.0
/epuck1/cmd_vel,20.668366459,0.0,0.0
/epuck1/cmd_vel,20.746375487,0.0,0.0
/epuck1/cmd_vel,20.786392511,0.0,0.0
/epuck1/cmd_vel,20.844421625,0.0,0.0
/epuck1/cmd_vel,20.878615469,0.0,0.0
/epuck1/cmd_vel,20.936741075,0.0,0.0
/epuck1/cmd_vel,20.995414731,0.0,0.0
/epuck1/cmd_vel,21.057690878,0.0,0.0
/epuck1/cmd_vel,21.094052452,0.0,0.0
/epuck1/cmd_vel,21.156533073,0.0,0.0
/epuck1/cmd_vel,21.197015275,0.0,0.0
/epuck1/cmd_vel,21.259251621,0.0,0.0
/epuck1/cmd_vel,21.298350054,0.0,0.0
/epuck1/cmd_vel,21.359962675,0.0,0.0
/epuck1/cmd_vel,21.417948672,0.0,0.0
/epuck1/cmd_vel,21.475888896,0.0,0.0
/epuck1/cmd_vel,21.512490528,0.0,0.0
/epuck1/cmd_vel,21.566904569,0.0,0.0
/epuck1/cmd_vel,21.607290629,0.0,0.0
/epuck1/cmd_vel,21.682639605,0.0,0.0
/epuck1/cmd_vel,21.733600119,0.0,0.0
/epuck1/cmd_vel,21.790284197,0.0,0.0
/epuck1/cmd_vel,21.829056426,0.0,0.0
/epuck1/cmd_vel,21.882446182,0.0,0.0
/epuck1/cmd_vel,21.922771279,0.0,0.0
/epuck1/cmd_vel,22.008786353,0.0,0.0
/epuck1/cmd_vel,22.049354504,0.0,0.0
/epuck1/cmd_vel,22.104946838,0.0,0.0
/epuck1/cmd_vel,22.140613331,0.0,0.0
/epuck1/cmd_vel,22.199924362,0.0,0.0
/epuck1/cmd_vel,22.240834917,0.0,0.0
/epuck1/cmd_vel,22.325211257,0.0,0.0
/epuck1/cmd_vel,22.364615773,0.0,0.0
/epuck1/cmd_vel,22.417989918,0.0,0.0
/epuck1/cmd_vel,22.455795167,0.0,0.0
/epuck1/cmd_vel,22.518981746,0.0,0.0
/epuck1/cmd_vel,22.568014138,0.0,0.0
/epuck1/cmd_vel,22.641276948,0.0,0.0
/epuck1/cmd_vel,22.677274491,0.0,0.0
/epuck1/cmd_vel,22.730951102,0.0,0.0
/epuck1/cmd_vel,22.770309954,0.0020081815499999323,0.0
/epuck1/cmd_vel,22.831234077,0.005070055599999535,0.0
/epuck1/cmd_vel,22.909616738,0.008885818399999579,0.0
/epuck1/cmd_vel,22.968119428,0.011905739799999537,0.0
/epuck1/cmd_vel,23.005841442,0.013759705249999855,0.0
/epuck1/cmd_vel,23.060893293,0.01650703184999998,0.0
/epuck1/cmd_vel,23.101232588,0.01851098169999972,0.0
/epuck1/cmd_vel,23.176494045,0.02231588074999991,0.0
/epuck1/cmd_vel,23.217315763,0.024367167300000152,0.0
/epuck1/cmd_vel,23.271264496,0.025,0.0
/epuck1/cmd_vel,23.307934636,0.025,0.0
/epuck1/cmd_vel,23.368014125,0.025,0.0
/epuck1/cmd_vel,23.427642429,0.025,0.0
/epuck1/cmd_vel,23.484977943,0.025,0.0
/epuck1/cmd_vel,23.509770319,0.025,0.0
/epuck1/cmd_vel,23.521594233,0.025,0.0
/epuck1/cmd_vel,23.528228425,0.025,0.0
/epuck1/cmd_vel,23.53887902,0.025,0.0
/epuck1/cmd_vel,23.544367267,0.025,0.0
/epuck1/cmd_vel,23.554676976,0.025,0.0
/epuck1/cmd_vel,23.562563116,0.025,0.0
/epuck1/cmd_vel,23.569415307,0.025,0.0
/epuck1/cmd_vel,23.574878478,0.025,0.0
/epuck1/cmd_vel,23.58498817,0.025,0.0
/epuck1/cmd_vel,23.590464329,0.025,0.0
/epuck1/cmd_vel,23.600057997,0.025,0.0
/epuck1/cmd_vel,23.608329082,0.025,0.0
/epuck1/cmd_vel,23.616044579,0.025,0.0
/epuck1/cmd_vel,23.621245491,0.025,0.0
/epuck1/cmd_vel,23.633979867,0.025,0.0
/epuck1/cmd_vel,23.641581968,0.025,0.0
/epuck1/cmd_vel,23.654056583,0.025,0.0
/epuck1/cmd_vel,23.659182364,0.025,0.0
/epuck1/cmd_vel,23.672291296,0.025,0.0
/epuck1/cmd_vel,23.678871338,0.025,0.0
/epuck1/cmd_vel,23.684492363,0.025,0.0
/epuck1/cmd_vel,23.694443302,0.025,0.0
/epuck1/cmd_vel,23.703112221,0.025,0.0
/epuck1/cmd_vel,23.711441553,0.025,0.0
/epuck1/cmd_vel,23.721074085,0.025,0.0
/epuck1/cmd_vel,23.726987341,0.025,0.0
/epuck1/cmd_vel,23.737452007,0.025,0.0
/epuck1/cmd_vel,23.744561861,0.025,0.0
/epuck1/cmd_vel,23.75633752,0.025,0.0
/epuck1/cmd_vel,23.76156241,0.025,0.0
/epuck1/cmd_vel,23.770071576,0.025,0.0
/epuck1/cmd_vel,23.77869104,0.025,0.0
/epuck1/cmd_vel,23.787838119,0.025,0.0
/epuck1/cmd_vel,23.797757687,0.025,0.0
/epuck1/cmd_vel,23.80618383,0.025,0.0
/epuck1/cmd_vel,23.811230983,0.025,0.0
/epuck1/cmd_vel,23.825991594,0.025,0.0
/epuck1/cmd_vel,23.830194924,0.025,0.0
/epuck1/cmd_vel,23.844109114,0.025,0.0
/epuck1/cmd_vel,23.849253978,0.025,0.0
/epuck1/cmd_vel,23.861977564,0.025,0.0
/epuck1/cmd_vel,23.868079246,0.025,0.0
/epuck1/cmd_vel,23.877229922,0.025,0.0
/epuck1/cmd_vel,23.887100735,0.025,0.0
/epuck1/cmd_vel,23.894858193,0.025,0.0
/epuck1/cmd_vel,23.900103164,0.025,0.0
/epuck1/cmd_vel,23.912459388,0.025,0.0
/epuck1/cmd_vel,23.917959825,0.025,0.0
/epuck1/cmd_vel,23.931534927,0.025,0.0
/epuck1/cmd_vel,23.940109633,0.025,0.0
/epuck1/cmd_vel,23.952496029,0.025,0.0
/epuck1/cmd_vel,23.959139513,0.025,0.0
/epuck1/cmd_vel,23.966039461,0.025,0.0
/epuck1/cmd_vel,23.976224284,0.025,0.0
/epuck1/cmd_vel,23.984140396,0.025,0.0
/epuck1/cmd_vel,23.993581405,0.025,0.0
/epuck1/cmd_vel,24.001712818,0.025,0.0
/epuck1/cmd_vel,24.006260731,0.025,0.0
/epuck1/cmd_vel,24.017402974,0.025,0.0
/epuck1/cmd_vel,24.024472365,0.025,0.0
/epuck1/cmd_vel,24.036047009,0.025,0.0
/epuck1/cmd_vel,24.04562649,0.025,0.0
/epuck1/cmd_vel,24.050919017,0.025,0.0
/epuck1/cmd_vel,24.059487729,0.025,0.0
/epuck1/cmd_vel,24.067836043,0.025,0.0
/epuck1/cmd_vel,24.074643476,0.025,0.0
/epuck1/cmd_vel,24.085438138,0.025,0.0
/epuck1/cmd_vel,24.092649599,0.025,0.0
/epuck1/cmd_vel,24.104573721,0.025,0.0
/epuck1/cmd_vel,24.110454207,0.025,0.0
/epuck1/cmd_vel,24.123819602,0.025,0.0
/epuck1/cmd_vel,24.130528526,0.025,0.0
/epuck1/cmd_vel,24.139042588,0.025,0.0
/epuck1/cmd_vel,24.148314651,0.025,0.0
/epuck1/cmd_vel,24.156114998,0.025,0.0
/epuck1/cmd_vel,24.160951013,0.025,0.0
/epuck1/cmd_vel,24.175954736,0.025,0.0
/epuck1/cmd_vel,24.180407654,0.025,0.0
/epuck1/cmd_vel,24.192709318,0.025,0.0
/epuck1/cmd_vel,24.19731957,0.025,0.0
/epuck1/cmd_vel,24.211604449,0.025,0.0
/epuck1/cmd_vel,24.219353101,0.025,0.0
/epuck1/cmd_vel,24.230747419,0.025,0.0
/epuck1/cmd_vel,24.235836668,0.025,0.0
/epuck1/cmd_vel,24.245187935,0.025,0.0
/epuck1/cmd_vel,24.253433864,0.025,0.0
/epuck1/cmd_vel,24.262216928,0.025,0.0
/epuck1/cmd_vel,24.27206747,0.025,0.0
/epuck1/cmd_vel,24.282121597,0.025,0.0
/epuck1/cmd_vel,24.289288061,0.025,0.0
/epuck1/cmd_vel,24.300391186,0.025,0.0
/epuck1/cmd_vel,24.3075102,0.025,0.0
/epuck1/cmd_vel,24.318137925,0.025,0.0
/epuck1/cmd_vel,24.324401638,0.025,0.0
/epuck1/cmd_vel,24.336108728,0.025,0.0
/epuck1/cmd_vel,24.343641207,0.025,0.0
/epuck1/cmd_vel,24.352599886,0.025,0.0
/epuck1/cmd_vel,24.361095453,0.025,0.0
/epuck1/cmd_vel,24.370173907,0.025,0.0
/epuck1/cmd_vel,24.379291719,0.025,0.0
/epuck1/cmd_vel,24.387939425,0.025,0.0
/epuck1/cmd_vel,24.395060637,0.025,0.0
/epuck1/cmd_vel,24.406149277,0.025,0.0
/epuck1/cmd_vel,24.412053169,0.025,0.0
/epuck1/cmd_vel,24.42222787,0.025,0.0
/epuck1/cmd_vel,24.428953897,0.025,0.0
/epuck1/cmd_vel,24.437263559,0.025,0.0
/epuck1/cmd_vel,24.446043427,0.025,0.0
/epuck1/cmd_vel,24.453764608,0.025,0.0
/epuck1/cmd_vel,24.459304083,0.025,0.0
/epuck1/cmd_vel,24.471268102,0.025,0.0
/epuck1/cmd_vel,24.476836147,0.025,0.0
/epuck1/cmd_vel,24.48917717,0.025,0.0
/epuck1/cmd_vel,24.495330599,0.025,0.0
/epuck1/cmd_vel,24.504959274,0.025,0.0
/epuck1/cmd_vel,24.514125536,0.025,0.0
/epuck1/cmd_vel,24.522806607,0.025,0.0
/epuck1/cmd_vel,24.531197683,0.025,0.0
/epuck1/cmd_vel,24.539510942,0.025,0.0
/epuck1/cmd_vel,24.547058605,0.025,0.0
/epuck1/cmd_vel,24.556209882,0.025,0.0
/epuck1/cmd_vel,24.561552164,0.025,0.0
/epuck1/cmd_vel,24.573575222,0.025,0.0
/epuck1/cmd_vel,24.577482313,0.025,0.0
/epuck1/cmd_vel,24.586437496,0.025,0.0
/epuck1/cmd_vel,24.595261118,0.025,0.0
/epuck1/cmd_vel,24.603267599,0.025,0.0
/epuck1/cmd_vel,24.612311988,0.025,0.0
/epuck1/cmd_vel,24.619514615,0.025,0.0
/epuck1/cmd_vel,24.626357119,0.025,0.0
/epuck1/cmd_vel,24.637762826,0.02384250719999983,-0.034724784000005116
/epuck1/cmd_vel,24.644590946,0.023196206800000143,-0.05411379599999577
/epuck1/cmd_vel,24.652586938,0.02244413760000015,-0.07667587199999559
/epuck1/cmd_vel,24.659873176,0.02171926980000052,-0.09842190599998446
/epuck1/cmd_vel,24.670430474,0.020635149800000366,-0.1309455059999891
/epuck1/cmd_vel,24.679322324,0.01970679599999983,-0.1587961200000052
/epuck1/cmd_vel,24.687087858,0.018889965000001042,-0.18330104999996877
/epuck1/cmd_vel,24.692179404,0.01837082090000024,-0.1988753729999928
/epuck1/cmd_vel,24.702410346,0.017352841299999967,-0.22941476100000102
/epuck1/cmd_vel,24.710295255,0.016640610299999994,-0.25078169100000025
/epuck1/cmd_vel,24.715961796,0.016022979699999954,-0.2693106090000015
/epuck1/cmd_vel,24.724419003,0.015178607600000763,-0.2946417719999772
/epuck1/cmd_vel,24.733905028,0.014195291600000817,-0.32414125199997557
/epuck1/cmd_vel,24.736878801,0.014013522700000183,-0.3295943189999946
/epuck1/cmd_vel,24.747444391,0.012876778100000767,-0.3636966569999771
/epuck1/cmd_vel,24.752493382,0.01237280800000065,-0.37881575999998063
/epuck1/cmd_vel,24.764342222,0.01133591840000037,-0.409922447999989
/epuck1/cmd_vel,24.76681662,0.010912893200000443,-0.4226132039999868
/epuck1/cmd_vel,24.774977739,0.010089189300001071,-0.447324320999968
/epuck1/cmd_vel,24.785914638,0.009235826700000876,-0.4729251989999739
/epuck1/cmd_vel,24.794048685,0.008264468100000505,-0.502065956999985
/epuck1/cmd_vel,24.796994187,0.007893887800000249,-0.5131833659999927
/epuck1/cmd_vel,24.808351045,0.006800267799999921,-0.5459919660000025
/epuck1/cmd_vel,24.814112487,0.006186103600001053,-0.5644168919999686
/epuck1/cmd_vel,24.821128809,0.006,-0.5853999269999974
/epuck1/cmd_vel,24.83147413,0.006,-0.6150300689999995
/epuck1/cmd_vel,24.840316432,0.006,-0.6394648769999804
/epuck1/cmd_vel,24.849757305,0.006,-0.65
/epuck1/cmd_vel,24.858127004,0.006,-0.65
/epuck1/cmd_vel,24.863961968,0.006,-0.65
/epuck1/cmd_vel,24.8764842,0.006,-0.65
/epuck1/cmd_vel,24.880970083,0.006,-0.65
/epuck1/cmd_vel,24.894209661,0.006,-0.65
/epuck1/cmd_vel,24.89938402,0.006,-0.65
/epuck1/cmd_vel,24.906653876,0.006,-0.65
/epuck1/cmd_vel,24.91598886,0.006,-0.65
/epuck1/cmd_vel,24.925284285,0.006,-0.65
/epuck1/cmd_vel,24.933545498,0.006,-0.65
/epuck1/cmd_vel,24.941754366,0.006413140549999724,-0.6169487560000221
/epuck1/cmd_vel,24.948893759,0.006749921450000101,-0.5900062839999919
/epuck1/cmd_vel,24.95961948,0.007320861049999422,-0.5443311160000462
/epuck1/cmd_vel,24.966454593,0.007657671899999968,-0.5173862480000025
/epuck1/cmd_vel,24.97856286,0.008233661199999659,-0.4713071040000273
/epuck1/cmd_vel,24.985696559,0.00855963344999941,-0.4452293240000472
/epuck1/cmd_vel,24.999303451,0.00930242235,-0.385806212
/epuck1/cmd_vel,25.00518107,0.009598630899999478,-0.3621095280000418
/epuck1/cmd_vel,25.011175067,0.009886757899999793,-0.33905936800001657
/epuck1/cmd_vel,25.020724426,0.010374435100000084,-0.30004519199999324
/epuck1/cmd_vel,25.028223041,0.01067196224999995,-0.276243020000004
/epuck1/cmd_vel,25.032939881,0.01097664684999961,-0.25186825200003116
/epuck1/cmd_vel,25.044704709,0.011554439299999813,-0.20564485600001492
/epuck1/cmd_vel,25.050065173,0.011825094649999583,-0.18399242800003324
/epuck1/cmd_vel,25.060986988,0.012,-0.1395163959999991
/epuck1/cmd_vel,25.067021043,0.012,-0.11653376000000437
/epuck1/cmd_vel,25.075522703,0.012,-0.08251713200004362
/epuck1/cmd_vel,25.0842747,0.012,-0.04898159599999874
/epuck1/cmd_vel,25.09157782,0.012,-0.018738596000014263
/epuck1/cmd_vel,25.097784794,0.012,0.008312555999998472
/epuck1/cmd_vel,25.109548124,0.012,0.038188740000001054
/epuck1/cmd_vel,25.113686772,0.012,0.055149105000003806
/epuck1/cmd_vel,25.125216848,0.012,0.08828286600000579
/epuck1/cmd_vel,25.130004213,0.012,0.10286313299997685
/epuck1/cmd_vel,25.137709311,0.012,0.12798601499999618
/epuck1/cmd_vel,25.149299124,0.012,0.16136761199999794
/epuck1/cmd_vel,25.15567301,0.012,0.18174385499999912
/epuck1/cmd_vel,25.162668253,0.012,0.20121515099997678
/epuck1/cmd_vel,25.173280178,0.012,0.23311924499998893
/epuck1/cmd_vel,25.178777967,0.012,0.24987300900000375
/epuck1/cmd_vel,25.190615164,0.012,0.2852884110000019
/epuck1/cmd_vel,25.19807017,0.012,0.3062702430000058
/epuck1/cmd_vel,25.205662317,0.012,0.32781332099999927
/epuck1/cmd_vel,25.213055895,0.012,0.35
/epuck1/cmd_vel,25.223193973,0.012,0.35
/epuck1/cmd_vel,25.233849747,0.012,0.35
/epuck1/cmd_vel,25.24307469,0.012,0.35
/epuck1/cmd_vel,25.24797158,0.012,0.35
/epuck1/cmd_vel,25.262859918,0.012,0.35
/epuck1/cmd_vel,25.269035517,0.012,0.35
/epuck1/cmd_vel,25.281899616,0.012,0.35
/epuck1/cmd_vel,25.287043517,0.012,0.35
/epuck1/cmd_vel,25.299019452,0.012,0.35
/epuck1/cmd_vel,25.305417391,0.012,0.35
/epuck1/cmd_vel,25.317262678,0.012,0.35
/epuck1/cmd_vel,25.323550047,0.012,0.35
/epuck1/cmd_vel,25.33114469,0.012,0.35
/epuck1/cmd_vel,25.338561142,0.012,0.35
/epuck1/cmd_vel,25.349519164,0.012,0.35
/epuck1/cmd_vel,25.355119433,0.012,0.35
/epuck1/cmd_vel,25.368620989,0.012,0.35
/epuck1/cmd_vel,25.373339686,0.012,0.35
/epuck1/cmd_vel,25.385951779,0.012,0.35
/epuck1/cmd_vel,25.39223725,0.012,0.35
/epuck1/cmd_vel,25.400525884,0.012,0.35
/epuck1/cmd_vel,25.409594309,0.012,0.35
/epuck1/cmd_vel,25.418469959,0.012,0.35
/epuck1/cmd_vel,25.427971779,0.012,0.35
/epuck1/cmd_vel,25.436242734,0.012,0.35
/epuck1/cmd_vel,25.442633482,0.012,0.35
/epuck1/cmd_vel,25.45286565,0.012,0.30660859999998136
/epuck1/cmd_vel,25.458170664,0.012,0.28549641999999265
/epuck1/cmd_vel,25.470114236,0.012,0.2400913680000144
/epuck1/cmd_vel,25.47577943,0.012,0.2170558279999909
/epuck1/cmd_vel,25.483678519,0.012,0.1841677799999729
/epuck1/cmd_vel,25.49174761,0.012,0.1826238656044006
/epuck1/cmd_vel,25.499708826,0.012,0.1826238656044006
/epuck1/cmd_vel,25.505318384,0.012,0.1826238656044006
/epuck1/cmd_vel,25.516642679,0.012,0.1826238656044006
/epuck1/cmd_vel,25.522834758,0.012,0.1826238656044006
/epuck1/cmd_vel,25.536475552,0.012,0.1826238656044006
/epuck1/cmd_vel,25.542726363,0.012,0.1826238656044006
/epuck1/cmd_vel,25.559229618,0.012,0.11255996960437867
/epuck1/cmd_vel,25.564924577,0.012,0.0928213856043976
/epuck1/cmd_vel,25.572393068,0.012,0.06289628160436903
/epuck1/cmd_vel,25.58071836,0.012,0.026464765604375745
/epuck1/cmd_vel,25.591098455,0.012,-0.012717942395622711
/epuck1/cmd_vel,25.596137879,0.012,-0.028060653395625107
/epuck1/cmd_vel,25.60919765,0.012,-0.06852756339561725
/epuck1/cmd_vel,25.61426554,0.012,-0.08403537939562741
/epuck1/cmd_vel,25.626832585,0.012,-0.0873698687553406
/epuck1/cmd_vel,25.631986276,0.012,-0.0873698687553406
/epuck1/cmd_vel,25.644638821,0.012,-0.0873698687553406
/epuck1/cmd_vel,25.650340173,0.012,-0.10565394775532357
/epuck1/cmd_vel,25.657731254,0.012,-0.11516334772109987
/epuck1/cmd_vel,25.665716343,0.012,-0.11516334772109987
/epuck1/cmd_vel,25.674883353,0.012,-0.11516334772109987
/epuck1/cmd_vel,25.679741987,0.012,-0.11516334772109987
/epuck1/cmd_vel,25.692402723,0.012,-0.11516334772109987
/epuck1/cmd_vel,25.699460293,0.012,-0.11516334772109987
/epuck1/cmd_vel,25.711107112,0.012,-0.11516334772109987
/epuck1/cmd_vel,25.716881778,0.012,-0.11516334772109987
/epuck1/cmd_vel,25.725677321,0.012,-0.11516334772109987
/epuck1/cmd_vel,25.734150141,0.012,-0.11516334772109987
/epuck1/cmd_vel,25.743683924,0.012,-0.11516334772109987
/epuck1/cmd_vel,25.752413943,0.012,-0.07913495972112289
/epuck1/cmd_vel,25.760839618,0.012,-0.0464658557211442
/epuck1/cmd_vel,25.76635199,0.012,-0.021282819721100188
/epuck1/cmd_vel,25.776490368,0.012,0.007922043800353985
/epuck1/cmd_vel,25.782575172,0.012,0.007922043800353985
/epuck1/cmd_vel,25.791071864,0.012,0.007922043800353985
/epuck1/cmd_vel,25.799672635,0.012,0.007922043800353985
/epuck1/cmd_vel,25.807800257,0.012,0.007922043800353985
/epuck1/cmd_vel,25.818932475,0.012,0.007922043800353985
/epuck1/cmd_vel,25.827766474,0.012,0.007922043800353985
/epuck1/cmd_vel,25.838933652,0.012,0.007922043800353985
/epuck1/cmd_vel,25.846540781,0.012,0.007922043800353985
/epuck1/cmd_vel,25.853679556,0.012,0.030976560800331166
/epuck1/cmd_vel,25.864501836,0.012,0.03174499511718748
/epuck1/cmd_vel,25.869413409,0.012,0.03174499511718748
/epuck1/cmd_vel,25.880712233,0.012,0.03174499511718748
/epuck1/cmd_vel,25.885943833,0.012,0.03174499511718748
/epuck1/cmd_vel,25.895119932,0.012,0.03174499511718748
/epuck1/cmd_vel,25.904887842,0.012,0.03174499511718748
/epuck1/cmd_vel,25.913228316,0.012,0.03174499511718748
/epuck1/cmd_vel,25.923061549,0.012,0.03174499511718748
/epuck1/cmd_vel,25.932790504,0.012,0.03174499511718748
/epuck1/cmd_vel,25.938475275,0.012,0.03174499511718748
/epuck1/cmd_vel,25.950350727,0.012,0.03174499511718748
/epuck1/cmd_vel,25.957543739,0.012,0.0024068071171904903
/epuck1/cmd_vel,25.96903414,0.012,-0.003989485502243062
/epuck1/cmd_vel,25.974094439,0.012,-0.003989485502243062
/epuck1/cmd_vel,25.986945154,0.012,-0.003989485502243062
/epuck1/cmd_vel,25.992844175,0.012,-0.003989485502243062
/epuck1/cmd_vel,26.001366038,0.012,-0.003989485502243062
/epuck1/cmd_vel,26.011444585,0.012,-0.003989485502243062
/epuck1/cmd_vel,26.020709781,0.012,-0.003989485502243062
/epuck1/cmd_vel,26.028743412,0.012,-0.003989485502243062
/epuck1/cmd_vel,26.036269137,0.012,-0.003989485502243062
/epuck1/cmd_vel,26.041941322,0.012,-0.003989485502243062
/epuck1/cmd_vel,26.06131533,0.012,-0.003989485502243062
/epuck1/cmd_vel,26.067728252,0.012,-0.003989485502243062
/epuck1/cmd_vel,26.079645855,0.012,-0.003989485502243062
/epuck1/cmd_vel,26.084283646,0.012,-0.003989485502243062
/epuck1/cmd_vel,26.092244064,0.012,-0.003989485502243062
/epuck1/cmd_vel,26.100732365,0.012,-0.003989485502243062
/epuck1/cmd_vel,26.109078932,0.012,-0.003989485502243062
/epuck1/cmd_vel,26.114743527,0.012,-0.003989485502243062
/epuck1/cmd_vel,26.125842384,0.012,-0.003989485502243062
/epuck1/cmd_vel,26.133676049,0.012,-0.003989485502243062
/epuck1/cmd_vel,26.144349603,0.012,-0.003989485502243062
/epuck1/cmd_vel,26.150113981,0.012,-0.003989485502243062
/epuck1/cmd_vel,26.159397161,0.012,-1.8957853317280553e-05
/epuck1/cmd_vel,26.169668953,0.012,-1.8957853317280726e-05
/epuck1/cmd_vel,26.177880254,0.012,-1.8957853317280726e-05
/epuck1/cmd_vel,26.187542118,0.012,-1.8957853317280726e-05
/epuck1/cmd_vel,26.196158207,0.012,-1.8957853317280726e-05
/epuck1/cmd_vel,26.201752223,0.012,-1.8957853317280726e-05
/epuck1/cmd_vel,26.214204154,0.012,-1.8957853317280726e-05
/epuck1/cmd_vel,26.219201825,0.012,-1.8957853317280726e-05
/epuck1/cmd_vel,26.230339121,0.012,-1.8957853317280726e-05
/epuck1/cmd_vel,26.236517397,0.012,-1.8957853317280726e-05
/epuck1/cmd_vel,26.242822113,0.012,-1.8957853317280726e-05
/epuck1/cmd_vel,26.251414332,0.012,-1.8957853317280726e-05
/epuck1/cmd_vel,26.25995981,0.012,-1.8957853317280726e-05
/epuck1/cmd_vel,26.26430311,0.012,-1.8957853317280726e-05
/epuck1/cmd_vel,26.2765499,0.012,-1.8957853317280726e-05
/epuck1/cmd_vel,26.282880583,0.012,-1.8957853317280726e-05
/epuck1/cmd_vel,26.294287438,0.012,-1.8957853317280726e-05
/epuck1/cmd_vel,26.301628941,0.012,-1.8957853317280726e-05
/epuck1/cmd_vel,26.308653445,0.012,-1.8957853317280726e-05
/epuck1/cmd_vel,26.317007666,0.012,-1.8957853317280726e-05
/epuck1/cmd_vel,26.324707515,0.012,-1.8957853317280726e-05
/epuck1/cmd_vel,26.330419781,0.012,-1.8957853317280726e-05
/epuck1/cmd_vel,26.341968056,0.012,-1.8957853317280726e-05
/epuck1/cmd_vel,26.349568831,0.012,-1.8957853317280726e-05
/epuck1/cmd_vel,26.364076059,0.012,-1.8957853317280726e-05
/epuck1/cmd_vel,26.37002153,0.012,-1.8957853317280726e-05
/epuck1/cmd_vel,26.381549731,0.012,-1.8957853317280726e-05
/epuck1/cmd_vel,26.387706534,0.012,-1.8957853317280726e-05
/epuck1/cmd_vel,26.404271256,0.012,-1.8957853317280726e-05
/epuck1/cmd_vel,26.410489781,0.012,-1.8957853317280726e-05
/epuck1/cmd_vel,26.422029668,0.012,-1.8957853317280726e-05
/epuck1/cmd_vel,26.427668527,0.012,-1.8957853317280726e-05
/epuck1/cmd_vel,26.443417283,0.012,-1.8957853317280726e-05
/epuck1/cmd_vel,26.448329162,0.012,-1.8957853317280726e-05
/epuck1/cmd_vel,26.457386892,0.012,-1.8957853317280726e-05
/epuck1/cmd_vel,26.463917522,0.012,-1.8957853317280726e-05
/epuck1/cmd_vel,26.4723838,0.012,-1.8957853317280726e-05
/epuck1/cmd_vel,26.476667475,0.012,-1.8957853317280726e-05
/epuck1/cmd_vel,26.488355274,0.012,-1.8957853317280726e-05
/epuck1/cmd_vel,26.493707396,0.012,-1.8957853317280726e-05
/epuck1/cmd_vel,26.506414204,0.012,-1.8957853317280726e-05
/epuck1/cmd_vel,26.51268776,0.012,-1.8957853317280726e-05
/epuck1/cmd_vel,26.522992111,0.012,-1.8957853317280726e-05
/epuck1/cmd_vel,26.52926247,0.012,-1.8957853317280726e-05
/epuck1/cmd_vel,26.537218694,0.012,-1.8957853317280726e-05
/epuck1/cmd_vel,26.542239037,0.012,-1.8957853317280726e-05
/epuck1/cmd_vel,26.554524678,0.012,-1.8957853317280726e-05
/epuck1/cmd_vel,26.558639367,0.012,-1.8957853317280726e-05
/epuck1/cmd_vel,26.565310619,0.012,0.003951516151428203
/epuck1/cmd_vel,26.574031176,0.012,0.003951516151428203
/epuck1/cmd_vel,26.582215611,0.012,0.003951516151428203
/epuck1/cmd_vel,26.591712984,0.012,0.003951516151428203
/epuck1/cmd_vel,26.600234492,0.012,0.003951516151428203
/epuck1/cmd_vel,26.60667993,0.012,0.003951516151428203
/epuck1/cmd_vel,26.61780564,0.012,0.003951516151428203
/epuck1/cmd_vel,26.623131596,0.012,0.003951516151428203
/epuck1/cmd_vel,26.635092449,0.012,0.003951516151428203
/epuck1/cmd_vel,26.639751149,0.012,0.003951516151428203
/epuck1/cmd_vel,26.647783876,0.012,0.003951516151428203
/epuck1/cmd_vel,26.656286609,0.012,0.003951516151428203
/epuck1/cmd_vel,26.664574114,0.012,-0.003989485502243063
/epuck1/cmd_vel,26.672450539,0.012,-0.003989485502243062
/epuck1/cmd_vel,26.683205519,0.012,-0.003989485502243062
/epuck1/cmd_vel,26.688687377,0.012,-0.003989485502243062
/epuck1/cmd_vel,26.698902541,0.012,-0.003989485502243062
/epuck1/cmd_vel,26.706546261,0.012,-0.003989485502243062
/epuck1/cmd_vel,26.713821647,0.012,-0.003989485502243062
/epuck1/cmd_vel,26.723206563,0.012,-0.003989485502243062
/epuck1/cmd_vel,26.731432945,0.012,-0.003989485502243062
/epuck1/cmd_vel,26.742042409,0.012,-0.003989485502243062
/epuck1/cmd_vel,26.750290164,0.012,-0.003989485502243062
/epuck1/cmd_vel,26.756931154,0.012,-0.003989485502243062
/epuck1/cmd_vel,26.768246824,0.012,-1.8957853317280553e-05
/epuck1/cmd_vel,26.773700418,0.012,-1.8957853317280726e-05
/epuck1/cmd_vel,26.786673289,0.012,-1.8957853317280726e-05
/epuck1/cmd_vel,26.792803227,0.012,-1.8957853317280726e-05
/epuck1/cmd_vel,26.803936528,0.012,-1.8957853317280726e-05
/epuck1/cmd_vel,26.811073689,0.012,-1.8957853317280726e-05
/epuck1/cmd_vel,26.819575323,0.012,-1.8957853317280726e-05
/epuck1/cmd_vel,26.82898271,0.012,-1.8957853317280726e-05
/epuck1/cmd_vel,26.839075628,0.012,-1.8957853317280726e-05
/epuck1/cmd_vel,26.847028656,0.012,-1.8957853317280726e-05
/epuck1/cmd_vel,26.856084788,0.012,-1.8957853317280726e-05
/epuck1/cmd_vel,26.861151172,0.012,-1.8957853317280726e-05
/epuck1/cmd_vel,26.872550137,0.012,0.003951516151428203
/epuck1/cmd_vel,26.878375659,0.012,0.003951516151428203
/epuck1/cmd_vel,26.890653211,0.012,0.003951516151428203
/epuck1/cmd_vel,26.897603909,0.012,0.003951516151428203
/epuck1/cmd_vel,26.905542056,0.012,0.003951516151428203
/epuck1/cmd_vel,26.912564363,0.012,0.003951516151428203
/epuck1/cmd_vel,26.922809089,0.012,0.003951516151428203
/epuck1/cmd_vel,26.931581181,0.012,0.003951516151428203
/epuck1/cmd_vel,26.939941893,0.012,0.003951516151428203
/epuck1/cmd_vel,26.946560112,0.012,0.003951516151428203
/epuck1/cmd_vel,26.956579323,0.012,0.003951516151428203
/epuck1/cmd_vel,26.961233629,0.012,0.003951516151428203
/epuck1/cmd_vel,26.973424391,0.012,0.003951516151428203
/epuck1/cmd_vel,26.98035062,0.012,-0.003989485502243063
/epuck1/cmd_vel,26.986610892,0.012,-0.003989485502243062
/epuck1/cmd_vel,26.995695487,0.012,-0.003989485502243062
/epuck1/cmd_vel,27.005653077,0.012,-0.003989485502243062
/epuck1/cmd_vel,27.011247792,0.012,-0.003989485502243062
/epuck1/cmd_vel,27.022951471,0.012,-0.003989485502243062
/epuck1/cmd_vel,27.028289711,0.012,-0.003989485502243062
/epuck1/cmd_vel,27.04015089,0.012,-0.003989485502243062
/epuck1/cmd_vel,27.046256658,0.012,-0.003989485502243062
/epuck1/cmd_vel,27.055107749,0.012,-0.003989485502243062
/epuck1/cmd_vel,27.064130023,0.012,-0.003989485502243062
/epuck1/cmd_vel,27.071565207,0.012,-0.003989485502243062
/epuck1/cmd_vel,27.077039675,0.012,-0.003989485502243062
/epuck1/cmd_vel,27.086950424,0.012,-1.8957853317280553e-05
/epuck1/cmd_vel,27.092646111,0.012,-1.8957853317280726e-05
/epuck1/cmd_vel,27.100762233,0.012,-1.8957853317280726e-05
/epuck1/cmd_vel,27.107986884,0.012,-1.8957853317280726e-05
/epuck1/cmd_vel,27.116894303,0.012,-1.8957853317280726e-05
/epuck1/cmd_vel,27.121977366,0.012,-1.8957853317280726e-05
/epuck1/cmd_vel,27.134626048,0.012,-1.8957853317280726e-05
/epuck1/cmd_vel,27.139893777,0.012,-1.8957853317280726e-05
/epuck1/cmd_vel,27.151251537,0.012,-1.8957853317280726e-05
/epuck1/cmd_vel,27.156298802,0.012,-1.8957853317280726e-05
/epuck1/cmd_vel,27.165483764,0.012,-1.8957853317280726e-05
/epuck1/cmd_vel,27.17336619,0.012,-1.8957853317280726e-05
/epuck1/cmd_vel,27.182169569,0.012,-1.8957853317280726e-05
/epuck1/cmd_vel,27.187277852,0.012,-1.8957853317280726e-05
/epuck1/cmd_vel,27.200958227,0.012,-1.8957853317280726e-05
/epuck1/cmd_vel,27.208483437,0.012,-1.8957853317280726e-05
/epuck1/cmd_vel,27.221041631,0.012,-1.8957853317280726e-05
/epuck1/cmd_vel,27.226675802,0.012,-1.8957853317280726e-05
/epuck1/cmd_vel,27.23796851,0.012,-1.8957853317280726e-05
/epuck1/cmd_vel,27.243744688,0.012,-1.8957853317280726e-05
/epuck1/cmd_vel,27.251810167,0.012,-1.8957853317280726e-05
/epuck1/cmd_vel,27.261183873,0.012,-1.8957853317280726e-05
/epuck1/cmd_vel,27.268087425,0.012,-1.8957853317280726e-05
/epuck1/cmd_vel,27.274081808,0.012,-1.8957853317280726e-05
/epuck1/cmd_vel,27.285896709,0.012,-1.8957853317280726e-05
/epuck1/cmd_vel,27.290202179,0.012,-1.8957853317280726e-05
/epuck1/cmd_vel,27.301666155,0.012,-1.8957853317280726e-05
/epuck1/cmd_vel,27.30633663,0.012,-1.8957853317280726e-05
/epuck1/cmd_vel,27.314662456,0.012,-1.8957853317280726e-05
/epuck1/cmd_vel,27.322876034,0.012,-1.8957853317280726e-05
/epuck1/cmd_vel,27.331444331,0.012,-1.8957853317280726e-05
/epuck1/cmd_vel,27.342168809,0.012,-1.8957853317280726e-05
/epuck1/cmd_vel,27.350657514,0.012,-1.8957853317280726e-05
/epuck1/cmd_vel,27.356136994,0.012,-1.8957853317280726e-05
/epuck1/cmd_vel,27.367364491,0.012,-1.8957853317280726e-05
/epuck1/cmd_vel,27.374309386,0.012,-1.8957853317280726e-05
/epuck1/cmd_vel,27.382540241,0.012,-1.8957853317280726e-05
/epuck1/cmd_vel,27.392749316,0.012,0.003951516151428203
/epuck1/cmd_vel,27.401122578,0.012,0.003951516151428203
/epuck1/cmd_vel,27.410917114,0.012,0.003951516151428203
/epuck1/cmd_vel,27.417490513,0.012,0.003951516151428203
/epuck1/cmd_vel,27.42501782,0.012,0.003951516151428203
/epuck1/cmd_vel,27.437986359,0.012,0.003951516151428203
/epuck1/cmd_vel,27.443580484,0.012,0.003951516151428203
/epuck1/cmd_vel,27.45770286,0.012,0.003951516151428203
/epuck1/cmd_vel,27.466637661,0.012,0.003951516151428203
/epuck1/cmd_vel,27.47536035,0.012,0.003951516151428203
/epuck1/cmd_vel,27.481879222,0.012,0.003951516151428203
/epuck1/cmd_vel,27.490909294,0.012,-1.8957853317280553e-05
/epuck1/cmd_vel,27.499106294,0.012,-1.8957853317280726e-05
/epuck1/cmd_vel,27.507881012,0.012,-1.8957853317280726e-05
/epuck1/cmd_vel,27.517204587,0.012,-1.8957853317280726e-05
/epuck1/cmd_vel,27.527074522,0.012,-1.8957853317280726e-05
/epuck1/cmd_vel,27.532892943,0.012,-1.8957853317280726e-05
/epuck1/cmd_vel,27.544308185,0.012,-1.8957853317280726e-05
/epuck1/cmd_vel,27.549482878,0.012,-1.8957853317280726e-05
/epuck1/cmd_vel,27.562583737,0.012,-1.8957853317280726e-05
/epuck1/cmd_vel,27.569255403,0.012,-1.8957853317280726e-05
/epuck1/cmd_vel,27.576969757,0.012,-1.8957853317280726e-05
/epuck1/cmd_vel,27.584642067,0.012,-1.8957853317280726e-05
/epuck1/cmd_vel,27.593543613,0.012,-0.003989485502243062
/epuck1/cmd_vel,27.602624517,0.012,-0.003989485502243062
/epuck1/cmd_vel,27.611273205,0.012,-0.003989485502243062
/epuck1/cmd_vel,27.61649813,0.012,-0.003989485502243062
/epuck1/cmd_vel,27.628772509,0.012,-0.003989485502243062
/epuck1/cmd_vel,27.634890424,0.012,-0.003989485502243062
/epuck1/cmd_vel,27.647745017,0.012,-0.003989485502243062
/epuck1/cmd_vel,27.65317856,0.012,-0.003989485502243062
/epuck1/cmd_vel,27.66083639,0.012,-0.003989485502243062
/epuck1/cmd_vel,27.670127409,0.012,-0.003989485502243062
/epuck1/cmd_vel,27.678661752,0.012,-0.003989485502243062
/epuck1/cmd_vel,27.684344956,0.012,-0.003989485502243062
/epuck1/cmd_vel,27.696064486,0.012,-1.8957853317280553e-05
/epuck1/cmd_vel,27.701556949,0.012,-1.8957853317280726e-05
/epuck1/cmd_vel,27.711751344,0.012,-1.8957853317280726e-05
/epuck1/cmd_vel,27.718561323,0.012,-1.8957853317280726e-05
/epuck1/cmd_vel,27.727505211,0.012,-1.8957853317280726e-05
/epuck1/cmd_vel,27.736163687,0.012,-1.8957853317280726e-05
/epuck1/cmd_vel,27.74435819,0.012,-1.8957853317280726e-05
/epuck1/cmd_vel,27.750349677,0.012,-1.8957853317280726e-05
/epuck1/cmd_vel,27.764416329,0.012,-1.8957853317280726e-05
/epuck1/cmd_vel,27.770098834,0.012,-1.8957853317280726e-05
/epuck1/cmd_vel,27.781291577,0.012,-1.8957853317280726e-05
/epuck1/cmd_vel,27.787873165,0.012,-1.8957853317280726e-05
/epuck1/cmd_vel,27.799463071,0.012,-1.8957853317280726e-05
/epuck1/cmd_vel,27.804771782,0.012,-1.8957853317280726e-05
/epuck1/cmd_vel,27.814941011,0.012,-1.8957853317280726e-05
/epuck1/cmd_vel,27.823695157,0.012,-1.8957853317280726e-05
/epuck1/cmd_vel,27.832022281,0.012,-1.8957853317280726e-05
/epuck1/cmd_vel,27.83963657,0.012,-1.8957853317280726e-05
/epuck1/cmd_vel,27.849439096,0.012,-1.8957853317280726e-05
/epuck1/cmd_vel,27.855079159,0.012,-1.8957853317280726e-05
/epuck1/cmd_vel,27.869218313,0.012,-1.8957853317280726e-05
/epuck1/cmd_vel,27.875348012,0.012,-1.8957853317280726e-05
/epuck1/cmd_vel,27.884347126,0.012,-1.8957853317280726e-05
/epuck1/cmd_vel,27.89304345,0.012,-1.8957853317280726e-05
/epuck1/cmd_vel,27.901744468,0.012,-1.8957853317280726e-05
/epuck1/cmd_vel,27.911478487,0.012,-1.8957853317280726e-05
/epuck1/cmd_vel,27.920630693,0.012,-1.8957853317280726e-05
/epuck1/cmd_vel,27.925897461,0.012,-1.8957853317280726e-05
/epuck1/cmd_vel,27.93786915,0.012,-1.8957853317280726e-05
/epuck1/cmd_vel,27.944569177,0.012,-1.8957853317280726e-05
/epuck1/cmd_vel,27.95521596,0.012,-1.8957853317280726e-05
/epuck1/cmd_vel,27.959974417,0.012,-1.8957853317280726e-05
/epuck1/cmd_vel,27.970206162,0.012,-1.8957853317280726e-05
/epuck1/cmd_vel,27.980299394,0.012,-1.8957853317280726e-05
/epuck1/cmd_vel,27.985443029,0.012,-1.8957853317280726e-05
/epuck1/cmd_vel,27.989790242,0.012,-1.8957853317280726e-05
/epuck1/cmd_vel,28.001554412,0.012,0.003951516151428203
/epuck1/cmd_vel,28.007489575,0.012,0.003951516151428203
/epuck1/cmd_vel,28.016527436,0.012,0.003951516151428203
/epuck1/cmd_vel,28.025936096,0.012,0.003951516151428203
/epuck1/cmd_vel,28.03206969,0.012,0.003951516151428203
/epuck1/cmd_vel,28.036982138,0.012,0.003951516151428203
/epuck1/cmd_vel,28.048921171,0.012,0.003951516151428203
/epuck1/cmd_vel,28.054522885,0.012,0.003951516151428203
/epuck1/cmd_vel,28.067114934,0.012,0.003951516151428203
/epuck1/cmd_vel,28.07353514,0.012,0.003951516151428203
/epuck1/cmd_vel,28.084570597,0.012,0.003951516151428203
/epuck1/cmd_vel,28.092923685,0.012,0.003951516151428203
/epuck1/cmd_vel,28.106081468,0.012,0.003951516151428203
/epuck1/cmd_vel,28.111060426,0.012,-0.003989485502243063
/epuck1/cmd_vel,28.120100384,0.012,-0.003989485502243062
/epuck1/cmd_vel,28.129440337,0.012,-0.003989485502243062
/epuck1/cmd_vel,28.138592743,0.012,-0.003989485502243062
/epuck1/cmd_vel,28.146930353,0.012,-0.003989485502243062
/epuck1/cmd_vel,28.154597576,0.012,-0.003989485502243062
/epuck1/cmd_vel,28.159853156,0.012,-0.003989485502243062
/epuck1/cmd_vel,28.172375238,0.012,-0.003989485502243062
/epuck1/cmd_vel,28.176085229,0.012,-0.003989485502243062
/epuck1/cmd_vel,28.184187635,0.012,-0.003989485502243062
/epuck1/cmd_vel,28.191760399,0.012,-0.003989485502243062
/epuck1/cmd_vel,28.201649648,0.012,-0.003989485502243062
/epuck1/cmd_vel,28.205566443,0.012,-0.003989485502243062
/epuck1/cmd_vel,28.220414796,0.012,-1.8957853317280553e-05
/epuck1/cmd_vel,28.224803117,0.012,0.01835475014669553
/epuck1/cmd_vel,28.237927037,0.012,0.05377756214668862
/epuck1/cmd_vel,28.243060392,0.012,0.07339229414668237
/epuck1/cmd_vel,28.252574278,0.012,0.10238690414670883
/epuck1/cmd_vel,28.260168312,0.012,0.1242043861466834
/epuck1/cmd_vel,28.269251315,0.012,0.15196865714670704
/epuck1/cmd_vel,28.275056807,0.012,0.1670988061467079
/epuck1/cmd_vel,28.285357468,0.012,0.19817094614671416
/epuck1/cmd_vel,28.290528069,0.012,0.2150958271467226
/epuck1/cmd_vel,28.302776542,0.012,0.24988804214669014
/epuck1/cmd_vel,28.310110947,0.012,0.2707678651467057
/epuck1/cmd_vel,28.319193151,0.012,0.29990567114668576
/epuck1/cmd_vel,28.327746212,0.012,0.3
/epuck1/cmd_vel,28.335114868,0.012,0.3
/epuck1/cmd_vel,28.341004141,0.012,0.3
/epuck1/cmd_vel,28.352068209,0.012,0.3
/epuck1/cmd_vel,28.359814924,0.012,0.3
/epuck1/cmd_vel,28.370301419,0.012,0.3
/epuck1/cmd_vel,28.376138167,0.012,0.3
/epuck1/cmd_vel,28.389626765,0.012,0.3
/epuck1/cmd_vel,28.39451547,0.012,0.3
/epuck1/cmd_vel,28.403277432,0.012,0.3
/epuck1/cmd_vel,28.414889916,0.012,0.2628283920000058
/epuck1/cmd_vel,28.421155051,0.012,0.2620526790618896
/epuck1/cmd_vel,28.427085065,0.012,0.2620526790618896
/epuck1/cmd_vel,28.439596762,0.012,0.2620526790618896
/epuck1/cmd_vel,28.445036678,0.012,0.2620526790618896
/epuck1/cmd_vel,28.454815685,0.012,0.2620526790618896
/epuck1/cmd_vel,28.458742765,0.012,0.2620526790618896
/epuck1/cmd_vel,28.466441549,0.012,0.2620526790618896
/epuck1/cmd_vel,28.474076424,0.012,0.2620526790618896
/epuck1/cmd_vel,28.484984315,0.012,0.2620526790618896
/epuck1/cmd_vel,28.490609566,0.012,0.2620526790618896
/epuck1/cmd_vel,28.501331224,0.012,0.2620526790618896
/epuck1/cmd_vel,28.509371519,0.012,0.2620526790618896
/epuck1/cmd_vel,28.521553288,0.012,0.20491284306191343
/epuck1/cmd_vel,28.526330552,0.012240076500000441,0.18570672306187813
/epuck1/cmd_vel,28.534521331,0.012649490650000218,0.15295359106189604
/epuck1/cmd_vel,28.543249542,0.013061206500000368,0.12001632306188409
/epuck1/cmd_vel,28.552251261,0.013527639050000574,0.08270171906186757
/epuck1/cmd_vel,28.562869267,0.014056597150000528,0.0485282763838768
/epuck1/cmd_vel,28.570036811,0.01440534315000005,0.0485282763838768
/epuck1/cmd_vel,28.576214671,0.014737128350000262,0.0485282763838768
/epuck1/cmd_vel,28.589747906,0.015392650350000536,0.0485282763838768
/epuck1/cmd_vel,28.594784099,0.015645238949999907,0.0485282763838768
/epuck1/cmd_vel,28.606917038,0.016233187600000577,0.0485282763838768
/epuck1/cmd_vel,28.612416269,0.016526013600000312,0.0485282763838768
/epuck1/cmd_vel,28.624835198,0.017135251800000164,0.0485282763838768
/epuck1/cmd_vel,28.630402831,0.017434943000000206,0.024552980383873546
/epuck1/cmd_vel,28.640005191,0.017926414700000042,-0.014764755616113234
/epuck1/cmd_vel,28.649951459,0.018366609850000066,-0.017646646127104763
/epuck1/cmd_vel,28.658285633,0.01883069075000021,-0.017646646127104763
/epuck1/cmd_vel,28.667083943,0.01923496725000033,-0.017646646127104763
/epuck1/cmd_vel,28.677883789,0.019736015300000083,-0.017646646127104763
/epuck1/cmd_vel,28.681840927,0.020002928350000365,-0.017646646127104763
/epuck1/cmd_vel,28.692189119,0.020538531950000567,-0.017646646127104763
/epuck1/cmd_vel,28.697673771,0.020790102000000393,-0.017646646127104763
/epuck1/cmd_vel,28.706994135,0.021273999550000415,-0.017646646127104763
/epuck1/cmd_vel,28.712391411,0.021538575950000454,-0.017646646127104763
/epuck1/cmd_vel,28.721147482,0.021907533000000517,-0.017646646127104763
/epuck1/cmd_vel,28.728445739,0.02233021320000032,-0.017646646127104763
/epuck1/cmd_vel,28.736831439,0.0227643719500004,-0.01544081512838602
/epuck1/cmd_vel,28.740462144,0.022949322300000123,-0.01544081512838602
/epuck1/cmd_vel,28.753326636,0.023585576850000484,-0.01544081512838602
/epuck1/cmd_vel,28.757794343,0.023785216200000552,-0.01544081512838602
/epuck1/cmd_vel,28.767079057,0.0242550239000006,-0.01544081512838602
/epuck1/cmd_vel,28.775451577,0.024694884500000118,-0.01544081512838602
/epuck1/cmd_vel,28.783809417,0.025,-0.01544081512838602
/epuck1/cmd_vel,28.78932862,0.025,-0.01544081512838602
/epuck1/cmd_vel,28.80180297,0.025,-0.01544081512838602
/epuck1/cmd_vel,28.806250206,0.025,-0.01544081512838602
/epuck1/cmd_vel,28.818936053,0.025,-0.01544081512838602
/epuck1/cmd_vel,28.824452659,0.025,-0.01544081512838602
/epuck1/cmd_vel,28.832976163,0.025,-0.01544081512838602
/epuck1/cmd_vel,28.841523932,0.025,-0.00441166153177619
/epuck1/cmd_vel,28.85295108,0.025,-0.00441166153177619
/epuck1/cmd_vel,28.861605197,0.025,-0.00441166153177619
/epuck1/cmd_vel,28.869448673,0.025,-0.00441166153177619
/epuck1/cmd_vel,28.877281066,0.025,-0.00441166153177619
/epuck1/cmd_vel,28.888559327,0.025,-0.00441166153177619
/epuck1/cmd_vel,28.894541966,0.025,-0.00441166153177619
/epuck1/cmd_vel,28.908855984,0.025,-0.00441166153177619
/epuck1/cmd_vel,28.915170748,0.025,-0.00441166153177619
/epuck1/cmd_vel,28.928954425,0.025,-0.00441166153177619
/epuck1/cmd_vel,28.935270587,0.025,3.0878077872387166e-16
/epuck1/cmd_vel,28.94377981,0.025,3.0878077872387166e-16
/epuck1/cmd_vel,28.953858588,0.025,3.0878077872387166e-16
/epuck1/cmd_vel,28.961250511,0.025,3.0878077872387166e-16
/epuck1/cmd_vel,28.971204867,0.025,3.0878077872387166e-16
/epuck1/cmd_vel,28.979663364,0.025,3.0878077872387166e-16
/epuck1/cmd_vel,28.986328426,0.025,3.0878077872387166e-16
/epuck1/cmd_vel,28.997236118,0.025,3.0878077872387166e-16
/epuck1/cmd_vel,29.002490799,0.025,3.0878077872387166e-16
/epuck1/cmd_vel,29.013235524,0.025,3.0878077872387166e-16
/epuck1/cmd_vel,29.020678174,0.025,3.0878077872387166e-16
/epuck1/cmd_vel,29.029581734,0.0,0.0
/epuck1/cmd_vel,29.039981652,0.0,0.0
/epuck1/cmd_vel,29.048034529,0.0,0.0
/epuck1/cmd_vel,29.056681656,0.0,0.0
/epuck1/cmd_vel,29.067977456,0.0,0.0
/epuck1/cmd_vel,29.072044436,0.0,0.0
/epuck1/cmd_vel,29.084456831,0.0,0.0
/epuck1/cmd_vel,29.090420323,0.0,0.0
/epuck1/cmd_vel,29.10092083,0.0,0.0
/epuck1/cmd_vel,29.106181567,0.0,0.0
/epuck1/cmd_vel,29.114322115,0.0,0.0
/epuck1/cmd_vel,29.122603834,0.0,0.0
/epuck1/cmd_vel,29.130135474,0.0,0.0
/epuck1/cmd_vel,29.136337478,0.0,0.0
/epuck1/cmd_vel,29.149962998,0.0,0.0
/epuck1/cmd_vel,29.156618853,0.0,0.0
/epuck1/cmd_vel,29.168054269,0.0,0.0
/epuck1/cmd_vel,29.173648686,0.0,0.0
/epuck1/cmd_vel,29.18096768,0.0,0.0
/epuck1/cmd_vel,29.190839247,0.0,0.0
/epuck1/cmd_vel,29.199789875,0.0,0.0
/epuck1/cmd_vel,29.207073929,0.0,0.0
/epuck1/cmd_vel,29.218230917,0.0,0.0
/epuck1/cmd_vel,29.224290545,0.0,0.0
/epuck1/cmd_vel,29.235034933,0.0,0.0
/epuck1/cmd_vel,29.240462233,0.0,0.0
/epuck1/cmd_vel,29.251165391,0.0,0.0
/epuck1/cmd_vel,29.257287414,0.0,0.0
/epuck1/cmd_vel,29.265429213,0.0,0.0
/epuck1/cmd_vel,29.273881585,0.0,0.0
/epuck1/cmd_vel,29.282096461,0.0,0.0
/epuck1/cmd_vel,29.2876776,0.0,0.0
/epuck1/cmd_vel,29.298874221,0.0,0.0
/epuck1/cmd_vel,29.304220858,0.0,0.0
/epuck1/cmd_vel,29.311003362,0.0,0.0
/epuck1/cmd_vel,29.320039245,0.0,0.0
/epuck1/cmd_vel,29.329852911,0.0,0.0
/epuck1/cmd_vel,29.339953689,0.0,0.0
/epuck1/cmd_vel,29.346163363,0.0,0.0
/epuck1/cmd_vel,29.352468975,0.0,0.0
/epuck1/cmd_vel,29.36268386,0.0,0.0
/epuck1/cmd_vel,29.368170759,0.0,0.0
/epuck1/cmd_vel,29.377489164,0.0,0.0
/epuck1/cmd_vel,29.386652132,0.0,0.0
/epuck1/cmd_vel,29.395566821,0.0,0.0
/epuck1/cmd_vel,29.404591424,0.0,0.0
/epuck1/cmd_vel,29.413168885,0.0,0.0
/epuck1/cmd_vel,29.418532393,0.0,0.0
/epuck1/cmd_vel,29.430903723,0.0,0.0
/epuck1/cmd_vel,29.436174489,0.0,0.0
/epuck1/cmd_vel,29.445762537,0.0,0.0
/epuck1/cmd_vel,29.455077747,0.0,0.0
/epuck1/cmd_vel,29.464294324,0.0,0.0
/epuck1/cmd_vel,29.472087814,0.0,0.0
/epuck1/cmd_vel,29.479484176,0.0,0.0
/epuck1/cmd_vel,29.484833808,0.0,0.0
/epuck1/cmd_vel,29.495088027,0.0,0.0
/epuck1/cmd_vel,29.50034841,0.0,0.0
/epuck1/cmd_vel,29.508226357,0.0,0.0
/epuck1/cmd_vel,29.517652778,0.0,0.0
/epuck1/cmd_vel,29.525956503,0.0,0.0
/epuck1/cmd_vel,29.531780431,0.0,0.0
/epuck1/cmd_vel,29.543051725,0.0,0.0
/epuck1/cmd_vel,29.548309613,0.0,0.0
/epuck1/cmd_vel,29.558664261,0.0,0.0
/epuck1/cmd_vel,29.564816932,0.0,0.0
/epuck1/cmd_vel,29.573366939,0.0,0.0
/epuck1/cmd_vel,29.583620858,0.0,0.0
/epuck1/cmd_vel,29.591840625,0.0,0.0
/epuck1/cmd_vel,29.59634479,0.0,0.0
/epuck1/cmd_vel,29.607538117,0.0,0.0
/epuck1/cmd_vel,29.612630685,0.0,0.0
/epuck1/cmd_vel,29.624487886,0.0,0.0
/epuck1/cmd_vel,29.629732995,0.0,0.0
/epuck1/cmd_vel,29.638394813,0.0,0.0
/epuck1/cmd_vel,29.646879231,0.0,0.0
/epuck1/cmd_vel,29.654689892,0.0,0.0
/epuck1/cmd_vel,29.66110971,0.0,0.0
/epuck1/cmd_vel,29.675053674,0.0,0.0
/epuck1/cmd_vel,29.679809912,0.0,0.0
/epuck1/cmd_vel,29.694668625,0.0,0.0
/epuck1/cmd_vel,29.700281811,0.0,0.0
/epuck1/cmd_vel,29.707859067,0.0,0.0
/epuck1/cmd_vel,29.716951155,0.0,0.0
/epuck1/cmd_vel,29.724469411,0.0,0.0
/epuck1/cmd_vel,29.732941051,0.0,0.0
/epuck1/cmd_vel,29.743983334,0.0,0.0
/epuck1/cmd_vel,29.749849091,0.0,0.0
/epuck1/cmd_vel,29.763405612,0.0,0.0
/epuck1/cmd_vel,29.769597416,0.0,0.0
/epuck1/cmd_vel,29.782710489,0.0,0.0
/epuck1/cmd_vel,29.788676277,0.0,0.0
/epuck1/cmd_vel,29.796597849,0.0,0.0
/epuck1/cmd_vel,29.806386956,0.0,0.0
/epuck1/cmd_vel,29.815713147,0.0,0.0
/epuck1/cmd_vel,29.824261857,0.0,0.0
/epuck1/cmd_vel,29.832906504,0.0,0.0
/epuck1/cmd_vel,29.837963631,0.0,0.0
/epuck1/cmd_vel,29.849662102,0.0,0.0
/epuck1/cmd_vel,29.855825754,0.0,0.0
/epuck1/cmd_vel,29.867472512,0.0,0.0
/epuck1/cmd_vel,29.873415039,0.0,0.0
/epuck1/cmd_vel,29.881618134,0.0,0.0
/epuck1/cmd_vel,29.890391663,0.0,0.0
/epuck1/cmd_vel,29.897404875,0.0,0.0
/epuck1/cmd_vel,29.902899162,0.0,0.0
/epuck1/cmd_vel,29.913310015,0.0,0.0
/epuck1/cmd_vel,29.919059169,0.0,0.0
/epuck1/cmd_vel,29.927635532,0.0,0.0
/epuck1/cmd_vel,29.935950637,0.0,0.0
/epuck1/cmd_vel,29.947007495,0.0,0.0
/epuck1/cmd_vel,29.956100183,0.0,0.0
/epuck1/cmd_vel,29.964877205,0.0,0.0
/epuck1/cmd_vel,29.969760028,0.0,0.0
/epuck1/cmd_vel,29.98336357,0.0,0.0
/epuck1/cmd_vel,29.988254579,0.0,0.0
/epuck1/cmd_vel,29.99905607,0.0,0.0
/epuck1/cmd_vel,30.005845661,0.0,0.0
/epuck1/cmd_vel,30.013690264,0.0,0.0
/epuck1/cmd_vel,30.023405995,0.0,0.0
/epuck1/cmd_vel,30.030352421,0.0,0.0
/epuck1/cmd_vel,30.037273788,0.0,0.0
/epuck1/cmd_vel,30.049629744,0.0,0.0
/epuck1/cmd_vel,30.058306736,0.0,0.0
/epuck1/cmd_vel,30.07015685,0.0,0.0
/epuck1/cmd_vel,30.077704855,0.0,0.0
/epuck1/cmd_vel,30.087034141,0.0,0.0
/epuck1/cmd_vel,30.092812247,0.0,0.0
/epuck1/cmd_vel,30.10131743,0.0,0.0
/epuck1/cmd_vel,30.110108429,0.0,0.0
/epuck1/cmd_vel,30.119166276,0.0,0.0
/epuck1/cmd_vel,30.124092825,0.0,0.0
/epuck1/cmd_vel,30.136704447,0.0,0.0
/epuck1/cmd_vel,30.14230126,0.0,0.0
/epuck1/cmd_vel,30.154112366,0.0,0.0
/epuck1/cmd_vel,30.158758417,0.0,0.0
/epuck1/cmd_vel,30.170083554,0.0,0.0
/epuck1/cmd_vel,30.177815792,0.0,0.0
/epuck1/cmd_vel,30.18618731,0.0,0.0
/epuck1/cmd_vel,30.195115251,0.0,0.0
/epuck1/cmd_vel,30.205326242,0.0,0.0
/epuck1/cmd_vel,30.21220318,0.0,0.0
/epuck1/cmd_vel,30.21896522,0.0,0.0
/epuck1/cmd_vel,30.224875155,0.0,0.0
/epuck1/cmd_vel,30.236331661,0.0,0.0
/epuck1/cmd_vel,30.244380545,0.0,0.0
/epuck1/cmd_vel,30.255352102,0.0,0.0
/epuck1/cmd_vel,30.260367106,0.0,0.0
/epuck1/cmd_vel,30.26838125,0.0,0.0
/epuck1/cmd_vel,30.278605218,0.0,0.0
/epuck1/cmd_vel,30.286920035,0.0,0.0
/epuck1/cmd_vel,30.293333486,0.0,0.0
/epuck1/cmd_vel,30.308138619,0.0,0.0
/epuck1/cmd_vel,30.317869353,0.0,0.0
/epuck1/cmd_vel,30.330086625,0.0,0.0
/epuck1/cmd_vel,30.338030792,0.0,0.0
/epuck1/cmd_vel,30.350739003,0.0,0.0
/epuck1/cmd_vel,30.358359637,0.0,0.0
/epuck1/cmd_vel,30.369402968,0.0,0.0
/epuck1/cmd_vel,30.377996695,0.0,0.0
/epuck1/cmd_vel,30.390299518,0.0,0.0
/epuck1/cmd_vel,30.394776066,0.0,0.0
/epuck1/cmd_vel,30.400912104,0.0,0.0
/epuck1/cmd_vel,30.40989994,0.0,0.0
/epuck1/cmd_vel,30.419210111,0.0,0.0
/epuck1/cmd_vel,30.423483915,0.0,0.0
/epuck1/cmd_vel,30.43598499,0.0,0.0
/epuck1/cmd_vel,30.440622157,0.0,0.0
/epuck1/cmd_vel,30.453889687,0.0,0.0
/epuck1/cmd_vel,30.459537282,0.0,0.0
/epuck1/cmd_vel,30.46762849,0.0,0.0
/epuck1/cmd_vel,30.480057092,0.0,0.0
/epuck1/cmd_vel,30.484631768,0.0,0.0
/epuck1/cmd_vel,30.49464301,0.0,0.0
/epuck1/cmd_vel,30.502760173,0.0,0.0
/epuck1/cmd_vel,30.507884585,0.0,0.0
/epuck1/cmd_vel,30.518798443,0.0,0.0
/epuck1/cmd_vel,30.523482628,0.0,0.0
/epuck1/cmd_vel,30.531889483,0.0,0.0
/epuck1/cmd_vel,30.542126329,0.0,0.0
/epuck1/cmd_vel,30.550323352,0.0,0.0
/epuck1/cmd_vel,30.561070003,0.0,0.0
/epuck1/cmd_vel,30.566493292,0.0,0.0
/epuck1/cmd_vel,30.572311886,0.0,0.0
/epuck1/cmd_vel,30.583444561,0.0,0.0
/epuck1/cmd_vel,30.591117703,0.0,0.0
/epuck1/cmd_vel,30.604736118,0.0,0.0
/epuck1/cmd_vel,30.610720322,0.0,0.0
/epuck1/cmd_vel,30.632944343,0.0,0.0
/epuck1/cmd_vel,30.636438615,0.0,0.0
/epuck1/cmd_vel,30.646131814,0.0,0.0
/epuck1/cmd_vel,30.658262837,0.0,0.0
/epuck1/cmd_vel,30.663354307,0.0,0.0
/epuck1/cmd_vel,30.670868328,0.0,0.0
/epuck1/cmd_vel,30.678839548,0.0,0.0
/epuck1/cmd_vel,30.687800531,0.0,0.0
/epuck1/cmd_vel,30.697422455,0.0,0.0
/epuck1/cmd_vel,30.70312136,0.0,0.0
/epuck1/cmd_vel,30.710377633,0.0,0.0
/epuck1/cmd_vel,30.718181745,0.0,0.0
/epuck1/cmd_vel,30.727092617,0.0,0.0
/epuck1/cmd_vel,30.73848244,0.0,0.0
/epuck1/cmd_vel,30.74296977,0.0,0.0
/epuck1/cmd_vel,30.750725567,0.0,0.0
/epuck1/cmd_vel,30.761860338,0.0,0.0
/epuck1/cmd_vel,30.766093813,0.0,0.0
/epuck1/cmd_vel,30.775790805,0.0,0.0
/epuck1/cmd_vel,30.784427557,0.0,0.0
/epuck1/cmd_vel,30.791770079,0.0,0.0
/epuck1/cmd_vel,30.798652608,0.0,0.0
/epuck1/cmd_vel,30.810693389,0.0,0.0
/epuck1/cmd_vel,30.823006394,0.0,0.0
/epuck1/cmd_vel,30.830482781,0.0,0.0
/epuck1/cmd_vel,30.838553026,0.0,0.0
/epuck1/cmd_vel,30.851311549,0.0,0.0
/epuck1/cmd_vel,30.857129944,0.0,0.0
/epuck1/cmd_vel,30.865548579,0.0,0.0
/epuck1/cmd_vel,30.876858842,0.0,0.0
/epuck1/cmd_vel,30.889570946,0.0,0.0
/epuck1/cmd_vel,30.896352452,0.0,0.0
/epuck1/cmd_vel,30.904794046,0.0,0.0
/epuck1/cmd_vel,30.917901358,0.0,0.0
/epuck1/cmd_vel,30.92423465,0.0,0.0
/epuck1/cmd_vel,30.927437931,0.0,0.0
/epuck1/cmd_vel,30.937864644,0.0,0.0
/epuck1/cmd_vel,30.94308359,0.0,0.0
/epuck1/cmd_vel,30.953881352,0.0,0.0
/epuck1/cmd_vel,30.963785781,0.0,0.0
/epuck1/cmd_vel,30.971338135,0.0,0.0
/epuck1/cmd_vel,30.981065474,0.0,0.0
/epuck1/cmd_vel,30.990601848,0.0,0.0
/epuck1/cmd_vel,30.996042905,0.0,0.0
/epuck1/cmd_vel,31.005794602,0.0,0.0
/epuck1/cmd_vel,31.012887362,0.0,0.0
/epuck1/cmd_vel,31.02471941,0.0,0.0
/epuck1/cmd_vel,31.029091941,0.0,0.0
/epuck1/cmd_vel,31.036876188,0.0,0.0
/epuck1/cmd_vel,31.046579869,0.0,0.0
/epuck1/cmd_vel,31.05600973,0.0,0.0
/epuck1/cmd_vel,31.063801164,0.0,0.0
/epuck1/cmd_vel,31.073220444,0.0,0.0
/epuck1/cmd_vel,31.082797946,0.0,0.0
/epuck1/cmd_vel,31.091029708,0.0,0.0
/epuck1/cmd_vel,31.098090025,0.0,0.0
/epuck1/cmd_vel,31.105488549,0.0,0.0
/epuck1/cmd_vel,31.114985592,0.0,0.0
/epuck1/cmd_vel,31.123764894,0.0,0.0
/epuck1/cmd_vel,31.128708124,0.0,0.0
/epuck1/cmd_vel,31.139223381,0.0,0.0
/epuck1/cmd_vel,31.145031494,0.0,0.0
/epuck1/cmd_vel,31.15714995,0.0,0.0
/epuck1/cmd_vel,31.166762296,0.0,0.0
/epuck1/cmd_vel,31.175308766,0.0,0.0
/epuck1/cmd_vel,31.181585434,0.0,0.0
/epuck1/cmd_vel,31.191620717,0.0,0.0
/epuck1/cmd_vel,31.20123995,0.0,0.0
/epuck1/cmd_vel,31.209854498,0.0,0.0
/epuck1/cmd_vel,31.22323554,0.0,0.0
/epuck1/cmd_vel,31.228223934,0.0,0.0
/epuck1/cmd_vel,31.233375034,0.0,0.0
/epuck1/cmd_vel,31.246797402,0.0,0.0
/epuck1/cmd_vel,31.255706717,0.0,0.0
/epuck1/cmd_vel,31.266275536,0.0,0.0
/epuck1/cmd_vel,31.271294176,0.0,0.0
/epuck1/cmd_vel,31.28147769,0.0,0.0
/epuck1/cmd_vel,31.289541732,0.0,0.0
/epuck1/cmd_vel,31.297312902,0.0,0.0
/epuck1/cmd_vel,31.303426864,0.0,0.0
/epuck1/cmd_vel,31.316108868,0.0,0.0
/epuck1/cmd_vel,31.321247091,0.0,0.0
/epuck1/cmd_vel,31.333354832,0.0,0.0
/epuck1/cmd_vel,31.340355992,0.0,0.0
/epuck1/cmd_vel,31.34634468,0.0,0.0
/epuck1/cmd_vel,31.354623833,0.0,0.0
/epuck1/cmd_vel,31.365347972,0.0,0.0
/epuck1/cmd_vel,31.370159386,0.0,0.0
/epuck1/cmd_vel,31.381410773,0.0,0.0
/epuck1/cmd_vel,31.386418631,0.0,0.0
/epuck1/cmd_vel,31.409141009,0.0,0.0
/epuck1/cmd_vel,31.441043812,0.0,0.0
/epuck1/cmd_vel,31.450431164,0.0,0.0
/epuck1/cmd_vel,31.462129145,0.0,0.0
/epuck1/cmd_vel,31.46859557,0.0,0.0
/epuck1/cmd_vel,31.473550625,0.0,0.0
/epuck1/cmd_vel,31.492888113,0.0,0.0
/epuck1/cmd_vel,31.512547919,0.0,0.0
/epuck1/cmd_vel,31.524782332,0.0,0.0
/epuck1/cmd_vel,31.531596529,0.0,0.0
/epuck1/cmd_vel,31.542418492,0.0,0.0
/epuck1/cmd_vel,31.543310781,0.0,0.0
/epuck1/cmd_vel,31.560400327,0.0,0.0
/epuck1/cmd_vel,31.569387103,0.0,0.0
/epuck1/cmd_vel,31.577562343,0.0,0.0
/epuck1/cmd_vel,31.582438939,0.0,0.0
/epuck1/cmd_vel,31.59089677,0.0,0.0
/epuck1/cmd_vel,31.599346415,0.0,0.0
/epuck1/cmd_vel,31.606986721,0.0,0.0
/epuck1/cmd_vel,31.613557059,0.0,0.0
/epuck1/cmd_vel,31.625644437,0.0,0.0
/epuck1/cmd_vel,31.629654597,0.0,0.0
/epuck1/cmd_vel,31.640724212,0.0,0.0
/epuck1/cmd_vel,31.650255903,0.0,0.0
/epuck1/cmd_vel,31.655199878,0.0,0.0
/epuck1/cmd_vel,31.665653405,0.0,0.0
/epuck1/cmd_vel,31.672736517,0.0,0.0
/epuck1/cmd_vel,31.678352678,0.0,0.0
/epuck1/cmd_vel,31.68965098,0.0,0.0
/epuck1/cmd_vel,31.695725513,0.0,0.0
/epuck1/cmd_vel,31.708322471,0.0,0.0
/epuck1/cmd_vel,31.71386177,0.0,0.0
/epuck1/cmd_vel,31.721447276,0.0,0.0
/epuck1/cmd_vel,31.733333117,0.0,0.0
/epuck1/cmd_vel,31.738209413,0.0,0.0
/epuck1/cmd_vel,31.744145496,0.0,0.0
/epuck1/cmd_vel,31.753594238,0.0,0.0
/epuck1/cmd_vel,31.759743237,0.0,0.0
/epuck1/cmd_vel,31.773421143,0.0,0.0
/epuck1/cmd_vel,31.779789745,0.0,0.0
/epuck1/cmd_vel,31.788990534,0.0,0.0
/epuck1/cmd_vel,31.800017027,0.0,0.0
/epuck1/cmd_vel,31.80661751,0.0,0.0
/epuck1/cmd_vel,31.81876468,0.0,0.0
/epuck1/cmd_vel,31.826457292,0.0,0.0
/epuck1/cmd_vel,31.832142528,0.0,0.0
/epuck1/cmd_vel,31.843081379,0.0,0.0
/epuck1/cmd_vel,31.84835955,0.0,0.0
/epuck1/cmd_vel,31.859334735,0.0,0.0
/epuck1/cmd_vel,31.867328005,0.0,0.0
/epuck1/cmd_vel,31.874345336,0.0,0.0
/epuck1/cmd_vel,31.88301149,0.0,0.0
/epuck1/cmd_vel,31.892035698,0.0,0.0
/epuck1/cmd_vel,31.896830841,0.0,0.0
/epuck1/cmd_vel,31.908459047,0.0,0.0
/epuck1/cmd_vel,31.915622215,0.0,0.0
/epuck1/cmd_vel,31.928933084,0.0,0.0
/epuck1/cmd_vel,31.9336319,0.0,0.0
/epuck1/cmd_vel,31.948663063,0.0,0.0
/epuck1/cmd_vel,31.952197083,0.0,0.0
/epuck1/cmd_vel,31.962898862,0.0,0.0
/epuck1/cmd_vel,31.971941337,0.0,0.0
/epuck1/cmd_vel,31.98116229,0.0,0.0
/epuck1/cmd_vel,31.985674543,0.0,0.0
/epuck1/cmd_vel,31.998292363,0.0,0.0
/epuck1/cmd_vel,32.003934677,0.0,0.0
/epuck1/cmd_vel,32.016881902,0.0,0.0
/epuck1/cmd_vel,32.022658174,0.0,0.0
/epuck1/cmd_vel,32.034316925,0.0,0.0
/epuck1/cmd_vel,32.042558945,0.0,0.0
/epuck1/cmd_vel,32.046793201,0.0,0.0
/epuck1/cmd_vel,32.054995592,0.0,0.0
/epuck1/cmd_vel,32.063328348,0.0,0.0
/epuck1/cmd_vel,32.067485643,0.0,0.0
/epuck1/cmd_vel,32.079701588,0.0,0.0
/epuck1/cmd_vel,32.084673013,0.0,0.0
/epuck1/cmd_vel,32.093594606,0.0,0.0
/epuck1/cmd_vel,32.102099252,0.0,0.0
/epuck1/cmd_vel,32.112730858,0.0,0.0
/epuck1/cmd_vel,32.121370061,0.0,0.0
/epuck1/cmd_vel,32.130810417,0.0,0.0
/epuck1/cmd_vel,32.134543777,0.0,0.0
/epuck1/cmd_vel,32.14630115,0.0,0.0
/epuck1/cmd_vel,32.152175823,0.0,0.0
/epuck1/cmd_vel,32.164538447,0.0,0.0
/epuck1/cmd_vel,32.172562399,0.0,0.0
/epuck1/cmd_vel,32.180513386,0.0,0.0
/epuck1/cmd_vel,32.189861887,0.0,0.0
/epuck1/cmd_vel,32.198158535,0.0,0.0
/epuck1/cmd_vel,32.207813868,0.0,0.0
/epuck1/cmd_vel,32.217319678,0.0,0.0
/epuck1/cmd_vel,32.223048877,0.0,0.0
/epuck1/cmd_vel,32.236120089,0.0,0.0
/epuck1/cmd_vel,32.242838058,0.0,0.0
/epuck1/cmd_vel,32.255817141,0.0,0.0
/epuck1/cmd_vel,32.260197236,0.0,0.0
/epuck1/cmd_vel,32.273135295,0.0,0.0
/epuck1/cmd_vel,32.280529313,0.0,0.0
/epuck1/cmd_vel,32.285716414,0.0,0.0
/epuck1/cmd_vel,32.293798359,0.0,0.0
/epuck1/cmd_vel,32.303184191,0.0,0.0
/epuck1/cmd_vel,32.307644338,0.0,0.0
/epuck1/cmd_vel,32.318906298,0.0,0.0
/epuck1/cmd_vel,32.323988294,0.0,0.0
/epuck1/cmd_vel,32.332437559,0.0,0.0
/epuck1/cmd_vel,32.340482772,0.0,0.0
/epuck1/cmd_vel,32.349229287,0.0,0.0
/epuck1/cmd_vel,32.35922,0.0,0.0
/epuck1/cmd_vel,32.366488051,0.0,0.0
/epuck1/cmd_vel,32.372161453,0.0,0.0
/epuck1/cmd_vel,32.384253078,0.0,0.0
/epuck1/cmd_vel,32.389018759,0.0,0.0
/epuck1/cmd_vel,32.396913251,0.0,0.0
/epuck1/cmd_vel,32.405142124,0.0,0.0
/epuck1/cmd_vel,32.413696494,0.0,0.0
/epuck1/cmd_vel,32.419147408,0.0,0.0
/epuck1/cmd_vel,32.430263538,0.0,0.0
/epuck1/cmd_vel,32.436027971,0.0,0.0
/epuck1/cmd_vel,32.449249406,0.0,0.0
/epuck1/cmd_vel,32.454712097,0.0,0.0
/epuck1/cmd_vel,32.464131867,0.0,0.0
/epuck1/cmd_vel,32.472599498,0.0,0.0
/epuck1/cmd_vel,32.482486103,0.0,0.0
/epuck1/cmd_vel,32.491656135,0.0,0.0
/epuck1/cmd_vel,32.500906517,0.0,0.0
/epuck1/cmd_vel,32.508603974,0.0,0.0
/epuck1/cmd_vel,32.519318547,0.0,0.0
/epuck1/cmd_vel,32.523786978,0.0,0.0
/epuck1/cmd_vel,32.535514677,0.0,0.0
/epuck1/cmd_vel,32.540462222,0.0,0.0
/epuck1/cmd_vel,32.54968256,0.0,0.0
/epuck1/cmd_vel,32.558153685,0.0,0.0
/epuck1/cmd_vel,32.567050023,0.0,0.0
/epuck1/cmd_vel,32.57215837,0.0,0.0
/epuck1/cmd_vel,32.58216655,0.0,0.0
/epuck1/cmd_vel,32.587963923,0.0,0.0
/epuck1/cmd_vel,32.599263314,0.0,0.0
/epuck1/cmd_vel,32.605360132,0.0,0.0
/epuck1/cmd_vel,32.61428861,0.0,0.0
/epuck1/cmd_vel,32.622554814,0.0,0.0
/epuck1/cmd_vel,32.630987211,0.0,0.0
/epuck1/cmd_vel,32.636777496,0.0,0.0
/epuck1/cmd_vel,32.648910844,0.0,0.0
/epuck1/cmd_vel,32.654455584,0.0,0.0
/epuck1/cmd_vel,32.671306203,0.0,0.0
/epuck1/cmd_vel,32.675520604,0.0,0.0
/epuck1/cmd_vel,32.684485316,0.0,0.0
/epuck1/cmd_vel,32.694661884,0.0,0.0
/epuck1/cmd_vel,32.704882671,0.0,0.0
/epuck1/cmd_vel,32.712082449,0.0,0.0
/epuck1/cmd_vel,32.719765432,0.0,0.0
/epuck1/cmd_vel,32.725517987,0.0,0.0
/epuck1/cmd_vel,32.735995499,0.0,0.0
/epuck1/cmd_vel,32.74218784,0.0,0.0
/epuck1/cmd_vel,32.749957264,0.0,0.0
/epuck1/cmd_vel,32.758204003,0.0,0.0
/epuck1/cmd_vel,32.766594677,0.0,0.0
/epuck1/cmd_vel,32.771421845,0.0,0.0
/epuck1/cmd_vel,32.78572887,0.0,0.0
/epuck1/cmd_vel,32.792172646,0.0,0.0
/epuck1/cmd_vel,32.806247402,0.0,0.0
/epuck1/cmd_vel,32.811530027,0.0,0.0
/epuck1/cmd_vel,32.822285924,0.0,0.0
/epuck1/cmd_vel,32.828869242,0.0,0.0
/epuck1/cmd_vel,32.8377003,0.0,0.0
/epuck1/cmd_vel,32.845502063,0.0,0.0
/epuck1/cmd_vel,32.853123161,0.0,0.0
/epuck1/cmd_vel,32.859832346,0.0,0.0
/epuck1/cmd_vel,32.872737965,0.0,0.0
/epuck1/cmd_vel,32.877732822,0.0,0.0
/epuck1/cmd_vel,32.888897563,0.0,0.0
/epuck1/cmd_vel,32.893377473,0.0,0.0
/epuck1/cmd_vel,32.902514665,0.0,0.0
/epuck1/cmd_vel,32.9136822,0.0,0.0
/epuck1/cmd_vel,32.921022218,0.0,0.0
/epuck1/cmd_vel,32.932069675,0.0,0.0
/epuck1/cmd_vel,32.943126116,0.0,0.0
/epuck1/cmd_vel,32.946043218,0.0,0.0
/epuck1/cmd_vel,32.958586108,0.0,0.0
/epuck1/cmd_vel,32.963471268,0.0,0.0
/epuck1/cmd_vel,32.974022644,0.0,0.0
/epuck1/cmd_vel,32.979052636,0.0,0.0
/epuck1/cmd_vel,32.987550212,0.0,0.0
/epuck1/cmd_vel,32.996639293,0.0,0.0
/epuck1/cmd_vel,33.005307653,0.0,0.0
/epuck1/cmd_vel,33.011196955,0.0,0.0
/epuck1/cmd_vel,33.023076872,0.0,0.0
/epuck1/cmd_vel,33.028318373,0.0,0.0
/epuck1/cmd_vel,33.039829871,0.0,0.0
/epuck1/cmd_vel,33.047029648,0.0,0.0
/epuck1/cmd_vel,33.057041622,0.0,0.0
/epuck1/cmd_vel,33.066688271,0.0,0.0
/epuck1/cmd_vel,33.075404443,0.0,0.0
/epuck1/cmd_vel,33.087016954,0.0,0.0
/epuck1/cmd_vel,33.094431734,0.0,0.0
/epuck1/cmd_vel,33.101063761,0.0,0.0
/epuck1/cmd_vel,33.110956456,0.0,0.0
/epuck1/cmd_vel,33.117211281,0.0,0.0
/epuck1/cmd_vel,33.12899817,0.0,0.0
/epuck1/cmd_vel,33.13682898,0.0,0.0
/epuck1/cmd_vel,33.147782312,0.0,0.0
/epuck1/cmd_vel,33.153637113,0.0,0.0
/epuck1/cmd_vel,33.164652994,0.0,0.0
/epuck1/cmd_vel,33.171362315,0.0,0.0
/epuck1/cmd_vel,33.180668527,0.0,0.0
/epuck1/cmd_vel,33.191009284,0.0,0.0
/epuck1/cmd_vel,33.199286841,0.0,0.0
/epuck1/cmd_vel,33.204470844,0.0,0.0
/epuck1/cmd_vel,33.216331628,0.0,0.0
/epuck1/cmd_vel,33.221691299,0.0,0.0
/epuck1/cmd_vel,33.233163219,0.0,0.0
/epuck1/cmd_vel,33.238239326,0.0,0.0
/epuck1/cmd_vel,33.247144496,0.0,0.0
/epuck1/cmd_vel,33.257082914,0.0,0.0
/epuck1/cmd_vel,33.265447705,0.0,0.0
/epuck1/cmd_vel,33.270830932,0.0,0.0
/epuck1/cmd_vel,33.281126774,0.0,0.0
/epuck1/cmd_vel,33.286237216,0.0,0.0
/epuck1/cmd_vel,33.29435198,0.0,0.0
/epuck1/cmd_vel,33.301995735,0.0,0.0
/epuck1/cmd_vel,33.310548072,0.0,0.0
/epuck1/cmd_vel,33.316123335,0.0,0.0
/epuck1/cmd_vel,33.332772371,0.0,0.0
/epuck1/cmd_vel,33.336676293,0.0,0.0
/epuck1/cmd_vel,33.344764707,0.0,0.0
/epuck1/cmd_vel,33.351098537,0.0,0.0
/epuck1/cmd_vel,33.359742002,0.0,0.0
/epuck1/cmd_vel,33.368239243,0.0,0.0
/epuck1/cmd_vel,33.376400519,0.0,0.0
/epuck1/cmd_vel,33.388426492,0.0,0.0
/epuck1/cmd_vel,33.398890616,0.0,0.0
/epuck1/cmd_vel,33.403339009,0.0,0.0
/epuck1/cmd_vel,33.415289324,0.0,0.0
/epuck1/cmd_vel,33.421016301,0.0,0.0
/epuck1/cmd_vel,33.433596426,0.0,0.0
/epuck1/cmd_vel,33.438678023,0.0,0.0
/epuck1/cmd_vel,33.446682296,0.0,0.0
/epuck1/cmd_vel,33.456688585,0.0,0.0
/epuck1/cmd_vel,33.465588865,0.0,0.0
/epuck1/cmd_vel,33.473789966,0.0,0.0
/epuck1/cmd_vel,33.483418968,0.0,0.0
/epuck1/cmd_vel,33.486553045,0.0,0.0
/epuck1/cmd_vel,33.498358934,0.0,0.0
/epuck1/cmd_vel,33.504526478,0.0,0.0
/epuck1/cmd_vel,33.511698025,0.0,0.0
/epuck1/cmd_vel,33.521482933,0.0,0.0
/epuck1/cmd_vel,33.529947436,0.0,0.0
/epuck1/cmd_vel,33.534634977,0.0,0.0
/epuck1/cmd_vel,33.545280359,0.0,0.0
/epuck1/cmd_vel,33.551430036,0.0,0.0
/epuck1/cmd_vel,33.563359791,0.0,0.0
/epuck1/cmd_vel,33.568133968,0.0,0.0
/epuck1/cmd_vel,33.575118169,0.0,0.0
/epuck1/cmd_vel,33.584108379,0.0,0.0
/epuck1/cmd_vel,33.591880989,0.0,0.0
/epuck1/cmd_vel,33.597922472,0.0,0.0
/epuck1/cmd_vel,33.608341681,0.0,0.0
/epuck1/cmd_vel,33.614661238,0.0,0.0
/epuck1/cmd_vel,33.626285869,0.0,0.0
/epuck1/cmd_vel,33.631780085,0.0,0.0
/epuck1/cmd_vel,33.638408958,0.0,0.0
/epuck1/cmd_vel,33.647762281,0.0,0.0
/epuck1/cmd_vel,33.656379795,0.0,0.0
/epuck1/cmd_vel,33.660376342,0.0,0.0
/epuck1/cmd_vel,33.671319062,0.0,0.0
/epuck1/cmd_vel,33.676816572,0.0,0.0
/epuck1/cmd_vel,33.690886582,0.0,0.0
/epuck1/cmd_vel,33.695379291,0.0,0.0
/epuck1/cmd_vel,33.705111998,0.0,0.0
/epuck1/cmd_vel,33.713316592,0.0,0.0
/epuck1/cmd_vel,33.722097897,0.0,0.0
/epuck1/cmd_vel,33.726878662,0.0,0.0
/epuck1/cmd_vel,33.738115725,0.0,0.0
/epuck1/cmd_vel,33.74404981,0.0,0.0
/epuck1/cmd_vel,33.755160513,0.0,0.0
/epuck1/cmd_vel,33.761402416,0.0,0.0
/epuck1/cmd_vel,33.770916236,0.0,0.0
/epuck1/cmd_vel,33.78287783,0.0,0.0
/epuck1/cmd_vel,33.789889978,0.0,0.0
/epuck1/cmd_vel,33.800201491,0.0,0.0
/epuck1/cmd_vel,33.806460662,0.0,0.0
/epuck1/cmd_vel,33.812551252,0.0,0.0
/epuck1/cmd_vel,33.823766556,0.0,0.0
/epuck1/cmd_vel,33.82920408,0.0,0.0
/epuck1/cmd_vel,33.836768484,0.0,0.0
/epuck1/cmd_vel,33.84497238,0.0,0.0
/epuck2/cmd_vel,19.808729545,0.0,0.0
/epuck2/cmd_vel,19.845602568,0.0,0.0
/epuck2/cmd_vel,19.899165919,0.0,0.0
/epuck2/cmd_vel,19.938006304,0.0,0.0
/epuck2/cmd_vel,20.020935375,0.0,0.0
/epuck2/cmd_vel,20.060208218,0.0,0.0
/epuck2/cmd_vel,20.114165721,0.0,0.0
/epuck2/cmd_vel,20.15050994,0.0,0.0
/epuck2/cmd_vel,20.211252711,0.0,0.0
/epuck2/cmd_vel,20.269550801,0.0,0.0
/epuck2/cmd_vel,20.32897579,0.0,0.0
/epuck2/cmd_vel,20.365503426,0.0,0.0
/epuck2/cmd_vel,20.422695814,0.0,0.0
/epuck2/cmd_vel,20.463323084,0.0,0.0
/epuck2/cmd_vel,20.538589557,0.0,0.0
/epuck2/cmd_vel,20.57581983,0.0,0.0
/epuck2/cmd_vel,20.63065163,0.0,0.0
/epuck2/cmd_vel,20.668065686,0.0,0.0
/epuck2/cmd_vel,20.745049806,0.0,0.0
/epuck2/cmd_vel,20.788628611,0.0,0.0
/epuck2/cmd_vel,20.844424625,0.0,0.0
/epuck2/cmd_vel,20.879368102,0.0,0.0
/epuck2/cmd_vel,20.938323733,0.0,0.0
/epuck2/cmd_vel,20.99543023,0.0,0.0
/epuck2/cmd_vel,21.057230564,0.0,0.0
/epuck2/cmd_vel,21.094055251,0.0,0.0
/epuck2/cmd_vel,21.157064054,0.0,0.0
/epuck2/cmd_vel,21.198301403,0.0,0.0
/epuck2/cmd_vel,21.259234132,0.0,0.0
/epuck2/cmd_vel,21.299367844,0.0,0.0
/epuck2/cmd_vel,21.360444386,0.0,0.0
/epuck2/cmd_vel,21.417589088,0.0,0.0
/epuck2/cmd_vel,21.478056295,0.0,0.0
/epuck2/cmd_vel,21.512791547,0.0,0.0
/epuck2/cmd_vel,21.569021298,0.0,0.0
/epuck2/cmd_vel,21.606510298,0.0,0.0
/epuck2/cmd_vel,21.685735247,0.0,0.0
/epuck2/cmd_vel,21.732092224,0.0,0.0
/epuck2/cmd_vel,21.791565528,0.0,0.0
/epuck2/cmd_vel,21.829037138,0.0,0.0
/epuck2/cmd_vel,21.883651558,0.0,0.0
/epuck2/cmd_vel,21.925258186,0.0,0.0
/epuck2/cmd_vel,22.010212197,0.0,0.0
/epuck2/cmd_vel,22.048523203,0.0,0.0
/epuck2/cmd_vel,22.106106142,0.0,0.0
/epuck2/cmd_vel,22.139756245,0.0,0.0
/epuck2/cmd_vel,22.199182035,0.0,0.0
/epuck2/cmd_vel,22.242788311,0.0,0.0
/epuck2/cmd_vel,22.325213855,0.0,0.0
/epuck2/cmd_vel,22.364732883,0.0,0.0
/epuck2/cmd_vel,22.419404727,0.0,0.0
/epuck2/cmd_vel,22.456394905,0.0,0.0
/epuck2/cmd_vel,22.518504414,0.0,0.0
/epuck2/cmd_vel,22.567995353,0.0,0.0
/epuck2/cmd_vel,22.641311121,0.0,0.0
/epuck2/cmd_vel,22.677139895,0.0,0.0
/epuck2/cmd_vel,22.730621257,0.0,0.0
/epuck2/cmd_vel,22.770319946,0.0019806627499995956,-8.742278012618954e-08
/epuck2/cmd_vel,22.831246467,0.0050374257499996135,-8.742278012618954e-08
/epuck2/cmd_vel,22.909630527,0.008896470149999659,-8.742278012618954e-08
/epuck2/cmd_vel,22.969564514,0.011903986149999924,-8.742278012618954e-08
/epuck2/cmd_vel,23.00584414,0.013732231449999688,-8.742278012618954e-08
/epuck2/cmd_vel,23.060896391,0.016496664849999832,-8.742278012618954e-08
/epuck2/cmd_vel,23.101235186,0.01850893324999987,-8.742278012618954e-08
/epuck2/cmd_vel,23.177029552,0.022306880000000008,-8.742278012618954e-08
/epuck2/cmd_vel,23.216465446,0.024296723100000153,-8.742278012618954e-08
/epuck2/cmd_vel,23.271494384,0.025,-8.742278012618954e-08
/epuck2/cmd_vel,23.307937733,0.025,-8.742278012618954e-08
/epuck2/cmd_vel,23.36801932,0.025,-8.742278012618954e-08
/epuck2/cmd_vel,23.427646125,0.025,-8.742278012618954e-08
/epuck2/cmd_vel,23.484878735,0.025,-8.742278012618954e-08
/epuck2/cmd_vel,23.509772816,0.025,-8.742278012618954e-08
/epuck2/cmd_vel,23.522131239,0.025,-8.742278012618954e-08
/epuck2/cmd_vel,23.526641486,0.025,-8.742278012618954e-08
/epuck2/cmd_vel,23.538882117,0.025,-8.742278012618954e-08
/epuck2/cmd_vel,23.545003082,0.025,-8.742278012618954e-08
/epuck2/cmd_vel,23.553751528,0.025,-8.742278012618954e-08
/epuck2/cmd_vel,23.562572007,0.025,-8.742278012618954e-08
/epuck2/cmd_vel,23.569830225,0.025,-8.742278012618954e-08
/epuck2/cmd_vel,23.574881974,0.025,-8.742278012618954e-08
/epuck2/cmd_vel,23.584990668,0.025,-8.742278012618954e-08
/epuck2/cmd_vel,23.590466827,0.025,-8.742278012618954e-08
/epuck2/cmd_vel,23.600060594,0.025,-8.742278012618954e-08
/epuck2/cmd_vel,23.608341271,0.025,-8.742278012618954e-08
/epuck2/cmd_vel,23.616047676,0.025,-8.742278012618954e-08
/epuck2/cmd_vel,23.621248188,0.025,-8.742278012618954e-08
/epuck2/cmd_vel,23.636644114,0.025,-8.742278012618954e-08
/epuck2/cmd_vel,23.641585565,0.025,-8.742278012618954e-08
/epuck2/cmd_vel,23.654877528,0.025,-8.742278012618954e-08
/epuck2/cmd_vel,23.660073144,0.025,-8.742278012618954e-08
/epuck2/cmd_vel,23.672294393,0.025,-8.742278012618954e-08
/epuck2/cmd_vel,23.678873836,0.025,-8.742278012618954e-08
/epuck2/cmd_vel,23.684503553,0.025,-8.742278012618954e-08
/epuck2/cmd_vel,23.694467779,0.025,-8.742278012618954e-08
/epuck2/cmd_vel,23.703116217,0.025,-8.742278012618954e-08
/epuck2/cmd_vel,23.710614514,0.025,-8.742278012618954e-08
/epuck2/cmd_vel,23.72135093,0.025,-8.742278012618954e-08
/epuck2/cmd_vel,23.727290562,0.025,-8.742278012618954e-08
/epuck2/cmd_vel,23.739394818,0.025,-8.742278012618954e-08
/epuck2/cmd_vel,23.744566057,0.025,-8.742278012618954e-08
/epuck2/cmd_vel,23.756349409,0.025,-8.742278012618954e-08
/epuck2/cmd_vel,23.761565607,0.025,-8.742278012618954e-08
/epuck2/cmd_vel,23.76907879,0.025,-8.742278012618954e-08
/epuck2/cmd_vel,23.779765551,0.025,-8.742278012618954e-08
/epuck2/cmd_vel,23.787841416,0.025,-8.742278012618954e-08
/epuck2/cmd_vel,23.797760484,0.025,-8.742278012618954e-08
/epuck2/cmd_vel,23.805549913,0.025,-8.742278012618954e-08
/epuck2/cmd_vel,23.811214198,0.025,-8.742278012618954e-08
/epuck2/cmd_vel,23.825994191,0.025,-8.742278012618954e-08
/epuck2/cmd_vel,23.831229572,0.025,-8.742278012618954e-08
/epuck2/cmd_vel,23.844112012,0.025,-8.742278012618954e-08
/epuck2/cmd_vel,23.849733536,0.025,-8.742278012618954e-08
/epuck2/cmd_vel,23.861962578,0.025,-8.742278012618954e-08
/epuck2/cmd_vel,23.868082443,0.025,-8.742278012618954e-08
/epuck2/cmd_vel,23.877670916,0.025,-8.742278012618954e-08
/epuck2/cmd_vel,23.887104831,0.025,-8.742278012618954e-08
/epuck2/cmd_vel,23.894868683,0.025,-8.742278012618954e-08
/epuck2/cmd_vel,23.900153717,0.025,-8.742278012618954e-08
/epuck2/cmd_vel,23.912463784,0.025,-8.742278012618954e-08
/epuck2/cmd_vel,23.917963721,0.025,-8.742278012618954e-08
/epuck2/cmd_vel,23.931547116,0.025,-8.742278012618954e-08
/epuck2/cmd_vel,23.941330708,0.025,-8.742278012618954e-08
/epuck2/cmd_vel,23.952509617,0.025,-8.742278012618954e-08
/epuck2/cmd_vel,23.958634977,0.025,-8.742278012618954e-08
/epuck2/cmd_vel,23.966907262,0.025,-8.742278012618954e-08
/epuck2/cmd_vel,23.976404119,0.025,-8.742278012618954e-08
/epuck2/cmd_vel,23.984764022,0.025,-8.742278012618954e-08
/epuck2/cmd_vel,23.992897534,0.025,-8.742278012618954e-08
/epuck2/cmd_vel,24.001305593,0.025,-8.742278012618954e-08
/epuck2/cmd_vel,24.006271522,0.025,-8.742278012618954e-08
/epuck2/cmd_vel,24.018923474,0.025,-8.742278012618954e-08
/epuck2/cmd_vel,24.024653299,0.025,-8.742278012618954e-08
/epuck2/cmd_vel,24.036401783,0.025,-8.742278012618954e-08
/epuck2/cmd_vel,24.041148313,0.025,-8.742278012618954e-08
/epuck2/cmd_vel,24.050921715,0.025,-8.742278012618954e-08
/epuck2/cmd_vel,24.059495522,0.025,-8.742278012618954e-08
/epuck2/cmd_vel,24.06783884,0.025,-8.742278012618954e-08
/epuck2/cmd_vel,24.074646773,0.025,-8.742278012618954e-08
/epuck2/cmd_vel,24.085450327,0.025,-8.742278012618954e-08
/epuck2/cmd_vel,24.092652296,0.025,-8.742278012618954e-08
/epuck2/cmd_vel,24.104577418,0.025,-8.742278012618954e-08
/epuck2/cmd_vel,24.110469193,0.025,-8.742278012618954e-08
/epuck2/cmd_vel,24.123823199,0.025,-8.742278012618954e-08
/epuck2/cmd_vel,24.130541714,0.025,-8.742278012618954e-08
/epuck2/cmd_vel,24.138884933,0.025,-8.742278012618954e-08
/epuck2/cmd_vel,24.148328439,0.025,-8.742278012618954e-08
/epuck2/cmd_vel,24.155049319,0.025,-8.742278012618954e-08
/epuck2/cmd_vel,24.162046961,0.025,-8.742278012618954e-08
/epuck2/cmd_vel,24.175967523,0.025,-8.742278012618954e-08
/epuck2/cmd_vel,24.180691755,0.025,-8.742278012618954e-08
/epuck2/cmd_vel,24.191740836,0.025,-8.742278012618954e-08
/epuck2/cmd_vel,24.197030574,0.025,-8.742278012618954e-08
/epuck2/cmd_vel,24.211608744,0.025,-8.742278012618954e-08
/epuck2/cmd_vel,24.218527969,0.025,-8.742278012618954e-08
/epuck2/cmd_vel,24.230750316,0.025,-8.742278012618954e-08
/epuck2/cmd_vel,24.235902499,0.025,-8.742278012618954e-08
/epuck2/cmd_vel,24.245191431,0.025,-8.742278012618954e-08
/epuck2/cmd_vel,24.25341868,0.025,-8.742278012618954e-08
/epuck2/cmd_vel,24.262132716,0.025,-8.742278012618954e-08
/epuck2/cmd_vel,24.272071865,0.025,-8.742278012618954e-08
/epuck2/cmd_vel,24.282143974,0.025,-8.742278012618954e-08
/epuck2/cmd_vel,24.289299849,0.025,-8.742278012618954e-08
/epuck2/cmd_vel,24.299370459,0.025,-8.742278012618954e-08
/epuck2/cmd_vel,24.305984504,0.025,-8.742278012618954e-08
/epuck2/cmd_vel,24.318154507,0.025,-8.742278012618954e-08
/epuck2/cmd_vel,24.324899714,0.025,-8.742278012618954e-08
/epuck2/cmd_vel,24.337969171,0.025,-8.742278012618954e-08
/epuck2/cmd_vel,24.344006623,0.025,-8.742278012618954e-08
/epuck2/cmd_vel,24.351373176,0.025,-8.742278012618954e-08
/epuck2/cmd_vel,24.36109825,0.025,-8.742278012618954e-08
/epuck2/cmd_vel,24.370026562,0.025,-8.742278012618954e-08
/epuck2/cmd_vel,24.379559537,0.025,-8.742278012618954e-08
/epuck2/cmd_vel,24.388595536,0.025,-8.742278012618954e-08
/epuck2/cmd_vel,24.394125021,0.025,-8.742278012618954e-08
/epuck2/cmd_vel,24.406161564,0.025,-8.742278012618954e-08
/epuck2/cmd_vel,24.412056565,0.025,-8.742278012618954e-08
/epuck2/cmd_vel,24.423633891,0.025,-8.742278012618954e-08
/epuck2/cmd_vel,24.42954997,0.025,-8.742278012618954e-08
/epuck2/cmd_vel,24.437266656,0.025,-8.742278012618954e-08
/epuck2/cmd_vel,24.446026844,0.025,-8.742278012618954e-08
/epuck2/cmd_vel,24.453776295,0.025,-8.742278012618954e-08
/epuck2/cmd_vel,24.459317668,0.025,-8.742278012618954e-08
/epuck2/cmd_vel,24.47088041,0.025,-8.742278012618954e-08
/epuck2/cmd_vel,24.476839643,0.025,-8.742278012618954e-08
/epuck2/cmd_vel,24.488105796,0.025,-8.742278012618954e-08
/epuck2/cmd_vel,24.495334095,0.025,-8.742278012618954e-08
/epuck2/cmd_vel,24.504909327,0.025,-8.742278012618954e-08
/epuck2/cmd_vel,24.514207549,0.025,-8.742278012618954e-08
/epuck2/cmd_vel,24.523455724,0.025,-8.742278012618954e-08
/epuck2/cmd_vel,24.531357016,0.025,-8.742278012618954e-08
/epuck2/cmd_vel,24.539489065,0.025,-8.742278012618954e-08
/epuck2/cmd_vel,24.545914808,0.025,-8.742278012618954e-08
/epuck2/cmd_vel,24.556368615,0.025,-8.742278012618954e-08
/epuck2/cmd_vel,24.561554762,0.025,-8.742278012618954e-08
/epuck2/cmd_vel,24.573578219,0.025,-8.742278012618954e-08
/epuck2/cmd_vel,24.578880543,0.025,-8.742278012618954e-08
/epuck2/cmd_vel,24.586451082,0.025,-8.742278012618954e-08
/epuck2/cmd_vel,24.595273805,0.025,-8.742278012618954e-08
/epuck2/cmd_vel,24.60323763,0.025,-8.742278012618954e-08
/epuck2/cmd_vel,24.608304103,0.025,-8.742278012618954e-08
/epuck2/cmd_vel,24.620068932,0.025,-8.742278012618954e-08
/epuck2/cmd_vel,24.626360716,0.025,-8.742278012618954e-08
/epuck2/cmd_vel,24.637765623,0.023858160700000044,-0.034255266422778874
/epuck2/cmd_vel,24.644060104,0.023203339299999473,-0.05389990842279602
/epuck2/cmd_vel,24.652590034,0.022334273099998827,-0.07997189442281538
/epuck2/cmd_vel,24.659576987,0.02159743799999916,-0.10207694742280538
/epuck2/cmd_vel,24.668550252,0.02070914199999976,-0.12872582742278738
/epuck2/cmd_vel,24.679918298,0.019647328599999982,-0.16058022942278072
/epuck2/cmd_vel,24.686832827,0.01889025469999979,-0.18329244642278653
/epuck2/cmd_vel,24.69193666,0.018395394999998874,-0.198138237422814
/epuck2/cmd_vel,24.702661782,0.017336987999999567,-0.2298904474227932
/epuck2/cmd_vel,24.708135526,0.016759415299999605,-0.24721762842279205
/epuck2/cmd_vel,24.7147224,0.016088510799998804,-0.2673447634228161
/epuck2/cmd_vel,24.724094744,0.015156271099999688,-0.29531195442278957
/epuck2/cmd_vel,24.731656792,0.014411414399999958,-0.31765765542278146
/epuck2/cmd_vel,24.736882897,0.013917144099998781,-0.33248576442281674
/epuck2/cmd_vel,24.747447188,0.01292691539999993,-0.3621926254227823
/epuck2/cmd_vel,24.752496379,0.012421646699999657,-0.37735068642279046
/epuck2/cmd_vel,24.764349315,0.011327347399999611,-0.41017966542279183
/epuck2/cmd_vel,24.768111259,0.010874923099999025,-0.42375239442280943
/epuck2/cmd_vel,24.774941377,0.01012126560000013,-0.44636211942277626
/epuck2/cmd_vel,24.784223316,0.009159826599999123,-0.4752052894228065
/epuck2/cmd_vel,24.791604455,0.008402063399999805,-0.497938185422786
/epuck2/cmd_vel,24.797908226,0.007796590099999891,-0.5161023844227834
/epuck2/cmd_vel,24.807629004,0.006796621599998789,-0.5461014394228165
/epuck2/cmd_vel,24.814094905,0.006204744000000064,-0.5638577674227783
/epuck2/cmd_vel,24.821342184,0.006,-0.5874783304228011
/epuck2/cmd_vel,24.833798786,0.006,-0.6176254294228052
/epuck2/cmd_vel,24.840079381,0.00640791105000011,-0.5849925454227964
/epuck2/cmd_vel,24.849296689,0.006889274849999566,-0.5464834414228399
/epuck2/cmd_vel,24.857283291,0.007269794750000131,-0.5160418494227947
/epuck2/cmd_vel,24.863964765,0.007588979099999933,-0.4905071014228106
/epuck2/cmd_vel,24.876488496,0.008197569149999624,-0.44181989742283534
/epuck2/cmd_vel,24.882701762,0.008532646799999584,-0.41501368542283856
/epuck2/cmd_vel,24.893819072,0.009106278599999969,-0.3691231414228078
/epuck2/cmd_vel,24.90032563,0.009435087849999975,-0.3428184014228073
/epuck2/cmd_vel,24.907336758,0.009794220199999645,-0.31408781342283376
/epuck2/cmd_vel,24.916900301,0.010267162899999734,-0.2762523974228266
/epuck2/cmd_vel,24.927281884,0.010778944699999956,-0.23530985342280886
/epuck2/cmd_vel,24.935639196,0.011142142799999762,-0.20625400542282435
/epuck2/cmd_vel,24.94221628,0.011542212099999945,-0.1742484614228097
/epuck2/cmd_vel,24.948896256,0.011859518449999969,-0.14886395342280778
/epuck2/cmd_vel,24.960117756,0.012,-0.1038197174228408
/epuck2/cmd_vel,24.966063504,0.012,-0.07940459342281159
/epuck2/cmd_vel,24.978565258,0.012,-0.029358017422811855
/epuck2/cmd_vel,24.985707847,0.012,-0.009065757422792586
/epuck2/cmd_vel,24.998859318,0.012,0.05021590657717567
/epuck2/cmd_vel,25.0040113,0.012,0.06606054457719424
/epuck2/cmd_vel,25.011177764,0.012,0.08674809157720276
/epuck2/cmd_vel,25.018925517,0.012,0.11084784757717259
/epuck2/cmd_vel,25.026338422,0.012,0.13340482957719857
/epuck2/cmd_vel,25.032942678,0.012,0.15392695057718342
/epuck2/cmd_vel,25.045171818,0.012,0.18793099357716514
/epuck2/cmd_vel,25.05006817,0.012,0.2036875245771732
/epuck2/cmd_vel,25.060990185,0.012,0.2355799875771929
/epuck2/cmd_vel,25.06702404,0.012,0.25337197957716384
/epuck2/cmd_vel,25.0755259,0.012,0.278836201577203
/epuck2/cmd_vel,25.084277297,0.012,0.3053873835771803
/epuck2/cmd_vel,25.091580717,0.012,0.32799441157719045
/epuck2/cmd_vel,25.097201906,0.012,0.3467229165771748
/epuck2/cmd_vel,25.109551221,0.012,0.35
/epuck2/cmd_vel,25.114520895,0.012,0.35
/epuck2/cmd_vel,25.125312147,0.012,0.35
/epuck2/cmd_vel,25.130429366,0.012,0.35
/epuck2/cmd_vel,25.140469209,0.012,0.35
/epuck2/cmd_vel,25.148161221,0.012,0.3184403879999763
/epuck2/cmd_vel,25.156421138,0.012,0.282196384000008
/epuck2/cmd_vel,25.162757449,0.012,0.2595152319999897
/epuck2/cmd_vel,25.173293562,0.012,0.21725491200002123
/epuck2/cmd_vel,25.178999708,0.012,0.19397126400000386
/epuck2/cmd_vel,25.19061806,0.012,0.14843636399999693
/epuck2/cmd_vel,25.196244599,0.012,0.12406797999998387
/epuck2/cmd_vel,25.20509338,0.012,0.0872868680000124
/epuck2/cmd_vel,25.214041046,0.012,0.059538531298663426
/epuck2/cmd_vel,25.223384351,0.012,0.059538531298663426
/epuck2/cmd_vel,25.233852444,0.012,0.059538531298663426
/epuck2/cmd_vel,25.243077786,0.012,0.059538531298663426
/epuck2/cmd_vel,25.248583166,0.012,0.03585495129865262
/epuck2/cmd_vel,25.262416235,0.012,-0.017482452701337255
/epuck2/cmd_vel,25.269289021,0.012,-0.03931799170134571
/epuck2/cmd_vel,25.281276442,0.012,-0.07553286070133697
/epuck2/cmd_vel,25.287054904,0.012,-0.09196629670132256
/epuck2/cmd_vel,25.299023947,0.012,-0.12579594670133804
/epuck2/cmd_vel,25.304239864,0.012,-0.14295666218278186
/epuck2/cmd_vel,25.318223258,0.012,-0.14295666218278186
/epuck2/cmd_vel,25.322402784,0.012,-0.14295666218278186
/epuck2/cmd_vel,25.330393966,0.012,-0.14295666218278186
/epuck2/cmd_vel,25.340359745,0.012,-0.14295666218278186
/epuck2/cmd_vel,25.349533347,0.012,-0.10381111018280237
/epuck2/cmd_vel,25.355990517,0.012,-0.07675346218282059
/epuck2/cmd_vel,25.367611566,0.012,-0.07545855045792838
/epuck2/cmd_vel,25.373342583,0.012,-0.07545855045792838
/epuck2/cmd_vel,25.386298175,0.012,-0.07545855045792838
/epuck2/cmd_vel,25.392212279,0.012,-0.07545855045792838
/epuck2/cmd_vel,25.400529081,0.012,-0.07545855045792838
/epuck2/cmd_vel,25.409597506,0.012,-0.07545855045792838
/epuck2/cmd_vel,25.418350898,0.012,-0.07545855045792838
/epuck2/cmd_vel,25.428406872,0.012,-0.07545855045792838
/epuck2/cmd_vel,25.436326237,0.012,-0.07545855045792838
/epuck2/cmd_vel,25.442636578,0.012,-0.07545855045792838
/epuck2/cmd_vel,25.4523938,0.012,-0.03560981845793254
/epuck2/cmd_vel,25.458396501,0.012,-0.010291742457913422
/epuck2/cmd_vel,25.470118232,0.012,0.019833683962847994
/epuck2/cmd_vel,25.475700522,0.012,0.019833683962847994
/epuck2/cmd_vel,25.483681316,0.012,0.019833683962847994
/epuck2/cmd_vel,25.491760195,0.012,0.019833683962847994
/epuck2/cmd_vel,25.499712222,0.012,0.019833683962847994
/epuck2/cmd_vel,25.505575185,0.012,0.019833683962847994
/epuck2/cmd_vel,25.517384814,0.012,0.019833683962847994
/epuck2/cmd_vel,25.522846045,0.012,0.019833683962847994
/epuck2/cmd_vel,25.536489236,0.012,0.019833683962847994
/epuck2/cmd_vel,25.543424948,0.012,0.019833683962847994
/epuck2/cmd_vel,25.558749778,0.012,0.019833683962847994
/epuck2/cmd_vel,25.564936763,0.012,0.019833683962847994
/epuck2/cmd_vel,25.572404355,0.012,0.019833683962847994
/epuck2/cmd_vel,25.581560877,0.012,0.019833683962847994
/epuck2/cmd_vel,25.590298189,0.012,0.019833683962847994
/epuck2/cmd_vel,25.5970631,0.012,0.019833683962847994
/epuck2/cmd_vel,25.608073161,0.012,0.019833683962847994
/epuck2/cmd_vel,25.614623622,0.012,0.019833683962847994
/epuck2/cmd_vel,25.627423197,0.012,0.019833683962847994
/epuck2/cmd_vel,25.631997463,0.012,0.019833683962847994
/epuck2/cmd_vel,25.644642117,0.012,0.019833683962847994
/epuck2/cmd_vel,25.649759949,0.012,0.019833683962847994
/epuck2/cmd_vel,25.660085509,0.012,-1.8954281780912685e-05
/epuck2/cmd_vel,25.66645618,0.012,-1.8954281780914074e-05
/epuck2/cmd_vel,25.674190161,0.012,-1.8954281780914074e-05
/epuck2/cmd_vel,25.679061581,0.012,-1.8954281780914074e-05
/epuck2/cmd_vel,25.69240562,0.012,-1.8954281780914074e-05
/epuck2/cmd_vel,25.699471281,0.012,-1.8954281780914074e-05
/epuck2/cmd_vel,25.711110008,0.012,-1.8954281780914074e-05
/epuck2/cmd_vel,25.716898558,0.012,-1.8954281780914074e-05
/epuck2/cmd_vel,25.725680318,0.012,-1.8954281780914074e-05
/epuck2/cmd_vel,25.733986232,0.012,-1.8954281780914074e-05
/epuck2/cmd_vel,25.74368722,0.012,-1.8954281780914074e-05
/epuck2/cmd_vel,25.75241704,0.012,-1.8954281780914074e-05
/epuck2/cmd_vel,25.760816745,0.012,-0.007960009579632476
/epuck2/cmd_vel,25.767751858,0.012,-0.007960009579632476
/epuck2/cmd_vel,25.77810029,0.012,-0.007960009579632476
/epuck2/cmd_vel,25.78249956,0.012,-0.007960009579632476
/epuck2/cmd_vel,25.791087845,0.012,-0.007960009579632476
/epuck2/cmd_vel,25.79967633,0.012,-0.007960009579632476
/epuck2/cmd_vel,25.807804252,0.012,-0.007960009579632476
/epuck2/cmd_vel,25.818935572,0.012,-0.007960009579632476
/epuck2/cmd_vel,25.827769471,0.012,-0.007960009579632476
/epuck2/cmd_vel,25.840544673,0.012,-0.007960009579632476
/epuck2/cmd_vel,25.847755864,0.012,-0.007960009579632476
/epuck2/cmd_vel,25.853662776,0.012,0.003951573367144868
/epuck2/cmd_vel,25.864504733,0.012,0.003951573367144867
/epuck2/cmd_vel,25.87014995,0.012,0.003951573367144867
/epuck2/cmd_vel,25.881186181,0.012,0.003951573367144867
/epuck2/cmd_vel,25.885658565,0.012,0.003951573367144867
/epuck2/cmd_vel,25.894654875,0.012,0.003951573367144867
/epuck2/cmd_vel,25.904891538,0.012,0.003951573367144867
/epuck2/cmd_vel,25.914161628,0.012,0.003951573367144867
/epuck2/cmd_vel,25.923064845,0.012,0.003951573367144867
/epuck2/cmd_vel,25.932793101,0.012,0.003951573367144867
/epuck2/cmd_vel,25.939301312,0.012,0.003951573367144867
/epuck2/cmd_vel,25.952708378,0.012,0.003951573367144867
/epuck2/cmd_vel,25.959270226,0.012,-1.895428178091442e-05
/epuck2/cmd_vel,25.969036837,0.012,-1.8954281780914074e-05
/epuck2/cmd_vel,25.974221092,0.012,-1.8954281780914074e-05
/epuck2/cmd_vel,25.988240144,0.012,-1.8954281780914074e-05
/epuck2/cmd_vel,25.992100043,0.012,-1.8954281780914074e-05
/epuck2/cmd_vel,26.003112002,0.012,-1.8954281780914074e-05
/epuck2/cmd_vel,26.011730451,0.012,-1.8954281780914074e-05
/epuck2/cmd_vel,26.022658408,0.012,-1.8954281780914074e-05
/epuck2/cmd_vel,26.0287545,0.012,-1.8954281780914074e-05
/epuck2/cmd_vel,26.03684087,0.012,-1.8954281780914074e-05
/epuck2/cmd_vel,26.041953108,0.012,-1.8954281780914074e-05
/epuck2/cmd_vel,26.061330412,0.012,-1.8954281780914074e-05
/epuck2/cmd_vel,26.067736043,0.012,-1.8954281780914074e-05
/epuck2/cmd_vel,26.079220351,0.012,-1.8954281780914074e-05
/epuck2/cmd_vel,26.084259075,0.012,-1.8954281780914074e-05
/epuck2/cmd_vel,26.092404576,0.012,-1.8954281780914074e-05
/epuck2/cmd_vel,26.10148309,0.012,-1.8954281780914074e-05
/epuck2/cmd_vel,26.109091018,0.012,-1.8954281780914074e-05
/epuck2/cmd_vel,26.114687991,0.012,-1.8954281780914074e-05
/epuck2/cmd_vel,26.125845381,0.012,-1.8954281780914074e-05
/epuck2/cmd_vel,26.133265029,0.012,-1.8954281780914074e-05
/epuck2/cmd_vel,26.145499062,0.012,-1.8954281780914074e-05
/epuck2/cmd_vel,26.149722338,0.012,-1.8954281780914074e-05
/epuck2/cmd_vel,26.159984117,0.012,-1.8954281780914074e-05
/epuck2/cmd_vel,26.168492343,0.012,-0.003989481930706695
/epuck2/cmd_vel,26.177893038,0.012,-0.003989481930706695
/epuck2/cmd_vel,26.187022177,0.012,-0.003989481930706695
/epuck2/cmd_vel,26.195551575,0.012,-0.003989481930706695
/epuck2/cmd_vel,26.201755818,0.012,-0.003989481930706695
/epuck2/cmd_vel,26.214208249,0.012,-0.003989481930706695
/epuck2/cmd_vel,26.218357694,0.012,-0.003989481930706695
/epuck2/cmd_vel,26.229934733,0.012,-0.003989481930706695
/epuck2/cmd_vel,26.236520893,0.012,-0.003989481930706695
/epuck2/cmd_vel,26.243240982,0.012,-0.003989481930706695
/epuck2/cmd_vel,26.250564009,0.012,-0.003989481930706695
/epuck2/cmd_vel,26.259962906,0.012,-0.003989481930706695
/epuck2/cmd_vel,26.263551861,0.012,0.0039515733671448665
/epuck2/cmd_vel,26.275761399,0.012,0.003951573367144867
/epuck2/cmd_vel,26.28288318,0.012,0.003951573367144867
/epuck2/cmd_vel,26.293313971,0.012,0.003951573367144867
/epuck2/cmd_vel,26.298800423,0.012,0.003951573367144867
/epuck2/cmd_vel,26.307734509,0.012,0.003951573367144867
/epuck2/cmd_vel,26.317021748,0.012,0.003951573367144867
/epuck2/cmd_vel,26.32381075,0.012,0.003951573367144867
/epuck2/cmd_vel,26.330037365,0.012,0.003951573367144867
/epuck2/cmd_vel,26.341671132,0.012,0.003951573367144867
/epuck2/cmd_vel,26.349579617,0.012,0.003951573367144867
/epuck2/cmd_vel,26.365340258,0.012,-1.895428178091442e-05
/epuck2/cmd_vel,26.370402347,0.012,-1.8954281780914074e-05
/epuck2/cmd_vel,26.382002158,0.012,-1.8954281780914074e-05
/epuck2/cmd_vel,26.388796853,0.012,-1.8954281780914074e-05
/epuck2/cmd_vel,26.403541581,0.012,-1.8954281780914074e-05
/epuck2/cmd_vel,26.410492678,0.012,-1.8954281780914074e-05
/epuck2/cmd_vel,26.422032764,0.012,-1.8954281780914074e-05
/epuck2/cmd_vel,26.427677515,0.012,-1.8954281780914074e-05
/epuck2/cmd_vel,26.443419979,0.012,-1.8954281780914074e-05
/epuck2/cmd_vel,26.448344043,0.012,-1.8954281780914074e-05
/epuck2/cmd_vel,26.457797572,0.012,-1.8954281780914074e-05
/epuck2/cmd_vel,26.463920218,0.012,-1.8954281780914074e-05
/epuck2/cmd_vel,26.472387096,0.012,-1.8954281780914074e-05
/epuck2/cmd_vel,26.476678461,0.012,-1.8954281780914074e-05
/epuck2/cmd_vel,26.488144641,0.012,-1.8954281780914074e-05
/epuck2/cmd_vel,26.493710193,0.012,-1.8954281780914074e-05
/epuck2/cmd_vel,26.5064174,0.012,-1.8954281780914074e-05
/epuck2/cmd_vel,26.511514346,0.012,-1.8954281780914074e-05
/epuck2/cmd_vel,26.522995007,0.012,-1.8954281780914074e-05
/epuck2/cmd_vel,26.529274055,0.012,-1.8954281780914074e-05
/epuck2/cmd_vel,26.538049143,0.012,-1.8954281780914074e-05
/epuck2/cmd_vel,26.542250023,0.012,-1.8954281780914074e-05
/epuck2/cmd_vel,26.553592159,0.012,-1.8954281780914074e-05
/epuck2/cmd_vel,26.557636737,0.012,-1.8954281780914074e-05
/epuck2/cmd_vel,26.565090098,0.012,-1.8954281780914074e-05
/epuck2/cmd_vel,26.574049952,0.012,-1.8954281780914074e-05
/epuck2/cmd_vel,26.582226997,0.012,-1.8954281780914074e-05
/epuck2/cmd_vel,26.59171578,0.012,-1.8954281780914074e-05
/epuck2/cmd_vel,26.600237488,0.012,-1.8954281780914074e-05
/epuck2/cmd_vel,26.606682626,0.012,-1.8954281780914074e-05
/epuck2/cmd_vel,26.617212492,0.012,-1.8954281780914074e-05
/epuck2/cmd_vel,26.623134392,0.012,-1.8954281780914074e-05
/epuck2/cmd_vel,26.635095445,0.012,-1.8954281780914074e-05
/epuck2/cmd_vel,26.639753746,0.012,-1.8954281780914074e-05
/epuck2/cmd_vel,26.648943907,0.012,-1.8954281780914074e-05
/epuck2/cmd_vel,26.656289505,0.012,-1.8954281780914074e-05
/epuck2/cmd_vel,26.66454505,0.012,-1.8954281780914074e-05
/epuck2/cmd_vel,26.671796667,0.012,-1.8954281780914074e-05
/epuck2/cmd_vel,26.684619329,0.012,-1.8954281780914074e-05
/epuck2/cmd_vel,26.688690173,0.012,-1.8954281780914074e-05
/epuck2/cmd_vel,26.700081648,0.012,-1.8954281780914074e-05
/epuck2/cmd_vel,26.705838557,0.012,-1.8954281780914074e-05
/epuck2/cmd_vel,26.713824843,0.012,-1.8954281780914074e-05
/epuck2/cmd_vel,26.723209758,0.012,-1.8954281780914074e-05
/epuck2/cmd_vel,26.731446627,0.012,-1.8954281780914074e-05
/epuck2/cmd_vel,26.742045605,0.012,-1.8954281780914074e-05
/epuck2/cmd_vel,26.749634794,0.012,-1.8954281780914074e-05
/epuck2/cmd_vel,26.756936448,0.012,-1.8954281780914074e-05
/epuck2/cmd_vel,26.768249521,0.012,-1.8954281780914074e-05
/epuck2/cmd_vel,26.773433656,0.012,-1.8954281780914074e-05
/epuck2/cmd_vel,26.786679581,0.012,-1.8954281780914074e-05
/epuck2/cmd_vel,26.792806922,0.012,-1.8954281780914074e-05
/epuck2/cmd_vel,26.803939923,0.012,-1.8954281780914074e-05
/epuck2/cmd_vel,26.811622594,0.012,-1.8954281780914074e-05
/epuck2/cmd_vel,26.819586509,0.012,-1.8954281780914074e-05
/epuck2/cmd_vel,26.828837094,0.012,-1.8954281780914074e-05
/epuck2/cmd_vel,26.838190649,0.012,-1.8954281780914074e-05
/epuck2/cmd_vel,26.84738111,0.012,-1.8954281780914074e-05
/epuck2/cmd_vel,26.856088184,0.012,-1.8954281780914074e-05
/epuck2/cmd_vel,26.861161459,0.012,-1.8954281780914074e-05
/epuck2/cmd_vel,26.872560923,0.012,-1.8954281780914074e-05
/epuck2/cmd_vel,26.878378855,0.012,-1.8954281780914074e-05
/epuck2/cmd_vel,26.890695058,0.012,-1.8954281780914074e-05
/epuck2/cmd_vel,26.897606506,0.012,-1.8954281780914074e-05
/epuck2/cmd_vel,26.906540092,0.012,-1.8954281780914074e-05
/epuck2/cmd_vel,26.913408794,0.012,-1.8954281780914074e-05
/epuck2/cmd_vel,26.921875871,0.012,-1.8954281780914074e-05
/epuck2/cmd_vel,26.931584277,0.012,-1.8954281780914074e-05
/epuck2/cmd_vel,26.939944589,0.012,-1.8954281780914074e-05
/epuck2/cmd_vel,26.946028185,0.012,-1.8954281780914074e-05
/epuck2/cmd_vel,26.957712688,0.012,-1.8954281780914074e-05
/epuck2/cmd_vel,26.965600499,0.012,-1.8954281780914074e-05
/epuck2/cmd_vel,26.975936909,0.012,-1.8954281780914074e-05
/epuck2/cmd_vel,26.980398859,0.012,-1.8954281780914074e-05
/epuck2/cmd_vel,26.987059524,0.012,-1.8954281780914074e-05
/epuck2/cmd_vel,26.996580067,0.012,-1.8954281780914074e-05
/epuck2/cmd_vel,27.005655974,0.012,-1.8954281780914074e-05
/epuck2/cmd_vel,27.011251588,0.012,-1.8954281780914074e-05
/epuck2/cmd_vel,27.023507966,0.012,-1.8954281780914074e-05
/epuck2/cmd_vel,27.028293106,0.012,-1.8954281780914074e-05
/epuck2/cmd_vel,27.041550817,0.012,-1.8954281780914074e-05
/epuck2/cmd_vel,27.04597062,0.012,-1.8954281780914074e-05
/epuck2/cmd_vel,27.055111244,0.012,-1.8954281780914074e-05
/epuck2/cmd_vel,27.063313557,0.012,-1.8954281780914074e-05
/epuck2/cmd_vel,27.071567604,0.012,-1.8954281780914074e-05
/epuck2/cmd_vel,27.076047032,0.012,-1.8954281780914074e-05
/epuck2/cmd_vel,27.088008284,0.012,-1.8954281780914074e-05
/epuck2/cmd_vel,27.092887505,0.012,-1.8954281780914074e-05
/epuck2/cmd_vel,27.100354649,0.012,-1.8954281780914074e-05
/epuck2/cmd_vel,27.109691425,0.012,-1.8954281780914074e-05
/epuck2/cmd_vel,27.1168972,0.012,-1.8954281780914074e-05
/epuck2/cmd_vel,27.121990849,0.012,-1.8954281780914074e-05
/epuck2/cmd_vel,27.134628945,0.012,-1.8954281780914074e-05
/epuck2/cmd_vel,27.139896873,0.012,-1.8954281780914074e-05
/epuck2/cmd_vel,27.151127405,0.012,-1.8954281780914074e-05
/epuck2/cmd_vel,27.156301898,0.012,-1.8954281780914074e-05
/epuck2/cmd_vel,27.165487359,0.012,-1.8954281780914074e-05
/epuck2/cmd_vel,27.173398746,0.012,-1.8954281780914074e-05
/epuck2/cmd_vel,27.182181254,0.012,-1.8954281780914074e-05
/epuck2/cmd_vel,27.187280449,0.012,-1.8954281780914074e-05
/epuck2/cmd_vel,27.201078664,0.012,-1.8954281780914074e-05
/epuck2/cmd_vel,27.208486333,0.012,-1.8954281780914074e-05
/epuck2/cmd_vel,27.221055313,0.012,-1.8954281780914074e-05
/epuck2/cmd_vel,27.226695076,0.012,-1.8954281780914074e-05
/epuck2/cmd_vel,27.237971506,0.012,-1.8954281780914074e-05
/epuck2/cmd_vel,27.243174061,0.012,-1.8954281780914074e-05
/epuck2/cmd_vel,27.251823449,0.012,-1.8954281780914074e-05
/epuck2/cmd_vel,27.262060187,0.012,-1.8954281780914074e-05
/epuck2/cmd_vel,27.268812943,0.012,-1.8954281780914074e-05
/epuck2/cmd_vel,27.274085503,0.012,-1.8954281780914074e-05
/epuck2/cmd_vel,27.285911988,0.012,-1.8954281780914074e-05
/epuck2/cmd_vel,27.290033607,0.012,-1.8954281780914074e-05
/epuck2/cmd_vel,27.300867636,0.012,-1.8954281780914074e-05
/epuck2/cmd_vel,27.309195959,0.012,-1.8954281780914074e-05
/epuck2/cmd_vel,27.315641231,0.012,-1.8954281780914074e-05
/epuck2/cmd_vel,27.325886957,0.012,-1.8954281780914074e-05
/epuck2/cmd_vel,27.331523524,0.012,-1.8954281780914074e-05
/epuck2/cmd_vel,27.340083832,0.012,-1.8954281780914074e-05
/epuck2/cmd_vel,27.352649417,0.012,-1.8954281780914074e-05
/epuck2/cmd_vel,27.356863211,0.012,-1.8954281780914074e-05
/epuck2/cmd_vel,27.366757013,0.012,-1.8954281780914074e-05
/epuck2/cmd_vel,27.374312981,0.012,-1.8954281780914074e-05
/epuck2/cmd_vel,27.383399177,0.012,-1.8954281780914074e-05
/epuck2/cmd_vel,27.392764196,0.012,-1.8954281780914074e-05
/epuck2/cmd_vel,27.401125174,0.012,-1.8954281780914074e-05
/epuck2/cmd_vel,27.409477763,0.012,-1.8954281780914074e-05
/epuck2/cmd_vel,27.417836245,0.012,-1.8954281780914074e-05
/epuck2/cmd_vel,27.424989359,0.012,-1.8954281780914074e-05
/epuck2/cmd_vel,27.437999242,0.012,-1.8954281780914074e-05
/epuck2/cmd_vel,27.442427645,0.012,-1.8954281780914074e-05
/epuck2/cmd_vel,27.457389684,0.012,-1.8954281780914074e-05
/epuck2/cmd_vel,27.466640857,0.012,-1.8954281780914074e-05
/epuck2/cmd_vel,27.476481132,0.012,-1.8954281780914074e-05
/epuck2/cmd_vel,27.481796734,0.012,-1.8954281780914074e-05
/epuck2/cmd_vel,27.490923275,0.012,-0.003989481930706695
/epuck2/cmd_vel,27.499120275,0.012,-0.003989481930706695
/epuck2/cmd_vel,27.507896192,0.012,-0.003989481930706695
/epuck2/cmd_vel,27.51721667,0.012,-0.003989481930706695
/epuck2/cmd_vel,27.527077817,0.012,-0.003989481930706695
/epuck2/cmd_vel,27.532896038,0.012,-0.003989481930706695
/epuck2/cmd_vel,27.544312179,0.012,-0.003989481930706695
/epuck2/cmd_vel,27.54949576,0.012,-0.003989481930706695
/epuck2/cmd_vel,27.562587133,0.012,-0.003989481930706695
/epuck2/cmd_vel,27.569258499,0.012,-0.003989481930706695
/epuck2/cmd_vel,27.57700401,0.012,-0.003989481930706695
/epuck2/cmd_vel,27.584429156,0.012,-1.895428178091442e-05
/epuck2/cmd_vel,27.593141758,0.012,-1.8954281780914074e-05
/epuck2/cmd_vel,27.602627213,0.012,-1.8954281780914074e-05
/epuck2/cmd_vel,27.611276301,0.012,-1.8954281780914074e-05
/epuck2/cmd_vel,27.616509814,0.012,-1.8954281780914074e-05
/epuck2/cmd_vel,27.628248618,0.012,-1.8954281780914074e-05
/epuck2/cmd_vel,27.632700689,0.012,-1.8954281780914074e-05
/epuck2/cmd_vel,27.647747414,0.012,-1.8954281780914074e-05
/epuck2/cmd_vel,27.652829133,0.012,-1.8954281780914074e-05
/epuck2/cmd_vel,27.660847675,0.012,-1.8954281780914074e-05
/epuck2/cmd_vel,27.670131004,0.012,-1.8954281780914074e-05
/epuck2/cmd_vel,27.678664548,0.012,-1.8954281780914074e-05
/epuck2/cmd_vel,27.684348152,0.012,-1.8954281780914074e-05
/epuck2/cmd_vel,27.694827561,0.012,0.003951573367144867
/epuck2/cmd_vel,27.699922961,0.012,0.003951573367144867
/epuck2/cmd_vel,27.71175434,0.012,0.003951573367144867
/epuck2/cmd_vel,27.716991049,0.012,0.003951573367144867
/epuck2/cmd_vel,27.727508507,0.012,0.003951573367144867
/epuck2/cmd_vel,27.736175171,0.012,0.003951573367144867
/epuck2/cmd_vel,27.744361486,0.012,0.003951573367144867
/epuck2/cmd_vel,27.750418484,0.012,0.003951573367144867
/epuck2/cmd_vel,27.764041436,0.012,0.003951573367144867
/epuck2/cmd_vel,27.770109819,0.012,0.003951573367144867
/epuck2/cmd_vel,27.780973009,0.012,0.003951573367144867
/epuck2/cmd_vel,27.788610367,0.012,-0.0039894819307066945
/epuck2/cmd_vel,27.799474056,0.012,-0.003989481930706695
/epuck2/cmd_vel,27.805886073,0.012,-0.003989481930706695
/epuck2/cmd_vel,27.814944107,0.012,-0.003989481930706695
/epuck2/cmd_vel,27.823994951,0.012,-0.003989481930706695
/epuck2/cmd_vel,27.832033067,0.012,-0.003989481930706695
/epuck2/cmd_vel,27.838872205,0.012,-0.003989481930706695
/epuck2/cmd_vel,27.849489828,0.012,-0.003989481930706695
/epuck2/cmd_vel,27.855157553,0.012,-0.003989481930706695
/epuck2/cmd_vel,27.869481856,0.012,-0.003989481930706695
/epuck2/cmd_vel,27.875032839,0.012,-0.003989481930706695
/epuck2/cmd_vel,27.884350222,0.012,-0.003989481930706695
/epuck2/cmd_vel,27.89273327,0.012,-0.003989481930706695
/epuck2/cmd_vel,27.901945596,0.012,0.0039515733671448665
/epuck2/cmd_vel,27.911489172,0.012,0.003951573367144867
/epuck2/cmd_vel,27.920633789,0.012,0.003951573367144867
/epuck2/cmd_vel,27.926610995,0.012,0.003951573367144867
/epuck2/cmd_vel,27.937872146,0.012,0.003951573367144867
/epuck2/cmd_vel,27.944572673,0.012,0.003951573367144867
/epuck2/cmd_vel,27.955218756,0.012,0.003951573367144867
/epuck2/cmd_vel,27.961645554,0.012,0.003951573367144867
/epuck2/cmd_vel,27.969622252,0.012,0.003951573367144867
/epuck2/cmd_vel,27.978034461,0.012,0.003951573367144867
/epuck2/cmd_vel,27.984706526,0.012,0.003951573367144867
/epuck2/cmd_vel,27.990539328,0.012,0.003951573367144867
/epuck2/cmd_vel,28.001566495,0.012,-1.895428178091442e-05
/epuck2/cmd_vel,28.007751919,0.012,-1.8954281780914074e-05
/epuck2/cmd_vel,28.014763525,0.012,-1.8954281780914074e-05
/epuck2/cmd_vel,28.023633614,0.012,-1.8954281780914074e-05
/epuck2/cmd_vel,28.032072985,0.012,-1.8954281780914074e-05
/epuck2/cmd_vel,28.038131581,0.012,-1.8954281780914074e-05
/epuck2/cmd_vel,28.04952016,0.012,-1.8954281780914074e-05
/epuck2/cmd_vel,28.055658248,0.012,-1.8954281780914074e-05
/epuck2/cmd_vel,28.067118329,0.012,-1.8954281780914074e-05
/epuck2/cmd_vel,28.07321048,0.012,-1.8954281780914074e-05
/epuck2/cmd_vel,28.084591868,0.012,-1.8954281780914074e-05
/epuck2/cmd_vel,28.091929831,0.012,-1.8954281780914074e-05
/epuck2/cmd_vel,28.106084264,0.012,-1.8954281780914074e-05
/epuck2/cmd_vel,28.11107191,0.012,-1.8954281780914074e-05
/epuck2/cmd_vel,28.120783759,0.012,-1.8954281780914074e-05
/epuck2/cmd_vel,28.12967452,0.012,-1.8954281780914074e-05
/epuck2/cmd_vel,28.138595639,0.012,-1.8954281780914074e-05
/epuck2/cmd_vel,28.147182512,0.012,-1.8954281780914074e-05
/epuck2/cmd_vel,28.154610458,0.012,-1.8954281780914074e-05
/epuck2/cmd_vel,28.163085231,0.012,-1.8954281780914074e-05
/epuck2/cmd_vel,28.170691247,0.012,-1.8954281780914074e-05
/epuck2/cmd_vel,28.175587641,0.012,-1.8954281780914074e-05
/epuck2/cmd_vel,28.18419093,0.012,-1.8954281780914074e-05
/epuck2/cmd_vel,28.191772182,0.012,-1.8954281780914074e-05
/epuck2/cmd_vel,28.200483517,0.012,-0.003989481930706695
/epuck2/cmd_vel,28.20582697,0.012,-0.003989481930706695
/epuck2/cmd_vel,28.223407314,0.012,-0.003989481930706695
/epuck2/cmd_vel,28.224815399,0.012,0.0033931540692817563
/epuck2/cmd_vel,28.237930433,0.012,0.04078265206929199
/epuck2/cmd_vel,28.244233114,0.012,0.06235478506927006
/epuck2/cmd_vel,28.250871914,0.012,0.08126732206926146
/epuck2/cmd_vel,28.258843208,0.012,0.1061143690692985
/epuck2/cmd_vel,28.269253911,0.012,0.13596545206928123
/epuck2/cmd_vel,28.275060901,0.012,0.15209557306927035
/epuck2/cmd_vel,28.285360663,0.012,0.1840667230692885
/epuck2/cmd_vel,28.29044369,0.012,0.19888142506926965
/epuck2/cmd_vel,28.302778939,0.012,0.23660914006928646
/epuck2/cmd_vel,28.310113843,0.012,0.25502348806929387
/epuck2/cmd_vel,28.319029885,0.012,0.2849455720692573
/epuck2/cmd_vel,28.327758994,0.012,0.3
/epuck2/cmd_vel,28.335091901,0.012,0.3
/epuck2/cmd_vel,28.341086024,0.012,0.3
/epuck2/cmd_vel,28.352079892,0.012,0.3
/epuck2/cmd_vel,28.359787863,0.012,0.3
/epuck2/cmd_vel,28.370312103,0.012,0.3
/epuck2/cmd_vel,28.377042273,0.012,0.3
/epuck2/cmd_vel,28.389638848,0.012,0.3
/epuck2/cmd_vel,28.396026508,0.012,0.3
/epuck2/cmd_vel,28.403680356,0.012,0.3
/epuck2/cmd_vel,28.414902398,0.012,0.2858755969969607
/epuck2/cmd_vel,28.421743708,0.012,0.2858755969969607
/epuck2/cmd_vel,28.427901597,0.012,0.2858755969969607
/epuck2/cmd_vel,28.437657437,0.012,0.2858755969969607
/epuck2/cmd_vel,28.444980858,0.012,0.2858755969969607
/epuck2/cmd_vel,28.453503263,0.012,0.2858755969969607
/epuck2/cmd_vel,28.460087441,0.012,0.2858755969969607
/epuck2/cmd_vel,28.465691822,0.012,0.2858755969969607
/epuck2/cmd_vel,28.474462771,0.012,0.2858755969969607
/epuck2/cmd_vel,28.485274999,0.012,0.2858755969969607
/epuck2/cmd_vel,28.490291621,0.012,0.2858755969969607
/epuck2/cmd_vel,28.501063407,0.012,0.2858755969969607
/epuck2/cmd_vel,28.506836946,0.012,0.2607763129969967
/epuck2/cmd_vel,28.521138381,0.012686502650000165,0.20585610099698354
/epuck2/cmd_vel,28.526393062,0.01294541720000052,0.1851429369969551
/epuck2/cmd_vel,28.534530618,0.013376055949999965,0.15069183699699945
/epuck2/cmd_vel,28.543253237,0.013774101400000205,0.11884820099698029
/epuck2/cmd_vel,28.553537421,0.014319550900000422,0.07521224099696294
/epuck2/cmd_vel,28.561728999,0.014727262500000194,0.06176319916779604
/epuck2/cmd_vel,28.570039507,0.015125737300000252,0.06176319916779604
/epuck2/cmd_vel,28.575513275,0.015431260100000344,0.06176319916779604
/epuck2/cmd_vel,28.589764582,0.01606839840000046,0.06176319916779604
/epuck2/cmd_vel,28.594788593,0.016377441200000474,0.06176319916779604
/epuck2/cmd_vel,28.606921232,0.016985810650000387,0.06176319916779604
/epuck2/cmd_vel,28.612418865,0.017277253599999907,0.038447763167834374
/epuck2/cmd_vel,28.624838394,0.017863864200000534,-0.008481084832215664
/epuck2/cmd_vel,28.631834483,0.018177355650000036,-0.019852550821849026
/epuck2/cmd_vel,28.639989414,0.01863736740000047,-0.019852550821849026
/epuck2/cmd_vel,28.649327551,0.019094962600000084,-0.019852550821849026
/epuck2/cmd_vel,28.656882441,0.01950067204999993,-0.019852550821849026
/epuck2/cmd_vel,28.667087039,0.019964513350000143,-0.019852550821849026
/epuck2/cmd_vel,28.677886785,0.020528980600000576,-0.019852550821849026
/epuck2/cmd_vel,28.681844522,0.0206885273,-0.019852550821849026
/epuck2/cmd_vel,28.6917137,0.0212273463000005,-0.019852550821849026
/epuck2/cmd_vel,28.696484673,0.021481482650000567,-0.019852550821849026
/epuck2/cmd_vel,28.707805973,0.022044861500000474,-0.019852550821849026
/epuck2/cmd_vel,28.712403095,0.02227443300000001,-0.01764670212800137
/epuck2/cmd_vel,28.721150478,0.022675399250000332,-0.01764670212800137
/epuck2/cmd_vel,28.728290461,0.023065760650000548,-0.01764670212800137
/epuck2/cmd_vel,28.736195549,0.023463421650000062,-0.01764670212800137
/epuck2/cmd_vel,28.741545694,0.023735147800000325,-0.01764670212800137
/epuck2/cmd_vel,28.752190162,0.024269528150000032,-0.01764670212800137
/epuck2/cmd_vel,28.758207851,0.024573028850000147,-0.01764670212800137
/epuck2/cmd_vel,28.767081653,0.0249706049500001,-0.01764670212800137
/epuck2/cmd_vel,28.774217942,0.025,-0.01764670212800137
/epuck2/cmd_vel,28.783812513,0.025,-0.01764670212800137
/epuck2/cmd_vel,28.789331316,0.025,-0.01764670212800137
/epuck2/cmd_vel,28.801943069,0.025,-0.01764670212800137
/epuck2/cmd_vel,28.806253202,0.025,-0.01764670212800137
/epuck2/cmd_vel,28.81893865,0.025,-0.006617458658763087
/epuck2/cmd_vel,28.824456454,0.025,-0.006617458658763087
/epuck2/cmd_vel,28.83340425,0.025,-0.006617458658763087
/epuck2/cmd_vel,28.84170677,0.025,-0.006617458658763087
/epuck2/cmd_vel,28.851889699,0.025,-0.006617458658763087
/epuck2/cmd_vel,28.861809105,0.025,-0.006617458658763087
/epuck2/cmd_vel,28.869451968,0.025,-0.006617458658763087
/epuck2/cmd_vel,28.876220982,0.025,-0.006617458658763087
/epuck2/cmd_vel,28.889248042,0.025,-0.006617458658763087
/epuck2/cmd_vel,28.894552651,0.025,-0.006617458658763087
/epuck2/cmd_vel,28.908861876,0.025,-0.006617458658763087
/epuck2/cmd_vel,28.913281851,0.025,-0.0022057612710677747
/epuck2/cmd_vel,28.928956921,0.025,-0.0022057612710677747
/epuck2/cmd_vel,28.936213937,0.025,-0.0022057612710677747
/epuck2/cmd_vel,28.943783006,0.025,-0.0022057612710677747
/epuck2/cmd_vel,28.953861484,0.025,-0.0022057612710677747
/epuck2/cmd_vel,28.96136984,0.025,-0.0022057612710677747
/epuck2/cmd_vel,28.970673128,0.025,-0.0022057612710677747
/epuck2/cmd_vel,28.978752267,0.025,-0.0022057612710677747
/epuck2/cmd_vel,28.985977429,0.025,-0.0022057612710677747
/epuck2/cmd_vel,28.997239014,0.025,-0.0022057612710677747
/epuck2/cmd_vel,29.002501883,0.025,-0.0022057612710677747
/epuck2/cmd_vel,29.013239718,0.0,0.0
/epuck2/cmd_vel,29.019838875,0.0,0.0
/epuck2/cmd_vel,29.029279366,0.0,0.0
/epuck2/cmd_vel,29.039150142,0.0,0.0
/epuck2/cmd_vel,29.04834838,0.0,0.0
/epuck2/cmd_vel,29.05702137,0.0,0.0
/epuck2/cmd_vel,29.067980152,0.0,0.0
/epuck2/cmd_vel,29.071855843,0.0,0.0
/epuck2/cmd_vel,29.085084709,0.0,0.0
/epuck2/cmd_vel,29.090439891,0.0,0.0
/epuck2/cmd_vel,29.10098872,0.0,0.0
/epuck2/cmd_vel,29.106185261,0.0,0.0
/epuck2/cmd_vel,29.114104769,0.0,0.0
/epuck2/cmd_vel,29.122607129,0.0,0.0
/epuck2/cmd_vel,29.130138868,0.0,0.0
/epuck2/cmd_vel,29.136340273,0.0,0.0
/epuck2/cmd_vel,29.149966592,0.0,0.0
/epuck2/cmd_vel,29.157085063,0.0,0.0
/epuck2/cmd_vel,29.168056965,0.0,0.0
/epuck2/cmd_vel,29.172931003,0.0,0.0
/epuck2/cmd_vel,29.180514449,0.0,0.0
/epuck2/cmd_vel,29.190852225,0.0,0.0
/epuck2/cmd_vel,29.199195184,0.0,0.0
/epuck2/cmd_vel,29.207290362,0.0,0.0
/epuck2/cmd_vel,29.218233612,0.0,0.0
/epuck2/cmd_vel,29.223102459,0.0,0.0
/epuck2/cmd_vel,29.235038028,0.0,0.0
/epuck2/cmd_vel,29.240465528,0.0,0.0
/epuck2/cmd_vel,29.25117787,0.0,0.0
/epuck2/cmd_vel,29.257290409,0.0,0.0
/epuck2/cmd_vel,29.26556628,0.0,0.0
/epuck2/cmd_vel,29.27388458,0.0,0.0
/epuck2/cmd_vel,29.283090176,0.0,0.0
/epuck2/cmd_vel,29.287705952,0.0,0.0
/epuck2/cmd_vel,29.298887,0.0,0.0
/epuck2/cmd_vel,29.303552092,0.0,0.0
/epuck2/cmd_vel,29.311350274,0.0,0.0
/epuck2/cmd_vel,29.320050027,0.0,0.0
/epuck2/cmd_vel,29.33005976,0.0,0.0
/epuck2/cmd_vel,29.337701706,0.0,0.0
/epuck2/cmd_vel,29.345998044,0.0,0.0
/epuck2/cmd_vel,29.351327909,0.0,0.0
/epuck2/cmd_vel,29.362687254,0.0,0.0
/epuck2/cmd_vel,29.36792857,0.0,0.0
/epuck2/cmd_vel,29.377501144,0.0,0.0
/epuck2/cmd_vel,29.386655227,0.0,0.0
/epuck2/cmd_vel,29.395570315,0.0,0.0
/epuck2/cmd_vel,29.404848189,0.0,0.0
/epuck2/cmd_vel,29.413152912,0.0,0.0
/epuck2/cmd_vel,29.418076566,0.0,0.0
/epuck2/cmd_vel,29.430913307,0.0,0.0
/epuck2/cmd_vel,29.436176885,0.0,0.0
/epuck2/cmd_vel,29.44576643,0.0,0.0
/epuck2/cmd_vel,29.455049395,0.0,0.0
/epuck2/cmd_vel,29.463050732,0.0,0.0
/epuck2/cmd_vel,29.472090709,0.0,0.0
/epuck2/cmd_vel,29.479486872,0.0,0.0
/epuck2/cmd_vel,29.484086076,0.0,0.0
/epuck2/cmd_vel,29.495487849,0.0,0.0
/epuck2/cmd_vel,29.500353901,0.0,0.0
/epuck2/cmd_vel,29.508500192,0.0,0.0
/epuck2/cmd_vel,29.518030438,0.0,0.0
/epuck2/cmd_vel,29.525967384,0.0,0.0
/epuck2/cmd_vel,29.531264306,0.0,0.0
/epuck2/cmd_vel,29.542271148,0.0,0.0
/epuck2/cmd_vel,29.548312907,0.0,0.0
/epuck2/cmd_vel,29.558675941,0.0,0.0
/epuck2/cmd_vel,29.56480016,0.0,0.0
/epuck2/cmd_vel,29.573378719,0.0,0.0
/epuck2/cmd_vel,29.583624252,0.0,0.0
/epuck2/cmd_vel,29.590726014,0.0,0.0
/epuck2/cmd_vel,29.596347586,0.0,0.0
/epuck2/cmd_vel,29.607540912,0.0,0.0
/epuck2/cmd_vel,29.612644262,0.0,0.0
/epuck2/cmd_vel,29.624506355,0.0,0.0
/epuck2/cmd_vel,29.629735791,0.0,0.0
/epuck2/cmd_vel,29.638398207,0.0,0.0
/epuck2/cmd_vel,29.646358813,0.0,0.0
/epuck2/cmd_vel,29.654113169,0.0,0.0
/epuck2/cmd_vel,29.660127175,0.0,0.0
/epuck2/cmd_vel,29.675066951,0.0,0.0
/epuck2/cmd_vel,29.680391027,0.0,0.0
/epuck2/cmd_vel,29.694089407,0.0,0.0
/epuck2/cmd_vel,29.700287501,0.0,0.0
/epuck2/cmd_vel,29.707862361,0.0,0.0
/epuck2/cmd_vel,29.71695415,0.0,0.0
/epuck2/cmd_vel,29.724472606,0.0,0.0
/epuck2/cmd_vel,29.732132222,0.0,0.0
/epuck2/cmd_vel,29.744294407,0.0,0.0
/epuck2/cmd_vel,29.749865164,0.0,0.0
/epuck2/cmd_vel,29.763408607,0.0,0.0
/epuck2/cmd_vel,29.769600711,0.0,0.0
/epuck2/cmd_vel,29.783061993,0.0,0.0
/epuck2/cmd_vel,29.788679172,0.0,0.0
/epuck2/cmd_vel,29.796785531,0.0,0.0
/epuck2/cmd_vel,29.806390849,0.0,0.0
/epuck2/cmd_vel,29.815716741,0.0,0.0
/epuck2/cmd_vel,29.824265151,0.0,0.0
/epuck2/cmd_vel,29.832909299,0.0,0.0
/epuck2/cmd_vel,29.837966626,0.0,0.0
/epuck2/cmd_vel,29.849675379,0.0,0.0
/epuck2/cmd_vel,29.855830546,0.0,0.0
/epuck2/cmd_vel,29.867693038,0.0,0.0
/epuck2/cmd_vel,29.873425421,0.0,0.0
/epuck2/cmd_vel,29.881584891,0.0,0.0
/epuck2/cmd_vel,29.889570754,0.0,0.0
/epuck2/cmd_vel,29.89740797,0.0,0.0
/epuck2/cmd_vel,29.902902157,0.0,0.0
/epuck2/cmd_vel,29.914424525,0.0,0.0
/epuck2/cmd_vel,29.919479058,0.0,0.0
/epuck2/cmd_vel,29.927638527,0.0,0.0
/epuck2/cmd_vel,29.935962018,0.0,0.0
/epuck2/cmd_vel,29.946401522,0.0,0.0
/epuck2/cmd_vel,29.955878359,0.0,0.0
/epuck2/cmd_vel,29.9648803,0.0,0.0
/epuck2/cmd_vel,29.970809649,0.0,0.0
/epuck2/cmd_vel,29.983375949,0.0,0.0
/epuck2/cmd_vel,29.988257274,0.0,0.0
/epuck2/cmd_vel,29.99829516,0.0,0.0
/epuck2/cmd_vel,30.005199257,0.0,0.0
/epuck2/cmd_vel,30.013664907,0.0,0.0
/epuck2/cmd_vel,30.023889376,0.0,0.0
/epuck2/cmd_vel,30.030355815,0.0,0.0
/epuck2/cmd_vel,30.037277282,0.0,0.0
/epuck2/cmd_vel,30.049862849,0.0,0.0
/epuck2/cmd_vel,30.058867286,0.0,0.0
/epuck2/cmd_vel,30.070159944,0.0,0.0
/epuck2/cmd_vel,30.075880248,0.0,0.0
/epuck2/cmd_vel,30.08944226,0.0,0.0
/epuck2/cmd_vel,30.095649738,0.0,0.0
/epuck2/cmd_vel,30.101320026,0.0,0.0
/epuck2/cmd_vel,30.110728378,0.0,0.0
/epuck2/cmd_vel,30.119169171,0.0,0.0
/epuck2/cmd_vel,30.124576605,0.0,0.0
/epuck2/cmd_vel,30.137536637,0.0,0.0
/epuck2/cmd_vel,30.142304355,0.0,0.0
/epuck2/cmd_vel,30.154116558,0.0,0.0
/epuck2/cmd_vel,30.158139702,0.0,0.0
/epuck2/cmd_vel,30.170534263,0.0,0.0
/epuck2/cmd_vel,30.179089658,0.0,0.0
/epuck2/cmd_vel,30.186372185,0.0,0.0
/epuck2/cmd_vel,30.195555978,0.0,0.0
/epuck2/cmd_vel,30.203518812,0.0,0.0
/epuck2/cmd_vel,30.212794843,0.0,0.0
/epuck2/cmd_vel,30.219423317,0.0,0.0
/epuck2/cmd_vel,30.225534698,0.0,0.0
/epuck2/cmd_vel,30.237597841,0.0,0.0
/epuck2/cmd_vel,30.244383739,0.0,0.0
/epuck2/cmd_vel,30.255354996,0.0,0.0
/epuck2/cmd_vel,30.260370001,0.0,0.0
/epuck2/cmd_vel,30.269084816,0.0,0.0
/epuck2/cmd_vel,30.278608213,0.0,0.0
/epuck2/cmd_vel,30.28692263,0.0,0.0
/epuck2/cmd_vel,30.293336281,0.0,0.0
/epuck2/cmd_vel,30.308963173,0.0,0.0
/epuck2/cmd_vel,30.317854079,0.0,0.0
/epuck2/cmd_vel,30.330475343,0.0,0.0
/epuck2/cmd_vel,30.338035184,0.0,0.0
/epuck2/cmd_vel,30.352564501,0.0,0.0
/epuck2/cmd_vel,30.358371815,0.0,0.0
/epuck2/cmd_vel,30.369914271,0.0,0.0
/epuck2/cmd_vel,30.377375585,0.0,0.0
/epuck2/cmd_vel,30.388257,0.0,0.0
/epuck2/cmd_vel,30.396386641,0.0,0.0
/epuck2/cmd_vel,30.401481306,0.0,0.0
/epuck2/cmd_vel,30.410466447,0.0,0.0
/epuck2/cmd_vel,30.418737141,0.0,0.0
/epuck2/cmd_vel,30.423441889,0.0,0.0
/epuck2/cmd_vel,30.435987985,0.0,0.0
/epuck2/cmd_vel,30.440635833,0.0,0.0
/epuck2/cmd_vel,30.45389368,0.0,0.0
/epuck2/cmd_vel,30.459540476,0.0,0.0
/epuck2/cmd_vel,30.467639471,0.0,0.0
/epuck2/cmd_vel,30.480060186,0.0,0.0
/epuck2/cmd_vel,30.484648739,0.0,0.0
/epuck2/cmd_vel,30.494453642,0.0,0.0
/epuck2/cmd_vel,30.502772651,0.0,0.0
/epuck2/cmd_vel,30.50788768,0.0,0.0
/epuck2/cmd_vel,30.518801838,0.0,0.0
/epuck2/cmd_vel,30.523485523,0.0,0.0
/epuck2/cmd_vel,30.531892378,0.0,0.0
/epuck2/cmd_vel,30.542139605,0.0,0.0
/epuck2/cmd_vel,30.549933636,0.0,0.0
/epuck2/cmd_vel,30.561074296,0.0,0.0
/epuck2/cmd_vel,30.565702778,0.0,0.0
/epuck2/cmd_vel,30.571370937,0.0,0.0
/epuck2/cmd_vel,30.584089729,0.0,0.0
/epuck2/cmd_vel,30.591847024,0.0,0.0
/epuck2/cmd_vel,30.604872478,0.0,0.0
/epuck2/cmd_vel,30.610724415,0.0,0.0
/epuck2/cmd_vel,30.632922881,0.0,0.0
/epuck2/cmd_vel,30.63551194,0.0,0.0
/epuck2/cmd_vel,30.64547237,0.0,0.0
/epuck2/cmd_vel,30.658265632,0.0,0.0
/epuck2/cmd_vel,30.663367883,0.0,0.0
/epuck2/cmd_vel,30.670871024,0.0,0.0
/epuck2/cmd_vel,30.678852924,0.0,0.0
/epuck2/cmd_vel,30.687803626,0.0,0.0
/epuck2/cmd_vel,30.696727774,0.0,0.0
/epuck2/cmd_vel,30.702567531,0.0,0.0
/epuck2/cmd_vel,30.710388813,0.0,0.0
/epuck2/cmd_vel,30.71819622,0.0,0.0
/epuck2/cmd_vel,30.727266312,0.0,0.0
/epuck2/cmd_vel,30.737407026,0.0,0.0
/epuck2/cmd_vel,30.742292957,0.0,0.0
/epuck2/cmd_vel,30.750728162,0.0,0.0
/epuck2/cmd_vel,30.760795405,0.0,0.0
/epuck2/cmd_vel,30.769583891,0.0,0.0
/epuck2/cmd_vel,30.777401879,0.0,0.0
/epuck2/cmd_vel,30.785078415,0.0,0.0
/epuck2/cmd_vel,30.792866855,0.0,0.0
/epuck2/cmd_vel,30.798045672,0.0,0.0
/epuck2/cmd_vel,30.810696484,0.0,0.0
/epuck2/cmd_vel,30.82137206,0.0,0.0
/epuck2/cmd_vel,30.830496657,0.0,0.0
/epuck2/cmd_vel,30.838555822,0.0,0.0
/epuck2/cmd_vel,30.850713898,0.0,0.0
/epuck2/cmd_vel,30.857436107,0.0,0.0
/epuck2/cmd_vel,30.866468865,0.0,0.0
/epuck2/cmd_vel,30.8767687,0.0,0.0
/epuck2/cmd_vel,30.88957424,0.0,0.0
/epuck2/cmd_vel,30.896355946,0.0,0.0
/epuck2/cmd_vel,30.904310894,0.0,0.0
/epuck2/cmd_vel,30.917860928,0.0,0.0
/epuck2/cmd_vel,30.924238643,0.0,0.0
/epuck2/cmd_vel,30.927864284,0.0,0.0
/epuck2/cmd_vel,30.940537855,0.0,0.0
/epuck2/cmd_vel,30.943786558,0.0,0.0
/epuck2/cmd_vel,30.953184874,0.0,0.0
/epuck2/cmd_vel,30.965057351,0.0,0.0
/epuck2/cmd_vel,30.971341629,0.0,0.0
/epuck2/cmd_vel,30.979926671,0.0,0.0
/epuck2/cmd_vel,30.988010294,0.0,0.0
/epuck2/cmd_vel,30.9960457,0.0,0.0
/epuck2/cmd_vel,31.005626796,0.0,0.0
/epuck2/cmd_vel,31.012891055,0.0,0.0
/epuck2/cmd_vel,31.024523553,0.0,0.0
/epuck2/cmd_vel,31.02910362,0.0,0.0
/epuck2/cmd_vel,31.036888067,0.0,0.0
/epuck2/cmd_vel,31.046025241,0.0,0.0
/epuck2/cmd_vel,31.056253602,0.0,0.0
/epuck2/cmd_vel,31.06301694,0.0,0.0
/epuck2/cmd_vel,31.074909282,0.0,0.0
/epuck2/cmd_vel,31.08280134,0.0,0.0
/epuck2/cmd_vel,31.091032503,0.0,0.0
/epuck2/cmd_vel,31.09809302,0.0,0.0
/epuck2/cmd_vel,31.105130876,0.0,0.0
/epuck2/cmd_vel,31.114988087,0.0,0.0
/epuck2/cmd_vel,31.123075703,0.0,0.0
/epuck2/cmd_vel,31.127533384,0.0,0.0
/epuck2/cmd_vel,31.139240451,0.0,0.0
/epuck2/cmd_vel,31.145043873,0.0,0.0
/epuck2/cmd_vel,31.157153144,0.0,0.0
/epuck2/cmd_vel,31.166766089,0.0,0.0
/epuck2/cmd_vel,31.175637273,0.0,0.0
/epuck2/cmd_vel,31.182350553,0.0,0.0
/epuck2/cmd_vel,31.191666235,0.0,0.0
/epuck2/cmd_vel,31.20125143,0.0,0.0
/epuck2/cmd_vel,31.210009718,0.0,0.0
/epuck2/cmd_vel,31.223238734,0.0,0.0
/epuck2/cmd_vel,31.228169532,0.0,0.0
/epuck2/cmd_vel,31.233379626,0.0,0.0
/epuck2/cmd_vel,31.24613919,0.0,0.0
/epuck2/cmd_vel,31.254528045,0.0,0.0
/epuck2/cmd_vel,31.265040166,0.0,0.0
/epuck2/cmd_vel,31.270836202,0.0,0.0
/epuck2/cmd_vel,31.281481184,0.0,0.0
/epuck2/cmd_vel,31.289391603,0.0,0.0
/epuck2/cmd_vel,31.297923799,0.0,0.0
/epuck2/cmd_vel,31.302456715,0.0,0.0
/epuck2/cmd_vel,31.315241633,0.0,0.0
/epuck2/cmd_vel,31.320402117,0.0,0.0
/epuck2/cmd_vel,31.333358725,0.0,0.0
/epuck2/cmd_vel,31.339279536,0.0,0.0
/epuck2/cmd_vel,31.346356459,0.0,0.0
/epuck2/cmd_vel,31.354626429,0.0,0.0
/epuck2/cmd_vel,31.365350567,0.0,0.0
/epuck2/cmd_vel,31.37016238,0.0,0.0
/epuck2/cmd_vel,31.381414366,0.0,0.0
/epuck2/cmd_vel,31.386421726,0.0,0.0
/epuck2/cmd_vel,31.409144802,0.0,0.0
/epuck2/cmd_vel,31.441484017,0.0,0.0
/epuck2/cmd_vel,31.452041756,0.0,0.0
/epuck2/cmd_vel,31.463063258,0.0,0.0
/epuck2/cmd_vel,31.468003539,0.0,0.0
/epuck2/cmd_vel,31.474851276,0.0,0.0
/epuck2/cmd_vel,31.492893004,0.0,0.0
/epuck2/cmd_vel,31.512563691,0.0,0.0
/epuck2/cmd_vel,31.5234706,0.0,0.0
/epuck2/cmd_vel,31.531599624,0.0,0.0
/epuck2/cmd_vel,31.539565343,0.0,0.0
/epuck2/cmd_vel,31.544112234,0.0,0.0
/epuck2/cmd_vel,31.560403921,0.0,0.0
/epuck2/cmd_vel,31.569390197,0.0,0.0
/epuck2/cmd_vel,31.578468807,0.0,0.0
/epuck2/cmd_vel,31.583448616,0.0,0.0
/epuck2/cmd_vel,31.590899365,0.0,0.0
/epuck2/cmd_vel,31.599349509,0.0,0.0
/epuck2/cmd_vel,31.607027348,0.0,0.0
/epuck2/cmd_vel,31.613560054,0.0,0.0
/epuck2/cmd_vel,31.62564813,0.0,0.0
/epuck2/cmd_vel,31.630179549,0.0,0.0
/epuck2/cmd_vel,31.641393603,0.0,0.0
/epuck2/cmd_vel,31.650259397,0.0,0.0
/epuck2/cmd_vel,31.655210259,0.0,0.0
/epuck2/cmd_vel,31.66578886,0.0,0.0
/epuck2/cmd_vel,31.672748396,0.0,0.0
/epuck2/cmd_vel,31.678707138,0.0,0.0
/epuck2/cmd_vel,31.689653675,0.0,0.0
/epuck2/cmd_vel,31.697517079,0.0,0.0
/epuck2/cmd_vel,31.707550764,0.0,0.0
/epuck2/cmd_vel,31.713812559,0.0,0.0
/epuck2/cmd_vel,31.721450869,0.0,0.0
/epuck2/cmd_vel,31.733341901,0.0,0.0
/epuck2/cmd_vel,31.738221192,0.0,0.0
/epuck2/cmd_vel,31.74414899,0.0,0.0
/epuck2/cmd_vel,31.753607414,0.0,0.0
/epuck2/cmd_vel,31.759870507,0.0,0.0
/epuck2/cmd_vel,31.77528927,0.0,0.0
/epuck2/cmd_vel,31.780619048,0.0,0.0
/epuck2/cmd_vel,31.789583064,0.0,0.0
/epuck2/cmd_vel,31.800020321,0.0,0.0
/epuck2/cmd_vel,31.806083375,0.0,0.0
/epuck2/cmd_vel,31.818767675,0.0,0.0
/epuck2/cmd_vel,31.824570399,0.0,0.0
/epuck2/cmd_vel,31.832145323,0.0,0.0
/epuck2/cmd_vel,31.843084473,0.0,0.0
/epuck2/cmd_vel,31.848502392,0.0,0.0
/epuck2/cmd_vel,31.859337331,0.0,0.0
/epuck2/cmd_vel,31.867340781,0.0,0.0
/epuck2/cmd_vel,31.874348929,0.0,0.0
/epuck2/cmd_vel,31.883024466,0.0,0.0
/epuck2/cmd_vel,31.892040489,0.0,0.0
/epuck2/cmd_vel,31.896834035,0.0,0.0
/epuck2/cmd_vel,31.908561662,0.0,0.0
/epuck2/cmd_vel,31.915415388,0.0,0.0
/epuck2/cmd_vel,31.928944363,0.0,0.0
/epuck2/cmd_vel,31.933634695,0.0,0.0
/epuck2/cmd_vel,31.945199217,0.0,0.0
/epuck2/cmd_vel,31.952207265,0.0,0.0
/epuck2/cmd_vel,31.963158693,0.0,0.0
/epuck2/cmd_vel,31.97194503,0.0,0.0
/epuck2/cmd_vel,31.981165684,0.0,0.0
/epuck2/cmd_vel,31.986739221,0.0,0.0
/epuck2/cmd_vel,31.998304342,0.0,0.0
/epuck2/cmd_vel,32.003951447,0.0,0.0
/epuck2/cmd_vel,32.016884597,0.0,0.0
/epuck2/cmd_vel,32.022670052,0.0,0.0
/epuck2/cmd_vel,32.034152722,0.0,0.0
/epuck2/cmd_vel,32.038882682,0.0,0.0
/epuck2/cmd_vel,32.046797293,0.0,0.0
/epuck2/cmd_vel,32.054846461,0.0,0.0
/epuck2/cmd_vel,32.063188601,0.0,0.0
/epuck2/cmd_vel,32.067733595,0.0,0.0
/epuck2/cmd_vel,32.080847719,0.0,0.0
/epuck2/cmd_vel,32.085238492,0.0,0.0
/epuck2/cmd_vel,32.093597601,0.0,0.0
/epuck2/cmd_vel,32.102841212,0.0,0.0
/epuck2/cmd_vel,32.112733753,0.0,0.0
/epuck2/cmd_vel,32.121618812,0.0,0.0
/epuck2/cmd_vel,32.131459146,0.0,0.0
/epuck2/cmd_vel,32.13546691,0.0,0.0
/epuck2/cmd_vel,32.14564214,0.0,0.0
/epuck2/cmd_vel,32.151958525,0.0,0.0
/epuck2/cmd_vel,32.164540942,0.0,0.0
/epuck2/cmd_vel,32.172159644,0.0,0.0
/epuck2/cmd_vel,32.180524166,0.0,0.0
/epuck2/cmd_vel,32.189112374,0.0,0.0
/epuck2/cmd_vel,32.198440813,0.0,0.0
/epuck2/cmd_vel,32.208384612,0.0,0.0
/epuck2/cmd_vel,32.217330957,0.0,0.0
/epuck2/cmd_vel,32.223065246,0.0,0.0
/epuck2/cmd_vel,32.235534473,0.0,0.0
/epuck2/cmd_vel,32.242421928,0.0,0.0
/epuck2/cmd_vel,32.25440745,0.0,0.0
/epuck2/cmd_vel,32.259604133,0.0,0.0
/epuck2/cmd_vel,32.27191645,0.0,0.0
/epuck2/cmd_vel,32.278429398,0.0,0.0
/epuck2/cmd_vel,32.285727993,0.0,0.0
/epuck2/cmd_vel,32.293801254,0.0,0.0
/epuck2/cmd_vel,32.303187685,0.0,0.0
/epuck2/cmd_vel,32.309993591,0.0,0.0
/epuck2/cmd_vel,32.319146254,0.0,0.0
/epuck2/cmd_vel,32.325519161,0.0,0.0
/epuck2/cmd_vel,32.332440753,0.0,0.0
/epuck2/cmd_vel,32.340223352,0.0,0.0
/epuck2/cmd_vel,32.349232182,0.0,0.0
/epuck2/cmd_vel,32.359232876,0.0,0.0
/epuck2/cmd_vel,32.366499031,0.0,0.0
/epuck2/cmd_vel,32.372292111,0.0,0.0
/epuck2/cmd_vel,32.383198629,0.0,0.0
/epuck2/cmd_vel,32.389919393,0.0,0.0
/epuck2/cmd_vel,32.396916545,0.0,0.0
/epuck2/cmd_vel,32.406049644,0.0,0.0
/epuck2/cmd_vel,32.412636057,0.0,0.0
/epuck2/cmd_vel,32.419158687,0.0,0.0
/epuck2/cmd_vel,32.430274218,0.0,0.0
/epuck2/cmd_vel,32.436040648,0.0,0.0
/epuck2/cmd_vel,32.449261983,0.0,0.0
/epuck2/cmd_vel,32.455751374,0.0,0.0
/epuck2/cmd_vel,32.463867755,0.0,0.0
/epuck2/cmd_vel,32.47260379,0.0,0.0
/epuck2/cmd_vel,32.482782255,0.0,0.0
/epuck2/cmd_vel,32.492713877,0.0,0.0
/epuck2/cmd_vel,32.501067519,0.0,0.0
/epuck2/cmd_vel,32.508606369,0.0,0.0
/epuck2/cmd_vel,32.518716661,0.0,0.0
/epuck2/cmd_vel,32.524546573,0.0,0.0
/epuck2/cmd_vel,32.535967838,0.0,0.0
/epuck2/cmd_vel,32.540474499,0.0,0.0
/epuck2/cmd_vel,32.549685355,0.0,0.0
/epuck2/cmd_vel,32.558158077,0.0,0.0
/epuck2/cmd_vel,32.566408709,0.0,0.0
/epuck2/cmd_vel,32.572174241,0.0,0.0
/epuck2/cmd_vel,32.582170044,0.0,0.0
/epuck2/cmd_vel,32.587939967,0.0,0.0
/epuck2/cmd_vel,32.600117334,0.0,0.0
/epuck2/cmd_vel,32.60537231,0.0,0.0
/epuck2/cmd_vel,32.614291206,0.0,0.0
/epuck2/cmd_vel,32.623076449,0.0,0.0
/epuck2/cmd_vel,32.631362716,0.0,0.0
/epuck2/cmd_vel,32.636781688,0.0,0.0
/epuck2/cmd_vel,32.649839625,0.0,0.0
/epuck2/cmd_vel,32.654458778,0.0,0.0
/epuck2/cmd_vel,32.671309097,0.0,0.0
/epuck2/cmd_vel,32.676556288,0.0,0.0
/epuck2/cmd_vel,32.68448851,0.0,0.0
/epuck2/cmd_vel,32.69466448,0.0,0.0
/epuck2/cmd_vel,32.703218351,0.0,0.0
/epuck2/cmd_vel,32.712085144,0.0,0.0
/epuck2/cmd_vel,32.719768526,0.0,0.0
/epuck2/cmd_vel,32.725594645,0.0,0.0
/epuck2/cmd_vel,32.735969747,0.0,0.0
/epuck2/cmd_vel,32.742618543,0.0,0.0
/epuck2/cmd_vel,32.749960358,0.0,0.0
/epuck2/cmd_vel,32.758218177,0.0,0.0
/epuck2/cmd_vel,32.76659837,0.0,0.0
/epuck2/cmd_vel,32.771424839,0.0,0.0
/epuck2/cmd_vel,32.785822198,0.0,0.0
/epuck2/cmd_vel,32.791114205,0.0,0.0
/epuck2/cmd_vel,32.806250297,0.0,0.0
/epuck2/cmd_vel,32.811533121,0.0,0.0
/epuck2/cmd_vel,32.822296404,0.0,0.0
/epuck2/cmd_vel,32.828873833,0.0,0.0
/epuck2/cmd_vel,32.837703494,0.0,0.0
/epuck2/cmd_vel,32.845513542,0.0,0.0
/epuck2/cmd_vel,32.858413472,0.0,0.0
/epuck2/cmd_vel,32.859844025,0.0,0.0
/epuck2/cmd_vel,32.872741359,0.0,0.0
/epuck2/cmd_vel,32.877736116,0.0,0.0
/epuck2/cmd_vel,32.887611642,0.0,0.0
/epuck2/cmd_vel,32.893686501,0.0,0.0
/epuck2/cmd_vel,32.903385054,0.0,0.0
/epuck2/cmd_vel,32.911283439,0.0,0.0
/epuck2/cmd_vel,32.921036591,0.0,0.0
/epuck2/cmd_vel,32.930984883,0.0,0.0
/epuck2/cmd_vel,32.942818186,0.0,0.0
/epuck2/cmd_vel,32.947318658,0.0,0.0
/epuck2/cmd_vel,32.958181058,0.0,0.0
/epuck2/cmd_vel,32.964749603,0.0,0.0
/epuck2/cmd_vel,32.974142522,0.0,0.0
/epuck2/cmd_vel,32.97972579,0.0,0.0
/epuck2/cmd_vel,32.98834035,0.0,0.0
/epuck2/cmd_vel,32.997309054,0.0,0.0
/epuck2/cmd_vel,33.004528395,0.0,0.0
/epuck2/cmd_vel,33.011200947,0.0,0.0
/epuck2/cmd_vel,33.02286686,0.0,0.0
/epuck2/cmd_vel,33.030533573,0.0,0.0
/epuck2/cmd_vel,33.039843346,0.0,0.0
/epuck2/cmd_vel,33.047397069,0.0,0.0
/epuck2/cmd_vel,33.057044517,0.0,0.0
/epuck2/cmd_vel,33.066697654,0.0,0.0
/epuck2/cmd_vel,33.075218387,0.0,0.0
/epuck2/cmd_vel,33.087393458,0.0,0.0
/epuck2/cmd_vel,33.095342049,0.0,0.0
/epuck2/cmd_vel,33.101083525,0.0,0.0
/epuck2/cmd_vel,33.110969931,0.0,0.0
/epuck2/cmd_vel,33.117223559,0.0,0.0
/epuck2/cmd_vel,33.129234333,0.0,0.0
/epuck2/cmd_vel,33.136840459,0.0,0.0
/epuck2/cmd_vel,33.147785605,0.0,0.0
/epuck2/cmd_vel,33.153618149,0.0,0.0
/epuck2/cmd_vel,33.162715955,0.0,0.0
/epuck2/cmd_vel,33.170960474,0.0,0.0
/epuck2/cmd_vel,33.181131951,0.0,0.0
/epuck2/cmd_vel,33.190005082,0.0,0.0
/epuck2/cmd_vel,33.199560923,0.0,0.0
/epuck2/cmd_vel,33.205393999,0.0,0.0
/epuck2/cmd_vel,33.216557402,0.0,0.0
/epuck2/cmd_vel,33.221693795,0.0,0.0
/epuck2/cmd_vel,33.233148547,0.0,0.0
/epuck2/cmd_vel,33.238063358,0.0,0.0
/epuck2/cmd_vel,33.2467189,0.0,0.0
/epuck2/cmd_vel,33.257085609,0.0,0.0
/epuck2/cmd_vel,33.265483238,0.0,0.0
/epuck2/cmd_vel,33.270764757,0.0,0.0
/epuck2/cmd_vel,33.280986938,0.0,0.0
/epuck2/cmd_vel,33.286239811,0.0,0.0
/epuck2/cmd_vel,33.294355973,0.0,0.0
/epuck2/cmd_vel,33.302478522,0.0,0.0
/epuck2/cmd_vel,33.310957498,0.0,0.0
/epuck2/cmd_vel,33.316134015,0.0,0.0
/epuck2/cmd_vel,33.329816257,0.0,0.0
/epuck2/cmd_vel,33.335392319,0.0,0.0
/epuck2/cmd_vel,33.345549324,0.0,0.0
/epuck2/cmd_vel,33.351102429,0.0,0.0
/epuck2/cmd_vel,33.359744697,0.0,0.0
/epuck2/cmd_vel,33.368674321,0.0,0.0
/epuck2/cmd_vel,33.375675689,0.0,0.0
/epuck2/cmd_vel,33.391826067,0.0,0.0
/epuck2/cmd_vel,33.398903991,0.0,0.0
/epuck2/cmd_vel,33.403342802,0.0,0.0
/epuck2/cmd_vel,33.415292518,0.0,0.0
/epuck2/cmd_vel,33.421753708,0.0,0.0
/epuck2/cmd_vel,33.434402303,0.0,0.0
/epuck2/cmd_vel,33.437887816,0.0,0.0
/epuck2/cmd_vel,33.447850987,0.0,0.0
/epuck2/cmd_vel,33.45654326,0.0,0.0
/epuck2/cmd_vel,33.465592259,0.0,0.0
/epuck2/cmd_vel,33.474441934,0.0,0.0
/epuck2/cmd_vel,33.481876683,0.0,0.0
/epuck2/cmd_vel,33.48655594,0.0,0.0
/epuck2/cmd_vel,33.498362826,0.0,0.0
/epuck2/cmd_vel,33.506211993,0.0,0.0
/epuck2/cmd_vel,33.511701019,0.0,0.0
/epuck2/cmd_vel,33.520365644,0.0,0.0
/epuck2/cmd_vel,33.529952925,0.0,0.0
/epuck2/cmd_vel,33.534638969,0.0,0.0
/epuck2/cmd_vel,33.545245125,0.0,0.0
/epuck2/cmd_vel,33.551434827,0.0,0.0
/epuck2/cmd_vel,33.563363085,0.0,0.0
/epuck2/cmd_vel,33.568147043,0.0,0.0
/epuck2/cmd_vel,33.575120564,0.0,0.0
/epuck2/cmd_vel,33.584111573,0.0,0.0
/epuck2/cmd_vel,33.59188578,0.0,0.0
/epuck2/cmd_vel,33.597174186,0.0,0.0
/epuck2/cmd_vel,33.60747442,0.0,0.0
/epuck2/cmd_vel,33.614663733,0.0,0.0
/epuck2/cmd_vel,33.626289063,0.0,0.0
/epuck2/cmd_vel,33.630965525,0.0,0.0
/epuck2/cmd_vel,33.638411653,0.0,0.0
/epuck2/cmd_vel,33.647765874,0.0,0.0
/epuck2/cmd_vel,33.656357936,0.0,0.0
/epuck2/cmd_vel,33.659484029,0.0,0.0
/epuck2/cmd_vel,33.671321956,0.0,0.0
/epuck2/cmd_vel,33.676820265,0.0,0.0
/epuck2/cmd_vel,33.690906345,0.0,0.0
/epuck2/cmd_vel,33.695382884,0.0,0.0
/epuck2/cmd_vel,33.70511589,0.0,0.0
/epuck2/cmd_vel,33.713155497,0.0,0.0
/epuck2/cmd_vel,33.72024959,0.0,0.0
/epuck2/cmd_vel,33.726881257,0.0,0.0
/epuck2/cmd_vel,33.738428434,0.0,0.0
/epuck2/cmd_vel,33.745392173,0.0,0.0
/epuck2/cmd_vel,33.755373011,0.0,0.0
/epuck2/cmd_vel,33.761412397,0.0,0.0
/epuck2/cmd_vel,33.770919131,0.0,0.0
/epuck2/cmd_vel,33.782214484,0.0,0.0
/epuck2/cmd_vel,33.789194692,0.0,0.0
/epuck2/cmd_vel,33.799347006,0.0,0.0
/epuck2/cmd_vel,33.807113528,0.0,0.0
/epuck2/cmd_vel,33.812554645,0.0,0.0
/epuck2/cmd_vel,33.82376955,0.0,0.0
/epuck2/cmd_vel,33.829207374,0.0,0.0
/epuck2/cmd_vel,33.836058426,0.0,0.0
/epuck2/cmd_vel,33.846197564,0.0,0.0
