local_time_ns,local_monotonic_ns,topic,linear_x,angular_z,arm_state,validity_flags,sequence,bridge_connected,bridge_rx_count,state_x_m,state_y_m,state_yaw_rad
1785764553227240461,635492600609,/epuck1/state,,,,7,4362,,,0.0,0.0,0.0
1785764553239731280,635505091428,/epuck_bridge/status,,,,,,True,5271,,,
1785764553282677922,635548038287,/epuck1/state,,,,7,4363,,,0.0,0.0,0.0
1785764553403125168,635668485424,/epuck1/state,,,,7,4364,,,0.0,0.0,0.0
1785764553502658904,635768019160,/epuck1/state,,,,7,4365,,,0.0,0.0,0.0
1785764553604766203,635870126784,/epuck1/state,,,,7,4366,,,0.0,0.0,0.0
1785764553722680968,635988041449,/epuck1/state,,,,7,4367,,,0.0,0.0,0.0
1785764553842497131,636107857512,/epuck1/state,,,,7,4368,,,0.0,0.0,0.0
1785764553942696516,636208056797,/epuck1/state,,,,7,4369,,,0.0,0.0,0.0
1785764553975964278,636241324759,cmd_vel,0.0,0.0,,,,,,,,
1785764554025028922,636290389203,cmd_vel,0.0,0.0,,,,,,,,
1785764554043378901,636308740082,/epuck1/state,,,,7,4370,,,0.0,0.0,0.0
1785764554074937665,636340298146,cmd_vel,0.0,0.0,,,,,,,,
1785764554124653808,636390014789,cmd_vel,0.0,0.0,,,,,,,,
1785764554142793887,636408154168,/epuck1/state,,,,7,4371,,,0.0,0.0,0.0
1785764554174366251,636439726932,cmd_vel,0.0,0.0,,,,,,,,
1785764554225441592,636490801873,cmd_vel,0.0,0.0,,,,,,,,
1785764554239498276,636504858657,/epuck_bridge/status,,,,,,True,5280,,,
1785764554262586050,636527946631,/epuck1/state,,,,7,4372,,,0.0,0.0,0.0
1785764554274714836,636540075617,cmd_vel,0.0,0.0,,,,,,,,
1785764554325303978,636590664259,cmd_vel,0.0,0.0,,,,,,,,
1785764554363166835,636628527116,/epuck1/state,,,,7,4373,,,0.0,0.0,0.0
1785764554375312121,636640672502,cmd_vel,0.0,0.0,,,,,,,,
1785764554425334963,636690695344,cmd_vel,0.0,0.0,,,,,,,,
1785764554475901906,636741262087,cmd_vel,0.0,0.0,,,,,,,,
1785764554482605598,636747966079,/epuck1/state,,,,7,4374,,,0.0,0.0,0.0
1785764554525257549,636790617730,cmd_vel,0.0,0.0,,,,,,,,
1785764554575299392,636840659673,cmd_vel,0.0,0.0,,,,,,,,
1785764554602739960,636868100441,/epuck1/state,,,,7,4375,,,0.0,0.0,0.0
1785764554624385835,636889746716,cmd_vel,0.0,0.0,,,,,,,,
1785764554675217277,636940577358,cmd_vel,0.0,0.0,,,,,,,,
1785764554722876323,636988236704,/epuck1/state,,,,7,4376,,,0.0,0.0,0.0
1785764554724121021,636989481202,cmd_vel,0.0,0.0,,,,,,,,
1785764554774871463,637040231344,cmd_vel,0.0,0.0,,,,,,,,
1785764554822929808,637088290089,/epuck1/state,,,,7,4377,,,0.0,0.0,0.0
1785764554825030806,637090391087,cmd_vel,0.0,0.0,,,,,,,,
1785764554875217148,637140577429,cmd_vel,0.0,0.0,,,,,,,,
1785764554923184693,637188544974,/epuck1/state,,,,7,4378,,,0.0,0.0,0.0
1785764554924021992,637189382173,cmd_vel,0.0,0.0,,,,,,,,
1785764554975355533,637240715614,cmd_vel,0.0,0.0,,,,,,,,
1785764555023327254,637288687835,/epuck1/state,,,,7,4379,,,0.0,0.0,0.0
1785764555024301494,637289662075,cmd_vel,0.0,0.0,,,,,,,,
1785764555076641276,637342002182,cmd_vel,0.0,0.0,,,,,,,,
1785764555123677172,637389037753,/epuck1/state,,,,7,4380,,,0.0,0.0,0.0
1785764555124396938,637389757085,cmd_vel,0.0,0.0,,,,,,,,
1785764555174936763,637440297669,cmd_vel,0.0,0.0,,,,,,,,
1785764555226049563,637491410902,cmd_vel,0.0,0.0,,,,,,,,
1785764555240682455,637506042927,/epuck_bridge/status,,,,,,True,5289,,,
1785764555242692469,637508053267,/epuck1/state,,,,7,4381,,,0.0,0.0,0.0
1785764555276094522,637541455320,cmd_vel,0.0,0.0,,,,,,,,
1785764555327014597,637592375612,cmd_vel,0.0,0.0,,,,,,,,
1785764555343039679,637608400152,/epuck1/state,,,,7,4382,,,0.0,0.0,0.0
1785764555376187691,637641548489,cmd_vel,0.0,0.0,,,,,,,,
1785764555425430660,637690791024,cmd_vel,0.0,0.0,,,,,,,,
1785764555463602083,637728962772,/epuck1/state,,,,7,4383,,,0.0,0.0,0.0
1785764555476806059,637742166748,cmd_vel,0.0,0.0,,,,,,,,
1785764555524865921,637790226285,cmd_vel,0.0,0.0,,,,,,,,
1785764555564362150,637829722515,/epuck1/state,,,,7,4384,,,0.0,0.0,0.0
1785764555575895737,637841256860,cmd_vel,0.0,0.0,,,,,,,,
1785764555624744590,637890104846,cmd_vel,0.0,0.0,,,,,,,,
1785764555664976185,637930336550,/epuck1/state,,,,7,4385,,,0.0,0.0,0.0
1785764555675821206,637941181570,cmd_vel,0.0,0.0,,,,,,,,
1785764555724391859,637989752223,cmd_vel,0.0,0.0,,,,,,,,
1785764555774879793,638040240157,cmd_vel,0.0,0.0,,,,,,,,
1785764555782775550,638048135915,/epuck1/state,,,,7,4386,,,0.0,0.0,0.0
1785764555824714152,638090074950,cmd_vel,0.0,0.0,,,,,,,,
1785764555875030920,638140391934,cmd_vel,0.0,0.0,,,,,,,,
1785764555882641328,638148001800,/epuck1/state,,,,7,4387,,,0.0,0.0,0.0
1785764555925128529,638190489652,cmd_vel,0.0,0.0,,,,,,,,
1785764555975494588,638240855602,cmd_vel,0.0,0.0,,,,,,,,
1785764555982982796,638248343594,/epuck1/state,,,,7,4388,,,0.0,0.0,0.0
1785764556026783538,638292144227,cmd_vel,0.0,0.0,,,,,,,,
1785764556075813631,638341174212,cmd_vel,0.0,0.0,,,,,,,,
1785764556102946442,638368307131,/epuck1/state,,,,7,4389,,,0.0,0.0,0.0
1785764556125451475,638390811839,cmd_vel,0.0,0.0,,,,,,,,
1785764556177778040,638443138621,cmd_vel,0.0,0.0,,,,,,,,
1785764556224375295,638489736417,/epuck1/state,,,,7,4390,,,0.0,0.0,0.0
1785764556224958127,638490318167,cmd_vel,0.0,0.0,,,,,,,,
1785764556240255751,638505615899,/epuck_bridge/status,,,,,,True,5298,,,
1785764556275567503,638540927975,cmd_vel,0.0,0.0,,,,,,,,
1785764556327136494,638592496858,cmd_vel,0.0,0.0,,,,,,,,
1785764556343272292,638608633089,/epuck1/state,,,,7,4391,,,0.0,0.0,0.0
1785764556375136339,638640496703,cmd_vel,0.0,0.0,,,,,,,,
1785764556426110688,638691471053,cmd_vel,0.0,0.0,,,,,,,,
1785764556463136488,638728497827,/epuck1/state,,,,7,4392,,,0.0,0.0,0.0
1785764556475215532,638740575897,cmd_vel,0.0,0.0,,,,,,,,
1785764556526122716,638791483080,cmd_vel,0.0,0.0,,,,,,,,
1785764556562791990,638828152463,/epuck1/state,,,,7,4393,,,0.0,0.0,0.0
1785764556575373376,638840734282,cmd_vel,0.0,0.0,,,,,,,,
1785764556624638119,638889998484,cmd_vel,0.0,0.0,,,,,,,,
1785764556663847591,638929207956,/epuck1/state,,,,7,4394,,,0.0,0.0,0.0
1785764556674659245,638940019610,cmd_vel,0.0,0.0,,,,,,,,
1785764556725132554,638990493460,cmd_vel,0.0,0.0,,,,,,,,
1785764556776679445,639042039810,cmd_vel,0.0,0.0,,,,,,,,
1785764556783005996,639048366361,/epuck1/state,,,,7,4395,,,0.0,0.0,0.0
1785764556824466416,639089826888,cmd_vel,0.0,0.0,,,,,,,,
1785764556875629590,639140989846,cmd_vel,0.0,0.0,,,,,,,,
1785764556882672874,639148033238,/epuck1/state,,,,7,4396,,,0.0,0.0,0.0
1785764556925884716,639191246272,cmd_vel,0.0,0.0,,,,,,,,
1785764556977203999,639242564255,cmd_vel,0.0,0.0,,,,,,,,
1785764556983059626,639248420098,/epuck1/state,,,,7,4397,,,0.0,0.0,0.0
1785764557025845393,639291206191,cmd_vel,0.0,0.0,,,,,,,,
1785764557075151195,639340512101,cmd_vel,0.0,0.0,,,,,,,,
1785764557104113429,639369474335,/epuck1/state,,,,7,4398,,,0.0,0.0,0.0
1785764557125470346,639390830818,cmd_vel,0.0,0.0,,,,,,,,
1785764557175350747,639440711111,cmd_vel,0.0,0.0,,,,,,,,
1785764557224101016,639489461705,/epuck1/state,,,,7,4399,,,0.0,0.0,0.0
1785764557224639432,639489999580,cmd_vel,0.0,0.0,,,,,,,,
1785764557240004873,639505365237,/epuck_bridge/status,,,,,,True,5307,,,
1785764557274588733,639539949531,cmd_vel,0.0,0.0,,,,,,,,
1785764557325894041,639591254406,cmd_vel,0.0,0.0,,,,,,,,
1785764557342771380,639608132503,/epuck1/state,,,,7,4400,,,0.0,0.0,0.0
1785764557375449443,639640810024,cmd_vel,0.0,0.0,,,,,,,,
1785764557424992603,639690353509,cmd_vel,0.0,0.0,,,,,,,,
1785764557442775932,639708136405,/epuck1/state,,,,7,4401,,,0.0,0.0,0.0
1785764557476520644,639741881441,cmd_vel,0.0,0.0,,,,,,,,
1785764557526647936,639792008409,cmd_vel,0.0,0.0,,,,,,,,
1785764557562832095,639828193218,/epuck1/state,,,,7,4402,,,0.0,0.0,0.0
1785764557575145897,639840507778,cmd_vel,0.0,0.0,,,,,,,,
1785764557626315464,639891675936,cmd_vel,0.0,0.0,,,,,,,,
1785764557676483923,639941844179,cmd_vel,0.0,0.0,,,,,,,,
1785764557683039491,639948400288,/epuck1/state,,,,7,4403,,,0.0,0.0,0.0
1785764557725668825,639991029623,cmd_vel,0.0,0.0,,,,,,,,
1785764557776193809,640041554281,cmd_vel,0.0,0.0,,,,,,,,
1785764557802868803,640068229601,/epuck1/state,,,,7,4404,,,0.0,0.0,0.0
1785764557826207352,640091567824,cmd_vel,0.0,0.0,,,,,,,,
1785764557876654444,640142015350,cmd_vel,0.0,0.0,,,,,,,,
1785764557923416690,640188777271,/epuck1/state,,,,7,4405,,,0.0,0.0,0.0
1785764557924565131,640189925495,cmd_vel,0.0,0.0,,,,,,,,
1785764557975966313,640241328194,cmd_vel,0.0,0.0,,,,,,,,
1785764558024298200,640289658889,/epuck1/state,,,,7,4406,,,0.0,0.0,0.0
1785764558025382940,640290743413,cmd_vel,0.0,0.0,,,,,,,,
1785764558076947923,640342308720,cmd_vel,0.0,0.0,,,,,,,,
1785764558125710217,640391071448,cmd_vel,0.0,0.0,,,,,,,,
1785764558142883305,640408243886,/epuck1/state,,,,7,4407,,,0.0,0.0,0.0
1785764558177087241,640442447714,cmd_vel,0.0,0.0,,,,,,,,
1785764558224748545,640490108909,cmd_vel,0.0,0.0,,,,,,,,
1785764558240572994,640505933141,/epuck_bridge/status,,,,,,True,5315,,,
1785764558243129982,640508490563,/epuck1/state,,,,7,4408,,,0.0,0.0,0.0
1785764558276899502,640542260083,cmd_vel,0.0,0.0,,,,,,,,
1785764558324949180,640590310520,cmd_vel,0.0,0.0,,,,,,,,
1785764558362844679,640628204935,/epuck1/state,,,,7,4409,,,0.0,0.0,0.0
1785764558374957090,640640317346,cmd_vel,0.0,0.0,,,,,,,,
1785764558425792881,640691153137,cmd_vel,0.0,0.0,,,,,,,,
1785764558475284475,640740645597,cmd_vel,0.0,0.0,,,,,,,,
1785764558482876574,640748237047,/epuck1/state,,,,7,4410,,,0.0,0.0,0.0
1785764558525099876,640790460240,cmd_vel,0.0,0.0,,,,,,,,
1785764558576776117,640842136373,cmd_vel,0.0,0.0,,,,,,,,
1785764558602712062,640868072643,/epuck1/state,,,,7,4411,,,0.0,0.0,0.0
1785764558625945852,640891306325,cmd_vel,0.0,0.0,,,,,,,,
1785764558675210704,640940570852,cmd_vel,0.0,0.0,,,,,,,,
1785764558724607073,640989967545,/epuck1/state,,,,7,4412,,,0.0,0.0,0.0
1785764558725005089,640990364803,cmd_vel,0.0,0.0,,,,,,,,
1785764558776897996,641042258252,cmd_vel,0.0,0.0,,,,,,,,
1785764558826272048,641091632412,cmd_vel,0.0,0.0,,,,,,,,
1785764558842557346,641107918035,/epuck1/state,,,,7,4413,,,0.0,0.0,0.0
1785764558874982125,641140342490,cmd_vel,0.0,0.0,,,,,,,,
1785764558924775968,641190136549,cmd_vel,0.0,0.0,,,,,,,,
1785764558943103672,641208464578,/epuck1/state,,,,7,4414,,,0.0,0.0,0.0
1785764558974892861,641240253117,cmd_vel,0.0,0.0,,,,,,,,
1785764559026248869,641291609450,cmd_vel,0.0,0.0,,,,,,,,
1785764559064683758,641330044447,/epuck1/state,,,,7,4415,,,0.0,0.0,0.0
1785764559075045938,641340406410,cmd_vel,0.0,0.0,,,,,,,,
1785764559125350247,641390711370,cmd_vel,0.0,0.0,,,,,,,,
1785764559174731774,641440092788,cmd_vel,0.0,0.0,,,,,,,,
1785764559182855464,641448216262,/epuck1/state,,,,7,4416,,,0.0,0.0,0.0
1785764559225526182,641490886655,cmd_vel,0.0,0.0,,,,,,,,
1785764559240006974,641505367122,/epuck_bridge/status,,,,,,True,5323,,,
1785764559274647601,641540007965,cmd_vel,0.0,0.0,,,,,,,,
1785764559303200660,641568561024,/epuck1/state,,,,7,4417,,,0.0,0.0,0.0
1785764559326116600,641591477398,cmd_vel,0.0,0.0,,,,,,,,
1785764559375644485,641641005175,cmd_vel,0.0,0.0,,,,,,,,
1785764559403693361,641669054051,/epuck1/state,,,,7,4418,,,0.0,0.0,0.0
1785764559425836453,641691196925,cmd_vel,0.0,0.0,,,,,,,,
1785764559475437138,641740797935,cmd_vel,0.0,0.0,,,,,,,,
1785764559524330732,641789692071,/epuck1/state,,,,7,4419,,,0.0,0.0,0.0
1785764559524970006,641790330262,cmd_vel,0.0,0.0,,,,,,,,
1785764559574858640,641840218896,cmd_vel,0.0,0.0,,,,,,,,
1785764559624448709,641889809615,/epuck1/state,,,,7,4420,,,0.0,0.0,0.0
1785764559626043698,641891404063,cmd_vel,0.0,0.0,,,,,,,,
1785764559674517068,641939877649,cmd_vel,0.0,0.0,,,,,,,,
1785764559725351560,641990711924,cmd_vel,0.0,0.0,,,,,,,,
1785764559743152439,642008513129,/epuck1/state,,,,7,4421,,,0.0,0.0,0.0
1785764559775390994,642040751358,cmd_vel,0.0,0.0,,,,,,,,
1785764559825005654,642090366452,cmd_vel,0.0,0.0,,,,,,,,
1785764559862164703,642127525067,/epuck1/state,,,,7,4422,,,0.0,0.0,0.0
1785764559875277680,642140638369,cmd_vel,0.0,0.0,,,,,,,,
1785764559926153338,642191514136,cmd_vel,0.0,0.0,,,,,,,,
1785764559963062679,642228423477,/epuck1/state,,,,7,4423,,,0.0,0.0,0.0
1785764559974983340,642240344030,cmd_vel,0.0,0.0,,,,,,,,
1785764560024612517,642289972881,cmd_vel,0.0,0.0,,,,,,,,
1785764560064149480,642329510061,/epuck1/state,,,,7,4424,,,0.0,0.0,0.0
1785764560074819976,642340180340,cmd_vel,0.0,0.0,,,,,,,,
1785764560125640601,642391000966,cmd_vel,0.0,0.0,,,,,,,,
1785764560164722348,642430083146,/epuck1/state,,,,7,4425,,,0.0,0.0,0.0
1785764560175010536,642440371334,cmd_vel,0.0,0.0,,,,,,,,
1785764560226617011,642491977917,cmd_vel,0.0,0.0,,,,,,,,
1785764560240935302,642506295450,/epuck_bridge/status,,,,,,True,5332,,,
1785764560276040571,642541400935,cmd_vel,0.0,0.0,,,,,,,,
1785764560282747480,642548107736,/epuck1/state,,,,7,4426,,,0.0,0.0,0.0
1785764560325190156,642590550845,cmd_vel,0.0,0.0,,,,,,,,
1785764560375778515,642641139096,cmd_vel,0.0,0.0,,,,,,,,
1785764560382828732,642648190396,/epuck1/state,,,,7,4427,,,0.0,0.0,0.0
1785764560426124532,642691485330,cmd_vel,0.0,0.0,,,,,,,,
1785764560476176316,642741536789,cmd_vel,0.0,0.0,,,,,,,,
1785764560504746600,642770107073,/epuck1/state,,,,7,4428,,,0.0,0.0,0.0
1785764560525548418,642790909324,cmd_vel,0.0,0.0,,,,,,,,
1785764560576390710,642841751183,cmd_vel,0.0,0.0,,,,,,,,
1785764560624367913,642889728386,/epuck1/state,,,,7,4429,,,0.0,0.0,0.0
1785764560624707971,642890067361,cmd_vel,0.0,0.0,,,,,,,,
1785764560676668587,642942029818,cmd_vel,0.0,0.0,,,,,,,,
1785764560726262663,642991623353,cmd_vel,0.0,0.0,,,,,,,,
1785764560742791061,643008151425,/epuck1/state,,,,7,4430,,,0.0,0.0,0.0
1785764560776427114,643041787478,cmd_vel,0.0,0.0,,,,,,,,
1785764560824765609,643090126515,cmd_vel,0.0,0.0,,,,,,,,
1785764560863308506,643128668979,/epuck1/state,,,,7,4431,,,0.0,0.0,0.0
1785764560874617843,643139978858,cmd_vel,0.0,0.0,,,,,,,,
1785764560926055751,643191416115,cmd_vel,0.0,0.0,,,,,,,,
1785764560963520733,643228881098,/epuck1/state,,,,7,4432,,,0.0,0.0,0.0
1785764560974959853,643240320651,cmd_vel,0.0,0.0,,,,,,,,
1785764561024330114,643289690586,cmd_vel,0.0,0.0,,,,,,,,
1785764561075539872,643340901103,cmd_vel,0.0,0.0,,,,,,,,
1785764561082965680,643348326694,/epuck1/state,,,,7,4433,,,0.0,0.0,0.0
1785764561124860840,643390221096,cmd_vel,0.0,0.0,,,,,,,,
1785764561174816749,643440177330,cmd_vel,0.0,0.0,,,,,,,,
1785764561185485079,643450846202,/epuck1/state,,,,7,4434,,,0.0,0.0,0.0
1785764561225748091,643491108347,cmd_vel,0.0,0.0,,,,,,,,
1785764561240666116,643506026263,/epuck_bridge/status,,,,,,True,5340,,,
1785764561275075235,643540436791,cmd_vel,0.0,0.0,,,,,,,,
1785764561303613885,643568975008,/epuck1/state,,,,7,4435,,,0.0,0.0,0.0
1785764561325051944,643590412308,cmd_vel,0.0,0.0,,,,,,,,
1785764561376055544,643641415800,cmd_vel,0.0,0.0,,,,,,,,
1785764561423452298,643688812662,/epuck1/state,,,,7,4436,,,0.0,0.0,0.0
1785764561425004821,643690365186,cmd_vel,0.0,0.0,,,,,,,,
1785764561476044171,643741404427,cmd_vel,0.0,0.0,,,,,,,,
1785764561524018125,643789378922,/epuck1/state,,,,7,4437,,,0.0,0.0,0.0
1785764561525207732,643790568638,cmd_vel,0.0,0.0,,,,,,,,
1785764561575488174,643840848555,cmd_vel,0.0,0.0,,,,,,,,
1785764561624928617,643890289398,cmd_vel,0.0,0.0,,,,,,,,
1785764561642369397,643907730178,/epuck1/state,,,,7,4438,,,0.0,0.0,0.0
1785764561675062960,643940423441,cmd_vel,0.0,0.0,,,,,,,,
1785764561724327003,643989687984,cmd_vel,0.0,0.0,,,,,,,,
1785764561743195182,644008555763,/epuck1/state,,,,7,4439,,,0.0,0.0,0.0
1785764561774931345,644040292326,cmd_vel,0.0,0.0,,,,,,,,
1785764561824484889,644089845770,cmd_vel,0.0,0.0,,,,,,,,
1785764561863983643,644129344324,/epuck1/state,,,,7,4440,,,0.0,0.0,0.0
1785764561874950431,644140310812,cmd_vel,0.0,0.0,,,,,,,,
1785764561924626574,644189986855,cmd_vel,0.0,0.0,,,,,,,,
1785764561974745117,644240105698,cmd_vel,0.0,0.0,,,,,,,,
1785764561982545708,644247906289,/epuck1/state,,,,7,4441,,,0.0,0.0,0.0
1785764562024366360,644289726641,cmd_vel,0.0,0.0,,,,,,,,
1785764562074430402,644339790783,cmd_vel,0.0,0.0,,,,,,,,
1785764562103426769,644368787250,/epuck1/state,,,,7,4442,,,0.0,0.0,0.0
1785764562124341245,644389701526,cmd_vel,0.0,0.0,,,,,,,,
1785764562174948987,644440309768,cmd_vel,0.0,0.0,,,,,,,,
1785764562222368433,644487728814,/epuck1/state,,,,7,4443,,,0.0,0.0,0.0
1785764562224433930,644489794411,cmd_vel,0.0,0.0,,,,,,,,
1785764562240819712,644506179993,/epuck_bridge/status,,,,,,True,5350,,,
1785764562274405473,644539765854,cmd_vel,0.0,0.0,,,,,,,,
1785764562322451818,644587812199,/epuck1/state,,,,7,4444,,,0.0,0.0,0.0
1785764562324298316,644589659097,cmd_vel,0.0,0.0,,,,,,,,
1785764562374538159,644639898640,cmd_vel,0.0,0.0,,,,,,,,
1785764562424634801,644689995182,cmd_vel,0.0,0.0,,,,,,,,
1785764562442434981,644707795962,/epuck1/state,,,,7,4445,,,0.0,0.0,0.0
1785764562474401344,644739761625,cmd_vel,0.0,0.0,,,,,,,,
1785764562524564187,644789924968,cmd_vel,0.0,0.0,,,,,,,,
1785764562563186742,644828547323,/epuck1/state,,,,7,4446,,,0.0,0.0,0.0
1785764562574610829,644839971110,cmd_vel,0.0,0.0,,,,,,,,
1785764562624572572,644889932853,cmd_vel,0.0,0.0,,,,,,,,
1785764562674876614,644940237295,cmd_vel,0.0,0.0,,,,,,,,
1785764562682763905,644948124386,/epuck1/state,,,,7,4447,,,0.0,0.0,0.0
1785764562724652657,644990013338,cmd_vel,0.0,0.0,,,,,,,,
1785764562774548600,645039909081,cmd_vel,0.0,0.0,,,,,,,,
1785764562802908868,645068269149,/epuck1/state,,,,7,4448,,,0.0,0.0,0.0
1785764562824302643,645089663024,cmd_vel,0.0,0.0,,,,,,,,
1785764562877572482,645142932963,cmd_vel,0.0,0.0,,,,,,,,
1785764562902493654,645167854535,/epuck1/state,,,,7,4449,,,0.0,0.0,0.0
1785764562924507828,645189869109,cmd_vel,0.0,0.0,,,,,,,,
1785764562974752471,645240112952,cmd_vel,0.0,0.0,,,,,,,,
1785764563002821839,645268182720,/epuck1/state,,,,7,4450,,,0.0,0.0,0.0
1785764563025416321,645290777444,cmd_vel,0.0,0.0,,,,,,,,
1785764563077340862,645342701984,cmd_vel,0.0,0.0,,,,,,,,
1785764563102898182,645368258872,/epuck1/state,,,,7,4451,,,0.0,0.0,0.0
1785764563126074014,645391434487,cmd_vel,0.0,0.0,,,,,,,,
1785764563176715240,645442076146,cmd_vel,0.0,0.0,,,,,,,,
1785764563203528901,645468890673,/epuck1/state,,,,7,4452,,,0.0,0.0,0.0
1785764563226579716,645491940947,cmd_vel,0.0,0.0,,,,,,,,
1785764563242442623,645507803962,/epuck_bridge/status,,,,,,True,5359,,,
1785764563274817461,645540177933,cmd_vel,0.0,0.0,,,,,,,,
1785764563322827814,645588188503,/epuck1/state,,,,7,4453,,,0.0,0.0,0.0
1785764563325518486,645590879825,cmd_vel,0.0,0.0,,,,,,,,
1785764563378522783,645643884123,cmd_vel,0.0,0.0,,,,,,,,
1785764563423795340,645689155921,/epuck1/state,,,,7,4454,,,0.0,0.0,0.0
1785764563424410348,645689770387,cmd_vel,0.0,0.0,,,,,,,,
1785764563475127948,645740488854,cmd_vel,0.0,0.0,,,,,,,,
1785764563525236715,645790597513,cmd_vel,0.0,0.0,,,,,,,,
1785764563543391953,645808753076,/epuck1/state,,,,7,4455,,,0.0,0.0,0.0
1785764563575972949,645841333422,cmd_vel,0.0,0.0,,,,,,,,
1785764563624753335,645890114024,cmd_vel,0.0,0.0,,,,,,,,
1785764563664126390,645929486754,/epuck1/state,,,,7,4456,,,0.0,0.0,0.0
1785764563675033160,645940393525,cmd_vel,0.0,0.0,,,,,,,,
1785764563725183203,645990543676,cmd_vel,0.0,0.0,,,,,,,,
1785764563776495986,646041856459,cmd_vel,0.0,0.0,,,,,,,,
1785764563782849404,646048210310,/epuck1/state,,,,7,4457,,,0.0,0.0,0.0
1785764563824378289,646089738762,cmd_vel,0.0,0.0,,,,,,,,
1785764563874818015,646140178596,cmd_vel,0.0,0.0,,,,,,,,
1785764563904594048,646169954412,/epuck1/state,,,,7,4458,,,0.0,0.0,0.0
1785764563924419025,646189779389,cmd_vel,0.0,0.0,,,,,,,,
1785764563974991242,646240352148,cmd_vel,0.0,0.0,,,,,,,,
1785764564024115586,646289476058,/epuck1/state,,,,7,4459,,,0.0,0.0,0.0
1785764564024798843,646290159208,cmd_vel,0.0,0.0,,,,,,,,
1785764564075681218,646341041908,cmd_vel,0.0,0.0,,,,,,,,
1785764564124850412,646390211426,cmd_vel,0.0,0.0,,,,,,,,
1785764564142485108,646407846014,/epuck1/state,,,,7,4460,,,0.0,0.0,0.0
1785764564175100229,646440461027,cmd_vel,0.0,0.0,,,,,,,,
1785764564226031679,646491393994,cmd_vel,0.0,0.0,,,,,,,,
1785764564239828672,646505188820,/epuck_bridge/status,,,,,,True,5367,,,
1785764564243978917,646509339390,/epuck1/state,,,,7,4461,,,0.0,0.0,0.0
1785764564276353105,646541713903,cmd_vel,0.0,0.0,,,,,,,,
1785764564325687290,646591048196,cmd_vel,0.0,0.0,,,,,,,,
1785764564363361139,646628721936,/epuck1/state,,,,7,4462,,,0.0,0.0,0.0
1785764564375308775,646640669573,cmd_vel,0.0,0.0,,,,,,,,
1785764564425693792,646691055023,cmd_vel,0.0,0.0,,,,,,,,
1785764564476289626,646741650424,cmd_vel,0.0,0.0,,,,,,,,
1785764564483235085,646748595666,/epuck1/state,,,,7,4463,,,0.0,0.0,0.0
1785764564524931887,646790292251,cmd_vel,0.0,0.0,,,,,,,,
1785764564574667880,646840028461,cmd_vel,0.0,0.0,,,,,,,,
1785764564604111330,646869472669,/epuck1/state,,,,7,4464,,,0.0,0.0,0.0
1785764564624886281,646890247512,cmd_vel,0.0,0.0,,,,,,,,
1785764564676477047,646941838278,cmd_vel,0.0,0.0,,,,,,,,
1785764564723179060,646988539858,/epuck1/state,,,,7,4465,,,0.0,0.0,0.0
1785764564724686408,646990046773,cmd_vel,0.0,0.0,,,,,,,,
1785764564776613224,647041973805,cmd_vel,0.0,0.0,,,,,,,,
1785764564824068911,647089429709,/epuck1/state,,,,7,4466,,,0.0,0.0,0.0
1785764564824371052,647089730658,cmd_vel,0.0,0.0,,,,,,,,
1785764564875712435,647141073125,cmd_vel,0.0,0.0,,,,,,,,
1785764564925502162,647190862959,cmd_vel,0.0,0.0,,,,,,,,
1785764564943310516,647208670881,/epuck1/state,,,,7,4467,,,0.0,0.0,0.0
1785764564974712630,647240072995,cmd_vel,0.0,0.0,,,,,,,,
1785764565025703122,647291063703,cmd_vel,0.0,0.0,,,,,,,,
1785764565043819251,647309180049,/epuck1/state,,,,7,4468,,,0.0,0.0,0.0
1785764565075528490,647340889287,cmd_vel,0.0,0.0,,,,,,,,
1785764565125010441,647390371347,cmd_vel,0.0,0.0,,,,,,,,
1785764565144026495,647409387834,/epuck1/state,,,,7,4469,,,0.0,0.0,0.0
1785764565175131234,647440491815,cmd_vel,0.0,0.0,,,,,,,,
1785764565224522727,647489883525,cmd_vel,0.0,0.0,,,,,,,,
1785764565241080375,647506440523,/epuck_bridge/status,,,,,,True,5376,,,
1785764565265041298,647530403287,/epuck1/state,,,,7,4470,,,0.0,0.0,0.0
1785764565274658145,647540018509,cmd_vel,0.0,0.0,,,,,,,,
1785764565326444777,647591805250,cmd_vel,0.0,0.0,,,,,,,,
1785764565375493180,647640854627,cmd_vel,0.0,0.0,,,,,,,,
1785764565382786713,647648147294,/epuck1/state,,,,7,4471,,,0.0,0.0,0.0
1785764565424371174,647689731430,cmd_vel,0.0,0.0,,,,,,,,
1785764565475765640,647741126654,cmd_vel,0.0,0.0,,,,,,,,
1785764565483404323,647748764687,/epuck1/state,,,,7,4472,,,0.0,0.0,0.0
1785764565525111633,647790472431,cmd_vel,0.0,0.0,,,,,,,,
1785764565575351592,647840712282,cmd_vel,0.0,0.0,,,,,,,,
1785764565603217277,647868577858,/epuck1/state,,,,7,4473,,,0.0,0.0,0.0
1785764565624995827,647890356625,cmd_vel,0.0,0.0,,,,,,,,
1785764565675165911,647940526817,cmd_vel,0.0,0.0,,,,,,,,
1785764565703754937,647969115410,/epuck1/state,,,,7,4474,,,0.0,0.0,0.0
1785764565725627195,647990987776,cmd_vel,0.0,0.0,,,,,,,,
1785764565776740212,648042100684,cmd_vel,0.0,0.0,,,,,,,,
1785764565822894709,648088255073,/epuck1/state,,,,7,4475,,,0.0,0.0,0.0
1785764565825126048,648090487171,cmd_vel,0.0,0.0,,,,,,,,
1785764565876250548,648141611454,cmd_vel,0.0,0.0,,,,,,,,
1785764565924176618,648189537415,/epuck1/state,,,,7,4476,,,0.0,0.0,0.0
1785764565925894891,648191254930,cmd_vel,0.0,0.0,,,,,,,,
1785764565975618967,648240979331,cmd_vel,0.0,0.0,,,,,,,,
1785764566024769853,648290130867,cmd_vel,0.0,0.0,,,,,,,,
1785764566043578881,648308939137,/epuck1/state,,,,7,4477,,,0.0,0.0,0.0
1785764566075373703,648340734176,cmd_vel,0.0,0.0,,,,,,,,
1785764566124495880,648389856244,cmd_vel,0.0,0.0,,,,,,,,
1785764566144074183,648409435522,/epuck1/state,,,,7,4478,,,0.0,0.0,0.0
1785764566175676930,648441039027,cmd_vel,0.0,0.0,,,,,,,,
1785764566224890215,648490251121,cmd_vel,0.0,0.0,,,,,,,,
1785764566241037713,648506397861,/epuck_bridge/status,,,,,,True,5385,,,
1785764566264680678,648530041692,/epuck1/state,,,,7,4479,,,0.0,0.0,0.0
1785764566274915999,648540276797,cmd_vel,0.0,0.0,,,,,,,,
1785764566326480224,648591841563,cmd_vel,0.0,0.0,,,,,,,,
1785764566376036492,648641396965,cmd_vel,0.0,0.0,,,,,,,,
1785764566383373575,648648734373,/epuck1/state,,,,7,4480,,,0.0,0.0,0.0
1785764566424845803,648690206167,cmd_vel,0.0,0.0,,,,,,,,
1785764566475386711,648740747726,cmd_vel,0.0,0.0,,,,,,,,
1785764566503071046,648768431519,/epuck1/state,,,,7,4481,,,0.0,0.0,0.0
1785764566525614754,648790975552,cmd_vel,0.0,0.0,,,,,,,,
1785764566575571530,648840932111,cmd_vel,0.0,0.0,,,,,,,,
1785764566623174984,648888535348,/epuck1/state,,,,7,4482,,,0.0,0.0,0.0
1785764566624431107,648889791147,cmd_vel,0.0,0.0,,,,,,,,
1785764566676068132,648941428388,cmd_vel,0.0,0.0,,,,,,,,
1785764566725060850,648990421540,/epuck1/state,,,,7,4483,,,0.0,0.0,0.0
1785764566725570558,648990930489,cmd_vel,0.0,0.0,,,,,,,,
1785764566776219584,649041580381,cmd_vel,0.0,0.0,,,,,,,,
1785764566824519512,649089879876,cmd_vel,0.0,0.0,,,,,,,,
1785764566842966924,649108327288,/epuck1/state,,,,7,4484,,,0.0,0.0,0.0
1785764566876622694,649141982950,cmd_vel,0.0,0.0,,,,,,,,
1785764566925101588,649190461844,cmd_vel,0.0,0.0,,,,,,,,
1785764566962504820,649227865184,/epuck1/state,,,,7,4485,,,0.0,0.0,0.0
1785764566974886223,649240246587,cmd_vel,0.0,0.0,,,,,,,,
1785764567025635673,649290996146,cmd_vel,0.0,0.0,,,,,,,,
1785764567064194495,649329554860,/epuck1/state,,,,7,4486,,,0.0,0.0,0.0
1785764567075890040,649341250513,cmd_vel,0.0,0.0,,,,,,,,
1785764567124679851,649390040324,cmd_vel,0.0,0.0,,,,,,,,
1785764567175659618,649441020307,cmd_vel,0.0,0.0,,,,,,,,
1785764567182384943,649447745308,/epuck1/state,,,,7,4487,,,0.0,0.0,0.0
1785764567224472395,649489832759,cmd_vel,0.0,0.0,,,,,,,,
1785764567240699735,649506060099,/epuck_bridge/status,,,,,,True,5392,,,
1785764567275391495,649540752293,cmd_vel,0.0,0.0,,,,,,,,
1785764567282710595,649548071068,/epuck1/state,,,,7,4488,,,0.0,0.0,0.0
1785764567326523253,649591884051,cmd_vel,0.0,0.0,,,,,,,,
1785764567376465838,649641826635,cmd_vel,0.0,0.0,,,,,,,,
1785764567402750404,651519681960,/epuck1/state,,,,0,4489,,,0.0,0.0,0.0
1785764567424473596,651541405151,cmd_vel,0.0,0.0,,,,,,,,
1785764567475497021,651592428793,cmd_vel,0.0,0.0,,,,,,,,
1785764567522709825,651639641489,/epuck1/state,,,,7,4490,,,0.0,0.0,0.0
1785764567524495156,651641427145,cmd_vel,0.0,0.0,,,,,,,,
1785764567576011280,651692943811,cmd_vel,0.0,0.0,,,,,,,,
1785764567624560266,651741493014,/epuck1/state,,,,7,4491,,,0.0,0.0,0.0
1785764567625220666,651742151788,cmd_vel,0.0,0.0,,,,,,,,
1785764567675372767,651792304431,cmd_vel,0.0,0.0,,,,,,,,
1785764567725058493,651841989940,cmd_vel,0.0,0.0,,,,,,,,
1785764567742734898,651859666453,/epuck1/state,,,,7,4492,,,0.0,0.0,0.0
1785764567775804043,651892736141,cmd_vel,0.0,0.0,,,,,,,,
1785764567824845837,651941777934,cmd_vel,0.0,0.0,,,,,,,,
1785764567842747467,651959679022,/epuck1/state,,,,7,4493,,,0.0,0.0,0.0
1785764567875104755,651992036527,cmd_vel,0.0,0.0,,,,,,,,
1785764567925334964,652042267278,cmd_vel,0.0,0.0,,,,,,,,
1785764567945079341,652062011547,/epuck1/state,,,,7,4494,,,0.0,0.0,0.0
1785764567974679657,652091611538,cmd_vel,0.0,0.0,,,,,,,,
1785764568025112666,652142044980,cmd_vel,0.0,0.0,,,,,,,,
1785764568064612362,652181544568,/epuck1/state,,,,7,4495,,,0.0,0.0,0.0
1785764568074927092,652191858865,cmd_vel,0.0,0.0,,,,,,,,
1785764568126013892,652242945664,cmd_vel,0.0,0.0,,,,,,,,
1785764568176898109,652293829990,cmd_vel,0.0,0.0,,,,,,,,
1785764568183141893,652300074316,/epuck1/state,,,,7,4496,,,0.0,0.0,0.0
1785764568224654746,652341586735,cmd_vel,0.0,0.0,,,,,,,,
1785764568240222120,652357153567,/epuck_bridge/status,,,,,,True,5416,,,
1785764568274688655,652391620211,cmd_vel,0.0,0.0,,,,,,,,
1785764568283303745,652400235518,/epuck1/state,,,,7,4497,,,0.0,0.0,0.0
1785764568326930395,652443862059,cmd_vel,0.0,0.0,,,,,,,,
1785764568374940532,652491871871,cmd_vel,0.0,0.0,,,,,,,,
1785764568402691709,652519623264,/epuck1/state,,,,7,4498,,,0.0,0.0,0.0
1785764568426135123,652543066787,cmd_vel,0.0,0.0,,,,,,,,
1785764568475529217,652592460556,cmd_vel,0.0,0.0,,,,,,,,
1785764568523439579,652640371568,/epuck1/state,,,,7,4499,,,0.0,0.0,0.0
1785764568524283711,652641215050,cmd_vel,0.0,0.0,,,,,,,,
1785764568576005993,652692937332,cmd_vel,0.0,0.0,,,,,,,,
1785764568624838162,652741769935,cmd_vel,0.0,0.0,,,,,,,,
1785764568643080283,652760012272,/epuck1/state,,,,7,4500,,,0.0,0.0,0.0
1785764568676665095,652793597409,cmd_vel,0.0,0.0,,,,,,,,
1785764568725394997,652842327095,cmd_vel,0.0,0.0,,,,,,,,
1785764568744697700,652861629689,/epuck1/state,,,,7,4501,,,0.0,0.0,0.0
1785764568775163924,652892095479,cmd_vel,0.0,0.0,,,,,,,,
1785764568825022767,652941954431,cmd_vel,0.0,0.0,,,,,,,,
1785764568844608869,652961541616,/epuck1/state,,,,7,4502,,,0.0,0.0,0.0
1785764568875046709,652991978590,cmd_vel,0.0,0.0,,,,,,,,
1785764568925733868,653042665424,cmd_vel,0.0,0.0,,,,,,,,
1785764568965911513,653082843286,/epuck1/state,,,,7,4503,,,0.0,0.0,0.0
1785764568974743487,653091676342,cmd_vel,0.0,0.0,,,,,,,,
1785764569026204686,653143136133,cmd_vel,0.0,0.0,,,,,,,,
1785764569064718442,653181650864,/epuck1/state,,,,7,4504,,,0.0,0.0,0.0
1785764569075765288,653192697168,cmd_vel,0.0,0.0,,,,,,,,
1785764569125155481,653242086928,cmd_vel,0.0,0.0,,,,,,,,
1785764569176858047,653293789819,cmd_vel,0.0,0.0,,,,,,,,
1785764569182832840,653299764396,/epuck1/state,,,,7,4505,,,0.0,0.0,0.0
1785764569224342984,653341274323,cmd_vel,0.0,0.0,,,,,,,,
1785764569239854891,653356786122,/epuck_bridge/status,,,,,,True,5424,,,
1785764569276255716,653393187164,cmd_vel,0.0,0.0,,,,,,,,
1785764569305391825,653422323705,/epuck1/state,,,,7,4506,,,0.0,0.0,0.0
1785764569324667444,653441598675,cmd_vel,0.0,0.0,,,,,,,,
1785764569375468353,653492400233,cmd_vel,0.0,0.0,,,,,,,,
1785764569425133388,653542065377,cmd_vel,0.0,0.0,,,,,,,,
1785764569425383637,653542314543,/epuck1/state,,,,7,4507,,,0.0,0.0,0.0
1785764569474977172,653591909269,cmd_vel,0.0,0.0,,,,,,,,
1785764569525404764,653642336212,cmd_vel,0.0,0.0,,,,,,,,
1785764569543172927,653660105133,/epuck1/state,,,,7,4508,,,0.0,0.0,0.0
1785764569576695556,653693627003,cmd_vel,0.0,0.0,,,,,,,,
1785764569624520051,653741451515,cmd_vel,0.0,0.0,,,,,,,,
1785764569662447807,653779379471,/epuck1/state,,,,7,4509,,,0.0,0.0,0.0
1785764569674486194,653791417758,cmd_vel,0.0,0.0,,,,,,,,
1785764569724609336,653841541100,cmd_vel,0.0,0.0,,,,,,,,
1785764569763303392,653880235156,/epuck1/state,,,,7,4510,,,0.0,0.0,0.0
1785764569775372078,653892303942,cmd_vel,0.0,0.0,,,,,,,,
1785764569825213421,653942145485,cmd_vel,0.0,0.0,,,,,,,,
1785764569874976264,653991907628,cmd_vel,0.0,0.0,,,,,,,,
1785764569882406055,653999337619,/epuck1/state,,,,7,4511,,,0.0,0.0,0.0
1785764569924371207,654041302671,cmd_vel,0.0,0.0,,,,,,,,
1785764569974990149,654091922313,cmd_vel,0.0,0.0,,,,,,,,
1785764570002530218,654119461682,/epuck1/state,,,,7,4512,,,0.0,0.0,0.0
1785764570025282192,654142213656,cmd_vel,0.0,0.0,,,,,,,,
1785764570075432334,654192363998,cmd_vel,0.0,0.0,,,,,,,,
1785764570123418379,654240350143,/epuck1/state,,,,7,4513,,,0.0,0.0,0.0
1785764570124774678,654241706042,cmd_vel,0.0,0.0,,,,,,,,
1785764570174412221,654291343785,cmd_vel,0.0,0.0,,,,,,,,
1785764570224439964,654341371728,cmd_vel,0.0,0.0,,,,,,,,
1785764570239570546,654356501610,/epuck_bridge/status,,,,,,True,5432,,,
1785764570242808443,654359740207,/epuck1/state,,,,7,4514,,,0.0,0.0,0.0
1785764570275307205,654392238969,cmd_vel,0.0,0.0,,,,,,,,
1785764570324659149,654441590713,cmd_vel,0.0,0.0,,,,,,,,
1785764570362508805,654479440569,/epuck1/state,,,,7,4515,,,0.0,0.0,0.0
1785764570374786991,654491718555,cmd_vel,0.0,0.0,,,,,,,,
1785764570424563534,654541494898,cmd_vel,0.0,0.0,,,,,,,,
1785764570463599390,654580531154,/epuck1/state,,,,7,4516,,,0.0,0.0,0.0
1785764570475269776,654592201340,cmd_vel,0.0,0.0,,,,,,,,
1785764570524432120,654641363484,cmd_vel,0.0,0.0,,,,,,,,
1785764570575656661,654692588525,cmd_vel,0.0,0.0,,,,,,,,
1785764570582699653,654699631117,/epuck1/state,,,,7,4517,,,0.0,0.0,0.0
1785764570624432105,654741363469,cmd_vel,0.0,0.0,,,,,,,,
1785764570675346247,654792277311,cmd_vel,0.0,0.0,,,,,,,,
1785764570702505916,654819437280,/epuck1/state,,,,7,4518,,,0.0,0.0,0.0
1785764570724319191,654841250555,cmd_vel,0.0,0.0,,,,,,,,
1785764570774381134,654891312698,cmd_vel,0.0,0.0,,,,,,,,
1785764570822484879,654939416543,/epuck1/state,,,,7,4519,,,0.0,0.0,0.0
1785764570824453676,654941385740,cmd_vel,0.0,0.0,,,,,,,,
1785764570874478519,654991410083,cmd_vel,0.0,0.0,,,,,,,,
1785764570924466462,655041398026,cmd_vel,0.0,0.0,,,,,,,,
1785764570942670241,655059602205,/epuck1/state,,,,7,4520,,,0.0,0.0,0.0
1785764570974991404,655091923268,cmd_vel,0.0,0.0,,,,,,,,
1785764571024533847,655141465611,cmd_vel,0.0,0.0,,,,,,,,
1785764571042880709,655159813565,/epuck1/state,,,,7,4521,,,0.0,0.0,0.0
1785764571075316756,655192248311,cmd_vel,0.0,0.0,,,,,,,,
1785764571125496265,655242428471,cmd_vel,0.0,0.0,,,,,,,,
1785764571142820045,655259752034,/epuck1/state,,,,7,4522,,,0.0,0.0,0.0
1785764571174621475,655291553031,cmd_vel,0.0,0.0,,,,,,,,
1785764571225265626,655342197398,cmd_vel,0.0,0.0,,,,,,,,
1785764571240307367,655357239247,/epuck_bridge/status,,,,,,True,5440,,,
1785764571243176572,655360108344,/epuck1/state,,,,7,4523,,,0.0,0.0,0.0
1785764571275341460,655392273232,cmd_vel,0.0,0.0,,,,,,,,
1785764571326272477,655443204466,cmd_vel,0.0,0.0,,,,,,,,
1785764571343572857,655460504412,/epuck1/state,,,,7,4524,,,0.0,0.0,0.0
1785764571375652920,655492584367,cmd_vel,0.0,0.0,,,,,,,,
1785764571424976813,655541909344,cmd_vel,0.0,0.0,,,,,,,,
1785764571463330778,655580262550,/epuck1/state,,,,7,4525,,,0.0,0.0,0.0
1785764571475708280,655592639728,cmd_vel,0.0,0.0,,,,,,,,
1785764571525448607,655642380596,cmd_vel,0.0,0.0,,,,,,,,
1785764571575586083,655692517638,cmd_vel,0.0,0.0,,,,,,,,
1785764571582897924,655699829805,/epuck1/state,,,,7,4526,,,0.0,0.0,0.0
1785764571625783792,655742715889,cmd_vel,0.0,0.0,,,,,,,,
1785764571677234050,655794166255,cmd_vel,0.0,0.0,,,,,,,,
1785764571682701735,655799633399,/epuck1/state,,,,7,4527,,,0.0,0.0,0.0
1785764571725211795,655842144109,cmd_vel,0.0,0.0,,,,,,,,
1785764571775865478,655892797142,cmd_vel,0.0,0.0,,,,,,,,
1785764571782603696,655899535901,/epuck1/state,,,,7,4528,,,0.0,0.0,0.0
1785764571824524748,655941456303,cmd_vel,0.0,0.0,,,,,,,,
1785764571876001655,655992933428,cmd_vel,0.0,0.0,,,,,,,,
1785764571902741758,656019674072,/epuck1/state,,,,7,4529,,,0.0,0.0,0.0
1785764571925492382,656042424154,cmd_vel,0.0,0.0,,,,,,,,
1785764571975379066,656092310514,cmd_vel,0.0,0.0,,,,,,,,
1785764572005781807,656122713471,/epuck1/state,,,,7,4530,,,0.0,0.0,0.0
1785764572024974660,656141906107,cmd_vel,0.0,0.0,,,,,,,,
1785764572075325227,656192256566,cmd_vel,0.0,0.0,,,,,,,,
1785764572124073654,656241005643,/epuck1/state,,,,7,4531,,,0.0,0.0,0.0
1785764572125064362,656241996351,cmd_vel,0.0,0.0,,,,,,,,
1785764572175742962,656292674734,cmd_vel,0.0,0.0,,,,,,,,
1785764572224541764,656341473212,cmd_vel,0.0,0.0,,,,,,,,
1785764572239771897,656356703561,/epuck_bridge/status,,,,,,True,5447,,,
1785764572242677177,656359608624,/epuck1/state,,,,7,4532,,,0.0,0.0,0.0
1785764572274860048,656391791604,cmd_vel,0.0,0.0,,,,,,,,
1785764572325541899,656442473671,cmd_vel,0.0,0.0,,,,,,,,
1785764572343167387,656460099484,/epuck1/state,,,,7,4533,,,0.0,0.0,0.0
1785764572376464790,656493396238,cmd_vel,0.0,0.0,,,,,,,,
1785764572426298933,656543230706,cmd_vel,0.0,0.0,,,,,,,,
1785764572464208948,656581140504,/epuck1/state,,,,7,4534,,,0.0,0.0,0.0
1785764572475553710,656592485266,cmd_vel,0.0,0.0,,,,,,,,
1785764572525130670,656642062117,cmd_vel,0.0,0.0,,,,,,,,
1785764572575719679,656692651234,cmd_vel,0.0,0.0,,,,,,,,
1785764572583029354,656699961126,/epuck1/state,,,,7,4535,,,0.0,0.0,0.0
1785764572625523705,656742455044,cmd_vel,0.0,0.0,,,,,,,,
1785764572676006656,656792938320,cmd_vel,0.0,0.0,,,,,,,,
1785764572704369590,656821301904,/epuck1/state,,,,7,4536,,,0.0,0.0,0.0
1785764572724978358,656841909805,cmd_vel,0.0,0.0,,,,,,,,
1785764572775988566,656892920230,cmd_vel,0.0,0.0,,,,,,,,
1785764572823170062,656940102376,/epuck1/state,,,,7,4537,,,0.0,0.0,0.0
1785764572825451993,656942383548,cmd_vel,0.0,0.0,,,,,,,,
1785764572876013268,656992945041,cmd_vel,0.0,0.0,,,,,,,,
1785764572924443196,657041374643,cmd_vel,0.0,0.0,,,,,,,,
1785764572942767867,657059699856,/epuck1/state,,,,7,4538,,,0.0,0.0,0.0
1785764572975543971,657092475852,cmd_vel,0.0,0.0,,,,,,,,
1785764573025969396,657142901169,cmd_vel,0.0,0.0,,,,,,,,
1785764573043343443,657160275324,/epuck1/state,,,,7,4539,,,0.0,0.0,0.0
1785764573076182272,657193114586,cmd_vel,0.0,0.0,,,,,,,,
1785764573124979016,657241911872,cmd_vel,0.0,0.0,,,,,,,,
1785764573163899130,657280831661,/epuck1/state,,,,7,4540,,,0.0,0.0,0.0
1785764573175469659,657292401756,cmd_vel,0.0,0.0,,,,,,,,
1785764573225957051,657342888606,cmd_vel,0.0,0.0,,,,,,,,
1785764573241234850,657358166297,/epuck_bridge/status,,,,,,True,5457,,,
1785764573274696920,657391628692,cmd_vel,0.0,0.0,,,,,,,,
1785764573283286118,657400217891,/epuck1/state,,,,7,4541,,,0.0,0.0,0.0
1785764573324486755,657441418202,cmd_vel,0.0,0.0,,,,,,,,
1785764573375292646,657492224202,cmd_vel,0.0,0.0,,,,,,,,
1785764573383284496,657500215943,/epuck1/state,,,,7,4542,,,0.0,0.0,0.0
1785764573426153138,657543085019,cmd_vel,0.0,0.0,,,,,,,,
1785764573475003724,657591935821,cmd_vel,0.0,0.0,,,,,,,,
1785764573502687517,657619619506,/epuck1/state,,,,7,4543,,,0.0,0.0,0.0
1785764573524643300,657641574856,cmd_vel,0.0,0.0,,,,,,,,
1785764573576270791,657693203105,cmd_vel,0.0,0.0,,,,,,,,
1785764573602727278,657719658942,/epuck1/state,,,,7,4544,,,0.0,0.0,0.0
1785764573624860077,657741791741,cmd_vel,0.0,0.0,,,,,,,,
1785764573675511702,657792443258,cmd_vel,0.0,0.0,,,,,,,,
1785764573703036679,657819968235,/epuck1/state,,,,7,4545,,,0.0,0.0,0.0
1785764573725154312,657842086085,cmd_vel,0.0,0.0,,,,,,,,
1785764573774834730,657891766719,cmd_vel,0.0,0.0,,,,,,,,
1785764573803838997,657920770445,/epuck1/state,,,,7,4546,,,0.0,0.0,0.0
1785764573825989238,657942921011,cmd_vel,0.0,0.0,,,,,,,,
1785764573875523407,657992454962,cmd_vel,0.0,0.0,,,,,,,,
1785764573904235716,658021167055,/epuck1/state,,,,7,4547,,,0.0,0.0,0.0
1785764573924778075,658041709956,cmd_vel,0.0,0.0,,,,,,,,
1785764573975477042,658092409031,cmd_vel,0.0,0.0,,,,,,,,
1785764574023125454,658140057227,/epuck1/state,,,,7,4548,,,0.0,0.0,0.0
1785764574024306178,658141237842,cmd_vel,0.0,0.0,,,,,,,,
1785764574075075995,658192007659,cmd_vel,0.0,0.0,,,,,,,,
1785764574123738839,658240670936,/epuck1/state,,,,7,4549,,,0.0,0.0,0.0
1785764574125236762,658242168643,cmd_vel,0.0,0.0,,,,,,,,
1785764574175888388,658292820702,cmd_vel,0.0,0.0,,,,,,,,
1785764574224880782,658341812229,cmd_vel,0.0,0.0,,,,,,,,
1785764574240663847,658357595078,/epuck_bridge/status,,,,,,True,5466,,,
1785764574242271728,658359203176,/epuck1/state,,,,7,4550,,,0.0,0.0,0.0
1785764574275219866,658392151421,cmd_vel,0.0,0.0,,,,,,,,
1785764574326559298,658443491829,cmd_vel,0.0,0.0,,,,,,,,
1785764574343521462,658460453451,/epuck1/state,,,,7,4551,,,0.0,0.0,0.0
1785764574375271868,658492203423,cmd_vel,0.0,0.0,,,,,,,,
1785764574427646858,658544578522,cmd_vel,0.0,0.0,,,,,,,,
1785764574442826182,658559757629,/epuck1/state,,,,7,4552,,,0.0,0.0,0.0
1785764574475435128,658592366900,cmd_vel,0.0,0.0,,,,,,,,
1785764574526155328,658643086884,cmd_vel,0.0,0.0,,,,,,,,
1785764574562948861,658679880417,/epuck1/state,,,,7,4553,,,0.0,0.0,0.0
1785764574574891622,658691823286,cmd_vel,0.0,0.0,,,,,,,,
1785764574625281840,658742213504,cmd_vel,0.0,0.0,,,,,,,,
1785764574675606407,658792538504,cmd_vel,0.0,0.0,,,,,,,,
1785764574682781315,658799712871,/epuck1/state,,,,7,4554,,,0.0,0.0,0.0
1785764574725411517,658842343072,cmd_vel,0.0,0.0,,,,,,,,
1785764574776022625,658892954289,cmd_vel,0.0,0.0,,,,,,,,
1785764574782731376,658899662932,/epuck1/state,,,,7,4555,,,0.0,0.0,0.0
1785764574824948286,658941880167,cmd_vel,0.0,0.0,,,,,,,,
1785764574875468178,658992400275,cmd_vel,0.0,0.0,,,,,,,,
1785764574902759047,659019690603,/epuck1/state,,,,7,4556,,,0.0,0.0,0.0
1785764574925754179,659042685843,cmd_vel,0.0,0.0,,,,,,,,
1785764574975901730,659092833502,cmd_vel,0.0,0.0,,,,,,,,
1785764575002800757,659119732421,/epuck1/state,,,,7,4557,,,0.0,0.0,0.0
1785764575024391566,659141323013,cmd_vel,0.0,0.0,,,,,,,,
1785764575076496481,659193429987,cmd_vel,0.0,0.0,,,,,,,,
1785764575103527567,659220459664,/epuck1/state,,,,7,4558,,,0.0,0.0,0.0
1785764575124624809,659241556148,cmd_vel,0.0,0.0,,,,,,,,
1785764575175097143,659292029566,cmd_vel,0.0,0.0,,,,,,,,
1785764575225002353,659341934450,/epuck1/state,,,,7,4559,,,0.0,0.0,0.0
1785764575225562002,659342493124,cmd_vel,0.0,0.0,,,,,,,,
1785764575240715976,659357647099,/epuck_bridge/status,,,,,,True,5474,,,
1785764575276834702,659393766799,cmd_vel,0.0,0.0,,,,,,,,
1785764575324924897,659441856669,cmd_vel,0.0,0.0,,,,,,,,
1785764575342348993,659459280549,/epuck1/state,,,,7,4560,,,0.0,0.0,0.0
1785764575375031931,659491963920,cmd_vel,0.0,0.0,,,,,,,,
1785764575424631641,659541563738,cmd_vel,0.0,0.0,,,,,,,,
1785764575443566444,659560498433,/epuck1/state,,,,7,4561,,,0.0,0.0,0.0
1785764575475300491,659592232155,cmd_vel,0.0,0.0,,,,,,,,
1785764575525394525,659642327706,cmd_vel,0.0,0.0,,,,,,,,
1785764575563265865,659680197421,/epuck1/state,,,,7,4562,,,0.0,0.0,0.0
1785764575575307210,659692238982,cmd_vel,0.0,0.0,,,,,,,,
1785764575624528187,659741459742,cmd_vel,0.0,0.0,,,,,,,,
1785764575675015579,659791947568,cmd_vel,0.0,0.0,,,,,,,,
1785764575682698462,659799630126,/epuck1/state,,,,7,4563,,,0.0,0.0,0.0
1785764575726144412,659843076076,cmd_vel,0.0,0.0,,,,,,,,
1785764575775629180,659892560628,cmd_vel,0.0,0.0,,,,,,,,
1785764575783050764,659899982319,/epuck1/state,,,,7,4564,,,0.0,0.0,0.0
1785764575825876615,659942808279,cmd_vel,0.0,0.0,,,,,,,,
1785764575875265725,659992197497,cmd_vel,0.0,0.0,,,,,,,,
1785764575903365409,660020296965,/epuck1/state,,,,7,4565,,,0.0,0.0,0.0
1785764575925771642,660042703089,cmd_vel,0.0,0.0,,,,,,,,
1785764575975990368,660092923223,cmd_vel,0.0,0.0,,,,,,,,
1785764576003444820,660120376484,/epuck1/state,,,,7,4566,,,0.0,0.0,0.0
1785764576025589319,660142521200,cmd_vel,0.0,0.0,,,,,,,,
1785764576075543929,660192475701,cmd_vel,0.0,0.0,,,,,,,,
1785764576104535195,660221466751,/epuck1/state,,,,7,4567,,,0.0,0.0,0.0
1785764576124512814,660241444262,cmd_vel,0.0,0.0,,,,,,,,
1785764576175306898,660292238670,cmd_vel,0.0,0.0,,,,,,,,
1785764576204245406,660321177070,/epuck1/state,,,,7,4568,,,0.0,0.0,0.0
1785764576225316757,660342248313,cmd_vel,0.0,0.0,,,,,,,,
1785764576241696413,660358627752,/epuck_bridge/status,,,,,,True,5482,,,
1785764576275791258,660392723355,cmd_vel,0.0,0.0,,,,,,,,
1785764576323274570,660440206342,/epuck1/state,,,,7,4569,,,0.0,0.0,0.0
1785764576325015918,660441947799,cmd_vel,0.0,0.0,,,,,,,,
1785764576375067486,660491999800,cmd_vel,0.0,0.0,,,,,,,,
1785764576424376321,660541307876,/epuck1/state,,,,7,4570,,,0.0,0.0,0.0
1785764576425946069,660542877841,cmd_vel,0.0,0.0,,,,,,,,
1785764576474654088,660591585969,cmd_vel,0.0,0.0,,,,,,,,
1785764576526050613,660642983252,cmd_vel,0.0,0.0,,,,,,,,
1785764576542688427,660659620308,/epuck1/state,,,,7,4571,,,0.0,0.0,0.0
1785764576576797138,660693728910,cmd_vel,0.0,0.0,,,,,,,,
1785764576627013372,660743945361,cmd_vel,0.0,0.0,,,,,,,,
1785764576643653786,660760586100,/epuck1/state,,,,7,4572,,,0.0,0.0,0.0
1785764576675681633,660792614055,cmd_vel,0.0,0.0,,,,,,,,
1785764576724342527,660841274733,cmd_vel,0.0,0.0,,,,,,,,
1785764576762462383,660879393831,/epuck1/state,,,,7,4573,,,0.0,0.0,0.0
1785764576774889286,660891820842,cmd_vel,0.0,0.0,,,,,,,,
1785764576825087320,660942018984,cmd_vel,0.0,0.0,,,,,,,,
1785764576863053993,660979985874,/epuck1/state,,,,7,4574,,,0.0,0.0,0.0
1785764576875013438,660991945427,cmd_vel,0.0,0.0,,,,,,,,
1785764576924681181,661041613170,cmd_vel,0.0,0.0,,,,,,,,
1785764576962861054,661079792826,/epuck1/state,,,,7,4575,,,0.0,0.0,0.0
1785764576974711190,661091643071,cmd_vel,0.0,0.0,,,,,,,,
1785764577024379259,661141311031,cmd_vel,0.0,0.0,,,,,,,,
1785764577062929089,661179860862,/epuck1/state,,,,7,4576,,,0.0,0.0,0.0
1785764577075349492,661192281264,cmd_vel,0.0,0.0,,,,,,,,
1785764577124664719,661241596599,cmd_vel,0.0,0.0,,,,,,,,
1785764577174768503,661291700059,cmd_vel,0.0,0.0,,,,,,,,
1785764577182677911,661299609575,/epuck1/state,,,,7,4577,,,0.0,0.0,0.0
1785764577225296412,661342228401,cmd_vel,0.0,0.0,,,,,,,,
1785764577240052803,661356984142,/epuck_bridge/status,,,,,,True,5490,,,
1785764577274523239,661391455119,cmd_vel,0.0,0.0,,,,,,,,
1785764577282830662,661399762110,/epuck1/state,,,,7,4578,,,0.0,0.0,0.0
1785764577324740989,661441672437,cmd_vel,0.0,0.0,,,,,,,,
1785764577375359682,661492291779,cmd_vel,0.0,0.0,,,,,,,,
1785764577404026057,661520957504,/epuck1/state,,,,7,4579,,,0.0,0.0,0.0
1785764577424353050,661541284498,cmd_vel,0.0,0.0,,,,,,,,
1785764577475532800,661592464681,cmd_vel,0.0,0.0,,,,,,,,
1785764577522634563,661639566010,/epuck1/state,,,,7,4580,,,0.0,0.0,0.0
1785764577524493994,661641426200,cmd_vel,0.0,0.0,,,,,,,,
1785764577574730811,661691662692,cmd_vel,0.0,0.0,,,,,,,,
1785764577625016321,661741947985,cmd_vel,0.0,0.0,,,,,,,,
1785764577625192520,661742123084,/epuck1/state,,,,7,4581,,,0.0,0.0,0.0
1785764577674625264,661791556628,cmd_vel,0.0,0.0,,,,,,,,
1785764577725476805,661842407769,cmd_vel,0.0,0.0,,,,,,,,
1785764577747426680,661864358144,/epuck1/state,,,,7,4582,,,0.0,0.0,0.0
1785764577800942919,661917874583,cmd_vel,0.0,0.0,,,,,,,,
1785764577825344091,661942275755,cmd_vel,0.0,0.0,,,,,,,,
1785764577842464671,661959396535,/epuck1/state,,,,7,4583,,,0.0,0.0,0.0
1785764577874802634,661991734298,cmd_vel,0.0,0.0,,,,,,,,
1785764577924773177,662041705141,cmd_vel,0.0,0.0,,,,,,,,
1785764577942965056,662059897120,/epuck1/state,,,,7,4584,,,0.0,0.0,0.0
1785764577974512120,662091443784,cmd_vel,0.0,0.0,,,,,,,,
1785764578024369863,662141301427,cmd_vel,0.0,0.0,,,,,,,,
1785764578063401618,662180332982,/epuck1/state,,,,7,4585,,,0.0,0.0,0.0
1785764578075115105,662192047969,cmd_vel,0.0,0.0,,,,,,,,
1785764578124581848,662241513412,cmd_vel,0.0,0.0,,,,,,,,
1785764578174681691,662291613555,cmd_vel,0.0,0.0,,,,,,,,
1785764578182438982,662299370446,/epuck1/state,,,,7,4586,,,0.0,0.0,0.0
1785764578224408634,662341340398,cmd_vel,0.0,0.0,,,,,,,,
1785764578239728216,662356659780,/epuck_bridge/status,,,,,,True,5499,,,
1785764578274525776,662391457740,cmd_vel,0.0,0.0,,,,,,,,
1785764578282713467,662399645231,/epuck1/state,,,,7,4587,,,0.0,0.0,0.0
1785764578325659518,662442591082,cmd_vel,0.0,0.0,,,,,,,,
1785764578375566460,662492498624,cmd_vel,0.0,0.0,,,,,,,,
1785764578383434651,662500366115,/epuck1/state,,,,7,4588,,,0.0,0.0,0.0
1785764578425157704,662542088968,cmd_vel,0.0,0.0,,,,,,,,
1785764578474615947,662591548211,cmd_vel,0.0,0.0,,,,,,,,
1785764578502197315,662619128679,/epuck1/state,,,,7,4589,,,0.0,0.0,0.0
1785764578524342690,662641274654,cmd_vel,0.0,0.0,,,,,,,,
1785764578575450931,662692383295,cmd_vel,0.0,0.0,,,,,,,,
1785764578623330476,662740262840,/epuck1/state,,,,7,4590,,,0.0,0.0,0.0
1785764578625189974,662742122238,cmd_vel,0.0,0.0,,,,,,,,
1785764578674814517,662791746281,cmd_vel,0.0,0.0,,,,,,,,
1785764578722653963,662839585627,/epuck1/state,,,,7,4591,,,0.0,0.0,0.0
1785764578724499560,662841447224,cmd_vel,0.0,0.0,,,,,,,,
1785764578774565503,662891496867,cmd_vel,0.0,0.0,,,,,,,,
1785764578824794846,662941726610,cmd_vel,0.0,0.0,,,,,,,,
1785764578842234426,662959165790,/epuck1/state,,,,7,4592,,,0.0,0.0,0.0
1785764578874916188,662991848052,cmd_vel,0.0,0.0,,,,,,,,
1785764578924450431,663041381895,cmd_vel,0.0,0.0,,,,,,,,
1785764578942819210,663059751374,/epuck1/state,,,,7,4593,,,0.0,0.0,0.0
1785764578974728474,663091660538,cmd_vel,0.0,0.0,,,,,,,,
1785764579024501617,663141433281,cmd_vel,0.0,0.0,,,,,,,,
1785764579042921696,663159853260,/epuck1/state,,,,7,4594,,,0.0,0.0,0.0
1785764579075901716,663192833163,cmd_vel,0.0,0.0,,,,,,,,
1785764579124811127,663241743116,cmd_vel,0.0,0.0,,,,,,,,
1785764579142899306,663259830862,/epuck1/state,,,,7,4595,,,0.0,0.0,0.0
1785764579175928910,663292860574,cmd_vel,0.0,0.0,,,,,,,,
1785764579224691204,663341623301,cmd_vel,0.0,0.0,,,,,,,,
1785764579240773269,663357704500,/epuck_bridge/status,,,,,,True,5508,,,
1785764579262962944,663379895258,/epuck1/state,,,,7,4596,,,0.0,0.0,0.0
1785764579275303829,663392235168,cmd_vel,0.0,0.0,,,,,,,,
1785764579325915805,663442847360,cmd_vel,0.0,0.0,,,,,,,,
1785764579364971768,663481903541,/epuck1/state,,,,7,4597,,,0.0,0.0,0.0
1785764579374631082,663491562638,cmd_vel,0.0,0.0,,,,,,,,
1785764579424342050,663541273823,cmd_vel,0.0,0.0,,,,,,,,
1785764579475557333,663592489106,cmd_vel,0.0,0.0,,,,,,,,
1785764579482817067,663599748839,/epuck1/state,,,,7,4598,,,0.0,0.0,0.0
1785764579526138650,663643070206,cmd_vel,0.0,0.0,,,,,,,,
1785764579575251294,663692183175,cmd_vel,0.0,0.0,,,,,,,,
1785764579582762794,663699694675,/epuck1/state,,,,7,4599,,,0.0,0.0,0.0
1785764579625651803,663742583359,cmd_vel,0.0,0.0,,,,,,,,
1785764579674669980,663791601428,cmd_vel,0.0,0.0,,,,,,,,
1785764579703226723,663820158278,/epuck1/state,,,,7,4600,,,0.0,0.0,0.0
1785764579724892714,663841824270,cmd_vel,0.0,0.0,,,,,,,,
1785764579775188357,663892120238,cmd_vel,0.0,0.0,,,,,,,,
1785764579823454810,663940386907,/epuck1/state,,,,7,4601,,,0.0,0.0,0.0
1785764579824414967,663941346523,cmd_vel,0.0,0.0,,,,,,,,
1785764579875362450,663992293789,cmd_vel,0.0,0.0,,,,,,,,
1785764579925322368,664042253816,cmd_vel,0.0,0.0,,,,,,,,
1785764579942715157,664059647037,/epuck1/state,,,,7,4602,,,0.0,0.0,0.0
1785764579976441126,664093373007,cmd_vel,0.0,0.0,,,,,,,,
1785764580025048721,664141980385,cmd_vel,0.0,0.0,,,,,,,,
1785764580062681944,664179613933,/epuck1/state,,,,7,4603,,,0.0,0.0,0.0
1785764580076007904,664192940001,cmd_vel,0.0,0.0,,,,,,,,
1785764580124545515,664241477396,cmd_vel,0.0,0.0,,,,,,,,
1785764580162660063,664279591944,/epuck1/state,,,,7,4604,,,0.0,0.0,0.0
1785764580175862631,664292794620,cmd_vel,0.0,0.0,,,,,,,,
1785764580224518867,664341450748,cmd_vel,0.0,0.0,,,,,,,,
1785764580240634949,664357566179,/epuck_bridge/status,,,,,,True,5516,,,
1785764580262875215,664379806662,/epuck1/state,,,,7,4605,,,0.0,0.0,0.0
1785764580274720693,664391652357,cmd_vel,0.0,0.0,,,,,,,,
1785764580326044526,664442976732,cmd_vel,0.0,0.0,,,,,,,,
1785764580376962218,664493894640,cmd_vel,0.0,0.0,,,,,,,,
1785764580382685353,664499616908,/epuck1/state,,,,7,4606,,,0.0,0.0,0.0
1785764580424821446,664541752785,cmd_vel,0.0,0.0,,,,,,,,
1785764580476675028,664593607234,cmd_vel,0.0,0.0,,,,,,,,
1785764580482691313,664599622869,/epuck1/state,,,,7,4607,,,0.0,0.0,0.0
1785764580524775190,664641706529,cmd_vel,0.0,0.0,,,,,,,,
1785764580575354774,664692286438,cmd_vel,0.0,0.0,,,,,,,,
1785764580603380900,664720312347,/epuck1/state,,,,7,4608,,,0.0,0.0,0.0
1785764580624761109,664741692448,cmd_vel,0.0,0.0,,,,,,,,
1785764580674952751,664791884090,cmd_vel,0.0,0.0,,,,,,,,
1785764580725373519,664842305183,/epuck1/state,,,,7,4609,,,0.0,0.0,0.0
1785764580725681618,664842612199,cmd_vel,0.0,0.0,,,,,,,,
1785764580776679151,664893611140,cmd_vel,0.0,0.0,,,,,,,,
1785764580824777905,664941709569,cmd_vel,0.0,0.0,,,,,,,,
1785764580842793392,664959724840,/epuck1/state,,,,7,4610,,,0.0,0.0,0.0
1785764580875944004,664992876210,cmd_vel,0.0,0.0,,,,,,,,
1785764580924769348,665041701121,cmd_vel,0.0,0.0,,,,,,,,
1785764580962940880,665079872869,/epuck1/state,,,,7,4611,,,0.0,0.0,0.0
1785764580975625399,665092557063,cmd_vel,0.0,0.0,,,,,,,,
1785764581024994684,665141926564,cmd_vel,0.0,0.0,,,,,,,,
1785764581063335648,665180267204,/epuck1/state,,,,7,4612,,,0.0,0.0,0.0
1785764581075429101,665192361632,cmd_vel,0.0,0.0,,,,,,,,
1785764581124668061,665241600484,cmd_vel,0.0,0.0,,,,,,,,
1785764581175870128,665292802117,cmd_vel,0.0,0.0,,,,,,,,
1785764581182930961,665299863383,/epuck1/state,,,,7,4613,,,0.0,0.0,0.0
1785764581225276246,665342208018,cmd_vel,0.0,0.0,,,,,,,,
1785764581241779294,665358711066,/epuck_bridge/status,,,,,,True,5525,,,
1785764581276440829,665393372276,cmd_vel,0.0,0.0,,,,,,,,
1785764581303371598,665420303479,/epuck1/state,,,,7,4614,,,0.0,0.0,0.0
1785764581326644605,665443576269,cmd_vel,0.0,0.0,,,,,,,,
1785764581376089398,665493022362,cmd_vel,0.0,0.0,,,,,,,,
1785764581424680743,665541612732,/epuck1/state,,,,7,4615,,,0.0,0.0,0.0
1785764581425467567,665542399014,cmd_vel,0.0,0.0,,,,,,,,
1785764581475184601,665592116049,cmd_vel,0.0,0.0,,,,,,,,
1785764581526413101,665643345198,cmd_vel,0.0,0.0,,,,,,,,
1785764581543359123,665660291004,/epuck1/state,,,,7,4616,,,0.0,0.0,0.0
1785764581575491837,665692423392,cmd_vel,0.0,0.0,,,,,,,,
1785764581625058505,665741989844,cmd_vel,0.0,0.0,,,,,,,,
1785764581644684149,665761616030,/epuck1/state,,,,7,4617,,,0.0,0.0,0.0
1785764581675717388,665792649377,cmd_vel,0.0,0.0,,,,,,,,
1785764581725988872,665842920428,cmd_vel,0.0,0.0,,,,,,,,
1785764581762873947,665879805936,/epuck1/state,,,,7,4618,,,0.0,0.0,0.0
1785764581776253098,665893184979,cmd_vel,0.0,0.0,,,,,,,,
1785764581825259684,665942191998,cmd_vel,0.0,0.0,,,,,,,,
1785764581863334257,665980266029,/epuck1/state,,,,7,4619,,,0.0,0.0,0.0
1785764581876804300,665993735855,cmd_vel,0.0,0.0,,,,,,,,
1785764581925101411,666042033400,cmd_vel,0.0,0.0,,,,,,,,
1785764581963343467,666080275240,/epuck1/state,,,,7,4620,,,0.0,0.0,0.0
1785764581974915187,666091846635,cmd_vel,0.0,0.0,,,,,,,,
1785764582024702964,666141634411,cmd_vel,0.0,0.0,,,,,,,,
1785764582075007706,666191939478,cmd_vel,0.0,0.0,,,,,,,,
1785764582082551056,666199482503,/epuck1/state,,,,7,4621,,,0.0,0.0,0.0
1785764582124435708,666241367155,cmd_vel,0.0,0.0,,,,,,,,
1785764582174534725,666291466281,cmd_vel,0.0,0.0,,,,,,,,
1785764582182682899,666299614888,/epuck1/state,,,,7,4622,,,0.0,0.0,0.0
1785764582224904576,666341836240,cmd_vel,0.0,0.0,,,,,,,,
1785764582240846999,666357778880,/epuck_bridge/status,,,,,,True,5534,,,
1785764582274718352,666391650016,cmd_vel,0.0,0.0,,,,,,,,
1785764582282713885,666399645874,/epuck1/state,,,,7,4623,,,0.0,0.0,0.0
1785764582325142478,666442074467,cmd_vel,0.0,0.0,,,,,,,,
1785764582375880661,666492812434,cmd_vel,0.0,0.0,,,,,,,,
1785764582402937530,666519868978,/epuck1/state,,,,7,4624,,,0.0,0.0,0.0
1785764582424937189,666541868528,cmd_vel,0.0,0.0,,,,,,,,
1785764582475211706,666592143587,cmd_vel,0.0,0.0,,,,,,,,
1785764582503787190,666620718962,/epuck1/state,,,,7,4625,,,0.0,0.0,0.0
1785764582526768564,666643700553,cmd_vel,0.0,0.0,,,,,,,,
1785764582575614383,666692545938,cmd_vel,0.0,0.0,,,,,,,,
1785764582604531008,666721462889,/epuck1/state,,,,7,4626,,,0.0,0.0,0.0
1785764582624632018,666741563899,cmd_vel,0.0,0.0,,,,,,,,
1785764582675258077,666792189633,cmd_vel,0.0,0.0,,,,,,,,
1785764582724646537,666841578851,/epuck1/state,,,,7,4627,,,0.0,0.0,0.0
1785764582725621644,666842554067,cmd_vel,0.0,0.0,,,,,,,,
1785764582775098288,666892030602,cmd_vel,0.0,0.0,,,,,,,,
1785764582825359155,666942290494,cmd_vel,0.0,0.0,,,,,,,,
1785764582842939360,666959870915,/epuck1/state,,,,7,4628,,,0.0,0.0,0.0
1785764582875671806,666992603795,cmd_vel,0.0,0.0,,,,,,,,
1785764582924401708,667041333372,cmd_vel,0.0,0.0,,,,,,,,
1785764582964016996,667080948768,/epuck1/state,,,,7,4629,,,0.0,0.0,0.0
1785764582975168058,667092099614,cmd_vel,0.0,0.0,,,,,,,,
1785764583025352984,667142284432,cmd_vel,0.0,0.0,,,,,,,,
1785764583075427844,667192359291,cmd_vel,0.0,0.0,,,,,,,,
1785764583083418501,667200350273,/epuck1/state,,,,7,4630,,,0.0,0.0,0.0
1785764583126066577,667242998891,cmd_vel,0.0,0.0,,,,,,,,
1785764583175730745,667292663384,cmd_vel,0.0,0.0,,,,,,,,
1785764583202875581,667319807137,/epuck1/state,,,,7,4631,,,0.0,0.0,0.0
1785764583224682081,667341613420,cmd_vel,0.0,0.0,,,,,,,,
1785764583239803339,667356734461,/epuck_bridge/status,,,,,,True,5542,,,
1785764583275367615,667392299604,cmd_vel,0.0,0.0,,,,,,,,
1785764583323769809,667440701906,/epuck1/state,,,,7,4632,,,0.0,0.0,0.0
1785764583330409552,667447341107,cmd_vel,0.0,0.0,,,,,,,,
1785764583391693323,667508624987,cmd_vel,0.0,0.0,,,,,,,,
1785764583425432401,667542364823,cmd_vel,0.0,0.0,,,,,,,,
1785764583443428280,667560360161,/epuck1/state,,,,7,4633,,,0.0,0.0,0.0
1785764583475557310,667592488866,cmd_vel,0.0,0.0,,,,,,,,
1785764583524601162,667641532826,cmd_vel,0.0,0.0,,,,,,,,
1785764583563012868,667679944532,/epuck1/state,,,,7,4634,,,0.0,0.0,0.0
1785764583575982304,667692914401,cmd_vel,0.0,0.0,,,,,,,,
1785764583624357198,667741288862,cmd_vel,0.0,0.0,,,,,,,,
1785764583664012136,667780944125,/epuck1/state,,,,7,4635,,,0.0,0.0,0.0
1785764583674999940,667791931604,cmd_vel,0.0,0.0,,,,,,,,
1785764583724355034,667841286481,cmd_vel,0.0,0.0,,,,,,,,
1785764583764300738,667881232619,/epuck1/state,,,,7,4636,,,0.0,0.0,0.0
1785764583774794109,667891726315,cmd_vel,0.0,0.0,,,,,,,,
1785764583824836252,667941768241,cmd_vel,0.0,0.0,,,,,,,,
1785764583876267985,667993199865,cmd_vel,0.0,0.0,,,,,,,,
1785764583882975544,667999907858,/epuck1/state,,,,7,4637,,,0.0,0.0,0.0
1785764583925549737,668042481076,cmd_vel,0.0,0.0,,,,,,,,
1785764583975901062,668092832618,cmd_vel,0.0,0.0,,,,,,,,
1785764583983144437,668100076210,/epuck1/state,,,,7,4638,,,0.0,0.0,0.0
1785764584025451155,668142382603,cmd_vel,0.0,0.0,,,,,,,,
1785764584075061590,668191993038,cmd_vel,0.0,0.0,,,,,,,,
1785764584102765209,668219697306,/epuck1/state,,,,7,4639,,,0.0,0.0,0.0
1785764584127514580,668244446461,cmd_vel,0.0,0.0,,,,,,,,
1785764584175290609,668292222489,cmd_vel,0.0,0.0,,,,,,,,
1785764584204144942,668321076390,/epuck1/state,,,,7,4640,,,0.0,0.0,0.0
1785764584224483094,668341414650,cmd_vel,0.0,0.0,,,,,,,,
1785764584239905410,668356836640,/epuck_bridge/status,,,,,,True,5551,,,
1785764584274994645,668391926959,cmd_vel,0.0,0.0,,,,,,,,
1785764584322731457,668439663229,/epuck1/state,,,,7,4641,,,0.0,0.0,0.0
1785764584324911662,668441843218,cmd_vel,0.0,0.0,,,,,,,,
1785764584375413030,668492344477,cmd_vel,0.0,0.0,,,,,,,,
1785764584423235425,668540167305,/epuck1/state,,,,7,4642,,,0.0,0.0,0.0
1785764584424100574,668541032021,cmd_vel,0.0,0.0,,,,,,,,
1785764584474348875,668591280322,cmd_vel,0.0,0.0,,,,,,,,
1785764584524655242,668641587123,/epuck1/state,,,,7,4643,,,0.0,0.0,0.0
1785764584525764249,668642696238,cmd_vel,0.0,0.0,,,,,,,,
1785764584575596550,668692529406,cmd_vel,0.0,0.0,,,,,,,,
1785764584624704427,668741635983,cmd_vel,0.0,0.0,,,,,,,,
1785764584642957381,668759888829,/epuck1/state,,,,7,4644,,,0.0,0.0,0.0
1785764584675988069,668792920166,cmd_vel,0.0,0.0,,,,,,,,
1785764584724466096,668841397869,cmd_vel,0.0,0.0,,,,,,,,
1785764584744188807,668861120255,/epuck1/state,,,,7,4645,,,0.0,0.0,0.0
1785764584775113388,668892045269,cmd_vel,0.0,0.0,,,,,,,,
1785764584824889356,668941821129,cmd_vel,0.0,0.0,,,,,,,,
1785764584862872713,668979804702,/epuck1/state,,,,7,4646,,,0.0,0.0,0.0
1785764584875040374,668991972146,cmd_vel,0.0,0.0,,,,,,,,
1785764584924462634,669041394190,cmd_vel,0.0,0.0,,,,,,,,
1785764584975597100,669092529089,cmd_vel,0.0,0.0,,,,,,,,
1785764584983120300,669100051964,/epuck1/state,,,,7,4647,,,0.0,0.0,0.0
1785764585025050994,669141982550,cmd_vel,0.0,0.0,,,,,,,,
1785764585075881802,669192813250,cmd_vel,0.0,0.0,,,,,,,,
1785764585103073438,669220005318,/epuck1/state,,,,7,4648,,,0.0,0.0,0.0
1785764585125724937,669242657143,cmd_vel,0.0,0.0,,,,,,,,
1785764585176074529,669293006085,cmd_vel,0.0,0.0,,,,,,,,
1785764585203765797,669320697786,/epuck1/state,,,,7,4649,,,0.0,0.0,0.0
1785764585224506949,669341438504,cmd_vel,0.0,0.0,,,,,,,,
1785764585239868056,669356799287,/epuck_bridge/status,,,,,,True,5559,,,
1785764585275320099,669392251763,cmd_vel,0.0,0.0,,,,,,,,
1785764585322984544,669439915883,/epuck1/state,,,,7,4650,,,0.0,0.0,0.0
1785764585324483551,669441415107,cmd_vel,0.0,0.0,,,,,,,,
1785764585375825909,669492757573,cmd_vel,0.0,0.0,,,,,,,,
1785764585424647353,669541579559,/epuck1/state,,,,7,4651,,,0.0,0.0,0.0
1785764585425106469,669542037483,cmd_vel,0.0,0.0,,,,,,,,
1785764585474758395,669591689951,cmd_vel,0.0,0.0,,,,,,,,
1785764585524480847,669641413052,/epuck1/state,,,,7,4652,,,0.0,0.0,0.0
1785764585525109613,669642041493,cmd_vel,0.0,0.0,,,,,,,,
1785764585574963797,669691896111,cmd_vel,0.0,0.0,,,,,,,,
1785764585625082640,669742014954,cmd_vel,0.0,0.0,,,,,,,,
1785764585642793270,669759724634,/epuck1/state,,,,7,4653,,,0.0,0.0,0.0
1785764585674450433,669791382197,cmd_vel,0.0,0.0,,,,,,,,
1785764585724266376,669841197740,cmd_vel,0.0,0.0,,,,,,,,
1785764585762603932,669879535396,/epuck1/state,,,,7,4654,,,0.0,0.0,0.0
1785764585775384918,669892316782,cmd_vel,0.0,0.0,,,,,,,,
1785764585824935961,669941867425,cmd_vel,0.0,0.0,,,,,,,,
1785764585874465304,669991397068,cmd_vel,0.0,0.0,,,,,,,,
1785764585882359995,669999291459,/epuck1/state,,,,7,4655,,,0.0,0.0,0.0
1785764585924326647,670041258011,cmd_vel,0.0,0.0,,,,,,,,
1785764585975382489,670092314353,cmd_vel,0.0,0.0,,,,,,,,
1785764586002828057,670119759721,/epuck1/state,,,,7,4656,,,0.0,0.0,0.0
1785764586024739932,670141672996,cmd_vel,0.0,0.0,,,,,,,,
1785764586074971275,670191903439,cmd_vel,0.0,0.0,,,,,,,,
1785764586103232642,670220164306,/epuck1/state,,,,7,4657,,,0.0,0.0,0.0
1785764586125157217,670242089081,cmd_vel,0.0,0.0,,,,,,,,
1785764586174494461,670291425925,cmd_vel,0.0,0.0,,,,,,,,
1785764586222539505,670339471069,/epuck1/state,,,,7,4658,,,0.0,0.0,0.0
1785764586224598603,670341530267,cmd_vel,0.0,0.0,,,,,,,,
1785764586239684986,670356616250,/epuck_bridge/status,,,,,,True,5567,,,
1785764586274552346,670391484410,cmd_vel,0.0,0.0,,,,,,,,
1785764586323810989,670440743053,/epuck1/state,,,,7,4659,,,0.0,0.0,0.0
1785764586325120788,670442052252,cmd_vel,0.0,0.0,,,,,,,,
1785764586374435231,670491366595,cmd_vel,0.0,0.0,,,,,,,,
1785764586425012674,670541944638,cmd_vel,0.0,0.0,,,,,,,,
1785764586442259754,670559191218,/epuck1/state,,,,7,4660,,,0.0,0.0,0.0
1785764586474500117,670591431981,cmd_vel,0.0,0.0,,,,,,,,
1785764586524578459,670641509923,cmd_vel,0.0,0.0,,,,,,,,
1785764586542391639,670659323003,/epuck1/state,,,,7,4661,,,0.0,0.0,0.0
1785764586574520402,670691451766,cmd_vel,0.0,0.0,,,,,,,,
1785764586624418745,670741350309,cmd_vel,0.0,0.0,,,,,,,,
1785764586662395602,670779326966,/epuck1/state,,,,7,4662,,,0.0,0.0,0.0
1785764586674320788,670791252052,cmd_vel,0.0,0.0,,,,,,,,
1785764586724386131,670841317695,cmd_vel,0.0,0.0,,,,,,,,
1785764586762497087,670879428351,/epuck1/state,,,,7,4663,,,0.0,0.0,0.0
1785764586775200272,670892131736,cmd_vel,0.0,0.0,,,,,,,,
1785764586824580516,670941511880,cmd_vel,0.0,0.0,,,,,,,,
1785764586874442159,670991373523,cmd_vel,0.0,0.0,,,,,,,,
1785764586882639749,670999571413,/epuck1/state,,,,7,4664,,,0.0,0.0,0.0
1785764586924462801,671041394865,cmd_vel,0.0,0.0,,,,,,,,
1785764586975425343,671092356907,cmd_vel,0.0,0.0,,,,,,,,
1785764586982560735,671099492899,/epuck1/state,,,,7,4665,,,0.0,0.0,0.0
1785764587024681487,671141614251,cmd_vel,0.0,0.0,,,,,,,,
1785764587074536229,671191467793,cmd_vel,0.0,0.0,,,,,,,,
1785764587082798187,671199729634,/epuck1/state,,,,7,4666,,,0.0,0.0,0.0
1785764587126114137,671243046343,cmd_vel,0.0,0.0,,,,,,,,
1785764587176738137,671293670126,cmd_vel,0.0,0.0,,,,,,,,
1785764587203193649,671320125746,/epuck1/state,,,,7,4667,,,0.0,0.0,0.0
1785764587225530115,671342461454,cmd_vel,0.0,0.0,,,,,,,,
1785764587240003973,671356935312,/epuck_bridge/status,,,,,,True,5575,,,
1785764587275135566,671392067014,cmd_vel,0.0,0.0,,,,,,,,
1785764587323071495,671440003375,/epuck1/state,,,,7,4668,,,0.0,0.0,0.0
1785764587324307468,671441239241,cmd_vel,0.0,0.0,,,,,,,,
1785764587375628160,671492560799,cmd_vel,0.0,0.0,,,,,,,,
1785764587426173943,671543105499,cmd_vel,0.0,0.0,,,,,,,,
1785764587443485265,671560416929,/epuck1/state,,,,7,4669,,,0.0,0.0,0.0
1785764587475321687,671592253243,cmd_vel,0.0,0.0,,,,,,,,
1785764587526093562,671643025010,cmd_vel,0.0,0.0,,,,,,,,
1785764587563051112,671679982884,/epuck1/state,,,,7,4670,,,0.0,0.0,0.0
1785764587575623072,671692555495,cmd_vel,0.0,0.0,,,,,,,,
1785764587625726423,671742657762,cmd_vel,0.0,0.0,,,,,,,,
1785764587676144374,671793076038,cmd_vel,0.0,0.0,,,,,,,,
1785764587683030683,671799962780,/epuck1/state,,,,7,4671,,,0.0,0.0,0.0
1785764587724739293,671841671282,cmd_vel,0.0,0.0,,,,,,,,
1785764587775386043,671892317599,cmd_vel,0.0,0.0,,,,,,,,
1785764587782692902,671899624566,/epuck1/state,,,,7,4672,,,0.0,0.0,0.0
1785764587824732362,671941664134,cmd_vel,0.0,0.0,,,,,,,,
1785764587875943962,671992890901,cmd_vel,0.0,0.0,,,,,,,,
1785764587882995153,671999926492,/epuck1/state,,,,7,4673,,,0.0,0.0,0.0
1785764587925121172,672042052728,cmd_vel,0.0,0.0,,,,,,,,
1785764587975027356,672091959779,cmd_vel,0.0,0.0,,,,,,,,
1785764588004489764,672121421103,/epuck1/state,,,,7,4674,,,0.0,0.0,0.0
1785764588024481033,672141412589,cmd_vel,0.0,0.0,,,,,,,,
1785764588075085533,672192017197,cmd_vel,0.0,0.0,,,,,,,,
1785764588124513969,672241445524,/epuck1/state,,,,7,4675,,,0.0,0.0,0.0
1785764588126267558,672243199439,cmd_vel,0.0,0.0,,,,,,,,
1785764588175943643,672292875849,cmd_vel,0.0,0.0,,,,,,,,
1785764588225193437,672342125317,cmd_vel,0.0,0.0,,,,,,,,
1785764588240188703,672357120475,/epuck_bridge/status,,,,,,True,5583,,,
1785764588242938308,672359869430,/epuck1/state,,,,7,4676,,,0.0,0.0,0.0
1785764588275824045,672392755926,cmd_vel,0.0,0.0,,,,,,,,
1785764588326023271,672442954718,cmd_vel,0.0,0.0,,,,,,,,
1785764588362621912,672479553143,/epuck1/state,,,,7,4677,,,0.0,0.0,0.0
1785764588375629373,672492561253,cmd_vel,0.0,0.0,,,,,,,,
1785764588426204190,672543135854,cmd_vel,0.0,0.0,,,,,,,,
1785764588464080296,672581012827,/epuck1/state,,,,7,4678,,,0.0,0.0,0.0
1785764588474704859,672591636306,cmd_vel,0.0,0.0,,,,,,,,
1785764588526345458,672643277556,cmd_vel,0.0,0.0,,,,,,,,
1785764588563261408,672680193180,/epuck1/state,,,,7,4679,,,0.0,0.0,0.0
1785764588575942568,672692874449,cmd_vel,0.0,0.0,,,,,,,,
1785764588624592629,672741524185,cmd_vel,0.0,0.0,,,,,,,,
1785764588675006896,672791938777,cmd_vel,0.0,0.0,,,,,,,,
1785764588683418862,672800350851,/epuck1/state,,,,7,4680,,,0.0,0.0,0.0
1785764588724647339,672841579545,cmd_vel,0.0,0.0,,,,,,,,
1785764588775323015,672892254462,cmd_vel,0.0,0.0,,,,,,,,
1785764588804631698,672921563254,/epuck1/state,,,,7,4681,,,0.0,0.0,0.0
1785764588825851140,672942783021,cmd_vel,0.0,0.0,,,,,,,,
1785764588876206908,672993138463,cmd_vel,0.0,0.0,,,,,,,,
1785764588927715774,673044647329,/epuck1/state,,,,7,4682,,,0.0,0.0,0.0
1785764588947460909,673064393548,cmd_vel,0.0,0.0,,,,,,,,
1785764588974682228,673091614000,cmd_vel,0.0,0.0,,,,,,,,
1785764589023326114,673140257345,/epuck1/state,,,,7,4683,,,0.0,0.0,0.0
1785764589024749612,673141680843,cmd_vel,0.0,0.0,,,,,,,,
1785764589074727080,673191658853,cmd_vel,0.0,0.0,,,,,,,,
1785764589124768573,673241700129,cmd_vel,0.0,0.0,,,,,,,,
1785764589142993360,673259924699,/epuck1/state,,,,7,4684,,,0.0,0.0,0.0
1785764589175662756,673292594204,cmd_vel,0.0,0.0,,,,,,,,
1785764589226624756,673343556420,cmd_vel,0.0,0.0,,,,,,,,
1785764589240284274,673357215938,/epuck_bridge/status,,,,,,True,5591,,,
1785764589263031756,673379963312,/epuck1/state,,,,7,4685,,,0.0,0.0,0.0
1785764589274676601,673391608265,cmd_vel,0.0,0.0,,,,,,,,
1785764589324508794,673441440458,cmd_vel,0.0,0.0,,,,,,,,
1785764589362852467,673479783698,/epuck1/state,,,,7,4686,,,0.0,0.0,0.0
1785764589375581077,673492512741,cmd_vel,0.0,0.0,,,,,,,,
1785764589424362113,673541293452,cmd_vel,0.0,0.0,,,,,,,,
1785764589475611521,673592543293,cmd_vel,0.0,0.0,,,,,,,,
1785764589482673438,673599604777,/epuck1/state,,,,7,4687,,,0.0,0.0,0.0
1785764589524506848,673641438404,cmd_vel,0.0,0.0,,,,,,,,
1785764589576995697,673693927686,cmd_vel,0.0,0.0,,,,,,,,
1785764589582711357,673699642804,/epuck1/state,,,,7,4688,,,0.0,0.0,0.0
1785764589624745292,673741676956,cmd_vel,0.0,0.0,,,,,,,,
1785764589674759051,673791690824,cmd_vel,0.0,0.0,,,,,,,,
1785764589702868919,673819800583,/epuck1/state,,,,7,4689,,,0.0,0.0,0.0
1785764589724486161,673841417825,cmd_vel,0.0,0.0,,,,,,,,
1785764589775698519,673892630833,cmd_vel,0.0,0.0,,,,,,,,
1785764589802931538,673919862877,/epuck1/state,,,,7,4690,,,0.0,0.0,0.0
1785764589825959170,673942891375,cmd_vel,0.0,0.0,,,,,,,,
1785764589875068130,673991999794,cmd_vel,0.0,0.0,,,,,,,,
1785764589904480055,674021411502,/epuck1/state,,,,7,4691,,,0.0,0.0,0.0
1785764589924882123,674041814004,cmd_vel,0.0,0.0,,,,,,,,
1785764589975670140,674092602129,cmd_vel,0.0,0.0,,,,,,,,
1785764590023220835,674140153041,/epuck1/state,,,,7,4692,,,0.0,0.0,0.0
1785764590024320093,674141252190,cmd_vel,0.0,0.0,,,,,,,,
1785764590076110192,674193042614,cmd_vel,0.0,0.0,,,,,,,,
1785764590124720928,674241652267,cmd_vel,0.0,0.0,,,,,,,,
1785764590124871186,674241801658,/epuck1/state,,,,7,4693,,,0.0,0.0,0.0
1785764590176024394,674292956491,cmd_vel,0.0,0.0,,,,,,,,
1785764590226531503,674343463925,cmd_vel,0.0,0.0,,,,,,,,
1785764590240870920,674357802692,/epuck_bridge/status,,,,,,True,5600,,,
1785764590243317842,674360250481,/epuck1/state,,,,7,4694,,,0.0,0.0,0.0
1785764590274822764,674391754861,cmd_vel,0.0,0.0,,,,,,,,
1785764590324655932,674441587813,cmd_vel,0.0,0.0,,,,,,,,
1785764590362979888,674479911335,/epuck1/state,,,,7,4695,,,0.0,0.0,0.0
1785764590374752025,674491684014,cmd_vel,0.0,0.0,,,,,,,,
1785764590425416108,674542347772,cmd_vel,0.0,0.0,,,,,,,,
1785764590464262880,674581194653,/epuck1/state,,,,7,4696,,,0.0,0.0,0.0
1785764590474832735,674591764182,cmd_vel,0.0,0.0,,,,,,,,
1785764590526022776,674642954657,cmd_vel,0.0,0.0,,,,,,,,
1785764590574886037,674691817484,cmd_vel,0.0,0.0,,,,,,,,
1785764590582700545,674699632317,/epuck1/state,,,,7,4697,,,0.0,0.0,0.0
1785764590626175312,674743107192,cmd_vel,0.0,0.0,,,,,,,,
1785764590675342014,674792274003,cmd_vel,0.0,0.0,,,,,,,,
1785764590704150522,674821082403,/epuck1/state,,,,7,4698,,,0.0,0.0,0.0
1785764590725745664,674842677112,cmd_vel,0.0,0.0,,,,,,,,
1785764590775056991,674891988655,cmd_vel,0.0,0.0,,,,,,,,
1785764590805698823,674922630162,/epuck1/state,,,,7,4699,,,0.0,0.0,0.0
1785764590825106392,674942038814,cmd_vel,0.0,0.0,,,,,,,,
1785764590875741767,674992673756,cmd_vel,0.0,0.0,,,,,,,,
1785764590904313026,675021244474,/epuck1/state,,,,7,4700,,,0.0,0.0,0.0
1785764590925552294,675042483958,cmd_vel,0.0,0.0,,,,,,,,
1785764590976597494,675093529266,cmd_vel,0.0,0.0,,,,,,,,
1785764591024373305,675141305186,cmd_vel,0.0,0.0,,,,,,,,
1785764591024614672,675141545253,/epuck1/state,,,,7,4701,,,0.0,0.0,0.0
1785764591076217788,675193149560,cmd_vel,0.0,0.0,,,,,,,,
1785764591124977374,675241908929,/epuck1/state,,,,7,4702,,,0.0,0.0,0.0
1785764591125972739,675242904836,cmd_vel,0.0,0.0,,,,,,,,
1785764591174963941,675291895497,cmd_vel,0.0,0.0,,,,,,,,
1785764591224425851,675341357299,cmd_vel,0.0,0.0,,,,,,,,
1785764591240799766,675357731213,/epuck_bridge/status,,,,,,True,5609,,,
1785764591243051905,675359983244,/epuck1/state,,,,7,4703,,,0.0,0.0,0.0
1785764591274617494,675391549050,cmd_vel,0.0,0.0,,,,,,,,
1785764591324654003,675441585884,cmd_vel,0.0,0.0,,,,,,,,
1785764591362866701,675479798365,/epuck1/state,,,,7,4704,,,0.0,0.0,0.0
1785764591375151145,675492083026,cmd_vel,0.0,0.0,,,,,,,,
1785764591425255688,675542188002,cmd_vel,0.0,0.0,,,,,,,,
1785764591475273456,675592205553,cmd_vel,0.0,0.0,,,,,,,,
1785764591482947022,675599879011,/epuck1/state,,,,7,4705,,,0.0,0.0,0.0
1785764591526065156,675642997145,cmd_vel,0.0,0.0,,,,,,,,
1785764591576107840,675693039938,cmd_vel,0.0,0.0,,,,,,,,
1785764591602962234,675719894223,/epuck1/state,,,,7,4706,,,0.0,0.0,0.0
1785764591625229584,675742161465,cmd_vel,0.0,0.0,,,,,,,,
1785764591676309017,675793241006,cmd_vel,0.0,0.0,,,,,,,,
1785764591703361986,675820293325,/epuck1/state,,,,7,4707,,,0.0,0.0,0.0
1785764591725383636,675842315083,cmd_vel,0.0,0.0,,,,,,,,
1785764591776326353,675893258125,cmd_vel,0.0,0.0,,,,,,,,
1785764591822649633,675939580864,/epuck1/state,,,,7,4708,,,0.0,0.0,0.0
1785764591824403006,675941334561,cmd_vel,0.0,0.0,,,,,,,,
1785764591875570514,675992502178,cmd_vel,0.0,0.0,,,,,,,,
1785764591924933732,676041866588,cmd_vel,0.0,0.0,,,,,,,,
1785764591943078353,676060009692,/epuck1/state,,,,7,4709,,,0.0,0.0,0.0
1785764591974960383,676091892481,cmd_vel,0.0,0.0,,,,,,,,
1785764592025472259,676142403815,cmd_vel,0.0,0.0,,,,,,,,
1785764592044350404,676161282068,/epuck1/state,,,,7,4710,,,0.0,0.0,0.0
1785764592074900477,676191831816,cmd_vel,0.0,0.0,,,,,,,,
1785764592139265137,676256197018,cmd_vel,0.0,0.0,,,,,,,,
1785764592164029242,676280960473,/epuck1/state,,,,7,4711,,,0.0,0.0,0.0
1785764592175405637,676292337193,cmd_vel,0.0,0.0,,,,,,,,
1785764592224362606,676341294703,cmd_vel,0.0,0.0,,,,,,,,
1785764592240357896,676357289560,/epuck_bridge/status,,,,,,True,5618,,,
1785764592274677857,676391609412,cmd_vel,0.0,0.0,,,,,,,,
1785764592282547831,676399479170,/epuck1/state,,,,7,4712,,,0.0,0.0,0.0
1785764592326276206,676443208303,cmd_vel,0.0,0.0,,,,,,,,
1785764592375005242,676491937014,cmd_vel,0.0,0.0,,,,,,,,
1785764592382707408,676499638747,/epuck1/state,,,,7,4713,,,0.0,0.0,0.0
1785764592425469017,676542400465,cmd_vel,0.0,0.0,,,,,,,,
1785764592475251052,676592183366,cmd_vel,0.0,0.0,,,,,,,,
1785764592504763293,676621695282,/epuck1/state,,,,7,4714,,,0.0,0.0,0.0
1785764592525033737,676641965726,cmd_vel,0.0,0.0,,,,,,,,
1785764592574867446,676691799110,cmd_vel,0.0,0.0,,,,,,,,
1785764592624183106,676741114770,/epuck1/state,,,,7,4715,,,0.0,0.0,0.0
1785764592624878822,676741810595,cmd_vel,0.0,0.0,,,,,,,,
1785764592676037664,676792970086,cmd_vel,0.0,0.0,,,,,,,,
1785764592725128966,676842060413,cmd_vel,0.0,0.0,,,,,,,,
1785764592743533803,676860465467,/epuck1/state,,,,7,4716,,,0.0,0.0,0.0
1785764592776718323,676893650204,cmd_vel,0.0,0.0,,,,,,,,
1785764592825325484,676942257148,cmd_vel,0.0,0.0,,,,,,,,
1785764592842792373,676959724037,/epuck1/state,,,,7,4717,,,0.0,0.0,0.0
1785764592875010344,676991941900,cmd_vel,0.0,0.0,,,,,,,,
1785764592925274787,677042206342,cmd_vel,0.0,0.0,,,,,,,,
1785764592943756540,677060688096,/epuck1/state,,,,7,4718,,,0.0,0.0,0.0
1785764592975007313,677091962160,cmd_vel,0.0,0.0,,,,,,,,
1785764593025500013,677142432219,cmd_vel,0.0,0.0,,,,,,,,
1785764593043930309,677160861865,/epuck1/state,,,,7,4719,,,0.0,0.0,0.0
1785764593074897032,677191828696,cmd_vel,0.0,0.0,,,,,,,,
1785764593124454383,677241386372,cmd_vel,0.0,0.0,,,,,,,,
1785764593163315781,677280247336,/epuck1/state,,,,7,4720,,,0.0,0.0,0.0
1785764593175259625,677292191181,cmd_vel,0.0,0.0,,,,,,,,
1785764593225793601,677342725698,cmd_vel,0.0,0.0,,,,,,,,
1785764593239913968,677356845307,/epuck_bridge/status,,,,,,True,5626,,,
1785764593264902214,677381834203,/epuck1/state,,,,7,4721,,,0.0,0.0,0.0
1785764593274855436,677391787425,cmd_vel,0.0,0.0,,,,,,,,
1785764593324541488,677441473585,cmd_vel,0.0,0.0,,,,,,,,
1785764593375977770,677492909759,cmd_vel,0.0,0.0,,,,,,,,
1785764593382784021,677499715902,/epuck1/state,,,,7,4722,,,0.0,0.0,0.0
1785764593424419182,677541350737,cmd_vel,0.0,0.0,,,,,,,,
1785764593474855874,677591788296,cmd_vel,0.0,0.0,,,,,,,,
1785764593504704706,677621636262,/epuck1/state,,,,7,4723,,,0.0,0.0,0.0
1785764593525066583,677641998139,cmd_vel,0.0,0.0,,,,,,,,
1785764593575473050,677692404931,cmd_vel,0.0,0.0,,,,,,,,
1785764593623589570,677740521126,/epuck1/state,,,,7,4724,,,0.0,0.0,0.0
1785764593624159836,677741090958,cmd_vel,0.0,0.0,,,,,,,,
1785764593674819836,677791751600,cmd_vel,0.0,0.0,,,,,,,,
1785764593724980879,677841913043,cmd_vel,0.0,0.0,,,,,,,,
1785764593742357559,677859289023,/epuck1/state,,,,7,4725,,,0.0,0.0,0.0
1785764593774901122,677891833086,cmd_vel,0.0,0.0,,,,,,,,
1785764593824501865,677941433829,cmd_vel,0.0,0.0,,,,,,,,
1785764593842499844,677959431208,/epuck1/state,,,,7,4726,,,0.0,0.0,0.0
1785764593874603107,677991534771,cmd_vel,0.0,0.0,,,,,,,,
1785764593925636649,678042568513,cmd_vel,0.0,0.0,,,,,,,,
1785764593943264329,678060195993,/epuck1/state,,,,7,4727,,,0.0,0.0,0.0
1785764593974933692,678091865656,cmd_vel,0.0,0.0,,,,,,,,
1785764594024987735,678141919699,cmd_vel,0.0,0.0,,,,,,,,
1785764594062529292,678179461056,/epuck1/state,,,,7,4728,,,0.0,0.0,0.0
1785764594074751778,678191683742,cmd_vel,0.0,0.0,,,,,,,,
1785764594124623921,678241555985,cmd_vel,0.0,0.0,,,,,,,,
1785764594162771377,678279703641,/epuck1/state,,,,7,4729,,,0.0,0.0,0.0
1785764594174444264,678291376228,cmd_vel,0.0,0.0,,,,,,,,
1785764594225118306,678342050770,cmd_vel,0.0,0.0,,,,,,,,
1785764594240220688,678357152552,/epuck_bridge/status,,,,,,True,5634,,,
1785764594263486362,678380417726,/epuck1/state,,,,7,4730,,,0.0,0.0,0.0
1785764594274878149,678391809813,cmd_vel,0.0,0.0,,,,,,,,
1785764594324898391,678441830955,cmd_vel,0.0,0.0,,,,,,,,
1785764594374729434,678491661498,cmd_vel,0.0,0.0,,,,,,,,
1785764594382588825,678499520389,/epuck1/state,,,,7,4731,,,0.0,0.0,0.0
1785764594424490477,678541422041,cmd_vel,0.0,0.0,,,,,,,,
1785764594474356220,678591287684,cmd_vel,0.0,0.0,,,,,,,,
1785764594482885210,678599817074,/epuck1/state,,,,7,4732,,,0.0,0.0,0.0
1785764594524668062,678641600326,cmd_vel,0.0,0.0,,,,,,,,
1785764594574426305,678691358069,cmd_vel,0.0,0.0,,,,,,,,
1785764594602376873,678719308637,/epuck1/state,,,,7,4733,,,0.0,0.0,0.0
1785764594624351948,678741283512,cmd_vel,0.0,0.0,,,,,,,,
1785764594674496191,678791427655,cmd_vel,0.0,0.0,,,,,,,,
1785764594702763558,678819695122,/epuck1/state,,,,7,4734,,,0.0,0.0,0.0
1785764594724975433,678841907897,cmd_vel,0.0,0.0,,,,,,,,
1785764594774755076,678891686840,cmd_vel,0.0,0.0,,,,,,,,
1785764594803217743,678920149307,/epuck1/state,,,,7,4735,,,0.0,0.0,0.0
1785764594825177518,678942109082,cmd_vel,0.0,0.0,,,,,,,,
1785764594874575061,678991506825,cmd_vel,0.0,0.0,,,,,,,,
1785764594922405806,679039336970,/epuck1/state,,,,7,4736,,,0.0,0.0,0.0
1785764594924140604,679041072068,cmd_vel,0.0,0.0,,,,,,,,
1785764594974474247,679091406811,cmd_vel,0.0,0.0,,,,,,,,
1785764595022755091,679139686455,/epuck1/state,,,,7,4737,,,0.0,0.0,0.0
1785764595024919589,679141851653,cmd_vel,0.0,0.0,,,,,,,,
1785764595074627932,679191559596,cmd_vel,0.0,0.0,,,,,,,,
1785764595124974608,679241906163,cmd_vel,0.0,0.0,,,,,,,,
1785764595125167007,679242097588,/epuck1/state,,,,7,4738,,,0.0,0.0,0.0
1785764595174835834,679291767173,cmd_vel,0.0,0.0,,,,,,,,
1785764595225915267,679342846714,cmd_vel,0.0,0.0,,,,,,,,
1785764595240022526,679356953865,/epuck_bridge/status,,,,,,True,5643,,,
1785764595244071696,679361004010,/epuck1/state,,,,7,4739,,,0.0,0.0,0.0
1785764595275449435,679392381207,cmd_vel,0.0,0.0,,,,,,,,
1785764595326630160,679443562799,cmd_vel,0.0,0.0,,,,,,,,
1785764595362584977,679479516424,/epuck1/state,,,,7,4740,,,0.0,0.0,0.0
1785764595375360387,679492292268,cmd_vel,0.0,0.0,,,,,,,,
1785764595425219989,679542151328,cmd_vel,0.0,0.0,,,,,,,,
1785764595462878887,679579810551,/epuck1/state,,,,7,4741,,,0.0,0.0,0.0
1785764595474573240,679591504796,cmd_vel,0.0,0.0,,,,,,,,
1785764595524593608,679641525272,cmd_vel,0.0,0.0,,,,,,,,
1785764595563005964,679679937736,/epuck1/state,,,,7,4742,,,0.0,0.0,0.0
1785764595574985017,679691918414,cmd_vel,0.0,0.0,,,,,,,,
1785764595624694143,679741625699,cmd_vel,0.0,0.0,,,,,,,,
1785764595674803886,679791735442,cmd_vel,0.0,0.0,,,,,,,,
1785764595683288760,679800219990,/epuck1/state,,,,7,4743,,,0.0,0.0,0.0
1785764595724879070,679841810951,cmd_vel,0.0,0.0,,,,,,,,
1785764595775436771,679892368543,cmd_vel,0.0,0.0,,,,,,,,
1785764595782924762,679899856535,/epuck1/state,,,,7,4744,,,0.0,0.0,0.0
1785764595825442080,679942373636,cmd_vel,0.0,0.0,,,,,,,,
1785764595876612947,679993545044,cmd_vel,0.0,0.0,,,,,,,,
1785764595903558232,680020489680,/epuck1/state,,,,7,4745,,,0.0,0.0,0.0
1785764595925145466,680042077022,cmd_vel,0.0,0.0,,,,,,,,
1785764595974990876,680091922540,cmd_vel,0.0,0.0,,,,,,,,
1785764596002989377,680119922341,/epuck1/state,,,,7,4746,,,0.0,0.0,0.0
1785764596025280451,680142212007,cmd_vel,0.0,0.0,,,,,,,,
1785764596075099211,680192030983,cmd_vel,0.0,0.0,,,,,,,,
1785764596103225004,680220156776,/epuck1/state,,,,7,4747,,,0.0,0.0,0.0
1785764596125344478,680242276034,cmd_vel,0.0,0.0,,,,,,,,
1785764596176570811,680293503775,cmd_vel,0.0,0.0,,,,,,,,
1785764596224119557,680341051004,/epuck1/state,,,,7,4748,,,0.0,0.0,0.0
1785764596224620273,680341551720,cmd_vel,0.0,0.0,,,,,,,,
1785764596239918222,680356849561,/epuck_bridge/status,,,,,,True,5652,,,
1785764596275461806,680392393579,cmd_vel,0.0,0.0,,,,,,,,
1785764596325646191,680442577638,cmd_vel,0.0,0.0,,,,,,,,
1785764596342818738,680459750402,/epuck1/state,,,,7,4749,,,0.0,0.0,0.0
1785764596375069751,680492001198,cmd_vel,0.0,0.0,,,,,,,,
1785764596425001719,680541933274,cmd_vel,0.0,0.0,,,,,,,,
1785764596462828425,680579760523,/epuck1/state,,,,7,4750,,,0.0,0.0,0.0
1785764596474975503,680591907492,cmd_vel,0.0,0.0,,,,,,,,
1785764596525220120,680642151784,cmd_vel,0.0,0.0,,,,,,,,
1785764596562862119,680679794541,/epuck1/state,,,,7,4751,,,0.0,0.0,0.0
1785764596575758537,680692690851,cmd_vel,0.0,0.0,,,,,,,,
1785764596624583015,680741515329,cmd_vel,0.0,0.0,,,,,,,,
1785764596663434662,680780366326,/epuck1/state,,,,7,4752,,,0.0,0.0,0.0
1785764596675261074,680792193279,cmd_vel,0.0,0.0,,,,,,,,
1785764596726199132,680843130904,cmd_vel,0.0,0.0,,,,,,,,
1785764596774708468,680891640457,cmd_vel,0.0,0.0,,,,,,,,
1785764596783010042,680899941381,/epuck1/state,,,,7,4753,,,0.0,0.0,0.0
1785764596825639593,680942571040,cmd_vel,0.0,0.0,,,,,,,,
1785764596875771869,680992745999,cmd_vel,0.0,0.0,,,,,,,,
1785764596904402061,681021333292,/epuck1/state,,,,7,4754,,,0.0,0.0,0.0
1785764596926036745,681042968517,cmd_vel,0.0,0.0,,,,,,,,
1785764596975934262,681092865926,cmd_vel,0.0,0.0,,,,,,,,
1785764597024420199,681141351863,/epuck1/state,,,,7,4755,,,0.0,0.0,0.0
1785764597025198031,681142129695,cmd_vel,0.0,0.0,,,,,,,,
1785764597075268990,681192200438,cmd_vel,0.0,0.0,,,,,,,,
1785764597126319932,681243251596,cmd_vel,0.0,0.0,,,,,,,,
1785764597143862978,681260794642,/epuck1/state,,,,7,4756,,,0.0,0.0,0.0
1785764597175052326,681291983882,cmd_vel,0.0,0.0,,,,,,,,
1785764597224472419,681341404300,cmd_vel,0.0,0.0,,,,,,,,
1785764597240130902,681357063107,/epuck_bridge/status,,,,,,True,5661,,,
1785764597243799064,681360730620,/epuck1/state,,,,7,4757,,,0.0,0.0,0.0
1785764597274966745,681391898842,cmd_vel,0.0,0.0,,,,,,,,
1785764597325956045,681442887601,cmd_vel,0.0,0.0,,,,,,,,
1785764597343956041,681460887705,/epuck1/state,,,,7,4758,,,0.0,0.0,0.0
1785764597375806979,681492738643,cmd_vel,0.0,0.0,,,,,,,,
1785764597424593649,681541525963,cmd_vel,0.0,0.0,,,,,,,,
1785764597465211452,681582143224,/epuck1/state,,,,7,4759,,,0.0,0.0,0.0
1785764597474631783,681591563555,cmd_vel,0.0,0.0,,,,,,,,
1785764597525445258,681642376814,cmd_vel,0.0,0.0,,,,,,,,
1785764597576370966,681693303064,cmd_vel,0.0,0.0,,,,,,,,
1785764597582716476,681699648356,/epuck1/state,,,,7,4760,,,0.0,0.0,0.0
1785764597624409703,681741341259,cmd_vel,0.0,0.0,,,,,,,,
1785764597675893219,681792824558,cmd_vel,0.0,0.0,,,,,,,,
1785764597702772097,681819703761,/epuck1/state,,,,7,4761,,,0.0,0.0,0.0
1785764597726062978,681842994967,cmd_vel,0.0,0.0,,,,,,,,
1785764597775720105,681892651877,cmd_vel,0.0,0.0,,,,,,,,
1785764597803102219,683959155294,/epuck1/state,,,,7,4762,,,0.0,0.0,0.0
1785764597824857911,683980911094,cmd_vel,0.0,0.0,,,,,,,,
1785764597876397435,684032451160,cmd_vel,0.0,0.0,,,,,,,,
1785764597903894245,684059947428,/epuck1/state,,,,7,4763,,,0.0,0.0,0.0
1785764597925534021,684081587203,cmd_vel,0.0,0.0,,,,,,,,
1785764597976157263,684132210554,cmd_vel,0.0,0.0,,,,,,,,
1785764598023404517,684179457591,/epuck1/state,,,,7,4764,,,0.0,0.0,0.0
1785764598024355032,684180408323,cmd_vel,0.0,0.0,,,,,,,,
1785764598074866800,684230920416,cmd_vel,0.0,0.0,,,,,,,,
1785764598125760658,684281813732,cmd_vel,0.0,0.0,,,,,,,,
1785764598142636697,684298689880,/epuck1/state,,,,7,4765,,,0.0,0.0,0.0
1785764598177019058,684333073215,cmd_vel,0.0,0.0,,,,,,,,
1785764598225267527,684381320818,cmd_vel,0.0,0.0,,,,,,,,
1785764598240084802,684396137660,/epuck_bridge/status,,,,,,True,5687,,,
1785764598262739334,684418793167,/epuck1/state,,,,7,4766,,,0.0,0.0,0.0
1785764598274597163,684430650779,cmd_vel,0.0,0.0,,,,,,,,
1785764598324530647,684480583830,cmd_vel,0.0,0.0,,,,,,,,
1785764598363362036,684519415002,/epuck1/state,,,,7,4767,,,0.0,0.0,0.0
1785764598375172847,684531226247,cmd_vel,0.0,0.0,,,,,,,,
1785764598424882299,684580935481,cmd_vel,0.0,0.0,,,,,,,,
1785764598475286599,684631339782,cmd_vel,0.0,0.0,,,,,,,,
1785764598482581433,684638634615,/epuck1/state,,,,7,4768,,,0.0,0.0,0.0
1785764598525133634,684681186708,cmd_vel,0.0,0.0,,,,,,,,
1785764598575240668,684731294068,cmd_vel,0.0,0.0,,,,,,,,
1785764598602915578,684758968977,/epuck1/state,,,,7,4769,,,0.0,0.0,0.0
1785764598626750184,684782803259,cmd_vel,0.0,0.0,,,,,,,,
1785764598675563937,684831617119,cmd_vel,0.0,0.0,,,,,,,,
1785764598722643816,684878697107,/epuck1/state,,,,7,4770,,,0.0,0.0,0.0
1785764598724237939,684880290797,cmd_vel,0.0,0.0,,,,,,,,
1785764598776151971,684932205587,cmd_vel,0.0,0.0,,,,,,,,
1785764598822849218,684978902617,/epuck1/state,,,,7,4771,,,0.0,0.0,0.0
1785764598825561990,684981616256,cmd_vel,0.0,0.0,,,,,,,,
1785764598875315641,685031369257,cmd_vel,0.0,0.0,,,,,,,,
1785764598923177578,685079230544,/epuck1/state,,,,7,4772,,,0.0,0.0,0.0
1785764598925031484,685081084775,cmd_vel,0.0,0.0,,,,,,,,
1785764598975964884,685132018175,cmd_vel,0.0,0.0,,,,,,,,
1785764599025339261,685181392335,cmd_vel,0.0,0.0,,,,,,,,
1785764599043059324,685199112507,/epuck1/state,,,,7,4773,,,0.0,0.0,0.0
1785764599076252836,685232306019,cmd_vel,0.0,0.0,,,,,,,,
1785764599125035497,685281089546,cmd_vel,0.0,0.0,,,,,,,,
1785764599163080062,685319133461,/epuck1/state,,,,7,4774,,,0.0,0.0,0.0
1785764599174554715,685330607789,cmd_vel,0.0,0.0,,,,,,,,
1785764599224703458,685380756640,cmd_vel,0.0,0.0,,,,,,,,
1785764599241093622,685397146480,/epuck_bridge/status,,,,,,True,5696,,,
1785764599274748634,685430801708,cmd_vel,0.0,0.0,,,,,,,,
1785764599283441615,685439494798,/epuck1/state,,,,7,4775,,,0.0,0.0,0.0
1785764599324643227,685480696626,cmd_vel,0.0,0.0,,,,,,,,
1785764599375533727,685531586909,cmd_vel,0.0,0.0,,,,,,,,
1785764599403510453,685559563744,/epuck1/state,,,,7,4776,,,0.0,0.0,0.0
1785764599425611294,685581664802,cmd_vel,0.0,0.0,,,,,,,,
1785764599476114720,685632167794,cmd_vel,0.0,0.0,,,,,,,,
1785764599523791298,685679844481,/epuck1/state,,,,7,4777,,,0.0,0.0,0.0
1785764599524208815,685680262106,cmd_vel,0.0,0.0,,,,,,,,
1785764599576424446,685732478171,cmd_vel,0.0,0.0,,,,,,,,
1785764599623775809,685779828883,/epuck1/state,,,,7,4778,,,0.0,0.0,0.0
1785764599624654066,685780707032,cmd_vel,0.0,0.0,,,,,,,,
1785764599675392358,685831445866,cmd_vel,0.0,0.0,,,,,,,,
1785764599725298326,685881351509,cmd_vel,0.0,0.0,,,,,,,,
1785764599743367222,685899420730,/epuck1/state,,,,7,4779,,,0.0,0.0,0.0
1785764599775518243,685931571318,cmd_vel,0.0,0.0,,,,,,,,
1785764599825494845,685981548461,cmd_vel,0.0,0.0,,,,,,,,
1785764599863405401,686019459559,/epuck1/state,,,,7,4780,,,0.0,0.0,0.0
1785764599875246004,686031299079,cmd_vel,0.0,0.0,,,,,,,,
1785764599924592323,686080645722,cmd_vel,0.0,0.0,,,,,,,,
1785764599974523316,686130577256,cmd_vel,0.0,0.0,,,,,,,,
1785764599983994780,686140047854,/epuck1/state,,,,7,4781,,,0.0,0.0,0.0
1785764600024709975,686180763807,cmd_vel,0.0,0.0,,,,,,,,
1785764600075016017,686231069091,cmd_vel,0.0,0.0,,,,,,,,
1785764600083762624,686239816023,/epuck1/state,,,,7,4782,,,0.0,0.0,0.0
1785764600125195960,686281249576,cmd_vel,0.0,0.0,,,,,,,,
1785764600174685278,686330738677,cmd_vel,0.0,0.0,,,,,,,,
1785764600202415113,686358468404,/epuck1/state,,,,7,4783,,,0.0,0.0,0.0
1785764600225380345,686381434503,cmd_vel,0.0,0.0,,,,,,,,
1785764600240188195,686396241052,/epuck_bridge/status,,,,,,True,5703,,,
1785764600276174537,686432228153,cmd_vel,0.0,0.0,,,,,,,,
1785764600303090139,686459143322,/epuck1/state,,,,7,4784,,,0.0,0.0,0.0
1785764600325566788,686481620188,cmd_vel,0.0,0.0,,,,,,,,
1785764600375837839,686531891780,cmd_vel,0.0,0.0,,,,,,,,
1785764600403889857,686559943256,/epuck1/state,,,,7,4785,,,0.0,0.0,0.0
1785764600425401474,686581454765,cmd_vel,0.0,0.0,,,,,,,,
1785764600476506041,686632560307,cmd_vel,0.0,0.0,,,,,,,,
1785764600522875687,686678929195,/epuck1/state,,,,7,4786,,,0.0,0.0,0.0
1785764600524695144,686680748868,cmd_vel,0.0,0.0,,,,,,,,
1785764600576243768,686732296951,cmd_vel,0.0,0.0,,,,,,,,
1785764600622931806,686778984772,/epuck1/state,,,,7,4787,,,0.0,0.0,0.0
1785764600624554963,686780608037,cmd_vel,0.0,0.0,,,,,,,,
1785764600675901654,686831955161,cmd_vel,0.0,0.0,,,,,,,,
1785764600724991656,686881045489,cmd_vel,0.0,0.0,,,,,,,,
1785764600743848026,686899901209,/epuck1/state,,,,7,4788,,,0.0,0.0,0.0
1785764600775040732,686931094131,cmd_vel,0.0,0.0,,,,,,,,
1785764600827227222,686983280513,cmd_vel,0.0,0.0,,,,,,,,
1785764600863543764,687019598355,/epuck1/state,,,,7,4789,,,0.0,0.0,0.0
1785764600875969041,687032022657,cmd_vel,0.0,0.0,,,,,,,,
1785764600925715868,687081769159,cmd_vel,0.0,0.0,,,,,,,,
1785764600962691834,687118745016,/epuck1/state,,,,7,4790,,,0.0,0.0,0.0
1785764600974807170,687130860244,cmd_vel,0.0,0.0,,,,,,,,
1785764601025030662,687181084278,cmd_vel,0.0,0.0,,,,,,,,
1785764601075376030,687231429646,cmd_vel,0.0,0.0,,,,,,,,
1785764601083271029,687239324212,/epuck1/state,,,,7,4791,,,0.0,0.0,0.0
1785764601126439646,687282493262,cmd_vel,0.0,0.0,,,,,,,,
1785764601175535173,687331588248,cmd_vel,0.0,0.0,,,,,,,,
1785764601182728173,687338781356,/epuck1/state,,,,7,4792,,,0.0,0.0,0.0
1785764601225487724,687381540799,cmd_vel,0.0,0.0,,,,,,,,
1785764601240687957,687396741356,/epuck_bridge/status,,,,,,True,5711,,,
1785764601275076168,687431129459,cmd_vel,0.0,0.0,,,,,,,,
1785764601304316276,687460369242,/epuck1/state,,,,7,4793,,,0.0,0.0,0.0
1785764601325567026,687481619884,cmd_vel,0.0,0.0,,,,,,,,
1785764601375454469,687531508410,cmd_vel,0.0,0.0,,,,,,,,
1785764601422745923,687578798998,/epuck1/state,,,,7,4794,,,0.0,0.0,0.0
1785764601424484346,687580537529,cmd_vel,0.0,0.0,,,,,,,,
1785764601476396862,687632450370,cmd_vel,0.0,0.0,,,,,,,,
1785764601523835541,687679888940,/epuck1/state,,,,7,4795,,,0.0,0.0,0.0
1785764601524913348,687680966639,cmd_vel,0.0,0.0,,,,,,,,
1785764601574972607,687731026115,cmd_vel,0.0,0.0,,,,,,,,
1785764601624122734,687780176025,/epuck1/state,,,,7,4796,,,0.0,0.0,0.0
1785764601624593117,687780646083,cmd_vel,0.0,0.0,,,,,,,,
1785764601674781368,687830834959,cmd_vel,0.0,0.0,,,,,,,,
1785764601724699911,687880753402,cmd_vel,0.0,0.0,,,,,,,,
1785764601742417191,687898470782,/epuck1/state,,,,7,4797,,,0.0,0.0,0.0
1785764601774622154,687930675645,cmd_vel,0.0,0.0,,,,,,,,
1785764601824568196,687980621887,cmd_vel,0.0,0.0,,,,,,,,
1785764601862599553,688018652444,/epuck1/state,,,,7,4798,,,0.0,0.0,0.0
1785764601874887339,688030941130,cmd_vel,0.0,0.0,,,,,,,,
1785764601924993881,688081047172,cmd_vel,0.0,0.0,,,,,,,,
1785764601974340725,688130393716,cmd_vel,0.0,0.0,,,,,,,,
1785764601982923915,688138977506,/epuck1/state,,,,7,4799,,,0.0,0.0,0.0
1785764602024311868,688180364859,cmd_vel,0.0,0.0,,,,,,,,
1785764602075378409,688231431500,cmd_vel,0.0,0.0,,,,,,,,
1785764602082435601,688238488492,/epuck1/state,,,,7,4800,,,0.0,0.0,0.0
1785764602124417553,688280470744,cmd_vel,0.0,0.0,,,,,,,,
1785764602174791295,688330844586,cmd_vel,0.0,0.0,,,,,,,,
1785764602182500386,688338553277,/epuck1/state,,,,7,4801,,,0.0,0.0,0.0
1785764602224414838,688380468229,cmd_vel,0.0,0.0,,,,,,,,
1785764602239499421,688395552212,/epuck_bridge/status,,,,,,True,5719,,,
1785764602274848981,688430902872,cmd_vel,0.0,0.0,,,,,,,,
1785764602302409149,688458462140,/epuck1/state,,,,7,4802,,,0.0,0.0,0.0
1785764602325001623,688481054914,cmd_vel,0.0,0.0,,,,,,,,
1785764602375412165,688531466456,cmd_vel,0.0,0.0,,,,,,,,
1785764602402799934,688558853125,/epuck1/state,,,,7,4803,,,0.0,0.0,0.0
1785764602425545508,688581598699,cmd_vel,0.0,0.0,,,,,,,,
1785764602475009451,688631062642,cmd_vel,0.0,0.0,,,,,,,,
1785764602502786819,688658839910,/epuck1/state,,,,7,4804,,,0.0,0.0,0.0
1785764602524600494,688680654585,cmd_vel,0.0,0.0,,,,,,,,
1785764602574497137,688730550328,cmd_vel,0.0,0.0,,,,,,,,
1785764602622417682,688778471373,/epuck1/state,,,,7,4805,,,0.0,0.0,0.0
1785764602624506580,688780560071,cmd_vel,0.0,0.0,,,,,,,,
1785764602674779222,688830832613,cmd_vel,0.0,0.0,,,,,,,,
1785764602723115167,688879168558,/epuck1/state,,,,7,4806,,,0.0,0.0,0.0
1785764602724263866,688880316957,cmd_vel,0.0,0.0,,,,,,,,
1785764602774507308,688930560899,cmd_vel,0.0,0.0,,,,,,,,
1785764602826138549,688982192540,cmd_vel,0.0,0.0,,,,,,,,
1785764602843334429,688999387720,/epuck1/state,,,,7,4807,,,0.0,0.0,0.0
1785764602874460993,689030514484,cmd_vel,0.0,0.0,,,,,,,,
1785764602924872536,689080925827,cmd_vel,0.0,0.0,,,,,,,,
1785764602963793991,689119847682,/epuck1/state,,,,7,4808,,,0.0,0.0,0.0
1785764602975210578,689131264369,cmd_vel,0.0,0.0,,,,,,,,
1785764603025232221,689181286712,cmd_vel,0.0,0.0,,,,,,,,
1785764603075482663,689231536254,cmd_vel,0.0,0.0,,,,,,,,
1785764603084033253,689240086744,/epuck1/state,,,,7,4809,,,0.0,0.0,0.0
1785764603126763966,689282818087,cmd_vel,0.0,0.0,,,,,,,,
1785764603175625369,689331680342,cmd_vel,0.0,0.0,,,,,,,,
1785764603183854209,689339907478,/epuck1/state,,,,7,4810,,,0.0,0.0,0.0
1785764603226706965,689382760660,cmd_vel,0.0,0.0,,,,,,,,
1785764603240168418,689396221580,/epuck_bridge/status,,,,,,True,5727,,,
1785764603275357874,689431411463,cmd_vel,0.0,0.0,,,,,,,,
1785764603302817879,689458871361,/epuck1/state,,,,7,4811,,,0.0,0.0,0.0
1785764603325246071,689481299234,cmd_vel,0.0,0.0,,,,,,,,
1785764603375653684,689531707166,cmd_vel,0.0,0.0,,,,,,,,
1785764603403727699,689559781074,/epuck1/state,,,,7,4812,,,0.0,0.0,0.0
1785764603425604517,689581657787,cmd_vel,0.0,0.0,,,,,,,,
1785764603475713008,689631766277,cmd_vel,0.0,0.0,,,,,,,,
1785764603523444181,689679497343,/epuck1/state,,,,7,4813,,,0.0,0.0,0.0
1785764603524583891,689680636948,cmd_vel,0.0,0.0,,,,,,,,
1785764603575782878,689731836041,cmd_vel,0.0,0.0,,,,,,,,
1785764603623344889,689779397945,/epuck1/state,,,,7,4814,,,0.0,0.0,0.0
1785764603624700845,689780753902,cmd_vel,0.0,0.0,,,,,,,,
1785764603675076181,689831129344,cmd_vel,0.0,0.0,,,,,,,,
1785764603723738276,689879791438,/epuck1/state,,,,7,4815,,,0.0,0.0,0.0
1785764603725446723,689881500312,cmd_vel,0.0,0.0,,,,,,,,
1785764603776027545,689932081134,cmd_vel,0.0,0.0,,,,,,,,
1785764603825556114,689981609383,cmd_vel,0.0,0.0,,,,,,,,
1785764603843245117,689999298705,/epuck1/state,,,,7,4816,,,0.0,0.0,0.0
1785764603875026200,690031079470,cmd_vel,0.0,0.0,,,,,,,,
1785764603927001647,690083054704,cmd_vel,0.0,0.0,,,,,,,,
1785764603943034720,690099087882,/epuck1/state,,,,7,4817,,,0.0,0.0,0.0
1785764603976448511,690132502207,cmd_vel,0.0,0.0,,,,,,,,
1785764604026149118,690182203026,cmd_vel,0.0,0.0,,,,,,,,
1785764604063143427,690219197229,/epuck1/state,,,,7,4818,,,0.0,0.0,0.0
1785764604076454147,690232507310,cmd_vel,0.0,0.0,,,,,,,,
1785764604125129983,690281183466,cmd_vel,0.0,0.0,,,,,,,,
1785764604163971009,690320024598,/epuck1/state,,,,7,4819,,,0.0,0.0,0.0
1785764604175297808,690331351077,cmd_vel,0.0,0.0,,,,,,,,
1785764604225343023,690381397038,cmd_vel,0.0,0.0,,,,,,,,
1785764604240249700,690396302650,/epuck_bridge/status,,,,,,True,5735,,,
1785764604274598248,690430651624,cmd_vel,0.0,0.0,,,,,,,,
1785764604282602428,690438655590,/epuck1/state,,,,7,4820,,,0.0,0.0,0.0
1785764604325226900,690481280276,cmd_vel,0.0,0.0,,,,,,,,
1785764604375236536,690531290338,cmd_vel,0.0,0.0,,,,,,,,
1785764604402691747,690558745229,/epuck1/state,,,,7,4821,,,0.0,0.0,0.0
1785764604424821243,690580874512,cmd_vel,0.0,0.0,,,,,,,,
1785764604475723664,690631777359,cmd_vel,0.0,0.0,,,,,,,,
1785764604504402847,690660456223,/epuck1/state,,,,7,4822,,,0.0,0.0,0.0
1785764604525587573,690681641162,cmd_vel,0.0,0.0,,,,,,,,
1785764604576975216,690733028804,cmd_vel,0.0,0.0,,,,,,,,
1785764604624724817,690780778193,/epuck1/state,,,,7,4823,,,0.0,0.0,0.0
1785764604625014991,690781067195,cmd_vel,0.0,0.0,,,,,,,,
1785764604675229581,690831283063,cmd_vel,0.0,0.0,,,,,,,,
1785764604725163903,690881217172,cmd_vel,0.0,0.0,,,,,,,,
1785764604742581161,690898634536,/epuck1/state,,,,7,4824,,,0.0,0.0,0.0
1785764604774951008,690931004384,cmd_vel,0.0,0.0,,,,,,,,
1785764604825392069,690981445125,cmd_vel,0.0,0.0,,,,,,,,
1785764604843575028,690999628191,/epuck1/state,,,,7,4825,,,0.0,0.0,0.0
1785764604875888098,691031943391,cmd_vel,0.0,0.0,,,,,,,,
1785764604926317228,691082370498,cmd_vel,0.0,0.0,,,,,,,,
1785764604962690923,691118743979,/epuck1/state,,,,7,4826,,,0.0,0.0,0.0
1785764604975546675,691131600583,cmd_vel,0.0,0.0,,,,,,,,
1785764605025326962,691181380870,cmd_vel,0.0,0.0,,,,,,,,
1785764605064390092,691220443787,/epuck1/state,,,,7,4827,,,0.0,0.0,0.0
1785764605076026879,691232080148,cmd_vel,0.0,0.0,,,,,,,,
1785764605126208978,691282262035,cmd_vel,0.0,0.0,,,,,,,,
1785764605176521145,691332575053,cmd_vel,0.0,0.0,,,,,,,,
1785764605183510247,691339563623,/epuck1/state,,,,7,4828,,,0.0,0.0,0.0
1785764605225862229,691381915499,cmd_vel,0.0,0.0,,,,,,,,
1785764605239763737,691395816474,/epuck_bridge/status,,,,,,True,5744,,,
1785764605275250824,691431304413,cmd_vel,0.0,0.0,,,,,,,,
1785764605303892084,691459945354,/epuck1/state,,,,7,4829,,,0.0,0.0,0.0
1785764605325539129,691481592505,cmd_vel,0.0,0.0,,,,,,,,
1785764605375034888,691531088370,cmd_vel,0.0,0.0,,,,,,,,
1785764605423567341,691579620930,/epuck1/state,,,,7,4830,,,0.0,0.0,0.0
1785764605424732725,691580786207,cmd_vel,0.0,0.0,,,,,,,,
1785764605475796638,691631850439,cmd_vel,0.0,0.0,,,,,,,,
1785764605524024962,691680078764,/epuck1/state,,,,7,4831,,,0.0,0.0,0.0
1785764605524795031,691680848088,cmd_vel,0.0,0.0,,,,,,,,
1785764605574862403,691730916418,cmd_vel,0.0,0.0,,,,,,,,
1785764605624893131,691780946720,cmd_vel,0.0,0.0,,,,,,,,
1785764605642569670,691798622726,/epuck1/state,,,,7,4832,,,0.0,0.0,0.0
1785764605674746600,691830800083,cmd_vel,0.0,0.0,,,,,,,,
1785764605725197782,691881251264,cmd_vel,0.0,0.0,,,,,,,,
1785764605742875386,691898928762,/epuck1/state,,,,7,4833,,,0.0,0.0,0.0
1785764605775112823,691931166305,cmd_vel,0.0,0.0,,,,,,,,
1785764605824630739,691980684328,cmd_vel,0.0,0.0,,,,,,,,
1785764605842921288,691998974558,/epuck1/state,,,,7,4834,,,0.0,0.0,0.0
1785764605875421948,692031475111,cmd_vel,0.0,0.0,,,,,,,,
1785764605925555152,692081609061,cmd_vel,0.0,0.0,,,,,,,,
1785764605962592817,692118645980,/epuck1/state,,,,7,4835,,,0.0,0.0,0.0
1785764605975531552,692131585034,cmd_vel,0.0,0.0,,,,,,,,
1785764606025839031,692181893259,cmd_vel,0.0,0.0,,,,,,,,
1785764606063278295,692219331351,/epuck1/state,,,,7,4836,,,0.0,0.0,0.0
1785764606075217400,692231270775,cmd_vel,0.0,0.0,,,,,,,,
1785764606124682692,692280736281,cmd_vel,0.0,0.0,,,,,,,,
1785764606175311984,692331365253,cmd_vel,0.0,0.0,,,,,,,,
1785764606182771075,692338824344,/epuck1/state,,,,7,4837,,,0.0,0.0,0.0
1785764606224597036,692380649986,cmd_vel,0.0,0.0,,,,,,,,
1785764606239640172,692395693015,/epuck_bridge/status,,,,,,True,5753,,,
1785764606275847368,692431900850,cmd_vel,0.0,0.0,,,,,,,,
1785764606302615067,692458668123,/epuck1/state,,,,7,4838,,,0.0,0.0,0.0
1785764606324728904,692480781960,cmd_vel,0.0,0.0,,,,,,,,
1785764606375579447,692531632717,cmd_vel,0.0,0.0,,,,,,,,
1785764606403086004,692559139699,/epuck1/state,,,,7,4839,,,0.0,0.0,0.0
1785764606426043198,692582096681,cmd_vel,0.0,0.0,,,,,,,,
1785764606474976825,692631029881,cmd_vel,0.0,0.0,,,,,,,,
1785764606522563444,692678616394,/epuck1/state,,,,7,4840,,,0.0,0.0,0.0
1785764606524502837,692680556426,cmd_vel,0.0,0.0,,,,,,,,
1785764606575658042,692731711098,cmd_vel,0.0,0.0,,,,,,,,
1785764606623818511,692779872100,/epuck1/state,,,,7,4841,,,0.0,0.0,0.0
1785764606625729782,692781783583,cmd_vel,0.0,0.0,,,,,,,,
1785764606676382189,692832435884,cmd_vel,0.0,0.0,,,,,,,,
1785764606725654565,692881708580,cmd_vel,0.0,0.0,,,,,,,,
1785764606744202585,692900255961,/epuck1/state,,,,7,4842,,,0.0,0.0,0.0
1785764606775273147,692931326310,cmd_vel,0.0,0.0,,,,,,,,
1785764606826667500,692982721835,cmd_vel,0.0,0.0,,,,,,,,
1785764606863854087,693019907356,/epuck1/state,,,,7,4843,,,0.0,0.0,0.0
1785764606875392764,693031445927,cmd_vel,0.0,0.0,,,,,,,,
1785764606924776991,693080830474,cmd_vel,0.0,0.0,,,,,,,,
1785764606974740608,693130794090,cmd_vel,0.0,0.0,,,,,,,,
1785764606983229156,693139282319,/epuck1/state,,,,7,4844,,,0.0,0.0,0.0
1785764607025353388,693181407083,cmd_vel,0.0,0.0,,,,,,,,
1785764607075097563,693231151365,cmd_vel,0.0,0.0,,,,,,,,
1785764607102371788,693258425058,/epuck1/state,,,,7,4845,,,0.0,0.0,0.0
1785764607125012924,693281067258,cmd_vel,0.0,0.0,,,,,,,,
1785764607175799552,693331852608,cmd_vel,0.0,0.0,,,,,,,,
1785764607202747492,693358800761,/epuck1/state,,,,7,4846,,,0.0,0.0,0.0
1785764607225300318,693381353481,cmd_vel,0.0,0.0,,,,,,,,
1785764607240301589,693396354326,/epuck_bridge/status,,,,,,True,5761,,,
1785764607275392936,693431446099,cmd_vel,0.0,0.0,,,,,,,,
1785764607322608528,693478661478,/epuck1/state,,,,7,4847,,,0.0,0.0,0.0
1785764607324322834,693480375891,cmd_vel,0.0,0.0,,,,,,,,
1785764607375116494,693531169976,cmd_vel,0.0,0.0,,,,,,,,
1785764607424861734,693580914897,cmd_vel,0.0,0.0,,,,,,,,
1785764607442586742,693598640118,/epuck1/state,,,,7,4848,,,0.0,0.0,0.0
1785764607476418325,693632471914,cmd_vel,0.0,0.0,,,,,,,,
1785764607525733311,693681786474,cmd_vel,0.0,0.0,,,,,,,,
1785764607563256090,693719309466,/epuck1/state,,,,7,4849,,,0.0,0.0,0.0
1785764607574832371,693730885747,cmd_vel,0.0,0.0,,,,,,,,
1785764607625210157,693781263639,cmd_vel,0.0,0.0,,,,,,,,
1785764607676433750,693832487339,cmd_vel,0.0,0.0,,,,,,,,
1785764607682921334,693838974923,/epuck1/state,,,,7,4850,,,0.0,0.0,0.0
1785764607724729186,693880782562,cmd_vel,0.0,0.0,,,,,,,,
1785764607776095843,693932149325,cmd_vel,0.0,0.0,,,,,,,,
1785764607782768354,693938821303,/epuck1/state,,,,7,4851,,,0.0,0.0,0.0
1785764607824650134,693980703191,cmd_vel,0.0,0.0,,,,,,,,
1785764607874502219,694030555382,cmd_vel,0.0,0.0,,,,,,,,
1785764607902401853,694058455229,/epuck1/state,,,,7,4852,,,0.0,0.0,0.0
1785764607925182003,694081235166,cmd_vel,0.0,0.0,,,,,,,,
1785764607975606873,694131660142,cmd_vel,0.0,0.0,,,,,,,,
1785764608002813348,694158866405,/epuck1/state,,,,7,4853,,,0.0,0.0,0.0
1785764608024750247,694180803517,cmd_vel,0.0,0.0,,,,,,,,
1785764608075533147,694231586310,cmd_vel,0.0,0.0,,,,,,,,
1785764608122644451,694278697401,/epuck1/state,,,,7,4854,,,0.0,0.0,0.0
1785764608124465922,694280519511,cmd_vel,0.0,0.0,,,,,,,,
1785764608174533613,694330587202,cmd_vel,0.0,0.0,,,,,,,,
1785764608224977871,694381031353,cmd_vel,0.0,0.0,,,,,,,,
1785764608239723376,694395776432,/epuck_bridge/status,,,,,,True,5768,,,
1785764608242634596,694398688398,/epuck1/state,,,,7,4855,,,0.0,0.0,0.0
1785764608275308253,694431361735,cmd_vel,0.0,0.0,,,,,,,,
1785764608325602203,694481655259,cmd_vel,0.0,0.0,,,,,,,,
1785764608343617279,694499670548,/epuck1/state,,,,7,4856,,,0.0,0.0,0.0
1785764608375457910,694531512244,cmd_vel,0.0,0.0,,,,,,,,
1785764608425727360,694581780629,cmd_vel,0.0,0.0,,,,,,,,
1785764608462600443,694618653499,/epuck1/state,,,,7,4857,,,0.0,0.0,0.0
1785764608475002079,694631056094,cmd_vel,0.0,0.0,,,,,,,,
1785764608525291343,694681345997,cmd_vel,0.0,0.0,,,,,,,,
1785764608563913033,694719966303,/epuck1/state,,,,7,4858,,,0.0,0.0,0.0
1785764608574986942,694731040105,cmd_vel,0.0,0.0,,,,,,,,
1785764608625956900,694782009957,cmd_vel,0.0,0.0,,,,,,,,
1785764608664454703,694820507865,/epuck1/state,,,,7,4859,,,0.0,0.0,0.0
1785764608675064056,694831117432,cmd_vel,0.0,0.0,,,,,,,,
1785764608725026714,694881080196,cmd_vel,0.0,0.0,,,,,,,,
1785764608774626548,694930679604,cmd_vel,0.0,0.0,,,,,,,,
1785764608783126601,694939179657,/epuck1/state,,,,7,4860,,,0.0,0.0,0.0
1785764608826662182,694982715770,cmd_vel,0.0,0.0,,,,,,,,
1785764608875450402,695031503671,cmd_vel,0.0,0.0,,,,,,,,
1785764608882684299,695038737355,/epuck1/state,,,,7,4861,,,0.0,0.0,0.0
1785764608925930238,695081983614,cmd_vel,0.0,0.0,,,,,,,,
1785764608975377422,695131431650,cmd_vel,0.0,0.0,,,,,,,,
1785764609002512206,695158565156,/epuck1/state,,,,7,4862,,,0.0,0.0,0.0
1785764609025074513,695181127569,cmd_vel,0.0,0.0,,,,,,,,
1785764609075074348,695231127404,cmd_vel,0.0,0.0,,,,,,,,
1785764609122574255,695278628057,/epuck1/state,,,,7,4863,,,0.0,0.0,0.0
1785764609124470187,695280523136,cmd_vel,0.0,0.0,,,,,,,,
1785764609174674337,695330727925,cmd_vel,0.0,0.0,,,,,,,,
1785764609223113794,695379167489,/epuck1/state,,,,7,4864,,,0.0,0.0,0.0
1785764609224811269,695380864432,cmd_vel,0.0,0.0,,,,,,,,
1785764609240319280,695396372123,/epuck_bridge/status,,,,,,True,5777,,,
1785764609275028415,695431081685,cmd_vel,0.0,0.0,,,,,,,,
1785764609323515596,695479568546,/epuck1/state,,,,7,4865,,,0.0,0.0,0.0
1785764609325132219,695481185488,cmd_vel,0.0,0.0,,,,,,,,
1785764609376193256,695532246738,cmd_vel,0.0,0.0,,,,,,,,
1785764609424794311,695580847474,cmd_vel,0.0,0.0,,,,,,,,
1785764609442583341,695598636397,/epuck1/state,,,,7,4866,,,0.0,0.0,0.0
1785764609475563150,695631616206,cmd_vel,0.0,0.0,,,,,,,,
1785764609524790466,695680843948,cmd_vel,0.0,0.0,,,,,,,,
1785764609543339125,695699392288,/epuck1/state,,,,7,4867,,,0.0,0.0,0.0
1785764609575855764,695731908820,cmd_vel,0.0,0.0,,,,,,,,
1785764609626082710,695782135766,cmd_vel,0.0,0.0,,,,,,,,
1785764609644585138,695800639366,/epuck1/state,,,,7,4868,,,0.0,0.0,0.0
1785764609675313968,695831367130,cmd_vel,0.0,0.0,,,,,,,,
1785764609725286958,695881340228,cmd_vel,0.0,0.0,,,,,,,,
1785764609762598499,695918651342,/epuck1/state,,,,7,4869,,,0.0,0.0,0.0
1785764609775568978,695931622141,cmd_vel,0.0,0.0,,,,,,,,
1785764609825012646,695981066448,cmd_vel,0.0,0.0,,,,,,,,
1785764609862786505,696018839455,/epuck1/state,,,,7,4870,,,0.0,0.0,0.0
1785764609874909898,696030963380,cmd_vel,0.0,0.0,,,,,,,,
1785764609925287044,696081340101,cmd_vel,0.0,0.0,,,,,,,,
1785764609976362249,696132415625,cmd_vel,0.0,0.0,,,,,,,,
1785764609982419791,696138472847,/epuck1/state,,,,7,4871,,,0.0,0.0,0.0
1785764610025269671,696181322727,cmd_vel,0.0,0.0,,,,,,,,
1785764610075290598,696231344293,cmd_vel,0.0,0.0,,,,,,,,
1785764610082452910,696238505966,/epuck1/state,,,,7,4872,,,0.0,0.0,0.0
1785764610124893840,696280947110,cmd_vel,0.0,0.0,,,,,,,,
1785764610174815806,696330868862,cmd_vel,0.0,0.0,,,,,,,,
1785764610182845018,696338898074,/epuck1/state,,,,7,4873,,,0.0,0.0,0.0
1785764610225354337,696381407500,cmd_vel,0.0,0.0,,,,,,,,
1785764610239738403,696395791672,/epuck_bridge/status,,,,,,True,5786,,,
1785764610275051642,696431104698,cmd_vel,0.0,0.0,,,,,,,,
1785764610303018066,696459072507,/epuck1/state,,,,7,4874,,,0.0,0.0,0.0
1785764610325160452,696481213614,cmd_vel,0.0,0.0,,,,,,,,
1785764610375862499,696531915875,cmd_vel,0.0,0.0,,,,,,,,
1785764610422537797,696578591279,/epuck1/state,,,,7,4875,,,0.0,0.0,0.0
1785764610424320066,696580373655,cmd_vel,0.0,0.0,,,,,,,,
1785764610475663713,696631716770,cmd_vel,0.0,0.0,,,,,,,,
1785764610523397550,696679450712,/epuck1/state,,,,7,4876,,,0.0,0.0,0.0
1785764610524582107,696680635376,cmd_vel,0.0,0.0,,,,,,,,
1785764610575836274,696731889969,cmd_vel,0.0,0.0,,,,,,,,
1785764610624213947,696780267109,/epuck1/state,,,,7,4877,,,0.0,0.0,0.0
1785764610626118613,696782171776,cmd_vel,0.0,0.0,,,,,,,,
1785764610675208192,696831261781,cmd_vel,0.0,0.0,,,,,,,,
1785764610725222089,696881276530,cmd_vel,0.0,0.0,,,,,,,,
1785764610742472422,696898525478,/epuck1/state,,,,7,4878,,,0.0,0.0,0.0
1785764610776256601,696932310509,cmd_vel,0.0,0.0,,,,,,,,
1785764610825891694,696981945283,cmd_vel,0.0,0.0,,,,,,,,
1785764610843821337,696999874393,/epuck1/state,,,,7,4879,,,0.0,0.0,0.0
1785764610874636985,697030690787,cmd_vel,0.0,0.0,,,,,,,,
1785764610924890988,697080944258,cmd_vel,0.0,0.0,,,,,,,,
1785764610962724288,697118802591,/epuck1/state,,,,7,4880,,,0.0,0.0,0.0
1785764610975710853,697131764548,cmd_vel,0.0,0.0,,,,,,,,
1785764611025035639,697181088908,cmd_vel,0.0,0.0,,,,,,,,
1785764611064340261,697220393531,/epuck1/state,,,,7,4881,,,0.0,0.0,0.0
1785764611074808789,697230861952,cmd_vel,0.0,0.0,,,,,,,,
1785764611124652991,697280706580,cmd_vel,0.0,0.0,,,,,,,,
1785764611174660745,697330714253,cmd_vel,0.0,0.0,,,,,,,,
1785764611182984094,697339038360,/epuck1/state,,,,7,4882,,,0.0,0.0,0.0
1785764611224688155,697380741771,cmd_vel,0.0,0.0,,,,,,,,
1785764611239635862,697395688828,/epuck_bridge/status,,,,,,True,5795,,,
1785764611274475823,697430529005,cmd_vel,0.0,0.0,,,,,,,,
1785764611303926205,697459979496,/epuck1/state,,,,7,4883,,,0.0,0.0,0.0
1785764611325120406,697481174131,cmd_vel,0.0,0.0,,,,,,,,
1785764611376138739,697532191922,cmd_vel,0.0,0.0,,,,,,,,
1785764611422436236,697578489202,/epuck1/state,,,,7,4884,,,0.0,0.0,0.0
1785764611424588167,697580641675,cmd_vel,0.0,0.0,,,,,,,,
1785764611475830750,697631884150,cmd_vel,0.0,0.0,,,,,,,,
1785764611522829813,697678882779,/epuck1/state,,,,7,4885,,,0.0,0.0,0.0
1785764611524260895,697680314077,cmd_vel,0.0,0.0,,,,,,,,
1785764611575288328,697731341619,cmd_vel,0.0,0.0,,,,,,,,
1785764611624212905,697780266305,/epuck1/state,,,,7,4886,,,0.0,0.0,0.0
1785764611624949246,697781002104,cmd_vel,0.0,0.0,,,,,,,,
1785764611676212304,697832266028,cmd_vel,0.0,0.0,,,,,,,,
1785764611725411398,697881464905,cmd_vel,0.0,0.0,,,,,,,,
1785764611743168727,697899221910,/epuck1/state,,,,7,4887,,,0.0,0.0,0.0
1785764611776451723,697932505339,cmd_vel,0.0,0.0,,,,,,,,
1785764611825248900,697981301974,cmd_vel,0.0,0.0,,,,,,,,
1785764611862720274,698018773565,/epuck1/state,,,,7,4888,,,0.0,0.0,0.0
1785764611875847009,698031900841,cmd_vel,0.0,0.0,,,,,,,,
1785764611925779193,698081832376,cmd_vel,0.0,0.0,,,,,,,,
1785764611965028857,698121083123,/epuck1/state,,,,7,4889,,,0.0,0.0,0.0
1785764611974547121,698130600303,cmd_vel,0.0,0.0,,,,,,,,
1785764612025198204,698181251712,cmd_vel,0.0,0.0,,,,,,,,
1785764612075669022,698231722854,cmd_vel,0.0,0.0,,,,,,,,
1785764612082638314,698238741221,/epuck1/state,,,,7,4890,,,0.0,0.0,0.0
1785764612125487456,698281540964,cmd_vel,0.0,0.0,,,,,,,,
1785764612175598065,698331651681,cmd_vel,0.0,0.0,,,,,,,,
1785764612182557174,698338610357,/epuck1/state,,,,7,4891,,,0.0,0.0,0.0
1785764612225503925,698381557216,cmd_vel,0.0,0.0,,,,,,,,
1785764612240087092,698396140274,/epuck_bridge/status,,,,,,True,5803,,,
1785764612275266351,698431320076,cmd_vel,0.0,0.0,,,,,,,,
1785764612283150842,698439204567,/epuck1/state,,,,7,4892,,,0.0,0.0,0.0
1785764612325820043,698481873334,cmd_vel,0.0,0.0,,,,,,,,
1785764612375782669,698531836069,cmd_vel,0.0,0.0,,,,,,,,
1785764612404127187,698560180261,/epuck1/state,,,,7,4893,,,0.0,0.0,0.0
1785764612425867170,698581920353,cmd_vel,0.0,0.0,,,,,,,,
1785764612475436547,698631490271,cmd_vel,0.0,0.0,,,,,,,,
1785764612523200767,698679253842,/epuck1/state,,,,7,4894,,,0.0,0.0,0.0
1785764612524768024,698680821098,cmd_vel,0.0,0.0,,,,,,,,
1785764612575998148,698732051223,cmd_vel,0.0,0.0,,,,,,,,
1785764612624166127,698780219418,/epuck1/state,,,,7,4895,,,0.0,0.0,0.0
1785764612625464500,698781517899,cmd_vel,0.0,0.0,,,,,,,,
1785764612676037042,698832090117,cmd_vel,0.0,0.0,,,,,,,,
1785764612724713320,698880766936,cmd_vel,0.0,0.0,,,,,,,,
1785764612742725991,698898779390,/epuck1/state,,,,7,4896,,,0.0,0.0,0.0
1785764612775431137,698931485294,cmd_vel,0.0,0.0,,,,,,,,
1785764612825490179,698981543795,cmd_vel,0.0,0.0,,,,,,,,
1785764612863358486,699019411885,/epuck1/state,,,,7,4897,,,0.0,0.0,0.0
1785764612875106356,699031159755,cmd_vel,0.0,0.0,,,,,,,,
1785764612925258890,699081312181,cmd_vel,0.0,0.0,,,,,,,,
1785764612975180133,699131233532,cmd_vel,0.0,0.0,,,,,,,,
1785764612983070149,699139123223,/epuck1/state,,,,7,4898,,,0.0,0.0,0.0
1785764613025835658,699181889383,cmd_vel,0.0,0.0,,,,,,,,
1785764613074876694,699230930310,cmd_vel,0.0,0.0,,,,,,,,
1785764613103744569,699259797643,/epuck1/state,,,,7,4899,,,0.0,0.0,0.0
1785764613124869545,699280922727,cmd_vel,0.0,0.0,,,,,,,,
1785764613175997728,699332052319,cmd_vel,0.0,0.0,,,,,,,,
1785764613203987346,699360040420,/epuck1/state,,,,7,4900,,,0.0,0.0,0.0
1785764613225103763,699381157271,cmd_vel,0.0,0.0,,,,,,,,
1785764613239927213,699395980071,/epuck_bridge/status,,,,,,True,5811,,,
1785764613275172881,699431226172,cmd_vel,0.0,0.0,,,,,,,,
1785764613322740693,699478793984,/epuck1/state,,,,7,4901,,,0.0,0.0,0.0
1785764613324357566,699480410966,cmd_vel,0.0,0.0,,,,,,,,
1785764613375543599,699531596782,cmd_vel,0.0,0.0,,,,,,,,
1785764613423997577,699580051085,/epuck1/state,,,,7,4902,,,0.0,0.0,0.0
1785764613425242976,699581296808,cmd_vel,0.0,0.0,,,,,,,,
1785764613475212969,699631266476,cmd_vel,0.0,0.0,,,,,,,,
1785764613525013095,699681066819,cmd_vel,0.0,0.0,,,,,,,,
1785764613542867491,699698920782,/epuck1/state,,,,7,4903,,,0.0,0.0,0.0
1785764613575723220,699731777486,cmd_vel,0.0,0.0,,,,,,,,
1785764613626985411,699783038919,cmd_vel,0.0,0.0,,,,,,,,
1785764613643323793,699799377625,/epuck1/state,,,,7,4904,,,0.0,0.0,0.0
1785764613676130988,699832184388,cmd_vel,0.0,0.0,,,,,,,,
1785764613727096238,699883149421,cmd_vel,0.0,0.0,,,,,,,,
1785764613742990237,699899043311,/epuck1/state,,,,7,4905,,,0.0,0.0,0.0
1785764613776157532,699932212015,cmd_vel,0.0,0.0,,,,,,,,
1785764613824895885,699980949176,cmd_vel,0.0,0.0,,,,,,,,
1785764613862883141,700018936107,/epuck1/state,,,,7,4906,,,0.0,0.0,0.0
1785764613874836736,700030890135,cmd_vel,0.0,0.0,,,,,,,,
1785764613925087637,700081141578,cmd_vel,0.0,0.0,,,,,,,,
1785764613964039709,700120092675,/epuck1/state,,,,7,4907,,,0.0,0.0,0.0
1785764613975592795,700131646628,cmd_vel,0.0,0.0,,,,,,,,
1785764614025031847,700181085571,cmd_vel,0.0,0.0,,,,,,,,
1785764614064551044,700220604660,/epuck1/state,,,,7,4908,,,0.0,0.0,0.0
1785764614076448305,700232501921,cmd_vel,0.0,0.0,,,,,,,,
1785764614125467890,700281520965,cmd_vel,0.0,0.0,,,,,,,,
1785764614174665142,700330718758,cmd_vel,0.0,0.0,,,,,,,,
1785764614183162258,700339215874,/epuck1/state,,,,7,4909,,,0.0,0.0,0.0
1785764614224884843,700380938134,cmd_vel,0.0,0.0,,,,,,,,
1785764614239851293,700395904367,/epuck_bridge/status,,,,,,True,5820,,,
1785764614275480027,700431533210,cmd_vel,0.0,0.0,,,,,,,,
1785764614283530159,700439583450,/epuck1/state,,,,7,4910,,,0.0,0.0,0.0
1785764614325455978,700481509594,cmd_vel,0.0,0.0,,,,,,,,
1785764614375494437,700531548162,cmd_vel,0.0,0.0,,,,,,,,
1785764614403075314,700559129688,/epuck1/state,,,,7,4911,,,0.0,0.0,0.0
1785764614426798879,700582852928,cmd_vel,0.0,0.0,,,,,,,,
1785764614474655074,700630708581,cmd_vel,0.0,0.0,,,,,,,,
1785764614522753394,700678806685,/epuck1/state,,,,7,4912,,,0.0,0.0,0.0
1785764614524968266,700681021991,cmd_vel,0.0,0.0,,,,,,,,
1785764614575392283,700731445466,cmd_vel,0.0,0.0,,,,,,,,
1785764614624065961,700780119144,/epuck1/state,,,,7,4913,,,0.0,0.0,0.0
1785764614624496694,700780548902,cmd_vel,0.0,0.0,,,,,,,,
1785764614674974878,700831028602,cmd_vel,0.0,0.0,,,,,,,,
1785764614725244845,700881298786,/epuck1/state,,,,7,4914,,,0.0,0.0,0.0
1785764614725852161,700881905235,cmd_vel,0.0,0.0,,,,,,,,
1785764614774953213,700931006504,cmd_vel,0.0,0.0,,,,,,,,
1785764614825292947,700981346238,cmd_vel,0.0,0.0,,,,,,,,
1785764614843493360,700999546542,/epuck1/state,,,,7,4915,,,0.0,0.0,0.0
1785764614875306490,701031359998,cmd_vel,0.0,0.0,,,,,,,,
1785764614925611016,701081664307,cmd_vel,0.0,0.0,,,,,,,,
1785764614942704696,701098757662,/epuck1/state,,,,7,4916,,,0.0,0.0,0.0
1785764614974752368,701130805875,cmd_vel,0.0,0.0,,,,,,,,
1785764615025302376,701181355776,cmd_vel,0.0,0.0,,,,,,,,
1785764615043843497,701199896788,/epuck1/state,,,,7,4917,,,0.0,0.0,0.0
1785764615075613402,701231666802,cmd_vel,0.0,0.0,,,,,,,,
1785764615124894829,701280948553,cmd_vel,0.0,0.0,,,,,,,,
1785764615164020343,701320073309,/epuck1/state,,,,7,4918,,,0.0,0.0,0.0
1785764615175352321,701331406371,cmd_vel,0.0,0.0,,,,,,,,
1785764615225426964,701381480147,cmd_vel,0.0,0.0,,,,,,,,
1785764615240905938,701396959012,/epuck_bridge/status,,,,,,True,5829,,,
1785764615276442697,701432496205,cmd_vel,0.0,0.0,,,,,,,,
1785764615282975190,701439028589,/epuck1/state,,,,7,4919,,,0.0,0.0,0.0
1785764615325850874,701481904707,cmd_vel,0.0,0.0,,,,,,,,
1785764615374894401,701530947909,cmd_vel,0.0,0.0,,,,,,,,
1785764615382630259,701538683225,/epuck1/state,,,,7,4920,,,0.0,0.0,0.0
1785764615424963410,701581016810,cmd_vel,0.0,0.0,,,,,,,,
1785764615475334019,701631387419,cmd_vel,0.0,0.0,,,,,,,,
1785764615483097935,701639151226,/epuck1/state,,,,7,4921,,,0.0,0.0,0.0
1785764615524889854,701680943037,cmd_vel,0.0,0.0,,,,,,,,
1785764615576618095,701732698686,cmd_vel,0.0,0.0,,,,,,,,
1785764615604507071,701760561012,/epuck1/state,,,,7,4922,,,0.0,0.0,0.0
1785764615626585596,701782639212,cmd_vel,0.0,0.0,,,,,,,,
1785764615675640932,701831693898,cmd_vel,0.0,0.0,,,,,,,,
1785764615724200534,701880253934,/epuck1/state,,,,7,4923,,,0.0,0.0,0.0
1785764615726525473,701882578873,cmd_vel,0.0,0.0,,,,,,,,
1785764615776496983,701932550707,cmd_vel,0.0,0.0,,,,,,,,
1785764615825041960,701981095468,cmd_vel,0.0,0.0,,,,,,,,
1785764615842641990,701998695498,/epuck1/state,,,,7,4924,,,0.0,0.0,0.0
1785764615875131770,702031185602,cmd_vel,0.0,0.0,,,,,,,,
1785764615925874937,702081928444,cmd_vel,0.0,0.0,,,,,,,,
1785764615942827676,702098881183,/epuck1/state,,,,7,4925,,,0.0,0.0,0.0
1785764615975803871,702131858570,cmd_vel,0.0,0.0,,,,,,,,
1785764616026130605,702182183788,cmd_vel,0.0,0.0,,,,,,,,
1785764616044284326,702200338809,/epuck1/state,,,,7,4926,,,0.0,0.0,0.0
1785764616075605082,702231658806,cmd_vel,0.0,0.0,,,,,,,,
1785764616125283333,702281337166,cmd_vel,0.0,0.0,,,,,,,,
1785764616163108523,702319162031,/epuck1/state,,,,7,4927,,,0.0,0.0,0.0
1785764616174794535,702330847826,cmd_vel,0.0,0.0,,,,,,,,
1785764616224591086,702380644702,cmd_vel,0.0,0.0,,,,,,,,
1785764616239938110,702395991293,/epuck_bridge/status,,,,,,True,5837,,,
1785764616263521925,702419574999,/epuck1/state,,,,7,4928,,,0.0,0.0,0.0
1785764616274915654,702430968620,cmd_vel,0.0,0.0,,,,,,,,
1785764616325559262,702481612878,cmd_vel,0.0,0.0,,,,,,,,
1785764616374958014,702531011522,cmd_vel,0.0,0.0,,,,,,,,
1785764616383233479,702539287095,/epuck1/state,,,,7,4929,,,0.0,0.0,0.0
1785764616427811078,702583865128,cmd_vel,0.0,0.0,,,,,,,,
1785764616474922916,702630976099,cmd_vel,0.0,0.0,,,,,,,,
1785764616502693376,702658746992,/epuck1/state,,,,7,4930,,,0.0,0.0,0.0
1785764616525518642,702681572258,cmd_vel,0.0,0.0,,,,,,,,
1785764616576452042,702732505874,cmd_vel,0.0,0.0,,,,,,,,
1785764616602797161,702758850561,/epuck1/state,,,,7,4931,,,0.0,0.0,0.0
1785764616627252517,702783305808,cmd_vel,0.0,0.0,,,,,,,,
1785764616675184978,702831238486,cmd_vel,0.0,0.0,,,,,,,,
1785764616703222696,702859275662,/epuck1/state,,,,7,4932,,,0.0,0.0,0.0
1785764616724653605,702880706788,cmd_vel,0.0,0.0,,,,,,,,
1785764616774567265,702930620447,cmd_vel,0.0,0.0,,,,,,,,
1785764616822669485,702978722559,/epuck1/state,,,,7,4933,,,0.0,0.0,0.0
1785764616824776240,702980829531,cmd_vel,0.0,0.0,,,,,,,,
1785764616874679392,703030732791,cmd_vel,0.0,0.0,,,,,,,,
1785764616923349711,703079402894,/epuck1/state,,,,7,4934,,,0.0,0.0,0.0
1785764616924360568,703080413642,cmd_vel,0.0,0.0,,,,,,,,
1785764616974685027,703130738643,cmd_vel,0.0,0.0,,,,,,,,
1785764617025616585,703181670526,cmd_vel,0.0,0.0,,,,,,,,
1785764617043064949,703199118240,/epuck1/state,,,,7,4935,,,0.0,0.0,0.0
1785764617074532063,703230585137,cmd_vel,0.0,0.0,,,,,,,,
1785764617126691686,703282745086,cmd_vel,0.0,0.0,,,,,,,,
1785764617143554942,703299607800,/epuck1/state,,,,7,4936,,,0.0,0.0,0.0
1785764617176997079,703333050153,cmd_vel,0.0,0.0,,,,,,,,
1785764617225452790,703381505864,cmd_vel,0.0,0.0,,,,,,,,
1785764617239858182,703395911256,/epuck_bridge/status,,,,,,True,5845,,,
1785764617262840964,703418893713,/epuck1/state,,,,7,4937,,,0.0,0.0,0.0
1785764617275771832,703431825990,cmd_vel,0.0,0.0,,,,,,,,
1785764617326305158,703482358774,cmd_vel,0.0,0.0,,,,,,,,
1785764617363406032,703519459648,/epuck1/state,,,,7,4938,,,0.0,0.0,0.0
1785764617376034759,703532088267,cmd_vel,0.0,0.0,,,,,,,,
1785764617425053911,703581107744,cmd_vel,0.0,0.0,,,,,,,,
1785764617475249345,703631302636,cmd_vel,0.0,0.0,,,,,,,,
1785764617482991812,703639045428,/epuck1/state,,,,7,4939,,,0.0,0.0,0.0
1785764617525111872,703681165271,cmd_vel,0.0,0.0,,,,,,,,
1785764617575473706,703731527430,cmd_vel,0.0,0.0,,,,,,,,
1785764617583285072,703739338254,/epuck1/state,,,,7,4940,,,0.0,0.0,0.0
1785764617624784599,703780837998,cmd_vel,0.0,0.0,,,,,,,,
1785764617674564684,703830618408,cmd_vel,0.0,0.0,,,,,,,,
1785764617702553002,703858606401,/epuck1/state,,,,7,4941,,,0.0,0.0,0.0
1785764617725089559,703881143392,cmd_vel,0.0,0.0,,,,,,,,
1785764617775155427,703931208501,cmd_vel,0.0,0.0,,,,,,,,
1785764617803272120,703959325844,/epuck1/state,,,,7,4942,,,0.0,0.0,0.0
1785764617824874303,703980927378,cmd_vel,0.0,0.0,,,,,,,,
1785764617876174520,704032227702,cmd_vel,0.0,0.0,,,,,,,,
1785764617923729657,704079783381,/epuck1/state,,,,7,4943,,,0.0,0.0,0.0
1785764617924568589,704080621122,cmd_vel,0.0,0.0,,,,,,,,
1785764617974848857,704130901848,cmd_vel,0.0,0.0,,,,,,,,
1785764618024713099,704180766490,cmd_vel,0.0,0.0,,,,,,,,
1785764618042517879,704198570770,/epuck1/state,,,,7,4944,,,0.0,0.0,0.0
1785764618074426542,704230479733,cmd_vel,0.0,0.0,,,,,,,,
1785764618124390985,704280443976,cmd_vel,0.0,0.0,,,,,,,,
1785764618163522540,704319575431,/epuck1/state,,,,7,4945,,,0.0,0.0,0.0
1785764618174444028,704330497219,cmd_vel,0.0,0.0,,,,,,,,
1785764618224548070,704380601261,cmd_vel,0.0,0.0,,,,,,,,
1785764618239623553,704395676344,/epuck_bridge/status,,,,,,True,5854,,,
1785764618274366913,704430420004,cmd_vel,0.0,0.0,,,,,,,,
1785764618282362104,704438414995,/epuck1/state,,,,7,4946,,,0.0,0.0,0.0
1785764618324447956,704480501647,cmd_vel,0.0,0.0,,,,,,,,
1785764618374775198,704530829089,cmd_vel,0.0,0.0,,,,,,,,
1785764618383191089,704539243980,/epuck1/state,,,,7,4947,,,0.0,0.0,0.0
1785764618424470041,704580523032,cmd_vel,0.0,0.0,,,,,,,,
1785764618475118883,704631171474,cmd_vel,0.0,0.0,,,,,,,,
1785764618503169451,704659222442,/epuck1/state,,,,7,4948,,,0.0,0.0,0.0
1785764618524427327,704680480518,cmd_vel,0.0,0.0,,,,,,,,
1785764618574711469,704730764560,cmd_vel,0.0,0.0,,,,,,,,
1785764618602681537,704758734428,/epuck1/state,,,,7,4949,,,0.0,0.0,0.0
1785764618624654012,704780707303,cmd_vel,0.0,0.0,,,,,,,,
1785764618674509655,704830563146,cmd_vel,0.0,0.0,,,,,,,,
1785764618722399000,704878452191,/epuck1/state,,,,7,4950,,,0.0,0.0,0.0
1785764618724604097,704880657488,cmd_vel,0.0,0.0,,,,,,,,
1785764618774665840,704930718931,cmd_vel,0.0,0.0,,,,,,,,
1785764618823007885,704979060676,/epuck1/state,,,,7,4951,,,0.0,0.0,0.0
1785764618825161282,704981215173,cmd_vel,0.0,0.0,,,,,,,,
1785764618874554026,705030607617,cmd_vel,0.0,0.0,,,,,,,,
1785764618922496271,705078549462,/epuck1/state,,,,7,4952,,,0.0,0.0,0.0
1785764618924289469,705080342460,cmd_vel,0.0,0.0,,,,,,,,
1785764618974844911,705130898302,cmd_vel,0.0,0.0,,,,,,,,
1785764619022994155,705179047246,/epuck1/state,,,,7,4953,,,0.0,0.0,0.0
1785764619024723654,705180776845,cmd_vel,0.0,0.0,,,,,,,,
1785764619074471797,705230525388,cmd_vel,0.0,0.0,,,,,,,,
1785764619125188438,705281241529,cmd_vel,0.0,0.0,,,,,,,,
1785764619142566918,705298632909,/epuck1/state,,,,7,4954,,,0.0,0.0,0.0
1785764619175718747,705331772147,cmd_vel,0.0,0.0,,,,,,,,
1785764619226348923,705382402864,cmd_vel,0.0,0.0,,,,,,,,
1785764619240578381,705396631239,/epuck_bridge/status,,,,,,True,5863,,,
1785764619242640504,705398693578,/epuck1/state,,,,7,4955,,,0.0,0.0,0.0
1785764619276440573,705432493756,cmd_vel,0.0,0.0,,,,,,,,
1785764619325724167,705481777350,cmd_vel,0.0,0.0,,,,,,,,
1785764619343003747,705499057147,/epuck1/state,,,,7,4956,,,0.0,0.0,0.0
1785764619375229194,705531283243,cmd_vel,0.0,0.0,,,,,,,,
1785764619425292570,705581346619,cmd_vel,0.0,0.0,,,,,,,,
1785764619443182607,705599235573,/epuck1/state,,,,7,4957,,,0.0,0.0,0.0
1785764619476416636,705632470144,cmd_vel,0.0,0.0,,,,,,,,
1785764619525845721,705681899012,cmd_vel,0.0,0.0,,,,,,,,
1785764619543677476,705699731200,/epuck1/state,,,,7,4958,,,0.0,0.0,0.0
1785764619575379889,705731433505,cmd_vel,0.0,0.0,,,,,,,,
1785764619625100932,705781154657,cmd_vel,0.0,0.0,,,,,,,,
1785764619664215504,705820268795,/epuck1/state,,,,7,4959,,,0.0,0.0,0.0
1785764619674940167,705830993458,cmd_vel,0.0,0.0,,,,,,,,
1785764619725709009,705881762192,cmd_vel,0.0,0.0,,,,,,,,
1785764619776767642,705932820825,cmd_vel,0.0,0.0,,,,,,,,
1785764619782790752,705938843826,/epuck1/state,,,,7,4960,,,0.0,0.0,0.0
1785764619825817019,705981870202,cmd_vel,0.0,0.0,,,,,,,,
1785764619874887955,706030941787,cmd_vel,0.0,0.0,,,,,,,,
1785764619883071120,706039124195,/epuck1/state,,,,7,4961,,,0.0,0.0,0.0
1785764619925566122,706081619304,cmd_vel,0.0,0.0,,,,,,,,
1785764619976231397,706132284580,cmd_vel,0.0,0.0,,,,,,,,
1785764620003548482,706159601773,/epuck1/state,,,,7,4962,,,0.0,0.0,0.0
1785764620024712458,706180765641,cmd_vel,0.0,0.0,,,,,,,,
1785764620074803784,706230857508,cmd_vel,0.0,0.0,,,,,,,,
1785764620125454326,706281507617,/epuck1/state,,,,7,4963,,,0.0,0.0,0.0
1785764620125769576,706281821783,cmd_vel,0.0,0.0,,,,,,,,
1785764620175889068,706331942793,cmd_vel,0.0,0.0,,,,,,,,
1785764620223855763,706379908621,/epuck1/state,,,,7,4964,,,0.0,0.0,0.0
1785764620224252805,706380305337,cmd_vel,0.0,0.0,,,,,,,,
1785764620239695054,706395747911,/epuck_bridge/status,,,,,,True,5872,,,
1785764620276024595,706432078536,cmd_vel,0.0,0.0,,,,,,,,
1785764620323916324,706479969831,/epuck1/state,,,,7,4965,,,0.0,0.0,0.0
1785764620324416282,706480468923,cmd_vel,0.0,0.0,,,,,,,,
1785764620374578024,706530631532,cmd_vel,0.0,0.0,,,,,,,,
1785764620424922633,706580975816,cmd_vel,0.0,0.0,,,,,,,,
1785764620442544438,706598597512,/epuck1/state,,,,7,4966,,,0.0,0.0,0.0
1785764620475329209,706631382716,cmd_vel,0.0,0.0,,,,,,,,
1785764620526012901,706682066083,cmd_vel,0.0,0.0,,,,,,,,
1785764620564387123,706720440306,/epuck1/state,,,,7,4967,,,0.0,0.0,0.0
1785764620574582903,706730636086,cmd_vel,0.0,0.0,,,,,,,,
1785764620625383162,706781436344,cmd_vel,0.0,0.0,,,,,,,,
1785764620675902946,706831956020,cmd_vel,0.0,0.0,,,,,,,,
1785764620682450388,706838503787,/epuck1/state,,,,7,4968,,,0.0,0.0,0.0
1785764620725410139,706881463755,cmd_vel,0.0,0.0,,,,,,,,
1785764620775121649,706931174831,cmd_vel,0.0,0.0,,,,,,,,
1785764620783629164,706939682130,/epuck1/state,,,,7,4969,,,0.0,0.0,0.0
1785764620826689990,706982743064,cmd_vel,0.0,0.0,,,,,,,,
1785764620875237026,707031290317,cmd_vel,0.0,0.0,,,,,,,,
1785764620903968834,707060022559,/epuck1/state,,,,7,4970,,,0.0,0.0,0.0
1785764620925811951,707081865892,cmd_vel,0.0,0.0,,,,,,,,
1785764620975364536,707131417827,cmd_vel,0.0,0.0,,,,,,,,
1785764621004476269,707160529777,/epuck1/state,,,,7,4971,,,0.0,0.0,0.0
1785764621025145921,707181199537,cmd_vel,0.0,0.0,,,,,,,,
1785764621075600921,707231654754,cmd_vel,0.0,0.0,,,,,,,,
1785764621124431249,707280484215,/epuck1/state,,,,7,4972,,,0.0,0.0,0.0
1785764621125136064,707281189680,cmd_vel,0.0,0.0,,,,,,,,
1785764621175598973,707331652373,cmd_vel,0.0,0.0,,,,,,,,
1785764621225854966,707381908148,cmd_vel,0.0,0.0,,,,,,,,
1785764621240194383,707396247457,/epuck_bridge/status,,,,,,True,5881,,,
1785764621244513194,707400566485,/epuck1/state,,,,7,4973,,,0.0,0.0,0.0
1785764621274568835,707430622126,cmd_vel,0.0,0.0,,,,,,,,
1785764621326261001,707482314075,cmd_vel,0.0,0.0,,,,,,,,
1785764621362624234,707518677200,/epuck1/state,,,,7,4974,,,0.0,0.0,0.0
1785764621375519678,707531573185,cmd_vel,0.0,0.0,,,,,,,,
1785764621424909438,707580962620,cmd_vel,0.0,0.0,,,,,,,,
1785764621462897344,707618950744,/epuck1/state,,,,7,4975,,,0.0,0.0,0.0
1785764621475320022,707631373421,cmd_vel,0.0,0.0,,,,,,,,
1785764621524859823,707680913548,cmd_vel,0.0,0.0,,,,,,,,
1785764621575273874,707731327490,cmd_vel,0.0,0.0,,,,,,,,
1785764621583333106,707739386397,/epuck1/state,,,,7,4976,,,0.0,0.0,0.0
1785764621624997192,707781051241,cmd_vel,0.0,0.0,,,,,,,,
1785764621676038492,707832092433,cmd_vel,0.0,0.0,,,,,,,,
1785764621702549145,707858602219,/epuck1/state,,,,7,4977,,,0.0,0.0,0.0
1785764621725560202,707881613384,cmd_vel,0.0,0.0,,,,,,,,
1785764621776604752,707932659018,cmd_vel,0.0,0.0,,,,,,,,
1785764621805243394,707961297118,/epuck1/state,,,,7,4978,,,0.0,0.0,0.0
1785764621824907605,707980961004,cmd_vel,0.0,0.0,,,,,,,,
1785764621874883231,708030936305,cmd_vel,0.0,0.0,,,,,,,,
1785764621903309215,708059363047,/epuck1/state,,,,7,4979,,,0.0,0.0,0.0
1785764621925923664,708081976847,cmd_vel,0.0,0.0,,,,,,,,
1785764621976605839,708132660105,cmd_vel,0.0,0.0,,,,,,,,
1785764622023018928,708179071894,/epuck1/state,,,,7,4980,,,0.0,0.0,0.0
1785764622024410684,708180464409,cmd_vel,0.0,0.0,,,,,,,,
1785764622075167068,708231221226,cmd_vel,0.0,0.0,,,,,,,,
1785764622122926305,708278979379,/epuck1/state,,,,7,4981,,,0.0,0.0,0.0
1785764622124462145,708280515327,cmd_vel,0.0,0.0,,,,,,,,
1785764622176236319,708332289610,cmd_vel,0.0,0.0,,,,,,,,
1785764622224488147,708380541546,/epuck1/state,,,,7,4982,,,0.0,0.0,0.0
1785764622225622937,708381676662,cmd_vel,0.0,0.0,,,,,,,,
1785764622241825902,708397878760,/epuck_bridge/status,,,,,,True,5889,,,
1785764622275867771,708431921279,cmd_vel,0.0,0.0,,,,,,,,
1785764622325975781,708482030480,cmd_vel,0.0,0.0,,,,,,,,
1785764622343297827,708499351118,/epuck1/state,,,,7,4983,,,0.0,0.0,0.0
1785764622374522275,708530575999,cmd_vel,0.0,0.0,,,,,,,,
1785764622424583593,708580637534,cmd_vel,0.0,0.0,,,,,,,,
1785764622463594598,708619647781,/epuck1/state,,,,7,4984,,,0.0,0.0,0.0
1785764622475180726,708631234017,cmd_vel,0.0,0.0,,,,,,,,
1785764622524621511,708680675777,cmd_vel,0.0,0.0,,,,,,,,
1785764622575865069,708731918252,cmd_vel,0.0,0.0,,,,,,,,
1785764622582574903,708738628411,/epuck1/state,,,,7,4985,,,0.0,0.0,0.0
1785764622624881838,708780935563,cmd_vel,0.0,0.0,,,,,,,,
1785764622675359047,708831413205,cmd_vel,0.0,0.0,,,,,,,,
1785764622682692664,708838745955,/epuck1/state,,,,7,4986,,,0.0,0.0,0.0
1785764622724774591,708880828098,cmd_vel,0.0,0.0,,,,,,,,
1785764622775181058,708931234241,cmd_vel,0.0,0.0,,,,,,,,
1785764622802968634,708959021817,/epuck1/state,,,,7,4987,,,0.0,0.0,0.0
1785764622824585768,708980639276,cmd_vel,0.0,0.0,,,,,,,,
1785764622875252668,709031306068,cmd_vel,0.0,0.0,,,,,,,,
1785764622924860503,709080913794,/epuck1/state,,,,7,4988,,,0.0,0.0,0.0
1785764622925493602,709081546893,cmd_vel,0.0,0.0,,,,,,,,
1785764622974658138,709130711537,cmd_vel,0.0,0.0,,,,,,,,
1785764623024778930,709180832438,cmd_vel,0.0,0.0,,,,,,,,
1785764623042814785,709198868184,/epuck1/state,,,,7,4989,,,0.0,0.0,0.0
1785764623076200805,709232254312,cmd_vel,0.0,0.0,,,,,,,,
1785764623126621247,709282674430,cmd_vel,0.0,0.0,,,,,,,,
1785764623143594461,709299648077,/epuck1/state,,,,7,4990,,,0.0,0.0,0.0
1785764623175131558,709331184957,cmd_vel,0.0,0.0,,,,,,,,
1785764623226435783,709382489074,cmd_vel,0.0,0.0,,,,,,,,
1785764623240252058,709396306108,/epuck_bridge/status,,,,,,True,5896,,,
1785764623262961624,709419014590,/epuck1/state,,,,7,4991,,,0.0,0.0,0.0
1785764623274629544,709430682727,cmd_vel,0.0,0.0,,,,,,,,
1785764623325330569,709481383644,cmd_vel,0.0,0.0,,,,,,,,
1785764623375640512,709531694128,cmd_vel,0.0,0.0,,,,,,,,
1785764623382857562,709538910961,/epuck1/state,,,,7,4992,,,0.0,0.0,0.0
1785764623425532721,709581586012,cmd_vel,0.0,0.0,,,,,,,,
1785764623476104722,709632158338,cmd_vel,0.0,0.0,,,,,,,,
1785764623503149674,709659202857,/epuck1/state,,,,7,4993,,,0.0,0.0,0.0
1785764623525946123,709681999847,cmd_vel,0.0,0.0,,,,,,,,
1785764623575476175,709731529682,cmd_vel,0.0,0.0,,,,,,,,
1785764623603449976,709759503267,/epuck1/state,,,,7,4994,,,0.0,0.0,0.0
1785764623625696850,709781750791,cmd_vel,0.0,0.0,,,,,,,,
1785764623674964952,709831018352,cmd_vel,0.0,0.0,,,,,,,,
1785764623723482847,709879535704,/epuck1/state,,,,7,4995,,,0.0,0.0,0.0
1785764623724200988,709880254062,cmd_vel,0.0,0.0,,,,,,,,
1785764623775068521,709931122245,cmd_vel,0.0,0.0,,,,,,,,
1785764623824149206,709980202172,/epuck1/state,,,,7,4996,,,0.0,0.0,0.0
1785764623825174364,709981227546,cmd_vel,0.0,0.0,,,,,,,,
1785764623874481574,710030534648,cmd_vel,0.0,0.0,,,,,,,,
1785764623926424423,710082477930,cmd_vel,0.0,0.0,,,,,,,,
1785764623942577771,710098630845,/epuck1/state,,,,7,4997,,,0.0,0.0,0.0
1785764623976802182,710132855798,cmd_vel,0.0,0.0,,,,,,,,
1785764624025305234,710181358850,cmd_vel,0.0,0.0,,,,,,,,
1785764624062663508,710218716258,/epuck1/state,,,,7,4998,,,0.0,0.0,0.0
1785764624075380310,710231433818,cmd_vel,0.0,0.0,,,,,,,,
1785764624125535770,710281589169,cmd_vel,0.0,0.0,,,,,,,,
1785764624174536505,710330589579,cmd_vel,0.0,0.0,,,,,,,,
1785764624182800487,710338853562,/epuck1/state,,,,7,4999,,,0.0,0.0,0.0
1785764624226027929,710382081870,cmd_vel,0.0,0.0,,,,,,,,
1785764624240377313,710396430712,/epuck_bridge/status,,,,,,True,5905,,,
1785764624276329205,710432382388,cmd_vel,0.0,0.0,,,,,,,,
1785764624283225914,710439278988,/epuck1/state,,,,7,5000,,,0.0,0.0,0.0
1785764624325137108,710481190399,cmd_vel,0.0,0.0,,,,,,,,
1785764624376927965,710532981798,cmd_vel,0.0,0.0,,,,,,,,
1785764624402638144,710558691543,/epuck1/state,,,,7,5001,,,0.0,0.0,0.0
1785764624425614751,710581667825,cmd_vel,0.0,0.0,,,,,,,,
1785764624476316751,710632369934,cmd_vel,0.0,0.0,,,,,,,,
1785764624505045635,710661098818,/epuck1/state,,,,7,5002,,,0.0,0.0,0.0
1785764624525523211,710681576286,cmd_vel,0.0,0.0,,,,,,,,
1785764624575485404,710731538803,cmd_vel,0.0,0.0,,,,,,,,
1785764624623198600,710779251457,/epuck1/state,,,,7,5003,,,0.0,0.0,0.0
1785764624624445190,710780499131,cmd_vel,0.0,0.0,,,,,,,,
1785764624675412823,710831465897,cmd_vel,0.0,0.0,,,,,,,,
1785764624725195508,710881248907,cmd_vel,0.0,0.0,,,,,,,,
1785764624742944171,710898997245,/epuck1/state,,,,7,5004,,,0.0,0.0,0.0
1785764624775421925,710931476408,cmd_vel,0.0,0.0,,,,,,,,
1785764624824867585,710980920985,cmd_vel,0.0,0.0,,,,,,,,
1785764624844077880,711000131171,/epuck1/state,,,,7,5005,,,0.0,0.0,0.0
1785764624874881561,711030934852,cmd_vel,0.0,0.0,,,,,,,,
1785764624924928471,711080981762,cmd_vel,0.0,0.0,,,,,,,,
1785764624963063494,711119117001,/epuck1/state,,,,7,5006,,,0.0,0.0,0.0
1785764624975760254,711131813545,cmd_vel,0.0,0.0,,,,,,,,
1785764625024835631,711180888814,cmd_vel,0.0,0.0,,,,,,,,
1785764625063879786,711219932752,/epuck1/state,,,,7,5007,,,0.0,0.0,0.0
1785764625076417080,711232471130,cmd_vel,0.0,0.0,,,,,,,,
1785764625125549224,711281602732,cmd_vel,0.0,0.0,,,,,,,,
1785764625164361221,711320414296,/epuck1/state,,,,7,5008,,,0.0,0.0,0.0
1785764625175312300,711331365483,cmd_vel,0.0,0.0,,,,,,,,
1785764625225626793,711381680626,cmd_vel,0.0,0.0,,,,,,,,
1785764625239650527,711395703276,/epuck_bridge/status,,,,,,True,5912,,,
1785764625275824069,711431877143,cmd_vel,0.0,0.0,,,,,,,,
1785764625282381153,711438434227,/epuck1/state,,,,7,5009,,,0.0,0.0,0.0
1785764625325305587,711481358661,cmd_vel,0.0,0.0,,,,,,,,
1785764625375588121,711531641845,cmd_vel,0.0,0.0,,,,,,,,
1785764625382545063,711538598246,/epuck1/state,,,,7,5010,,,0.0,0.0,0.0
1785764625426184496,711582237896,cmd_vel,0.0,0.0,,,,,,,,
1785764625475701440,711631754839,cmd_vel,0.0,0.0,,,,,,,,
1785764625483423648,711639476830,/epuck1/state,,,,7,5011,,,0.0,0.0,0.0
1785764625526099999,711682154048,cmd_vel,0.0,0.0,,,,,,,,
1785764625576374408,711732427915,cmd_vel,0.0,0.0,,,,,,,,
1785764625602789619,711758843019,/epuck1/state,,,,7,5012,,,0.0,0.0,0.0
1785764625626797667,711782850849,cmd_vel,0.0,0.0,,,,,,,,
1785764625675905219,711831958943,cmd_vel,0.0,0.0,,,,,,,,
1785764625703857245,711859910103,/epuck1/state,,,,7,5013,,,0.0,0.0,0.0
1785764625724312280,711880365371,cmd_vel,0.0,0.0,,,,,,,,
1785764625775836221,711931889612,cmd_vel,0.0,0.0,,,,,,,,
1785764625822325968,711978378759,/epuck1/state,,,,7,5014,,,0.0,0.0,0.0
1785764625824357865,711980411056,cmd_vel,0.0,0.0,,,,,,,,
1785764625874637108,712030690699,cmd_vel,0.0,0.0,,,,,,,,
1785764625924642150,712080695541,cmd_vel,0.0,0.0,,,,,,,,
1785764625943103829,712099157620,/epuck1/state,,,,7,5015,,,0.0,0.0,0.0
1785764625974517893,712130571584,cmd_vel,0.0,0.0,,,,,,,,
1785764626025020735,712181074126,cmd_vel,0.0,0.0,,,,,,,,
1785764626063197291,712219250082,/epuck1/state,,,,7,5016,,,0.0,0.0,0.0
1785764626075013378,712231066669,cmd_vel,0.0,0.0,,,,,,,,
1785764626124590221,712280643312,cmd_vel,0.0,0.0,,,,,,,,
1785764626162514277,712318567368,/epuck1/state,,,,7,5017,,,0.0,0.0,0.0
1785764626174728863,712330781854,cmd_vel,0.0,0.0,,,,,,,,
1785764626224774406,712380827697,cmd_vel,0.0,0.0,,,,,,,,
1785764626239618589,712395671580,/epuck_bridge/status,,,,,,True,5921,,,
1785764626262755263,712418808654,/epuck1/state,,,,7,5018,,,0.0,0.0,0.0
1785764626274325949,712430379540,cmd_vel,0.0,0.0,,,,,,,,
1785764626325293191,712481347082,cmd_vel,0.0,0.0,,,,,,,,
1785764626362644048,712518697339,/epuck1/state,,,,7,5019,,,0.0,0.0,0.0
1785764626375120934,712531174525,cmd_vel,0.0,0.0,,,,,,,,
1785764626424610777,712580663868,cmd_vel,0.0,0.0,,,,,,,,
1785764626474675520,712630729511,cmd_vel,0.0,0.0,,,,,,,,
1785764626482536511,712638589602,/epuck1/state,,,,7,5020,,,0.0,0.0,0.0
1785764626525549861,712681603052,cmd_vel,0.0,0.0,,,,,,,,
1785764626574826605,712730880096,cmd_vel,0.0,0.0,,,,,,,,
1785764626583013995,712739067486,/epuck1/state,,,,7,5021,,,0.0,0.0,0.0
1785764626624802447,712780856238,cmd_vel,0.0,0.0,,,,,,,,
1785764626676309988,712832363179,cmd_vel,0.0,0.0,,,,,,,,
1785764626703152058,712859205249,/epuck1/state,,,,7,5022,,,0.0,0.0,0.0
1785764626724471633,712880525024,cmd_vel,0.0,0.0,,,,,,,,
1785764626774504276,712930557267,cmd_vel,0.0,0.0,,,,,,,,
1785764626822685120,712978738411,/epuck1/state,,,,7,5023,,,0.0,0.0,0.0
1785764626824960018,712981013009,cmd_vel,0.0,0.0,,,,,,,,
1785764626874549961,713030603452,cmd_vel,0.0,0.0,,,,,,,,
1785764626922696106,713078749397,/epuck1/state,,,,7,5024,,,0.0,0.0,0.0
1785764626925773002,713081826393,cmd_vel,0.0,0.0,,,,,,,,
1785764626974467746,713130521037,cmd_vel,0.0,0.0,,,,,,,,
1785764627022697891,713178751182,/epuck1/state,,,,7,5025,,,0.0,0.0,0.0
1785764627024238689,713180292280,cmd_vel,0.0,0.0,,,,,,,,
1785764627075776630,713231830421,cmd_vel,0.0,0.0,,,,,,,,
1785764627122724676,713278777767,/epuck1/state,,,,7,5026,,,0.0,0.0,0.0
1785764627124344575,713280397866,cmd_vel,0.0,0.0,,,,,,,,
1785764627174634717,713330688008,cmd_vel,0.0,0.0,,,,,,,,
1785764627222507399,713378560904,/epuck1/state,,,,7,5027,,,0.0,0.0,0.0
1785764627224869505,713380923118,cmd_vel,0.0,0.0,,,,,,,,
1785764627239735773,713395788954,/epuck_bridge/status,,,,,,True,5930,,,
1785764627275130269,713431183558,cmd_vel,0.0,0.0,,,,,,,,
1785764627322952999,713479006180,/epuck1/state,,,,7,5028,,,0.0,0.0,0.0
1785764627324568153,713480621441,cmd_vel,0.0,0.0,,,,,,,,
1785764627375688465,713531741862,cmd_vel,0.0,0.0,,,,,,,,
1785764627423756609,713579809790,/epuck1/state,,,,7,5029,,,0.0,0.0,0.0
1785764627424495018,713580548415,cmd_vel,0.0,0.0,,,,,,,,
1785764627474690886,713630744283,cmd_vel,0.0,0.0,,,,,,,,
1785764627525452972,713681507018,cmd_vel,0.0,0.0,,,,,,,,
1785764627542734453,713698787418,/epuck1/state,,,,7,5030,,,0.0,0.0,0.0
1785764627575522077,713731575150,cmd_vel,0.0,0.0,,,,,,,,
1785764627626269670,713782322959,cmd_vel,0.0,0.0,,,,,,,,
1785764627663429013,713819482085,/epuck1/state,,,,7,5031,,,0.0,0.0,0.0
1785764627674876776,713830929957,cmd_vel,0.0,0.0,,,,,,,,
1785764627725067236,713881120309,cmd_vel,0.0,0.0,,,,,,,,
1785764627774761567,713930815072,cmd_vel,0.0,0.0,,,,,,,,
1785764627782815810,713938869099,/epuck1/state,,,,7,5032,,,0.0,0.0,0.0
1785764627825284511,713981337908,cmd_vel,0.0,0.0,,,,,,,,
1785764627875548628,714031602025,cmd_vel,0.0,0.0,,,,,,,,
1785764627882891827,714038945224,/epuck1/state,,,,7,5033,,,0.0,0.0,0.0
1785764627925308396,714081361901,cmd_vel,0.0,0.0,,,,,,,,
1785764627975906619,714131959800,cmd_vel,0.0,0.0,,,,,,,,
1785764628002855675,716198437377,/epuck1/state,,,,7,5034,,,0.0,0.0,0.0
1785764628024870995,716220453563,cmd_vel,0.0,0.0,,,,,,,,
1785764628076408264,716271990291,cmd_vel,0.0,0.0,,,,,,,,
1785764628102952135,716298534270,/epuck1/state,,,,7,5035,,,0.0,0.0,0.0
1785764628125841820,716321424172,cmd_vel,0.0,0.0,,,,,,,,
1785764628176140008,716371721927,cmd_vel,0.0,0.0,,,,,,,,
1785764628202590213,716398172456,/epuck1/state,,,,7,5036,,,0.0,0.0,0.0
1785764628225314846,716420896873,cmd_vel,0.0,0.0,,,,,,,,
1785764628240792543,716436374245,/epuck_bridge/status,,,,,,True,5956,,,
1785764628274836553,716470418688,cmd_vel,0.0,0.0,,,,,,,,
1785764628302652278,716498234305,/epuck1/state,,,,7,5037,,,0.0,0.0,0.0
1785764628326136086,716521718113,cmd_vel,0.0,0.0,,,,,,,,
1785764628376503713,716572086172,cmd_vel,0.0,0.0,,,,,,,,
1785764628424703272,716620284974,/epuck1/state,,,,7,5038,,,0.0,0.0,0.0
1785764628425009365,716620590526,cmd_vel,0.0,0.0,,,,,,,,
1785764628476077977,716671660003,cmd_vel,0.0,0.0,,,,,,,,
1785764628525902856,716721485748,cmd_vel,0.0,0.0,,,,,,,,
1785764628542748344,716738330804,/epuck1/state,,,,7,5039,,,0.0,0.0,0.0
1785764628578857345,716774439589,cmd_vel,0.0,0.0,,,,,,,,
1785764628625269452,716820853102,cmd_vel,0.0,0.0,,,,,,,,
1785764628642816791,716838399034,/epuck1/state,,,,7,5040,,,0.0,0.0,0.0
1785764628675642703,716871225055,cmd_vel,0.0,0.0,,,,,,,,
1785764628725762860,716921345535,cmd_vel,0.0,0.0,,,,,,,,
1785764628763372689,716958954391,/epuck1/state,,,,7,5041,,,0.0,0.0,0.0
1785764628775192198,716970774117,cmd_vel,0.0,0.0,,,,,,,,
1785764628824809519,717020391870,cmd_vel,0.0,0.0,,,,,,,,
1785764628875223113,717070805140,cmd_vel,0.0,0.0,,,,,,,,
1785764628882469617,717078051644,/epuck1/state,,,,7,5042,,,0.0,0.0,0.0
1785764628925306928,717120888846,cmd_vel,0.0,0.0,,,,,,,,
1785764628975758703,717171340838,cmd_vel,0.0,0.0,,,,,,,,
1785764628982831826,717178414286,/epuck1/state,,,,7,5043,,,0.0,0.0,0.0
1785764629025590180,717221172207,cmd_vel,0.0,0.0,,,,,,,,
1785764629075453240,717271035375,cmd_vel,0.0,0.0,,,,,,,,
1785764629082877992,717278459802,/epuck1/state,,,,7,5044,,,0.0,0.0,0.0
1785764629124704872,717320287007,cmd_vel,0.0,0.0,,,,,,,,
1785764629175905655,717371488223,cmd_vel,0.0,0.0,,,,,,,,
1785764629202662061,717398244196,/epuck1/state,,,,7,5045,,,0.0,0.0,0.0
1785764629224974063,717420555982,cmd_vel,0.0,0.0,,,,,,,,
1785764629240317101,717435898803,/epuck_bridge/status,,,,,,True,5964,,,
1785764629274954910,717470537261,cmd_vel,0.0,0.0,,,,,,,,
1785764629302853701,717498435404,/epuck1/state,,,,7,5046,,,0.0,0.0,0.0
1785764629325492996,717521075240,cmd_vel,0.0,0.0,,,,,,,,
1785764629375043366,717570625825,cmd_vel,0.0,0.0,,,,,,,,
1785764629423217616,717618799426,/epuck1/state,,,,7,5047,,,0.0,0.0,0.0
1785764629424417976,717619999786,cmd_vel,0.0,0.0,,,,,,,,
1785764629475520657,717671102792,cmd_vel,0.0,0.0,,,,,,,,
1785764629525415625,717720997651,cmd_vel,0.0,0.0,,,,,,,,
1785764629542701648,717738283567,/epuck1/state,,,,7,5048,,,0.0,0.0,0.0
1785764629574891905,717770473823,cmd_vel,0.0,0.0,,,,,,,,
1785764629625397543,717820979570,cmd_vel,0.0,0.0,,,,,,,,
1785764629662746275,717858328518,/epuck1/state,,,,7,5049,,,0.0,0.0,0.0
1785764629675177861,717870759888,cmd_vel,0.0,0.0,,,,,,,,
1785764629726150859,717921733210,cmd_vel,0.0,0.0,,,,,,,,
1785764629763357792,717958939603,/epuck1/state,,,,7,5050,,,0.0,0.0,0.0
1785764629775235492,717970817843,cmd_vel,0.0,0.0,,,,,,,,
1785764629826677904,718022259931,cmd_vel,0.0,0.0,,,,,,,,
1785764629874622206,718070204665,cmd_vel,0.0,0.0,,,,,,,,
1785764629882844529,718078427205,/epuck1/state,,,,7,5051,,,0.0,0.0,0.0
1785764629925847541,718121430758,cmd_vel,0.0,0.0,,,,,,,,
1785764629975896744,718171479745,cmd_vel,0.0,0.0,,,,,,,,
1785764629982715151,718178297178,/epuck1/state,,,,7,5052,,,0.0,0.0,0.0
1785764630024702216,718220284351,cmd_vel,0.0,0.0,,,,,,,,
1785764630076033332,718271615575,cmd_vel,0.0,0.0,,,,,,,,
1785764630102557734,718298139869,/epuck1/state,,,,7,5053,,,0.0,0.0,0.0
1785764630124581599,718320163518,cmd_vel,0.0,0.0,,,,,,,,
1785764630175620358,718371202277,cmd_vel,0.0,0.0,,,,,,,,
1785764630203427538,718399009457,/epuck1/state,,,,7,5054,,,0.0,0.0,0.0
1785764630224897840,718420480840,cmd_vel,0.0,0.0,,,,,,,,
1785764630239584022,718435165832,/epuck_bridge/status,,,,,,True,5972,,,
1785764630274917408,718470500300,cmd_vel,0.0,0.0,,,,,,,,
1785764630304494734,718500076869,/epuck1/state,,,,7,5055,,,0.0,0.0,0.0
1785764630325027289,718520609316,cmd_vel,0.0,0.0,,,,,,,,
1785764630375196009,718570778901,cmd_vel,0.0,0.0,,,,,,,,
1785764630424178430,718619760133,/epuck1/state,,,,7,5056,,,0.0,0.0,0.0
1785764630424786722,718620368316,cmd_vel,0.0,0.0,,,,,,,,
1785764630475854469,718671436387,cmd_vel,0.0,0.0,,,,,,,,
1785764630524687196,718720269223,cmd_vel,0.0,0.0,,,,,,,,
1785764630544410498,718739992416,/epuck1/state,,,,7,5057,,,0.0,0.0,0.0
1785764630575670470,718771252605,cmd_vel,0.0,0.0,,,,,,,,
1785764630626635680,718822217707,cmd_vel,0.0,0.0,,,,,,,,
1785764630662900540,718858482783,/epuck1/state,,,,7,5058,,,0.0,0.0,0.0
1785764630674868553,718870451337,cmd_vel,0.0,0.0,,,,,,,,
1785764630725688396,718921270531,cmd_vel,0.0,0.0,,,,,,,,
1785764630775784974,718971367001,cmd_vel,0.0,0.0,,,,,,,,
1785764630782716083,718978298326,/epuck1/state,,,,7,5059,,,0.0,0.0,0.0
1785764630826301861,719021883888,cmd_vel,0.0,0.0,,,,,,,,
1785764630876754177,719072336204,cmd_vel,0.0,0.0,,,,,,,,
1785764630883393687,719078975497,/epuck1/state,,,,7,5060,,,0.0,0.0,0.0
1785764630925784729,719121367081,cmd_vel,0.0,0.0,,,,,,,,
1785764630975604634,719171186660,cmd_vel,0.0,0.0,,,,,,,,
1785764631002796816,719198378843,/epuck1/state,,,,7,5061,,,0.0,0.0,0.0
1785764631025189290,719220771641,cmd_vel,0.0,0.0,,,,,,,,
1785764631075550859,719271133103,cmd_vel,0.0,0.0,,,,,,,,
1785764631123943484,719319525836,/epuck1/state,,,,7,5062,,,0.0,0.0,0.0
1785764631125339181,719320922289,cmd_vel,0.0,0.0,,,,,,,,
1785764631175359938,719370942290,cmd_vel,0.0,0.0,,,,,,,,
1785764631225656396,719421238422,cmd_vel,0.0,0.0,,,,,,,,
1785764631240536725,719436119184,/epuck_bridge/status,,,,,,True,5981,,,
1785764631242904996,719438486806,/epuck1/state,,,,7,5063,,,0.0,0.0,0.0
1785764631274805924,719470388600,cmd_vel,0.0,0.0,,,,,,,,
1785764631324996493,719520578411,cmd_vel,0.0,0.0,,,,,,,,
1785764631362485724,719558067751,/epuck1/state,,,,7,5064,,,0.0,0.0,0.0
1785764631375437884,719571020019,cmd_vel,0.0,0.0,,,,,,,,
1785764631424714934,719620297068,cmd_vel,0.0,0.0,,,,,,,,
1785764631464147475,719659729394,/epuck1/state,,,,7,5065,,,0.0,0.0,0.0
1785764631475257887,719670839914,cmd_vel,0.0,0.0,,,,,,,,
1785764631526386095,719721969095,cmd_vel,0.0,0.0,,,,,,,,
1785764631564657323,719760239458,/epuck1/state,,,,7,5066,,,0.0,0.0,0.0
1785764631575979080,719771561864,cmd_vel,0.0,0.0,,,,,,,,
1785764631625623873,719821206008,cmd_vel,0.0,0.0,,,,,,,,
1785764631664879357,719860462357,/epuck1/state,,,,7,5067,,,0.0,0.0,0.0
1785764631674428046,719870009857,cmd_vel,0.0,0.0,,,,,,,,
1785764631724538144,719920120171,cmd_vel,0.0,0.0,,,,,,,,
1785764631775087263,719970669506,cmd_vel,0.0,0.0,,,,,,,,
1785764631782874134,719978456269,/epuck1/state,,,,7,5068,,,0.0,0.0,0.0
1785764631826403885,720021985804,cmd_vel,0.0,0.0,,,,,,,,
1785764631875170311,720070752446,cmd_vel,0.0,0.0,,,,,,,,
1785764631882881254,720078463065,/epuck1/state,,,,7,5069,,,0.0,0.0,0.0
1785764631924586130,720120168265,cmd_vel,0.0,0.0,,,,,,,,
1785764631975921464,720171503490,cmd_vel,0.0,0.0,,,,,,,,
1785764631982996534,720178578236,/epuck1/state,,,,7,5070,,,0.0,0.0,0.0
1785764632025123991,720220706450,cmd_vel,0.0,0.0,,,,,,,,
1785764632075721998,720271304457,cmd_vel,0.0,0.0,,,,,,,,
1785764632082866183,720278448101,/epuck1/state,,,,7,5071,,,0.0,0.0,0.0
1785764632124932745,720320515421,cmd_vel,0.0,0.0,,,,,,,,
1785764632174887200,720370469443,cmd_vel,0.0,0.0,,,,,,,,
1785764632204247017,720399829801,/epuck1/state,,,,7,5072,,,0.0,0.0,0.0
1785764632225533014,720421115690,cmd_vel,0.0,0.0,,,,,,,,
1785764632241137042,720436718852,/epuck_bridge/status,,,,,,True,5990,,,
1785764632275387205,720470969448,cmd_vel,0.0,0.0,,,,,,,,
1785764632323160290,720518742100,/epuck1/state,,,,7,5073,,,0.0,0.0,0.0
1785764632324224909,720519806827,cmd_vel,0.0,0.0,,,,,,,,
1785764632374918421,720570501313,cmd_vel,0.0,0.0,,,,,,,,
1785764632426685855,720622268638,cmd_vel,0.0,0.0,,,,,,,,
1785764632442447363,720638028957,/epuck1/state,,,,7,5074,,,0.0,0.0,0.0
1785764632475135912,720670718696,cmd_vel,0.0,0.0,,,,,,,,
1785764632526099068,720721681419,cmd_vel,0.0,0.0,,,,,,,,
1785764632543287423,720738869558,/epuck1/state,,,,7,5075,,,0.0,0.0,0.0
1785764632575933682,720771516574,cmd_vel,0.0,0.0,,,,,,,,
1785764632625149945,720820732621,cmd_vel,0.0,0.0,,,,,,,,
1785764632642874558,720838456909,/epuck1/state,,,,7,5076,,,0.0,0.0,0.0
1785764632676836258,720872418393,cmd_vel,0.0,0.0,,,,,,,,
1785764632727028017,720922610043,cmd_vel,0.0,0.0,,,,,,,,
1785764632763473504,720959055639,/epuck1/state,,,,7,5077,,,0.0,0.0,0.0
1785764632775439137,720971021921,cmd_vel,0.0,0.0,,,,,,,,
1785764632825074088,721020656439,cmd_vel,0.0,0.0,,,,,,,,
1785764632862845184,721058426886,/epuck1/state,,,,7,5078,,,0.0,0.0,0.0
1785764632875279150,721070861284,cmd_vel,0.0,0.0,,,,,,,,
1785764632924947522,721120529765,cmd_vel,0.0,0.0,,,,,,,,
1785764632976045445,721171627471,cmd_vel,0.0,0.0,,,,,,,,
1785764632982774619,721178356321,/epuck1/state,,,,7,5079,,,0.0,0.0,0.0
1785764633026501870,721222083897,cmd_vel,0.0,0.0,,,,,,,,
1785764633074693426,721270275344,cmd_vel,0.0,0.0,,,,,,,,
1785764633102827033,721298408843,/epuck1/state,,,,7,5080,,,0.0,0.0,0.0
1785764633125999232,721321581583,cmd_vel,0.0,0.0,,,,,,,,
1785764633176759912,721372342372,cmd_vel,0.0,0.0,,,,,,,,
1785764633223209983,721418792010,/epuck1/state,,,,7,5081,,,0.0,0.0,0.0
1785764633224352153,721419934180,cmd_vel,0.0,0.0,,,,,,,,
1785764633240846013,721436427823,/epuck_bridge/status,,,,,,True,5998,,,
1785764633275467922,721471050273,cmd_vel,0.0,0.0,,,,,,,,
1785764633323985039,721519567174,/epuck1/state,,,,7,5082,,,0.0,0.0,0.0
1785764633324957181,721520540073,cmd_vel,0.0,0.0,,,,,,,,
1785764633375453410,721571035329,cmd_vel,0.0,0.0,,,,,,,,
1785764633425860190,721621442542,cmd_vel,0.0,0.0,,,,,,,,
1785764633442806700,721638388619,/epuck1/state,,,,7,5083,,,0.0,0.0,0.0
1785764633476248476,721671830502,cmd_vel,0.0,0.0,,,,,,,,
1785764633525810202,721721392769,cmd_vel,0.0,0.0,,,,,,,,
1785764633562927687,721758509714,/epuck1/state,,,,7,5084,,,0.0,0.0,0.0
1785764633576483489,721772065732,cmd_vel,0.0,0.0,,,,,,,,
1785764633624935061,721820517087,cmd_vel,0.0,0.0,,,,,,,,
1785764633675427828,721871010071,cmd_vel,0.0,0.0,,,,,,,,
1785764633682642966,721878224993,/epuck1/state,,,,7,5085,,,0.0,0.0,0.0
1785764633725160123,721920742150,cmd_vel,0.0,0.0,,,,,,,,
1785764633775610600,721971193059,cmd_vel,0.0,0.0,,,,,,,,
1785764633783493409,721979075328,/epuck1/state,,,,7,5086,,,0.0,0.0,0.0
1785764633827053445,722022635580,cmd_vel,0.0,0.0,,,,,,,,
1785764633874812358,722070394895,cmd_vel,0.0,0.0,,,,,,,,
1785764633903156326,722098738163,/epuck1/state,,,,7,5087,,,0.0,0.0,0.0
1785764633924598101,722120180138,cmd_vel,0.0,0.0,,,,,,,,
1785764633974322045,722169904282,cmd_vel,0.0,0.0,,,,,,,,
1785764634022729189,722218311026,/epuck1/state,,,,7,5088,,,0.0,0.0,0.0
1785764634024823787,722220406124,cmd_vel,0.0,0.0,,,,,,,,
1785764634075200329,722270782466,cmd_vel,0.0,0.0,,,,,,,,
1785764634124606572,722320188909,cmd_vel,0.0,0.0,,,,,,,,
1785764634142846151,722338428088,/epuck1/state,,,,7,5089,,,0.0,0.0,0.0
1785764634174615315,722370197452,cmd_vel,0.0,0.0,,,,,,,,
1785764634224330858,722419912795,cmd_vel,0.0,0.0,,,,,,,,
1785764634239592941,722435174878,/epuck_bridge/status,,,,,,True,6007,,,
1785764634262524714,722458106651,/epuck1/state,,,,7,5090,,,0.0,0.0,0.0
1785764634274575901,722470157738,cmd_vel,0.0,0.0,,,,,,,,
1785764634326235641,722521818178,cmd_vel,0.0,0.0,,,,,,,,
1785764634374888786,722570471423,cmd_vel,0.0,0.0,,,,,,,,
1785764634382498577,722578081114,/epuck1/state,,,,7,5091,,,0.0,0.0,0.0
1785764634424345829,722619927766,cmd_vel,0.0,0.0,,,,,,,,
1785764634474537472,722670119609,cmd_vel,0.0,0.0,,,,,,,,
1785764634502458240,722698040077,/epuck1/state,,,,7,5092,,,0.0,0.0,0.0
1785764634524597314,722720179751,cmd_vel,0.0,0.0,,,,,,,,
1785764634574575757,722770157894,cmd_vel,0.0,0.0,,,,,,,,
1785764634623246501,722818828538,/epuck1/state,,,,7,5093,,,0.0,0.0,0.0
1785764634624646700,722820228837,cmd_vel,0.0,0.0,,,,,,,,
1785764634674960142,722870541979,cmd_vel,0.0,0.0,,,,,,,,
1785764634724712485,722920294422,cmd_vel,0.0,0.0,,,,,,,,
1785764634743157464,722938740801,/epuck1/state,,,,7,5094,,,0.0,0.0,0.0
1785764634774952627,722970535164,cmd_vel,0.0,0.0,,,,,,,,
1785764634824295271,723019877208,cmd_vel,0.0,0.0,,,,,,,,
1785764634842970550,723038552987,/epuck1/state,,,,7,5095,,,0.0,0.0,0.0
1785764634874756413,723070338450,cmd_vel,0.0,0.0,,,,,,,,
1785764634924484356,723120066493,cmd_vel,0.0,0.0,,,,,,,,
1785764634962556713,723158139050,/epuck1/state,,,,7,5096,,,0.0,0.0,0.0
1785764634974359199,723169941136,cmd_vel,0.0,0.0,,,,,,,,
1785764635024600442,723220182879,cmd_vel,0.0,0.0,,,,,,,,
1785764635074610084,723270192121,cmd_vel,0.0,0.0,,,,,,,,
1785764635082398275,723277980112,/epuck1/state,,,,7,5097,,,0.0,0.0,0.0
1785764635124813227,723320395464,cmd_vel,0.0,0.0,,,,,,,,
1785764635174498470,723370081407,cmd_vel,0.0,0.0,,,,,,,,
1785764635182502061,723378084198,/epuck1/state,,,,7,5098,,,0.0,0.0,0.0
1785764635225232323,723420814427,cmd_vel,0.0,0.0,,,,,,,,
1785764635239871156,723435453048,/epuck_bridge/status,,,,,,True,6016,,,
1785764635275418973,723471001076,cmd_vel,0.0,0.0,,,,,,,,
1785764635282766297,723478348401,/epuck1/state,,,,7,5099,,,0.0,0.0,0.0
1785764635325218922,723520801025,cmd_vel,0.0,0.0,,,,,,,,
1785764635374450372,723570032370,cmd_vel,0.0,0.0,,,,,,,,
1785764635402761125,723598343123,/epuck1/state,,,,7,5100,,,0.0,0.0,0.0
1785764635424725652,723620307650,cmd_vel,0.0,0.0,,,,,,,,
1785764635474390018,723669972226,cmd_vel,0.0,0.0,,,,,,,,
1785764635503470797,723699052689,/epuck1/state,,,,7,5101,,,0.0,0.0,0.0
1785764635524880964,723720463595,cmd_vel,0.0,0.0,,,,,,,,
1785764635574481284,723770063493,cmd_vel,0.0,0.0,,,,,,,,
1785764635603494008,723799076217,/epuck1/state,,,,7,5102,,,0.0,0.0,0.0
1785764635624822509,723820405034,cmd_vel,0.0,0.0,,,,,,,,
1785764635675070672,723870654147,cmd_vel,0.0,0.0,,,,,,,,
1785764635722797944,723918380153,/epuck1/state,,,,7,5103,,,0.0,0.0,0.0
1785764635724294736,723919876734,cmd_vel,0.0,0.0,,,,,,,,
1785764635775204037,723970786563,cmd_vel,0.0,0.0,,,,,,,,
1785764635823568074,724019150388,/epuck1/state,,,,7,5104,,,0.0,0.0,0.0
1785764635824289776,724019871351,cmd_vel,0.0,0.0,,,,,,,,
1785764635875297519,724070879412,cmd_vel,0.0,0.0,,,,,,,,
1785764635923651005,724119233108,/epuck1/state,,,,7,5105,,,0.0,0.0,0.0
1785764635924628045,724120210043,cmd_vel,0.0,0.0,,,,,,,,
1785764635975444074,724171026388,cmd_vel,0.0,0.0,,,,,,,,
1785764636025585776,724221167773,cmd_vel,0.0,0.0,,,,,,,,
1785764636042656025,724238237917,/epuck1/state,,,,7,5106,,,0.0,0.0,0.0
1785764636074886125,724270468123,cmd_vel,0.0,0.0,,,,,,,,
1785764636124805830,724320388038,cmd_vel,0.0,0.0,,,,,,,,
1785764636143224733,724338806520,/epuck1/state,,,,7,5107,,,0.0,0.0,0.0
1785764636176040635,724371622844,cmd_vel,0.0,0.0,,,,,,,,
1785764636224567477,724420149580,cmd_vel,0.0,0.0,,,,,,,,
1785764636241175056,724436757054,/epuck_bridge/status,,,,,,True,6025,,,
1785764636242695906,724438277798,/epuck1/state,,,,7,5108,,,0.0,0.0,0.0
1785764636274440967,724470023070,cmd_vel,0.0,0.0,,,,,,,,
1785764636325381605,724520964342,cmd_vel,0.0,0.0,,,,,,,,
1785764636362750137,724558331818,/epuck1/state,,,,7,5109,,,0.0,0.0,0.0
1785764636375040695,724570622693,cmd_vel,0.0,0.0,,,,,,,,
1785764636425313865,724620896496,cmd_vel,0.0,0.0,,,,,,,,
1785764636464377446,724659960604,/epuck1/state,,,,7,5110,,,0.0,0.0,0.0
1785764636474509230,724670091333,cmd_vel,0.0,0.0,,,,,,,,
1785764636524480952,724720062950,cmd_vel,0.0,0.0,,,,,,,,
1785764636575302467,724770884254,cmd_vel,0.0,0.0,,,,,,,,
1785764636582602417,724778184836,/epuck1/state,,,,7,5111,,,0.0,0.0,0.0
1785764636624631411,724820213514,cmd_vel,0.0,0.0,,,,,,,,
1785764636675387719,724870970245,cmd_vel,0.0,0.0,,,,,,,,
1785764636702483186,724898064973,/epuck1/state,,,,7,5112,,,0.0,0.0,0.0
1785764636724526847,724920109055,cmd_vel,0.0,0.0,,,,,,,,
1785764636775383286,724970965917,cmd_vel,0.0,0.0,,,,,,,,
1785764636803356929,724998938927,/epuck1/state,,,,7,5113,,,0.0,0.0,0.0
1785764636824768045,725020350043,cmd_vel,0.0,0.0,,,,,,,,
1785764636875866424,725071449160,cmd_vel,0.0,0.0,,,,,,,,
1785764636923740885,725119322777,/epuck1/state,,,,7,5114,,,0.0,0.0,0.0
1785764636924174117,725119755165,cmd_vel,0.0,0.0,,,,,,,,
1785764636975521504,725171103607,cmd_vel,0.0,0.0,,,,,,,,
1785764637024766143,725220348563,cmd_vel,0.0,0.0,,,,,,,,
1785764637042731556,725238313237,/epuck1/state,,,,7,5115,,,0.0,0.0,0.0
1785764637075159807,725270741805,cmd_vel,0.0,0.0,,,,,,,,
1785764637124960811,725320542703,cmd_vel,0.0,0.0,,,,,,,,
1785764637162357725,725357939828,/epuck1/state,,,,7,5116,,,0.0,0.0,0.0
1785764637174876506,725370458293,cmd_vel,0.0,0.0,,,,,,,,
1785764637224709163,725420291161,cmd_vel,0.0,0.0,,,,,,,,
1785764637239643746,725435225321,/epuck_bridge/status,,,,,,True,6033,,,
1785764637264372791,725459954577,/epuck1/state,,,,7,5117,,,0.0,0.0,0.0
1785764637274527154,725470109152,cmd_vel,0.0,0.0,,,,,,,,
1785764637324361394,725519943709,cmd_vel,0.0,0.0,,,,,,,,
1785764637375312795,725570894581,cmd_vel,0.0,0.0,,,,,,,,
1785764637383579128,725579161020,/epuck1/state,,,,7,5118,,,0.0,0.0,0.0
1785764637425990814,725621572706,cmd_vel,0.0,0.0,,,,,,,,
1785764637475163494,725670745386,cmd_vel,0.0,0.0,,,,,,,,
1785764637483069609,725678651712,/epuck1/state,,,,7,5119,,,0.0,0.0,0.0
1785764637524973466,725720555464,cmd_vel,0.0,0.0,,,,,,,,
1785764637576145914,725771727912,cmd_vel,0.0,0.0,,,,,,,,
1785764637603796901,725799378899,/epuck1/state,,,,7,5120,,,0.0,0.0,0.0
1785764637625748977,725821330975,cmd_vel,0.0,0.0,,,,,,,,
1785764637675905240,725871487554,cmd_vel,0.0,0.0,,,,,,,,
1785764637724856556,725920438342,/epuck1/state,,,,7,5121,,,0.0,0.0,0.0
1785764637725148191,725920729239,cmd_vel,0.0,0.0,,,,,,,,
1785764637774464367,725970046259,cmd_vel,0.0,0.0,,,,,,,,
1785764637824722765,726020304657,/epuck1/state,,,,7,5122,,,0.0,0.0,0.0
1785764637825005220,726020586163,cmd_vel,0.0,0.0,,,,,,,,
1785764637876137890,726071720204,cmd_vel,0.0,0.0,,,,,,,,
1785764637924748086,726120329978,/epuck1/state,,,,7,5123,,,0.0,0.0,0.0
1785764637925139219,726120720478,cmd_vel,0.0,0.0,,,,,,,,
1785764637975186382,726170768907,cmd_vel,0.0,0.0,,,,,,,,
1785764638024847899,726220430635,cmd_vel,0.0,0.0,,,,,,,,
1785764638043360286,726238942178,/epuck1/state,,,,7,5124,,,0.0,0.0,0.0
1785764638074667156,726270249154,cmd_vel,0.0,0.0,,,,,,,,
1785764638126159622,726321742147,cmd_vel,0.0,0.0,,,,,,,,
1785764638162646812,726358228704,/epuck1/state,,,,7,5125,,,0.0,0.0,0.0
1785764638175606527,726371188947,cmd_vel,0.0,0.0,,,,,,,,
1785764638224718749,726420301274,cmd_vel,0.0,0.0,,,,,,,,
1785764638240107455,726435689241,/epuck_bridge/status,,,,,,True,6042,,,
1785764638275053432,726470635535,cmd_vel,0.0,0.0,,,,,,,,
1785764638282453723,726478035510,/epuck1/state,,,,7,5126,,,0.0,0.0,0.0
1785764638324534524,726520116627,cmd_vel,0.0,0.0,,,,,,,,
1785764638375350025,726570931811,cmd_vel,0.0,0.0,,,,,,,,
1785764638383081307,726578663621,/epuck1/state,,,,7,5127,,,0.0,0.0,0.0
1785764638424697749,726620279747,cmd_vel,0.0,0.0,,,,,,,,
1785764638475354560,726670936452,cmd_vel,0.0,0.0,,,,,,,,
1785764638503009873,726698591660,/epuck1/state,,,,7,5128,,,0.0,0.0,0.0
1785764638524799144,726720380931,cmd_vel,0.0,0.0,,,,,,,,
1785764638575467140,726771048926,cmd_vel,0.0,0.0,,,,,,,,
1785764638602860361,726798442570,/epuck1/state,,,,7,5129,,,0.0,0.0,0.0
1785764638626121946,726821703838,cmd_vel,0.0,0.0,,,,,,,,
1785764638675830627,726871412519,cmd_vel,0.0,0.0,,,,,,,,
1785764638703340650,726898922542,/epuck1/state,,,,7,5130,,,0.0,0.0,0.0
1785764638726634416,726922216413,cmd_vel,0.0,0.0,,,,,,,,
1785764638775738830,726971321460,cmd_vel,0.0,0.0,,,,,,,,
1785764638803119390,726998701176,/epuck1/state,,,,7,5131,,,0.0,0.0,0.0
1785764638824680966,727020262858,cmd_vel,0.0,0.0,,,,,,,,
1785764638875948691,727071531428,cmd_vel,0.0,0.0,,,,,,,,
1785764638923349720,727118931613,/epuck1/state,,,,7,5132,,,0.0,0.0,0.0
1785764638924145175,727119726856,cmd_vel,0.0,0.0,,,,,,,,
1785764638975969476,727171551579,cmd_vel,0.0,0.0,,,,,,,,
1785764639025979182,727221561074,cmd_vel,0.0,0.0,,,,,,,,
1785764639043017250,727238599459,/epuck1/state,,,,7,5133,,,0.0,0.0,0.0
1785764639074781621,727270363513,cmd_vel,0.0,0.0,,,,,,,,
1785764639124828784,727320410781,cmd_vel,0.0,0.0,,,,,,,,
1785764639164830366,727360412152,/epuck1/state,,,,7,5134,,,0.0,0.0,0.0
1785764639175042022,727370624337,cmd_vel,0.0,0.0,,,,,,,,
1785764639224741946,727420324260,cmd_vel,0.0,0.0,,,,,,,,
1785764639240504058,727436085845,/epuck_bridge/status,,,,,,True,6051,,,
1785764639274954446,727470537393,cmd_vel,0.0,0.0,,,,,,,,
1785764639283051432,727478633536,/epuck1/state,,,,7,5135,,,0.0,0.0,0.0
1785764639325523155,727521105258,cmd_vel,0.0,0.0,,,,,,,,
1785764639376142720,727571724823,cmd_vel,0.0,0.0,,,,,,,,
1785764639403184798,727598767639,/epuck1/state,,,,7,5136,,,0.0,0.0,0.0
1785764639424768109,727620350951,cmd_vel,0.0,0.0,,,,,,,,
1785764639475434522,727671016414,cmd_vel,0.0,0.0,,,,,,,,
1785764639523231115,727718813008,/epuck1/state,,,,7,5137,,,0.0,0.0,0.0
1785764639524573333,727720155964,cmd_vel,0.0,0.0,,,,,,,,
1785764639575712650,727771295597,cmd_vel,0.0,0.0,,,,,,,,
1785764639625322994,727820904991,cmd_vel,0.0,0.0,,,,,,,,
1785764639642703132,727838285340,/epuck1/state,,,,7,5138,,,0.0,0.0,0.0
1785764639677567654,727873149651,cmd_vel,0.0,0.0,,,,,,,,
1785764639724929749,727920511958,cmd_vel,0.0,0.0,,,,,,,,
1785764639745055097,727940636989,/epuck1/state,,,,7,5139,,,0.0,0.0,0.0
1785764639776086159,727971668051,cmd_vel,0.0,0.0,,,,,,,,
1785764639826013988,728021595880,cmd_vel,0.0,0.0,,,,,,,,
1785764639862468048,728058049729,/epuck1/state,,,,7,5140,,,0.0,0.0,0.0
1785764639875874923,728071457237,cmd_vel,0.0,0.0,,,,,,,,
1785764639926326935,728121908933,cmd_vel,0.0,0.0,,,,,,,,
1785764639963236173,728158817854,/epuck1/state,,,,7,5141,,,0.0,0.0,0.0
1785764639975286586,728170869639,cmd_vel,0.0,0.0,,,,,,,,
1785764640024759026,728220341129,cmd_vel,0.0,0.0,,,,,,,,
1785764640075713275,728271295378,cmd_vel,0.0,0.0,,,,,,,,
1785764640082562055,728278144053,/epuck1/state,,,,7,5142,,,0.0,0.0,0.0
1785764640125334908,728320917750,cmd_vel,0.0,0.0,,,,,,,,
1785764640175525462,728371107354,cmd_vel,0.0,0.0,,,,,,,,
1785764640203419760,728399001863,/epuck1/state,,,,7,5143,,,0.0,0.0,0.0
1785764640225530315,728421112735,cmd_vel,0.0,0.0,,,,,,,,
1785764640239826656,728435408337,/epuck_bridge/status,,,,,,True,6060,,,
1785764640275310849,728470892847,cmd_vel,0.0,0.0,,,,,,,,
1785764640323254632,728518836524,/epuck1/state,,,,7,5144,,,0.0,0.0,0.0
1785764640323933601,728519514860,cmd_vel,0.0,0.0,,,,,,,,
1785764640375584546,728571166860,cmd_vel,0.0,0.0,,,,,,,,
1785764640424260476,728619842684,/epuck1/state,,,,7,5145,,,0.0,0.0,0.0
1785764640425603643,728621185640,cmd_vel,0.0,0.0,,,,,,,,
1785764640475474601,728671056493,cmd_vel,0.0,0.0,,,,,,,,
1785764640525030606,728720613236,cmd_vel,0.0,0.0,,,,,,,,
1785764640542406101,728737987888,/epuck1/state,,,,7,5146,,,0.0,0.0,0.0
1785764640575010663,728770592661,cmd_vel,0.0,0.0,,,,,,,,
1785764640624430241,728820012133,cmd_vel,0.0,0.0,,,,,,,,
1785764640662763574,728858346521,/epuck1/state,,,,7,5147,,,0.0,0.0,0.0
1785764640674949465,728870531884,cmd_vel,0.0,0.0,,,,,,,,
1785764640725082936,728920664934,cmd_vel,0.0,0.0,,,,,,,,
1785764640775098129,728970680549,cmd_vel,0.0,0.0,,,,,,,,
1785764640782782142,728978364773,/epuck1/state,,,,7,5148,,,0.0,0.0,0.0
1785764640826118007,729021700005,cmd_vel,0.0,0.0,,,,,,,,
1785764640875876067,729071458381,cmd_vel,0.0,0.0,,,,,,,,
1785764640882671247,729078252928,/epuck1/state,,,,7,5149,,,0.0,0.0,0.0
1785764640925618828,729121200826,cmd_vel,0.0,0.0,,,,,,,,
1785764640975537794,729171119792,cmd_vel,0.0,0.0,,,,,,,,
1785764641002642652,729198224649,/epuck1/state,,,,7,5150,,,0.0,0.0,0.0
1785764641024841204,729220423623,cmd_vel,0.0,0.0,,,,,,,,
1785764641075538637,729271120529,cmd_vel,0.0,0.0,,,,,,,,
1785764641122736872,729318318764,/epuck1/state,,,,7,5151,,,0.0,0.0,0.0
1785764641124322716,729319904714,cmd_vel,0.0,0.0,,,,,,,,
1785764641175065625,729370647412,cmd_vel,0.0,0.0,,,,,,,,
1785764641225717794,729421299580,cmd_vel,0.0,0.0,,,,,,,,
1785764641240068684,729435650365,/epuck_bridge/status,,,,,,True,6068,,,
1785764641242571005,729438153108,/epuck1/state,,,,7,5152,,,0.0,0.0,0.0
1785764641275166177,729470748174,cmd_vel,0.0,0.0,,,,,,,,
1785764641325883129,729521465655,cmd_vel,0.0,0.0,,,,,,,,
1785764641343026077,729538608180,/epuck1/state,,,,7,5153,,,0.0,0.0,0.0
1785764641375959308,729571541200,cmd_vel,0.0,0.0,,,,,,,,
1785764641426845397,729622427394,cmd_vel,0.0,0.0,,,,,,,,
1785764641443578008,729639159689,/epuck1/state,,,,7,5154,,,0.0,0.0,0.0
1785764641475396717,729670978820,cmd_vel,0.0,0.0,,,,,,,,
1785764641526209686,729721791894,cmd_vel,0.0,0.0,,,,,,,,
1785764641562901780,729758484094,/epuck1/state,,,,7,5155,,,0.0,0.0,0.0
1785764641575256701,729770838910,cmd_vel,0.0,0.0,,,,,,,,
1785764641626296837,729821879046,cmd_vel,0.0,0.0,,,,,,,,
1785764641675471522,729871053836,cmd_vel,0.0,0.0,,,,,,,,
1785764641682447866,729878029652,/epuck1/state,,,,7,5156,,,0.0,0.0,0.0
1785764641725412962,729920995381,cmd_vel,0.0,0.0,,,,,,,,
1785764641775020140,729970602454,cmd_vel,0.0,0.0,,,,,,,,
1785764641782424757,729978006438,/epuck1/state,,,,7,5157,,,0.0,0.0,0.0
1785764641824940478,730020522370,cmd_vel,0.0,0.0,,,,,,,,
1785764641875314095,730070895987,cmd_vel,0.0,0.0,,,,,,,,
1785764641903715272,730099297691,/epuck1/state,,,,7,5158,,,0.0,0.0,0.0
1785764641924698854,730120281273,cmd_vel,0.0,0.0,,,,,,,,
1785764641976162093,730171744090,cmd_vel,0.0,0.0,,,,,,,,
1785764642004227531,730199809634,/epuck1/state,,,,7,5159,,,0.0,0.0,0.0
1785764642026137719,730221720033,cmd_vel,0.0,0.0,,,,,,,,
1785764642075342580,730270924472,cmd_vel,0.0,0.0,,,,,,,,
1785764642123071645,730318653432,/epuck1/state,,,,7,5160,,,0.0,0.0,0.0
1785764642124440768,730320022555,cmd_vel,0.0,0.0,,,,,,,,
1785764642174941316,730370523525,cmd_vel,0.0,0.0,,,,,,,,
1785764642224097431,730419679218,/epuck1/state,,,,7,5161,,,0.0,0.0,0.0
1785764642224792438,730420374541,cmd_vel,0.0,0.0,,,,,,,,
1785764642240437538,730436019219,/epuck_bridge/status,,,,,,True,6076,,,
1785764642275759771,730471342296,cmd_vel,0.0,0.0,,,,,,,,
1785764642324287140,730519869137,/epuck1/state,,,,7,5162,,,0.0,0.0,0.0
1785764642324881489,730520462853,cmd_vel,0.0,0.0,,,,,,,,
1785764642375888177,730571470597,cmd_vel,0.0,0.0,,,,,,,,
1785764642424949120,730620531012,cmd_vel,0.0,0.0,,,,,,,,
1785764642443108675,730638690462,/epuck1/state,,,,7,5163,,,0.0,0.0,0.0
1785764642475180613,730670762821,cmd_vel,0.0,0.0,,,,,,,,
1785764642525824973,730721407393,cmd_vel,0.0,0.0,,,,,,,,
1785764642544009007,730739591743,/epuck1/state,,,,7,5164,,,0.0,0.0,0.0
1785764642575245501,730770827498,cmd_vel,0.0,0.0,,,,,,,,
1785764642624721000,730820303103,cmd_vel,0.0,0.0,,,,,,,,
1785764642662447217,730858029004,/epuck1/state,,,,7,5165,,,0.0,0.0,0.0
1785764642674384944,730869966836,cmd_vel,0.0,0.0,,,,,,,,
1785764642724687762,730920269760,cmd_vel,0.0,0.0,,,,,,,,
1785764642775278839,730970860731,cmd_vel,0.0,0.0,,,,,,,,
1785764642782445316,730978027103,/epuck1/state,,,,7,5166,,,0.0,0.0,0.0
1785764642824534452,731020116449,cmd_vel,0.0,0.0,,,,,,,,
1785764642875248872,731070830765,cmd_vel,0.0,0.0,,,,,,,,
1785764642882623313,731078205205,/epuck1/state,,,,7,5167,,,0.0,0.0,0.0
1785764642924646398,731120228396,cmd_vel,0.0,0.0,,,,,,,,
1785764642974972324,731170554322,cmd_vel,0.0,0.0,,,,,,,,
1785764643002591341,731198173233,/epuck1/state,,,,7,5168,,,0.0,0.0,0.0
1785764643024623079,731220205182,cmd_vel,0.0,0.0,,,,,,,,
1785764643075119723,731270702037,cmd_vel,0.0,0.0,,,,,,,,
1785764643123185688,731318767686,/epuck1/state,,,,7,5169,,,0.0,0.0,0.0
1785764643124676888,731320259097,cmd_vel,0.0,0.0,,,,,,,,
1785764643174485067,731370067064,cmd_vel,0.0,0.0,,,,,,,,
1785764643224569140,731420150952,cmd_vel,0.0,0.0,,,,,,,,
1785764643239958415,731435540335,/epuck_bridge/status,,,,,,True,6084,,,
1785764643242913853,731438495665,/epuck1/state,,,,7,5170,,,0.0,0.0,0.0
1785764643274637391,731470219962,cmd_vel,0.0,0.0,,,,,,,,
1785764643324812567,731520394488,cmd_vel,0.0,0.0,,,,,,,,
1785764643363004249,731558586061,/epuck1/state,,,,7,5171,,,0.0,0.0,0.0
1785764643374731318,731570313347,cmd_vel,0.0,0.0,,,,,,,,
1785764643424796211,731620378890,cmd_vel,0.0,0.0,,,,,,,,
1785764643465664264,731661246293,/epuck1/state,,,,7,5172,,,0.0,0.0,0.0
1785764643476990285,731672572855,cmd_vel,0.0,0.0,,,,,,,,
1785764643553473530,731749055451,cmd_vel,0.0,0.0,,,,,,,,
1785764643574605223,731770188118,cmd_vel,0.0,0.0,,,,,,,,
1785764643582529255,731778111392,/epuck1/state,,,,7,5173,,,0.0,0.0,0.0
1785764643625314698,731820896835,cmd_vel,0.0,0.0,,,,,,,,
1785764643674904550,731870486578,cmd_vel,0.0,0.0,,,,,,,,
1785764643702461376,731898043622,/epuck1/state,,,,7,5174,,,0.0,0.0,0.0
1785764643724642384,731920224738,cmd_vel,0.0,0.0,,,,,,,,
1785764643774857752,731970440322,cmd_vel,0.0,0.0,,,,,,,,
1785764643802509912,731998092266,/epuck1/state,,,,7,5175,,,0.0,0.0,0.0
1785764643825414044,732020996398,cmd_vel,0.0,0.0,,,,,,,,
1785764643874535896,732070117925,cmd_vel,0.0,0.0,,,,,,,,
1785764643903800704,732099382516,/epuck1/state,,,,7,5176,,,0.0,0.0,0.0
1785764643926241495,732121823957,cmd_vel,0.0,0.0,,,,,,,,
1785764643974605665,732170187910,cmd_vel,0.0,0.0,,,,,,,,
1785764644023335242,732218916946,/epuck1/state,,,,7,5177,,,0.0,0.0,0.0
1785764644024259000,732219840703,cmd_vel,0.0,0.0,,,,,,,,
1785764644075351324,732270933461,cmd_vel,0.0,0.0,,,,,,,,
1785764644124462560,732320044805,/epuck1/state,,,,7,5178,,,0.0,0.0,0.0
1785764644125379709,732320961629,cmd_vel,0.0,0.0,,,,,,,,
1785764644175238877,732370820905,cmd_vel,0.0,0.0,,,,,,,,
1785764644224774995,732420357024,cmd_vel,0.0,0.0,,,,,,,,
1785764644239668319,732435250456,/epuck_bridge/status,,,,,,True,6092,,,
1785764644242469275,732438051195,/epuck1/state,,,,7,5179,,,0.0,0.0,0.0
1785764644276157436,732471739573,cmd_vel,0.0,0.0,,,,,,,,
1785764644324950497,732520532742,cmd_vel,0.0,0.0,,,,,,,,
1785764644343278526,732538860446,/epuck1/state,,,,7,5180,,,0.0,0.0,0.0
1785764644377073395,732572655316,cmd_vel,0.0,0.0,,,,,,,,
1785764644426864747,732622446667,cmd_vel,0.0,0.0,,,,,,,,
1785764644462447656,732658029468,/epuck1/state,,,,7,5181,,,0.0,0.0,0.0
1785764644475278641,732670860887,cmd_vel,0.0,0.0,,,,,,,,
1785764644525165001,732720747896,cmd_vel,0.0,0.0,,,,,,,,
1785764644562854666,732758436803,/epuck1/state,,,,7,5182,,,0.0,0.0,0.0
1785764644576694233,732772276695,cmd_vel,0.0,0.0,,,,,,,,
1785764644625114086,732820696007,cmd_vel,0.0,0.0,,,,,,,,
1785764644675240404,732870822433,cmd_vel,0.0,0.0,,,,,,,,
1785764644682490171,732878071983,/epuck1/state,,,,7,5183,,,0.0,0.0,0.0
1785764644725322413,732920905200,cmd_vel,0.0,0.0,,,,,,,,
1785764644775897989,732971479909,cmd_vel,0.0,0.0,,,,,,,,
1785764644782571098,732978153343,/epuck1/state,,,,7,5184,,,0.0,0.0,0.0
1785764644825225240,733020807702,cmd_vel,0.0,0.0,,,,,,,,
1785764644876589373,733072171294,cmd_vel,0.0,0.0,,,,,,,,
1785764644903447776,733099030130,/epuck1/state,,,,7,5185,,,0.0,0.0,0.0
1785764644925302917,733120884946,cmd_vel,0.0,0.0,,,,,,,,
1785764644975891276,733171473413,cmd_vel,0.0,0.0,,,,,,,,
1785764645023690488,733219272517,/epuck1/state,,,,7,5186,,,0.0,0.0,0.0
1785764645024322396,733219904316,cmd_vel,0.0,0.0,,,,,,,,
1785764645076840061,733272422198,cmd_vel,0.0,0.0,,,,,,,,
1785764645124938597,733320521818,cmd_vel,0.0,0.0,,,,,,,,
1785764645143301726,733338883863,/epuck1/state,,,,7,5187,,,0.0,0.0,0.0
1785764645175225790,733370807710,cmd_vel,0.0,0.0,,,,,,,,
1785764645224436258,733420018070,cmd_vel,0.0,0.0,,,,,,,,
1785764645240400132,733435982269,/epuck_bridge/status,,,,,,True,6101,,,
1785764645263179464,733458761384,/epuck1/state,,,,7,5188,,,0.0,0.0,0.0
1785764645274623242,733470205488,cmd_vel,0.0,0.0,,,,,,,,
1785764645325246701,733520828621,cmd_vel,0.0,0.0,,,,,,,,
1785764645376775825,733572358071,cmd_vel,0.0,0.0,,,,,,,,
1785764645382553560,733578135264,/epuck1/state,,,,7,5189,,,0.0,0.0,0.0
1785764645426477477,733622059722,cmd_vel,0.0,0.0,,,,,,,,
1785764645480042724,733675625294,cmd_vel,0.0,0.0,,,,,,,,
1785764645502587081,733698169002,/epuck1/state,,,,7,5190,,,0.0,0.0,0.0
1785764645526064513,733721647191,cmd_vel,0.0,0.0,,,,,,,,
1785764645575191240,733770773268,cmd_vel,0.0,0.0,,,,,,,,
1785764645603976565,733799558811,/epuck1/state,,,,7,5191,,,0.0,0.0,0.0
1785764645624759316,733820341562,cmd_vel,0.0,0.0,,,,,,,,
1785764645674498884,733870080913,cmd_vel,0.0,0.0,,,,,,,,
1785764645724071078,733919652998,/epuck1/state,,,,7,5192,,,0.0,0.0,0.0
1785764645724532794,733920114064,cmd_vel,0.0,0.0,,,,,,,,
1785764645776163535,733971745780,cmd_vel,0.0,0.0,,,,,,,,
1785764645825369562,734020952024,cmd_vel,0.0,0.0,,,,,,,,
1785764645844019557,734039602127,/epuck1/state,,,,7,5193,,,0.0,0.0,0.0
1785764645874525972,734070108217,cmd_vel,0.0,0.0,,,,,,,,
1785764645925145747,734120727668,cmd_vel,0.0,0.0,,,,,,,,
1785764645963038104,734158620674,/epuck1/state,,,,7,5194,,,0.0,0.0,0.0
1785764645975144232,734170726152,cmd_vel,0.0,0.0,,,,,,,,
1785764646024628892,734220211029,cmd_vel,0.0,0.0,,,,,,,,
1785764646075328509,734270910429,cmd_vel,0.0,0.0,,,,,,,,
1785764646082794508,734278376320,/epuck1/state,,,,7,5195,,,0.0,0.0,0.0
1785764646126780066,734322362528,cmd_vel,0.0,0.0,,,,,,,,
1785764646175213569,734370795598,cmd_vel,0.0,0.0,,,,,,,,
1785764646202783396,734398365316,/epuck1/state,,,,7,5196,,,0.0,0.0,0.0
1785764646225938319,734421520348,cmd_vel,0.0,0.0,,,,,,,,
1785764646240225195,734435807332,/epuck_bridge/status,,,,,,True,6110,,,
1785764646274536380,734470118409,cmd_vel,0.0,0.0,,,,,,,,
1785764646303367314,734498949234,/epuck1/state,,,,7,5197,,,0.0,0.0,0.0
1785764646325337939,734520920618,cmd_vel,0.0,0.0,,,,,,,,
1785764646374865932,734570448069,cmd_vel,0.0,0.0,,,,,,,,
1785764646402764117,734598346254,/epuck1/state,,,,7,5198,,,0.0,0.0,0.0
1785764646424637134,734620219271,cmd_vel,0.0,0.0,,,,,,,,
1785764646475887733,734671470195,cmd_vel,0.0,0.0,,,,,,,,
1785764646522874446,734718456258,/epuck1/state,,,,7,5199,,,0.0,0.0,0.0
1785764646524783494,734720366498,cmd_vel,0.0,0.0,,,,,,,,
1785764646575554827,734771137181,cmd_vel,0.0,0.0,,,,,,,,
1785764646624808521,734820390550,/epuck1/state,,,,7,5200,,,0.0,0.0,0.0
1785764646626177961,734821759556,cmd_vel,0.0,0.0,,,,,,,,
1785764646674680581,734870263043,cmd_vel,0.0,0.0,,,,,,,,
1785764646724675923,734920258385,cmd_vel,0.0,0.0,,,,,,,,
1785764646742332720,734937914423,/epuck1/state,,,,7,5201,,,0.0,0.0,0.0
1785764646775641390,734971223744,cmd_vel,0.0,0.0,,,,,,,,
1785764646826214582,735021796502,cmd_vel,0.0,0.0,,,,,,,,
1785764646842805163,735038387300,/epuck1/state,,,,7,5202,,,0.0,0.0,0.0
1785764646875585492,735071167412,cmd_vel,0.0,0.0,,,,,,,,
1785764646925324193,735120906439,cmd_vel,0.0,0.0,,,,,,,,
1785764646942593699,735138175619,/epuck1/state,,,,7,5203,,,0.0,0.0,0.0
1785764646977613167,735173196062,cmd_vel,0.0,0.0,,,,,,,,
1785764647024894329,735220476466,cmd_vel,0.0,0.0,,,,,,,,
1785764647062746603,735258328306,/epuck1/state,,,,7,5204,,,0.0,0.0,0.0
1785764647075408372,735270990725,cmd_vel,0.0,0.0,,,,,,,,
1785764647125168631,735320750552,cmd_vel,0.0,0.0,,,,,,,,
1785764647163427912,735359009941,/epuck1/state,,,,7,5205,,,0.0,0.0,0.0
1785764647175045566,735370628028,cmd_vel,0.0,0.0,,,,,,,,
1785764647225550291,735421132645,cmd_vel,0.0,0.0,,,,,,,,
1785764647239728183,735435309779,/epuck_bridge/status,,,,,,True,6118,,,
1785764647275498834,735471081079,cmd_vel,0.0,0.0,,,,,,,,
1785764647283919683,735479501711,/epuck1/state,,,,7,5206,,,0.0,0.0,0.0
1785764647325007977,735520589898,cmd_vel,0.0,0.0,,,,,,,,
1785764647375543686,735571125823,cmd_vel,0.0,0.0,,,,,,,,
1785764647402628830,735598210859,/epuck1/state,,,,7,5207,,,0.0,0.0,0.0
1785764647424958580,735620540500,cmd_vel,0.0,0.0,,,,,,,,
1785764647474948072,735670530426,cmd_vel,0.0,0.0,,,,,,,,
1785764647522969476,735718551613,/epuck1/state,,,,7,5208,,,0.0,0.0,0.0
1785764647524323857,735719905778,cmd_vel,0.0,0.0,,,,,,,,
1785764647574657850,735770240853,cmd_vel,0.0,0.0,,,,,,,,
1785764647624938975,735820521004,cmd_vel,0.0,0.0,,,,,,,,
1785764647642754047,735838335967,/epuck1/state,,,,7,5209,,,0.0,0.0,0.0
1785764647674773118,735870355147,cmd_vel,0.0,0.0,,,,,,,,
1785764647724748311,735920330340,cmd_vel,0.0,0.0,,,,,,,,
1785764647743974422,735939556776,/epuck1/state,,,,7,5210,,,0.0,0.0,0.0
1785764647774873112,735970455032,cmd_vel,0.0,0.0,,,,,,,,
1785764647825002355,736020585250,cmd_vel,0.0,0.0,,,,,,,,
1785764647862237779,736057819591,/epuck1/state,,,,7,5211,,,0.0,0.0,0.0
1785764647875180889,736070762918,cmd_vel,0.0,0.0,,,,,,,,
1785764647924809740,736120391769,cmd_vel,0.0,0.0,,,,,,,,
1785764647962519122,736158100934,/epuck1/state,,,,7,5212,,,0.0,0.0,0.0
1785764647975839990,736171422236,cmd_vel,0.0,0.0,,,,,,,,
1785764648025625058,736221207087,cmd_vel,0.0,0.0,,,,,,,,
1785764648075908026,736271490379,cmd_vel,0.0,0.0,,,,,,,,
1785764648082544085,736278125788,/epuck1/state,,,,7,5213,,,0.0,0.0,0.0
1785764648124576503,736320158532,cmd_vel,0.0,0.0,,,,,,,,
1785764648180908147,736376489526,cmd_vel,0.0,0.0,,,,,,,,
1785764648202946480,736398528292,/epuck1/state,,,,7,5214,,,0.0,0.0,0.0
1785764648226666795,736422248823,cmd_vel,0.0,0.0,,,,,,,,
1785764648240974687,736436556390,/epuck_bridge/status,,,,,,True,6126,,,
1785764648275700355,736471282492,cmd_vel,0.0,0.0,,,,,,,,
1785764648303193265,736498774969,/epuck1/state,,,,7,5215,,,0.0,0.0,0.0
1785764648325248932,736520830960,cmd_vel,0.0,0.0,,,,,,,,
1785764648374570334,736570153121,cmd_vel,0.0,0.0,,,,,,,,
1785764648423228953,736618811848,/epuck1/state,,,,7,5216,,,0.0,0.0,0.0
1785764648424157477,736619739289,cmd_vel,0.0,0.0,,,,,,,,
1785764648475003885,736670586239,cmd_vel,0.0,0.0,,,,,,,,
1785764648524969870,736720552548,cmd_vel,0.0,0.0,,,,,,,,
1785764648542591674,736738173811,/epuck1/state,,,,7,5217,,,0.0,0.0,0.0
1785764648575612937,736771195074,cmd_vel,0.0,0.0,,,,,,,,
1785764648625081455,736820663809,cmd_vel,0.0,0.0,,,,,,,,
1785764648663606586,736859188831,/epuck1/state,,,,7,5218,,,0.0,0.0,0.0
1785764648675110814,736870693493,cmd_vel,0.0,0.0,,,,,,,,
1785764648725330732,736920912977,cmd_vel,0.0,0.0,,,,,,,,
1785764648775880957,736971462986,cmd_vel,0.0,0.0,,,,,,,,
1785764648782809733,736978391545,/epuck1/state,,,,7,5219,,,0.0,0.0,0.0
1785764648827320273,737022902627,cmd_vel,0.0,0.0,,,,,,,,
1785764648876098709,737071680738,cmd_vel,0.0,0.0,,,,,,,,
1785764648882832810,737078414730,/epuck1/state,,,,7,5220,,,0.0,0.0,0.0
1785764648926623910,737122206372,cmd_vel,0.0,0.0,,,,,,,,
1785764648976881310,737172463881,cmd_vel,0.0,0.0,,,,,,,,
1785764649003851296,737199433000,/epuck1/state,,,,7,5221,,,0.0,0.0,0.0
1785764649025921696,737221503833,cmd_vel,0.0,0.0,,,,,,,,
1785764649075472006,737271054901,cmd_vel,0.0,0.0,,,,,,,,
1785764649124275141,737319857820,/epuck1/state,,,,7,5222,,,0.0,0.0,0.0
1785764649124971507,737320553319,cmd_vel,0.0,0.0,,,,,,,,
1785764649175866341,737371449019,cmd_vel,0.0,0.0,,,,,,,,
1785764649225613817,737421195846,cmd_vel,0.0,0.0,,,,,,,,
1785764649240366092,737435947687,/epuck_bridge/status,,,,,,True,6134,,,
1785764649243508730,737439090975,/epuck1/state,,,,7,5223,,,0.0,0.0,0.0
1785764649275140944,737470722972,cmd_vel,0.0,0.0,,,,,,,,
1785764649325658994,737521241023,cmd_vel,0.0,0.0,,,,,,,,
1785764649363315401,737558897971,/epuck1/state,,,,7,5224,,,0.0,0.0,0.0
1785764649375217862,737570801083,cmd_vel,0.0,0.0,,,,,,,,
1785764649425351547,737620933792,cmd_vel,0.0,0.0,,,,,,,,
1785764649463034929,737658617065,/epuck1/state,,,,7,5225,,,0.0,0.0,0.0
1785764649476453080,737672036517,cmd_vel,0.0,0.0,,,,,,,,
1785764649524554541,737720136570,cmd_vel,0.0,0.0,,,,,,,,
1785764649574787134,737770369488,cmd_vel,0.0,0.0,,,,,,,,
1785764649582737708,737778319412,/epuck1/state,,,,7,5226,,,0.0,0.0,0.0
1785764649625608626,737821190654,cmd_vel,0.0,0.0,,,,,,,,
1785764649675425760,737871007681,cmd_vel,0.0,0.0,,,,,,,,
1785764649682990018,737878571830,/epuck1/state,,,,7,5227,,,0.0,0.0,0.0
1785764649724883770,737920465907,cmd_vel,0.0,0.0,,,,,,,,
1785764649775943378,737971525299,cmd_vel,0.0,0.0,,,,,,,,
1785764649804857187,738000438891,/epuck1/state,,,,7,5228,,,0.0,0.0,0.0
1785764649824845856,738020427884,cmd_vel,0.0,0.0,,,,,,,,
1785764649876267189,738071849109,cmd_vel,0.0,0.0,,,,,,,,
1785764649923597209,738119178913,/epuck1/state,,,,7,5229,,,0.0,0.0,0.0
1785764649924370600,738119952304,cmd_vel,0.0,0.0,,,,,,,,
1785764649975347333,738170929254,cmd_vel,0.0,0.0,,,,,,,,
1785764650024989943,738220572080,/epuck1/state,,,,7,5230,,,0.0,0.0,0.0
1785764650025516659,738221097821,cmd_vel,0.0,0.0,,,,,,,,
1785764650076688067,738272270204,cmd_vel,0.0,0.0,,,,,,,,
1785764650126908093,738322490772,cmd_vel,0.0,0.0,,,,,,,,
1785764650144727714,738340309526,/epuck1/state,,,,7,5231,,,0.0,0.0,0.0
1785764650175829529,738371411666,cmd_vel,0.0,0.0,,,,,,,,
1785764650225412555,738420994584,cmd_vel,0.0,0.0,,,,,,,,
1785764650239636814,738435218518,/epuck_bridge/status,,,,,,True,6142,,,
1785764650263739545,738459321248,/epuck1/state,,,,7,5232,,,0.0,0.0,0.0
1785764650275668981,738471251335,cmd_vel,0.0,0.0,,,,,,,,
1785764650325668440,738521250794,cmd_vel,0.0,0.0,,,,,,,,
1785764650363672055,738559254734,/epuck1/state,,,,7,5233,,,0.0,0.0,0.0
1785764650374729843,738570311980,cmd_vel,0.0,0.0,,,,,,,,
1785764650424911193,738620493872,cmd_vel,0.0,0.0,,,,,,,,
1785764650463629049,738659210753,/epuck1/state,,,,7,5234,,,0.0,0.0,0.0
1785764650474799070,738670381423,cmd_vel,0.0,0.0,,,,,,,,
1785764650524480138,738720063033,cmd_vel,0.0,0.0,,,,,,,,
1785764650576736286,738772318207,cmd_vel,0.0,0.0,,,,,,,,
1785764650582651388,738778233308,/epuck1/state,,,,7,5235,,,0.0,0.0,0.0
1785764650625286031,738820867951,cmd_vel,0.0,0.0,,,,,,,,
1785764650674536583,738870118503,cmd_vel,0.0,0.0,,,,,,,,
1785764650682805331,738878387577,/epuck1/state,,,,7,5236,,,0.0,0.0,0.0
1785764650724507117,738920089037,cmd_vel,0.0,0.0,,,,,,,,
1785764650777927414,738973509659,cmd_vel,0.0,0.0,,,,,,,,
1785764650782828300,738978410437,/epuck1/state,,,,7,5237,,,0.0,0.0,0.0
1785764650825075218,739020658005,cmd_vel,0.0,0.0,,,,,,,,
1785764650875049111,739070631032,cmd_vel,0.0,0.0,,,,,,,,
1785764650903042413,739098624008,/epuck1/state,,,,7,5238,,,0.0,0.0,0.0
1785764650924646546,739120228900,cmd_vel,0.0,0.0,,,,,,,,
1785764650975251696,739170834050,cmd_vel,0.0,0.0,,,,,,,,
1785764651003439348,739199022460,/epuck1/state,,,,7,5239,,,0.0,0.0,0.0
1785764651024722490,739220304410,cmd_vel,0.0,0.0,,,,,,,,
1785764651075619132,739271201269,cmd_vel,0.0,0.0,,,,,,,,
1785764651123675476,739319257013,/epuck1/state,,,,7,5240,,,0.0,0.0,0.0
1785764651124075376,739319656713,cmd_vel,0.0,0.0,,,,,,,,
1785764651174663418,739370244855,cmd_vel,0.0,0.0,,,,,,,,
1785764651223155262,739418736899,/epuck1/state,,,,7,5241,,,0.0,0.0,0.0
1785764651224053961,739419635498,cmd_vel,0.0,0.0,,,,,,,,
1785764651239800120,739435382458,/epuck_bridge/status,,,,,,True,6150,,,
1785764651274663175,739470244977,cmd_vel,0.0,0.0,,,,,,,,
1785764651323978416,739519560647,/epuck1/state,,,,7,5242,,,0.0,0.0,0.0
1785764651324416663,739519998036,cmd_vel,0.0,0.0,,,,,,,,
1785764651375513624,739571095533,cmd_vel,0.0,0.0,,,,,,,,
1785764651425408727,739620990636,cmd_vel,0.0,0.0,,,,,,,,
1785764651442517305,739638099214,/epuck1/state,,,,7,5243,,,0.0,0.0,0.0
1785764651475407282,739670989727,cmd_vel,0.0,0.0,,,,,,,,
1785764651526254566,739721837333,cmd_vel,0.0,0.0,,,,,,,,
1785764651562711091,739758293000,/epuck1/state,,,,7,5244,,,0.0,0.0,0.0
1785764651575247232,739770829249,cmd_vel,0.0,0.0,,,,,,,,
1785764651625377540,739820959985,cmd_vel,0.0,0.0,,,,,,,,
1785764651676596069,739872178192,cmd_vel,0.0,0.0,,,,,,,,
1785764651682470811,739878052613,/epuck1/state,,,,7,5245,,,0.0,0.0,0.0
1785764651725532239,739921114255,cmd_vel,0.0,0.0,,,,,,,,
1785764651776320025,739971901827,cmd_vel,0.0,0.0,,,,,,,,
1785764651803467550,739999049566,/epuck1/state,,,,7,5246,,,0.0,0.0,0.0
1785764651825648774,740021230897,cmd_vel,0.0,0.0,,,,,,,,
1785764651875482450,740071064895,cmd_vel,0.0,0.0,,,,,,,,
1785764651903483313,740099065437,/epuck1/state,,,,7,5247,,,0.0,0.0,0.0
1785764651925242799,740120824815,cmd_vel,0.0,0.0,,,,,,,,
1785764651976534869,740172116886,cmd_vel,0.0,0.0,,,,,,,,
1785764652024679772,740220261681,/epuck1/state,,,,7,5248,,,0.0,0.0,0.0
1785764652025325565,740220907152,cmd_vel,0.0,0.0,,,,,,,,
1785764652076263757,740271845773,cmd_vel,0.0,0.0,,,,,,,,
1785764652125374668,740320958078,cmd_vel,0.0,0.0,,,,,,,,
1785764652143082619,740338664743,/epuck1/state,,,,7,5249,,,0.0,0.0,0.0
1785764652176335909,740371917818,cmd_vel,0.0,0.0,,,,,,,,
1785764652225651579,740421234024,cmd_vel,0.0,0.0,,,,,,,,
1785764652240364913,740435947143,/epuck_bridge/status,,,,,,True,6158,,,
1785764652264397538,740459979554,/epuck1/state,,,,7,5250,,,0.0,0.0,0.0
1785764652274600721,740470182630,cmd_vel,0.0,0.0,,,,,,,,
1785764652324865998,740520447907,cmd_vel,0.0,0.0,,,,,,,,
1785764652375740296,740571322634,cmd_vel,0.0,0.0,,,,,,,,
1785764652382265226,740577846921,/epuck1/state,,,,7,5251,,,0.0,0.0,0.0
1785764652425654054,740621235963,cmd_vel,0.0,0.0,,,,,,,,
1785764652476050547,740671632564,cmd_vel,0.0,0.0,,,,,,,,
1785764652482549534,740678131550,/epuck1/state,,,,7,5252,,,0.0,0.0,0.0
1785764652525752685,740721335023,cmd_vel,0.0,0.0,,,,,,,,
1785764652576252201,740771834218,cmd_vel,0.0,0.0,,,,,,,,
1785764652582459702,740778041290,/epuck1/state,,,,7,5253,,,0.0,0.0,0.0
1785764652627176564,740822758580,cmd_vel,0.0,0.0,,,,,,,,
1785764652674688753,740870271198,cmd_vel,0.0,0.0,,,,,,,,
1785764652682530997,740878112799,/epuck1/state,,,,7,5254,,,0.0,0.0,0.0
1785764652726201876,740921784214,cmd_vel,0.0,0.0,,,,,,,,
1785764652775863062,740971445293,cmd_vel,0.0,0.0,,,,,,,,
1785764652782846608,740978429053,/epuck1/state,,,,7,5255,,,0.0,0.0,0.0
1785764652824884995,741020467011,cmd_vel,0.0,0.0,,,,,,,,
1785764652875649839,741071232392,cmd_vel,0.0,0.0,,,,,,,,
1785764652904310003,741099892019,/epuck1/state,,,,7,5256,,,0.0,0.0,0.0
1785764652926489940,741122072064,cmd_vel,0.0,0.0,,,,,,,,
1785764652975448838,741171031926,cmd_vel,0.0,0.0,,,,,,,,
1785764653003755659,741199337247,/epuck1/state,,,,7,5257,,,0.0,0.0,0.0
1785764653026100475,741221682384,cmd_vel,0.0,0.0,,,,,,,,
1785764653075534498,741271116621,cmd_vel,0.0,0.0,,,,,,,,
1785764653104969098,741300551865,/epuck1/state,,,,7,5258,,,0.0,0.0,0.0
1785764653126355517,741321937533,cmd_vel,0.0,0.0,,,,,,,,
1785764653175639883,741371238087,cmd_vel,0.0,0.0,,,,,,,,
1785764653222657221,741418239344,/epuck1/state,,,,7,5259,,,0.0,0.0,0.0
1785764653225060076,741420642307,cmd_vel,0.0,0.0,,,,,,,,
1785764653239963481,741435545069,/epuck_bridge/status,,,,,,True,6166,,,
1785764653275817309,741471400826,cmd_vel,0.0,0.0,,,,,,,,
1785764653324005629,741519588074,/epuck1/state,,,,7,5260,,,0.0,0.0,0.0
1785764653325263017,741520845247,cmd_vel,0.0,0.0,,,,,,,,
1785764653375006106,741570588015,cmd_vel,0.0,0.0,,,,,,,,
1785764653425046042,741620628487,cmd_vel,0.0,0.0,,,,,,,,
1785764653442839219,741638421343,/epuck1/state,,,,7,5261,,,0.0,0.0,0.0
1785764653475677525,741671259863,cmd_vel,0.0,0.0,,,,,,,,
1785764653524926943,741720508959,cmd_vel,0.0,0.0,,,,,,,,
1785764653543090187,741738671989,/epuck1/state,,,,7,5262,,,0.0,0.0,0.0
1785764653574604210,741770187191,cmd_vel,0.0,0.0,,,,,,,,
1785764653624794444,741820377104,cmd_vel,0.0,0.0,,,,,,,,
1785764653663396536,741858978660,/epuck1/state,,,,7,5263,,,0.0,0.0,0.0
1785764653674454559,741870036468,cmd_vel,0.0,0.0,,,,,,,,
1785764653724570716,741920152946,cmd_vel,0.0,0.0,,,,,,,,
1785764653763573748,741959155335,/epuck1/state,,,,7,5264,,,0.0,0.0,0.0
1785764653775489825,741971072699,cmd_vel,0.0,0.0,,,,,,,,
1785764653825382464,742020965337,cmd_vel,0.0,0.0,,,,,,,,
1785764653875739614,742071321523,cmd_vel,0.0,0.0,,,,,,,,
1785764653882494495,742078076297,/epuck1/state,,,,7,5265,,,0.0,0.0,0.0
1785764653925152517,742120735391,cmd_vel,0.0,0.0,,,,,,,,
1785764653976607107,742172189553,cmd_vel,0.0,0.0,,,,,,,,
1785764653983313747,742178896192,/epuck1/state,,,,7,5266,,,0.0,0.0,0.0
1785764654025109747,742220692192,cmd_vel,0.0,0.0,,,,,,,,
1785764654077135732,742272717748,cmd_vel,0.0,0.0,,,,,,,,
1785764654103906544,742299488667,/epuck1/state,,,,7,5267,,,0.0,0.0,0.0
1785764654124533105,742320139564,cmd_vel,0.0,0.0,,,,,,,,
1785764654175155476,742370737493,cmd_vel,0.0,0.0,,,,,,,,
1785764654203001967,742398583769,/epuck1/state,,,,7,5268,,,0.0,0.0,0.0
1785764654224522389,742420104834,cmd_vel,0.0,0.0,,,,,,,,
1785764654239718996,742435300690,/epuck_bridge/status,,,,,,True,6174,,,
1785764654275437104,742471019120,cmd_vel,0.0,0.0,,,,,,,,
1785764654302878473,742498460596,/epuck1/state,,,,7,5269,,,0.0,0.0,0.0
1785764654327026663,742522608572,cmd_vel,0.0,0.0,,,,,,,,
1785764654376217013,742571799458,cmd_vel,0.0,0.0,,,,,,,,
1785764654423778300,742619360209,/epuck1/state,,,,7,5270,,,0.0,0.0,0.0
1785764654424757388,742620339083,cmd_vel,0.0,0.0,,,,,,,,
1785764654476156554,742671738571,cmd_vel,0.0,0.0,,,,,,,,
1785764654525920013,742721502886,cmd_vel,0.0,0.0,,,,,,,,
1785764654543603950,742739185752,/epuck1/state,,,,7,5271,,,0.0,0.0,0.0
1785764654574555156,742770137922,cmd_vel,0.0,0.0,,,,,,,,
1785764654625387967,742820969769,cmd_vel,0.0,0.0,,,,,,,,
1785764654663543879,742859125895,/epuck1/state,,,,7,5272,,,0.0,0.0,0.0
1785764654674984188,742870566097,cmd_vel,0.0,0.0,,,,,,,,
1785764654725237780,742920819689,cmd_vel,0.0,0.0,,,,,,,,
1785764654763642618,742959224527,/epuck1/state,,,,7,5273,,,0.0,0.0,0.0
1785764654774403579,742969985488,cmd_vel,0.0,0.0,,,,,,,,
1785764654825166816,743020748725,cmd_vel,0.0,0.0,,,,,,,,
1785764654874642540,743070224771,cmd_vel,0.0,0.0,,,,,,,,
1785764654883328153,743078909847,/epuck1/state,,,,7,5274,,,0.0,0.0,0.0
1785764654925791172,743121373296,cmd_vel,0.0,0.0,,,,,,,,
1785764654975051847,743170633863,cmd_vel,0.0,0.0,,,,,,,,
1785764654982949301,743178531210,/epuck1/state,,,,7,5275,,,0.0,0.0,0.0
1785764655025296969,743220879307,cmd_vel,0.0,0.0,,,,,,,,
1785764655075028910,743270610926,cmd_vel,0.0,0.0,,,,,,,,
1785764655103735171,743299316865,/epuck1/state,,,,7,5276,,,0.0,0.0,0.0
1785764655125108939,743320690956,cmd_vel,0.0,0.0,,,,,,,,
1785764655175688965,743371270767,cmd_vel,0.0,0.0,,,,,,,,
1785764655203784489,743399367148,/epuck1/state,,,,7,5277,,,0.0,0.0,0.0
1785764655226164682,743421746806,cmd_vel,0.0,0.0,,,,,,,,
1785764655239627167,743435208862,/epuck_bridge/status,,,,,,True,6183,,,
1785764655275045107,743470627444,cmd_vel,0.0,0.0,,,,,,,,
1785764655303718671,743499300365,/epuck1/state,,,,7,5278,,,0.0,0.0,0.0
1785764655324796665,743520378681,cmd_vel,0.0,0.0,,,,,,,,
1785764655375082203,743570664220,cmd_vel,0.0,0.0,,,,,,,,
1785764655423780811,743619362720,/epuck1/state,,,,7,5279,,,0.0,0.0,0.0
1785764655424198261,743619779634,cmd_vel,0.0,0.0,,,,,,,,
1785764655476247401,743671829417,cmd_vel,0.0,0.0,,,,,,,,
1785764655524752078,743720334523,cmd_vel,0.0,0.0,,,,,,,,
1785764655544147302,743739728996,/epuck1/state,,,,7,5280,,,0.0,0.0,0.0
1785764655575692414,743771274430,cmd_vel,0.0,0.0,,,,,,,,
1785764655625046462,743820628371,cmd_vel,0.0,0.0,,,,,,,,
1785764655664224772,743859807432,/epuck1/state,,,,7,5281,,,0.0,0.0,0.0
1785764655674966223,743870548346,cmd_vel,0.0,0.0,,,,,,,,
1785764655725466811,743921049042,cmd_vel,0.0,0.0,,,,,,,,
1785764655763852031,743959433833,/epuck1/state,,,,7,5282,,,0.0,0.0,0.0
1785764655775482840,743971064856,cmd_vel,0.0,0.0,,,,,,,,
1785764655824795937,744020377953,cmd_vel,0.0,0.0,,,,,,,,
1785764655865583369,744061165063,/epuck1/state,,,,7,5283,,,0.0,0.0,0.0
1785764655875080296,744070662313,cmd_vel,0.0,0.0,,,,,,,,
1785764655925711136,744121293153,cmd_vel,0.0,0.0,,,,,,,,
1785764655975703795,744171285704,cmd_vel,0.0,0.0,,,,,,,,
1785764655982774390,744178356406,/epuck1/state,,,,7,5284,,,0.0,0.0,0.0
1785764656025481190,744221063099,cmd_vel,0.0,0.0,,,,,,,,
1785764656075866106,744271448336,cmd_vel,0.0,0.0,,,,,,,,
1785764656102834922,744298418011,/epuck1/state,,,,7,5285,,,0.0,0.0,0.0
1785764656125835073,744321417089,cmd_vel,0.0,0.0,,,,,,,,
1785764656175353571,744370936231,cmd_vel,0.0,0.0,,,,,,,,
1785764656202852401,744398434310,/epuck1/state,,,,7,5286,,,0.0,0.0,0.0
1785764656226022576,744421604592,cmd_vel,0.0,0.0,,,,,,,,
1785764656240236985,744435818680,/epuck_bridge/status,,,,,,True,6192,,,
1785764656275820553,744471402998,cmd_vel,0.0,0.0,,,,,,,,
1785764656322698205,744518279793,/epuck1/state,,,,7,5287,,,0.0,0.0,0.0
1785764656325015512,744520598600,cmd_vel,0.0,0.0,,,,,,,,
1785764656375380595,744570962397,cmd_vel,0.0,0.0,,,,,,,,
1785764656423137422,744618719545,/epuck1/state,,,,7,5288,,,0.0,0.0,0.0
1785764656424221891,744619804228,cmd_vel,0.0,0.0,,,,,,,,
1785764656475196210,744670778226,cmd_vel,0.0,0.0,,,,,,,,
1785764656524380234,744719962572,/epuck1/state,,,,7,5289,,,0.0,0.0,0.0
1785764656525315798,744720897707,cmd_vel,0.0,0.0,,,,,,,,
1785764656576085788,744771667804,cmd_vel,0.0,0.0,,,,,,,,
1785764656624731437,744820313346,cmd_vel,0.0,0.0,,,,,,,,
1785764656642493418,744838075435,/epuck1/state,,,,7,5290,,,0.0,0.0,0.0
1785764656676753883,744872335792,cmd_vel,0.0,0.0,,,,,,,,
1785764656725485510,744921067419,cmd_vel,0.0,0.0,,,,,,,,
1785764656763471826,744959053842,/epuck1/state,,,,7,5291,,,0.0,0.0,0.0
1785764656775566182,744971148520,cmd_vel,0.0,0.0,,,,,,,,
1785764656825800477,745021383137,cmd_vel,0.0,0.0,,,,,,,,
1785764656876874389,745072456405,cmd_vel,0.0,0.0,,,,,,,,
1785764656882900823,745078482947,/epuck1/state,,,,7,5292,,,0.0,0.0,0.0
1785764656924938031,745120520047,cmd_vel,0.0,0.0,,,,,,,,
1785764656976995212,745172577657,cmd_vel,0.0,0.0,,,,,,,,
1785764656982826000,745178407695,/epuck1/state,,,,7,5293,,,0.0,0.0,0.0
1785764657025519399,745221101523,cmd_vel,0.0,0.0,,,,,,,,
1785764657075473572,745271055696,cmd_vel,0.0,0.0,,,,,,,,
1785764657082726520,745278308322,/epuck1/state,,,,7,5294,,,0.0,0.0,0.0
1785764657124758046,745320340384,cmd_vel,0.0,0.0,,,,,,,,
1785764657175538113,745371120558,cmd_vel,0.0,0.0,,,,,,,,
1785764657182572902,745378154811,/epuck1/state,,,,7,5295,,,0.0,0.0,0.0
1785764657224672609,745420254626,cmd_vel,0.0,0.0,,,,,,,,
1785764657239940827,745435523165,/epuck_bridge/status,,,,,,True,6201,,,
1785764657274783513,745470365637,cmd_vel,0.0,0.0,,,,,,,,
1785764657282764908,745478346924,/epuck1/state,,,,7,5296,,,0.0,0.0,0.0
1785764657324858397,745520440735,cmd_vel,0.0,0.0,,,,,,,,
1785764657375978942,745571560958,cmd_vel,0.0,0.0,,,,,,,,
1785764657404816742,745600398543,/epuck1/state,,,,7,5297,,,0.0,0.0,0.0
1785764657425196092,745620778216,cmd_vel,0.0,0.0,,,,,,,,
1785764657476126673,745671708903,cmd_vel,0.0,0.0,,,,,,,,
1785764657524237913,745719819501,/epuck1/state,,,,7,5298,,,0.0,0.0,0.0
1785764657524555878,745720137144,cmd_vel,0.0,0.0,,,,,,,,
1785764657576204507,745771786523,cmd_vel,0.0,0.0,,,,,,,,
1785764657624619776,745820202114,cmd_vel,0.0,0.0,,,,,,,,
1785764657642622965,745838204981,/epuck1/state,,,,7,5299,,,0.0,0.0,0.0
1785764657674996008,745870578668,cmd_vel,0.0,0.0,,,,,,,,
1785764657724987166,745920569397,cmd_vel,0.0,0.0,,,,,,,,
1785764657744389252,745939971375,/epuck1/state,,,,7,5300,,,0.0,0.0,0.0
1785764657775384089,745970966534,cmd_vel,0.0,0.0,,,,,,,,
1785764657825848442,746021430566,cmd_vel,0.0,0.0,,,,,,,,
1785764657863846229,746059428567,/epuck1/state,,,,7,5301,,,0.0,0.0,0.0
1785764657875767345,746071349469,cmd_vel,0.0,0.0,,,,,,,,
1785764657925194507,746120776630,cmd_vel,0.0,0.0,,,,,,,,
1785764657975093148,746170675164,cmd_vel,0.0,0.0,,,,,,,,
1785764657982645729,746178227531,/epuck1/state,,,,7,5302,,,0.0,0.0,0.0
1785764658025035100,746220617116,cmd_vel,0.0,0.0,,,,,,,,
1785764658075643320,746271226194,cmd_vel,0.0,0.0,,,,,,,,
1785764658083173496,746278755833,/epuck1/state,,,,7,5303,,,0.0,0.0,0.0
1785764658124873335,746320455351,cmd_vel,0.0,0.0,,,,,,,,
1785764658176618763,748479149154,cmd_vel,0.0,0.0,,,,,,,,
1785764658203336295,748505867437,/epuck1/state,,,,7,5304,,,0.0,0.0,0.0
1785764658225238362,748527769075,cmd_vel,0.0,0.0,,,,,,,,
1785764658239593100,748542123170,/epuck_bridge/status,,,,,,True,6228,,,
1785764658275517254,748578047538,cmd_vel,0.0,0.0,,,,,,,,
1785764658303174637,748605705136,/epuck1/state,,,,7,5305,,,0.0,0.0,0.0
1785764658325022780,748627553065,cmd_vel,0.0,0.0,,,,,,,,
1785764658376025509,748678556222,cmd_vel,0.0,0.0,,,,,,,,
1785764658423100630,748725630699,/epuck1/state,,,,7,5306,,,0.0,0.0,0.0
1785764658424696780,748727227278,cmd_vel,0.0,0.0,,,,,,,,
1785764658475643977,748778174261,cmd_vel,0.0,0.0,,,,,,,,
1785764658526205135,748828735955,cmd_vel,0.0,0.0,,,,,,,,
1785764658543106595,748845637415,/epuck1/state,,,,7,5307,,,0.0,0.0,0.0
1785764658574559742,748877090154,cmd_vel,0.0,0.0,,,,,,,,
1785764658624270385,748926800997,cmd_vel,0.0,0.0,,,,,,,,
1785764658663010441,748965540653,/epuck1/state,,,,7,5308,,,0.0,0.0,0.0
1785764658675535027,748978065639,cmd_vel,0.0,0.0,,,,,,,,
1785764658725052370,749027582982,cmd_vel,0.0,0.0,,,,,,,,
1785764658763644426,749066174538,/epuck1/state,,,,7,5309,,,0.0,0.0,0.0
1785764658775367012,749077897924,cmd_vel,0.0,0.0,,,,,,,,
1785764658825737255,749128267867,cmd_vel,0.0,0.0,,,,,,,,
1785764658874477899,749177008311,cmd_vel,0.0,0.0,,,,,,,,
1785764658882734289,749185264601,/epuck1/state,,,,7,5310,,,0.0,0.0,0.0
1785764658924925141,749227456253,cmd_vel,0.0,0.0,,,,,,,,
1785764658974534484,749277064796,cmd_vel,0.0,0.0,,,,,,,,
1785764659002843652,749305374764,/epuck1/state,,,,7,5311,,,0.0,0.0,0.0
1785764659025508126,749328038338,cmd_vel,0.0,0.0,,,,,,,,
1785764659074827069,749377357881,cmd_vel,0.0,0.0,,,,,,,,
1785764659103638236,749406168148,/epuck1/state,,,,7,5312,,,0.0,0.0,0.0
1785764659125061912,749427592124,cmd_vel,0.0,0.0,,,,,,,,
1785764659175029254,749477560066,cmd_vel,0.0,0.0,,,,,,,,
1785764659223271899,749525802211,/epuck1/state,,,,7,5313,,,0.0,0.0,0.0
1785764659224396698,749526926910,cmd_vel,0.0,0.0,,,,,,,,
1785764659239421981,749541951993,/epuck_bridge/status,,,,,,True,6237,,,
1785764659275405201,749577935878,cmd_vel,0.0,0.0,,,,,,,,
1785764659323547985,749626078662,/epuck1/state,,,,7,5314,,,0.0,0.0,0.0
1785764659324053144,749626582669,cmd_vel,0.0,0.0,,,,,,,,
1785764659375630252,749678160719,cmd_vel,0.0,0.0,,,,,,,,
1785764659424462621,749726992984,cmd_vel,0.0,0.0,,,,,,,,
1785764659442482415,749745012778,/epuck1/state,,,,7,5315,,,0.0,0.0,0.0
1785764659474866117,749777396689,cmd_vel,0.0,0.0,,,,,,,,
1785764659524564965,749827095433,cmd_vel,0.0,0.0,,,,,,,,
1785764659542502537,749845032690,/epuck1/state,,,,7,5316,,,0.0,0.0,0.0
1785764659575482303,749878013189,cmd_vel,0.0,0.0,,,,,,,,
1785764659624520334,749927051115,cmd_vel,0.0,0.0,,,,,,,,
1785764659662638928,749965169082,/epuck1/state,,,,7,5317,,,0.0,0.0,0.0
1785764659674683019,749977213277,cmd_vel,0.0,0.0,,,,,,,,
1785764659724786392,750027317068,cmd_vel,0.0,0.0,,,,,,,,
1785764659775002428,750077533000,cmd_vel,0.0,0.0,,,,,,,,
1785764659783727788,750086257941,/epuck1/state,,,,7,5318,,,0.0,0.0,0.0
1785764659824961544,750127492011,cmd_vel,0.0,0.0,,,,,,,,
1785764659877836541,750180366903,cmd_vel,0.0,0.0,,,,,,,,
1785764659887525875,750190056447,/epuck1/state,,,,7,5319,,,0.0,0.0,0.0
1785764659924373362,750226903934,cmd_vel,0.0,0.0,,,,,,,,
1785764659977118434,750279648692,cmd_vel,0.0,0.0,,,,,,,,
1785764660002691754,750305222013,/epuck1/state,,,,7,5320,,,0.0,0.0,0.0
1785764660024922388,750327452751,cmd_vel,0.0,0.0,,,,,,,,
1785764660074992390,750377522544,cmd_vel,0.0,0.0,,,,,,,,
1785764660122399771,750424929924,/epuck1/state,,,,7,5321,,,0.0,0.0,0.0
1785764660124219555,750426750022,cmd_vel,0.0,0.0,,,,,,,,
1785764660175248824,750477778978,cmd_vel,0.0,0.0,,,,,,,,
1785764660224416571,750526946829,cmd_vel,0.0,0.0,,,,,,,,
1785764660239504898,750542034947,/epuck_bridge/status,,,,,,True,6246,,,
1785764660242538673,750545068722,/epuck1/state,,,,7,5322,,,0.0,0.0,0.0
1785764660275021963,750577552744,cmd_vel,0.0,0.0,,,,,,,,
1785764660324645597,750627176483,cmd_vel,0.0,0.0,,,,,,,,
1785764660342899089,750645429347,/epuck1/state,,,,7,5323,,,0.0,0.0,0.0
1785764660375338233,750677868596,cmd_vel,0.0,0.0,,,,,,,,
1785764660425079239,750727609497,cmd_vel,0.0,0.0,,,,,,,,
1785764660442533934,750745064192,/epuck1/state,,,,7,5324,,,0.0,0.0,0.0
1785764660475674693,750778204952,cmd_vel,0.0,0.0,,,,,,,,
1785764660525120178,750827650540,cmd_vel,0.0,0.0,,,,,,,,
1785764660563517661,750866047919,/epuck1/state,,,,7,5325,,,0.0,0.0,0.0
1785764660575230873,750877761444,cmd_vel,0.0,0.0,,,,,,,,
1785764660624531054,750927061731,cmd_vel,0.0,0.0,,,,,,,,
1785764660674914780,750977445038,cmd_vel,0.0,0.0,,,,,,,,
1785764660682519460,750985049822,/epuck1/state,,,,7,5326,,,0.0,0.0,0.0
1785764660725142846,751027673209,cmd_vel,0.0,0.0,,,,,,,,
1785764660775018275,751077549265,cmd_vel,0.0,0.0,,,,,,,,
1785764660783109702,751085639751,/epuck1/state,,,,7,5327,,,0.0,0.0,0.0
1785764660824650696,751127182314,cmd_vel,0.0,0.0,,,,,,,,
1785764660875939187,751178469341,cmd_vel,0.0,0.0,,,,,,,,
1785764660883064024,751185595014,/epuck1/state,,,,7,5328,,,0.0,0.0,0.0
1785764660924513485,751227044684,cmd_vel,0.0,0.0,,,,,,,,
1785764660975596523,751278127723,cmd_vel,0.0,0.0,,,,,,,,
1785764660982864466,751285394619,/epuck1/state,,,,7,5329,,,0.0,0.0,0.0
1785764661024708931,751327239294,cmd_vel,0.0,0.0,,,,,,,,
1785764661075943653,751378474225,cmd_vel,0.0,0.0,,,,,,,,
1785764661102726467,751405257039,/epuck1/state,,,,7,5330,,,0.0,0.0,0.0
1785764661125030641,751427561632,cmd_vel,0.0,0.0,,,,,,,,
1785764661175512909,751478043376,cmd_vel,0.0,0.0,,,,,,,,
1785764661224440786,751526970939,/epuck1/state,,,,7,5331,,,0.0,0.0,0.0
1785764661224915294,751527444820,cmd_vel,0.0,0.0,,,,,,,,
1785764661239507250,751542037298,/epuck_bridge/status,,,,,,True,6255,,,
1785764661275383439,751577914115,cmd_vel,0.0,0.0,,,,,,,,
1785764661326142502,751628672760,cmd_vel,0.0,0.0,,,,,,,,
1785764661342354020,751644884069,/epuck1/state,,,,7,5332,,,0.0,0.0,0.0
1785764661375894073,751678424959,cmd_vel,0.0,0.0,,,,,,,,
1785764661425214759,751727745435,cmd_vel,0.0,0.0,,,,,,,,
1785764661442344746,751744874795,/epuck1/state,,,,7,5333,,,0.0,0.0,0.0
1785764661476274888,751778805250,cmd_vel,0.0,0.0,,,,,,,,
1785764661524495815,751827026387,cmd_vel,0.0,0.0,,,,,,,,
1785764661543037401,751845567554,/epuck1/state,,,,7,5334,,,0.0,0.0,0.0
1785764661575119305,751877649877,cmd_vel,0.0,0.0,,,,,,,,
1785764661624864913,751927395276,cmd_vel,0.0,0.0,,,,,,,,
1785764661663139690,751965670471,/epuck1/state,,,,7,5335,,,0.0,0.0,0.0
1785764661674637302,751977167560,cmd_vel,0.0,0.0,,,,,,,,
1785764661725372828,752027903504,cmd_vel,0.0,0.0,,,,,,,,
1785764661763466317,752065996784,/epuck1/state,,,,7,5336,,,0.0,0.0,0.0
1785764661775956985,752078487243,cmd_vel,0.0,0.0,,,,,,,,
1785764661824632230,752127162802,cmd_vel,0.0,0.0,,,,,,,,
1785764661875831804,752178362062,cmd_vel,0.0,0.0,,,,,,,,
1785764661883077569,752185607723,/epuck1/state,,,,7,5337,,,0.0,0.0,0.0
1785764661926520047,752229050305,cmd_vel,0.0,0.0,,,,,,,,
1785764661974794534,752277325211,cmd_vel,0.0,0.0,,,,,,,,
1785764662003329868,752305859917,/epuck1/state,,,,7,5338,,,0.0,0.0,0.0
1785764662025047498,752327578174,cmd_vel,0.0,0.0,,,,,,,,
1785764662075924874,752378455342,cmd_vel,0.0,0.0,,,,,,,,
1785764662103537763,752406067812,/epuck1/state,,,,7,5339,,,0.0,0.0,0.0
1785764662125173693,752427704474,cmd_vel,0.0,0.0,,,,,,,,
1785764662175228003,752477758575,cmd_vel,0.0,0.0,,,,,,,,
1785764662203742729,752506272987,/epuck1/state,,,,7,5340,,,0.0,0.0,0.0
1785764662225432742,752527963314,cmd_vel,0.0,0.0,,,,,,,,
1785764662241738617,752544268771,/epuck_bridge/status,,,,,,True,6264,,,
1785764662274976768,752577507445,cmd_vel,0.0,0.0,,,,,,,,
1785764662322932406,752625463292,/epuck1/state,,,,7,5341,,,0.0,0.0,0.0
1785764662324419951,752626950418,cmd_vel,0.0,0.0,,,,,,,,
1785764662374933706,752677464591,cmd_vel,0.0,0.0,,,,,,,,
1785764662423497856,752726028428,/epuck1/state,,,,7,5342,,,0.0,0.0,0.0
1785764662424719065,752727249114,cmd_vel,0.0,0.0,,,,,,,,
1785764662475345694,752777876266,cmd_vel,0.0,0.0,,,,,,,,
1785764662524541998,752827072466,cmd_vel,0.0,0.0,,,,,,,,
1785764662542922904,752845453267,/epuck1/state,,,,7,5343,,,0.0,0.0,0.0
1785764662575297610,752877828182,cmd_vel,0.0,0.0,,,,,,,,
1785764662625153686,752927684362,cmd_vel,0.0,0.0,,,,,,,,
1785764662663614562,752966144716,/epuck1/state,,,,7,5344,,,0.0,0.0,0.0
1785764662674450624,752976981092,cmd_vel,0.0,0.0,,,,,,,,
1785764662724810917,753027341594,cmd_vel,0.0,0.0,,,,,,,,
1785764662775256257,753077787143,cmd_vel,0.0,0.0,,,,,,,,
1785764662783228116,753085759630,/epuck1/state,,,,7,5345,,,0.0,0.0,0.0
1785764662825145703,753127676275,cmd_vel,0.0,0.0,,,,,,,,
1785764662874732724,753177263714,cmd_vel,0.0,0.0,,,,,,,,
1785764662902666973,753205198172,/epuck1/state,,,,7,5346,,,0.0,0.0,0.0
1785764662924710879,753227241660,cmd_vel,0.0,0.0,,,,,,,,
1785764662975014996,753277545359,cmd_vel,0.0,0.0,,,,,,,,
1785764663023656453,753326187653,/epuck1/state,,,,7,5347,,,0.0,0.0,0.0
1785764663024504940,753327034465,cmd_vel,0.0,0.0,,,,,,,,
1785764663075157511,753377688397,cmd_vel,0.0,0.0,,,,,,,,
1785764663125879124,753428409801,cmd_vel,0.0,0.0,,,,,,,,
1785764663142283332,753444813590,/epuck1/state,,,,7,5348,,,0.0,0.0,0.0
1785764663175147609,753477678286,cmd_vel,0.0,0.0,,,,,,,,
1785764663225042181,753527573276,cmd_vel,0.0,0.0,,,,,,,,
1785764663239692718,753542222977,/epuck_bridge/status,,,,,,True,6272,,,
1785764663242610168,753545141158,/epuck1/state,,,,7,5349,,,0.0,0.0,0.0
1785764663275860245,753578390712,cmd_vel,0.0,0.0,,,,,,,,
1785764663324513418,753627044094,cmd_vel,0.0,0.0,,,,,,,,
1785764663363738465,753666268619,/epuck1/state,,,,7,5350,,,0.0,0.0,0.0
1785764663375087950,753677618627,cmd_vel,0.0,0.0,,,,,,,,
1785764663426520489,753729050747,cmd_vel,0.0,0.0,,,,,,,,
1785764663475386228,753777916381,cmd_vel,0.0,0.0,,,,,,,,
1785764663483024592,753785554746,/epuck1/state,,,,7,5351,,,0.0,0.0,0.0
1785764663525110182,753827640440,cmd_vel,0.0,0.0,,,,,,,,
1785764663575227467,753877757725,cmd_vel,0.0,0.0,,,,,,,,
1785764663603488306,753906018355,/epuck1/state,,,,7,5352,,,0.0,0.0,0.0
1785764663625029460,753927560660,cmd_vel,0.0,0.0,,,,,,,,
1785764663674755507,753977285765,cmd_vel,0.0,0.0,,,,,,,,
1785764663702963413,754005493985,/epuck1/state,,,,7,5353,,,0.0,0.0,0.0
1785764663725616564,754028147031,cmd_vel,0.0,0.0,,,,,,,,
1785764663775043951,754077574314,cmd_vel,0.0,0.0,,,,,,,,
1785764663823580798,754126110952,/epuck1/state,,,,7,5354,,,0.0,0.0,0.0
1785764663824727421,754127257679,cmd_vel,0.0,0.0,,,,,,,,
1785764663874919607,754177449865,cmd_vel,0.0,0.0,,,,,,,,
1785764663923352054,754225882312,/epuck1/state,,,,7,5355,,,0.0,0.0,0.0
1785764663924908850,754227439213,cmd_vel,0.0,0.0,,,,,,,,
1785764663974812105,754277342468,cmd_vel,0.0,0.0,,,,,,,,
1785764664024327050,754326857412,/epuck1/state,,,,7,5356,,,0.0,0.0,0.0
1785764664024842460,754327372195,cmd_vel,0.0,0.0,,,,,,,,
1785764664075119797,754377649951,cmd_vel,0.0,0.0,,,,,,,,
1785764664126323346,754428853604,cmd_vel,0.0,0.0,,,,,,,,
1785764664142414981,754444945344,/epuck1/state,,,,7,5357,,,0.0,0.0,0.0
1785764664175086777,754477617454,cmd_vel,0.0,0.0,,,,,,,,
1785764664224644089,754527174347,cmd_vel,0.0,0.0,,,,,,,,
1785764664240209016,754542739483,/epuck_bridge/status,,,,,,True,6281,,,
1785764664244561706,754547092278,/epuck1/state,,,,7,5358,,,0.0,0.0,0.0
1785764664275643021,754578173489,cmd_vel,0.0,0.0,,,,,,,,
1785764664324839012,754627369584,cmd_vel,0.0,0.0,,,,,,,,
1785764664342707542,754645238009,/epuck1/state,,,,7,5359,,,0.0,0.0,0.0
1785764664376423130,754678953492,cmd_vel,0.0,0.0,,,,,,,,
1785764664424945855,754727476322,cmd_vel,0.0,0.0,,,,,,,,
1785764664463763659,754766293917,/epuck1/state,,,,7,5360,,,0.0,0.0,0.0
1785764664474964598,754777494856,cmd_vel,0.0,0.0,,,,,,,,
1785764664525972214,754828503099,cmd_vel,0.0,0.0,,,,,,,,
1785764664563400910,754865931063,/epuck1/state,,,,7,5361,,,0.0,0.0,0.0
1785764664574899986,754877430872,cmd_vel,0.0,0.0,,,,,,,,
1785764664625878834,754928409615,cmd_vel,0.0,0.0,,,,,,,,
1785764664664091682,754966621940,/epuck1/state,,,,7,5362,,,0.0,0.0,0.0
1785764664675483533,754978014210,cmd_vel,0.0,0.0,,,,,,,,
1785764664725173071,755027703852,cmd_vel,0.0,0.0,,,,,,,,
1785764664775170056,755077700418,cmd_vel,0.0,0.0,,,,,,,,
1785764664782609453,755085140130,/epuck1/state,,,,7,5363,,,0.0,0.0,0.0
1785764664825461306,755127992297,cmd_vel,0.0,0.0,,,,,,,,
1785764664875644391,755178175381,cmd_vel,0.0,0.0,,,,,,,,
1785764664882722677,755185252830,/epuck1/state,,,,7,5364,,,0.0,0.0,0.0
1785764664925243651,755227774223,cmd_vel,0.0,0.0,,,,,,,,
1785764664974777948,755277308206,cmd_vel,0.0,0.0,,,,,,,,
1785764665003450634,755305981729,/epuck1/state,,,,7,5365,,,0.0,0.0,0.0
1785764665025760876,755328291134,cmd_vel,0.0,0.0,,,,,,,,
1785764665074777880,755377308347,cmd_vel,0.0,0.0,,,,,,,,
1785764665103395960,755405926322,/epuck1/state,,,,7,5366,,,0.0,0.0,0.0
1785764665124683854,755427214531,cmd_vel,0.0,0.0,,,,,,,,
1785764665174669332,755477199799,cmd_vel,0.0,0.0,,,,,,,,
1785764665223001877,755525532763,/epuck1/state,,,,7,5367,,,0.0,0.0,0.0
1785764665224523002,755527053469,cmd_vel,0.0,0.0,,,,,,,,
1785764665239907164,755542437527,/epuck_bridge/status,,,,,,True,6290,,,
1785764665274582647,755577113638,cmd_vel,0.0,0.0,,,,,,,,
1785764665324524398,755627054656,cmd_vel,0.0,0.0,,,,,,,,
1785764665343335353,755645865506,/epuck1/state,,,,7,5368,,,0.0,0.0,0.0
1785764665374971203,755677501565,cmd_vel,0.0,0.0,,,,,,,,
1785764665424670783,755727201355,cmd_vel,0.0,0.0,,,,,,,,
1785764665462612483,755765142637,/epuck1/state,,,,7,5369,,,0.0,0.0,0.0
1785764665475011828,755777542295,cmd_vel,0.0,0.0,,,,,,,,
1785764665524427603,755826957965,cmd_vel,0.0,0.0,,,,,,,,
1785764665562623085,755865153239,/epuck1/state,,,,7,5370,,,0.0,0.0,0.0
1785764665575812021,755878342279,cmd_vel,0.0,0.0,,,,,,,,
1785764665625332719,755927862977,cmd_vel,0.0,0.0,,,,,,,,
1785764665675238903,755977769788,cmd_vel,0.0,0.0,,,,,,,,
1785764665683175299,755985705557,/epuck1/state,,,,7,5371,,,0.0,0.0,0.0
1785764665724552998,756027083360,cmd_vel,0.0,0.0,,,,,,,,
1785764665775527033,756078057396,cmd_vel,0.0,0.0,,,,,,,,
1785764665802857895,756105387944,/epuck1/state,,,,7,5372,,,0.0,0.0,0.0
1785764665825332687,756127862841,cmd_vel,0.0,0.0,,,,,,,,
1785764665874376158,756176906416,cmd_vel,0.0,0.0,,,,,,,,
1785764665922398955,756224929004,/epuck1/state,,,,7,5373,,,0.0,0.0,0.0
1785764665924349710,756226880073,cmd_vel,0.0,0.0,,,,,,,,
1785764665974577881,756277108767,cmd_vel,0.0,0.0,,,,,,,,
1785764666025809256,756328339514,cmd_vel,0.0,0.0,,,,,,,,
1785764666042491620,756345021773,/epuck1/state,,,,7,5374,,,0.0,0.0,0.0
1785764666075294073,756377824331,cmd_vel,0.0,0.0,,,,,,,,
1785764666125272855,756427803427,cmd_vel,0.0,0.0,,,,,,,,
1785764666163342179,756465872647,/epuck1/state,,,,7,5375,,,0.0,0.0,0.0
1785764666175031331,756477562426,cmd_vel,0.0,0.0,,,,,,,,
1785764666225688923,756528219181,cmd_vel,0.0,0.0,,,,,,,,
1785764666239525390,756542055439,/epuck_bridge/status,,,,,,True,6298,,,
1785764666275150622,756577681089,cmd_vel,0.0,0.0,,,,,,,,
1785764666282754360,756585284618,/epuck1/state,,,,7,5376,,,0.0,0.0,0.0
1785764666324725508,756627256289,cmd_vel,0.0,0.0,,,,,,,,
1785764666375438334,756677969220,cmd_vel,0.0,0.0,,,,,,,,
1785764666382932860,756685463328,/epuck1/state,,,,7,5377,,,0.0,0.0,0.0
1785764666425687009,756728217371,cmd_vel,0.0,0.0,,,,,,,,
1785764666474721169,756777251531,cmd_vel,0.0,0.0,,,,,,,,
1785764666503866166,756806396424,/epuck1/state,,,,7,5378,,,0.0,0.0,0.0
1785764666526057885,756828588562,cmd_vel,0.0,0.0,,,,,,,,
1785764666575583814,756878114072,cmd_vel,0.0,0.0,,,,,,,,
1785764666622617634,756925147788,/epuck1/state,,,,7,5379,,,0.0,0.0,0.0
1785764666625119890,756927650148,cmd_vel,0.0,0.0,,,,,,,,
1785764666675477986,756978008244,cmd_vel,0.0,0.0,,,,,,,,
1785764666725038645,757027569112,cmd_vel,0.0,0.0,,,,,,,,
1785764666725199220,757027728746,/epuck1/state,,,,7,5380,,,0.0,0.0,0.0
1785764666774694917,757077225175,cmd_vel,0.0,0.0,,,,,,,,
1785764666825153333,757127683696,cmd_vel,0.0,0.0,,,,,,,,
1785764666825313385,757127842806,/epuck1/state,,,,7,5381,,,0.0,0.0,0.0
1785764666876179359,757178709617,cmd_vel,0.0,0.0,,,,,,,,
1785764666925274193,757227805183,cmd_vel,0.0,0.0,,,,,,,,
1785764666942937060,757245467214,/epuck1/state,,,,7,5382,,,0.0,0.0,0.0
1785764666975532492,757278062750,cmd_vel,0.0,0.0,,,,,,,,
1785764667024957054,757327488881,cmd_vel,0.0,0.0,,,,,,,,
1785764667043033442,757345563700,/epuck1/state,,,,7,5383,,,0.0,0.0,0.0
1785764667075213783,757377744983,cmd_vel,0.0,0.0,,,,,,,,
1785764667125626590,757428157267,cmd_vel,0.0,0.0,,,,,,,,
1785764667143578389,757446108647,/epuck1/state,,,,7,5384,,,0.0,0.0,0.0
1785764667174428308,757476958671,cmd_vel,0.0,0.0,,,,,,,,
1785764667224765692,757527296682,cmd_vel,0.0,0.0,,,,,,,,
1785764667239501590,757542031639,/epuck_bridge/status,,,,,,True,6307,,,
1785764667262522547,757565052596,/epuck1/state,,,,7,5385,,,0.0,0.0,0.0
1785764667275422761,757577953542,cmd_vel,0.0,0.0,,,,,,,,
1785764667327186430,757629716617,cmd_vel,0.0,0.0,,,,,,,,
1785764667363862530,757666393042,/epuck1/state,,,,7,5386,,,0.0,0.0,0.0
1785764667375119325,757677649945,cmd_vel,0.0,0.0,,,,,,,,
1785764667427109191,757729639486,cmd_vel,0.0,0.0,,,,,,,,
1785764667475092461,757777623189,cmd_vel,0.0,0.0,,,,,,,,
1785764667483861059,757786391788,/epuck1/state,,,,7,5387,,,0.0,0.0,0.0
1785764667524730087,757827260599,cmd_vel,0.0,0.0,,,,,,,,
1785764667576170053,757878701540,cmd_vel,0.0,0.0,,,,,,,,
1785764667583643853,757886174148,/epuck1/state,,,,7,5388,,,0.0,0.0,0.0
1785764667625866938,757928397558,cmd_vel,0.0,0.0,,,,,,,,
1785764667675827289,757978357584,cmd_vel,0.0,0.0,,,,,,,,
1785764667683207272,757985737459,/epuck1/state,,,,7,5389,,,0.0,0.0,0.0
1785764667724699325,758027229620,cmd_vel,0.0,0.0,,,,,,,,
1785764667776865015,758079395744,cmd_vel,0.0,0.0,,,,,,,,
1785764667802927385,758105457464,/epuck1/state,,,,7,5390,,,0.0,0.0,0.0
1785764667825201776,758127732180,cmd_vel,0.0,0.0,,,,,,,,
1785764667875255402,758177786131,cmd_vel,0.0,0.0,,,,,,,,
1785764667924094396,758226625017,/epuck1/state,,,,7,5391,,,0.0,0.0,0.0
1785764667925066362,758227596549,cmd_vel,0.0,0.0,,,,,,,,
1785764667975273929,758277804333,cmd_vel,0.0,0.0,,,,,,,,
1785764668027101403,758329631807,cmd_vel,0.0,0.0,,,,,,,,
1785764668043684401,758346214696,/epuck1/state,,,,7,5392,,,0.0,0.0,0.0
1785764668076342097,758378872392,cmd_vel,0.0,0.0,,,,,,,,
1785764668125484316,758428014611,cmd_vel,0.0,0.0,,,,,,,,
1785764668142838971,758445369483,/epuck1/state,,,,7,5393,,,0.0,0.0,0.0
1785764668175749733,758478280028,cmd_vel,0.0,0.0,,,,,,,,
1785764668224396436,758526927056,cmd_vel,0.0,0.0,,,,,,,,
1785764668239573702,758542103889,/epuck_bridge/status,,,,,,True,6314,,,
1785764668263109308,758565639495,/epuck1/state,,,,7,5394,,,0.0,0.0,0.0
1785764668275942243,758578472539,cmd_vel,0.0,0.0,,,,,,,,
1785764668327561393,758630091688,cmd_vel,0.0,0.0,,,,,,,,
1785764668363683043,758666213880,/epuck1/state,,,,7,5395,,,0.0,0.0,0.0
1785764668374733464,758677264084,cmd_vel,0.0,0.0,,,,,,,,
1785764668425559722,758728090451,cmd_vel,0.0,0.0,,,,,,,,
1785764668464101428,758766632048,/epuck1/state,,,,7,5396,,,0.0,0.0,0.0
1785764668475139282,758777669577,cmd_vel,0.0,0.0,,,,,,,,
1785764668526304190,758828834485,cmd_vel,0.0,0.0,,,,,,,,
1785764668576617382,758879148869,cmd_vel,0.0,0.0,,,,,,,,
1785764668583300241,758885831187,/epuck1/state,,,,7,5397,,,0.0,0.0,0.0
1785764668625310343,758927841180,cmd_vel,0.0,0.0,,,,,,,,
1785764668675417594,758977948214,cmd_vel,0.0,0.0,,,,,,,,
1785764668702893713,759005423900,/epuck1/state,,,,7,5398,,,0.0,0.0,0.0
1785764668725259212,759027789724,cmd_vel,0.0,0.0,,,,,,,,
1785764668776628978,759079159490,cmd_vel,0.0,0.0,,,,,,,,
1785764668803312423,759105842610,/epuck1/state,,,,7,5399,,,0.0,0.0,0.0
1785764668826117972,759128649025,cmd_vel,0.0,0.0,,,,,,,,
1785764668876996230,759179526634,cmd_vel,0.0,0.0,,,,,,,,
1785764668923653176,759226183363,/epuck1/state,,,,7,5400,,,0.0,0.0,0.0
1785764668924905075,759227435370,cmd_vel,0.0,0.0,,,,,,,,
1785764668974961409,759277492355,cmd_vel,0.0,0.0,,,,,,,,
1785764669023874503,759326404907,/epuck1/state,,,,7,5401,,,0.0,0.0,0.0
1785764669024692527,759327222389,cmd_vel,0.0,0.0,,,,,,,,
1785764669075362244,759377893081,cmd_vel,0.0,0.0,,,,,,,,
1785764669124279997,759426810834,/epuck1/state,,,,7,5402,,,0.0,0.0,0.0
1785764669125974870,759428505273,cmd_vel,0.0,0.0,,,,,,,,
1785764669176742953,759479274115,cmd_vel,0.0,0.0,,,,,,,,
1785764669225842705,759528373542,cmd_vel,0.0,0.0,,,,,,,,
1785764669239560615,759542090693,/epuck_bridge/status,,,,,,True,6322,,,
1785764669242321161,759544851132,/epuck1/state,,,,7,5403,,,0.0,0.0,0.0
1785764669276995588,759579525884,cmd_vel,0.0,0.0,,,,,,,,
1785764669326514373,759629044777,cmd_vel,0.0,0.0,,,,,,,,
1785764669342635980,759645167142,/epuck1/state,,,,7,5404,,,0.0,0.0,0.0
1785764669375788650,759678319054,cmd_vel,0.0,0.0,,,,,,,,
1785764669426271709,759728802004,cmd_vel,0.0,0.0,,,,,,,,
1785764669443528648,759746059268,/epuck1/state,,,,7,5405,,,0.0,0.0,0.0
1785764669476075627,759778606464,cmd_vel,0.0,0.0,,,,,,,,
1785764669525754312,759828284932,cmd_vel,0.0,0.0,,,,,,,,
1785764669563685343,759866215639,/epuck1/state,,,,7,5406,,,0.0,0.0,0.0
1785764669576432045,759878962666,cmd_vel,0.0,0.0,,,,,,,,
1785764669627335112,759929865408,cmd_vel,0.0,0.0,,,,,,,,
1785764669675940648,759978470835,cmd_vel,0.0,0.0,,,,,,,,
1785764669683168857,759985699477,/epuck1/state,,,,7,5407,,,0.0,0.0,0.0
1785764669725240708,760027771437,cmd_vel,0.0,0.0,,,,,,,,
1785764669776354808,760078885212,cmd_vel,0.0,0.0,,,,,,,,
1785764669783078075,760085608479,/epuck1/state,,,,7,5408,,,0.0,0.0,0.0
1785764669825714452,760128245289,cmd_vel,0.0,0.0,,,,,,,,
1785764669874889062,760177419466,cmd_vel,0.0,0.0,,,,,,,,
1785764669903514813,760206045325,/epuck1/state,,,,7,5409,,,0.0,0.0,0.0
1785764669924711505,760227242017,cmd_vel,0.0,0.0,,,,,,,,
1785764669975683905,760278215175,cmd_vel,0.0,0.0,,,,,,,,
1785764670004230464,760306761301,/epuck1/state,,,,7,5410,,,0.0,0.0,0.0
1785764670025773606,760328303901,cmd_vel,0.0,0.0,,,,,,,,
1785764670075885840,760378416460,cmd_vel,0.0,0.0,,,,,,,,
1785764670123396777,760425927614,/epuck1/state,,,,7,5411,,,0.0,0.0,0.0
1785764670125080600,760427611546,cmd_vel,0.0,0.0,,,,,,,,
1785764670176478425,760479008829,cmd_vel,0.0,0.0,,,,,,,,
1785764670225086669,760527617290,cmd_vel,0.0,0.0,,,,,,,,
1785764670241219109,760543749188,/epuck_bridge/status,,,,,,True,6331,,,
1785764670242478591,760545008670,/epuck1/state,,,,7,5412,,,0.0,0.0,0.0
1785764670275311895,760577842624,cmd_vel,0.0,0.0,,,,,,,,
1785764670326370203,760628900390,cmd_vel,0.0,0.0,,,,,,,,
1785764670342863609,760645393905,/epuck1/state,,,,7,5413,,,0.0,0.0,0.0
1785764670374861231,760677391635,cmd_vel,0.0,0.0,,,,,,,,
1785764670427065488,760729595892,cmd_vel,0.0,0.0,,,,,,,,
1785764670462845997,760765376401,/epuck1/state,,,,7,5414,,,0.0,0.0,0.0
1785764670476178673,760778709077,cmd_vel,0.0,0.0,,,,,,,,
1785764670525247984,760827778387,cmd_vel,0.0,0.0,,,,,,,,
1785764670564382381,760866912676,/epuck1/state,,,,7,5415,,,0.0,0.0,0.0
1785764670576436075,760878966262,cmd_vel,0.0,0.0,,,,,,,,
1785764670625650552,760928180847,cmd_vel,0.0,0.0,,,,,,,,
1785764670676566294,760979096697,cmd_vel,0.0,0.0,,,,,,,,
1785764670682896962,760985427149,/epuck1/state,,,,7,5416,,,0.0,0.0,0.0
1785764670724995030,761027525542,cmd_vel,0.0,0.0,,,,,,,,
1785764670775993972,761078524050,cmd_vel,0.0,0.0,,,,,,,,
1785764670802688358,761105218978,/epuck1/state,,,,7,5417,,,0.0,0.0,0.0
1785764670824757349,761127288728,cmd_vel,0.0,0.0,,,,,,,,
1785764670876378990,761178909719,cmd_vel,0.0,0.0,,,,,,,,
1785764670903430876,761205961063,/epuck1/state,,,,7,5418,,,0.0,0.0,0.0
1785764670926048683,761228579087,cmd_vel,0.0,0.0,,,,,,,,
1785764670977403066,761279933361,cmd_vel,0.0,0.0,,,,,,,,
1785764671004150210,761306680289,/epuck1/state,,,,7,5419,,,0.0,0.0,0.0
1785764671024926028,761327456215,cmd_vel,0.0,0.0,,,,,,,,
1785764671075684470,761378214765,cmd_vel,0.0,0.0,,,,,,,,
1785764671124420764,761426951493,/epuck1/state,,,,7,5420,,,0.0,0.0,0.0
1785764671126286045,761428816341,cmd_vel,0.0,0.0,,,,,,,,
1785764671175780455,761478310751,cmd_vel,0.0,0.0,,,,,,,,
1785764671225060257,761527606153,cmd_vel,0.0,0.0,,,,,,,,
1785764671239713732,761542243702,/epuck_bridge/status,,,,,,True,6339,,,
1785764671242454454,761544984533,/epuck1/state,,,,7,5421,,,0.0,0.0,0.0
1785764671275234025,761577764862,cmd_vel,0.0,0.0,,,,,,,,
1785764671324533977,761627064272,cmd_vel,0.0,0.0,,,,,,,,
1785764671362792174,761665322361,/epuck1/state,,,,7,5422,,,0.0,0.0,0.0
1785764671376322992,761678853288,cmd_vel,0.0,0.0,,,,,,,,
1785764671424439404,761726969808,cmd_vel,0.0,0.0,,,,,,,,
1785764671478189684,761780720738,cmd_vel,0.0,0.0,,,,,,,,
1785764671482967395,761785498232,/epuck1/state,,,,7,5423,,,0.0,0.0,0.0
1785764671525383638,761827914475,cmd_vel,0.0,0.0,,,,,,,,
1785764671576042847,761878573467,cmd_vel,0.0,0.0,,,,,,,,
1785764671603053999,761905584836,/epuck1/state,,,,7,5424,,,0.0,0.0,0.0
1785764671626064840,761928596110,cmd_vel,0.0,0.0,,,,,,,,
1785764671675545925,761978076328,cmd_vel,0.0,0.0,,,,,,,,
1785764671702855318,762005385397,/epuck1/state,,,,7,5425,,,0.0,0.0,0.0
1785764671726510308,762029040820,cmd_vel,0.0,0.0,,,,,,,,
1785764671774791278,762077321573,cmd_vel,0.0,0.0,,,,,,,,
1785764671824137921,762126669516,/epuck1/state,,,,7,5426,,,0.0,0.0,0.0
1785764671825115737,762127646249,cmd_vel,0.0,0.0,,,,,,,,
1785764671875018779,762177549183,cmd_vel,0.0,0.0,,,,,,,,
1785764671925309764,762227840384,cmd_vel,0.0,0.0,,,,,,,,
1785764671942402036,762244932114,/epuck1/state,,,,7,5427,,,0.0,0.0,0.0
1785764671975519498,762278050551,cmd_vel,0.0,0.0,,,,,,,,
1785764672024987799,762327518528,cmd_vel,0.0,0.0,,,,,,,,
1785764672042966454,762345497291,/epuck1/state,,,,7,5428,,,0.0,0.0,0.0
1785764672074967434,762377498271,cmd_vel,0.0,0.0,,,,,,,,
1785764672124694868,762427225272,cmd_vel,0.0,0.0,,,,,,,,
1785764672162571733,762465102245,/epuck1/state,,,,7,5429,,,0.0,0.0,0.0
1785764672174986178,762477517340,cmd_vel,0.0,0.0,,,,,,,,
1785764672225280737,762527811249,cmd_vel,0.0,0.0,,,,,,,,
1785764672240289869,762542820273,/epuck_bridge/status,,,,,,True,6347,,,
1785764672262862719,762565393556,/epuck1/state,,,,7,5430,,,0.0,0.0,0.0
1785764672276478361,762579008657,cmd_vel,0.0,0.0,,,,,,,,
1785764672325487330,762628017842,cmd_vel,0.0,0.0,,,,,,,,
1785764672375201332,762677732602,cmd_vel,0.0,0.0,,,,,,,,
1785764672382853881,762685384501,/epuck1/state,,,,7,5431,,,0.0,0.0,0.0
1785764672425452124,762727982853,cmd_vel,0.0,0.0,,,,,,,,
1785764672475796516,762778327353,cmd_vel,0.0,0.0,,,,,,,,
1785764672482840017,762785370312,/epuck1/state,,,,7,5432,,,0.0,0.0,0.0
1785764672526322042,762828853204,cmd_vel,0.0,0.0,,,,,,,,
1785764672576362126,762878893180,cmd_vel,0.0,0.0,,,,,,,,
1785764672603097462,762905627649,/epuck1/state,,,,7,5433,,,0.0,0.0,0.0
1785764672624524471,762927055200,cmd_vel,0.0,0.0,,,,,,,,
1785764672675201880,762977732608,cmd_vel,0.0,0.0,,,,,,,,
1785764672724508440,763027038627,/epuck1/state,,,,7,5434,,,0.0,0.0,0.0
1785764672724954556,763027484310,cmd_vel,0.0,0.0,,,,,,,,
1785764672775217048,763077747885,cmd_vel,0.0,0.0,,,,,,,,
1785764672825282049,763127813103,cmd_vel,0.0,0.0,,,,,,,,
1785764672842585896,763145116300,/epuck1/state,,,,7,5435,,,0.0,0.0,0.0
1785764672875747775,763178278612,cmd_vel,0.0,0.0,,,,,,,,
1785764672925072752,763227603264,cmd_vel,0.0,0.0,,,,,,,,
1785764672963219041,763265749228,/epuck1/state,,,,7,5436,,,0.0,0.0,0.0
1785764672975253453,763277784181,cmd_vel,0.0,0.0,,,,,,,,
1785764673026004203,763328535040,cmd_vel,0.0,0.0,,,,,,,,
1785764673062737936,763365268448,/epuck1/state,,,,7,5437,,,0.0,0.0,0.0
1785764673076241887,763378772182,cmd_vel,0.0,0.0,,,,,,,,
1785764673125123781,763427654618,cmd_vel,0.0,0.0,,,,,,,,
1785764673164100445,763466630523,/epuck1/state,,,,7,5438,,,0.0,0.0,0.0
1785764673175148482,763477679211,cmd_vel,0.0,0.0,,,,,,,,
1785764673224591542,763527122162,cmd_vel,0.0,0.0,,,,,,,,
1785764673239830558,763542360637,/epuck_bridge/status,,,,,,True,6355,,,
1785764673276697757,763579228703,cmd_vel,0.0,0.0,,,,,,,,
1785764673282956384,763585486787,/epuck1/state,,,,7,5439,,,0.0,0.0,0.0
1785764673325690801,763628221097,cmd_vel,0.0,0.0,,,,,,,,
1785764673376140277,763678671005,cmd_vel,0.0,0.0,,,,,,,,
1785764673383224619,763685755347,/epuck1/state,,,,7,5440,,,0.0,0.0,0.0
1785764673425800112,763728330840,cmd_vel,0.0,0.0,,,,,,,,
1785764673474793589,763777323776,cmd_vel,0.0,0.0,,,,,,,,
1785764673502938015,763805469069,/epuck1/state,,,,7,5441,,,0.0,0.0,0.0
1785764673525932064,763828463009,cmd_vel,0.0,0.0,,,,,,,,
1785764673575345007,763877876061,cmd_vel,0.0,0.0,,,,,,,,
1785764673602698492,763905229221,/epuck1/state,,,,7,5442,,,0.0,0.0,0.0
1785764673625669358,763928200411,cmd_vel,0.0,0.0,,,,,,,,
1785764673676220125,763978750962,cmd_vel,0.0,0.0,,,,,,,,
1785764673722764405,764025294483,/epuck1/state,,,,7,5443,,,0.0,0.0,0.0
1785764673724335236,764026865423,cmd_vel,0.0,0.0,,,,,,,,
1785764673775885161,764078415564,cmd_vel,0.0,0.0,,,,,,,,
1785764673823167948,764125698893,/epuck1/state,,,,7,5444,,,0.0,0.0,0.0
1785764673824518322,764127048400,cmd_vel,0.0,0.0,,,,,,,,
1785764673874872247,764177403301,cmd_vel,0.0,0.0,,,,,,,,
1785764673924758498,764227289335,cmd_vel,0.0,0.0,,,,,,,,
1785764673942592203,764245122715,/epuck1/state,,,,7,5445,,,0.0,0.0,0.0
1785764673975873790,764278404519,cmd_vel,0.0,0.0,,,,,,,,
1785764674024587334,764327117954,cmd_vel,0.0,0.0,,,,,,,,
1785764674042594588,764345125209,/epuck1/state,,,,7,5446,,,0.0,0.0,0.0
1785764674076284700,764378814995,cmd_vel,0.0,0.0,,,,,,,,
1785764674125938143,764428468872,cmd_vel,0.0,0.0,,,,,,,,
1785764674142855674,764445386511,/epuck1/state,,,,7,5447,,,0.0,0.0,0.0
1785764674174607054,764477137674,cmd_vel,0.0,0.0,,,,,,,,
1785764674226997536,764529527939,cmd_vel,0.0,0.0,,,,,,,,
1785764674240397920,764542927999,/epuck_bridge/status,,,,,,True,6364,,,
1785764674242874742,764545404929,/epuck1/state,,,,7,5448,,,0.0,0.0,0.0
1785764674274960222,764577490951,cmd_vel,0.0,0.0,,,,,,,,
1785764674325545439,764628075951,cmd_vel,0.0,0.0,,,,,,,,
1785764674363008363,764665538550,/epuck1/state,,,,7,5449,,,0.0,0.0,0.0
1785764674375169199,764677699820,cmd_vel,0.0,0.0,,,,,,,,
1785764674425808150,764728339312,cmd_vel,0.0,0.0,,,,,,,,
1785764674475620734,764778151138,cmd_vel,0.0,0.0,,,,,,,,
1785764674482616026,764785146213,/epuck1/state,,,,7,5450,,,0.0,0.0,0.0
1785764674525128902,764827659306,cmd_vel,0.0,0.0,,,,,,,,
1785764674574798921,764877329216,cmd_vel,0.0,0.0,,,,,,,,
1785764674602849422,764905379717,/epuck1/state,,,,7,5451,,,0.0,0.0,0.0
1785764674625384679,764927914975,cmd_vel,0.0,0.0,,,,,,,,
1785764674675487922,764978018759,cmd_vel,0.0,0.0,,,,,,,,
1785764674722771468,765025301980,/epuck1/state,,,,7,5452,,,0.0,0.0,0.0
1785764674724387149,765026917553,cmd_vel,0.0,0.0,,,,,,,,
1785764674776236398,765078767127,cmd_vel,0.0,0.0,,,,,,,,
1785764674824200602,765126731330,/epuck1/state,,,,7,5453,,,0.0,0.0,0.0
1785764674825613158,765128143670,cmd_vel,0.0,0.0,,,,,,,,
1785764674874735660,765177266064,cmd_vel,0.0,0.0,,,,,,,,
1785764674925877277,765228408330,cmd_vel,0.0,0.0,,,,,,,,
1785764674942713124,765245243203,/epuck1/state,,,,7,5454,,,0.0,0.0,0.0
1785764674974887871,765277418166,cmd_vel,0.0,0.0,,,,,,,,
1785764675024718655,765327249817,cmd_vel,0.0,0.0,,,,,,,,
1785764675043938808,765346469212,/epuck1/state,,,,7,5455,,,0.0,0.0,0.0
1785764675074890148,765377420551,cmd_vel,0.0,0.0,,,,,,,,
1785764675124483466,765427013870,cmd_vel,0.0,0.0,,,,,,,,
1785764675164655695,765467186965,/epuck1/state,,,,7,5456,,,0.0,0.0,0.0
1785764675175202150,765477732878,cmd_vel,0.0,0.0,,,,,,,,
1785764675225825500,765528356120,cmd_vel,0.0,0.0,,,,,,,,
1785764675240372808,765542903104,/epuck_bridge/status,,,,,,True,6372,,,
1785764675275832109,765578363921,cmd_vel,0.0,0.0,,,,,,,,
1785764675283067034,765585597221,/epuck1/state,,,,7,5457,,,0.0,0.0,0.0
1785764675325527616,765628058561,cmd_vel,0.0,0.0,,,,,,,,
1785764675375133717,765677664229,cmd_vel,0.0,0.0,,,,,,,,
1785764675382952992,765685483395,/epuck1/state,,,,7,5458,,,0.0,0.0,0.0
1785764675425653718,765728184122,cmd_vel,0.0,0.0,,,,,,,,
1785764675475270003,765777800731,cmd_vel,0.0,0.0,,,,,,,,
1785764675483259794,765785789981,/epuck1/state,,,,7,5459,,,0.0,0.0,0.0
1785764675524626613,765827157342,cmd_vel,0.0,0.0,,,,,,,,
1785764675574953780,765877484509,cmd_vel,0.0,0.0,,,,,,,,
1785764675603409556,765905940501,/epuck1/state,,,,7,5460,,,0.0,0.0,0.0
1785764675624532257,765927062660,cmd_vel,0.0,0.0,,,,,,,,
1785764675675078257,765977609419,cmd_vel,0.0,0.0,,,,,,,,
1785764675723950510,766026481563,/epuck1/state,,,,7,5461,,,0.0,0.0,0.0
1785764675725186591,766027716670,cmd_vel,0.0,0.0,,,,,,,,
1785764675776203408,766078734570,cmd_vel,0.0,0.0,,,,,,,,
1785764675824649478,766127179665,/epuck1/state,,,,7,5462,,,0.0,0.0,0.0
1785764675824936452,766127465989,cmd_vel,0.0,0.0,,,,,,,,
1785764675875531744,766178062148,cmd_vel,0.0,0.0,,,,,,,,
1785764675924455997,766226986509,/epuck1/state,,,,7,5463,,,0.0,0.0,0.0
1785764675925281821,766227811683,cmd_vel,0.0,0.0,,,,,,,,
1785764675975938429,766278469158,cmd_vel,0.0,0.0,,,,,,,,
1785764676024965381,766327495785,cmd_vel,0.0,0.0,,,,,,,,
1785764676042780669,766345311290,/epuck1/state,,,,7,5464,,,0.0,0.0,0.0
1785764676074984016,766377514528,cmd_vel,0.0,0.0,,,,,,,,
1785764676124871350,766427402187,cmd_vel,0.0,0.0,,,,,,,,
1785764676162624824,766465155336,/epuck1/state,,,,7,5465,,,0.0,0.0,0.0
1785764676174924868,766477455163,cmd_vel,0.0,0.0,,,,,,,,
1785764676225353652,766527884056,cmd_vel,0.0,0.0,,,,,,,,
1785764676241310267,766543840346,/epuck_bridge/status,,,,,,True,6381,,,
1785764676263265834,766565796996,/epuck1/state,,,,7,5466,,,0.0,0.0,0.0
1785764676274686645,766577217374,cmd_vel,0.0,0.0,,,,,,,,
1785764676325986428,766628516940,cmd_vel,0.0,0.0,,,,,,,,
1785764676362977344,766665507531,/epuck1/state,,,,7,5467,,,0.0,0.0,0.0
1785764676376322912,766678853749,cmd_vel,0.0,0.0,,,,,,,,
1785764676425537064,766728067793,cmd_vel,0.0,0.0,,,,,,,,
1785764676476244915,766778775643,cmd_vel,0.0,0.0,,,,,,,,
1785764676483060373,766785591427,/epuck1/state,,,,7,5468,,,0.0,0.0,0.0
1785764676525161800,766827692204,cmd_vel,0.0,0.0,,,,,,,,
1785764676575964009,766878494846,cmd_vel,0.0,0.0,,,,,,,,
1785764676584135908,766886666311,/epuck1/state,,,,7,5469,,,0.0,0.0,0.0
1785764676624634220,766927164840,cmd_vel,0.0,0.0,,,,,,,,
1785764676675809311,766978339715,cmd_vel,0.0,0.0,,,,,,,,
1785764676704156104,767006686941,/epuck1/state,,,,7,5470,,,0.0,0.0,0.0
1785764676724572688,767027102984,cmd_vel,0.0,0.0,,,,,,,,
1785764676776211338,767078742825,cmd_vel,0.0,0.0,,,,,,,,
1785764676822856151,767125386338,/epuck1/state,,,,7,5471,,,0.0,0.0,0.0
1785764676824301316,767126831503,cmd_vel,0.0,0.0,,,,,,,,
1785764676875664582,767178195311,cmd_vel,0.0,0.0,,,,,,,,
1785764676924820776,767227351071,cmd_vel,0.0,0.0,,,,,,,,
1785764676924961609,767227491038,/epuck1/state,,,,7,5472,,,0.0,0.0,0.0
1785764676974786219,767277316514,cmd_vel,0.0,0.0,,,,,,,,
1785764677024586778,767327117399,cmd_vel,0.0,0.0,,,,,,,,
1785764677044277206,767346807718,/epuck1/state,,,,7,5473,,,0.0,0.0,0.0
1785764677077855734,767380386029,cmd_vel,0.0,0.0,,,,,,,,
1785764677125275996,767427806508,cmd_vel,0.0,0.0,,,,,,,,
1785764677162624737,767465154924,/epuck1/state,,,,7,5474,,,0.0,0.0,0.0
1785764677175122272,767477652676,cmd_vel,0.0,0.0,,,,,,,,
1785764677224623182,767527153803,cmd_vel,0.0,0.0,,,,,,,,
1785764677240599514,767543129918,/epuck_bridge/status,,,,,,True,6390,,,
1785764677262757555,767565287851,/epuck1/state,,,,7,5475,,,0.0,0.0,0.0
1785764677275596882,767578127178,cmd_vel,0.0,0.0,,,,,,,,
1785764677325479125,767628010071,cmd_vel,0.0,0.0,,,,,,,,
1785764677375650293,767678180913,cmd_vel,0.0,0.0,,,,,,,,
1785764677383080759,767685610946,/epuck1/state,,,,7,5476,,,0.0,0.0,0.0
1785764677424568370,767727098774,cmd_vel,0.0,0.0,,,,,,,,
1785764677475366354,767777897299,cmd_vel,0.0,0.0,,,,,,,,
1785764677503984737,767806515574,/epuck1/state,,,,7,5477,,,0.0,0.0,0.0
1785764677527247236,767829778181,cmd_vel,0.0,0.0,,,,,,,,
1785764677576013647,767878544159,cmd_vel,0.0,0.0,,,,,,,,
1785764677602929574,767905460411,/epuck1/state,,,,7,5478,,,0.0,0.0,0.0
1785764677624923491,767927453894,cmd_vel,0.0,0.0,,,,,,,,
1785764677676463665,767978993960,cmd_vel,0.0,0.0,,,,,,,,
1785764677726188608,768028718903,/epuck1/state,,,,7,5479,,,0.0,0.0,0.0
1785764677727897998,768030428293,cmd_vel,0.0,0.0,,,,,,,,
1785764677776835467,768079365870,cmd_vel,0.0,0.0,,,,,,,,
1785764677825032695,768127564073,cmd_vel,0.0,0.0,,,,,,,,
1785764677842569783,768145100187,/epuck1/state,,,,7,5480,,,0.0,0.0,0.0
1785764677876113536,768178643832,cmd_vel,0.0,0.0,,,,,,,,
1785764677925342422,768227873150,cmd_vel,0.0,0.0,,,,,,,,
1785764677943211443,768245742171,/epuck1/state,,,,7,5481,,,0.0,0.0,0.0
1785764677975132256,768277662768,cmd_vel,0.0,0.0,,,,,,,,
1785764678024625366,768327155661,cmd_vel,0.0,0.0,,,,,,,,
1785764678064191579,768366721874,/epuck1/state,,,,7,5482,,,0.0,0.0,0.0
1785764678075131283,768377661687,cmd_vel,0.0,0.0,,,,,,,,
1785764678125173751,768427704155,cmd_vel,0.0,0.0,,,,,,,,
1785764678175727876,768478258172,cmd_vel,0.0,0.0,,,,,,,,
1785764678183081860,768485612155,/epuck1/state,,,,7,5483,,,0.0,0.0,0.0
1785764678226438652,768528969380,cmd_vel,0.0,0.0,,,,,,,,
1785764678239600162,768542130240,/epuck_bridge/status,,,,,,True,6398,,,
1785764678275459970,768577990374,cmd_vel,0.0,0.0,,,,,,,,
1785764678303132714,768605665609,/epuck1/state,,,,7,5484,,,0.0,0.0,0.0
1785764678325658005,768628188842,cmd_vel,0.0,0.0,,,,,,,,
1785764678376459455,768678989750,cmd_vel,0.0,0.0,,,,,,,,
1785764678402944866,768705475270,/epuck1/state,,,,7,5485,,,0.0,0.0,0.0
1785764678425228899,768727759194,cmd_vel,0.0,0.0,,,,,,,,
1785764678475628541,768778160462,cmd_vel,0.0,0.0,,,,,,,,
1785764678522838529,768825369257,/epuck1/state,,,,7,5486,,,0.0,0.0,0.0
1785764678524163119,768826693089,cmd_vel,0.0,0.0,,,,,,,,
1785764678575594527,768878125797,cmd_vel,0.0,0.0,,,,,,,,
1785764678623385072,768925915367,/epuck1/state,,,,7,5487,,,0.0,0.0,0.0
1785764678624232238,768926762425,cmd_vel,0.0,0.0,,,,,,,,
1785764678676210511,768978740807,cmd_vel,0.0,0.0,,,,,,,,
1785764678724839989,769027370393,cmd_vel,0.0,0.0,,,,,,,,
1785764678743384468,769045914438,/epuck1/state,,,,7,5488,,,0.0,0.0,0.0
1785764678774738699,769077269319,cmd_vel,0.0,0.0,,,,,,,,
1785764678824416083,769126946487,cmd_vel,0.0,0.0,,,,,,,,
1785764678862678723,769165209018,/epuck1/state,,,,7,5489,,,0.0,0.0,0.0
1785764678875046150,769177577204,cmd_vel,0.0,0.0,,,,,,,,
1785764678924497010,769227027197,cmd_vel,0.0,0.0,,,,,,,,
1785764678974578586,769277108990,cmd_vel,0.0,0.0,,,,,,,,
1785764678982819494,769285349789,/epuck1/state,,,,7,5490,,,0.0,0.0,0.0
1785764679025125779,769327656507,cmd_vel,0.0,0.0,,,,,,,,
1785764679074816272,769377346567,cmd_vel,0.0,0.0,,,,,,,,
1785764679102398990,769404929177,/epuck1/state,,,,7,5491,,,0.0,0.0,0.0
1785764679124581298,769427111702,cmd_vel,0.0,0.0,,,,,,,,
1785764679175926797,769478458068,cmd_vel,0.0,0.0,,,,,,,,
1785764679203760091,769506291144,/epuck1/state,,,,7,5492,,,0.0,0.0,0.0
1785764679225972515,769528503027,cmd_vel,0.0,0.0,,,,,,,,
1785764679240906573,769543436652,/epuck_bridge/status,,,,,,True,6406,,,
1785764679276677874,769579208277,cmd_vel,0.0,0.0,,,,,,,,
1785764679303937651,769606468163,/epuck1/state,,,,7,5493,,,0.0,0.0,0.0
1785764679324590836,769627121564,cmd_vel,0.0,0.0,,,,,,,,
1785764679375077361,769677607873,cmd_vel,0.0,0.0,,,,,,,,
1785764679423289106,769725819076,/epuck1/state,,,,7,5494,,,0.0,0.0,0.0
1785764679424786596,769727317216,cmd_vel,0.0,0.0,,,,,,,,
1785764679475334763,769777865058,cmd_vel,0.0,0.0,,,,,,,,
1785764679523908341,769826438961,/epuck1/state,,,,7,5495,,,0.0,0.0,0.0
1785764679524563756,769827093727,cmd_vel,0.0,0.0,,,,,,,,
1785764679576260797,769878791309,cmd_vel,0.0,0.0,,,,,,,,
1785764679625226108,769927756403,cmd_vel,0.0,0.0,,,,,,,,
1785764679643530087,769946060057,/epuck1/state,,,,7,5496,,,0.0,0.0,0.0
1785764679676733782,769979264836,cmd_vel,0.0,0.0,,,,,,,,
1785764679725117127,770027648180,cmd_vel,0.0,0.0,,,,,,,,
1785764679763472175,770066002578,/epuck1/state,,,,7,5497,,,0.0,0.0,0.0
1785764679775905685,770078436739,cmd_vel,0.0,0.0,,,,,,,,
1785764679824501688,770127031983,cmd_vel,0.0,0.0,,,,,,,,
1785764679876197970,770178728916,cmd_vel,0.0,0.0,,,,,,,,
1785764679883162496,770185693333,/epuck1/state,,,,7,5498,,,0.0,0.0,0.0
1785764679925709064,770228239901,cmd_vel,0.0,0.0,,,,,,,,
1785764679974795491,770277325786,cmd_vel,0.0,0.0,,,,,,,,
1785764680005067581,770307597768,/epuck1/state,,,,7,5499,,,0.0,0.0,0.0
1785764680026689481,770329220643,cmd_vel,0.0,0.0,,,,,,,,
1785764680075666492,770378196679,cmd_vel,0.0,0.0,,,,,,,,
1785764680123691037,770426221441,/epuck1/state,,,,7,5500,,,0.0,0.0,0.0
1785764680124626603,770427156790,cmd_vel,0.0,0.0,,,,,,,,
1785764680176169702,770478700539,cmd_vel,0.0,0.0,,,,,,,,
1785764680225026354,770527557300,cmd_vel,0.0,0.0,,,,,,,,
1785764680241295186,770543825264,/epuck_bridge/status,,,,,,True,6415,,,
1785764680243053867,770545584054,/epuck1/state,,,,7,5501,,,0.0,0.0,0.0
1785764680276060504,770578590908,cmd_vel,0.0,0.0,,,,,,,,
1785764680325811122,770628341851,cmd_vel,0.0,0.0,,,,,,,,
1785764680343058527,770645588931,/epuck1/state,,,,7,5502,,,0.0,0.0,0.0
1785764680376631856,770679162368,cmd_vel,0.0,0.0,,,,,,,,
1785764680426473040,770729004419,cmd_vel,0.0,0.0,,,,,,,,
1785764680462790124,770765320636,/epuck1/state,,,,7,5503,,,0.0,0.0,0.0
1785764680475466409,770777997246,cmd_vel,0.0,0.0,,,,,,,,
1785764680524914344,770827445073,cmd_vel,0.0,0.0,,,,,,,,
1785764680563017409,770865548029,/epuck1/state,,,,7,5504,,,0.0,0.0,0.0
1785764680576009161,770878539781,cmd_vel,0.0,0.0,,,,,,,,
1785764680624796913,770927327642,cmd_vel,0.0,0.0,,,,,,,,
1785764680662927278,770965457573,/epuck1/state,,,,7,5505,,,0.0,0.0,0.0
1785764680675774080,770978304808,cmd_vel,0.0,0.0,,,,,,,,
1785764680724833857,771027364910,cmd_vel,0.0,0.0,,,,,,,,
1785764680765382435,771067912622,/epuck1/state,,,,7,5506,,,0.0,0.0,0.0
1785764680775549615,771078080019,cmd_vel,0.0,0.0,,,,,,,,
1785764680825300558,771127831287,cmd_vel,0.0,0.0,,,,,,,,
1785764680866045978,771168576490,/epuck1/state,,,,7,5507,,,0.0,0.0,0.0
1785764680876264292,771178794695,cmd_vel,0.0,0.0,,,,,,,,
1785764680925949368,771228480205,cmd_vel,0.0,0.0,,,,,,,,
1785764680975907878,771278438823,cmd_vel,0.0,0.0,,,,,,,,
1785764680982906203,771285437473,/epuck1/state,,,,7,5508,,,0.0,0.0,0.0
1785764681025430129,771327961508,cmd_vel,0.0,0.0,,,,,,,,
1785764681074917172,771377447576,cmd_vel,0.0,0.0,,,,,,,,
1785764681102741257,771405272203,/epuck1/state,,,,7,5509,,,0.0,0.0,0.0
1785764681125048040,771427578877,cmd_vel,0.0,0.0,,,,,,,,
1785764681176118698,771478649102,cmd_vel,0.0,0.0,,,,,,,,
1785764681223117003,771525647298,/epuck1/state,,,,7,5510,,,0.0,0.0,0.0
1785764681224260243,771526790430,cmd_vel,0.0,0.0,,,,,,,,
1785764681240941932,771543472336,/epuck_bridge/status,,,,,,True,6424,,,
1785764681275692301,771578222596,cmd_vel,0.0,0.0,,,,,,,,
1785764681323820304,771626350599,/epuck1/state,,,,7,5511,,,0.0,0.0,0.0
1785764681324861819,771627392440,cmd_vel,0.0,0.0,,,,,,,,
1785764681375241745,771677772040,cmd_vel,0.0,0.0,,,,,,,,
1785764681425596646,771728127049,cmd_vel,0.0,0.0,,,,,,,,
1785764681425852962,771728382607,/epuck1/state,,,,7,5512,,,0.0,0.0,0.0
1785764681475171006,771777701951,cmd_vel,0.0,0.0,,,,,,,,
1785764681525348240,771827878535,/epuck1/state,,,,7,5513,,,0.0,0.0,0.0
1785764681525857623,771828387810,cmd_vel,0.0,0.0,,,,,,,,
1785764681575604557,771878134853,cmd_vel,0.0,0.0,,,,,,,,
1785764681625918725,771928449562,cmd_vel,0.0,0.0,,,,,,,,
1785764681643166563,771945697184,/epuck1/state,,,,7,5514,,,0.0,0.0,0.0
1785764681674765519,771977296464,cmd_vel,0.0,0.0,,,,,,,,
1785764681724857061,772027387357,cmd_vel,0.0,0.0,,,,,,,,
1785764681762826985,772065357172,/epuck1/state,,,,7,5515,,,0.0,0.0,0.0
1785764681776413811,772078944539,cmd_vel,0.0,0.0,,,,,,,,
1785764681826199095,772128730474,cmd_vel,0.0,0.0,,,,,,,,
1785764681863029461,772165560082,/epuck1/state,,,,7,5516,,,0.0,0.0,0.0
1785764681875575097,772178105826,cmd_vel,0.0,0.0,,,,,,,,
1785764681925915156,772228445776,cmd_vel,0.0,0.0,,,,,,,,
1785764681975701416,772278231819,cmd_vel,0.0,0.0,,,,,,,,
1785764681982849133,772285379428,/epuck1/state,,,,7,5517,,,0.0,0.0,0.0
1785764682025563075,772328093479,cmd_vel,0.0,0.0,,,,,,,,
1785764682076087626,772378618896,cmd_vel,0.0,0.0,,,,,,,,
1785764682082959635,772385489930,/epuck1/state,,,,7,5518,,,0.0,0.0,0.0
1785764682124893795,772427424415,cmd_vel,0.0,0.0,,,,,,,,
1785764682175476737,772478007032,cmd_vel,0.0,0.0,,,,,,,,
1785764682203431363,772505961442,/epuck1/state,,,,7,5519,,,0.0,0.0,0.0
1785764682226115687,772528646091,cmd_vel,0.0,0.0,,,,,,,,
1785764682239561897,772542091867,/epuck_bridge/status,,,,,,True,6432,,,
1785764682275502414,772578032926,cmd_vel,0.0,0.0,,,,,,,,
1785764682303858848,772606389252,/epuck1/state,,,,7,5520,,,0.0,0.0,0.0
1785764682326624964,772629155367,cmd_vel,0.0,0.0,,,,,,,,
1785764682375220858,772677751587,cmd_vel,0.0,0.0,,,,,,,,
1785764682422673620,772725203916,/epuck1/state,,,,7,5521,,,0.0,0.0,0.0
1785764682424916551,772727446847,cmd_vel,0.0,0.0,,,,,,,,
1785764682475878985,772778409172,cmd_vel,0.0,0.0,,,,,,,,
1785764682526163252,772828693764,cmd_vel,0.0,0.0,,,,,,,,
1785764682543023691,772845554203,/epuck1/state,,,,7,5522,,,0.0,0.0,0.0
1785764682574922121,772877452333,cmd_vel,0.0,0.0,,,,,,,,
1785764682625083164,772927613676,cmd_vel,0.0,0.0,,,,,,,,
1785764682663203520,772965733532,/epuck1/state,,,,7,5523,,,0.0,0.0,0.0
1785764682674434707,772976965319,cmd_vel,0.0,0.0,,,,,,,,
1785764682724910749,773027441161,cmd_vel,0.0,0.0,,,,,,,,
1785764682763364705,773065894717,/epuck1/state,,,,7,5524,,,0.0,0.0,0.0
1785764682775918891,773078449203,cmd_vel,0.0,0.0,,,,,,,,
1785764682825620434,773128151546,cmd_vel,0.0,0.0,,,,,,,,
1785764682875145977,773177676589,cmd_vel,0.0,0.0,,,,,,,,
1785764682882780468,773185310480,/epuck1/state,,,,7,5525,,,0.0,0.0,0.0
1785764682924465921,773226996233,cmd_vel,0.0,0.0,,,,,,,,
1785764682974498663,773277029075,cmd_vel,0.0,0.0,,,,,,,,
1785764683002443631,773304974143,/epuck1/state,,,,7,5526,,,0.0,0.0,0.0
1785764683025181205,773327711417,cmd_vel,0.0,0.0,,,,,,,,
1785764683074761648,773377292060,cmd_vel,0.0,0.0,,,,,,,,
1785764683103369816,773405899928,/epuck1/state,,,,7,5527,,,0.0,0.0,0.0
1785764683125117091,773427647803,cmd_vel,0.0,0.0,,,,,,,,
1785764683174316334,773476846546,cmd_vel,0.0,0.0,,,,,,,,
1785764683223316478,773525846490,/epuck1/state,,,,7,5528,,,0.0,0.0,0.0
1785764683224493677,773527023789,cmd_vel,0.0,0.0,,,,,,,,
1785764683239567560,773542097572,/epuck_bridge/status,,,,,,True,6442,,,
1785764683274589319,773577120331,cmd_vel,0.0,0.0,,,,,,,,
1785764683324654462,773627184574,cmd_vel,0.0,0.0,,,,,,,,
1785764683343192345,773645722519,/epuck1/state,,,,7,5529,,,0.0,0.0,0.0
1785764683375242024,773677772305,cmd_vel,0.0,0.0,,,,,,,,
1785764683425477046,773728007754,cmd_vel,0.0,0.0,,,,,,,,
1785764683463787290,773766317464,/epuck1/state,,,,7,5530,,,0.0,0.0,0.0
1785764683475444196,773777974584,cmd_vel,0.0,0.0,,,,,,,,
1785764683526189414,773828720123,cmd_vel,0.0,0.0,,,,,,,,
1785764683563622394,773866153210,/epuck1/state,,,,7,5531,,,0.0,0.0,0.0
1785764683575388438,773877918826,cmd_vel,0.0,0.0,,,,,,,,
1785764683624561700,773927092088,cmd_vel,0.0,0.0,,,,,,,,
1785764683675574362,773978104750,cmd_vel,0.0,0.0,,,,,,,,
1785764683683089627,773985620228,/epuck1/state,,,,7,5532,,,0.0,0.0,0.0
1785764683726230967,774028761782,cmd_vel,0.0,0.0,,,,,,,,
1785764683776667587,774079198616,cmd_vel,0.0,0.0,,,,,,,,
1785764683802594165,774105124446,/epuck1/state,,,,7,5533,,,0.0,0.0,0.0
1785764683826093650,774128624358,cmd_vel,0.0,0.0,,,,,,,,
1785764683876166837,774178697545,cmd_vel,0.0,0.0,,,,,,,,
1785764683902671594,774205201768,/epuck1/state,,,,7,5534,,,0.0,0.0,0.0
1785764683925321073,774227851781,cmd_vel,0.0,0.0,,,,,,,,
1785764683976312570,774278843492,cmd_vel,0.0,0.0,,,,,,,,
1785764684023621100,774326151274,/epuck1/state,,,,7,5535,,,0.0,0.0,0.0
1785764684024455499,774326985246,cmd_vel,0.0,0.0,,,,,,,,
1785764684075346625,774377876799,cmd_vel,0.0,0.0,,,,,,,,
1785764684124894972,774427425894,cmd_vel,0.0,0.0,,,,,,,,
1785764684143024624,774445555012,/epuck1/state,,,,7,5536,,,0.0,0.0,0.0
1785764684175643290,774478173571,cmd_vel,0.0,0.0,,,,,,,,
1785764684224856637,774527387025,cmd_vel,0.0,0.0,,,,,,,,
1785764684239701174,774542231348,/epuck_bridge/status,,,,,,True,6451,,,
1785764684262568712,774565099207,/epuck1/state,,,,7,5537,,,0.0,0.0,0.0
1785764684274926938,774577457433,cmd_vel,0.0,0.0,,,,,,,,
1785764684325095260,774627625434,cmd_vel,0.0,0.0,,,,,,,,
1785764684362822834,774665353222,/epuck1/state,,,,7,5538,,,0.0,0.0,0.0
1785764684375658226,774678188721,cmd_vel,0.0,0.0,,,,,,,,
1785764684424979214,774727509709,cmd_vel,0.0,0.0,,,,,,,,
1785764684462929552,774765460260,/epuck1/state,,,,7,5539,,,0.0,0.0,0.0
1785764684475116216,774777647138,cmd_vel,0.0,0.0,,,,,,,,
1785764684524978291,774827508893,cmd_vel,0.0,0.0,,,,,,,,
1785764684563575861,774866105821,/epuck1/state,,,,7,5540,,,0.0,0.0,0.0
1785764684575080767,774877611368,cmd_vel,0.0,0.0,,,,,,,,
1785764684625209003,774927739605,cmd_vel,0.0,0.0,,,,,,,,
1785764684676482696,774979013298,cmd_vel,0.0,0.0,,,,,,,,
1785764684682876128,774985406729,/epuck1/state,,,,7,5541,,,0.0,0.0,0.0
1785764684724852878,775027383266,cmd_vel,0.0,0.0,,,,,,,,
1785764684775297302,775077827690,cmd_vel,0.0,0.0,,,,,,,,
1785764684802917799,775105448293,/epuck1/state,,,,7,5542,,,0.0,0.0,0.0
1785764684824646936,775127177324,cmd_vel,0.0,0.0,,,,,,,,
1785764684875653399,775178184107,cmd_vel,0.0,0.0,,,,,,,,
1785764684903389553,775205920154,/epuck1/state,,,,7,5543,,,0.0,0.0,0.0
1785764684924823134,775227353949,cmd_vel,0.0,0.0,,,,,,,,
1785764684976543742,775279074130,cmd_vel,0.0,0.0,,,,,,,,
1785764685023902725,775326433006,/epuck1/state,,,,7,5544,,,0.0,0.0,0.0
1785764685024771010,775327301184,cmd_vel,0.0,0.0,,,,,,,,
1785764685075499980,775378030261,cmd_vel,0.0,0.0,,,,,,,,
1785764685125175208,775427705596,cmd_vel,0.0,0.0,,,,,,,,
1785764685142813049,775445343437,/epuck1/state,,,,7,5545,,,0.0,0.0,0.0
1785764685175915616,775478445897,cmd_vel,0.0,0.0,,,,,,,,
1785764685224813310,775527343591,cmd_vel,0.0,0.0,,,,,,,,
1785764685239786652,775542317040,/epuck_bridge/status,,,,,,True,6459,,,
1785764685263613013,775566144363,/epuck1/state,,,,7,5546,,,0.0,0.0,0.0
1785764685275368795,775577899503,cmd_vel,0.0,0.0,,,,,,,,
1785764685326816829,775629347216,cmd_vel,0.0,0.0,,,,,,,,
1785764685364598491,775667128772,/epuck1/state,,,,7,5547,,,0.0,0.0,0.0
1785764685375514956,775678045343,cmd_vel,0.0,0.0,,,,,,,,
1785764685424843105,775727373813,cmd_vel,0.0,0.0,,,,,,,,
1785764685475257919,775777788307,cmd_vel,0.0,0.0,,,,,,,,
1785764685482548817,775785079098,/epuck1/state,,,,7,5548,,,0.0,0.0,0.0
1785764685525693043,775828223324,cmd_vel,0.0,0.0,,,,,,,,
1785764685575227708,775877757989,cmd_vel,0.0,0.0,,,,,,,,
1785764685602802990,775905333805,/epuck1/state,,,,7,5549,,,0.0,0.0,0.0
1785764685625013676,775927544598,cmd_vel,0.0,0.0,,,,,,,,
1785764685675593853,775978125310,cmd_vel,0.0,0.0,,,,,,,,
1785764685724735689,776027266184,/epuck1/state,,,,7,5550,,,0.0,0.0,0.0
1785764685725488103,776028018490,cmd_vel,0.0,0.0,,,,,,,,
1785764685774966970,776077497464,cmd_vel,0.0,0.0,,,,,,,,
1785764685825847299,776128377901,cmd_vel,0.0,0.0,,,,,,,,
1785764685842302807,776144833088,/epuck1/state,,,,7,5551,,,0.0,0.0,0.0
1785764685875384423,776177914810,cmd_vel,0.0,0.0,,,,,,,,
1785764685925035707,776227566201,cmd_vel,0.0,0.0,,,,,,,,
1785764685942486487,776245017196,/epuck1/state,,,,7,5552,,,0.0,0.0,0.0
1785764685976073916,776278604304,cmd_vel,0.0,0.0,,,,,,,,
1785764686025977786,776328509243,cmd_vel,0.0,0.0,,,,,,,,
1785764686042975237,776345505518,/epuck1/state,,,,7,5553,,,0.0,0.0,0.0
1785764686075932109,776378462390,cmd_vel,0.0,0.0,,,,,,,,
1785764686125441013,776427971294,cmd_vel,0.0,0.0,,,,,,,,
1785764686163039248,776465569636,/epuck1/state,,,,7,5554,,,0.0,0.0,0.0
1785764686176501563,776479032378,cmd_vel,0.0,0.0,,,,,,,,
1785764686225375314,776527906450,cmd_vel,0.0,0.0,,,,,,,,
1785764686239563105,776542093493,/epuck_bridge/status,,,,,,True,6468,,,
1785764686275654589,776578184977,cmd_vel,0.0,0.0,,,,,,,,
1785764686282978517,776585508584,/epuck1/state,,,,7,5555,,,0.0,0.0,0.0
1785764686324869860,776627400355,cmd_vel,0.0,0.0,,,,,,,,
1785764686376843269,776679373870,cmd_vel,0.0,0.0,,,,,,,,
1785764686382741469,776685272071,/epuck1/state,,,,7,5556,,,0.0,0.0,0.0
1785764686426425607,776728955888,cmd_vel,0.0,0.0,,,,,,,,
1785764686476784090,776779315119,cmd_vel,0.0,0.0,,,,,,,,
1785764686503134174,776805664561,/epuck1/state,,,,7,5557,,,0.0,0.0,0.0
1785764686525460518,776827991226,cmd_vel,0.0,0.0,,,,,,,,
1785764686575272354,776877802741,cmd_vel,0.0,0.0,,,,,,,,
1785764686623912973,776926443147,/epuck1/state,,,,7,5558,,,0.0,0.0,0.0
1785764686624373571,776926903638,cmd_vel,0.0,0.0,,,,,,,,
1785764686675083301,776977613688,cmd_vel,0.0,0.0,,,,,,,,
1785764686723501050,777026031758,/epuck1/state,,,,7,5559,,,0.0,0.0,0.0
1785764686725103469,777027634071,cmd_vel,0.0,0.0,,,,,,,,
1785764686775335285,777077865672,cmd_vel,0.0,0.0,,,,,,,,
1785764686824931519,777127462441,cmd_vel,0.0,0.0,,,,,,,,
1785764686843117931,777145648105,/epuck1/state,,,,7,5560,,,0.0,0.0,0.0
1785764686875783202,777178313910,cmd_vel,0.0,0.0,,,,,,,,
1785764686924747383,777227277985,cmd_vel,0.0,0.0,,,,,,,,
1785764686962562396,777265092570,/epuck1/state,,,,7,5561,,,0.0,0.0,0.0
1785764686975724557,777278254945,cmd_vel,0.0,0.0,,,,,,,,
1785764687026097791,777328628178,cmd_vel,0.0,0.0,,,,,,,,
1785764687062894335,777365425364,/epuck1/state,,,,7,5562,,,0.0,0.0,0.0
1785764687074806500,777377336781,cmd_vel,0.0,0.0,,,,,,,,
1785764687126503379,777429034515,cmd_vel,0.0,0.0,,,,,,,,
1785764687163248187,777465778575,/epuck1/state,,,,7,5563,,,0.0,0.0,0.0
1785764687175261472,777477791646,cmd_vel,0.0,0.0,,,,,,,,
1785764687226073284,777528604420,cmd_vel,0.0,0.0,,,,,,,,
1785764687240052422,777542583023,/epuck_bridge/status,,,,,,True,6477,,,
1785764687262858711,777565389527,/epuck1/state,,,,7,5564,,,0.0,0.0,0.0
1785764687275455841,777577986229,cmd_vel,0.0,0.0,,,,,,,,
1785764687324413075,777626943462,cmd_vel,0.0,0.0,,,,,,,,
1785764687364162834,777666693436,/epuck1/state,,,,7,5565,,,0.0,0.0,0.0
1785764687374919816,777677450204,cmd_vel,0.0,0.0,,,,,,,,
1785764687424483983,777727014371,cmd_vel,0.0,0.0,,,,,,,,
1785764687476164935,777778695430,cmd_vel,0.0,0.0,,,,,,,,
1785764687483551501,777786081675,/epuck1/state,,,,7,5566,,,0.0,0.0,0.0
1785764687524884334,777827414614,cmd_vel,0.0,0.0,,,,,,,,
1785764687575734840,777878265549,cmd_vel,0.0,0.0,,,,,,,,
1785764687603090779,777905620953,/epuck1/state,,,,7,5567,,,0.0,0.0,0.0
1785764687624727776,777927258164,cmd_vel,0.0,0.0,,,,,,,,
1785764687676629994,777979160810,cmd_vel,0.0,0.0,,,,,,,,
1785764687722155242,778024685630,/epuck1/state,,,,7,5568,,,0.0,0.0,0.0
1785764687724723753,778027253927,cmd_vel,0.0,0.0,,,,,,,,
1785764687775725833,778078256114,cmd_vel,0.0,0.0,,,,,,,,
1785764687822789472,778125319540,/epuck1/state,,,,7,5569,,,0.0,0.0,0.0
1785764687824690121,778127220616,cmd_vel,0.0,0.0,,,,,,,,
1785764687876618528,778179149664,cmd_vel,0.0,0.0,,,,,,,,
1785764687925384532,778227914813,cmd_vel,0.0,0.0,,,,,,,,
1785764687925525416,778228054841,/epuck1/state,,,,7,5570,,,0.0,0.0,0.0
1785764687977078097,778279608378,cmd_vel,0.0,0.0,,,,,,,,
1785764688025608189,778328138684,cmd_vel,0.0,0.0,,,,,,,,
1785764688043463663,778345994051,/epuck1/state,,,,7,5571,,,0.0,0.0,0.0
1785764688075441724,778377972112,cmd_vel,0.0,0.0,,,,,,,,
1785764688125218072,778427749529,cmd_vel,0.0,0.0,,,,,,,,
1785764688162477032,778465007313,/epuck1/state,,,,7,5572,,,0.0,0.0,0.0
1785764688175366512,778477897006,cmd_vel,0.0,0.0,,,,,,,,
1785764688224844310,778527375232,cmd_vel,0.0,0.0,,,,,,,,
1785764688239681791,778542212286,/epuck_bridge/status,,,,,,True,6485,,,
1785764688263269783,778565800598,/epuck1/state,,,,7,5573,,,0.0,0.0,0.0
1785764688276419331,778578949933,cmd_vel,0.0,0.0,,,,,,,,
1785764688325935183,778628466212,cmd_vel,0.0,0.0,,,,,,,,
1785764688375845361,780667036454,cmd_vel,0.0,0.0,,,,,,,,
1785764688382464014,780673655534,/epuck1/state,,,,7,5574,,,0.0,0.0,0.0
1785764688425223856,780716415911,cmd_vel,0.0,0.0,,,,,,,,
1785764688476459495,780767651016,cmd_vel,0.0,0.0,,,,,,,,
1785764688482496762,780773687748,/epuck1/state,,,,7,5575,,,0.0,0.0,0.0
1785764688525901271,780817093112,cmd_vel,0.0,0.0,,,,,,,,
1785764688575450900,780866642421,cmd_vel,0.0,0.0,,,,,,,,
1785764688602896949,780894088790,/epuck1/state,,,,7,5576,,,0.0,0.0,0.0
1785764688625337347,780916529616,cmd_vel,0.0,0.0,,,,,,,,
1785764688675739548,780966931069,cmd_vel,0.0,0.0,,,,,,,,
1785764688703026755,780994218062,/epuck1/state,,,,7,5577,,,0.0,0.0,0.0
1785764688724486846,781015678045,cmd_vel,0.0,0.0,,,,,,,,
1785764688775941079,781067132172,cmd_vel,0.0,0.0,,,,,,,,
1785764688823096432,781114287739,/epuck1/state,,,,7,5578,,,0.0,0.0,0.0
1785764688824353911,781115544790,cmd_vel,0.0,0.0,,,,,,,,
1785764688875252840,781166444040,cmd_vel,0.0,0.0,,,,,,,,
1785764688925590692,781216781892,cmd_vel,0.0,0.0,,,,,,,,
1785764688942510325,781233701311,/epuck1/state,,,,7,5579,,,0.0,0.0,0.0
1785764688974908473,781266099672,cmd_vel,0.0,0.0,,,,,,,,
1785764689025420880,781316611973,cmd_vel,0.0,0.0,,,,,,,,
1785764689042599406,781333790392,/epuck1/state,,,,7,5580,,,0.0,0.0,0.0
1785764689075828105,781367019412,cmd_vel,0.0,0.0,,,,,,,,
1785764689124763639,781415954946,cmd_vel,0.0,0.0,,,,,,,,
1785764689162714832,781453906353,/epuck1/state,,,,7,5581,,,0.0,0.0,0.0
1785764689175027308,781466218615,cmd_vel,0.0,0.0,,,,,,,,
1785764689224999055,781516190362,cmd_vel,0.0,0.0,,,,,,,,
1785764689239673419,781530864512,/epuck_bridge/status,,,,,,True,6510,,,
1785764689263657446,781554849287,/epuck1/state,,,,7,5582,,,0.0,0.0,0.0
1785764689275960195,781567151288,cmd_vel,0.0,0.0,,,,,,,,
1785764689325495608,781616686701,cmd_vel,0.0,0.0,,,,,,,,
1785764689377060796,781668252316,cmd_vel,0.0,0.0,,,,,,,,
1785764689383309068,781674500588,/epuck1/state,,,,7,5583,,,0.0,0.0,0.0
1785764689424707852,781715899159,cmd_vel,0.0,0.0,,,,,,,,
1785764689475153131,781766344331,cmd_vel,0.0,0.0,,,,,,,,
1785764689503122203,781794313617,/epuck1/state,,,,7,5584,,,0.0,0.0,0.0
1785764689525562387,781816753694,cmd_vel,0.0,0.0,,,,,,,,
1785764689576260893,781867452521,cmd_vel,0.0,0.0,,,,,,,,
1785764689604910013,781896100892,/epuck1/state,,,,7,5585,,,0.0,0.0,0.0
1785764689624674687,781915865780,cmd_vel,0.0,0.0,,,,,,,,
1785764689675103291,781966294491,cmd_vel,0.0,0.0,,,,,,,,
1785764689724828758,782016020492,/epuck1/state,,,,7,5586,,,0.0,0.0,0.0
1785764689725311697,782016502683,cmd_vel,0.0,0.0,,,,,,,,
1785764689774912100,782066103407,cmd_vel,0.0,0.0,,,,,,,,
1785764689825820542,782117011635,cmd_vel,0.0,0.0,,,,,,,,
1785764689842954815,782134146336,/epuck1/state,,,,7,5587,,,0.0,0.0,0.0
1785764689876567684,782167759098,cmd_vel,0.0,0.0,,,,,,,,
1785764689925221879,782216413185,cmd_vel,0.0,0.0,,,,,,,,
1785764689962932137,782254123016,/epuck1/state,,,,7,5588,,,0.0,0.0,0.0
1785764689974699356,782265890663,cmd_vel,0.0,0.0,,,,,,,,
1785764690024967087,782316158715,cmd_vel,0.0,0.0,,,,,,,,
1785764690064773714,782355964807,/epuck1/state,,,,7,5589,,,0.0,0.0,0.0
1785764690074433020,782365624220,cmd_vel,0.0,0.0,,,,,,,,
1785764690124514118,782415705317,cmd_vel,0.0,0.0,,,,,,,,
1785764690174471541,782465662740,cmd_vel,0.0,0.0,,,,,,,,
1785764690183608679,782474799665,/epuck1/state,,,,7,5590,,,0.0,0.0,0.0
1785764690225262295,782516453388,cmd_vel,0.0,0.0,,,,,,,,
1785764690239484719,782530675491,/epuck_bridge/status,,,,,,True,6519,,,
1785764690275434143,782566625343,cmd_vel,0.0,0.0,,,,,,,,
1785764690302705744,782593897372,/epuck1/state,,,,7,5591,,,0.0,0.0,0.0
1785764690326278023,782617469650,cmd_vel,0.0,0.0,,,,,,,,
1785764690375499601,782666691014,cmd_vel,0.0,0.0,,,,,,,,
1785764690404084692,782695275892,/epuck1/state,,,,7,5592,,,0.0,0.0,0.0
1785764690425976626,782717168254,cmd_vel,0.0,0.0,,,,,,,,
1785764690474938991,782766130190,cmd_vel,0.0,0.0,,,,,,,,
1785764690524987379,782816178579,cmd_vel,0.0,0.0,,,,,,,,
1785764690525148465,782816338703,/epuck1/state,,,,7,5593,,,0.0,0.0,0.0
1785764690575091565,782866282658,cmd_vel,0.0,0.0,,,,,,,,
1785764690624800891,782915991984,cmd_vel,0.0,0.0,,,,,,,,
1785764690642331093,782933522399,/epuck1/state,,,,7,5594,,,0.0,0.0,0.0
1785764690675089359,782966281307,cmd_vel,0.0,0.0,,,,,,,,
1785764690724465931,783015657024,cmd_vel,0.0,0.0,,,,,,,,
1785764690743207861,783034399061,/epuck1/state,,,,7,5595,,,0.0,0.0,0.0
1785764690776295249,783067486662,cmd_vel,0.0,0.0,,,,,,,,
1785764690825137252,783116328345,cmd_vel,0.0,0.0,,,,,,,,
1785764690862261635,783153452514,/epuck1/state,,,,7,5596,,,0.0,0.0,0.0
1785764690875114985,783166306506,cmd_vel,0.0,0.0,,,,,,,,
1785764690925096566,783216288728,cmd_vel,0.0,0.0,,,,,,,,
1785764690962923978,783254115284,/epuck1/state,,,,7,5597,,,0.0,0.0,0.0
1785764690974515894,783265707201,cmd_vel,0.0,0.0,,,,,,,,
1785764691025729406,783316921034,cmd_vel,0.0,0.0,,,,,,,,
1785764691064274813,783355466226,/epuck1/state,,,,7,5598,,,0.0,0.0,0.0
1785764691075658824,783366850024,cmd_vel,0.0,0.0,,,,,,,,
1785764691126034248,783417225672,cmd_vel,0.0,0.0,,,,,,,,
1785764691175087292,783466278416,cmd_vel,0.0,0.0,,,,,,,,
1785764691183135982,783474326906,/epuck1/state,,,,7,5599,,,0.0,0.0,0.0
1785764691224493235,783515684559,cmd_vel,0.0,0.0,,,,,,,,
1785764691240416717,783531608441,/epuck_bridge/status,,,,,,True,6527,,,
1785764691274483678,783565675102,cmd_vel,0.0,0.0,,,,,,,,
1785764691302930245,783594121169,/epuck1/state,,,,7,5600,,,0.0,0.0,0.0
1785764691324309921,783615501045,cmd_vel,0.0,0.0,,,,,,,,
1785764691375957655,783667149672,cmd_vel,0.0,0.0,,,,,,,,
1785764691402417768,783693608631,/epuck1/state,,,,7,5601,,,0.0,0.0,0.0
1785764691425325827,783716517319,cmd_vel,0.0,0.0,,,,,,,,
1785764691474968170,783766159767,cmd_vel,0.0,0.0,,,,,,,,
1785764691522668241,783813860153,/epuck1/state,,,,7,5602,,,0.0,0.0,0.0
1785764691524361829,783815553426,cmd_vel,0.0,0.0,,,,,,,,
1785764691575852780,783867043853,cmd_vel,0.0,0.0,,,,,,,,
1785764691623298085,783914489577,/epuck1/state,,,,7,5603,,,0.0,0.0,0.0
1785764691625057750,783916249242,cmd_vel,0.0,0.0,,,,,,,,
1785764691674926226,783966117509,cmd_vel,0.0,0.0,,,,,,,,
1785764691723276693,784014468291,/epuck1/state,,,,7,5604,,,0.0,0.0,0.0
1785764691724512665,784015703633,cmd_vel,0.0,0.0,,,,,,,,
1785764691775404090,784066595583,cmd_vel,0.0,0.0,,,,,,,,
1785764691825496602,784116688094,cmd_vel,0.0,0.0,,,,,,,,
1785764691842464781,784133656063,/epuck1/state,,,,7,5605,,,0.0,0.0,0.0
1785764691874917951,784166109024,cmd_vel,0.0,0.0,,,,,,,,
1785764691924534702,784215725775,cmd_vel,0.0,0.0,,,,,,,,
1785764691964027267,784255218865,/epuck1/state,,,,7,5606,,,0.0,0.0,0.0
1785764691974734197,784265925479,cmd_vel,0.0,0.0,,,,,,,,
1785764692025162657,784316353940,cmd_vel,0.0,0.0,,,,,,,,
1785764692075069207,784366260909,cmd_vel,0.0,0.0,,,,,,,,
1785764692082687361,784373878853,/epuck1/state,,,,7,5607,,,0.0,0.0,0.0
1785764692125405577,784416596965,cmd_vel,0.0,0.0,,,,,,,,
1785764692175028726,784466219694,cmd_vel,0.0,0.0,,,,,,,,
1785764692182705511,784473896584,/epuck1/state,,,,7,5608,,,0.0,0.0,0.0
1785764692224881050,784516072542,cmd_vel,0.0,0.0,,,,,,,,
1785764692239621459,784530812427,/epuck_bridge/status,,,,,,True,6535,,,
1785764692276925692,784568116870,cmd_vel,0.0,0.0,,,,,,,,
1785764692303086043,784594277115,/epuck1/state,,,,7,5609,,,0.0,0.0,0.0
1785764692325111804,784616302877,cmd_vel,0.0,0.0,,,,,,,,
1785764692375598895,784666790387,cmd_vel,0.0,0.0,,,,,,,,
1785764692423054059,784714245866,/epuck1/state,,,,7,5610,,,0.0,0.0,0.0
1785764692425445240,784716637362,cmd_vel,0.0,0.0,,,,,,,,
1785764692475098386,784766290193,cmd_vel,0.0,0.0,,,,,,,,
1785764692523077454,784814268422,/epuck1/state,,,,7,5611,,,0.0,0.0,0.0
1785764692524647591,784815839398,cmd_vel,0.0,0.0,,,,,,,,
1785764692575876118,784867067296,cmd_vel,0.0,0.0,,,,,,,,
1785764692624917152,784916109693,cmd_vel,0.0,0.0,,,,,,,,
1785764692642750322,784933941919,/epuck1/state,,,,7,5612,,,0.0,0.0,0.0
1785764692675280059,784966472810,cmd_vel,0.0,0.0,,,,,,,,
1785764692725391136,785016582628,cmd_vel,0.0,0.0,,,,,,,,
1785764692762690124,785053881302,/epuck1/state,,,,7,5613,,,0.0,0.0,0.0
1785764692774697530,785065888917,cmd_vel,0.0,0.0,,,,,,,,
1785764692824480210,785115671597,cmd_vel,0.0,0.0,,,,,,,,
1785764692863253051,785154445487,/epuck1/state,,,,7,5614,,,0.0,0.0,0.0
1785764692874869967,785166061040,cmd_vel,0.0,0.0,,,,,,,,
1785764692925496766,785216688258,cmd_vel,0.0,0.0,,,,,,,,
1785764692975017756,785266209354,cmd_vel,0.0,0.0,,,,,,,,
1785764692982840018,785274031510,/epuck1/state,,,,7,5615,,,0.0,0.0,0.0
1785764693024948115,785316139188,cmd_vel,0.0,0.0,,,,,,,,
1785764693074942454,785366133527,cmd_vel,0.0,0.0,,,,,,,,
1785764693102590292,785393781469,/epuck1/state,,,,7,5616,,,0.0,0.0,0.0
1785764693124756285,785415948511,cmd_vel,0.0,0.0,,,,,,,,
1785764693175481571,785466673693,cmd_vel,0.0,0.0,,,,,,,,
1785764693223474798,785514667759,/epuck1/state,,,,7,5617,,,0.0,0.0,0.0
1785764693225489755,785516681562,cmd_vel,0.0,0.0,,,,,,,,
1785764693240013051,785531204124,/epuck_bridge/status,,,,,,True,6543,,,
1785764693275624326,785566815818,cmd_vel,0.0,0.0,,,,,,,,
1785764693325012426,785616204862,cmd_vel,0.0,0.0,,,,,,,,
1785764693343287689,785634479496,/epuck1/state,,,,7,5618,,,0.0,0.0,0.0
1785764693375296039,785666487637,cmd_vel,0.0,0.0,,,,,,,,
1785764693425364427,785716556339,cmd_vel,0.0,0.0,,,,,,,,
1785764693462697819,785753889101,/epuck1/state,,,,7,5619,,,0.0,0.0,0.0
1785764693474900207,785766091594,cmd_vel,0.0,0.0,,,,,,,,
1785764693525427259,785816619066,cmd_vel,0.0,0.0,,,,,,,,
1785764693563559879,785854751056,/epuck1/state,,,,7,5620,,,0.0,0.0,0.0
1785764693575509073,785866701194,cmd_vel,0.0,0.0,,,,,,,,
1785764693625324477,785916516179,cmd_vel,0.0,0.0,,,,,,,,
1785764693663912509,785955103582,/epuck1/state,,,,7,5621,,,0.0,0.0,0.0
1785764693674571925,785965763103,cmd_vel,0.0,0.0,,,,,,,,
1785764693724501969,786015693042,cmd_vel,0.0,0.0,,,,,,,,
1785764693774641680,786065832962,cmd_vel,0.0,0.0,,,,,,,,
1785764693782232039,786073423112,/epuck1/state,,,,7,5622,,,0.0,0.0,0.0
1785764693826361701,786117552984,cmd_vel,0.0,0.0,,,,,,,,
1785764693875980549,786167171727,cmd_vel,0.0,0.0,,,,,,,,
1785764693882668788,786173860175,/epuck1/state,,,,7,5623,,,0.0,0.0,0.0
1785764693924642422,786215833495,cmd_vel,0.0,0.0,,,,,,,,
1785764693975844413,786267035696,cmd_vel,0.0,0.0,,,,,,,,
1785764694002530450,786293721838,/epuck1/state,,,,7,5624,,,0.0,0.0,0.0
1785764694024426888,786315618065,cmd_vel,0.0,0.0,,,,,,,,
1785764694075227692,786366418764,cmd_vel,0.0,0.0,,,,,,,,
1785764694103281122,786394471880,/epuck1/state,,,,7,5625,,,0.0,0.0,0.0
1785764694125208920,786416399993,cmd_vel,0.0,0.0,,,,,,,,
1785764694174885560,786466076633,cmd_vel,0.0,0.0,,,,,,,,
1785764694202993741,786494185443,/epuck1/state,,,,7,5626,,,0.0,0.0,0.0
1785764694226617329,786517808506,cmd_vel,0.0,0.0,,,,,,,,
1785764694239906016,786531097089,/epuck_bridge/status,,,,,,True,6551,,,
1785764694275547498,786566739201,cmd_vel,0.0,0.0,,,,,,,,
1785764694324546263,786615737546,cmd_vel,0.0,0.0,,,,,,,,
1785764694324697823,786615888162,/epuck1/state,,,,7,5627,,,0.0,0.0,0.0
1785764694375392378,786666584814,cmd_vel,0.0,0.0,,,,,,,,
1785764694426084626,786717275594,cmd_vel,0.0,0.0,,,,,,,,
1785764694442418876,786733610368,/epuck1/state,,,,7,5628,,,0.0,0.0,0.0
1785764694474842363,786766033646,cmd_vel,0.0,0.0,,,,,,,,
1785764694524635846,786815827549,cmd_vel,0.0,0.0,,,,,,,,
1785764694542743292,786833935204,/epuck1/state,,,,7,5629,,,0.0,0.0,0.0
1785764694575832803,786867023981,cmd_vel,0.0,0.0,,,,,,,,
1785764694625128814,786916320726,cmd_vel,0.0,0.0,,,,,,,,
1785764694662926429,786954117502,/epuck1/state,,,,7,5630,,,0.0,0.0,0.0
1785764694674644980,786965836682,cmd_vel,0.0,0.0,,,,,,,,
1785764694724574604,787015765887,cmd_vel,0.0,0.0,,,,,,,,
1785764694774459757,787065651040,cmd_vel,0.0,0.0,,,,,,,,
1785764694782770995,787073962487,/epuck1/state,,,,7,5631,,,0.0,0.0,0.0
1785764694825324646,787116516139,cmd_vel,0.0,0.0,,,,,,,,
1785764694875008838,787166200436,cmd_vel,0.0,0.0,,,,,,,,
1785764694903744340,787194935832,/epuck1/state,,,,7,5632,,,0.0,0.0,0.0
1785764694924796028,787215987521,cmd_vel,0.0,0.0,,,,,,,,
1785764694975257213,787266448600,cmd_vel,0.0,0.0,,,,,,,,
1785764695023031753,787314222826,/epuck1/state,,,,7,5633,,,0.0,0.0,0.0
1785764695024274962,787315466035,cmd_vel,0.0,0.0,,,,,,,,
1785764695075856534,787367047502,cmd_vel,0.0,0.0,,,,,,,,
1785764695124749050,787415940438,cmd_vel,0.0,0.0,,,,,,,,
1785764695142723501,787433914679,/epuck1/state,,,,7,5634,,,0.0,0.0,0.0
1785764695174944769,787466136577,cmd_vel,0.0,0.0,,,,,,,,
1785764695224450971,787515642149,cmd_vel,0.0,0.0,,,,,,,,
1785764695239549040,787530739903,/epuck_bridge/status,,,,,,True,6559,,,
1785764695242410633,787533601706,/epuck1/state,,,,7,5635,,,0.0,0.0,0.0
1785764695275692819,787566883997,cmd_vel,0.0,0.0,,,,,,,,
1785764695325301808,787616493196,cmd_vel,0.0,0.0,,,,,,,,
1785764695362668343,787653859101,/epuck1/state,,,,7,5636,,,0.0,0.0,0.0
1785764695375486514,787666678216,cmd_vel,0.0,0.0,,,,,,,,
1785764695424524926,787715716523,cmd_vel,0.0,0.0,,,,,,,,
1785764695475574938,787766766955,cmd_vel,0.0,0.0,,,,,,,,
1785764695482655658,787773847570,/epuck1/state,,,,7,5637,,,0.0,0.0,0.0
1785764695525330557,787816521840,cmd_vel,0.0,0.0,,,,,,,,
1785764695574929373,787866120551,cmd_vel,0.0,0.0,,,,,,,,
1785764695603098177,787894289250,/epuck1/state,,,,7,5638,,,0.0,0.0,0.0
1785764695625233229,787916424512,cmd_vel,0.0,0.0,,,,,,,,
1785764695675270676,787966462168,cmd_vel,0.0,0.0,,,,,,,,
1785764695722519845,788013711442,/epuck1/state,,,,7,5639,,,0.0,0.0,0.0
1785764695724145047,788015336119,cmd_vel,0.0,0.0,,,,,,,,
1785764695776063721,788067255948,cmd_vel,0.0,0.0,,,,,,,,
1785764695823262125,788114453198,/epuck1/state,,,,7,5640,,,0.0,0.0,0.0
1785764695824514564,788115705742,cmd_vel,0.0,0.0,,,,,,,,
1785764695875374418,788166565491,cmd_vel,0.0,0.0,,,,,,,,
1785764695923434458,788214625426,/epuck1/state,,,,7,5641,,,0.0,0.0,0.0
1785764695925310651,788216502038,cmd_vel,0.0,0.0,,,,,,,,
1785764695975311492,788266502670,cmd_vel,0.0,0.0,,,,,,,,
1785764696025611678,788316803170,cmd_vel,0.0,0.0,,,,,,,,
1785764696042749771,788333941578,/epuck1/state,,,,7,5642,,,0.0,0.0,0.0
1785764696076486531,788367677709,cmd_vel,0.0,0.0,,,,,,,,
1785764696125906936,788417098323,cmd_vel,0.0,0.0,,,,,,,,
1785764696163068315,788454259493,/epuck1/state,,,,7,5643,,,0.0,0.0,0.0
1785764696175533546,788466725668,cmd_vel,0.0,0.0,,,,,,,,
1785764696225719721,788516911737,cmd_vel,0.0,0.0,,,,,,,,
1785764696239510705,788530701464,/epuck_bridge/status,,,,,,True,6568,,,
1785764696276581883,788567773375,cmd_vel,0.0,0.0,,,,,,,,
1785764696282472047,788573663120,/epuck1/state,,,,7,5644,,,0.0,0.0,0.0
1785764696325209353,788616400635,cmd_vel,0.0,0.0,,,,,,,,
1785764696375221627,788666412805,cmd_vel,0.0,0.0,,,,,,,,
1785764696382527746,788673719134,/epuck1/state,,,,7,5645,,,0.0,0.0,0.0
1785764696427636096,788718827169,cmd_vel,0.0,0.0,,,,,,,,
1785764696474606688,788765798181,cmd_vel,0.0,0.0,,,,,,,,
1785764696503359915,788794551827,/epuck1/state,,,,7,5646,,,0.0,0.0,0.0
1785764696524948094,788816139586,cmd_vel,0.0,0.0,,,,,,,,
1785764696574681372,788865872445,cmd_vel,0.0,0.0,,,,,,,,
1785764696623101588,788914293186,/epuck1/state,,,,7,5647,,,0.0,0.0,0.0
1785764696624803357,788915994430,cmd_vel,0.0,0.0,,,,,,,,
1785764696675031276,788966222349,cmd_vel,0.0,0.0,,,,,,,,
1785764696724004134,789015195417,/epuck1/state,,,,7,5648,,,0.0,0.0,0.0
1785764696724445493,789015636461,cmd_vel,0.0,0.0,,,,,,,,
1785764696775160500,789066351888,cmd_vel,0.0,0.0,,,,,,,,
1785764696826213344,789117404627,cmd_vel,0.0,0.0,,,,,,,,
1785764696843130654,789134321831,/epuck1/state,,,,7,5649,,,0.0,0.0,0.0
1785764696875258364,789166450276,cmd_vel,0.0,0.0,,,,,,,,
1785764696924843649,789216035561,cmd_vel,0.0,0.0,,,,,,,,
1785764696942907777,789234099060,/epuck1/state,,,,7,5650,,,0.0,0.0,0.0
1785764696975799264,789266990547,cmd_vel,0.0,0.0,,,,,,,,
1785764697025291935,789316483008,cmd_vel,0.0,0.0,,,,,,,,
1785764697062564913,789353756195,/epuck1/state,,,,7,5651,,,0.0,0.0,0.0
1785764697075416437,789366607930,cmd_vel,0.0,0.0,,,,,,,,
1785764697125749032,789416940210,cmd_vel,0.0,0.0,,,,,,,,
1785764697162521495,789453712463,/epuck1/state,,,,7,5652,,,0.0,0.0,0.0
1785764697175475598,789466667510,cmd_vel,0.0,0.0,,,,,,,,
1785764697226616861,789517808038,cmd_vel,0.0,0.0,,,,,,,,
1785764697241266229,789532456987,/epuck_bridge/status,,,,,,True,6577,,,
1785764697276043664,789567235261,cmd_vel,0.0,0.0,,,,,,,,
1785764697283371599,789574562567,/epuck1/state,,,,7,5653,,,0.0,0.0,0.0
1785764697324979288,789616170570,cmd_vel,0.0,0.0,,,,,,,,
1785764697375771911,789666963193,cmd_vel,0.0,0.0,,,,,,,,
1785764697403634659,789694825522,/epuck1/state,,,,7,5654,,,0.0,0.0,0.0
1785764697425241822,789716433314,cmd_vel,0.0,0.0,,,,,,,,
1785764697475310419,789766501492,cmd_vel,0.0,0.0,,,,,,,,
1785764697504562167,789795753030,/epuck1/state,,,,7,5655,,,0.0,0.0,0.0
1785764697525128446,789816319623,cmd_vel,0.0,0.0,,,,,,,,
1785764697575384055,789866575547,cmd_vel,0.0,0.0,,,,,,,,
1785764697623737878,789914929475,/epuck1/state,,,,7,5656,,,0.0,0.0,0.0
1785764697625056814,789916247887,cmd_vel,0.0,0.0,,,,,,,,
1785764697674535116,789965727028,cmd_vel,0.0,0.0,,,,,,,,
1785764697723655024,790014845992,/epuck1/state,,,,7,5657,,,0.0,0.0,0.0
1785764697724446700,790015637354,cmd_vel,0.0,0.0,,,,,,,,
1785764697775387736,790066579019,cmd_vel,0.0,0.0,,,,,,,,
1785764697823885673,790115076745,/epuck1/state,,,,7,5658,,,0.0,0.0,0.0
1785764697825022947,790116213915,cmd_vel,0.0,0.0,,,,,,,,
1785764697875563110,790166754183,cmd_vel,0.0,0.0,,,,,,,,
1785764697925277405,790216469002,cmd_vel,0.0,0.0,,,,,,,,
1785764697942927025,790234139599,/epuck1/state,,,,7,5659,,,0.0,0.0,0.0
1785764697974683335,790265874513,cmd_vel,0.0,0.0,,,,,,,,
1785764698025472497,790316664619,cmd_vel,0.0,0.0,,,,,,,,
1785764698042655482,790333846345,/epuck1/state,,,,7,5660,,,0.0,0.0,0.0
1785764698074834796,790366026078,cmd_vel,0.0,0.0,,,,,,,,
1785764698125518128,790416709201,cmd_vel,0.0,0.0,,,,,,,,
1785764698163016294,790454207577,/epuck1/state,,,,7,5661,,,0.0,0.0,0.0
1785764698174859554,790466050732,cmd_vel,0.0,0.0,,,,,,,,
1785764698224701389,790515892882,cmd_vel,0.0,0.0,,,,,,,,
1785764698241371798,790532562871,/epuck_bridge/status,,,,,,True,6586,,,
1785764698264387049,790555577912,/epuck1/state,,,,7,5662,,,0.0,0.0,0.0
1785764698275404860,790566596247,cmd_vel,0.0,0.0,,,,,,,,
1785764698324957211,790616148913,cmd_vel,0.0,0.0,,,,,,,,
1785764698376434527,790667626229,cmd_vel,0.0,0.0,,,,,,,,
1785764698382723151,790673915168,/epuck1/state,,,,7,5663,,,0.0,0.0,0.0
1785764698425326203,790716517696,cmd_vel,0.0,0.0,,,,,,,,
1785764698475309529,790766500707,cmd_vel,0.0,0.0,,,,,,,,
1785764698502427800,790793618768,/epuck1/state,,,,7,5664,,,0.0,0.0,0.0
1785764698525014279,790816205457,cmd_vel,0.0,0.0,,,,,,,,
1785764698574677075,790865868462,cmd_vel,0.0,0.0,,,,,,,,
1785764698603289650,790894480828,/epuck1/state,,,,7,5665,,,0.0,0.0,0.0
1785764698625029178,790916220461,cmd_vel,0.0,0.0,,,,,,,,
1785764698675537561,790966729054,cmd_vel,0.0,0.0,,,,,,,,
1785764698723651302,791014842270,/epuck1/state,,,,7,5666,,,0.0,0.0,0.0
1785764698724530662,791015721735,cmd_vel,0.0,0.0,,,,,,,,
1785764698775071455,791066262738,cmd_vel,0.0,0.0,,,,,,,,
1785764698825144039,791116335216,cmd_vel,0.0,0.0,,,,,,,,
1785764698843419196,791134610689,/epuck1/state,,,,7,5667,,,0.0,0.0,0.0
1785764698875198057,791166389655,cmd_vel,0.0,0.0,,,,,,,,
1785764698925273053,791216464441,cmd_vel,0.0,0.0,,,,,,,,
1785764698963510139,791254701631,/epuck1/state,,,,7,5668,,,0.0,0.0,0.0
1785764698975013569,791266204747,cmd_vel,0.0,0.0,,,,,,,,
1785764699025109123,791316300930,cmd_vel,0.0,0.0,,,,,,,,
1785764699076094315,791367285808,cmd_vel,0.0,0.0,,,,,,,,
1785764699082500831,791373692324,/epuck1/state,,,,7,5669,,,0.0,0.0,0.0
1785764699126775865,791417967252,cmd_vel,0.0,0.0,,,,,,,,
1785764699174798355,791465989532,cmd_vel,0.0,0.0,,,,,,,,
1785764699202471994,791493663906,/epuck1/state,,,,7,5670,,,0.0,0.0,0.0
1785764699225091722,791516283215,cmd_vel,0.0,0.0,,,,,,,,
1785764699239588063,791530778821,/epuck_bridge/status,,,,,,True,6594,,,
1785764699274673127,791565864409,cmd_vel,0.0,0.0,,,,,,,,
1785764699303349787,791594540650,/epuck1/state,,,,7,5671,,,0.0,0.0,0.0
1785764699324767002,791615958285,cmd_vel,0.0,0.0,,,,,,,,
1785764699375528033,791666719791,cmd_vel,0.0,0.0,,,,,,,,
1785764699422590580,791713781904,/epuck1/state,,,,7,5672,,,0.0,0.0,0.0
1785764699424783135,791715974243,cmd_vel,0.0,0.0,,,,,,,,
1785764699474911945,791766103160,cmd_vel,0.0,0.0,,,,,,,,
1785764699523640114,791814831438,/epuck1/state,,,,7,5673,,,0.0,0.0,0.0
1785764699524200847,791815391196,cmd_vel,0.0,0.0,,,,,,,,
1785764699574693439,791865884763,cmd_vel,0.0,0.0,,,,,,,,
1785764699624686615,791915877722,cmd_vel,0.0,0.0,,,,,,,,
1785764699642389995,791933581102,/epuck1/state,,,,7,5674,,,0.0,0.0,0.0
1785764699675868314,791967060180,cmd_vel,0.0,0.0,,,,,,,,
1785764699724627250,792015818683,cmd_vel,0.0,0.0,,,,,,,,
1785764699763819930,792055011254,/epuck1/state,,,,7,5675,,,0.0,0.0,0.0
1785764699775302167,792066493600,cmd_vel,0.0,0.0,,,,,,,,
1785764699825054302,792116246276,cmd_vel,0.0,0.0,,,,,,,,
1785764699874678170,792165869819,cmd_vel,0.0,0.0,,,,,,,,
1785764699882834902,792174026010,/epuck1/state,,,,7,5676,,,0.0,0.0,0.0
1785764699925048671,792216240861,cmd_vel,0.0,0.0,,,,,,,,
1785764699975553721,792266745262,cmd_vel,0.0,0.0,,,,,,,,
1785764700002874273,792294065164,/epuck1/state,,,,7,5677,,,0.0,0.0,0.0
1785764700025644722,792316835938,cmd_vel,0.0,0.0,,,,,,,,
1785764700076042631,792367233847,cmd_vel,0.0,0.0,,,,,,,,
1785764700104467315,792395659073,/epuck1/state,,,,7,5678,,,0.0,0.0,0.0
1785764700125925091,792417116306,cmd_vel,0.0,0.0,,,,,,,,
1785764700175695534,792466887074,cmd_vel,0.0,0.0,,,,,,,,
1785764700203663268,792494854376,/epuck1/state,,,,7,5679,,,0.0,0.0,0.0
1785764700225778410,792516969625,cmd_vel,0.0,0.0,,,,,,,,
1785764700239862052,792531053159,/epuck_bridge/status,,,,,,True,6602,,,
1785764700275524586,792566715910,cmd_vel,0.0,0.0,,,,,,,,
1785764700322873890,792614065539,/epuck1/state,,,,7,5680,,,0.0,0.0,0.0
1785764700324639938,792615831262,cmd_vel,0.0,0.0,,,,,,,,
1785764700376290396,792667481611,cmd_vel,0.0,0.0,,,,,,,,
1785764700425007623,792716200030,/epuck1/state,,,,7,5681,,,0.0,0.0,0.0
1785764700425341939,792716532180,cmd_vel,0.0,0.0,,,,,,,,
1785764700474878166,792766069598,cmd_vel,0.0,0.0,,,,,,,,
1785764700525309442,792816501307,cmd_vel,0.0,0.0,,,,,,,,
1785764700525591108,792816781674,/epuck1/state,,,,7,5682,,,0.0,0.0,0.0
1785764700575269468,792866461225,cmd_vel,0.0,0.0,,,,,,,,
1785764700626020435,792917211759,cmd_vel,0.0,0.0,,,,,,,,
1785764700642397816,792933588815,/epuck1/state,,,,7,5683,,,0.0,0.0,0.0
1785764700675359061,792966550602,cmd_vel,0.0,0.0,,,,,,,,
1785764700724966680,793016158545,cmd_vel,0.0,0.0,,,,,,,,
1785764700763129436,793054320977,/epuck1/state,,,,7,5684,,,0.0,0.0,0.0
1785764700775377263,793066568479,cmd_vel,0.0,0.0,,,,,,,,
1785764700825910372,793117101480,cmd_vel,0.0,0.0,,,,,,,,
1785764700864443086,793155635169,/epuck1/state,,,,7,5685,,,0.0,0.0,0.0
1785764700875229607,793166421256,cmd_vel,0.0,0.0,,,,,,,,
1785764700925743325,793216934649,cmd_vel,0.0,0.0,,,,,,,,
1785764700977192066,793268385015,cmd_vel,0.0,0.0,,,,,,,,
1785764700983179100,793274370424,/epuck1/state,,,,7,5686,,,0.0,0.0,0.0
1785764701025094844,793316286060,cmd_vel,0.0,0.0,,,,,,,,
1785764701075508028,793366699460,cmd_vel,0.0,0.0,,,,,,,,
1785764701102502280,793393693388,/epuck1/state,,,,7,5687,,,0.0,0.0,0.0
1785764701125619612,793416811695,cmd_vel,0.0,0.0,,,,,,,,
1785764701176423229,793467614986,cmd_vel,0.0,0.0,,,,,,,,
1785764701223318834,793514510591,/epuck1/state,,,,7,5688,,,0.0,0.0,0.0
1785764701224655991,793515846773,cmd_vel,0.0,0.0,,,,,,,,
1785764701239841165,793531032056,/epuck_bridge/status,,,,,,True,6610,,,
1785764701275173933,793566365365,cmd_vel,0.0,0.0,,,,,,,,
1785764701324685134,793615876025,/epuck1/state,,,,7,5689,,,0.0,0.0,0.0
1785764701325150425,793616341099,cmd_vel,0.0,0.0,,,,,,,,
1785764701375356801,793666548017,cmd_vel,0.0,0.0,,,,,,,,
1785764701424606162,793715797702,cmd_vel,0.0,0.0,,,,,,,,
1785764701442724457,793733916106,/epuck1/state,,,,7,5690,,,0.0,0.0,0.0
1785764701475965961,793767157285,cmd_vel,0.0,0.0,,,,,,,,
1785764701524506930,793815698688,cmd_vel,0.0,0.0,,,,,,,,
1785764701542787185,793833978617,/epuck1/state,,,,7,5691,,,0.0,0.0,0.0
1785764701575417689,793866609771,cmd_vel,0.0,0.0,,,,,,,,
1785764701625102874,793916293873,cmd_vel,0.0,0.0,,,,,,,,
1785764701662846055,793954037488,/epuck1/state,,,,7,5692,,,0.0,0.0,0.0
1785764701675166900,793966358332,cmd_vel,0.0,0.0,,,,,,,,
1785764701725632842,794016824057,cmd_vel,0.0,0.0,,,,,,,,
1785764701775030185,794066221509,cmd_vel,0.0,0.0,,,,,,,,
1785764701782838951,794074030275,/epuck1/state,,,,7,5693,,,0.0,0.0,0.0
1785764701825843119,794117034551,cmd_vel,0.0,0.0,,,,,,,,
1785764701876226619,794167418052,cmd_vel,0.0,0.0,,,,,,,,
1785764701903445771,794194636770,/epuck1/state,,,,7,5694,,,0.0,0.0,0.0
1785764701924916005,794216107654,cmd_vel,0.0,0.0,,,,,,,,
1785764701976002588,794267194021,cmd_vel,0.0,0.0,,,,,,,,
1785764702022673293,794313864834,/epuck1/state,,,,7,5695,,,0.0,0.0,0.0
1785764702024946882,794316138423,cmd_vel,0.0,0.0,,,,,,,,
1785764702074410201,794365601308,cmd_vel,0.0,0.0,,,,,,,,
1785764702123813611,794415004718,/epuck1/state,,,,7,5696,,,0.0,0.0,0.0
1785764702124263735,794415455059,cmd_vel,0.0,0.0,,,,,,,,
1785764702175506643,794466697859,cmd_vel,0.0,0.0,,,,,,,,
1785764702225064428,794516255644,cmd_vel,0.0,0.0,,,,,,,,
1785764702239676086,794530866869,/epuck_bridge/status,,,,,,True,6619,,,
1785764702243263649,794534454540,/epuck1/state,,,,7,5697,,,0.0,0.0,0.0
1785764702275334720,794566526153,cmd_vel,0.0,0.0,,,,,,,,
1785764702325521488,794616712704,cmd_vel,0.0,0.0,,,,,,,,
1785764702363828977,794655019760,/epuck1/state,,,,7,5698,,,0.0,0.0,0.0
1785764702374635757,794665827406,cmd_vel,0.0,0.0,,,,,,,,
1785764702424775616,794715966832,cmd_vel,0.0,0.0,,,,,,,,
1785764702474932159,794766123699,cmd_vel,0.0,0.0,,,,,,,,
1785764702483055524,794774247065,/epuck1/state,,,,7,5699,,,0.0,0.0,0.0
1785764702524756226,794815947334,cmd_vel,0.0,0.0,,,,,,,,
1785764702574886336,794866077660,cmd_vel,0.0,0.0,,,,,,,,
1785764702603718136,794894909677,/epuck1/state,,,,7,5700,,,0.0,0.0,0.0
1785764702624962387,794916154361,cmd_vel,0.0,0.0,,,,,,,,
1785764702674456147,794965647579,cmd_vel,0.0,0.0,,,,,,,,
1785764702702624839,794993816163,/epuck1/state,,,,7,5701,,,0.0,0.0,0.0
1785764702725775321,795016967079,cmd_vel,0.0,0.0,,,,,,,,
1785764702775383806,795066575238,cmd_vel,0.0,0.0,,,,,,,,
1785764702802667525,795093859174,/epuck1/state,,,,7,5702,,,0.0,0.0,0.0
1785764702825721807,795116913456,cmd_vel,0.0,0.0,,,,,,,,
1785764702874551701,795165743025,cmd_vel,0.0,0.0,,,,,,,,
1785764702903762451,795194954425,/epuck1/state,,,,7,5703,,,0.0,0.0,0.0
1785764702925346759,795216538300,cmd_vel,0.0,0.0,,,,,,,,
1785764702975469935,795266661368,cmd_vel,0.0,0.0,,,,,,,,
1785764703022826064,795314017280,/epuck1/state,,,,7,5704,,,0.0,0.0,0.0
1785764703025168012,795316359444,cmd_vel,0.0,0.0,,,,,,,,
1785764703076003478,795367195019,cmd_vel,0.0,0.0,,,,,,,,
1785764703123475741,795414667281,/epuck1/state,,,,7,5705,,,0.0,0.0,0.0
1785764703125642838,795416834487,cmd_vel,0.0,0.0,,,,,,,,
1785764703175585206,795466777180,cmd_vel,0.0,0.0,,,,,,,,
1785764703226062523,795517254389,cmd_vel,0.0,0.0,,,,,,,,
1785764703240141074,795531332289,/epuck_bridge/status,,,,,,True,6628,,,
1785764703242708679,795533899895,/epuck1/state,,,,7,5706,,,0.0,0.0,0.0
1785764703274692001,795565883758,cmd_vel,0.0,0.0,,,,,,,,
1785764703324752669,795615944318,cmd_vel,0.0,0.0,,,,,,,,
1785764703363379416,795654570632,/epuck1/state,,,,7,5707,,,0.0,0.0,0.0
1785764703374522353,795665713569,cmd_vel,0.0,0.0,,,,,,,,
1785764703426024719,795717216043,cmd_vel,0.0,0.0,,,,,,,,
1785764703479594408,795770786382,cmd_vel,0.0,0.0,,,,,,,,
1785764703484079186,795775270835,/epuck1/state,,,,7,5708,,,0.0,0.0,0.0
1785764703525547622,795816738946,cmd_vel,0.0,0.0,,,,,,,,
1785764703575667114,795866859088,cmd_vel,0.0,0.0,,,,,,,,
1785764703603574941,795894766482,/epuck1/state,,,,7,5709,,,0.0,0.0,0.0
1785764703625156649,795916347865,cmd_vel,0.0,0.0,,,,,,,,
1785764703675127617,795966318616,cmd_vel,0.0,0.0,,,,,,,,
1785764703722262638,796013453746,/epuck1/state,,,,7,5710,,,0.0,0.0,0.0
1785764703724688219,796015880626,cmd_vel,0.0,0.0,,,,,,,,
1785764703774895245,796066087110,cmd_vel,0.0,0.0,,,,,,,,
1785764703823614964,796114805963,/epuck1/state,,,,7,5711,,,0.0,0.0,0.0
1785764703824365063,796115556387,cmd_vel,0.0,0.0,,,,,,,,
1785764703875481438,796166673195,cmd_vel,0.0,0.0,,,,,,,,
1785764703924093799,796215285339,/epuck1/state,,,,7,5712,,,0.0,0.0,0.0
1785764703924540890,796215731347,cmd_vel,0.0,0.0,,,,,,,,
1785764703975090032,796266281139,cmd_vel,0.0,0.0,,,,,,,,
1785764704025180166,796316371490,cmd_vel,0.0,0.0,,,,,,,,
1785764704042999029,796334190028,/epuck1/state,,,,7,5713,,,0.0,0.0,0.0
1785764704075703417,796366894957,cmd_vel,0.0,0.0,,,,,,,,
1785764704124866760,796416058301,cmd_vel,0.0,0.0,,,,,,,,
1785764704142953531,796434144530,/epuck1/state,,,,7,5714,,,0.0,0.0,0.0
1785764704175242028,796466434760,cmd_vel,0.0,0.0,,,,,,,,
1785764704225370079,796516561186,cmd_vel,0.0,0.0,,,,,,,,
1785764704239716104,796530906886,/epuck_bridge/status,,,,,,True,6636,,,
1785764704242874342,796534065449,/epuck1/state,,,,7,5715,,,0.0,0.0,0.0
1785764704276223312,796567414419,cmd_vel,0.0,0.0,,,,,,,,
1785764704325330973,796616522513,cmd_vel,0.0,0.0,,,,,,,,
1785764704343668102,796634859534,/epuck1/state,,,,7,5716,,,0.0,0.0,0.0
1785764704375372357,796666563898,cmd_vel,0.0,0.0,,,,,,,,
1785764704424635909,796715827124,cmd_vel,0.0,0.0,,,,,,,,
1785764704462838423,796754029314,/epuck1/state,,,,7,5717,,,0.0,0.0,0.0
1785764704475760842,796766952058,cmd_vel,0.0,0.0,,,,,,,,
1785764704524732436,796815924193,cmd_vel,0.0,0.0,,,,,,,,
1785764704575382328,796866573977,cmd_vel,0.0,0.0,,,,,,,,
1785764704582701428,796873892860,/epuck1/state,,,,7,5718,,,0.0,0.0,0.0
1785764704624937079,796916128728,cmd_vel,0.0,0.0,,,,,,,,
1785764704675327188,796966519379,cmd_vel,0.0,0.0,,,,,,,,
1785764704682647588,796973839021,/epuck1/state,,,,7,5719,,,0.0,0.0,0.0
1785764704724960698,797016152997,cmd_vel,0.0,0.0,,,,,,,,
1785764704774772958,797065964065,cmd_vel,0.0,0.0,,,,,,,,
1785764704802732459,797093924216,/epuck1/state,,,,7,5720,,,0.0,0.0,0.0
1785764704825502583,797116693799,cmd_vel,0.0,0.0,,,,,,,,
1785764704874901118,797166092659,cmd_vel,0.0,0.0,,,,,,,,
1785764704903241194,797194432193,/epuck1/state,,,,7,5721,,,0.0,0.0,0.0
1785764704924919211,797216110535,cmd_vel,0.0,0.0,,,,,,,,
1785764704975937544,797267128976,cmd_vel,0.0,0.0,,,,,,,,
1785764705003477687,797294668686,/epuck1/state,,,,7,5722,,,0.0,0.0,0.0
1785764705026343903,797317535444,cmd_vel,0.0,0.0,,,,,,,,
1785764705075180947,797366372488,cmd_vel,0.0,0.0,,,,,,,,
1785764705123577942,797414769266,/epuck1/state,,,,7,5723,,,0.0,0.0,0.0
1785764705126643555,797417834770,cmd_vel,0.0,0.0,,,,,,,,
1785764705175120499,797466311932,cmd_vel,0.0,0.0,,,,,,,,
1785764705224598443,797515789767,/epuck1/state,,,,7,5724,,,0.0,0.0,0.0
1785764705225194709,797516386033,cmd_vel,0.0,0.0,,,,,,,,
1785764705239794125,797530985124,/epuck_bridge/status,,,,,,True,6644,,,
1785764705275558059,797566749275,cmd_vel,0.0,0.0,,,,,,,,
1785764705323993295,797615184944,/epuck1/state,,,,7,5725,,,0.0,0.0,0.0
1785764705325552969,797616744943,cmd_vel,0.0,0.0,,,,,,,,
1785764705374611771,797665802770,cmd_vel,0.0,0.0,,,,,,,,
1785764705424903730,797716095162,cmd_vel,0.0,0.0,,,,,,,,
1785764705442759318,797733950642,/epuck1/state,,,,7,5726,,,0.0,0.0,0.0
1785764705475213672,797766404996,cmd_vel,0.0,0.0,,,,,,,,
1785764705525205657,797816397306,cmd_vel,0.0,0.0,,,,,,,,
1785764705562700972,797853892188,/epuck1/state,,,,7,5727,,,0.0,0.0,0.0
1785764705575104908,797866296123,cmd_vel,0.0,0.0,,,,,,,,
1785764705625995299,797917186948,cmd_vel,0.0,0.0,,,,,,,,
1785764705675275968,797966467509,cmd_vel,0.0,0.0,,,,,,,,
1785764705682939134,797974130567,/epuck1/state,,,,7,5728,,,0.0,0.0,0.0
1785764705724774928,798015966469,cmd_vel,0.0,0.0,,,,,,,,
1785764705775770078,798066961510,cmd_vel,0.0,0.0,,,,,,,,
1785764705783240303,798074431627,/epuck1/state,,,,7,5729,,,0.0,0.0,0.0
1785764705824777422,798115968962,cmd_vel,0.0,0.0,,,,,,,,
1785764705875988805,798167180237,cmd_vel,0.0,0.0,,,,,,,,
1785764705902941132,798194132348,/epuck1/state,,,,7,5730,,,0.0,0.0,0.0
1785764705925735739,798216927063,cmd_vel,0.0,0.0,,,,,,,,
1785764705975398933,798266590365,cmd_vel,0.0,0.0,,,,,,,,
1785764706023554452,798314745885,/epuck1/state,,,,7,5731,,,0.0,0.0,0.0
1785764706025191801,798316383450,cmd_vel,0.0,0.0,,,,,,,,
1785764706075682659,798366873875,cmd_vel,0.0,0.0,,,,,,,,
1785764706125125069,798416316393,cmd_vel,0.0,0.0,,,,,,,,
1785764706142498575,798433690115,/epuck1/state,,,,7,5732,,,0.0,0.0,0.0
1785764706175000487,798466191811,cmd_vel,0.0,0.0,,,,,,,,
1785764706224682422,798515873529,cmd_vel,0.0,0.0,,,,,,,,
1785764706239725138,798530916029,/epuck_bridge/status,,,,,,True,6653,,,
1785764706242470410,798533661409,/epuck1/state,,,,7,5733,,,0.0,0.0,0.0
1785764706274724998,798565916322,cmd_vel,0.0,0.0,,,,,,,,
1785764706326228122,798617420421,cmd_vel,0.0,0.0,,,,,,,,
1785764706343353003,798634543893,/epuck1/state,,,,7,5734,,,0.0,0.0,0.0
1785764706375767599,798666959248,cmd_vel,0.0,0.0,,,,,,,,
1785764706425027468,798716218792,cmd_vel,0.0,0.0,,,,,,,,
1785764706442875039,798734065930,/epuck1/state,,,,7,5735,,,0.0,0.0,0.0
1785764706475313252,798766504576,cmd_vel,0.0,0.0,,,,,,,,
1785764706525018153,798816209802,cmd_vel,0.0,0.0,,,,,,,,
1785764706562779102,798853970859,/epuck1/state,,,,7,5736,,,0.0,0.0,0.0
1785764706575435995,798866627319,cmd_vel,0.0,0.0,,,,,,,,
1785764706625877021,798917068345,cmd_vel,0.0,0.0,,,,,,,,
1785764706663261728,798954452727,/epuck1/state,,,,7,5737,,,0.0,0.0,0.0
1785764706674830090,798966021630,cmd_vel,0.0,0.0,,,,,,,,
1785764706725470665,799016662314,cmd_vel,0.0,0.0,,,,,,,,
1785764706763449363,799054641554,/epuck1/state,,,,7,5738,,,0.0,0.0,0.0
1785764706775496558,799066688965,cmd_vel,0.0,0.0,,,,,,,,
1785764706824848293,799116040592,cmd_vel,0.0,0.0,,,,,,,,
1785764706874767586,799165959126,cmd_vel,0.0,0.0,,,,,,,,
1785764706882930818,799174123767,/epuck1/state,,,,7,5739,,,0.0,0.0,0.0
1785764706924719812,799215911786,cmd_vel,0.0,0.0,,,,,,,,
1785764706975485945,799266677811,cmd_vel,0.0,0.0,,,,,,,,
1785764707002673681,799293865655,/epuck1/state,,,,7,5740,,,0.0,0.0,0.0
1785764707025434272,799316626029,cmd_vel,0.0,0.0,,,,,,,,
1785764707074471299,799365662406,cmd_vel,0.0,0.0,,,,,,,,
1785764707102559825,799393751149,/epuck1/state,,,,7,5741,,,0.0,0.0,0.0
1785764707125284666,799416476098,cmd_vel,0.0,0.0,,,,,,,,
1785764707175542933,799466734690,cmd_vel,0.0,0.0,,,,,,,,
1785764707223544295,799514735185,/epuck1/state,,,,7,5742,,,0.0,0.0,0.0
1785764707225024885,799516215992,cmd_vel,0.0,0.0,,,,,,,,
1785764707239757334,799530948225,/epuck_bridge/status,,,,,,True,6662,,,
1785764707275600568,799566792434,cmd_vel,0.0,0.0,,,,,,,,
1785764707325807269,799616998377,cmd_vel,0.0,0.0,,,,,,,,
1785764707342710175,799633901716,/epuck1/state,,,,7,5743,,,0.0,0.0,0.0
1785764707375136363,799666327470,cmd_vel,0.0,0.0,,,,,,,,
1785764707425191367,799716382786,cmd_vel,0.0,0.0,,,,,,,,
1785764707463453521,799754644618,/epuck1/state,,,,7,5744,,,0.0,0.0,0.0
1785764707475455551,799766647506,cmd_vel,0.0,0.0,,,,,,,,
1785764707524539140,799815730237,cmd_vel,0.0,0.0,,,,,,,,
1785764707575350928,799866542025,cmd_vel,0.0,0.0,,,,,,,,
1785764707582517305,799873708831,/epuck1/state,,,,7,5745,,,0.0,0.0,0.0
1785764707626761487,799917952691,cmd_vel,0.0,0.0,,,,,,,,
1785764707675876077,799967067495,cmd_vel,0.0,0.0,,,,,,,,
1785764707703019663,799994210867,/epuck1/state,,,,7,5746,,,0.0,0.0,0.0
1785764707726092097,800017283623,cmd_vel,0.0,0.0,,,,,,,,
1785764707775349461,800066540772,cmd_vel,0.0,0.0,,,,,,,,
1785764707803599411,800094790937,/epuck1/state,,,,7,5747,,,0.0,0.0,0.0
1785764707826756158,800117947362,cmd_vel,0.0,0.0,,,,,,,,
1785764707875553663,800166744867,cmd_vel,0.0,0.0,,,,,,,,
1785764707924389784,800215580667,/epuck1/state,,,,7,5748,,,0.0,0.0,0.0
1785764707925668744,800216859840,cmd_vel,0.0,0.0,,,,,,,,
1785764707975711955,800266903480,cmd_vel,0.0,0.0,,,,,,,,
1785764708026498320,800317689524,cmd_vel,0.0,0.0,,,,,,,,
1785764708043096686,800334287998,/epuck1/state,,,,7,5749,,,0.0,0.0,0.0
1785764708074593325,800365784422,cmd_vel,0.0,0.0,,,,,,,,
1785764708125708467,800416899779,cmd_vel,0.0,0.0,,,,,,,,
1785764708163756407,800454947396,/epuck1/state,,,,7,5750,,,0.0,0.0,0.0
1785764708175090906,800466282217,cmd_vel,0.0,0.0,,,,,,,,
1785764708225400142,800516591775,cmd_vel,0.0,0.0,,,,,,,,
1785764708239421282,800530612057,/epuck_bridge/status,,,,,,True,6671,,,
1785764708275137424,800566328628,cmd_vel,0.0,0.0,,,,,,,,
1785764708282508469,800573699565,/epuck1/state,,,,7,5751,,,0.0,0.0,0.0
1785764708325820490,800617012874,cmd_vel,0.0,0.0,,,,,,,,
1785764708376675292,800667866389,cmd_vel,0.0,0.0,,,,,,,,
1785764708382664615,800673855604,/epuck1/state,,,,7,5752,,,0.0,0.0,0.0
1785764708426328583,800717520109,cmd_vel,0.0,0.0,,,,,,,,
1785764708475926953,800767118264,cmd_vel,0.0,0.0,,,,,,,,
1785764708483235353,800774426557,/epuck1/state,,,,7,5753,,,0.0,0.0,0.0
1785764708526614202,800817806050,cmd_vel,0.0,0.0,,,,,,,,
1785764708575962744,800867154270,cmd_vel,0.0,0.0,,,,,,,,
1785764708602797397,800893988387,/epuck1/state,,,,7,5754,,,0.0,0.0,0.0
1785764708625238451,800916429762,cmd_vel,0.0,0.0,,,,,,,,
1785764708677437002,800968628099,cmd_vel,0.0,0.0,,,,,,,,
1785764708724471768,801015662972,/epuck1/state,,,,7,5755,,,0.0,0.0,0.0
1785764708725692802,801016883899,cmd_vel,0.0,0.0,,,,,,,,
1785764708776235669,801067427624,cmd_vel,0.0,0.0,,,,,,,,
1785764708827220266,801118411363,cmd_vel,0.0,0.0,,,,,,,,
1785764708842650910,801133842221,/epuck1/state,,,,7,5756,,,0.0,0.0,0.0
1785764708875274831,801166466249,cmd_vel,0.0,0.0,,,,,,,,
1785764708924612753,801215803957,cmd_vel,0.0,0.0,,,,,,,,
1785764708942402762,801233594074,/epuck1/state,,,,7,5757,,,0.0,0.0,0.0
1785764708975240469,801266431994,cmd_vel,0.0,0.0,,,,,,,,
1785764709026419221,801317611069,cmd_vel,0.0,0.0,,,,,,,,
1785764709064497088,801355688292,/epuck1/state,,,,7,5758,,,0.0,0.0,0.0
1785764709075492191,801366683287,cmd_vel,0.0,0.0,,,,,,,,
1785764709125474044,801416665034,cmd_vel,0.0,0.0,,,,,,,,
1785764709176172664,801467364083,cmd_vel,0.0,0.0,,,,,,,,
1785764709182901923,801474093020,/epuck1/state,,,,7,5759,,,0.0,0.0,0.0
1785764709226254277,801517445803,cmd_vel,0.0,0.0,,,,,,,,
1785764709239722020,801530913224,/epuck_bridge/status,,,,,,True,6679,,,
1785764709274445823,801565636920,cmd_vel,0.0,0.0,,,,,,,,
1785764709283056246,801574247664,/epuck1/state,,,,7,5760,,,0.0,0.0,0.0
1785764709324666885,801615858411,cmd_vel,0.0,0.0,,,,,,,,
1785764709376739719,801667931030,cmd_vel,0.0,0.0,,,,,,,,
1785764709402654118,801693845000,/epuck1/state,,,,7,5761,,,0.0,0.0,0.0
1785764709424646682,801715838208,cmd_vel,0.0,0.0,,,,,,,,
1785764709476031068,801767222272,cmd_vel,0.0,0.0,,,,,,,,
1785764709503237728,801794428824,/epuck1/state,,,,7,5762,,,0.0,0.0,0.0
1785764709526527380,801817718584,cmd_vel,0.0,0.0,,,,,,,,
1785764709575225125,801866416329,cmd_vel,0.0,0.0,,,,,,,,
1785764709623063867,801914255071,/epuck1/state,,,,7,5763,,,0.0,0.0,0.0
1785764709624294341,801915485437,cmd_vel,0.0,0.0,,,,,,,,
1785764709675239141,801966430667,cmd_vel,0.0,0.0,,,,,,,,
1785764709723432297,802014624037,/epuck1/state,,,,7,5764,,,0.0,0.0,0.0
1785764709724561617,802015752713,cmd_vel,0.0,0.0,,,,,,,,
1785764709776379366,802067571321,cmd_vel,0.0,0.0,,,,,,,,
1785764709824222505,802115413495,/epuck1/state,,,,7,5765,,,0.0,0.0,0.0
1785764709826215335,802117406646,cmd_vel,0.0,0.0,,,,,,,,
1785764709876236770,802167427974,cmd_vel,0.0,0.0,,,,,,,,
1785764709926053645,802217245278,cmd_vel,0.0,0.0,,,,,,,,
1785764709943415118,802234606429,/epuck1/state,,,,7,5766,,,0.0,0.0,0.0
1785764709977199788,802268390992,cmd_vel,0.0,0.0,,,,,,,,
1785764710025702305,802316893402,cmd_vel,0.0,0.0,,,,,,,,
1785764710062641949,802353833153,/epuck1/state,,,,7,5767,,,0.0,0.0,0.0
1785764710076146056,802367337367,cmd_vel,0.0,0.0,,,,,,,,
1785764710124937875,802416129187,cmd_vel,0.0,0.0,,,,,,,,
1785764710163372195,802454563292,/epuck1/state,,,,7,5768,,,0.0,0.0,0.0
1785764710174846465,802466038098,cmd_vel,0.0,0.0,,,,,,,,
1785764710225411428,802516602632,cmd_vel,0.0,0.0,,,,,,,,
1785764710239727234,802530918330,/epuck_bridge/status,,,,,,True,6687,,,
1785764710274798479,802565989683,cmd_vel,0.0,0.0,,,,,,,,
1785764710282995811,802574186801,/epuck1/state,,,,7,5769,,,0.0,0.0,0.0
1785764710324646891,802615838417,cmd_vel,0.0,0.0,,,,,,,,
1785764710375022205,802666213730,cmd_vel,0.0,0.0,,,,,,,,
1785764710382570027,802673760910,/epuck1/state,,,,7,5770,,,0.0,0.0,0.0
1785764710425387542,802716579068,cmd_vel,0.0,0.0,,,,,,,,
1785764710475619867,802766812036,cmd_vel,0.0,0.0,,,,,,,,
1785764710502652645,802793843634,/epuck1/state,,,,7,5771,,,0.0,0.0,0.0
1785764710525713065,802816904269,cmd_vel,0.0,0.0,,,,,,,,
1785764710574920871,802866112396,cmd_vel,0.0,0.0,,,,,,,,
1785764710603927599,802895119768,/epuck1/state,,,,7,5772,,,0.0,0.0,0.0
1785764710625181836,802916372933,cmd_vel,0.0,0.0,,,,,,,,
1785764710675824891,802967016095,cmd_vel,0.0,0.0,,,,,,,,
1785764710724310245,803015502307,/epuck1/state,,,,7,5773,,,0.0,0.0,0.0
1785764710724993651,803016184533,cmd_vel,0.0,0.0,,,,,,,,
1785764710775562369,803066754217,cmd_vel,0.0,0.0,,,,,,,,
1785764710824285215,803115476205,/epuck1/state,,,,7,5774,,,0.0,0.0,0.0
1785764710825321748,803116512738,cmd_vel,0.0,0.0,,,,,,,,
1785764710876012323,803167203527,cmd_vel,0.0,0.0,,,,,,,,
1785764710926364466,803217555563,cmd_vel,0.0,0.0,,,,,,,,
1785764710942430782,803233621879,/epuck1/state,,,,7,5775,,,0.0,0.0,0.0
1785764710975855031,803267046021,cmd_vel,0.0,0.0,,,,,,,,
1785764711024551597,803315742693,cmd_vel,0.0,0.0,,,,,,,,
1785764711043076715,803334268563,/epuck1/state,,,,7,5776,,,0.0,0.0,0.0
1785764711075846735,803367038368,cmd_vel,0.0,0.0,,,,,,,,
1785764711125651489,803416843444,cmd_vel,0.0,0.0,,,,,,,,
1785764711143278236,803434469333,/epuck1/state,,,,7,5777,,,0.0,0.0,0.0
1785764711175852384,803467044339,cmd_vel,0.0,0.0,,,,,,,,
1785764711225893342,803517084868,cmd_vel,0.0,0.0,,,,,,,,
1785764711240421646,803531612528,/epuck_bridge/status,,,,,,True,6697,,,
1785764711264831286,803556022276,/epuck1/state,,,,7,5778,,,0.0,0.0,0.0
1785764711276842755,803568033959,cmd_vel,0.0,0.0,,,,,,,,
1785764711325633717,803616824921,cmd_vel,0.0,0.0,,,,,,,,
1785764711376954707,803668145804,cmd_vel,0.0,0.0,,,,,,,,
1785764711382525683,803673716887,/epuck1/state,,,,7,5779,,,0.0,0.0,0.0
1785764711424926890,803716118630,cmd_vel,0.0,0.0,,,,,,,,
1785764711476536325,803767728494,cmd_vel,0.0,0.0,,,,,,,,
1785764711503209003,803794400421,/epuck1/state,,,,7,5780,,,0.0,0.0,0.0
1785764711525163166,803816354799,cmd_vel,0.0,0.0,,,,,,,,
1785764711575696807,803866888011,cmd_vel,0.0,0.0,,,,,,,,
1785764711622770726,803913961929,/epuck1/state,,,,7,5781,,,0.0,0.0,0.0
1785764711625721031,803916912986,cmd_vel,0.0,0.0,,,,,,,,
1785764711674982900,803966175392,cmd_vel,0.0,0.0,,,,,,,,
1785764711724141899,804015332889,/epuck1/state,,,,7,5782,,,0.0,0.0,0.0
1785764711724592211,804015782986,cmd_vel,0.0,0.0,,,,,,,,
1785764711775951711,804067143022,cmd_vel,0.0,0.0,,,,,,,,
1785764711825681591,804116872581,cmd_vel,0.0,0.0,,,,,,,,
1785764711842655933,804133847137,/epuck1/state,,,,7,5783,,,0.0,0.0,0.0
1785764711874476736,804165668476,cmd_vel,0.0,0.0,,,,,,,,
1785764711924751432,804215942636,cmd_vel,0.0,0.0,,,,,,,,
1785764711963699888,804254891092,/epuck1/state,,,,7,5784,,,0.0,0.0,0.0
1785764711975350399,804266542247,cmd_vel,0.0,0.0,,,,,,,,
1785764712024655176,804315846701,cmd_vel,0.0,0.0,,,,,,,,
1785764712075678818,804366869915,cmd_vel,0.0,0.0,,,,,,,,
1785764712082956862,804374147958,/epuck1/state,,,,7,5785,,,0.0,0.0,0.0
1785764712126183390,804417374809,cmd_vel,0.0,0.0,,,,,,,,
1785764712175097495,804466288592,cmd_vel,0.0,0.0,,,,,,,,
1785764712202457012,804493648323,/epuck1/state,,,,7,5786,,,0.0,0.0,0.0
1785764712226793066,804517984270,cmd_vel,0.0,0.0,,,,,,,,
1785764712239761904,804530953108,/epuck_bridge/status,,,,,,True,6705,,,
1785764712275153775,804566344872,cmd_vel,0.0,0.0,,,,,,,,
1785764712302417179,804593608061,/epuck1/state,,,,7,5787,,,0.0,0.0,0.0
1785764712324748390,804615939594,cmd_vel,0.0,0.0,,,,,,,,
1785764712376438276,804667629480,cmd_vel,0.0,0.0,,,,,,,,
1785764712403897981,804695089292,/epuck1/state,,,,7,5788,,,0.0,0.0,0.0
1785764712424536713,804715727917,cmd_vel,0.0,0.0,,,,,,,,
1785764712475394734,804766586045,cmd_vel,0.0,0.0,,,,,,,,
1785764712523527819,804814719345,/epuck1/state,,,,7,5789,,,0.0,0.0,0.0
1785764712525254087,804816445184,cmd_vel,0.0,0.0,,,,,,,,
1785764712575272197,804866463616,cmd_vel,0.0,0.0,,,,,,,,
1785764712624770914,804915962011,cmd_vel,0.0,0.0,,,,,,,,
1785764712642525740,804933717051,/epuck1/state,,,,7,5790,,,0.0,0.0,0.0
1785764712674881275,804966072372,cmd_vel,0.0,0.0,,,,,,,,
1785764712726229404,805017420608,cmd_vel,0.0,0.0,,,,,,,,
1785764712763323836,805054514933,/epuck1/state,,,,7,5791,,,0.0,0.0,0.0
1785764712775199504,805066390708,cmd_vel,0.0,0.0,,,,,,,,
1785764712826278068,805117469379,cmd_vel,0.0,0.0,,,,,,,,
1785764712863716509,805154907927,/epuck1/state,,,,7,5792,,,0.0,0.0,0.0
1785764712875558280,805166749805,cmd_vel,0.0,0.0,,,,,,,,
1785764712925817100,805217008196,cmd_vel,0.0,0.0,,,,,,,,
1785764712975793590,805266984686,cmd_vel,0.0,0.0,,,,,,,,
1785764712982234833,805273425823,/epuck1/state,,,,7,5793,,,0.0,0.0,0.0
1785764713026136079,805317327498,cmd_vel,0.0,0.0,,,,,,,,
1785764713075802242,805366993446,cmd_vel,0.0,0.0,,,,,,,,
1785764713083259316,805374450520,/epuck1/state,,,,7,5794,,,0.0,0.0,0.0
1785764713124522728,805415713718,cmd_vel,0.0,0.0,,,,,,,,
1785764713175529530,805466720841,cmd_vel,0.0,0.0,,,,,,,,
1785764713183107602,805474299343,/epuck1/state,,,,7,5795,,,0.0,0.0,0.0
1785764713225272282,805516463486,cmd_vel,0.0,0.0,,,,,,,,
1785764713239553118,805530744001,/epuck_bridge/status,,,,,,True,6714,,,
1785764713275523701,805566714905,cmd_vel,0.0,0.0,,,,,,,,
1785764713303363565,805594554554,/epuck1/state,,,,7,5796,,,0.0,0.0,0.0
1785764713326068605,805617259702,cmd_vel,0.0,0.0,,,,,,,,
1785764713375847936,805667039784,cmd_vel,0.0,0.0,,,,,,,,
1785764713403070043,805694261354,/epuck1/state,,,,7,5797,,,0.0,0.0,0.0
1785764713424521975,805715713716,cmd_vel,0.0,0.0,,,,,,,,
1785764713475539504,805766731030,cmd_vel,0.0,0.0,,,,,,,,
1785764713504038317,805795229950,/epuck1/state,,,,7,5798,,,0.0,0.0,0.0
1785764713525878882,805817070623,cmd_vel,0.0,0.0,,,,,,,,
1785764713576386028,805867577125,cmd_vel,0.0,0.0,,,,,,,,
1785764713624536491,805915727695,cmd_vel,0.0,0.0,,,,,,,,
1785764713624700075,805915890314,/epuck1/state,,,,7,5799,,,0.0,0.0,0.0
1785764713675283596,805966475015,cmd_vel,0.0,0.0,,,,,,,,
1785764713724513392,806015704274,/epuck1/state,,,,7,5800,,,0.0,0.0,0.0
1785764713724809667,806015999906,cmd_vel,0.0,0.0,,,,,,,,
1785764713775050681,806066241884,cmd_vel,0.0,0.0,,,,,,,,
1785764713824548754,806115740173,cmd_vel,0.0,0.0,,,,,,,,
1785764713842508891,806133700310,/epuck1/state,,,,7,5801,,,0.0,0.0,0.0
1785764713875567355,806166759096,cmd_vel,0.0,0.0,,,,,,,,
1785764713924863657,806216055612,cmd_vel,0.0,0.0,,,,,,,,
1785764713942849860,806234041172,/epuck1/state,,,,7,5802,,,0.0,0.0,0.0
1785764713975969575,806267160779,cmd_vel,0.0,0.0,,,,,,,,
1785764714025696881,806316888943,cmd_vel,0.0,0.0,,,,,,,,
1785764714062747976,806353938858,/epuck1/state,,,,7,5803,,,0.0,0.0,0.0
1785764714076253370,806367445003,cmd_vel,0.0,0.0,,,,,,,,
1785764714124813276,806416005338,cmd_vel,0.0,0.0,,,,,,,,
1785764714163551272,806454742690,/epuck1/state,,,,7,5804,,,0.0,0.0,0.0
1785764714174962468,806466153564,cmd_vel,0.0,0.0,,,,,,,,
1785764714225207879,806516399620,cmd_vel,0.0,0.0,,,,,,,,
1785764714239838088,806531029399,/epuck_bridge/status,,,,,,True,6723,,,
1785764714276066222,806567257640,cmd_vel,0.0,0.0,,,,,,,,
1785764714282497596,806573688586,/epuck1/state,,,,7,5805,,,0.0,0.0,0.0
1785764714324629774,806615820871,cmd_vel,0.0,0.0,,,,,,,,
1785764714376395499,806667586595,cmd_vel,0.0,0.0,,,,,,,,
1785764714382948623,806674139612,/epuck1/state,,,,7,5806,,,0.0,0.0,0.0
1785764714424535771,806715726975,cmd_vel,0.0,0.0,,,,,,,,
1785764714476090606,806767281917,cmd_vel,0.0,0.0,,,,,,,,
1785764714482950303,806774141400,/epuck1/state,,,,7,5807,,,0.0,0.0,0.0
1785764714524780521,806815971832,cmd_vel,0.0,0.0,,,,,,,,
1785764714576426748,806867617952,cmd_vel,0.0,0.0,,,,,,,,
1785764714602799075,806893990172,/epuck1/state,,,,7,5808,,,0.0,0.0,0.0
1785764714624584398,806915775602,cmd_vel,0.0,0.0,,,,,,,,
1785764714676031428,806967223276,cmd_vel,0.0,0.0,,,,,,,,
1785764714703784512,806994975609,/epuck1/state,,,,7,5809,,,0.0,0.0,0.0
1785764714724885785,807016077526,cmd_vel,0.0,0.0,,,,,,,,
1785764714775034763,807066225859,cmd_vel,0.0,0.0,,,,,,,,
1785764714804508215,807095699097,/epuck1/state,,,,7,5810,,,0.0,0.0,0.0
1785764714825360625,807116551615,cmd_vel,0.0,0.0,,,,,,,,
1785764714874658215,807165849526,cmd_vel,0.0,0.0,,,,,,,,
1785764714923908821,807215099917,/epuck1/state,,,,7,5811,,,0.0,0.0,0.0
1785764714924665276,807215856695,cmd_vel,0.0,0.0,,,,,,,,
1785764714974898781,807266090414,cmd_vel,0.0,0.0,,,,,,,,
1785764715024678541,807315869960,cmd_vel,0.0,0.0,,,,,,,,
1785764715042560587,807333752220,/epuck1/state,,,,7,5812,,,0.0,0.0,0.0
1785764715075912322,807367103848,cmd_vel,0.0,0.0,,,,,,,,
1785764715124599234,807415790330,cmd_vel,0.0,0.0,,,,,,,,
1785764715142606783,807433798094,/epuck1/state,,,,7,5813,,,0.0,0.0,0.0
1785764715174865562,807466057088,cmd_vel,0.0,0.0,,,,,,,,
1785764715225329735,807516520859,cmd_vel,0.0,0.0,,,,,,,,
1785764715240728918,807531919842,/epuck_bridge/status,,,,,,True,6732,,,
1785764715243289815,807534480639,/epuck1/state,,,,7,5814,,,0.0,0.0,0.0
1785764715274700379,807565892203,cmd_vel,0.0,0.0,,,,,,,,
1785764715324303222,807615494346,cmd_vel,0.0,0.0,,,,,,,,
1785764715362654678,807653845702,/epuck1/state,,,,7,5815,,,0.0,0.0,0.0
1785764715375266764,807666458988,cmd_vel,0.0,0.0,,,,,,,,
1785764715425791807,807716983426,cmd_vel,0.0,0.0,,,,,,,,
1785764715463851992,807755042867,/epuck1/state,,,,7,5816,,,0.0,0.0,0.0
1785764715474949610,807766140697,cmd_vel,0.0,0.0,,,,,,,,
1785764715526713151,807817904345,cmd_vel,0.0,0.0,,,,,,,,
1785764715574977140,807866168227,cmd_vel,0.0,0.0,,,,,,,,
1785764715582660269,807873851357,/epuck1/state,,,,7,5817,,,0.0,0.0,0.0
1785764715624713488,807915904894,cmd_vel,0.0,0.0,,,,,,,,
1785764715676438005,807967629412,cmd_vel,0.0,0.0,,,,,,,,
1785764715684488826,807975679914,/epuck1/state,,,,7,5818,,,0.0,0.0,0.0
1785764715724573547,808015764953,cmd_vel,0.0,0.0,,,,,,,,
1785764715775338962,808066530475,cmd_vel,0.0,0.0,,,,,,,,
1785764715803311458,808094502226,/epuck1/state,,,,7,5819,,,0.0,0.0,0.0
1785764715824830644,808116022156,cmd_vel,0.0,0.0,,,,,,,,
1785764715875555122,808166747273,cmd_vel,0.0,0.0,,,,,,,,
1785764715902926425,808194118150,/epuck1/state,,,,7,5820,,,0.0,0.0,0.0
1785764715924792248,808215983442,cmd_vel,0.0,0.0,,,,,,,,
1785764715975441764,808266633276,cmd_vel,0.0,0.0,,,,,,,,
1785764716003864995,808295056295,/epuck1/state,,,,7,5821,,,0.0,0.0,0.0
1785764716025264027,808316455327,cmd_vel,0.0,0.0,,,,,,,,
1785764716075784882,808366975970,cmd_vel,0.0,0.0,,,,,,,,
1785764716122828621,808414019602,/epuck1/state,,,,7,5822,,,0.0,0.0,0.0
1785764716124267061,808415457830,cmd_vel,0.0,0.0,,,,,,,,
1785764716175784979,808466976491,cmd_vel,0.0,0.0,,,,,,,,
1785764716224980742,808516172361,cmd_vel,0.0,0.0,,,,,,,,
1785764716239765586,808530956354,/epuck_bridge/status,,,,,,True,6740,,,
1785764716243081718,808534272699,/epuck1/state,,,,7,5823,,,0.0,0.0,0.0
1785764716275730315,808566921615,cmd_vel,0.0,0.0,,,,,,,,
1785764716325717603,808616909541,cmd_vel,0.0,0.0,,,,,,,,
1785764716363360122,808654552379,/epuck1/state,,,,7,5824,,,0.0,0.0,0.0
1785764716375651301,808666842920,cmd_vel,0.0,0.0,,,,,,,,
1785764716425957049,808717148987,cmd_vel,0.0,0.0,,,,,,,,
1785764716475960713,808767152119,cmd_vel,0.0,0.0,,,,,,,,
1785764716482467082,808773657956,/epuck1/state,,,,7,5825,,,0.0,0.0,0.0
1785764716524798993,808815990612,cmd_vel,0.0,0.0,,,,,,,,
1785764716575657341,808866848960,cmd_vel,0.0,0.0,,,,,,,,
1785764716582758205,808873949186,/epuck1/state,,,,7,5826,,,0.0,0.0,0.0
1785764716625688651,808916880057,cmd_vel,0.0,0.0,,,,,,,,
1785764716675383955,808966575043,cmd_vel,0.0,0.0,,,,,,,,
1785764716703885127,808995076320,/epuck1/state,,,,7,5827,,,0.0,0.0,0.0
1785764716724766435,809015958267,cmd_vel,0.0,0.0,,,,,,,,
1785764716775733879,809066925604,cmd_vel,0.0,0.0,,,,,,,,
1785764716822710523,809113901717,/epuck1/state,,,,7,5828,,,0.0,0.0,0.0
1785764716824273796,809115464670,cmd_vel,0.0,0.0,,,,,,,,
1785764716875385530,809166576724,cmd_vel,0.0,0.0,,,,,,,,
1785764716925237885,809216429079,cmd_vel,0.0,0.0,,,,,,,,
1785764716925412373,809216602504,/epuck1/state,,,,7,5829,,,0.0,0.0,0.0
1785764716974885022,809266076109,cmd_vel,0.0,0.0,,,,,,,,
1785764717025211292,809316403017,cmd_vel,0.0,0.0,,,,,,,,
1785764717043849876,809335041069,/epuck1/state,,,,7,5830,,,0.0,0.0,0.0
1785764717076039018,809367230530,cmd_vel,0.0,0.0,,,,,,,,
1785764717125706676,809416897657,cmd_vel,0.0,0.0,,,,,,,,
1785764717143091090,809434281965,/epuck1/state,,,,7,5831,,,0.0,0.0,0.0
1785764717175789875,809466981494,cmd_vel,0.0,0.0,,,,,,,,
1785764717225213398,809516404592,cmd_vel,0.0,0.0,,,,,,,,
1785764717239592378,809530783253,/epuck_bridge/status,,,,,,True,6748,,,
1785764717242537630,809533729249,/epuck1/state,,,,7,5832,,,0.0,0.0,0.0
1785764717275835162,809567026249,cmd_vel,0.0,0.0,,,,,,,,
1785764717324762015,809615953847,cmd_vel,0.0,0.0,,,,,,,,
1785764717362704280,809653895474,/epuck1/state,,,,7,5833,,,0.0,0.0,0.0
1785764717375673529,809666864616,cmd_vel,0.0,0.0,,,,,,,,
1785764717424867166,809716058253,cmd_vel,0.0,0.0,,,,,,,,
1785764717464715513,809755906388,/epuck1/state,,,,7,5834,,,0.0,0.0,0.0
1785764717475220550,809766411638,cmd_vel,0.0,0.0,,,,,,,,
1785764717524566134,809815757221,cmd_vel,0.0,0.0,,,,,,,,
1785764717563644116,809854835735,/epuck1/state,,,,7,5835,,,0.0,0.0,0.0
1785764717574502596,809865693790,cmd_vel,0.0,0.0,,,,,,,,
1785764717625990422,809917182254,cmd_vel,0.0,0.0,,,,,,,,
1785764717675016801,809966207888,cmd_vel,0.0,0.0,,,,,,,,
1785764717683553872,809974744746,/epuck1/state,,,,7,5836,,,0.0,0.0,0.0
1785764717724883723,810016075448,cmd_vel,0.0,0.0,,,,,,,,
1785764717774882920,810066074008,cmd_vel,0.0,0.0,,,,,,,,
1785764717802787577,810093978877,/epuck1/state,,,,7,5837,,,0.0,0.0,0.0
1785764717825015456,810116207182,cmd_vel,0.0,0.0,,,,,,,,
1785764717874835806,810166027425,cmd_vel,0.0,0.0,,,,,,,,
1785764717925134005,810216324880,/epuck1/state,,,,7,5838,,,0.0,0.0,0.0
1785764717925491276,810216681831,cmd_vel,0.0,0.0,,,,,,,,
1785764717974451942,810265643242,cmd_vel,0.0,0.0,,,,,,,,
1785764718025374196,810316565708,cmd_vel,0.0,0.0,,,,,,,,
1785764718042475345,810333666539,/epuck1/state,,,,7,5839,,,0.0,0.0,0.0
1785764718075467283,810366658902,cmd_vel,0.0,0.0,,,,,,,,
1785764718124858588,810416049782,cmd_vel,0.0,0.0,,,,,,,,
1785764718143224540,810434416478,/epuck1/state,,,,7,5840,,,0.0,0.0,0.0
1785764718175451323,810466642411,cmd_vel,0.0,0.0,,,,,,,,
1785764718225625328,810516817266,cmd_vel,0.0,0.0,,,,,,,,
1785764718239765490,810530956364,/epuck_bridge/status,,,,,,True,6757,,,
1785764718262713333,810553904421,/epuck1/state,,,,7,5841,,,0.0,0.0,0.0
1785764718274960704,810566152961,cmd_vel,0.0,0.0,,,,,,,,
1785764718325536638,810616728151,cmd_vel,0.0,0.0,,,,,,,,
1785764718364535298,810655726598,/epuck1/state,,,,7,5842,,,0.0,0.0,0.0
1785764718375511380,810666703211,cmd_vel,0.0,0.0,,,,,,,,
1785764718425084298,810716275385,cmd_vel,0.0,0.0,,,,,,,,
1785764718475587290,810766778377,cmd_vel,0.0,0.0,,,,,,,,
1785764718483118686,810774309879,/epuck1/state,,,,7,5843,,,0.0,0.0,0.0
1785764718524423231,810815614743,cmd_vel,0.0,0.0,,,,,,,,
1785764718575337828,810866529766,cmd_vel,0.0,0.0,,,,,,,,
1785764718602468186,810893659273,/epuck1/state,,,,7,5844,,,0.0,0.0,0.0
1785764718625598379,812944692864,cmd_vel,0.0,0.0,,,,,,,,
1785764718675943789,812995038381,cmd_vel,0.0,0.0,,,,,,,,
1785764718722768487,813041862440,/epuck1/state,,,,7,5845,,,0.0,0.0,0.0
1785764718724416505,813043510564,cmd_vel,0.0,0.0,,,,,,,,
1785764718775346733,813094441218,cmd_vel,0.0,0.0,,,,,,,,
1785764718823314697,813142409395,/epuck1/state,,,,7,5846,,,0.0,0.0,0.0
1785764718825430676,813144524736,cmd_vel,0.0,0.0,,,,,,,,
1785764718876061583,813195156706,cmd_vel,0.0,0.0,,,,,,,,
1785764718924870835,813243965533,cmd_vel,0.0,0.0,,,,,,,,
1785764718942808594,813261902653,/epuck1/state,,,,7,5847,,,0.0,0.0,0.0
1785764718975091732,813294186004,cmd_vel,0.0,0.0,,,,,,,,
1785764719024714093,813343808685,cmd_vel,0.0,0.0,,,,,,,,
1785764719063358353,813382452732,/epuck1/state,,,,7,5848,,,0.0,0.0,0.0
1785764719075039620,813394134743,cmd_vel,0.0,0.0,,,,,,,,
1785764719126148589,813445242756,cmd_vel,0.0,0.0,,,,,,,,
1785764719175141261,813494235428,cmd_vel,0.0,0.0,,,,,,,,
1785764719182996753,813502091132,/epuck1/state,,,,7,5849,,,0.0,0.0,0.0
1785764719225295914,813544390187,cmd_vel,0.0,0.0,,,,,,,,
1785764719242254368,813561348641,/epuck_bridge/status,,,,,,True,6784,,,
1785764719275946706,813595041085,cmd_vel,0.0,0.0,,,,,,,,
1785764719302462579,813621556958,/epuck1/state,,,,7,5850,,,0.0,0.0,0.0
1785764719325960151,813645054743,cmd_vel,0.0,0.0,,,,,,,,
1785764719376319384,813695415464,cmd_vel,0.0,0.0,,,,,,,,
1785764719403205926,813722300624,/epuck1/state,,,,7,5851,,,0.0,0.0,0.0
1785764719425156495,813744250767,cmd_vel,0.0,0.0,,,,,,,,
1785764719476384767,813795479891,cmd_vel,0.0,0.0,,,,,,,,
1785764719523655309,813842749263,/epuck1/state,,,,7,5852,,,0.0,0.0,0.0
1785764719524875027,813843969087,cmd_vel,0.0,0.0,,,,,,,,
1785764719575638210,813894732589,cmd_vel,0.0,0.0,,,,,,,,
1785764719624764965,813943859238,cmd_vel,0.0,0.0,,,,,,,,
1785764719642540144,813961634311,/epuck1/state,,,,7,5853,,,0.0,0.0,0.0
1785764719674985968,813994080560,cmd_vel,0.0,0.0,,,,,,,,
1785764719724794515,814043889319,cmd_vel,0.0,0.0,,,,,,,,
1785764719743509869,814062604461,/epuck1/state,,,,7,5854,,,0.0,0.0,0.0
1785764719775792050,814094887067,cmd_vel,0.0,0.0,,,,,,,,
1785764719824733684,814143828275,cmd_vel,0.0,0.0,,,,,,,,
1785764719862866918,814181961404,/epuck1/state,,,,7,5855,,,0.0,0.0,0.0
1785764719875117266,814194211539,cmd_vel,0.0,0.0,,,,,,,,
1785764719925231194,814244325680,cmd_vel,0.0,0.0,,,,,,,,
1785764719963238853,814282332806,/epuck1/state,,,,7,5856,,,0.0,0.0,0.0
1785764719976194385,814295289934,cmd_vel,0.0,0.0,,,,,,,,
1785764720025634709,814344729938,cmd_vel,0.0,0.0,,,,,,,,
1785764720064146587,814383241497,/epuck1/state,,,,7,5857,,,0.0,0.0,0.0
1785764720075622848,814394717014,cmd_vel,0.0,0.0,,,,,,,,
1785764720125072635,814444166908,cmd_vel,0.0,0.0,,,,,,,,
1785764720163500087,814482594040,/epuck1/state,,,,7,5858,,,0.0,0.0,0.0
1785764720175681107,814494775699,cmd_vel,0.0,0.0,,,,,,,,
1785764720225334730,814544429747,cmd_vel,0.0,0.0,,,,,,,,
1785764720239819509,814558913675,/epuck_bridge/status,,,,,,True,6792,,,
1785764720275253435,814594347920,cmd_vel,0.0,0.0,,,,,,,,
1785764720282488700,814601583186,/epuck1/state,,,,7,5859,,,0.0,0.0,0.0
1785764720325442752,814644537556,cmd_vel,0.0,0.0,,,,,,,,
1785764720375987638,814695081910,cmd_vel,0.0,0.0,,,,,,,,
1785764720382829905,814701924071,/epuck1/state,,,,7,5860,,,0.0,0.0,0.0
1785764720425595964,814744690130,cmd_vel,0.0,0.0,,,,,,,,
1785764720474901354,814793996159,cmd_vel,0.0,0.0,,,,,,,,
1785764720502547947,814821642964,/epuck1/state,,,,7,5861,,,0.0,0.0,0.0
1785764720524475867,814843570353,cmd_vel,0.0,0.0,,,,,,,,
1785764720575523697,814894618289,cmd_vel,0.0,0.0,,,,,,,,
1785764720623897206,814942991160,/epuck1/state,,,,7,5862,,,0.0,0.0,0.0
1785764720625327672,814944422051,cmd_vel,0.0,0.0,,,,,,,,
1785764720675051579,814994146171,cmd_vel,0.0,0.0,,,,,,,,
1785764720723525252,815042619631,/epuck1/state,,,,7,5863,,,0.0,0.0,0.0
1785764720724502111,815043596171,cmd_vel,0.0,0.0,,,,,,,,
1785764720775725599,815094819978,cmd_vel,0.0,0.0,,,,,,,,
1785764720826319290,815145413563,cmd_vel,0.0,0.0,,,,,,,,
1785764720843075823,815162169776,/epuck1/state,,,,7,5864,,,0.0,0.0,0.0
1785764720876446935,815195541314,cmd_vel,0.0,0.0,,,,,,,,
1785764720926603396,815245697562,cmd_vel,0.0,0.0,,,,,,,,
1785764720962539840,815281634113,/epuck1/state,,,,7,5865,,,0.0,0.0,0.0
1785764720975441676,815294535948,cmd_vel,0.0,0.0,,,,,,,,
1785764721025810372,815344904857,cmd_vel,0.0,0.0,,,,,,,,
1785764721076241165,815395336289,cmd_vel,0.0,0.0,,,,,,,,
1785764721082727863,815401822030,/epuck1/state,,,,7,5866,,,0.0,0.0,0.0
1785764721125535710,815444630302,cmd_vel,0.0,0.0,,,,,,,,
1785764721175236969,815494331242,cmd_vel,0.0,0.0,,,,,,,,
1785764721182470852,815501565018,/epuck1/state,,,,7,5867,,,0.0,0.0,0.0
1785764721225068271,815544162543,cmd_vel,0.0,0.0,,,,,,,,
1785764721239904685,815558998532,/epuck_bridge/status,,,,,,True,6801,,,
1785764721276125138,815595219836,cmd_vel,0.0,0.0,,,,,,,,
1785764721283159014,815602253286,/epuck1/state,,,,7,5868,,,0.0,0.0,0.0
1785764721326309032,815645403305,cmd_vel,0.0,0.0,,,,,,,,
1785764721375536588,815694631180,cmd_vel,0.0,0.0,,,,,,,,
1785764721402818148,815721912633,/epuck1/state,,,,7,5869,,,0.0,0.0,0.0
1785764721424706088,815743800680,cmd_vel,0.0,0.0,,,,,,,,
1785764721475882578,815794976851,cmd_vel,0.0,0.0,,,,,,,,
1785764721505939579,815825033639,/epuck1/state,,,,7,5870,,,0.0,0.0,0.0
1785764721525360968,815844455241,cmd_vel,0.0,0.0,,,,,,,,
1785764721574812138,815893906517,cmd_vel,0.0,0.0,,,,,,,,
1785764721622528949,815941623434,/epuck1/state,,,,7,5871,,,0.0,0.0,0.0
1785764721624236299,815943330572,cmd_vel,0.0,0.0,,,,,,,,
1785764721674972900,815994067385,cmd_vel,0.0,0.0,,,,,,,,
1785764721724395785,816043490058,cmd_vel,0.0,0.0,,,,,,,,
1785764721742427221,816061521494,/epuck1/state,,,,7,5872,,,0.0,0.0,0.0
1785764721774574575,816093669273,cmd_vel,0.0,0.0,,,,,,,,
1785764721824979530,816144073696,cmd_vel,0.0,0.0,,,,,,,,
1785764721842951208,816162045906,/epuck1/state,,,,7,5873,,,0.0,0.0,0.0
1785764721874807961,816193902127,cmd_vel,0.0,0.0,,,,,,,,
1785764721925315099,816244409585,cmd_vel,0.0,0.0,,,,,,,,
1785764721962258707,816281353724,/epuck1/state,,,,7,5874,,,0.0,0.0,0.0
1785764721975330565,816294425157,cmd_vel,0.0,0.0,,,,,,,,
1785764722026041540,816345135919,cmd_vel,0.0,0.0,,,,,,,,
1785764722062597785,816381692164,/epuck1/state,,,,7,5875,,,0.0,0.0,0.0
1785764722075179353,816394274051,cmd_vel,0.0,0.0,,,,,,,,
1785764722125554217,816444648914,cmd_vel,0.0,0.0,,,,,,,,
1785764722162785236,816481879615,/epuck1/state,,,,7,5876,,,0.0,0.0,0.0
1785764722175404657,816494499143,cmd_vel,0.0,0.0,,,,,,,,
1785764722226187618,816545281784,cmd_vel,0.0,0.0,,,,,,,,
1785764722239643117,816558737814,/epuck_bridge/status,,,,,,True,6810,,,
1785764722275537135,816594631727,cmd_vel,0.0,0.0,,,,,,,,
1785764722282603335,816601697820,/epuck1/state,,,,7,5877,,,0.0,0.0,0.0
1785764722325582055,816644676753,cmd_vel,0.0,0.0,,,,,,,,
1785764722377385151,816696480062,cmd_vel,0.0,0.0,,,,,,,,
1785764722383171875,816702266147,/epuck1/state,,,,7,5878,,,0.0,0.0,0.0
1785764722425298461,816744392734,cmd_vel,0.0,0.0,,,,,,,,
1785764722475130826,816794225311,cmd_vel,0.0,0.0,,,,,,,,
1785764722503725356,816822819416,/epuck1/state,,,,7,5879,,,0.0,0.0,0.0
1785764722525903685,816844997957,cmd_vel,0.0,0.0,,,,,,,,
1785764722575666509,816894760782,cmd_vel,0.0,0.0,,,,,,,,
1785764722603884735,816922979008,/epuck1/state,,,,7,5880,,,0.0,0.0,0.0
1785764722625987144,816945081417,cmd_vel,0.0,0.0,,,,,,,,
1785764722674980773,816994075046,cmd_vel,0.0,0.0,,,,,,,,
1785764722723127585,817042221752,/epuck1/state,,,,7,5881,,,0.0,0.0,0.0
1785764722724309025,817043403191,cmd_vel,0.0,0.0,,,,,,,,
1785764722775835023,817094929296,cmd_vel,0.0,0.0,,,,,,,,
1785764722823415625,817142509791,/epuck1/state,,,,7,5882,,,0.0,0.0,0.0
1785764722824756347,817143850407,cmd_vel,0.0,0.0,,,,,,,,
1785764722876135184,817195229669,cmd_vel,0.0,0.0,,,,,,,,
1785764722923477712,817242572516,/epuck1/state,,,,7,5883,,,0.0,0.0,0.0
1785764722925314679,817244409058,cmd_vel,0.0,0.0,,,,,,,,
1785764722975611389,817294705981,cmd_vel,0.0,0.0,,,,,,,,
1785764723024642979,817343737464,/epuck1/state,,,,7,5884,,,0.0,0.0,0.0
1785764723025020027,817344113342,cmd_vel,0.0,0.0,,,,,,,,
1785764723074696936,817393791315,cmd_vel,0.0,0.0,,,,,,,,
1785764723123585298,817442679571,/epuck1/state,,,,7,5885,,,0.0,0.0,0.0
1785764723125417268,817444511540,cmd_vel,0.0,0.0,,,,,,,,
1785764723175337355,817494431522,cmd_vel,0.0,0.0,,,,,,,,
1785764723225433314,817544527693,/epuck1/state,,,,7,5886,,,0.0,0.0,0.0
1785764723225862251,817544956205,cmd_vel,0.0,0.0,,,,,,,,
1785764723240159144,817559253629,/epuck_bridge/status,,,,,,True,6819,,,
1785764723275491737,817594586010,cmd_vel,0.0,0.0,,,,,,,,
1785764723325464352,817644558944,cmd_vel,0.0,0.0,,,,,,,,
1785764723342882686,817661977065,/epuck1/state,,,,7,5887,,,0.0,0.0,0.0
1785764723375380718,817694475097,cmd_vel,0.0,0.0,,,,,,,,
1785764723425055205,817744150195,cmd_vel,0.0,0.0,,,,,,,,
1785764723463272766,817782366708,/epuck1/state,,,,7,5888,,,0.0,0.0,0.0
1785764723475725585,817794820051,cmd_vel,0.0,0.0,,,,,,,,
1785764723525258983,817844353658,cmd_vel,0.0,0.0,,,,,,,,
1785764723564645182,817883739647,/epuck1/state,,,,7,5889,,,0.0,0.0,0.0
1785764723576021919,817895116489,cmd_vel,0.0,0.0,,,,,,,,
1785764723625327962,817944422533,cmd_vel,0.0,0.0,,,,,,,,
1785764723675287034,817994381185,cmd_vel,0.0,0.0,,,,,,,,
1785764723682932600,818002027485,/epuck1/state,,,,7,5890,,,0.0,0.0,0.0
1785764723725859931,818044954187,cmd_vel,0.0,0.0,,,,,,,,
1785764723775535779,818094630035,cmd_vel,0.0,0.0,,,,,,,,
1785764723783219081,818102313337,/epuck1/state,,,,7,5891,,,0.0,0.0,0.0
1785764723825692751,818144787531,cmd_vel,0.0,0.0,,,,,,,,
1785764723875493859,818194588849,cmd_vel,0.0,0.0,,,,,,,,
1785764723903555415,818222649671,/epuck1/state,,,,7,5892,,,0.0,0.0,0.0
1785764723924680512,818243774768,cmd_vel,0.0,0.0,,,,,,,,
1785764723975357915,818294452590,cmd_vel,0.0,0.0,,,,,,,,
1785764724004106986,818323201137,/epuck1/state,,,,7,5893,,,0.0,0.0,0.0
1785764724025544027,818344638597,cmd_vel,0.0,0.0,,,,,,,,
1785764724075290209,818394384465,cmd_vel,0.0,0.0,,,,,,,,
1785764724102995378,818422089529,/epuck1/state,,,,7,5894,,,0.0,0.0,0.0
1785764724125623383,818444717639,cmd_vel,0.0,0.0,,,,,,,,
1785764724175103637,818494198208,cmd_vel,0.0,0.0,,,,,,,,
1785764724222981194,818542075136,/epuck1/state,,,,7,5895,,,0.0,0.0,0.0
1785764724224314085,818543409074,cmd_vel,0.0,0.0,,,,,,,,
1785764724240548597,818559643063,/epuck_bridge/status,,,,,,True,6828,,,
1785764724276078680,818595173041,cmd_vel,0.0,0.0,,,,,,,,
1785764724324792491,818643886642,cmd_vel,0.0,0.0,,,,,,,,
1785764724342522679,818661616725,/epuck1/state,,,,7,5896,,,0.0,0.0,0.0
1785764724375098831,818694193087,cmd_vel,0.0,0.0,,,,,,,,
1785764724425310623,818744404879,cmd_vel,0.0,0.0,,,,,,,,
1785764724462596335,818781690905,/epuck1/state,,,,7,5897,,,0.0,0.0,0.0
1785764724475683419,818794777780,cmd_vel,0.0,0.0,,,,,,,,
1785764724524576577,818843670728,cmd_vel,0.0,0.0,,,,,,,,
1785764724574695184,818893789860,cmd_vel,0.0,0.0,,,,,,,,
1785764724582503851,818901598002,/epuck1/state,,,,7,5898,,,0.0,0.0,0.0
1785764724625958635,818945052786,cmd_vel,0.0,0.0,,,,,,,,
1785764724675181976,818994277070,cmd_vel,0.0,0.0,,,,,,,,
1785764724702341976,819021436022,/epuck1/state,,,,7,5899,,,0.0,0.0,0.0
1785764724725150062,819044244318,cmd_vel,0.0,0.0,,,,,,,,
1785764724774781886,819093876142,cmd_vel,0.0,0.0,,,,,,,,
1785764724803270793,819122364839,/epuck1/state,,,,7,5900,,,0.0,0.0,0.0
1785764724825785593,819144880163,cmd_vel,0.0,0.0,,,,,,,,
1785764724875151488,819194245744,cmd_vel,0.0,0.0,,,,,,,,
1785764724923814042,819242908088,/epuck1/state,,,,7,5901,,,0.0,0.0,0.0
1785764724924898090,819243992241,cmd_vel,0.0,0.0,,,,,,,,
1785764724975995087,819295089238,cmd_vel,0.0,0.0,,,,,,,,
1785764725023653361,819342747407,/epuck1/state,,,,7,5902,,,0.0,0.0,0.0
1785764725025047047,819344141093,cmd_vel,0.0,0.0,,,,,,,,
1785764725074550466,819393644512,cmd_vel,0.0,0.0,,,,,,,,
1785764725124485639,819443579475,/epuck1/state,,,,7,5903,,,0.0,0.0,0.0
1785764725124788149,819443881567,cmd_vel,0.0,0.0,,,,,,,,
1785764725175896676,819494991351,cmd_vel,0.0,0.0,,,,,,,,
1785764725224856185,819543951175,cmd_vel,0.0,0.0,,,,,,,,
1785764725239718500,819558812651,/epuck_bridge/status,,,,,,True,6836,,,
1785764725242390150,819561484197,/epuck1/state,,,,7,5904,,,0.0,0.0,0.0
1785764725275069864,819594164539,cmd_vel,0.0,0.0,,,,,,,,
1785764725324872754,819643967010,cmd_vel,0.0,0.0,,,,,,,,
1785764725343148216,819662242577,/epuck1/state,,,,7,5905,,,0.0,0.0,0.0
1785764725374769667,819693864133,cmd_vel,0.0,0.0,,,,,,,,
1785764725424509770,819743604026,cmd_vel,0.0,0.0,,,,,,,,
1785764725463862112,819782956053,/epuck1/state,,,,7,5906,,,0.0,0.0,0.0
1785764725475866825,819794962234,cmd_vel,0.0,0.0,,,,,,,,
1785764725524684513,819843778664,cmd_vel,0.0,0.0,,,,,,,,
1785764725575094834,819894188985,cmd_vel,0.0,0.0,,,,,,,,
1785764725582622059,819901716315,/epuck1/state,,,,7,5907,,,0.0,0.0,0.0
1785764725625990577,819945085462,cmd_vel,0.0,0.0,,,,,,,,
1785764725674817279,819993911954,cmd_vel,0.0,0.0,,,,,,,,
1785764725702859548,820022006634,/epuck1/state,,,,7,5908,,,0.0,0.0,0.0
1785764725725517637,820044612207,cmd_vel,0.0,0.0,,,,,,,,
1785764725776580882,820095675138,cmd_vel,0.0,0.0,,,,,,,,
1785764725803329883,820122425187,/epuck1/state,,,,7,5909,,,0.0,0.0,0.0
1785764725826452009,820145546580,cmd_vel,0.0,0.0,,,,,,,,
1785764725875705433,820194799689,cmd_vel,0.0,0.0,,,,,,,,
1785764725922683635,820241777996,/epuck1/state,,,,7,5910,,,0.0,0.0,0.0
1785764725924460648,820243555323,cmd_vel,0.0,0.0,,,,,,,,
1785764725974975370,820294069521,cmd_vel,0.0,0.0,,,,,,,,
1785764726024790209,820343884256,/epuck1/state,,,,7,5911,,,0.0,0.0,0.0
1785764726025174270,820344267792,cmd_vel,0.0,0.0,,,,,,,,
1785764726075489624,820394583985,cmd_vel,0.0,0.0,,,,,,,,
1785764726124787177,820443881538,cmd_vel,0.0,0.0,,,,,,,,
1785764726142791575,820461886040,/epuck1/state,,,,7,5912,,,0.0,0.0,0.0
1785764726175702626,820494797196,cmd_vel,0.0,0.0,,,,,,,,
1785764726224615804,820543710060,cmd_vel,0.0,0.0,,,,,,,,
1785764726239788281,820558882223,/epuck_bridge/status,,,,,,True,6845,,,
1785764726262743220,820581837266,/epuck1/state,,,,7,5913,,,0.0,0.0,0.0
1785764726275153377,820594248367,cmd_vel,0.0,0.0,,,,,,,,
1785764726326370078,820645464649,cmd_vel,0.0,0.0,,,,,,,,
1785764726362775407,820681870082,/epuck1/state,,,,7,5914,,,0.0,0.0,0.0
1785764726375681468,820694776143,cmd_vel,0.0,0.0,,,,,,,,
1785764726425100821,820744195811,cmd_vel,0.0,0.0,,,,,,,,
1785764726475292803,820794387164,cmd_vel,0.0,0.0,,,,,,,,
1785764726483193082,820802287128,/epuck1/state,,,,7,5915,,,0.0,0.0,0.0
1785764726524760898,820843855783,cmd_vel,0.0,0.0,,,,,,,,
1785764726575258639,820894353105,cmd_vel,0.0,0.0,,,,,,,,
1785764726602984457,820922079552,/epuck1/state,,,,7,5916,,,0.0,0.0,0.0
1785764726624870547,820943964593,cmd_vel,0.0,0.0,,,,,,,,
1785764726676019849,820995114105,cmd_vel,0.0,0.0,,,,,,,,
1785764726703404374,821022498525,/epuck1/state,,,,7,5917,,,0.0,0.0,0.0
1785764726726512140,821045607130,cmd_vel,0.0,0.0,,,,,,,,
1785764726775566196,821094661186,cmd_vel,0.0,0.0,,,,,,,,
1785764726824541113,821143636522,/epuck1/state,,,,7,5918,,,0.0,0.0,0.0
1785764726825899475,821144993416,cmd_vel,0.0,0.0,,,,,,,,
1785764726875277949,821194372310,cmd_vel,0.0,0.0,,,,,,,,
1785764726924618373,821243712734,cmd_vel,0.0,0.0,,,,,,,,
1785764726942488496,821261583486,/epuck1/state,,,,7,5919,,,0.0,0.0,0.0
1785764726975621556,821294715707,cmd_vel,0.0,0.0,,,,,,,,
1785764727024638087,821343732972,cmd_vel,0.0,0.0,,,,,,,,
1785764727042865541,821361960321,/epuck1/state,,,,7,5920,,,0.0,0.0,0.0
1785764727075746719,821394841918,cmd_vel,0.0,0.0,,,,,,,,
1785764727124671742,821443765893,cmd_vel,0.0,0.0,,,,,,,,
1785764727162556080,821481650231,/epuck1/state,,,,7,5921,,,0.0,0.0,0.0
1785764727175496836,821494591197,cmd_vel,0.0,0.0,,,,,,,,
1785764727225202767,821544297128,cmd_vel,0.0,0.0,,,,,,,,
1785764727240761296,821559855343,/epuck_bridge/status,,,,,,True,6854,,,
1785764727262786377,821581880633,/epuck1/state,,,,7,5922,,,0.0,0.0,0.0
1785764727275363093,821594457664,cmd_vel,0.0,0.0,,,,,,,,
1785764727325976870,821645071755,cmd_vel,0.0,0.0,,,,,,,,
1785764727375465405,821694559976,cmd_vel,0.0,0.0,,,,,,,,
1785764727382871248,821701965504,/epuck1/state,,,,7,5923,,,0.0,0.0,0.0
1785764727426303287,821745398382,cmd_vel,0.0,0.0,,,,,,,,
1785764727476624931,821795719082,cmd_vel,0.0,0.0,,,,,,,,
1785764727502454242,821821548184,/epuck1/state,,,,7,5924,,,0.0,0.0,0.0
1785764727524535716,821843629972,cmd_vel,0.0,0.0,,,,,,,,
1785764727574930419,821894024780,cmd_vel,0.0,0.0,,,,,,,,
1785764727603715233,821922809385,/epuck1/state,,,,7,5925,,,0.0,0.0,0.0
1785764727625297240,821944391287,cmd_vel,0.0,0.0,,,,,,,,
1785764727675028853,821994123843,cmd_vel,0.0,0.0,,,,,,,,
1785764727724133013,822043226955,/epuck1/state,,,,7,5926,,,0.0,0.0,0.0
1785764727724442966,822043536383,cmd_vel,0.0,0.0,,,,,,,,
1785764727774711361,822093806455,cmd_vel,0.0,0.0,,,,,,,,
1785764727823463116,822142557372,/epuck1/state,,,,7,5927,,,0.0,0.0,0.0
1785764727825076610,822144170761,cmd_vel,0.0,0.0,,,,,,,,
1785764727875822984,822194917659,cmd_vel,0.0,0.0,,,,,,,,
1785764727924570023,822243664279,cmd_vel,0.0,0.0,,,,,,,,
1785764727942460166,822261554632,/epuck1/state,,,,7,5928,,,0.0,0.0,0.0
1785764727975168810,822294263486,cmd_vel,0.0,0.0,,,,,,,,
1785764728025240983,822344335239,cmd_vel,0.0,0.0,,,,,,,,
1785764728042706920,822361801281,/epuck1/state,,,,7,5929,,,0.0,0.0,0.0
1785764728076085259,822395180144,cmd_vel,0.0,0.0,,,,,,,,
1785764728126548514,822445642980,cmd_vel,0.0,0.0,,,,,,,,
1785764728162912334,822482006590,/epuck1/state,,,,7,5930,,,0.0,0.0,0.0
1785764728174899019,822493994218,cmd_vel,0.0,0.0,,,,,,,,
1785764728225213745,822544308001,cmd_vel,0.0,0.0,,,,,,,,
1785764728240294400,822559388341,/epuck_bridge/status,,,,,,True,6863,,,
1785764728263663377,822582758996,/epuck1/state,,,,7,5931,,,0.0,0.0,0.0
1785764728274988019,822594083113,cmd_vel,0.0,0.0,,,,,,,,
1785764728325251383,822644346897,cmd_vel,0.0,0.0,,,,,,,,
1785764728376324481,822695418842,cmd_vel,0.0,0.0,,,,,,,,
1785764728382800152,822701895456,/epuck1/state,,,,7,5932,,,0.0,0.0,0.0
1785764728425492267,822744586627,cmd_vel,0.0,0.0,,,,,,,,
1785764728475958143,822795053028,cmd_vel,0.0,0.0,,,,,,,,
1785764728502583456,822821678132,/epuck1/state,,,,7,5933,,,0.0,0.0,0.0
1785764728524857170,822843952474,cmd_vel,0.0,0.0,,,,,,,,
1785764728575855112,822894949578,cmd_vel,0.0,0.0,,,,,,,,
1785764728603618771,822922713551,/epuck1/state,,,,7,5934,,,0.0,0.0,0.0
1785764728624444606,822943538967,cmd_vel,0.0,0.0,,,,,,,,
1785764728675164042,822994259241,cmd_vel,0.0,0.0,,,,,,,,
1785764728722622319,823041716471,/epuck1/state,,,,7,5935,,,0.0,0.0,0.0
1785764728724323652,823043418327,cmd_vel,0.0,0.0,,,,,,,,
1785764728775087217,823094181892,cmd_vel,0.0,0.0,,,,,,,,
1785764728824803420,823143898305,cmd_vel,0.0,0.0,,,,,,,,
1785764728843398793,823162493154,/epuck1/state,,,,7,5936,,,0.0,0.0,0.0
1785764728874640901,823193735262,cmd_vel,0.0,0.0,,,,,,,,
1785764728924490750,823243585006,cmd_vel,0.0,0.0,,,,,,,,
1785764728943426263,823262520519,/epuck1/state,,,,7,5937,,,0.0,0.0,0.0
1785764728974534307,823293628877,cmd_vel,0.0,0.0,,,,,,,,
1785764729025002698,823344097164,cmd_vel,0.0,0.0,,,,,,,,
1785764729063091645,823382185901,/epuck1/state,,,,7,5938,,,0.0,0.0,0.0
1785764729074956739,823394051414,cmd_vel,0.0,0.0,,,,,,,,
1785764729124827342,823443922018,cmd_vel,0.0,0.0,,,,,,,,
1785764729162426780,823481520826,/epuck1/state,,,,7,5939,,,0.0,0.0,0.0
1785764729175057059,823494151525,cmd_vel,0.0,0.0,,,,,,,,
1785764729224585845,823543680520,cmd_vel,0.0,0.0,,,,,,,,
1785764729239556019,823558649961,/epuck_bridge/status,,,,,,True,6871,,,
1785764729262952879,823582047135,/epuck1/state,,,,7,5940,,,0.0,0.0,0.0
1785764729275848876,823594943237,cmd_vel,0.0,0.0,,,,,,,,
1785764729324473800,823643568056,cmd_vel,0.0,0.0,,,,,,,,
1785764729363444387,823682538434,/epuck1/state,,,,7,5941,,,0.0,0.0,0.0
1785764729374718087,823693812657,cmd_vel,0.0,0.0,,,,,,,,
1785764729424556825,823743650976,cmd_vel,0.0,0.0,,,,,,,,
1785764729475026474,823794120835,cmd_vel,0.0,0.0,,,,,,,,
1785764729482678121,823801772272,/epuck1/state,,,,7,5942,,,0.0,0.0,0.0
1785764729524990997,823844086196,cmd_vel,0.0,0.0,,,,,,,,
1785764729576279185,823895373965,cmd_vel,0.0,0.0,,,,,,,,
1785764729602587523,823921681884,/epuck1/state,,,,7,5943,,,0.0,0.0,0.0
1785764729624678641,823943773211,cmd_vel,0.0,0.0,,,,,,,,
1785764729675090639,823994185315,cmd_vel,0.0,0.0,,,,,,,,
1785764729702514576,824021609042,/epuck1/state,,,,7,5944,,,0.0,0.0,0.0
1785764729725668568,824044762824,cmd_vel,0.0,0.0,,,,,,,,
1785764729775514644,824094609319,cmd_vel,0.0,0.0,,,,,,,,
1785764729802763112,824121857263,/epuck1/state,,,,7,5945,,,0.0,0.0,0.0
1785764729825088397,824144182548,cmd_vel,0.0,0.0,,,,,,,,
1785764729874539197,824193633767,cmd_vel,0.0,0.0,,,,,,,,
1785764729904050309,824223144774,/epuck1/state,,,,7,5946,,,0.0,0.0,0.0
1785764729925723823,824244818079,cmd_vel,0.0,0.0,,,,,,,,
1785764729976402379,824295497369,cmd_vel,0.0,0.0,,,,,,,,
1785764730024634752,824343728903,/epuck1/state,,,,7,5947,,,0.0,0.0,0.0
1785764730025246900,824344340842,cmd_vel,0.0,0.0,,,,,,,,
1785764730075299995,824394394147,cmd_vel,0.0,0.0,,,,,,,,
1785764730125294811,824444389800,cmd_vel,0.0,0.0,,,,,,,,
1785764730142329309,824461423880,/epuck1/state,,,,7,5948,,,0.0,0.0,0.0
1785764730174839424,824493933680,cmd_vel,0.0,0.0,,,,,,,,
1785764730224871555,824543965811,cmd_vel,0.0,0.0,,,,,,,,
1785764730239783136,824558877287,/epuck_bridge/status,,,,,,True,6880,,,
1785764730242453843,824561548518,/epuck1/state,,,,7,5949,,,0.0,0.0,0.0
1785764730275511223,824594605793,cmd_vel,0.0,0.0,,,,,,,,
1785764730326389775,824645483926,cmd_vel,0.0,0.0,,,,,,,,
1785764730343328049,824662422305,/epuck1/state,,,,7,5950,,,0.0,0.0,0.0
1785764730375849380,824694943845,cmd_vel,0.0,0.0,,,,,,,,
1785764730426670490,824745765166,cmd_vel,0.0,0.0,,,,,,,,
1785764730442493795,824761587946,/epuck1/state,,,,7,5951,,,0.0,0.0,0.0
1785764730475559770,824794653921,cmd_vel,0.0,0.0,,,,,,,,
1785764730525565381,824844659637,cmd_vel,0.0,0.0,,,,,,,,
1785764730543919668,824863014134,/epuck1/state,,,,7,5952,,,0.0,0.0,0.0
1785764730574433592,824893527848,cmd_vel,0.0,0.0,,,,,,,,
1785764730624525785,824943619936,cmd_vel,0.0,0.0,,,,,,,,
1785764730662910743,824982004790,/epuck1/state,,,,7,5953,,,0.0,0.0,0.0
1785764730675998561,824995093132,cmd_vel,0.0,0.0,,,,,,,,
1785764730725152930,825044248234,cmd_vel,0.0,0.0,,,,,,,,
1785764730762934335,825082028696,/epuck1/state,,,,7,5954,,,0.0,0.0,0.0
1785764730776192066,825095286951,cmd_vel,0.0,0.0,,,,,,,,
1785764730824648649,825143742905,cmd_vel,0.0,0.0,,,,,,,,
1785764730864396581,825183490837,/epuck1/state,,,,7,5955,,,0.0,0.0,0.0
1785764730875856545,825194951116,cmd_vel,0.0,0.0,,,,,,,,
1785764730924928421,825244049301,cmd_vel,0.0,0.0,,,,,,,,
1785764730974982564,825294076925,cmd_vel,0.0,0.0,,,,,,,,
1785764730982450461,825301544717,/epuck1/state,,,,7,5956,,,0.0,0.0,0.0
1785764731025422445,825344516701,cmd_vel,0.0,0.0,,,,,,,,
1785764731075583924,825394678495,cmd_vel,0.0,0.0,,,,,,,,
1785764731082669752,825401764008,/epuck1/state,,,,7,5957,,,0.0,0.0,0.0
1785764731125237026,825444331387,cmd_vel,0.0,0.0,,,,,,,,
1785764731175120103,825494214674,cmd_vel,0.0,0.0,,,,,,,,
1785764731202444671,825521539137,/epuck1/state,,,,7,5958,,,0.0,0.0,0.0
1785764731224614927,825543709184,cmd_vel,0.0,0.0,,,,,,,,
1785764731239624200,825558718246,/epuck_bridge/status,,,,,,True,6889,,,
1785764731275627020,825594721696,cmd_vel,0.0,0.0,,,,,,,,
1785764731302669413,825621763773,/epuck1/state,,,,7,5959,,,0.0,0.0,0.0
1785764731325379911,825644474167,cmd_vel,0.0,0.0,,,,,,,,
1785764731375150516,825694245297,cmd_vel,0.0,0.0,,,,,,,,
1785764731403091425,825722186101,/epuck1/state,,,,7,5960,,,0.0,0.0,0.0
1785764731424672279,825743766640,cmd_vel,0.0,0.0,,,,,,,,
1785764731475082783,825794177077,cmd_vel,0.0,0.0,,,,,,,,
1785764731523181644,825842275722,/epuck1/state,,,,7,5961,,,0.0,0.0,0.0
1785764731524472543,825843567271,cmd_vel,0.0,0.0,,,,,,,,
1785764731576104259,825895198661,cmd_vel,0.0,0.0,,,,,,,,
1785764731623920262,825943014990,/epuck1/state,,,,7,5962,,,0.0,0.0,0.0
1785764731624549678,825943642998,cmd_vel,0.0,0.0,,,,,,,,
1785764731675756728,825994851347,cmd_vel,0.0,0.0,,,,,,,,
1785764731723540123,826042634418,/epuck1/state,,,,7,5963,,,0.0,0.0,0.0
1785764731724831888,826043926616,cmd_vel,0.0,0.0,,,,,,,,
1785764731776151279,826095245466,cmd_vel,0.0,0.0,,,,,,,,
1785764731824715540,826143809943,cmd_vel,0.0,0.0,,,,,,,,
1785764731842995361,826162089764,/epuck1/state,,,,7,5964,,,0.0,0.0,0.0
1785764731876039048,826195133776,cmd_vel,0.0,0.0,,,,,,,,
1785764731926525357,826245620193,cmd_vel,0.0,0.0,,,,,,,,
1785764731962606382,826281700460,/epuck1/state,,,,7,5965,,,0.0,0.0,0.0
1785764731975239660,826294333846,cmd_vel,0.0,0.0,,,,,,,,
1785764732025440619,826344535022,cmd_vel,0.0,0.0,,,,,,,,
1785764732076320286,826395414472,cmd_vel,0.0,0.0,,,,,,,,
1785764732082428979,826401523165,/epuck1/state,,,,7,5966,,,0.0,0.0,0.0
1785764732126188337,826445282956,cmd_vel,0.0,0.0,,,,,,,,
1785764732176505429,826495600374,cmd_vel,0.0,0.0,,,,,,,,
1785764732182633189,826501727592,/epuck1/state,,,,7,5967,,,0.0,0.0,0.0
1785764732226364922,826545460192,cmd_vel,0.0,0.0,,,,,,,,
1785764732239639424,826558733393,/epuck_bridge/status,,,,,,True,6896,,,
1785764732275522199,826594616819,cmd_vel,0.0,0.0,,,,,,,,
1785764732282639691,826601733877,/epuck1/state,,,,7,5968,,,0.0,0.0,0.0
1785764732325734967,826644829261,cmd_vel,0.0,0.0,,,,,,,,
1785764732375549285,826694643796,cmd_vel,0.0,0.0,,,,,,,,
1785764732403568477,826722662555,/epuck1/state,,,,7,5969,,,0.0,0.0,0.0
1785764732425975468,826745069763,cmd_vel,0.0,0.0,,,,,,,,
1785764732475812861,826794907264,cmd_vel,0.0,0.0,,,,,,,,
1785764732523886373,826842980451,/epuck1/state,,,,7,5970,,,0.0,0.0,0.0
1785764732524508964,826843602934,cmd_vel,0.0,0.0,,,,,,,,
1785764732576013822,826895108116,cmd_vel,0.0,0.0,,,,,,,,
1785764732626142956,826945237142,cmd_vel,0.0,0.0,,,,,,,,
1785764732643262095,826962357039,/epuck1/state,,,,7,5971,,,0.0,0.0,0.0
1785764732675403583,826994497877,cmd_vel,0.0,0.0,,,,,,,,
1785764732727269298,827046363701,cmd_vel,0.0,0.0,,,,,,,,
1785764732743345188,827062439050,/epuck1/state,,,,7,5972,,,0.0,0.0,0.0
1785764732776425167,827095519787,cmd_vel,0.0,0.0,,,,,,,,
1785764732826187377,827145281996,cmd_vel,0.0,0.0,,,,,,,,
1785764732862752543,827181847054,/epuck1/state,,,,7,5973,,,0.0,0.0,0.0
1785764732876221611,827195316989,cmd_vel,0.0,0.0,,,,,,,,
1785764732924630522,827243724817,cmd_vel,0.0,0.0,,,,,,,,
1785764732963124562,827282218640,/epuck1/state,,,,7,5974,,,0.0,0.0,0.0
1785764732974922915,827294017209,cmd_vel,0.0,0.0,,,,,,,,
1785764733024715458,827343809861,cmd_vel,0.0,0.0,,,,,,,,
1785764733064982153,827384077206,/epuck1/state,,,,7,5975,,,0.0,0.0,0.0
1785764733074388834,827393483020,cmd_vel,0.0,0.0,,,,,,,,
1785764733125908317,827445002611,cmd_vel,0.0,0.0,,,,,,,,
1785764733175673560,827494767854,cmd_vel,0.0,0.0,,,,,,,,
1785764733183032418,827502126388,/epuck1/state,,,,7,5976,,,0.0,0.0,0.0
1785764733225749827,827544844447,cmd_vel,0.0,0.0,,,,,,,,
1785764733239641503,827558735473,/epuck_bridge/status,,,,,,True,6904,,,
1785764733275628495,827594723332,cmd_vel,0.0,0.0,,,,,,,,
1785764733303123355,827622217650,/epuck1/state,,,,7,5977,,,0.0,0.0,0.0
1785764733325089647,827644184050,cmd_vel,0.0,0.0,,,,,,,,
1785764733375165806,827694260101,cmd_vel,0.0,0.0,,,,,,,,
1785764733422888643,827741982613,/epuck1/state,,,,7,5978,,,0.0,0.0,0.0
1785764733424872658,827743967386,cmd_vel,0.0,0.0,,,,,,,,
1785764733474577017,827793671312,cmd_vel,0.0,0.0,,,,,,,,
1785764733524285277,827843379572,/epuck1/state,,,,7,5979,,,0.0,0.0,0.0
1785764733524787510,827843881263,cmd_vel,0.0,0.0,,,,,,,,
1785764733576214584,827895309421,cmd_vel,0.0,0.0,,,,,,,,
1785764733625239262,827944334098,cmd_vel,0.0,0.0,,,,,,,,
1785764733643867807,827962962318,/epuck1/state,,,,7,5980,,,0.0,0.0,0.0
1785764733674602372,827993696666,cmd_vel,0.0,0.0,,,,,,,,
1785764733724653289,828043747476,cmd_vel,0.0,0.0,,,,,,,,
1785764733764279519,828083373814,/epuck1/state,,,,7,5981,,,0.0,0.0,0.0
1785764733775216081,828094310376,cmd_vel,0.0,0.0,,,,,,,,
1785764733825752440,828144846627,cmd_vel,0.0,0.0,,,,,,,,
1785764733877031423,828196126151,cmd_vel,0.0,0.0,,,,,,,,
1785764733882455884,828201550178,/epuck1/state,,,,7,5982,,,0.0,0.0,0.0
1785764733924515277,828243609572,cmd_vel,0.0,0.0,,,,,,,,
1785764733975893277,828294988655,cmd_vel,0.0,0.0,,,,,,,,
1785764733982768969,828301863697,/epuck1/state,,,,7,5983,,,0.0,0.0,0.0
1785764734024574104,828343668290,cmd_vel,0.0,0.0,,,,,,,,
1785764734075000396,828394094691,cmd_vel,0.0,0.0,,,,,,,,
1785764734102869764,828421964059,/epuck1/state,,,,7,5984,,,0.0,0.0,0.0
1785764734125965646,828445060049,cmd_vel,0.0,0.0,,,,,,,,
1785764734176582713,828495677225,cmd_vel,0.0,0.0,,,,,,,,
1785764734222449152,828541544097,/epuck1/state,,,,7,5985,,,0.0,0.0,0.0
1785764734224474333,828543568520,cmd_vel,0.0,0.0,,,,,,,,
1785764734239689083,828558783161,/epuck_bridge/status,,,,,,True,6912,,,
1785764734275955141,828595049869,cmd_vel,0.0,0.0,,,,,,,,
1785764734323889553,828642983739,/epuck1/state,,,,7,5986,,,0.0,0.0,0.0
1785764734325317168,828644411571,cmd_vel,0.0,0.0,,,,,,,,
1785764734375242852,828694337147,cmd_vel,0.0,0.0,,,,,,,,
1785764734424674971,828743769266,/epuck1/state,,,,7,5987,,,0.0,0.0,0.0
1785764734425042329,828744135648,cmd_vel,0.0,0.0,,,,,,,,
1785764734475901954,828794996140,cmd_vel,0.0,0.0,,,,,,,,
1785764734526409929,828845504116,cmd_vel,0.0,0.0,,,,,,,,
1785764734542664894,828861758864,/epuck1/state,,,,7,5988,,,0.0,0.0,0.0
1785764734575267448,828894361851,cmd_vel,0.0,0.0,,,,,,,,
1785764734624667717,828943762120,cmd_vel,0.0,0.0,,,,,,,,
1785764734664290480,828983384774,/epuck1/state,,,,7,5989,,,0.0,0.0,0.0
1785764734675141134,828994235862,cmd_vel,0.0,0.0,,,,,,,,
1785764734727750774,829046845068,cmd_vel,0.0,0.0,,,,,,,,
1785764734775601877,829094696172,cmd_vel,0.0,0.0,,,,,,,,
1785764734783335893,829102430296,/epuck1/state,,,,7,5990,,,0.0,0.0,0.0
1785764734825701220,829144795515,cmd_vel,0.0,0.0,,,,,,,,
1785764734875406338,829194501933,cmd_vel,0.0,0.0,,,,,,,,
1785764734904222538,829223316941,/epuck1/state,,,,7,5991,,,0.0,0.0,0.0
1785764734924953723,829244048234,cmd_vel,0.0,0.0,,,,,,,,
1785764734974577483,829293672752,cmd_vel,0.0,0.0,,,,,,,,
1785764735004653165,829323748651,/epuck1/state,,,,7,5992,,,0.0,0.0,0.0
1785764735025124566,829344218861,cmd_vel,0.0,0.0,,,,,,,,
1785764735075910742,829395005036,cmd_vel,0.0,0.0,,,,,,,,
1785764735124235586,829443329773,/epuck1/state,,,,7,5993,,,0.0,0.0,0.0
1785764735125182310,829444277038,cmd_vel,0.0,0.0,,,,,,,,
1785764735176038794,829495133197,cmd_vel,0.0,0.0,,,,,,,,
1785764735224938454,829544033941,cmd_vel,0.0,0.0,,,,,,,,
1785764735239677512,829558771590,/epuck_bridge/status,,,,,,True,6920,,,
1785764735243334842,829562428811,/epuck1/state,,,,7,5994,,,0.0,0.0,0.0
1785764735274589081,829593683484,cmd_vel,0.0,0.0,,,,,,,,
1785764735325274939,829644369126,cmd_vel,0.0,0.0,,,,,,,,
1785764735363424696,829682518665,/epuck1/state,,,,7,5995,,,0.0,0.0,0.0
1785764735374726233,829693820419,cmd_vel,0.0,0.0,,,,,,,,
1785764735426521640,829745616585,cmd_vel,0.0,0.0,,,,,,,,
1785764735474397444,829793491738,cmd_vel,0.0,0.0,,,,,,,,
1785764735482786984,829801881170,/epuck1/state,,,,7,5996,,,0.0,0.0,0.0
1785764735525122735,829844217897,cmd_vel,0.0,0.0,,,,,,,,
1785764735574835220,829893929407,cmd_vel,0.0,0.0,,,,,,,,
1785764735603961687,829923055548,/epuck1/state,,,,7,5997,,,0.0,0.0,0.0
1785764735624454322,829943548508,cmd_vel,0.0,0.0,,,,,,,,
1785764735676071088,829995165924,cmd_vel,0.0,0.0,,,,,,,,
1785764735722854351,830041948970,/epuck1/state,,,,7,5998,,,0.0,0.0,0.0
1785764735724642282,830043736902,cmd_vel,0.0,0.0,,,,,,,,
1785764735775632774,830094726960,cmd_vel,0.0,0.0,,,,,,,,
1785764735823430252,830142525088,/epuck1/state,,,,7,5999,,,0.0,0.0,0.0
1785764735826015841,830145110569,cmd_vel,0.0,0.0,,,,,,,,
1785764735874707610,830193802013,cmd_vel,0.0,0.0,,,,,,,,
1785764735925621510,830244715805,cmd_vel,0.0,0.0,,,,,,,,
1785764735942558432,830261652619,/epuck1/state,,,,7,6000,,,0.0,0.0,0.0
1785764735976753485,830295849188,cmd_vel,0.0,0.0,,,,,,,,
1785764736024666447,830343760741,cmd_vel,0.0,0.0,,,,,,,,
1785764736065020025,830384114862,/epuck1/state,,,,7,6001,,,0.0,0.0,0.0
1785764736075309405,830394403808,cmd_vel,0.0,0.0,,,,,,,,
1785764736092342744,830411437039,cmd_vel_unguarded,0.002499699592590332,0.0,,,,,,,,
1785764736092457577,830411550897,/hil_guard/arm,,,True,,,,,,,
1785764736124589966,830443684369,cmd_vel,0.002499699592590332,0.0,,,,,,,,
1785764736142488345,830461582640,cmd_vel_unguarded,0.0049953460693359375,0.0,,,,,,,,
1785764736164625261,830483719448,/epuck1/state,,,,7,6002,,,0.0,0.0,0.0
1785764736174797966,830493892261,cmd_vel,0.0049953460693359375,0.0,,,,,,,,
1785764736191752330,830510846733,cmd_vel_unguarded,0.0074990510940551765,0.0,,,,,,,,
1785764736225207142,830544301437,cmd_vel,0.0074990510940551765,0.0,,,,,,,,
1785764736239923558,830559017528,/epuck_bridge/status,,,,,,True,6928,,,
1785764736241537723,830560631910,cmd_vel_unguarded,0.010002470016479493,0.0,,,,,,,,
1785764736276187559,830595282070,cmd_vel,0.010002470016479493,0.0,,,,,,,,
1785764736282915809,830602010104,/epuck1/state,,,,7,6003,,,0.0,0.0,0.0
1785764736292153057,830611247893,cmd_vel_unguarded,0.012494385242462158,0.0,,,,,,,,
1785764736325325227,830644419522,cmd_vel,0.012494385242462158,0.0,,,,,,,,
1785764736342004100,830661098611,cmd_vel_unguarded,0.014999330043792725,0.0,,,,,,,,
1785764736376679610,830695774121,cmd_vel,0.014999330043792725,0.0,,,,,,,,
1785764736391967376,830711061996,cmd_vel_unguarded,0.015,0.0,,,,,,,,
1785764736402568214,830721662617,/epuck1/state,,,,7,6004,,,0.0,0.0,0.0
1785764736424911613,830744006233,cmd_vel,0.015,0.0,,,,,,,,
1785764736442691476,830761786096,cmd_vel_unguarded,0.015,0.0,,,,,,,,
1785764736474627240,830793721534,cmd_vel,0.015,0.0,,,,,,,,
1785764736492363878,830811458281,cmd_vel_unguarded,0.015,0.0,,,,,,,,
1785764736504180106,830823274184,/epuck1/state,,,,7,6005,,,0.000251327408477664,0.0,0.0
1785764736526378772,830845473392,cmd_vel,0.015,0.0,,,,,,,,
1785764736542893736,830861988356,cmd_vel_unguarded,0.015,0.0,,,,,,,,
1785764736576387331,830895481626,cmd_vel,0.015,0.0,,,,,,,,
1785764736592350880,830911445066,cmd_vel_unguarded,0.015,0.0,,,,,,,,
1785764736623868694,830942963097,/epuck1/state,,,,7,6006,,,0.0008796458714641631,0.0,0.0
1785764736624689643,830943784262,cmd_vel,0.015,0.0,,,,,,,,
1785764736641884506,830960978693,cmd_vel_unguarded,0.015,0.0,,,,,,,,
1785764736676863566,830995957861,cmd_vel,0.015,0.0,,,,,,,,
1785764736692211024,831011305752,cmd_vel_unguarded,0.015,0.0,,,,,,,,
1785764736724703295,831043797914,cmd_vel,0.015,0.0,,,,,,,,
1785764736742871641,831061966369,cmd_vel_unguarded,0.015,0.0,,,,,,,,
1785764736743207257,831062301010,/epuck1/state,,,,7,6007,,,0.002261946676298976,0.0,0.0
1785764736776314861,831095409155,cmd_vel,0.015,0.0,,,,,,,,
1785764736791674126,831110769071,cmd_vel_unguarded,0.015,0.0,,,,,,,,
1785764736827379452,831146473855,cmd_vel,0.015,0.0,,,,,,,,
1785764736842992651,831162087162,cmd_vel_unguarded,0.015,0.0,,,,,,,,
1785764736843163492,831162256812,/epuck1/state,,,,7,6008,,,0.004021239001303911,0.0,0.0
1785764736874909456,831194004184,cmd_vel,0.015,0.0,,,,,,,,
1785764736893313210,831212408263,cmd_vel_unguarded,0.015,0.0,,,,,,,,
1785764736924766132,831243860535,cmd_vel,0.015,0.0,,,,,,,,
1785764736941663838,831260758024,cmd_vel_unguarded,0.015,0.0,,,,,,,,
1785764736942936103,831262030398,/epuck1/state,,,,7,6009,,,0.004900884814560413,0.0,0.0
1785764736975093083,831294187486,cmd_vel,0.015,0.0,,,,,,,,
1785764736993325454,831312420398,cmd_vel_unguarded,0.015,0.0,,,,,,,,
1785764737024592585,831343687096,cmd_vel,0.015,0.0,,,,,,,,
1785764737042029248,831361123976,cmd_vel_unguarded,0.015,0.0,,,,,,,,
1785764737062501408,831381595811,/epuck1/state,,,,7,6010,,,0.006660176441073418,0.0,0.0
1785764737075065460,831394159647,cmd_vel,0.015,0.0,,,,,,,,
1785764737091993499,831411088335,cmd_vel_unguarded,0.015,0.0,,,,,,,,
1785764737125302169,831444396572,cmd_vel,0.015,0.0,,,,,,,,
1785764737143376374,831462471318,cmd_vel_unguarded,0.015,0.0,,,,,,,,
1785764737164734591,831483829752,/epuck1/state,,,,7,6011,,,0.007665486074984074,0.0,0.0
1785764737176117161,831495211564,cmd_vel,0.015,0.0,,,,,,,,
1785764737191660268,831510754996,cmd_vel_unguarded,0.015,0.0,,,,,,,,
1785764737225276821,831544371116,cmd_vel,0.015,0.0,,,,,,,,
1785764737239867463,831558961541,/epuck_bridge/status,,,,,,True,6937,,,
1785764737242142569,831561236755,cmd_vel_unguarded,0.015,0.0,,,,,,,,
1785764737274479707,831593573893,cmd_vel,0.015,0.0,,,,,,,,
1785764737283324680,831602418650,/epuck1/state,,,,7,6012,,,0.009424778632819653,0.0,0.0
1785764737292043987,831611139473,cmd_vel_unguarded,0.015,0.0,,,,,,,,
1785764737324654016,831643748419,cmd_vel,0.015,0.0,,,,,,,,
1785764737343044228,831662138631,cmd_vel_unguarded,0.015,0.0,,,,,,,,
1785764737375657291,831694751802,cmd_vel,0.015,0.0,,,,,,,,
1785764737384433689,831703527984,/epuck1/state,,,,7,6013,,,0.011184070259332657,0.0,0.0
1785764737391609031,831710703542,cmd_vel_unguarded,0.015,0.0,,,,,,,,
1785764737425430767,831744525062,cmd_vel,0.015,0.0,,,,,,,,
1785764737442681747,831761776692,cmd_vel_unguarded,0.015,0.0,,,,,,,,
1785764737476767058,831795862003,cmd_vel,0.015,0.0,,,,,,,,
1785764737491818983,831810913603,cmd_vel_unguarded,0.015,0.0,,,,,,,,
1785764737503513228,831822608172,/epuck1/state,,,,7,6014,,,0.012063715606927872,0.0,0.0
1785764737526234277,831845329005,cmd_vel,0.015,0.0,,,,,,,,
1785764737541859826,831860954229,cmd_vel_unguarded,0.015,0.0,,,,,,,,
1785764737576044045,831895138556,cmd_vel,0.015,0.0,,,,,,,,
1785764737592636142,831911730762,cmd_vel_unguarded,0.015,0.0,,,,,,,,
1785764737623724198,831942818601,/epuck1/state,,,,7,6015,,,0.013823007233440876,0.0,0.0
1785764737625986196,831945080599,cmd_vel,0.015,0.0,,,,,,,,
1785764737641598311,831960692714,cmd_vel_unguarded,0.015,0.0,,,,,,,,
1785764737675984247,831995078975,cmd_vel,0.015,0.0,,,,,,,,
1785764737692500620,832011595131,cmd_vel_unguarded,0.015,0.0,,,,,,,,
1785764737724343433,832043437620,/epuck1/state,,,,7,6016,,,0.01558229885995388,0.0,0.0
1785764737725444640,832044538827,cmd_vel,0.015,0.0,,,,,,,,
1785764737742548721,832061643449,cmd_vel_unguarded,0.015,0.0,,,,,,,,
1785764737774562159,832093656670,cmd_vel,0.015,0.0,,,,,,,,
1785764737791650314,832110744934,cmd_vel_unguarded,0.015,0.0,,,,,,,,
1785764737826521150,832145616203,cmd_vel,0.015,0.0,,,,,,,,
1785764737842144315,832161239260,cmd_vel_unguarded,0.015,0.0,,,,,,,,
1785764737842516656,832161609976,/epuck1/state,,,,7,6017,,,0.016461946070194244,0.0,0.0
1785764737876725250,832195819437,cmd_vel,0.015,0.0,,,,,,,,
1785764737891704808,832210800728,cmd_vel_unguarded,0.015,0.0,,,,,,,,
1785764737925039912,832244134206,cmd_vel,0.015,0.0,,,,,,,,
1785764737942442558,832261536853,cmd_vel_unguarded,0.015,0.0,,,,,,,,
1785764737962726110,832281820405,/epuck1/state,,,,7,6018,,,0.018221238628029823,0.0,0.0
1785764737976539894,832295634406,cmd_vel,0.015,0.0,,,,,,,,
1785764737992563134,832311657646,cmd_vel_unguarded,0.015,0.0,,,,,,,,
1785764738024627381,832343721676,cmd_vel,0.015,0.0,,,,,,,,
1785764738042353944,832361448239,cmd_vel_unguarded,0.015,0.0,,,,,,,,
1785764738064072369,832383166447,/epuck1/state,,,,7,6019,,,0.019980531185865402,0.0,0.0
1785764738076150222,832395244517,cmd_vel,0.015,0.0,,,,,,,,
1785764738091928846,832411023032,cmd_vel_unguarded,0.015,0.0,,,,,,,,
1785764738125789257,832444883985,cmd_vel,0.015,0.0,,,,,,,,
1785764738141719222,832460813950,cmd_vel_unguarded,0.015,0.0,,,,,,,,
1785764738164470387,832483565007,/epuck1/state,,,,7,6020,,,0.020985841751098633,0.0,0.0
1785764738174460984,832493555279,cmd_vel,0.015,0.0,,,,,,,,
1785764738192000781,832511095834,cmd_vel_unguarded,0.015,0.0,,,,,,,,
1785764738226471650,832545566053,cmd_vel,0.015,0.0,,,,,,,,
1785764738241315249,832560409652,/epuck_bridge/status,,,,,,True,6946,,,
1785764738241864390,832560958143,cmd_vel_unguarded,0.015,0.0,,,,,,,,
1785764738275365352,832594460622,cmd_vel,0.015,0.0,,,,,,,,
1785764738283449285,832602544012,/epuck1/state,,,,7,6021,,,0.022619469091296196,0.0,0.0
1785764738292543857,832611639127,cmd_vel_unguarded,0.015,0.0,,,,,,,,
1785764738324639846,832643734357,cmd_vel,0.015,0.0,,,,,,,,
1785764738341844459,832660938646,cmd_vel_unguarded,0.015,0.0,,,,,,,,
1785764738376178720,832695272906,cmd_vel,0.015,0.0,,,,,,,,
1785764738383849578,832702944198,/epuck1/state,,,,7,6022,,,0.024378761649131775,0.0,0.0
1785764738391876094,832710970497,cmd_vel_unguarded,0.015,0.0,,,,,,,,
1785764738425017931,832744112550,cmd_vel,0.015,0.0,,,,,,,,
1785764738442037403,832761132239,cmd_vel_unguarded,0.015,0.0,,,,,,,,
1785764738475186607,832794281118,cmd_vel,0.015,0.0,,,,,,,,
1785764738491447963,832810542149,cmd_vel_unguarded,0.015,0.0,,,,,,,,
1785764738504188707,832823283326,/epuck1/state,,,,7,6023,,,0.02525840699672699,0.0,0.0
1785764738526894156,832845988992,cmd_vel,0.015,0.0,,,,,,,,
1785764738543410312,832862504606,cmd_vel_unguarded,0.015,0.0,,,,,,,,
1785764738575934108,832895030461,cmd_vel,0.015,0.0,,,,,,,,
1785764738591552398,832910646693,cmd_vel_unguarded,0.015,0.0,,,,,,,,
1785764738603283802,832922378205,/epuck1/state,,,,7,6024,,,0.02525840699672699,0.0,0.0
1785764738625309351,832944403538,cmd_vel,0.015,0.0,,,,,,,,
1785764738642098724,832961193885,cmd_vel_unguarded,0.015,0.0,,,,,,,,
1785764738675043611,832994138772,cmd_vel,0.015,0.0,,,,,,,,
1785764738692965932,833012060227,cmd_vel_unguarded,0.015,0.0,,,,,,,,
1785764738722655298,833041749376,/epuck1/state,,,,7,6025,,,0.02802300825715065,0.0,0.0
1785764738724408346,833043502641,cmd_vel,0.015,0.0,,,,,,,,
1785764738741468877,833060563063,cmd_vel_unguarded,0.015,0.0,,,,,,,,
1785764738776888528,833095982931,cmd_vel,0.015,0.0,,,,,,,,
1785764738791834611,833110928905,cmd_vel_unguarded,0.015,0.0,,,,,,,,
1785764738823337041,833142432202,/epuck1/state,,,,7,6026,,,0.028902653604745865,0.0,0.0
1785764738824713956,833143807926,cmd_vel,0.015,0.0,,,,,,,,
1785764738842600311,833161695255,cmd_vel_unguarded,0.015,0.0,,,,,,,,
1785764738875357782,833194452510,cmd_vel,0.015,0.0,,,,,,,,
1785764738892695537,833211789831,cmd_vel_unguarded,0.015,0.0,,,,,,,,
1785764738925164083,833244258269,cmd_vel,0.015,0.0,,,,,,,,
1785764738941927672,833261022075,cmd_vel_unguarded,0.015,0.0,,,,,,,,
1785764738942323955,833261417816,/epuck1/state,,,,7,6027,,,0.030661946162581444,0.0,0.0
1785764738974846126,833293940529,cmd_vel,0.015,0.0,,,,,,,,
1785764738992442147,833311536550,cmd_vel_unguarded,0.015,0.0,,,,,,,,
1785764739025270902,833344365088,cmd_vel,0.015,0.0,,,,,,,,
1785764739042240324,833361334618,cmd_vel_unguarded,0.015,0.0,,,,,,,,
1785764739043058673,833362152859,/epuck1/state,,,,7,6028,,,0.03242123872041702,0.0,0.0
1785764739075652560,833394747397,cmd_vel,0.015,0.0,,,,,,,,
1785764739092255383,833411350111,cmd_vel_unguarded,0.015,0.0,,,,,,,,
1785764739125282604,833444376898,cmd_vel,0.015,0.0,,,,,,,,
1785764739142142934,833461237554,cmd_vel_unguarded,0.015,0.0,,,,,,,,
1785764739164087668,833483182612,/epuck1/state,,,,7,6029,,,0.03330088406801224,0.0,0.0
1785764739174990538,833494084833,cmd_vel,0.015,0.0,,,,,,,,
1785764739191629761,833510724489,cmd_vel_unguarded,0.015,0.0,,,,,,,,
1785764739224980898,833544075734,cmd_vel,0.015,0.0,,,,,,,,
1785764739241359904,833560454199,/epuck_bridge/status,,,,,,True,6953,,,
1785764739242623828,833561718231,cmd_vel_unguarded,0.015,0.0,,,,,,,,
1785764739264061128,833583155314,/epuck1/state,,,,7,6030,,,0.03593982383608818,0.0,0.0
1785764739275076557,833594171177,cmd_vel,0.015,0.0,,,,,,,,
1785764739292553737,833611648357,cmd_vel_unguarded,0.015,0.0,,,,,,,,
1785764739324681575,833643775762,cmd_vel,0.015,0.0,,,,,,,,
1785764739341425448,833660519959,cmd_vel_unguarded,0.015,0.0,,,,,,,,
1785764739374518318,833693612613,cmd_vel,0.015,0.0,,,,,,,,
1785764739383056708,833702151978,/epuck1/state,,,,7,6031,,,0.03593982383608818,0.0,0.0
1785764739391734198,833710828818,cmd_vel_unguarded,0.015,0.0,,,,,,,,
1785764739425003219,833744097838,cmd_vel,0.015,0.0,,,,,,,,
1785764739442074257,833761169094,cmd_vel_unguarded,0.015,0.0,,,,,,,,
1785764739475972360,833795066537,cmd_vel,0.015,0.0,,,,,,,,
1785764739482719806,833801814199,/epuck1/state,,,,7,6032,,,0.036819469183683395,0.0,0.0
1785764739491469357,833810563749,cmd_vel_unguarded,0.015,0.0,,,,,,,,
1785764739524802559,833843896736,cmd_vel,0.015,0.0,,,,,,,,
1785764739541821142,833860915534,cmd_vel_unguarded,0.015,0.0,,,,,,,,
1785764739574808001,833893902393,cmd_vel,0.015,0.0,,,,,,,,
1785764739592048957,833911143779,cmd_vel_unguarded,0.015,0.0,,,,,,,,
1785764739603281559,833922375844,/epuck1/state,,,,7,6033,,,0.03945840895175934,0.0,0.0
1785764739626466305,833945560697,cmd_vel,0.015,0.0,,,,,,,,
1785764739641425633,833960519918,cmd_vel_unguarded,0.015,0.0,,,,,,,,
1785764739676304807,833995399521,cmd_vel,0.015,0.0,,,,,,,,
1785764739692271364,834011365649,cmd_vel_unguarded,0.015,0.0,,,,,,,,
1785764739703498058,834022592558,/epuck1/state,,,,7,6034,,,0.04033805429935455,0.0,0.0
1785764739725198387,834044293102,cmd_vel,0.015,0.0,,,,,,,,
1785764739743424979,834062520016,cmd_vel_unguarded,0.015,0.0,,,,,,,,
1785764739775498070,834094592355,cmd_vel,0.015,0.0,,,,,,,,
1785764739791412741,834110507026,cmd_vel_unguarded,0.015,0.0,,,,,,,,
1785764739804274141,834123368425,/epuck1/state,,,,7,6035,,,0.04209734499454498,0.0,0.0
1785764739825631780,834144726279,cmd_vel,0.015,0.0,,,,,,,,
1785764739841736058,834160830450,cmd_vel_unguarded,0.015,0.0,,,,,,,,
1785764739877226702,834196321417,cmd_vel,0.015,0.0,,,,,,,,
1785764739892701999,834211796176,cmd_vel_unguarded,0.015,0.0,,,,,,,,
1785764739922722388,834241816565,/epuck1/state,,,,7,6036,,,0.04398230090737343,0.0,0.0
1785764739924702685,834243797292,cmd_vel,0.015,0.0,,,,,,,,
1785764739942392145,834261487074,cmd_vel_unguarded,0.015,0.0,,,,,,,,
1785764739976684986,834295779271,cmd_vel,0.015,0.0,,,,,,,,
1785764739991527972,834310622256,cmd_vel_unguarded,0.015,0.0,,,,,,,,
1785764740022504670,834341598955,/epuck1/state,,,,7,6037,,,0.04574159160256386,0.0,0.0
1785764740024518054,834343612661,cmd_vel,0.015,0.0,,,,,,,,
1785764740041837431,834360931823,cmd_vel_unguarded,0.015,0.0,,,,,,,,
1785764740075374313,834394468598,cmd_vel,0.015,0.0,,,,,,,,
1785764740092161607,834411256966,cmd_vel_unguarded,0.015,0.0,,,,,,,,
1785764740124609724,834443704008,/epuck1/state,,,,7,6038,,,0.04574159160256386,0.0,0.0
1785764740125828045,834444921793,cmd_vel,0.015,0.0,,,,,,,,
1785764740142178115,834461273044,cmd_vel_unguarded,0.015,0.0,,,,,,,,
1785764740176162535,834495256819,cmd_vel,0.015,0.0,,,,,,,,
1785764740191693049,834510787333,cmd_vel_unguarded,0.015,0.0,,,,,,,,
1785764740225095648,834544190040,cmd_vel,0.015,0.0,,,,,,,,
1785764740240341267,834559435552,/epuck_bridge/status,,,,,,True,6961,,,
1785764740241577422,834560672029,cmd_vel_unguarded,0.015,0.0,,,,,,,,
1785764740243495089,834562589159,/epuck1/state,,,,7,6039,,,0.047500886023044586,0.0,0.0
1785764740274843912,834593938411,cmd_vel,0.015,0.0,,,,,,,,
1785764740291672565,834610766850,cmd_vel_unguarded,0.015,0.0,,,,,,,,
1785764740327023233,834646117840,cmd_vel,0.015,0.0,,,,,,,,
1785764740341417929,834660512321,cmd_vel_unguarded,0.015,0.0,,,,,,,,
1785764740362543742,834681637704,/epuck1/state,,,,7,6040,,,0.049260176718235016,0.0,0.0
1785764740376003828,834695098543,cmd_vel,0.015,0.0,,,,,,,,
1785764740393475428,834712569821,cmd_vel_unguarded,0.015,0.0,,,,,,,,
1785764740426682512,834745776904,cmd_vel,0.015,0.0,,,,,,,,
1785764740441278094,834760372487,cmd_vel_unguarded,0.015,0.0,,,,,,,,
1785764740463637914,834782731769,/epuck1/state,,,,7,6041,,,0.05013982206583023,0.0,0.0
1785764740475705541,834794799933,cmd_vel,0.015,0.0,,,,,,,,
1785764740491534485,834810629092,cmd_vel_unguarded,0.015,0.0,,,,,,,,
1785764740524949223,834844044045,cmd_vel,0.015,0.0,,,,,,,,
1785764740541889385,834860983777,cmd_vel_unguarded,0.015,0.0,,,,,,,,
1785764740575485996,834894580281,cmd_vel,0.015,0.0,,,,,,,,
1785764740583240994,834902335386,/epuck1/state,,,,7,6042,,,0.05189911276102066,0.0,0.0
1785764740591389709,834910484316,cmd_vel_unguarded,0.015,0.0,,,,,,,,
1785764740625754955,834944849777,cmd_vel,0.015,0.0,,,,,,,,
1785764740642986028,834962080313,cmd_vel_unguarded,0.015,0.0,,,,,,,,
1785764740677277043,834996371327,cmd_vel,0.015,0.0,,,,,,,,
1785764740691496956,835010591240,cmd_vel_unguarded,0.015,0.0,,,,,,,,
1785764740703219207,835022314029,/epuck1/state,,,,7,6043,,,0.05365840718150139,0.0,0.0
1785764740727083209,835046178353,cmd_vel,0.015,0.0,,,,,,,,
1785764740742087012,835061181834,cmd_vel_unguarded,0.015,0.0,,,,,,,,
1785764740775899765,835094994909,cmd_vel,0.015,0.0,,,,,,,,
1785764740792255635,835111350242,cmd_vel_unguarded,0.015,0.0,,,,,,,,
1785764740803473950,835122567912,/epuck1/state,,,,7,6044,,,0.0545380525290966,0.0,0.0
1785764740825409435,835144503720,cmd_vel,0.015,0.0,,,,,,,,
1785764740841688818,835160783854,cmd_vel_unguarded,0.015,0.0,,,,,,,,
1785764740876027852,835195122244,cmd_vel,0.015,0.0,,,,,,,,
1785764740892316151,835211410651,cmd_vel_unguarded,0.015,0.0,,,,,,,,
1785764740924672955,835243767132,/epuck1/state,,,,7,6045,,,0.05629734322428703,0.0,0.0
1785764740925822202,835244917561,cmd_vel,0.015,0.0,,,,,,,,
1785764740942058077,835261152469,cmd_vel_unguarded,0.015,0.0,,,,,,,,
1785764740975283208,835294377815,cmd_vel,0.015,0.0,,,,,,,,
1785764740992100582,835311194974,cmd_vel_unguarded,0.015,0.0,,,,,,,,
1785764741025462466,835344556966,cmd_vel,0.015,0.0,,,,,,,,
1785764741042426369,835361520654,cmd_vel_unguarded,0.015,0.0,,,,,,,,
1785764741042601474,835361694685,/epuck1/state,,,,7,6046,,,0.05717698857188225,0.0,0.0
1785764741075249404,835394343688,cmd_vel,0.015,0.0,,,,,,,,
1785764741092815324,835411909823,cmd_vel_unguarded,0.015,0.0,,,,,,,,
1785764741124612866,835443707151,cmd_vel,0.015,0.0,,,,,,,,
1785764741141858227,835460952726,cmd_vel_unguarded,0.015,0.0,,,,,,,,
1785764741143862157,835462956012,/epuck1/state,,,,7,6047,,,0.05906194448471069,0.0,0.0
1785764741174917169,835494011561,cmd_vel,0.015,0.0,,,,,,,,
1785764741191860231,835510954624,cmd_vel_unguarded,0.015,0.0,,,,,,,,
1785764741227144940,835546240298,cmd_vel,0.015,0.0,,,,,,,,
1785764741240620388,835559715103,/epuck_bridge/status,,,,,,True,6970,,,
1785764741241576267,835560670552,cmd_vel_unguarded,0.015,0.0,,,,,,,,
1785764741262698428,835581794002,/epuck1/state,,,,7,6048,,,0.060695573687553406,0.0,0.0
1785764741274905172,835594000424,cmd_vel,0.015,0.0,,,,,,,,
1785764741292423180,835611517465,cmd_vel_unguarded,0.015,0.0,,,,,,,,
1785764741324880106,835643974390,cmd_vel,0.015,0.0,,,,,,,,
1785764741342261575,835661355967,cmd_vel_unguarded,0.015,0.0,,,,,,,,
1785764741362532275,835681626452,/epuck1/state,,,,7,6049,,,0.06157521903514862,0.0,0.0
1785764741375157229,835694251514,cmd_vel,0.015,0.0,,,,,,,,
1785764741393284345,835712379059,cmd_vel_unguarded,0.015,0.0,,,,,,,,
1785764741424926656,835744020833,cmd_vel,0.015,0.0,,,,,,,,
1785764741442088761,835761183368,cmd_vel_unguarded,0.015,0.0,,,,,,,,
1785764741462978988,835782073273,/epuck1/state,,,,7,6050,,,0.06346017867326736,0.0,0.0
1785764741475689884,835794784061,cmd_vel,0.015,0.0,,,,,,,,
1785764741491535802,835810630301,cmd_vel_unguarded,0.015,0.0,,,,,,,,
1785764741525948745,835845043997,cmd_vel,0.015,0.0,,,,,,,,
1785764741541959025,835861053524,cmd_vel_unguarded,0.015,0.0,,,,,,,,
1785764741575854818,835894949318,cmd_vel,0.015,0.0,,,,,,,,
1785764741582769313,835901863275,/epuck1/state,,,,7,6051,,,0.06433982402086258,0.0,0.0
1785764741592597101,835911691923,cmd_vel_unguarded,0.015,0.0,,,,,,,,
1785764741624695760,835943789937,cmd_vel,0.015,0.0,,,,,,,,
1785764741642058859,835961153681,cmd_vel_unguarded,0.015,0.0,,,,,,,,
1785764741675941439,835995036368,cmd_vel,0.015,0.0,,,,,,,,
1785764741683049301,836002143585,/epuck1/state,,,,7,6052,,,0.06609911471605301,0.0,0.0
1785764741692139822,836011234322,cmd_vel_unguarded,0.015,0.0,,,,,,,,
1785764741724510699,836043605413,cmd_vel,0.015,0.0,,,,,,,,
1785764741742571747,836061666247,cmd_vel_unguarded,0.015,0.0,,,,,,,,
1785764741774425259,836093519544,cmd_vel,0.015,0.0,,,,,,,,
1785764741791376593,836110470878,cmd_vel_unguarded,0.015,0.0,,,,,,,,
1785764741803234309,836122328486,/epuck1/state,,,,7,6053,,,0.06785840541124344,0.0,0.0
1785764741825205997,836144300389,cmd_vel,0.015,0.0,,,,,,,,
1785764741842503137,836161597529,cmd_vel_unguarded,0.015,0.0,,,,,,,,
1785764741875291257,836194387046,cmd_vel,0.015,0.0,,,,,,,,
1785764741892654034,836211748319,cmd_vel_unguarded,0.015,0.0,,,,,,,,
1785764741903210818,836222305210,/epuck1/state,,,,7,6054,,,0.06873805075883865,0.0,0.0
1785764741925468689,836244563082,cmd_vel,0.015,0.0,,,,,,,,
1785764741941968511,836261063333,cmd_vel_unguarded,0.015,0.0,,,,,,,,
1785764741977525008,836296619937,cmd_vel,0.015,0.0,,,,,,,,
1785764741992165495,836311260639,cmd_vel_unguarded,0.015,0.0,,,,,,,,
1785764742003588671,836322683493,/epuck1/state,,,,7,6055,,,0.07049734890460968,0.0,0.0
1785764742025643077,836344738114,cmd_vel,0.015,0.0,,,,,,,,
1785764742041937715,836361032107,cmd_vel_unguarded,0.015,0.0,,,,,,,,
1785764742074700698,836393795412,cmd_vel,0.015,0.0,,,,,,,,
1785764742092498766,836411593803,cmd_vel_unguarded,0.015,0.0,,,,,,,,
1785764742123605343,836442700164,/epuck1/state,,,,7,6056,,,0.07225663959980011,0.0,0.0
1785764742125804681,836444899396,cmd_vel,0.015,0.0,,,,,,,,
1785764742141738259,836460832544,cmd_vel_unguarded,0.015,0.0,,,,,,,,
1785764742176927143,836496022394,cmd_vel,0.015,0.0,,,,,,,,
1785764742191557209,836510651601,cmd_vel_unguarded,0.015,0.0,,,,,,,,
1785764742225238472,836544332864,cmd_vel,0.015,0.0,,,,,,,,
1785764742239725984,836558820162,/epuck_bridge/status,,,,,,True,6979,,,
1785764742242149092,836561243592,cmd_vel_unguarded,0.015,0.0,,,,,,,,
1785764742243097774,836562191951,/epuck1/state,,,,7,6057,,,0.07313628494739532,0.0,0.0
1785764742276054124,836595148409,cmd_vel,0.015,0.0,,,,,,,,
1785764742291704848,836610799240,cmd_vel_unguarded,0.015,0.0,,,,,,,,
1785764742325116256,836644210756,cmd_vel,0.015,0.0,,,,,,,,
1785764742341968114,836661062936,cmd_vel_unguarded,0.015,0.0,,,,,,,,
1785764742343114352,836662208852,/epuck1/state,,,,7,6058,,,0.07489557564258575,0.0,0.0
1785764742376396204,836695490811,cmd_vel,0.015,0.0,,,,,,,,
1785764742392214943,836711309228,cmd_vel_unguarded,0.015,0.0,,,,,,,,
1785764742426542590,836745636768,cmd_vel,0.015,0.0,,,,,,,,
1785764742442004029,836761099818,cmd_vel_unguarded,0.015,0.0,,,,,,,,
1785764742462595611,836781689789,/epuck1/state,,,,7,6059,,,0.07590088993310928,0.0,0.0
1785764742475232920,836794327205,cmd_vel,0.015,0.0,,,,,,,,
1785764742491821153,836810915438,cmd_vel_unguarded,0.015,0.0,,,,,,,,
1785764742525850370,836844945192,cmd_vel,0.015,0.0,,,,,,,,
1785764742542089575,836861183753,cmd_vel_unguarded,0.015,0.0,,,,,,,,
1785764742563746827,836882840896,/epuck1/state,,,,7,6060,,,0.077534519135952,0.0,0.0
1785764742575695425,836894790140,cmd_vel,0.015,0.0,,,,,,,,
1785764742592447269,836911541554,cmd_vel_unguarded,0.015,0.0,,,,,,,,
1785764742608559496,836927653888,cmd_vel_unguarded,0.0,0.0,,,,,,,,
1785764742608667460,836927760670,/hil_guard/arm,,,False,,,,,,,
1785764742624378450,836943472842,cmd_vel,0.0,0.0,,,,,,,,
1785764742676609443,836995703620,cmd_vel,0.0,0.0,,,,,,,,
1785764742682939646,837002033931,/epuck1/state,,,,7,6061,,,0.07929380983114243,0.0,0.0
1785764742726999579,837046093864,cmd_vel,0.0,0.0,,,,,,,,
1785764742776264962,837095359999,cmd_vel,0.0,0.0,,,,,,,,
1785764742802707840,837121801910,/epuck1/state,,,,7,6062,,,0.08017345517873764,0.0,0.0
1785764742824954432,837144048610,cmd_vel,0.0,0.0,,,,,,,,
1785764742877311544,837196406044,cmd_vel,0.0,0.0,,,,,,,,
1785764742924658615,837243752578,/epuck1/state,,,,7,6063,,,0.08205841481685638,0.0,0.0
1785764742925193061,837244286809,cmd_vel,0.0,0.0,,,,,,,,
1785764742975249853,837294344138,cmd_vel,0.0,0.0,,,,,,,,
1785764743025370242,837344464634,cmd_vel,0.0,0.0,,,,,,,,
1785764743043121795,837362215972,/epuck1/state,,,,7,6064,,,0.082938052713871,0.0,0.0
1785764743074669142,837393764178,cmd_vel,0.0,0.0,,,,,,,,
1785764743125378656,837444473693,cmd_vel,0.0,0.0,,,,,,,,
1785764743142882699,837461977628,/epuck1/state,,,,7,6065,,,0.082938052713871,0.0,0.0
1785764743175394627,837494489234,cmd_vel,0.0,0.0,,,,,,,,
1785764743225963520,837545058234,cmd_vel,0.0,0.0,,,,,,,,
1785764743239666283,837558760353,/epuck_bridge/status,,,,,,True,6988,,,
1785764743262914732,837582008910,/epuck1/state,,,,7,6066,,,0.082938052713871,0.0,0.0
1785764743274442005,837593536182,cmd_vel,0.0,0.0,,,,,,,,
1785764743325117895,837644212395,cmd_vel,0.0,0.0,,,,,,,,
1785764743376264957,837695359779,cmd_vel,0.0,0.0,,,,,,,,
1785764743382998008,837702092293,/epuck1/state,,,,7,6067,,,0.082938052713871,0.0,0.0
1785764743425024147,837744118646,cmd_vel,0.0,0.0,,,,,,,,
1785764743474864475,837793958760,cmd_vel,0.0,0.0,,,,,,,,
1785764743502719902,837821814402,/epuck1/state,,,,7,6068,,,0.082938052713871,0.0,0.0
1785764743525742005,837844836289,cmd_vel,0.0,0.0,,,,,,,,
1785764743576673247,837895767747,cmd_vel,0.0,0.0,,,,,,,,
1785764743602737877,837921832162,/epuck1/state,,,,7,6069,,,0.082938052713871,0.0,0.0
1785764743625765136,837944859636,cmd_vel,0.0,0.0,,,,,,,,
1785764743675719121,837994813728,cmd_vel,0.0,0.0,,,,,,,,
1785764743722562578,838041656863,/epuck1/state,,,,7,6070,,,0.082938052713871,0.0,0.0
1785764743724251534,838043345389,cmd_vel,0.0,0.0,,,,,,,,
1785764743775380764,838094475048,cmd_vel,0.0,0.0,,,,,,,,
1785764743824121691,838143216405,/epuck1/state,,,,7,6071,,,0.082938052713871,0.0,0.0
1785764743824663227,838143757297,cmd_vel,0.0,0.0,,,,,,,,
1785764743874883522,838193977914,cmd_vel,0.0,0.0,,,,,,,,
1785764743923547962,838242642032,/epuck1/state,,,,7,6072,,,0.082938052713871,0.0,0.0
1785764743924823864,838243917827,cmd_vel,0.0,0.0,,,,,,,,
1785764743975214215,838294308500,cmd_vel,0.0,0.0,,,,,,,,
1785764744025344810,838344439202,cmd_vel,0.0,0.0,,,,,,,,
1785764744042539250,838361634071,/epuck1/state,,,,7,6073,,,0.082938052713871,0.0,0.0
1785764744075267426,838394362570,cmd_vel,0.0,0.0,,,,,,,,
1785764744124633360,838443727537,cmd_vel,0.0,0.0,,,,,,,,
1785764744164023257,838483118079,/epuck1/state,,,,7,6074,,,0.082938052713871,0.0,0.0
1785764744175252099,838494346491,cmd_vel,0.0,0.0,,,,,,,,
1785764744225517621,838544612121,cmd_vel,0.0,0.0,,,,,,,,
1785764744239645147,838558739110,/epuck_bridge/status,,,,,,True,6997,,,
1785764744264228476,838583322439,/epuck1/state,,,,7,6075,,,0.082938052713871,0.0,0.0
1785764744275363106,838594458680,cmd_vel,0.0,0.0,,,,,,,,
1785764744324748591,838643842768,cmd_vel,0.0,0.0,,,,,,,,
1785764744376336745,838695431460,cmd_vel,0.0,0.0,,,,,,,,
1785764744383044874,838702140125,/epuck1/state,,,,7,6076,,,0.082938052713871,0.0,0.0
1785764744424861316,838744020486,cmd_vel,0.0,0.0,,,,,,,,
1785764744475062704,838794157204,cmd_vel,0.0,0.0,,,,,,,,
1785764744503283058,838822399151,/epuck1/state,,,,7,6077,,,0.082938052713871,0.0,0.0
1785764744525034737,838844129452,cmd_vel,0.0,0.0,,,,,,,,
1785764744575339469,838894435151,cmd_vel,0.0,0.0,,,,,,,,
1785764744623166951,838942260913,/epuck1/state,,,,7,6078,,,0.082938052713871,0.0,0.0
1785764744624889962,838943984139,cmd_vel,0.0,0.0,,,,,,,,
1785764744676279592,838995373877,cmd_vel,0.0,0.0,,,,,,,,
1785764744723610979,839042705801,/epuck1/state,,,,7,6079,,,0.082938052713871,0.0,0.0
1785764744724688035,839043782749,cmd_vel,0.0,0.0,,,,,,,,
1785764744775957133,839095052170,cmd_vel,0.0,0.0,,,,,,,,
1785764744825520409,839144614694,cmd_vel,0.0,0.0,,,,,,,,
1785764744842486246,839161580423,/epuck1/state,,,,7,6080,,,0.082938052713871,0.0,0.0
1785764744876924864,839196019042,cmd_vel,0.0,0.0,,,,,,,,
1785764744925834666,839244929273,cmd_vel,0.0,0.0,,,,,,,,
1785764744942669765,839261764157,/epuck1/state,,,,7,6081,,,0.082938052713871,0.0,0.0
1785764744975827325,839294922362,cmd_vel,0.0,0.0,,,,,,,,
1785764745025486962,839344581247,cmd_vel,0.0,0.0,,,,,,,,
1785764745063079510,839382173579,/epuck1/state,,,,7,6082,,,0.082938052713871,0.0,0.0
1785764745075280667,839394375919,cmd_vel,0.0,0.0,,,,,,,,
1785764745124783892,839443878177,cmd_vel,0.0,0.0,,,,,,,,
1785764745175267381,839494362096,cmd_vel,0.0,0.0,,,,,,,,
1785764745182894112,839501988827,/epuck1/state,,,,7,6083,,,0.082938052713871,0.0,0.0
1785764745224603773,839543698810,cmd_vel,0.0,0.0,,,,,,,,
1785764745241003688,839560098617,/epuck_bridge/status,,,,,,True,7006,,,
1785764745274594283,839593688890,cmd_vel,0.0,0.0,,,,,,,,
1785764745282466805,839601560875,/epuck1/state,,,,7,6084,,,0.082938052713871,0.0,0.0
1785764745324566209,839643660493,cmd_vel,0.0,0.0,,,,,,,,
1785764745375587582,839694682081,cmd_vel,0.0,0.0,,,,,,,,
1785764745382724341,839701818411,/epuck1/state,,,,7,6085,,,0.082938052713871,0.0,0.0
1785764745425726878,839744821377,cmd_vel,0.0,0.0,,,,,,,,
1785764745475310027,839794405064,cmd_vel,0.0,0.0,,,,,,,,
1785764745502624777,839821719599,/epuck1/state,,,,7,6086,,,0.082938052713871,0.0,0.0
1785764745524739450,839843833627,cmd_vel,0.0,0.0,,,,,,,,
1785764745574701600,839893795884,cmd_vel,0.0,0.0,,,,,,,,
1785764745603466498,839922582160,/epuck1/state,,,,7,6087,,,0.082938052713871,0.0,0.0
1785764745625872618,839944967117,cmd_vel,0.0,0.0,,,,,,,,
1785764745675463932,839994558646,cmd_vel,0.0,0.0,,,,,,,,
1785764745722715501,840041809571,/epuck1/state,,,,7,6088,,,0.082938052713871,0.0,0.0
1785764745725492901,840044587185,cmd_vel,0.0,0.0,,,,,,,,
1785764745776747174,840095841459,cmd_vel,0.0,0.0,,,,,,,,
1785764745823610075,840142703930,/epuck1/state,,,,7,6089,,,0.082938052713871,0.0,0.0
1785764745825276257,840144370649,cmd_vel,0.0,0.0,,,,,,,,
1785764745875331975,840194426259,cmd_vel,0.0,0.0,,,,,,,,
1785764745924329436,840243423506,/epuck1/state,,,,7,6090,,,0.082938052713871,0.0,0.0
1785764745924719716,840243814108,cmd_vel,0.0,0.0,,,,,,,,
1785764745976362550,840295457157,cmd_vel,0.0,0.0,,,,,,,,
1785764746024994547,840344088725,cmd_vel,0.0,0.0,,,,,,,,
1785764746042606554,840361701268,/epuck1/state,,,,7,6091,,,0.082938052713871,0.0,0.0
1785764746074455768,840393549946,cmd_vel,0.0,0.0,,,,,,,,
1785764746125793619,840444887904,cmd_vel,0.0,0.0,,,,,,,,
1785764746162711744,840481806029,/epuck1/state,,,,7,6092,,,0.082938052713871,0.0,0.0
1785764746175752976,840494847153,cmd_vel,0.0,0.0,,,,,,,,
1785764746225448386,840544543100,cmd_vel,0.0,0.0,,,,,,,,
1785764746241041744,840560135814,/epuck_bridge/status,,,,,,True,7015,,,
1785764746264166439,840583260616,/epuck1/state,,,,7,6093,,,0.082938052713871,0.0,0.0
1785764746274912078,840594006900,cmd_vel,0.0,0.0,,,,,,,,
1785764746325014204,840644108703,cmd_vel,0.0,0.0,,,,,,,,
1785764746363692939,840682786901,/epuck1/state,,,,7,6094,,,0.082938052713871,0.0,0.0
1785764746375725867,840694820152,cmd_vel,0.0,0.0,,,,,,,,
1785764746424873725,840743968010,cmd_vel,0.0,0.0,,,,,,,,
1785764746465339604,840784433674,/epuck1/state,,,,7,6095,,,0.082938052713871,0.0,0.0
1785764746474945772,840794040487,cmd_vel,0.0,0.0,,,,,,,,
1785764746524903517,840843997802,cmd_vel,0.0,0.0,,,,,,,,
1785764746576088071,840895182571,cmd_vel,0.0,0.0,,,,,,,,
1785764746583445484,840902540198,/epuck1/state,,,,7,6096,,,0.082938052713871,0.0,0.0
1785764746626387862,840945482039,cmd_vel,0.0,0.0,,,,,,,,
1785764746675672366,840994766758,cmd_vel,0.0,0.0,,,,,,,,
1785764746682612535,841001707035,/epuck1/state,,,,7,6097,,,0.082938052713871,0.0,0.0
1785764746724745563,841043840278,cmd_vel,0.0,0.0,,,,,,,,
1785764746775211327,841094306042,cmd_vel,0.0,0.0,,,,,,,,
1785764746782673696,841101768303,/epuck1/state,,,,7,6098,,,0.082938052713871,0.0,0.0
1785764746825335369,841144430190,cmd_vel,0.0,0.0,,,,,,,,
1785764746875769657,841194864049,cmd_vel,0.0,0.0,,,,,,,,
1785764746882938752,841202033036,/epuck1/state,,,,7,6099,,,0.082938052713871,0.0,0.0
1785764746924769160,841243863874,cmd_vel,0.0,0.0,,,,,,,,
1785764746975996039,841295090646,cmd_vel,0.0,0.0,,,,,,,,
1785764746983022257,841302117079,/epuck1/state,,,,7,6100,,,0.082938052713871,0.0,0.0
1785764747025388292,841344482577,cmd_vel,0.0,0.0,,,,,,,,
1785764747076021105,841395115819,cmd_vel,0.0,0.0,,,,,,,,
1785764747083060965,841402156002,/epuck1/state,,,,7,6101,,,0.082938052713871,0.0,0.0
1785764747124665885,841443760063,cmd_vel,0.0,0.0,,,,,,,,
1785764747175993316,841495087493,cmd_vel,0.0,0.0,,,,,,,,
1785764747202812187,841521907008,/epuck1/state,,,,7,6102,,,0.082938052713871,0.0,0.0
1785764747225445083,841544539476,cmd_vel,0.0,0.0,,,,,,,,
1785764747239988027,841559082312,/epuck_bridge/status,,,,,,True,7023,,,
1785764747276263421,841595358028,cmd_vel,0.0,0.0,,,,,,,,
1785764747303100446,841622194624,/epuck1/state,,,,7,6103,,,0.082938052713871,0.0,0.0
1785764747325303745,841644398245,cmd_vel,0.0,0.0,,,,,,,,
1785764747376404077,841695498469,cmd_vel,0.0,0.0,,,,,,,,
1785764747423715912,841742810089,/epuck1/state,,,,7,6104,,,0.082938052713871,0.0,0.0
1785764747425237283,841744331461,cmd_vel,0.0,0.0,,,,,,,,
1785764747475212223,841794306913,cmd_vel,0.0,0.0,,,,,,,,
1785764747524852400,841843946773,cmd_vel,0.0,0.0,,,,,,,,
1785764747542513323,841861607484,/epuck1/state,,,,7,6105,,,0.082938052713871,0.0,0.0
1785764747576066950,841895161111,cmd_vel,0.0,0.0,,,,,,,,
1785764747626256289,841945350874,cmd_vel,0.0,0.0,,,,,,,,
1785764747642551712,841961645768,/epuck1/state,,,,7,6106,,,0.082938052713871,0.0,0.0
1785764747675097482,841994191855,cmd_vel,0.0,0.0,,,,,,,,
1785764747724632060,842043726326,cmd_vel,0.0,0.0,,,,,,,,
1785764747743659117,842062753172,/epuck1/state,,,,7,6107,,,0.082938052713871,0.0,0.0
1785764747775953584,842095048063,cmd_vel,0.0,0.0,,,,,,,,
1785764747824984286,842144079294,cmd_vel,0.0,0.0,,,,,,,,
1785764747862658325,842181752169,/epuck1/state,,,,7,6108,,,0.082938052713871,0.0,0.0
1785764747876388238,842195483034,cmd_vel,0.0,0.0,,,,,,,,
1785764747925272179,842244366340,cmd_vel,0.0,0.0,,,,,,,,
1785764747962956271,842282050855,/epuck1/state,,,,7,6109,,,0.082938052713871,0.0,0.0
1785764747975024940,842294120053,cmd_vel,0.0,0.0,,,,,,,,
1785764748024572955,842343667222,cmd_vel,0.0,0.0,,,,,,,,
1785764748075363729,842394458313,cmd_vel,0.0,0.0,,,,,,,,
1785764748083349125,842402443392,/epuck1/state,,,,7,6110,,,0.082938052713871,0.0,0.0
1785764748126040120,842445134281,cmd_vel,0.0,0.0,,,,,,,,
1785764748175940170,842495035178,cmd_vel,0.0,0.0,,,,,,,,
1785764748202466525,842521560369,/epuck1/state,,,,7,6111,,,0.082938052713871,0.0,0.0
1785764748225284075,842544378236,cmd_vel,0.0,0.0,,,,,,,,
1785764748239834134,842558928295,/epuck_bridge/status,,,,,,True,7032,,,
1785764748274858437,842593952704,cmd_vel,0.0,0.0,,,,,,,,
1785764748303471187,842622565454,/epuck1/state,,,,7,6112,,,0.082938052713871,0.0,0.0
1785764748325673124,842644767496,cmd_vel,0.0,0.0,,,,,,,,
1785764748375641423,842694736325,cmd_vel,0.0,0.0,,,,,,,,
1785764748422462353,842741556832,/epuck1/state,,,,7,6113,,,0.082938052713871,0.0,0.0
1785764748424323158,842743417213,cmd_vel,0.0,0.0,,,,,,,,
1785764748476121682,842795216478,cmd_vel,0.0,0.0,,,,,,,,
1785764748522764425,842841859115,/epuck1/state,,,,7,6114,,,0.082938052713871,0.0,0.0
1785764748524984778,842844079045,cmd_vel,0.0,0.0,,,,,,,,
1785764748575187767,842894281928,cmd_vel,0.0,0.0,,,,,,,,
1785764748623577991,842942672046,/epuck1/state,,,,7,6115,,,0.082938052713871,0.0,0.0
1785764748625508419,842944603004,cmd_vel,0.0,0.0,,,,,,,,
1785764748675168489,842994263602,cmd_vel,0.0,0.0,,,,,,,,
1785764748726539322,843045633589,cmd_vel,0.0,0.0,,,,,,,,
1785764748743435438,843062530551,/epuck1/state,,,,7,6116,,,0.082938052713871,0.0,0.0
1785764748774697712,843093791768,cmd_vel,0.0,0.0,,,,,,,,
1785764748825028087,845176201944,cmd_vel,0.0,0.0,,,,,,,,
1785764748863943297,845215117154,/epuck1/state,,,,7,6117,,,0.082938052713871,0.0,0.0
1785764748875234780,845226409271,cmd_vel,0.0,0.0,,,,,,,,
1785764748926846652,845278020403,cmd_vel,0.0,0.0,,,,,,,,
1785764748975382790,845326556858,cmd_vel,0.0,0.0,,,,,,,,
1785764748982737231,845333911088,/epuck1/state,,,,7,6118,,,0.082938052713871,0.0,0.0
1785764749025469598,845376643984,cmd_vel,0.0,0.0,,,,,,,,
1785764749076994704,845428169091,cmd_vel,0.0,0.0,,,,,,,,
1785764749082961531,845434135388,/epuck1/state,,,,7,6119,,,0.082938052713871,0.0,0.0
1785764749125164416,845476338379,cmd_vel,0.0,0.0,,,,,,,,
1785764749174912945,845526086802,cmd_vel,0.0,0.0,,,,,,,,
1785764749203003302,845554177159,/epuck1/state,,,,7,6120,,,0.082938052713871,0.0,0.0
1785764749224577035,845575751316,cmd_vel,0.0,0.0,,,,,,,,
1785764749239835504,845591009572,/epuck_bridge/status,,,,,,True,7058,,,
1785764749276113358,845627287321,cmd_vel,0.0,0.0,,,,,,,,
1785764749303388965,845654562928,/epuck1/state,,,,7,6121,,,0.082938052713871,0.0,0.0
1785764749324585374,845675759337,cmd_vel,0.0,0.0,,,,,,,,
1785764749374738738,845725912595,cmd_vel,0.0,0.0,,,,,,,,
1785764749423742669,845774916421,/epuck1/state,,,,7,6122,,,0.082938052713871,0.0,0.0
1785764749425242444,845776416724,cmd_vel,0.0,0.0,,,,,,,,
1785764749474704646,845825878609,cmd_vel,0.0,0.0,,,,,,,,
1785764749524877691,845876051654,/epuck1/state,,,,7,6123,,,0.082938052713871,0.0,0.0
1785764749525881315,845877055383,cmd_vel,0.0,0.0,,,,,,,,
1785764749577020526,845928194595,cmd_vel,0.0,0.0,,,,,,,,
1785764749624783604,845975958096,cmd_vel,0.0,0.0,,,,,,,,
1785764749642915177,845994089775,/epuck1/state,,,,7,6124,,,0.082938052713871,0.0,0.0
1785764749675035478,846026209759,cmd_vel,0.0,0.0,,,,,,,,
1785764749724479480,846075653232,cmd_vel,0.0,0.0,,,,,,,,
1785764749762859389,846114033458,/epuck1/state,,,,7,6125,,,0.082938052713871,0.0,0.0
1785764749775160315,846126334173,cmd_vel,0.0,0.0,,,,,,,,
1785764749824516706,846175690563,cmd_vel,0.0,0.0,,,,,,,,
1785764749875280497,846226454989,cmd_vel,0.0,0.0,,,,,,,,
1785764749883273723,846234447686,/epuck1/state,,,,7,6126,,,0.082938052713871,0.0,0.0
1785764749924426110,846275600391,cmd_vel,0.0,0.0,,,,,,,,
1785764749974999018,846326173086,cmd_vel,0.0,0.0,,,,,,,,
1785764749983170008,846334344923,/epuck1/state,,,,7,6127,,,0.082938052713871,0.0,0.0
1785764750024924992,846376099167,cmd_vel,0.0,0.0,,,,,,,,
1785764750075450813,846426626046,cmd_vel,0.0,0.0,,,,,,,,
1785764750102686106,846453860492,/epuck1/state,,,,7,6128,,,0.082938052713871,0.0,0.0
1785764750124682874,846475856943,cmd_vel,0.0,0.0,,,,,,,,
1785764750175208484,846526382447,cmd_vel,0.0,0.0,,,,,,,,
1785764750202983628,846554157697,/epuck1/state,,,,7,6129,,,0.082938052713871,0.0,0.0
1785764750225262808,846576436665,cmd_vel,0.0,0.0,,,,,,,,
1785764750239831172,846591005135,/epuck_bridge/status,,,,,,True,7067,,,
1785764750275494578,846626668541,cmd_vel,0.0,0.0,,,,,,,,
1785764750323518693,846674693397,/epuck1/state,,,,7,6130,,,0.082938052713871,0.0,0.0
1785764750325119307,846676293693,cmd_vel,0.0,0.0,,,,,,,,
1785764750375393084,846726567576,cmd_vel,0.0,0.0,,,,,,,,
1785764750423594011,846774768609,/epuck1/state,,,,7,6131,,,0.082938052713871,0.0,0.0
1785764750424954643,846776128818,cmd_vel,0.0,0.0,,,,,,,,
1785764750475250959,846826425133,cmd_vel,0.0,0.0,,,,,,,,
1785764750524701627,846875875590,cmd_vel,0.0,0.0,,,,,,,,
1785764750542681149,846893854900,/epuck1/state,,,,7,6132,,,0.082938052713871,0.0,0.0
1785764750576577711,846927751780,cmd_vel,0.0,0.0,,,,,,,,
1785764750625714224,846976888716,cmd_vel,0.0,0.0,,,,,,,,
1785764750663242984,847014417265,/epuck1/state,,,,7,6133,,,0.082938052713871,0.0,0.0
1785764750674845341,847026019410,cmd_vel,0.0,0.0,,,,,,,,
1785764750724475572,847075649535,cmd_vel,0.0,0.0,,,,,,,,
1785764750763821754,847114995505,/epuck1/state,,,,7,6134,,,0.082938052713871,0.0,0.0
1785764750775057368,847126231648,cmd_vel,0.0,0.0,,,,,,,,
1785764750825984532,847177158389,cmd_vel,0.0,0.0,,,,,,,,
1785764750875215641,847226389922,cmd_vel,0.0,0.0,,,,,,,,
1785764750882635157,847233808802,/epuck1/state,,,,7,6135,,,0.082938052713871,0.0,0.0
1785764750924956128,847276130197,cmd_vel,0.0,0.0,,,,,,,,
1785764750975195305,847326369268,cmd_vel,0.0,0.0,,,,,,,,
1785764751003002934,847354177637,/epuck1/state,,,,7,6136,,,0.082938052713871,0.0,0.0
1785764751025123078,847376297041,cmd_vel,0.0,0.0,,,,,,,,
1785764751074715323,847425889497,cmd_vel,0.0,0.0,,,,,,,,
1785764751123213369,847474387755,/epuck1/state,,,,7,6137,,,0.082938052713871,0.0,0.0
1785764751124373382,847475547768,cmd_vel,0.0,0.0,,,,,,,,
1785764751175511324,847526685604,cmd_vel,0.0,0.0,,,,,,,,
1785764751224938184,847576112465,cmd_vel,0.0,0.0,,,,,,,,
1785764751239626540,847590800185,/epuck_bridge/status,,,,,,True,7076,,,
1785764751242548212,847593722069,/epuck1/state,,,,7,6138,,,0.082938052713871,0.0,0.0
1785764751275031659,847626205939,cmd_vel,0.0,0.0,,,,,,,,
1785764751324762517,847675937009,cmd_vel,0.0,0.0,,,,,,,,
1785764751362573794,847713747651,/epuck1/state,,,,7,6139,,,0.082938052713871,0.0,0.0
1785764751375673386,847726847772,cmd_vel,0.0,0.0,,,,,,,,
1785764751424605154,847775779117,cmd_vel,0.0,0.0,,,,,,,,
1785764751463998739,847815173443,/epuck1/state,,,,7,6140,,,0.082938052713871,0.0,0.0
1785764751474905702,847826079982,cmd_vel,0.0,0.0,,,,,,,,
1785764751524612329,847875786292,cmd_vel,0.0,0.0,,,,,,,,
1785764751575101645,847926275819,cmd_vel,0.0,0.0,,,,,,,,
1785764751583408920,847934583306,/epuck1/state,,,,7,6141,,,0.082938052713871,0.0,0.0
1785764751624618128,847975792091,cmd_vel,0.0,0.0,,,,,,,,
1785764751675416202,848026590906,cmd_vel,0.0,0.0,,,,,,,,
1785764751682816989,848033990846,/epuck1/state,,,,7,6142,,,0.082938052713871,0.0,0.0
1785764751725325035,848076499845,cmd_vel,0.0,0.0,,,,,,,,
1785764751775003622,848126178114,cmd_vel,0.0,0.0,,,,,,,,
1785764751803603251,848154777637,/epuck1/state,,,,7,6143,,,0.082938052713871,0.0,0.0
1785764751824650677,848175824640,cmd_vel,0.0,0.0,,,,,,,,
1785764751875092272,848226266764,cmd_vel,0.0,0.0,,,,,,,,
1785764751923956532,848275130177,/epuck1/state,,,,7,6144,,,0.082938052713871,0.0,0.0
1785764751925280765,848276454622,cmd_vel,0.0,0.0,,,,,,,,
1785764751975232240,848326406521,cmd_vel,0.0,0.0,,,,,,,,
1785764752024425151,848375599114,/epuck1/state,,,,7,6145,,,0.082938052713871,0.0,0.0
1785764752025153136,848376327099,cmd_vel,0.0,0.0,,,,,,,,
1785764752075570394,848426744463,cmd_vel,0.0,0.0,,,,,,,,
1785764752127287337,848478461617,cmd_vel,0.0,0.0,,,,,,,,
1785764752142652252,848493826638,/epuck1/state,,,,7,6146,,,0.082938052713871,0.0,0.0
1785764752175483396,848526657465,cmd_vel,0.0,0.0,,,,,,,,
1785764752224649749,848575824135,cmd_vel,0.0,0.0,,,,,,,,
1785764752239687917,848590861880,/epuck_bridge/status,,,,,,True,7085,,,
1785764752262778143,848613951895,/epuck1/state,,,,7,6147,,,0.082938052713871,0.0,0.0
1785764752275024259,848626198116,cmd_vel,0.0,0.0,,,,,,,,
1785764752325239840,848676414649,cmd_vel,0.0,0.0,,,,,,,,
1785764752363305383,848714480404,/epuck1/state,,,,7,6148,,,0.082938052713871,0.0,0.0
1785764752375241152,848726415539,cmd_vel,0.0,0.0,,,,,,,,
1785764752424724305,848775898585,cmd_vel,0.0,0.0,,,,,,,,
1785764752476259675,848827433638,cmd_vel,0.0,0.0,,,,,,,,
1785764752482599912,848833773874,/epuck1/state,,,,7,6149,,,0.082938052713871,0.0,0.0
1785764752524587364,848875761856,cmd_vel,0.0,0.0,,,,,,,,
1785764752575661819,848926835993,cmd_vel,0.0,0.0,,,,,,,,
1785764752582821143,848933995000,/epuck1/state,,,,7,6150,,,0.082938052713871,0.0,0.0
1785764752625837191,848977011472,cmd_vel,0.0,0.0,,,,,,,,
1785764752676143347,849027317839,cmd_vel,0.0,0.0,,,,,,,,
1785764752683665712,849034839886,/epuck1/state,,,,7,6151,,,0.082938052713871,0.0,0.0
1785764752724903171,849076077452,cmd_vel,0.0,0.0,,,,,,,,
1785764752775473750,849126647608,cmd_vel,0.0,0.0,,,,,,,,
1785764752803727375,849154900915,/epuck1/state,,,,7,6152,,,0.082938052713871,0.0,0.0
1785764752825009068,849176183243,cmd_vel,0.0,0.0,,,,,,,,
1785764752875175658,849226350468,cmd_vel,0.0,0.0,,,,,,,,
1785764752924690872,849275864941,/epuck1/state,,,,7,6153,,,0.082938052713871,0.0,0.0
1785764752925941884,849277115952,cmd_vel,0.0,0.0,,,,,,,,
1785764752975857806,849327031769,cmd_vel,0.0,0.0,,,,,,,,
1785764753025213667,849376387736,cmd_vel,0.0,0.0,,,,,,,,
1785764753042492504,849393666149,/epuck1/state,,,,7,6154,,,0.082938052713871,0.0,0.0
1785764753074740732,849425915012,cmd_vel,0.0,0.0,,,,,,,,
1785764753125459341,849476634045,cmd_vel,0.0,0.0,,,,,,,,
1785764753162997518,849514171587,/epuck1/state,,,,7,6155,,,0.082938052713871,0.0,0.0
1785764753174872870,849526046833,cmd_vel,0.0,0.0,,,,,,,,
1785764753224377291,849575551571,cmd_vel,0.0,0.0,,,,,,,,
1785764753239595974,849590769619,/epuck_bridge/status,,,,,,True,7094,,,
1785764753274877611,849626051362,cmd_vel,0.0,0.0,,,,,,,,
1785764753282690746,849633864709,/epuck1/state,,,,7,6156,,,0.082938052713871,0.0,0.0
1785764753324627409,849675802007,cmd_vel,0.0,0.0,,,,,,,,
1785764753375948299,849727122262,cmd_vel,0.0,0.0,,,,,,,,
1785764753403948611,849755122997,/epuck1/state,,,,7,6157,,,0.082938052713871,0.0,0.0
1785764753425084812,849776258775,cmd_vel,0.0,0.0,,,,,,,,
1785764753474460672,849825634529,cmd_vel,0.0,0.0,,,,,,,,
1785764753503134158,849854307803,/epuck1/state,,,,7,6158,,,0.082938052713871,0.0,0.0
1785764753524470238,849875644624,cmd_vel,0.0,0.0,,,,,,,,
1785764753575331482,849926505445,cmd_vel,0.0,0.0,,,,,,,,
1785764753622979330,849974154140,/epuck1/state,,,,7,6159,,,0.082938052713871,0.0,0.0
1785764753624822253,849975996745,cmd_vel,0.0,0.0,,,,,,,,
1785764753676107272,850027281447,cmd_vel,0.0,0.0,,,,,,,,
1785764753725049304,850076223479,/epuck1/state,,,,7,6160,,,0.082938052713871,0.0,0.0
1785764753725399541,850076572551,cmd_vel,0.0,0.0,,,,,,,,
1785764753774950413,850126124270,cmd_vel,0.0,0.0,,,,,,,,
1785764753823781660,850174955940,/epuck1/state,,,,7,6161,,,0.082938052713871,0.0,0.0
1785764753825276144,850176449895,cmd_vel,0.0,0.0,,,,,,,,
1785764753875481990,850226655953,cmd_vel,0.0,0.0,,,,,,,,
1785764753926446083,850277620046,cmd_vel,0.0,0.0,,,,,,,,
1785764753942722777,850293896740,/epuck1/state,,,,7,6162,,,0.082938052713871,0.0,0.0
1785764753976150171,850327324028,cmd_vel,0.0,0.0,,,,,,,,
1785764754026029165,850377203022,cmd_vel,0.0,0.0,,,,,,,,
1785764754042858408,850394032476,/epuck1/state,,,,7,6163,,,0.082938052713871,0.0,0.0
1785764754075536019,850426709876,cmd_vel,0.0,0.0,,,,,,,,
1785764754124710625,850475884588,cmd_vel,0.0,0.0,,,,,,,,
1785764754142547301,850493721158,/epuck1/state,,,,7,6164,,,0.082938052713871,0.0,0.0
1785764754175450714,850526624889,cmd_vel,0.0,0.0,,,,,,,,
1785764754225265904,850576439973,cmd_vel,0.0,0.0,,,,,,,,
1785764754239602753,850590776927,/epuck_bridge/status,,,,,,True,7103,,,
1785764754243069673,850594244270,/epuck1/state,,,,7,6165,,,0.082938052713871,0.0,0.0
1785764754275130825,850626305000,cmd_vel,0.0,0.0,,,,,,,,
1785764754324631966,850675806458,cmd_vel,0.0,0.0,,,,,,,,
1785764754342709575,850693883749,/epuck1/state,,,,7,6166,,,0.082938052713871,0.0,0.0
1785764754375607910,850726782190,cmd_vel,0.0,0.0,,,,,,,,
1785764754425384478,850776558864,cmd_vel,0.0,0.0,,,,,,,,
1785764754463628313,850814802382,/epuck1/state,,,,7,6167,,,0.082938052713871,0.0,0.0
1785764754474985822,850826160103,cmd_vel,0.0,0.0,,,,,,,,
1785764754524905871,850876080046,cmd_vel,0.0,0.0,,,,,,,,
1785764754575049500,850926223569,cmd_vel,0.0,0.0,,,,,,,,
1785764754582879777,850934053528,/epuck1/state,,,,7,6168,,,0.082938052713871,0.0,0.0
1785764754625444644,850976618818,cmd_vel,0.0,0.0,,,,,,,,
1785764754675331786,851026506595,cmd_vel,0.0,0.0,,,,,,,,
1785764754682963348,851034137522,/epuck1/state,,,,7,6169,,,0.082938052713871,0.0,0.0
1785764754724669659,851075844680,cmd_vel,0.0,0.0,,,,,,,,
1785764754775554287,851126728462,cmd_vel,0.0,0.0,,,,,,,,
1785764754802401992,851153575743,/epuck1/state,,,,7,6170,,,0.082938052713871,0.0,0.0
1785764754824615039,851175788896,cmd_vel,0.0,0.0,,,,,,,,
1785764754875503265,851226677228,cmd_vel,0.0,0.0,,,,,,,,
1785764754903581560,851254756475,/epuck1/state,,,,7,6171,,,0.082938052713871,0.0,0.0
1785764754925219204,851276393378,cmd_vel,0.0,0.0,,,,,,,,
1785764754974990376,851326164656,cmd_vel,0.0,0.0,,,,,,,,
1785764755023584075,851374758038,/epuck1/state,,,,7,6172,,,0.082938052713871,0.0,0.0
1785764755024217676,851375391427,cmd_vel,0.0,0.0,,,,,,,,
1785764755075787223,851426961821,cmd_vel,0.0,0.0,,,,,,,,
1785764755125080444,851476255041,cmd_vel,0.0,0.0,,,,,,,,
1785764755142401817,851493575356,/epuck1/state,,,,7,6173,,,0.082938052713871,0.0,0.0
1785764755176046229,851527220721,cmd_vel,0.0,0.0,,,,,,,,
1785764755224995668,851576170160,cmd_vel,0.0,0.0,,,,,,,,
1785764755239479066,851590652605,/epuck_bridge/status,,,,,,True,7111,,,
1785764755243321405,851594495580,/epuck1/state,,,,7,6174,,,0.082938052713871,0.0,0.0
1785764755274873181,851626047038,cmd_vel,0.0,0.0,,,,,,,,
1785764755324495793,851675669862,cmd_vel,0.0,0.0,,,,,,,,
1785764755363770657,851714944620,/epuck1/state,,,,7,6175,,,0.082938052713871,0.0,0.0
1785764755375132610,851726306679,cmd_vel,0.0,0.0,,,,,,,,
1785764755425501830,851776675687,cmd_vel,0.0,0.0,,,,,,,,
1785764755474711142,851825884999,cmd_vel,0.0,0.0,,,,,,,,
1785764755483488962,851834663454,/epuck1/state,,,,7,6176,,,0.082938052713871,0.0,0.0
1785764755524789623,851875963581,cmd_vel,0.0,0.0,,,,,,,,
1785764755575601418,851926775587,cmd_vel,0.0,0.0,,,,,,,,
1785764755602546318,851953720171,/epuck1/state,,,,7,6177,,,0.082938052713871,0.0,0.0
1785764755625183823,851976357992,cmd_vel,0.0,0.0,,,,,,,,
1785764755675449410,852026623578,cmd_vel,0.0,0.0,,,,,,,,
1785764755703488517,852054662370,/epuck1/state,,,,7,6178,,,0.082938052713871,0.0,0.0
1785764755725180905,852076355706,cmd_vel,0.0,0.0,,,,,,,,
1785764755774837802,852126012182,cmd_vel,0.0,0.0,,,,,,,,
1785764755803966587,852155140650,/epuck1/state,,,,7,6179,,,0.082938052713871,0.0,0.0
1785764755824729768,852175904463,cmd_vel,0.0,0.0,,,,,,,,
1785764755875582338,852226756823,cmd_vel,0.0,0.0,,,,,,,,
1785764755923640966,852274814924,/epuck1/state,,,,7,6180,,,0.082938052713871,0.0,0.0
1785764755925635827,852276809785,cmd_vel,0.0,0.0,,,,,,,,
1785764755975285244,852326459412,cmd_vel,0.0,0.0,,,,,,,,
1785764756026038667,852377213257,cmd_vel,0.0,0.0,,,,,,,,
1785764756043292797,852394466650,/epuck1/state,,,,7,6181,,,0.082938052713871,0.0,0.0
1785764756074422975,852425596722,cmd_vel,0.0,0.0,,,,,,,,
1785764756125428745,852476602703,cmd_vel,0.0,0.0,,,,,,,,
1785764756163184858,852514359027,/epuck1/state,,,,7,6182,,,0.082938052713871,0.0,0.0
1785764756175261285,852526435770,cmd_vel,0.0,0.0,,,,,,,,
1785764756224943259,852576118060,cmd_vel,0.0,0.0,,,,,,,,
1785764756240210115,852591384600,/epuck_bridge/status,,,,,,True,7119,,,
1785764756275193252,852626367210,cmd_vel,0.0,0.0,,,,,,,,
1785764756282585606,852633759670,/epuck1/state,,,,7,6183,,,0.082938052713871,0.0,0.0
1785764756326003361,852677177635,cmd_vel,0.0,0.0,,,,,,,,
1785764756375617797,852726792387,cmd_vel,0.0,0.0,,,,,,,,
1785764756402652994,852753826847,/epuck1/state,,,,7,6184,,,0.082938052713871,0.0,0.0
1785764756425051111,852776225175,cmd_vel,0.0,0.0,,,,,,,,
1785764756474516667,852825690520,cmd_vel,0.0,0.0,,,,,,,,
1785764756502553141,852853727415,/epuck1/state,,,,7,6185,,,0.082938052713871,0.0,0.0
1785764756525209085,852876383148,cmd_vel,0.0,0.0,,,,,,,,
1785764756575312832,852926487527,cmd_vel,0.0,0.0,,,,,,,,
1785764756602865051,852954039009,/epuck1/state,,,,7,6186,,,0.082938052713871,0.0,0.0
1785764756625258638,852976433228,cmd_vel,0.0,0.0,,,,,,,,
1785764756677031144,853028204997,cmd_vel,0.0,0.0,,,,,,,,
1785764756723402469,853074576637,/epuck1/state,,,,7,6187,,,0.082938052713871,0.0,0.0
1785764756724481504,853075655356,cmd_vel,0.0,0.0,,,,,,,,
1785764756775204160,853126378013,cmd_vel,0.0,0.0,,,,,,,,
1785764756823709322,853174883490,/epuck1/state,,,,7,6188,,,0.082938052713871,0.0,0.0
1785764756825125417,853176299164,cmd_vel,0.0,0.0,,,,,,,,
1785764756874939096,853226113054,cmd_vel,0.0,0.0,,,,,,,,
1785764756926188574,853277362532,cmd_vel,0.0,0.0,,,,,,,,
1785764756942479149,853293653107,/epuck1/state,,,,7,6189,,,0.082938052713871,0.0,0.0
1785764756974825335,853325999609,cmd_vel,0.0,0.0,,,,,,,,
1785764757024931506,853376106096,cmd_vel,0.0,0.0,,,,,,,,
1785764757042984297,853394158360,/epuck1/state,,,,7,6190,,,0.082938052713871,0.0,0.0
1785764757074754879,853425929469,cmd_vel,0.0,0.0,,,,,,,,
1785764757124582361,853475756319,cmd_vel,0.0,0.0,,,,,,,,
1785764757162713044,853513886791,/epuck1/state,,,,7,6191,,,0.082938052713871,0.0,0.0
1785764757174789997,853525963955,cmd_vel,0.0,0.0,,,,,,,,
1785764757224831369,853576006591,cmd_vel,0.0,0.0,,,,,,,,
1785764757241517481,853592691860,/epuck_bridge/status,,,,,,True,7128,,,
1785764757263396047,853614570216,/epuck1/state,,,,7,6192,,,0.082938052713871,0.0,0.0
1785764757274765164,853625939332,cmd_vel,0.0,0.0,,,,,,,,
1785764757324518575,853675692849,cmd_vel,0.0,0.0,,,,,,,,
1785764757376120601,853727294454,cmd_vel,0.0,0.0,,,,,,,,
1785764757382913223,853734087181,/epuck1/state,,,,7,6193,,,0.082938052713871,0.0,0.0
1785764757425760008,853776933861,cmd_vel,0.0,0.0,,,,,,,,
1785764757475496456,853826670309,cmd_vel,0.0,0.0,,,,,,,,
1785764757504466035,853855639677,/epuck1/state,,,,7,6194,,,0.082938052713871,0.0,0.0
1785764757525749083,853876923252,cmd_vel,0.0,0.0,,,,,,,,
1785764757575917102,853927092325,cmd_vel,0.0,0.0,,,,,,,,
1785764757624726028,853975899986,/epuck1/state,,,,7,6195,,,0.082938052713871,0.0,0.0
1785764757625181939,853976355265,cmd_vel,0.0,0.0,,,,,,,,
1785764757674574794,854025749174,cmd_vel,0.0,0.0,,,,,,,,
1785764757724418186,854075592355,cmd_vel,0.0,0.0,,,,,,,,
1785764757742559589,854093733652,/epuck1/state,,,,7,6196,,,0.082938052713871,0.0,0.0
1785764757775334292,854126508250,cmd_vel,0.0,0.0,,,,,,,,
1785764757825484505,854176658463,cmd_vel,0.0,0.0,,,,,,,,
1785764757862675971,854213849823,/epuck1/state,,,,7,6197,,,0.082938052713871,0.0,0.0
1785764757875454861,854226629135,cmd_vel,0.0,0.0,,,,,,,,
1785764757925050120,854276224605,cmd_vel,0.0,0.0,,,,,,,,
1785764757964032778,854315206526,/epuck1/state,,,,7,6198,,,0.082938052713871,0.0,0.0
1785764757974413684,854325587536,cmd_vel,0.0,0.0,,,,,,,,
1785764758025217155,854376391218,cmd_vel,0.0,0.0,,,,,,,,
1785764758074553745,854425727492,cmd_vel,0.0,0.0,,,,,,,,
1785764758083056744,854434230386,/epuck1/state,,,,7,6199,,,0.082938052713871,0.0,0.0
1785764758124693738,854475868328,cmd_vel,0.0,0.0,,,,,,,,
1785764758174881987,854526056683,cmd_vel,0.0,0.0,,,,,,,,
1785764758202565069,854553739764,/epuck1/state,,,,7,6200,,,0.082938052713871,0.0,0.0
1785764758225627402,854576801676,cmd_vel,0.0,0.0,,,,,,,,
1785764758239624830,854590798472,/epuck_bridge/status,,,,,,True,7136,,,
1785764758275554243,854626728201,cmd_vel,0.0,0.0,,,,,,,,
1785764758302663511,854653837469,/epuck1/state,,,,7,6201,,,0.082938052713871,0.0,0.0
1785764758325274570,854676448528,cmd_vel,0.0,0.0,,,,,,,,
1785764758375094466,854726268424,cmd_vel,0.0,0.0,,,,,,,,
1785764758406101052,854757275220,/epuck1/state,,,,7,6202,,,0.082938052713871,0.0,0.0
1785764758425361738,854776536118,cmd_vel,0.0,0.0,,,,,,,,
1785764758476500478,854827674858,cmd_vel,0.0,0.0,,,,,,,,
1785764758523765819,854874940303,/epuck1/state,,,,7,6203,,,0.082938052713871,0.0,0.0
1785764758525012383,854876186235,cmd_vel,0.0,0.0,,,,,,,,
1785764758574448015,854925621868,cmd_vel,0.0,0.0,,,,,,,,
1785764758624455144,854975629945,cmd_vel,0.0,0.0,,,,,,,,
1785764758643125685,854994299327,/epuck1/state,,,,7,6204,,,0.082938052713871,0.0,0.0
1785764758675272733,855026446691,cmd_vel,0.0,0.0,,,,,,,,
1785764758725751683,855076925641,cmd_vel,0.0,0.0,,,,,,,,
1785764758762577640,855113751704,/epuck1/state,,,,7,6205,,,0.082938052713871,0.0,0.0
1785764758774442601,855125616559,cmd_vel,0.0,0.0,,,,,,,,
1785764758824534337,855175708400,cmd_vel,0.0,0.0,,,,,,,,
1785764758864306067,855215480236,/epuck1/state,,,,7,6206,,,0.082938052713871,0.0,0.0
1785764758874968822,855226142675,cmd_vel,0.0,0.0,,,,,,,,
1785764758924630461,855275804524,cmd_vel,0.0,0.0,,,,,,,,
1785764758975509689,855326684069,cmd_vel,0.0,0.0,,,,,,,,
1785764758984944213,855336118382,/epuck1/state,,,,7,6207,,,0.082938052713871,0.0,0.0
1785764759024847017,855376021396,cmd_vel,0.0,0.0,,,,,,,,
1785764759074837814,855426011772,cmd_vel,0.0,0.0,,,,,,,,
1785764759103689490,855454863448,/epuck1/state,,,,7,6208,,,0.082938052713871,0.0,0.0
1785764759124839358,855476014053,cmd_vel,0.0,0.0,,,,,,,,
1785764759174473496,855525647454,cmd_vel,0.0,0.0,,,,,,,,
1785764759223317298,855574490940,/epuck1/state,,,,7,6209,,,0.082938052713871,0.0,0.0
1785764759224476832,855575651000,cmd_vel,0.0,0.0,,,,,,,,
1785764759239596493,855590770346,/epuck_bridge/status,,,,,,True,7144,,,
1785764759275331404,855626505573,cmd_vel,0.0,0.0,,,,,,,,
1785764759323713605,855674888301,/epuck1/state,,,,7,6210,,,0.082938052713871,0.0,0.0
1785764759325543361,855676718267,cmd_vel,0.0,0.0,,,,,,,,
1785764759375930643,855727104917,cmd_vel,0.0,0.0,,,,,,,,
1785764759424659387,855775833661,cmd_vel,0.0,0.0,,,,,,,,
1785764759442748739,855793922381,/epuck1/state,,,,7,6211,,,0.082938052713871,0.0,0.0
1785764759474868604,855826042246,cmd_vel,0.0,0.0,,,,,,,,
1785764759524618854,855875793233,cmd_vel,0.0,0.0,,,,,,,,
1785764759562661979,855913836359,/epuck1/state,,,,7,6212,,,0.082938052713871,0.0,0.0
1785764759574827439,855926001397,cmd_vel,0.0,0.0,,,,,,,,
1785764759624729519,855975904320,cmd_vel,0.0,0.0,,,,,,,,
1785764759662635776,856013809839,/epuck1/state,,,,7,6213,,,0.082938052713871,0.0,0.0
1785764759676066027,856027240723,cmd_vel,0.0,0.0,,,,,,,,
1785764759725445606,856076619880,cmd_vel,0.0,0.0,,,,,,,,
1785764759775113778,856126288052,cmd_vel,0.0,0.0,,,,,,,,
1785764759782610337,856133784401,/epuck1/state,,,,7,6214,,,0.082938052713871,0.0,0.0
1785764759825873312,856177047270,cmd_vel,0.0,0.0,,,,,,,,
1785764759875961360,856227135212,cmd_vel,0.0,0.0,,,,,,,,
1785764759902955676,856254129634,/epuck1/state,,,,7,6215,,,0.082938052713871,0.0,0.0
1785764759925188793,856276362962,cmd_vel,0.0,0.0,,,,,,,,
1785764759974615575,856325789638,cmd_vel,0.0,0.0,,,,,,,,
1785764760002762049,856353935690,/epuck1/state,,,,7,6216,,,0.082938052713871,0.0,0.0
1785764760024495423,856375669697,cmd_vel,0.0,0.0,,,,,,,,
1785764760075072572,856426246951,cmd_vel,0.0,0.0,,,,,,,,
1785764760122844714,856474018883,/epuck1/state,,,,7,6217,,,0.082938052713871,0.0,0.0
1785764760124288836,856475462689,cmd_vel,0.0,0.0,,,,,,,,
1785764760174823312,856525997692,cmd_vel,0.0,0.0,,,,,,,,
1785764760223877948,856575052538,/epuck1/state,,,,7,6218,,,0.082938052713871,0.0,0.0
1785764760224617710,856575791457,cmd_vel,0.0,0.0,,,,,,,,
1785764760239843157,856591017326,/epuck_bridge/status,,,,,,True,7152,,,
1785764760276074545,856627249240,cmd_vel,0.0,0.0,,,,,,,,
1785764760323950049,856675124113,/epuck1/state,,,,7,6219,,,0.082938052713871,0.0,0.0
1785764760324835530,856676009594,cmd_vel,0.0,0.0,,,,,,,,
1785764760375351357,856726526369,cmd_vel,0.0,0.0,,,,,,,,
1785764760423484898,856774658856,/epuck1/state,,,,7,6220,,,0.082938052713871,0.0,0.0
1785764760424571836,856775745899,cmd_vel,0.0,0.0,,,,,,,,
1785764760475409234,856826583087,cmd_vel,0.0,0.0,,,,,,,,
1785764760524039989,856875214158,/epuck1/state,,,,7,6221,,,0.082938052713871,0.0,0.0
1785764760525250308,856876424372,cmd_vel,0.0,0.0,,,,,,,,
1785764760575948521,856927123005,cmd_vel,0.0,0.0,,,,,,,,
1785764760624637753,856975811922,cmd_vel,0.0,0.0,,,,,,,,
1785764760642760190,856993934043,/epuck1/state,,,,7,6222,,,0.082938052713871,0.0,0.0
1785764760675082986,857026256944,cmd_vel,0.0,0.0,,,,,,,,
1785764760725487653,857076661611,cmd_vel,0.0,0.0,,,,,,,,
1785764760742688258,857093862111,/epuck1/state,,,,7,6223,,,0.082938052713871,0.0,0.0
1785764760775368660,857126543356,cmd_vel,0.0,0.0,,,,,,,,
1785764760824759302,857175933577,cmd_vel,0.0,0.0,,,,,,,,
1785764760862920541,857214094604,/epuck1/state,,,,7,6224,,,0.082938052713871,0.0,0.0
1785764760874394495,857225568453,cmd_vel,0.0,0.0,,,,,,,,
1785764760924649124,857275823187,cmd_vel,0.0,0.0,,,,,,,,
1785764760975970671,857327144629,cmd_vel,0.0,0.0,,,,,,,,
1785764760983331732,857334505690,/epuck1/state,,,,7,6225,,,0.082938052713871,0.0,0.0
1785764761026085797,857377259755,cmd_vel,0.0,0.0,,,,,,,,
1785764761075682743,857426856911,cmd_vel,0.0,0.0,,,,,,,,
1785764761082728659,857433902723,/epuck1/state,,,,7,6226,,,0.082938052713871,0.0,0.0
1785764761124649610,857475823778,cmd_vel,0.0,0.0,,,,,,,,
1785764761175838925,857527013620,cmd_vel,0.0,0.0,,,,,,,,
1785764761183197141,857534371310,/epuck1/state,,,,7,6227,,,0.082938052713871,0.0,0.0
1785764761225358743,857576532701,cmd_vel,0.0,0.0,,,,,,,,
1785764761239602196,857590776365,/epuck_bridge/status,,,,,,True,7161,,,
1785764761275317615,857626491467,cmd_vel,0.0,0.0,,,,,,,,
1785764761302569757,857653743820,/epuck1/state,,,,7,6228,,,0.082938052713871,0.0,0.0
1785764761325338124,857676512082,cmd_vel,0.0,0.0,,,,,,,,
1785764761375736575,857726910955,cmd_vel,0.0,0.0,,,,,,,,
1785764761403639025,857754813405,/epuck1/state,,,,7,6229,,,0.082938052713871,0.0,0.0
1785764761425428348,857776602306,cmd_vel,0.0,0.0,,,,,,,,
1785764761475039834,857826213686,cmd_vel,0.0,0.0,,,,,,,,
1785764761523744871,857874919250,/epuck1/state,,,,7,6230,,,0.082938052713871,0.0,0.0
1785764761525102278,857876276131,cmd_vel,0.0,0.0,,,,,,,,
1785764761574812595,857925987291,cmd_vel,0.0,0.0,,,,,,,,
1785764761624794015,857975968078,cmd_vel,0.0,0.0,,,,,,,,
1785764761642609315,857993783378,/epuck1/state,,,,7,6231,,,0.082938052713871,0.0,0.0
1785764761675235770,858026409728,cmd_vel,0.0,0.0,,,,,,,,
1785764761725435715,858076609779,cmd_vel,0.0,0.0,,,,,,,,
1785764761762745189,858113919253,/epuck1/state,,,,7,6232,,,0.082938052713871,0.0,0.0
1785764761775093561,858126268046,cmd_vel,0.0,0.0,,,,,,,,
1785764761824576818,858175751092,cmd_vel,0.0,0.0,,,,,,,,
1785764761863504476,858214678750,/epuck1/state,,,,7,6233,,,0.082938052713871,0.0,0.0
1785764761874841457,858226015731,cmd_vel,0.0,0.0,,,,,,,,
1785764761924611937,858275786000,cmd_vel,0.0,0.0,,,,,,,,
1785764761974933050,858326106903,cmd_vel,0.0,0.0,,,,,,,,
1785764761982688806,858333863502,/epuck1/state,,,,7,6234,,,0.082938052713871,0.0,0.0
1785764762025289777,858376464051,cmd_vel,0.0,0.0,,,,,,,,
1785764762075368869,858426543775,cmd_vel,0.0,0.0,,,,,,,,
1785764762102543674,858453717632,/epuck1/state,,,,7,6235,,,0.082938052713871,0.0,0.0
1785764762125325212,858476500013,cmd_vel,0.0,0.0,,,,,,,,
1785764762175244256,858526419056,cmd_vel,0.0,0.0,,,,,,,,
1785764762202586379,858553760126,/epuck1/state,,,,7,6236,,,0.082938052713871,0.0,0.0
1785764762225433664,858576607938,cmd_vel,0.0,0.0,,,,,,,,
1785764762239518860,858590692501,/epuck_bridge/status,,,,,,True,7170,,,
1785764762275159048,858626333744,cmd_vel,0.0,0.0,,,,,,,,
1785764762304208599,858655382662,/epuck1/state,,,,7,6237,,,0.082938052713871,0.0,0.0
1785764762325771915,858676946189,cmd_vel,0.0,0.0,,,,,,,,
1785764762375105555,858726280251,cmd_vel,0.0,0.0,,,,,,,,
1785764762423125093,858774298945,/epuck1/state,,,,7,6238,,,0.082938052713871,0.0,0.0
1785764762424859177,858776033451,cmd_vel,0.0,0.0,,,,,,,,
1785764762474982628,858826156480,cmd_vel,0.0,0.0,,,,,,,,
1785764762525426807,858876600659,cmd_vel,0.0,0.0,,,,,,,,
1785764762543097231,858894270768,/epuck1/state,,,,7,6239,,,0.082938052713871,0.0,0.0
1785764762575344164,858926518228,cmd_vel,0.0,0.0,,,,,,,,
1785764762625828593,858977002551,cmd_vel,0.0,0.0,,,,,,,,
1785764762662957789,859014131641,/epuck1/state,,,,7,6240,,,0.082938052713871,0.0,0.0
1785764762675438392,859026613404,cmd_vel,0.0,0.0,,,,,,,,
1785764762724688479,859075862647,cmd_vel,0.0,0.0,,,,,,,,
1785764762775730916,859126905927,cmd_vel,0.0,0.0,,,,,,,,
1785764762783578654,859134752612,/epuck1/state,,,,7,6241,,,0.082938052713871,0.0,0.0
1785764762824526988,859175700946,cmd_vel,0.0,0.0,,,,,,,,
1785764762874983494,859226157558,cmd_vel,0.0,0.0,,,,,,,,
1785764762903566913,859254740977,/epuck1/state,,,,7,6242,,,0.082938052713871,0.0,0.0
1785764762925357290,859276531459,cmd_vel,0.0,0.0,,,,,,,,
1785764762976800322,859327974701,cmd_vel,0.0,0.0,,,,,,,,
1785764763023488582,859374662646,/epuck1/state,,,,7,6243,,,0.082938052713871,0.0,0.0
1785764763024657282,859375830924,cmd_vel,0.0,0.0,,,,,,,,
1785764763074689276,859425863234,cmd_vel,0.0,0.0,,,,,,,,
1785764763124763100,859475937480,cmd_vel,0.0,0.0,,,,,,,,
1785764763142565125,859493739293,/epuck1/state,,,,7,6244,,,0.082938052713871,0.0,0.0
1785764763175250373,859526424647,cmd_vel,0.0,0.0,,,,,,,,
1785764763225214513,859576388892,cmd_vel,0.0,0.0,,,,,,,,
1785764763239977411,859591151369,/epuck_bridge/status,,,,,,True,7179,,,
1785764763263394295,859614567937,/epuck1/state,,,,7,6245,,,0.082938052713871,0.0,0.0
1785764763275244084,859626418568,cmd_vel,0.0,0.0,,,,,,,,
1785764763325399881,859676573944,cmd_vel,0.0,0.0,,,,,,,,
1785764763375367392,859726541350,cmd_vel,0.0,0.0,,,,,,,,
1785764763382894718,859734068676,/epuck1/state,,,,7,6246,,,0.082938052713871,0.0,0.0
1785764763424588714,859775763304,cmd_vel,0.0,0.0,,,,,,,,
1785764763474886015,859826060184,cmd_vel,0.0,0.0,,,,,,,,
1785764763503273773,859854447836,/epuck1/state,,,,7,6247,,,0.082938052713871,0.0,0.0
1785764763524730443,859875904650,cmd_vel,0.0,0.0,,,,,,,,
1785764763574741385,859925915701,cmd_vel,0.0,0.0,,,,,,,,
1785764763603151336,859954325002,/epuck1/state,,,,7,6248,,,0.082938052713871,0.0,0.0
1785764763625925360,859977099351,cmd_vel,0.0,0.0,,,,,,,,
1785764763674400138,860025574128,cmd_vel,0.0,0.0,,,,,,,,
1785764763724906705,860076081562,/epuck1/state,,,,7,6249,,,0.082938052713871,0.0,0.0
1785764763725700137,860076874128,cmd_vel,0.0,0.0,,,,,,,,
1785764763775107772,860126281763,cmd_vel,0.0,0.0,,,,,,,,
1785764763824980807,860176154798,cmd_vel,0.0,0.0,,,,,,,,
1785764763842543895,860193717669,/epuck1/state,,,,7,6250,,,0.082938052713871,0.0,0.0
1785764763875439383,860226613482,cmd_vel,0.0,0.0,,,,,,,,
1785764763925901100,860277075199,cmd_vel,0.0,0.0,,,,,,,,
1785764763943101813,860294275587,/epuck1/state,,,,7,6251,,,0.082938052713871,0.0,0.0
1785764763975227268,860326401151,cmd_vel,0.0,0.0,,,,,,,,
1785764764025999252,860377173351,cmd_vel,0.0,0.0,,,,,,,,
1785764764062392710,860413566701,/epuck1/state,,,,7,6252,,,0.082938052713871,0.0,0.0
1785764764075913345,860427087660,cmd_vel,0.0,0.0,,,,,,,,
1785764764125068997,860476244071,cmd_vel,0.0,0.0,,,,,,,,
1785764764163731169,860514905593,/epuck1/state,,,,7,6253,,,0.082938052713871,0.0,0.0
1785764764174791123,860525965222,cmd_vel,0.0,0.0,,,,,,,,
1785764764225610773,860576784764,cmd_vel,0.0,0.0,,,,,,,,
1785764764239987890,860591162314,/epuck_bridge/status,,,,,,True,7187,,,
1785764764275199866,860626374074,cmd_vel,0.0,0.0,,,,,,,,
1785764764283057057,860634230831,/epuck1/state,,,,7,6254,,,0.082938052713871,0.0,0.0
1785764764325618575,860676792783,cmd_vel,0.0,0.0,,,,,,,,
1785764764375787359,860726961567,cmd_vel,0.0,0.0,,,,,,,,
1785764764383991650,860735165749,/epuck1/state,,,,7,6255,,,0.082938052713871,0.0,0.0
1785764764426129585,860777303576,cmd_vel,0.0,0.0,,,,,,,,
1785764764474999021,860826173012,cmd_vel,0.0,0.0,,,,,,,,
1785764764502494206,860853668088,/epuck1/state,,,,7,6256,,,0.082938052713871,0.0,0.0
1785764764525052864,860876227179,cmd_vel,0.0,0.0,,,,,,,,
1785764764576163063,860927337704,cmd_vel,0.0,0.0,,,,,,,,
1785764764603253516,860954427290,/epuck1/state,,,,7,6257,,,0.082938052713871,0.0,0.0
1785764764625175282,860976349164,cmd_vel,0.0,0.0,,,,,,,,
1785764764674959375,861026133257,cmd_vel,0.0,0.0,,,,,,,,
1785764764703654242,861054828125,/epuck1/state,,,,7,6258,,,0.082938052713871,0.0,0.0
1785764764724678143,861075852892,cmd_vel,0.0,0.0,,,,,,,,
1785764764775728976,861126902967,cmd_vel,0.0,0.0,,,,,,,,
1785764764823090414,861174264296,/epuck1/state,,,,7,6259,,,0.082938052713871,0.0,0.0
1785764764824560712,861175735028,cmd_vel,0.0,0.0,,,,,,,,
1785764764875327821,861226501920,cmd_vel,0.0,0.0,,,,,,,,
1785764764925753138,861276927129,cmd_vel,0.0,0.0,,,,,,,,
1785764764943656826,861294830491,/epuck1/state,,,,7,6260,,,0.082938052713871,0.0,0.0
1785764764974574582,861325748464,cmd_vel,0.0,0.0,,,,,,,,
1785764765024653233,861375827115,cmd_vel,0.0,0.0,,,,,,,,
1785764765064571204,861415744978,/epuck1/state,,,,7,6261,,,0.082938052713871,0.0,0.0
1785764765076100782,861427274990,cmd_vel,0.0,0.0,,,,,,,,
1785764765124671435,861475845317,cmd_vel,0.0,0.0,,,,,,,,
1785764765174753444,861525927543,cmd_vel,0.0,0.0,,,,,,,,
1785764765183835884,861535009875,/epuck1/state,,,,7,6262,,,0.082938052713871,0.0,0.0
1785764765224612287,861575786170,cmd_vel,0.0,0.0,,,,,,,,
1785764765240170561,861591344877,/epuck_bridge/status,,,,,,True,7195,,,
1785764765275103579,861626277462,cmd_vel,0.0,0.0,,,,,,,,
1785764765302589448,861653763222,/epuck1/state,,,,7,6263,,,0.082938052713871,0.0,0.0
1785764765326029829,861677204037,cmd_vel,0.0,0.0,,,,,,,,
1785764765375164681,861726338672,cmd_vel,0.0,0.0,,,,,,,,
1785764765403874282,861755048056,/epuck1/state,,,,7,6264,,,0.082938052713871,0.0,0.0
1785764765424661691,861775835682,cmd_vel,0.0,0.0,,,,,,,,
1785764765475510917,861826684907,cmd_vel,0.0,0.0,,,,,,,,
1785764765522507488,861873681370,/epuck1/state,,,,7,6265,,,0.082938052713871,0.0,0.0
1785764765524349911,861875524010,cmd_vel,0.0,0.0,,,,,,,,
1785764765575104561,861926278551,cmd_vel,0.0,0.0,,,,,,,,
1785764765624666896,861975841103,/epuck1/state,,,,7,6266,,,0.082938052713871,0.0,0.0
1785764765625284503,861976458711,cmd_vel,0.0,0.0,,,,,,,,
1785764765675582421,862026756411,cmd_vel,0.0,0.0,,,,,,,,
1785764765724574598,862075749022,/epuck1/state,,,,7,6267,,,0.082938052713871,0.0,0.0
1785764765725245181,862076419063,cmd_vel,0.0,0.0,,,,,,,,
1785764765775394681,862126568780,cmd_vel,0.0,0.0,,,,,,,,
1785764765824603850,862175777732,cmd_vel,0.0,0.0,,,,,,,,
1785764765842920937,862194095470,/epuck1/state,,,,7,6268,,,0.082938052713871,0.0,0.0
1785764765876883290,862228057714,cmd_vel,0.0,0.0,,,,,,,,
1785764765925598784,862276773208,cmd_vel,0.0,0.0,,,,,,,,
1785764765964396157,862315569931,/epuck1/state,,,,7,6269,,,0.082938052713871,0.0,0.0
1785764765975437152,862326612118,cmd_vel,0.0,0.0,,,,,,,,
1785764766025020937,862376195036,cmd_vel,0.0,0.0,,,,,,,,
1785764766075721096,862426895303,cmd_vel,0.0,0.0,,,,,,,,
1785764766082687788,862433862537,/epuck1/state,,,,7,6270,,,0.082938052713871,0.0,0.0
1785764766124756931,862475930922,cmd_vel,0.0,0.0,,,,,,,,
1785764766175911981,862527086188,cmd_vel,0.0,0.0,,,,,,,,
1785764766183198581,862534372680,/epuck1/state,,,,7,6271,,,0.082938052713871,0.0,0.0
1785764766225993124,862577167981,cmd_vel,0.0,0.0,,,,,,,,
1785764766239673875,862590847649,/epuck_bridge/status,,,,,,True,7203,,,
1785764766275475834,862626650041,cmd_vel,0.0,0.0,,,,,,,,
1785764766282783017,862633957333,/epuck1/state,,,,7,6272,,,0.082938052713871,0.0,0.0
1785764766325565968,862676740609,cmd_vel,0.0,0.0,,,,,,,,
1785764766375041528,862726215302,cmd_vel,0.0,0.0,,,,,,,,
1785764766402602580,862753776787,/epuck1/state,,,,7,6273,,,0.082938052713871,0.0,0.0
1785764766425831603,862777006027,cmd_vel,0.0,0.0,,,,,,,,
1785764766476223662,862827397761,cmd_vel,0.0,0.0,,,,,,,,
1785764766504945071,862856119386,/epuck1/state,,,,7,6274,,,0.082938052713871,0.0,0.0
1785764766525911338,862877085329,cmd_vel,0.0,0.0,,,,,,,,
1785764766574754883,862925928873,cmd_vel,0.0,0.0,,,,,,,,
1785764766622784086,862973958943,/epuck1/state,,,,7,6275,,,0.082938052713871,0.0,0.0
1785764766624878275,862976052591,cmd_vel,0.0,0.0,,,,,,,,
1785764766674637126,863025811550,cmd_vel,0.0,0.0,,,,,,,,
1785764766723645662,863074820086,/epuck1/state,,,,7,6276,,,0.082938052713871,0.0,0.0
1785764766724889111,863076063318,cmd_vel,0.0,0.0,,,,,,,,
1785764766776062794,863127237109,cmd_vel,0.0,0.0,,,,,,,,
1785764766826165386,863177339594,cmd_vel,0.0,0.0,,,,,,,,
1785764766843026692,863194200791,/epuck1/state,,,,7,6277,,,0.082938052713871,0.0,0.0
1785764766876278921,863227453453,cmd_vel,0.0,0.0,,,,,,,,
1785764766924816423,863275990847,cmd_vel,0.0,0.0,,,,,,,,
1785764766942893878,863294067977,/epuck1/state,,,,7,6278,,,0.082938052713871,0.0,0.0
1785764766974576791,863325751432,cmd_vel,0.0,0.0,,,,,,,,
1785764767024951409,863376125508,cmd_vel,0.0,0.0,,,,,,,,
1785764767063400706,863414574805,/epuck1/state,,,,7,6279,,,0.082938052713871,0.0,0.0
1785764767075269476,863426444008,cmd_vel,0.0,0.0,,,,,,,,
1785764767126542826,863477717141,cmd_vel,0.0,0.0,,,,,,,,
1785764767175400995,863526574985,cmd_vel,0.0,0.0,,,,,,,,
1785764767182669503,863533843277,/epuck1/state,,,,7,6280,,,0.082938052713871,0.0,0.0
1785764767225358312,863576533170,cmd_vel,0.0,0.0,,,,,,,,
1785764767239757421,863590931737,/epuck_bridge/status,,,,,,True,7211,,,
1785764767275598488,863626773237,cmd_vel,0.0,0.0,,,,,,,,
1785764767303540981,863654715297,/epuck1/state,,,,7,6281,,,0.082938052713871,0.0,0.0
1785764767326197355,863677371346,cmd_vel,0.0,0.0,,,,,,,,
1785764767375631315,863726805631,cmd_vel,0.0,0.0,,,,,,,,
1785764767423888668,863775062442,/epuck1/state,,,,7,6282,,,0.082938052713871,0.0,0.0
1785764767425085317,863776259308,cmd_vel,0.0,0.0,,,,,,,,
1785764767476959266,863828134232,cmd_vel,0.0,0.0,,,,,,,,
1785764767524105770,863875281061,/epuck1/state,,,,7,6283,,,0.082938052713871,0.0,0.0
1785764767524921953,863876095510,cmd_vel,0.0,0.0,,,,,,,,
1785764767575413136,863926587560,cmd_vel,0.0,0.0,,,,,,,,
1785764767624024197,863975197971,/epuck1/state,,,,7,6284,,,0.082938052713871,0.0,0.0
1785764767624432614,863975605846,cmd_vel,0.0,0.0,,,,,,,,
1785764767676960245,864028134452,cmd_vel,0.0,0.0,,,,,,,,
1785764767725022273,864076196264,cmd_vel,0.0,0.0,,,,,,,,
1785764767742498695,864093672469,/epuck1/state,,,,7,6285,,,0.082938052713871,0.0,0.0
1785764767776121098,864127295956,cmd_vel,0.0,0.0,,,,,,,,
1785764767824385493,864175559484,cmd_vel,0.0,0.0,,,,,,,,
1785764767842556655,864193730538,/epuck1/state,,,,7,6286,,,0.082938052713871,0.0,0.0
1785764767876024142,864227198024,cmd_vel,0.0,0.0,,,,,,,,
1785764767925635444,864276809868,cmd_vel,0.0,0.0,,,,,,,,
1785764767943248148,864294421814,/epuck1/state,,,,7,6287,,,0.082938052713871,0.0,0.0
1785764767975108729,864326283153,cmd_vel,0.0,0.0,,,,,,,,
1785764768024825872,864375999754,cmd_vel,0.0,0.0,,,,,,,,
1785764768043359734,864394533291,/epuck1/state,,,,7,6288,,,0.082938052713871,0.0,0.0
1785764768074879064,864426053055,cmd_vel,0.0,0.0,,,,,,,,
1785764768125928273,864477102155,cmd_vel,0.0,0.0,,,,,,,,
1785764768163310596,864514484479,/epuck1/state,,,,7,6289,,,0.082938052713871,0.0,0.0
1785764768175252166,864526426482,cmd_vel,0.0,0.0,,,,,,,,
1785764768224512035,864575686025,cmd_vel,0.0,0.0,,,,,,,,
1785764768241470840,864592644506,/epuck_bridge/status,,,,,,True,7220,,,
1785764768263977823,864615151922,/epuck1/state,,,,7,6290,,,0.082938052713871,0.0,0.0
1785764768274800527,864625974518,cmd_vel,0.0,0.0,,,,,,,,
1785764768326565276,864677739267,cmd_vel,0.0,0.0,,,,,,,,
1785764768374697071,864725871495,cmd_vel,0.0,0.0,,,,,,,,
1785764768383781136,864734955451,/epuck1/state,,,,7,6291,,,0.082938052713871,0.0,0.0
1785764768424616039,864775790138,cmd_vel,0.0,0.0,,,,,,,,
1785764768474650490,864825824697,cmd_vel,0.0,0.0,,,,,,,,
1785764768503477415,864854652489,/epuck1/state,,,,7,6292,,,0.082938052713871,0.0,0.0
1785764768524686674,864875860773,cmd_vel,0.0,0.0,,,,,,,,
1785764768574607917,864925781908,cmd_vel,0.0,0.0,,,,,,,,
1785764768603700800,864954874899,/epuck1/state,,,,7,6293,,,0.082938052713871,0.0,0.0
1785764768626858107,864978033181,cmd_vel,0.0,0.0,,,,,,,,
1785764768675115460,865026289343,cmd_vel,0.0,0.0,,,,,,,,
1785764768724126271,865075300695,/epuck1/state,,,,7,6294,,,0.082938052713871,0.0,0.0
1785764768726060885,865077234984,cmd_vel,0.0,0.0,,,,,,,,
1785764768776409069,865127583277,cmd_vel,0.0,0.0,,,,,,,,
1785764768824565672,865175739446,cmd_vel,0.0,0.0,,,,,,,,
1785764768843154893,865194328450,/epuck1/state,,,,7,6295,,,0.082938052713871,0.0,0.0
1785764768875615856,865226790063,cmd_vel,0.0,0.0,,,,,,,,
1785764768926962872,865278137729,cmd_vel,0.0,0.0,,,,,,,,
1785764768943028795,865294202786,/epuck1/state,,,,7,6296,,,0.082938052713871,0.0,0.0
1785764768975614016,865326788115,cmd_vel,0.0,0.0,,,,,,,,
1785764769024766310,865375940409,cmd_vel,0.0,0.0,,,,,,,,
1785764769062582725,865413756932,/epuck1/state,,,,7,6297,,,0.082938052713871,0.0,0.0
1785764769074899236,865426073118,cmd_vel,0.0,0.0,,,,,,,,
1785764769124802387,865475976594,cmd_vel,0.0,0.0,,,,,,,,
1785764769163087235,865514261659,/epuck1/state,,,,7,6298,,,0.082938052713871,0.0,0.0
1785764769176185153,865527360010,cmd_vel,0.0,0.0,,,,,,,,
1785764769224661556,865575835546,cmd_vel,0.0,0.0,,,,,,,,
1785764769239709364,865590883246,/epuck_bridge/status,,,,,,True,7228,,,
1785764769276241922,865627416021,cmd_vel,0.0,0.0,,,,,,,,
1785764769282665864,865633839855,/epuck1/state,,,,7,6299,,,0.082938052713871,0.0,0.0
1785764769325048957,865676223598,cmd_vel,0.0,0.0,,,,,,,,
1785764769375563866,865726738507,cmd_vel,0.0,0.0,,,,,,,,
1785764769382711583,865733885682,/epuck1/state,,,,7,6300,,,0.082938052713871,0.0,0.0
1785764769424691785,865775865884,cmd_vel,0.0,0.0,,,,,,,,
1785764769476667350,865827841666,cmd_vel,0.0,0.0,,,,,,,,
1785764769504025927,865855199810,/epuck1/state,,,,7,6301,,,0.082938052713871,0.0,0.0
1785764769525023503,865876197494,cmd_vel,0.0,0.0,,,,,,,,
1785764769574974213,865926148420,cmd_vel,0.0,0.0,,,,,,,,
1785764769622557842,865973731941,/epuck1/state,,,,7,6302,,,0.082938052713871,0.0,0.0
1785764769624382498,865975556380,cmd_vel,0.0,0.0,,,,,,,,
1785764769674828398,866026002281,cmd_vel,0.0,0.0,,,,,,,,
1785764769724204942,866075378716,/epuck1/state,,,,7,6303,,,0.082938052713871,0.0,0.0
1785764769725151774,866076325548,cmd_vel,0.0,0.0,,,,,,,,
1785764769775609916,866126784124,cmd_vel,0.0,0.0,,,,,,,,
1785764769823981669,866175155985,/epuck1/state,,,,7,6304,,,0.082938052713871,0.0,0.0
1785764769824852885,866176027309,cmd_vel,0.0,0.0,,,,,,,,
1785764769875991035,866227165567,cmd_vel,0.0,0.0,,,,,,,,
1785764769924678037,866275852570,cmd_vel,0.0,0.0,,,,,,,,
1785764769942835008,866294009216,/epuck1/state,,,,7,6305,,,0.082938052713871,0.0,0.0
1785764769974812155,866325986254,cmd_vel,0.0,0.0,,,,,,,,
1785764770026629337,866377803328,cmd_vel,0.0,0.0,,,,,,,,
1785764770063045979,866414220078,/epuck1/state,,,,7,6306,,,0.082938052713871,0.0,0.0
1785764770075072915,866426247231,cmd_vel,0.0,0.0,,,,,,,,
1785764770124992425,866476166307,cmd_vel,0.0,0.0,,,,,,,,
1785764770176284841,866527459156,cmd_vel,0.0,0.0,,,,,,,,
1785764770183582274,866534757023,/epuck1/state,,,,7,6307,,,0.082938052713871,0.0,0.0
1785764770224558444,866575733085,cmd_vel,0.0,0.0,,,,,,,,
1785764770239717401,866590891175,/epuck_bridge/status,,,,,,True,7235,,,
1785764770275255136,866626429018,cmd_vel,0.0,0.0,,,,,,,,
1785764770302725729,866653899720,/epuck1/state,,,,7,6308,,,0.082938052713871,0.0,0.0
1785764770325810453,866676985202,cmd_vel,0.0,0.0,,,,,,,,
1785764770375607871,866726781862,cmd_vel,0.0,0.0,,,,,,,,
1785764770424672956,866775846839,/epuck1/state,,,,7,6309,,,0.082938052713871,0.0,0.0
1785764770425061439,866776234780,cmd_vel,0.0,0.0,,,,,,,,
1785764770474918765,866826093623,cmd_vel,0.0,0.0,,,,,,,,
1785764770525725416,866876900056,cmd_vel,0.0,0.0,,,,,,,,
1785764770542754421,866893928520,/epuck1/state,,,,7,6310,,,0.082938052713871,0.0,0.0
1785764770575101417,866926275300,cmd_vel,0.0,0.0,,,,,,,,
1785764770624784219,866975958209,cmd_vel,0.0,0.0,,,,,,,,
1785764770643498131,866994672013,/epuck1/state,,,,7,6311,,,0.082938052713871,0.0,0.0
1785764770674481645,867025655961,cmd_vel,0.0,0.0,,,,,,,,
1785764770725136304,867076311378,cmd_vel,0.0,0.0,,,,,,,,
1785764770744102632,867095277056,/epuck1/state,,,,7,6312,,,0.082938052713871,0.0,0.0
1785764770774472439,867125646430,cmd_vel,0.0,0.0,,,,,,,,
1785764770824600382,867175774264,cmd_vel,0.0,0.0,,,,,,,,
1785764770864035078,867215209069,/epuck1/state,,,,7,6313,,,0.082938052713871,0.0,0.0
1785764770875456973,867226631939,cmd_vel,0.0,0.0,,,,,,,,
1785764770924563659,867275737649,cmd_vel,0.0,0.0,,,,,,,,
1785764770974986593,867326161558,cmd_vel,0.0,0.0,,,,,,,,
1785764770983462691,867334636682,/epuck1/state,,,,7,6314,,,0.082938052713871,0.0,0.0
1785764771027168425,867378342524,cmd_vel,0.0,0.0,,,,,,,,
1785764771074951170,867426125486,cmd_vel,0.0,0.0,,,,,,,,
1785764771102464772,867453638762,/epuck1/state,,,,7,6315,,,0.082938052713871,0.0,0.0
1785764771126169486,867477343152,cmd_vel,0.0,0.0,,,,,,,,
1785764771174970130,867526144446,cmd_vel,0.0,0.0,,,,,,,,
1785764771222905625,867574079508,/epuck1/state,,,,7,6316,,,0.082938052713871,0.0,0.0
1785764771224541782,867575715773,cmd_vel,0.0,0.0,,,,,,,,
1785764771241125105,867592298770,/epuck_bridge/status,,,,,,True,7245,,,
1785764771275801806,867626975797,cmd_vel,0.0,0.0,,,,,,,,
1785764771325509850,867676684599,cmd_vel,0.0,0.0,,,,,,,,
1785764771342761046,867693936229,/epuck1/state,,,,7,6317,,,0.082938052713871,0.0,0.0
1785764771375387434,867726561858,cmd_vel,0.0,0.0,,,,,,,,
1785764771425814701,867776989125,cmd_vel,0.0,0.0,,,,,,,,
1785764771443275631,867794449622,/epuck1/state,,,,7,6318,,,0.082938052713871,0.0,0.0
1785764771474737870,867825912511,cmd_vel,0.0,0.0,,,,,,,,
1785764771525819903,867876994002,cmd_vel,0.0,0.0,,,,,,,,
1785764771563040725,867914214918,/epuck1/state,,,,7,6319,,,0.082938052713871,0.0,0.0
1785764771574916153,867926090239,cmd_vel,0.0,0.0,,,,,,,,
1785764771624846824,867976021123,cmd_vel,0.0,0.0,,,,,,,,
1785764771674566765,868025740850,cmd_vel,0.0,0.0,,,,,,,,
1785764771682502010,868033676095,/epuck1/state,,,,7,6320,,,0.082938052713871,0.0,0.0
1785764771724806133,868075980325,cmd_vel,0.0,0.0,,,,,,,,
1785764771776118439,868127292417,cmd_vel,0.0,0.0,,,,,,,,
1785764771802616276,868153789933,/epuck1/state,,,,7,6321,,,0.082938052713871,0.0,0.0
1785764771825369439,868176543738,cmd_vel,0.0,0.0,,,,,,,,
1785764771875156586,868226330778,cmd_vel,0.0,0.0,,,,,,,,
1785764771902903148,868254076911,/epuck1/state,,,,7,6322,,,0.082938052713871,0.0,0.0
1785764771925140849,868276315363,cmd_vel,0.0,0.0,,,,,,,,
1785764771976243284,868327418656,cmd_vel,0.0,0.0,,,,,,,,
1785764772002908011,868354082203,/epuck1/state,,,,7,6323,,,0.082938052713871,0.0,0.0
1785764772025812735,868376987142,cmd_vel,0.0,0.0,,,,,,,,
1785764772075136729,868426311243,cmd_vel,0.0,0.0,,,,,,,,
1785764772122700503,868473875017,/epuck1/state,,,,7,6324,,,0.082938052713871,0.0,0.0
1785764772125192915,868476367858,cmd_vel,0.0,0.0,,,,,,,,
1785764772175495416,868526669179,cmd_vel,0.0,0.0,,,,,,,,
1785764772224310165,868575484036,/epuck1/state,,,,7,6325,,,0.082938052713871,0.0,0.0
1785764772224709328,868575882556,cmd_vel,0.0,0.0,,,,,,,,
1785764772239642364,868590816021,/epuck_bridge/status,,,,,,True,7253,,,
1785764772275972436,868627146414,cmd_vel,0.0,0.0,,,,,,,,
1785764772324646557,868675820642,cmd_vel,0.0,0.0,,,,,,,,
1785764772342777293,868693952343,/epuck1/state,,,,7,6326,,,0.082938052713871,0.0,0.0
1785764772375437936,868726612236,cmd_vel,0.0,0.0,,,,,,,,
1785764772425058408,868776232601,cmd_vel,0.0,0.0,,,,,,,,
1785764772465192429,868816366407,/epuck1/state,,,,7,6327,,,0.082938052713871,0.0,0.0
1785764772475385026,868826559326,cmd_vel,0.0,0.0,,,,,,,,
1785764772525385903,868876561811,cmd_vel,0.0,0.0,,,,,,,,
1785764772575199633,868926373611,cmd_vel,0.0,0.0,,,,,,,,
1785764772582824680,868933998336,/epuck1/state,,,,7,6328,,,0.082938052713871,0.0,0.0
1785764772625412740,868976587040,cmd_vel,0.0,0.0,,,,,,,,
1785764772676974363,869028149199,cmd_vel,0.0,0.0,,,,,,,,
1785764772703005616,869054179380,/epuck1/state,,,,7,6329,,,0.082938052713871,0.0,0.0
1785764772724843404,869076017597,cmd_vel,0.0,0.0,,,,,,,,
1785764772775731895,869126905980,cmd_vel,0.0,0.0,,,,,,,,
1785764772803966692,869155141206,/epuck1/state,,,,7,6330,,,0.082938052713871,0.0,0.0
1785764772824969925,869176144760,cmd_vel,0.0,0.0,,,,,,,,
1785764772875645221,869226819306,cmd_vel,0.0,0.0,,,,,,,,
1785764772924710144,869275883908,/epuck1/state,,,,7,6331,,,0.082938052713871,0.0,0.0
1785764772925214243,869276388007,cmd_vel,0.0,0.0,,,,,,,,
1785764772975448787,869326622765,cmd_vel,0.0,0.0,,,,,,,,
1785764773024555085,869375729063,cmd_vel,0.0,0.0,,,,,,,,
1785764773042745846,869393919824,/epuck1/state,,,,7,6332,,,0.082938052713871,0.0,0.0
1785764773075859245,869427033974,cmd_vel,0.0,0.0,,,,,,,,
1785764773124571310,869475745824,cmd_vel,0.0,0.0,,,,,,,,
1785764773163318228,869514492099,/epuck1/state,,,,7,6333,,,0.082938052713871,0.0,0.0
1785764773176319545,869527493737,cmd_vel,0.0,0.0,,,,,,,,
1785764773225563791,869576738305,cmd_vel,0.0,0.0,,,,,,,,
1785764773239690783,869590864440,/epuck_bridge/status,,,,,,True,7262,,,
1785764773275340434,869626514305,cmd_vel,0.0,0.0,,,,,,,,
1785764773282532554,869633706532,/epuck1/state,,,,7,6334,,,0.082938052713871,0.0,0.0
1785764773324778260,869675952345,cmd_vel,0.0,0.0,,,,,,,,
1785764773374451789,869725625767,cmd_vel,0.0,0.0,,,,,,,,
1785764773382793058,869733966929,/epuck1/state,,,,7,6335,,,0.082938052713871,0.0,0.0
1785764773425964321,869777138299,cmd_vel,0.0,0.0,,,,,,,,
1785764773476041515,869827215708,cmd_vel,0.0,0.0,,,,,,,,
1785764773504130753,869855305052,/epuck1/state,,,,7,6336,,,0.082938052713871,0.0,0.0
1785764773524804601,869875979008,cmd_vel,0.0,0.0,,,,,,,,
1785764773574867432,869926041303,cmd_vel,0.0,0.0,,,,,,,,
1785764773624146193,869975320600,/epuck1/state,,,,7,6337,,,0.082938052713871,0.0,0.0
1785764773625038522,869976212179,cmd_vel,0.0,0.0,,,,,,,,
1785764773675172633,870026346718,cmd_vel,0.0,0.0,,,,,,,,
1785764773727422287,870078596586,cmd_vel,0.0,0.0,,,,,,,,
1785764773742573340,870093748390,/epuck1/state,,,,7,6338,,,0.082938052713871,0.0,0.0
1785764773774889700,870126063892,cmd_vel,0.0,0.0,,,,,,,,
1785764773825389853,870176563831,cmd_vel,0.0,0.0,,,,,,,,
1785764773863245620,870214419277,/epuck1/state,,,,7,6339,,,0.082938052713871,0.0,0.0
1785764773875205404,870226379597,cmd_vel,0.0,0.0,,,,,,,,
1785764773924597247,870275771547,cmd_vel,0.0,0.0,,,,,,,,
1785764773974429413,870325603819,cmd_vel,0.0,0.0,,,,,,,,
1785764773983290751,870334464300,/epuck1/state,,,,7,6340,,,0.082938052713871,0.0,0.0
1785764774024648094,870375822179,cmd_vel,0.0,0.0,,,,,,,,
1785764774075181582,870426355988,cmd_vel,0.0,0.0,,,,,,,,
1785764774083572799,870434746670,/epuck1/state,,,,7,6341,,,0.082938052713871,0.0,0.0
1785764774124656708,870475830686,cmd_vel,0.0,0.0,,,,,,,,
1785764774175121811,870526296218,cmd_vel,0.0,0.0,,,,,,,,
1785764774203385656,870554559420,/epuck1/state,,,,7,6342,,,0.082938052713871,0.0,0.0
1785764774225751017,870576925317,cmd_vel,0.0,0.0,,,,,,,,
1785764774239911023,870591084893,/epuck_bridge/status,,,,,,True,7271,,,
1785764774275462705,870626637755,cmd_vel,0.0,0.0,,,,,,,,
1785764774323565735,870674739927,/epuck1/state,,,,7,6343,,,0.082938052713871,0.0,0.0
1785764774325180181,870676354052,cmd_vel,0.0,0.0,,,,,,,,
1785764774374950821,870726124692,cmd_vel,0.0,0.0,,,,,,,,
1785764774426572040,870777747197,cmd_vel,0.0,0.0,,,,,,,,
1785764774442557756,870793731734,/epuck1/state,,,,7,6344,,,0.082938052713871,0.0,0.0
1785764774476000755,870827174733,cmd_vel,0.0,0.0,,,,,,,,
1785764774524959992,870876134292,cmd_vel,0.0,0.0,,,,,,,,
1785764774567182974,870918356845,/epuck1/state,,,,7,6345,,,0.082938052713871,0.0,0.0
1785764774575133333,870926307633,cmd_vel,0.0,0.0,,,,,,,,
1785764774625825993,870976999757,cmd_vel,0.0,0.0,,,,,,,,
1785764774675630076,871026803947,cmd_vel,0.0,0.0,,,,,,,,
1785764774682769031,871033943224,/epuck1/state,,,,7,6346,,,0.082938052713871,0.0,0.0
1785764774725906316,871077080294,cmd_vel,0.0,0.0,,,,,,,,
1785764774775955428,871127130049,cmd_vel,0.0,0.0,,,,,,,,
1785764774783079913,871134253891,/epuck1/state,,,,7,6347,,,0.082938052713871,0.0,0.0
1785764774824633407,871175807814,cmd_vel,0.0,0.0,,,,,,,,
1785764774875137204,871226311290,cmd_vel,0.0,0.0,,,,,,,,
1785764774903145731,871254319709,/epuck1/state,,,,7,6348,,,0.082938052713871,0.0,0.0
1785764774925421698,871276595783,cmd_vel,0.0,0.0,,,,,,,,
1785764774976677624,871327851924,cmd_vel,0.0,0.0,,,,,,,,
1785764775003636364,871354811092,/epuck1/state,,,,7,6349,,,0.082938052713871,0.0,0.0
1785764775024750749,871375924834,cmd_vel,0.0,0.0,,,,,,,,
1785764775075743854,871426917725,cmd_vel,0.0,0.0,,,,,,,,
1785764775124255801,871475430422,/epuck1/state,,,,7,6350,,,0.082938052713871,0.0,0.0
1785764775124745323,871475918872,cmd_vel,0.0,0.0,,,,,,,,
1785764775175162620,871526337349,cmd_vel,0.0,0.0,,,,,,,,
1785764775223681856,871574855941,/epuck1/state,,,,7,6351,,,0.082938052713871,0.0,0.0
1785764775224637640,871575810760,cmd_vel,0.0,0.0,,,,,,,,
1785764775239726418,871590900182,/epuck_bridge/status,,,,,,True,7280,,,
1785764775275633746,871626807938,cmd_vel,0.0,0.0,,,,,,,,
1785764775324862129,871676036000,cmd_vel,0.0,0.0,,,,,,,,
1785764775343338864,871694512842,/epuck1/state,,,,7,6352,,,0.082938052713871,0.0,0.0
1785764775375745581,871726919560,cmd_vel,0.0,0.0,,,,,,,,
1785764775424683060,871775857038,cmd_vel,0.0,0.0,,,,,,,,
1785764775463531162,871814705783,/epuck1/state,,,,7,6353,,,0.082938052713871,0.0,0.0
1785764775476821133,871827995218,cmd_vel,0.0,0.0,,,,,,,,
1785764775524669058,871875843251,cmd_vel,0.0,0.0,,,,,,,,
1785764775565334725,871916508596,/epuck1/state,,,,7,6354,,,0.082938052713871,0.0,0.0
1785764775574786126,871925960104,cmd_vel,0.0,0.0,,,,,,,,
1785764775625779874,871976953852,cmd_vel,0.0,0.0,,,,,,,,
1785764775664098581,872015272237,/epuck1/state,,,,7,6355,,,0.082938052713871,0.0,0.0
1785764775675824376,872026998783,cmd_vel,0.0,0.0,,,,,,,,
1785764775726290230,872077464851,cmd_vel,0.0,0.0,,,,,,,,
1785764775775520328,872126694949,cmd_vel,0.0,0.0,,,,,,,,
1785764775782487141,872133661012,/epuck1/state,,,,7,6356,,,0.082938052713871,0.0,0.0
1785764775824667677,872175842727,cmd_vel,0.0,0.0,,,,,,,,
1785764775875674931,872226849230,cmd_vel,0.0,0.0,,,,,,,,
1785764775902631205,872253805398,/epuck1/state,,,,7,6357,,,0.082938052713871,0.0,0.0
1785764775925882035,872277056014,cmd_vel,0.0,0.0,,,,,,,,
1785764775975510654,872326684846,cmd_vel,0.0,0.0,,,,,,,,
1785764776003212733,872354387461,/epuck1/state,,,,7,6358,,,0.082938052713871,0.0,0.0
1785764776026111776,872377286183,cmd_vel,0.0,0.0,,,,,,,,
1785764776075065976,872426240597,cmd_vel,0.0,0.0,,,,,,,,
1785764776103293484,872454467570,/epuck1/state,,,,7,6359,,,0.082938052713871,0.0,0.0
1785764776124631568,872475805439,cmd_vel,0.0,0.0,,,,,,,,
1785764776175288107,872526462621,cmd_vel,0.0,0.0,,,,,,,,
1785764776224656047,872575830454,/epuck1/state,,,,7,6360,,,0.082938052713871,0.0,0.0
1785764776225844747,872577018832,cmd_vel,0.0,0.0,,,,,,,,
1785764776239825536,872590999407,/epuck_bridge/status,,,,,,True,7289,,,
1785764776274868082,872626042060,cmd_vel,0.0,0.0,,,,,,,,
1785764776324919444,872676093315,cmd_vel,0.0,0.0,,,,,,,,
1785764776342556586,872693730993,/epuck1/state,,,,7,6361,,,0.082938052713871,0.0,0.0
1785764776375152059,872726326359,cmd_vel,0.0,0.0,,,,,,,,
1785764776425132036,872776305906,cmd_vel,0.0,0.0,,,,,,,,
1785764776462615865,872813789736,/epuck1/state,,,,7,6362,,,0.082938052713871,0.0,0.0
1785764776476034567,872827208438,cmd_vel,0.0,0.0,,,,,,,,
1785764776526249175,872877423260,cmd_vel,0.0,0.0,,,,,,,,
1785764776562624909,872913798565,/epuck1/state,,,,7,6363,,,0.082938052713871,0.0,0.0
1785764776574966814,872926141113,cmd_vel,0.0,0.0,,,,,,,,
1785764776625708994,872976882972,cmd_vel,0.0,0.0,,,,,,,,
1785764776675572351,873026747294,cmd_vel,0.0,0.0,,,,,,,,
1785764776682843789,873034017553,/epuck1/state,,,,7,6364,,,0.082938052713871,0.0,0.0
1785764776726465558,873077639750,cmd_vel,0.0,0.0,,,,,,,,
1785764776776465578,873127639556,cmd_vel,0.0,0.0,,,,,,,,
1785764776782980814,873134154792,/epuck1/state,,,,7,6365,,,0.082938052713871,0.0,0.0
1785764776825035084,873176209062,cmd_vel,0.0,0.0,,,,,,,,
1785764776875034568,873226208761,cmd_vel,0.0,0.0,,,,,,,,
1785764776903739593,873254913572,/epuck1/state,,,,7,6366,,,0.082938052713871,0.0,0.0
1785764776925699039,873276873017,cmd_vel,0.0,0.0,,,,,,,,
1785764776975060333,873326234311,cmd_vel,0.0,0.0,,,,,,,,
1785764777024134367,873375308774,/epuck1/state,,,,7,6367,,,0.082938052713871,0.0,0.0
1785764777026695700,873377870000,cmd_vel,0.0,0.0,,,,,,,,
1785764777075016426,873426191583,cmd_vel,0.0,0.0,,,,,,,,
1785764777124737439,873475911525,cmd_vel,0.0,0.0,,,,,,,,
1785764777142762704,873493937004,/epuck1/state,,,,7,6368,,,0.082938052713871,0.0,0.0
1785764777175229125,873526402996,cmd_vel,0.0,0.0,,,,,,,,
1785764777225430334,873576604312,cmd_vel,0.0,0.0,,,,,,,,
1785764777240277085,873591450848,/epuck_bridge/status,,,,,,True,7298,,,
1785764777263275919,873614449683,/epuck1/state,,,,7,6369,,,0.082938052713871,0.0,0.0
1785764777276022989,873627197825,cmd_vel,0.0,0.0,,,,,,,,
1785764777325324474,873676498988,cmd_vel,0.0,0.0,,,,,,,,
1785764777363105854,873714280904,/epuck1/state,,,,7,6370,,,0.082938052713871,0.0,0.0
1785764777375383875,873726558175,cmd_vel,0.0,0.0,,,,,,,,
1785764777425675979,873776850493,cmd_vel,0.0,0.0,,,,,,,,
1785764777463310406,873814484277,/epuck1/state,,,,7,6371,,,0.082938052713871,0.0,0.0
1785764777475133098,873826307291,cmd_vel,0.0,0.0,,,,,,,,
1785764777524436941,873875610811,cmd_vel,0.0,0.0,,,,,,,,
1785764777575891698,873927065676,cmd_vel,0.0,0.0,,,,,,,,
1785764777582756041,873933929805,/epuck1/state,,,,7,6372,,,0.082938052713871,0.0,0.0
1785764777624562818,873975737117,cmd_vel,0.0,0.0,,,,,,,,
1785764777676473762,874027648490,cmd_vel,0.0,0.0,,,,,,,,
1785764777682848583,874034022776,/epuck1/state,,,,7,6373,,,0.082938052713871,0.0,0.0
1785764777725072316,874076246508,cmd_vel,0.0,0.0,,,,,,,,
1785764777775932724,874127106809,cmd_vel,0.0,0.0,,,,,,,,
1785764777803100477,874154274562,/epuck1/state,,,,7,6374,,,0.082938052713871,0.0,0.0
1785764777824649612,874175823590,cmd_vel,0.0,0.0,,,,,,,,
1785764777874987698,874226162320,cmd_vel,0.0,0.0,,,,,,,,
1785764777923086012,874274259776,/epuck1/state,,,,7,6375,,,0.082938052713871,0.0,0.0
1785764777924458859,874275633695,cmd_vel,0.0,0.0,,,,,,,,
1785764777976298846,874327473574,cmd_vel,0.0,0.0,,,,,,,,
1785764778024567158,874375741136,/epuck1/state,,,,7,6376,,,0.082938052713871,0.0,0.0
1785764778025143715,874376317050,cmd_vel,0.0,0.0,,,,,,,,
1785764778075031189,874426205060,cmd_vel,0.0,0.0,,,,,,,,
1785764778125344837,874476519887,cmd_vel,0.0,0.0,,,,,,,,
1785764778142627084,874493802134,/epuck1/state,,,,7,6377,,,0.082938052713871,0.0,0.0
1785764778175257071,874526431371,cmd_vel,0.0,0.0,,,,,,,,
1785764778224643233,874575817640,cmd_vel,0.0,0.0,,,,,,,,
1785764778239603601,874590777258,/epuck_bridge/status,,,,,,True,7306,,,
1785764778242635163,874593809033,/epuck1/state,,,,7,6378,,,0.082938052713871,0.0,0.0
1785764778275764104,874626938082,cmd_vel,0.0,0.0,,,,,,,,
1785764778325938088,874677112602,cmd_vel,0.0,0.0,,,,,,,,
1785764778364435368,874715609775,/epuck1/state,,,,7,6379,,,0.082938052713871,0.0,0.0
1785764778374706962,874725881369,cmd_vel,0.0,0.0,,,,,,,,
1785764778424690689,874775864989,cmd_vel,0.0,0.0,,,,,,,,
1785764778462950551,874814124636,/epuck1/state,,,,7,6380,,,0.082938052713871,0.0,0.0
1785764778475832569,874827006654,cmd_vel,0.0,0.0,,,,,,,,
1785764778525919303,874877093281,cmd_vel,0.0,0.0,,,,,,,,
1785764778574632333,874925806847,cmd_vel,0.0,0.0,,,,,,,,
1785764778582582584,874933756562,/epuck1/state,,,,7,6381,,,0.082938052713871,0.0,0.0
1785764778625864785,874977038870,cmd_vel,0.0,0.0,,,,,,,,
1785764778675963417,875027137716,cmd_vel,0.0,0.0,,,,,,,,
1785764778682954991,875034129183,/epuck1/state,,,,7,6382,,,0.082938052713871,0.0,0.0
1785764778725956791,875077131305,cmd_vel,0.0,0.0,,,,,,,,
1785764778775489370,875126663670,cmd_vel,0.0,0.0,,,,,,,,
1785764778782898436,875134072414,/epuck1/state,,,,7,6383,,,0.082938052713871,0.0,0.0
1785764778825892305,875177066283,cmd_vel,0.0,0.0,,,,,,,,
1785764778877522742,875228697792,cmd_vel,0.0,0.0,,,,,,,,
1785764778902600462,875253774333,/epuck1/state,,,,7,6384,,,0.082938052713871,0.0,0.0
1785764778924998193,875276172064,cmd_vel,0.0,0.0,,,,,,,,
1785764778975116976,875326291490,cmd_vel,0.0,0.0,,,,,,,,
1785764779003091962,877367228495,/epuck1/state,,,,7,6385,,,0.082938052713871,0.0,0.0
1785764779024920639,877389057172,cmd_vel,0.0,0.0,,,,,,,,
1785764779074812400,877438948827,cmd_vel,0.0,0.0,,,,,,,,
1785764779123259928,877487396569,/epuck1/state,,,,7,6386,,,0.082938052713871,0.0,0.0
1785764779124502651,877488638648,cmd_vel,0.0,0.0,,,,,,,,
1785764779175182878,877539319197,cmd_vel,0.0,0.0,,,,,,,,
1785764779223668135,877587804776,/epuck1/state,,,,7,6387,,,0.082938052713871,0.0,0.0
1785764779224983102,877589119957,cmd_vel,0.0,0.0,,,,,,,,
1785764779239727382,877603863379,/epuck_bridge/status,,,,,,True,7332,,,
1785764779275487542,877639624397,cmd_vel,0.0,0.0,,,,,,,,
1785764779325243498,877689379817,cmd_vel,0.0,0.0,,,,,,,,
1785764779342944309,877707080413,/epuck1/state,,,,7,6388,,,0.082938052713871,0.0,0.0
1785764779374982840,877739119481,cmd_vel,0.0,0.0,,,,,,,,
1785764779425629410,877789766694,cmd_vel,0.0,0.0,,,,,,,,
1785764779443636989,877807773844,/epuck1/state,,,,7,6389,,,0.082938052713871,0.0,0.0
1785764779474889306,877839025732,cmd_vel,0.0,0.0,,,,,,,,
1785764779524816653,877888953401,cmd_vel,0.0,0.0,,,,,,,,
1785764779563066788,877927202863,/epuck1/state,,,,7,6390,,,0.082938052713871,0.0,0.0
1785764779575344960,877939483112,cmd_vel,0.0,0.0,,,,,,,,
1785764779624872136,877989008418,cmd_vel,0.0,0.0,,,,,,,,
1785764779674893065,878039029451,cmd_vel,0.0,0.0,,,,,,,,
1785764779682459650,878046596037,/epuck1/state,,,,7,6391,,,0.082938052713871,0.0,0.0
1785764779725214214,878089350392,cmd_vel,0.0,0.0,,,,,,,,
1785764779775003589,878139139872,cmd_vel,0.0,0.0,,,,,,,,
1785764779782890548,878147026830,/epuck1/state,,,,7,6392,,,0.082938052713871,0.0,0.0
1785764779825367641,878189503820,cmd_vel,0.0,0.0,,,,,,,,
1785764779876343561,878240479948,cmd_vel,0.0,0.0,,,,,,,,
1785764779883158142,878247295256,/epuck1/state,,,,7,6393,,,0.082938052713871,0.0,0.0
1785764779924861624,878288997906,cmd_vel,0.0,0.0,,,,,,,,
1785764779975491511,878339628002,cmd_vel,0.0,0.0,,,,,,,,
1785764780003629615,878367766313,/epuck1/state,,,,7,6394,,,0.082938052713871,0.0,0.0
1785764780025465693,878389602807,cmd_vel,0.0,0.0,,,,,,,,
1785764780075172793,878439309076,cmd_vel,0.0,0.0,,,,,,,,
1785764780103065735,878467202017,/epuck1/state,,,,7,6395,,,0.082938052713871,0.0,0.0
1785764780125249196,878489385478,cmd_vel,0.0,0.0,,,,,,,,
1785764780175257035,878539393422,cmd_vel,0.0,0.0,,,,,,,,
1785764780224736010,878588873435,/epuck1/state,,,,7,6396,,,0.082938052713871,0.0,0.0
1785764780225480535,878589616922,cmd_vel,0.0,0.0,,,,,,,,
1785764780239610202,878603746485,/epuck_bridge/status,,,,,,True,7341,,,
1785764780275107750,878639244656,cmd_vel,0.0,0.0,,,,,,,,
1785764780323394570,878687530749,/epuck1/state,,,,7,6397,,,0.082938052713871,0.0,0.0
1785764780325903745,878690040340,cmd_vel,0.0,0.0,,,,,,,,
1785764780375211314,878739347701,cmd_vel,0.0,0.0,,,,,,,,
1785764780425055124,878789191406,cmd_vel,0.0,0.0,,,,,,,,
1785764780442615818,878806752413,/epuck1/state,,,,7,6398,,,0.082938052713871,0.0,0.0
1785764780475321423,878839457809,cmd_vel,0.0,0.0,,,,,,,,
1785764780525034548,878889171766,cmd_vel,0.0,0.0,,,,,,,,
1785764780542549950,878906686129,/epuck1/state,,,,7,6399,,,0.082938052713871,0.0,0.0
1785764780575271656,878939408874,cmd_vel,0.0,0.0,,,,,,,,
1785764780625377665,878989514675,cmd_vel,0.0,0.0,,,,,,,,
1785764780643044112,879007180187,/epuck1/state,,,,7,6400,,,0.082938052713871,0.0,0.0
1785764780674786519,879038923113,cmd_vel,0.0,0.0,,,,,,,,
1785764780724979062,879089115552,cmd_vel,0.0,0.0,,,,,,,,
1785764780742622551,879106758937,/epuck1/state,,,,7,6401,,,0.082938052713871,0.0,0.0
1785764780775451048,879139587954,cmd_vel,0.0,0.0,,,,,,,,
1785764780825119920,879189256618,cmd_vel,0.0,0.0,,,,,,,,
1785764780862682338,879226818828,/epuck1/state,,,,7,6402,,,0.082938052713871,0.0,0.0
1785764780874722618,879238859005,cmd_vel,0.0,0.0,,,,,,,,
1785764780924856364,879288992542,cmd_vel,0.0,0.0,,,,,,,,
1785764780975200263,879339336857,cmd_vel,0.0,0.0,,,,,,,,
1785764780982738696,879346875395,/epuck1/state,,,,7,6403,,,0.082938052713871,0.0,0.0
1785764781024538892,879388675591,cmd_vel,0.0,0.0,,,,,,,,
1785764781075005269,879439141552,cmd_vel,0.0,0.0,,,,,,,,
1785764781102773344,879466909522,/epuck1/state,,,,7,6404,,,0.082938052713871,0.0,0.0
1785764781124604851,879488741861,cmd_vel,0.0,0.0,,,,,,,,
1785764781175246997,879539383383,cmd_vel,0.0,0.0,,,,,,,,
1785764781203149391,879567285882,/epuck1/state,,,,7,6405,,,0.082938052713871,0.0,0.0
1785764781225373782,879589510169,cmd_vel,0.0,0.0,,,,,,,,
1785764781239894462,879604031161,/epuck_bridge/status,,,,,,True,7350,,,
1785764781275325421,879639462224,cmd_vel,0.0,0.0,,,,,,,,
1785764781303699961,879667836556,/epuck1/state,,,,7,6406,,,0.082938052713871,0.0,0.0
1785764781325562114,879689698605,cmd_vel,0.0,0.0,,,,,,,,
1785764781375070799,879739207497,cmd_vel,0.0,0.0,,,,,,,,
1785764781403236016,879767372195,/epuck1/state,,,,7,6407,,,0.082938052713871,0.0,0.0
1785764781426693075,879790829773,cmd_vel,0.0,0.0,,,,,,,,
1785764781474786051,879838922749,cmd_vel,0.0,0.0,,,,,,,,
1785764781503580068,879867716247,/epuck1/state,,,,7,6408,,,0.082938052713871,0.0,0.0
1785764781524798150,879888935471,cmd_vel,0.0,0.0,,,,,,,,
1785764781574941141,879939078047,cmd_vel,0.0,0.0,,,,,,,,
1785764781622689435,879986825510,/epuck1/state,,,,7,6409,,,0.082938052713871,0.0,0.0
1785764781624416479,879988552658,cmd_vel,0.0,0.0,,,,,,,,
1785764781674888362,880039024645,cmd_vel,0.0,0.0,,,,,,,,
1785764781724978580,880089115071,cmd_vel,0.0,0.0,,,,,,,,
1785764781742574803,880106711397,/epuck1/state,,,,7,6410,,,0.082938052713871,0.0,0.0
1785764781776192287,880140328466,cmd_vel,0.0,0.0,,,,,,,,
1785764781824892040,880189028426,cmd_vel,0.0,0.0,,,,,,,,
1785764781863185270,880227321865,/epuck1/state,,,,7,6411,,,0.082938052713871,0.0,0.0
1785764781874885752,880239022034,cmd_vel,0.0,0.0,,,,,,,,
1785764781925200356,880289337158,cmd_vel,0.0,0.0,,,,,,,,
1785764781964319140,880328455319,/epuck1/state,,,,7,6412,,,0.082938052713871,0.0,0.0
1785764781975192094,880339328792,cmd_vel,0.0,0.0,,,,,,,,
1785764782024915192,880389052202,cmd_vel,0.0,0.0,,,,,,,,
1785764782075205800,880439342706,cmd_vel,0.0,0.0,,,,,,,,
1785764782082703304,880446840417,/epuck1/state,,,,7,6413,,,0.082938052713871,0.0,0.0
1785764782125080255,880489216849,cmd_vel,0.0,0.0,,,,,,,,
1785764782174953151,880539089746,cmd_vel,0.0,0.0,,,,,,,,
1785764782202813266,880566949860,/epuck1/state,,,,7,6414,,,0.082938052713871,0.0,0.0
1785764782224815140,880588951319,cmd_vel,0.0,0.0,,,,,,,,
1785764782239811602,880603948197,/epuck_bridge/status,,,,,,True,7359,,,
1785764782275098269,880639234863,cmd_vel,0.0,0.0,,,,,,,,
1785764782303027672,880667164267,/epuck1/state,,,,7,6415,,,0.082938052713871,0.0,0.0
1785764782325037338,880689174348,cmd_vel,0.0,0.0,,,,,,,,
1785764782375572797,880739709495,cmd_vel,0.0,0.0,,,,,,,,
1785764782422591213,880786727288,/epuck1/state,,,,7,6416,,,0.082938052713871,0.0,0.0
1785764782424312233,880788448411,cmd_vel,0.0,0.0,,,,,,,,
1785764782475862726,880839999943,cmd_vel,0.0,0.0,,,,,,,,
1785764782523475557,880887612879,/epuck1/state,,,,7,6417,,,0.082938052713871,0.0,0.0
1785764782524896980,880889033886,cmd_vel,0.0,0.0,,,,,,,,
1785764782574910429,880939046920,cmd_vel,0.0,0.0,,,,,,,,
1785764782623350268,880987486759,/epuck1/state,,,,7,6418,,,0.082938052713871,0.0,0.0
1785764782625119178,880989255460,cmd_vel,0.0,0.0,,,,,,,,
1785764782675587632,881039724226,cmd_vel,0.0,0.0,,,,,,,,
1785764782725858087,881089994369,cmd_vel,0.0,0.0,,,,,,,,
1785764782742334249,881106470740,/epuck1/state,,,,7,6419,,,0.082938052713871,0.0,0.0
1785764782775744592,881139880978,cmd_vel,0.0,0.0,,,,,,,,
1785764782824862471,881188999169,cmd_vel,0.0,0.0,,,,,,,,
1785764782842624178,881206760669,/epuck1/state,,,,7,6420,,,0.082938052713871,0.0,0.0
1785764782875012214,881239149224,cmd_vel,0.0,0.0,,,,,,,,
1785764782925382292,881289518990,cmd_vel,0.0,0.0,,,,,,,,
1785764782943589862,881307725937,/epuck1/state,,,,7,6421,,,0.082938052713871,0.0,0.0
1785764782974708040,881338844323,cmd_vel,0.0,0.0,,,,,,,,
1785764783024715464,881388852267,cmd_vel,0.0,0.0,,,,,,,,
1785764783043462704,881407598675,/epuck1/state,,,,7,6422,,,0.082938052713871,0.0,0.0
1785764783074909773,881439046056,cmd_vel,0.0,0.0,,,,,,,,
1785764783125145323,881489281606,cmd_vel,0.0,0.0,,,,,,,,
1785764783162653618,881526789589,/epuck1/state,,,,7,6423,,,0.082938052713871,0.0,0.0
1785764783174847956,881538984447,cmd_vel,0.0,0.0,,,,,,,,
1785764783224556927,881588693937,cmd_vel,0.0,0.0,,,,,,,,
1785764783239579463,881603715434,/epuck_bridge/status,,,,,,True,7368,,,
1785764783275078465,881639214955,cmd_vel,0.0,0.0,,,,,,,,
1785764783282643596,881646779983,/epuck1/state,,,,7,6424,,,0.082938052713871,0.0,0.0
1785764783325465787,881689601966,cmd_vel,0.0,0.0,,,,,,,,
1785764783375217141,881739353424,cmd_vel,0.0,0.0,,,,,,,,
1785764783382840758,881746976937,/epuck1/state,,,,7,6425,,,0.082938052713871,0.0,0.0
1785764783425430357,881789566951,cmd_vel,0.0,0.0,,,,,,,,
1785764783476230819,881840367621,cmd_vel,0.0,0.0,,,,,,,,
1785764783502470472,881866606443,/epuck1/state,,,,7,6426,,,0.082938052713871,0.0,0.0
1785764783526145892,881890284252,cmd_vel,0.0,0.0,,,,,,,,
1785764783575383340,881939519830,cmd_vel,0.0,0.0,,,,,,,,
1785764783622352100,881986488175,/epuck1/state,,,,7,6427,,,0.082938052713871,0.0,0.0
1785764783624183859,881988320141,cmd_vel,0.0,0.0,,,,,,,,
1785764783674794528,882038931849,cmd_vel,0.0,0.0,,,,,,,,
1785764783723223667,882087359742,/epuck1/state,,,,7,6428,,,0.082938052713871,0.0,0.0
1785764783724798109,882088934287,cmd_vel,0.0,0.0,,,,,,,,
1785764783774942865,882139079356,cmd_vel,0.0,0.0,,,,,,,,
1785764783822809897,882186946076,/epuck1/state,,,,7,6429,,,0.082938052713871,0.0,0.0
1785764783824531955,882188668134,cmd_vel,0.0,0.0,,,,,,,,
1785764783874445470,882238581649,cmd_vel,0.0,0.0,,,,,,,,
1785764783924397940,882288534119,/epuck1/state,,,,7,6430,,,0.082938052713871,0.0,0.0
1785764783925915870,882290051945,cmd_vel,0.0,0.0,,,,,,,,
1785764783974767707,882338903989,cmd_vel,0.0,0.0,,,,,,,,
1785764784024022503,882388160136,/epuck1/state,,,,7,6431,,,0.082938052713871,0.0,0.0
1785764784025378687,882389514866,cmd_vel,0.0,0.0,,,,,,,,
1785764784074890801,882439026979,cmd_vel,0.0,0.0,,,,,,,,
1785764784126072408,882490208690,cmd_vel,0.0,0.0,,,,,,,,
1785764784142820846,882506957232,/epuck1/state,,,,7,6432,,,0.082938052713871,0.0,0.0
1785764784175003195,882539140516,cmd_vel,0.0,0.0,,,,,,,,
1785764784224851991,882588988897,cmd_vel,0.0,0.0,,,,,,,,
1785764784240253178,882604389253,/epuck_bridge/status,,,,,,True,7377,,,
1785764784263716678,882627852753,/epuck1/state,,,,7,6433,,,0.082938052713871,0.0,0.0
1785764784274796774,882638933576,cmd_vel,0.0,0.0,,,,,,,,
1785764784324493590,882688629872,cmd_vel,0.0,0.0,,,,,,,,
1785764784363503816,882727639891,/epuck1/state,,,,7,6434,,,0.082938052713871,0.0,0.0
1785764784374819414,882738955696,cmd_vel,0.0,0.0,,,,,,,,
1785764784424704464,882788840747,cmd_vel,0.0,0.0,,,,,,,,
1785764784474761025,882838897204,cmd_vel,0.0,0.0,,,,,,,,
1785764784482599263,882846735754,/epuck1/state,,,,7,6435,,,0.082938052713871,0.0,0.0
1785764784525087057,882889223339,cmd_vel,0.0,0.0,,,,,,,,
1785764784575246461,882939383367,cmd_vel,0.0,0.0,,,,,,,,
1785764784582561755,882946697830,/epuck1/state,,,,7,6436,,,0.082938052713871,0.0,0.0
1785764784624705178,882988841357,cmd_vel,0.0,0.0,,,,,,,,
1785764784674979477,883039116279,cmd_vel,0.0,0.0,,,,,,,,
1785764784703350692,883067486767,/epuck1/state,,,,7,6437,,,0.082938052713871,0.0,0.0
1785764784725428505,883089564788,cmd_vel,0.0,0.0,,,,,,,,
1785764784775314802,883139451085,cmd_vel,0.0,0.0,,,,,,,,
1785764784804002236,883168138415,/epuck1/state,,,,7,6438,,,0.082938052713871,0.0,0.0
1785764784825150925,883189287415,cmd_vel,0.0,0.0,,,,,,,,
1785764784875614185,883239750571,cmd_vel,0.0,0.0,,,,,,,,
1785764784903563118,883267699401,/epuck1/state,,,,7,6439,,,0.082938052713871,0.0,0.0
1785764784925041841,883289178332,cmd_vel,0.0,0.0,,,,,,,,
1785764784974710401,883338846892,cmd_vel,0.0,0.0,,,,,,,,
1785764785003542855,883367678826,/epuck1/state,,,,7,6440,,,0.082938052713871,0.0,0.0
1785764785026452246,883390588425,cmd_vel,0.0,0.0,,,,,,,,
1785764785075298057,883439434236,cmd_vel,0.0,0.0,,,,,,,,
1785764785123131327,883487267922,/epuck1/state,,,,7,6441,,,0.082938052713871,0.0,0.0
1785764785124846425,883488982916,cmd_vel,0.0,0.0,,,,,,,,
1785764785175311244,883539447838,cmd_vel,0.0,0.0,,,,,,,,
1785764785225330926,883589467209,cmd_vel,0.0,0.0,,,,,,,,
1785764785239578084,883603713952,/epuck_bridge/status,,,,,,True,7385,,,
1785764785242746186,883606882780,/epuck1/state,,,,7,6442,,,0.082938052713871,0.0,0.0
1785764785274654493,883638790879,cmd_vel,0.0,0.0,,,,,,,,
1785764785324562606,883688698784,cmd_vel,0.0,0.0,,,,,,,,
1785764785363001999,883727138905,/epuck1/state,,,,7,6443,,,0.082938052713871,0.0,0.0
1785764785374711102,883738847489,cmd_vel,0.0,0.0,,,,,,,,
1785764785424535486,883788671768,cmd_vel,0.0,0.0,,,,,,,,
1785764785475111874,883839248572,cmd_vel,0.0,0.0,,,,,,,,
1785764785482671707,883846808613,/epuck1/state,,,,7,6444,,,0.082938052713871,0.0,0.0
1785764785525158981,883889295264,cmd_vel,0.0,0.0,,,,,,,,
1785764785575481585,883939619010,cmd_vel,0.0,0.0,,,,,,,,
1785764785582841444,883946977727,/epuck1/state,,,,7,6445,,,0.082938052713871,0.0,0.0
1785764785624648497,883988784675,cmd_vel,0.0,0.0,,,,,,,,
1785764785675874669,884040011471,cmd_vel,0.0,0.0,,,,,,,,
1785764785683259980,884047396470,/epuck1/state,,,,7,6446,,,0.082938052713871,0.0,0.0
1785764785724662306,884088799316,cmd_vel,0.0,0.0,,,,,,,,
1785764785775513567,884139650265,cmd_vel,0.0,0.0,,,,,,,,
1785764785803048841,884167185332,/epuck1/state,,,,7,6447,,,0.082938052713871,0.0,0.0
1785764785824531927,884188668106,cmd_vel,0.0,0.0,,,,,,,,
1785764785874774853,884238911136,cmd_vel,0.0,0.0,,,,,,,,
1785764785902757445,884266893727,/epuck1/state,,,,7,6448,,,0.082938052713871,0.0,0.0
1785764785924964383,884289100666,cmd_vel,0.0,0.0,,,,,,,,
1785764785975056991,884339193689,cmd_vel,0.0,0.0,,,,,,,,
1785764786022968172,884387104559,/epuck1/state,,,,7,6449,,,0.082938052713871,0.0,0.0
1785764786024366741,884388502920,cmd_vel,0.0,0.0,,,,,,,,
1785764786074985098,884439121588,cmd_vel,0.0,0.0,,,,,,,,
1785764786124811663,884488947945,cmd_vel,0.0,0.0,,,,,,,,
1785764786143074914,884507211093,/epuck1/state,,,,7,6450,,,0.082938052713871,0.0,0.0
1785764786175566521,884539704050,cmd_vel,0.0,0.0,,,,,,,,
1785764786224940782,884589076961,cmd_vel,0.0,0.0,,,,,,,,
1785764786239671720,884603807691,/epuck_bridge/status,,,,,,True,7393,,,
1785764786242450782,884606586753,/epuck1/state,,,,7,6451,,,0.082938052713871,0.0,0.0
1785764786275762852,884639899342,cmd_vel,0.0,0.0,,,,,,,,
1785764786325381237,884689517831,cmd_vel,0.0,0.0,,,,,,,,
1785764786342618546,884706755140,/epuck1/state,,,,7,6452,,,0.082938052713871,0.0,0.0
1785764786374568510,884738705104,cmd_vel,0.0,0.0,,,,,,,,
1785764786424801359,884788937953,cmd_vel,0.0,0.0,,,,,,,,
1785764786462847661,884826984047,/epuck1/state,,,,7,6453,,,0.082938052713871,0.0,0.0
1785764786474438027,884838574413,cmd_vel,0.0,0.0,,,,,,,,
1785764786525135334,884889271824,cmd_vel,0.0,0.0,,,,,,,,
1785764786575621656,884939758354,cmd_vel,0.0,0.0,,,,,,,,
1785764786582693865,884946829940,/epuck1/state,,,,7,6454,,,0.082938052713871,0.0,0.0
1785764786624858169,884988994763,cmd_vel,0.0,0.0,,,,,,,,
1785764786674592590,885038729081,cmd_vel,0.0,0.0,,,,,,,,
1785764786703254469,885067390856,/epuck1/state,,,,7,6455,,,0.082938052713871,0.0,0.0
1785764786724651333,885088787927,cmd_vel,0.0,0.0,,,,,,,,
1785764786774754121,885138890508,cmd_vel,0.0,0.0,,,,,,,,
1785764786802571332,885166707615,/epuck1/state,,,,7,6456,,,0.082938052713871,0.0,0.0
1785764786824758013,885188894712,cmd_vel,0.0,0.0,,,,,,,,
1785764786874939544,885239076243,cmd_vel,0.0,0.0,,,,,,,,
1785764786903757039,885267893218,/epuck1/state,,,,7,6457,,,0.082938052713871,0.0,0.0
1785764786925109545,885289245827,cmd_vel,0.0,0.0,,,,,,,,
1785764786975226253,885339362432,cmd_vel,0.0,0.0,,,,,,,,
1785764787023382909,885387519088,/epuck1/state,,,,7,6458,,,0.082938052713871,0.0,0.0
1785764787024809526,885388946432,cmd_vel,0.0,0.0,,,,,,,,
1785764787075392043,885439528741,cmd_vel,0.0,0.0,,,,,,,,
1785764787125166459,885489303157,cmd_vel,0.0,0.0,,,,,,,,
1785764787142448957,885506585447,/epuck1/state,,,,7,6459,,,0.082938052713871,0.0,0.0
1785764787175044238,885539180832,cmd_vel,0.0,0.0,,,,,,,,
1785764787224735756,885588872039,cmd_vel,0.0,0.0,,,,,,,,
1785764787239687029,885603823416,/epuck_bridge/status,,,,,,True,7402,,,
1785764787242992671,885607128746,/epuck1/state,,,,7,6460,,,0.082938052713871,0.0,0.0
1785764787275322013,885639458504,cmd_vel,0.0,0.0,,,,,,,,
1785764787324506169,885688642348,cmd_vel,0.0,0.0,,,,,,,,
1785764787342745320,885706881707,/epuck1/state,,,,7,6461,,,0.082938052713871,0.0,0.0
1785764787374544135,885738680833,cmd_vel,0.0,0.0,,,,,,,,
1785764787424609837,885788746432,cmd_vel,0.0,0.0,,,,,,,,
1785764787443314485,885807451183,/epuck1/state,,,,7,6462,,,0.082938052713871,0.0,0.0
1785764787474880292,885839016471,cmd_vel,0.0,0.0,,,,,,,,
1785764787524519453,885888655736,cmd_vel,0.0,0.0,,,,,,,,
1785764787562436182,885926572514,/epuck1/state,,,,7,6463,,,0.082938052713871,0.0,0.0
1785764787574758652,885938894983,cmd_vel,0.0,0.0,,,,,,,,
1785764787624506778,885988643110,cmd_vel,0.0,0.0,,,,,,,,
1785764787664499391,886028635831,/epuck1/state,,,,7,6464,,,0.082938052713871,0.0,0.0
1785764787674660721,886038796944,cmd_vel,0.0,0.0,,,,,,,,
1785764787726870177,886091006942,cmd_vel,0.0,0.0,,,,,,,,
1785764787777428853,886141566376,cmd_vel,0.0,0.0,,,,,,,,
1785764787783510788,886147647769,/epuck1/state,,,,7,6465,,,0.082938052713871,0.0,0.0
1785764787825165123,886189301780,cmd_vel,0.0,0.0,,,,,,,,
1785764787875815448,886239951888,cmd_vel,0.0,0.0,,,,,,,,
1785764787883073232,886247209455,/epuck1/state,,,,7,6466,,,0.082938052713871,0.0,0.0
1785764787924830917,886288967682,cmd_vel,0.0,0.0,,,,,,,,
1785764787975381359,886339518016,cmd_vel,0.0,0.0,,,,,,,,
1785764788002757811,886366893818,/epuck1/state,,,,7,6467,,,0.082938052713871,0.0,0.0
1785764788025460769,886389597750,cmd_vel,0.0,0.0,,,,,,,,
1785764788074651412,886438788286,cmd_vel,0.0,0.0,,,,,,,,
1785764788123442957,886487579180,/epuck1/state,,,,7,6468,,,0.082938052713871,0.0,0.0
1785764788124616639,886488752862,cmd_vel,0.0,0.0,,,,,,,,
1785764788177595261,886541732026,cmd_vel,0.0,0.0,,,,,,,,
1785764788223930783,886588067115,/epuck1/state,,,,7,6469,,,0.082938052713871,0.0,0.0
1785764788225503348,886589639138,cmd_vel,0.0,0.0,,,,,,,,
1785764788240275881,886604412321,/epuck_bridge/status,,,,,,True,7410,,,
1785764788275909599,886640046797,cmd_vel,0.0,0.0,,,,,,,,
1785764788325197525,886689334832,cmd_vel,0.0,0.0,,,,,,,,
1785764788342657047,886706793270,/epuck1/state,,,,7,6470,,,0.082938052713871,0.0,0.0
1785764788376630667,886740766890,cmd_vel,0.0,0.0,,,,,,,,
1785764788424969161,886789105385,cmd_vel,0.0,0.0,,,,,,,,
1785764788442586308,886806722423,/epuck1/state,,,,7,6471,,,0.082938052713871,0.0,0.0
1785764788476140244,886840276793,cmd_vel,0.0,0.0,,,,,,,,
1785764788524719455,886888855679,cmd_vel,0.0,0.0,,,,,,,,
1785764788562735962,886926872618,/epuck1/state,,,,7,6472,,,0.082938052713871,0.0,0.0
1785764788575691747,886939828404,cmd_vel,0.0,0.0,,,,,,,,
1785764788624942082,886989078305,cmd_vel,0.0,0.0,,,,,,,,
1785764788675840057,887039976497,cmd_vel,0.0,0.0,,,,,,,,
1785764788682848891,887046985331,/epuck1/state,,,,7,6473,,,0.082938052713871,0.0,0.0
1785764788725208692,887089345132,cmd_vel,0.0,0.0,,,,,,,,
1785764788776007109,887140144416,cmd_vel,0.0,0.0,,,,,,,,
1785764788782747385,887146883500,/epuck1/state,,,,7,6474,,,0.082938052713871,0.0,0.0
1785764788825605302,887189741634,cmd_vel,0.0,0.0,,,,,,,,
1785764788876631002,887240767767,cmd_vel,0.0,0.0,,,,,,,,
1785764788902868330,887267004879,/epuck1/state,,,,7,6475,,,0.082938052713871,0.0,0.0
1785764788925219747,887289355970,cmd_vel,0.0,0.0,,,,,,,,
1785764788975419406,887339556171,cmd_vel,0.0,0.0,,,,,,,,
1785764789002936366,887367072589,/epuck1/state,,,,7,6476,,,0.082938052713871,0.0,0.0
1785764789024538008,887388674664,cmd_vel,0.0,0.0,,,,,,,,
1785764789075515608,887439651939,cmd_vel,0.0,0.0,,,,,,,,
1785764789103568167,887467704824,/epuck1/state,,,,7,6477,,,0.082938052713871,0.0,0.0
1785764789124686318,887488823083,cmd_vel,0.0,0.0,,,,,,,,
1785764789175404785,887539542092,cmd_vel,0.0,0.0,,,,,,,,
1785764789222827322,887586963979,/epuck1/state,,,,7,6478,,,0.082938052713871,0.0,0.0
1785764789225247595,887589396385,cmd_vel,0.0,0.0,,,,,,,,
1785764789240045369,887604181268,/epuck_bridge/status,,,,,,True,7419,,,
1785764789275276846,887639413719,cmd_vel,0.0,0.0,,,,,,,,
1785764789322801975,887686938415,/epuck1/state,,,,7,6479,,,0.082938052713871,0.0,0.0
1785764789324347023,887688483246,cmd_vel,0.0,0.0,,,,,,,,
1785764789375241206,887739378404,cmd_vel,0.0,0.0,,,,,,,,
1785764789424337492,887788474582,/epuck1/state,,,,7,6480,,,0.082938052713871,0.0,0.0
1785764789424829541,887788965981,cmd_vel,0.0,0.0,,,,,,,,
1785764789474977850,887839114615,cmd_vel,0.0,0.0,,,,,,,,
1785764789523368561,887887504893,/epuck1/state,,,,7,6481,,,0.082938052713871,0.0,0.0
1785764789524348110,887888484659,cmd_vel,0.0,0.0,,,,,,,,
1785764789575298410,887939435067,cmd_vel,0.0,0.0,,,,,,,,
1785764789623331839,887987468279,/epuck1/state,,,,7,6482,,,0.082938052713871,0.0,0.0
1785764789624820445,887988957969,cmd_vel,0.0,0.0,,,,,,,,
1785764789676040820,888040177693,cmd_vel,0.0,0.0,,,,,,,,
1785764789725614096,888089750536,cmd_vel,0.0,0.0,,,,,,,,
1785764789743457659,888107593883,/epuck1/state,,,,7,6483,,,0.082938052713871,0.0,0.0
1785764789775227673,888139364005,cmd_vel,0.0,0.0,,,,,,,,
1785764789824620900,888188757340,cmd_vel,0.0,0.0,,,,,,,,
1785764789863601897,888227738553,/epuck1/state,,,,7,6484,,,0.082938052713871,0.0,0.0
1785764789874743534,888238880082,cmd_vel,0.0,0.0,,,,,,,,
1785764789925121076,888289257950,cmd_vel,0.0,0.0,,,,,,,,
1785764789975655377,888339792575,cmd_vel,0.0,0.0,,,,,,,,
1785764789982909477,888347046350,/epuck1/state,,,,7,6485,,,0.082938052713871,0.0,0.0
1785764790024957820,888389095235,cmd_vel,0.0,0.0,,,,,,,,
1785764790077986385,888442122825,cmd_vel,0.0,0.0,,,,,,,,
1785764790102675740,888466811855,/epuck1/state,,,,7,6486,,,0.082938052713871,0.0,0.0
1785764790125885263,888490022136,cmd_vel,0.0,0.0,,,,,,,,
1785764790176182855,888540319729,cmd_vel,0.0,0.0,,,,,,,,
1785764790224807458,888588943790,cmd_vel,0.0,0.0,,,,,,,,
1785764790224979275,888589114631,/epuck1/state,,,,7,6487,,,0.082938052713871,0.0,0.0
1785764790239975299,888604111306,/epuck_bridge/status,,,,,,True,7427,,,
1785764790275301675,888639438007,cmd_vel,0.0,0.0,,,,,,,,
1785764790326242550,888690379207,cmd_vel,0.0,0.0,,,,,,,,
1785764790343002889,888707139113,/epuck1/state,,,,7,6488,,,0.082938052713871,0.0,0.0
1785764790376287510,888740423733,cmd_vel,0.0,0.0,,,,,,,,
1785764790424986970,888789123844,cmd_vel,0.0,0.0,,,,,,,,
1785764790442800092,888806936315,/epuck1/state,,,,7,6489,,,0.082938052713871,0.0,0.0
1785764790475360396,888839496619,cmd_vel,0.0,0.0,,,,,,,,
1785764790526082655,888890218986,cmd_vel,0.0,0.0,,,,,,,,
1785764790565094743,888929230858,/epuck1/state,,,,7,6490,,,0.082938052713871,0.0,0.0
1785764790575200173,888939337263,cmd_vel,0.0,0.0,,,,,,,,
1785764790625356608,888989493806,cmd_vel,0.0,0.0,,,,,,,,
1785764790675995558,889040131890,cmd_vel,0.0,0.0,,,,,,,,
1785764790683498174,889047634614,/epuck1/state,,,,7,6491,,,0.082938052713871,0.0,0.0
1785764790725955584,889090092674,cmd_vel,0.0,0.0,,,,,,,,
1785764790774941803,889139078026,cmd_vel,0.0,0.0,,,,,,,,
1785764790802642171,889166778611,/epuck1/state,,,,7,6492,,,0.082938052713871,0.0,0.0
1785764790825932620,889190069060,cmd_vel,0.0,0.0,,,,,,,,
1785764790875417171,889239554045,cmd_vel,0.0,0.0,,,,,,,,
1785764790922841767,889286977882,/epuck1/state,,,,7,6493,,,0.082938052713871,0.0,0.0
1785764790924336657,889288472880,cmd_vel,0.0,0.0,,,,,,,,
1785764790975042882,889339179105,cmd_vel,0.0,0.0,,,,,,,,
1785764791024175892,889388312224,/epuck1/state,,,,7,6494,,,0.082938052713871,0.0,0.0
1785764791024956217,889389092548,cmd_vel,0.0,0.0,,,,,,,,
1785764791074830334,889438966991,cmd_vel,0.0,0.0,,,,,,,,
1785764791125061952,889489198500,cmd_vel,0.0,0.0,,,,,,,,
1785764791143211123,889507347454,/epuck1/state,,,,7,6495,,,0.082938052713871,0.0,0.0
1785764791174501220,889538637552,cmd_vel,0.0,0.0,,,,,,,,
1785764791225280787,889589417119,cmd_vel,0.0,0.0,,,,,,,,
1785764791239832754,889603968760,/epuck_bridge/status,,,,,,True,7435,,,
1785764791242582901,889606718907,/epuck1/state,,,,7,6496,,,0.082938052713871,0.0,0.0
1785764791275834046,889639970594,cmd_vel,0.0,0.0,,,,,,,,
1785764791326745021,889690881894,cmd_vel,0.0,0.0,,,,,,,,
1785764791342891652,889707027984,/epuck1/state,,,,7,6497,,,0.082938052713871,0.0,0.0
1785764791376123623,889740260279,cmd_vel,0.0,0.0,,,,,,,,
1785764791426078557,889790215106,cmd_vel,0.0,0.0,,,,,,,,
1785764791443474054,889807611577,/epuck1/state,,,,7,6498,,,0.082938052713871,0.0,0.0
1785764791474587785,889838724117,cmd_vel,0.0,0.0,,,,,,,,
1785764791525200519,889889337067,cmd_vel,0.0,0.0,,,,,,,,
1785764791563775591,889927931639,/epuck1/state,,,,7,6499,,,0.082938052713871,0.0,0.0
1785764791575193261,889939330460,cmd_vel,0.0,0.0,,,,,,,,
1785764791624693955,889988830178,cmd_vel,0.0,0.0,,,,,,,,
1785764791664444226,890028580991,/epuck1/state,,,,7,6500,,,0.082938052713871,0.0,0.0
1785764791674748339,890038884671,cmd_vel,0.0,0.0,,,,,,,,
1785764791724782790,890088919555,cmd_vel,0.0,0.0,,,,,,,,
1785764791774848658,890138984881,cmd_vel,0.0,0.0,,,,,,,,
1785764791782540207,890146676431,/epuck1/state,,,,7,6501,,,0.082938052713871,0.0,0.0
1785764791825762449,890189899214,cmd_vel,0.0,0.0,,,,,,,,
1785764791875551201,890239687966,cmd_vel,0.0,0.0,,,,,,,,
1785764791882800967,890246937082,/epuck1/state,,,,7,6502,,,0.082938052713871,0.0,0.0
1785764791926155918,890290292249,cmd_vel,0.0,0.0,,,,,,,,
1785764791974636979,890338773311,cmd_vel,0.0,0.0,,,,,,,,
1785764791982692745,890346829401,/epuck1/state,,,,7,6503,,,0.082938052713871,0.0,0.0
1785764792026435203,890390572401,cmd_vel,0.0,0.0,,,,,,,,
1785764792075027739,890439164504,cmd_vel,0.0,0.0,,,,,,,,
1785764792103312565,890467448680,/epuck1/state,,,,7,6504,,,0.082938052713871,0.0,0.0
1785764792125342990,890489479430,cmd_vel,0.0,0.0,,,,,,,,
1785764792174784208,890538921081,cmd_vel,0.0,0.0,,,,,,,,
1785764792224257710,890588393825,/epuck1/state,,,,7,6505,,,0.082938052713871,0.0,0.0
1785764792224697759,890588833657,cmd_vel,0.0,0.0,,,,,,,,
1785764792240149866,890604285981,/epuck_bridge/status,,,,,,True,7443,,,
1785764792275751409,890639888066,cmd_vel,0.0,0.0,,,,,,,,
1785764792327182817,890691319798,cmd_vel,0.0,0.0,,,,,,,,
1785764792342841082,890706977847,/epuck1/state,,,,7,6506,,,0.082938052713871,0.0,0.0
1785764792374747812,890738884361,cmd_vel,0.0,0.0,,,,,,,,
1785764792426984027,890791120359,cmd_vel,0.0,0.0,,,,,,,,
1785764792464430376,890828566600,/epuck1/state,,,,7,6507,,,0.082938052713871,0.0,0.0
1785764792475639072,890839776053,cmd_vel,0.0,0.0,,,,,,,,
1785764792524794074,890888930297,cmd_vel,0.0,0.0,,,,,,,,
1785764792576008815,890940145580,cmd_vel,0.0,0.0,,,,,,,,
1785764792582586158,890946722273,/epuck1/state,,,,7,6508,,,0.082938052713871,0.0,0.0
1785764792625187650,890989323874,cmd_vel,0.0,0.0,,,,,,,,
1785764792675351560,891039488216,cmd_vel,0.0,0.0,,,,,,,,
1785764792702931786,891067068551,/epuck1/state,,,,7,6509,,,0.082938052713871,0.0,0.0
1785764792724990053,891089126493,cmd_vel,0.0,0.0,,,,,,,,
1785764792775787711,891139924585,cmd_vel,0.0,0.0,,,,,,,,
1785764792803144663,891167281103,/epuck1/state,,,,7,6510,,,0.082938052713871,0.0,0.0
1785764792825716862,891189853302,cmd_vel,0.0,0.0,,,,,,,,
1785764792875300322,891239436762,cmd_vel,0.0,0.0,,,,,,,,
1785764792924368874,891288505423,/epuck1/state,,,,7,6511,,,0.082938052713871,0.0,0.0
1785764792924790182,891288926406,cmd_vel,0.0,0.0,,,,,,,,
1785764792976594473,891340730913,cmd_vel,0.0,0.0,,,,,,,,
1785764793024344393,891388480508,/epuck1/state,,,,7,6512,,,0.082938052713871,0.0,0.0
1785764793024630285,891388765641,cmd_vel,0.0,0.0,,,,,,,,
1785764793074923652,891439060092,cmd_vel,0.0,0.0,,,,,,,,
1785764793126713751,891490849866,cmd_vel,0.0,0.0,,,,,,,,
1785764793142873816,891507010472,/epuck1/state,,,,7,6513,,,0.082938052713871,0.0,0.0
1785764793174466921,891538603036,cmd_vel,0.0,0.0,,,,,,,,
1785764793225149963,891589286187,cmd_vel,0.0,0.0,,,,,,,,
1785764793239738005,891603874012,/epuck_bridge/status,,,,,,True,7451,,,
1785764793242588360,891606724475,/epuck1/state,,,,7,6514,,,0.082938052713871,0.0,0.0
1785764793276543779,891640680544,cmd_vel,0.0,0.0,,,,,,,,
1785764793325308674,891689445655,cmd_vel,0.0,0.0,,,,,,,,
1785764793364669270,891728805927,/epuck1/state,,,,7,6515,,,0.082938052713871,0.0,0.0
1785764793375066550,891739202882,cmd_vel,0.0,0.0,,,,,,,,
1785764793424948251,891789084474,cmd_vel,0.0,0.0,,,,,,,,
1785764793465324255,891829460478,/epuck1/state,,,,7,6516,,,0.082938052713871,0.0,0.0
1785764793475013794,891839150450,cmd_vel,0.0,0.0,,,,,,,,
1785764793525391011,891889527343,cmd_vel,0.0,0.0,,,,,,,,
1785764793575777545,891939914852,cmd_vel,0.0,0.0,,,,,,,,
1785764793582915403,891947051952,/epuck1/state,,,,7,6517,,,0.082938052713871,0.0,0.0
1785764793624776439,891988913637,cmd_vel,0.0,0.0,,,,,,,,
1785764793675570631,892039707504,cmd_vel,0.0,0.0,,,,,,,,
1785764793702884033,892067020473,/epuck1/state,,,,7,6518,,,0.082938052713871,0.0,0.0
1785764793725051282,892089187506,cmd_vel,0.0,0.0,,,,,,,,
1785764793775317458,892139453790,cmd_vel,0.0,0.0,,,,,,,,
1785764793803024651,892167161091,/epuck1/state,,,,7,6519,,,0.082938052713871,0.0,0.0
1785764793826243600,892190379823,cmd_vel,0.0,0.0,,,,,,,,
1785764793875373902,892239510234,cmd_vel,0.0,0.0,,,,,,,,
1785764793923850088,892287986095,/epuck1/state,,,,7,6520,,,0.082938052713871,0.0,0.0
1785764793924786520,892288922852,cmd_vel,0.0,0.0,,,,,,,,
1785764793976593628,892340730284,cmd_vel,0.0,0.0,,,,,,,,
1785764794024919881,892389056429,cmd_vel,0.0,0.0,,,,,,,,
1785764794025209780,892389345462,/epuck1/state,,,,7,6521,,,0.082938052713871,0.0,0.0
1785764794075281931,892439418696,cmd_vel,0.0,0.0,,,,,,,,
1785764794124916199,892489052856,cmd_vel,0.0,0.0,,,,,,,,
1785764794143532611,892507668835,/epuck1/state,,,,7,6522,,,0.082938052713871,0.0,0.0
1785764794175787199,892539924181,cmd_vel,0.0,0.0,,,,,,,,
1785764794225190935,892589327916,cmd_vel,0.0,0.0,,,,,,,,
1785764794239920676,892604056791,/epuck_bridge/status,,,,,,True,7460,,,
1785764794264706989,892628842996,/epuck1/state,,,,7,6523,,,0.082938052713871,0.0,0.0
1785764794274540178,892638676510,cmd_vel,0.0,0.0,,,,,,,,
1785764794325644419,892689781726,cmd_vel,0.0,0.0,,,,,,,,
1785764794375351271,892739488036,cmd_vel,0.0,0.0,,,,,,,,
1785764794382822254,892746958586,/epuck1/state,,,,7,6524,,,0.082938052713871,0.0,0.0
1785764794424906131,892789042462,cmd_vel,0.0,0.0,,,,,,,,
1785764794475195165,892839331821,cmd_vel,0.0,0.0,,,,,,,,
1785764794504058923,892868195363,/epuck1/state,,,,7,6525,,,0.082938052713871,0.0,0.0
1785764794525290499,892889426831,cmd_vel,0.0,0.0,,,,,,,,
1785764794575454625,892939591282,cmd_vel,0.0,0.0,,,,,,,,
1785764794624496852,892988633292,cmd_vel,0.0,0.0,,,,,,,,
1785764794624642777,892988778025,/epuck1/state,,,,7,6526,,,0.082938052713871,0.0,0.0
1785764794674699003,893038835876,cmd_vel,0.0,0.0,,,,,,,,
1785764794724668996,893088805652,cmd_vel,0.0,0.0,,,,,,,,
1785764794743028875,893107165315,/epuck1/state,,,,7,6527,,,0.082938052713871,0.0,0.0
1785764794774630755,893138767087,cmd_vel,0.0,0.0,,,,,,,,
1785764794826117955,893190254178,cmd_vel,0.0,0.0,,,,,,,,
1785764794862809654,893226945986,/epuck1/state,,,,7,6528,,,0.082938052713871,0.0,0.0
1785764794875442065,893239578938,cmd_vel,0.0,0.0,,,,,,,,
1785764794924682975,893288819415,cmd_vel,0.0,0.0,,,,,,,,
1785764794962825798,893326962130,/epuck1/state,,,,7,6529,,,0.082938052713871,0.0,0.0
1785764794976346541,893340483306,cmd_vel,0.0,0.0,,,,,,,,
1785764795025995326,893390131982,cmd_vel,0.0,0.0,,,,,,,,
1785764795075678235,893439815000,cmd_vel,0.0,0.0,,,,,,,,
1785764795083029619,893447165625,/epuck1/state,,,,7,6530,,,0.082938052713871,0.0,0.0
1785764795124805937,893488942269,cmd_vel,0.0,0.0,,,,,,,,
1785764795174697064,893538833395,cmd_vel,0.0,0.0,,,,,,,,
1785764795202558957,893566695722,/epuck1/state,,,,7,6531,,,0.082938052713871,0.0,0.0
1785764795225234506,893589371054,cmd_vel,0.0,0.0,,,,,,,,
1785764795241669412,893605805419,/epuck_bridge/status,,,,,,True,7469,,,
1785764795275536756,893639673088,cmd_vel,0.0,0.0,,,,,,,,
1785764795303562341,893667698781,/epuck1/state,,,,7,6532,,,0.082938052713871,0.0,0.0
1785764795324875925,893689013123,cmd_vel,0.0,0.0,,,,,,,,
1785764795376625291,893740761839,cmd_vel,0.0,0.0,,,,,,,,
1785764795402965752,893767101651,/epuck1/state,,,,7,6533,,,0.082938052713871,0.0,0.0
1785764795424946994,893789083759,cmd_vel,0.0,0.0,,,,,,,,
1785764795474636512,893838772952,cmd_vel,0.0,0.0,,,,,,,,
1785764795503618245,893867754685,/epuck1/state,,,,7,6534,,,0.082938052713871,0.0,0.0
1785764795524841046,893888977811,cmd_vel,0.0,0.0,,,,,,,,
1785764795574810714,893938947804,cmd_vel,0.0,0.0,,,,,,,,
1785764795624709145,893988845368,/epuck1/state,,,,7,6535,,,0.082938052713871,0.0,0.0
1785764795625610911,893989747567,cmd_vel,0.0,0.0,,,,,,,,
1785764795676232744,894040369401,cmd_vel,0.0,0.0,,,,,,,,
1785764795724765264,894088901812,cmd_vel,0.0,0.0,,,,,,,,
1785764795743656951,894107793066,/epuck1/state,,,,7,6536,,,0.082938052713871,0.0,0.0
1785764795776308688,894140445237,cmd_vel,0.0,0.0,,,,,,,,
1785764795825680248,894189816580,cmd_vel,0.0,0.0,,,,,,,,
1785764795863323222,894227460204,/epuck1/state,,,,7,6537,,,0.082938052713871,0.0,0.0
1785764795875552958,894239689290,cmd_vel,0.0,0.0,,,,,,,,
1785764795925274326,894289410658,cmd_vel,0.0,0.0,,,,,,,,
1785764795976119326,894340255658,cmd_vel,0.0,0.0,,,,,,,,
1785764795982765677,894346902008,/epuck1/state,,,,7,6538,,,0.082938052713871,0.0,0.0
1785764796024717170,894388853394,cmd_vel,0.0,0.0,,,,,,,,
1785764796075072504,894439209053,cmd_vel,0.0,0.0,,,,,,,,
1785764796083350245,894447486577,/epuck1/state,,,,7,6539,,,0.082938052713871,0.0,0.0
1785764796126718737,894490856260,cmd_vel,0.0,0.0,,,,,,,,
1785764796174889423,894539026080,cmd_vel,0.0,0.0,,,,,,,,
1785764796203070033,894567206798,/epuck1/state,,,,7,6540,,,0.082938052713871,0.0,0.0
1785764796225326982,894589463531,cmd_vel,0.0,0.0,,,,,,,,
1785764796240178490,894604314714,/epuck_bridge/status,,,,,,True,7477,,,
1785764796277250331,894641387854,cmd_vel,0.0,0.0,,,,,,,,
1785764796324184611,894688321051,/epuck1/state,,,,7,6541,,,0.082938052713871,0.0,0.0
1785764796324719452,894688855567,cmd_vel,0.0,0.0,,,,,,,,
1785764796375192002,894739328876,cmd_vel,0.0,0.0,,,,,,,,
1785764796424303671,894788439894,/epuck1/state,,,,7,6542,,,0.082938052713871,0.0,0.0
1785764796425491328,894789627660,cmd_vel,0.0,0.0,,,,,,,,
1785764796475540296,894839676627,cmd_vel,0.0,0.0,,,,,,,,
1785764796524915322,894889051979,cmd_vel,0.0,0.0,,,,,,,,
1785764796544654391,894908791373,/epuck1/state,,,,7,6543,,,0.082938052713871,0.0,0.0
1785764796575229815,894939366796,cmd_vel,0.0,0.0,,,,,,,,
1785764796624856175,894988992831,cmd_vel,0.0,0.0,,,,,,,,
1785764796662822848,895026959396,/epuck1/state,,,,7,6544,,,0.082938052713871,0.0,0.0
1785764796675525892,895039663198,cmd_vel,0.0,0.0,,,,,,,,
1785764796724827035,895088963800,cmd_vel,0.0,0.0,,,,,,,,
1785764796764930148,895129066371,/epuck1/state,,,,7,6545,,,0.082938052713871,0.0,0.0
1785764796774770378,895138907251,cmd_vel,0.0,0.0,,,,,,,,
1785764796824880121,895189016777,cmd_vel,0.0,0.0,,,,,,,,
1785764796874994738,895239130961,cmd_vel,0.0,0.0,,,,,,,,
1785764796883405295,895247542602,/epuck1/state,,,,7,6546,,,0.082938052713871,0.0,0.0
1785764796925325264,895289461812,cmd_vel,0.0,0.0,,,,,,,,
1785764796975087148,895339223805,cmd_vel,0.0,0.0,,,,,,,,
1785764797003206875,895367343640,/epuck1/state,,,,7,6547,,,0.082938052713871,0.0,0.0
1785764797024646558,895388783540,cmd_vel,0.0,0.0,,,,,,,,
1785764797075051076,895439187624,cmd_vel,0.0,0.0,,,,,,,,
1785764797103732943,895467869058,/epuck1/state,,,,7,6548,,,0.082938052713871,0.0,0.0
1785764797125616684,895489753124,cmd_vel,0.0,0.0,,,,,,,,
1785764797176250435,895540386766,cmd_vel,0.0,0.0,,,,,,,,
1785764797222693532,895586830188,/epuck1/state,,,,7,6549,,,0.082938052713871,0.0,0.0
1785764797224172713,895588308503,cmd_vel,0.0,0.0,,,,,,,,
1785764797239899879,895604035994,/epuck_bridge/status,,,,,,True,7486,,,
1785764797276600786,895640737118,cmd_vel,0.0,0.0,,,,,,,,
1785764797324418198,895688554530,/epuck1/state,,,,7,6550,,,0.082938052713871,0.0,0.0
1785764797325393197,895689529637,cmd_vel,0.0,0.0,,,,,,,,
1785764797376377947,895740514929,cmd_vel,0.0,0.0,,,,,,,,
1785764797424568892,895788705224,cmd_vel,0.0,0.0,,,,,,,,
1785764797443224412,895807362261,/epuck1/state,,,,7,6551,,,0.082938052713871,0.0,0.0
1785764797475820792,895839957340,cmd_vel,0.0,0.0,,,,,,,,
1785764797526228667,895890365107,cmd_vel,0.0,0.0,,,,,,,,
1785764797543049673,895907186438,/epuck1/state,,,,7,6552,,,0.082938052713871,0.0,0.0
1785764797574534770,895938671319,cmd_vel,0.0,0.0,,,,,,,,
1785764797626085886,895990222110,cmd_vel,0.0,0.0,,,,,,,,
1785764797663177010,896027313992,/epuck1/state,,,,7,6553,,,0.082938052713871,0.0,0.0
1785764797675809963,896039946294,cmd_vel,0.0,0.0,,,,,,,,
1785764797724733565,896088870438,cmd_vel,0.0,0.0,,,,,,,,
1785764797775837590,896139974355,cmd_vel,0.0,0.0,,,,,,,,
1785764797783370106,896147506871,/epuck1/state,,,,7,6554,,,0.082938052713871,0.0,0.0
1785764797825039933,896189176265,cmd_vel,0.0,0.0,,,,,,,,
1785764797875255517,896239391849,cmd_vel,0.0,0.0,,,,,,,,
1785764797903040927,896267177692,/epuck1/state,,,,7,6555,,,0.082938052713871,0.0,0.0
1785764797925622226,896289759533,cmd_vel,0.0,0.0,,,,,,,,
1785764797976128902,896340266209,cmd_vel,0.0,0.0,,,,,,,,
1785764798024149330,896388285662,/epuck1/state,,,,7,6556,,,0.082938052713871,0.0,0.0
1785764798025250104,896389385569,cmd_vel,0.0,0.0,,,,,,,,
1785764798076161187,896440298386,cmd_vel,0.0,0.0,,,,,,,,
1785764798124060933,896488197589,/epuck1/state,,,,7,6557,,,0.082938052713871,0.0,0.0
1785764798125500789,896489636688,cmd_vel,0.0,0.0,,,,,,,,
1785764798175316624,896539452955,cmd_vel,0.0,0.0,,,,,,,,
1785764798225689399,896589826273,cmd_vel,0.0,0.0,,,,,,,,
1785764798239752350,896603888682,/epuck_bridge/status,,,,,,True,7495,,,
1785764798242456997,896606593112,/epuck1/state,,,,7,6558,,,0.082938052713871,0.0,0.0
1785764798276219692,896640356132,cmd_vel,0.0,0.0,,,,,,,,
1785764798325600352,896689736683,cmd_vel,0.0,0.0,,,,,,,,
1785764798343432431,896707568655,/epuck1/state,,,,7,6559,,,0.082938052713871,0.0,0.0
1785764798376434735,896740571608,cmd_vel,0.0,0.0,,,,,,,,
1785764798425016654,896789152878,cmd_vel,0.0,0.0,,,,,,,,
1785764798463504302,896827640309,/epuck1/state,,,,7,6560,,,0.082938052713871,0.0,0.0
1785764798475573055,896839709712,cmd_vel,0.0,0.0,,,,,,,,
1785764798524926740,896889063180,cmd_vel,0.0,0.0,,,,,,,,
1785764798564721753,896928858843,/epuck1/state,,,,7,6561,,,0.082938052713871,0.0,0.0
1785764798574655150,896938791915,cmd_vel,0.0,0.0,,,,,,,,
1785764798626279932,896990416264,cmd_vel,0.0,0.0,,,,,,,,
1785764798675262685,897039399666,cmd_vel,0.0,0.0,,,,,,,,
1785764798682808418,897046944533,/epuck1/state,,,,7,6562,,,0.082938052713871,0.0,0.0
1785764798724729470,897088865801,cmd_vel,0.0,0.0,,,,,,,,
1785764798777450476,897141587566,cmd_vel,0.0,0.0,,,,,,,,
1785764798802885380,897167022037,/epuck1/state,,,,7,6563,,,0.082938052713871,0.0,0.0
1785764798825167029,897189303361,cmd_vel,0.0,0.0,,,,,,,,
1785764798875086322,897239222979,cmd_vel,0.0,0.0,,,,,,,,
1785764798923760975,897287898390,/epuck1/state,,,,7,6564,,,0.082938052713871,0.0,0.0
1785764798924902265,897289038597,cmd_vel,0.0,0.0,,,,,,,,
1785764798976147773,897340284755,cmd_vel,0.0,0.0,,,,,,,,
1785764799025538400,897389674840,cmd_vel,0.0,0.0,,,,,,,,
1785764799042705314,897406841429,/epuck1/state,,,,7,6565,,,0.082938052713871,0.0,0.0
1785764799075792117,897439928557,cmd_vel,0.0,0.0,,,,,,,,
1785764799124889053,897489025818,cmd_vel,0.0,0.0,,,,,,,,
1785764799143164757,897507301197,/epuck1/state,,,,7,6566,,,0.082938052713871,0.0,0.0
1785764799175379912,897539517002,cmd_vel,0.0,0.0,,,,,,,,
1785764799225408188,897589545169,cmd_vel,0.0,0.0,,,,,,,,
1785764799239926029,897604062144,/epuck_bridge/status,,,,,,True,7502,,,
1785764799245114432,897609250763,/epuck1/state,,,,7,6567,,,0.082938052713871,0.0,0.0
1785764799275358572,897639494904,cmd_vel,0.0,0.0,,,,,,,,
1785764799325557256,897689693588,cmd_vel,0.0,0.0,,,,,,,,
1785764799363609296,897727745303,/epuck1/state,,,,7,6568,,,0.082938052713871,0.0,0.0
1785764799374585617,897738722057,cmd_vel,0.0,0.0,,,,,,,,
1785764799424560918,897788697358,cmd_vel,0.0,0.0,,,,,,,,
1785764799464148364,897828284479,/epuck1/state,,,,7,6569,,,0.082938052713871,0.0,0.0
1785764799475201060,897839337608,cmd_vel,0.0,0.0,,,,,,,,
1785764799524773362,897888909585,cmd_vel,0.0,0.0,,,,,,,,
1785764799564459174,897928596048,/epuck1/state,,,,7,6570,,,0.082938052713871,0.0,0.0
1785764799574972696,897939109136,cmd_vel,0.0,0.0,,,,,,,,
1785764799626062637,897990199294,cmd_vel,0.0,0.0,,,,,,,,
1785764799675606339,898039742779,cmd_vel,0.0,0.0,,,,,,,,
1785764799683028355,898047164579,/epuck1/state,,,,7,6571,,,0.082938052713871,0.0,0.0
1785764799725516098,898089653080,cmd_vel,0.0,0.0,,,,,,,,
1785764799775858974,898139995739,cmd_vel,0.0,0.0,,,,,,,,
1785764799804097108,898168233440,/epuck1/state,,,,7,6572,,,0.082938052713871,0.0,0.0
1785764799824998809,898189135683,cmd_vel,0.0,0.0,,,,,,,,
1785764799875196843,898239333175,cmd_vel,0.0,0.0,,,,,,,,
1785764799904411927,898268548367,/epuck1/state,,,,7,6573,,,0.082938052713871,0.0,0.0
1785764799925352953,898289490259,cmd_vel,0.0,0.0,,,,,,,,
1785764799974985813,898339122253,cmd_vel,0.0,0.0,,,,,,,,
1785764800024473398,898388609729,/epuck1/state,,,,7,6574,,,0.082938052713871,0.0,0.0
1785764800025880754,898390016978,cmd_vel,0.0,0.0,,,,,,,,
1785764800075015823,898439152480,cmd_vel,0.0,0.0,,,,,,,,
1785764800124055017,898488191348,/epuck1/state,,,,7,6575,,,0.082938052713871,0.0,0.0
1785764800124906841,898489043497,cmd_vel,0.0,0.0,,,,,,,,
1785764800175638524,898539775181,cmd_vel,0.0,0.0,,,,,,,,
1785764800224818443,898588955208,cmd_vel,0.0,0.0,,,,,,,,
1785764800239837218,898603973224,/epuck_bridge/status,,,,,,True,7511,,,
1785764800242890047,898607027354,/epuck1/state,,,,7,6576,,,0.082938052713871,0.0,0.0
1785764800275670485,898639807250,cmd_vel,0.0,0.0,,,,,,,,
1785764800325057645,898689194952,cmd_vel,0.0,0.0,,,,,,,,
1785764800363018685,898727155125,/epuck1/state,,,,7,6577,,,0.082938052713871,0.0,0.0
1785764800374666238,898738802570,cmd_vel,0.0,0.0,,,,,,,,
1785764800425121239,898789257570,cmd_vel,0.0,0.0,,,,,,,,
1785764800463259512,898827395735,/epuck1/state,,,,7,6578,,,0.082938052713871,0.0,0.0
1785764800476300663,898840437103,cmd_vel,0.0,0.0,,,,,,,,
1785764800524803716,898888940048,cmd_vel,0.0,0.0,,,,,,,,
1785764800577679531,898941815971,cmd_vel,0.0,0.0,,,,,,,,
1785764800582862950,898946999173,/epuck1/state,,,,7,6579,,,0.082938052713871,0.0,0.0
1785764800625258609,898989395158,cmd_vel,0.0,0.0,,,,,,,,
1785764800675874376,899040010925,cmd_vel,0.0,0.0,,,,,,,,
1785764800703238478,899067374593,/epuck1/state,,,,7,6580,,,0.082938052713871,0.0,0.0
1785764800724765154,899088901485,cmd_vel,0.0,0.0,,,,,,,,
1785764800776310203,899140447943,cmd_vel,0.0,0.0,,,,,,,,
1785764800803217681,899167354554,/epuck1/state,,,,7,6581,,,0.082938052713871,0.0,0.0
1785764800825267497,899189404045,cmd_vel,0.0,0.0,,,,,,,,
1785764800876271530,899240407862,cmd_vel,0.0,0.0,,,,,,,,
1785764800922962277,899287098392,/epuck1/state,,,,7,6582,,,0.082938052713871,0.0,0.0
1785764800924489775,899288626323,cmd_vel,0.0,0.0,,,,,,,,
1785764800974738942,899338875599,cmd_vel,0.0,0.0,,,,,,,,
1785764801023892644,899388030384,/epuck1/state,,,,7,6583,,,0.082938052713871,0.0,0.0
1785764801025517209,899389653433,cmd_vel,0.0,0.0,,,,,,,,
1785764801075282344,899439419109,cmd_vel,0.0,0.0,,,,,,,,
1785764801124633646,899488769977,cmd_vel,0.0,0.0,,,,,,,,
1785764801142456734,899506592849,/epuck1/state,,,,7,6584,,,0.082938052713871,0.0,0.0
1785764801177080786,899541217117,cmd_vel,0.0,0.0,,,,,,,,
1785764801224919431,899589055763,cmd_vel,0.0,0.0,,,,,,,,
1785764801239878405,899604014412,/epuck_bridge/status,,,,,,True,7519,,,
1785764801243478426,899607614541,/epuck1/state,,,,7,6585,,,0.082938052713871,0.0,0.0
1785764801276065164,899640201712,cmd_vel,0.0,0.0,,,,,,,,
1785764801326317581,899690454130,cmd_vel,0.0,0.0,,,,,,,,
1785764801363476739,899727614371,/epuck1/state,,,,7,6586,,,0.082938052713871,0.0,0.0
1785764801376402516,899740540364,cmd_vel,0.0,0.0,,,,,,,,
1785764801426944291,899791097956,cmd_vel,0.0,0.0,,,,,,,,
1785764801462799442,899826936423,/epuck1/state,,,,7,6587,,,0.082938052713871,0.0,0.0
1785764801474754228,899838890668,cmd_vel,0.0,0.0,,,,,,,,
1785764801525345295,899889482602,cmd_vel,0.0,0.0,,,,,,,,
1785764801564274617,899928411491,/epuck1/state,,,,7,6588,,,0.082938052713871,0.0,0.0
1785764801575247146,899939383586,cmd_vel,0.0,0.0,,,,,,,,
1785764801625582005,899989719095,cmd_vel,0.0,0.0,,,,,,,,
1785764801675514406,900039651063,cmd_vel,0.0,0.0,,,,,,,,
1785764801683017131,900047153246,/epuck1/state,,,,7,6589,,,0.082938052713871,0.0,0.0
1785764801724970250,900089106582,cmd_vel,0.0,0.0,,,,,,,,
1785764801776475216,900140612414,cmd_vel,0.0,0.0,,,,,,,,
1785764801803847443,900167983883,/epuck1/state,,,,7,6590,,,0.082938052713871,0.0,0.0
1785764801825781018,900189917349,cmd_vel,0.0,0.0,,,,,,,,
1785764801875362744,900239500051,cmd_vel,0.0,0.0,,,,,,,,
1785764801904087186,900268223843,/epuck1/state,,,,7,6591,,,0.082938052713871,0.0,0.0
1785764801925583745,900289720402,cmd_vel,0.0,0.0,,,,,,,,
1785764801975813196,900339949528,cmd_vel,0.0,0.0,,,,,,,,
1785764802003872905,900368009562,/epuck1/state,,,,7,6592,,,0.082938052713871,0.0,0.0
1785764802024879690,900389016238,cmd_vel,0.0,0.0,,,,,,,,
1785764802076432864,900440570062,cmd_vel,0.0,0.0,,,,,,,,
1785764802122930452,900487066784,/epuck1/state,,,,7,6593,,,0.082938052713871,0.0,0.0
1785764802124680900,900488817449,cmd_vel,0.0,0.0,,,,,,,,
1785764802176030625,900540167498,cmd_vel,0.0,0.0,,,,,,,,
1785764802223139646,900587275869,/epuck1/state,,,,7,6594,,,0.082938052713871,0.0,0.0
1785764802224483519,900588619851,cmd_vel,0.0,0.0,,,,,,,,
1785764802239769010,900603905017,/epuck_bridge/status,,,,,,True,7527,,,
1785764802275732927,900639869367,cmd_vel,0.0,0.0,,,,,,,,
1785764802324559680,900688695903,/epuck1/state,,,,7,6595,,,0.082938052713871,0.0,0.0
1785764802326441861,900690578951,cmd_vel,0.0,0.0,,,,,,,,
1785764802375234272,900739370603,cmd_vel,0.0,0.0,,,,,,,,
1785764802425017498,900789154046,cmd_vel,0.0,0.0,,,,,,,,
1785764802442636053,900806772493,/epuck1/state,,,,7,6596,,,0.082938052713871,0.0,0.0
1785764802475889798,900840026455,cmd_vel,0.0,0.0,,,,,,,,
1785764802524746017,900888882565,cmd_vel,0.0,0.0,,,,,,,,
1785764802565259062,900929395177,/epuck1/state,,,,7,6597,,,0.082938052713871,0.0,0.0
1785764802575879617,900940016490,cmd_vel,0.0,0.0,,,,,,,,
1785764802625690035,900989827125,cmd_vel,0.0,0.0,,,,,,,,
1785764802675755036,901039891476,cmd_vel,0.0,0.0,,,,,,,,
1785764802682478086,901046614310,/epuck1/state,,,,7,6598,,,0.082938052713871,0.0,0.0
1785764802725644537,901089780760,cmd_vel,0.0,0.0,,,,,,,,
1785764802776490512,901140627602,cmd_vel,0.0,0.0,,,,,,,,
1785764802782573205,901146709645,/epuck1/state,,,,7,6599,,,0.082938052713871,0.0,0.0
1785764802824608332,901188745205,cmd_vel,0.0,0.0,,,,,,,,
1785764802874806475,901238943673,cmd_vel,0.0,0.0,,,,,,,,
1785764802903840750,901267977190,/epuck1/state,,,,7,6600,,,0.082938052713871,0.0,0.0
1785764802925215217,901289351440,cmd_vel,0.0,0.0,,,,,,,,
1785764802976196175,901340332507,cmd_vel,0.0,0.0,,,,,,,,
1785764803025696543,901389833200,/epuck1/state,,,,7,6601,,,0.082938052713871,0.0,0.0
1785764803026093693,901390229266,cmd_vel,0.0,0.0,,,,,,,,
1785764803075253678,901439390010,cmd_vel,0.0,0.0,,,,,,,,
1785764803125031163,901489167495,cmd_vel,0.0,0.0,,,,,,,,
1785764803142841576,901506977474,/epuck1/state,,,,7,6602,,,0.082938052713871,0.0,0.0
1785764803175838030,901539975445,cmd_vel,0.0,0.0,,,,,,,,
1785764803226005189,901590141629,cmd_vel,0.0,0.0,,,,,,,,
1785764803239739132,901603875247,/epuck_bridge/status,,,,,,True,7536,,,
1785764803243722327,901607858875,/epuck1/state,,,,7,6603,,,0.082938052713871,0.0,0.0
1785764803275117941,901639254164,cmd_vel,0.0,0.0,,,,,,,,
1785764803327189273,901691325821,cmd_vel,0.0,0.0,,,,,,,,
1785764803364681988,901728819187,/epuck1/state,,,,7,6604,,,0.082938052713871,0.0,0.0
1785764803375819509,901739955841,cmd_vel,0.0,0.0,,,,,,,,
1785764803424872678,901789009010,cmd_vel,0.0,0.0,,,,,,,,
1785764803475364945,901839501277,cmd_vel,0.0,0.0,,,,,,,,
1785764803482740270,901846876493,/epuck1/state,,,,7,6605,,,0.082938052713871,0.0,0.0
1785764803525879420,901890016077,cmd_vel,0.0,0.0,,,,,,,,
1785764803575130731,901939267171,cmd_vel,0.0,0.0,,,,,,,,
1785764803583604879,901947740994,/epuck1/state,,,,7,6606,,,0.082938052713871,0.0,0.0
1785764803625582006,901989718306,cmd_vel,0.0,0.0,,,,,,,,
1785764803674756502,902038893224,cmd_vel,0.0,0.0,,,,,,,,
1785764803703077982,902067214071,/epuck1/state,,,,7,6607,,,0.082938052713871,0.0,0.0
1785764803724721103,902088857614,cmd_vel,0.0,0.0,,,,,,,,
1785764803776046194,902140183337,cmd_vel,0.0,0.0,,,,,,,,
1785764803803007711,902167144011,/epuck1/state,,,,7,6608,,,0.082938052713871,0.0,0.0
1785764803825132444,902189269165,cmd_vel,0.0,0.0,,,,,,,,
1785764803875867328,902240004472,cmd_vel,0.0,0.0,,,,,,,,
1785764803922576199,902286712815,/epuck1/state,,,,7,6609,,,0.082938052713871,0.0,0.0
1785764803924500643,902288636416,cmd_vel,0.0,0.0,,,,,,,,
1785764803976552264,902340688670,cmd_vel,0.0,0.0,,,,,,,,
1785764804023573213,902387709407,/epuck1/state,,,,7,6610,,,0.082938052713871,0.0,0.0
1785764804024450932,902388587126,cmd_vel,0.0,0.0,,,,,,,,
1785764804074895352,902439031652,cmd_vel,0.0,0.0,,,,,,,,
1785764804123537523,902487673718,/epuck1/state,,,,7,6611,,,0.082938052713871,0.0,0.0
1785764804124708764,902488845802,cmd_vel,0.0,0.0,,,,,,,,
1785764804175022133,902539159170,cmd_vel,0.0,0.0,,,,,,,,
1785764804224751199,902588887710,cmd_vel,0.0,0.0,,,,,,,,
1785764804239663772,902603799756,/epuck_bridge/status,,,,,,True,7544,,,
1785764804242870582,902607006988,/epuck1/state,,,,7,6612,,,0.082938052713871,0.0,0.0
1785764804275191402,902639327807,cmd_vel,0.0,0.0,,,,,,,,
1785764804324581190,902688717489,cmd_vel,0.0,0.0,,,,,,,,
1785764804363159696,902727296628,/epuck1/state,,,,7,6613,,,0.082938052713871,0.0,0.0
1785764804374907421,902739044248,cmd_vel,0.0,0.0,,,,,,,,
1785764804425391906,902789528311,cmd_vel,0.0,0.0,,,,,,,,
1785764804463476886,902827613081,/epuck1/state,,,,7,6614,,,0.082938052713871,0.0,0.0
1785764804476428219,902840565363,cmd_vel,0.0,0.0,,,,,,,,
1785764804525007553,902889143748,cmd_vel,0.0,0.0,,,,,,,,
1785764804575194088,902939330282,cmd_vel,0.0,0.0,,,,,,,,
1785764804583255289,902947391589,/epuck1/state,,,,7,6615,,,0.082938052713871,0.0,0.0
1785764804624751512,902988887706,cmd_vel,0.0,0.0,,,,,,,,
1785764804675291242,903039427437,cmd_vel,0.0,0.0,,,,,,,,
1785764804702642645,903066779156,/epuck1/state,,,,7,6616,,,0.082938052713871,0.0,0.0
1785764804724803541,903088939946,cmd_vel,0.0,0.0,,,,,,,,
1785764804776430378,903140567627,cmd_vel,0.0,0.0,,,,,,,,
1785764804822227475,903186364091,/epuck1/state,,,,7,6617,,,0.082938052713871,0.0,0.0
1785764804824274221,903188410837,cmd_vel,0.0,0.0,,,,,,,,
1785764804874534557,903238670752,cmd_vel,0.0,0.0,,,,,,,,
1785764804922996230,903287132846,/epuck1/state,,,,7,6618,,,0.082938052713871,0.0,0.0
1785764804924878290,903289014590,cmd_vel,0.0,0.0,,,,,,,,
1785764804975282752,903339419052,cmd_vel,0.0,0.0,,,,,,,,
1785764805024169947,903388305930,/epuck1/state,,,,7,6619,,,0.082938052713871,0.0,0.0
1785764805025076554,903389212959,cmd_vel,0.0,0.0,,,,,,,,
1785764805075358399,903439494593,cmd_vel,0.0,0.0,,,,,,,,
1785764805124846765,903488983170,cmd_vel,0.0,0.0,,,,,,,,
1785764805143025084,903507161489,/epuck1/state,,,,7,6620,,,0.082938052713871,0.0,0.0
1785764805175469575,903539605875,cmd_vel,0.0,0.0,,,,,,,,
1785764805224817401,903588953701,cmd_vel,0.0,0.0,,,,,,,,
1785764805239719115,903603855309,/epuck_bridge/status,,,,,,True,7553,,,
1785764805263326006,903627461990,/epuck1/state,,,,7,6621,,,0.082938052713871,0.0,0.0
1785764805274769666,903638906388,cmd_vel,0.0,0.0,,,,,,,,
1785764805324814395,903688951328,cmd_vel,0.0,0.0,,,,,,,,
1785764805362935117,903727071417,/epuck1/state,,,,7,6622,,,0.082938052713871,0.0,0.0
1785764805375404206,903739540506,cmd_vel,0.0,0.0,,,,,,,,
1785764805425452941,903789589241,cmd_vel,0.0,0.0,,,,,,,,
1785764805475684811,903839821111,cmd_vel,0.0,0.0,,,,,,,,
1785764805482982054,903847118038,/epuck1/state,,,,7,6623,,,0.082938052713871,0.0,0.0
1785764805525370018,903889506634,cmd_vel,0.0,0.0,,,,,,,,
1785764805575196293,903939332803,cmd_vel,0.0,0.0,,,,,,,,
1785764805602433408,903966569813,/epuck1/state,,,,7,6624,,,0.082938052713871,0.0,0.0
1785764805626215843,903990352459,cmd_vel,0.0,0.0,,,,,,,,
1785764805675397297,904039534441,cmd_vel,0.0,0.0,,,,,,,,
1785764805702828196,904066964601,/epuck1/state,,,,7,6625,,,0.082938052713871,0.0,0.0
1785764805724695675,904088832081,cmd_vel,0.0,0.0,,,,,,,,
1785764805774667762,904138804589,cmd_vel,0.0,0.0,,,,,,,,
1785764805803066312,904167202507,/epuck1/state,,,,7,6626,,,0.082938052713871,0.0,0.0
1785764805825294579,904189430879,cmd_vel,0.0,0.0,,,,,,,,
1785764805875311263,904239447774,cmd_vel,0.0,0.0,,,,,,,,
1785764805903514871,904267650959,/epuck1/state,,,,7,6627,,,0.082938052713871,0.0,0.0
1785764805926326069,904290462474,cmd_vel,0.0,0.0,,,,,,,,
1785764805974663437,904338800053,cmd_vel,0.0,0.0,,,,,,,,
1785764806023211036,904387347231,/epuck1/state,,,,7,6628,,,0.082938052713871,0.0,0.0
1785764806024896889,904389033610,cmd_vel,0.0,0.0,,,,,,,,
1785764806074818157,904438954352,cmd_vel,0.0,0.0,,,,,,,,
1785764806125214290,904489350695,cmd_vel,0.0,0.0,,,,,,,,
1785764806142661968,904506798162,/epuck1/state,,,,7,6629,,,0.082938052713871,0.0,0.0
1785764806175405675,904539542923,cmd_vel,0.0,0.0,,,,,,,,
1785764806224775008,904588911624,cmd_vel,0.0,0.0,,,,,,,,
1785764806239600706,904603736689,/epuck_bridge/status,,,,,,True,7562,,,
1785764806263250086,904627386702,/epuck1/state,,,,7,6630,,,0.082938052713871,0.0,0.0
1785764806275240726,904639377447,cmd_vel,0.0,0.0,,,,,,,,
1785764806325429791,904689566301,cmd_vel,0.0,0.0,,,,,,,,
1785764806362664781,904726801081,/epuck1/state,,,,7,6631,,,0.082938052713871,0.0,0.0
1785764806374818945,904738955772,cmd_vel,0.0,0.0,,,,,,,,
1785764806425340331,904789476736,cmd_vel,0.0,0.0,,,,,,,,
1785764806475399399,904839536120,cmd_vel,0.0,0.0,,,,,,,,
1785764806483149998,904847286297,/epuck1/state,,,,7,6632,,,0.082938052713871,0.0,0.0
1785764806524807742,904888943936,cmd_vel,0.0,0.0,,,,,,,,
1785764806575567930,904939704124,cmd_vel,0.0,0.0,,,,,,,,
1785764806602755492,904966891687,/epuck1/state,,,,7,6633,,,0.082938052713871,0.0,0.0
1785764806624852286,904988989007,cmd_vel,0.0,0.0,,,,,,,,
1785764806674670864,905038807058,cmd_vel,0.0,0.0,,,,,,,,
1785764806702923075,905067059480,/epuck1/state,,,,7,6634,,,0.082938052713871,0.0,0.0
1785764806725116760,905089253060,cmd_vel,0.0,0.0,,,,,,,,
1785764806776365835,905140502557,cmd_vel,0.0,0.0,,,,,,,,
1785764806803634791,905167772461,/epuck1/state,,,,7,6635,,,0.082938052713871,0.0,0.0
1785764806826277404,905190414336,cmd_vel,0.0,0.0,,,,,,,,
1785764806874866332,905239002632,cmd_vel,0.0,0.0,,,,,,,,
1785764806923107125,905287243741,/epuck1/state,,,,7,6636,,,0.082938052713871,0.0,0.0
1785764806924615220,905288751730,cmd_vel,0.0,0.0,,,,,,,,
1785764806975988388,905340124793,cmd_vel,0.0,0.0,,,,,,,,
1785764807023338916,905387475426,/epuck1/state,,,,7,6637,,,0.082938052713871,0.0,0.0
1785764807026871615,905391008969,cmd_vel,0.0,0.0,,,,,,,,
1785764807075239769,905439376702,cmd_vel,0.0,0.0,,,,,,,,
1785764807124269824,905488407389,/epuck1/state,,,,7,6638,,,0.082938052713871,0.0,0.0
1785764807127483487,905491620208,cmd_vel,0.0,0.0,,,,,,,,
1785764807174479132,905538615748,cmd_vel,0.0,0.0,,,,,,,,
1785764807225556880,905589693180,cmd_vel,0.0,0.0,,,,,,,,
1785764807239528265,905603664248,/epuck_bridge/status,,,,,,True,7571,,,
1785764807242460320,905606596514,/epuck1/state,,,,7,6639,,,0.082938052713871,0.0,0.0
1785764807275693229,905639829634,cmd_vel,0.0,0.0,,,,,,,,
1785764807325364835,905689501346,cmd_vel,0.0,0.0,,,,,,,,
1785764807342473023,905706609640,/epuck1/state,,,,7,6640,,,0.082938052713871,0.0,0.0
1785764807375255740,905739392566,cmd_vel,0.0,0.0,,,,,,,,
1785764807424536300,905788672494,cmd_vel,0.0,0.0,,,,,,,,
1785764807443262653,905807398953,/epuck1/state,,,,7,6641,,,0.082938052713871,0.0,0.0
1785764807474945084,905839081384,cmd_vel,0.0,0.0,,,,,,,,
1785764807524611841,905888748351,cmd_vel,0.0,0.0,,,,,,,,
1785764807563375274,905927512101,/epuck1/state,,,,7,6642,,,0.082938052713871,0.0,0.0
1785764807574936491,905939072685,cmd_vel,0.0,0.0,,,,,,,,
1785764807625577646,905989714157,cmd_vel,0.0,0.0,,,,,,,,
1785764807663518608,906027655434,/epuck1/state,,,,7,6643,,,0.082938052713871,0.0,0.0
1785764807674995795,906039132833,cmd_vel,0.0,0.0,,,,,,,,
1785764807725041262,906089177562,cmd_vel,0.0,0.0,,,,,,,,
1785764807764921112,906129057622,/epuck1/state,,,,7,6644,,,0.082938052713871,0.0,0.0
1785764807774950933,906139087338,cmd_vel,0.0,0.0,,,,,,,,
1785764807825019700,906189156211,cmd_vel,0.0,0.0,,,,,,,,
1785764807875135279,906239272106,cmd_vel,0.0,0.0,,,,,,,,
1785764807883260477,906247397620,/epuck1/state,,,,7,6645,,,0.082938052713871,0.0,0.0
1785764807924849585,906288986096,cmd_vel,0.0,0.0,,,,,,,,
1785764807975692432,906339829259,cmd_vel,0.0,0.0,,,,,,,,
1785764808003349903,906367486730,/epuck1/state,,,,7,6646,,,0.082938052713871,0.0,0.0
1785764808025071992,906389208292,cmd_vel,0.0,0.0,,,,,,,,
1785764808075487314,906439623613,cmd_vel,0.0,0.0,,,,,,,,
1785764808122808004,906486944409,/epuck1/state,,,,7,6647,,,0.082938052713871,0.0,0.0
1785764808124618899,906488755093,cmd_vel,0.0,0.0,,,,,,,,
1785764808175457423,906539594882,cmd_vel,0.0,0.0,,,,,,,,
1785764808223015018,906587151740,/epuck1/state,,,,7,6648,,,0.082938052713871,0.0,0.0
1785764808225631411,906589767816,cmd_vel,0.0,0.0,,,,,,,,
1785764808240038334,906604174950,/epuck_bridge/status,,,,,,True,7580,,,
1785764808275499437,906639635736,cmd_vel,0.0,0.0,,,,,,,,
1785764808322886654,906687023165,/epuck1/state,,,,7,6649,,,0.082938052713871,0.0,0.0
1785764808325020803,906689157208,cmd_vel,0.0,0.0,,,,,,,,
1785764808376136085,906740272806,cmd_vel,0.0,0.0,,,,,,,,
1785764808423173375,906787311783,/epuck1/state,,,,7,6650,,,0.082938052713871,0.0,0.0
1785764808424795125,906788931741,cmd_vel,0.0,0.0,,,,,,,,
1785764808475380297,906839517124,cmd_vel,0.0,0.0,,,,,,,,
1785764808525474368,906889610984,cmd_vel,0.0,0.0,,,,,,,,
1785764808542502744,906906638938,/epuck1/state,,,,7,6651,,,0.082938052713871,0.0,0.0
1785764808574883449,906939020065,cmd_vel,0.0,0.0,,,,,,,,
1785764808624973408,906989109603,cmd_vel,0.0,0.0,,,,,,,,
1785764808642532633,907006669038,/epuck1/state,,,,7,6652,,,0.082938052713871,0.0,0.0
1785764808675007910,907039144210,cmd_vel,0.0,0.0,,,,,,,,
1785764808724836399,907088972593,cmd_vel,0.0,0.0,,,,,,,,
1785764808742672698,907106808998,/epuck1/state,,,,7,6653,,,0.082938052713871,0.0,0.0
1785764808774607954,907138744359,cmd_vel,0.0,0.0,,,,,,,,
1785764808825144417,907189280927,cmd_vel,0.0,0.0,,,,,,,,
1785764808842760680,907206896874,/epuck1/state,,,,7,6654,,,0.082938052713871,0.0,0.0
1785764808875543396,907239680012,cmd_vel,0.0,0.0,,,,,,,,
1785764808924857378,907288994205,cmd_vel,0.0,0.0,,,,,,,,
1785764808943133222,907307269732,/epuck1/state,,,,7,6655,,,0.082938052713871,0.0,0.0
1785764808974795832,907338932026,cmd_vel,0.0,0.0,,,,,,,,
1785764809024637710,907388774221,cmd_vel,0.0,0.0,,,,,,,,
1785764809062797126,907426933320,/epuck1/state,,,,7,6656,,,0.082938052713871,0.0,0.0
1785764809075208754,907439345475,cmd_vel,0.0,0.0,,,,,,,,
1785764809125533931,907489670231,cmd_vel,0.0,0.0,,,,,,,,
1785764809163544161,907527681304,/epuck1/state,,,,7,6657,,,0.082938052713871,0.0,0.0
1785764809176027377,907540163993,cmd_vel,0.0,0.0,,,,,,,,
1785764809225131656,907589268166,cmd_vel,0.0,0.0,,,,,,,,
1785764809240082501,907604218589,/epuck_bridge/status,,,,,,True,7589,,,
1785764809275111650,907639247949,cmd_vel,0.0,0.0,,,,,,,,
1785764809282509369,907646645458,/epuck1/state,,,,7,6658,,,0.082938052713871,0.0,0.0
1785764809325186805,909667115844,cmd_vel,0.0,0.0,,,,,,,,
1785764809375076233,909717006220,cmd_vel,0.0,0.0,,,,,,,,
1785764809385284023,909727213589,/epuck1/state,,,,7,6659,,,0.082938052713871,0.0,0.0
1785764809425246953,909767176202,cmd_vel,0.0,0.0,,,,,,,,
1785764809475301276,909817230525,cmd_vel,0.0,0.0,,,,,,,,
1785764809502830753,909844759792,/epuck1/state,,,,7,6660,,,0.082938052713871,0.0,0.0
1785764809524451944,909866381088,cmd_vel,0.0,0.0,,,,,,,,
1785764809574607060,909916536099,cmd_vel,0.0,0.0,,,,,,,,
1785764809602890374,909944819623,/epuck1/state,,,,7,6661,,,0.082938052713871,0.0,0.0
1785764809624559852,909966488786,cmd_vel,0.0,0.0,,,,,,,,
1785764809674906221,910016835366,cmd_vel,0.0,0.0,,,,,,,,
1785764809723799531,910065728781,/epuck1/state,,,,7,6662,,,0.082938052713871,0.0,0.0
1785764809725893720,910067822759,cmd_vel,0.0,0.0,,,,,,,,
1785764809775066846,910116996622,cmd_vel,0.0,0.0,,,,,,,,
1785764809825054009,910166983048,cmd_vel,0.0,0.0,,,,,,,,
1785764809843241923,910185170751,/epuck1/state,,,,7,6663,,,0.082938052713871,0.0,0.0
1785764809874890721,910216819654,cmd_vel,0.0,0.0,,,,,,,,
1785764809924456369,910266385829,cmd_vel,0.0,0.0,,,,,,,,
1785764809963683807,910305612846,/epuck1/state,,,,7,6664,,,0.082938052713871,0.0,0.0
1785764809974927990,910316857029,cmd_vel,0.0,0.0,,,,,,,,
1785764810026198152,910368127296,cmd_vel,0.0,0.0,,,,,,,,
1785764810075914250,910417843394,cmd_vel,0.0,0.0,,,,,,,,
1785764810082685389,910424614744,/epuck1/state,,,,7,6665,,,0.082938052713871,0.0,0.0
1785764810124518782,910466448770,cmd_vel,0.0,0.0,,,,,,,,
1785764810175189354,910517118603,cmd_vel,0.0,0.0,,,,,,,,
1785764810202832908,910544761841,/epuck1/state,,,,7,6666,,,0.082938052713871,0.0,0.0
1785764810224643981,910566573020,cmd_vel,0.0,0.0,,,,,,,,
1785764810240223726,910582153187,/epuck_bridge/status,,,,,,True,7615,,,
1785764810276584688,910618514254,cmd_vel,0.0,0.0,,,,,,,,
1785764810303218629,910645147984,/epuck1/state,,,,7,6667,,,0.082938052713871,0.0,0.0
1785764810324810932,910666740814,cmd_vel,0.0,0.0,,,,,,,,
1785764810375723258,910717652718,cmd_vel,0.0,0.0,,,,,,,,
1785764810422923651,910764852690,/epuck1/state,,,,7,6668,,,0.082938052713871,0.0,0.0
1785764810425016786,910766946036,cmd_vel,0.0,0.0,,,,,,,,
1785764810475594577,910817523722,cmd_vel,0.0,0.0,,,,,,,,
1785764810522938990,910864868134,/epuck1/state,,,,7,6669,,,0.082938052713871,0.0,0.0
1785764810524692530,910866621885,cmd_vel,0.0,0.0,,,,,,,,
1785764810575027723,910916956762,cmd_vel,0.0,0.0,,,,,,,,
1785764810624779563,910966710605,cmd_vel,0.0,0.0,,,,,,,,
1785764810642767684,910984696512,/epuck1/state,,,,7,6670,,,0.082938052713871,0.0,0.0
1785764810675586563,911017515707,cmd_vel,0.0,0.0,,,,,,,,
1785764810724367693,911066296943,cmd_vel,0.0,0.0,,,,,,,,
1785764810762848991,911104778241,/epuck1/state,,,,7,6671,,,0.082938052713871,0.0,0.0
1785764810775077696,911117007367,cmd_vel,0.0,0.0,,,,,,,,
1785764810824478975,911166408119,cmd_vel,0.0,0.0,,,,,,,,
1785764810875399631,911217328669,cmd_vel,0.0,0.0,,,,,,,,
1785764810882795558,911224724596,/epuck1/state,,,,7,6672,,,0.082938052713871,0.0,0.0
1785764810926407900,911268337149,cmd_vel,0.0,0.0,,,,,,,,
1785764810975513127,911317442271,cmd_vel,0.0,0.0,,,,,,,,
1785764811002838699,911344768054,/epuck1/state,,,,7,6673,,,0.082938052713871,0.0,0.0
1785764811024673706,911366603061,cmd_vel,0.0,0.0,,,,,,,,
1785764811075097672,911417027133,cmd_vel,0.0,0.0,,,,,,,,
1785764811102976339,911444905378,/epuck1/state,,,,7,6674,,,0.082938052713871,0.0,0.0
1785764811125079669,911467009025,cmd_vel,0.0,0.0,,,,,,,,
1785764811175038788,911516968776,cmd_vel,0.0,0.0,,,,,,,,
1785764811224278440,911566207901,/epuck1/state,,,,7,6675,,,0.082938052713871,0.0,0.0
1785764811225101440,911567030795,cmd_vel,0.0,0.0,,,,,,,,
1785764811239495184,911581424328,/epuck_bridge/status,,,,,,True,7624,,,
1785764811274667088,911616595915,cmd_vel,0.0,0.0,,,,,,,,
1785764811323248952,911665177885,/epuck1/state,,,,7,6676,,,0.082938052713871,0.0,0.0
1785764811324449081,911666378014,cmd_vel,0.0,0.0,,,,,,,,
1785764811374671989,911716601028,cmd_vel,0.0,0.0,,,,,,,,
1785764811424569219,911766498574,cmd_vel,0.0,0.0,,,,,,,,
1785764811443962217,911785891256,/epuck1/state,,,,7,6677,,,0.082938052713871,0.0,0.0
1785764811475390452,911817320018,cmd_vel,0.0,0.0,,,,,,,,
1785764811524964324,911866893468,cmd_vel,0.0,0.0,,,,,,,,
1785764811543535060,911885464099,/epuck1/state,,,,7,6678,,,0.082938052713871,0.0,0.0
1785764811575726199,911917655659,cmd_vel,0.0,0.0,,,,,,,,
1785764811625080221,911967009260,cmd_vel,0.0,0.0,,,,,,,,
1785764811663332878,912005262550,/epuck1/state,,,,7,6679,,,0.082938052713871,0.0,0.0
1785764811674882392,912016811747,cmd_vel,0.0,0.0,,,,,,,,
1785764811724563863,912066493007,cmd_vel,0.0,0.0,,,,,,,,
1785764811762981388,912104911059,/epuck1/state,,,,7,6680,,,0.082938052713871,0.0,0.0
1785764811775573028,912117502910,cmd_vel,0.0,0.0,,,,,,,,
1785764811824848232,912166777798,cmd_vel,0.0,0.0,,,,,,,,
1785764811863325844,912205254777,/epuck1/state,,,,7,6681,,,0.082938052713871,0.0,0.0
1785764811875282995,912217212455,cmd_vel,0.0,0.0,,,,,,,,
1785764811925230216,912267159781,cmd_vel,0.0,0.0,,,,,,,,
1785764811975147077,912317076432,cmd_vel,0.0,0.0,,,,,,,,
1785764811982698224,912324627157,/epuck1/state,,,,7,6682,,,0.082938052713871,0.0,0.0
1785764812024915726,912366844764,cmd_vel,0.0,0.0,,,,,,,,
1785764812074850719,912416780601,cmd_vel,0.0,0.0,,,,,,,,
1785764812082807711,912424736749,/epuck1/state,,,,7,6683,,,0.082938052713871,0.0,0.0
1785764812126556251,912468485290,cmd_vel,0.0,0.0,,,,,,,,
1785764812174867230,912516796585,cmd_vel,0.0,0.0,,,,,,,,
1785764812202661202,912544590029,/epuck1/state,,,,7,6684,,,0.082938052713871,0.0,0.0
1785764812224693646,912566622579,cmd_vel,0.0,0.0,,,,,,,,
1785764812239553908,912581483052,/epuck_bridge/status,,,,,,True,7633,,,
1785764812274915577,912616844510,cmd_vel,0.0,0.0,,,,,,,,
1785764812303024526,912644954092,/epuck1/state,,,,7,6685,,,0.082938052713871,0.0,0.0
1785764812324836655,912666765693,cmd_vel,0.0,0.0,,,,,,,,
1785764812375804919,912717734379,cmd_vel,0.0,0.0,,,,,,,,
1785764812422534156,912764463194,/epuck1/state,,,,7,6686,,,0.082938052713871,0.0,0.0
1785764812424351499,912766280749,cmd_vel,0.0,0.0,,,,,,,,
1785764812475529011,912817458366,cmd_vel,0.0,0.0,,,,,,,,
1785764812523245770,912865175124,/epuck1/state,,,,7,6687,,,0.082938052713871,0.0,0.0
1785764812524567876,912866497442,cmd_vel,0.0,0.0,,,,,,,,
1785764812574856218,912916785151,cmd_vel,0.0,0.0,,,,,,,,
1785764812624536530,912966465990,cmd_vel,0.0,0.0,,,,,,,,
1785764812624835801,912966764524,/epuck1/state,,,,7,6688,,,0.082938052713871,0.0,0.0
1785764812676261985,913018191867,cmd_vel,0.0,0.0,,,,,,,,
1785764812724859797,913066788836,cmd_vel,0.0,0.0,,,,,,,,
1785764812743179864,913085108586,/epuck1/state,,,,7,6689,,,0.082938052713871,0.0,0.0
1785764812775313218,913117242256,cmd_vel,0.0,0.0,,,,,,,,
1785764812824933865,913166862903,cmd_vel,0.0,0.0,,,,,,,,
1785764812842855887,913184785769,/epuck1/state,,,,7,6690,,,0.082938052713871,0.0,0.0
1785764812875205762,913217134906,cmd_vel,0.0,0.0,,,,,,,,
1785764812925620390,913267550483,cmd_vel,0.0,0.0,,,,,,,,
1785764812963201558,913305130280,/epuck1/state,,,,7,6691,,,0.082938052713871,0.0,0.0
1785764812975076696,913317005840,cmd_vel,0.0,0.0,,,,,,,,
1785764813025657668,913367587339,cmd_vel,0.0,0.0,,,,,,,,
1785764813063659439,913405589216,/epuck1/state,,,,7,6692,,,0.082938052713871,0.0,0.0
1785764813077006267,913418935411,cmd_vel,0.0,0.0,,,,,,,,
1785764813124548670,913466477604,cmd_vel,0.0,0.0,,,,,,,,
1785764813175514089,913517443338,cmd_vel,0.0,0.0,,,,,,,,
1785764813182646846,913524576095,/epuck1/state,,,,7,6693,,,0.082938052713871,0.0,0.0
1785764813225340188,913567269543,cmd_vel,0.0,0.0,,,,,,,,
1785764813239860805,913581789528,/epuck_bridge/status,,,,,,True,7642,,,
1785764813276201984,913618131128,cmd_vel,0.0,0.0,,,,,,,,
1785764813282929001,913624858145,/epuck1/state,,,,7,6694,,,0.082938052713871,0.0,0.0
1785764813325029704,913666958638,cmd_vel,0.0,0.0,,,,,,,,
1785764813377001513,913718931290,cmd_vel,0.0,0.0,,,,,,,,
1785764813386416597,913728345530,/epuck1/state,,,,7,6695,,,0.082938052713871,0.0,0.0
1785764813424519355,913766448710,cmd_vel,0.0,0.0,,,,,,,,
1785764813475458103,913817386931,cmd_vel,0.0,0.0,,,,,,,,
1785764813503714844,913845643672,/epuck1/state,,,,7,6696,,,0.082938052713871,0.0,0.0
1785764813525210835,913867139768,cmd_vel,0.0,0.0,,,,,,,,
1785764813575464179,913917394166,cmd_vel,0.0,0.0,,,,,,,,
1785764813623431823,913965360756,/epuck1/state,,,,7,6697,,,0.082938052713871,0.0,0.0
1785764813624373806,913966302950,cmd_vel,0.0,0.0,,,,,,,,
1785764813675525175,914017454424,cmd_vel,0.0,0.0,,,,,,,,
1785764813725446464,914067375502,cmd_vel,0.0,0.0,,,,,,,,
1785764813742970969,914084899796,/epuck1/state,,,,7,6698,,,0.082938052713871,0.0,0.0
1785764813775348989,914117278028,cmd_vel,0.0,0.0,,,,,,,,
1785764813824761127,914166691430,cmd_vel,0.0,0.0,,,,,,,,
1785764813843479554,914185408487,/epuck1/state,,,,7,6699,,,0.082938052713871,0.0,0.0
1785764813875938638,914217868731,cmd_vel,0.0,0.0,,,,,,,,
1785764813924771419,914266700879,cmd_vel,0.0,0.0,,,,,,,,
1785764813963372365,914305302985,/epuck1/state,,,,7,6700,,,0.082938052713871,0.0,0.0
1785764813974863479,914316793255,cmd_vel,0.0,0.0,,,,,,,,
1785764814025793899,914367723359,cmd_vel,0.0,0.0,,,,,,,,
1785764814063184162,914405113306,/epuck1/state,,,,7,6701,,,0.082938052713871,0.0,0.0
1785764814074772995,914416702139,cmd_vel,0.0,0.0,,,,,,,,
1785764814126008801,914467938261,cmd_vel,0.0,0.0,,,,,,,,
1785764814176522624,914518451873,cmd_vel,0.0,0.0,,,,,,,,
1785764814183604782,914525534453,/epuck1/state,,,,7,6702,,,0.082938052713871,0.0,0.0
1785764814224585879,914566515023,cmd_vel,0.0,0.0,,,,,,,,
1785764814239851354,914581780182,/epuck_bridge/status,,,,,,True,7651,,,
1785764814274777029,914616706067,cmd_vel,0.0,0.0,,,,,,,,
1785764814302985384,914644914317,/epuck1/state,,,,7,6703,,,0.082938052713871,0.0,0.0
1785764814324514580,914666444568,cmd_vel,0.0,0.0,,,,,,,,
1785764814375754919,914717683958,cmd_vel,0.0,0.0,,,,,,,,
1785764814403533922,914745462855,/epuck1/state,,,,7,6704,,,0.082938052713871,0.0,0.0
1785764814426154578,914768083617,cmd_vel,0.0,0.0,,,,,,,,
1785764814475020986,914816950340,cmd_vel,0.0,0.0,,,,,,,,
1785764814522662478,914864591517,/epuck1/state,,,,7,6705,,,0.082938052713871,0.0,0.0
1785764814525819955,914867749204,cmd_vel,0.0,0.0,,,,,,,,
1785764814575229140,914917158390,cmd_vel,0.0,0.0,,,,,,,,
1785764814624533334,914966462478,/epuck1/state,,,,7,6706,,,0.082938052713871,0.0,0.0
1785764814625165504,914967094648,cmd_vel,0.0,0.0,,,,,,,,
1785764814675144349,915017073387,cmd_vel,0.0,0.0,,,,,,,,
1785764814725230717,915067160388,cmd_vel,0.0,0.0,,,,,,,,
1785764814742678374,915084607307,/epuck1/state,,,,7,6707,,,0.082938052713871,0.0,0.0
1785764814775643553,915117573329,cmd_vel,0.0,0.0,,,,,,,,
1785764814824788781,915166717820,cmd_vel,0.0,0.0,,,,,,,,
1785764814843067842,915184996880,/epuck1/state,,,,7,6708,,,0.082938052713871,0.0,0.0
1785764814875226495,915217156060,cmd_vel,0.0,0.0,,,,,,,,
1785764814924869701,915266798739,cmd_vel,0.0,0.0,,,,,,,,
1785764814962829728,915304758977,/epuck1/state,,,,7,6709,,,0.082938052713871,0.0,0.0
1785764814974970405,915316899865,cmd_vel,0.0,0.0,,,,,,,,
1785764815026021736,915367951090,cmd_vel,0.0,0.0,,,,,,,,
1785764815062988970,915404917903,/epuck1/state,,,,7,6710,,,0.082938052713871,0.0,0.0
1785764815074927041,915416856079,cmd_vel,0.0,0.0,,,,,,,,
1785764815125065167,915466994206,cmd_vel,0.0,0.0,,,,,,,,
1785764815175974083,915517903016,cmd_vel,0.0,0.0,,,,,,,,
1785764815183964808,915525893952,/epuck1/state,,,,7,6711,,,0.082938052713871,0.0,0.0
1785764815224920395,915566849644,cmd_vel,0.0,0.0,,,,,,,,
1785764815241635528,915583564356,/epuck_bridge/status,,,,,,True,7660,,,
1785764815276208381,915618138157,cmd_vel,0.0,0.0,,,,,,,,
1785764815303205525,915645134880,/epuck1/state,,,,7,6712,,,0.082938052713871,0.0,0.0
1785764815324555306,915666484977,cmd_vel,0.0,0.0,,,,,,,,
1785764815375358702,915717287952,cmd_vel,0.0,0.0,,,,,,,,
1785764815423515039,915765444077,/epuck1/state,,,,7,6713,,,0.082938052713871,0.0,0.0
1785764815424811530,915766740990,cmd_vel,0.0,0.0,,,,,,,,
1785764815474757907,915816687473,cmd_vel,0.0,0.0,,,,,,,,
1785764815524373284,915866302217,/epuck1/state,,,,7,6714,,,0.082938052713871,0.0,0.0
1785764815524863988,915866792499,cmd_vel,0.0,0.0,,,,,,,,
1785764815575970345,915917899278,cmd_vel,0.0,0.0,,,,,,,,
1785764815625006048,915966935297,cmd_vel,0.0,0.0,,,,,,,,
1785764815642552057,915984480885,/epuck1/state,,,,7,6715,,,0.082938052713871,0.0,0.0
1785764815674874840,916016803984,cmd_vel,0.0,0.0,,,,,,,,
1785764815724542502,916066471646,cmd_vel,0.0,0.0,,,,,,,,
1785764815763304838,916105233560,/epuck1/state,,,,7,6716,,,0.082938052713871,0.0,0.0
1785764815775213920,916117143380,cmd_vel,0.0,0.0,,,,,,,,
1785764815824836464,916166765503,cmd_vel,0.0,0.0,,,,,,,,
1785764815864006753,916205935581,/epuck1/state,,,,7,6717,,,0.082938052713871,0.0,0.0
1785764815875176037,916217105076,cmd_vel,0.0,0.0,,,,,,,,
1785764815924963450,916266893121,cmd_vel,0.0,0.0,,,,,,,,
1785764815975519439,916317448688,cmd_vel,0.0,0.0,,,,,,,,
1785764815982945564,916324874286,/epuck1/state,,,,7,6718,,,0.082938052713871,0.0,0.0
1785764816024586028,916366515383,cmd_vel,0.0,0.0,,,,,,,,
1785764816074936880,916416866024,cmd_vel,0.0,0.0,,,,,,,,
1785764816102701968,916444631112,/epuck1/state,,,,7,6719,,,0.082938052713871,0.0,0.0
1785764816124586622,916466515871,cmd_vel,0.0,0.0,,,,,,,,
1785764816175162639,916517091678,cmd_vel,0.0,0.0,,,,,,,,
1785764816204492182,916546421326,/epuck1/state,,,,7,6720,,,0.082938052713871,0.0,0.0
1785764816224506995,916566437299,cmd_vel,0.0,0.0,,,,,,,,
1785764816242681169,916584609996,/epuck_bridge/status,,,,,,True,7669,,,
1785764816276377923,916618309175,cmd_vel,0.0,0.0,,,,,,,,
1785764816304012297,916645941546,/epuck1/state,,,,7,6721,,,0.082938052713871,0.0,0.0
1785764816325329716,916667258754,cmd_vel,0.0,0.0,,,,,,,,
1785764816375582533,916717512204,cmd_vel,0.0,0.0,,,,,,,,
1785764816423472909,916765402580,/epuck1/state,,,,7,6722,,,0.082938052713871,0.0,0.0
1785764816424860689,916766789938,cmd_vel,0.0,0.0,,,,,,,,
1785764816475687065,916817616104,cmd_vel,0.0,0.0,,,,,,,,
1785764816524559587,916866488625,cmd_vel,0.0,0.0,,,,,,,,
1785764816542814297,916884743546,/epuck1/state,,,,7,6723,,,0.082938052713871,0.0,0.0
1785764816575612604,916917541537,cmd_vel,0.0,0.0,,,,,,,,
1785764816624721254,916966650398,cmd_vel,0.0,0.0,,,,,,,,
1785764816643674966,916985604216,/epuck1/state,,,,7,6724,,,0.082938052713871,0.0,0.0
1785764816674670688,917016599727,cmd_vel,0.0,0.0,,,,,,,,
1785764816725476404,917067405337,cmd_vel,0.0,0.0,,,,,,,,
1785764816763343982,917105273021,/epuck1/state,,,,7,6725,,,0.082938052713871,0.0,0.0
1785764816775432058,917117361307,cmd_vel,0.0,0.0,,,,,,,,
1785764816825835196,917167764340,cmd_vel,0.0,0.0,,,,,,,,
1785764816864020915,917205949848,/epuck1/state,,,,7,6726,,,0.082938052713871,0.0,0.0
1785764816875220031,917217149069,cmd_vel,0.0,0.0,,,,,,,,
1785764816924393299,917266322549,cmd_vel,0.0,0.0,,,,,,,,
1785764816963876564,917305805392,/epuck1/state,,,,7,6727,,,0.082938052713871,0.0,0.0
1785764816975858909,917317787842,cmd_vel,0.0,0.0,,,,,,,,
1785764817024650472,917366579510,cmd_vel,0.0,0.0,,,,,,,,
1785764817075569719,917417499495,cmd_vel,0.0,0.0,,,,,,,,
1785764817082917205,917424846138,/epuck1/state,,,,7,6728,,,0.082938052713871,0.0,0.0
1785764817124530788,917466460248,cmd_vel,0.0,0.0,,,,,,,,
1785764817174906097,917516835451,cmd_vel,0.0,0.0,,,,,,,,
1785764817202882751,917544812001,/epuck1/state,,,,7,6729,,,0.082938052713871,0.0,0.0
1785764817225217208,917567146246,cmd_vel,0.0,0.0,,,,,,,,
1785764817239548501,917581477328,/epuck_bridge/status,,,,,,True,7677,,,
1785764817274997768,917616927123,cmd_vel,0.0,0.0,,,,,,,,
1785764817303126009,917645055153,/epuck1/state,,,,7,6730,,,0.082938052713871,0.0,0.0
1785764817325827202,917667756135,cmd_vel,0.0,0.0,,,,,,,,
1785764817375800144,917717729499,cmd_vel,0.0,0.0,,,,,,,,
1785764817423704435,917765633368,/epuck1/state,,,,7,6731,,,0.082938052713871,0.0,0.0
1785764817424903101,917766831929,cmd_vel,0.0,0.0,,,,,,,,
1785764817475068951,917816998412,cmd_vel,0.0,0.0,,,,,,,,
1785764817524928362,917866857611,cmd_vel,0.0,0.0,,,,,,,,
1785764817542818022,917884747166,/epuck1/state,,,,7,6732,,,0.082938052713871,0.0,0.0
1785764817574729689,917916658728,cmd_vel,0.0,0.0,,,,,,,,
1785764817624658990,917966588239,cmd_vel,0.0,0.0,,,,,,,,
1785764817662997033,918004925755,/epuck1/state,,,,7,6733,,,0.082938052713871,0.0,0.0
1785764817676006851,918017936101,cmd_vel,0.0,0.0,,,,,,,,
1785764817724521385,918066450635,cmd_vel,0.0,0.0,,,,,,,,
1785764817775362204,918117291137,cmd_vel,0.0,0.0,,,,,,,,
1785764817782718229,918124648638,/epuck1/state,,,,7,6734,,,0.082938052713871,0.0,0.0
1785764817824726694,918166656365,cmd_vel,0.0,0.0,,,,,,,,
1785764817875038227,918216967160,cmd_vel,0.0,0.0,,,,,,,,
1785764817882991424,918224920146,/epuck1/state,,,,7,6735,,,0.082938052713871,0.0,0.0
1785764817924919880,918266849024,cmd_vel,0.0,0.0,,,,,,,,
1785764817976621512,918318550761,cmd_vel,0.0,0.0,,,,,,,,
1785764817983930944,918325860615,/epuck1/state,,,,7,6736,,,0.082938052713871,0.0,0.0
1785764818026526040,918368455289,cmd_vel,0.0,0.0,,,,,,,,
1785764818075385701,918417314845,cmd_vel,0.0,0.0,,,,,,,,
1785764818102956827,918444885760,/epuck1/state,,,,7,6737,,,0.082938052713871,0.0,0.0
1785764818125157512,918467086551,cmd_vel,0.0,0.0,,,,,,,,
1785764818175082069,918517011002,cmd_vel,0.0,0.0,,,,,,,,
1785764818202950358,918544879818,/epuck1/state,,,,7,6738,,,0.082938052713871,0.0,0.0
1785764818225545926,918567475070,cmd_vel,0.0,0.0,,,,,,,,
1785764818239957650,918581886477,/epuck_bridge/status,,,,,,True,7686,,,
1785764818275102481,918617032152,cmd_vel,0.0,0.0,,,,,,,,
1785764818323082775,918665011497,/epuck1/state,,,,7,6739,,,0.082938052713871,0.0,0.0
1785764818324392021,918666320849,cmd_vel,0.0,0.0,,,,,,,,
1785764818374904790,918716833829,cmd_vel,0.0,0.0,,,,,,,,
1785764818423391601,918765320428,/epuck1/state,,,,7,6740,,,0.082938052713871,0.0,0.0
1785764818424541987,918766470815,cmd_vel,0.0,0.0,,,,,,,,
1785764818475620199,918817549554,cmd_vel,0.0,0.0,,,,,,,,
1785764818524916592,918866846579,cmd_vel,0.0,0.0,,,,,,,,
1785764818543202188,918885131437,/epuck1/state,,,,7,6741,,,0.082938052713871,0.0,0.0
1785764818574551259,918916480297,cmd_vel,0.0,0.0,,,,,,,,
1785764818625232269,918967161307,cmd_vel,0.0,0.0,,,,,,,,
1785764818663312468,919005241507,/epuck1/state,,,,7,6742,,,0.082938052713871,0.0,0.0
1785764818674779442,919016708902,cmd_vel,0.0,0.0,,,,,,,,
1785764818724925580,919066854935,cmd_vel,0.0,0.0,,,,,,,,
1785764818764509621,919106438765,/epuck1/state,,,,7,6743,,,0.082938052713871,0.0,0.0
1785764818775287185,919117216329,cmd_vel,0.0,0.0,,,,,,,,
1785764818825122772,919167051810,cmd_vel,0.0,0.0,,,,,,,,
1785764818874709897,919216639252,cmd_vel,0.0,0.0,,,,,,,,
1785764818884079231,919226009218,/epuck1/state,,,,7,6744,,,0.082938052713871,0.0,0.0
1785764818925251549,919267180588,cmd_vel,0.0,0.0,,,,,,,,
1785764818975147328,919317076261,cmd_vel,0.0,0.0,,,,,,,,
1785764819002860868,919344789907,/epuck1/state,,,,7,6745,,,0.082938052713871,0.0,0.0
1785764819024629144,919366558816,cmd_vel,0.0,0.0,,,,,,,,
1785764819075986704,919417916270,cmd_vel,0.0,0.0,,,,,,,,
1785764819103336987,919445266447,/epuck1/state,,,,7,6746,,,0.082938052713871,0.0,0.0
1785764819125133408,919467062552,cmd_vel,0.0,0.0,,,,,,,,
1785764819176813641,919518743101,cmd_vel,0.0,0.0,,,,,,,,
1785764819223328149,919565257082,/epuck1/state,,,,7,6747,,,0.082938052713871,0.0,0.0
1785764819224566346,919566495384,cmd_vel,0.0,0.0,,,,,,,,
1785764819239507355,919581436078,/epuck_bridge/status,,,,,,True,7695,,,
1785764819275351716,919617281282,cmd_vel,0.0,0.0,,,,,,,,
1785764819323684832,919665613871,/epuck1/state,,,,7,6748,,,0.082938052713871,0.0,0.0
1785764819324902684,919666831934,cmd_vel,0.0,0.0,,,,,,,,
1785764819375368438,919717297899,cmd_vel,0.0,0.0,,,,,,,,
1785764819425003527,919766932988,cmd_vel,0.0,0.0,,,,,,,,
1785764819442237932,919784166865,/epuck1/state,,,,7,6749,,,0.082938052713871,0.0,0.0
1785764819474707979,919816637123,cmd_vel,0.0,0.0,,,,,,,,
1785764819525882434,919867811578,cmd_vel,0.0,0.0,,,,,,,,
1785764819542708357,919884637185,/epuck1/state,,,,7,6750,,,0.082938052713871,0.0,0.0
1785764819575008371,919916937726,cmd_vel,0.0,0.0,,,,,,,,
1785764819625453148,919967382397,cmd_vel,0.0,0.0,,,,,,,,
1785764819642893351,919984822313,/epuck1/state,,,,7,6751,,,0.082938052713871,0.0,0.0
1785764819675741172,920017670134,cmd_vel,0.0,0.0,,,,,,,,
1785764819725867273,920067796343,cmd_vel,0.0,0.0,,,,,,,,
1785764819743028336,920084957515,/epuck1/state,,,,7,6752,,,0.082938052713871,0.0,0.0
1785764819776110157,920118039444,cmd_vel,0.0,0.0,,,,,,,,
1785764819826697432,920168626503,cmd_vel,0.0,0.0,,,,,,,,
1785764819863358582,920205287977,/epuck1/state,,,,7,6753,,,0.082938052713871,0.0,0.0
1785764819875138627,920217067806,cmd_vel,0.0,0.0,,,,,,,,
1785764819924835403,920266764799,cmd_vel,0.0,0.0,,,,,,,,
1785764819975615728,920317545991,cmd_vel,0.0,0.0,,,,,,,,
1785764819983241303,920325170915,/epuck1/state,,,,7,6754,,,0.082938052713871,0.0,0.0
1785764820025953729,920367882800,cmd_vel,0.0,0.0,,,,,,,,
1785764820076108971,920418038042,cmd_vel,0.0,0.0,,,,,,,,
1785764820083532071,920425460925,/epuck1/state,,,,7,6755,,,0.082938052713871,0.0,0.0
1785764820126344381,920468273993,cmd_vel,0.0,0.0,,,,,,,,
1785764820174956200,920516885596,cmd_vel,0.0,0.0,,,,,,,,
1785764820202865110,920544794505,/epuck1/state,,,,7,6756,,,0.082938052713871,0.0,0.0
1785764820226705024,920568634203,cmd_vel,0.0,0.0,,,,,,,,
1785764820239869134,920581798096,/epuck_bridge/status,,,,,,True,7703,,,
1785764820276212326,920618142588,cmd_vel,0.0,0.0,,,,,,,,
1785764820302818528,920644747599,/epuck1/state,,,,7,6757,,,0.082938052713871,0.0,0.0
1785764820325265819,920667195107,cmd_vel,0.0,0.0,,,,,,,,
1785764820375936728,920717866124,cmd_vel,0.0,0.0,,,,,,,,
1785764820403479580,920745408542,/epuck1/state,,,,7,6758,,,0.082938052713871,0.0,0.0
1785764820425117188,920767046476,cmd_vel,0.0,0.0,,,,,,,,
1785764820476557154,920818486442,cmd_vel,0.0,0.0,,,,,,,,
1785764820523301418,920865230813,/epuck1/state,,,,7,6759,,,0.082938052713871,0.0,0.0
1785764820525741948,920867672752,cmd_vel,0.0,0.0,,,,,,,,
1785764820574802267,920916731446,cmd_vel,0.0,0.0,,,,,,,,
1785764820624488427,920966417389,cmd_vel,0.0,0.0,,,,,,,,
1785764820642777131,920984706635,/epuck1/state,,,,7,6760,,,0.082938052713871,0.0,0.0
1785764820676023401,921017952688,cmd_vel,0.0,0.0,,,,,,,,
1785764820726277010,921068207056,cmd_vel,0.0,0.0,,,,,,,,
1785764820743377949,921085307020,/epuck1/state,,,,7,6761,,,0.082938052713871,0.0,0.0
1785764820776186336,921118115949,cmd_vel,0.0,0.0,,,,,,,,
1785764820825117739,921167047459,cmd_vel,0.0,0.0,,,,,,,,
1785764820863976427,921205905390,/epuck1/state,,,,7,6762,,,0.082938052713871,0.0,0.0
1785764820875255323,921217185260,cmd_vel,0.0,0.0,,,,,,,,
1785764820925545874,921267474836,cmd_vel,0.0,0.0,,,,,,,,
1785764820976949006,921318878510,cmd_vel,0.0,0.0,,,,,,,,
1785764820982794233,921324724495,/epuck1/state,,,,7,6763,,,0.082938052713871,0.0,0.0
1785764821025889292,921367818471,cmd_vel,0.0,0.0,,,,,,,,
1785764821074920794,921416849973,cmd_vel,0.0,0.0,,,,,,,,
1785764821103336270,921445266316,/epuck1/state,,,,7,6764,,,0.082938052713871,0.0,0.0
1785764821126144635,921468074789,cmd_vel,0.0,0.0,,,,,,,,
1785764821177154085,921519083264,cmd_vel,0.0,0.0,,,,,,,,
1785764821222726942,921564656879,/epuck1/state,,,,7,6765,,,0.082938052713871,0.0,0.0
1785764821224738581,921566669060,cmd_vel,0.0,0.0,,,,,,,,
1785764821240074447,921582003517,/epuck_bridge/status,,,,,,True,7711,,,
1785764821274859590,921616789311,cmd_vel,0.0,0.0,,,,,,,,
1785764821323520701,921665449880,/epuck1/state,,,,7,6766,,,0.082938052713871,0.0,0.0
1785764821325849107,921667778286,cmd_vel,0.0,0.0,,,,,,,,
1785764821375331600,921717261537,cmd_vel,0.0,0.0,,,,,,,,
1785764821425003135,921766932422,cmd_vel,0.0,0.0,,,,,,,,
1785764821443104964,921785034143,/epuck1/state,,,,7,6767,,,0.082938052713871,0.0,0.0
1785764821475295961,921817225465,cmd_vel,0.0,0.0,,,,,,,,
1785764821525991786,921867921182,cmd_vel,0.0,0.0,,,,,,,,
1785764821563894001,921905823071,/epuck1/state,,,,7,6768,,,0.082938052713871,0.0,0.0
1785764821575226196,921917156025,cmd_vel,0.0,0.0,,,,,,,,
1785764821624979197,921966908376,cmd_vel,0.0,0.0,,,,,,,,
1785764821676961805,922018890875,cmd_vel,0.0,0.0,,,,,,,,
1785764821683224872,922025154160,/epuck1/state,,,,7,6769,,,0.082938052713871,0.0,0.0
1785764821726415156,922068344119,cmd_vel,0.0,0.0,,,,,,,,
1785764821776143458,922118072962,cmd_vel,0.0,0.0,,,,,,,,
1785764821803802876,922145732055,/epuck1/state,,,,7,6770,,,0.082938052713871,0.0,0.0
1785764821827077616,922169007012,cmd_vel,0.0,0.0,,,,,,,,
1785764821875318177,922217247248,cmd_vel,0.0,0.0,,,,,,,,
1785764821924026088,922265955809,/epuck1/state,,,,7,6771,,,0.082938052713871,0.0,0.0
1785764821925842945,922267771907,cmd_vel,0.0,0.0,,,,,,,,
1785764821975445688,922317388733,cmd_vel,0.0,0.0,,,,,,,,
1785764822024300173,922366229677,/epuck1/state,,,,7,6772,,,0.082938052713871,0.0,0.0
1785764822024926881,922366856277,cmd_vel,0.0,0.0,,,,,,,,
1785764822075679256,922417608219,cmd_vel,0.0,0.0,,,,,,,,
1785764822124920817,922466849779,cmd_vel,0.0,0.0,,,,,,,,
1785764822143292395,922485221466,/epuck1/state,,,,7,6773,,,0.082938052713871,0.0,0.0
1785764822176089950,922518019020,cmd_vel,0.0,0.0,,,,,,,,
1785764822224951044,922566880223,cmd_vel,0.0,0.0,,,,,,,,
1785764822240131560,922582060955,/epuck_bridge/status,,,,,,True,7720,,,
1785764822262982933,922604912546,/epuck1/state,,,,7,6774,,,0.082938052713871,0.0,0.0
1785764822275702986,922617632165,cmd_vel,0.0,0.0,,,,,,,,
1785764822324533096,922666462167,cmd_vel,0.0,0.0,,,,,,,,
1785764822362817944,922704746690,/epuck1/state,,,,7,6775,,,0.082938052713871,0.0,0.0
1785764822375931246,922717861616,cmd_vel,0.0,0.0,,,,,,,,
1785764822424954840,922766884452,cmd_vel,0.0,0.0,,,,,,,,
1785764822475333249,922817262211,cmd_vel,0.0,0.0,,,,,,,,
1785764822482899890,922824829069,/epuck1/state,,,,7,6776,,,0.082938052713871,0.0,0.0
1785764822524865033,922866793996,cmd_vel,0.0,0.0,,,,,,,,
1785764822575619575,922917548971,cmd_vel,0.0,0.0,,,,,,,,
1785764822583070842,922925000021,/epuck1/state,,,,7,6777,,,0.082938052713871,0.0,0.0
1785764822624694952,922966624131,cmd_vel,0.0,0.0,,,,,,,,
1785764822675439311,923017368490,cmd_vel,0.0,0.0,,,,,,,,
1785764822703046404,923044975800,/epuck1/state,,,,7,6778,,,0.082938052713871,0.0,0.0
1785764822724596263,923066525442,cmd_vel,0.0,0.0,,,,,,,,
1785764822775712096,923117641058,cmd_vel,0.0,0.0,,,,,,,,
1785764822822866400,923164796121,/epuck1/state,,,,7,6779,,,0.082938052713871,0.0,0.0
1785764822824369957,923166299136,cmd_vel,0.0,0.0,,,,,,,,
1785764822875650565,923217579527,cmd_vel,0.0,0.0,,,,,,,,
1785764822923761993,923265691172,/epuck1/state,,,,7,6780,,,0.082938052713871,0.0,0.0
1785764822925534758,923267463829,cmd_vel,0.0,0.0,,,,,,,,
1785764822975505617,923317434688,cmd_vel,0.0,0.0,,,,,,,,
1785764823023812045,923365741224,/epuck1/state,,,,7,6781,,,0.082938052713871,0.0,0.0
1785764823024328253,923366256890,cmd_vel,0.0,0.0,,,,,,,,
1785764823077225842,923419154913,cmd_vel,0.0,0.0,,,,,,,,
1785764823123810856,923465739818,/epuck1/state,,,,7,6782,,,0.082938052713871,0.0,0.0
1785764823125409204,923467338166,cmd_vel,0.0,0.0,,,,,,,,
1785764823175900496,923517829892,cmd_vel,0.0,0.0,,,,,,,,
1785764823224636465,923566565428,cmd_vel,0.0,0.0,,,,,,,,
1785764823240291264,923582220443,/epuck_bridge/status,,,,,,True,7728,,,
1785764823244036776,923585965955,/epuck1/state,,,,7,6783,,,0.082938052713871,0.0,0.0
1785764823274747725,923616676795,cmd_vel,0.0,0.0,,,,,,,,
1785764823324672434,923666601613,cmd_vel,0.0,0.0,,,,,,,,
1785764823362295799,923704225195,/epuck1/state,,,,7,6784,,,0.082938052713871,0.0,0.0
1785764823375853159,923717782663,cmd_vel,0.0,0.0,,,,,,,,
1785764823425981426,923767910930,cmd_vel,0.0,0.0,,,,,,,,
1785764823464677615,923806608094,/epuck1/state,,,,7,6785,,,0.082938052713871,0.0,0.0
1785764823475383645,923817312607,cmd_vel,0.0,0.0,,,,,,,,
1785764823525181604,923867111542,cmd_vel,0.0,0.0,,,,,,,,
1785764823564813034,923906741888,/epuck1/state,,,,7,6786,,,0.082938052713871,0.0,0.0
1785764823574992997,923916922393,cmd_vel,0.0,0.0,,,,,,,,
1785764823624740690,923966670086,cmd_vel,0.0,0.0,,,,,,,,
1785764823674583608,924016512896,cmd_vel,0.0,0.0,,,,,,,,
1785764823682767099,924024696278,/epuck1/state,,,,7,6787,,,0.082938052713871,0.0,0.0
1785764823724851084,924066780263,cmd_vel,0.0,0.0,,,,,,,,
1785764823776121725,924118050796,cmd_vel,0.0,0.0,,,,,,,,
1785764823783037176,924124966138,/epuck1/state,,,,7,6788,,,0.082938052713871,0.0,0.0
1785764823826859801,924168788980,cmd_vel,0.0,0.0,,,,,,,,
1785764823876089444,924218018515,cmd_vel,0.0,0.0,,,,,,,,
1785764823883136519,924225066023,/epuck1/state,,,,7,6789,,,0.082938052713871,0.0,0.0
1785764823925001346,924266931284,cmd_vel,0.0,0.0,,,,,,,,
1785764823976127363,924318056867,cmd_vel,0.0,0.0,,,,,,,,
1785764824002576483,924344506095,/epuck1/state,,,,7,6790,,,0.082938052713871,0.0,0.0
1785764824024492399,924366421362,cmd_vel,0.0,0.0,,,,,,,,
1785764824076774548,924418703618,cmd_vel,0.0,0.0,,,,,,,,
1785764824102967243,924444896205,/epuck1/state,,,,7,6791,,,0.082938052713871,0.0,0.0
1785764824125595883,924467524954,cmd_vel,0.0,0.0,,,,,,,,
1785764824175744626,924517674130,cmd_vel,0.0,0.0,,,,,,,,
1785764824204013419,924545943356,/epuck1/state,,,,7,6792,,,0.082938052713871,0.0,0.0
1785764824226110035,924568040081,cmd_vel,0.0,0.0,,,,,,,,
1785764824239563936,924581492682,/epuck_bridge/status,,,,,,True,7736,,,
1785764824274891721,924616821441,cmd_vel,0.0,0.0,,,,,,,,
1785764824323363790,924665293619,/epuck1/state,,,,7,6793,,,0.082938052713871,0.0,0.0
1785764824325134713,924667064434,cmd_vel,0.0,0.0,,,,,,,,
1785764824374794548,924716723619,cmd_vel,0.0,0.0,,,,,,,,
1785764824423950200,924765879054,/epuck1/state,,,,7,6794,,,0.082938052713871,0.0,0.0
1785764824424504324,924766433287,cmd_vel,0.0,0.0,,,,,,,,
1785764824475346724,924817276228,cmd_vel,0.0,0.0,,,,,,,,
1785764824524081719,924866010573,/epuck1/state,,,,7,6795,,,0.082938052713871,0.0,0.0
1785764824525148692,924867077871,cmd_vel,0.0,0.0,,,,,,,,
1785764824575392010,924917321081,cmd_vel,0.0,0.0,,,,,,,,
1785764824625553102,924967482281,cmd_vel,0.0,0.0,,,,,,,,
1785764824643117274,924985046128,/epuck1/state,,,,7,6796,,,0.082938052713871,0.0,0.0
1785764824674806688,925016735758,cmd_vel,0.0,0.0,,,,,,,,
1785764824724710922,925066640643,cmd_vel,0.0,0.0,,,,,,,,
1785764824763678811,925105607882,/epuck1/state,,,,7,6797,,,0.082938052713871,0.0,0.0
1785764824776194980,925118124051,cmd_vel,0.0,0.0,,,,,,,,
1785764824825122591,925167052311,cmd_vel,0.0,0.0,,,,,,,,
1785764824863924513,925205854125,/epuck1/state,,,,7,6798,,,0.082938052713871,0.0,0.0
1785764824874898667,925216828279,cmd_vel,0.0,0.0,,,,,,,,
1785764824925612909,925267543063,cmd_vel,0.0,0.0,,,,,,,,
1785764824975209152,925317138656,cmd_vel,0.0,0.0,,,,,,,,
1785764824982867010,925324796405,/epuck1/state,,,,7,6799,,,0.082938052713871,0.0,0.0
1785764825024687637,925366616924,cmd_vel,0.0,0.0,,,,,,,,
1785764825074978838,925416908450,cmd_vel,0.0,0.0,,,,,,,,
1785764825082804070,925424733033,/epuck1/state,,,,7,6800,,,0.082938052713871,0.0,0.0
1785764825124577031,925466506210,cmd_vel,0.0,0.0,,,,,,,,
1785764825175302648,925517231827,cmd_vel,0.0,0.0,,,,,,,,
1785764825183112389,925525041676,/epuck1/state,,,,7,6801,,,0.082938052713871,0.0,0.0
1785764825226193039,925568123085,cmd_vel,0.0,0.0,,,,,,,,
1785764825240495515,925582424477,/epuck_bridge/status,,,,,,True,7745,,,
1785764825275001267,925616930554,cmd_vel,0.0,0.0,,,,,,,,
1785764825283125499,925625055003,/epuck1/state,,,,7,6802,,,0.082938052713871,0.0,0.0
1785764825325656684,925667586188,cmd_vel,0.0,0.0,,,,,,,,
1785764825375312185,925717241364,cmd_vel,0.0,0.0,,,,,,,,
1785764825403400170,925745329240,/epuck1/state,,,,7,6803,,,0.082938052713871,0.0,0.0
1785764825425230395,925767159574,cmd_vel,0.0,0.0,,,,,,,,
1785764825475961753,925817891041,cmd_vel,0.0,0.0,,,,,,,,
1785764825503237564,925845166743,/epuck1/state,,,,7,6804,,,0.082938052713871,0.0,0.0
1785764825525771738,925867700700,cmd_vel,0.0,0.0,,,,,,,,
1785764825575746714,925917676110,cmd_vel,0.0,0.0,,,,,,,,
1785764825623608109,925965537288,/epuck1/state,,,,7,6805,,,0.082938052713871,0.0,0.0
1785764825625403624,925967332911,cmd_vel,0.0,0.0,,,,,,,,
1785764825676276032,926018205428,cmd_vel,0.0,0.0,,,,,,,,
1785764825726308750,926068237821,cmd_vel,0.0,0.0,,,,,,,,
1785764825742554290,926084483252,/epuck1/state,,,,7,6806,,,0.082938052713871,0.0,0.0
1785764825775597760,926117527156,cmd_vel,0.0,0.0,,,,,,,,
1785764825824472613,926166401792,cmd_vel,0.0,0.0,,,,,,,,
1785764825843313599,926185242887,/epuck1/state,,,,7,6807,,,0.082938052713871,0.0,0.0
1785764825875733071,926217662466,cmd_vel,0.0,0.0,,,,,,,,
1785764825924699681,926266628860,cmd_vel,0.0,0.0,,,,,,,,
1785764825943810526,926285739380,/epuck1/state,,,,7,6808,,,0.082938052713871,0.0,0.0
1785764825976343747,926318273251,cmd_vel,0.0,0.0,,,,,,,,
1785764826025769257,926367698328,cmd_vel,0.0,0.0,,,,,,,,
1785764826063850655,926405779509,/epuck1/state,,,,7,6809,,,0.082938052713871,0.0,0.0
1785764826075639800,926417569196,cmd_vel,0.0,0.0,,,,,,,,
1785764826124558311,926466487381,cmd_vel,0.0,0.0,,,,,,,,
1785764826175340369,926517269765,cmd_vel,0.0,0.0,,,,,,,,
1785764826182979702,926524908989,/epuck1/state,,,,7,6810,,,0.082938052713871,0.0,0.0
1785764826224796862,926566725825,cmd_vel,0.0,0.0,,,,,,,,
1785764826241388310,926583317272,/epuck_bridge/status,,,,,,True,7754,,,
1785764826275538946,926617468450,cmd_vel,0.0,0.0,,,,,,,,
1785764826283007871,926624936941,/epuck1/state,,,,7,6811,,,0.082938052713871,0.0,0.0
1785764826325881172,926667810784,cmd_vel,0.0,0.0,,,,,,,,
1785764826374751149,926716680870,cmd_vel,0.0,0.0,,,,,,,,
1785764826383004948,926724934235,/epuck1/state,,,,7,6812,,,0.082938052713871,0.0,0.0
1785764826424552575,926766481538,cmd_vel,0.0,0.0,,,,,,,,
1785764826475230417,926817160355,cmd_vel,0.0,0.0,,,,,,,,
1785764826503270843,926845199914,/epuck1/state,,,,7,6813,,,0.082938052713871,0.0,0.0
1785764826525821159,926867750122,cmd_vel,0.0,0.0,,,,,,,,
1785764826576213110,926918142181,cmd_vel,0.0,0.0,,,,,,,,
1785764826603700062,926945629457,/epuck1/state,,,,7,6814,,,0.082938052713871,0.0,0.0
1785764826624468838,926966397800,cmd_vel,0.0,0.0,,,,,,,,
1785764826675929171,927017858133,cmd_vel,0.0,0.0,,,,,,,,
1785764826722989333,927064918512,/epuck1/state,,,,7,6815,,,0.082938052713871,0.0,0.0
1785764826725307772,927067237060,cmd_vel,0.0,0.0,,,,,,,,
1785764826776040648,927117969718,cmd_vel,0.0,0.0,,,,,,,,
1785764826823205244,927165134206,/epuck1/state,,,,7,6816,,,0.082938052713871,0.0,0.0
1785764826824323892,927166252963,cmd_vel,0.0,0.0,,,,,,,,
1785764826875386859,927217316580,cmd_vel,0.0,0.0,,,,,,,,
1785764826923243921,927265173208,/epuck1/state,,,,7,6817,,,0.082938052713871,0.0,0.0
1785764826924269620,927266198474,cmd_vel,0.0,0.0,,,,,,,,
1785764826974811612,927316740791,cmd_vel,0.0,0.0,,,,,,,,
1785764827025080279,927367010108,cmd_vel,0.0,0.0,,,,,,,,
1785764827042791242,927384720421,/epuck1/state,,,,7,6818,,,0.082938052713871,0.0,0.0
1785764827074825914,927416755309,cmd_vel,0.0,0.0,,,,,,,,
1785764827125093715,927467023110,cmd_vel,0.0,0.0,,,,,,,,
1785764827142696453,927484625632,/epuck1/state,,,,7,6819,,,0.082938052713871,0.0,0.0
1785764827175511232,927517440844,cmd_vel,0.0,0.0,,,,,,,,
1785764827227179889,927569109827,cmd_vel,0.0,0.0,,,,,,,,
1785764827239530200,927581459271,/epuck_bridge/status,,,,,,True,7762,,,
1785764827243182763,927585111725,/epuck1/state,,,,7,6820,,,0.082938052713871,0.0,0.0
1785764827274750626,927616680239,cmd_vel,0.0,0.0,,,,,,,,
1785764827325873610,927667802897,cmd_vel,0.0,0.0,,,,,,,,
1785764827363462308,927705391487,/epuck1/state,,,,7,6821,,,0.082938052713871,0.0,0.0
1785764827374801979,927716730941,cmd_vel,0.0,0.0,,,,,,,,
1785764827425528354,927767457316,cmd_vel,0.0,0.0,,,,,,,,
1785764827463416702,927805345773,/epuck1/state,,,,7,6822,,,0.082938052713871,0.0,0.0
1785764827474936856,927816866035,cmd_vel,0.0,0.0,,,,,,,,
1785764827525455123,927867384193,cmd_vel,0.0,0.0,,,,,,,,
1785764827563899112,927905828291,/epuck1/state,,,,7,6823,,,0.082938052713871,0.0,0.0
1785764827575215924,927917145103,cmd_vel,0.0,0.0,,,,,,,,
1785764827625976316,927967906253,cmd_vel,0.0,0.0,,,,,,,,
1785764827675993472,928017922958,cmd_vel,0.0,0.0,,,,,,,,
1785764827682607093,928024536258,/epuck1/state,,,,7,6824,,,0.082938052713871,0.0,0.0
1785764827726032972,928067962351,cmd_vel,0.0,0.0,,,,,,,,
1785764827775947303,928117876575,cmd_vel,0.0,0.0,,,,,,,,
1785764827783167374,928125096968,/epuck1/state,,,,7,6825,,,0.082938052713871,0.0,0.0
1785764827825432221,928167361815,cmd_vel,0.0,0.0,,,,,,,,
1785764827876077636,928218007659,cmd_vel,0.0,0.0,,,,,,,,
1785764827904140355,928246070377,/epuck1/state,,,,7,6826,,,0.082938052713871,0.0,0.0
1785764827924757312,928266686691,cmd_vel,0.0,0.0,,,,,,,,
1785764827976976347,928318905941,cmd_vel,0.0,0.0,,,,,,,,
1785764828023328813,928365258514,/epuck1/state,,,,7,6827,,,0.082938052713871,0.0,0.0
1785764828025518529,928367447801,cmd_vel,0.0,0.0,,,,,,,,
1785764828074588609,928416517667,cmd_vel,0.0,0.0,,,,,,,,
1785764828122945823,928464875202,/epuck1/state,,,,7,6828,,,0.082938052713871,0.0,0.0
1785764828124290323,928466219274,cmd_vel,0.0,0.0,,,,,,,,
1785764828175303852,928517233446,cmd_vel,0.0,0.0,,,,,,,,
1785764828223591516,928565521645,/epuck1/state,,,,7,6829,,,0.082938052713871,0.0,0.0
1785764828225009532,928566938911,cmd_vel,0.0,0.0,,,,,,,,
1785764828239709980,928581638931,/epuck_bridge/status,,,,,,True,7770,,,
1785764828275034886,928616963944,cmd_vel,0.0,0.0,,,,,,,,
1785764828323251928,928665181093,/epuck1/state,,,,7,6830,,,0.082938052713871,0.0,0.0
1785764828324332158,928666261215,cmd_vel,0.0,0.0,,,,,,,,
1785764828375226840,928717155898,cmd_vel,0.0,0.0,,,,,,,,
1785764828426004390,928767933555,cmd_vel,0.0,0.0,,,,,,,,
1785764828442675615,928784604780,/epuck1/state,,,,7,6831,,,0.082938052713871,0.0,0.0
1785764828476391000,928818320165,cmd_vel,0.0,0.0,,,,,,,,
1785764828525742283,928867672091,cmd_vel,0.0,0.0,,,,,,,,
1785764828543647305,928885576149,/epuck1/state,,,,7,6832,,,0.082938052713871,0.0,0.0
1785764828574970003,928916899168,cmd_vel,0.0,0.0,,,,,,,,
1785764828625472567,928967401732,cmd_vel,0.0,0.0,,,,,,,,
1785764828662489619,929004418891,/epuck1/state,,,,7,6833,,,0.082938052713871,0.0,0.0
1785764828675817489,929017747190,cmd_vel,0.0,0.0,,,,,,,,
1785764828724866350,929066795515,cmd_vel,0.0,0.0,,,,,,,,
1785764828762990638,929104919481,/epuck1/state,,,,7,6834,,,0.082938052713871,0.0,0.0
1785764828775285753,929117215775,cmd_vel,0.0,0.0,,,,,,,,
1785764828825696368,929167626712,cmd_vel,0.0,0.0,,,,,,,,
1785764828863114755,929205043813,/epuck1/state,,,,7,6835,,,0.082938052713871,0.0,0.0
1785764828876950913,929218881685,cmd_vel,0.0,0.0,,,,,,,,
1785764828924955123,929266884288,cmd_vel,0.0,0.0,,,,,,,,
1785764828963252161,929305180898,/epuck1/state,,,,7,6836,,,0.082938052713871,0.0,0.0
1785764828976046133,929317975298,cmd_vel,0.0,0.0,,,,,,,,
1785764829024498724,929366427889,cmd_vel,0.0,0.0,,,,,,,,
1785764829064899853,929406829018,/epuck1/state,,,,7,6837,,,0.082938052713871,0.0,0.0
1785764829074834966,929416764024,cmd_vel,0.0,0.0,,,,,,,,
1785764829124494457,929466423837,cmd_vel,0.0,0.0,,,,,,,,
1785764829178652441,929520581499,cmd_vel,0.0,0.0,,,,,,,,
1785764829183702729,929525631894,/epuck1/state,,,,7,6838,,,0.082938052713871,0.0,0.0
1785764829225374414,929567303579,cmd_vel,0.0,0.0,,,,,,,,
1785764829240245363,929582174099,/epuck_bridge/status,,,,,,True,7779,,,
1785764829275254345,929617183617,cmd_vel,0.0,0.0,,,,,,,,
1785764829303255444,929645184716,/epuck1/state,,,,7,6839,,,0.082938052713871,0.0,0.0
1785764829324745479,929666674644,cmd_vel,0.0,0.0,,,,,,,,
1785764829375501060,929717430439,cmd_vel,0.0,0.0,,,,,,,,
1785764829422750396,929764679025,/epuck1/state,,,,7,6840,,,0.082938052713871,0.0,0.0
1785764829425350449,929767279614,cmd_vel,0.0,0.0,,,,,,,,
1785764829475252348,929817181406,cmd_vel,0.0,0.0,,,,,,,,
1785764829524904338,929866833717,cmd_vel,0.0,0.0,,,,,,,,
1785764829542784712,929884713663,/epuck1/state,,,,7,6841,,,0.082938052713871,0.0,0.0
1785764829574924656,929916854035,cmd_vel,0.0,0.0,,,,,,,,
1785764829624941866,929966871138,cmd_vel,0.0,0.0,,,,,,,,
1785764829662848178,930004777236,/epuck1/state,,,,7,6842,,,0.082938052713871,0.0,0.0
1785764829674737564,930016666622,cmd_vel,0.0,0.0,,,,,,,,
1785764829734708320,930076637485,cmd_vel,0.0,0.0,,,,,,,,
1785764829775298167,930117227761,cmd_vel,0.0,0.0,,,,,,,,
1785764829782632585,930124561428,/epuck1/state,,,,7,6843,,,0.082938052713871,0.0,0.0
1785764829824494917,930166423975,cmd_vel,0.0,0.0,,,,,,,,
1785764829874824301,930216754323,cmd_vel,0.0,0.0,,,,,,,,
1785764829882763668,930224692726,/epuck1/state,,,,7,6844,,,0.082938052713871,0.0,0.0
1785764829925014476,930266943748,cmd_vel,0.0,0.0,,,,,,,,
1785764829976833033,930318762520,cmd_vel,0.0,0.0,,,,,,,,
1785764829982995809,930324924759,/epuck1/state,,,,7,6845,,,0.082938052713871,0.0,0.0
1785764830024694928,930366623878,cmd_vel,0.0,0.0,,,,,,,,
1785764830075055389,930416984876,cmd_vel,0.0,0.0,,,,,,,,
1785764830083219590,930425149077,/epuck1/state,,,,7,6846,,,0.082938052713871,0.0,0.0
1785764830125945785,930467875164,cmd_vel,0.0,0.0,,,,,,,,
1785764830175226981,930517156575,cmd_vel,0.0,0.0,,,,,,,,
1785764830203040004,930544969062,/epuck1/state,,,,7,6847,,,0.082938052713871,0.0,0.0
1785764830225047435,930566976386,cmd_vel,0.0,0.0,,,,,,,,
1785764830239696444,930581625180,/epuck_bridge/status,,,,,,True,7787,,,
1785764830275259365,930617188530,cmd_vel,0.0,0.0,,,,,,,,
1785764830322666341,930664595185,/epuck1/state,,,,7,6848,,,0.082938052713871,0.0,0.0
1785764830324092931,930666021988,cmd_vel,0.0,0.0,,,,,,,,
1785764830375247597,930717176869,cmd_vel,0.0,0.0,,,,,,,,
1785764830422874370,930764803427,/epuck1/state,,,,7,6849,,,0.082938052713871,0.0,0.0
1785764830425010824,930766940096,cmd_vel,0.0,0.0,,,,,,,,
1785764830476292374,930818221647,cmd_vel,0.0,0.0,,,,,,,,
1785764830522776119,930864705176,/epuck1/state,,,,7,6850,,,0.082938052713871,0.0,0.0
1785764830524130157,930866058893,cmd_vel,0.0,0.0,,,,,,,,
1785764830575246672,930917176587,cmd_vel,0.0,0.0,,,,,,,,
1785764830625002933,930966932420,cmd_vel,0.0,0.0,,,,,,,,
1785764830643514942,930985444000,/epuck1/state,,,,7,6851,,,0.082938052713871,0.0,0.0
1785764830675774697,931017703647,cmd_vel,0.0,0.0,,,,,,,,
1785764830726062929,931067992094,cmd_vel,0.0,0.0,,,,,,,,
1785764830742711434,931084640385,/epuck1/state,,,,7,6852,,,0.082938052713871,0.0,0.0
1785764830775839445,931117768502,cmd_vel,0.0,0.0,,,,,,,,
1785764830824761743,931166690908,cmd_vel,0.0,0.0,,,,,,,,
1785764830844097749,931186026914,/epuck1/state,,,,7,6853,,,0.082938052713871,0.0,0.0
1785764830876345179,931218274237,cmd_vel,0.0,0.0,,,,,,,,
1785764830924753725,931266682998,cmd_vel,0.0,0.0,,,,,,,,
1785764830963078841,931305007899,/epuck1/state,,,,7,6854,,,0.082938052713871,0.0,0.0
1785764830975536205,931317465799,cmd_vel,0.0,0.0,,,,,,,,
1785764831024789860,931366719025,cmd_vel,0.0,0.0,,,,,,,,
1785764831074607206,931416536264,cmd_vel,0.0,0.0,,,,,,,,
1785764831082724254,931424653097,/epuck1/state,,,,7,6855,,,0.082938052713871,0.0,0.0
1785764831125345105,931467274591,cmd_vel,0.0,0.0,,,,,,,,
1785764831174987235,931516916936,cmd_vel,0.0,0.0,,,,,,,,
1785764831203175231,931545104289,/epuck1/state,,,,7,6856,,,0.082938052713871,0.0,0.0
1785764831225058992,931566988265,cmd_vel,0.0,0.0,,,,,,,,
1785764831240148345,931582077295,/epuck_bridge/status,,,,,,True,7795,,,
1785764831275715981,931617645146,cmd_vel,0.0,0.0,,,,,,,,
1785764831323566302,931665495574,/epuck1/state,,,,7,6857,,,0.082938052713871,0.0,0.0
1785764831324324070,931666253235,cmd_vel,0.0,0.0,,,,,,,,
1785764831375285731,931717214682,cmd_vel,0.0,0.0,,,,,,,,
1785764831425726995,931767656589,cmd_vel,0.0,0.0,,,,,,,,
1785764831442765370,931784694320,/epuck1/state,,,,7,6858,,,0.082938052713871,0.0,0.0
1785764831476296537,931818226024,cmd_vel,0.0,0.0,,,,,,,,
1785764831525330395,931867259560,cmd_vel,0.0,0.0,,,,,,,,
1785764831542730132,931884658868,/epuck1/state,,,,7,6859,,,0.082938052713871,0.0,0.0
1785764831575928014,931917857286,cmd_vel,0.0,0.0,,,,,,,,
1785764831625133123,931967062395,cmd_vel,0.0,0.0,,,,,,,,
1785764831663516966,932005445702,/epuck1/state,,,,7,6860,,,0.082938052713871,0.0,0.0
1785764831674707739,932016637654,cmd_vel,0.0,0.0,,,,,,,,
1785764831724840688,932066770603,cmd_vel,0.0,0.0,,,,,,,,
1785764831775047367,932116976746,cmd_vel,0.0,0.0,,,,,,,,
1785764831782738645,932124667703,/epuck1/state,,,,7,6861,,,0.082938052713871,0.0,0.0
1785764831825403113,932167332171,cmd_vel,0.0,0.0,,,,,,,,
1785764831877287684,932219216956,cmd_vel,0.0,0.0,,,,,,,,
1785764831903277927,932245207413,/epuck1/state,,,,7,6862,,,0.082938052713871,0.0,0.0
1785764831926269460,932268200339,cmd_vel,0.0,0.0,,,,,,,,
1785764831975062731,932316992324,cmd_vel,0.0,0.0,,,,,,,,
1785764832003734043,932345663316,/epuck1/state,,,,7,6863,,,0.082938052713871,0.0,0.0
1785764832025951197,932367880362,cmd_vel,0.0,0.0,,,,,,,,
1785764832075679810,932417609190,cmd_vel,0.0,0.0,,,,,,,,
1785764832123893851,932465823016,/epuck1/state,,,,7,6864,,,0.082938052713871,0.0,0.0
1785764832124457864,932466386707,cmd_vel,0.0,0.0,,,,,,,,
1785764832175482645,932517412346,cmd_vel,0.0,0.0,,,,,,,,
1785764832225036471,932566965636,cmd_vel,0.0,0.0,,,,,,,,
1785764832239766068,932581695126,/epuck_bridge/status,,,,,,True,7804,,,
1785764832242927026,932584855977,/epuck1/state,,,,7,6865,,,0.082938052713871,0.0,0.0
1785764832275250330,932617179281,cmd_vel,0.0,0.0,,,,,,,,
1785764832325729745,932667659339,cmd_vel,0.0,0.0,,,,,,,,
1785764832363749439,932705678711,/epuck1/state,,,,7,6866,,,0.082938052713871,0.0,0.0
1785764832375827222,932717756816,cmd_vel,0.0,0.0,,,,,,,,
1785764832425135317,932767064375,cmd_vel,0.0,0.0,,,,,,,,
1785764832475708931,932817638418,cmd_vel,0.0,0.0,,,,,,,,
1785764832483189951,932825118902,/epuck1/state,,,,7,6867,,,0.082938052713871,0.0,0.0
1785764832525022599,932866951871,cmd_vel,0.0,0.0,,,,,,,,
1785764832576000335,932917930035,cmd_vel,0.0,0.0,,,,,,,,
1785764832583882690,932925811533,/epuck1/state,,,,7,6868,,,0.082938052713871,0.0,0.0
1785764832625045445,932966975146,cmd_vel,0.0,0.0,,,,,,,,
1785764832675857395,933017787096,cmd_vel,0.0,0.0,,,,,,,,
1785764832682679775,933024608511,/epuck1/state,,,,7,6869,,,0.082938052713871,0.0,0.0
1785764832725520530,933067449909,cmd_vel,0.0,0.0,,,,,,,,
1785764832776827800,933118757179,cmd_vel,0.0,0.0,,,,,,,,
1785764832803226344,933145155187,/epuck1/state,,,,7,6870,,,0.082938052713871,0.0,0.0
1785764832830749912,933172679291,cmd_vel,0.0,0.0,,,,,,,,
1785764832904356961,933246286019,cmd_vel,0.0,0.0,,,,,,,,
1785764832922656782,933264585840,/epuck1/state,,,,7,6871,,,0.082938052713871,0.0,0.0
1785764832933555314,933275484372,cmd_vel,0.0,0.0,,,,,,,,
1785764832977568783,933319498484,cmd_vel,0.0,0.0,,,,,,,,
1785764833023291865,933365220923,/epuck1/state,,,,7,6872,,,0.082938052713871,0.0,0.0
1785764833024307260,933366236318,cmd_vel,0.0,0.0,,,,,,,,
1785764833075383481,933417312967,cmd_vel,0.0,0.0,,,,,,,,
1785764833124510358,933466439845,cmd_vel,0.0,0.0,,,,,,,,
1785764833142996219,933484925384,/epuck1/state,,,,7,6873,,,0.082938052713871,0.0,0.0
1785764833174888074,933516819060,cmd_vel,0.0,0.0,,,,,,,,
1785764833224834126,933566763183,cmd_vel,0.0,0.0,,,,,,,,
1785764833239625772,933581554508,/epuck_bridge/status,,,,,,True,7813,,,
1785764833263428870,933605358250,/epuck1/state,,,,7,6874,,,0.082938052713871,0.0,0.0
1785764833275015942,933616945857,cmd_vel,0.0,0.0,,,,,,,,
1785764833324757736,933666686901,cmd_vel,0.0,0.0,,,,,,,,
1785764833364136398,933706065563,/epuck1/state,,,,7,6875,,,0.082938052713871,0.0,0.0
1785764833375093978,933717022929,cmd_vel,0.0,0.0,,,,,,,,
1785764833425362278,933767291443,cmd_vel,0.0,0.0,,,,,,,,
1785764833475069350,933816998622,cmd_vel,0.0,0.0,,,,,,,,
1785764833482911089,933824840683,/epuck1/state,,,,7,6876,,,0.082938052713871,0.0,0.0
1785764833524573451,933866503259,cmd_vel,0.0,0.0,,,,,,,,
1785764833575359682,933917289704,cmd_vel,0.0,0.0,,,,,,,,
1785764833603273547,933945202927,/epuck1/state,,,,7,6877,,,0.082938052713871,0.0,0.0
1785764833624598869,933966528034,cmd_vel,0.0,0.0,,,,,,,,
1785764833674752822,934016681880,cmd_vel,0.0,0.0,,,,,,,,
1785764833722796898,934064726063,/epuck1/state,,,,7,6878,,,0.082938052713871,0.0,0.0
1785764833724620643,934066550023,cmd_vel,0.0,0.0,,,,,,,,
1785764833776537793,934118466744,cmd_vel,0.0,0.0,,,,,,,,
1785764833824762229,934166692251,cmd_vel,0.0,0.0,,,,,,,,
1785764833842810425,934184739483,/epuck1/state,,,,7,6879,,,0.082938052713871,0.0,0.0
1785764833876059533,934217988912,cmd_vel,0.0,0.0,,,,,,,,
1785764833925550881,934267480046,cmd_vel,0.0,0.0,,,,,,,,
1785764833962659238,934304588510,/epuck1/state,,,,7,6880,,,0.082938052713871,0.0,0.0
1785764833975508935,934317437993,cmd_vel,0.0,0.0,,,,,,,,
1785764834025375685,934367305493,cmd_vel,0.0,0.0,,,,,,,,
1785764834075063146,934416992632,cmd_vel,0.0,0.0,,,,,,,,
1785764834083218988,934425147831,/epuck1/state,,,,7,6881,,,0.082938052713871,0.0,0.0
1785764834124898924,934466827875,cmd_vel,0.0,0.0,,,,,,,,
1785764834175385413,934517314899,cmd_vel,0.0,0.0,,,,,,,,
1785764834183161245,934525090839,/epuck1/state,,,,7,6882,,,0.082938052713871,0.0,0.0
1785764834225896656,934567826572,cmd_vel,0.0,0.0,,,,,,,,
1785764834239498228,934581426857,/epuck_bridge/status,,,,,,True,7821,,,
1785764834275017640,934616946591,cmd_vel,0.0,0.0,,,,,,,,
1785764834302924862,934644854991,/epuck1/state,,,,7,6883,,,0.082938052713871,0.0,0.0
1785764834325441222,934667370494,cmd_vel,0.0,0.0,,,,,,,,
1785764834376710341,934718639506,cmd_vel,0.0,0.0,,,,,,,,
1785764834424013260,934765942532,/epuck1/state,,,,7,6884,,,0.082938052713871,0.0,0.0
1785764834425826502,934767755453,cmd_vel,0.0,0.0,,,,,,,,
1785764834475409906,934817339500,cmd_vel,0.0,0.0,,,,,,,,
1785764834525924793,934867854065,cmd_vel,0.0,0.0,,,,,,,,
1785764834543418300,934885347465,/epuck1/state,,,,7,6885,,,0.082938052713871,0.0,0.0
1785764834575691986,934917621258,cmd_vel,0.0,0.0,,,,,,,,
1785764834624722521,934966651901,cmd_vel,0.0,0.0,,,,,,,,
1785764834662280331,935004209389,/epuck1/state,,,,7,6886,,,0.082938052713871,0.0,0.0
1785764834676274236,935018203294,cmd_vel,0.0,0.0,,,,,,,,
1785764834725582438,935067511603,cmd_vel,0.0,0.0,,,,,,,,
1785764834764423878,935106352615,/epuck1/state,,,,7,6887,,,0.082938052713871,0.0,0.0
1785764834775137550,935117067144,cmd_vel,0.0,0.0,,,,,,,,
1785764834825666369,935167596070,cmd_vel,0.0,0.0,,,,,,,,
1785764834874890124,935216819825,cmd_vel,0.0,0.0,,,,,,,,
1785764834883870070,935225799557,/epuck1/state,,,,7,6888,,,0.082938052713871,0.0,0.0
1785764834925847284,935267778057,cmd_vel,0.0,0.0,,,,,,,,
1785764834975183028,935317112407,cmd_vel,0.0,0.0,,,,,,,,
1785764834983829903,935325759175,/epuck1/state,,,,7,6889,,,0.082938052713871,0.0,0.0
1785764835025432037,935367361845,cmd_vel,0.0,0.0,,,,,,,,
1785764835075984861,935417914455,cmd_vel,0.0,0.0,,,,,,,,
1785764835103317246,935445246840,/epuck1/state,,,,7,6890,,,0.082938052713871,0.0,0.0
1785764835125537186,935467466673,cmd_vel,0.0,0.0,,,,,,,,
1785764835175049003,935516978168,cmd_vel,0.0,0.0,,,,,,,,
1785764835203528489,935545457761,/epuck1/state,,,,7,6891,,,0.082938052713871,0.0,0.0
1785764835224892283,935566822413,cmd_vel,0.0,0.0,,,,,,,,
1785764835240070047,935581999212,/epuck_bridge/status,,,,,,True,7830,,,
1785764835276369732,935618298790,cmd_vel,0.0,0.0,,,,,,,,
1785764835303466246,935645395304,/epuck1/state,,,,7,6892,,,0.082938052713871,0.0,0.0
1785764835324572306,935666501150,cmd_vel,0.0,0.0,,,,,,,,
1785764835375319100,935717248587,cmd_vel,0.0,0.0,,,,,,,,
1785764835403634730,935745564324,/epuck1/state,,,,7,6893,,,0.082938052713871,0.0,0.0
1785764835425045784,935766974735,cmd_vel,0.0,0.0,,,,,,,,
1785764835476037558,935817967045,cmd_vel,0.0,0.0,,,,,,,,
1785764835523760995,935865689946,/epuck1/state,,,,7,6894,,,0.082938052713871,0.0,0.0
1785764835525274817,935867203767,cmd_vel,0.0,0.0,,,,,,,,
1785764835578606982,935920536040,cmd_vel,0.0,0.0,,,,,,,,
1785764835624961270,935966891078,cmd_vel,0.0,0.0,,,,,,,,
1785764835643356468,935985285633,/epuck1/state,,,,7,6895,,,0.082938052713871,0.0,0.0
1785764835675002592,936016931864,cmd_vel,0.0,0.0,,,,,,,,
1785764835724727980,936066657026,cmd_vel,0.0,0.0,,,,,,,,
1785764835762569049,936104497989,/epuck1/state,,,,7,6896,,,0.082938052713871,0.0,0.0
1785764835775418524,936117348313,cmd_vel,0.0,0.0,,,,,,,,
1785764835825189514,936167119303,cmd_vel,0.0,0.0,,,,,,,,
1785764835863113021,936205042810,/epuck1/state,,,,7,6897,,,0.082938052713871,0.0,0.0
1785764835875022995,936216952041,cmd_vel,0.0,0.0,,,,,,,,
1785764835924706878,936266635924,cmd_vel,0.0,0.0,,,,,,,,
1785764835974960615,936316889768,cmd_vel,0.0,0.0,,,,,,,,
1785764835982915982,936324845134,/epuck1/state,,,,7,6898,,,0.082938052713871,0.0,0.0
1785764836025872800,936367801846,cmd_vel,0.0,0.0,,,,,,,,
1785764836075423635,936417352893,cmd_vel,0.0,0.0,,,,,,,,
1785764836103746401,936445675447,/epuck1/state,,,,7,6899,,,0.082938052713871,0.0,0.0
1785764836125611167,936467540637,cmd_vel,0.0,0.0,,,,,,,,
1785764836175244759,936517174123,cmd_vel,0.0,0.0,,,,,,,,
1785764836203192254,936545121619,/epuck1/state,,,,7,6900,,,0.082938052713871,0.0,0.0
1785764836224939570,936566869677,cmd_vel,0.0,0.0,,,,,,,,
1785764836239896691,936581825419,/epuck_bridge/status,,,,,,True,7839,,,
1785764836274945885,936616875356,cmd_vel,0.0,0.0,,,,,,,,
1785764836303136453,936645065499,/epuck1/state,,,,7,6901,,,0.082938052713871,0.0,0.0
1785764836324563032,936666492078,cmd_vel,0.0,0.0,,,,,,,,
1785764836376047299,936717977088,cmd_vel,0.0,0.0,,,,,,,,
1785764836423867032,936765795866,/epuck1/state,,,,7,6902,,,0.082938052713871,0.0,0.0
1785764836424736509,936766665449,cmd_vel,0.0,0.0,,,,,,,,
1785764836475220798,936817150057,cmd_vel,0.0,0.0,,,,,,,,
1785764836523090716,936865020505,/epuck1/state,,,,7,6903,,,0.082938052713871,0.0,0.0
1785764836524670203,936866599143,cmd_vel,0.0,0.0,,,,,,,,
1785764836575494008,936917423584,cmd_vel,0.0,0.0,,,,,,,,
1785764836624064069,936965993540,/epuck1/state,,,,7,6904,,,0.082938052713871,0.0,0.0
1785764836625902012,936967831058,cmd_vel,0.0,0.0,,,,,,,,
1785764836674976359,937016905512,cmd_vel,0.0,0.0,,,,,,,,
1785764836724558600,937066487858,cmd_vel,0.0,0.0,,,,,,,,
1785764836742808910,937084737850,/epuck1/state,,,,7,6905,,,0.082938052713871,0.0,0.0
1785764836775050210,937116979574,cmd_vel,0.0,0.0,,,,,,,,
1785764836824918916,937166848068,cmd_vel,0.0,0.0,,,,,,,,
1785764836864070513,937205999983,/epuck1/state,,,,7,6906,,,0.082938052713871,0.0,0.0
1785764836874601101,937216530359,cmd_vel,0.0,0.0,,,,,,,,
1785764836924880090,937266809560,cmd_vel,0.0,0.0,,,,,,,,
1785764836975263267,937317192632,cmd_vel,0.0,0.0,,,,,,,,
1785764836983599846,937325530696,/epuck1/state,,,,7,6907,,,0.082938052713871,0.0,0.0
1785764837024950121,937366879167,cmd_vel,0.0,0.0,,,,,,,,
1785764837076227814,937418156860,cmd_vel,0.0,0.0,,,,,,,,
1785764837103512831,937445441983,/epuck1/state,,,,7,6908,,,0.082938052713871,0.0,0.0
1785764837124794162,937466723208,cmd_vel,0.0,0.0,,,,,,,,
1785764837175606083,937517535023,cmd_vel,0.0,0.0,,,,,,,,
1785764837203644187,937545573339,/epuck1/state,,,,7,6909,,,0.082938052713871,0.0,0.0
1785764837226697150,937568626302,cmd_vel,0.0,0.0,,,,,,,,
1785764837241106378,937583035425,/epuck_bridge/status,,,,,,True,7848,,,
1785764837276081835,937618010775,cmd_vel,0.0,0.0,,,,,,,,
1785764837323475689,937665404523,/epuck1/state,,,,7,6910,,,0.082938052713871,0.0,0.0
1785764837324580279,937666509007,cmd_vel,0.0,0.0,,,,,,,,
1785764837374979053,937716908100,cmd_vel,0.0,0.0,,,,,,,,
1785764837424595670,937766525352,cmd_vel,0.0,0.0,,,,,,,,
1785764837442703915,937784632748,/epuck1/state,,,,7,6911,,,0.082938052713871,0.0,0.0
1785764837475192423,937817121469,cmd_vel,0.0,0.0,,,,,,,,
1785764837524733391,937866662756,cmd_vel,0.0,0.0,,,,,,,,
1785764837543702307,937885632096,/epuck1/state,,,,7,6912,,,0.082938052713871,0.0,0.0
1785764837575102352,937917031398,cmd_vel,0.0,0.0,,,,,,,,
1785764837625449350,937967378290,cmd_vel,0.0,0.0,,,,,,,,
1785764837647168336,937989097276,/epuck1/state,,,,7,6913,,,0.082938052713871,0.0,0.0
1785764837675657146,938017586192,cmd_vel,0.0,0.0,,,,,,,,
1785764837724389326,938066318266,cmd_vel,0.0,0.0,,,,,,,,
1785764837762828472,938104757624,/epuck1/state,,,,7,6914,,,0.082938052713871,0.0,0.0
1785764837775348300,938117277770,cmd_vel,0.0,0.0,,,,,,,,
1785764837824709537,938166638689,cmd_vel,0.0,0.0,,,,,,,,
1785764837863440984,938205370773,/epuck1/state,,,,7,6915,,,0.082938052713871,0.0,0.0
1785764837875524429,938217453581,cmd_vel,0.0,0.0,,,,,,,,
1785764837925114202,938267043673,cmd_vel,0.0,0.0,,,,,,,,
1785764837974901531,938316830577,cmd_vel,0.0,0.0,,,,,,,,
1785764837982732232,938324661278,/epuck1/state,,,,7,6916,,,0.082938052713871,0.0,0.0
1785764838024777346,938366706498,cmd_vel,0.0,0.0,,,,,,,,
1785764838075005726,938416934772,cmd_vel,0.0,0.0,,,,,,,,
1785764838082859132,938424788178,/epuck1/state,,,,7,6917,,,0.082938052713871,0.0,0.0
1785764838126506332,938468435590,cmd_vel,0.0,0.0,,,,,,,,
1785764838174633644,938516562690,cmd_vel,0.0,0.0,,,,,,,,
1785764838203029512,938544958558,/epuck1/state,,,,7,6918,,,0.082938052713871,0.0,0.0
1785764838224755289,938566684654,cmd_vel,0.0,0.0,,,,,,,,
1785764838239577984,938581506712,/epuck_bridge/status,,,,,,True,7856,,,
1785764838275549174,938617478963,cmd_vel,0.0,0.0,,,,,,,,
1785764838303375399,938645304763,/epuck1/state,,,,7,6919,,,0.082938052713871,0.0,0.0
1785764838325230510,938667160087,cmd_vel,0.0,0.0,,,,,,,,
1785764838375144520,938717073566,cmd_vel,0.0,0.0,,,,,,,,
1785764838422713755,938764642695,/epuck1/state,,,,7,6920,,,0.082938052713871,0.0,0.0
1785764838424629787,938766559469,cmd_vel,0.0,0.0,,,,,,,,
1785764838475588760,938817518019,cmd_vel,0.0,0.0,,,,,,,,
1785764838523921798,938865850632,/epuck1/state,,,,7,6921,,,0.082938052713871,0.0,0.0
1785764838525315825,938867245720,cmd_vel,0.0,0.0,,,,,,,,
1785764838575391211,938917320575,cmd_vel,0.0,0.0,,,,,,,,
1785764838624582373,938966511525,cmd_vel,0.0,0.0,,,,,,,,
1785764838643250711,938985179863,/epuck1/state,,,,7,6922,,,0.082938052713871,0.0,0.0
1785764838675441720,939017370872,cmd_vel,0.0,0.0,,,,,,,,
1785764838724559249,939066488189,cmd_vel,0.0,0.0,,,,,,,,
1785764838763715090,939105644136,/epuck1/state,,,,7,6923,,,0.082938052713871,0.0,0.0
1785764838775386130,939117315176,cmd_vel,0.0,0.0,,,,,,,,
1785764838825450057,939167379103,cmd_vel,0.0,0.0,,,,,,,,
1785764838875511651,939217441015,cmd_vel,0.0,0.0,,,,,,,,
1785764838882675205,939224604251,/epuck1/state,,,,7,6924,,,0.082938052713871,0.0,0.0
1785764838924873631,939266802677,cmd_vel,0.0,0.0,,,,,,,,
1785764838974885039,939316814297,cmd_vel,0.0,0.0,,,,,,,,
1785764838982736536,939324665582,/epuck1/state,,,,7,6925,,,0.082938052713871,0.0,0.0
1785764839025153418,939367082570,cmd_vel,0.0,0.0,,,,,,,,
1785764839075759084,939417688873,cmd_vel,0.0,0.0,,,,,,,,
1785764839103920262,939445849096,/epuck1/state,,,,7,6926,,,0.082938052713871,0.0,0.0
1785764839125037883,939466967247,cmd_vel,0.0,0.0,,,,,,,,
1785764839175419257,939517348303,cmd_vel,0.0,0.0,,,,,,,,
1785764839224075258,939566004410,/epuck1/state,,,,7,6927,,,0.082938052713871,0.0,0.0
1785764839224419547,939566347638,cmd_vel,0.0,0.0,,,,,,,,
1785764839239762760,939581691594,/epuck_bridge/status,,,,,,True,7864,,,
1785764839275695967,939617625013,cmd_vel,0.0,0.0,,,,,,,,
1785764839326691545,939668620909,cmd_vel,0.0,0.0,,,,,,,,
1785764839343598649,939685527589,/epuck1/state,,,,7,6928,,,0.082938052713871,0.0,0.0
1785764839375582130,939717511706,cmd_vel,0.0,0.0,,,,,,,,
1785764839425963079,939767892019,cmd_vel,0.0,0.0,,,,,,,,
1785764839442976070,939784905328,/epuck1/state,,,,7,6929,,,0.082938052713871,0.0,0.0
1785764839475311584,939817241692,cmd_vel,0.0,0.0,,,,,,,,
1785764839525173280,941891346158,cmd_vel,0.0,0.0,,,,,,,,
1785764839563685634,941929857981,/epuck1/state,,,,7,6930,,,0.082938052713871,0.0,0.0
1785764839575357735,941941529977,cmd_vel,0.0,0.0,,,,,,,,
1785764839625228988,941991400911,cmd_vel,0.0,0.0,,,,,,,,
1785764839677193456,942043365380,cmd_vel,0.0,0.0,,,,,,,,
1785764839682898369,942049070186,/epuck1/state,,,,7,6931,,,0.082938052713871,0.0,0.0
1785764839724372143,942090544172,cmd_vel,0.0,0.0,,,,,,,,
1785764839774847201,942141019231,cmd_vel,0.0,0.0,,,,,,,,
1785764839802729341,942168901158,/epuck1/state,,,,7,6932,,,0.082938052713871,0.0,0.0
1785764839824538935,942190711495,cmd_vel,0.0,0.0,,,,,,,,
1785764839874779304,942240951334,cmd_vel,0.0,0.0,,,,,,,,
1785764839903267690,942269440992,/epuck1/state,,,,7,6933,,,0.082938052713871,0.0,0.0
1785764839924658302,942290830544,cmd_vel,0.0,0.0,,,,,,,,
1785764839975503644,942341675780,cmd_vel,0.0,0.0,,,,,,,,
1785764840023323165,942389494982,/epuck1/state,,,,7,6934,,,0.082938052713871,0.0,0.0
1785764840024735229,942390907471,cmd_vel,0.0,0.0,,,,,,,,
1785764840074686268,942440858191,cmd_vel,0.0,0.0,,,,,,,,
1785764840125022656,942491194473,cmd_vel,0.0,0.0,,,,,,,,
1785764840142859607,942509031636,/epuck1/state,,,,7,6935,,,0.082938052713871,0.0,0.0
1785764840175602010,942541774781,cmd_vel,0.0,0.0,,,,,,,,
1785764840225227326,942591399143,cmd_vel,0.0,0.0,,,,,,,,
1785764840239742971,942605914682,/epuck_bridge/status,,,,,,True,7891,,,
1785764840242969531,942609141348,/epuck1/state,,,,7,6936,,,0.082938052713871,0.0,0.0
1785764840275771242,942641943166,cmd_vel,0.0,0.0,,,,,,,,
1785764840325146166,942691318090,cmd_vel,0.0,0.0,,,,,,,,
1785764840363387120,942729558831,/epuck1/state,,,,7,6937,,,0.082938052713871,0.0,0.0
1785764840375024846,942741197087,cmd_vel,0.0,0.0,,,,,,,,
1785764840425420861,942791593103,cmd_vel,0.0,0.0,,,,,,,,
1785764840464309440,942830481363,/epuck1/state,,,,7,6938,,,0.082938052713871,0.0,0.0
1785764840475285323,942841457883,cmd_vel,0.0,0.0,,,,,,,,
1785764840524658868,942890831322,cmd_vel,0.0,0.0,,,,,,,,
1785764840574897540,942941069463,cmd_vel,0.0,0.0,,,,,,,,
1785764840582528139,942948700275,/epuck1/state,,,,7,6939,,,0.082938052713871,0.0,0.0
1785764840625087936,942991260284,cmd_vel,0.0,0.0,,,,,,,,
1785764840675627397,943041799532,cmd_vel,0.0,0.0,,,,,,,,
1785764840682800712,943048972317,/epuck1/state,,,,7,6940,,,0.082938052713871,0.0,0.0
1785764840726118901,943092291460,cmd_vel,0.0,0.0,,,,,,,,
1785764840775378390,943141551268,cmd_vel,0.0,0.0,,,,,,,,
1785764840802981914,943169153731,/epuck1/state,,,,7,6941,,,0.082938052713871,0.0,0.0
1785764840825662683,943191834500,cmd_vel,0.0,0.0,,,,,,,,
1785764840875417015,943241589151,cmd_vel,0.0,0.0,,,,,,,,
1785764840922673790,943288845607,/epuck1/state,,,,7,6942,,,0.082938052713871,0.0,0.0
1785764840924729129,943290901052,cmd_vel,0.0,0.0,,,,,,,,
1785764840975155807,943341328154,cmd_vel,0.0,0.0,,,,,,,,
1785764841023979337,943390152003,/epuck1/state,,,,7,6943,,,0.082938052713871,0.0,0.0
1785764841025369015,943391540832,cmd_vel,0.0,0.0,,,,,,,,
1785764841074864360,943441036602,cmd_vel,0.0,0.0,,,,,,,,
1785764841124621239,943490793480,cmd_vel,0.0,0.0,,,,,,,,
1785764841142843540,943509015357,/epuck1/state,,,,7,6944,,,0.082938052713871,0.0,0.0
1785764841174657368,943540829610,cmd_vel,0.0,0.0,,,,,,,,
1785764841225139217,943591311140,cmd_vel,0.0,0.0,,,,,,,,
1785764841240423758,943606595788,/epuck_bridge/status,,,,,,True,7899,,,
1785764841242651401,943608823536,/epuck1/state,,,,7,6945,,,0.082938052713871,0.0,0.0
1785764841275469346,943641641481,cmd_vel,0.0,0.0,,,,,,,,
1785764841324619659,943690792219,cmd_vel,0.0,0.0,,,,,,,,
1785764841363798736,943729970553,/epuck1/state,,,,7,6946,,,0.082938052713871,0.0,0.0
1785764841375565901,943741738355,cmd_vel,0.0,0.0,,,,,,,,
1785764841424772553,943790945537,cmd_vel,0.0,0.0,,,,,,,,
1785764841475820119,943841992466,cmd_vel,0.0,0.0,,,,,,,,
1785764841483139638,943849311667,/epuck1/state,,,,7,6947,,,0.082938052713871,0.0,0.0
1785764841525420078,943891592107,cmd_vel,0.0,0.0,,,,,,,,
1785764841575860230,943942032578,cmd_vel,0.0,0.0,,,,,,,,
1785764841582995668,943949167698,/epuck1/state,,,,7,6948,,,0.082938052713871,0.0,0.0
1785764841624447161,943990619084,cmd_vel,0.0,0.0,,,,,,,,
1785764841675096433,944041268463,cmd_vel,0.0,0.0,,,,,,,,
1785764841703038518,944069210547,/epuck1/state,,,,7,6949,,,0.082938052713871,0.0,0.0
1785764841724537563,944090709910,cmd_vel,0.0,0.0,,,,,,,,
1785764841775374736,944141546977,cmd_vel,0.0,0.0,,,,,,,,
1785764841822990654,944189162895,/epuck1/state,,,,7,6950,,,0.082938052713871,0.0,0.0
1785764841824874856,944191046673,cmd_vel,0.0,0.0,,,,,,,,
1785764841875164667,944241337332,cmd_vel,0.0,0.0,,,,,,,,
1785764841924653540,944290825569,/epuck1/state,,,,7,6951,,,0.082938052713871,0.0,0.0
1785764841925045362,944291216754,cmd_vel,0.0,0.0,,,,,,,,
1785764841975096876,944341268905,cmd_vel,0.0,0.0,,,,,,,,
1785764842023783963,944389955993,/epuck1/state,,,,7,6952,,,0.082938052713871,0.0,0.0
1785764842026019988,944392192335,cmd_vel,0.0,0.0,,,,,,,,
1785764842075061339,944441233792,cmd_vel,0.0,0.0,,,,,,,,
1785764842124858640,944491031625,cmd_vel,0.0,0.0,,,,,,,,
1785764842143450058,944509622299,/epuck1/state,,,,7,6953,,,0.082938052713871,0.0,0.0
1785764842174709734,944540881870,cmd_vel,0.0,0.0,,,,,,,,
1785764842225067979,944591240220,cmd_vel,0.0,0.0,,,,,,,,
1785764842239790410,944605962121,/epuck_bridge/status,,,,,,True,7907,,,
1785764842263728870,944629900475,/epuck1/state,,,,7,6954,,,0.082938052713871,0.0,0.0
1785764842274647354,944640819383,cmd_vel,0.0,0.0,,,,,,,,
1785764842327389206,944693561448,cmd_vel,0.0,0.0,,,,,,,,
1785764842364618724,944730790541,/epuck1/state,,,,7,6955,,,0.082938052713871,0.0,0.0
1785764842375228674,944741400597,cmd_vel,0.0,0.0,,,,,,,,
1785764842424851125,944791023367,cmd_vel,0.0,0.0,,,,,,,,
1785764842475478647,944841650464,cmd_vel,0.0,0.0,,,,,,,,
1785764842482737796,944848909507,/epuck1/state,,,,7,6956,,,0.082938052713871,0.0,0.0
1785764842524904180,944891076952,cmd_vel,0.0,0.0,,,,,,,,
1785764842574865192,944941037009,cmd_vel,0.0,0.0,,,,,,,,
1785764842582771011,944948942616,/epuck1/state,,,,7,6957,,,0.082938052713871,0.0,0.0
1785764842624806364,944990978817,cmd_vel,0.0,0.0,,,,,,,,
1785764842675392401,945041564218,cmd_vel,0.0,0.0,,,,,,,,
1785764842703654054,945069826296,/epuck1/state,,,,7,6958,,,0.082938052713871,0.0,0.0
1785764842725140049,945091312078,cmd_vel,0.0,0.0,,,,,,,,
1785764842775287051,945141459399,cmd_vel,0.0,0.0,,,,,,,,
1785764842823395478,945189567295,/epuck1/state,,,,7,6959,,,0.082938052713871,0.0,0.0
1785764842824536779,945190708596,cmd_vel,0.0,0.0,,,,,,,,
1785764842875160694,945241333148,cmd_vel,0.0,0.0,,,,,,,,
1785764842924951736,945291123659,/epuck1/state,,,,7,6960,,,0.082938052713871,0.0,0.0
1785764842926181311,945292353552,cmd_vel,0.0,0.0,,,,,,,,
1785764842975731616,945341903751,cmd_vel,0.0,0.0,,,,,,,,
1785764843026498127,945392670687,cmd_vel,0.0,0.0,,,,,,,,
1785764843042697343,945408868947,/epuck1/state,,,,7,6961,,,0.082938052713871,0.0,0.0
1785764843074898112,945441070460,cmd_vel,0.0,0.0,,,,,,,,
1785764843124740188,945490912429,cmd_vel,0.0,0.0,,,,,,,,
1785764843163302302,945529474119,/epuck1/state,,,,7,6962,,,0.082938052713871,0.0,0.0
1785764843176152096,945542324443,cmd_vel,0.0,0.0,,,,,,,,
1785764843226488484,945592660407,cmd_vel,0.0,0.0,,,,,,,,
1785764843239569254,945605740859,/epuck_bridge/status,,,,,,True,7915,,,
1785764843275280821,945641453063,cmd_vel,0.0,0.0,,,,,,,,
1785764843283044893,945649216816,/epuck1/state,,,,7,6963,,,0.082938052713871,0.0,0.0
1785764843325579969,945691751892,cmd_vel,0.0,0.0,,,,,,,,
1785764843374905981,945741078329,cmd_vel,0.0,0.0,,,,,,,,
1785764843403528900,945769700611,/epuck1/state,,,,7,6964,,,0.082938052713871,0.0,0.0
1785764843425329689,945791501824,cmd_vel,0.0,0.0,,,,,,,,
1785764843475661939,945841834286,cmd_vel,0.0,0.0,,,,,,,,
1785764843523387350,945889559167,/epuck1/state,,,,7,6965,,,0.082938052713871,0.0,0.0
1785764843525058401,945891230642,cmd_vel,0.0,0.0,,,,,,,,
1785764843575237339,945941409156,cmd_vel,0.0,0.0,,,,,,,,
1785764843624954855,945991126672,cmd_vel,0.0,0.0,,,,,,,,
1785764843642705229,946008877471,/epuck1/state,,,,7,6966,,,0.082938052713871,0.0,0.0
1785764843676589251,946042761386,cmd_vel,0.0,0.0,,,,,,,,
1785764843726469637,946092642913,cmd_vel,0.0,0.0,,,,,,,,
1785764843742927961,946109099767,/epuck1/state,,,,7,6967,,,0.082938052713871,0.0,0.0
1785764843775426312,946141599378,cmd_vel,0.0,0.0,,,,,,,,
1785764843824742907,946190915028,cmd_vel,0.0,0.0,,,,,,,,
1785764843863158822,946229331258,/epuck1/state,,,,7,6968,,,0.082938052713871,0.0,0.0
1785764843875506738,946241679069,cmd_vel,0.0,0.0,,,,,,,,
1785764843924612820,946290784836,cmd_vel,0.0,0.0,,,,,,,,
1785764843975129600,946341301406,cmd_vel,0.0,0.0,,,,,,,,
1785764843983068506,946349240522,/epuck1/state,,,,7,6969,,,0.082938052713871,0.0,0.0
1785764844024447035,946390619155,cmd_vel,0.0,0.0,,,,,,,,
1785764844074960245,946441132681,cmd_vel,0.0,0.0,,,,,,,,
1785764844102787732,946468959538,/epuck1/state,,,,7,6970,,,0.082938052713871,0.0,0.0
1785764844125122251,946491294897,cmd_vel,0.0,0.0,,,,,,,,
1785764844174913523,946541086484,cmd_vel,0.0,0.0,,,,,,,,
1785764844223358983,946589530789,/epuck1/state,,,,7,6971,,,0.082938052713871,0.0,0.0
1785764844224517276,946590688977,cmd_vel,0.0,0.0,,,,,,,,
1785764844239487521,946605659117,/epuck_bridge/status,,,,,,True,7924,,,
1785764844275051170,946641223186,cmd_vel,0.0,0.0,,,,,,,,
1785764844325380536,946691552657,cmd_vel,0.0,0.0,,,,,,,,
1785764844343581654,946709753355,/epuck1/state,,,,7,6972,,,0.082938052713871,0.0,0.0
1785764844375770169,946741943130,cmd_vel,0.0,0.0,,,,,,,,
1785764844425704548,946791876879,cmd_vel,0.0,0.0,,,,,,,,
1785764844442718290,946808890305,/epuck1/state,,,,7,6973,,,0.082938052713871,0.0,0.0
1785764844475363948,946841535859,cmd_vel,0.0,0.0,,,,,,,,
1785764844526057433,946892229659,cmd_vel,0.0,0.0,,,,,,,,
1785764844542981615,946909153735,/epuck1/state,,,,7,6974,,,0.082938052713871,0.0,0.0
1785764844575046131,946941218042,cmd_vel,0.0,0.0,,,,,,,,
1785764844624807375,946990979286,cmd_vel,0.0,0.0,,,,,,,,
1785764844662694960,947028866976,/epuck1/state,,,,7,6975,,,0.082938052713871,0.0,0.0
1785764844675149236,947041322301,cmd_vel,0.0,0.0,,,,,,,,
1785764844724657024,947090829250,cmd_vel,0.0,0.0,,,,,,,,
1785764844762952406,947129124527,/epuck1/state,,,,7,6976,,,0.082938052713871,0.0,0.0
1785764844774902185,947141074621,cmd_vel,0.0,0.0,,,,,,,,
1785764844824541426,947190713967,cmd_vel,0.0,0.0,,,,,,,,
1785764844862856757,947229028458,/epuck1/state,,,,7,6977,,,0.082938052713871,0.0,0.0
1785764844874697867,947240869778,cmd_vel,0.0,0.0,,,,,,,,
1785764844924677078,947290848989,cmd_vel,0.0,0.0,,,,,,,,
1785764844975198898,947341370704,cmd_vel,0.0,0.0,,,,,,,,
1785764844982758147,947348930162,/epuck1/state,,,,7,6978,,,0.082938052713871,0.0,0.0
1785764845025536664,947391708995,cmd_vel,0.0,0.0,,,,,,,,
1785764845075677881,947441850212,cmd_vel,0.0,0.0,,,,,,,,
1785764845083852919,947450024829,/epuck1/state,,,,7,6979,,,0.082938052713871,0.0,0.0
1785764845124509299,947490681210,cmd_vel,0.0,0.0,,,,,,,,
1785764845174909746,947541081762,cmd_vel,0.0,0.0,,,,,,,,
1785764845203576029,947569747835,/epuck1/state,,,,7,6980,,,0.082938052713871,0.0,0.0
1785764845225401747,947591573658,cmd_vel,0.0,0.0,,,,,,,,
1785764845239556294,947605728100,/epuck_bridge/status,,,,,,True,7933,,,
1785764845274862814,947641035460,cmd_vel,0.0,0.0,,,,,,,,
1785764845302863750,947669035451,/epuck1/state,,,,7,6981,,,0.082938052713871,0.0,0.0
1785764845324886122,947691058033,cmd_vel,0.0,0.0,,,,,,,,
1785764845374872788,947741045434,cmd_vel,0.0,0.0,,,,,,,,
1785764845425251502,947791423622,cmd_vel,0.0,0.0,,,,,,,,
1785764845425437656,947791608727,/epuck1/state,,,,7,6982,,,0.082938052713871,0.0,0.0
1785764845475981209,947842153750,cmd_vel,0.0,0.0,,,,,,,,
1785764845525646174,947891818085,cmd_vel,0.0,0.0,,,,,,,,
1785764845542682804,947908855030,/epuck1/state,,,,7,6983,,,0.082938052713871,0.0,0.0
1785764845576197497,947942369408,cmd_vel,0.0,0.0,,,,,,,,
1785764845625395344,947991567990,cmd_vel,0.0,0.0,,,,,,,,
1785764845663094360,948029265956,/epuck1/state,,,,7,6984,,,0.082938052713871,0.0,0.0
1785764845675300219,948041472340,cmd_vel,0.0,0.0,,,,,,,,
1785764845725144198,948091317054,cmd_vel,0.0,0.0,,,,,,,,
1785764845762862533,948129035074,/epuck1/state,,,,7,6985,,,0.082938052713871,0.0,0.0
1785764845775060728,948141232639,cmd_vel,0.0,0.0,,,,,,,,
1785764845825098841,948191271382,cmd_vel,0.0,0.0,,,,,,,,
1785764845863674767,948229847518,/epuck1/state,,,,7,6986,,,0.082938052713871,0.0,0.0
1785764845874797929,948240970470,cmd_vel,0.0,0.0,,,,,,,,
1785764845924368189,948290539890,cmd_vel,0.0,0.0,,,,,,,,
1785764845974831947,948341003753,cmd_vel,0.0,0.0,,,,,,,,
1785764845982688958,948348860764,/epuck1/state,,,,7,6987,,,0.082938052713871,0.0,0.0
1785764846025023456,948391195787,cmd_vel,0.0,0.0,,,,,,,,
1785764846075263997,948441436538,cmd_vel,0.0,0.0,,,,,,,,
1785764846082968767,948449140468,/epuck1/state,,,,7,6988,,,0.082938052713871,0.0,0.0
1785764846124774411,948490946742,cmd_vel,0.0,0.0,,,,,,,,
1785764846202891261,948569063382,/epuck1/state,,,,7,6989,,,0.082938052713871,0.0,0.0
1785764846240149617,948606321423,/epuck_bridge/status,,,,,,True,7942,,,
1785764846303428200,948669599691,/epuck1/state,,,,7,6990,,,0.082938052713871,0.0,0.0
1785764846422789186,948788961517,/epuck1/state,,,,7,6991,,,0.082938052713871,0.0,0.0
1785764846542559124,948908731140,/epuck1/state,,,,7,6992,,,0.082938052713871,0.0,0.0
1785764846643074749,949009247080,/epuck1/state,,,,7,6993,,,0.082938052713871,0.0,0.0
1785764846763784068,949129955874,/epuck1/state,,,,7,6994,,,0.082938052713871,0.0,0.0
1785764846883114186,949249286517,/epuck1/state,,,,7,6995,,,0.082938052713871,0.0,0.0
1785764846983170043,949349342584,/epuck1/state,,,,7,6996,,,0.082938052713871,0.0,0.0
1785764847083045100,949449216696,/epuck1/state,,,,7,6997,,,0.082938052713871,0.0,0.0
1785764847184124333,949550296244,/epuck1/state,,,,7,6998,,,0.082938052713871,0.0,0.0
1785764847239715995,949605887906,/epuck_bridge/status,,,,,,True,7951,,,
1785764847303026391,949669198197,/epuck1/state,,,,7,6999,,,0.082938052713871,0.0,0.0
1785764847403350927,949769522733,/epuck1/state,,,,7,7000,,,0.082938052713871,0.0,0.0
1785764847522633168,949888805394,/epuck1/state,,,,7,7001,,,0.082938052713871,0.0,0.0
1785764847642768275,950008940921,/epuck1/state,,,,7,7002,,,0.082938052713871,0.0,0.0
1785764847762679114,950128850815,/epuck1/state,,,,7,7003,,,0.082938052713871,0.0,0.0
1785764847883046362,950249218483,/epuck1/state,,,,7,7004,,,0.082938052713871,0.0,0.0
1785764848003403741,950369576597,/epuck1/state,,,,7,7005,,,0.082938052713871,0.0,0.0
1785764848123386606,950489558832,/epuck1/state,,,,7,7006,,,0.082938052713871,0.0,0.0
1785764848240041164,950606212865,/epuck_bridge/status,,,,,,True,7960,,,
1785764848242796834,950608968430,/epuck1/state,,,,7,7007,,,0.082938052713871,0.0,0.0
1785764848342794525,950708966226,/epuck1/state,,,,7,7008,,,0.082938052713871,0.0,0.0
1785764848444249951,950810421967,/epuck1/state,,,,7,7009,,,0.082938052713871,0.0,0.0
1785764848562758596,950928930507,/epuck1/state,,,,7,7010,,,0.082938052713871,0.0,0.0
1785764848663559280,951029731821,/epuck1/state,,,,7,7011,,,0.082938052713871,0.0,0.0
