topic,time_s,linear_mps,angular_rps
/epuck1/cmd_vel,3.2660488,0.0,0.0
/epuck1/cmd_vel,3.3031602,0.0,0.0
/epuck1/cmd_vel,3.3411791,0.0,0.0
/epuck1/cmd_vel,3.376435,0.0,0.0
/epuck1/cmd_vel,3.438668,0.0,0.0
/epuck1/cmd_vel,3.4897684,0.0,0.0
/epuck1/cmd_vel,3.5618354,0.0,0.0
/epuck1/cmd_vel,3.5985363,0.0,0.0
/epuck1/cmd_vel,3.6548197,0.0,0.0
/epuck1/cmd_vel,3.6908634,0.0,0.0
/epuck1/cmd_vel,3.7693927,0.0,0.0
/epuck1/cmd_vel,3.8302506,0.0,0.0
/epuck1/cmd_vel,3.8671605,0.0,0.0
/epuck1/cmd_vel,3.9039001,0.0,0.0
/epuck1/cmd_vel,3.961499,0.0,0.0
/epuck1/cmd_vel,4.0175019,0.0,0.0
/epuck1/cmd_vel,4.0795597,0.0,0.0
/epuck1/cmd_vel,4.1155036,0.0,0.0
/epuck1/cmd_vel,4.1700562,0.0,0.0
/epuck1/cmd_vel,4.2107878,0.0,0.0
/epuck1/cmd_vel,4.288941,0.0,0.0
/epuck1/cmd_vel,4.3288782,0.0,0.0
/epuck1/cmd_vel,4.3838557,0.0,0.0
/epuck1/cmd_vel,4.4195187,0.0,0.0
/epuck1/cmd_vel,4.4812442,0.0,0.0
/epuck1/cmd_vel,4.5357715,0.0,0.0
/epuck1/cmd_vel,4.594292,0.0,0.0
/epuck1/cmd_vel,4.6283091,0.0,0.0
/epuck1/cmd_vel,4.6841007,0.0,0.0
/epuck1/cmd_vel,4.725004641,0.0,0.0
/epuck1/cmd_vel,4.80034135,0.0,0.0
/epuck1/cmd_vel,4.833047283,0.0,0.0
/epuck1/cmd_vel,4.883863341,0.0,0.0
/epuck1/cmd_vel,4.917682016,0.0,0.0
/epuck1/cmd_vel,4.989684258,0.0,0.0
/epuck1/cmd_vel,5.027171433,0.0,0.0
/epuck1/cmd_vel,5.078975383,0.0,0.0
/epuck1/cmd_vel,5.113342683,0.0,0.0
/epuck1/cmd_vel,5.166693875,0.0,0.0
/epuck1/cmd_vel,5.215178391,0.0,0.0
/epuck1/cmd_vel,5.272208075,0.0,0.0
/epuck1/cmd_vel,5.304854883,0.0,0.0
/epuck1/cmd_vel,5.354951816,0.0,0.0
/epuck1/cmd_vel,5.392379133,0.0,0.0
/epuck1/cmd_vel,5.458999441,0.0,0.0
/epuck1/cmd_vel,5.505080733,0.0,0.0
/epuck1/cmd_vel,5.558814175,0.0,0.0
/epuck1/cmd_vel,5.5905049,0.0,0.0
/epuck1/cmd_vel,5.642576975,0.0,0.0
/epuck1/cmd_vel,5.679534408,0.0,0.0
/epuck1/cmd_vel,5.760884083,0.0,0.0
/epuck1/cmd_vel,5.796989841,0.0,0.0
/epuck1/cmd_vel,5.849681033,0.0,0.0
/epuck1/cmd_vel,5.881413558,0.0,0.0
/epuck1/cmd_vel,5.934429616,0.0,0.0
/epuck1/cmd_vel,5.9762793,0.0,0.0
/epuck1/cmd_vel,6.032386725,0.0,0.0
/epuck1/cmd_vel,6.06556025,0.0,0.0
/epuck1/cmd_vel,6.119484908,0.0,0.0
/epuck1/cmd_vel,6.163203675,0.0,0.0
/epuck1/cmd_vel,6.217469241,0.0,0.0
/epuck1/cmd_vel,6.251950483,0.0,0.0
/epuck1/cmd_vel,6.304695208,0.0,0.0
/epuck1/cmd_vel,6.348134941,0.0,0.0
/epuck1/cmd_vel,6.423887908,0.0,0.0
/epuck1/cmd_vel,6.462344,0.0,0.0
/epuck1/cmd_vel,6.512480625,0.0,0.0
/epuck1/cmd_vel,6.548834891,0.0,0.0
/epuck1/cmd_vel,6.604142983,0.0,0.0
/epuck1/cmd_vel,6.652142125,0.0,0.0
/epuck1/cmd_vel,6.70520145,0.0,0.0
/epuck1/cmd_vel,6.738124083,0.0,0.0
/epuck1/cmd_vel,6.788606933,0.0,0.0
/epuck1/cmd_vel,6.826173216,0.0,0.0
/epuck1/cmd_vel,6.903495516,0.0,0.0
/epuck1/cmd_vel,6.940699533,0.0,0.0
/epuck1/cmd_vel,6.994251016,0.0,0.0
/epuck1/cmd_vel,7.025749058,0.0,0.0
/epuck1/cmd_vel,7.079494325,0.0,0.0
/epuck1/cmd_vel,7.118919608,0.0,0.0
/epuck1/cmd_vel,7.194245316,0.0,0.0
/epuck1/cmd_vel,7.23252385,0.0,0.0
/epuck1/cmd_vel,7.280704583,0.0,0.0
/epuck1/cmd_vel,7.313757016,0.0,0.0
/epuck1/cmd_vel,7.370276666,0.0,0.0
/epuck1/cmd_vel,7.422965383,0.0,0.0
/epuck1/cmd_vel,7.487797183,0.0,0.0
/epuck1/cmd_vel,7.52182715,0.0,0.0
/epuck1/cmd_vel,7.57076505,0.0,0.0
/epuck1/cmd_vel,7.605132808,0.0,0.0
/epuck1/cmd_vel,7.665468741,0.0,0.0
/epuck1/cmd_vel,7.726540148,0.0,0.0
/epuck1/cmd_vel,7.781798033,0.0,0.0
/epuck1/cmd_vel,7.818055209,0.0,0.0
/epuck1/cmd_vel,7.868223693,0.0,0.0
/epuck1/cmd_vel,7.905639326,0.0,0.0
/epuck1/cmd_vel,7.973407841,0.0,0.0
/epuck1/cmd_vel,8.023361089,0.0,0.0
/epuck1/cmd_vel,8.078467527,0.0,0.0
/epuck1/cmd_vel,8.111458714,0.0,0.0
/epuck1/cmd_vel,8.164143779,0.0026772625999999635,0.0
/epuck1/cmd_vel,8.203121826,0.004647244950000129,0.0
/epuck1/cmd_vel,8.282153529,0.00857688665000005,0.0
/epuck1/cmd_vel,8.32022572,0.010520858699999991,0.0
/epuck1/cmd_vel,8.374686169,0.013239233900000258,0.0
/epuck1/cmd_vel,8.4064971,0.014833970100000116,0.0
/epuck1/cmd_vel,8.463096219,0.01765924104999996,0.0
/epuck1/cmd_vel,8.505874238,0.01979458935000018,0.0
/epuck1/cmd_vel,8.584703256,0.02368015080000028,0.0
/epuck1/cmd_vel,8.620139877,0.025,0.0
/epuck1/cmd_vel,8.671352292,0.025,0.0
/epuck1/cmd_vel,8.706234578,0.025,0.0
/epuck1/cmd_vel,8.762153271,0.025,0.0
/epuck1/cmd_vel,8.811083867,0.025,0.0
/epuck1/cmd_vel,8.882488206,0.025,0.0
/epuck1/cmd_vel,8.916822805,0.025,0.0
/epuck1/cmd_vel,8.968883062,0.025,0.0
/epuck1/cmd_vel,9.002495375,0.025,0.0
/epuck1/cmd_vel,9.063171743,0.025,0.0
/epuck1/cmd_vel,9.122750201,0.025,0.0
/epuck1/cmd_vel,9.17822266,0.025,0.0
/epuck1/cmd_vel,9.21218709,0.025,0.0
/epuck1/cmd_vel,9.26378588,0.025,0.0
/epuck1/cmd_vel,9.301675409,0.025,0.0
/epuck1/cmd_vel,9.370583804,0.025,0.0
/epuck1/cmd_vel,9.420026075,0.025,0.0
/epuck1/cmd_vel,9.47501168,0.025,0.0
/epuck1/cmd_vel,9.506742962,0.025,0.0
/epuck1/cmd_vel,9.562969111,0.025,0.0
/epuck1/cmd_vel,9.600281806,0.025,0.0
/epuck1/cmd_vel,9.661741766,0.025,0.0
/epuck1/cmd_vel,9.696494048,0.025,0.0
/epuck1/cmd_vel,9.74997043,0.025,0.0
/epuck1/cmd_vel,9.797169798,0.025,0.0
/epuck1/cmd_vel,9.855324746,0.025,0.0
/epuck1/cmd_vel,9.890288011,0.025,0.0
/epuck1/cmd_vel,9.944763907,0.025,0.0
/epuck1/cmd_vel,9.986305841,0.025,0.0
/epuck1/cmd_vel,10.064469098,0.025,0.0
/epuck1/cmd_vel,10.106332943,0.025,0.0
/epuck1/cmd_vel,10.160205346,0.025,0.0
/epuck1/cmd_vel,10.19863953,0.025,0.0
/epuck1/cmd_vel,10.262035129,0.025,0.0
/epuck1/cmd_vel,10.316033684,0.025,0.0
/epuck1/cmd_vel,10.392237513,0.025,0.0
/epuck1/cmd_vel,10.427351041,0.025,0.0
/epuck1/cmd_vel,10.483872008,0.025,0.0
/epuck1/cmd_vel,10.521091426,0.025,0.0
/epuck1/cmd_vel,10.585303027,0.025,0.0
/epuck1/cmd_vel,10.649027476,0.025,0.0
/epuck1/cmd_vel,10.709224853,0.025,0.0
/epuck1/cmd_vel,10.74589693,0.025,0.0
/epuck1/cmd_vel,10.804112657,0.025,0.0
/epuck1/cmd_vel,10.845340466,0.025,0.0
/epuck1/cmd_vel,10.920741557,0.025,0.0
/epuck1/cmd_vel,10.971793376,0.025,0.0
/epuck1/cmd_vel,11.031205163,0.025,0.0
/epuck1/cmd_vel,11.069359696,0.025,0.0
/epuck1/cmd_vel,11.125862119,0.025,0.0
/epuck1/cmd_vel,11.164796677,0.025,0.0
/epuck1/cmd_vel,11.249166814,0.025,0.0
/epuck1/cmd_vel,11.291236334,0.025,0.0
/epuck1/cmd_vel,11.348182929,0.025,0.0
/epuck1/cmd_vel,11.386562959,0.025,0.0
/epuck1/cmd_vel,11.445527927,0.025,0.0
/epuck1/cmd_vel,11.488609484,0.025,0.0
/epuck1/cmd_vel,11.575122297,0.025,0.0
/epuck1/cmd_vel,11.617674269,0.025,0.0
/epuck1/cmd_vel,11.669892869,0.025,0.0
/epuck1/cmd_vel,11.707723046,0.025,0.0
/epuck1/cmd_vel,11.769581787,0.025,0.0
/epuck1/cmd_vel,11.822451719,0.025,0.0
/epuck1/cmd_vel,11.897809977,0.025,0.0
/epuck1/cmd_vel,11.937024774,0.025,0.0
/epuck1/cmd_vel,11.992831146,0.025,0.0
/epuck1/cmd_vel,12.030149569,0.025,0.0
/epuck1/cmd_vel,12.107488715,0.025,0.0
/epuck1/cmd_vel,12.149970591,0.025,0.0
/epuck1/cmd_vel,12.207215726,0.025,0.0
/epuck1/cmd_vel,12.244984752,0.025,0.0
/epuck1/cmd_vel,12.305149769,0.025,0.0
/epuck1/cmd_vel,12.349989797,0.025,0.0
/epuck1/cmd_vel,12.432426573,0.025,0.0
/epuck1/cmd_vel,12.474869747,0.025,0.0
/epuck1/cmd_vel,12.529766888,0.025,0.0
/epuck1/cmd_vel,12.566317782,0.025,0.0
/epuck1/cmd_vel,12.628511632,0.025,0.0
/epuck1/cmd_vel,12.685371977,0.025,0.0
/epuck1/cmd_vel,12.746637712,0.025,0.0
/epuck1/cmd_vel,12.784772627,0.025,0.0
/epuck1/cmd_vel,12.838673991,0.025,0.0
/epuck1/cmd_vel,12.877851822,0.025,0.0
/epuck1/cmd_vel,12.951065166,0.025,0.0
/epuck1/cmd_vel,13.002320296,0.025,0.0
/epuck1/cmd_vel,13.061022972,0.025,0.0
/epuck1/cmd_vel,13.098452158,0.025,0.0
/epuck1/cmd_vel,13.154619554,0.019329461299999906,-0.17011616100000282
/epuck1/cmd_vel,13.195980804,0.015139245800000367,-0.295822625999989
/epuck1/cmd_vel,13.277665615,0.007027498400000097,-0.539175047999997
/epuck1/cmd_vel,13.320562244,0.006,-0.65
/epuck1/cmd_vel,13.37755125,0.006,-0.65
/epuck1/cmd_vel,13.412662342,0.006,-0.65
/epuck1/cmd_vel,13.471552455,0.006,-0.65
/epuck1/cmd_vel,13.525699247,0.006,-0.65
/epuck1/cmd_vel,13.587379313,0.006,-0.65
/epuck1/cmd_vel,13.624857946,0.006,-0.65
/epuck1/cmd_vel,13.678283495,0.006,-0.65
/epuck1/cmd_vel,13.718053481,0.006,-0.65
/epuck1/cmd_vel,13.794586964,0.006,-0.65
/epuck1/cmd_vel,13.833592034,0.006,-0.65
/epuck1/cmd_vel,13.888231719,0.006,-0.65
/epuck1/cmd_vel,13.925589271,0.007922462099999934,-0.4962030320000054
/epuck1/cmd_vel,13.987514014,0.010941851499999928,-0.2546518800000058
/epuck1/cmd_vel,14.045544048,0.012,-0.01674992800001862
/epuck1/cmd_vel,14.102869566,0.012,0.011892517805099468
/epuck1/cmd_vel,14.139687844,0.012,0.011892517805099468
/epuck1/cmd_vel,14.195996417,0.012,0.04762699842453001
/epuck1/cmd_vel,14.236889295,0.012,0.04762699842453002
/epuck1/cmd_vel,14.312939691,0.012,0.04365647077560423
/epuck1/cmd_vel,14.350044511,0.012,0.04365647077560423
/epuck1/cmd_vel,14.403383619,0.012,0.03571546912193296
/epuck1/cmd_vel,14.442407652,0.012,0.03571546912193296
/epuck1/cmd_vel,14.51991544,0.012,0.03571546912193296
/epuck1/cmd_vel,14.561332241,0.012,0.023803993463516217
/epuck1/cmd_vel,14.618448069,0.012,0.023803993463516217
/epuck1/cmd_vel,14.653729593,0.012,0.01586299180984495
/epuck1/cmd_vel,14.711932293,0.012,0.01586299180984495
/epuck1/cmd_vel,14.753348431,0.012,0.01586299180984495
/epuck1/cmd_vel,14.8392575,0.012,0.01586299180984495
/epuck1/cmd_vel,14.879037818,0.012,0.011892517805099468
/epuck1/cmd_vel,14.934035302,0.012,0.011892517805099468
/epuck1/cmd_vel,14.968447236,0.012,0.011892517805099468
/epuck1/cmd_vel,15.029798263,0.012,0.007922043800353985
/epuck1/cmd_vel,15.082398968,0.012,0.007922043800353985
/epuck1/cmd_vel,15.156750103,0.012,0.007922043800353985
/epuck1/cmd_vel,15.190784163,0.012,0.007922043800353985
/epuck1/cmd_vel,15.246753382,0.012,0.003951516151428203
/epuck1/cmd_vel,15.284232892,0.012,0.003951516151428203
/epuck1/cmd_vel,15.359194517,0.012,0.003951516151428203
/epuck1/cmd_vel,15.401207621,0.012,0.003951516151428203
/epuck1/cmd_vel,15.457719709,0.012,-1.8957853317280553e-05
/epuck1/cmd_vel,15.494369939,0.012,-1.8957853317280726e-05
/epuck1/cmd_vel,15.552512338,0.012,0.003951516151428203
/epuck1/cmd_vel,15.607697858,0.012,0.003951516151428203
/epuck1/cmd_vel,15.670216292,0.012,-1.8957853317280553e-05
/epuck1/cmd_vel,15.70427957,0.012,-1.8957853317280726e-05
/epuck1/cmd_vel,15.758349374,0.012,-1.8957853317280726e-05
/epuck1/cmd_vel,15.797894408,0.012,0.003951516151428203
/epuck1/cmd_vel,15.876241729,0.012,0.003951516151428203
/epuck1/cmd_vel,15.916118117,0.012,-1.8957853317280553e-05
/epuck1/cmd_vel,15.969270493,0.012,-1.8957853317280726e-05
/epuck1/cmd_vel,16.007511319,0.012,0.003951516151428203
/epuck1/cmd_vel,16.066427582,0.012,0.003951516151428203
/epuck1/cmd_vel,16.12419481,0.012,-1.8957853317280553e-05
/epuck1/cmd_vel,16.184871494,0.012,-1.8957853317280726e-05
/epuck1/cmd_vel,16.219267427,0.012,-1.8957853317280726e-05
/epuck1/cmd_vel,16.275434409,0.012,-1.8957853317280726e-05
/epuck1/cmd_vel,16.316204513,0.012,-1.8957853317280726e-05
/epuck1/cmd_vel,16.39355657,0.012,-1.8957853317280726e-05
/epuck1/cmd_vel,16.432623381,0.012,-1.8957853317280726e-05
/epuck1/cmd_vel,16.487144996,0.012,-1.8957853317280726e-05
/epuck1/cmd_vel,16.523466927,0.012,-1.8957853317280726e-05
/epuck1/cmd_vel,16.600638399,0.012,-1.8957853317280726e-05
/epuck1/cmd_vel,16.641459428,0.012,-1.8957853317280726e-05
/epuck1/cmd_vel,16.698059375,0.012,-1.8957853317280726e-05
/epuck1/cmd_vel,16.732529758,0.012,-1.8957853317280726e-05
/epuck1/cmd_vel,16.793687502,0.012,-1.8957853317280726e-05
/epuck1/cmd_vel,16.834933303,0.012,-1.8957853317280726e-05
/epuck1/cmd_vel,16.918922172,0.012,-1.8957853317280726e-05
/epuck1/cmd_vel,16.958636532,0.012,-1.8957853317280726e-05
/epuck1/cmd_vel,17.011391381,0.012,-1.8957853317280726e-05
/epuck1/cmd_vel,17.048694507,0.012,-1.8957853317280726e-05
/epuck1/cmd_vel,17.109500293,0.012,-1.8957853317280726e-05
/epuck1/cmd_vel,17.161426715,0.012,-1.8957853317280726e-05
/epuck1/cmd_vel,17.233100793,0.012,-1.8957853317280726e-05
/epuck1/cmd_vel,17.2686939,0.012,-1.8957853317280726e-05
/epuck1/cmd_vel,17.325902772,0.012,-1.8957853317280726e-05
/epuck1/cmd_vel,17.362554647,0.012,-1.8957853317280726e-05
/epuck1/cmd_vel,17.438380356,0.012,-1.8957853317280726e-05
/epuck1/cmd_vel,17.480352356,0.012,-1.8957853317280726e-05
/epuck1/cmd_vel,17.535950141,0.012,-1.8957853317280726e-05
/epuck1/cmd_vel,17.570467392,0.012,-1.8957853317280726e-05
/epuck1/cmd_vel,17.627675564,0.012,-1.8957853317280726e-05
/epuck1/cmd_vel,17.688243093,0.012,-1.8957853317280726e-05
/epuck1/cmd_vel,17.745945277,0.012,-1.8957853317280726e-05
/epuck1/cmd_vel,17.783410976,0.012,-1.8957853317280726e-05
/epuck1/cmd_vel,17.837764272,0.012,-1.8957853317280726e-05
/epuck1/cmd_vel,17.879458858,0.012,-1.8957853317280726e-05
/epuck1/cmd_vel,17.953513651,0.012,-1.8957853317280726e-05
/epuck1/cmd_vel,17.994084154,0.012,-1.8957853317280726e-05
/epuck1/cmd_vel,18.048292696,0.012,-1.8957853317280726e-05
/epuck1/cmd_vel,18.085890869,0.012,-1.8957853317280726e-05
/epuck1/cmd_vel,18.14583483,0.012,-1.8957853317280726e-05
/epuck1/cmd_vel,18.203200088,0.012,-1.8957853317280726e-05
/epuck1/cmd_vel,18.261575224,0.012,-1.8957853317280726e-05
/epuck1/cmd_vel,18.296444851,0.012,-1.8957853317280726e-05
/epuck1/cmd_vel,18.354098218,0.012,-1.8957853317280726e-05
/epuck1/cmd_vel,18.394428331,0.012,-1.8957853317280726e-05
/epuck1/cmd_vel,18.47407309,0.012,-1.8957853317280726e-05
/epuck1/cmd_vel,18.508386166,0.012,-1.8957853317280726e-05
/epuck1/cmd_vel,18.56451729,0.012,-1.8957853317280726e-05
/epuck1/cmd_vel,18.602169298,0.012,-1.8957853317280726e-05
/epuck1/cmd_vel,18.679856088,0.012,-1.8957853317280726e-05
/epuck1/cmd_vel,18.720141614,0.012,-1.8957853317280726e-05
/epuck1/cmd_vel,18.777282395,0.012,-1.8957853317280726e-05
/epuck1/cmd_vel,18.813189945,0.012,-1.8957853317280726e-05
/epuck1/cmd_vel,18.872476448,0.012,-1.8957853317280726e-05
/epuck1/cmd_vel,18.92035043,0.012,-1.8957853317280726e-05
/epuck1/cmd_vel,18.990276591,0.012,-1.8957853317280726e-05
/epuck1/cmd_vel,19.029041044,0.012,-1.8957853317280726e-05
/epuck1/cmd_vel,19.082259155,0.012,-1.8957853317280726e-05
/epuck1/cmd_vel,19.119462086,0.012,-1.8957853317280726e-05
/epuck1/cmd_vel,19.199458396,0.012,-1.8957853317280726e-05
/epuck1/cmd_vel,19.240894913,0.012,-1.8957853317280726e-05
/epuck1/cmd_vel,19.295278506,0.012,-1.8957853317280726e-05
/epuck1/cmd_vel,19.331153857,0.012,-1.8957853317280726e-05
/epuck1/cmd_vel,19.389140651,0.012,-1.8957853317280726e-05
/epuck1/cmd_vel,19.436090439,0.012,-1.8957853317280726e-05
/epuck1/cmd_vel,19.496004308,0.012,-1.8957853317280726e-05
/epuck1/cmd_vel,19.550633111,0.012,-1.8957853317280726e-05
/epuck1/cmd_vel,19.590784912,0.012,-1.8957853317280726e-05
/epuck1/cmd_vel,19.632555689,0.012,-1.8957853317280726e-05
/epuck1/cmd_vel,19.715286611,0.012,-1.8957853317280726e-05
/epuck1/cmd_vel,19.757048843,0.012,-1.8957853317280726e-05
/epuck1/cmd_vel,19.815031796,0.012,-1.8957853317280726e-05
/epuck1/cmd_vel,19.849826937,0.012,-1.8957853317280726e-05
/epuck1/cmd_vel,19.907884995,0.012,-1.8957853317280726e-05
/epuck1/cmd_vel,19.955262022,0.012,-1.8957853317280726e-05
/epuck1/cmd_vel,20.01642071,0.012,-1.8957853317280726e-05
/epuck1/cmd_vel,20.071658853,0.012,-1.8957853317280726e-05
/epuck1/cmd_vel,20.109344791,0.012,-1.8957853317280726e-05
/epuck1/cmd_vel,20.149852353,0.012,-1.8957853317280726e-05
/epuck1/cmd_vel,20.22752977,0.012,-1.8957853317280726e-05
/epuck1/cmd_vel,20.266909547,0.012,-1.8957853317280726e-05
/epuck1/cmd_vel,20.321396839,0.012,-1.8957853317280726e-05
/epuck1/cmd_vel,20.358659694,0.012,-1.8957853317280726e-05
/epuck1/cmd_vel,20.419309637,0.012,-1.8957853317280726e-05
/epuck1/cmd_vel,20.477661078,0.012,-1.8957853317280726e-05
/epuck1/cmd_vel,20.534448078,0.012,-1.8957853317280726e-05
/epuck1/cmd_vel,20.588292299,0.012,-1.8957853317280726e-05
/epuck1/cmd_vel,20.628616473,0.012,-1.8957853317280726e-05
/epuck1/cmd_vel,20.668556505,0.012,-1.8957853317280726e-05
/epuck1/cmd_vel,20.750422573,0.012,-1.8957853317280726e-05
/epuck1/cmd_vel,20.790865066,0.012,-1.8957853317280726e-05
/epuck1/cmd_vel,20.849566798,0.012,-1.8957853317280726e-05
/epuck1/cmd_vel,20.883776503,0.012,-1.8957853317280726e-05
/epuck1/cmd_vel,20.940327551,0.012,-1.8957853317280726e-05
/epuck1/cmd_vel,20.981569696,0.012,-1.8957853317280726e-05
/epuck1/cmd_vel,21.064718217,0.012,-1.8957853317280726e-05
/epuck1/cmd_vel,21.120065729,0.012,-1.8957853317280726e-05
/epuck1/cmd_vel,21.155322168,0.012,-1.8957853317280726e-05
/epuck1/cmd_vel,21.191852031,0.012,-1.8957853317280726e-05
/epuck1/cmd_vel,21.251174933,0.012,-1.8957853317280726e-05
/epuck1/cmd_vel,21.308802017,0.012,-1.8957853317280726e-05
/epuck1/cmd_vel,21.368130661,0.012,-1.8957853317280726e-05
/epuck1/cmd_vel,21.403630618,0.012,-1.8957853317280726e-05
/epuck1/cmd_vel,21.458675217,0.012,-1.8957853317280726e-05
/epuck1/cmd_vel,21.498708381,0.012,-1.8957853317280726e-05
/epuck1/cmd_vel,21.575847933,0.012,-1.8957853317280726e-05
/epuck1/cmd_vel,21.612713574,0.012,-1.8957853317280726e-05
/epuck1/cmd_vel,21.667203167,0.012,-1.8957853317280726e-05
/epuck1/cmd_vel,21.704725879,0.012,-1.8957853317280726e-05
/epuck1/cmd_vel,21.781145072,0.012,-1.8957853317280726e-05
/epuck1/cmd_vel,21.82208054,0.012,-1.8957853317280726e-05
/epuck1/cmd_vel,21.879222052,0.012,-1.8957853317280726e-05
/epuck1/cmd_vel,21.914328549,0.012,-1.8957853317280726e-05
/epuck1/cmd_vel,21.97319662,0.012,-1.8957853317280726e-05
/epuck1/cmd_vel,22.027060318,0.012,-1.8957853317280726e-05
/epuck1/cmd_vel,22.086974199,0.012,-1.8957853317280726e-05
/epuck1/cmd_vel,22.124290935,0.012,-1.8957853317280726e-05
/epuck1/cmd_vel,22.178531465,0.012,-1.8957853317280726e-05
/epuck1/cmd_vel,22.216810512,0.012,-1.8957853317280726e-05
/epuck1/cmd_vel,22.293131168,0.012,-1.8957853317280726e-05
/epuck1/cmd_vel,22.333234125,0.012,-1.8957853317280726e-05
/epuck1/cmd_vel,22.387427761,0.012,-1.8957853317280726e-05
/epuck1/cmd_vel,22.42434867,0.012,-1.8957853317280726e-05
/epuck1/cmd_vel,22.480714159,0.012,-1.8957853317280726e-05
/epuck1/cmd_vel,22.536899987,0.012,-1.8957853317280726e-05
/epuck1/cmd_vel,22.59766033,0.012,-1.8957853317280726e-05
/epuck1/cmd_vel,22.630893946,0.012,-1.8957853317280726e-05
/epuck1/cmd_vel,22.687388688,0.012,-1.8957853317280726e-05
/epuck1/cmd_vel,22.728013451,0.012,-1.8957853317280726e-05
/epuck1/cmd_vel,22.804405889,0.012,-1.8957853317280726e-05
/epuck1/cmd_vel,22.842361385,0.012,-1.8957853317280726e-05
/epuck1/cmd_vel,22.894944006,0.012,-1.8957853317280726e-05
/epuck1/cmd_vel,22.934574332,0.012,-1.8957853317280726e-05
/epuck1/cmd_vel,23.010478006,0.012,-1.8957853317280726e-05
/epuck1/cmd_vel,23.051757849,0.012,-1.8957853317280726e-05
/epuck1/cmd_vel,23.10976671,0.012,-1.8957853317280726e-05
/epuck1/cmd_vel,23.143078997,0.012,-1.8957853317280726e-05
/epuck1/cmd_vel,23.20373804,0.012,-1.8957853317280726e-05
/epuck1/cmd_vel,23.256169177,0.012,-1.8957853317280726e-05
/epuck1/cmd_vel,23.315384869,0.012,-1.8957853317280726e-05
/epuck1/cmd_vel,23.351214444,0.012,-1.8957853317280726e-05
/epuck1/cmd_vel,23.406105123,0.012,0.003951516151428203
/epuck1/cmd_vel,23.445448301,0.012,0.003951516151428203
/epuck1/cmd_vel,23.520015315,0.012,-1.8957853317280553e-05
/epuck1/cmd_vel,23.56961433,0.012,-1.8957853317280726e-05
/epuck1/cmd_vel,23.626803673,0.012,-1.8957853317280726e-05
/epuck1/cmd_vel,23.663540032,0.012,-1.8957853317280726e-05
/epuck1/cmd_vel,23.719249738,0.012,-1.8957853317280726e-05
/epuck1/cmd_vel,23.760570312,0.012,-1.8957853317280726e-05
/epuck1/cmd_vel,23.8449974,0.012,-1.8957853317280726e-05
/epuck1/cmd_vel,23.882696377,0.012,-1.8957853317280726e-05
/epuck1/cmd_vel,23.939468753,0.012,-1.8957853317280726e-05
/epuck1/cmd_vel,23.976900284,0.012,-1.8957853317280726e-05
/epuck1/cmd_vel,24.033983197,0.012,-1.8957853317280726e-05
/epuck1/cmd_vel,24.073997474,0.012,-1.8957853317280726e-05
/epuck1/cmd_vel,24.156236859,0.012,-1.8957853317280726e-05
/epuck1/cmd_vel,24.196474897,0.012,-1.8957853317280726e-05
/epuck1/cmd_vel,24.250310402,0.012,-1.8957853317280726e-05
/epuck1/cmd_vel,24.286784127,0.012,-1.8957853317280726e-05
/epuck1/cmd_vel,24.348931622,0.012,-1.8957853317280726e-05
/epuck1/cmd_vel,24.396830726,0.012,-1.8957853317280726e-05
/epuck1/cmd_vel,24.468273517,0.012,-1.8957853317280726e-05
/epuck1/cmd_vel,24.506302404,0.012,-1.8957853317280726e-05
/epuck1/cmd_vel,24.561092355,0.012,-1.8957853317280726e-05
/epuck1/cmd_vel,24.596698411,0.012,-1.8957853317280726e-05
/epuck1/cmd_vel,24.671219248,0.012,-1.8957853317280726e-05
/epuck1/cmd_vel,24.710750823,0.012,-1.8957853317280726e-05
/epuck1/cmd_vel,24.771253978,0.012,-1.8957853317280726e-05
/epuck1/cmd_vel,24.80521382,0.012,-1.8957853317280726e-05
/epuck1/cmd_vel,24.863119855,0.012,-1.8957853317280726e-05
/epuck1/cmd_vel,24.916564018,0.012,-1.8957853317280726e-05
/epuck1/cmd_vel,24.976887465,0.012,-1.8957853317280726e-05
/epuck1/cmd_vel,25.012613957,0.012,-1.8957853317280726e-05
/epuck1/cmd_vel,25.066028086,0.012,-1.8957853317280726e-05
/epuck1/cmd_vel,25.104955235,0.012,-1.8957853317280726e-05
/epuck1/cmd_vel,25.179803501,0.012,-1.8957853317280726e-05
/epuck1/cmd_vel,25.21977995,0.012,-1.8957853317280726e-05
/epuck1/cmd_vel,25.274960828,0.012,-1.8957853317280726e-05
/epuck1/cmd_vel,25.31029382,0.012,-1.8957853317280726e-05
/epuck1/cmd_vel,25.369647002,0.012,-1.8957853317280726e-05
/epuck1/cmd_vel,25.425947522,0.012,-1.8957853317280726e-05
/epuck1/cmd_vel,25.483634826,0.012,-1.8957853317280726e-05
/epuck1/cmd_vel,25.519942528,0.012,-1.8957853317280726e-05
/epuck1/cmd_vel,25.575156897,0.012,-1.8957853317280726e-05
/epuck1/cmd_vel,25.614338245,0.012,-1.8957853317280726e-05
/epuck1/cmd_vel,25.692274216,0.012,-1.8957853317280726e-05
/epuck1/cmd_vel,25.73024065,0.012,-1.8957853317280726e-05
/epuck1/cmd_vel,25.783079265,0.012,-1.8957853317280726e-05
/epuck1/cmd_vel,25.821723325,0.012,-1.8957853317280726e-05
/epuck1/cmd_vel,25.898706597,0.012,-1.8957853317280726e-05
/epuck1/cmd_vel,25.938365218,0.012,-1.8957853317280726e-05
/epuck1/cmd_vel,25.993343747,0.012,-1.8957853317280726e-05
/epuck1/cmd_vel,26.031142851,0.012,-1.8957853317280726e-05
/epuck1/cmd_vel,26.090414707,0.012,-1.8957853317280726e-05
/epuck1/cmd_vel,26.135212108,0.012,-1.8957853317280726e-05
/epuck1/cmd_vel,26.214217893,0.012,-1.8957853317280726e-05
/epuck1/cmd_vel,26.254872032,0.012,-1.8957853317280726e-05
/epuck1/cmd_vel,26.310093149,0.012,-1.8957853317280726e-05
/epuck1/cmd_vel,26.346948061,0.012,-1.8957853317280726e-05
/epuck1/cmd_vel,26.408730514,0.012,-1.8957853317280726e-05
/epuck1/cmd_vel,26.460260467,0.012,-1.8957853317280726e-05
/epuck1/cmd_vel,26.530390395,0.012,-1.8957853317280726e-05
/epuck1/cmd_vel,26.569571255,0.012,-1.8957853317280726e-05
/epuck1/cmd_vel,26.62432173,0.012,-1.8957853317280726e-05
/epuck1/cmd_vel,26.663861969,0.012,-1.8957853317280726e-05
/epuck1/cmd_vel,26.725306888,0.012,-1.8957853317280726e-05
/epuck1/cmd_vel,26.801142499,0.012,-1.8957853317280726e-05
/epuck1/cmd_vel,26.861519047,0.012,-1.8957853317280726e-05
/epuck1/cmd_vel,26.89786431,0.012,-1.8957853317280726e-05
/epuck1/cmd_vel,26.952263451,0.012,-1.8957853317280726e-05
/epuck1/cmd_vel,26.992851233,0.012,-1.8957853317280726e-05
/epuck1/cmd_vel,27.070708942,0.012,-1.8957853317280726e-05
/epuck1/cmd_vel,27.119415182,0.012,-1.8957853317280726e-05
/epuck1/cmd_vel,27.178089712,0.012,-1.8957853317280726e-05
/epuck1/cmd_vel,27.215183967,0.012,-1.8957853317280726e-05
/epuck1/cmd_vel,27.270926865,0.012,-1.8957853317280726e-05
/epuck1/cmd_vel,27.311211,0.012,-1.8957853317280726e-05
/epuck1/cmd_vel,27.390615698,0.012,-0.003989485502243062
/epuck1/cmd_vel,27.425977671,0.012,-0.003989485502243062
/epuck1/cmd_vel,27.480954941,0.012,-0.003989485502243062
/epuck1/cmd_vel,27.520562639,0.012,-1.8957853317280553e-05
/epuck1/cmd_vel,27.597465719,0.012,-1.8957853317280726e-05
/epuck1/cmd_vel,27.637910897,0.012,0.003951516151428203
/epuck1/cmd_vel,27.695555283,0.012,0.003951516151428203
/epuck1/cmd_vel,27.731731691,0.012,-1.8957853317280553e-05
/epuck1/cmd_vel,27.789997799,0.012,-1.8957853317280726e-05
/epuck1/cmd_vel,27.84787849,0.012,-1.8957853317280726e-05
/epuck1/cmd_vel,27.909258391,0.012,-1.8957853317280726e-05
/epuck1/cmd_vel,27.94720339,0.012,-1.8957853317280726e-05
/epuck1/cmd_vel,28.001713109,0.012,-1.8957853317280726e-05
/epuck1/cmd_vel,28.039152167,0.012,-1.8957853317280726e-05
/epuck1/cmd_vel,28.115207172,0.012,-1.8957853317280726e-05
/epuck1/cmd_vel,28.155696405,0.012,-1.8957853317280726e-05
/epuck1/cmd_vel,28.210644941,0.012,-1.8957853317280726e-05
/epuck1/cmd_vel,28.246874749,0.012,-1.8957853317280726e-05
/epuck1/cmd_vel,28.30941551,0.012,-1.8957853317280726e-05
/epuck1/cmd_vel,28.364179101,0.012,-1.8957853317280726e-05
/epuck1/cmd_vel,28.422459135,0.012,-1.8957853317280726e-05
/epuck1/cmd_vel,28.460576955,0.012,-1.8957853317280726e-05
/epuck1/cmd_vel,28.512643929,0.012,-1.8957853317280726e-05
/epuck1/cmd_vel,28.553795695,0.012,-1.8957853317280726e-05
/epuck1/cmd_vel,28.637798788,0.012,-1.8957853317280726e-05
/epuck1/cmd_vel,28.679050416,0.012,-1.8957853317280726e-05
/epuck1/cmd_vel,28.736647505,0.012,-1.8957853317280726e-05
/epuck1/cmd_vel,28.770429332,0.012,-1.8957853317280726e-05
/epuck1/cmd_vel,28.829844686,0.012,-1.8957853317280726e-05
/epuck1/cmd_vel,28.870674248,0.012,-1.8957853317280726e-05
/epuck1/cmd_vel,28.953118107,0.012,-1.8957853317280726e-05
/epuck1/cmd_vel,28.992816317,0.012,-1.8957853317280726e-05
/epuck1/cmd_vel,29.044385992,0.012,-1.8957853317280726e-05
/epuck1/cmd_vel,29.083154581,0.012,-1.8957853317280726e-05
/epuck1/cmd_vel,29.142855248,0.012,-1.8957853317280726e-05
/epuck1/cmd_vel,29.193349327,0.012,-1.8957853317280726e-05
/epuck1/cmd_vel,29.263932319,0.012,-1.8957853317280726e-05
/epuck1/cmd_vel,29.301855167,0.012,-1.8957853317280726e-05
/epuck1/cmd_vel,29.355634859,0.012,-1.8957853317280726e-05
/epuck1/cmd_vel,29.393620197,0.012,-1.8957853317280726e-05
/epuck1/cmd_vel,29.471671454,0.012,-1.8957853317280726e-05
/epuck1/cmd_vel,29.51356344,0.012,-1.8957853317280726e-05
/epuck1/cmd_vel,29.569021144,0.012,-1.8957853317280726e-05
/epuck1/cmd_vel,29.6019667,0.012,-1.8957853317280726e-05
/epuck1/cmd_vel,29.661545558,0.012,-1.8957853317280726e-05
/epuck1/cmd_vel,29.717926744,0.012,-1.8957853317280726e-05
/epuck1/cmd_vel,29.775142582,0.012,-1.8957853317280726e-05
/epuck1/cmd_vel,29.815592244,0.012,-1.8957853317280726e-05
/epuck1/cmd_vel,29.863883791,0.012,-1.8957853317280726e-05
/epuck1/cmd_vel,29.90522496,0.012,-1.8957853317280726e-05
/epuck1/cmd_vel,29.9924692,0.012,-1.8957853317280726e-05
/epuck1/cmd_vel,30.032802125,0.012,-1.8957853317280726e-05
/epuck1/cmd_vel,30.088513568,0.012,-1.8957853317280726e-05
/epuck1/cmd_vel,30.125233924,0.012,-1.8957853317280726e-05
/epuck1/cmd_vel,30.182823832,0.012,-1.8957853317280726e-05
/epuck1/cmd_vel,30.236680771,0.012,-1.8957853317280726e-05
/epuck1/cmd_vel,30.295596851,0.012,-1.8957853317280726e-05
/epuck1/cmd_vel,30.333525456,0.012,-1.8957853317280726e-05
/epuck1/cmd_vel,30.387322394,0.012,-1.8957853317280726e-05
/epuck1/cmd_vel,30.425972504,0.012,-1.8957853317280726e-05
/epuck1/cmd_vel,30.50383749,0.012,-1.8957853317280726e-05
/epuck1/cmd_vel,30.543582579,0.012,-1.8957853317280726e-05
/epuck1/cmd_vel,30.597618532,0.012,-1.8957853317280726e-05
/epuck1/cmd_vel,30.632416859,0.012,0.003951516151428203
/epuck1/cmd_vel,30.694319672,0.012,0.003951516151428203
/epuck1/cmd_vel,30.749211697,0.012,-1.8957853317280553e-05
/epuck1/cmd_vel,30.805716047,0.012,-1.8957853317280726e-05
/epuck1/cmd_vel,30.842661237,0.012,-1.8957853317280726e-05
/epuck1/cmd_vel,30.897223808,0.012,-0.003989485502243062
/epuck1/cmd_vel,30.939644094,0.012,-0.003989485502243062
/epuck1/cmd_vel,31.019959522,0.012,-1.8957853317280553e-05
/epuck1/cmd_vel,31.059307015,0.012,-1.8957853317280726e-05
/epuck1/cmd_vel,31.117976081,0.012,-1.8957853317280726e-05
/epuck1/cmd_vel,31.150933173,0.012,-1.8957853317280726e-05
/epuck1/cmd_vel,31.210044844,0.012,-1.8957853317280726e-05
/epuck1/cmd_vel,31.255073044,0.012,-1.8957853317280726e-05
/epuck1/cmd_vel,31.325074619,0.012,-1.8957853317280726e-05
/epuck1/cmd_vel,31.363154287,0.012,-1.8957853317280726e-05
/epuck1/cmd_vel,31.415635001,0.012,-1.8957853317280726e-05
/epuck1/cmd_vel,31.453516581,0.012,-1.8957853317280726e-05
/epuck1/cmd_vel,31.519222185,0.012,-1.8957853317280726e-05
/epuck1/cmd_vel,31.578913469,0.012,-1.8957853317280726e-05
/epuck1/cmd_vel,31.641280677,0.012,-1.8957853317280726e-05
/epuck1/cmd_vel,31.676407363,0.012,-1.8957853317280726e-05
/epuck1/cmd_vel,31.731878074,0.012,-1.8957853317280726e-05
/epuck1/cmd_vel,31.768310666,0.012,-1.8957853317280726e-05
/epuck1/cmd_vel,31.839964644,0.012,-1.8957853317280726e-05
/epuck1/cmd_vel,31.890278053,0.012,-1.8957853317280726e-05
/epuck1/cmd_vel,31.948171375,0.012,-1.8957853317280726e-05
/epuck1/cmd_vel,31.986024711,0.012,-1.8957853317280726e-05
/epuck1/cmd_vel,32.040542452,0.012,-1.8957853317280726e-05
/epuck1/cmd_vel,32.082888942,0.012,-1.8957853317280726e-05
/epuck1/cmd_vel,32.157492494,0.012,-1.8957853317280726e-05
/epuck1/cmd_vel,32.19335665,0.012,-1.8957853317280726e-05
/epuck1/cmd_vel,32.248201121,0.012,-1.8957853317280726e-05
/epuck1/cmd_vel,32.28453028,0.012,-1.8957853317280726e-05
/epuck1/cmd_vel,32.360866658,0.012,-1.8957853317280726e-05
/epuck1/cmd_vel,32.401656504,0.012,-1.8957853317280726e-05
/epuck1/cmd_vel,32.459646627,0.012,-1.8957853317280726e-05
/epuck1/cmd_vel,32.492608817,0.012,-1.8957853317280726e-05
/epuck1/cmd_vel,32.551759567,0.012,-1.8957853317280726e-05
/epuck1/cmd_vel,32.605600193,0.012,-1.8957853317280726e-05
/epuck1/cmd_vel,32.66627426,0.012,-1.8957853317280726e-05
/epuck1/cmd_vel,32.702504587,0.012,-1.8957853317280726e-05
/epuck1/cmd_vel,32.757189182,0.012,-1.8957853317280726e-05
/epuck1/cmd_vel,32.798205968,0.012,-1.8957853317280726e-05
/epuck1/cmd_vel,32.87269462,0.012,-1.8957853317280726e-05
/epuck1/cmd_vel,32.913084164,0.012,-1.8957853317280726e-05
/epuck1/cmd_vel,32.964212142,0.012,-1.8957853317280726e-05
/epuck1/cmd_vel,33.002314398,0.012,-1.8957853317280726e-05
/epuck1/cmd_vel,33.061161773,0.012,-1.8957853317280726e-05
/epuck1/cmd_vel,33.116476876,0.012,-1.8957853317280726e-05
/epuck1/cmd_vel,33.174588938,0.012,-1.8957853317280726e-05
/epuck1/cmd_vel,33.209495999,0.012,-1.8957853317280726e-05
/epuck1/cmd_vel,33.269276815,0.012,-1.8957853317280726e-05
/epuck1/cmd_vel,33.308137641,0.012,-1.8957853317280726e-05
/epuck1/cmd_vel,33.387223035,0.012,-1.8957853317280726e-05
/epuck1/cmd_vel,33.426222116,0.012,-1.8957853317280726e-05
/epuck1/cmd_vel,33.479064867,0.012,-1.8957853317280726e-05
/epuck1/cmd_vel,33.517943308,0.012,-1.8957853317280726e-05
/epuck1/cmd_vel,33.592880669,0.012,-1.8957853317280726e-05
/epuck1/cmd_vel,33.633306137,0.012,-1.8957853317280726e-05
/epuck1/cmd_vel,33.689437678,0.012,-1.8957853317280726e-05
/epuck1/cmd_vel,33.726398656,0.012,-1.8957853317280726e-05
/epuck1/cmd_vel,33.781786836,0.012,-1.8957853317280726e-05
/epuck1/cmd_vel,33.840237624,0.012,-1.8957853317280726e-05
/epuck1/cmd_vel,33.899508735,0.012,-1.8957853317280726e-05
/epuck1/cmd_vel,33.936844845,0.012,-1.8957853317280726e-05
/epuck1/cmd_vel,33.988863958,0.012,-1.8957853317280726e-05
/epuck1/cmd_vel,34.02991557,0.012,-1.8957853317280726e-05
/epuck1/cmd_vel,34.100402375,0.012,0.003951516151428203
/epuck1/cmd_vel,34.140413419,0.012,0.003951516151428203
/epuck1/cmd_vel,34.196159316,0.012,0.003951516151428203
/epuck1/cmd_vel,34.234275976,0.012,-1.8957853317280553e-05
/epuck1/cmd_vel,34.292269852,0.012,-1.8957853317280726e-05
/epuck1/cmd_vel,34.351129651,0.012,-0.003989485502243062
/epuck1/cmd_vel,34.424803533,0.012,-0.003989485502243062
/epuck1/cmd_vel,34.462445596,0.012,-1.8957853317280553e-05
/epuck1/cmd_vel,34.5154483,0.012,-1.8957853317280726e-05
/epuck1/cmd_vel,34.553778639,0.012,-1.8957853317280726e-05
/epuck1/cmd_vel,34.614323146,0.012,-1.8957853317280726e-05
/epuck1/cmd_vel,34.67464308,0.012,-1.8957853317280726e-05
/epuck1/cmd_vel,34.735453961,0.012,-1.8957853317280726e-05
/epuck1/cmd_vel,34.773297943,0.012,-1.8957853317280726e-05
/epuck1/cmd_vel,34.82673483,0.012,-1.8957853317280726e-05
/epuck1/cmd_vel,34.866865584,0.012,-1.8957853317280726e-05
/epuck1/cmd_vel,34.943116259,0.012,-1.8957853317280726e-05
/epuck1/cmd_vel,34.992686617,0.012,-1.8957853317280726e-05
/epuck1/cmd_vel,35.051964277,0.012,-1.8957853317280726e-05
/epuck1/cmd_vel,35.089540362,0.012,-1.8957853317280726e-05
/epuck1/cmd_vel,35.144826702,0.012,-1.8957853317280726e-05
/epuck1/cmd_vel,35.186402914,0.012,-1.8957853317280726e-05
/epuck1/cmd_vel,35.270673755,0.012,-1.8957853317280726e-05
/epuck1/cmd_vel,35.310572639,0.012,-1.8957853317280726e-05
/epuck1/cmd_vel,35.36860779,0.012,-1.8957853317280726e-05
/epuck1/cmd_vel,35.402924992,0.012,-1.8957853317280726e-05
/epuck1/cmd_vel,35.465896653,0.012,-1.8957853317280726e-05
/epuck1/cmd_vel,35.517161852,0.012,-1.8957853317280726e-05
/epuck1/cmd_vel,35.57842066,0.012,-1.8957853317280726e-05
/epuck1/cmd_vel,35.616621903,0.012,-1.8957853317280726e-05
/epuck1/cmd_vel,35.671539818,0.012,-1.8957853317280726e-05
/epuck1/cmd_vel,35.711027793,0.012,-1.8957853317280726e-05
/epuck1/cmd_vel,35.786495299,0.012,-1.8957853317280726e-05
/epuck1/cmd_vel,35.8266469,0.012,-1.8957853317280726e-05
/epuck1/cmd_vel,35.881207924,0.012,-1.8957853317280726e-05
/epuck1/cmd_vel,35.917848777,0.012,-1.8957853317280726e-05
/epuck1/cmd_vel,35.980929054,0.012,-1.8957853317280726e-05
/epuck1/cmd_vel,36.033757369,0.012,-1.8957853317280726e-05
/epuck1/cmd_vel,36.091335224,0.012,-1.8957853317280726e-05
/epuck1/cmd_vel,36.126303206,0.012,-1.8957853317280726e-05
/epuck1/cmd_vel,36.18203608,0.012,-1.8957853317280726e-05
/epuck1/cmd_vel,36.223156401,0.012,-1.8957853317280726e-05
/epuck1/cmd_vel,36.301822154,0.012,-1.8957853317280726e-05
/epuck1/cmd_vel,36.340689032,0.012,-1.8957853317280726e-05
/epuck1/cmd_vel,36.394342675,0.012,-1.8957853317280726e-05
/epuck1/cmd_vel,36.431776636,0.012,-1.8957853317280726e-05
/epuck1/cmd_vel,36.508660449,0.012,-1.8957853317280726e-05
/epuck1/cmd_vel,36.550182427,0.012,-1.8957853317280726e-05
/epuck1/cmd_vel,36.607546345,0.012,-1.8957853317280726e-05
/epuck1/cmd_vel,36.645007723,0.012,-1.8957853317280726e-05
/epuck1/cmd_vel,36.701184863,0.012,-1.8957853317280726e-05
/epuck1/cmd_vel,36.744054675,0.012,-1.8957853317280726e-05
/epuck1/cmd_vel,36.82536864,0.012,-1.8957853317280726e-05
/epuck1/cmd_vel,36.862781399,0.012,-1.8957853317280726e-05
/epuck1/cmd_vel,36.916802454,0.012,-1.8957853317280726e-05
/epuck1/cmd_vel,36.954812445,0.012,-1.8957853317280726e-05
/epuck1/cmd_vel,37.013254239,0.012,-1.8957853317280726e-05
/epuck1/cmd_vel,37.068316692,0.012,-1.8957853317280726e-05
/epuck1/cmd_vel,37.138717088,0.012,-1.8957853317280726e-05
/epuck1/cmd_vel,37.175196004,0.012,-1.8957853317280726e-05
/epuck1/cmd_vel,37.228836531,0.012,-1.8957853317280726e-05
/epuck1/cmd_vel,37.268678355,0.012,-1.8957853317280726e-05
/epuck1/cmd_vel,37.332241594,0.012,-1.8957853317280726e-05
/epuck1/cmd_vel,37.394413978,0.012,-1.8957853317280726e-05
/epuck1/cmd_vel,37.454365037,0.012,-1.8957853317280726e-05
/epuck1/cmd_vel,37.490395705,0.012,-1.8957853317280726e-05
/epuck1/cmd_vel,37.545906008,0.012,-1.8957853317280726e-05
/epuck1/cmd_vel,37.585628526,0.012,-1.8957853317280726e-05
/epuck1/cmd_vel,37.656120742,0.012,-1.8957853317280726e-05
/epuck1/cmd_vel,37.722573976,0.012,-1.8957853317280726e-05
/epuck1/cmd_vel,37.780937769,0.012,-1.8957853317280726e-05
/epuck1/cmd_vel,37.815751305,0.012,-1.8957853317280726e-05
/epuck1/cmd_vel,37.871863658,0.012,-1.8957853317280726e-05
/epuck1/cmd_vel,37.912129586,0.012,-1.8957853317280726e-05
/epuck1/cmd_vel,37.98892305,0.012,-1.8957853317280726e-05
/epuck1/cmd_vel,38.026502067,0.012,-1.8957853317280726e-05
/epuck1/cmd_vel,38.082364968,0.012,-1.8957853317280726e-05
/epuck1/cmd_vel,38.118993777,0.012,-1.8957853317280726e-05
/epuck1/cmd_vel,38.195904847,0.012,-1.8957853317280726e-05
/epuck1/cmd_vel,38.233752934,0.012,-1.8957853317280726e-05
/epuck1/cmd_vel,38.291037262,0.012,-1.8957853317280726e-05
/epuck1/cmd_vel,38.325601844,0.012,-1.8957853317280726e-05
/epuck1/cmd_vel,38.382472012,0.012,-1.8957853317280726e-05
/epuck1/cmd_vel,38.44402421,0.012,-1.8957853317280726e-05
/epuck1/cmd_vel,38.502480614,0.012,-1.8957853317280726e-05
/epuck1/cmd_vel,38.540560826,0.012,-1.8957853317280726e-05
/epuck1/cmd_vel,38.594540837,0.012,-1.8957853317280726e-05
/epuck1/cmd_vel,38.635111784,0.012,-1.8957853317280726e-05
/epuck1/cmd_vel,38.71222242,0.012,-1.8957853317280726e-05
/epuck1/cmd_vel,38.751431266,0.012,-1.8957853317280726e-05
/epuck1/cmd_vel,38.805391425,0.012,-1.8957853317280726e-05
/epuck1/cmd_vel,38.844364775,0.012,-1.8957853317280726e-05
/epuck1/cmd_vel,38.902509394,0.012,-1.8957853317280726e-05
/epuck1/cmd_vel,38.964967624,0.012,-1.8957853317280726e-05
/epuck1/cmd_vel,39.025976533,0.012,-1.8957853317280726e-05
/epuck1/cmd_vel,39.059403926,0.012,-1.8957853317280726e-05
/epuck1/cmd_vel,39.115528757,0.012,-1.8957853317280726e-05
/epuck1/cmd_vel,39.1583036,0.012,-1.8957853317280726e-05
/epuck1/cmd_vel,39.237056165,0.012,-1.8957853317280726e-05
/epuck1/cmd_vel,39.273796534,0.012,-1.8957853317280726e-05
/epuck1/cmd_vel,39.326637265,0.012,-1.8957853317280726e-05
/epuck1/cmd_vel,39.364944057,0.012,-1.8957853317280726e-05
/epuck1/cmd_vel,39.8921421,0.012,-1.8957853317280726e-05
/epuck1/cmd_vel,39.933568955,0.012,-1.8957853317280726e-05
/epuck1/cmd_vel,39.987123955,0.012,-1.8957853317280726e-05
/epuck1/cmd_vel,40.024833168,0.012,-1.8957853317280726e-05
/epuck1/cmd_vel,40.082554005,0.012,-1.8957853317280726e-05
/epuck1/cmd_vel,40.141174517,0.012,-1.8957853317280726e-05
/epuck1/cmd_vel,40.200749447,0.012,-1.8957853317280726e-05
/epuck1/cmd_vel,40.238770297,0.012,-1.8957853317280726e-05
/epuck1/cmd_vel,40.293154105,0.012,-1.8957853317280726e-05
/epuck1/cmd_vel,40.332469774,0.012,-1.8957853317280726e-05
/epuck1/cmd_vel,40.408498635,0.012,-1.8957853317280726e-05
/epuck1/cmd_vel,40.4502001,0.012,-1.8957853317280726e-05
/epuck1/cmd_vel,40.50411073,0.012,-1.8957853317280726e-05
/epuck1/cmd_vel,40.540370749,0.012,-1.8957853317280726e-05
/epuck1/cmd_vel,40.598563868,0.012,-1.8957853317280726e-05
/epuck1/cmd_vel,40.656118585,0.012,-1.8957853317280726e-05
/epuck1/cmd_vel,40.713747056,0.012,-1.8957853317280726e-05
/epuck1/cmd_vel,40.748285858,0.012,-1.8957853317280726e-05
/epuck1/cmd_vel,40.805681721,0.012,-1.8957853317280726e-05
/epuck1/cmd_vel,40.844779314,0.012,-1.8957853317280726e-05
/epuck1/cmd_vel,40.923236571,0.012,-1.8957853317280726e-05
/epuck1/cmd_vel,40.961380742,0.012,-1.8957853317280726e-05
/epuck1/cmd_vel,41.014421059,0.012,-1.8957853317280726e-05
/epuck1/cmd_vel,41.053694128,0.012,-1.8957853317280726e-05
/epuck1/cmd_vel,41.11313877,0.012,-1.8957853317280726e-05
/epuck1/cmd_vel,41.176088352,0.012,-1.8957853317280726e-05
/epuck1/cmd_vel,41.234610127,0.012,-1.8957853317280726e-05
/epuck1/cmd_vel,41.272068121,0.012,-1.8957853317280726e-05
/epuck1/cmd_vel,41.325986514,0.012,-1.8957853317280726e-05
/epuck1/cmd_vel,41.365462132,0.012,-1.8957853317280726e-05
/epuck1/cmd_vel,41.438676609,0.012,-1.8957853317280726e-05
/epuck1/cmd_vel,41.488524817,0.012,-1.8957853317280726e-05
/epuck1/cmd_vel,41.548083423,0.012,-1.8957853317280726e-05
/epuck1/cmd_vel,41.58163745,0.012,-1.8957853317280726e-05
/epuck1/cmd_vel,41.639732729,0.012,-1.8957853317280726e-05
/epuck1/cmd_vel,41.682087625,0.012,-1.8957853317280726e-05
/epuck1/cmd_vel,41.764513246,0.012,-1.8957853317280726e-05
/epuck1/cmd_vel,41.805206944,0.012,-1.8957853317280726e-05
/epuck1/cmd_vel,41.859610858,0.012,-1.8957853317280726e-05
/epuck1/cmd_vel,41.895978571,0.012,-1.8957853317280726e-05
/epuck1/cmd_vel,41.952404389,0.012,-1.8957853317280726e-05
/epuck1/cmd_vel,42.011243972,0.012,-1.8957853317280726e-05
/epuck1/cmd_vel,42.071236541,0.012,-1.8957853317280726e-05
/epuck1/cmd_vel,42.108716033,0.012,-1.8957853317280726e-05
/epuck1/cmd_vel,42.163376044,0.012,-1.8957853317280726e-05
/epuck1/cmd_vel,42.201962538,0.012,-1.8957853317280726e-05
/epuck1/cmd_vel,42.280636078,0.012,0.003951516151428203
/epuck1/cmd_vel,42.317600091,0.012,0.003951516151428203
/epuck1/cmd_vel,42.374235724,0.012,-1.8957853317280553e-05
/epuck1/cmd_vel,42.407936164,0.012,-1.8957853317280726e-05
/epuck1/cmd_vel,42.468955709,0.012,-1.8957853317280726e-05
/epuck1/cmd_vel,42.526161366,0.012,-1.8957853317280726e-05
/epuck1/cmd_vel,42.584632778,0.012,-1.8957853317280726e-05
/epuck1/cmd_vel,42.622820544,0.012,-1.8957853317280726e-05
/epuck1/cmd_vel,42.676887539,0.012,-1.8957853317280726e-05
/epuck1/cmd_vel,42.717526992,0.012,-1.8957853317280726e-05
/epuck1/cmd_vel,42.794842411,0.012,-1.8957853317280726e-05
/epuck1/cmd_vel,42.831972643,0.012,-1.8957853317280726e-05
/epuck1/cmd_vel,42.888489335,0.012,-1.8957853317280726e-05
/epuck1/cmd_vel,42.925834657,0.012,-1.8957853317280726e-05
/epuck1/cmd_vel,43.001240444,0.012,-1.8957853317280726e-05
/epuck1/cmd_vel,43.043006904,0.012,-1.8957853317280726e-05
/epuck1/cmd_vel,43.099949396,0.012,-1.8957853317280726e-05
/epuck1/cmd_vel,43.136013635,0.012,-1.8957853317280726e-05
/epuck1/cmd_vel,43.194369489,0.012,-1.8957853317280726e-05
/epuck1/cmd_vel,43.250039059,0.012,-1.8957853317280726e-05
/epuck1/cmd_vel,43.308528188,0.012,-1.8957853317280726e-05
/epuck1/cmd_vel,43.346994745,0.012,-1.8957853317280726e-05
/epuck1/cmd_vel,43.403389708,0.012,-1.8957853317280726e-05
/epuck1/cmd_vel,43.442753949,0.012,-1.8957853317280726e-05
/epuck1/cmd_vel,43.515902934,0.012,-1.8957853317280726e-05
/epuck1/cmd_vel,43.555876613,0.012,-1.8957853317280726e-05
/epuck1/cmd_vel,43.609636352,0.012,-1.8957853317280726e-05
/epuck1/cmd_vel,43.646073539,0.012,-1.8957853317280726e-05
/epuck1/cmd_vel,43.70596966,0.012,-1.8957853317280726e-05
/epuck1/cmd_vel,43.759645692,0.012,-1.8957853317280726e-05
/epuck1/cmd_vel,43.829621578,0.012,-1.8957853317280726e-05
/epuck1/cmd_vel,43.867257834,0.012,-1.8957853317280726e-05
/epuck1/cmd_vel,43.921466365,0.012,-1.8957853317280726e-05
/epuck1/cmd_vel,43.958419927,0.012,-1.8957853317280726e-05
/epuck1/cmd_vel,44.019624205,0.012,-1.8957853317280726e-05
/epuck1/cmd_vel,44.08054183,0.012,-1.8957853317280726e-05
/epuck1/cmd_vel,44.142012557,0.012,-1.8957853317280726e-05
/epuck1/cmd_vel,44.177684438,0.012,-1.8957853317280726e-05
/epuck1/cmd_vel,44.23209074,0.012,-1.8957853317280726e-05
/epuck1/cmd_vel,44.269623383,0.012,-1.8957853317280726e-05
/epuck1/cmd_vel,44.348808123,0.012,-1.8957853317280726e-05
/epuck1/cmd_vel,44.389578361,0.012,-1.8957853317280726e-05
/epuck1/cmd_vel,44.441389949,0.012,0.21821778214669163
/epuck1/cmd_vel,44.480274144,0.012,0.3
/epuck1/cmd_vel,44.540335888,0.012,0.3
/epuck1/cmd_vel,44.593919852,0.012,0.3
/epuck1/cmd_vel,44.654629186,0.012,0.3
/epuck1/cmd_vel,44.690328886,0.012,0.3
/epuck1/cmd_vel,44.745555686,0.012,0.3
/epuck1/cmd_vel,44.788174286,0.012,0.3
/epuck1/cmd_vel,44.862982886,0.012,0.3
/epuck1/cmd_vel,44.905097886,0.012,0.3
/epuck1/cmd_vel,44.958651286,0.012,0.3
/epuck1/cmd_vel,44.994913986,0.012,0.3
/epuck1/cmd_vel,45.070270986,0.012,0.3
/epuck1/cmd_vel,45.108538786,0.012,0.3
/epuck1/cmd_vel,45.167559086,0.012,0.3
/epuck1/cmd_vel,45.200878986,0.012,0.3
/epuck1/cmd_vel,45.257654623,0.012,0.3
/epuck1/cmd_vel,45.316063647,0.012,0.3
/epuck1/cmd_vel,45.373425312,0.012,0.2620526790618896
/epuck1/cmd_vel,45.408098679,0.012,0.2620526790618896
/epuck1/cmd_vel,45.461568572,0.012,0.21970074176788326
/epuck1/cmd_vel,45.500372188,0.012,0.21970074176788326
/epuck1/cmd_vel,45.571291675,0.012,0.18264278769493103
/epuck1/cmd_vel,45.61104549,0.012,0.18264278769493103
/epuck1/cmd_vel,45.662811115,0.012,0.18264278769493103
/epuck1/cmd_vel,45.696709953,0.012,0.1482318252325058
/epuck1/cmd_vel,45.754024037,0.012,0.1482318252325058
/epuck1/cmd_vel,45.808152836,0.012,0.12440884709358214
/epuck1/cmd_vel,45.864618354,0.012,0.12440884709358214
/epuck1/cmd_vel,45.89959272,0.012,0.12440884709358214
/epuck1/cmd_vel,45.952594984,0.012,0.103232878446579
/epuck1/cmd_vel,45.993282915,0.012,0.103232878446579
/epuck1/cmd_vel,46.06298118,0.012,0.08735089302062989
/epuck1/cmd_vel,46.098023302,0.013812929300000122,0.0727924108505249
/epuck1/cmd_vel,46.150349721,0.016461153500000138,0.05955743044614792
/epuck1/cmd_vel,46.187519489,0.018337556300000103,0.05955743044614792
/epuck1/cmd_vel,46.257652647,0.0218304964999997,0.05955743044614792
/epuck1/cmd_vel,46.296680562,0.023800444200000017,0.05514576658606529
/epuck1/cmd_vel,46.349443301,0.025,0.05514576658606529
/epuck1/cmd_vel,46.382151559,0.025,0.04632244631648064
/epuck1/cmd_vel,46.439639219,0.025,0.04632244631648064
/epuck1/cmd_vel,46.494507527,0.025,0.04632244631648064
/epuck1/cmd_vel,46.552426179,0.025,0.04191078245639801
/epuck1/cmd_vel,46.59020261,0.0,0.0
/epuck1/cmd_vel,46.641079701,0.0,0.0
/epuck1/cmd_vel,46.678859557,0.0,0.0
/epuck1/cmd_vel,46.753806613,0.0,0.0
/epuck1/cmd_vel,46.792156779,0.0,0.0
/epuck1/cmd_vel,46.844583499,0.0,0.0
/epuck1/cmd_vel,46.879497913,0.0,0.0
/epuck1/cmd_vel,46.937737929,0.0,0.0
/epuck1/cmd_vel,46.990388947,0.0,0.0
/epuck1/cmd_vel,47.046979319,0.0,0.0
/epuck1/cmd_vel,47.081733193,0.0,0.0
/epuck1/cmd_vel,47.134420373,0.0,0.0
/epuck1/cmd_vel,47.173218565,0.0,0.0
/epuck1/cmd_vel,47.246602003,0.0,0.0
/epuck1/cmd_vel,47.283977038,0.0,0.0
/epuck1/cmd_vel,47.335694511,0.0,0.0
/epuck1/cmd_vel,47.371678172,0.0,0.0
/epuck1/cmd_vel,47.444146621,0.0,0.0
/epuck1/cmd_vel,47.484401944,0.0,0.0
/epuck1/cmd_vel,47.536965412,0.0,0.0
/epuck1/cmd_vel,47.572087757,0.0,0.0
/epuck1/cmd_vel,47.627481267,0.0,0.0
/epuck1/cmd_vel,47.680410351,0.0,0.0
/epuck1/cmd_vel,47.737721484,0.0,0.0
/epuck1/cmd_vel,47.772410077,0.0,0.0
/epuck1/cmd_vel,47.824654561,0.0,0.0
/epuck1/cmd_vel,47.861937192,0.0,0.0
/epuck1/cmd_vel,47.933803738,0.0,0.0
/epuck1/cmd_vel,47.973075269,0.0,0.0
/epuck1/cmd_vel,48.023423732,0.0,0.0
/epuck1/cmd_vel,48.058516195,0.0,0.0
/epuck1/cmd_vel,48.115776321,0.0,0.0
/epuck1/cmd_vel,48.166041421,0.0,0.0
/epuck1/cmd_vel,48.231822316,0.0,0.0
/epuck1/cmd_vel,48.270167819,0.0,0.0
/epuck1/cmd_vel,48.320722975,0.0,0.0
/epuck1/cmd_vel,48.357199484,0.0,0.0
/epuck1/cmd_vel,48.429135213,0.0,0.0
/epuck1/cmd_vel,48.467955102,0.0,0.0
/epuck1/cmd_vel,48.521420807,0.0,0.0
/epuck1/cmd_vel,48.555595998,0.0,0.0
/epuck1/cmd_vel,48.611975869,0.0,0.0
/epuck1/cmd_vel,48.667064955,0.0,0.0
/epuck1/cmd_vel,48.727507796,0.0,0.0
/epuck1/cmd_vel,48.759574753,0.0,0.0
/epuck1/cmd_vel,48.811798967,0.0,0.0
/epuck1/cmd_vel,48.850124676,0.0,0.0
/epuck1/cmd_vel,48.924890161,0.0,0.0
/epuck1/cmd_vel,48.962172603,0.0,0.0
/epuck1/cmd_vel,49.013402747,0.0,0.0
/epuck1/cmd_vel,49.048610072,0.0,0.0
/epuck1/cmd_vel,49.109040446,0.0,0.0
/epuck1/cmd_vel,49.162468087,0.0,0.0
/epuck1/cmd_vel,49.217431463,0.0,0.0
/epuck1/cmd_vel,49.251367795,0.0,0.0
/epuck1/cmd_vel,49.30481266,0.0,0.0
/epuck1/cmd_vel,49.342754008,0.0,0.0
/epuck1/cmd_vel,49.423301482,0.0,0.0
/epuck1/cmd_vel,49.459914782,0.0,0.0
/epuck1/cmd_vel,49.513566982,0.0,0.0
/epuck1/cmd_vel,49.553666282,0.0,0.0
/epuck1/cmd_vel,49.629232982,0.0,0.0
/epuck1/cmd_vel,49.668764282,0.0,0.0
/epuck1/cmd_vel,49.727988082,0.0,0.0
/epuck1/cmd_vel,49.763342482,0.0,0.0
/epuck1/cmd_vel,49.822455382,0.0,0.0
/epuck1/cmd_vel,49.877439582,0.0,0.0
/epuck1/cmd_vel,49.938249382,0.0,0.0
/epuck1/cmd_vel,49.972873982,0.0,0.0
/epuck1/cmd_vel,50.028554682,0.0,0.0
/epuck1/cmd_vel,50.071409682,0.0,0.0
/epuck1/cmd_vel,50.146276382,0.0,0.0
/epuck1/cmd_vel,50.187041582,0.0,0.0
/epuck1/cmd_vel,50.242006782,0.0,0.0
/epuck1/cmd_vel,50.279973782,0.0,0.0
/epuck1/cmd_vel,50.340029282,0.0,0.0
/epuck1/cmd_vel,50.394867982,0.0,0.0
/epuck1/cmd_vel,50.453746182,0.0,0.0
/epuck1/cmd_vel,50.489486182,0.0,0.0
/epuck1/cmd_vel,50.545601582,0.0,0.0
/epuck1/cmd_vel,50.586182882,0.0,0.0
/epuck1/cmd_vel,50.672632082,0.0,0.0
/epuck1/cmd_vel,50.713596082,0.0,0.0
/epuck1/cmd_vel,50.771145382,0.0,0.0
/epuck1/cmd_vel,50.805492082,0.0,0.0
/epuck1/cmd_vel,50.864900682,0.0,0.0
/epuck1/cmd_vel,50.917400782,0.0,0.0
/epuck1/cmd_vel,50.980438582,0.0,0.0
/epuck1/cmd_vel,51.016777182,0.0,0.0
/epuck1/cmd_vel,51.071297282,0.0,0.0
/epuck1/cmd_vel,51.111147682,0.0,0.0
/epuck1/cmd_vel,51.181991182,0.0,0.0
/epuck1/cmd_vel,51.236204282,0.0,0.0
/epuck1/cmd_vel,51.291674282,0.0,0.0
/epuck1/cmd_vel,51.328077982,0.0,0.0
/epuck1/cmd_vel,51.385402382,0.0,0.0
/epuck1/cmd_vel,51.425410682,0.0,0.0
/epuck1/cmd_vel,51.499837782,0.0,0.0
/epuck1/cmd_vel,51.537960482,0.0,0.0
/epuck1/cmd_vel,51.590947182,0.0,0.0
/epuck1/cmd_vel,51.631493182,0.0,0.0
/epuck1/cmd_vel,51.706523682,0.0,0.0
/epuck1/cmd_vel,51.748050782,0.0,0.0
/epuck1/cmd_vel,51.803698982,0.0,0.0
/epuck1/cmd_vel,51.839943782,0.0,0.0
/epuck1/cmd_vel,51.897377882,0.0,0.0
/epuck1/cmd_vel,51.954684882,0.0,0.0
/epuck1/cmd_vel,52.014939182,0.0,0.0
/epuck1/cmd_vel,52.052129682,0.0,0.0
/epuck1/cmd_vel,52.105055782,0.0,0.0
/epuck1/cmd_vel,52.145517082,0.0,0.0
/epuck1/cmd_vel,52.225083883,0.0,0.0
/epuck1/cmd_vel,52.266823183,0.0,0.0
/epuck1/cmd_vel,52.320291283,0.0,0.0
/epuck1/cmd_vel,52.357232783,0.0,0.0
/epuck1/cmd_vel,52.418778483,0.0,0.0
/epuck1/cmd_vel,52.474366683,0.0,0.0
/epuck1/cmd_vel,52.534480883,0.0,0.0
/epuck1/cmd_vel,52.569686283,0.0,0.0
/epuck1/cmd_vel,52.625093883,0.0,0.0
/epuck1/cmd_vel,52.666708383,0.0,0.0
/epuck1/cmd_vel,52.744858183,0.0,0.0
/epuck1/cmd_vel,52.802827683,0.0,0.0
/epuck1/cmd_vel,52.839112383,0.0,0.0
/epuck1/cmd_vel,52.874803983,0.0,0.0
/epuck1/cmd_vel,52.952798183,0.0,0.0
/epuck1/cmd_vel,52.992946083,0.0,0.0
/epuck1/cmd_vel,53.048478983,0.0,0.0
/epuck1/cmd_vel,53.084641783,0.0,0.0
/epuck1/cmd_vel,53.142745383,0.0,0.0
/epuck1/cmd_vel,53.189428083,0.0,0.0
/epuck1/cmd_vel,53.268180652,0.0,0.0
/epuck1/cmd_vel,53.325217494,0.0,0.0
/epuck1/cmd_vel,53.360068295,0.0,0.0
/epuck1/cmd_vel,53.39655345,0.0,0.0
/epuck1/cmd_vel,53.453876944,0.0,0.0
/epuck1/cmd_vel,53.503169945,0.0,0.0
/epuck1/cmd_vel,53.559720555,0.0,0.0
/epuck1/cmd_vel,53.594653391,0.0,0.0
/epuck1/cmd_vel,53.64813079,0.0,0.0
/epuck1/cmd_vel,53.686309549,0.0,0.0
/epuck1/cmd_vel,53.776582206,0.0,0.0
/epuck1/cmd_vel,53.835225014,0.0,0.0
/epuck1/cmd_vel,53.868936523,0.0,0.0
/epuck1/cmd_vel,53.903053083,0.0,0.0
/epuck1/cmd_vel,53.958412749,0.0,0.0
/epuck1/cmd_vel,54.010166256,0.0,0.0
/epuck1/cmd_vel,54.069615275,0.0,0.0
/epuck1/cmd_vel,54.10358514,0.0,0.0
/epuck1/cmd_vel,54.15448629,0.0,0.0
/epuck1/cmd_vel,54.192335102,0.0,0.0
/epuck1/cmd_vel,54.266197933,0.0,0.0
/epuck1/cmd_vel,54.324743418,0.0,0.0
/epuck1/cmd_vel,54.356634567,0.0,0.0
/epuck1/cmd_vel,54.390311704,0.0,0.0
/epuck1/cmd_vel,54.451267752,0.0,0.0
/epuck1/cmd_vel,54.502701851,0.0,0.0
/epuck1/cmd_vel,54.557536449,0.0,0.0
/epuck1/cmd_vel,54.593242549,0.0,0.0
/epuck1/cmd_vel,54.644782896,0.0,0.0
/epuck1/cmd_vel,54.685383991,0.0,0.0
/epuck1/cmd_vel,54.758681685,0.0,0.0
/epuck1/cmd_vel,54.810761626,0.0,0.0
/epuck1/cmd_vel,54.844861476,0.0,0.0
/epuck1/cmd_vel,54.879697939,0.0,0.0
/epuck1/cmd_vel,54.953235855,0.0,0.0
/epuck1/cmd_vel,54.992126825,0.0,0.0
/epuck1/cmd_vel,55.046319759,0.0,0.0
/epuck1/cmd_vel,55.082767315,0.0,0.0
/epuck1/cmd_vel,55.135406789,0.0,0.0
/epuck1/cmd_vel,55.175596091,0.0,0.0
/epuck1/cmd_vel,55.252854484,0.0,0.0
/epuck1/cmd_vel,55.307885911,0.0,0.0
/epuck1/cmd_vel,55.34268449,0.0,0.0
/epuck1/cmd_vel,55.377050671,0.0,0.0
/epuck1/cmd_vel,55.436527415,0.0,0.0
/epuck1/cmd_vel,55.486259935,0.0,0.0
/epuck1/cmd_vel,55.555199096,0.0,0.0
/epuck1/cmd_vel,55.591910895,0.0,0.0
/epuck1/cmd_vel,55.643732575,0.0,0.0
/epuck1/cmd_vel,55.679722572,0.0,0.0
/epuck1/cmd_vel,55.736234537,0.0,0.0
/epuck1/cmd_vel,55.813813382,0.0,0.0
/epuck1/cmd_vel,55.853058797,0.0,0.0
/epuck1/cmd_vel,55.887351488,0.0,0.0
/epuck1/cmd_vel,55.941315975,0.0,0.0
/epuck1/cmd_vel,55.979208463,0.0,0.0
/epuck1/cmd_vel,56.046459052,0.0,0.0
/epuck1/cmd_vel,56.096362195,0.0,0.0
/epuck1/cmd_vel,56.150995312,0.0,0.0
/epuck1/cmd_vel,56.184813923,0.0,0.0
/epuck1/cmd_vel,56.238584049,0.0,0.0
/epuck1/cmd_vel,56.309512864,0.0,0.0
/epuck1/cmd_vel,56.35012127,0.0,0.0
/epuck1/cmd_vel,56.386084112,0.0,0.0
/epuck1/cmd_vel,56.436211049,0.0,0.0
/epuck1/cmd_vel,56.473297706,0.0,0.0
/epuck1/cmd_vel,56.547142591,0.0,0.0
/epuck1/cmd_vel,56.586205135,0.0,0.0
/epuck1/cmd_vel,56.641088916,0.0,0.0
/epuck1/cmd_vel,56.674801374,0.0,0.0
/epuck1/cmd_vel,56.731326253,0.0,0.0
/epuck1/cmd_vel,56.802894454,0.0,0.0
/epuck1/cmd_vel,56.840784948,0.0,0.0
/epuck1/cmd_vel,56.875528456,0.0,0.0
/epuck1/cmd_vel,56.927615138,0.0,0.0
/epuck1/cmd_vel,56.965508481,0.0,0.0
/epuck1/cmd_vel,57.040162995,0.0,0.0
/epuck1/cmd_vel,57.075126595,0.0,0.0
/epuck1/cmd_vel,57.126938115,0.0,0.0
/epuck1/cmd_vel,57.161346359,0.0,0.0
/epuck1/cmd_vel,57.219244483,0.0,0.0
/epuck1/cmd_vel,57.277828613,0.0,0.0
/epuck1/cmd_vel,57.331922281,0.0,0.0
/epuck1/cmd_vel,57.367818181,0.0,0.0
/epuck1/cmd_vel,57.424671081,0.0,0.0
/epuck1/cmd_vel,57.464641181,0.0,0.0
/epuck1/cmd_vel,57.542115481,0.0,0.0
/epuck1/cmd_vel,57.581744081,0.0,0.0
/epuck1/cmd_vel,57.635302881,0.0,0.0
/epuck1/cmd_vel,57.673133581,0.0,0.0
/epuck1/cmd_vel,57.747296981,0.0,0.0
/epuck1/cmd_vel,57.789945481,0.0,0.0
/epuck1/cmd_vel,57.845734181,0.0,0.0
/epuck1/cmd_vel,57.880085181,0.0,0.0
/epuck1/cmd_vel,57.940549281,0.0,0.0
/epuck1/cmd_vel,57.980474281,0.0,0.0
/epuck1/cmd_vel,58.064759481,0.0,0.0
/epuck1/cmd_vel,58.104722681,0.0,0.0
/epuck1/cmd_vel,58.160018181,0.0,0.0
/epuck1/cmd_vel,58.198412181,0.0,0.0
/epuck1/cmd_vel,58.256558881,0.0,0.0
/epuck1/cmd_vel,58.307500081,0.0,0.0
/epuck1/cmd_vel,58.381362281,0.0,0.0
/epuck1/cmd_vel,58.417703781,0.0,0.0
/epuck1/cmd_vel,58.472448381,0.0,0.0
/epuck1/cmd_vel,58.510008881,0.0,0.0
/epuck1/cmd_vel,58.587083781,0.0,0.0
/epuck1/cmd_vel,58.626781081,0.0,0.0
/epuck1/cmd_vel,58.684987881,0.0,0.0
/epuck1/cmd_vel,58.719880081,0.0,0.0
/epuck1/cmd_vel,58.777289781,0.0,0.0
/epuck1/cmd_vel,58.832334481,0.0,0.0
/epuck1/cmd_vel,58.894376381,0.0,0.0
/epuck1/cmd_vel,58.929782981,0.0,0.0
/epuck1/cmd_vel,58.985269981,0.0,0.0
/epuck1/cmd_vel,59.023821181,0.0,0.0
/epuck1/cmd_vel,59.103690281,0.0,0.0
/epuck1/cmd_vel,59.142700281,0.0,0.0
/epuck1/cmd_vel,59.197069081,0.0,0.0
/epuck1/cmd_vel,59.234309581,0.0,0.0
/epuck1/cmd_vel,59.293251681,0.0,0.0
/epuck1/cmd_vel,59.352000481,0.0,0.0
/epuck1/cmd_vel,59.408719081,0.0,0.0
/epuck1/cmd_vel,59.445787381,0.0,0.0
/epuck1/cmd_vel,59.503163181,0.0,0.0
/epuck1/cmd_vel,59.542363481,0.0,0.0
/epuck1/cmd_vel,59.623331681,0.0,0.0
/epuck1/cmd_vel,59.662998681,0.0,0.0
/epuck1/cmd_vel,59.714432081,0.0,0.0
/epuck1/cmd_vel,59.753181581,0.0,0.0
/epuck1/cmd_vel,59.831792681,0.0,0.0
/epuck1/cmd_vel,59.872312481,0.0,0.0
/epuck1/cmd_vel,59.928821181,0.0,0.0
/epuck1/cmd_vel,59.964240381,0.0,0.0
/epuck1/cmd_vel,60.023121581,0.0,0.0
/epuck1/cmd_vel,60.081518381,0.0,0.0
/epuck1/cmd_vel,60.141221381,0.0,0.0
/epuck1/cmd_vel,60.178023581,0.0,0.0
/epuck1/cmd_vel,60.233693681,0.0,0.0
/epuck1/cmd_vel,60.271568081,0.0,0.0
/epuck1/cmd_vel,60.347503781,0.0,0.0
/epuck1/cmd_vel,60.387449181,0.0,0.0
/epuck1/cmd_vel,60.442732181,0.0,0.0
/epuck1/cmd_vel,60.478639381,0.0,0.0
/epuck1/cmd_vel,60.541506981,0.0,0.0
/epuck1/cmd_vel,60.589794981,0.0,0.0
/epuck1/cmd_vel,60.664360581,0.0,0.0
/epuck1/cmd_vel,60.701521481,0.0,0.0
/epuck1/cmd_vel,60.752789581,0.0,0.0
/epuck1/cmd_vel,60.792274081,0.0,0.0
/epuck1/cmd_vel,60.868537881,0.0,0.0
/epuck1/cmd_vel,60.910088781,0.0,0.0
/epuck1/cmd_vel,60.965815481,0.0,0.0
/epuck1/cmd_vel,61.002090381,0.0,0.0
/epuck1/cmd_vel,61.060742781,0.0,0.0
/epuck1/cmd_vel,61.117283581,0.0,0.0
/epuck1/cmd_vel,61.177270981,0.0,0.0
/epuck1/cmd_vel,61.213343481,0.0,0.0
/epuck1/cmd_vel,61.268754375,0.0,0.0
/epuck1/cmd_vel,61.307035527,0.0,0.0
/epuck1/cmd_vel,61.388636614,0.0,0.0
/epuck1/cmd_vel,61.426690485,0.0,0.0
/epuck1/cmd_vel,61.479408811,0.0,0.0
/epuck1/cmd_vel,61.516171026,0.0,0.0
/epuck1/cmd_vel,61.577936978,0.0,0.0
/epuck1/cmd_vel,61.632323355,0.0,0.0
/epuck1/cmd_vel,61.690118163,0.0,0.0
/epuck1/cmd_vel,61.725758615,0.0,0.0
/epuck1/cmd_vel,61.780364852,0.0,0.0
/epuck1/cmd_vel,61.819555823,0.0,0.0
/epuck1/cmd_vel,61.895467253,0.0,0.0
/epuck1/cmd_vel,61.934444795,0.0,0.0
/epuck1/cmd_vel,61.987665476,0.0,0.0
/epuck1/cmd_vel,62.024074054,0.0,0.0
/epuck1/cmd_vel,62.10180146,0.0,0.0
/epuck1/cmd_vel,62.142465457,0.0,0.0
/epuck1/cmd_vel,62.197816271,0.0,0.0
/epuck1/cmd_vel,62.236151251,0.0,0.0
/epuck1/cmd_vel,62.293118465,0.0,0.0
/epuck1/cmd_vel,62.34887239,0.0,0.0
/epuck1/cmd_vel,62.409704875,0.0,0.0
/epuck1/cmd_vel,62.44636082,0.0,0.0
/epuck1/cmd_vel,62.500871178,0.0,0.0
/epuck1/cmd_vel,62.539355073,0.0,0.0
/epuck1/cmd_vel,62.61314765,0.0,0.0
/epuck1/cmd_vel,62.664132423,0.0,0.0
/epuck1/cmd_vel,62.723216314,0.0,0.0
/epuck1/cmd_vel,62.756912851,0.0,0.0
/epuck1/cmd_vel,62.813385726,0.0,0.0
/epuck1/cmd_vel,62.85418993,0.0,0.0
/epuck1/cmd_vel,62.931883892,0.0,0.0
/epuck1/cmd_vel,62.969801611,0.0,0.0
/epuck1/cmd_vel,63.023391266,0.0,0.0
/epuck1/cmd_vel,63.061408527,0.0,0.0
/epuck1/cmd_vel,63.138574507,0.0,0.0
/epuck1/cmd_vel,63.177213353,0.0,0.0
/epuck1/cmd_vel,63.232263665,0.0,0.0
/epuck1/cmd_vel,63.268209467,0.0,0.0
/epuck1/cmd_vel,63.324551138,0.0,0.0
/epuck1/cmd_vel,63.367807351,0.0,0.0
/epuck1/cmd_vel,63.451318117,0.0,0.0
/epuck1/cmd_vel,63.489001233,0.0,0.0
/epuck1/cmd_vel,63.544469398,0.0,0.0
/epuck1/cmd_vel,63.579175888,0.0,0.0
/epuck1/cmd_vel,63.639172863,0.0,0.0
/epuck2/cmd_vel,4.3586642,0.0,0.0
/epuck2/cmd_vel,4.3838581,0.0,0.0
/epuck2/cmd_vel,4.42018,0.0,0.0
/epuck2/cmd_vel,4.4812465,0.0,0.0
/epuck2/cmd_vel,4.5357833,0.0,0.0
/epuck2/cmd_vel,4.5946841,0.0,0.0
/epuck2/cmd_vel,4.6287945,0.0,0.0
/epuck2/cmd_vel,4.6841111,0.0,0.0
/epuck2/cmd_vel,4.725007299,0.0,0.0
/epuck2/cmd_vel,4.799219808,0.0,0.0
/epuck2/cmd_vel,4.833555391,0.0,0.0
/epuck2/cmd_vel,4.884142375,0.0,0.0
/epuck2/cmd_vel,4.918883308,0.0,0.0
/epuck2/cmd_vel,4.988906008,0.0,0.0
/epuck2/cmd_vel,5.027157041,0.0,0.0
/epuck2/cmd_vel,5.078684708,0.0,0.0
/epuck2/cmd_vel,5.113353316,0.0,0.0
/epuck2/cmd_vel,5.167557833,0.0,0.0
/epuck2/cmd_vel,5.215282158,0.0,0.0
/epuck2/cmd_vel,5.272212108,0.0,0.0
/epuck2/cmd_vel,5.3048646,0.0,0.0
/epuck2/cmd_vel,5.354954291,0.0,0.0
/epuck2/cmd_vel,5.392382158,0.0,0.0
/epuck2/cmd_vel,5.458313775,0.0,0.0
/epuck2/cmd_vel,5.503437791,0.0,0.0
/epuck2/cmd_vel,5.558822425,0.0,0.0
/epuck2/cmd_vel,5.5910637,0.0,0.0
/epuck2/cmd_vel,5.64257945,0.0,0.0
/epuck2/cmd_vel,5.680104208,0.0,0.0
/epuck2/cmd_vel,5.758426408,0.0,0.0
/epuck2/cmd_vel,5.799465575,0.0,0.0
/epuck2/cmd_vel,5.848608991,0.0,0.0
/epuck2/cmd_vel,5.881463883,0.0,0.0
/epuck2/cmd_vel,5.935833216,0.0,0.0
/epuck2/cmd_vel,5.97628425,0.0,0.0
/epuck2/cmd_vel,6.031516808,0.0,0.0
/epuck2/cmd_vel,6.065563733,0.0,0.0
/epuck2/cmd_vel,6.119496458,0.0,0.0
/epuck2/cmd_vel,6.162729758,0.0,0.0
/epuck2/cmd_vel,6.217456408,0.0,0.0
/epuck2/cmd_vel,6.251963683,0.0,0.0
/epuck2/cmd_vel,6.3046975,0.0,0.0
/epuck2/cmd_vel,6.3481189,0.0,0.0
/epuck2/cmd_vel,6.424397116,0.0,0.0
/epuck2/cmd_vel,6.462347208,0.0,0.0
/epuck2/cmd_vel,6.512487316,0.0,0.0
/epuck2/cmd_vel,6.546726283,0.0,0.0
/epuck2/cmd_vel,6.604145825,0.0,0.0
/epuck2/cmd_vel,6.652145241,0.0,0.0
/epuck2/cmd_vel,6.704178633,0.0,0.0
/epuck2/cmd_vel,6.7381261,0.0,0.0
/epuck2/cmd_vel,6.787636641,0.0,0.0
/epuck2/cmd_vel,6.826513758,0.0,0.0
/epuck2/cmd_vel,6.902014275,0.0,0.0
/epuck2/cmd_vel,6.941779366,0.0,0.0
/epuck2/cmd_vel,6.994254133,0.0,0.0
/epuck2/cmd_vel,7.025680858,0.0,0.0
/epuck2/cmd_vel,7.079496983,0.0,0.0
/epuck2/cmd_vel,7.1189329,0.0,0.0
/epuck2/cmd_vel,7.196023741,0.0,0.0
/epuck2/cmd_vel,7.23172965,0.0,0.0
/epuck2/cmd_vel,7.280686891,0.0,0.0
/epuck2/cmd_vel,7.313772233,0.0,0.0
/epuck2/cmd_vel,7.370542408,0.0,0.0
/epuck2/cmd_vel,7.422977575,0.0,0.0
/epuck2/cmd_vel,7.487920291,0.0,0.0
/epuck2/cmd_vel,7.5217452,0.0,0.0
/epuck2/cmd_vel,7.570767158,0.0,0.0
/epuck2/cmd_vel,7.605975133,0.0,0.0
/epuck2/cmd_vel,7.665471195,0.0,0.0
/epuck2/cmd_vel,7.725721952,0.0,0.0
/epuck2/cmd_vel,7.782106874,0.0,0.0
/epuck2/cmd_vel,7.818066815,0.0,0.0
/epuck2/cmd_vel,7.869302134,0.0,0.0
/epuck2/cmd_vel,7.906839397,0.0,0.0
/epuck2/cmd_vel,7.973410388,0.0,0.0
/epuck2/cmd_vel,8.022220371,0.0,0.0
/epuck2/cmd_vel,8.078368449,0.0,0.0
/epuck2/cmd_vel,8.111461356,0.0,0.0
/epuck2/cmd_vel,8.164146422,0.0,0.0
/epuck2/cmd_vel,8.203124657,0.0,0.0
/epuck2/cmd_vel,8.282155699,0.00393030225000004,-4.371139006309477e-08
/epuck2/cmd_vel,8.321018061,0.005907309699999886,-4.371139006309477e-08
/epuck2/cmd_vel,8.374996708,0.008607709349999838,-4.371139006309477e-08
/epuck2/cmd_vel,8.407618852,0.010235735750000075,-4.371139006309477e-08
/epuck2/cmd_vel,8.461807545,0.012934177400000024,-4.371139006309477e-08
/epuck2/cmd_vel,8.504994992,0.015031828900000122,-4.371139006309477e-08
/epuck2/cmd_vel,8.583049691,0.018947443999999793,-4.371139006309477e-08
/epuck2/cmd_vel,8.620144123,0.020814989099999792,-4.371139006309477e-08
/epuck2/cmd_vel,8.671540527,0.02343605889999978,-4.371139006309477e-08
/epuck2/cmd_vel,8.708183588,0.025,-4.371139006309477e-08
/epuck2/cmd_vel,8.762297409,0.025,-4.371139006309477e-08
/epuck2/cmd_vel,8.81108885,0.025,-4.371139006309477e-08
/epuck2/cmd_vel,8.882491402,0.025,-4.371139006309477e-08
/epuck2/cmd_vel,8.916825908,0.025,-4.371139006309477e-08
/epuck2/cmd_vel,8.968135859,0.025,-4.371139006309477e-08
/epuck2/cmd_vel,9.002497819,0.025,-4.371139006309477e-08
/epuck2/cmd_vel,9.063612149,0.025,-4.371139006309477e-08
/epuck2/cmd_vel,9.123820657,0.025,-4.371139006309477e-08
/epuck2/cmd_vel,9.178516107,0.025,-4.371139006309477e-08
/epuck2/cmd_vel,9.212341288,0.025,-4.371139006309477e-08
/epuck2/cmd_vel,9.263908957,0.025,-4.371139006309477e-08
/epuck2/cmd_vel,9.301809956,0.025,-4.371139006309477e-08
/epuck2/cmd_vel,9.371381122,0.025,-4.371139006309477e-08
/epuck2/cmd_vel,9.420029554,0.025,-4.371139006309477e-08
/epuck2/cmd_vel,9.473878511,0.025,-4.371139006309477e-08
/epuck2/cmd_vel,9.505547361,0.025,-4.371139006309477e-08
/epuck2/cmd_vel,9.562971462,0.025,-4.371139006309477e-08
/epuck2/cmd_vel,9.600295816,0.025,-4.371139006309477e-08
/epuck2/cmd_vel,9.661744109,0.025,-4.371139006309477e-08
/epuck2/cmd_vel,9.696414191,0.025,-4.371139006309477e-08
/epuck2/cmd_vel,9.749973149,0.025,-4.371139006309477e-08
/epuck2/cmd_vel,9.798674895,0.025,-4.371139006309477e-08
/epuck2/cmd_vel,9.855338243,0.025,-4.371139006309477e-08
/epuck2/cmd_vel,9.890290448,0.025,-4.371139006309477e-08
/epuck2/cmd_vel,9.945076223,0.025,-4.371139006309477e-08
/epuck2/cmd_vel,9.986017612,0.025,-4.371139006309477e-08
/epuck2/cmd_vel,10.06445736,0.025,-4.371139006309477e-08
/epuck2/cmd_vel,10.106335596,0.025,-4.371139006309477e-08
/epuck2/cmd_vel,10.16020851,0.025,-4.371139006309477e-08
/epuck2/cmd_vel,10.198811304,0.025,-4.371139006309477e-08
/epuck2/cmd_vel,10.260499778,0.025,-4.371139006309477e-08
/epuck2/cmd_vel,10.314576106,0.025,-4.371139006309477e-08
/epuck2/cmd_vel,10.392240779,0.025,-4.371139006309477e-08
/epuck2/cmd_vel,10.426874402,0.025,-4.371139006309477e-08
/epuck2/cmd_vel,10.483755247,0.025,-4.371139006309477e-08
/epuck2/cmd_vel,10.520309206,0.025,-4.371139006309477e-08
/epuck2/cmd_vel,10.583642341,0.025,-4.371139006309477e-08
/epuck2/cmd_vel,10.647179707,0.025,-4.371139006309477e-08
/epuck2/cmd_vel,10.710447751,0.025,-4.371139006309477e-08
/epuck2/cmd_vel,10.745976746,0.025,-4.371139006309477e-08
/epuck2/cmd_vel,10.802005163,0.025,-4.371139006309477e-08
/epuck2/cmd_vel,10.843418667,0.025,-4.371139006309477e-08
/epuck2/cmd_vel,10.919448032,0.025,-4.371139006309477e-08
/epuck2/cmd_vel,10.970920709,0.025,-4.371139006309477e-08
/epuck2/cmd_vel,11.031216158,0.025,-4.371139006309477e-08
/epuck2/cmd_vel,11.067592373,0.025,-4.371139006309477e-08
/epuck2/cmd_vel,11.124999123,0.025,-4.371139006309477e-08
/epuck2/cmd_vel,11.165982799,0.025,-4.371139006309477e-08
/epuck2/cmd_vel,11.249194097,0.025,-4.371139006309477e-08
/epuck2/cmd_vel,11.291253336,0.025,-4.371139006309477e-08
/epuck2/cmd_vel,11.348185576,0.025,-4.371139006309477e-08
/epuck2/cmd_vel,11.383304304,0.025,-4.371139006309477e-08
/epuck2/cmd_vel,11.445543401,0.025,-4.371139006309477e-08
/epuck2/cmd_vel,11.488617832,0.025,-4.371139006309477e-08
/epuck2/cmd_vel,11.572609359,0.025,-4.371139006309477e-08
/epuck2/cmd_vel,11.616906664,0.025,-4.371139006309477e-08
/epuck2/cmd_vel,11.672145988,0.025,-4.371139006309477e-08
/epuck2/cmd_vel,11.707725382,0.025,-4.371139006309477e-08
/epuck2/cmd_vel,11.769475129,0.025,-4.371139006309477e-08
/epuck2/cmd_vel,11.822227636,0.025,-4.371139006309477e-08
/epuck2/cmd_vel,11.897845529,0.025,-4.371139006309477e-08
/epuck2/cmd_vel,11.937027923,0.025,-4.371139006309477e-08
/epuck2/cmd_vel,11.992833381,0.025,-4.371139006309477e-08
/epuck2/cmd_vel,12.030151905,0.025,-4.371139006309477e-08
/epuck2/cmd_vel,12.107491763,0.025,-4.371139006309477e-08
/epuck2/cmd_vel,12.149974045,0.025,-4.371139006309477e-08
/epuck2/cmd_vel,12.207225477,0.025,-4.371139006309477e-08
/epuck2/cmd_vel,12.244988104,0.025,-4.371139006309477e-08
/epuck2/cmd_vel,12.304949456,0.025,-4.371139006309477e-08
/epuck2/cmd_vel,12.349992844,0.025,-4.371139006309477e-08
/epuck2/cmd_vel,12.433322396,0.025,-4.371139006309477e-08
/epuck2/cmd_vel,12.474873404,0.025,-4.371139006309477e-08
/epuck2/cmd_vel,12.529769529,0.025,-4.371139006309477e-08
/epuck2/cmd_vel,12.566680926,0.025,-4.371139006309477e-08
/epuck2/cmd_vel,12.628874065,0.025,-4.371139006309477e-08
/epuck2/cmd_vel,12.686087426,0.025,-4.371139006309477e-08
/epuck2/cmd_vel,12.746640425,0.025,-4.371139006309477e-08
/epuck2/cmd_vel,12.78477534,0.025,-4.371139006309477e-08
/epuck2/cmd_vel,12.838677408,0.025,-4.371139006309477e-08
/epuck2/cmd_vel,12.877247198,0.025,-4.371139006309477e-08
/epuck2/cmd_vel,12.951067679,0.025,-4.371139006309477e-08
/epuck2/cmd_vel,13.002323311,0.025,-4.371139006309477e-08
/epuck2/cmd_vel,13.060448901,0.025,-4.371139006309477e-08
/epuck2/cmd_vel,13.098516479,0.025,-4.371139006309477e-08
/epuck2/cmd_vel,13.154632218,0.019376305600000168,-0.1687108757113851
/epuck2/cmd_vel,13.195914071,0.015272753500000392,-0.29181743871137833
/epuck2/cmd_vel,13.27875024,0.00701736780000033,-0.5394790097113802
/epuck2/cmd_vel,13.31972154,0.006,-0.65
/epuck2/cmd_vel,13.377568436,0.006,-0.65
/epuck2/cmd_vel,13.414844053,0.006,-0.65
/epuck2/cmd_vel,13.473667332,0.006,-0.65
/epuck2/cmd_vel,13.525649096,0.006,-0.65
/epuck2/cmd_vel,13.587382328,0.006,-0.65
/epuck2/cmd_vel,13.623076235,0.006,-0.65
/epuck2/cmd_vel,13.678286304,0.006,-0.65
/epuck2/cmd_vel,13.717290672,0.006,-0.65
/epuck2/cmd_vel,13.794592181,0.006,-0.65
/epuck2/cmd_vel,13.833855701,0.006,-0.65
/epuck2/cmd_vel,13.889269633,0.006,-0.65
/epuck2/cmd_vel,13.925559774,0.007837427499999933,-0.5030058000000054
/epuck2/cmd_vel,13.985477516,0.010833881449999923,-0.2632894840000063
/epuck2/cmd_vel,14.04488779,0.012,-0.024453660000000377
/epuck2/cmd_vel,14.102872575,0.012,-0.003989403250204183
/epuck2/cmd_vel,14.139698379,0.012,0.051597554681314384
/epuck2/cmd_vel,14.19601237,0.012,0.05159755468131438
/epuck2/cmd_vel,14.236892004,0.012,0.047627027032388594
/epuck2/cmd_vel,14.312941998,0.012,0.047627027032388594
/epuck2/cmd_vel,14.35005916,0.012,0.043656499383462805
/epuck2/cmd_vel,14.40340198,0.012,0.043656499383462805
/epuck2/cmd_vel,14.442411264,0.012,0.043656499383462805
/epuck2/cmd_vel,14.51991855,0.012,0.03174491643668547
/epuck2/cmd_vel,14.561337658,0.012,0.03174491643668547
/epuck2/cmd_vel,14.618429909,0.012,0.023804075715555095
/epuck2/cmd_vel,14.652389085,0.012,0.023804075715555095
/epuck2/cmd_vel,14.711956937,0.012,0.015863020417703533
/epuck2/cmd_vel,14.754209668,0.012,0.015863020417703533
/epuck2/cmd_vel,14.840643975,0.012,0.011892492768777753
/epuck2/cmd_vel,14.879048637,0.012,0.011892492768777753
/epuck2/cmd_vel,14.932287582,0.012,0.011892492768777753
/epuck2/cmd_vel,14.969180846,0.012,0.011892492768777753
/epuck2/cmd_vel,15.029895637,0.012,0.00792196511985197
/epuck2/cmd_vel,15.081065588,0.012,0.00792196511985197
/epuck2/cmd_vel,15.156765932,0.012,0.00792196511985197
/epuck2/cmd_vel,15.190623576,0.012,0.00792196511985197
/epuck2/cmd_vel,15.246756287,0.012,0.00792196511985197
/epuck2/cmd_vel,15.285110258,0.012,0.00792196511985197
/epuck2/cmd_vel,15.35913441,0.012,0.00792196511985197
/epuck2/cmd_vel,15.400253217,0.012,0.003951437470926189
/epuck2/cmd_vel,15.457366779,0.012,0.003951437470926189
/epuck2/cmd_vel,15.493213875,0.012,0.003951437470926189
/epuck2/cmd_vel,15.552515143,0.012,0.003951437470926189
/epuck2/cmd_vel,15.607700963,0.012,0.003951437470926189
/epuck2/cmd_vel,15.66795884,0.012,-1.8875601278400995e-05
/epuck2/cmd_vel,15.704048863,0.012,-1.8875601278400823e-05
/epuck2/cmd_vel,15.758352376,0.012,0.003951437470926189
/epuck2/cmd_vel,15.798740602,0.012,0.003951437470926189
/epuck2/cmd_vel,15.875835339,0.012,-1.8875601278400995e-05
/epuck2/cmd_vel,15.917481452,0.012,-1.8875601278400823e-05
/epuck2/cmd_vel,15.969281498,0.012,-1.8875601278400823e-05
/epuck2/cmd_vel,16.007526526,0.012,-1.8875601278400823e-05
/epuck2/cmd_vel,16.066437387,0.012,-1.8875601278400823e-05
/epuck2/cmd_vel,16.123951196,0.012,-1.8875601278400823e-05
/epuck2/cmd_vel,16.183828607,0.012,-1.8875601278400823e-05
/epuck2/cmd_vel,16.218264059,0.012,-1.8875601278400823e-05
/epuck2/cmd_vel,16.275464823,0.012,-1.8875601278400823e-05
/epuck2/cmd_vel,16.31621802,0.012,-1.8875601278400823e-05
/epuck2/cmd_vel,16.392530292,0.012,-1.8875601278400823e-05
/epuck2/cmd_vel,16.431276053,0.012,-1.8875601278400823e-05
/epuck2/cmd_vel,16.487166005,0.012,-1.8875601278400823e-05
/epuck2/cmd_vel,16.523481133,0.012,-1.8875601278400823e-05
/epuck2/cmd_vel,16.598691392,0.012,-1.8875601278400823e-05
/epuck2/cmd_vel,16.641462329,0.012,-1.8875601278400823e-05
/epuck2/cmd_vel,16.69797973,0.012,-1.8875601278400823e-05
/epuck2/cmd_vel,16.732532556,0.012,-1.8875601278400823e-05
/epuck2/cmd_vel,16.793698394,0.012,-1.8875601278400823e-05
/epuck2/cmd_vel,16.834372991,0.012,-1.8875601278400823e-05
/epuck2/cmd_vel,16.918442603,0.012,-1.8875601278400823e-05
/epuck2/cmd_vel,16.959084522,0.012,-1.8875601278400823e-05
/epuck2/cmd_vel,17.012929718,0.012,-1.8875601278400823e-05
/epuck2/cmd_vel,17.048697904,0.012,-1.8875601278400823e-05
/epuck2/cmd_vel,17.109474911,0.012,-1.8875601278400823e-05
/epuck2/cmd_vel,17.161172991,0.012,-1.8875601278400823e-05
/epuck2/cmd_vel,17.233103291,0.012,-1.8875601278400823e-05
/epuck2/cmd_vel,17.269698406,0.012,-1.8875601278400823e-05
/epuck2/cmd_vel,17.324176265,0.012,-1.8875601278400823e-05
/epuck2/cmd_vel,17.363403961,0.012,-1.8875601278400823e-05
/epuck2/cmd_vel,17.437951453,0.012,-1.8875601278400823e-05
/epuck2/cmd_vel,17.480356553,0.012,-1.8875601278400823e-05
/epuck2/cmd_vel,17.535952639,0.012,-1.8875601278400823e-05
/epuck2/cmd_vel,17.571999533,0.012,-1.8875601278400823e-05
/epuck2/cmd_vel,17.627451919,0.012,-1.8875601278400823e-05
/epuck2/cmd_vel,17.686838988,0.012,-1.8875601278400823e-05
/epuck2/cmd_vel,17.745948272,0.012,-1.8875601278400823e-05
/epuck2/cmd_vel,17.783866799,0.012,-1.8875601278400823e-05
/epuck2/cmd_vel,17.840005749,0.012,-1.8875601278400823e-05
/epuck2/cmd_vel,17.878890128,0.012,-1.8875601278400823e-05
/epuck2/cmd_vel,17.955768904,0.012,-1.8875601278400823e-05
/epuck2/cmd_vel,17.994879897,0.012,-1.8875601278400823e-05
/epuck2/cmd_vel,18.047608064,0.012,-1.8875601278400823e-05
/epuck2/cmd_vel,18.085911035,0.012,-1.8875601278400823e-05
/epuck2/cmd_vel,18.145848107,0.012,-1.8875601278400823e-05
/epuck2/cmd_vel,18.203203183,0.012,-1.8875601278400823e-05
/epuck2/cmd_vel,18.259155351,0.012,-1.8875601278400823e-05
/epuck2/cmd_vel,18.296428279,0.012,-1.8875601278400823e-05
/epuck2/cmd_vel,18.353192263,0.012,-1.8875601278400823e-05
/epuck2/cmd_vel,18.395795699,0.012,-1.8875601278400823e-05
/epuck2/cmd_vel,18.472463635,0.012,-1.8875601278400823e-05
/epuck2/cmd_vel,18.508390059,0.012,-1.8875601278400823e-05
/epuck2/cmd_vel,18.564519908,0.012,-1.8875601278400823e-05
/epuck2/cmd_vel,18.601565147,0.012,-1.8875601278400823e-05
/epuck2/cmd_vel,18.682442022,0.012,-1.8875601278400823e-05
/epuck2/cmd_vel,18.719672322,0.012,-1.8875601278400823e-05
/epuck2/cmd_vel,18.777674511,0.012,-1.8875601278400823e-05
/epuck2/cmd_vel,18.81355107,0.012,-1.8875601278400823e-05
/epuck2/cmd_vel,18.872481277,0.012,-1.8875601278400823e-05
/epuck2/cmd_vel,18.920353549,0.012,-1.8875601278400823e-05
/epuck2/cmd_vel,18.99027971,0.012,-1.8875601278400823e-05
/epuck2/cmd_vel,19.029043962,0.012,-1.8875601278400823e-05
/epuck2/cmd_vel,19.082445805,0.012,-1.8875601278400823e-05
/epuck2/cmd_vel,19.119466916,0.012,-1.8875601278400823e-05
/epuck2/cmd_vel,19.199470369,0.012,-1.8875601278400823e-05
/epuck2/cmd_vel,19.23910921,0.012,-1.8875601278400823e-05
/epuck2/cmd_vel,19.296538972,0.012,-1.8875601278400823e-05
/epuck2/cmd_vel,19.331203664,0.012,-1.8875601278400823e-05
/epuck2/cmd_vel,19.390097849,0.012,-1.8875601278400823e-05
/epuck2/cmd_vel,19.437054681,0.012,-1.8875601278400823e-05
/epuck2/cmd_vel,19.496862294,0.012,-1.8875601278400823e-05
/epuck2/cmd_vel,19.550635828,0.012,-1.8875601278400823e-05
/epuck2/cmd_vel,19.590621908,0.012,-1.8875601278400823e-05
/epuck2/cmd_vel,19.630740807,0.012,-1.8875601278400823e-05
/epuck2/cmd_vel,19.715863423,0.012,-1.8875601278400823e-05
/epuck2/cmd_vel,19.758405161,0.012,-1.8875601278400823e-05
/epuck2/cmd_vel,19.815042252,0.012,-1.8875601278400823e-05
/epuck2/cmd_vel,19.849829651,0.012,-1.8875601278400823e-05
/epuck2/cmd_vel,19.907895551,0.012,-1.8875601278400823e-05
/epuck2/cmd_vel,19.955375434,0.012,-1.8875601278400823e-05
/epuck2/cmd_vel,20.016644015,0.012,-1.8875601278400823e-05
/epuck2/cmd_vel,20.071661969,0.012,-1.8875601278400823e-05
/epuck2/cmd_vel,20.109347505,0.012,-1.8875601278400823e-05
/epuck2/cmd_vel,20.149870552,0.012,-1.8875601278400823e-05
/epuck2/cmd_vel,20.227532484,0.012,-1.8875601278400823e-05
/epuck2/cmd_vel,20.266925332,0.012,-1.8875601278400823e-05
/epuck2/cmd_vel,20.321400156,0.012,-1.8875601278400823e-05
/epuck2/cmd_vel,20.358663716,0.012,-1.8875601278400823e-05
/epuck2/cmd_vel,20.419323713,0.012,-1.8875601278400823e-05
/epuck2/cmd_vel,20.477672339,0.012,-1.8875601278400823e-05
/epuck2/cmd_vel,20.534850248,0.012,-1.8875601278400823e-05
/epuck2/cmd_vel,20.590390722,0.012,-1.8875601278400823e-05
/epuck2/cmd_vel,20.628291117,0.012,-1.8875601278400823e-05
/epuck2/cmd_vel,20.668560222,0.012,-1.8875601278400823e-05
/epuck2/cmd_vel,20.750425146,0.012,-1.8875601278400823e-05
/epuck2/cmd_vel,20.792374782,0.012,-1.8875601278400823e-05
/epuck2/cmd_vel,20.849569372,0.012,-1.8875601278400823e-05
/epuck2/cmd_vel,20.883779077,0.012,-1.8875601278400823e-05
/epuck2/cmd_vel,20.9405975,0.012,-1.8875601278400823e-05
/epuck2/cmd_vel,20.981574151,0.012,-1.8875601278400823e-05
/epuck2/cmd_vel,21.063975783,0.012,-1.8875601278400823e-05
/epuck2/cmd_vel,21.120079885,0.012,-1.8875601278400823e-05
/epuck2/cmd_vel,21.156347025,0.012,-1.8875601278400823e-05
/epuck2/cmd_vel,21.191140481,0.012,-1.8875601278400823e-05
/epuck2/cmd_vel,21.250626324,0.012,-1.8875601278400823e-05
/epuck2/cmd_vel,21.308805481,0.012,-1.8875601278400823e-05
/epuck2/cmd_vel,21.36813373,0.012,-1.8875601278400823e-05
/epuck2/cmd_vel,21.403633786,0.012,-1.8875601278400823e-05
/epuck2/cmd_vel,21.457771426,0.012,-1.8875601278400823e-05
/epuck2/cmd_vel,21.499569605,0.012,-1.8875601278400823e-05
/epuck2/cmd_vel,21.575864366,0.012,-1.8875601278400823e-05
/epuck2/cmd_vel,21.612655961,0.012,-1.8875601278400823e-05
/epuck2/cmd_vel,21.667206827,0.012,-1.8875601278400823e-05
/epuck2/cmd_vel,21.70473043,0.012,-1.8875601278400823e-05
/epuck2/cmd_vel,21.781583637,0.012,-1.8875601278400823e-05
/epuck2/cmd_vel,21.822093105,0.012,-1.8875601278400823e-05
/epuck2/cmd_vel,21.879224525,0.012,-1.8875601278400823e-05
/epuck2/cmd_vel,21.913842694,0.012,-1.8875601278400823e-05
/epuck2/cmd_vel,21.973198698,0.012,-1.8875601278400823e-05
/epuck2/cmd_vel,22.02657753,0.012,-1.8875601278400823e-05
/epuck2/cmd_vel,22.087936906,0.012,0.003951437470926189
/epuck2/cmd_vel,22.123866715,0.012,0.003951437470926189
/epuck2/cmd_vel,22.178535224,0.012,-1.8875601278400995e-05
/epuck2/cmd_vel,22.21719229,0.012,-1.8875601278400823e-05
/epuck2/cmd_vel,22.293133741,0.012,-1.8875601278400823e-05
/epuck2/cmd_vel,22.333410916,0.012,-1.8875601278400823e-05
/epuck2/cmd_vel,22.385524903,0.012,-1.8875601278400823e-05
/epuck2/cmd_vel,22.421290881,0.012,-1.8875601278400823e-05
/epuck2/cmd_vel,22.482631559,0.012,-1.8875601278400823e-05
/epuck2/cmd_vel,22.53782698,0.012,-1.8875601278400823e-05
/epuck2/cmd_vel,22.595086418,0.012,-1.8875601278400823e-05
/epuck2/cmd_vel,22.633158499,0.012,-1.8875601278400823e-05
/epuck2/cmd_vel,22.689165266,0.012,-1.8875601278400823e-05
/epuck2/cmd_vel,22.729303242,0.012,-1.8875601278400823e-05
/epuck2/cmd_vel,22.804739016,0.012,-1.8875601278400823e-05
/epuck2/cmd_vel,22.842374536,0.012,-1.8875601278400823e-05
/epuck2/cmd_vel,22.895798527,0.012,-1.8875601278400823e-05
/epuck2/cmd_vel,22.934576408,0.012,-1.8875601278400823e-05
/epuck2/cmd_vel,23.010748839,0.012,-1.8875601278400823e-05
/epuck2/cmd_vel,23.05176042,0.012,-1.8875601278400823e-05
/epuck2/cmd_vel,23.106395988,0.012,-1.8875601278400823e-05
/epuck2/cmd_vel,23.143082853,0.012,-1.8875601278400823e-05
/epuck2/cmd_vel,23.203740908,0.012,-1.8875601278400823e-05
/epuck2/cmd_vel,23.256171847,0.012,-1.8875601278400823e-05
/epuck2/cmd_vel,23.314417624,0.012,-1.8875601278400823e-05
/epuck2/cmd_vel,23.351236593,0.012,-1.8875601278400823e-05
/epuck2/cmd_vel,23.406109374,0.012,-1.8875601278400823e-05
/epuck2/cmd_vel,23.445454926,0.012,-1.8875601278400823e-05
/epuck2/cmd_vel,23.518160128,0.012,-1.8875601278400823e-05
/epuck2/cmd_vel,23.567301922,0.012,-1.8875601278400823e-05
/epuck2/cmd_vel,23.629440408,0.012,-1.8875601278400823e-05
/epuck2/cmd_vel,23.663542898,0.012,-1.8875601278400823e-05
/epuck2/cmd_vel,23.719265848,0.012,-1.8875601278400823e-05
/epuck2/cmd_vel,23.759264904,0.012,-1.8875601278400823e-05
/epuck2/cmd_vel,23.845000662,0.012,-1.8875601278400823e-05
/epuck2/cmd_vel,23.88247311,0.012,-1.8875601278400823e-05
/epuck2/cmd_vel,23.939482787,0.012,-0.003989403250204183
/epuck2/cmd_vel,23.975958884,0.012,-0.003989403250204183
/epuck2/cmd_vel,24.035464135,0.012,-1.8875601278400995e-05
/epuck2/cmd_vel,24.074980878,0.012,-1.8875601278400823e-05
/epuck2/cmd_vel,24.156239527,0.012,-1.8875601278400823e-05
/epuck2/cmd_vel,24.196948413,0.012,-1.8875601278400823e-05
/epuck2/cmd_vel,24.250312774,0.012,-1.8875601278400823e-05
/epuck2/cmd_vel,24.286786696,0.012,-1.8875601278400823e-05
/epuck2/cmd_vel,24.348960284,0.012,-1.8875601278400823e-05
/epuck2/cmd_vel,24.398450724,0.012,-1.8875601278400823e-05
/epuck2/cmd_vel,24.468588503,0.012,-1.8875601278400823e-05
/epuck2/cmd_vel,24.506304677,0.012,-1.8875601278400823e-05
/epuck2/cmd_vel,24.560485214,0.012,-1.8875601278400823e-05
/epuck2/cmd_vel,24.596711457,0.012,-1.8875601278400823e-05
/epuck2/cmd_vel,24.67122231,0.012,-1.8875601278400823e-05
/epuck2/cmd_vel,24.711215752,0.012,-1.8875601278400823e-05
/epuck2/cmd_vel,24.771181166,0.012,-1.8875601278400823e-05
/epuck2/cmd_vel,24.805217475,0.012,0.003951437470926189
/epuck2/cmd_vel,24.863130525,0.012,0.003951437470926189
/epuck2/cmd_vel,24.916567476,0.012,0.003951437470926189
/epuck2/cmd_vel,24.976902185,0.012,-1.8875601278400995e-05
/epuck2/cmd_vel,25.013464086,0.012,-1.8875601278400823e-05
/epuck2/cmd_vel,25.066031841,0.012,-0.003989403250204183
/epuck2/cmd_vel,25.104959187,0.012,-0.003989403250204183
/epuck2/cmd_vel,25.179838376,0.012,-1.8875601278400995e-05
/epuck2/cmd_vel,25.22058246,0.012,-1.8875601278400823e-05
/epuck2/cmd_vel,25.274239033,0.012,-1.8875601278400823e-05
/epuck2/cmd_vel,25.310722491,0.012,-1.8875601278400823e-05
/epuck2/cmd_vel,25.369650657,0.012,-1.8875601278400823e-05
/epuck2/cmd_vel,25.426113004,0.012,-1.8875601278400823e-05
/epuck2/cmd_vel,25.483649151,0.012,-1.8875601278400823e-05
/epuck2/cmd_vel,25.519958236,0.012,-1.8875601278400823e-05
/epuck2/cmd_vel,25.575609674,0.012,-1.8875601278400823e-05
/epuck2/cmd_vel,25.614777783,0.012,-1.8875601278400823e-05
/epuck2/cmd_vel,25.692564867,0.012,-1.8875601278400823e-05
/epuck2/cmd_vel,25.728752434,0.012,-1.8875601278400823e-05
/epuck2/cmd_vel,25.783090523,0.012,-1.8875601278400823e-05
/epuck2/cmd_vel,25.821036256,0.012,-1.8875601278400823e-05
/epuck2/cmd_vel,25.897093279,0.012,-1.8875601278400823e-05
/epuck2/cmd_vel,25.938722887,0.012,-1.8875601278400823e-05
/epuck2/cmd_vel,25.993346253,0.012,-1.8875601278400823e-05
/epuck2/cmd_vel,26.031148565,0.012,-1.8875601278400823e-05
/epuck2/cmd_vel,26.089232736,0.012,-1.8875601278400823e-05
/epuck2/cmd_vel,26.134892131,0.012,-1.8875601278400823e-05
/epuck2/cmd_vel,26.215204088,0.012,-1.8875601278400823e-05
/epuck2/cmd_vel,26.255696434,0.012,-1.8875601278400823e-05
/epuck2/cmd_vel,26.310724483,0.012,-1.8875601278400823e-05
/epuck2/cmd_vel,26.346046471,0.012,-1.8875601278400823e-05
/epuck2/cmd_vel,26.408812012,0.012,-1.8875601278400823e-05
/epuck2/cmd_vel,26.46026578,0.012,-1.8875601278400823e-05
/epuck2/cmd_vel,26.532874027,0.012,-1.8875601278400823e-05
/epuck2/cmd_vel,26.569573861,0.012,-1.8875601278400823e-05
/epuck2/cmd_vel,26.624324537,0.012,-1.8875601278400823e-05
/epuck2/cmd_vel,26.663887924,0.012,-1.8875601278400823e-05
/epuck2/cmd_vel,26.723235685,0.012,-1.8875601278400823e-05
/epuck2/cmd_vel,26.801144804,0.012,-1.8875601278400823e-05
/epuck2/cmd_vel,26.86152977,0.012,-1.8875601278400823e-05
/epuck2/cmd_vel,26.898396541,0.012,-1.8875601278400823e-05
/epuck2/cmd_vel,26.951668487,0.012,-1.8875601278400823e-05
/epuck2/cmd_vel,26.991919151,0.012,-1.8875601278400823e-05
/epuck2/cmd_vel,27.070680482,0.012,-1.8875601278400823e-05
/epuck2/cmd_vel,27.120087812,0.012,-1.8875601278400823e-05
/epuck2/cmd_vel,27.178842813,0.012,-1.8875601278400823e-05
/epuck2/cmd_vel,27.215196092,0.012,-1.8875601278400823e-05
/epuck2/cmd_vel,27.271941221,0.012,-1.8875601278400823e-05
/epuck2/cmd_vel,27.313182892,0.012,-1.8875601278400823e-05
/epuck2/cmd_vel,27.389302206,0.012,-1.8875601278400823e-05
/epuck2/cmd_vel,27.427305093,0.012,-1.8875601278400823e-05
/epuck2/cmd_vel,27.481697319,0.012,-1.8875601278400823e-05
/epuck2/cmd_vel,27.520565445,0.012,-1.8875601278400823e-05
/epuck2/cmd_vel,27.597469628,0.012,-1.8875601278400823e-05
/epuck2/cmd_vel,27.638715608,0.012,-1.8875601278400823e-05
/epuck2/cmd_vel,27.697054071,0.012,-1.8875601278400823e-05
/epuck2/cmd_vel,27.731745818,0.012,-1.8875601278400823e-05
/epuck2/cmd_vel,27.790591303,0.012,-1.8875601278400823e-05
/epuck2/cmd_vel,27.849038648,0.012,-1.8875601278400823e-05
/epuck2/cmd_vel,27.909261297,0.012,-1.8875601278400823e-05
/epuck2/cmd_vel,27.947376913,0.012,-1.8875601278400823e-05
/epuck2/cmd_vel,28.001715614,0.012,-1.8875601278400823e-05
/epuck2/cmd_vel,28.039167696,0.012,-1.8875601278400823e-05
/epuck2/cmd_vel,28.1152222,0.012,-1.8875601278400823e-05
/epuck2/cmd_vel,28.155702316,0.012,-1.8875601278400823e-05
/epuck2/cmd_vel,28.21037564,0.012,-1.8875601278400823e-05
/epuck2/cmd_vel,28.246861023,0.012,-1.8875601278400823e-05
/epuck2/cmd_vel,28.309420218,0.012,-1.8875601278400823e-05
/epuck2/cmd_vel,28.365384444,0.012,-1.8875601278400823e-05
/epuck2/cmd_vel,28.421706034,0.012,-1.8875601278400823e-05
/epuck2/cmd_vel,28.457479893,0.012,-1.8875601278400823e-05
/epuck2/cmd_vel,28.514701157,0.012,-1.8875601278400823e-05
/epuck2/cmd_vel,28.553809821,0.012,-1.8875601278400823e-05
/epuck2/cmd_vel,28.639309499,0.012,-1.8875601278400823e-05
/epuck2/cmd_vel,28.6795318,0.012,-1.8875601278400823e-05
/epuck2/cmd_vel,28.736651912,0.012,-1.8875601278400823e-05
/epuck2/cmd_vel,28.771844511,0.012,-1.8875601278400823e-05
/epuck2/cmd_vel,28.829855976,0.012,0.003951437470926189
/epuck2/cmd_vel,28.870676822,0.012,0.003951437470926189
/epuck2/cmd_vel,28.952977777,0.012,-1.8875601278400995e-05
/epuck2/cmd_vel,28.992821071,0.012,-1.8875601278400823e-05
/epuck2/cmd_vel,29.044719039,0.012,-1.8875601278400823e-05
/epuck2/cmd_vel,29.083158245,0.012,-1.8875601278400823e-05
/epuck2/cmd_vel,29.142860101,0.012,-1.8875601278400823e-05
/epuck2/cmd_vel,29.194584267,0.012,-1.8875601278400823e-05
/epuck2/cmd_vel,29.262510603,0.012,-0.003989403250204183
/epuck2/cmd_vel,29.301861901,0.012,-0.003989403250204183
/epuck2/cmd_vel,29.35625322,0.012,-0.003989403250204183
/epuck2/cmd_vel,29.393629605,0.012,-1.8875601278400995e-05
/epuck2/cmd_vel,29.471230659,0.012,-1.8875601278400823e-05
/epuck2/cmd_vel,29.511910978,0.012,0.003951437470926189
/epuck2/cmd_vel,29.569348745,0.012,0.003951437470926189
/epuck2/cmd_vel,29.603998756,0.012,-1.8875601278400995e-05
/epuck2/cmd_vel,29.66154843,0.012,-1.8875601278400823e-05
/epuck2/cmd_vel,29.71792922,0.012,-1.8875601278400823e-05
/epuck2/cmd_vel,29.775922503,0.012,-0.003989403250204183
/epuck2/cmd_vel,29.812154729,0.012,-0.003989403250204183
/epuck2/cmd_vel,29.86463688,0.012,-1.8875601278400995e-05
/epuck2/cmd_vel,29.90503446,0.012,-1.8875601278400823e-05
/epuck2/cmd_vel,29.99218038,0.012,-1.8875601278400823e-05
/epuck2/cmd_vel,30.034234043,0.012,-1.8875601278400823e-05
/epuck2/cmd_vel,30.089158436,0.012,-1.8875601278400823e-05
/epuck2/cmd_vel,30.124490143,0.012,-1.8875601278400823e-05
/epuck2/cmd_vel,30.182827594,0.012,0.003951437470926189
/epuck2/cmd_vel,30.23795714,0.012,0.003951437470926189
/epuck2/cmd_vel,30.295599425,0.012,-1.8875601278400995e-05
/epuck2/cmd_vel,30.333527734,0.012,-1.8875601278400823e-05
/epuck2/cmd_vel,30.387326057,0.012,-1.8875601278400823e-05
/epuck2/cmd_vel,30.42597488,0.012,-1.8875601278400823e-05
/epuck2/cmd_vel,30.503841649,0.012,-1.8875601278400823e-05
/epuck2/cmd_vel,30.543585252,0.012,-1.8875601278400823e-05
/epuck2/cmd_vel,30.596950792,0.012,-1.8875601278400823e-05
/epuck2/cmd_vel,30.632971725,0.012,-1.8875601278400823e-05
/epuck2/cmd_vel,30.694322543,0.012,-1.8875601278400823e-05
/epuck2/cmd_vel,30.748306094,0.012,-1.8875601278400823e-05
/epuck2/cmd_vel,30.805720997,0.012,-1.8875601278400823e-05
/epuck2/cmd_vel,30.842897537,0.012,-1.8875601278400823e-05
/epuck2/cmd_vel,30.897229054,0.012,-1.8875601278400823e-05
/epuck2/cmd_vel,30.939646568,0.012,-1.8875601278400823e-05
/epuck2/cmd_vel,31.019962195,0.012,-1.8875601278400823e-05
/epuck2/cmd_vel,31.059211881,0.012,-1.8875601278400823e-05
/epuck2/cmd_vel,31.116349599,0.012,-1.8875601278400823e-05
/epuck2/cmd_vel,31.151399339,0.012,-1.8875601278400823e-05
/epuck2/cmd_vel,31.210052763,0.012,-1.8875601278400823e-05
/epuck2/cmd_vel,31.2550774,0.012,-1.8875601278400823e-05
/epuck2/cmd_vel,31.325379522,0.012,-1.8875601278400823e-05
/epuck2/cmd_vel,31.363893876,0.012,-1.8875601278400823e-05
/epuck2/cmd_vel,31.417412053,0.012,-1.8875601278400823e-05
/epuck2/cmd_vel,31.453539746,0.012,-1.8875601278400823e-05
/epuck2/cmd_vel,31.519226541,0.012,-1.8875601278400823e-05
/epuck2/cmd_vel,31.580985427,0.012,-1.8875601278400823e-05
/epuck2/cmd_vel,31.638442501,0.012,-1.8875601278400823e-05
/epuck2/cmd_vel,31.676421121,0.012,-1.8875601278400823e-05
/epuck2/cmd_vel,31.730717347,0.012,-1.8875601278400823e-05
/epuck2/cmd_vel,31.767720058,0.012,-1.8875601278400823e-05
/epuck2/cmd_vel,31.840896531,0.012,-1.8875601278400823e-05
/epuck2/cmd_vel,31.889595989,0.012,-1.8875601278400823e-05
/epuck2/cmd_vel,31.950982181,0.012,-1.8875601278400823e-05
/epuck2/cmd_vel,31.986316304,0.012,-1.8875601278400823e-05
/epuck2/cmd_vel,32.039913144,0.012,-1.8875601278400823e-05
/epuck2/cmd_vel,32.082891614,0.012,-1.8875601278400823e-05
/epuck2/cmd_vel,32.157903554,0.012,-1.8875601278400823e-05
/epuck2/cmd_vel,32.193358827,0.012,-1.8875601278400823e-05
/epuck2/cmd_vel,32.248204189,0.012,-1.8875601278400823e-05
/epuck2/cmd_vel,32.285366553,0.012,-1.8875601278400823e-05
/epuck2/cmd_vel,32.360507463,0.012,-1.8875601278400823e-05
/epuck2/cmd_vel,32.400197949,0.012,-1.8875601278400823e-05
/epuck2/cmd_vel,32.459062552,0.012,-1.8875601278400823e-05
/epuck2/cmd_vel,32.493636813,0.012,-1.8875601278400823e-05
/epuck2/cmd_vel,32.551589719,0.012,-1.8875601278400823e-05
/epuck2/cmd_vel,32.605771328,0.012,-1.8875601278400823e-05
/epuck2/cmd_vel,32.666277328,0.012,-1.8875601278400823e-05
/epuck2/cmd_vel,32.70250716,0.012,-1.8875601278400823e-05
/epuck2/cmd_vel,32.757387805,0.012,-1.8875601278400823e-05
/epuck2/cmd_vel,32.796168964,0.012,-1.8875601278400823e-05
/epuck2/cmd_vel,32.872697292,0.012,-1.8875601278400823e-05
/epuck2/cmd_vel,32.911865603,0.012,-1.8875601278400823e-05
/epuck2/cmd_vel,32.965247319,0.012,-1.8875601278400823e-05
/epuck2/cmd_vel,33.002316674,0.012,-1.8875601278400823e-05
/epuck2/cmd_vel,33.060403401,0.012,-1.8875601278400823e-05
/epuck2/cmd_vel,33.116491622,0.012,-1.8875601278400823e-05
/epuck2/cmd_vel,33.174591709,0.012,-1.8875601278400823e-05
/epuck2/cmd_vel,33.21136496,0.012,-1.8875601278400823e-05
/epuck2/cmd_vel,33.26928018,0.012,-1.8875601278400823e-05
/epuck2/cmd_vel,33.308148923,0.012,-1.8875601278400823e-05
/epuck2/cmd_vel,33.38722551,0.012,-1.8875601278400823e-05
/epuck2/cmd_vel,33.426226372,0.012,-1.8875601278400823e-05
/epuck2/cmd_vel,33.480157939,0.012,-1.8875601278400823e-05
/epuck2/cmd_vel,33.517945882,0.012,-1.8875601278400823e-05
/epuck2/cmd_vel,33.59288344,0.012,-1.8875601278400823e-05
/epuck2/cmd_vel,33.633381846,0.012,-1.8875601278400823e-05
/epuck2/cmd_vel,33.689449355,0.012,-1.8875601278400823e-05
/epuck2/cmd_vel,33.726379756,0.012,-1.8875601278400823e-05
/epuck2/cmd_vel,33.782328012,0.012,-1.8875601278400823e-05
/epuck2/cmd_vel,33.842319405,0.012,-1.8875601278400823e-05
/epuck2/cmd_vel,33.899511209,0.012,-1.8875601278400823e-05
/epuck2/cmd_vel,33.937367814,0.012,-1.8875601278400823e-05
/epuck2/cmd_vel,33.988880879,0.012,-1.8875601278400823e-05
/epuck2/cmd_vel,34.02991943,0.012,-1.8875601278400823e-05
/epuck2/cmd_vel,34.100559907,0.012,-1.8875601278400823e-05
/epuck2/cmd_vel,34.140430934,0.012,-1.8875601278400823e-05
/epuck2/cmd_vel,34.195493759,0.012,-1.8875601278400823e-05
/epuck2/cmd_vel,34.234278979,0.012,-1.8875601278400823e-05
/epuck2/cmd_vel,34.29334495,0.012,-1.8875601278400823e-05
/epuck2/cmd_vel,34.351041277,0.012,-0.003989403250204183
/epuck2/cmd_vel,34.422236086,0.012,-0.003989403250204183
/epuck2/cmd_vel,34.459826407,0.012,-1.8875601278400995e-05
/epuck2/cmd_vel,34.514938474,0.012,-1.8875601278400823e-05
/epuck2/cmd_vel,34.552748078,0.012,-1.8875601278400823e-05
/epuck2/cmd_vel,34.615830106,0.012,-1.8875601278400823e-05
/epuck2/cmd_vel,34.674603852,0.012,-1.8875601278400823e-05
/epuck2/cmd_vel,34.735253014,0.012,-1.8875601278400823e-05
/epuck2/cmd_vel,34.773313754,0.012,-1.8875601278400823e-05
/epuck2/cmd_vel,34.826737232,0.012,-1.8875601278400823e-05
/epuck2/cmd_vel,34.867103258,0.012,-1.8875601278400823e-05
/epuck2/cmd_vel,34.94313237,0.012,-1.8875601278400823e-05
/epuck2/cmd_vel,34.993199393,0.012,-1.8875601278400823e-05
/epuck2/cmd_vel,35.053182068,0.012,-1.8875601278400823e-05
/epuck2/cmd_vel,35.088570653,0.012,-1.8875601278400823e-05
/epuck2/cmd_vel,35.14388081,0.012,-1.8875601278400823e-05
/epuck2/cmd_vel,35.186374293,0.012,-1.8875601278400823e-05
/epuck2/cmd_vel,35.270084123,0.012,-1.8875601278400823e-05
/epuck2/cmd_vel,35.311141555,0.012,-1.8875601278400823e-05
/epuck2/cmd_vel,35.367104991,0.012,-1.8875601278400823e-05
/epuck2/cmd_vel,35.404519658,0.012,-1.8875601278400823e-05
/epuck2/cmd_vel,35.464806756,0.012,-1.8875601278400823e-05
/epuck2/cmd_vel,35.518018178,0.012,-1.8875601278400823e-05
/epuck2/cmd_vel,35.578602093,0.012,-1.8875601278400823e-05
/epuck2/cmd_vel,35.616638515,0.012,-1.8875601278400823e-05
/epuck2/cmd_vel,35.673445938,0.012,-1.8875601278400823e-05
/epuck2/cmd_vel,35.71222566,0.012,-1.8875601278400823e-05
/epuck2/cmd_vel,35.787984552,0.012,0.003951437470926189
/epuck2/cmd_vel,35.826649501,0.012,0.003951437470926189
/epuck2/cmd_vel,35.881210325,0.012,0.003951437470926189
/epuck2/cmd_vel,35.918380718,0.012,-1.8875601278400995e-05
/epuck2/cmd_vel,35.980931155,0.012,-1.8875601278400823e-05
/epuck2/cmd_vel,36.033761071,0.012,-1.8875601278400823e-05
/epuck2/cmd_vel,36.090436749,0.012,-1.8875601278400823e-05
/epuck2/cmd_vel,36.126305708,0.012,-1.8875601278400823e-05
/epuck2/cmd_vel,36.182140947,0.012,-1.8875601278400823e-05
/epuck2/cmd_vel,36.225254344,0.012,-1.8875601278400823e-05
/epuck2/cmd_vel,36.301974652,0.012,-1.8875601278400823e-05
/epuck2/cmd_vel,36.340691634,0.012,-1.8875601278400823e-05
/epuck2/cmd_vel,36.394355383,0.012,-1.8875601278400823e-05
/epuck2/cmd_vel,36.431606327,0.012,-1.8875601278400823e-05
/epuck2/cmd_vel,36.509951175,0.012,-1.8875601278400823e-05
/epuck2/cmd_vel,36.549893041,0.012,-1.8875601278400823e-05
/epuck2/cmd_vel,36.606222297,0.012,-1.8875601278400823e-05
/epuck2/cmd_vel,36.643995775,0.012,-1.8875601278400823e-05
/epuck2/cmd_vel,36.700151984,0.012,-1.8875601278400823e-05
/epuck2/cmd_vel,36.743219007,0.012,-1.8875601278400823e-05
/epuck2/cmd_vel,36.825308588,0.012,-1.8875601278400823e-05
/epuck2/cmd_vel,36.862785084,0.012,-1.8875601278400823e-05
/epuck2/cmd_vel,36.916709936,0.012,-1.8875601278400823e-05
/epuck2/cmd_vel,36.953758997,0.012,-1.8875601278400823e-05
/epuck2/cmd_vel,37.013236213,0.012,-1.8875601278400823e-05
/epuck2/cmd_vel,37.068294583,0.012,-1.8875601278400823e-05
/epuck2/cmd_vel,37.138275612,0.012,-1.8875601278400823e-05
/epuck2/cmd_vel,37.175198494,0.012,-1.8875601278400823e-05
/epuck2/cmd_vel,37.230635599,0.012,-1.8875601278400823e-05
/epuck2/cmd_vel,37.269461122,0.012,-1.8875601278400823e-05
/epuck2/cmd_vel,37.332244183,0.012,-1.8875601278400823e-05
/epuck2/cmd_vel,37.393270103,0.012,-1.8875601278400823e-05
/epuck2/cmd_vel,37.455000413,0.012,-0.003989403250204183
/epuck2/cmd_vel,37.49040905,0.012,-0.003989403250204183
/epuck2/cmd_vel,37.545908896,0.012,-1.8875601278400995e-05
/epuck2/cmd_vel,37.585898709,0.012,-1.8875601278400823e-05
/epuck2/cmd_vel,37.656774442,0.012,0.003951437470926189
/epuck2/cmd_vel,37.722548483,0.012,0.003951437470926189
/epuck2/cmd_vel,37.781204947,0.012,-1.8875601278400995e-05
/epuck2/cmd_vel,37.816071958,0.012,-1.8875601278400823e-05
/epuck2/cmd_vel,37.87207248,0.012,-0.003989403250204183
/epuck2/cmd_vel,37.912678281,0.012,-0.003989403250204183
/epuck2/cmd_vel,37.988926834,0.012,-1.8875601278400995e-05
/epuck2/cmd_vel,38.02644202,0.012,-1.8875601278400823e-05
/epuck2/cmd_vel,38.082354412,0.012,-1.8875601278400823e-05
/epuck2/cmd_vel,38.119062489,0.012,0.003951437470926189
/epuck2/cmd_vel,38.195909826,0.012,0.003951437470926189
/epuck2/cmd_vel,38.234481772,0.012,-1.8875601278400995e-05
/epuck2/cmd_vel,38.290099701,0.012,-1.8875601278400823e-05
/epuck2/cmd_vel,38.326434048,0.012,-1.8875601278400823e-05
/epuck2/cmd_vel,38.381729831,0.012,-1.8875601278400823e-05
/epuck2/cmd_vel,38.442356317,0.012,-1.8875601278400823e-05
/epuck2/cmd_vel,38.502491767,0.012,-1.8875601278400823e-05
/epuck2/cmd_vel,38.541432762,0.012,-1.8875601278400823e-05
/epuck2/cmd_vel,38.595577681,0.012,-1.8875601278400823e-05
/epuck2/cmd_vel,38.634950163,0.012,-1.8875601278400823e-05
/epuck2/cmd_vel,38.712227,0.012,-1.8875601278400823e-05
/epuck2/cmd_vel,38.750129715,0.012,-1.8875601278400823e-05
/epuck2/cmd_vel,38.805394312,0.012,-1.8875601278400823e-05
/epuck2/cmd_vel,38.844367762,0.012,-1.8875601278400823e-05
/epuck2/cmd_vel,38.901929267,0.012,-1.8875601278400823e-05
/epuck2/cmd_vel,38.964979474,0.012,-1.8875601278400823e-05
/epuck2/cmd_vel,39.025979918,0.012,-1.8875601278400823e-05
/epuck2/cmd_vel,39.058529156,0.012,-1.8875601278400823e-05
/epuck2/cmd_vel,39.115531246,0.012,-1.8875601278400823e-05
/epuck2/cmd_vel,39.1556296,0.012,-1.8875601278400823e-05
/epuck2/cmd_vel,39.234909417,0.012,-1.8875601278400823e-05
/epuck2/cmd_vel,39.272812728,0.012,-1.8875601278400823e-05
/epuck2/cmd_vel,39.326640153,0.012,-1.8875601278400823e-05
/epuck2/cmd_vel,39.36494814,0.012,-1.8875601278400823e-05
/epuck2/cmd_vel,39.891004044,0.012,-1.8875601278400823e-05
/epuck2/cmd_vel,39.933158383,0.012,-1.8875601278400823e-05
/epuck2/cmd_vel,39.988158696,0.012,-1.8875601278400823e-05
/epuck2/cmd_vel,40.024835756,0.012,-1.8875601278400823e-05
/epuck2/cmd_vel,40.081586549,0.012,-1.8875601278400823e-05
/epuck2/cmd_vel,40.140755684,0.012,-1.8875601278400823e-05
/epuck2/cmd_vel,40.200767164,0.012,-1.8875601278400823e-05
/epuck2/cmd_vel,40.237195393,0.012,-1.8875601278400823e-05
/epuck2/cmd_vel,40.293156991,0.012,-1.8875601278400823e-05
/epuck2/cmd_vel,40.333392839,0.012,-1.8875601278400823e-05
/epuck2/cmd_vel,40.408476737,0.012,-1.8875601278400823e-05
/epuck2/cmd_vel,40.450203186,0.012,-1.8875601278400823e-05
/epuck2/cmd_vel,40.503513933,0.012,-1.8875601278400823e-05
/epuck2/cmd_vel,40.538790868,0.012,-1.8875601278400823e-05
/epuck2/cmd_vel,40.598566257,0.012,-1.8875601278400823e-05
/epuck2/cmd_vel,40.656125055,0.012,-1.8875601278400823e-05
/epuck2/cmd_vel,40.713750738,0.012,-1.8875601278400823e-05
/epuck2/cmd_vel,40.748631136,0.012,-1.8875601278400823e-05
/epuck2/cmd_vel,40.805684408,0.012,-1.8875601278400823e-05
/epuck2/cmd_vel,40.844829976,0.012,-1.8875601278400823e-05
/epuck2/cmd_vel,40.922435433,0.012,-1.8875601278400823e-05
/epuck2/cmd_vel,40.961387908,0.012,-1.8875601278400823e-05
/epuck2/cmd_vel,41.016827458,0.012,-1.8875601278400823e-05
/epuck2/cmd_vel,41.053562845,0.012,-1.8875601278400823e-05
/epuck2/cmd_vel,41.11351351,0.012,-1.8875601278400823e-05
/epuck2/cmd_vel,41.176091139,0.012,-1.8875601278400823e-05
/epuck2/cmd_vel,41.234623465,0.012,-1.8875601278400823e-05
/epuck2/cmd_vel,41.272073097,0.012,-1.8875601278400823e-05
/epuck2/cmd_vel,41.326296558,0.012,-1.8875601278400823e-05
/epuck2/cmd_vel,41.364777348,0.012,-0.003989403250204183
/epuck2/cmd_vel,41.438980582,0.012,-0.003989403250204183
/epuck2/cmd_vel,41.488725773,0.012,-1.8875601278400995e-05
/epuck2/cmd_vel,41.548098652,0.012,-1.8875601278400823e-05
/epuck2/cmd_vel,41.581652281,0.012,-1.8875601278400823e-05
/epuck2/cmd_vel,41.639535256,0.012,-1.8875601278400823e-05
/epuck2/cmd_vel,41.682508151,0.012,-1.8875601278400823e-05
/epuck2/cmd_vel,41.765556746,0.012,-1.8875601278400823e-05
/epuck2/cmd_vel,41.805210229,0.012,-1.8875601278400823e-05
/epuck2/cmd_vel,41.860081846,0.012,-1.8875601278400823e-05
/epuck2/cmd_vel,41.895981955,0.012,-1.8875601278400823e-05
/epuck2/cmd_vel,41.953442912,0.012,-1.8875601278400823e-05
/epuck2/cmd_vel,42.01124656,0.012,-1.8875601278400823e-05
/epuck2/cmd_vel,42.07088101,0.012,-1.8875601278400823e-05
/epuck2/cmd_vel,42.108950333,0.012,-1.8875601278400823e-05
/epuck2/cmd_vel,42.162835781,0.012,-1.8875601278400823e-05
/epuck2/cmd_vel,42.201230476,0.012,-1.8875601278400823e-05
/epuck2/cmd_vel,42.279114623,0.012,0.003951437470926189
/epuck2/cmd_vel,42.317792587,0.012,0.003951437470926189
/epuck2/cmd_vel,42.372343112,0.012,0.003951437470926189
/epuck2/cmd_vel,42.407959056,0.012,-1.8875601278400995e-05
/epuck2/cmd_vel,42.467070463,0.012,-1.8875601278400823e-05
/epuck2/cmd_vel,42.525616524,0.012,-0.003989403250204183
/epuck2/cmd_vel,42.584945409,0.012,-0.003989403250204183
/epuck2/cmd_vel,42.622822933,0.012,-0.003989403250204183
/epuck2/cmd_vel,42.677817472,0.012,-1.8875601278400995e-05
/epuck2/cmd_vel,42.718121401,0.012,-1.8875601278400823e-05
/epuck2/cmd_vel,42.795561335,0.012,0.003951437470926189
/epuck2/cmd_vel,42.831986379,0.012,0.003951437470926189
/epuck2/cmd_vel,42.888492122,0.012,-1.8875601278400995e-05
/epuck2/cmd_vel,42.924393425,0.012,-1.8875601278400823e-05
/epuck2/cmd_vel,43.003530788,0.012,0.003951437470926189
/epuck2/cmd_vel,43.043009392,0.012,0.003951437470926189
/epuck2/cmd_vel,43.101753822,0.012,0.003951437470926189
/epuck2/cmd_vel,43.13601891,0.012,-1.8875601278400995e-05
/epuck2/cmd_vel,43.195115187,0.012,-1.8875601278400823e-05
/epuck2/cmd_vel,43.250041348,0.012,-1.8875601278400823e-05
/epuck2/cmd_vel,43.308541824,0.012,-1.8875601278400823e-05
/epuck2/cmd_vel,43.347009078,0.012,-1.8875601278400823e-05
/epuck2/cmd_vel,43.403158096,0.012,-1.8875601278400823e-05
/epuck2/cmd_vel,43.442767784,0.012,-1.8875601278400823e-05
/epuck2/cmd_vel,43.516006348,0.012,-1.8875601278400823e-05
/epuck2/cmd_vel,43.556445741,0.012,-1.8875601278400823e-05
/epuck2/cmd_vel,43.611317557,0.012,-1.8875601278400823e-05
/epuck2/cmd_vel,43.646076525,0.012,-1.8875601278400823e-05
/epuck2/cmd_vel,43.705972447,0.012,-1.8875601278400823e-05
/epuck2/cmd_vel,43.759649574,0.012,-1.8875601278400823e-05
/epuck2/cmd_vel,43.8292122,0.012,-1.8875601278400823e-05
/epuck2/cmd_vel,43.867849754,0.012,-1.8875601278400823e-05
/epuck2/cmd_vel,43.921469252,0.012,-1.8875601278400823e-05
/epuck2/cmd_vel,43.958359113,0.012,-1.8875601278400823e-05
/epuck2/cmd_vel,44.020670691,0.012,-1.8875601278400823e-05
/epuck2/cmd_vel,44.080499827,0.012,-1.8875601278400823e-05
/epuck2/cmd_vel,44.142014846,0.012,-1.8875601278400823e-05
/epuck2/cmd_vel,44.177686926,0.012,-1.8875601278400823e-05
/epuck2/cmd_vel,44.232102286,0.012,-1.8875601278400823e-05
/epuck2/cmd_vel,44.271120054,0.012,-1.8875601278400823e-05
/epuck2/cmd_vel,44.348058742,0.012,-1.8875601278400823e-05
/epuck2/cmd_vel,44.386874957,0.012,-0.003989403250204183
/epuck2/cmd_vel,44.44139393,0.012,0.21459490074978532
/epuck2/cmd_vel,44.481687009,0.012,0.3
/epuck2/cmd_vel,44.54161737,0.012,0.3
/epuck2/cmd_vel,44.593935678,0.012,0.3
/epuck2/cmd_vel,44.653541286,0.012,0.3
/epuck2/cmd_vel,44.690334286,0.012,0.3
/epuck2/cmd_vel,44.745558486,0.012,0.3
/epuck2/cmd_vel,44.786445486,0.012,0.3
/epuck2/cmd_vel,44.863817386,0.012,0.3
/epuck2/cmd_vel,44.902887986,0.012,0.3
/epuck2/cmd_vel,44.958654486,0.012,0.3
/epuck2/cmd_vel,44.994916386,0.012,0.3
/epuck2/cmd_vel,45.070273886,0.012,0.3
/epuck2/cmd_vel,45.108286786,0.012,0.3
/epuck2/cmd_vel,45.167570586,0.012,0.3
/epuck2/cmd_vel,45.201683486,0.012,0.2991105985625673
/epuck2/cmd_vel,45.258403838,0.012,0.2991105985625673
/epuck2/cmd_vel,45.316066026,0.012,0.2726407003386903
/epuck2/cmd_vel,45.372943789,0.012,0.2726407003386903
/epuck2/cmd_vel,45.408113715,0.012,0.22764167308649305
/epuck2/cmd_vel,45.461579135,0.012,0.22764167308649305
/epuck2/cmd_vel,45.500375043,0.012,0.22764167308649305
/epuck2/cmd_vel,45.571336782,0.012,0.19323071956476454
/epuck2/cmd_vel,45.611048916,0.012,0.19323071956476454
/epuck2/cmd_vel,45.661920869,0.012,0.1641138029082704
/epuck2/cmd_vel,45.696713665,0.012,0.1641138029082704
/epuck2/cmd_vel,45.754026416,0.012,0.14029078006586318
/epuck2/cmd_vel,45.807777705,0.012,0.14029078006586318
/epuck2/cmd_vel,45.865870884,0.012,0.12176179408869031
/epuck2/cmd_vel,45.898845313,0.012,0.12176179408869031
/epuck2/cmd_vel,45.952579187,0.012,0.10323280811151747
/epuck2/cmd_vel,45.993011892,0.012,0.10323280811151747
/epuck2/cmd_vel,46.062986604,0.012,0.08999785899957899
/epuck2/cmd_vel,46.098026062,0.013780992750000366,0.0749982158329825
/epuck2/cmd_vel,46.150352481,0.01634937550000001,0.0749982158329825
/epuck2/cmd_vel,46.186479457,0.01819623030000014,0.06176324287918611
/epuck2/cmd_vel,46.257655788,0.021726436200000424,0.06176324287918611
/epuck2/cmd_vel,46.295531758,0.023615114950000564,0.0551458160069327
/epuck2/cmd_vel,46.349306648,0.025,0.0551458160069327
/epuck2/cmd_vel,46.382301916,0.025,0.046322421231542066
/epuck2/cmd_vel,46.44111405,0.025,0.046322421231542066
/epuck2/cmd_vel,46.496147561,0.025,0.046322421231542066
/epuck2/cmd_vel,46.553332508,0.025,0.04191072384384675
/epuck2/cmd_vel,46.588613679,0.0,0.0
/epuck2/cmd_vel,46.641092453,0.0,0.0
/epuck2/cmd_vel,46.678862032,0.0,0.0
/epuck2/cmd_vel,46.755748692,0.0,0.0
/epuck2/cmd_vel,46.792930261,0.0,0.0
/epuck2/cmd_vel,46.844586449,0.0,0.0
/epuck2/cmd_vel,46.879500482,0.0,0.0
/epuck2/cmd_vel,46.936597785,0.0,0.0
/epuck2/cmd_vel,46.990392373,0.0,0.0
/epuck2/cmd_vel,47.046081174,0.0,0.0
/epuck2/cmd_vel,47.081737666,0.0,0.0
/epuck2/cmd_vel,47.134209969,0.0,0.0
/epuck2/cmd_vel,47.173491492,0.0,0.0
/epuck2/cmd_vel,47.247253867,0.0,0.0
/epuck2/cmd_vel,47.282993342,0.0,0.0
/epuck2/cmd_vel,47.335670149,0.0,0.0
/epuck2/cmd_vel,47.372742757,0.0,0.0
/epuck2/cmd_vel,47.445478518,0.0,0.0
/epuck2/cmd_vel,47.484240453,0.0,0.0
/epuck2/cmd_vel,47.536968838,0.0,0.0
/epuck2/cmd_vel,47.571813593,0.0,0.0
/epuck2/cmd_vel,47.627485169,0.0,0.0
/epuck2/cmd_vel,47.680413301,0.0,0.0
/epuck2/cmd_vel,47.737724529,0.0,0.0
/epuck2/cmd_vel,47.772197674,0.0,0.0
/epuck2/cmd_vel,47.824657225,0.0,0.0
/epuck2/cmd_vel,47.861948612,0.0,0.0
/epuck2/cmd_vel,47.933823246,0.0,0.0
/epuck2/cmd_vel,47.973180233,0.0,0.0
/epuck2/cmd_vel,48.023430774,0.0,0.0
/epuck2/cmd_vel,48.058518669,0.0,0.0
/epuck2/cmd_vel,48.116452927,0.0,0.0
/epuck2/cmd_vel,48.164729033,0.0,0.0
/epuck2/cmd_vel,48.231825837,0.0,0.0
/epuck2/cmd_vel,48.268471354,0.0,0.0
/epuck2/cmd_vel,48.320391999,0.0,0.0
/epuck2/cmd_vel,48.357202244,0.0,0.0
/epuck2/cmd_vel,48.429149297,0.0,0.0
/epuck2/cmd_vel,48.46795729,0.0,0.0
/epuck2/cmd_vel,48.521406533,0.0,0.0
/epuck2/cmd_vel,48.555086592,0.0,0.0
/epuck2/cmd_vel,48.611978534,0.0,0.0
/epuck2/cmd_vel,48.667704638,0.0,0.0
/epuck2/cmd_vel,48.727517026,0.0,0.0
/epuck2/cmd_vel,48.759579701,0.0,0.0
/epuck2/cmd_vel,48.812044391,0.0,0.0
/epuck2/cmd_vel,48.852317985,0.0,0.0
/epuck2/cmd_vel,48.924535585,0.0,0.0
/epuck2/cmd_vel,48.962175553,0.0,0.0
/epuck2/cmd_vel,49.013389996,0.0,0.0
/epuck2/cmd_vel,49.047768549,0.0,0.0
/epuck2/cmd_vel,49.108498876,0.0,0.0
/epuck2/cmd_vel,49.162470752,0.0,0.0
/epuck2/cmd_vel,49.21979968,0.0,0.0
/epuck2/cmd_vel,49.251280245,0.0,0.0
/epuck2/cmd_vel,49.306520259,0.0,0.0
/epuck2/cmd_vel,49.344206761,0.0,0.0
/epuck2/cmd_vel,49.423303682,0.0,0.0
/epuck2/cmd_vel,49.460415982,0.0,0.0
/epuck2/cmd_vel,49.513867882,0.0,0.0
/epuck2/cmd_vel,49.553670282,0.0,0.0
/epuck2/cmd_vel,49.629250782,0.0,0.0
/epuck2/cmd_vel,49.669407482,0.0,0.0
/epuck2/cmd_vel,49.727991982,0.0,0.0
/epuck2/cmd_vel,49.763827482,0.0,0.0
/epuck2/cmd_vel,49.822458082,0.0,0.0
/epuck2/cmd_vel,49.876551282,0.0,0.0
/epuck2/cmd_vel,49.938252382,0.0,0.0
/epuck2/cmd_vel,49.972914182,0.0,0.0
/epuck2/cmd_vel,50.028570982,0.0,0.0
/epuck2/cmd_vel,50.071412582,0.0,0.0
/epuck2/cmd_vel,50.146279082,0.0,0.0
/epuck2/cmd_vel,50.186329882,0.0,0.0
/epuck2/cmd_vel,50.242887082,0.0,0.0
/epuck2/cmd_vel,50.280357382,0.0,0.0
/epuck2/cmd_vel,50.339884082,0.0,0.0
/epuck2/cmd_vel,50.394680282,0.0,0.0
/epuck2/cmd_vel,50.452047082,0.0,0.0
/epuck2/cmd_vel,50.489460882,0.0,0.0
/epuck2/cmd_vel,50.545369882,0.0,0.0
/epuck2/cmd_vel,50.586186282,0.0,0.0
/epuck2/cmd_vel,50.672637482,0.0,0.0
/epuck2/cmd_vel,50.714484882,0.0,0.0
/epuck2/cmd_vel,50.770372382,0.0,0.0
/epuck2/cmd_vel,50.805497382,0.0,0.0
/epuck2/cmd_vel,50.863973082,0.0,0.0
/epuck2/cmd_vel,50.917403682,0.0,0.0
/epuck2/cmd_vel,50.980440882,0.0,0.0
/epuck2/cmd_vel,51.014805582,0.0,0.0
/epuck2/cmd_vel,51.070935582,0.0,0.0
/epuck2/cmd_vel,51.111699682,0.0,0.0
/epuck2/cmd_vel,51.182002482,0.0,0.0
/epuck2/cmd_vel,51.235117282,0.0,0.0
/epuck2/cmd_vel,51.292682182,0.0,0.0
/epuck2/cmd_vel,51.326736282,0.0,0.0
/epuck2/cmd_vel,51.385528682,0.0,0.0
/epuck2/cmd_vel,51.426724382,0.0,0.0
/epuck2/cmd_vel,51.500810882,0.0,0.0
/epuck2/cmd_vel,51.537219282,0.0,0.0
/epuck2/cmd_vel,51.591609782,0.0,0.0
/epuck2/cmd_vel,51.632570482,0.0,0.0
/epuck2/cmd_vel,51.706526882,0.0,0.0
/epuck2/cmd_vel,51.746090482,0.0,0.0
/epuck2/cmd_vel,51.803701882,0.0,0.0
/epuck2/cmd_vel,51.840062682,0.0,0.0
/epuck2/cmd_vel,51.897381882,0.0,0.0
/epuck2/cmd_vel,51.953689182,0.0,0.0
/epuck2/cmd_vel,52.014045282,0.0,0.0
/epuck2/cmd_vel,52.052140782,0.0,0.0
/epuck2/cmd_vel,52.105066482,0.0,0.0
/epuck2/cmd_vel,52.145520082,0.0,0.0
/epuck2/cmd_vel,52.225065383,0.0,0.0
/epuck2/cmd_vel,52.265133083,0.0,0.0
/epuck2/cmd_vel,52.320294083,0.0,0.0
/epuck2/cmd_vel,52.357243883,0.0,0.0
/epuck2/cmd_vel,52.419059683,0.0,0.0
/epuck2/cmd_vel,52.474377783,0.0,0.0
/epuck2/cmd_vel,52.535216983,0.0,0.0
/epuck2/cmd_vel,52.569688783,0.0,0.0
/epuck2/cmd_vel,52.624426883,0.0,0.0
/epuck2/cmd_vel,52.667221883,0.0,0.0
/epuck2/cmd_vel,52.744860783,0.0,0.0
/epuck2/cmd_vel,52.802841483,0.0,0.0
/epuck2/cmd_vel,52.837930683,0.0,0.0
/epuck2/cmd_vel,52.874312283,0.0,0.0
/epuck2/cmd_vel,52.951199683,0.0,0.0
/epuck2/cmd_vel,52.992180283,0.0,0.0
/epuck2/cmd_vel,53.048483083,0.0,0.0
/epuck2/cmd_vel,53.085827383,0.0,0.0
/epuck2/cmd_vel,53.142750583,0.0,0.0
/epuck2/cmd_vel,53.187710283,0.0,0.0
/epuck2/cmd_vel,53.268193565,0.0,0.0
/epuck2/cmd_vel,53.325220248,0.0,0.0
/epuck2/cmd_vel,53.360088329,0.0,0.0
/epuck2/cmd_vel,53.397308199,0.0,0.0
/epuck2/cmd_vel,53.453879507,0.0,0.0
/epuck2/cmd_vel,53.503172319,0.0,0.0
/epuck2/cmd_vel,53.559801451,0.0,0.0
/epuck2/cmd_vel,53.594656144,0.0,0.0
/epuck2/cmd_vel,53.648113414,0.0,0.0
/epuck2/cmd_vel,53.686321037,0.0,0.0
/epuck2/cmd_vel,53.777990868,0.0,0.0
/epuck2/cmd_vel,53.835240871,0.0,0.0
/epuck2/cmd_vel,53.870504034,0.0,0.0
/epuck2/cmd_vel,53.902770136,0.0,0.0
/epuck2/cmd_vel,53.958414838,0.0,0.0
/epuck2/cmd_vel,54.010415687,0.0,0.0
/epuck2/cmd_vel,54.068878662,0.0,0.0
/epuck2/cmd_vel,54.102108874,0.0,0.0
/epuck2/cmd_vel,54.154497399,0.0,0.0
/epuck2/cmd_vel,54.193622894,0.0,0.0
/epuck2/cmd_vel,54.266209516,0.0,0.0
/epuck2/cmd_vel,54.324746077,0.0,0.0
/epuck2/cmd_vel,54.35566343,0.0,0.0
/epuck2/cmd_vel,54.390326041,0.0,0.0
/epuck2/cmd_vel,54.451270695,0.0,0.0
/epuck2/cmd_vel,54.502704225,0.0,0.0
/epuck2/cmd_vel,54.55739621,0.0,0.0
/epuck2/cmd_vel,54.591441653,0.0,0.0
/epuck2/cmd_vel,54.645753178,0.0,0.0
/epuck2/cmd_vel,54.685386744,0.0,0.0
/epuck2/cmd_vel,54.757927221,0.0,0.0
/epuck2/cmd_vel,54.81077397,0.0,0.0
/epuck2/cmd_vel,54.844864135,0.0,0.0
/epuck2/cmd_vel,54.879457528,0.0,0.0
/epuck2/cmd_vel,54.953246299,0.0,0.0
/epuck2/cmd_vel,54.992141637,0.0,0.0
/epuck2/cmd_vel,55.045750445,0.0,0.0
/epuck2/cmd_vel,55.082782601,0.0,0.0
/epuck2/cmd_vel,55.135844409,0.0,0.0
/epuck2/cmd_vel,55.175341153,0.0,0.0
/epuck2/cmd_vel,55.252872999,0.0,0.0
/epuck2/cmd_vel,55.307929113,0.0,0.0
/epuck2/cmd_vel,55.342399168,0.0,0.0
/epuck2/cmd_vel,55.376742941,0.0,0.0
/epuck2/cmd_vel,55.436531593,0.0,0.0
/epuck2/cmd_vel,55.485300287,0.0,0.0
/epuck2/cmd_vel,55.554984322,0.0,0.0
/epuck2/cmd_vel,55.591913648,0.0,0.0
/epuck2/cmd_vel,55.643735138,0.0,0.0
/epuck2/cmd_vel,55.679731687,0.0,0.0
/epuck2/cmd_vel,55.736254002,0.0,0.0
/epuck2/cmd_vel,55.813852406,0.0,0.0
/epuck2/cmd_vel,55.853060981,0.0,0.0
/epuck2/cmd_vel,55.887364971,0.0,0.0
/epuck2/cmd_vel,55.941318253,0.0,0.0
/epuck2/cmd_vel,55.978596612,0.0,0.0
/epuck2/cmd_vel,56.046528175,0.0,0.0
/epuck2/cmd_vel,56.096364759,0.0,0.0
/epuck2/cmd_vel,56.150788134,0.0,0.0
/epuck2/cmd_vel,56.185311645,0.0,0.0
/epuck2/cmd_vel,56.238587088,0.0,0.0
/epuck2/cmd_vel,56.310482957,0.0,0.0
/epuck2/cmd_vel,56.349558033,0.0,0.0
/epuck2/cmd_vel,56.385532934,0.0,0.0
/epuck2/cmd_vel,56.436225671,0.0,0.0
/epuck2/cmd_vel,56.473300555,0.0,0.0
/epuck2/cmd_vel,56.547146389,0.0,0.0
/epuck2/cmd_vel,56.586208458,0.0,0.0
/epuck2/cmd_vel,56.639734755,0.0,0.0
/epuck2/cmd_vel,56.674803938,0.0,0.0
/epuck2/cmd_vel,56.731330241,0.0,0.0
/epuck2/cmd_vel,56.802897872,0.0,0.0
/epuck2/cmd_vel,56.840833182,0.0,0.0
/epuck2/cmd_vel,56.875546876,0.0,0.0
/epuck2/cmd_vel,56.927618272,0.0,0.0
/epuck2/cmd_vel,56.96552016,0.0,0.0
/epuck2/cmd_vel,57.037994458,0.0,0.0
/epuck2/cmd_vel,57.07425316,0.0,0.0
/epuck2/cmd_vel,57.126940584,0.0,0.0
/epuck2/cmd_vel,57.162606426,0.0,0.0
/epuck2/cmd_vel,57.220003979,0.0,0.0
/epuck2/cmd_vel,57.275069778,0.0,0.0
/epuck2/cmd_vel,57.330788281,0.0,0.0
/epuck2/cmd_vel,57.367281381,0.0,0.0
/epuck2/cmd_vel,57.423578381,0.0,0.0
/epuck2/cmd_vel,57.464367181,0.0,0.0
/epuck2/cmd_vel,57.542117981,0.0,0.0
/epuck2/cmd_vel,57.581265981,0.0,0.0
/epuck2/cmd_vel,57.635034281,0.0,0.0
/epuck2/cmd_vel,57.672650381,0.0,0.0
/epuck2/cmd_vel,57.747737181,0.0,0.0
/epuck2/cmd_vel,57.789948181,0.0,0.0
/epuck2/cmd_vel,57.845739381,0.0,0.0
/epuck2/cmd_vel,57.880087981,0.0,0.0
/epuck2/cmd_vel,57.940552481,0.0,0.0
/epuck2/cmd_vel,57.982148281,0.0,0.0
/epuck2/cmd_vel,58.065817481,0.0,0.0
/epuck2/cmd_vel,58.103909181,0.0,0.0
/epuck2/cmd_vel,58.160020381,0.0,0.0
/epuck2/cmd_vel,58.198416481,0.0,0.0
/epuck2/cmd_vel,58.256543381,0.0,0.0
/epuck2/cmd_vel,58.308852981,0.0,0.0
/epuck2/cmd_vel,58.381208981,0.0,0.0
/epuck2/cmd_vel,58.417712681,0.0,0.0
/epuck2/cmd_vel,58.472832581,0.0,0.0
/epuck2/cmd_vel,58.510012381,0.0,0.0
/epuck2/cmd_vel,58.587086581,0.0,0.0
/epuck2/cmd_vel,58.625491881,0.0,0.0
/epuck2/cmd_vel,58.683604181,0.0,0.0
/epuck2/cmd_vel,58.719883081,0.0,0.0
/epuck2/cmd_vel,58.777274981,0.0,0.0
/epuck2/cmd_vel,58.833090881,0.0,0.0
/epuck2/cmd_vel,58.894395481,0.0,0.0
/epuck2/cmd_vel,58.928920781,0.0,0.0
/epuck2/cmd_vel,58.985861781,0.0,0.0
/epuck2/cmd_vel,59.022822581,0.0,0.0
/epuck2/cmd_vel,59.104728681,0.0,0.0
/epuck2/cmd_vel,59.142703881,0.0,0.0
/epuck2/cmd_vel,59.196377781,0.0,0.0
/epuck2/cmd_vel,59.234001281,0.0,0.0
/epuck2/cmd_vel,59.294263681,0.0,0.0
/epuck2/cmd_vel,59.352478681,0.0,0.0
/epuck2/cmd_vel,59.408703381,0.0,0.0
/epuck2/cmd_vel,59.445789681,0.0,0.0
/epuck2/cmd_vel,59.503183181,0.0,0.0
/epuck2/cmd_vel,59.541829481,0.0,0.0
/epuck2/cmd_vel,59.624485581,0.0,0.0
/epuck2/cmd_vel,59.660929681,0.0,0.0
/epuck2/cmd_vel,59.714447181,0.0,0.0
/epuck2/cmd_vel,59.752751281,0.0,0.0
/epuck2/cmd_vel,59.830872181,0.0,0.0
/epuck2/cmd_vel,59.872315781,0.0,0.0
/epuck2/cmd_vel,59.928825581,0.0,0.0
/epuck2/cmd_vel,59.964680281,0.0,0.0
/epuck2/cmd_vel,60.025657581,0.0,0.0
/epuck2/cmd_vel,60.082264081,0.0,0.0
/epuck2/cmd_vel,60.139199281,0.0,0.0
/epuck2/cmd_vel,60.178041181,0.0,0.0
/epuck2/cmd_vel,60.232408481,0.0,0.0
/epuck2/cmd_vel,60.270624281,0.0,0.0
/epuck2/cmd_vel,60.348010581,0.0,0.0
/epuck2/cmd_vel,60.387421981,0.0,0.0
/epuck2/cmd_vel,60.443473381,0.0,0.0
/epuck2/cmd_vel,60.478648681,0.0,0.0
/epuck2/cmd_vel,60.541487981,0.0,0.0
/epuck2/cmd_vel,60.589797181,0.0,0.0
/epuck2/cmd_vel,60.664363181,0.0,0.0
/epuck2/cmd_vel,60.699531381,0.0,0.0
/epuck2/cmd_vel,60.752792081,0.0,0.0
/epuck2/cmd_vel,60.791676281,0.0,0.0
/epuck2/cmd_vel,60.867988781,0.0,0.0
/epuck2/cmd_vel,60.910091481,0.0,0.0
/epuck2/cmd_vel,60.965885781,0.0,0.0
/epuck2/cmd_vel,61.002092981,0.0,0.0
/epuck2/cmd_vel,61.060745381,0.0,0.0
/epuck2/cmd_vel,61.116773481,0.0,0.0
/epuck2/cmd_vel,61.177274981,0.0,0.0
/epuck2/cmd_vel,61.212489981,0.0,0.0
/epuck2/cmd_vel,61.266273969,0.0,0.0
/epuck2/cmd_vel,61.307786833,0.0,0.0
/epuck2/cmd_vel,61.386071608,0.0,0.0
/epuck2/cmd_vel,61.426721851,0.0,0.0
/epuck2/cmd_vel,61.480731437,0.0,0.0
/epuck2/cmd_vel,61.516576907,0.0,0.0
/epuck2/cmd_vel,61.577939748,0.0,0.0
/epuck2/cmd_vel,61.632326026,0.0,0.0
/epuck2/cmd_vel,61.690120736,0.0,0.0
/epuck2/cmd_vel,61.72409096,0.0,0.0
/epuck2/cmd_vel,61.77993374,0.0,0.0
/epuck2/cmd_vel,61.820297036,0.0,0.0
/epuck2/cmd_vel,61.895957932,0.0,0.0
/epuck2/cmd_vel,61.935256062,0.0,0.0
/epuck2/cmd_vel,61.986564393,0.0,0.0
/epuck2/cmd_vel,62.025244598,0.0,0.0
/epuck2/cmd_vel,62.10097733,0.0,0.0
/epuck2/cmd_vel,62.143442757,0.0,0.0
/epuck2/cmd_vel,62.198911616,0.0,0.0
/epuck2/cmd_vel,62.23545397,0.0,0.0
/epuck2/cmd_vel,62.293120939,0.0,0.0
/epuck2/cmd_vel,62.348767209,0.0,0.0
/epuck2/cmd_vel,62.409448008,0.0,0.0
/epuck2/cmd_vel,62.445553016,0.0,0.0
/epuck2/cmd_vel,62.50087385,0.0,0.0
/epuck2/cmd_vel,62.539357744,0.0,0.0
/epuck2/cmd_vel,62.61355264,0.0,0.0
/epuck2/cmd_vel,62.664720762,0.0,0.0
/epuck2/cmd_vel,62.723218392,0.0,0.0
/epuck2/cmd_vel,62.756915621,0.0,0.0
/epuck2/cmd_vel,62.813388001,0.0,0.0
/epuck2/cmd_vel,62.854027063,0.0,0.0
/epuck2/cmd_vel,62.931886663,0.0,0.0
/epuck2/cmd_vel,62.968882492,0.0,0.0
/epuck2/cmd_vel,63.023775379,0.0,0.0
/epuck2/cmd_vel,63.061215184,0.0,0.0
/epuck2/cmd_vel,63.137449478,0.0,0.0
/epuck2/cmd_vel,63.17721741,0.0,0.0
/epuck2/cmd_vel,63.232438505,0.0,0.0
/epuck2/cmd_vel,63.268213227,0.0,0.0
/epuck2/cmd_vel,63.326053155,0.0,0.0
/epuck2/cmd_vel,63.367810122,0.0,0.0
/epuck2/cmd_vel,63.45133009,0.0,0.0
/epuck2/cmd_vel,63.489039723,0.0,0.0
/epuck2/cmd_vel,63.543550872,0.0,0.0
/epuck2/cmd_vel,63.581062018,0.0,0.0
/epuck2/cmd_vel,63.639212838,0.0,0.0
