topic,time_s,linear_mps,angular_rps
/epuck1/cmd_vel,3.2856151,0.0,0.0
/epuck1/cmd_vel,3.319887708,0.0,0.0
/epuck1/cmd_vel,3.369086491,0.0,0.0
/epuck1/cmd_vel,3.406968291,0.0,0.0
/epuck1/cmd_vel,3.474053258,0.0,0.0
/epuck1/cmd_vel,3.519244833,0.0,0.0
/epuck1/cmd_vel,3.573290858,0.0,0.0
/epuck1/cmd_vel,3.608300008,0.0,0.0
/epuck1/cmd_vel,3.658891483,0.0,0.0
/epuck1/cmd_vel,3.694303691,0.0,0.0
/epuck1/cmd_vel,3.766597158,0.0,0.0
/epuck1/cmd_vel,3.801143025,0.0,0.0
/epuck1/cmd_vel,3.850514966,0.0,0.0
/epuck1/cmd_vel,3.886317033,0.0,0.0
/epuck1/cmd_vel,3.94472245,0.0,0.0
/epuck1/cmd_vel,4.018488908,0.0,0.0
/epuck1/cmd_vel,4.070243266,0.0,0.0
/epuck1/cmd_vel,4.105501475,0.0,0.0
/epuck1/cmd_vel,4.154227533,0.0,0.0
/epuck1/cmd_vel,4.190711233,0.0,0.0
/epuck1/cmd_vel,4.260067608,0.0,0.0
/epuck1/cmd_vel,4.296705308,0.0,0.0
/epuck1/cmd_vel,4.347273775,0.0,0.0
/epuck1/cmd_vel,4.379991625,0.0,0.0
/epuck1/cmd_vel,4.435098325,0.0,0.0
/epuck1/cmd_vel,4.491632641,0.0,0.0
/epuck1/cmd_vel,4.543881725,0.0,0.0
/epuck1/cmd_vel,4.575260783,0.0,0.0
/epuck1/cmd_vel,4.628049691,0.0,0.0
/epuck1/cmd_vel,4.665654475,0.0,0.0
/epuck1/cmd_vel,4.741672908,0.0,0.0
/epuck1/cmd_vel,4.775236658,0.0,0.0
/epuck1/cmd_vel,4.825589891,0.0,0.0
/epuck1/cmd_vel,4.860590058,0.0,0.0
/epuck1/cmd_vel,4.9317497,0.0,0.0
/epuck1/cmd_vel,4.9704664,0.0,0.0
/epuck1/cmd_vel,5.020041841,0.0,0.0
/epuck1/cmd_vel,5.053078508,0.0,0.0
/epuck1/cmd_vel,5.107724125,0.0,0.0
/epuck1/cmd_vel,5.158520841,0.0,0.0
/epuck1/cmd_vel,5.21373195,0.0,0.0
/epuck1/cmd_vel,5.246834158,0.0,0.0
/epuck1/cmd_vel,5.2968584,0.0,0.0
/epuck1/cmd_vel,5.335459517,0.0,0.0
/epuck1/cmd_vel,5.409160138,0.0,0.0
/epuck1/cmd_vel,5.446346979,0.0,0.0
/epuck1/cmd_vel,5.498911164,0.0,0.0
/epuck1/cmd_vel,5.535692769,0.0,0.0
/epuck1/cmd_vel,5.592051428,0.0,0.0
/epuck1/cmd_vel,5.649243541,0.0,0.0
/epuck1/cmd_vel,5.703935479,0.0,0.0
/epuck1/cmd_vel,5.738049519,0.0,0.0
/epuck1/cmd_vel,5.792744578,0.0,0.0
/epuck1/cmd_vel,5.831818868,0.0,0.0
/epuck1/cmd_vel,5.901644441,0.0,0.0
/epuck1/cmd_vel,5.936974948,0.0,0.0
/epuck1/cmd_vel,5.98966983,0.0,0.0
/epuck1/cmd_vel,6.024378438,0.0,0.0
/epuck1/cmd_vel,6.099940784,0.0,0.0
/epuck1/cmd_vel,6.13691484,0.0,0.0
/epuck1/cmd_vel,6.19212796,0.0,0.0
/epuck1/cmd_vel,6.225972283,0.0,0.0
/epuck1/cmd_vel,6.280724653,0.0,0.0
/epuck1/cmd_vel,6.333264602,0.0,0.0
/epuck1/cmd_vel,6.391537892,0.0,0.0
/epuck1/cmd_vel,6.42434243,0.0,0.0
/epuck1/cmd_vel,6.477282795,0.0,0.0
/epuck1/cmd_vel,6.515628553,0.0,0.0
/epuck1/cmd_vel,6.587874017,0.0,0.0
/epuck1/cmd_vel,6.626620536,0.0,0.0
/epuck1/cmd_vel,6.678812418,0.0,0.0
/epuck1/cmd_vel,6.715044243,0.0,0.0
/epuck1/cmd_vel,6.770229301,0.0,0.0
/epuck1/cmd_vel,6.824972241,0.0,0.0
/epuck1/cmd_vel,6.881629299,0.0,0.0
/epuck1/cmd_vel,6.917713311,0.0,0.0
/epuck1/cmd_vel,6.97304703,0.0,0.0
/epuck1/cmd_vel,7.008770602,0.0,0.0
/epuck1/cmd_vel,7.077679314,0.0,0.0
/epuck1/cmd_vel,7.113519046,0.0,0.0
/epuck1/cmd_vel,7.165093488,0.0,0.0
/epuck1/cmd_vel,7.202720345,0.0,0.0
/epuck1/cmd_vel,7.273572379,0.0,0.0
/epuck1/cmd_vel,7.315424006,0.0,0.0
/epuck1/cmd_vel,7.375684308,0.0,0.0
/epuck1/cmd_vel,7.41346881,0.0,0.0
/epuck1/cmd_vel,7.471450619,0.0,0.0
/epuck1/cmd_vel,7.529678074,0.0,0.0
/epuck1/cmd_vel,7.591659333,0.0,0.0
/epuck1/cmd_vel,7.631181967,0.0,0.0
/epuck1/cmd_vel,7.685808138,0.0,0.0
/epuck1/cmd_vel,7.725906912,0.0,0.0
/epuck1/cmd_vel,7.805692697,0.0,0.0
/epuck1/cmd_vel,7.846100497,0.0,0.0
/epuck1/cmd_vel,7.903766533,0.0,0.0
/epuck1/cmd_vel,7.939949681,0.0,0.0
/epuck1/cmd_vel,8.000128202,0.0,0.0
/epuck1/cmd_vel,8.059295514,0.0,0.0
/epuck1/cmd_vel,8.117642675,0.0,0.0
/epuck1/cmd_vel,8.152582256,0.0,0.0
/epuck1/cmd_vel,8.21123466,0.0,0.0
/epuck1/cmd_vel,8.252593255,0.002085660650000065,0.0
/epuck1/cmd_vel,8.341133521,0.006499468550000031,0.0
/epuck1/cmd_vel,8.382156469,0.008542455200000276,0.0
/epuck1/cmd_vel,8.441366732,0.01152216980000027,0.0
/epuck1/cmd_vel,8.479314794,0.013391777400000037,0.0
/epuck1/cmd_vel,8.539261615,0.016408788900000103,0.0
/epuck1/cmd_vel,8.592772094,0.019098794250000137,0.0
/epuck1/cmd_vel,8.65451316,0.022099861400000264,0.0
/epuck1/cmd_vel,8.692240203,0.024064910550000106,0.0
/epuck1/cmd_vel,8.747262435,0.025,0.0
/epuck1/cmd_vel,8.788512926,0.025,0.0
/epuck1/cmd_vel,8.863727134,0.025,0.0
/epuck1/cmd_vel,8.919151134,0.025,0.0
/epuck1/cmd_vel,8.979757442,0.025,0.0
/epuck1/cmd_vel,9.017072217,0.025,0.0
/epuck1/cmd_vel,9.072578691,0.025,0.0
/epuck1/cmd_vel,9.116598128,0.025,0.0
/epuck1/cmd_vel,9.193516665,0.025,0.0
/epuck1/cmd_vel,9.232520884,0.025,0.0
/epuck1/cmd_vel,9.28765546,0.025,0.0
/epuck1/cmd_vel,9.326677384,0.025,0.0
/epuck1/cmd_vel,9.388497951,0.025,0.0
/epuck1/cmd_vel,9.449989611,0.025,0.0
/epuck1/cmd_vel,9.512137762,0.025,0.0
/epuck1/cmd_vel,9.551084117,0.025,0.0
/epuck1/cmd_vel,9.604001445,0.025,0.0
/epuck1/cmd_vel,9.646031522,0.025,0.0
/epuck1/cmd_vel,9.720508149,0.025,0.0
/epuck1/cmd_vel,9.775832876,0.025,0.0
/epuck1/cmd_vel,9.835442532,0.025,0.0
/epuck1/cmd_vel,9.871087422,0.025,0.0
/epuck1/cmd_vel,9.9271679,0.025,0.0
/epuck1/cmd_vel,9.969050915,0.025,0.0
/epuck1/cmd_vel,10.058035198,0.025,0.0
/epuck1/cmd_vel,10.097621624,0.025,0.0
/epuck1/cmd_vel,10.154089838,0.025,0.0
/epuck1/cmd_vel,10.191588968,0.025,0.0
/epuck1/cmd_vel,10.250977339,0.025,0.0
/epuck1/cmd_vel,10.29503461,0.025,0.0
/epuck1/cmd_vel,10.37519611,0.025,0.0
/epuck1/cmd_vel,10.412730184,0.025,0.0
/epuck1/cmd_vel,10.470053799,0.025,0.0
/epuck1/cmd_vel,10.508388307,0.025,0.0
/epuck1/cmd_vel,10.567324549,0.025,0.0
/epuck1/cmd_vel,10.61888944,0.025,0.0
/epuck1/cmd_vel,10.691642821,0.025,0.0
/epuck1/cmd_vel,10.728252335,0.025,0.0
/epuck1/cmd_vel,10.78266337,0.025,0.0
/epuck1/cmd_vel,10.820926318,0.025,0.0
/epuck1/cmd_vel,10.8998899,0.025,0.0
/epuck1/cmd_vel,10.940631238,0.025,0.0
/epuck1/cmd_vel,10.997554636,0.025,0.0
/epuck1/cmd_vel,11.031694805,0.025,0.0
/epuck1/cmd_vel,11.092116936,0.025,0.0
/epuck1/cmd_vel,11.14691663,0.025,0.0
/epuck1/cmd_vel,11.20844966,0.025,0.0
/epuck1/cmd_vel,11.244597548,0.025,0.0
/epuck1/cmd_vel,11.298269558,0.025,0.0
/epuck1/cmd_vel,11.337824007,0.025,0.0
/epuck1/cmd_vel,11.417803905,0.025,0.0
/epuck1/cmd_vel,11.457340054,0.025,0.0
/epuck1/cmd_vel,11.512703746,0.025,0.0
/epuck1/cmd_vel,11.550755255,0.025,0.0
/epuck1/cmd_vel,11.609538265,0.025,0.0
/epuck1/cmd_vel,11.665801629,0.025,0.0
/epuck1/cmd_vel,11.725273539,0.025,0.0
/epuck1/cmd_vel,11.763769969,0.025,0.0
/epuck1/cmd_vel,11.818239104,0.025,0.0
/epuck1/cmd_vel,11.858085644,0.025,0.0
/epuck1/cmd_vel,11.932949305,0.025,0.0
/epuck1/cmd_vel,11.970432599,0.025,0.0
/epuck1/cmd_vel,12.025671793,0.025,0.0
/epuck1/cmd_vel,12.063961863,0.025,0.0
/epuck1/cmd_vel,12.127404252,0.025,0.0
/epuck1/cmd_vel,12.190443052,0.025,0.0
/epuck1/cmd_vel,12.248658952,0.025,0.0
/epuck1/cmd_vel,12.28529173,0.025,0.0
/epuck1/cmd_vel,12.339853606,0.025,0.0
/epuck1/cmd_vel,12.379235403,0.025,0.0
/epuck1/cmd_vel,12.455741948,0.025,0.0
/epuck1/cmd_vel,12.504757185,0.025,0.0
/epuck1/cmd_vel,12.564665042,0.025,0.0
/epuck1/cmd_vel,12.600304356,0.025,0.0
/epuck1/cmd_vel,12.658529869,0.025,0.0
/epuck1/cmd_vel,12.69830278,0.025,0.0
/epuck1/cmd_vel,12.78380857,0.025,0.0
/epuck1/cmd_vel,12.823315162,0.025,0.0
/epuck1/cmd_vel,12.879124478,0.025,0.0
/epuck1/cmd_vel,12.914766997,0.025,0.0
/epuck1/cmd_vel,12.975001067,0.025,0.0
/epuck1/cmd_vel,13.017690662,0.025,0.0
/epuck1/cmd_vel,13.115981746,0.025,0.0
/epuck1/cmd_vel,13.156599284,0.025,0.0
/epuck1/cmd_vel,13.211552654,0.025,0.0
/epuck1/cmd_vel,13.248533677,0.025,0.0
/epuck1/cmd_vel,13.308850206,0.025,0.0
/epuck1/cmd_vel,13.365779859,0.025,0.0
/epuck1/cmd_vel,13.422901741,0.025,0.0
/epuck1/cmd_vel,13.458696656,0.025,0.0
/epuck1/cmd_vel,13.514632462,0.025,0.0
/epuck1/cmd_vel,13.556232039,0.025,0.0
/epuck1/cmd_vel,13.634162311,0.025,0.0
/epuck1/cmd_vel,13.672698233,0.025,0.0
/epuck1/cmd_vel,13.726947188,0.025,0.0
/epuck1/cmd_vel,13.764386347,0.025,0.0
/epuck1/cmd_vel,13.843585307,0.025,0.0
/epuck1/cmd_vel,13.882957354,0.025,0.0
/epuck1/cmd_vel,13.940674324,0.025,0.0
/epuck1/cmd_vel,13.975518298,0.025,0.0
/epuck1/cmd_vel,14.034844507,0.025,0.0
/epuck1/cmd_vel,14.088283242,0.025,0.0
/epuck1/cmd_vel,14.150506881,0.025,0.0
/epuck1/cmd_vel,14.185683905,0.025,0.0
/epuck1/cmd_vel,14.24107863,0.025,0.0
/epuck1/cmd_vel,14.281806678,0.025,0.0
/epuck1/cmd_vel,14.355574703,0.025,0.0
/epuck1/cmd_vel,14.395054669,0.025,0.0
/epuck1/cmd_vel,14.450631027,0.025,0.0
/epuck1/cmd_vel,14.4861954,0.025,0.0
/epuck1/cmd_vel,14.547237644,0.025,0.0
/epuck1/cmd_vel,14.598248225,0.025,0.0
/epuck1/cmd_vel,14.671184284,0.025,0.0
/epuck1/cmd_vel,14.707915274,0.025,0.0
/epuck1/cmd_vel,14.762648059,0.025,0.0
/epuck1/cmd_vel,14.802656644,0.025,0.0
/epuck1/cmd_vel,14.863166074,0.025,0.0
/epuck1/cmd_vel,14.925134799,0.025,0.0
/epuck1/cmd_vel,14.984067064,0.025,0.0
/epuck1/cmd_vel,15.023139279,0.025,0.0
/epuck1/cmd_vel,15.077268128,0.025,0.0
/epuck1/cmd_vel,15.115932292,0.025,0.0
/epuck1/cmd_vel,15.191822601,0.025,0.0
/epuck1/cmd_vel,15.232213464,0.025,0.0
/epuck1/cmd_vel,15.28461931,0.025,0.0
/epuck1/cmd_vel,15.322390644,0.025,0.0
/epuck1/cmd_vel,15.38154688,0.025,0.0
/epuck1/cmd_vel,15.441546764,0.025,0.0
/epuck1/cmd_vel,15.497451247,0.025,0.0
/epuck1/cmd_vel,15.532673327,0.025,0.0
/epuck1/cmd_vel,15.588841636,0.025,0.0
/epuck1/cmd_vel,15.630478557,0.025,0.0
/epuck1/cmd_vel,15.708093893,0.025,0.0
/epuck1/cmd_vel,15.746961818,0.025,0.0
/epuck1/cmd_vel,15.800889739,0.025,0.0
/epuck1/cmd_vel,15.839991034,0.025,0.0
/epuck1/cmd_vel,15.920767842,0.025,0.0
/epuck1/cmd_vel,15.960624666,0.020933887800000408,-0.12198336599998783
/epuck1/cmd_vel,16.016523935,0.01536750950000041,-0.2889747149999877
/epuck1/cmd_vel,16.052847567,0.011731800900000169,-0.398045972999995
/epuck1/cmd_vel,16.11278818,0.006,-0.5787792239999945
/epuck1/cmd_vel,16.170130794,0.006,-0.65
/epuck1/cmd_vel,16.231218909,0.006,-0.65
/epuck1/cmd_vel,16.267019878,0.006,-0.65
/epuck1/cmd_vel,16.323263614,0.006,-0.65
/epuck1/cmd_vel,16.361585819,0.006,-0.65
/epuck1/cmd_vel,16.439858039,0.006,-0.65
/epuck1/cmd_vel,16.480411865,0.006,-0.65
/epuck1/cmd_vel,16.538879157,0.006,-0.65
/epuck1/cmd_vel,16.574322543,0.006,-0.65
/epuck1/cmd_vel,16.632831411,0.006,-0.65
/epuck1/cmd_vel,16.692862387,0.006,-0.65
/epuck1/cmd_vel,16.753479557,0.009016961149999987,-0.40864310800000114
/epuck1/cmd_vel,16.791495427,0.010951232000000161,-0.25390143999998716
/epuck1/cmd_vel,16.844136426,0.012,-0.10722234606742861
/epuck1/cmd_vel,16.887122404,0.012,-0.0039894855022430675
/epuck1/cmd_vel,16.962960559,0.012,-0.003989485502243062
/epuck1/cmd_vel,17.003074865,0.012,0.027774521112441997
/epuck1/cmd_vel,17.056812346,0.012,0.027774521112441997
/epuck1/cmd_vel,17.097115607,0.012,0.027774521112441997
/epuck1/cmd_vel,17.156594316,0.012,0.027774521112441997
/epuck1/cmd_vel,17.212346778,0.012,0.019833519458770734
/epuck1/cmd_vel,17.271627975,0.012,0.019833519458770734
/epuck1/cmd_vel,17.307042641,0.012,0.019833519458770734
/epuck1/cmd_vel,17.363234948,0.012,0.01586299180984495
/epuck1/cmd_vel,17.403819381,0.012,0.01586299180984495
/epuck1/cmd_vel,17.492138634,0.012,0.011892517805099468
/epuck1/cmd_vel,17.531213287,0.012,0.011892517805099468
/epuck1/cmd_vel,17.589280297,0.012,0.007922043800353985
/epuck1/cmd_vel,17.625506684,0.012,0.007922043800353985
/epuck1/cmd_vel,17.685282734,0.012,0.011892517805099468
/epuck1/cmd_vel,17.762034914,0.012,0.011892517805099468
/epuck1/cmd_vel,17.803374238,0.012,0.007922043800353985
/epuck1/cmd_vel,17.840920803,0.012,0.007922043800353985
/epuck1/cmd_vel,17.894452235,0.012,0.007922043800353985
/epuck1/cmd_vel,17.933684303,0.012,0.003951516151428203
/epuck1/cmd_vel,18.009472175,0.012,0.003951516151428203
/epuck1/cmd_vel,18.061428345,0.012,-1.8957853317280553e-05
/epuck1/cmd_vel,18.120321736,0.012,-1.8957853317280726e-05
/epuck1/cmd_vel,18.155098097,0.012,0.003951516151428203
/epuck1/cmd_vel,18.21326148,0.012,0.003951516151428203
/epuck1/cmd_vel,18.289626265,0.012,-1.8957853317280553e-05
/epuck1/cmd_vel,18.330114653,0.012,-1.8957853317280726e-05
/epuck1/cmd_vel,18.366630912,0.012,0.003951516151428203
/epuck1/cmd_vel,18.419955412,0.012,0.003951516151428203
/epuck1/cmd_vel,18.45854239,0.012,0.003951516151428203
/epuck1/cmd_vel,18.534400833,0.012,-1.8957853317280553e-05
/epuck1/cmd_vel,18.572844056,0.012,-1.8957853317280726e-05
/epuck1/cmd_vel,18.629821071,0.012,-1.8957853317280726e-05
/epuck1/cmd_vel,18.666626419,0.012,-1.8957853317280726e-05
/epuck1/cmd_vel,18.722852078,0.012,-1.8957853317280726e-05
/epuck1/cmd_vel,18.801149414,0.012,-1.8957853317280726e-05
/epuck1/cmd_vel,18.839898709,0.012,-1.8957853317280726e-05
/epuck1/cmd_vel,18.875226622,0.012,-1.8957853317280726e-05
/epuck1/cmd_vel,18.929614571,0.012,-1.8957853317280726e-05
/epuck1/cmd_vel,18.968272933,0.012,-1.8957853317280726e-05
/epuck1/cmd_vel,19.043363631,0.012,-1.8957853317280726e-05
/epuck1/cmd_vel,19.091873238,0.012,0.003951516151428203
/epuck1/cmd_vel,19.147878427,0.012,0.003951516151428203
/epuck1/cmd_vel,19.184635297,0.012,-1.8957853317280553e-05
/epuck1/cmd_vel,19.239341165,0.012,-1.8957853317280726e-05
/epuck1/cmd_vel,19.304542431,0.012,-1.8957853317280726e-05
/epuck1/cmd_vel,19.365653936,0.012,-1.8957853317280726e-05
/epuck1/cmd_vel,19.406566096,0.012,-1.8957853317280726e-05
/epuck1/cmd_vel,19.46065496,0.012,-1.8957853317280726e-05
/epuck1/cmd_vel,19.495921103,0.012,-0.003989485502243062
/epuck1/cmd_vel,19.555427861,0.012,-0.003989485502243062
/epuck1/cmd_vel,19.59726731,0.012,-0.003989485502243062
/epuck1/cmd_vel,19.678129019,0.012,-1.8957853317280553e-05
/epuck1/cmd_vel,19.717683203,0.012,-1.8957853317280726e-05
/epuck1/cmd_vel,19.771079314,0.012,-1.8957853317280726e-05
/epuck1/cmd_vel,19.808085183,0.012,-1.8957853317280726e-05
/epuck1/cmd_vel,19.867093862,0.012,-1.8957853317280726e-05
/epuck1/cmd_vel,19.917726659,0.012,-1.8957853317280726e-05
/epuck1/cmd_vel,19.988394813,0.012,-1.8957853317280726e-05
/epuck1/cmd_vel,20.027275485,0.012,-1.8957853317280726e-05
/epuck1/cmd_vel,20.08018733,0.012,-1.8957853317280726e-05
/epuck1/cmd_vel,20.117410862,0.012,-1.8957853317280726e-05
/epuck1/cmd_vel,20.182273748,0.012,-1.8957853317280726e-05
/epuck1/cmd_vel,20.242647212,0.012,-1.8957853317280726e-05
/epuck1/cmd_vel,20.303489437,0.012,0.003951516151428203
/epuck1/cmd_vel,20.340266236,0.012,0.003951516151428203
/epuck1/cmd_vel,20.394579422,0.012,-1.8957853317280553e-05
/epuck1/cmd_vel,20.432850893,0.012,-1.8957853317280726e-05
/epuck1/cmd_vel,20.505886478,0.012,-1.8957853317280726e-05
/epuck1/cmd_vel,20.545615148,0.012,-1.8957853317280726e-05
/epuck1/cmd_vel,20.599157774,0.012,-1.8957853317280726e-05
/epuck1/cmd_vel,20.633692516,0.012,-1.8957853317280726e-05
/epuck1/cmd_vel,20.693777697,0.012,-1.8957853317280726e-05
/epuck1/cmd_vel,20.755617197,0.012,-1.8957853317280726e-05
/epuck1/cmd_vel,20.811798303,0.012,-1.8957853317280726e-05
/epuck1/cmd_vel,20.847544994,0.012,-1.8957853317280726e-05
/epuck1/cmd_vel,20.901135546,0.012,-1.8957853317280726e-05
/epuck1/cmd_vel,20.942177539,0.012,-1.8957853317280726e-05
/epuck1/cmd_vel,21.027995593,0.012,-1.8957853317280726e-05
/epuck1/cmd_vel,21.066497029,0.012,-1.8957853317280726e-05
/epuck1/cmd_vel,21.124337095,0.012,-1.8957853317280726e-05
/epuck1/cmd_vel,21.157044052,0.012,-1.8957853317280726e-05
/epuck1/cmd_vel,21.214080524,0.012,-1.8957853317280726e-05
/epuck1/cmd_vel,21.2710812,0.012,-1.8957853317280726e-05
/epuck1/cmd_vel,21.331568026,0.012,-1.8957853317280726e-05
/epuck1/cmd_vel,21.367190314,0.012,-1.8957853317280726e-05
/epuck1/cmd_vel,21.421667929,0.012,-1.8957853317280726e-05
/epuck1/cmd_vel,21.461488733,0.012,-1.8957853317280726e-05
/epuck1/cmd_vel,21.533860778,0.012,-1.8957853317280726e-05
/epuck1/cmd_vel,21.585220726,0.012,-1.8957853317280726e-05
/epuck1/cmd_vel,21.645250137,0.012,-1.8957853317280726e-05
/epuck1/cmd_vel,21.677391452,0.012,-1.8957853317280726e-05
/epuck1/cmd_vel,21.733253295,0.012,-1.8957853317280726e-05
/epuck1/cmd_vel,21.772766186,0.012,-1.8957853317280726e-05
/epuck1/cmd_vel,21.84994873,0.012,-1.8957853317280726e-05
/epuck1/cmd_vel,21.886264709,0.012,-1.8957853317280726e-05
/epuck1/cmd_vel,21.942186084,0.012,-1.8957853317280726e-05
/epuck1/cmd_vel,21.977175002,0.012,-1.8957853317280726e-05
/epuck1/cmd_vel,22.051367912,0.012,-1.8957853317280726e-05
/epuck1/cmd_vel,22.092070565,0.012,-1.8957853317280726e-05
/epuck1/cmd_vel,22.14900764,0.012,-0.003989485502243062
/epuck1/cmd_vel,22.183841024,0.012,-0.003989485502243062
/epuck1/cmd_vel,22.242606947,0.012,-1.8957853317280553e-05
/epuck1/cmd_vel,22.298004654,0.012,-1.8957853317280726e-05
/epuck1/cmd_vel,22.356735168,0.012,0.003951516151428203
/epuck1/cmd_vel,22.392994467,0.012,0.003951516151428203
/epuck1/cmd_vel,22.446415499,0.012,-1.8957853317280553e-05
/epuck1/cmd_vel,22.488109895,0.012,-1.8957853317280726e-05
/epuck1/cmd_vel,22.564185095,0.012,-1.8957853317280726e-05
/epuck1/cmd_vel,22.603022783,0.012,-1.8957853317280726e-05
/epuck1/cmd_vel,22.65584402,0.012,-1.8957853317280726e-05
/epuck1/cmd_vel,22.69377455,0.012,-1.8957853317280726e-05
/epuck1/cmd_vel,22.754084065,0.012,-1.8957853317280726e-05
/epuck1/cmd_vel,22.814261485,0.012,-1.8957853317280726e-05
/epuck1/cmd_vel,22.86911879,0.012,-1.8957853317280726e-05
/epuck1/cmd_vel,22.905680965,0.012,-1.8957853317280726e-05
/epuck1/cmd_vel,22.961014093,0.012,-1.8957853317280726e-05
/epuck1/cmd_vel,23.002869904,0.012,-1.8957853317280726e-05
/epuck1/cmd_vel,23.085954049,0.012,-1.8957853317280726e-05
/epuck1/cmd_vel,23.124323029,0.012,-1.8957853317280726e-05
/epuck1/cmd_vel,23.179128679,0.012,-1.8957853317280726e-05
/epuck1/cmd_vel,23.2174781,0.012,-1.8957853317280726e-05
/epuck1/cmd_vel,23.297599482,0.012,-1.8957853317280726e-05
/epuck1/cmd_vel,23.337195186,0.012,-1.8957853317280726e-05
/epuck1/cmd_vel,23.396721558,0.012,-1.8957853317280726e-05
/epuck1/cmd_vel,23.430948382,0.012,-1.8957853317280726e-05
/epuck1/cmd_vel,23.488736802,0.012,-1.8957853317280726e-05
/epuck1/cmd_vel,23.547483632,0.012,-1.8957853317280726e-05
/epuck1/cmd_vel,23.607836267,0.012,-1.8957853317280726e-05
/epuck1/cmd_vel,23.645574085,0.012,-1.8957853317280726e-05
/epuck1/cmd_vel,23.699790953,0.012,-1.8957853317280726e-05
/epuck1/cmd_vel,23.739923942,0.012,-1.8957853317280726e-05
/epuck1/cmd_vel,23.816090186,0.012,-1.8957853317280726e-05
/epuck1/cmd_vel,23.856358028,0.012,-1.8957853317280726e-05
/epuck1/cmd_vel,23.910307295,0.012,-1.8957853317280726e-05
/epuck1/cmd_vel,23.94761619,0.012,-1.8957853317280726e-05
/epuck1/cmd_vel,24.008191608,0.012,-1.8957853317280726e-05
/epuck1/cmd_vel,24.067539312,0.012,-1.8957853317280726e-05
/epuck1/cmd_vel,24.125073266,0.012,-1.8957853317280726e-05
/epuck1/cmd_vel,24.164588036,0.012,-1.8957853317280726e-05
/epuck1/cmd_vel,24.220276859,0.012,-1.8957853317280726e-05
/epuck1/cmd_vel,24.260474818,0.012,-1.8957853317280726e-05
/epuck1/cmd_vel,24.339339646,0.012,-1.8957853317280726e-05
/epuck1/cmd_vel,24.377971088,0.012,-1.8957853317280726e-05
/epuck1/cmd_vel,24.431237071,0.012,-0.003989485502243062
/epuck1/cmd_vel,24.470226333,0.012,-0.003989485502243062
/epuck1/cmd_vel,24.549676931,0.012,-0.003989485502243062
/epuck1/cmd_vel,24.590704164,0.012,-1.8957853317280553e-05
/epuck1/cmd_vel,24.64494458,0.012,-1.8957853317280726e-05
/epuck1/cmd_vel,24.681962725,0.012,0.003951516151428203
/epuck1/cmd_vel,24.741536365,0.012,0.003951516151428203
/epuck1/cmd_vel,24.796374552,0.012,0.003951516151428203
/epuck1/cmd_vel,24.858869889,0.012,-1.8957853317280553e-05
/epuck1/cmd_vel,24.893567113,0.012,-1.8957853317280726e-05
/epuck1/cmd_vel,24.950011281,0.012,-1.8957853317280726e-05
/epuck1/cmd_vel,24.987173656,0.012,-1.8957853317280726e-05
/epuck1/cmd_vel,25.067851366,0.012,-1.8957853317280726e-05
/epuck1/cmd_vel,25.106656105,0.012,-1.8957853317280726e-05
/epuck1/cmd_vel,25.161027121,0.012,-1.8957853317280726e-05
/epuck1/cmd_vel,25.19759784,0.012,-1.8957853317280726e-05
/epuck1/cmd_vel,25.258592036,0.012,-1.8957853317280726e-05
/epuck1/cmd_vel,25.314478097,0.012,-1.8957853317280726e-05
/epuck1/cmd_vel,25.372515422,0.012,-1.8957853317280726e-05
/epuck1/cmd_vel,25.408286079,0.012,-1.8957853317280726e-05
/epuck1/cmd_vel,25.464888526,0.012,-1.8957853317280726e-05
/epuck1/cmd_vel,25.502580137,0.012,-1.8957853317280726e-05
/epuck1/cmd_vel,25.589230662,0.012,-1.8957853317280726e-05
/epuck1/cmd_vel,25.628124985,0.012,-1.8957853317280726e-05
/epuck1/cmd_vel,25.687897491,0.012,-1.8957853317280726e-05
/epuck1/cmd_vel,25.724145306,0.012,-1.8957853317280726e-05
/epuck1/cmd_vel,25.780646049,0.012,-1.8957853317280726e-05
/epuck1/cmd_vel,25.834936457,0.012,-1.8957853317280726e-05
/epuck1/cmd_vel,25.89818674,0.012,-1.8957853317280726e-05
/epuck1/cmd_vel,25.933509699,0.012,-1.8957853317280726e-05
/epuck1/cmd_vel,25.988448609,0.012,-1.8957853317280726e-05
/epuck1/cmd_vel,26.026756456,0.012,-1.8957853317280726e-05
/epuck1/cmd_vel,26.107323864,0.012,-1.8957853317280726e-05
/epuck1/cmd_vel,26.146737127,0.012,-1.8957853317280726e-05
/epuck1/cmd_vel,26.200374252,0.012,-1.8957853317280726e-05
/epuck1/cmd_vel,26.237366216,0.012,-1.8957853317280726e-05
/epuck1/cmd_vel,26.298480332,0.012,-1.8957853317280726e-05
/epuck1/cmd_vel,26.35315067,0.012,-1.8957853317280726e-05
/epuck1/cmd_vel,26.410286716,0.012,-1.8957853317280726e-05
/epuck1/cmd_vel,26.447585737,0.012,-1.8957853317280726e-05
/epuck1/cmd_vel,26.503605677,0.012,-1.8957853317280726e-05
/epuck1/cmd_vel,26.544144957,0.012,-1.8957853317280726e-05
/epuck1/cmd_vel,26.622055954,0.012,-1.8957853317280726e-05
/epuck1/cmd_vel,26.661369885,0.012,-1.8957853317280726e-05
/epuck1/cmd_vel,26.715311628,0.012,-1.8957853317280726e-05
/epuck1/cmd_vel,26.751143045,0.012,-1.8957853317280726e-05
/epuck1/cmd_vel,26.829576389,0.012,-1.8957853317280726e-05
/epuck1/cmd_vel,26.87223596,0.012,-1.8957853317280726e-05
/epuck1/cmd_vel,26.928056133,0.012,-1.8957853317280726e-05
/epuck1/cmd_vel,26.964632543,0.012,-1.8957853317280726e-05
/epuck1/cmd_vel,27.020660804,0.012,-1.8957853317280726e-05
/epuck1/cmd_vel,27.07565566,0.012,-1.8957853317280726e-05
/epuck1/cmd_vel,27.135988385,0.012,-1.8957853317280726e-05
/epuck1/cmd_vel,27.172647198,0.012,-1.8957853317280726e-05
/epuck1/cmd_vel,27.227577677,0.012,-1.8957853317280726e-05
/epuck1/cmd_vel,27.266660148,0.012,-1.8957853317280726e-05
/epuck1/cmd_vel,27.342591159,0.012,-1.8957853317280726e-05
/epuck1/cmd_vel,27.381270359,0.012,-1.8957853317280726e-05
/epuck1/cmd_vel,27.434439555,0.012,-1.8957853317280726e-05
/epuck1/cmd_vel,27.469312722,0.012,-1.8957853317280726e-05
/epuck1/cmd_vel,27.531051903,0.012,-1.8957853317280726e-05
/epuck1/cmd_vel,27.585050985,0.012,-1.8957853317280726e-05
/epuck1/cmd_vel,27.642245939,0.012,-1.8957853317280726e-05
/epuck1/cmd_vel,27.680051288,0.012,-1.8957853317280726e-05
/epuck1/cmd_vel,27.732778458,0.012,-1.8957853317280726e-05
/epuck1/cmd_vel,27.773614314,0.012,-1.8957853317280726e-05
/epuck1/cmd_vel,27.858618248,0.012,-1.8957853317280726e-05
/epuck1/cmd_vel,27.899267551,0.012,-1.8957853317280726e-05
/epuck1/cmd_vel,27.955895813,0.012,-1.8957853317280726e-05
/epuck1/cmd_vel,27.98869867,0.012,-1.8957853317280726e-05
/epuck1/cmd_vel,28.045210188,0.012,-1.8957853317280726e-05
/epuck1/cmd_vel,28.087921186,0.012,-1.8957853317280726e-05
/epuck1/cmd_vel,28.168882826,0.012,-1.8957853317280726e-05
/epuck1/cmd_vel,28.209657587,0.012,-1.8957853317280726e-05
/epuck1/cmd_vel,28.264433778,0.012,-1.8957853317280726e-05
/epuck1/cmd_vel,28.299456268,0.012,-1.8957853317280726e-05
/epuck1/cmd_vel,28.355471486,0.012,-1.8957853317280726e-05
/epuck1/cmd_vel,28.424698971,0.012,-1.8957853317280726e-05
/epuck1/cmd_vel,28.49885333,0.012,-1.8957853317280726e-05
/epuck1/cmd_vel,28.535409864,0.012,-1.8957853317280726e-05
/epuck1/cmd_vel,28.588721488,0.012,-1.8957853317280726e-05
/epuck1/cmd_vel,28.626280108,0.012,-1.8957853317280726e-05
/epuck1/cmd_vel,28.689578932,0.012,-1.8957853317280726e-05
/epuck1/cmd_vel,28.753606896,0.012,-1.8957853317280726e-05
/epuck1/cmd_vel,28.813815608,0.012,-1.8957853317280726e-05
/epuck1/cmd_vel,28.848286691,0.012,-1.8957853317280726e-05
/epuck1/cmd_vel,28.904302621,0.012,-1.8957853317280726e-05
/epuck1/cmd_vel,28.942144581,0.012,-1.8957853317280726e-05
/epuck1/cmd_vel,29.020221252,0.012,-1.8957853317280726e-05
/epuck1/cmd_vel,29.0563404,0.012,-1.8957853317280726e-05
/epuck1/cmd_vel,29.110072976,0.012,-1.8957853317280726e-05
/epuck1/cmd_vel,29.144557325,0.012,-1.8957853317280726e-05
/epuck1/cmd_vel,29.206064234,0.012,-1.8957853317280726e-05
/epuck1/cmd_vel,29.265545192,0.012,-1.8957853317280726e-05
/epuck1/cmd_vel,29.322401432,0.012,-1.8957853317280726e-05
/epuck1/cmd_vel,29.358679743,0.012,-1.8957853317280726e-05
/epuck1/cmd_vel,29.413907244,0.012,-1.8957853317280726e-05
/epuck1/cmd_vel,29.454530258,0.012,-1.8957853317280726e-05
/epuck1/cmd_vel,29.532198311,0.012,-1.8957853317280726e-05
/epuck1/cmd_vel,29.568304687,0.012,-1.8957853317280726e-05
/epuck1/cmd_vel,29.622495628,0.012,-1.8957853317280726e-05
/epuck1/cmd_vel,29.66156786,0.012,-1.8957853317280726e-05
/epuck1/cmd_vel,29.73692157,0.012,-1.8957853317280726e-05
/epuck1/cmd_vel,29.77785371,0.012,-1.8957853317280726e-05
/epuck1/cmd_vel,29.833600283,0.012,-1.8957853317280726e-05
/epuck1/cmd_vel,29.867895649,0.012,-1.8957853317280726e-05
/epuck1/cmd_vel,29.925520244,0.012,-1.8957853317280726e-05
/epuck1/cmd_vel,29.985135011,0.012,-1.8957853317280726e-05
/epuck1/cmd_vel,30.04305933,0.012,-1.8957853317280726e-05
/epuck1/cmd_vel,30.080413399,0.012,-1.8957853317280726e-05
/epuck1/cmd_vel,30.132817581,0.012,-1.8957853317280726e-05
/epuck1/cmd_vel,30.173623516,0.012,-1.8957853317280726e-05
/epuck1/cmd_vel,30.249265864,0.012,-1.8957853317280726e-05
/epuck1/cmd_vel,30.288103107,0.012,-1.8957853317280726e-05
/epuck1/cmd_vel,30.343926693,0.012,-1.8957853317280726e-05
/epuck1/cmd_vel,30.379018408,0.012,-1.8957853317280726e-05
/epuck1/cmd_vel,30.438819175,0.012,-1.8957853317280726e-05
/epuck1/cmd_vel,30.498881517,0.012,-1.8957853317280726e-05
/epuck1/cmd_vel,30.553370705,0.012,-1.8957853317280726e-05
/epuck1/cmd_vel,30.589824039,0.012,-1.8957853317280726e-05
/epuck1/cmd_vel,30.646651078,0.012,-1.8957853317280726e-05
/epuck1/cmd_vel,30.686820606,0.012,-1.8957853317280726e-05
/epuck1/cmd_vel,30.765402268,0.012,-1.8957853317280726e-05
/epuck1/cmd_vel,30.801791667,0.012,-1.8957853317280726e-05
/epuck1/cmd_vel,30.855012268,0.012,-1.8957853317280726e-05
/epuck1/cmd_vel,30.892500621,0.012,-1.8957853317280726e-05
/epuck1/cmd_vel,30.970871874,0.012,-1.8957853317280726e-05
/epuck1/cmd_vel,31.012506543,0.012,-1.8957853317280726e-05
/epuck1/cmd_vel,31.068548261,0.012,-1.8957853317280726e-05
/epuck1/cmd_vel,31.104653619,0.012,-1.8957853317280726e-05
/epuck1/cmd_vel,31.160173571,0.012,-1.8957853317280726e-05
/epuck1/cmd_vel,31.217861939,0.012,-1.8957853317280726e-05
/epuck1/cmd_vel,31.277580067,0.012,-1.8957853317280726e-05
/epuck1/cmd_vel,31.312698517,0.012,-1.8957853317280726e-05
/epuck1/cmd_vel,31.366619329,0.012,-1.8957853317280726e-05
/epuck1/cmd_vel,31.406252034,0.012,-1.8957853317280726e-05
/epuck1/cmd_vel,31.483073618,0.012,-1.8957853317280726e-05
/epuck1/cmd_vel,31.524372908,0.012,-1.8957853317280726e-05
/epuck1/cmd_vel,31.578783949,0.012,-1.8957853317280726e-05
/epuck1/cmd_vel,31.61447902,0.012,-1.8957853317280726e-05
/epuck1/cmd_vel,31.675134689,0.012,-1.8957853317280726e-05
/epuck1/cmd_vel,31.733355564,0.012,-1.8957853317280726e-05
/epuck1/cmd_vel,31.792858594,0.012,-1.8957853317280726e-05
/epuck1/cmd_vel,31.828771562,0.012,-1.8957853317280726e-05
/epuck1/cmd_vel,31.884256771,0.012,-1.8957853317280726e-05
/epuck1/cmd_vel,31.925920322,0.012,-1.8957853317280726e-05
/epuck1/cmd_vel,32.001147724,0.012,-1.8957853317280726e-05
/epuck1/cmd_vel,32.040737306,0.012,-1.8957853317280726e-05
/epuck1/cmd_vel,32.094467233,0.012,-1.8957853317280726e-05
/epuck1/cmd_vel,32.132364289,0.012,-1.8957853317280726e-05
/epuck1/cmd_vel,32.205032385,0.012,-1.8957853317280726e-05
/epuck1/cmd_vel,32.247834062,0.012,-1.8957853317280726e-05
/epuck1/cmd_vel,32.301960783,0.012,-1.8957853317280726e-05
/epuck1/cmd_vel,32.33793916,0.012,-1.8957853317280726e-05
/epuck1/cmd_vel,32.398841195,0.012,-1.8957853317280726e-05
/epuck1/cmd_vel,32.457193418,0.012,-1.8957853317280726e-05
/epuck1/cmd_vel,32.516568649,0.012,-1.8957853317280726e-05
/epuck1/cmd_vel,32.556117843,0.012,-1.8957853317280726e-05
/epuck1/cmd_vel,32.609475427,0.012,-1.8957853317280726e-05
/epuck1/cmd_vel,32.650867874,0.012,-1.8957853317280726e-05
/epuck1/cmd_vel,32.727827975,0.012,-1.8957853317280726e-05
/epuck1/cmd_vel,32.768548792,0.012,-1.8957853317280726e-05
/epuck1/cmd_vel,32.822090922,0.012,-1.8957853317280726e-05
/epuck1/cmd_vel,32.858864626,0.012,-1.8957853317280726e-05
/epuck1/cmd_vel,32.91925786,0.012,-1.8957853317280726e-05
/epuck1/cmd_vel,32.975350302,0.012,-1.8957853317280726e-05
/epuck1/cmd_vel,33.031165725,0.012,-1.8957853317280726e-05
/epuck1/cmd_vel,33.071160069,0.012,-1.8957853317280726e-05
/epuck1/cmd_vel,33.12883696,0.012,-1.8957853317280726e-05
/epuck1/cmd_vel,33.168616435,0.012,-1.8957853317280726e-05
/epuck1/cmd_vel,33.245086249,0.012,-1.8957853317280726e-05
/epuck1/cmd_vel,33.282734243,0.012,-1.8957853317280726e-05
/epuck1/cmd_vel,33.337281629,0.012,-1.8957853317280726e-05
/epuck1/cmd_vel,33.376786595,0.012,-1.8957853317280726e-05
/epuck1/cmd_vel,33.455883989,0.012,-1.8957853317280726e-05
/epuck1/cmd_vel,33.50042383,0.012,-1.8957853317280726e-05
/epuck1/cmd_vel,33.554134501,0.012,-1.8957853317280726e-05
/epuck1/cmd_vel,33.591277638,0.012,-1.8957853317280726e-05
/epuck1/cmd_vel,33.648936634,0.012,-1.8957853317280726e-05
/epuck1/cmd_vel,33.705645675,0.012,-1.8957853317280726e-05
/epuck1/cmd_vel,33.76702674,0.012,-1.8957853317280726e-05
/epuck1/cmd_vel,33.802969848,0.012,-1.8957853317280726e-05
/epuck1/cmd_vel,33.857109315,0.012,-1.8957853317280726e-05
/epuck1/cmd_vel,33.899145429,0.012,-1.8957853317280726e-05
/epuck1/cmd_vel,33.974404373,0.012,-1.8957853317280726e-05
/epuck1/cmd_vel,34.012299628,0.012,-1.8957853317280726e-05
/epuck1/cmd_vel,34.066733398,0.012,-1.8957853317280726e-05
/epuck1/cmd_vel,34.104436621,0.012,-1.8957853317280726e-05
/epuck1/cmd_vel,34.164491078,0.012,-1.8957853317280726e-05
/epuck1/cmd_vel,34.22103985,0.012,-1.8957853317280726e-05
/epuck1/cmd_vel,34.280708091,0.012,-1.8957853317280726e-05
/epuck1/cmd_vel,34.31789469,0.012,-1.8957853317280726e-05
/epuck1/cmd_vel,34.372781303,0.012,-1.8957853317280726e-05
/epuck1/cmd_vel,34.413660289,0.012,-1.8957853317280726e-05
/epuck1/cmd_vel,34.488611253,0.012,-1.8957853317280726e-05
/epuck1/cmd_vel,34.526857427,0.012,-1.8957853317280726e-05
/epuck1/cmd_vel,34.580130784,0.012,-1.8957853317280726e-05
/epuck1/cmd_vel,34.619120274,0.012,-1.8957853317280726e-05
/epuck1/cmd_vel,34.695990699,0.012,-1.8957853317280726e-05
/epuck1/cmd_vel,34.738967534,0.012,-1.8957853317280726e-05
/epuck1/cmd_vel,34.792797259,0.012,-1.8957853317280726e-05
/epuck1/cmd_vel,34.829604483,0.012,-1.8957853317280726e-05
/epuck1/cmd_vel,34.886980961,0.012,-1.8957853317280726e-05
/epuck1/cmd_vel,34.942370683,0.012,-1.8957853317280726e-05
/epuck1/cmd_vel,35.002241802,0.012,-1.8957853317280726e-05
/epuck1/cmd_vel,35.041045039,0.012,-1.8957853317280726e-05
/epuck1/cmd_vel,35.095736839,0.012,-1.8957853317280726e-05
/epuck1/cmd_vel,35.136668187,0.012,-1.8957853317280726e-05
/epuck1/cmd_vel,35.20792278,0.012,-1.8957853317280726e-05
/epuck1/cmd_vel,35.25923198,0.012,-1.8957853317280726e-05
/epuck1/cmd_vel,35.31769945,0.012,-1.8957853317280726e-05
/epuck1/cmd_vel,35.35247557,0.012,-1.8957853317280726e-05
/epuck1/cmd_vel,35.409774731,0.012,-1.8957853317280726e-05
/epuck1/cmd_vel,35.448481854,0.012,-1.8957853317280726e-05
/epuck1/cmd_vel,35.53240537,0.012,-1.8957853317280726e-05
/epuck1/cmd_vel,35.570990061,0.012,-1.8957853317280726e-05
/epuck1/cmd_vel,35.627759474,0.012,-1.8957853317280726e-05
/epuck1/cmd_vel,35.663846227,0.012,-1.8957853317280726e-05
/epuck1/cmd_vel,35.722960187,0.012,-1.8957853317280726e-05
/epuck1/cmd_vel,35.777919977,0.012,-1.8957853317280726e-05
/epuck1/cmd_vel,35.837866881,0.012,-1.8957853317280726e-05
/epuck1/cmd_vel,35.874858944,0.012,-1.8957853317280726e-05
/epuck1/cmd_vel,35.928468285,0.012,-1.8957853317280726e-05
/epuck1/cmd_vel,35.969143896,0.012,-1.8957853317280726e-05
/epuck1/cmd_vel,36.045201225,0.012,-1.8957853317280726e-05
/epuck1/cmd_vel,36.085656357,0.012,-1.8957853317280726e-05
/epuck1/cmd_vel,36.139790269,0.012,-1.8957853317280726e-05
/epuck1/cmd_vel,36.174912886,0.012,-1.8957853317280726e-05
/epuck1/cmd_vel,36.235053792,0.012,-1.8957853317280726e-05
/epuck1/cmd_vel,36.292427209,0.012,-1.8957853317280726e-05
/epuck1/cmd_vel,36.352596667,0.012,-1.8957853317280726e-05
/epuck1/cmd_vel,36.387347685,0.012,-1.8957853317280726e-05
/epuck1/cmd_vel,36.443215345,0.012,-1.8957853317280726e-05
/epuck1/cmd_vel,36.481313944,0.012,-1.8957853317280726e-05
/epuck1/cmd_vel,36.562509271,0.012,-1.8957853317280726e-05
/epuck1/cmd_vel,36.59895095,0.012,-1.8957853317280726e-05
/epuck1/cmd_vel,36.653595354,0.012,-1.8957853317280726e-05
/epuck1/cmd_vel,36.692896108,0.012,-1.8957853317280726e-05
/epuck1/cmd_vel,36.770466955,0.012,-1.8957853317280726e-05
/epuck1/cmd_vel,36.809002402,0.012,-1.8957853317280726e-05
/epuck1/cmd_vel,37.318119929,0.012,-1.8957853317280726e-05
/epuck1/cmd_vel,37.35387214,0.012,-1.8957853317280726e-05
/epuck1/cmd_vel,37.410527627,0.012,-1.8957853317280726e-05
/epuck1/cmd_vel,37.469217609,0.012,-1.8957853317280726e-05
/epuck1/cmd_vel,37.530600986,0.012,-1.8957853317280726e-05
/epuck1/cmd_vel,37.564516977,0.012,-1.8957853317280726e-05
/epuck1/cmd_vel,37.620098011,0.012,-1.8957853317280726e-05
/epuck1/cmd_vel,37.660912385,0.012,-1.8957853317280726e-05
/epuck1/cmd_vel,37.734949132,0.012,-1.8957853317280726e-05
/epuck1/cmd_vel,37.77546654,0.012,-1.8957853317280726e-05
/epuck1/cmd_vel,37.827648126,0.012,-1.8957853317280726e-05
/epuck1/cmd_vel,37.865640073,0.012,-1.8957853317280726e-05
/epuck1/cmd_vel,37.925058594,0.012,-1.8957853317280726e-05
/epuck1/cmd_vel,37.97981996,0.012,-1.8957853317280726e-05
/epuck1/cmd_vel,38.051245787,0.012,-1.8957853317280726e-05
/epuck1/cmd_vel,38.08727646,0.012,-1.8957853317280726e-05
/epuck1/cmd_vel,38.139447798,0.012,-1.8957853317280726e-05
/epuck1/cmd_vel,38.179185532,0.012,-1.8957853317280726e-05
/epuck1/cmd_vel,38.242041903,0.012,-1.8957853317280726e-05
/epuck1/cmd_vel,38.300671199,0.012,-1.8957853317280726e-05
/epuck1/cmd_vel,38.360921426,0.012,-1.8957853317280726e-05
/epuck1/cmd_vel,38.39863312,0.012,-1.8957853317280726e-05
/epuck1/cmd_vel,38.451426049,0.012,-1.8957853317280726e-05
/epuck1/cmd_vel,38.491500046,0.012,-1.8957853317280726e-05
/epuck1/cmd_vel,38.563581389,0.012,-1.8957853317280726e-05
/epuck1/cmd_vel,38.617501299,0.012,0.21069432614669037
/epuck1/cmd_vel,38.673541662,0.012,0.3
/epuck1/cmd_vel,38.709506077,0.012,0.3
/epuck1/cmd_vel,38.763885515,0.012,0.3
/epuck1/cmd_vel,38.804756696,0.012,0.3
/epuck1/cmd_vel,38.903263106,0.012,0.3
/epuck1/cmd_vel,38.94394586,0.012,0.3
/epuck1/cmd_vel,39.001150014,0.012,0.3
/epuck1/cmd_vel,39.036986589,0.012,0.3
/epuck1/cmd_vel,39.094815816,0.012,0.3
/epuck1/cmd_vel,39.136431454,0.012,0.3
/epuck1/cmd_vel,39.234430284,0.012,0.3
/epuck1/cmd_vel,39.27410743,0.01,0.14105821999997942
/epuck1/cmd_vel,39.328164234,0.01,-0.07816114800000379
/epuck1/cmd_vel,39.366363311,0.01,-0.19079004300000407
/epuck1/cmd_vel,39.425367372,0.01,-0.3688011689999911
/epuck1/cmd_vel,39.482935348,0.01,-0.45
/epuck1/cmd_vel,39.54185773,0.01,-0.45
/epuck1/cmd_vel,39.576732173,0.01,-0.45
/epuck1/cmd_vel,39.634352876,0.006,-0.3
/epuck1/cmd_vel,39.673481355,0.006,-0.3
/epuck1/cmd_vel,39.747675291,0.006,-0.3
/epuck1/cmd_vel,39.783819478,0.006,-0.3
/epuck1/cmd_vel,39.840141486,0.006,-0.3
/epuck1/cmd_vel,39.878065185,0.006,-0.3
/epuck1/cmd_vel,39.955736069,0.006,-0.3
/epuck1/cmd_vel,39.995743908,0.006,-0.3
/epuck1/cmd_vel,40.050187614,0.006,-0.3
/epuck1/cmd_vel,40.085181042,0.006,-0.3
/epuck1/cmd_vel,40.144444763,0.006,-0.3
/epuck1/cmd_vel,40.203367344,0.006,-0.3
/epuck1/cmd_vel,40.265067087,0.006,-0.3
/epuck1/cmd_vel,40.302323532,0.006,-0.3
/epuck1/cmd_vel,40.355054083,0.006,-0.3
/epuck1/cmd_vel,40.395786481,0.006,-0.3
/epuck1/cmd_vel,40.468364758,0.006,-0.3
/epuck1/cmd_vel,40.51107773,0.006,-0.3
/epuck1/cmd_vel,40.566177847,0.006,-0.3
/epuck1/cmd_vel,40.59984751,0.007686432950000238,-0.16508536399998092
/epuck1/cmd_vel,40.662584199,0.010838105799999682,0.0
/epuck1/cmd_vel,40.716525101,0.012,0.0
/epuck1/cmd_vel,40.77529139,0.012,0.0
/epuck1/cmd_vel,40.81004625,0.012,0.0
/epuck1/cmd_vel,40.865585599,0.012,0.0
/epuck1/cmd_vel,40.908314191,0.012,0.0
/epuck1/cmd_vel,40.990227272,0.012,0.0
/epuck1/cmd_vel,41.031127404,0.012,0.0
/epuck1/cmd_vel,41.088176757,0.012,0.0
/epuck1/cmd_vel,41.12430811,0.012,0.0
/epuck1/cmd_vel,41.179855717,0.012,0.0
/epuck1/cmd_vel,41.219965828,0.012,0.0
/epuck1/cmd_vel,41.303928626,0.012,0.0
/epuck1/cmd_vel,41.342814856,0.012,0.0
/epuck1/cmd_vel,41.397279753,0.012,0.0
/epuck1/cmd_vel,41.435902543,0.012,0.0
/epuck1/cmd_vel,41.49557933,0.012,0.0
/epuck1/cmd_vel,41.5470473,0.012,0.0
/epuck1/cmd_vel,41.608415537,0.012,0.0
/epuck1/cmd_vel,41.643659037,0.012,0.0
/epuck1/cmd_vel,41.698934737,0.012,0.0
/epuck1/cmd_vel,41.739745937,0.012,0.0
/epuck1/cmd_vel,41.819005537,0.012,0.0
/epuck1/cmd_vel,41.859133437,0.012,0.0
/epuck1/cmd_vel,41.910808337,0.012,0.0
/epuck1/cmd_vel,41.950203537,0.012,0.0
/epuck1/cmd_vel,42.026241437,0.012,0.0
/epuck1/cmd_vel,42.066639237,0.012,0.0
/epuck1/cmd_vel,42.123765937,0.012,0.0
/epuck1/cmd_vel,42.159398837,0.012,0.0
/epuck1/cmd_vel,42.217997137,0.012,0.0
/epuck1/cmd_vel,42.275832637,0.012,0.0
/epuck1/cmd_vel,42.338249237,0.012,0.0
/epuck1/cmd_vel,42.374315637,0.012,0.0
/epuck1/cmd_vel,42.430290537,0.012,0.0
/epuck1/cmd_vel,42.470796437,0.012,0.0
/epuck1/cmd_vel,42.546190537,0.012,0.0
/epuck1/cmd_vel,42.583868293,0.012,0.0
/epuck1/cmd_vel,42.638066742,0.012,0.0
/epuck1/cmd_vel,42.673027841,0.012,0.0
/epuck1/cmd_vel,42.732117714,0.012,0.0
/epuck1/cmd_vel,42.790789459,0.012,0.0
/epuck1/cmd_vel,42.849021298,0.012,0.0
/epuck1/cmd_vel,42.884503473,0.012,0.0
/epuck1/cmd_vel,42.941782844,0.012,0.0
/epuck1/cmd_vel,42.981830275,0.012,0.0
/epuck1/cmd_vel,43.056143609,0.012,0.0
/epuck1/cmd_vel,43.093680491,0.012,0.0
/epuck1/cmd_vel,43.147834593,0.012,0.0
/epuck1/cmd_vel,43.187438159,0.012,0.0
/epuck1/cmd_vel,43.24872548,0.012,0.0
/epuck1/cmd_vel,43.309745632,0.012,0.0
/epuck1/cmd_vel,43.370104835,0.012,0.0
/epuck1/cmd_vel,43.407722492,0.012,0.0
/epuck1/cmd_vel,43.462217016,0.012,0.0
/epuck1/cmd_vel,43.501963522,0.012,0.0
/epuck1/cmd_vel,43.577656658,0.012,0.0
/epuck1/cmd_vel,43.617971952,0.012,0.0
/epuck1/cmd_vel,43.669997601,0.012,0.0
/epuck1/cmd_vel,43.706795929,0.012,0.0
/epuck1/cmd_vel,43.765061919,0.012,0.0
/epuck1/cmd_vel,43.817614881,0.012,0.0
/epuck1/cmd_vel,43.88737246,0.012,0.0
/epuck1/cmd_vel,43.926596405,0.012,0.0
/epuck1/cmd_vel,43.981726634,0.012,0.0
/epuck1/cmd_vel,44.019167299,0.012,0.0
/epuck1/cmd_vel,44.081264744,0.012,0.0
/epuck1/cmd_vel,44.142344981,0.012,0.0
/epuck1/cmd_vel,44.201397931,0.012,0.0
/epuck1/cmd_vel,44.236571063,0.012,0.0
/epuck1/cmd_vel,44.291431548,0.012,0.0
/epuck1/cmd_vel,44.332222681,0.012,0.0
/epuck1/cmd_vel,44.397580415,0.012,0.0
/epuck1/cmd_vel,44.436253587,0.012,0.0
/epuck1/cmd_vel,44.488801104,0.012,0.0
/epuck1/cmd_vel,44.525839578,0.012,0.0
/epuck1/cmd_vel,44.58730399,0.012,0.0
/epuck1/cmd_vel,44.637398272,0.012,0.0
/epuck1/cmd_vel,44.708100995,0.012,0.0
/epuck1/cmd_vel,44.745589273,0.012,0.0
/epuck1/cmd_vel,44.8008078,0.012,0.0
/epuck1/cmd_vel,44.838752416,0.012,0.0
/epuck1/cmd_vel,44.899926693,0.012,0.0
/epuck1/cmd_vel,44.961774488,0.012,0.0
/epuck1/cmd_vel,45.021131531,0.012,0.0
/epuck1/cmd_vel,45.058824716,0.012,0.0
/epuck1/cmd_vel,45.110296622,0.012,0.0
/epuck1/cmd_vel,45.15122426,0.012,0.0
/epuck1/cmd_vel,45.224183825,0.012,0.0
/epuck1/cmd_vel,45.275473988,0.012,0.0
/epuck1/cmd_vel,45.331651715,0.012,0.0
/epuck1/cmd_vel,45.368717312,0.012,0.0
/epuck1/cmd_vel,45.424321004,0.012,0.0
/epuck1/cmd_vel,45.465173113,0.012,0.0
/epuck1/cmd_vel,45.549369075,0.012,0.0
/epuck1/cmd_vel,45.592004267,0.012,0.0
/epuck1/cmd_vel,45.645666594,0.012,0.0
/epuck1/cmd_vel,45.680489405,0.012,0.0
/epuck1/cmd_vel,45.736858477,0.012,0.0
/epuck1/cmd_vel,45.77944556,0.012,0.0
/epuck1/cmd_vel,45.875620036,0.012,0.0
/epuck1/cmd_vel,45.916652701,0.012,0.0
/epuck1/cmd_vel,45.969594688,0.012,0.0
/epuck1/cmd_vel,46.005811754,0.012,0.0
/epuck1/cmd_vel,46.066466736,0.012,0.0
/epuck1/cmd_vel,46.122338984,0.012,0.0
/epuck1/cmd_vel,46.179197653,0.012,0.0
/epuck1/cmd_vel,46.216766905,0.012,0.0
/epuck1/cmd_vel,46.272193406,0.012,0.0
/epuck1/cmd_vel,46.312524341,0.012,0.0
/epuck1/cmd_vel,46.388648176,0.012,0.0
/epuck1/cmd_vel,46.425542919,0.012,0.0
/epuck1/cmd_vel,46.479519931,0.012,0.0
/epuck1/cmd_vel,46.517789229,0.012,0.0
/epuck1/cmd_vel,46.594298229,0.012,0.0
/epuck1/cmd_vel,46.634160255,0.012,0.0
/epuck1/cmd_vel,46.691973274,0.012,0.0
/epuck1/cmd_vel,46.725933994,0.012,0.0
/epuck1/cmd_vel,46.783031225,0.012,0.0
/epuck1/cmd_vel,46.840725953,0.012,0.0
/epuck1/cmd_vel,46.899837702,0.012,0.0
/epuck1/cmd_vel,46.935193271,0.012,0.0
/epuck1/cmd_vel,46.989515851,0.012,0.0
/epuck1/cmd_vel,47.028379478,0.012,0.0
/epuck1/cmd_vel,47.102311507,0.012,0.0
/epuck1/cmd_vel,47.141566633,0.012,0.0
/epuck1/cmd_vel,47.195742513,0.012,0.0
/epuck1/cmd_vel,47.231498688,0.012,0.0
/epuck1/cmd_vel,47.291606956,0.012,0.0
/epuck1/cmd_vel,47.34661246,0.012,0.0
/epuck1/cmd_vel,47.418642521,0.012,0.0
/epuck1/cmd_vel,47.454635775,0.012,0.0
/epuck1/cmd_vel,47.509580499,0.012,0.0
/epuck1/cmd_vel,47.54721439,0.012,0.0
/epuck1/cmd_vel,47.620749078,0.012,0.0
/epuck1/cmd_vel,47.660997853,0.012,0.0
/epuck1/cmd_vel,47.716835652,0.012,0.16691798399999414
/epuck1/cmd_vel,47.752134797,0.012,0.18
/epuck1/cmd_vel,47.811841171,0.012,0.18
/epuck1/cmd_vel,47.853716626,0.012,0.18
/epuck1/cmd_vel,47.936718388,0.012,0.18
/epuck1/cmd_vel,47.973439604,0.012,0.18
/epuck1/cmd_vel,48.025864276,0.012,0.18
/epuck1/cmd_vel,48.061602831,0.012,0.18
/epuck1/cmd_vel,48.122795025,0.012,0.18
/epuck1/cmd_vel,48.1811017,0.012,0.18
/epuck1/cmd_vel,48.240665431,0.012,0.18
/epuck1/cmd_vel,48.275227408,0.012,0.18
/epuck1/cmd_vel,48.329949111,0.012,0.18
/epuck1/cmd_vel,48.371641337,0.012,0.18
/epuck1/cmd_vel,48.446885559,0.012,0.18
/epuck1/cmd_vel,48.485562196,0.012,0.18
/epuck1/cmd_vel,48.537267419,0.012,0.18
/epuck1/cmd_vel,48.574466156,0.012,0.18
/epuck1/cmd_vel,48.653259813,0.012,0.18
/epuck1/cmd_vel,48.69328715,0.012,0.18
/epuck1/cmd_vel,48.747349588,0.012,0.18
/epuck1/cmd_vel,48.783136945,0.012,0.18
/epuck1/cmd_vel,48.84120674,0.012,0.18
/epuck1/cmd_vel,48.900336011,0.012,0.18
/epuck1/cmd_vel,48.959733144,0.012,0.18
/epuck1/cmd_vel,48.995226604,0.012,0.18
/epuck1/cmd_vel,49.049237965,0.012,0.18
/epuck1/cmd_vel,49.089918428,0.012,0.18
/epuck1/cmd_vel,49.167761696,0.012,0.18
/epuck1/cmd_vel,49.206797958,0.012,0.18
/epuck1/cmd_vel,49.261230911,0.012,0.18
/epuck1/cmd_vel,49.297967371,0.012,0.18
/epuck1/cmd_vel,49.358758166,0.012,0.18
/epuck1/cmd_vel,49.4121946,0.012,0.18
/epuck1/cmd_vel,49.471037695,0.012,0.18
/epuck1/cmd_vel,49.508007372,0.012,0.18
/epuck1/cmd_vel,49.5633921,0.012,0.18
/epuck1/cmd_vel,49.60256665,0.012,0.18
/epuck1/cmd_vel,49.679504766,0.012,0.18
/epuck1/cmd_vel,49.717284368,0.012,0.18
/epuck1/cmd_vel,49.771269694,0.012,0.18
/epuck1/cmd_vel,49.807574069,0.012,0.18
/epuck1/cmd_vel,49.882940245,0.012,0.18
/epuck1/cmd_vel,49.925229373,0.012,0.18
/epuck1/cmd_vel,49.978797462,0.012,0.18
/epuck1/cmd_vel,50.014100567,0.012,0.18
/epuck1/cmd_vel,50.072937524,0.012,0.18
/epuck1/cmd_vel,50.114089074,0.012,0.18
/epuck1/cmd_vel,50.19636642,0.012,0.18
/epuck1/cmd_vel,50.23408082,0.012,0.18
/epuck1/cmd_vel,50.29075172,0.012,0.18
/epuck1/cmd_vel,50.32501662,0.012,0.18
/epuck1/cmd_vel,50.38635142,0.012,0.1658784627914429
/epuck1/cmd_vel,50.43913992,0.012,0.1658784627914429
/epuck1/cmd_vel,50.50996762,0.012,0.15705515146255494
/epuck1/cmd_vel,50.54891472,0.012,0.15705515146255494
/epuck1/cmd_vel,50.603588445,0.012,0.1411731600761414
/epuck1/cmd_vel,50.638496578,0.012,0.1411731600761414
/epuck1/cmd_vel,50.695356311,0.012,0.1411731600761414
/epuck1/cmd_vel,50.752824711,0.012,0.1270558476448059
/epuck1/cmd_vel,50.809746778,0.012,0.1270558476448059
/epuck1/cmd_vel,50.842290553,0.012,0.11823252439498902
/epuck1/cmd_vel,50.891154203,0.012,0.11823252439498902
/epuck1/cmd_vel,50.928141978,0.012,0.10411521196365357
/epuck1/cmd_vel,50.999772145,0.012,0.10411521196365357
/epuck1/cmd_vel,51.034537003,0.012,0.09529188871383668
/epuck1/cmd_vel,51.085484236,0.012,0.09529188871383668
/epuck1/cmd_vel,51.136218895,0.012,0.09529188871383668
/epuck1/cmd_vel,51.174958236,0.012,0.08470389842987061
/epuck1/cmd_vel,51.225376828,0.012,0.08470389842987061
/epuck1/cmd_vel,51.291818845,0.012,0.07588057518005371
/epuck1/cmd_vel,51.324898045,0.012,0.07588057518005371
/epuck1/cmd_vel,51.375083803,0.012,0.068821918964386
/epuck1/cmd_vel,51.408628028,0.012,0.068821918964386
/epuck1/cmd_vel,51.468584261,0.012,0.068821918964386
/epuck1/cmd_vel,51.527637303,0.012,0.061763256788253784
/epuck1/cmd_vel,51.582865553,0.014813873350000051,0.07720407098531723
/epuck1/cmd_vel,51.632686386,0.017251065449999714,0.07058658450841904
/epuck1/cmd_vel,51.666940295,0.018986883749999607,0.07058658450841904
/epuck1/cmd_vel,51.703566261,0.020807287500000174,0.061763260513544076
/epuck1/cmd_vel,51.771260903,0.02414325294999981,0.061763260513544076
/epuck1/cmd_vel,51.816475578,0.025,0.05514576658606529
/epuck1/cmd_vel,51.872589603,0.025,0.05514576658606529
/epuck1/cmd_vel,51.905418461,0.025,0.050734106451272964
/epuck1/cmd_vel,51.955681953,0.025,0.050734106451272964
/epuck1/cmd_vel,51.99213907,0.025,0.050734106451272964
/epuck1/cmd_vel,52.071839753,0.0,0.0
/epuck1/cmd_vel,52.126642028,0.0,0.0
/epuck1/cmd_vel,52.159321103,0.0,0.0
/epuck1/cmd_vel,52.192508195,0.0,0.0
/epuck1/cmd_vel,52.245619403,0.0,0.0
/epuck1/cmd_vel,52.297698811,0.0,0.0
/epuck1/cmd_vel,52.354497953,0.0,0.0
/epuck1/cmd_vel,52.390007511,0.0,0.0
/epuck1/cmd_vel,52.438897286,0.0,0.0
/epuck1/cmd_vel,52.473216003,0.0,0.0
/epuck1/cmd_vel,52.543412778,0.0,0.0
/epuck1/cmd_vel,52.598612061,0.0,0.0
/epuck1/cmd_vel,52.629757553,0.0,0.0
/epuck1/cmd_vel,52.663284361,0.0,0.0
/epuck1/cmd_vel,52.720644503,0.0,0.0
/epuck1/cmd_vel,52.773908336,0.0,0.0
/epuck1/cmd_vel,52.82844487,0.0,0.0
/epuck1/cmd_vel,52.86114952,0.0,0.0
/epuck1/cmd_vel,52.91138432,0.0,0.0
/epuck1/cmd_vel,52.949918603,0.0,0.0
/epuck1/cmd_vel,53.028488761,0.0,0.0
/epuck1/cmd_vel,53.083160411,0.0,0.0
/epuck1/cmd_vel,53.116744786,0.0,0.0
/epuck1/cmd_vel,53.15159077,0.0,0.0
/epuck1/cmd_vel,53.20490282,0.0,0.0
/epuck1/cmd_vel,53.256182253,0.0,0.0
/epuck1/cmd_vel,53.311789911,0.0,0.0
/epuck1/cmd_vel,53.346721053,0.0,0.0
/epuck1/cmd_vel,53.395198787,0.0,0.0
/epuck1/cmd_vel,53.433205437,0.0,0.0
/epuck1/cmd_vel,53.505468011,0.0,0.0
/epuck1/cmd_vel,53.558624595,0.0,0.0
/epuck1/cmd_vel,53.593472503,0.0,0.0
/epuck1/cmd_vel,53.627739795,0.0,0.0
/epuck1/cmd_vel,53.682408878,0.0,0.0
/epuck1/cmd_vel,53.733155453,0.0,0.0
/epuck1/cmd_vel,53.800294778,0.0,0.0
/epuck1/cmd_vel,53.835331795,0.0,0.0
/epuck1/cmd_vel,53.884052537,0.0,0.0
/epuck1/cmd_vel,53.91903107,0.0,0.0
/epuck1/cmd_vel,53.979490462,0.0,0.0
/epuck1/cmd_vel,54.055040753,0.0,0.0
/epuck1/cmd_vel,54.092299678,0.0,0.0
/epuck1/cmd_vel,54.126154562,0.0,0.0
/epuck1/cmd_vel,54.175029578,0.0,0.0
/epuck1/cmd_vel,54.210954478,0.0,0.0
/epuck1/cmd_vel,54.280633978,0.0,0.0
/epuck1/cmd_vel,54.328907662,0.0,0.0
/epuck1/cmd_vel,54.381107703,0.0,0.0
/epuck1/cmd_vel,54.413269412,0.0,0.0
/epuck1/cmd_vel,54.46764562,0.0,0.0
/epuck1/cmd_vel,54.539101162,0.0,0.0
/epuck1/cmd_vel,54.576406195,0.0,0.0
/epuck1/cmd_vel,54.610721612,0.0,0.0
/epuck1/cmd_vel,54.662354603,0.0,0.0
/epuck1/cmd_vel,54.699038503,0.0,0.0
/epuck1/cmd_vel,54.771082362,0.0,0.0
/epuck1/cmd_vel,54.810276745,0.0,0.0
/epuck1/cmd_vel,54.866347945,0.0,0.0
/epuck1/cmd_vel,54.900779845,0.0,0.0
/epuck1/cmd_vel,54.960415545,0.0,0.0
/epuck1/cmd_vel,55.040225745,0.0,0.0
/epuck1/cmd_vel,55.079196045,0.0,0.0
/epuck1/cmd_vel,55.114920945,0.0,0.0
/epuck1/cmd_vel,55.166943245,0.0,0.0
/epuck1/cmd_vel,55.206845945,0.0,0.0
/epuck1/cmd_vel,55.285048845,0.0,0.0
/epuck1/cmd_vel,55.334410545,0.0,0.0
/epuck1/cmd_vel,55.392379645,0.0,0.0
/epuck1/cmd_vel,55.430910245,0.0,0.0
/epuck1/cmd_vel,55.486770645,0.0,0.0
/epuck1/cmd_vel,55.527903445,0.0,0.0
/epuck1/cmd_vel,55.604212845,0.0,0.0
/epuck1/cmd_vel,55.643241945,0.0,0.0
/epuck1/cmd_vel,55.696426545,0.0,0.0
/epuck1/cmd_vel,55.734655845,0.0,0.0
/epuck1/cmd_vel,55.812875445,0.0,0.0
/epuck1/cmd_vel,55.853653845,0.0,0.0
/epuck1/cmd_vel,55.908822145,0.0,0.0
/epuck1/cmd_vel,55.945940245,0.0,0.0
/epuck1/cmd_vel,56.005120245,0.0,0.0
/epuck1/cmd_vel,56.048234945,0.0,0.0
/epuck1/cmd_vel,56.129041145,0.0,0.0
/epuck1/cmd_vel,56.168344045,0.0,0.0
/epuck1/cmd_vel,56.223315545,0.0,0.0
/epuck1/cmd_vel,56.260959845,0.0,0.0
/epuck1/cmd_vel,56.320221045,0.0,0.0
/epuck1/cmd_vel,56.373528445,0.0,0.0
/epuck1/cmd_vel,56.445643645,0.0,0.0
/epuck1/cmd_vel,56.484058145,0.0,0.0
/epuck1/cmd_vel,56.540280945,0.0,0.0
/epuck1/cmd_vel,56.579798545,0.0,0.0
/epuck1/cmd_vel,56.639013345,0.0,0.0
/epuck1/cmd_vel,56.699070345,0.0,0.0
/epuck1/cmd_vel,56.760505545,0.0,0.0
/epuck1/cmd_vel,56.796991845,0.0,0.0
/epuck1/cmd_vel,56.852050845,0.0,0.0
/epuck1/cmd_vel,56.892545945,0.0,0.0
/epuck1/cmd_vel,56.966268846,0.0,0.0
/epuck1/cmd_vel,57.007221246,0.0,0.0
/epuck1/cmd_vel,57.066714646,0.0,0.0
/epuck1/cmd_vel,57.103581746,0.0,0.0
/epuck1/cmd_vel,57.165409346,0.0,0.0
/epuck1/cmd_vel,57.213933746,0.0,0.0
/epuck1/cmd_vel,57.271395246,0.0,0.0
/epuck1/cmd_vel,57.309881046,0.0,0.0
/epuck1/cmd_vel,57.366535246,0.0,0.0
/epuck1/cmd_vel,57.408635746,0.0,0.0
/epuck1/cmd_vel,57.484248246,0.0,0.0
/epuck1/cmd_vel,57.522521546,0.0,0.0
/epuck1/cmd_vel,57.577634646,0.0,0.0
/epuck1/cmd_vel,57.616105246,0.0,0.0
/epuck1/cmd_vel,57.693339646,0.0,0.0
/epuck1/cmd_vel,57.734449146,0.0,0.0
/epuck1/cmd_vel,57.790721246,0.0,0.0
/epuck1/cmd_vel,57.826635246,0.0,0.0
/epuck1/cmd_vel,57.884957546,0.0,0.0
/epuck1/cmd_vel,57.940698246,0.0,0.0
/epuck1/cmd_vel,57.999916446,0.0,0.0
/epuck1/cmd_vel,58.038271046,0.0,0.0
/epuck1/cmd_vel,58.091546046,0.0,0.0
/epuck1/cmd_vel,58.130187846,0.0,0.0
/epuck1/cmd_vel,58.211993746,0.0,0.0
/epuck1/cmd_vel,58.251795846,0.0,0.0
/epuck1/cmd_vel,58.312582146,0.0,0.0
/epuck1/cmd_vel,58.344592546,0.0,0.0
/epuck1/cmd_vel,58.407231546,0.0,0.0
/epuck1/cmd_vel,58.462953546,0.0,0.0
/epuck1/cmd_vel,58.520357446,0.0,0.0
/epuck1/cmd_vel,58.553906746,0.0,0.0
/epuck1/cmd_vel,58.610317283,0.0,0.0
/epuck1/cmd_vel,58.652525916,0.0,0.0
/epuck1/cmd_vel,58.734432094,0.0,0.0
/epuck1/cmd_vel,58.768862319,0.0,0.0
/epuck1/cmd_vel,58.824526479,0.0,0.0
/epuck1/cmd_vel,58.860969861,0.0,0.0
/epuck1/cmd_vel,58.940496952,0.0,0.0
/epuck1/cmd_vel,58.980616701,0.0,0.0
/epuck1/cmd_vel,59.03406593,0.0,0.0
/epuck1/cmd_vel,59.069822115,0.0,0.0
/epuck1/cmd_vel,59.128480406,0.0,0.0
/epuck1/cmd_vel,59.183039135,0.0,0.0
/epuck1/cmd_vel,59.243134844,0.0,0.0
/epuck1/cmd_vel,59.279943064,0.0,0.0
/epuck1/cmd_vel,59.334019743,0.0,0.0
/epuck1/cmd_vel,59.374841278,0.0,0.0
/epuck1/cmd_vel,59.450366467,0.0,0.0
/epuck1/cmd_vel,59.499699461,0.0,0.0
/epuck1/cmd_vel,59.558921286,0.0,0.0
/epuck1/cmd_vel,59.593652134,0.0,0.0
/epuck1/cmd_vel,59.650194346,0.0,0.0
/epuck1/cmd_vel,59.689971985,0.0,0.0
/epuck1/cmd_vel,59.77170557,0.0,0.0
/epuck1/cmd_vel,59.810442091,0.0,0.0
/epuck1/cmd_vel,59.866607555,0.0,0.0
/epuck1/cmd_vel,59.903509764,0.0,0.0
/epuck1/cmd_vel,59.960349325,0.0,0.0
/epuck1/cmd_vel,60.003477595,0.0,0.0
/epuck1/cmd_vel,60.0838481,0.0,0.0
/epuck1/cmd_vel,60.123467537,0.0,0.0
/epuck1/cmd_vel,60.177909053,0.0,0.0
/epuck1/cmd_vel,60.214365934,0.0,0.0
/epuck1/cmd_vel,60.272878329,0.0,0.0
/epuck1/cmd_vel,60.332518288,0.0,0.0
/epuck1/cmd_vel,60.387785156,0.0,0.0
/epuck1/cmd_vel,60.423540547,0.0,0.0
/epuck1/cmd_vel,60.478866666,0.0,0.0
/epuck1/cmd_vel,60.518985819,0.0,0.0
/epuck1/cmd_vel,60.60035149,0.0,0.0
/epuck1/cmd_vel,60.634572995,0.0,0.0
/epuck1/cmd_vel,60.689009549,0.0,0.0
/epuck1/cmd_vel,60.725243914,0.0,0.0
/epuck1/cmd_vel,60.805291365,0.0,0.0
/epuck1/cmd_vel,60.845944376,0.0,0.0
/epuck1/cmd_vel,60.903412379,0.0,0.0
/epuck1/cmd_vel,60.938006264,0.0,0.0
/epuck1/cmd_vel,60.995935376,0.0,0.0
/epuck1/cmd_vel,61.050453413,0.0,0.0
/epuck1/cmd_vel,61.110585049,0.0,0.0
/epuck1/cmd_vel,61.149416154,0.0,0.0
/epuck1/cmd_vel,61.203082539,0.0,0.0
/epuck1/cmd_vel,61.244249261,0.0,0.0
/epuck1/cmd_vel,61.323220262,0.0,0.0
/epuck1/cmd_vel,61.365394654,0.0,0.0
/epuck1/cmd_vel,61.416705771,0.0,0.0
/epuck1/cmd_vel,61.453476873,0.0,0.0
/epuck1/cmd_vel,61.51605578,0.0,0.0
/epuck1/cmd_vel,61.567377616,0.0,0.0
/epuck1/cmd_vel,61.627637283,0.0,0.0
/epuck1/cmd_vel,61.66217688,0.0,0.0
/epuck1/cmd_vel,61.717318793,0.0,0.0
/epuck1/cmd_vel,61.757903124,0.0,0.0
/epuck1/cmd_vel,61.836250745,0.0,0.0
/epuck1/cmd_vel,61.876413667,0.0,0.0
/epuck1/cmd_vel,61.928119098,0.0,0.0
/epuck1/cmd_vel,61.965920996,0.0,0.0
/epuck1/cmd_vel,62.045002758,0.0,0.0
/epuck1/cmd_vel,62.08522642,0.0,0.0
/epuck1/cmd_vel,62.141057615,0.0,0.0
/epuck1/cmd_vel,62.175393454,0.0,0.0
/epuck1/cmd_vel,62.234291232,0.0,0.0
/epuck1/cmd_vel,62.294542164,0.0,0.0
/epuck1/cmd_vel,62.353165619,0.0,0.0
/epuck1/cmd_vel,62.389992498,0.0,0.0
/epuck1/cmd_vel,62.44204272,0.0,0.0
/epuck1/cmd_vel,62.483619536,0.0,0.0
/epuck1/cmd_vel,62.558232036,0.0,0.0
/epuck1/cmd_vel,62.598118451,0.0,0.0
/epuck1/cmd_vel,62.655568093,0.0,0.0
/epuck1/cmd_vel,62.690268571,0.0,0.0
/epuck1/cmd_vel,62.751924665,0.0,0.0
/epuck1/cmd_vel,62.802288951,0.0,0.0
/epuck1/cmd_vel,62.860878562,0.0,0.0
/epuck1/cmd_vel,62.895511849,0.0,0.0
/epuck1/cmd_vel,62.950902778,0.0,0.0
/epuck1/cmd_vel,62.989861119,0.0,0.0
/epuck1/cmd_vel,63.072880767,0.0,0.0
/epuck1/cmd_vel,63.114800786,0.0,0.0
/epuck1/cmd_vel,63.169676713,0.0,0.0
/epuck1/cmd_vel,63.205679333,0.0,0.0
/epuck1/cmd_vel,63.263002631,0.0,0.0
/epuck1/cmd_vel,63.30459245,0.0,0.0
/epuck1/cmd_vel,63.384775673,0.0,0.0
/epuck1/cmd_vel,63.42600641,0.0,0.0
/epuck1/cmd_vel,63.481265239,0.0,0.0
/epuck1/cmd_vel,63.51441605,0.0,0.0
/epuck1/cmd_vel,63.577280793,0.0,0.0
/epuck1/cmd_vel,63.620590986,0.0,0.0
/epuck1/cmd_vel,63.682790169,0.0,0.0
/epuck1/cmd_vel,63.717846255,0.0,0.0
/epuck1/cmd_vel,63.772575096,0.0,0.0
/epuck1/cmd_vel,63.811671194,0.0,0.0
/epuck1/cmd_vel,63.894932017,0.0,0.0
/epuck1/cmd_vel,63.936687481,0.0,0.0
/epuck1/cmd_vel,63.991385357,0.0,0.0
/epuck1/cmd_vel,64.026258627,0.0,0.0
/epuck1/cmd_vel,64.083445756,0.0,0.0
/epuck1/cmd_vel,64.1293776,0.0,0.0
/epuck1/cmd_vel,64.201011253,0.0,0.0
/epuck1/cmd_vel,64.237786424,0.0,0.0
/epuck1/cmd_vel,64.291867172,0.0,0.0
/epuck1/cmd_vel,64.329484467,0.0,0.0
/epuck1/cmd_vel,64.393028567,0.0,0.0
/epuck1/cmd_vel,64.454875714,0.0,0.0
/epuck1/cmd_vel,64.514785331,0.0,0.0
/epuck1/cmd_vel,64.550630543,0.0,0.0
/epuck1/cmd_vel,64.605790718,0.0,0.0
/epuck1/cmd_vel,64.643211203,0.0,0.0
/epuck1/cmd_vel,64.718881296,0.0,0.0
/epuck1/cmd_vel,64.771322556,0.0,0.0
/epuck1/cmd_vel,64.827299647,0.0,0.0
/epuck1/cmd_vel,64.861522839,0.0,0.0
/epuck1/cmd_vel,64.918308011,0.0,0.0
/epuck1/cmd_vel,64.959401785,0.0,0.0
/epuck1/cmd_vel,65.040487773,0.0,0.0
/epuck1/cmd_vel,65.081640898,0.0,0.0
/epuck1/cmd_vel,65.138698706,0.0,0.0
/epuck1/cmd_vel,65.174312669,0.0,0.0
/epuck1/cmd_vel,65.233523774,0.0,0.0
/epuck1/cmd_vel,65.288026229,0.0,0.0
/epuck1/cmd_vel,65.348674554,0.0,0.0
/epuck1/cmd_vel,65.384299731,0.0,0.0
/epuck1/cmd_vel,65.436216463,0.0,0.0
/epuck1/cmd_vel,65.47567472,0.0,0.0
/epuck1/cmd_vel,65.552541949,0.0,0.0
/epuck1/cmd_vel,65.591431412,0.0,0.0
/epuck1/cmd_vel,65.645058891,0.0,0.0
/epuck1/cmd_vel,65.68283816,0.0,0.0
/epuck1/cmd_vel,65.743266946,0.0,0.0
/epuck1/cmd_vel,65.801328753,0.0,0.0
/epuck1/cmd_vel,65.859854448,0.0,0.0
/epuck1/cmd_vel,65.89441707,0.0,0.0
/epuck1/cmd_vel,65.951049499,0.0,0.0
/epuck1/cmd_vel,65.992153595,0.0,0.0
/epuck1/cmd_vel,66.069480444,0.0,0.0
/epuck1/cmd_vel,66.105312455,0.0,0.0
/epuck1/cmd_vel,66.160341523,0.0,0.0
/epuck1/cmd_vel,66.197439748,0.0,0.0
/epuck1/cmd_vel,66.275058586,0.0,0.0
/epuck1/cmd_vel,66.316716986,0.0,0.0
/epuck1/cmd_vel,66.372583017,0.0,0.0
/epuck1/cmd_vel,66.405845681,0.0,0.0
/epuck1/cmd_vel,66.463798513,0.0,0.0
/epuck1/cmd_vel,66.523006741,0.0,0.0
/epuck1/cmd_vel,66.581985307,0.0,0.0
/epuck1/cmd_vel,66.61767966,0.0,0.0
/epuck1/cmd_vel,66.672219546,0.0,0.0
/epuck1/cmd_vel,66.711812687,0.0,0.0
/epuck1/cmd_vel,66.791639786,0.0,0.0
/epuck1/cmd_vel,66.832344937,0.0,0.0
/epuck1/cmd_vel,66.885088979,0.0,0.0
/epuck1/cmd_vel,66.924108372,0.0,0.0
/epuck1/cmd_vel,66.985024411,0.0,0.0
/epuck1/cmd_vel,67.04217381,0.0,0.0
/epuck1/cmd_vel,67.097776891,0.0,0.0
/epuck1/cmd_vel,67.135426889,0.0,0.0
/epuck1/cmd_vel,67.193049279,0.0,0.0
/epuck1/cmd_vel,67.234391849,0.0,0.0
/epuck1/cmd_vel,67.309393776,0.0,0.0
/epuck1/cmd_vel,67.347025182,0.0,0.0
/epuck1/cmd_vel,67.399933751,0.0,0.0
/epuck1/cmd_vel,67.437219809,0.0,0.0
/epuck1/cmd_vel,67.502729322,0.0,0.0
/epuck1/cmd_vel,67.564400827,0.0,0.0
/epuck1/cmd_vel,67.623204796,0.0,0.0
/epuck1/cmd_vel,67.659493494,0.0,0.0
/epuck1/cmd_vel,67.71420127,0.0,0.0
/epuck1/cmd_vel,67.753030948,0.0,0.0
/epuck1/cmd_vel,67.825771772,0.0,0.0
/epuck1/cmd_vel,67.878934729,0.0,0.0
/epuck1/cmd_vel,67.936459762,0.0,0.0
/epuck1/cmd_vel,67.971007928,0.0,0.0
/epuck1/cmd_vel,68.026991441,0.0,0.0
/epuck1/cmd_vel,68.069257503,0.0,0.0
/epuck1/cmd_vel,68.153859397,0.0,0.0
/epuck1/cmd_vel,68.194396422,0.0,0.0
/epuck1/cmd_vel,68.250425915,0.0,0.0
/epuck1/cmd_vel,68.28665264,0.0,0.0
/epuck1/cmd_vel,68.346734346,0.0,0.0
/epuck1/cmd_vel,68.389836839,0.0,0.0
/epuck1/cmd_vel,68.471311812,0.0,0.0
/epuck1/cmd_vel,68.511517583,0.0,0.0
/epuck1/cmd_vel,68.563562233,0.0,0.0
/epuck1/cmd_vel,68.602330937,0.0,0.0
/epuck1/cmd_vel,68.663319144,0.0,0.0
/epuck1/cmd_vel,68.720958927,0.0,0.0
/epuck1/cmd_vel,68.778080638,0.0,0.0
/epuck1/cmd_vel,68.811847548,0.0,0.0
/epuck1/cmd_vel,68.869252934,0.0,0.0
/epuck2/cmd_vel,3.28561235,0.0,0.0
/epuck2/cmd_vel,3.320571266,0.0,0.0
/epuck2/cmd_vel,3.369071733,0.0,0.0
/epuck2/cmd_vel,3.406963616,0.0,0.0
/epuck2/cmd_vel,3.474050691,0.0,0.0
/epuck2/cmd_vel,3.519189741,0.0,0.0
/epuck2/cmd_vel,3.5739174,0.0,0.0
/epuck2/cmd_vel,3.608296616,0.0,0.0
/epuck2/cmd_vel,3.658888825,0.0,0.0
/epuck2/cmd_vel,3.696639358,0.0,0.0
/epuck2/cmd_vel,3.766210233,0.0,0.0
/epuck2/cmd_vel,3.801140366,0.0,0.0
/epuck2/cmd_vel,3.85037435,0.0,0.0
/epuck2/cmd_vel,3.886314466,0.0,0.0
/epuck2/cmd_vel,3.94471915,0.0,0.0
/epuck2/cmd_vel,4.020200141,0.0,0.0
/epuck2/cmd_vel,4.070644675,0.0,0.0
/epuck2/cmd_vel,4.104486725,0.0,0.0
/epuck2/cmd_vel,4.156122283,0.0,0.0
/epuck2/cmd_vel,4.1923066,0.0,0.0
/epuck2/cmd_vel,4.259550058,0.0,0.0
/epuck2/cmd_vel,4.296309216,0.0,0.0
/epuck2/cmd_vel,4.347270841,0.0,0.0
/epuck2/cmd_vel,4.379989241,0.0,0.0
/epuck2/cmd_vel,4.43576355,0.0,0.0
/epuck2/cmd_vel,4.490913425,0.0,0.0
/epuck2/cmd_vel,4.542973675,0.0,0.0
/epuck2/cmd_vel,4.576113283,0.0,0.0
/epuck2/cmd_vel,4.628046941,0.0,0.0
/epuck2/cmd_vel,4.665616616,0.0,0.0
/epuck2/cmd_vel,4.741669241,0.0,0.0
/epuck2/cmd_vel,4.774358675,0.0,0.0
/epuck2/cmd_vel,4.8256602,0.0,0.0
/epuck2/cmd_vel,4.862059016,0.0,0.0
/epuck2/cmd_vel,4.93384685,0.0,0.0
/epuck2/cmd_vel,4.969968466,0.0,0.0
/epuck2/cmd_vel,5.019587266,0.0,0.0
/epuck2/cmd_vel,5.053075666,0.0,0.0
/epuck2/cmd_vel,5.107718533,0.0,0.0
/epuck2/cmd_vel,5.158517358,0.0,0.0
/epuck2/cmd_vel,5.213785391,0.0,0.0
/epuck2/cmd_vel,5.246824716,0.0,0.0
/epuck2/cmd_vel,5.296922933,0.0,0.0
/epuck2/cmd_vel,5.335434929,0.0,0.0
/epuck2/cmd_vel,5.409157017,0.0,0.0
/epuck2/cmd_vel,5.446336104,0.0,0.0
/epuck2/cmd_vel,5.498907854,0.0,0.0
/epuck2/cmd_vel,5.536033887,0.0,0.0
/epuck2/cmd_vel,5.591260625,0.0,0.0
/epuck2/cmd_vel,5.649240514,0.0,0.0
/epuck2/cmd_vel,5.70251455,0.0,0.0
/epuck2/cmd_vel,5.740489924,0.0,0.0
/epuck2/cmd_vel,5.791811824,0.0,0.0
/epuck2/cmd_vel,5.831815464,0.0,0.0
/epuck2/cmd_vel,5.90164132,0.0,0.0
/epuck2/cmd_vel,5.937467285,0.0,0.0
/epuck2/cmd_vel,5.989738867,0.0,0.0
/epuck2/cmd_vel,6.023510938,0.0,0.0
/epuck2/cmd_vel,6.101210022,0.0,0.0
/epuck2/cmd_vel,6.136911814,0.0,0.0
/epuck2/cmd_vel,6.191721399,0.0,0.0
/epuck2/cmd_vel,6.225968595,0.0,0.0
/epuck2/cmd_vel,6.28074508,0.0,0.0
/epuck2/cmd_vel,6.333604975,0.0,0.0
/epuck2/cmd_vel,6.390602124,0.0,0.0
/epuck2/cmd_vel,6.424829768,0.0,0.0
/epuck2/cmd_vel,6.477137997,0.0,0.0
/epuck2/cmd_vel,6.514148922,0.0,0.0
/epuck2/cmd_vel,6.587870814,0.0,0.0
/epuck2/cmd_vel,6.62658973,0.0,0.0
/epuck2/cmd_vel,6.682111393,0.0,0.0
/epuck2/cmd_vel,6.714448377,0.0,0.0
/epuck2/cmd_vel,6.769929248,0.0,0.0
/epuck2/cmd_vel,6.825994774,0.0,0.0
/epuck2/cmd_vel,6.880994619,0.0,0.0
/epuck2/cmd_vel,6.916103203,0.0,0.0
/epuck2/cmd_vel,6.972108247,0.0,0.0
/epuck2/cmd_vel,7.011624916,0.0,0.0
/epuck2/cmd_vel,7.078933976,0.0,0.0
/epuck2/cmd_vel,7.112112332,0.0,0.0
/epuck2/cmd_vel,7.164391074,0.0,0.0
/epuck2/cmd_vel,7.200590868,0.0,0.0
/epuck2/cmd_vel,7.275382115,0.0,0.0
/epuck2/cmd_vel,7.31677307,0.0,0.0
/epuck2/cmd_vel,7.375814236,0.0,0.0
/epuck2/cmd_vel,7.41218926,0.0,0.0
/epuck2/cmd_vel,7.471475051,0.0,0.0
/epuck2/cmd_vel,7.529674496,0.0,0.0
/epuck2/cmd_vel,7.592413856,0.0,0.0
/epuck2/cmd_vel,7.631167962,0.0,0.0
/epuck2/cmd_vel,7.684648396,0.0,0.0
/epuck2/cmd_vel,7.728176205,0.0,0.0
/epuck2/cmd_vel,7.805687688,0.0,0.0
/epuck2/cmd_vel,7.846097942,0.0,0.0
/epuck2/cmd_vel,7.902124186,0.0,0.0
/epuck2/cmd_vel,7.940569777,0.0,0.0
/epuck2/cmd_vel,8.001143807,0.0,0.0
/epuck2/cmd_vel,8.059291732,0.0,0.0
/epuck2/cmd_vel,8.116394201,0.0,0.0
/epuck2/cmd_vel,8.153229033,0.0,0.0
/epuck2/cmd_vel,8.2112227,0.0,0.0
/epuck2/cmd_vel,8.252589575,0.0020605899499997805,-8.742278012618954e-08
/epuck2/cmd_vel,8.340555999,0.006483331149999928,-8.742278012618954e-08
/epuck2/cmd_vel,8.382153105,0.008489678499999799,-8.742278012618954e-08
/epuck2/cmd_vel,8.440468183,0.011450660599999909,-8.742278012618954e-08
/epuck2/cmd_vel,8.479311124,0.013390687149999893,-8.742278012618954e-08
/epuck2/cmd_vel,8.537851808,0.016311115299999915,-8.742278012618954e-08
/epuck2/cmd_vel,8.593788901,0.019143462349999755,-8.742278012618954e-08
/epuck2/cmd_vel,8.654510407,0.022132510099999794,-8.742278012618954e-08
/epuck2/cmd_vel,8.690782991,0.02399615384999976,-8.742278012618954e-08
/epuck2/cmd_vel,8.747897251,0.025,-8.742278012618954e-08
/epuck2/cmd_vel,8.788498449,0.025,-8.742278012618954e-08
/epuck2/cmd_vel,8.86443586,0.025,-8.742278012618954e-08
/epuck2/cmd_vel,8.917902707,0.025,-8.742278012618954e-08
/epuck2/cmd_vel,8.979753262,0.025,-8.742278012618954e-08
/epuck2/cmd_vel,9.017069056,0.025,-8.742278012618954e-08
/epuck2/cmd_vel,9.072286617,0.025,-8.742278012618954e-08
/epuck2/cmd_vel,9.116585385,0.025,-8.742278012618954e-08
/epuck2/cmd_vel,9.193513912,0.025,-8.742278012618954e-08
/epuck2/cmd_vel,9.232517418,0.025,-8.742278012618954e-08
/epuck2/cmd_vel,9.287652096,0.025,-8.742278012618954e-08
/epuck2/cmd_vel,9.325513908,0.025,-8.742278012618954e-08
/epuck2/cmd_vel,9.388494391,0.025,-8.742278012618954e-08
/epuck2/cmd_vel,9.450599216,0.025,-8.742278012618954e-08
/epuck2/cmd_vel,9.512161763,0.025,-8.742278012618954e-08
/epuck2/cmd_vel,9.551079948,0.025,-8.742278012618954e-08
/epuck2/cmd_vel,9.605529932,0.025,-8.742278012618954e-08
/epuck2/cmd_vel,9.645192171,0.025,-8.742278012618954e-08
/epuck2/cmd_vel,9.719913799,0.025,-8.742278012618954e-08
/epuck2/cmd_vel,9.774001011,0.025,-8.742278012618954e-08
/epuck2/cmd_vel,9.835439074,0.025,-8.742278012618954e-08
/epuck2/cmd_vel,9.871084269,0.025,-8.742278012618954e-08
/epuck2/cmd_vel,9.927164035,0.025,-8.742278012618954e-08
/epuck2/cmd_vel,9.969969492,0.025,-8.742278012618954e-08
/epuck2/cmd_vel,10.055869545,0.025,-8.742278012618954e-08
/epuck2/cmd_vel,10.097162444,0.025,-8.742278012618954e-08
/epuck2/cmd_vel,10.154907175,0.025,-8.742278012618954e-08
/epuck2/cmd_vel,10.191585342,0.025,-8.742278012618954e-08
/epuck2/cmd_vel,10.250974418,0.025,-8.742278012618954e-08
/epuck2/cmd_vel,10.293492194,0.025,-8.742278012618954e-08
/epuck2/cmd_vel,10.373647706,0.025,-8.742278012618954e-08
/epuck2/cmd_vel,10.412726968,0.025,-8.742278012618954e-08
/epuck2/cmd_vel,10.46950051,0.025,-8.742278012618954e-08
/epuck2/cmd_vel,10.507255699,0.025,-8.742278012618954e-08
/epuck2/cmd_vel,10.567108561,0.025,-8.742278012618954e-08
/epuck2/cmd_vel,10.618512641,0.025,-8.742278012618954e-08
/epuck2/cmd_vel,10.691639504,0.025,-8.742278012618954e-08
/epuck2/cmd_vel,10.728245803,0.025,-8.742278012618954e-08
/epuck2/cmd_vel,10.782660054,0.025,-8.742278012618954e-08
/epuck2/cmd_vel,10.820049398,0.025,-8.742278012618954e-08
/epuck2/cmd_vel,10.899142332,0.025,-8.742278012618954e-08
/epuck2/cmd_vel,10.941083116,0.025,-8.742278012618954e-08
/epuck2/cmd_vel,10.997551621,0.025,-8.742278012618954e-08
/epuck2/cmd_vel,11.032799573,0.025,-8.742278012618954e-08
/epuck2/cmd_vel,11.092113921,0.025,-8.742278012618954e-08
/epuck2/cmd_vel,11.147488311,0.025,-8.742278012618954e-08
/epuck2/cmd_vel,11.208438604,0.025,-8.742278012618954e-08
/epuck2/cmd_vel,11.243407249,0.025,-8.742278012618954e-08
/epuck2/cmd_vel,11.297929544,0.025,-8.742278012618954e-08
/epuck2/cmd_vel,11.339773833,0.025,-8.742278012618954e-08
/epuck2/cmd_vel,11.417800393,0.025,-8.742278012618954e-08
/epuck2/cmd_vel,11.458234009,0.025,-8.742278012618954e-08
/epuck2/cmd_vel,11.512198131,0.025,-8.742278012618954e-08
/epuck2/cmd_vel,11.549095956,0.025,-8.742278012618954e-08
/epuck2/cmd_vel,11.61190432,0.025,-8.742278012618954e-08
/epuck2/cmd_vel,11.666222373,0.025,-8.742278012618954e-08
/epuck2/cmd_vel,11.72527053,0.025,-8.742278012618954e-08
/epuck2/cmd_vel,11.763730041,0.025,-8.742278012618954e-08
/epuck2/cmd_vel,11.818235693,0.025,-8.742278012618954e-08
/epuck2/cmd_vel,11.859336639,0.025,-8.742278012618954e-08
/epuck2/cmd_vel,11.932946395,0.025,-8.742278012618954e-08
/epuck2/cmd_vel,11.97042989,0.025,-8.742278012618954e-08
/epuck2/cmd_vel,12.025668482,0.025,-8.742278012618954e-08
/epuck2/cmd_vel,12.063958954,0.025,-8.742278012618954e-08
/epuck2/cmd_vel,12.127401243,0.025,-8.742278012618954e-08
/epuck2/cmd_vel,12.189160858,0.025,-8.742278012618954e-08
/epuck2/cmd_vel,12.248654838,0.025,-8.742278012618954e-08
/epuck2/cmd_vel,12.28392316,0.025,-8.742278012618954e-08
/epuck2/cmd_vel,12.338567585,0.025,-8.742278012618954e-08
/epuck2/cmd_vel,12.379232498,0.025,-8.742278012618954e-08
/epuck2/cmd_vel,12.455709897,0.025,-8.742278012618954e-08
/epuck2/cmd_vel,12.505820056,0.025,-8.742278012618954e-08
/epuck2/cmd_vel,12.564661937,0.025,-8.742278012618954e-08
/epuck2/cmd_vel,12.599811983,0.025,-8.742278012618954e-08
/epuck2/cmd_vel,12.656733446,0.025,-8.742278012618954e-08
/epuck2/cmd_vel,12.698299675,0.025,-8.742278012618954e-08
/epuck2/cmd_vel,12.783805164,0.025,-8.742278012618954e-08
/epuck2/cmd_vel,12.824169505,0.025,-8.742278012618954e-08
/epuck2/cmd_vel,12.879579993,0.025,-8.742278012618954e-08
/epuck2/cmd_vel,12.91525907,0.025,-8.742278012618954e-08
/epuck2/cmd_vel,12.97499656,0.025,-8.742278012618954e-08
/epuck2/cmd_vel,13.01766432,0.025,-8.742278012618954e-08
/epuck2/cmd_vel,13.115487369,0.025,-8.742278012618954e-08
/epuck2/cmd_vel,13.15659648,0.025,-8.742278012618954e-08
/epuck2/cmd_vel,13.211549049,0.025,-8.742278012618954e-08
/epuck2/cmd_vel,13.247201784,0.025,-8.742278012618954e-08
/epuck2/cmd_vel,13.310469747,0.025,-8.742278012618954e-08
/epuck2/cmd_vel,13.365776859,0.025,-8.742278012618954e-08
/epuck2/cmd_vel,13.424614296,0.025,-8.742278012618954e-08
/epuck2/cmd_vel,13.458741963,0.025,-8.742278012618954e-08
/epuck2/cmd_vel,13.514629162,0.025,-8.742278012618954e-08
/epuck2/cmd_vel,13.554280349,0.025,-8.742278012618954e-08
/epuck2/cmd_vel,13.634102202,0.025,-8.742278012618954e-08
/epuck2/cmd_vel,13.672799248,0.025,-8.742278012618954e-08
/epuck2/cmd_vel,13.726944188,0.025,-8.742278012618954e-08
/epuck2/cmd_vel,13.764383447,0.025,-8.742278012618954e-08
/epuck2/cmd_vel,13.843582707,0.025,-8.742278012618954e-08
/epuck2/cmd_vel,13.883546241,0.025,-8.742278012618954e-08
/epuck2/cmd_vel,13.939763389,0.025,-8.742278012618954e-08
/epuck2/cmd_vel,13.974000472,0.025,-8.742278012618954e-08
/epuck2/cmd_vel,14.034903016,0.025,-8.742278012618954e-08
/epuck2/cmd_vel,14.088535379,0.025,-8.742278012618954e-08
/epuck2/cmd_vel,14.150503081,0.025,-8.742278012618954e-08
/epuck2/cmd_vel,14.185680804,0.025,-8.742278012618954e-08
/epuck2/cmd_vel,14.24107573,0.025,-8.742278012618954e-08
/epuck2/cmd_vel,14.281610148,0.025,-8.742278012618954e-08
/epuck2/cmd_vel,14.353710354,0.025,-8.742278012618954e-08
/epuck2/cmd_vel,14.395509269,0.025,-8.742278012618954e-08
/epuck2/cmd_vel,14.449915714,0.025,-8.742278012618954e-08
/epuck2/cmd_vel,14.486192204,0.025,-8.742278012618954e-08
/epuck2/cmd_vel,14.54723265,0.025,-8.742278012618954e-08
/epuck2/cmd_vel,14.598451501,0.025,-8.742278012618954e-08
/epuck2/cmd_vel,14.671179988,0.025,-8.742278012618954e-08
/epuck2/cmd_vel,14.707740067,0.025,-8.742278012618954e-08
/epuck2/cmd_vel,14.762645362,0.025,-8.742278012618954e-08
/epuck2/cmd_vel,14.802148203,0.025,-8.742278012618954e-08
/epuck2/cmd_vel,14.864627067,0.025,-8.742278012618954e-08
/epuck2/cmd_vel,14.925130603,0.025,-8.742278012618954e-08
/epuck2/cmd_vel,14.984553829,0.025,-8.742278012618954e-08
/epuck2/cmd_vel,15.023506874,0.025,-8.742278012618954e-08
/epuck2/cmd_vel,15.075250148,0.025,-8.742278012618954e-08
/epuck2/cmd_vel,15.115701146,0.025,-8.742278012618954e-08
/epuck2/cmd_vel,15.191819304,0.025,-8.742278012618954e-08
/epuck2/cmd_vel,15.232210767,0.025,-8.742278012618954e-08
/epuck2/cmd_vel,15.284307553,0.025,-8.742278012618954e-08
/epuck2/cmd_vel,15.322133609,0.025,-8.742278012618954e-08
/epuck2/cmd_vel,15.381531514,0.025,-8.742278012618954e-08
/epuck2/cmd_vel,15.440465238,0.025,-8.742278012618954e-08
/epuck2/cmd_vel,15.496061207,0.025,-8.742278012618954e-08
/epuck2/cmd_vel,15.532670102,0.025,-8.742278012618954e-08
/epuck2/cmd_vel,15.589649562,0.025,-8.742278012618954e-08
/epuck2/cmd_vel,15.630475434,0.025,-8.742278012618954e-08
/epuck2/cmd_vel,15.708060843,0.025,-8.742278012618954e-08
/epuck2/cmd_vel,15.746934007,0.025,-8.742278012618954e-08
/epuck2/cmd_vel,15.801357587,0.025,-8.742278012618954e-08
/epuck2/cmd_vel,15.838728158,0.025,-8.742278012618954e-08
/epuck2/cmd_vel,15.920763409,0.025,-8.742278012618954e-08
/epuck2/cmd_vel,15.960619225,0.020882346899999505,-0.123529680422795
/epuck2/cmd_vel,16.017006796,0.015180803699999502,-0.2945759764227951
/epuck2/cmd_vel,16.052844343,0.011665175599999602,-0.40004481942279213
/epuck2/cmd_vel,16.111599366,0.006,-0.5783766604227871
/epuck2/cmd_vel,16.170207274,0.006,-0.65
/epuck2/cmd_vel,16.233025608,0.006,-0.65
/epuck2/cmd_vel,16.267016452,0.006,-0.65
/epuck2/cmd_vel,16.322571317,0.006,-0.65
/epuck2/cmd_vel,16.36163263,0.006,-0.65
/epuck2/cmd_vel,16.439854617,0.006,-0.65
/epuck2/cmd_vel,16.480407435,0.006,-0.65
/epuck2/cmd_vel,16.538876237,0.006,-0.65
/epuck2/cmd_vel,16.573456894,0.006,-0.65
/epuck2/cmd_vel,16.632057773,0.006,-0.65
/epuck2/cmd_vel,16.692854233,0.006,-0.65
/epuck2/cmd_vel,16.753963471,0.009072927850000086,-0.40416577199999326
/epuck2/cmd_vel,16.791483448,0.010951951800000033,-0.2538438559999975
/epuck2/cmd_vel,16.846634013,0.012,-0.03560851599999071
/epuck2/cmd_vel,16.88744706,0.012,0.00395157336714487
/epuck2/cmd_vel,16.963950131,0.012,0.003951573367144867
/epuck2/cmd_vel,17.003704648,0.012,0.023804211611773776
/epuck2/cmd_vel,17.057115761,0.012,0.023804211611773776
/epuck2/cmd_vel,17.097101312,0.012,0.023804211611773776
/epuck2/cmd_vel,17.15659049,0.012,0.023804211611773776
/epuck2/cmd_vel,17.212239365,0.012,0.019833683962847994
/epuck2/cmd_vel,17.27073877,0.012,0.019833683962847994
/epuck2/cmd_vel,17.307016388,0.012,0.019833683962847994
/epuck2/cmd_vel,17.363333722,0.012,0.01189262866499643
/epuck2/cmd_vel,17.40334975,0.012,0.01189262866499643
/epuck2/cmd_vel,17.492133303,0.012,0.007922101016070649
/epuck2/cmd_vel,17.530974699,0.012,0.007922101016070649
/epuck2/cmd_vel,17.589267925,0.012,0.007922101016070649
/epuck2/cmd_vel,17.625503466,0.012,0.007922101016070649
/epuck2/cmd_vel,17.684911776,0.012,0.003951573367144867
/epuck2/cmd_vel,17.764994124,0.012,0.003951573367144867
/epuck2/cmd_vel,17.803369711,0.012,0.003951573367144867
/epuck2/cmd_vel,17.840917685,0.012,0.003951573367144867
/epuck2/cmd_vel,17.894782355,0.012,0.003951573367144867
/epuck2/cmd_vel,17.933658855,0.012,0.003951573367144867
/epuck2/cmd_vel,18.009469459,0.012,0.003951573367144867
/epuck2/cmd_vel,18.061358338,0.012,0.003951573367144867
/epuck2/cmd_vel,18.120626651,0.012,-1.895428178091442e-05
/epuck2/cmd_vel,18.15614692,0.012,-1.8954281780914074e-05
/epuck2/cmd_vel,18.213258418,0.012,-1.8954281780914074e-05
/epuck2/cmd_vel,18.289623202,0.012,-1.8954281780914074e-05
/epuck2/cmd_vel,18.329981759,0.012,-1.8954281780914074e-05
/epuck2/cmd_vel,18.365748834,0.012,-1.8954281780914074e-05
/epuck2/cmd_vel,18.421162122,0.012,-1.8954281780914074e-05
/epuck2/cmd_vel,18.460365586,0.012,-1.8954281780914074e-05
/epuck2/cmd_vel,18.535393392,0.012,-1.8954281780914074e-05
/epuck2/cmd_vel,18.573776191,0.012,-1.8954281780914074e-05
/epuck2/cmd_vel,18.629801127,0.012,-1.8954281780914074e-05
/epuck2/cmd_vel,18.66764218,0.012,-1.8954281780914074e-05
/epuck2/cmd_vel,18.721982738,0.012,-1.8954281780914074e-05
/epuck2/cmd_vel,18.801145366,0.012,-1.8954281780914074e-05
/epuck2/cmd_vel,18.839895352,0.012,-1.8954281780914074e-05
/epuck2/cmd_vel,18.875223265,0.012,-1.8954281780914074e-05
/epuck2/cmd_vel,18.930302244,0.012,-1.8954281780914074e-05
/epuck2/cmd_vel,18.968258814,0.012,-1.8954281780914074e-05
/epuck2/cmd_vel,19.041761991,0.012,-1.8954281780914074e-05
/epuck2/cmd_vel,19.091061853,0.012,-1.8954281780914074e-05
/epuck2/cmd_vel,19.147964324,0.012,-1.8954281780914074e-05
/epuck2/cmd_vel,19.184631546,0.012,-1.8954281780914074e-05
/epuck2/cmd_vel,19.240818995,0.012,-1.8954281780914074e-05
/epuck2/cmd_vel,19.30367099,0.012,-1.8954281780914074e-05
/epuck2/cmd_vel,19.365888669,0.012,-1.8954281780914074e-05
/epuck2/cmd_vel,19.405695839,0.012,-1.8954281780914074e-05
/epuck2/cmd_vel,19.461112979,0.012,-1.8954281780914074e-05
/epuck2/cmd_vel,19.49591765,0.012,-1.8954281780914074e-05
/epuck2/cmd_vel,19.555424901,0.012,-1.8954281780914074e-05
/epuck2/cmd_vel,19.597263363,0.012,-1.8954281780914074e-05
/epuck2/cmd_vel,19.678151614,0.012,-1.8954281780914074e-05
/epuck2/cmd_vel,19.717680342,0.012,-1.8954281780914074e-05
/epuck2/cmd_vel,19.771142067,0.012,-1.8954281780914074e-05
/epuck2/cmd_vel,19.80808173,0.012,-1.8954281780914074e-05
/epuck2/cmd_vel,19.869023524,0.012,0.003951573367144867
/epuck2/cmd_vel,19.91772212,0.012,0.003951573367144867
/epuck2/cmd_vel,19.98839057,0.012,-1.895428178091442e-05
/epuck2/cmd_vel,20.027272327,0.012,-1.8954281780914074e-05
/epuck2/cmd_vel,20.080369867,0.012,-1.8954281780914074e-05
/epuck2/cmd_vel,20.117407606,0.012,-1.8954281780914074e-05
/epuck2/cmd_vel,20.182270196,0.012,-1.8954281780914074e-05
/epuck2/cmd_vel,20.242705327,0.012,-1.8954281780914074e-05
/epuck2/cmd_vel,20.303199418,0.012,-1.8954281780914074e-05
/epuck2/cmd_vel,20.340262982,0.012,-1.8954281780914074e-05
/epuck2/cmd_vel,20.394533271,0.012,-1.8954281780914074e-05
/epuck2/cmd_vel,20.433474618,0.012,-1.8954281780914074e-05
/epuck2/cmd_vel,20.50588352,0.012,-1.8954281780914074e-05
/epuck2/cmd_vel,20.545611993,0.012,-1.8954281780914074e-05
/epuck2/cmd_vel,20.599154422,0.012,-1.8954281780914074e-05
/epuck2/cmd_vel,20.63564623,0.012,-1.8954281780914074e-05
/epuck2/cmd_vel,20.693316091,0.012,-1.8954281780914074e-05
/epuck2/cmd_vel,20.755601616,0.012,-1.8954281780914074e-05
/epuck2/cmd_vel,20.811795246,0.012,-1.8954281780914074e-05
/epuck2/cmd_vel,20.847541839,0.012,-1.8954281780914074e-05
/epuck2/cmd_vel,20.901132292,0.012,-1.8954281780914074e-05
/epuck2/cmd_vel,20.942126853,0.012,-1.8954281780914074e-05
/epuck2/cmd_vel,21.027974983,0.012,-1.8954281780914074e-05
/epuck2/cmd_vel,21.066493676,0.012,-1.8954281780914074e-05
/epuck2/cmd_vel,21.121163543,0.012,-1.8954281780914074e-05
/epuck2/cmd_vel,21.157793508,0.012,-1.8954281780914074e-05
/epuck2/cmd_vel,21.214694683,0.012,0.003951573367144867
/epuck2/cmd_vel,21.270222086,0.012,0.003951573367144867
/epuck2/cmd_vel,21.330279208,0.012,-1.895428178091442e-05
/epuck2/cmd_vel,21.366759591,0.012,-1.8954281780914074e-05
/epuck2/cmd_vel,21.421664578,0.012,-0.003989481930706695
/epuck2/cmd_vel,21.461006165,0.012,-0.003989481930706695
/epuck2/cmd_vel,21.534953652,0.012,-1.895428178091442e-05
/epuck2/cmd_vel,21.584382738,0.012,-1.8954281780914074e-05
/epuck2/cmd_vel,21.64524649,0.012,-1.8954281780914074e-05
/epuck2/cmd_vel,21.677375484,0.012,-1.8954281780914074e-05
/epuck2/cmd_vel,21.733247381,0.012,-1.8954281780914074e-05
/epuck2/cmd_vel,21.771937562,0.012,-1.8954281780914074e-05
/epuck2/cmd_vel,21.84994597,0.012,-1.8954281780914074e-05
/epuck2/cmd_vel,21.88575129,0.012,-1.8954281780914074e-05
/epuck2/cmd_vel,21.940693337,0.012,-1.8954281780914074e-05
/epuck2/cmd_vel,21.977161893,0.012,-1.8954281780914074e-05
/epuck2/cmd_vel,22.051353522,0.012,-1.8954281780914074e-05
/epuck2/cmd_vel,22.091688631,0.012,-1.8954281780914074e-05
/epuck2/cmd_vel,22.14745881,0.012,-1.8954281780914074e-05
/epuck2/cmd_vel,22.183597572,0.012,-1.8954281780914074e-05
/epuck2/cmd_vel,22.242579448,0.012,-1.8954281780914074e-05
/epuck2/cmd_vel,22.29692893,0.012,-1.8954281780914074e-05
/epuck2/cmd_vel,22.357284618,0.012,-1.8954281780914074e-05
/epuck2/cmd_vel,22.392991315,0.012,-1.8954281780914074e-05
/epuck2/cmd_vel,22.44641274,0.012,-1.8954281780914074e-05
/epuck2/cmd_vel,22.485574955,0.012,-1.8954281780914074e-05
/epuck2/cmd_vel,22.564848239,0.012,-1.8954281780914074e-05
/epuck2/cmd_vel,22.603019531,0.012,-1.8954281780914074e-05
/epuck2/cmd_vel,22.65545171,0.012,-1.8954281780914074e-05
/epuck2/cmd_vel,22.693771241,0.012,-1.8954281780914074e-05
/epuck2/cmd_vel,22.755975624,0.012,-1.8954281780914074e-05
/epuck2/cmd_vel,22.812147662,0.012,0.003951573367144867
/epuck2/cmd_vel,22.870197316,0.012,0.003951573367144867
/epuck2/cmd_vel,22.907586064,0.012,0.003951573367144867
/epuck2/cmd_vel,22.961007573,0.012,-1.895428178091442e-05
/epuck2/cmd_vel,23.00257101,0.012,-1.8954281780914074e-05
/epuck2/cmd_vel,23.085950739,0.012,-0.003989481930706695
/epuck2/cmd_vel,23.124319819,0.012,-0.003989481930706695
/epuck2/cmd_vel,23.178870105,0.012,-1.895428178091442e-05
/epuck2/cmd_vel,23.21747479,0.012,-1.8954281780914074e-05
/epuck2/cmd_vel,23.297594868,0.012,-1.8954281780914074e-05
/epuck2/cmd_vel,23.337618495,0.012,-1.8954281780914074e-05
/epuck2/cmd_vel,23.396717648,0.012,-1.8954281780914074e-05
/epuck2/cmd_vel,23.430945574,0.012,-1.8954281780914074e-05
/epuck2/cmd_vel,23.488147058,0.012,-1.8954281780914074e-05
/epuck2/cmd_vel,23.547480524,0.012,-1.8954281780914074e-05
/epuck2/cmd_vel,23.607832758,0.012,-1.8954281780914074e-05
/epuck2/cmd_vel,23.645569372,0.012,-1.8954281780914074e-05
/epuck2/cmd_vel,23.699788246,0.012,-1.8954281780914074e-05
/epuck2/cmd_vel,23.739452006,0.012,-1.8954281780914074e-05
/epuck2/cmd_vel,23.815607221,0.012,-1.8954281780914074e-05
/epuck2/cmd_vel,23.85635502,0.012,-1.8954281780914074e-05
/epuck2/cmd_vel,23.910303185,0.012,-1.8954281780914074e-05
/epuck2/cmd_vel,23.947610575,0.012,-1.8954281780914074e-05
/epuck2/cmd_vel,24.008185592,0.012,-1.8954281780914074e-05
/epuck2/cmd_vel,24.066782329,0.012,-1.8954281780914074e-05
/epuck2/cmd_vel,24.125069456,0.012,-1.8954281780914074e-05
/epuck2/cmd_vel,24.164584527,0.012,-1.8954281780914074e-05
/epuck2/cmd_vel,24.218041806,0.012,-1.8954281780914074e-05
/epuck2/cmd_vel,24.25842455,0.012,-1.8954281780914074e-05
/epuck2/cmd_vel,24.339336439,0.012,-1.8954281780914074e-05
/epuck2/cmd_vel,24.37796768,0.012,-1.8954281780914074e-05
/epuck2/cmd_vel,24.432019464,0.012,-1.8954281780914074e-05
/epuck2/cmd_vel,24.470223426,0.012,-1.8954281780914074e-05
/epuck2/cmd_vel,24.547662414,0.012,-1.8954281780914074e-05
/epuck2/cmd_vel,24.590700956,0.012,-1.8954281780914074e-05
/epuck2/cmd_vel,24.644941273,0.012,-1.8954281780914074e-05
/epuck2/cmd_vel,24.6813412,0.012,0.003951573367144867
/epuck2/cmd_vel,24.743064668,0.012,0.003951573367144867
/epuck2/cmd_vel,24.797630631,0.012,0.003951573367144867
/epuck2/cmd_vel,24.8568243,0.012,-1.895428178091442e-05
/epuck2/cmd_vel,24.89355258,0.012,-1.8954281780914074e-05
/epuck2/cmd_vel,24.950007873,0.012,-0.003989481930706695
/epuck2/cmd_vel,24.9879348,0.012,-0.003989481930706695
/epuck2/cmd_vel,25.06784866,0.012,-1.895428178091442e-05
/epuck2/cmd_vel,25.106690484,0.012,-1.8954281780914074e-05
/epuck2/cmd_vel,25.16029374,0.012,-1.8954281780914074e-05
/epuck2/cmd_vel,25.197591626,0.012,-1.8954281780914074e-05
/epuck2/cmd_vel,25.258588929,0.012,-1.8954281780914074e-05
/epuck2/cmd_vel,25.313126786,0.012,-1.8954281780914074e-05
/epuck2/cmd_vel,25.372511314,0.012,-1.8954281780914074e-05
/epuck2/cmd_vel,25.406552903,0.012,-1.8954281780914074e-05
/epuck2/cmd_vel,25.464353653,0.012,-1.8954281780914074e-05
/epuck2/cmd_vel,25.505045082,0.012,-1.8954281780914074e-05
/epuck2/cmd_vel,25.589226052,0.012,-1.8954281780914074e-05
/epuck2/cmd_vel,25.628113662,0.012,-1.8954281780914074e-05
/epuck2/cmd_vel,25.686328844,0.012,-1.8954281780914074e-05
/epuck2/cmd_vel,25.724141298,0.012,-1.8954281780914074e-05
/epuck2/cmd_vel,25.780640537,0.012,-1.8954281780914074e-05
/epuck2/cmd_vel,25.834927139,0.012,-1.8954281780914074e-05
/epuck2/cmd_vel,25.898183934,0.012,-1.8954281780914074e-05
/epuck2/cmd_vel,25.932640255,0.012,-1.8954281780914074e-05
/epuck2/cmd_vel,25.9876467,0.012,-1.8954281780914074e-05
/epuck2/cmd_vel,26.026752648,0.012,-1.8954281780914074e-05
/epuck2/cmd_vel,26.107320991,0.012,-1.8954281780914074e-05
/epuck2/cmd_vel,26.146734155,0.012,-1.8954281780914074e-05
/epuck2/cmd_vel,26.200368308,0.012,-1.8954281780914074e-05
/epuck2/cmd_vel,26.236315411,0.012,-1.8954281780914074e-05
/epuck2/cmd_vel,26.299360346,0.012,-1.8954281780914074e-05
/epuck2/cmd_vel,26.353822868,0.012,-1.8954281780914074e-05
/epuck2/cmd_vel,26.409842908,0.012,-1.8954281780914074e-05
/epuck2/cmd_vel,26.447581775,0.012,-1.8954281780914074e-05
/epuck2/cmd_vel,26.503749189,0.012,-1.8954281780914074e-05
/epuck2/cmd_vel,26.543972624,0.012,-1.8954281780914074e-05
/epuck2/cmd_vel,26.622052785,0.012,-1.8954281780914074e-05
/epuck2/cmd_vel,26.661025021,0.012,-1.8954281780914074e-05
/epuck2/cmd_vel,26.715786435,0.012,-1.8954281780914074e-05
/epuck2/cmd_vel,26.751979652,0.012,-1.8954281780914074e-05
/epuck2/cmd_vel,26.832300341,0.012,-1.8954281780914074e-05
/epuck2/cmd_vel,26.872638367,0.012,-1.8954281780914074e-05
/epuck2/cmd_vel,26.928660586,0.012,-1.8954281780914074e-05
/epuck2/cmd_vel,26.964529441,0.012,-1.8954281780914074e-05
/epuck2/cmd_vel,27.020778862,0.012,-1.8954281780914074e-05
/epuck2/cmd_vel,27.075652392,0.012,-1.8954281780914074e-05
/epuck2/cmd_vel,27.135977094,0.012,-1.8954281780914074e-05
/epuck2/cmd_vel,27.17131231,0.012,-1.8954281780914074e-05
/epuck2/cmd_vel,27.227864701,0.012,-1.8954281780914074e-05
/epuck2/cmd_vel,27.265702213,0.012,-1.8954281780914074e-05
/epuck2/cmd_vel,27.341519366,0.012,-1.8954281780914074e-05
/epuck2/cmd_vel,27.383081633,0.012,-1.8954281780914074e-05
/epuck2/cmd_vel,27.43443698,0.012,-1.8954281780914074e-05
/epuck2/cmd_vel,27.469309752,0.012,-1.8954281780914074e-05
/epuck2/cmd_vel,27.531048734,0.012,-1.8954281780914074e-05
/epuck2/cmd_vel,27.583721344,0.012,-1.8954281780914074e-05
/epuck2/cmd_vel,27.642242869,0.012,-1.8954281780914074e-05
/epuck2/cmd_vel,27.680047426,0.012,-0.003989481930706695
/epuck2/cmd_vel,27.733775491,0.012,-0.003989481930706695
/epuck2/cmd_vel,27.773169516,0.012,-0.003989481930706695
/epuck2/cmd_vel,27.85861508,0.012,-1.895428178091442e-05
/epuck2/cmd_vel,27.899550055,0.012,-1.8954281780914074e-05
/epuck2/cmd_vel,27.955893139,0.012,-1.8954281780914074e-05
/epuck2/cmd_vel,27.988695402,0.012,-1.8954281780914074e-05
/epuck2/cmd_vel,28.046500716,0.012,-1.8954281780914074e-05
/epuck2/cmd_vel,28.08801377,0.012,-1.8954281780914074e-05
/epuck2/cmd_vel,28.168794599,0.012,-1.8954281780914074e-05
/epuck2/cmd_vel,28.209654913,0.012,-1.8954281780914074e-05
/epuck2/cmd_vel,28.262813712,0.012,-1.8954281780914074e-05
/epuck2/cmd_vel,28.299453397,0.012,-1.8954281780914074e-05
/epuck2/cmd_vel,28.35675018,0.012,-1.8954281780914074e-05
/epuck2/cmd_vel,28.424415631,0.012,-1.8954281780914074e-05
/epuck2/cmd_vel,28.499447334,0.012,-1.8954281780914074e-05
/epuck2/cmd_vel,28.5354063,0.012,-1.8954281780914074e-05
/epuck2/cmd_vel,28.588718419,0.012,-1.8954281780914074e-05
/epuck2/cmd_vel,28.625562155,0.012,-1.8954281780914074e-05
/epuck2/cmd_vel,28.691410743,0.012,-1.8954281780914074e-05
/epuck2/cmd_vel,28.753602342,0.012,-1.8954281780914074e-05
/epuck2/cmd_vel,28.813539099,0.012,-1.8954281780914074e-05
/epuck2/cmd_vel,28.848583594,0.012,-1.8954281780914074e-05
/epuck2/cmd_vel,28.903749801,0.012,-1.8954281780914074e-05
/epuck2/cmd_vel,28.942140324,0.012,-1.8954281780914074e-05
/epuck2/cmd_vel,29.015817301,0.012,-1.8954281780914074e-05
/epuck2/cmd_vel,29.056321194,0.012,-1.8954281780914074e-05
/epuck2/cmd_vel,29.110527192,0.012,-1.8954281780914074e-05
/epuck2/cmd_vel,29.146278255,0.012,-1.8954281780914074e-05
/epuck2/cmd_vel,29.206061165,0.012,-1.8954281780914074e-05
/epuck2/cmd_vel,29.26389277,0.012,-1.8954281780914074e-05
/epuck2/cmd_vel,29.322398364,0.012,-1.8954281780914074e-05
/epuck2/cmd_vel,29.358676576,0.012,-1.8954281780914074e-05
/epuck2/cmd_vel,29.41346924,0.012,0.003951573367144867
/epuck2/cmd_vel,29.453894484,0.012,0.003951573367144867
/epuck2/cmd_vel,29.532438249,0.012,-1.895428178091442e-05
/epuck2/cmd_vel,29.568809604,0.012,-1.8954281780914074e-05
/epuck2/cmd_vel,29.622492857,0.012,-1.8954281780914074e-05
/epuck2/cmd_vel,29.660315317,0.012,-1.8954281780914074e-05
/epuck2/cmd_vel,29.73809156,0.012,-1.8954281780914074e-05
/epuck2/cmd_vel,29.77657464,0.012,-1.8954281780914074e-05
/epuck2/cmd_vel,29.832628657,0.012,-1.8954281780914074e-05
/epuck2/cmd_vel,29.867435571,0.012,-1.8954281780914074e-05
/epuck2/cmd_vel,29.924440329,0.012,-1.8954281780914074e-05
/epuck2/cmd_vel,29.98328025,0.012,-1.8954281780914074e-05
/epuck2/cmd_vel,30.043055668,0.012,-1.8954281780914074e-05
/epuck2/cmd_vel,30.079511655,0.012,-1.8954281780914074e-05
/epuck2/cmd_vel,30.13420593,0.012,-1.8954281780914074e-05
/epuck2/cmd_vel,30.171553663,0.012,-1.8954281780914074e-05
/epuck2/cmd_vel,30.249250521,0.012,-1.8954281780914074e-05
/epuck2/cmd_vel,30.288219018,0.012,-1.8954281780914074e-05
/epuck2/cmd_vel,30.344318116,0.012,-1.8954281780914074e-05
/epuck2/cmd_vel,30.380559755,0.012,-1.8954281780914074e-05
/epuck2/cmd_vel,30.438815909,0.012,-1.8954281780914074e-05
/epuck2/cmd_vel,30.498878054,0.012,-1.8954281780914074e-05
/epuck2/cmd_vel,30.554057651,0.012,-1.8954281780914074e-05
/epuck2/cmd_vel,30.589819783,0.012,-1.8954281780914074e-05
/epuck2/cmd_vel,30.646416026,0.012,-1.8954281780914074e-05
/epuck2/cmd_vel,30.684952661,0.012,-1.8954281780914074e-05
/epuck2/cmd_vel,30.764017194,0.012,0.003951573367144867
/epuck2/cmd_vel,30.8017885,0.012,0.003951573367144867
/epuck2/cmd_vel,30.855008903,0.012,-1.895428178091442e-05
/epuck2/cmd_vel,30.891190764,0.012,-1.8954281780914074e-05
/epuck2/cmd_vel,30.971346036,0.012,-1.8954281780914074e-05
/epuck2/cmd_vel,31.012502882,0.012,-1.8954281780914074e-05
/epuck2/cmd_vel,31.067016218,0.012,-1.8954281780914074e-05
/epuck2/cmd_vel,31.10331031,0.012,-1.8954281780914074e-05
/epuck2/cmd_vel,31.160561135,0.012,-1.8954281780914074e-05
/epuck2/cmd_vel,31.218128265,0.012,-1.8954281780914074e-05
/epuck2/cmd_vel,31.277576999,0.012,-1.8954281780914074e-05
/epuck2/cmd_vel,31.31269545,0.012,-1.8954281780914074e-05
/epuck2/cmd_vel,31.367589893,0.012,-1.8954281780914074e-05
/epuck2/cmd_vel,31.406060554,0.012,-1.8954281780914074e-05
/epuck2/cmd_vel,31.483070056,0.012,-1.8954281780914074e-05
/epuck2/cmd_vel,31.524691295,0.012,-1.8954281780914074e-05
/epuck2/cmd_vel,31.581300417,0.012,-1.8954281780914074e-05
/epuck2/cmd_vel,31.614979772,0.012,-1.8954281780914074e-05
/epuck2/cmd_vel,31.676651356,0.012,-1.8954281780914074e-05
/epuck2/cmd_vel,31.7327303,0.012,-1.8954281780914074e-05
/epuck2/cmd_vel,31.79373108,0.012,-1.8954281780914074e-05
/epuck2/cmd_vel,31.829338173,0.012,-1.8954281780914074e-05
/epuck2/cmd_vel,31.884253368,0.012,-1.8954281780914074e-05
/epuck2/cmd_vel,31.925916819,0.012,-1.8954281780914074e-05
/epuck2/cmd_vel,32.00184195,0.012,-1.8954281780914074e-05
/epuck2/cmd_vel,32.043173402,0.012,-1.8954281780914074e-05
/epuck2/cmd_vel,32.094113614,0.012,-1.8954281780914074e-05
/epuck2/cmd_vel,32.131581984,0.012,-1.8954281780914074e-05
/epuck2/cmd_vel,32.20440562,0.012,-1.8954281780914074e-05
/epuck2/cmd_vel,32.246783215,0.012,-1.8954281780914074e-05
/epuck2/cmd_vel,32.30195738,0.012,-1.8954281780914074e-05
/epuck2/cmd_vel,32.337932054,0.012,-1.8954281780914074e-05
/epuck2/cmd_vel,32.39883559,0.012,-1.8954281780914074e-05
/epuck2/cmd_vel,32.457174504,0.012,-1.8954281780914074e-05
/epuck2/cmd_vel,32.516421233,0.012,-1.8954281780914074e-05
/epuck2/cmd_vel,32.55611414,0.012,-1.8954281780914074e-05
/epuck2/cmd_vel,32.609883349,0.012,-1.8954281780914074e-05
/epuck2/cmd_vel,32.648955766,0.012,-1.8954281780914074e-05
/epuck2/cmd_vel,32.726392142,0.012,-1.8954281780914074e-05
/epuck2/cmd_vel,32.768997046,0.012,-1.8954281780914074e-05
/epuck2/cmd_vel,32.823707297,0.012,-1.8954281780914074e-05
/epuck2/cmd_vel,32.858888445,0.012,-1.8954281780914074e-05
/epuck2/cmd_vel,32.920633045,0.012,-1.8954281780914074e-05
/epuck2/cmd_vel,32.975347099,0.012,-1.8954281780914074e-05
/epuck2/cmd_vel,33.032916606,0.012,-1.8954281780914074e-05
/epuck2/cmd_vel,33.071155666,0.012,-1.8954281780914074e-05
/epuck2/cmd_vel,33.128930234,0.012,-1.8954281780914074e-05
/epuck2/cmd_vel,33.168612732,0.012,-1.8954281780914074e-05
/epuck2/cmd_vel,33.244492881,0.012,-1.8954281780914074e-05
/epuck2/cmd_vel,33.28273054,0.012,-1.8954281780914074e-05
/epuck2/cmd_vel,33.336743558,0.012,-1.8954281780914074e-05
/epuck2/cmd_vel,33.376615978,0.012,-1.8954281780914074e-05
/epuck2/cmd_vel,33.455879886,0.012,-1.8954281780914074e-05
/epuck2/cmd_vel,33.499702933,0.012,-1.8954281780914074e-05
/epuck2/cmd_vel,33.554128697,0.012,-1.8954281780914074e-05
/epuck2/cmd_vel,33.590045988,0.012,-1.8954281780914074e-05
/epuck2/cmd_vel,33.648933732,0.012,-1.8954281780914074e-05
/epuck2/cmd_vel,33.705642272,0.012,-1.8954281780914074e-05
/epuck2/cmd_vel,33.767022937,0.012,-1.8954281780914074e-05
/epuck2/cmd_vel,33.802966646,0.012,-1.8954281780914074e-05
/epuck2/cmd_vel,33.858679099,0.012,-1.8954281780914074e-05
/epuck2/cmd_vel,33.899142126,0.012,-1.8954281780914074e-05
/epuck2/cmd_vel,33.97373391,0.012,-1.8954281780914074e-05
/epuck2/cmd_vel,34.011369086,0.012,-1.8954281780914074e-05
/epuck2/cmd_vel,34.066073843,0.012,-1.8954281780914074e-05
/epuck2/cmd_vel,34.10279799,0.012,-1.8954281780914074e-05
/epuck2/cmd_vel,34.1641278,0.012,-1.8954281780914074e-05
/epuck2/cmd_vel,34.221697513,0.012,-0.003989481930706695
/epuck2/cmd_vel,34.280667472,0.012,-0.003989481930706695
/epuck2/cmd_vel,34.317202641,0.012,-0.003989481930706695
/epuck2/cmd_vel,34.373518944,0.012,-1.895428178091442e-05
/epuck2/cmd_vel,34.413657104,0.012,-1.8954281780914074e-05
/epuck2/cmd_vel,34.489451627,0.012,0.003951573367144867
/epuck2/cmd_vel,34.526840106,0.012,0.003951573367144867
/epuck2/cmd_vel,34.580127898,0.012,-1.895428178091442e-05
/epuck2/cmd_vel,34.619117088,0.012,-1.8954281780914074e-05
/epuck2/cmd_vel,34.695939034,0.012,-1.8954281780914074e-05
/epuck2/cmd_vel,34.738960168,0.012,0.003951573367144867
/epuck2/cmd_vel,34.792839965,0.012,0.003951573367144867
/epuck2/cmd_vel,34.829552022,0.012,-1.895428178091442e-05
/epuck2/cmd_vel,34.887948953,0.012,-1.8954281780914074e-05
/epuck2/cmd_vel,34.945278643,0.012,-1.8954281780914074e-05
/epuck2/cmd_vel,35.00222906,0.012,-1.8954281780914074e-05
/epuck2/cmd_vel,35.039269423,0.012,-1.8954281780914074e-05
/epuck2/cmd_vel,35.095666758,0.012,-1.8954281780914074e-05
/epuck2/cmd_vel,35.135487164,0.012,-1.8954281780914074e-05
/epuck2/cmd_vel,35.207293943,0.012,-1.8954281780914074e-05
/epuck2/cmd_vel,35.259228496,0.012,-1.8954281780914074e-05
/epuck2/cmd_vel,35.318067048,0.012,-1.8954281780914074e-05
/epuck2/cmd_vel,35.35406979,0.012,-1.8954281780914074e-05
/epuck2/cmd_vel,35.409769057,0.012,-1.8954281780914074e-05
/epuck2/cmd_vel,35.447589585,0.012,-1.8954281780914074e-05
/epuck2/cmd_vel,35.532401787,0.012,-1.8954281780914074e-05
/epuck2/cmd_vel,35.573510792,0.012,-1.8954281780914074e-05
/epuck2/cmd_vel,35.629156905,0.012,-1.8954281780914074e-05
/epuck2/cmd_vel,35.664714408,0.012,-1.8954281780914074e-05
/epuck2/cmd_vel,35.722940976,0.012,-1.8954281780914074e-05
/epuck2/cmd_vel,35.777905643,0.012,-1.8954281780914074e-05
/epuck2/cmd_vel,35.837863397,0.012,-1.8954281780914074e-05
/epuck2/cmd_vel,35.875707814,0.012,-1.8954281780914074e-05
/epuck2/cmd_vel,35.927833025,0.012,-1.8954281780914074e-05
/epuck2/cmd_vel,35.968890768,0.012,-1.8954281780914074e-05
/epuck2/cmd_vel,36.046464477,0.012,-1.8954281780914074e-05
/epuck2/cmd_vel,36.087287008,0.012,-1.8954281780914074e-05
/epuck2/cmd_vel,36.139954211,0.012,-1.8954281780914074e-05
/epuck2/cmd_vel,36.1749098,0.012,-1.8954281780914074e-05
/epuck2/cmd_vel,36.235392524,0.012,-1.8954281780914074e-05
/epuck2/cmd_vel,36.292453189,0.012,-1.8954281780914074e-05
/epuck2/cmd_vel,36.352593781,0.012,-0.003989481930706695
/epuck2/cmd_vel,36.385915411,0.012,-0.003989481930706695
/epuck2/cmd_vel,36.442840107,0.012,-1.895428178091442e-05
/epuck2/cmd_vel,36.481307972,0.012,-1.8954281780914074e-05
/epuck2/cmd_vel,36.561862807,0.012,0.003951573367144867
/epuck2/cmd_vel,36.599573925,0.012,0.003951573367144867
/epuck2/cmd_vel,36.653591771,0.012,-1.895428178091442e-05
/epuck2/cmd_vel,36.692165439,0.012,-1.8954281780914074e-05
/epuck2/cmd_vel,36.770416094,0.012,-1.8954281780914074e-05
/epuck2/cmd_vel,36.808982595,0.012,-1.8954281780914074e-05
/epuck2/cmd_vel,37.317992388,0.012,-1.8954281780914074e-05
/epuck2/cmd_vel,37.354577796,0.012,-1.8954281780914074e-05
/epuck2/cmd_vel,37.409789637,0.012,-1.8954281780914074e-05
/epuck2/cmd_vel,37.469906353,0.012,-1.8954281780914074e-05
/epuck2/cmd_vel,37.530597504,0.012,-1.8954281780914074e-05
/epuck2/cmd_vel,37.565867703,0.012,-1.8954281780914074e-05
/epuck2/cmd_vel,37.619274264,0.012,-1.8954281780914074e-05
/epuck2/cmd_vel,37.658894106,0.012,-1.8954281780914074e-05
/epuck2/cmd_vel,37.734262577,0.012,-1.8954281780914074e-05
/epuck2/cmd_vel,37.774005285,0.012,-1.8954281780914074e-05
/epuck2/cmd_vel,37.828395766,0.012,-1.8954281780914074e-05
/epuck2/cmd_vel,37.863456646,0.012,-1.8954281780914074e-05
/epuck2/cmd_vel,37.925055211,0.012,-1.8954281780914074e-05
/epuck2/cmd_vel,37.979534732,0.012,-1.8954281780914074e-05
/epuck2/cmd_vel,38.050122586,0.012,-1.8954281780914074e-05
/epuck2/cmd_vel,38.087273774,0.012,-1.8954281780914074e-05
/epuck2/cmd_vel,38.14012729,0.012,-1.8954281780914074e-05
/epuck2/cmd_vel,38.179182249,0.012,-1.8954281780914074e-05
/epuck2/cmd_vel,38.24159322,0.012,-1.8954281780914074e-05
/epuck2/cmd_vel,38.30128314,0.012,-1.8954281780914074e-05
/epuck2/cmd_vel,38.362354825,0.012,-1.8954281780914074e-05
/epuck2/cmd_vel,38.398629538,0.012,-1.8954281780914074e-05
/epuck2/cmd_vel,38.451423363,0.012,-1.8954281780914074e-05
/epuck2/cmd_vel,38.491243769,0.012,-1.8954281780914074e-05
/epuck2/cmd_vel,38.563577907,0.012,-1.8954281780914074e-05
/epuck2/cmd_vel,38.617541989,0.012,0.20975915771819995
/epuck2/cmd_vel,38.674135596,0.012,0.3
/epuck2/cmd_vel,38.709502894,0.012,0.3
/epuck2/cmd_vel,38.765326475,0.012,0.3
/epuck2/cmd_vel,38.804707948,0.012,0.3
/epuck2/cmd_vel,38.903259425,0.012,0.3
/epuck2/cmd_vel,38.943942577,0.012,0.3
/epuck2/cmd_vel,39.00112753,0.012,0.3
/epuck2/cmd_vel,39.036479109,0.012,0.3
/epuck2/cmd_vel,39.094813229,0.012,0.3
/epuck2/cmd_vel,39.13638171,0.012,0.3
/epuck2/cmd_vel,39.234416157,0.012,0.3
/epuck2/cmd_vel,39.274892477,0.012,0.3
/epuck2/cmd_vel,39.329273706,0.012,0.3
/epuck2/cmd_vel,39.366351273,0.012,0.3
/epuck2/cmd_vel,39.42664816,0.012,0.3
/epuck2/cmd_vel,39.482020471,0.012,0.3
/epuck2/cmd_vel,39.541855243,0.012,0.2646997356383181
/epuck2/cmd_vel,39.576729288,0.012,0.2646997356383181
/epuck2/cmd_vel,39.63257217,0.012,0.22499474525135524
/epuck2/cmd_vel,39.67393561,0.012,0.22499474525135524
/epuck2/cmd_vel,39.745826038,0.012,0.1958778285948611
/epuck2/cmd_vel,39.783816393,0.012,0.1958778285948611
/epuck2/cmd_vel,39.838404156,0.012,0.1958778285948611
/epuck2/cmd_vel,39.875478142,0.012,0.16411389350574979
/epuck2/cmd_vel,39.955732488,0.012,0.16411389350574979
/epuck2/cmd_vel,39.995740724,0.012,0.14293774604481227
/epuck2/cmd_vel,40.050144735,0.012,0.14293774604481227
/epuck2/cmd_vel,40.085177759,0.012,0.12440890311878691
/epuck2/cmd_vel,40.144639756,0.012,0.12440890311878691
/epuck2/cmd_vel,40.203363962,0.012,0.12440890311878691
/epuck2/cmd_vel,40.265063108,0.012,0.1005857372252322
/epuck2/cmd_vel,40.300392004,0.012,0.1005857372252322
/epuck2/cmd_vel,40.355080845,0.012,0.084703912731824
/epuck2/cmd_vel,40.395783098,0.014004774350000105,0.07058659394318667
/epuck2/cmd_vel,40.46813763,0.017699209900000568,0.05955735047394838
/epuck2/cmd_vel,40.509548824,0.01978299130000022,0.05955735047394838
/epuck2/cmd_vel,40.563567325,0.022460800700000304,0.05955735047394838
/epuck2/cmd_vel,40.600418462,0.024318598850000483,0.050734194117136866
/epuck2/cmd_vel,40.662005288,0.025,0.050734194117136866
/epuck2/cmd_vel,40.71608179,0.025,0.04411664803559389
/epuck2/cmd_vel,40.774825495,0.025,0.04411664803559389
/epuck2/cmd_vel,40.810042569,0.025,0.04411664803559389
/epuck2/cmd_vel,40.867596616,0.0,0.0
/epuck2/cmd_vel,40.908309913,0.0,0.0
/epuck2/cmd_vel,40.990224288,0.0,0.0
/epuck2/cmd_vel,41.031123027,0.0,0.0
/epuck2/cmd_vel,41.086755197,0.0,0.0
/epuck2/cmd_vel,41.124305126,0.0,0.0
/epuck2/cmd_vel,41.180776165,0.0,0.0
/epuck2/cmd_vel,41.221360825,0.0,0.0
/epuck2/cmd_vel,41.304951247,0.0,0.0
/epuck2/cmd_vel,41.342811374,0.0,0.0
/epuck2/cmd_vel,41.397276669,0.0,0.0
/epuck2/cmd_vel,41.435152614,0.0,0.0
/epuck2/cmd_vel,41.496314634,0.0,0.0
/epuck2/cmd_vel,41.546457346,0.0,0.0
/epuck2/cmd_vel,41.608412637,0.0,0.0
/epuck2/cmd_vel,41.643654037,0.0,0.0
/epuck2/cmd_vel,41.698930237,0.0,0.0
/epuck2/cmd_vel,41.739581937,0.0,0.0
/epuck2/cmd_vel,41.818999237,0.0,0.0
/epuck2/cmd_vel,41.859129837,0.0,0.0
/epuck2/cmd_vel,41.912778337,0.0,0.0
/epuck2/cmd_vel,41.950196437,0.0,0.0
/epuck2/cmd_vel,42.026237737,0.0,0.0
/epuck2/cmd_vel,42.067916437,0.0,0.0
/epuck2/cmd_vel,42.123763237,0.0,0.0
/epuck2/cmd_vel,42.159584437,0.0,0.0
/epuck2/cmd_vel,42.218451037,0.0,0.0
/epuck2/cmd_vel,42.277881337,0.0,0.0
/epuck2/cmd_vel,42.337408837,0.0,0.0
/epuck2/cmd_vel,42.373463637,0.0,0.0
/epuck2/cmd_vel,42.430884937,0.0,0.0
/epuck2/cmd_vel,42.470793737,0.0,0.0
/epuck2/cmd_vel,42.545235737,0.0,0.0
/epuck2/cmd_vel,42.583856513,0.0,0.0
/epuck2/cmd_vel,42.636425807,0.0,0.0
/epuck2/cmd_vel,42.674485151,0.0,0.0
/epuck2/cmd_vel,42.732101876,0.0,0.0
/epuck2/cmd_vel,42.790785796,0.0,0.0
/epuck2/cmd_vel,42.849018031,0.0,0.0
/epuck2/cmd_vel,42.883764226,0.0,0.0
/epuck2/cmd_vel,42.941779379,0.0,0.0
/epuck2/cmd_vel,42.982500527,0.0,0.0
/epuck2/cmd_vel,43.057078358,0.0,0.0
/epuck2/cmd_vel,43.094532387,0.0,0.0
/epuck2/cmd_vel,43.149639452,0.0,0.0
/epuck2/cmd_vel,43.187461916,0.0,0.0
/epuck2/cmd_vel,43.24861986,0.0,0.0
/epuck2/cmd_vel,43.309742167,0.0,0.0
/epuck2/cmd_vel,43.370101965,0.0,0.0
/epuck2/cmd_vel,43.40771091,0.0,0.0
/epuck2/cmd_vel,43.462957748,0.0,0.0
/epuck2/cmd_vel,43.502011928,0.0,0.0
/epuck2/cmd_vel,43.577653688,0.0,0.0
/epuck2/cmd_vel,43.617969181,0.0,0.0
/epuck2/cmd_vel,43.672529334,0.0,0.0
/epuck2/cmd_vel,43.706781378,0.0,0.0
/epuck2/cmd_vel,43.766197814,0.0,0.0
/epuck2/cmd_vel,43.817611614,0.0,0.0
/epuck2/cmd_vel,43.887554204,0.0,0.0
/epuck2/cmd_vel,43.927325853,0.0,0.0
/epuck2/cmd_vel,43.980184689,0.0,0.0
/epuck2/cmd_vel,44.019158291,0.0,0.0
/epuck2/cmd_vel,44.08126118,0.0,0.0
/epuck2/cmd_vel,44.140405497,0.0,0.0
/epuck2/cmd_vel,44.201394862,0.0,0.0
/epuck2/cmd_vel,44.236568094,0.0,0.0
/epuck2/cmd_vel,44.290078968,0.0,0.0
/epuck2/cmd_vel,44.332209912,0.0,0.0
/epuck2/cmd_vel,44.397577049,0.0,0.0
/epuck2/cmd_vel,44.436043434,0.0,0.0
/epuck2/cmd_vel,44.48878873,0.0,0.0
/epuck2/cmd_vel,44.525912038,0.0,0.0
/epuck2/cmd_vel,44.585506753,0.0,0.0
/epuck2/cmd_vel,44.637395005,0.0,0.0
/epuck2/cmd_vel,44.708310059,0.0,0.0
/epuck2/cmd_vel,44.745579078,0.0,0.0
/epuck2/cmd_vel,44.800804732,0.0,0.0
/epuck2/cmd_vel,44.838203227,0.0,0.0
/epuck2/cmd_vel,44.899918477,0.0,0.0
/epuck2/cmd_vel,44.9601192,0.0,0.0
/epuck2/cmd_vel,45.02150056,0.0,0.0
/epuck2/cmd_vel,45.05882036,0.0,0.0
/epuck2/cmd_vel,45.112772229,0.0,0.0
/epuck2/cmd_vel,45.152096251,0.0,0.0
/epuck2/cmd_vel,45.223821527,0.0,0.0
/epuck2/cmd_vel,45.275470524,0.0,0.0
/epuck2/cmd_vel,45.332662191,0.0,0.0
/epuck2/cmd_vel,45.368169311,0.0,0.0
/epuck2/cmd_vel,45.42662041,0.0,0.0
/epuck2/cmd_vel,45.465395541,0.0,0.0
/epuck2/cmd_vel,45.549366006,0.0,0.0
/epuck2/cmd_vel,45.592542171,0.0,0.0
/epuck2/cmd_vel,45.64565521,0.0,0.0
/epuck2/cmd_vel,45.680475448,0.0,0.0
/epuck2/cmd_vel,45.736844421,0.0,0.0
/epuck2/cmd_vel,45.779441898,0.0,0.0
/epuck2/cmd_vel,45.875616572,0.0,0.0
/epuck2/cmd_vel,45.914880607,0.0,0.0
/epuck2/cmd_vel,45.969591718,0.0,0.0
/epuck2/cmd_vel,46.004789103,0.0,0.0
/epuck2/cmd_vel,46.066463569,0.0,0.0
/epuck2/cmd_vel,46.122061717,0.0,0.0
/epuck2/cmd_vel,46.179194288,0.0,0.0
/epuck2/cmd_vel,46.216763143,0.0,0.0
/epuck2/cmd_vel,46.272190437,0.0,0.0
/epuck2/cmd_vel,46.312520976,0.0,0.0
/epuck2/cmd_vel,46.388273603,0.0,0.0
/epuck2/cmd_vel,46.425882054,0.0,0.0
/epuck2/cmd_vel,46.479479939,0.0,0.0
/epuck2/cmd_vel,46.517127292,0.0,0.0
/epuck2/cmd_vel,46.594186966,0.0,0.0
/epuck2/cmd_vel,46.634142833,0.0,0.0
/epuck2/cmd_vel,46.690637125,0.0,0.0
/epuck2/cmd_vel,46.725376193,0.0,0.0
/epuck2/cmd_vel,46.784433696,0.0,0.0
/epuck2/cmd_vel,46.838359432,0.0,0.0
/epuck2/cmd_vel,46.899272774,0.0,0.0
/epuck2/cmd_vel,46.935190004,0.0,0.0
/epuck2/cmd_vel,46.987608737,0.0,0.0
/epuck2/cmd_vel,47.029157627,0.0,0.0
/epuck2/cmd_vel,47.103170827,0.0,0.0
/epuck2/cmd_vel,47.14273658,0.0,0.0
/epuck2/cmd_vel,47.19573984,0.0,0.0
/epuck2/cmd_vel,47.232519162,0.0,0.0
/epuck2/cmd_vel,47.292394114,0.0,0.0
/epuck2/cmd_vel,47.346606916,0.0,0.0
/epuck2/cmd_vel,47.418637671,0.0,0.0
/epuck2/cmd_vel,47.455079739,0.0,0.0
/epuck2/cmd_vel,47.509225328,0.0,0.0
/epuck2/cmd_vel,47.547278732,0.0,0.0
/epuck2/cmd_vel,47.621337467,0.0,0.0
/epuck2/cmd_vel,47.660981717,0.0,0.0
/epuck2/cmd_vel,47.716929592,0.0,0.0
/epuck2/cmd_vel,47.751943254,0.0,0.0
/epuck2/cmd_vel,47.811837707,0.0,0.0
/epuck2/cmd_vel,47.853916286,0.0,0.0
/epuck2/cmd_vel,47.936715221,0.0,0.0
/epuck2/cmd_vel,47.973436337,0.0,0.0
/epuck2/cmd_vel,48.02623677,0.0,0.0
/epuck2/cmd_vel,48.062299513,0.0,0.0
/epuck2/cmd_vel,48.122791956,0.0,0.0
/epuck2/cmd_vel,48.181187226,0.0,0.0
/epuck2/cmd_vel,48.240662164,0.0,0.0
/epuck2/cmd_vel,48.275160393,0.0,0.0
/epuck2/cmd_vel,48.330438213,0.0,0.0
/epuck2/cmd_vel,48.371637872,0.0,0.0
/epuck2/cmd_vel,48.447777942,0.0,0.0
/epuck2/cmd_vel,48.484532913,0.0,0.0
/epuck2/cmd_vel,48.537264251,0.0,0.0
/epuck2/cmd_vel,48.573497651,0.0,0.0
/epuck2/cmd_vel,48.653024616,0.0,0.0
/epuck2/cmd_vel,48.692239355,0.0,0.0
/epuck2/cmd_vel,48.748993294,0.0,0.0
/epuck2/cmd_vel,48.783000737,0.0,0.0
/epuck2/cmd_vel,48.841202979,0.0,0.0
/epuck2/cmd_vel,48.900380259,0.0,0.0
/epuck2/cmd_vel,48.960272335,0.0,0.0
/epuck2/cmd_vel,48.994485872,0.0,0.0
/epuck2/cmd_vel,49.050184692,0.0,0.0
/epuck2/cmd_vel,49.088749571,0.0,0.0
/epuck2/cmd_vel,49.167747837,0.0,0.0
/epuck2/cmd_vel,49.20679489,0.0,0.0
/epuck2/cmd_vel,49.261168846,0.0,0.0
/epuck2/cmd_vel,49.297964501,0.0,0.0
/epuck2/cmd_vel,49.357708292,0.0,0.0
/epuck2/cmd_vel,49.411349534,0.0,0.0
/epuck2/cmd_vel,49.471033735,0.0,0.0
/epuck2/cmd_vel,49.507027483,0.0,0.0
/epuck2/cmd_vel,49.563388834,0.0,0.0
/epuck2/cmd_vel,49.602562691,0.0,0.0
/epuck2/cmd_vel,49.679487641,0.0,0.0
/epuck2/cmd_vel,49.71708352,0.0,0.0
/epuck2/cmd_vel,49.770527972,0.0,0.0
/epuck2/cmd_vel,49.808001601,0.0,0.0
/epuck2/cmd_vel,49.884262139,0.0,0.0
/epuck2/cmd_vel,49.923654068,0.0,0.0
/epuck2/cmd_vel,49.9787938,0.0,0.0
/epuck2/cmd_vel,50.013445559,0.0,0.0
/epuck2/cmd_vel,50.072525434,0.0,0.0
/epuck2/cmd_vel,50.112249272,0.0,0.0
/epuck2/cmd_vel,50.19632922,0.0,0.0
/epuck2/cmd_vel,50.23441282,0.0,0.0
/epuck2/cmd_vel,50.29074142,0.0,0.0
/epuck2/cmd_vel,50.32747052,0.0,0.0
/epuck2/cmd_vel,50.38633692,0.0,0.0
/epuck2/cmd_vel,50.43867672,0.0,0.0
/epuck2/cmd_vel,50.50996472,0.0,0.0
/epuck2/cmd_vel,50.54890802,0.0,0.0
/epuck2/cmd_vel,50.602838611,0.0,0.0
/epuck2/cmd_vel,50.637674786,0.0,0.0
/epuck2/cmd_vel,50.696241445,0.0,0.0
/epuck2/cmd_vel,50.755070361,0.0,0.0
/epuck2/cmd_vel,50.809743753,0.0,0.0
/epuck2/cmd_vel,50.842281386,0.0,0.0
/epuck2/cmd_vel,50.891873603,0.0,0.0
/epuck2/cmd_vel,50.92821137,0.0,0.0
/epuck2/cmd_vel,50.99976142,0.0,0.0
/epuck2/cmd_vel,51.03453407,0.0,0.0
/epuck2/cmd_vel,51.085149653,0.0,0.0
/epuck2/cmd_vel,51.136215961,0.0,0.0
/epuck2/cmd_vel,51.173366536,0.0,0.0
/epuck2/cmd_vel,51.224887053,0.0,0.0
/epuck2/cmd_vel,51.290351536,0.0,0.0
/epuck2/cmd_vel,51.32668692,0.0,0.0
/epuck2/cmd_vel,51.375044478,0.0,0.0
/epuck2/cmd_vel,51.410405445,0.0,0.0
/epuck2/cmd_vel,51.468581053,0.0,0.0
/epuck2/cmd_vel,51.527634461,0.0,0.0
/epuck2/cmd_vel,51.582078228,0.0,0.0
/epuck2/cmd_vel,51.63272122,0.0,0.0
/epuck2/cmd_vel,51.667957428,0.0,0.0
/epuck2/cmd_vel,51.703590095,0.0,0.0
/epuck2/cmd_vel,51.771257786,0.0,0.0
/epuck2/cmd_vel,51.816148695,0.0,0.0
/epuck2/cmd_vel,51.870397303,0.0,0.0
/epuck2/cmd_vel,51.903658645,0.0,0.0
/epuck2/cmd_vel,51.955214636,0.0,0.0
/epuck2/cmd_vel,51.992134395,0.0,0.0
/epuck2/cmd_vel,52.071827378,0.0,0.0
/epuck2/cmd_vel,52.126639186,0.0,0.0
/epuck2/cmd_vel,52.160771636,0.0,0.0
/epuck2/cmd_vel,52.193400845,0.0,0.0
/epuck2/cmd_vel,52.246697678,0.0,0.0
/epuck2/cmd_vel,52.296666461,0.0,0.0
/epuck2/cmd_vel,52.354493095,0.0,0.0
/epuck2/cmd_vel,52.387699345,0.0,0.0
/epuck2/cmd_vel,52.437678578,0.0,0.0
/epuck2/cmd_vel,52.473284111,0.0,0.0
/epuck2/cmd_vel,52.54341012,0.0,0.0
/epuck2/cmd_vel,52.598156203,0.0,0.0
/epuck2/cmd_vel,52.629752328,0.0,0.0
/epuck2/cmd_vel,52.664046203,0.0,0.0
/epuck2/cmd_vel,52.720641478,0.0,0.0
/epuck2/cmd_vel,52.773904395,0.0,0.0
/epuck2/cmd_vel,52.82784152,0.0,0.0
/epuck2/cmd_vel,52.861146678,0.0,0.0
/epuck2/cmd_vel,52.911381386,0.0,0.0
/epuck2/cmd_vel,52.948544795,0.0,0.0
/epuck2/cmd_vel,53.028277745,0.0,0.0
/epuck2/cmd_vel,53.083366478,0.0,0.0
/epuck2/cmd_vel,53.116903095,0.0,0.0
/epuck2/cmd_vel,53.150774753,0.0,0.0
/epuck2/cmd_vel,53.203891095,0.0,0.0
/epuck2/cmd_vel,53.255002045,0.0,0.0
/epuck2/cmd_vel,53.311785786,0.0,0.0
/epuck2/cmd_vel,53.346512053,0.0,0.0
/epuck2/cmd_vel,53.395196037,0.0,0.0
/epuck2/cmd_vel,53.432220478,0.0,0.0
/epuck2/cmd_vel,53.507376328,0.0,0.0
/epuck2/cmd_vel,53.560518978,0.0,0.0
/epuck2/cmd_vel,53.591679503,0.0,0.0
/epuck2/cmd_vel,53.625009503,0.0,0.0
/epuck2/cmd_vel,53.680506611,0.0,0.0
/epuck2/cmd_vel,53.733142711,0.0,0.0
/epuck2/cmd_vel,53.800291478,0.0,0.0
/epuck2/cmd_vel,53.83750787,0.0,0.0
/epuck2/cmd_vel,53.886087995,0.0,0.0
/epuck2/cmd_vel,53.919980003,0.0,0.0
/epuck2/cmd_vel,53.979545003,0.0,0.0
/epuck2/cmd_vel,54.055037545,0.0,0.0
/epuck2/cmd_vel,54.092296103,0.0,0.0
/epuck2/cmd_vel,54.126151903,0.0,0.0
/epuck2/cmd_vel,54.175824787,0.0,0.0
/epuck2/cmd_vel,54.210951912,0.0,0.0
/epuck2/cmd_vel,54.28063022,0.0,0.0
/epuck2/cmd_vel,54.328904912,0.0,0.0
/epuck2/cmd_vel,54.38110477,0.0,0.0
/epuck2/cmd_vel,54.413265837,0.0,0.0
/epuck2/cmd_vel,54.467642503,0.0,0.0
/epuck2/cmd_vel,54.538963937,0.0,0.0
/epuck2/cmd_vel,54.577077012,0.0,0.0
/epuck2/cmd_vel,54.611837378,0.0,0.0
/epuck2/cmd_vel,54.662351303,0.0,0.0
/epuck2/cmd_vel,54.698282712,0.0,0.0
/epuck2/cmd_vel,54.770234262,0.0,0.0
/epuck2/cmd_vel,54.811081045,0.0,0.0
/epuck2/cmd_vel,54.865311645,0.0,0.0
/epuck2/cmd_vel,54.900677745,0.0,0.0
/epuck2/cmd_vel,54.959967345,0.0,0.0
/epuck2/cmd_vel,55.040221945,0.0,0.0
/epuck2/cmd_vel,55.079183945,0.0,0.0
/epuck2/cmd_vel,55.114917845,0.0,0.0
/epuck2/cmd_vel,55.166365745,0.0,0.0
/epuck2/cmd_vel,55.207550545,0.0,0.0
/epuck2/cmd_vel,55.285044245,0.0,0.0
/epuck2/cmd_vel,55.334407145,0.0,0.0
/epuck2/cmd_vel,55.392376445,0.0,0.0
/epuck2/cmd_vel,55.428662845,0.0,0.0
/epuck2/cmd_vel,55.488891245,0.0,0.0
/epuck2/cmd_vel,55.527900645,0.0,0.0
/epuck2/cmd_vel,55.603338045,0.0,0.0
/epuck2/cmd_vel,55.642288645,0.0,0.0
/epuck2/cmd_vel,55.699139545,0.0,0.0
/epuck2/cmd_vel,55.734653245,0.0,0.0
/epuck2/cmd_vel,55.812238745,0.0,0.0
/epuck2/cmd_vel,55.853650445,0.0,0.0
/epuck2/cmd_vel,55.908818545,0.0,0.0
/epuck2/cmd_vel,55.945097445,0.0,0.0
/epuck2/cmd_vel,56.005117145,0.0,0.0
/epuck2/cmd_vel,56.048269345,0.0,0.0
/epuck2/cmd_vel,56.129038145,0.0,0.0
/epuck2/cmd_vel,56.169677245,0.0,0.0
/epuck2/cmd_vel,56.223684045,0.0,0.0
/epuck2/cmd_vel,56.260501845,0.0,0.0
/epuck2/cmd_vel,56.320217745,0.0,0.0
/epuck2/cmd_vel,56.375497945,0.0,0.0
/epuck2/cmd_vel,56.445640045,0.0,0.0
/epuck2/cmd_vel,56.484045045,0.0,0.0
/epuck2/cmd_vel,56.540267745,0.0,0.0
/epuck2/cmd_vel,56.579753345,0.0,0.0
/epuck2/cmd_vel,56.639010145,0.0,0.0
/epuck2/cmd_vel,56.699067145,0.0,0.0
/epuck2/cmd_vel,56.759995745,0.0,0.0
/epuck2/cmd_vel,56.796987545,0.0,0.0
/epuck2/cmd_vel,56.852046845,0.0,0.0
/epuck2/cmd_vel,56.892542645,0.0,0.0
/epuck2/cmd_vel,56.967656946,0.0,0.0
/epuck2/cmd_vel,57.007007046,0.0,0.0
/epuck2/cmd_vel,57.066711646,0.0,0.0
/epuck2/cmd_vel,57.102893646,0.0,0.0
/epuck2/cmd_vel,57.165405946,0.0,0.0
/epuck2/cmd_vel,57.214289246,0.0,0.0
/epuck2/cmd_vel,57.271391346,0.0,0.0
/epuck2/cmd_vel,57.307682346,0.0,0.0
/epuck2/cmd_vel,57.366532146,0.0,0.0
/epuck2/cmd_vel,57.407790246,0.0,0.0
/epuck2/cmd_vel,57.484245046,0.0,0.0
/epuck2/cmd_vel,57.521791746,0.0,0.0
/epuck2/cmd_vel,57.576774146,0.0,0.0
/epuck2/cmd_vel,57.616072946,0.0,0.0
/epuck2/cmd_vel,57.693336146,0.0,0.0
/epuck2/cmd_vel,57.734445846,0.0,0.0
/epuck2/cmd_vel,57.790718546,0.0,0.0
/epuck2/cmd_vel,57.826632246,0.0,0.0
/epuck2/cmd_vel,57.884942746,0.0,0.0
/epuck2/cmd_vel,57.940694746,0.0,0.0
/epuck2/cmd_vel,58.001339146,0.0,0.0
/epuck2/cmd_vel,58.038267846,0.0,0.0
/epuck2/cmd_vel,58.091598946,0.0,0.0
/epuck2/cmd_vel,58.129695146,0.0,0.0
/epuck2/cmd_vel,58.211978346,0.0,0.0
/epuck2/cmd_vel,58.251792646,0.0,0.0
/epuck2/cmd_vel,58.308926046,0.0,0.0
/epuck2/cmd_vel,58.346472846,0.0,0.0
/epuck2/cmd_vel,58.407227646,0.0,0.0
/epuck2/cmd_vel,58.462658046,0.0,0.0
/epuck2/cmd_vel,58.520354646,0.0,0.0
/epuck2/cmd_vel,58.553903846,0.0,0.0
/epuck2/cmd_vel,58.611685623,0.0,0.0
/epuck2/cmd_vel,58.65252016,0.0,0.0
/epuck2/cmd_vel,58.732082186,0.0,0.0
/epuck2/cmd_vel,58.768341363,0.0,0.0
/epuck2/cmd_vel,58.824523799,0.0,0.0
/epuck2/cmd_vel,58.86096609,0.0,0.0
/epuck2/cmd_vel,58.938624925,0.0,0.0
/epuck2/cmd_vel,58.980613525,0.0,0.0
/epuck2/cmd_vel,59.035226245,0.0,0.0
/epuck2/cmd_vel,59.069819237,0.0,0.0
/epuck2/cmd_vel,59.126519354,0.0,0.0
/epuck2/cmd_vel,59.18243233,0.0,0.0
/epuck2/cmd_vel,59.243265355,0.0,0.0
/epuck2/cmd_vel,59.280878581,0.0,0.0
/epuck2/cmd_vel,59.334320466,0.0,0.0
/epuck2/cmd_vel,59.374838003,0.0,0.0
/epuck2/cmd_vel,59.450620048,0.0,0.0
/epuck2/cmd_vel,59.500652049,0.0,0.0
/epuck2/cmd_vel,59.559608582,0.0,0.0
/epuck2/cmd_vel,59.593648859,0.0,0.0
/epuck2/cmd_vel,59.650190872,0.0,0.0
/epuck2/cmd_vel,59.689243004,0.0,0.0
/epuck2/cmd_vel,59.771680956,0.0,0.0
/epuck2/cmd_vel,59.811557446,0.0,0.0
/epuck2/cmd_vel,59.866604975,0.0,0.0
/epuck2/cmd_vel,59.90350639,0.0,0.0
/epuck2/cmd_vel,59.962647922,0.0,0.0
/epuck2/cmd_vel,60.002998622,0.0,0.0
/epuck2/cmd_vel,60.083845321,0.0,0.0
/epuck2/cmd_vel,60.124309859,0.0,0.0
/epuck2/cmd_vel,60.175773323,0.0,0.0
/epuck2/cmd_vel,60.214362361,0.0,0.0
/epuck2/cmd_vel,60.272874558,0.0,0.0
/epuck2/cmd_vel,60.332515509,0.0,0.0
/epuck2/cmd_vel,60.388232767,0.0,0.0
/epuck2/cmd_vel,60.422781097,0.0,0.0
/epuck2/cmd_vel,60.479003927,0.0,0.0
/epuck2/cmd_vel,60.518974604,0.0,0.0
/epuck2/cmd_vel,60.600348115,0.0,0.0
/epuck2/cmd_vel,60.634569719,0.0,0.0
/epuck2/cmd_vel,60.688993967,0.0,0.0
/epuck2/cmd_vel,60.725240837,0.0,0.0
/epuck2/cmd_vel,60.805287792,0.0,0.0
/epuck2/cmd_vel,60.845940208,0.0,0.0
/epuck2/cmd_vel,60.903397988,0.0,0.0
/epuck2/cmd_vel,60.938316515,0.0,0.0
/epuck2/cmd_vel,60.995929818,0.0,0.0
/epuck2/cmd_vel,61.050450138,0.0,0.0
/epuck2/cmd_vel,61.11083317,0.0,0.0
/epuck2/cmd_vel,61.149907335,0.0,0.0
/epuck2/cmd_vel,61.20289357,0.0,0.0
/epuck2/cmd_vel,61.24427715,0.0,0.0
/epuck2/cmd_vel,61.323216986,0.0,0.0
/epuck2/cmd_vel,61.365052346,0.0,0.0
/epuck2/cmd_vel,61.41700977,0.0,0.0
/epuck2/cmd_vel,61.454032268,0.0,0.0
/epuck2/cmd_vel,61.514443785,0.0,0.0
/epuck2/cmd_vel,61.56737454,0.0,0.0
/epuck2/cmd_vel,61.627634405,0.0,0.0
/epuck2/cmd_vel,61.662173108,0.0,0.0
/epuck2/cmd_vel,61.717315915,0.0,0.0
/epuck2/cmd_vel,61.7577347,0.0,0.0
/epuck2/cmd_vel,61.836402,0.0,0.0
/epuck2/cmd_vel,61.875462567,0.0,0.0
/epuck2/cmd_vel,61.928116022,0.0,0.0
/epuck2/cmd_vel,61.965684486,0.0,0.0
/epuck2/cmd_vel,62.046347775,0.0,0.0
/epuck2/cmd_vel,62.085959668,0.0,0.0
/epuck2/cmd_vel,62.141054538,0.0,0.0
/epuck2/cmd_vel,62.176913148,0.0,0.0
/epuck2/cmd_vel,62.234288155,0.0,0.0
/epuck2/cmd_vel,62.293521194,0.0,0.0
/epuck2/cmd_vel,62.35214316,0.0,0.0
/epuck2/cmd_vel,62.388419111,0.0,0.0
/epuck2/cmd_vel,62.442315852,0.0,0.0
/epuck2/cmd_vel,62.483426101,0.0,0.0
/epuck2/cmd_vel,62.558445123,0.0,0.0
/epuck2/cmd_vel,62.597577447,0.0,0.0
/epuck2/cmd_vel,62.655564818,0.0,0.0
/epuck2/cmd_vel,62.691452408,0.0,0.0
/epuck2/cmd_vel,62.751921489,0.0,0.0
/epuck2/cmd_vel,62.802277637,0.0,0.0
/epuck2/cmd_vel,62.860875783,0.0,0.0
/epuck2/cmd_vel,62.895152272,0.0,0.0
/epuck2/cmd_vel,62.952073216,0.0,0.0
/epuck2/cmd_vel,62.990798721,0.0,0.0
/epuck2/cmd_vel,63.072877988,0.0,0.0
/epuck2/cmd_vel,63.114024166,0.0,0.0
/epuck2/cmd_vel,63.169718795,0.0,0.0
/epuck2/cmd_vel,63.206258548,0.0,0.0
/epuck2/cmd_vel,63.262999059,0.0,0.0
/epuck2/cmd_vel,63.303575549,0.0,0.0
/epuck2/cmd_vel,63.384760289,0.0,0.0
/epuck2/cmd_vel,63.426002738,0.0,0.0
/epuck2/cmd_vel,63.478477147,0.0,0.0
/epuck2/cmd_vel,63.515148504,0.0,0.0
/epuck2/cmd_vel,63.577275037,0.0,0.0
/epuck2/cmd_vel,63.620399933,0.0,0.0
/epuck2/cmd_vel,63.682786397,0.0,0.0
/epuck2/cmd_vel,63.716605449,0.0,0.0
/epuck2/cmd_vel,63.773031937,0.0,0.0
/epuck2/cmd_vel,63.811668019,0.0,0.0
/epuck2/cmd_vel,63.895557481,0.0,0.0
/epuck2/cmd_vel,63.936247016,0.0,0.0
/epuck2/cmd_vel,63.991382478,0.0,0.0
/epuck2/cmd_vel,64.026684602,0.0,0.0
/epuck2/cmd_vel,64.083442183,0.0,0.0
/epuck2/cmd_vel,64.130417825,0.0,0.0
/epuck2/cmd_vel,64.201698649,0.0,0.0
/epuck2/cmd_vel,64.237759627,0.0,0.0
/epuck2/cmd_vel,64.291818937,0.0,0.0
/epuck2/cmd_vel,64.329016212,0.0,0.0
/epuck2/cmd_vel,64.393025192,0.0,0.0
/epuck2/cmd_vel,64.454923254,0.0,0.0
/epuck2/cmd_vel,64.514019231,0.0,0.0
/epuck2/cmd_vel,64.550438298,0.0,0.0
/epuck2/cmd_vel,64.605960433,0.0,0.0
/epuck2/cmd_vel,64.644547982,0.0,0.0
/epuck2/cmd_vel,64.718878219,0.0,0.0
/epuck2/cmd_vel,64.771880036,0.0,0.0
/epuck2/cmd_vel,64.827099264,0.0,0.0
/epuck2/cmd_vel,64.864678249,0.0,0.0
/epuck2/cmd_vel,64.917874394,0.0,0.0
/epuck2/cmd_vel,64.958239982,0.0,0.0
/epuck2/cmd_vel,65.0404843,0.0,0.0
/epuck2/cmd_vel,65.081598618,0.0,0.0
/epuck2/cmd_vel,65.140645467,0.0,0.0
/epuck2/cmd_vel,65.174306515,0.0,0.0
/epuck2/cmd_vel,65.232771966,0.0,0.0
/epuck2/cmd_vel,65.288023153,0.0,0.0
/epuck2/cmd_vel,65.348671378,0.0,0.0
/epuck2/cmd_vel,65.383852914,0.0,0.0
/epuck2/cmd_vel,65.435751285,0.0,0.0
/epuck2/cmd_vel,65.475670948,0.0,0.0
/epuck2/cmd_vel,65.553162848,0.0,0.0
/epuck2/cmd_vel,65.591836346,0.0,0.0
/epuck2/cmd_vel,65.645286965,0.0,0.0
/epuck2/cmd_vel,65.682832403,0.0,0.0
/epuck2/cmd_vel,65.74476818,0.0,0.0
/epuck2/cmd_vel,65.800327236,0.0,0.0
/epuck2/cmd_vel,65.8598872,0.0,0.0
/epuck2/cmd_vel,65.894413795,0.0,0.0
/epuck2/cmd_vel,65.951046522,0.0,0.0
/epuck2/cmd_vel,65.992150717,0.0,0.0
/epuck2/cmd_vel,66.068306333,0.0,0.0
/epuck2/cmd_vel,66.105308783,0.0,0.0
/epuck2/cmd_vel,66.160678175,0.0,0.0
/epuck2/cmd_vel,66.197417417,0.0,0.0
/epuck2/cmd_vel,66.27505541,0.0,0.0
/epuck2/cmd_vel,66.316703289,0.0,0.0
/epuck2/cmd_vel,66.371005858,0.0,0.0
/epuck2/cmd_vel,66.406802041,0.0,0.0
/epuck2/cmd_vel,66.46379504,0.0,0.0
/epuck2/cmd_vel,66.521042016,0.0,0.0
/epuck2/cmd_vel,66.581981734,0.0,0.0
/epuck2/cmd_vel,66.618425414,0.0,0.0
/epuck2/cmd_vel,66.672215348,0.0,0.0
/epuck2/cmd_vel,66.713701254,0.0,0.0
/epuck2/cmd_vel,66.792368665,0.0,0.0
/epuck2/cmd_vel,66.832342138,0.0,0.0
/epuck2/cmd_vel,66.885724198,0.0,0.0
/epuck2/cmd_vel,66.924105174,0.0,0.0
/epuck2/cmd_vel,66.984292234,0.0,0.0
/epuck2/cmd_vel,67.042170511,0.0,0.0
/epuck2/cmd_vel,67.097774092,0.0,0.0
/epuck2/cmd_vel,67.13542399,0.0,0.0
/epuck2/cmd_vel,67.193046081,0.0,0.0
/epuck2/cmd_vel,67.23438855,0.0,0.0
/epuck2/cmd_vel,67.309390177,0.0,0.0
/epuck2/cmd_vel,67.346406954,0.0,0.0
/epuck2/cmd_vel,67.399927354,0.0,0.0
/epuck2/cmd_vel,67.437409026,0.0,0.0
/epuck2/cmd_vel,67.500166252,0.0,0.0
/epuck2/cmd_vel,67.564394829,0.0,0.0
/epuck2/cmd_vel,67.623862506,0.0,0.0
/epuck2/cmd_vel,67.65884678,0.0,0.0
/epuck2/cmd_vel,67.714197572,0.0,0.0
/epuck2/cmd_vel,67.75302605,0.0,0.0
/epuck2/cmd_vel,67.826877684,0.0,0.0
/epuck2/cmd_vel,67.878921035,0.0,0.0
/epuck2/cmd_vel,67.936456864,0.0,0.0
/epuck2/cmd_vel,67.97079802,0.0,0.0
/epuck2/cmd_vel,68.027942222,0.0,0.0
/epuck2/cmd_vel,68.068960134,0.0,0.0
/epuck2/cmd_vel,68.153856098,0.0,0.0
/epuck2/cmd_vel,68.194432506,0.0,0.0
/epuck2/cmd_vel,68.250393529,0.0,0.0
/epuck2/cmd_vel,68.286238023,0.0,0.0
/epuck2/cmd_vel,68.346731247,0.0,0.0
/epuck2/cmd_vel,68.389017101,0.0,0.0
/epuck2/cmd_vel,68.471353194,0.0,0.0
/epuck2/cmd_vel,68.511510986,0.0,0.0
/epuck2/cmd_vel,68.564240534,0.0,0.0
/epuck2/cmd_vel,68.601873739,0.0,0.0
/epuck2/cmd_vel,68.660634628,0.0,0.0
/epuck2/cmd_vel,68.718053508,0.0,0.0
/epuck2/cmd_vel,68.776130198,0.0,0.0
/epuck2/cmd_vel,68.813530406,0.0,0.0
/epuck2/cmd_vel,68.869322504,0.0,0.0
