topic,time_s,linear_mps,angular_rps
/epuck1/cmd_vel,48.591246632,0.0,0.0
/epuck1/cmd_vel,48.64799612,0.0,0.0
/epuck1/cmd_vel,48.681918895,0.0,0.0
/epuck1/cmd_vel,48.739205877,0.0,0.0
/epuck1/cmd_vel,48.777093002,0.0,0.0
/epuck1/cmd_vel,48.847323222,0.0,0.0
/epuck1/cmd_vel,48.887313821,0.0,0.0
/epuck1/cmd_vel,48.94160664,0.0,0.0
/epuck1/cmd_vel,48.978710875,0.0,0.0
/epuck1/cmd_vel,49.037919733,0.0,0.0
/epuck1/cmd_vel,49.09002588,0.0,0.0
/epuck1/cmd_vel,49.164109552,0.0,0.0
/epuck1/cmd_vel,49.201340785,0.0,0.0
/epuck1/cmd_vel,49.255016912,0.0,0.0
/epuck1/cmd_vel,49.293333932,0.0,0.0
/epuck1/cmd_vel,49.353872673,0.0,0.0
/epuck1/cmd_vel,49.419146255,0.0,0.0
/epuck1/cmd_vel,49.480460087,0.0,0.0
/epuck1/cmd_vel,49.518507109,0.0,0.0
/epuck1/cmd_vel,49.573780297,0.0,0.0
/epuck1/cmd_vel,49.614672371,0.0,0.0
/epuck1/cmd_vel,49.689179012,0.0,0.0
/epuck1/cmd_vel,49.730751277,0.0,0.0
/epuck1/cmd_vel,49.78180922,0.0,0.0
/epuck1/cmd_vel,49.821279412,0.0,0.0
/epuck1/cmd_vel,49.883460112,0.0,0.0
/epuck1/cmd_vel,49.932791677,0.0,0.0
/epuck1/cmd_vel,50.006198432,0.0,0.0
/epuck1/cmd_vel,50.043797448,0.0,0.0
/epuck1/cmd_vel,50.096645468,0.0,0.0
/epuck1/cmd_vel,50.133368296,0.0,0.0
/epuck1/cmd_vel,50.198941852,0.0,0.0
/epuck1/cmd_vel,50.25969427,0.0,0.0
/epuck1/cmd_vel,50.320420088,0.0,0.0
/epuck1/cmd_vel,50.357655709,0.0,0.0
/epuck1/cmd_vel,50.411466817,0.0,0.0
/epuck1/cmd_vel,50.452694686,0.0,0.0
/epuck1/cmd_vel,50.524022765,0.0,0.0
/epuck1/cmd_vel,50.576738969,0.0,0.0
/epuck1/cmd_vel,50.636969374,0.0,0.0
/epuck1/cmd_vel,50.673548791,0.0,0.0
/epuck1/cmd_vel,50.728314668,0.0,0.0
/epuck1/cmd_vel,50.769403326,0.0,0.0
/epuck1/cmd_vel,50.852831525,0.0,0.0
/epuck1/cmd_vel,50.893667586,0.0,0.0
/epuck1/cmd_vel,50.950987229,0.0,0.0
/epuck1/cmd_vel,50.987510147,0.0,0.0
/epuck1/cmd_vel,51.04708276,0.0,0.0
/epuck1/cmd_vel,51.086750837,0.0,0.0
/epuck1/cmd_vel,51.170900926,0.0,0.0
/epuck1/cmd_vel,51.210139308,0.0,0.0
/epuck1/cmd_vel,51.265170582,0.0,0.0
/epuck1/cmd_vel,51.30238719,0.0,0.0
/epuck1/cmd_vel,51.361794406,0.0,0.0
/epuck1/cmd_vel,51.413444024,0.0,0.0
/epuck1/cmd_vel,51.478440667,0.0,0.0
/epuck1/cmd_vel,51.515578076,0.0,0.0
/epuck1/cmd_vel,51.569814342,0.0,0.0
/epuck1/cmd_vel,51.610090198,0.0,0.0
/epuck1/cmd_vel,51.682943012,0.0,0.0
/epuck1/cmd_vel,51.730813565,0.0,0.0
/epuck1/cmd_vel,51.791182448,0.0,0.0
/epuck1/cmd_vel,51.828296246,0.0,0.0
/epuck1/cmd_vel,51.884760734,0.0,0.0
/epuck1/cmd_vel,51.925613856,0.0,0.0
/epuck1/cmd_vel,52.002374077,0.0,0.0
/epuck1/cmd_vel,52.038905592,0.0,0.0
/epuck1/cmd_vel,52.092601136,0.0,0.0
/epuck1/cmd_vel,52.133182251,0.0,0.0
/epuck1/cmd_vel,52.210309582,0.0,0.0
/epuck1/cmd_vel,52.251150504,0.0,0.0
/epuck1/cmd_vel,52.308303034,0.0,0.0
/epuck1/cmd_vel,52.345455164,0.0,0.0
/epuck1/cmd_vel,52.4028277,0.0,0.0
/epuck1/cmd_vel,52.446946604,0.0,0.0
/epuck1/cmd_vel,52.530781497,0.0,0.0
/epuck1/cmd_vel,52.569419752,0.0,0.0
/epuck1/cmd_vel,52.624421111,0.0,0.0
/epuck1/cmd_vel,52.66281066,0.0,0.0
/epuck1/cmd_vel,52.723020547,0.0,0.0
/epuck1/cmd_vel,52.775832752,0.0,0.0
/epuck1/cmd_vel,52.846836907,0.0,0.0
/epuck1/cmd_vel,52.884542138,0.0,0.0
/epuck1/cmd_vel,52.938288266,0.0,0.0
/epuck1/cmd_vel,52.97648081,0.0,0.0
/epuck1/cmd_vel,53.041175308,0.0,0.0
/epuck1/cmd_vel,53.102484823,0.0,0.0
/epuck1/cmd_vel,53.161578283,0.0,0.0
/epuck1/cmd_vel,53.200593747,0.0,0.0
/epuck1/cmd_vel,53.253868864,0.0,0.0
/epuck1/cmd_vel,53.293143234,0.0,0.0
/epuck1/cmd_vel,53.385684921,0.0,0.0
/epuck1/cmd_vel,53.433964813,0.0,0.0
/epuck1/cmd_vel,53.491931146,0.0,0.0
/epuck1/cmd_vel,53.526807404,0.0017601632999998174,0.0
/epuck1/cmd_vel,53.583847495,0.0045722568999991605,0.0
/epuck1/cmd_vel,53.625515111,0.006636842250000541,0.0
/epuck1/cmd_vel,53.705110553,0.010610764199998356,0.0
/epuck1/cmd_vel,53.743703994,0.012601857749999112,0.0
/epuck1/cmd_vel,53.79684009,0.015253272399999674,0.0
/epuck1/cmd_vel,53.834411307,0.017133993299998453,0.0
/epuck1/cmd_vel,53.912775418,0.021064449200000016,0.0
/epuck1/cmd_vel,53.952515788,0.023047897550000588,0.0
/epuck1/cmd_vel,54.007452428,0.025,0.0
/epuck1/cmd_vel,54.046108371,0.025,0.0
/epuck1/cmd_vel,54.102944357,0.025,0.0
/epuck1/cmd_vel,54.148429067,0.025,0.0
/epuck1/cmd_vel,54.236415013,0.025,0.0
/epuck1/cmd_vel,54.27399793,0.025,0.0
/epuck1/cmd_vel,54.327078125,0.025,0.0
/epuck1/cmd_vel,54.366468185,0.025,0.0
/epuck1/cmd_vel,54.431331568,0.025,0.0
/epuck1/cmd_vel,54.494829616,0.025,0.0
/epuck1/cmd_vel,54.556365705,0.025,0.0
/epuck1/cmd_vel,54.592630578,0.025,0.0
/epuck1/cmd_vel,54.648456622,0.025,0.0
/epuck1/cmd_vel,54.688113877,0.025,0.0
/epuck1/cmd_vel,54.761941655,0.025,0.0
/epuck1/cmd_vel,54.812569875,0.025,0.0
/epuck1/cmd_vel,54.870078277,0.025,0.0
/epuck1/cmd_vel,54.907609192,0.025,0.0
/epuck1/cmd_vel,54.964702105,0.025,0.0
/epuck1/cmd_vel,55.004715594,0.025,0.0
/epuck1/cmd_vel,55.042343107,0.025,0.0
/epuck1/cmd_vel,55.047414855,0.025,0.0
/epuck1/cmd_vel,55.060788418,0.025,0.0
/epuck1/cmd_vel,55.068690137,0.025,0.0
/epuck1/cmd_vel,55.080715713,0.025,0.0
/epuck1/cmd_vel,55.087464644,0.025,0.0
/epuck1/cmd_vel,55.099040925,0.025,0.0
/epuck1/cmd_vel,55.109604916,0.025,0.0
/epuck1/cmd_vel,55.121761791,0.025,0.0
/epuck1/cmd_vel,55.128238825,0.025,0.0
/epuck1/cmd_vel,55.136673938,0.025,0.0
/epuck1/cmd_vel,55.145838844,0.025,0.0
/epuck1/cmd_vel,55.156065739,0.025,0.0
/epuck1/cmd_vel,55.160052998,0.025,0.0
/epuck1/cmd_vel,55.17346426,0.025,0.0
/epuck1/cmd_vel,55.177756716,0.025,0.0
/epuck1/cmd_vel,55.192196667,0.025,0.0
/epuck1/cmd_vel,55.198459203,0.025,0.0
/epuck1/cmd_vel,55.208893996,0.025,0.0
/epuck1/cmd_vel,55.21630042,0.025,0.0
/epuck1/cmd_vel,55.224892431,0.025,0.0
/epuck1/cmd_vel,55.234223036,0.025,0.0
/epuck1/cmd_vel,55.244420631,0.025,0.0
/epuck1/cmd_vel,55.252481948,0.025,0.0
/epuck1/cmd_vel,55.261607354,0.025,0.0
/epuck1/cmd_vel,55.267264596,0.025,0.0
/epuck1/cmd_vel,55.280637859,0.025,0.0
/epuck1/cmd_vel,55.285906405,0.025,0.0
/epuck1/cmd_vel,55.297639684,0.025,0.0
/epuck1/cmd_vel,55.303598423,0.025,0.0
/epuck1/cmd_vel,55.312555031,0.025,0.0
/epuck1/cmd_vel,55.32234153,0.025,0.0
/epuck1/cmd_vel,55.329954352,0.025,0.0
/epuck1/cmd_vel,55.334463506,0.025,0.0
/epuck1/cmd_vel,55.345476492,0.025,0.0
/epuck1/cmd_vel,55.35158523,0.025,0.0
/epuck1/cmd_vel,55.363026112,0.025,0.0
/epuck1/cmd_vel,55.369719843,0.025,0.0
/epuck1/cmd_vel,55.376739271,0.025,0.0
/epuck1/cmd_vel,55.388225753,0.025,0.0
/epuck1/cmd_vel,55.395705876,0.025,0.0
/epuck1/cmd_vel,55.409115639,0.025,0.0
/epuck1/cmd_vel,55.417949348,0.025,0.0
/epuck1/cmd_vel,55.423353592,0.025,0.0
/epuck1/cmd_vel,55.435426968,0.025,0.0
/epuck1/cmd_vel,55.441416407,0.025,0.0
/epuck1/cmd_vel,55.454346074,0.025,0.0
/epuck1/cmd_vel,55.460402912,0.025,0.0
/epuck1/cmd_vel,55.471803894,0.025,0.0
/epuck1/cmd_vel,55.480698803,0.025,0.0
/epuck1/cmd_vel,55.489042817,0.025,0.0
/epuck1/cmd_vel,55.497284433,0.025,0.0
/epuck1/cmd_vel,55.505614647,0.025,0.0
/epuck1/cmd_vel,55.511231189,0.025,0.0
/epuck1/cmd_vel,55.520943788,0.025,0.0
/epuck1/cmd_vel,55.52634573,0.025,0.0
/epuck1/cmd_vel,55.538204805,0.025,0.0
/epuck1/cmd_vel,55.544010543,0.025,0.0
/epuck1/cmd_vel,55.554621131,0.025,0.0
/epuck1/cmd_vel,55.564426327,0.025,0.0
/epuck1/cmd_vel,55.570183667,0.025,0.0
/epuck1/cmd_vel,55.575066615,0.025,0.0
/epuck1/cmd_vel,55.587425684,0.025,0.0
/epuck1/cmd_vel,55.594801906,0.025,0.0
/epuck1/cmd_vel,55.606154886,0.025,0.0
/epuck1/cmd_vel,55.609992945,0.025,0.0
/epuck1/cmd_vel,55.618839352,0.025,0.0
/epuck1/cmd_vel,55.628721147,0.025,0.0
/epuck1/cmd_vel,55.634813983,0.025,0.0
/epuck1/cmd_vel,55.642373903,0.025,0.0
/epuck1/cmd_vel,55.651566505,0.025,0.0
/epuck1/cmd_vel,55.657236345,0.025,0.0
/epuck1/cmd_vel,55.669763113,0.025,0.0
/epuck1/cmd_vel,55.677422832,0.025,0.0
/epuck1/cmd_vel,55.685636345,0.025,0.0
/epuck1/cmd_vel,55.69271257,0.025,0.0
/epuck1/cmd_vel,55.701958472,0.025,0.0
/epuck1/cmd_vel,55.712960456,0.025,0.0
/epuck1/cmd_vel,55.719349488,0.025,0.0
/epuck1/cmd_vel,55.726446813,0.025,0.0
/epuck1/cmd_vel,55.741992249,0.025,0.0
/epuck1/cmd_vel,55.745287514,0.025,0.0
/epuck1/cmd_vel,55.760527353,0.025,0.0
/epuck1/cmd_vel,55.764074715,0.025,0.0
/epuck1/cmd_vel,55.77684318,0.025,0.0
/epuck1/cmd_vel,55.781717928,0.025,0.0
/epuck1/cmd_vel,55.790349737,0.025,0.0
/epuck1/cmd_vel,55.799792037,0.025,0.0
/epuck1/cmd_vel,55.811286915,0.025,0.0
/epuck1/cmd_vel,55.819791125,0.025,0.0
/epuck1/cmd_vel,55.830175616,0.025,0.0
/epuck1/cmd_vel,55.835604158,0.025,0.0
/epuck1/cmd_vel,55.847901428,0.025,0.0
/epuck1/cmd_vel,55.852977974,0.025,0.0
/epuck1/cmd_vel,55.866429632,0.025,0.0
/epuck1/cmd_vel,55.873125061,0.025,0.0
/epuck1/cmd_vel,55.885268333,0.025,0.0
/epuck1/cmd_vel,55.890849874,0.025,0.0
/epuck1/cmd_vel,55.898812189,0.025,0.0
/epuck1/cmd_vel,55.908889383,0.025,0.0
/epuck1/cmd_vel,55.921864845,0.025,0.0
/epuck1/cmd_vel,55.928552275,0.025,0.0
/epuck1/cmd_vel,55.93753838,0.025,0.0
/epuck1/cmd_vel,55.943466317,0.025,0.0
/epuck1/cmd_vel,55.954601199,0.025,0.0
/epuck1/cmd_vel,55.962164019,0.025,0.0
/epuck1/cmd_vel,55.971898316,0.025,0.0
/epuck1/cmd_vel,55.978353848,0.025,0.0
/epuck1/cmd_vel,55.986130565,0.025,0.0
/epuck1/cmd_vel,55.996303958,0.025,0.0
/epuck1/cmd_vel,56.004318673,0.025,0.0
/epuck1/cmd_vel,56.011977392,0.025,0.0
/epuck1/cmd_vel,56.02260538,0.025,0.0
/epuck1/cmd_vel,56.029607505,0.025,0.0
/epuck1/cmd_vel,56.041785177,0.025,0.0
/epuck1/cmd_vel,56.04712202,0.025,0.0
/epuck1/cmd_vel,56.058977995,0.025,0.0
/epuck1/cmd_vel,56.064479836,0.025,0.0
/epuck1/cmd_vel,56.074816827,0.025,0.0
/epuck1/cmd_vel,56.083162939,0.025,0.0
/epuck1/cmd_vel,56.091866047,0.025,0.0
/epuck1/cmd_vel,56.099311768,0.025,0.0
/epuck1/cmd_vel,56.109320362,0.025,0.0
/epuck1/cmd_vel,56.114701905,0.025,0.0
/epuck1/cmd_vel,56.12749787,0.025,0.0
/epuck1/cmd_vel,56.132050321,0.025,0.0
/epuck1/cmd_vel,56.143921796,0.025,0.0
/epuck1/cmd_vel,56.148771745,0.025,0.0
/epuck1/cmd_vel,56.157917948,0.025,0.0
/epuck1/cmd_vel,56.167844743,0.024008330499998468,-0.029750085000046056
/epuck1/cmd_vel,56.177910636,0.022906522200003113,-0.0628043339999067
/epuck1/cmd_vel,56.186308947,0.022070551000001618,-0.08788346999995156
/epuck1/cmd_vel,56.194756258,0.021349208700002013,-0.10952373899993972
/epuck1/cmd_vel,56.200144101,0.020724025300000906,-0.1282792409999729
/epuck1/cmd_vel,56.210837188,0.019706106000001004,-0.15881681999997
/epuck1/cmd_vel,56.215993433,0.01915759180000123,-0.17527224599996316
/epuck1/cmd_vel,56.2285885,0.01791179499999771,-0.2126461500000687
/epuck1/cmd_vel,56.23422634,0.017341261100000338,-0.22976216699998986
/epuck1/cmd_vel,56.242471053,0.016473880199998802,-0.2557835940000359
/epuck1/cmd_vel,56.251083062,0.01561358929999983,-0.2815923210000051
/epuck1/cmd_vel,56.259349475,0.014829687600001761,-0.30510937199994714
/epuck1/cmd_vel,56.264071125,0.01432866289999879,-0.3201401130000363
/epuck1/cmd_vel,56.274462215,0.013264544200001182,-0.3520636739999645
/epuck1/cmd_vel,56.279951157,0.01272128990000283,-0.3683613029999151
/epuck1/cmd_vel,56.291110738,0.011599121799997647,-0.4020263460000706
/epuck1/cmd_vel,56.29761287,0.010942758800001683,-0.4217172359999495
/epuck1/cmd_vel,56.313333903,0.009425584799998887,-0.4672324560000334
/epuck1/cmd_vel,56.319846834,0.008717802299997857,-0.4884659310000643
/epuck1/cmd_vel,56.326780061,0.008041579500002172,-0.5087526149999348
/epuck1/cmd_vel,56.33731755,0.006974470800003019,-0.5407658759999094
/epuck1/cmd_vel,56.345951158,0.006168749300002219,-0.5649375209999334
/epuck1/cmd_vel,56.354391969,0.006,-0.5912556419999078
/epuck1/cmd_vel,56.362667981,0.006,-0.6170145720000733
/epuck1/cmd_vel,56.368227623,0.006,-0.6336364950000188
/epuck1/cmd_vel,56.382155175,0.006,-0.65
/epuck1/cmd_vel,56.38735282,0.006,-0.65
/epuck1/cmd_vel,56.398122906,0.006,-0.65
/epuck1/cmd_vel,56.404015544,0.006,-0.65
/epuck1/cmd_vel,56.41099917,0.006,-0.65
/epuck1/cmd_vel,56.419412581,0.006,-0.65
/epuck1/cmd_vel,56.431210356,0.006,-0.65
/epuck1/cmd_vel,56.433915227,0.006,-0.65
/epuck1/cmd_vel,56.446202897,0.006,-0.65
/epuck1/cmd_vel,56.451809738,0.006,-0.65
/epuck1/cmd_vel,56.462842521,0.006,-0.65
/epuck1/cmd_vel,56.468020067,0.006,-0.65
/epuck1/cmd_vel,56.477367168,0.006,-0.65
/epuck1/cmd_vel,56.488217353,0.006,-0.65
/epuck1/cmd_vel,56.495841572,0.006,-0.65
/epuck1/cmd_vel,56.500828719,0.006,-0.65
/epuck1/cmd_vel,56.511930602,0.006,-0.65
/epuck1/cmd_vel,56.517288945,0.006,-0.65
/epuck1/cmd_vel,56.531179893,0.006,-0.65
/epuck1/cmd_vel,56.537386626,0.006,-0.65
/epuck1/cmd_vel,56.548858001,0.006,-0.65
/epuck1/cmd_vel,56.554255442,0.006,-0.65
/epuck1/cmd_vel,56.563163045,0.006,-0.65
/epuck1/cmd_vel,56.571576754,0.006,-0.65
/epuck1/cmd_vel,56.582559034,0.006,-0.65
/epuck1/cmd_vel,56.590803245,0.006,-0.65
/epuck1/cmd_vel,56.599444151,0.006,-0.65
/epuck1/cmd_vel,56.604398897,0.006,-0.65
/epuck1/cmd_vel,56.616641563,0.006,-0.65
/epuck1/cmd_vel,56.623083193,0.006,-0.65
/epuck1/cmd_vel,56.635044263,0.006,-0.65
/epuck1/cmd_vel,56.63994301,0.006,-0.65
/epuck1/cmd_vel,56.647702925,0.006,-0.65
/epuck1/cmd_vel,56.657051924,0.006,-0.65
/epuck1/cmd_vel,56.665288534,0.006,-0.65
/epuck1/cmd_vel,56.672147359,0.006,-0.65
/epuck1/cmd_vel,56.683516436,0.006,-0.65
/epuck1/cmd_vel,56.68959737,0.006,-0.65
/epuck1/cmd_vel,56.702094634,0.006,-0.65
/epuck1/cmd_vel,56.707470775,0.006,-0.65
/epuck1/cmd_vel,56.722406513,0.006,-0.65
/epuck1/cmd_vel,56.725317481,0.006,-0.65
/epuck1/cmd_vel,56.733085396,0.006,-0.65
/epuck1/cmd_vel,56.742299996,0.006,-0.65
/epuck1/cmd_vel,56.751960991,0.006,-0.65
/epuck1/cmd_vel,56.765349245,0.006,-0.65
/epuck1/cmd_vel,56.773927552,0.006,-0.65
/epuck1/cmd_vel,56.779746189,0.006,-0.65
/epuck1/cmd_vel,56.792566949,0.006,-0.65
/epuck1/cmd_vel,56.798122189,0.006,-0.65
/epuck1/cmd_vel,56.809992359,0.006,-0.65
/epuck1/cmd_vel,56.815786996,0.006,-0.65
/epuck1/cmd_vel,56.82368541,0.006,-0.65
/epuck1/cmd_vel,56.833183007,0.006,-0.65
/epuck1/cmd_vel,56.83937304,0.006,-0.65
/epuck1/cmd_vel,56.845698571,0.006,-0.65
/epuck1/cmd_vel,56.854709573,0.006,-0.65
/epuck1/cmd_vel,56.860575009,0.006,-0.65
/epuck1/cmd_vel,56.868297225,0.006,-0.65
/epuck1/cmd_vel,56.876410137,0.006,-0.65
/epuck1/cmd_vel,56.883742957,0.006,-0.65
/epuck1/cmd_vel,56.891032378,0.006,-0.65
/epuck1/cmd_vel,56.899870381,0.006,-0.65
/epuck1/cmd_vel,56.905315822,0.006,-0.65
/epuck1/cmd_vel,56.91836698,0.006,-0.65
/epuck1/cmd_vel,56.923483824,0.006,-0.65
/epuck1/cmd_vel,56.93676928,0.006,-0.65
/epuck1/cmd_vel,56.942156021,0.006,-0.65
/epuck1/cmd_vel,56.950405432,0.006,-0.65
/epuck1/cmd_vel,56.95972493,0.006,-0.65
/epuck1/cmd_vel,56.967807042,0.006,-0.65
/epuck1/cmd_vel,56.974000175,0.006,-0.65
/epuck1/cmd_vel,56.987800825,0.006,-0.65
/epuck1/cmd_vel,56.99185468,0.006,-0.65
/epuck1/cmd_vel,57.005324634,0.006,-0.65
/epuck1/cmd_vel,57.01118987,0.006,-0.65
/epuck1/cmd_vel,57.023969631,0.006,-0.65
/epuck1/cmd_vel,57.030982255,0.006,-0.65
/epuck1/cmd_vel,57.037979979,0.006,-0.65
/epuck1/cmd_vel,57.047855871,0.006,-0.65
/epuck1/cmd_vel,57.05713117,0.006,-0.65
/epuck1/cmd_vel,57.06630577,0.006,-0.65
/epuck1/cmd_vel,57.075620769,0.006,-0.65
/epuck1/cmd_vel,57.080398417,0.006,-0.65
/epuck1/cmd_vel,57.092237288,0.006,-0.65
/epuck1/cmd_vel,57.099299811,0.006,-0.65
/epuck1/cmd_vel,57.112513567,0.006,-0.65
/epuck1/cmd_vel,57.119139995,0.006,-0.65
/epuck1/cmd_vel,57.129230986,0.006,-0.65
/epuck1/cmd_vel,57.135955512,0.006,-0.65
/epuck1/cmd_vel,57.149586764,0.006,-0.65
/epuck1/cmd_vel,57.156165392,0.006,-0.65
/epuck1/cmd_vel,57.1646272,0.006,-0.65
/epuck1/cmd_vel,57.175167286,0.006,-0.65
/epuck1/cmd_vel,57.184217187,0.006,-0.65
/epuck1/cmd_vel,57.191584307,0.006,-0.65
/epuck1/cmd_vel,57.202420289,0.006,-0.65
/epuck1/cmd_vel,57.208163527,0.006,-0.65
/epuck1/cmd_vel,57.223684758,0.006,-0.65
/epuck1/cmd_vel,57.229771092,0.006,-0.65
/epuck1/cmd_vel,57.242113157,0.006,-0.65
/epuck1/cmd_vel,57.247435399,0.006,-0.65
/epuck1/cmd_vel,57.260120761,0.006,-0.65
/epuck1/cmd_vel,57.265375804,0.006,-0.65
/epuck1/cmd_vel,57.273947511,0.006,-0.65
/epuck1/cmd_vel,57.283444807,0.006,-0.65
/epuck1/cmd_vel,57.294496987,0.006,-0.65
/epuck1/cmd_vel,57.299285635,0.006,-0.65
/epuck1/cmd_vel,57.312277494,0.006,-0.65
/epuck1/cmd_vel,57.315706556,0.006,-0.65
/epuck1/cmd_vel,57.327986723,0.006,-0.65
/epuck1/cmd_vel,57.333957458,0.006,-0.65
/epuck1/cmd_vel,57.342887361,0.006,-0.65
/epuck1/cmd_vel,57.349793685,0.006,-0.65
/epuck1/cmd_vel,57.356200516,0.006,-0.65
/epuck1/cmd_vel,57.362836644,0.006,-0.65
/epuck1/cmd_vel,57.373352329,0.006,-0.65
/epuck1/cmd_vel,57.379219265,0.006,-0.65
/epuck1/cmd_vel,57.38617249,0.006,-0.65
/epuck1/cmd_vel,57.396549377,0.006,-0.65
/epuck1/cmd_vel,57.403791798,0.006,-0.65
/epuck1/cmd_vel,57.408537346,0.006,-0.65
/epuck1/cmd_vel,57.420070321,0.006,-0.65
/epuck1/cmd_vel,57.424326774,0.006,-0.65
/epuck1/cmd_vel,57.436496942,0.006,-0.65
/epuck1/cmd_vel,57.441361989,0.006,-0.65
/epuck1/cmd_vel,57.449090305,0.006,-0.65
/epuck1/cmd_vel,57.457926509,0.006,-0.65
/epuck1/cmd_vel,57.466218319,0.006,-0.65
/epuck1/cmd_vel,57.472110054,0.006,-0.65
/epuck1/cmd_vel,57.484848516,0.006,-0.65
/epuck1/cmd_vel,57.490210658,0.006,-0.65
/epuck1/cmd_vel,57.505557791,0.006,-0.65
/epuck1/cmd_vel,57.508958554,0.006,-0.65
/epuck1/cmd_vel,57.523980187,0.006,-0.65
/epuck1/cmd_vel,57.529292528,0.006,-0.65
/epuck1/cmd_vel,57.538187628,0.006,-0.65
/epuck1/cmd_vel,57.546330737,0.006,-0.65
/epuck1/cmd_vel,57.556026329,0.006,-0.65
/epuck1/cmd_vel,57.56220386,0.006,-0.65
/epuck1/cmd_vel,57.575855407,0.006,-0.65
/epuck1/cmd_vel,57.580693653,0.006,-0.65
/epuck1/cmd_vel,57.593629009,0.006,-0.65
/epuck1/cmd_vel,57.599835139,0.006,-0.65
/epuck1/cmd_vel,57.611274012,0.006,-0.65
/epuck1/cmd_vel,57.61677455,0.006,-0.65
/epuck1/cmd_vel,57.626972536,0.006,-0.65
/epuck1/cmd_vel,57.632577873,0.006,-0.65
/epuck1/cmd_vel,57.642122067,0.006,-0.65
/epuck1/cmd_vel,57.646537517,0.006,-0.65
/epuck1/cmd_vel,57.659255775,0.006,-0.65
/epuck1/cmd_vel,57.664687115,0.006,-0.65
/epuck1/cmd_vel,57.672925922,0.006,-0.65
/epuck1/cmd_vel,57.682240518,0.006,-0.65
/epuck1/cmd_vel,57.694328083,0.006,-0.65
/epuck1/cmd_vel,57.703314783,0.006,-0.65
/epuck1/cmd_vel,57.712388881,0.006,-0.65
/epuck1/cmd_vel,57.719925597,0.006,-0.65
/epuck1/cmd_vel,57.732253759,0.006,-0.65
/epuck1/cmd_vel,57.738363491,0.006,-0.65
/epuck1/cmd_vel,57.74828318,0.006,-0.65
/epuck1/cmd_vel,57.752711231,0.006,-0.65
/epuck1/cmd_vel,57.764748796,0.006,-0.65
/epuck1/cmd_vel,57.771152124,0.006,-0.65
/epuck1/cmd_vel,57.782443498,0.006,-0.65
/epuck1/cmd_vel,57.79305278,0.006,-0.65
/epuck1/cmd_vel,57.803030468,0.006,-0.65
/epuck1/cmd_vel,57.81631892,0.006,-0.65
/epuck1/cmd_vel,57.834746314,0.006,-0.65
/epuck1/cmd_vel,57.839721958,0.006,-0.65
/epuck1/cmd_vel,57.85030254,0.006,-0.65
/epuck1/cmd_vel,57.860058731,0.006,-0.65
/epuck1/cmd_vel,57.874651168,0.006,-0.65
/epuck1/cmd_vel,57.887480024,0.006,-0.65
/epuck1/cmd_vel,57.911020761,0.006,-0.65
/epuck1/cmd_vel,57.914585321,0.006,-0.65
/epuck1/cmd_vel,57.932970516,0.006,-0.65
/epuck1/cmd_vel,57.939323645,0.006,-0.65
/epuck1/cmd_vel,57.957935037,0.006,-0.65
/epuck1/cmd_vel,57.966334443,0.006,-0.65
/epuck1/cmd_vel,57.983836247,0.006,-0.65
/epuck1/cmd_vel,57.992624349,0.006,-0.65
/epuck1/cmd_vel,58.011713136,0.006,-0.65
/epuck1/cmd_vel,58.02119013,0.006,-0.65
/epuck1/cmd_vel,58.037923143,0.006,-0.65
/epuck1/cmd_vel,58.053071273,0.006,-0.65
/epuck1/cmd_vel,58.066881519,0.006,-0.65
/epuck1/cmd_vel,58.080688365,0.006,-0.65
/epuck1/cmd_vel,58.094789007,0.006,-0.65
/epuck1/cmd_vel,58.101560331,0.006,-0.65
/epuck1/cmd_vel,58.112326511,0.006,-0.65
/epuck1/cmd_vel,58.119116735,0.006,-0.65
/epuck1/cmd_vel,58.129568118,0.006,-0.65
/epuck1/cmd_vel,58.138585417,0.006,-0.65
/epuck1/cmd_vel,58.149620894,0.006,-0.65
/epuck1/cmd_vel,58.158641293,0.006,-0.65
/epuck1/cmd_vel,58.167356696,0.006,-0.65
/epuck1/cmd_vel,58.174321918,0.006,-0.65
/epuck1/cmd_vel,58.188944054,0.006,-0.65
/epuck1/cmd_vel,58.194876488,0.006,-0.65
/epuck1/cmd_vel,58.206956953,0.006,-0.65
/epuck1/cmd_vel,58.213188983,0.006,-0.65
/epuck1/cmd_vel,58.227599522,0.006,-0.65
/epuck1/cmd_vel,58.231671977,0.006,-0.65
/epuck1/cmd_vel,58.245079127,0.006,-0.65
/epuck1/cmd_vel,58.25103376,0.006,-0.65
/epuck1/cmd_vel,58.259454966,0.006,-0.65
/epuck1/cmd_vel,58.268350567,0.006,-0.65
/epuck1/cmd_vel,58.278388455,0.006,-0.65
/epuck1/cmd_vel,58.281787917,0.006,-0.65
/epuck1/cmd_vel,58.291772305,0.006,-0.65
/epuck1/cmd_vel,58.296801449,0.006,-0.65
/epuck1/cmd_vel,58.306404142,0.006,-0.65
/epuck1/cmd_vel,58.317789414,0.006,-0.65
/epuck1/cmd_vel,58.324649938,0.006,-0.65
/epuck1/cmd_vel,58.333011344,0.006,-0.65
/epuck1/cmd_vel,58.341936544,0.006,-0.65
/epuck1/cmd_vel,58.34771898,0.006,-0.65
/epuck1/cmd_vel,58.358328161,0.006,-0.65
/epuck1/cmd_vel,58.364143096,0.006,-0.65
/epuck1/cmd_vel,58.374802577,0.006,-0.65
/epuck1/cmd_vel,58.381044407,0.006,-0.65
/epuck1/cmd_vel,58.390022107,0.006,-0.65
/epuck1/cmd_vel,58.398901808,0.006,-0.65
/epuck1/cmd_vel,58.40761381,0.006,-0.65
/epuck1/cmd_vel,58.416375312,0.006,-0.65
/epuck1/cmd_vel,58.426106204,0.006,-0.65
/epuck1/cmd_vel,58.431192447,0.006,-0.65
/epuck1/cmd_vel,58.442809417,0.006,-0.65
/epuck1/cmd_vel,58.447080669,0.006,-0.65
/epuck1/cmd_vel,58.458559341,0.006,-0.65
/epuck1/cmd_vel,58.463870881,0.006,-0.65
/epuck1/cmd_vel,58.473154978,0.006,-0.65
/epuck1/cmd_vel,58.483267465,0.006,-0.65
/epuck1/cmd_vel,58.490954879,0.006,-0.65
/epuck1/cmd_vel,58.496258319,0.006,-0.65
/epuck1/cmd_vel,58.507915289,0.006,-0.65
/epuck1/cmd_vel,58.513532426,0.006,-0.65
/epuck1/cmd_vel,58.52541619,0.006,-0.65
/epuck1/cmd_vel,58.53065903,0.006,-0.65
/epuck1/cmd_vel,58.539032834,0.006,-0.65
/epuck1/cmd_vel,58.54721084,0.006,-0.65
/epuck1/cmd_vel,58.557895618,0.006,-0.65
/epuck1/cmd_vel,58.566567018,0.006,-0.65
/epuck1/cmd_vel,58.576498804,0.006,-0.65
/epuck1/cmd_vel,58.583455725,0.006,-0.65
/epuck1/cmd_vel,58.594846894,0.006,-0.65
/epuck1/cmd_vel,58.600783926,0.006,-0.65
/epuck1/cmd_vel,58.612083096,0.006,-0.65
/epuck1/cmd_vel,58.619014417,0.006,-0.65
/epuck1/cmd_vel,58.628623607,0.006,-0.65
/epuck1/cmd_vel,58.637583104,0.006,-0.65
/epuck1/cmd_vel,58.644839221,0.006,-0.65
/epuck1/cmd_vel,58.649803864,0.006,-0.65
/epuck1/cmd_vel,58.664136399,0.006,-0.65
/epuck1/cmd_vel,58.669670836,0.006,-0.65
/epuck1/cmd_vel,58.681030906,0.006,-0.65
/epuck1/cmd_vel,58.686247046,0.006,-0.65
/epuck1/cmd_vel,58.696198232,0.006,-0.65
/epuck1/cmd_vel,58.706665512,0.006,-0.65
/epuck1/cmd_vel,58.71812358,0.006,-0.65
/epuck1/cmd_vel,58.726385285,0.006,-0.65
/epuck1/cmd_vel,58.739295037,0.006,-0.65
/epuck1/cmd_vel,58.748955127,0.006,-0.65
/epuck1/cmd_vel,58.752868682,0.006,-0.65
/epuck1/cmd_vel,58.757130133,0.006,-0.65
/epuck1/cmd_vel,58.770756677,0.006,-0.65
/epuck1/cmd_vel,58.775770519,0.006,-0.65
/epuck1/cmd_vel,58.787405586,0.006,-0.65
/epuck1/cmd_vel,58.791809735,0.006,-0.65
/epuck1/cmd_vel,58.800380437,0.006,-0.65
/epuck1/cmd_vel,58.809243835,0.006,-0.65
/epuck1/cmd_vel,58.81750414,0.006,-0.65
/epuck1/cmd_vel,58.823500872,0.006,-0.65
/epuck1/cmd_vel,58.834392947,0.006,-0.65
/epuck1/cmd_vel,58.841495565,0.006,-0.65
/epuck1/cmd_vel,58.852917934,0.006,-0.65
/epuck1/cmd_vel,58.857217285,0.006,-0.65
/epuck1/cmd_vel,58.865904985,0.006,-0.65
/epuck1/cmd_vel,58.874677985,0.006,-0.65
/epuck1/cmd_vel,58.882702993,0.006,-0.65
/epuck1/cmd_vel,58.887453338,0.006,-0.65
/epuck1/cmd_vel,58.897962918,0.006,-0.65
/epuck1/cmd_vel,58.903609453,0.006,-0.65
/epuck1/cmd_vel,58.911889458,0.006,-0.65
/epuck1/cmd_vel,58.923219128,0.006,-0.65
/epuck1/cmd_vel,58.928752064,0.006,-0.65
/epuck1/cmd_vel,58.939321743,0.006,-0.65
/epuck1/cmd_vel,58.94830644,0.006,-0.65
/epuck1/cmd_vel,58.956708144,0.006,-0.65
/epuck1/cmd_vel,58.969009603,0.006,-0.65
/epuck1/cmd_vel,58.972909458,0.006,-0.65
/epuck1/cmd_vel,58.984420926,0.006,-0.65
/epuck1/cmd_vel,58.989487268,0.006,-0.65
/epuck1/cmd_vel,58.999631351,0.006,-0.65
/epuck1/cmd_vel,59.007784458,0.006,-0.65
/epuck1/cmd_vel,59.016442559,0.006,-0.65
/epuck1/cmd_vel,59.023208081,0.006,-0.65
/epuck1/cmd_vel,59.035450341,0.006,-0.65
/epuck1/cmd_vel,59.041835367,0.006,-0.65
/epuck1/cmd_vel,59.05203445,0.006,-0.65
/epuck1/cmd_vel,59.057527887,0.006,-0.65
/epuck1/cmd_vel,59.064331409,0.006,-0.65
/epuck1/cmd_vel,59.072879811,0.006,-0.65
/epuck1/cmd_vel,59.080455425,0.006,-0.65
/epuck1/cmd_vel,59.086559754,0.006,-0.65
/epuck1/cmd_vel,59.098412319,0.006,-0.65
/epuck1/cmd_vel,59.104737746,0.006,-0.65
/epuck1/cmd_vel,59.116774208,0.006,-0.65
/epuck1/cmd_vel,59.122539242,0.006,-0.65
/epuck1/cmd_vel,59.134410106,0.006,-0.65
/epuck1/cmd_vel,59.139774844,0.006,-0.65
/epuck1/cmd_vel,59.150498721,0.006,-0.65
/epuck1/cmd_vel,59.158678027,0.006,-0.65
/epuck1/cmd_vel,59.166575637,0.006,-0.65
/epuck1/cmd_vel,59.171958875,0.006,-0.65
/epuck1/cmd_vel,59.184099336,0.006,-0.65
/epuck1/cmd_vel,59.189132278,0.006,-0.65
/epuck1/cmd_vel,59.202104629,0.006,-0.65
/epuck1/cmd_vel,59.208944851,0.006,-0.65
/epuck1/cmd_vel,59.217058158,0.006,-0.65
/epuck1/cmd_vel,59.228958721,0.006,-0.65
/epuck1/cmd_vel,59.238473412,0.006,-0.65
/epuck1/cmd_vel,59.247914104,0.006,-0.65
/epuck1/cmd_vel,59.255742414,0.006,-0.65
/epuck1/cmd_vel,59.262924832,0.006,-0.65
/epuck1/cmd_vel,59.2744523,0.006,-0.65
/epuck1/cmd_vel,59.281264621,0.006,-0.65
/epuck1/cmd_vel,59.294635868,0.006,-0.65
/epuck1/cmd_vel,59.299981707,0.006,-0.65
/epuck1/cmd_vel,59.311220978,0.006,-0.65
/epuck1/cmd_vel,59.321269863,0.006,-0.65
/epuck1/cmd_vel,59.336170592,0.006,-0.65
/epuck1/cmd_vel,59.343890503,0.006,-0.65
/epuck1/cmd_vel,59.355267673,0.006,-0.65
/epuck1/cmd_vel,59.362397891,0.006,-0.65
/epuck1/cmd_vel,59.375651239,0.006,-0.65
/epuck1/cmd_vel,59.381528971,0.006,-0.65
/epuck1/cmd_vel,59.390170072,0.006,-0.65
/epuck1/cmd_vel,59.397800285,0.006,-0.65
/epuck1/cmd_vel,59.40690328,0.006,-0.65
/epuck1/cmd_vel,59.412065221,0.006,-0.65
/epuck1/cmd_vel,59.423173194,0.006,-0.65
/epuck1/cmd_vel,59.427994139,0.006,-0.65
/epuck1/cmd_vel,59.440288997,0.006,-0.65
/epuck1/cmd_vel,59.446129131,0.006,-0.65
/epuck1/cmd_vel,59.454357136,0.006,-0.65
/epuck1/cmd_vel,59.463294634,0.006,-0.65
/epuck1/cmd_vel,59.472703026,0.006,-0.65
/epuck1/cmd_vel,59.480710034,0.006,-0.65
/epuck1/cmd_vel,59.489056938,0.006,-0.65
/epuck1/cmd_vel,59.495347766,0.006,-0.65
/epuck1/cmd_vel,59.504910856,0.006,-0.65
/epuck1/cmd_vel,59.512908865,0.006,-0.65
/epuck1/cmd_vel,59.524320031,0.006,-0.65
/epuck1/cmd_vel,59.532745332,0.006,-0.65
/epuck1/cmd_vel,59.539069458,0.006,-0.65
/epuck1/cmd_vel,59.550900818,0.006,-0.65
/epuck1/cmd_vel,59.558376931,0.006,-0.65
/epuck1/cmd_vel,59.567527023,0.006,-0.65
/epuck1/cmd_vel,59.574725138,0.006,-0.65
/epuck1/cmd_vel,59.579917277,0.006,-0.65
/epuck1/cmd_vel,59.592143134,0.006,-0.65
/epuck1/cmd_vel,59.596916778,0.006,-0.65
/epuck1/cmd_vel,59.605493277,0.006,-0.65
/epuck1/cmd_vel,59.615057064,0.006,-0.65
/epuck1/cmd_vel,59.623770462,0.006,-0.65
/epuck1/cmd_vel,59.632797056,0.006,-0.65
/epuck1/cmd_vel,59.643333732,0.006,-0.65
/epuck1/cmd_vel,59.65280722,0.006,-0.65
/epuck1/cmd_vel,59.660696628,0.006,-0.65
/epuck1/cmd_vel,59.666624458,0.006,-0.65
/epuck1/cmd_vel,59.677728127,0.006,-0.65
/epuck1/cmd_vel,59.68349686,0.006,-0.65
/epuck1/cmd_vel,59.694862826,0.006,-0.65
/epuck1/cmd_vel,59.701785545,0.006,-0.65
/epuck1/cmd_vel,59.711213434,0.006,-0.65
/epuck1/cmd_vel,59.721688911,0.006,-0.65
/epuck1/cmd_vel,59.728306433,0.006,-0.65
/epuck1/cmd_vel,59.737653623,0.006,-0.65
/epuck1/cmd_vel,59.750418673,0.006,-0.65
/epuck1/cmd_vel,59.753356138,0.006,-0.65
/epuck1/cmd_vel,59.766736681,0.006,-0.65
/epuck1/cmd_vel,59.771611024,0.006,-0.65
/epuck1/cmd_vel,59.782687794,0.006,-0.65
/epuck1/cmd_vel,59.791235893,0.006,-0.65
/epuck1/cmd_vel,59.800955179,0.006,-0.65
/epuck1/cmd_vel,59.810938461,0.006,-0.65
/epuck1/cmd_vel,59.820155953,0.006,-0.65
/epuck1/cmd_vel,59.825472191,0.006,-0.65
/epuck1/cmd_vel,59.837754946,0.0066198576999992155,-0.6004113840000628
/epuck1/cmd_vel,59.84250119,0.006775410899998974,-0.5879671280000821
/epuck1/cmd_vel,59.852665771,0.00734588919999885,-0.542328864000092
/epuck1/cmd_vel,59.859345092,0.0076850301999994595,-0.5151975840000432
/epuck1/cmd_vel,59.866839604,0.00807070065000039,-0.4843439479999688
/epuck1/cmd_vel,59.87654099,0.00846609599999772,-0.45271232000018247
/epuck1/cmd_vel,59.885017736,0.008970351499999425,-0.4123718800000461
/epuck1/cmd_vel,59.891430408,0.009260644299999173,-0.3891484560000663
/epuck1/cmd_vel,59.903648436,0.00988360599999942,-0.3393115200000466
/epuck1/cmd_vel,59.909280387,0.010189299199998688,-0.31485606400010513
/epuck1/cmd_vel,59.921835024,0.010783110099998569,-0.2673511920001147
/epuck1/cmd_vel,59.929652333,0.011085873249998943,-0.24313014000008482
/epuck1/cmd_vel,59.943626908,0.011851213750000287,-0.18190289999997733
/epuck1/cmd_vel,59.948789946,0.012,-0.15662782000017617
/epuck1/cmd_vel,59.959429432,0.012,-0.11553912000013045
/epuck1/cmd_vel,59.968961687,0.012,-0.07965295600015454
/epuck1/cmd_vel,59.978209735,0.012,-0.04066151200017887
/epuck1/cmd_vel,59.98958474,0.012,0.005000512000015056
/epuck1/cmd_vel,59.998784887,0.012,0.031514022999976965
/epuck1/cmd_vel,60.003673018,0.012,0.04842007599987708
/epuck1/cmd_vel,60.018136306,0.012,0.08779493199987198
/epuck1/cmd_vel,60.024422474,0.012,0.10991092600003183
/epuck1/cmd_vel,60.036357494,0.012,0.14416584400001964
/epuck1/cmd_vel,60.041609935,0.012,0.1618711179999991
/epuck1/cmd_vel,60.056805042,0.012,0.20638031199999884
/epuck1/cmd_vel,60.063973435,0.012,0.22772828499993236
/epuck1/cmd_vel,60.078123614,0.012,0.26594570799992423
/epuck1/cmd_vel,60.082373228,0.012,0.28462330899996
/epuck1/cmd_vel,60.09215169,0.012,0.3124667559999693
/epuck1/cmd_vel,60.10294828,0.012,0.34467082000001026
/epuck1/cmd_vel,60.111200801,0.012,0.35
/epuck1/cmd_vel,60.121659981,0.012,0.35
/epuck1/cmd_vel,60.131611148,0.012,0.35
/epuck1/cmd_vel,60.138173224,0.012,0.35
/epuck1/cmd_vel,60.149085017,0.012,0.35
/epuck1/cmd_vel,60.155035276,0.012,0.35
/epuck1/cmd_vel,60.167386808,0.012,0.35
/epuck1/cmd_vel,60.173621275,0.012,0.35
/epuck1/cmd_vel,60.189799209,0.012,0.35
/epuck1/cmd_vel,60.196392285,0.012,0.35
/epuck1/cmd_vel,60.205299324,0.012,0.35
/epuck1/cmd_vel,60.215299192,0.012,0.35
/epuck1/cmd_vel,60.225207058,0.012,0.35
/epuck1/cmd_vel,60.235845743,0.012,0.35
/epuck1/cmd_vel,60.24805007,0.012,0.30160230000010413
/epuck1/cmd_vel,60.258554252,0.012,0.26272286000003076
/epuck1/cmd_vel,60.267023779,0.012,0.22480184400010328
/epuck1/cmd_vel,60.272680331,0.012,0.20501291200012017
/epuck1/cmd_vel,60.282814703,0.012,0.1639150080000945
/epuck1/cmd_vel,60.287173119,0.012,0.14344566000008852
/epuck1/cmd_vel,60.297287491,0.012,0.10720588800004405
/epuck1/cmd_vel,60.308318686,0.012,0.06851205200005095
/epuck1/cmd_vel,60.317079821,0.012,0.052041860818862896
/epuck1/cmd_vel,60.325390244,0.012,0.052041860818862896
/epuck1/cmd_vel,60.336458541,0.012,0.052041860818862896
/epuck1/cmd_vel,60.342979816,0.012,0.052041860818862896
/epuck1/cmd_vel,60.354876735,0.012,0.005647016818957108
/epuck1/cmd_vel,60.364234086,0.012,-0.0321111951812418
/epuck1/cmd_vel,60.375725394,0.012,-0.06600820418117112
/epuck1/cmd_vel,60.381456847,0.012,-0.08312546318108846
/epuck1/cmd_vel,60.39350317,0.012,-0.12009575318120144
/epuck1/cmd_vel,60.399957344,0.012,-0.1345714366436005
/epuck1/cmd_vel,60.408604175,0.012,-0.1345714366436005
/epuck1/cmd_vel,60.418003427,0.012,-0.1345714366436005
/epuck1/cmd_vel,60.427342278,0.012,-0.1345714366436005
/epuck1/cmd_vel,60.437058638,0.012,-0.1345714366436005
/epuck1/cmd_vel,60.447055106,0.012,-0.1345714366436005
/epuck1/cmd_vel,60.455213925,0.012,-0.10129974464362934
/epuck1/cmd_vel,60.469341404,0.012,-0.07898447871208192
/epuck1/cmd_vel,60.474459241,0.012,-0.07898447871208192
/epuck1/cmd_vel,60.487690696,0.012,-0.07898447871208192
/epuck1/cmd_vel,60.493757759,0.012,-0.07898447871208192
/epuck1/cmd_vel,60.505345169,0.012,-0.07898447871208192
/epuck1/cmd_vel,60.513641192,0.012,-0.07898447871208192
/epuck1/cmd_vel,60.522768934,0.012,-0.07898447871208192
/epuck1/cmd_vel,60.531842275,0.012,-0.07898447871208192
/epuck1/cmd_vel,60.539657782,0.012,-0.07898447871208192
/epuck1/cmd_vel,60.55049807,0.012,-0.07898447871208192
/epuck1/cmd_vel,60.557970068,0.012,-0.050283718712089476
/epuck1/cmd_vel,60.565410766,0.012,-0.024834642712003197
/epuck1/cmd_vel,60.57614275,0.012,0.016307380199432356
/epuck1/cmd_vel,60.584100161,0.012,0.016307380199432352
/epuck1/cmd_vel,60.595385061,0.012,0.016307380199432352
/epuck1/cmd_vel,60.601062811,0.012,0.016307380199432352
/epuck1/cmd_vel,60.608452107,0.012,0.016307380199432352
/epuck1/cmd_vel,60.617933559,0.012,0.016307380199432352
/epuck1/cmd_vel,60.629771973,0.012,0.016307380199432352
/epuck1/cmd_vel,60.638630708,0.012,0.016307380199432352
/epuck1/cmd_vel,60.64735374,0.012,0.016307380199432352
/epuck1/cmd_vel,60.656261176,0.012,0.03218938350677488
/epuck1/cmd_vel,60.666122338,0.012,0.03218938350677488
/epuck1/cmd_vel,60.672914718,0.012,0.03218938350677488
/epuck1/cmd_vel,60.6835456,0.012,0.03218938350677488
/epuck1/cmd_vel,60.687449303,0.012,0.03218938350677488
/epuck1/cmd_vel,60.698927508,0.012,0.03218938350677488
/epuck1/cmd_vel,60.705349778,0.012,0.03218938350677488
/epuck1/cmd_vel,60.719492453,0.012,0.03218938350677488
/epuck1/cmd_vel,60.724539187,0.012,0.03218938350677488
/epuck1/cmd_vel,60.734161043,0.012,0.03218938350677488
/epuck1/cmd_vel,60.743456789,0.012,0.03218938350677488
/epuck1/cmd_vel,60.752432427,0.012,0.03218938350677488
/epuck1/cmd_vel,60.762270488,0.012,0.000425430536270123
/epuck1/cmd_vel,60.772682265,0.012,0.0004254305362701216
/epuck1/cmd_vel,60.778602322,0.012,0.0004254305362701216
/epuck1/cmd_vel,60.793845826,0.012,0.0004254305362701216
/epuck1/cmd_vel,60.800558204,0.012,0.0004254305362701216
/epuck1/cmd_vel,60.809390639,0.012,0.0004254305362701216
/epuck1/cmd_vel,60.814621577,0.012,0.0004254305362701216
/epuck1/cmd_vel,60.822848696,0.012,0.0004254305362701216
/epuck1/cmd_vel,60.831799433,0.012,0.0004254305362701216
/epuck1/cmd_vel,60.841558592,0.012,0.0004254305362701216
/epuck1/cmd_vel,60.853186801,0.012,0.0004254305362701216
/epuck1/cmd_vel,60.860672999,0.012,-0.007515571117401143
/epuck1/cmd_vel,60.869089122,0.012,-0.007515571117401143
/epuck1/cmd_vel,60.88068083,0.012,-0.007515571117401143
/epuck1/cmd_vel,60.886521485,0.012,-0.007515571117401143
/epuck1/cmd_vel,60.899696534,0.012,-0.007515571117401143
/epuck1/cmd_vel,60.905964701,0.012,-0.007515571117401143
/epuck1/cmd_vel,60.918906944,0.012,-0.007515571117401143
/epuck1/cmd_vel,60.923055854,0.012,-0.007515571117401143
/epuck1/cmd_vel,60.94022171,0.012,-0.007515571117401143
/epuck1/cmd_vel,60.946862586,0.012,-0.007515571117401143
/epuck1/cmd_vel,60.955180306,0.012,0.00042543053627012127
/epuck1/cmd_vel,60.96396594,0.012,0.0004254305362701216
/epuck1/cmd_vel,60.974641323,0.012,0.0004254305362701216
/epuck1/cmd_vel,60.98548321,0.012,0.0004254305362701216
/epuck1/cmd_vel,60.993486423,0.012,0.0004254305362701216
/epuck1/cmd_vel,60.999562084,0.012,0.0004254305362701216
/epuck1/cmd_vel,61.011831409,0.012,0.0004254305362701216
/epuck1/cmd_vel,61.016397031,0.012,0.0004254305362701216
/epuck1/cmd_vel,61.028789959,0.012,0.0004254305362701216
/epuck1/cmd_vel,61.034970423,0.012,0.0004254305362701216
/epuck1/cmd_vel,61.048147473,0.012,0.0004254305362701216
/epuck1/cmd_vel,61.053187407,0.012,0.0004254305362701216
/epuck1/cmd_vel,61.062489754,0.012,0.0004254305362701216
/epuck1/cmd_vel,61.071234586,0.012,0.0004254305362701216
/epuck1/cmd_vel,61.080567133,0.012,0.0004254305362701216
/epuck1/cmd_vel,61.084620341,0.012,0.0004254305362701216
/epuck1/cmd_vel,61.10041006,0.012,0.0004254305362701216
/epuck1/cmd_vel,61.10609351,0.012,0.0004254305362701216
/epuck1/cmd_vel,61.118238733,0.012,0.0004254305362701216
/epuck1/cmd_vel,61.123095361,0.012,0.0004254305362701216
/epuck1/cmd_vel,61.136937629,0.012,0.0004254305362701216
/epuck1/cmd_vel,61.142007763,0.012,0.0004254305362701216
/epuck1/cmd_vel,61.154148185,0.012,0.0004254305362701216
/epuck1/cmd_vel,61.165147477,0.012,0.0004254305362701216
/epuck1/cmd_vel,61.1735392,0.012,0.0004254305362701216
/epuck1/cmd_vel,61.183575766,0.012,0.0004254305362701216
/epuck1/cmd_vel,61.193400827,0.012,0.0004254305362701216
/epuck1/cmd_vel,61.200037303,0.012,0.0004254305362701216
/epuck1/cmd_vel,61.212699839,0.012,0.0004254305362701216
/epuck1/cmd_vel,61.219491419,0.012,0.0004254305362701216
/epuck1/cmd_vel,61.234484417,0.012,0.0004254305362701216
/epuck1/cmd_vel,61.240581478,0.012,0.0004254305362701216
/epuck1/cmd_vel,61.251748075,0.012,0.0004254305362701216
/epuck1/cmd_vel,61.256989914,0.012,0.0004254305362701216
/epuck1/cmd_vel,61.266223959,0.012,0.0004254305362701216
/epuck1/cmd_vel,61.274666383,0.012,0.0004254305362701216
/epuck1/cmd_vel,61.284086833,0.012,0.0004254305362701216
/epuck1/cmd_vel,61.294260403,0.012,0.0004254305362701216
/epuck1/cmd_vel,61.302896532,0.012,0.0004254305362701216
/epuck1/cmd_vel,61.308588183,0.012,0.0004254305362701216
/epuck1/cmd_vel,61.321508125,0.012,0.0004254305362701216
/epuck1/cmd_vel,61.328955223,0.012,0.0004254305362701216
/epuck1/cmd_vel,61.341434554,0.012,0.0004254305362701216
/epuck1/cmd_vel,61.348552443,0.012,0.0004254305362701216
/epuck1/cmd_vel,61.360951972,0.012,0.0004254305362701216
/epuck1/cmd_vel,61.36654712,0.012,0.0004254305362701216
/epuck1/cmd_vel,61.37860924,0.012,-0.003545097112655659
/epuck1/cmd_vel,61.383187662,0.012,-0.0035450971126556596
/epuck1/cmd_vel,61.392735915,0.012,-0.0035450971126556596
/epuck1/cmd_vel,61.402111764,0.012,-0.0035450971126556596
/epuck1/cmd_vel,61.411588915,0.012,-0.0035450971126556596
/epuck1/cmd_vel,61.417171164,0.012,-0.0035450971126556596
/epuck1/cmd_vel,61.431580046,0.012,-0.0035450971126556596
/epuck1/cmd_vel,61.438614532,0.012,-0.0035450971126556596
/epuck1/cmd_vel,61.452124091,0.012,-0.0035450971126556596
/epuck1/cmd_vel,61.458791168,0.012,-0.0035450971126556596
/epuck1/cmd_vel,61.473763765,0.012,0.00042543053627012127
/epuck1/cmd_vel,61.480785251,0.012,0.0004254305362701216
/epuck1/cmd_vel,61.493357485,0.012,0.0004254305362701216
/epuck1/cmd_vel,61.500972587,0.012,0.0004254305362701216
/epuck1/cmd_vel,61.513489619,0.012,0.0004254305362701216
/epuck1/cmd_vel,61.519851786,0.012,0.0004254305362701216
/epuck1/cmd_vel,61.533794152,0.012,0.0004254305362701216
/epuck1/cmd_vel,61.538068565,0.012,0.0004254305362701216
/epuck1/cmd_vel,61.552130934,0.012,0.0004254305362701216
/epuck1/cmd_vel,61.558112591,0.012,0.0004254305362701216
/epuck1/cmd_vel,61.567004824,0.012,0.0004254305362701216
/epuck1/cmd_vel,61.577417898,0.012,0.004395904541015605
/epuck1/cmd_vel,61.585913321,0.012,0.004395904541015605
/epuck1/cmd_vel,61.596489898,0.012,0.004395904541015605
/epuck1/cmd_vel,61.605937146,0.012,0.03234463954112469
/epuck1/cmd_vel,61.6117825,0.012,0.05172424654102995
/epuck1/cmd_vel,61.623402205,0.012,0.0849903195410229
/epuck1/cmd_vel,61.628989051,0.012,0.10177756054111112
/epuck1/cmd_vel,61.641626883,0.012,0.13866232954115046
/epuck1/cmd_vel,61.648174255,0.012,0.15967728154112362
/epuck1/cmd_vel,61.65634187,0.012,0.185644762541076
/epuck1/cmd_vel,61.665064799,0.012,0.21124203454110327
/epuck1/cmd_vel,61.677443224,0.012,0.23752722454111333
/epuck1/cmd_vel,61.685615538,0.012,0.27317836054106914
/epuck1/cmd_vel,61.693326241,0.012,0.2954974485410866
/epuck1/cmd_vel,61.702030169,0.012,0.3
/epuck1/cmd_vel,61.711783825,0.012,0.3
/epuck1/cmd_vel,61.71807849,0.012,0.3
/epuck1/cmd_vel,61.730830625,0.012,0.3
/epuck1/cmd_vel,61.737136491,0.012,0.3
/epuck1/cmd_vel,61.749620018,0.012,0.3
/epuck1/cmd_vel,61.757730431,0.012,0.3
/epuck1/cmd_vel,61.766582564,0.012,0.3
/epuck1/cmd_vel,61.776175316,0.012,0.3
/epuck1/cmd_vel,61.787437811,0.012,0.3
/epuck1/cmd_vel,61.79423769,0.012,0.3
/epuck1/cmd_vel,61.807728544,0.012,0.3
/epuck1/cmd_vel,61.818795534,0.012,0.3
/epuck1/cmd_vel,61.827696368,0.012,0.3
/epuck1/cmd_vel,61.833728526,0.012,0.3
/epuck1/cmd_vel,61.845233429,0.012,0.3
/epuck1/cmd_vel,61.852859729,0.012,0.3
/epuck1/cmd_vel,61.863273102,0.012,0.3
/epuck1/cmd_vel,61.870799,0.012,0.3
/epuck1/cmd_vel,61.880916065,0.012,0.3
/epuck1/cmd_vel,61.888994877,0.012,0.27077003200001853
/epuck1/cmd_vel,61.897061889,0.012,0.2353291039999476
/epuck1/cmd_vel,61.905543212,0.012,0.2018106240000634
/epuck1/cmd_vel,61.913938232,0.012,0.1701889920000667
/epuck1/cmd_vel,61.91878786,0.012,0.14857282400002986
/epuck1/cmd_vel,61.932564121,0.012,0.10617612898349761
/epuck1/cmd_vel,61.938445676,0.012,0.10617612898349761
/epuck1/cmd_vel,61.951318514,0.012,0.10617612898349761
/epuck1/cmd_vel,61.955461722,0.012,0.10617612898349761
/epuck1/cmd_vel,61.967978151,0.012,0.10617612898349761
/epuck1/cmd_vel,61.973774503,0.012,0.10617612898349761
/epuck1/cmd_vel,61.983613261,0.012,0.10617612898349761
/epuck1/cmd_vel,61.992599397,0.012,0.07142521698356176
/epuck1/cmd_vel,62.002523658,0.012499568150002006,0.03145976498340132
/epuck1/cmd_vel,62.010824876,0.012920404150002698,-0.002207115016653924
/epuck1/cmd_vel,62.021832965,0.013467898550001224,-0.019605599343776703
/epuck1/cmd_vel,62.027666418,0.013739840700000174,-0.019605599343776703
/epuck1/cmd_vel,62.041804989,0.014469824850001601,-0.019605599343776703
/epuck1/cmd_vel,62.050771324,0.014845709700000044,-0.019605599343776703
/epuck1/cmd_vel,62.065484111,0.015643115650001507,-0.019605599343776703
/epuck1/cmd_vel,62.071908679,0.015968194200001565,-0.019605599343776703
/epuck1/cmd_vel,62.084048998,0.016568474950002614,-0.019605599343776703
/epuck1/cmd_vel,62.092028408,0.01692863940000064,-0.02622309140861034
/epuck1/cmd_vel,62.106499487,0.017677459050002658,-0.02622309140861034
/epuck1/cmd_vel,62.113599174,0.017960846500002507,-0.02622309140861034
/epuck1/cmd_vel,62.123172725,0.01853706665000016,-0.02622309140861034
/epuck1/cmd_vel,62.129711197,0.018848784800001798,-0.02622309140861034
/epuck1/cmd_vel,62.143070048,0.019495536800001902,-0.02622309140861034
/epuck1/cmd_vel,62.147773571,0.019775864150002577,-0.02622309140861034
/epuck1/cmd_vel,62.156053288,0.02019652520000034,-0.02622309140861034
/epuck1/cmd_vel,62.165333332,0.02062843155000235,-0.02622309140861034
/epuck1/cmd_vel,62.173870656,0.02108811860000185,-0.02622309140861034
/epuck1/cmd_vel,62.183279403,0.021560171000001106,-0.02622309140861034
/epuck1/cmd_vel,62.191653623,0.021974496850000493,-0.012988106347620487
/epuck1/cmd_vel,62.197776284,0.022259569350000678,-0.012988106347620487
/epuck1/cmd_vel,62.210320113,0.022867900350001493,-0.012988106347620487
/epuck1/cmd_vel,62.218055516,0.02323838005000266,-0.012988106347620487
/epuck1/cmd_vel,62.228787098,0.023827445500000523,-0.012988106347620487
/epuck1/cmd_vel,62.23725962,0.024155694150001752,-0.012988106347620487
/epuck1/cmd_vel,62.24942024,0.02486227270000211,-0.012988106347620487
/epuck1/cmd_vel,62.254974485,0.025,-0.012988106347620487
/epuck1/cmd_vel,62.264741142,0.025,-0.012988106347620487
/epuck1/cmd_vel,62.273987485,0.025,-0.012988106347620487
/epuck1/cmd_vel,62.284436059,0.025,-0.012988106347620487
/epuck1/cmd_vel,62.297368798,0.025,-0.004164783749729395
/epuck1/cmd_vel,62.305733318,0.025,-0.004164783749729396
/epuck1/cmd_vel,62.310890053,0.025,-0.004164783749729396
/epuck1/cmd_vel,62.32448341,0.025,-0.004164783749729396
/epuck1/cmd_vel,62.331266188,0.025,-0.004164783749729396
/epuck1/cmd_vel,62.345775169,0.025,-0.004164783749729396
/epuck1/cmd_vel,62.352034634,0.025,-0.004164783749729396
/epuck1/cmd_vel,62.367346835,0.025,-0.004164783749729396
/epuck1/cmd_vel,62.372013158,0.025,-0.004164783749729396
/epuck1/cmd_vel,62.385106702,0.025,-0.004164783749729396
/epuck1/cmd_vel,62.391082359,0.025,-0.0019589529838413
/epuck1/cmd_vel,62.409880552,0.025,-0.0019589529838413
/epuck1/cmd_vel,62.415233993,0.025,-0.0019589529838413
/epuck1/cmd_vel,62.426460887,0.025,-0.0019589529838413
/epuck1/cmd_vel,62.433178664,0.025,-0.0019589529838413
/epuck1/cmd_vel,62.437894488,0.025,-0.0019589529838413
/epuck1/cmd_vel,62.447220832,0.025,-0.0019589529838413
/epuck1/cmd_vel,62.455412947,0.025,-0.0019589529838413
/epuck1/cmd_vel,62.461352203,0.025,-0.0019589529838413
/epuck1/cmd_vel,62.476284895,0.025,-0.0019589529838413
/epuck1/cmd_vel,62.482863768,0.025,-0.0019589529838413
/epuck1/cmd_vel,62.493914858,0.025,-0.0019589529838413
/epuck1/cmd_vel,62.499458304,0.025,0.000246877723839134
/epuck1/cmd_vel,62.51378318,0.025,0.000246877723839134
/epuck1/cmd_vel,62.519065717,0.025,0.000246877723839134
/epuck1/cmd_vel,62.531979753,0.025,0.000246877723839134
/epuck1/cmd_vel,62.538157313,0.025,0.000246877723839134
/epuck1/cmd_vel,62.5530471,0.025,0.000246877723839134
/epuck1/cmd_vel,62.56149502,0.025,0.000246877723839134
/epuck1/cmd_vel,62.575033471,0.025,0.000246877723839134
/epuck1/cmd_vel,62.582653469,0.025,0.000246877723839134
/epuck1/cmd_vel,62.590905384,0.025,0.000246877723839134
/epuck1/cmd_vel,62.600735639,0.025,-0.0019589529838413
/epuck1/cmd_vel,62.609756773,0.025,-0.0019589529838413
/epuck1/cmd_vel,62.62078506,0.025,-0.0019589529838413
/epuck1/cmd_vel,62.632503064,0.025,-0.0019589529838413
/epuck1/cmd_vel,62.641722104,0.025,-0.0019589529838413
/epuck1/cmd_vel,62.651685763,0.025,-0.0019589529838413
/epuck1/cmd_vel,62.658425638,0.025,-0.0019589529838413
/epuck1/cmd_vel,62.671702983,0.025,-0.0019589529838413
/epuck1/cmd_vel,62.677521034,0.025,-0.0019589529838413
/epuck1/cmd_vel,62.689809753,0.025,-0.0019589529838413
/epuck1/cmd_vel,62.696466426,0.025,-0.0019589529838413
/epuck1/cmd_vel,62.711000604,0.025,0.000246877723839134
/epuck1/cmd_vel,62.71317236,0.025,0.000246877723839134
/epuck1/cmd_vel,62.723054717,0.025,0.000246877723839134
/epuck1/cmd_vel,62.732756669,0.025,0.000246877723839134
/epuck1/cmd_vel,62.744472673,0.025,0.000246877723839134
/epuck1/cmd_vel,62.755012547,0.025,0.000246877723839134
/epuck1/cmd_vel,62.765961932,0.025,0.000246877723839134
/epuck1/cmd_vel,62.776897895,0.025,0.000246877723839134
/epuck1/cmd_vel,62.787957999,0.025,0.000246877723839134
/epuck1/cmd_vel,62.797227718,0.025,0.000246877723839134
/epuck1/cmd_vel,62.806952532,0.025,0.000246877723839134
/epuck1/cmd_vel,62.817448441,0.025,0.000246877723839134
/epuck1/cmd_vel,62.827481253,0.025,0.000246877723839134
/epuck1/cmd_vel,62.834787489,0.025,0.000246877723839134
/epuck1/cmd_vel,62.846781784,0.025,0.000246877723839134
/epuck1/cmd_vel,62.853964421,0.025,0.000246877723839134
/epuck1/cmd_vel,62.864551929,0.025,0.000246877723839134
/epuck1/cmd_vel,62.870423477,0.025,0.000246877723839134
/epuck1/cmd_vel,62.878756104,0.025,0.000246877723839134
/epuck1/cmd_vel,62.888813116,0.025,0.000246877723839134
/epuck1/cmd_vel,62.89864873,0.025,0.000246877723839134
/epuck1/cmd_vel,62.908158847,0.025,0.000246877723839134
/epuck1/cmd_vel,62.916350975,0.025,0.000246877723839134
/epuck1/cmd_vel,62.923771711,0.025,0.000246877723839134
/epuck1/cmd_vel,62.933539025,0.025,0.000246877723839134
/epuck1/cmd_vel,62.93979877,0.025,0.000246877723839134
/epuck1/cmd_vel,62.954493142,0.025,0.000246877723839134
/epuck1/cmd_vel,62.958460907,0.025,0.000246877723839134
/epuck1/cmd_vel,62.973231678,0.025,0.000246877723839134
/epuck1/cmd_vel,62.979075127,0.025,0.000246877723839134
/epuck1/cmd_vel,62.986881058,0.025,0.000246877723839134
/epuck1/cmd_vel,62.996520474,0.025,0.000246877723839134
/epuck1/cmd_vel,63.006209089,0.025,0.000246877723839134
/epuck1/cmd_vel,63.01528711,0.025,0.000246877723839134
/epuck1/cmd_vel,63.024851126,0.025,0.000246877723839134
/epuck1/cmd_vel,63.031627367,0.025,0.000246877723839134
/epuck1/cmd_vel,63.043656462,0.025,0.000246877723839134
/epuck1/cmd_vel,63.052188287,0.025,0.000246877723839134
/epuck1/cmd_vel,63.062273999,0.025,0.000246877723839134
/epuck1/cmd_vel,63.06902644,0.025,0.000246877723839134
/epuck1/cmd_vel,63.083137416,0.025,0.000246877723839134
/epuck1/cmd_vel,63.087680577,0.025,0.000246877723839134
/epuck1/cmd_vel,63.101845553,0.025,0.000246877723839134
/epuck1/cmd_vel,63.108945791,0.025,0.000246877723839134
/epuck1/cmd_vel,63.124753552,0.025,0.000246877723839134
/epuck1/cmd_vel,63.132439785,0.025,0.000246877723839134
/epuck1/cmd_vel,63.147224056,0.025,0.000246877723839134
/epuck1/cmd_vel,63.153844098,0.025,0.000246877723839134
/epuck1/cmd_vel,63.161091934,0.025,0.000246877723839134
/epuck1/cmd_vel,63.170103856,0.025,0.000246877723839134
/epuck1/cmd_vel,63.179257375,0.025,0.000246877723839134
/epuck1/cmd_vel,63.184132333,0.025,0.000246877723839134
/epuck1/cmd_vel,63.198028211,0.025,0.000246877723839134
/epuck1/cmd_vel,63.204668053,0.025,0.000246877723839134
/epuck1/cmd_vel,63.221474106,0.025,0.000246877723839134
/epuck1/cmd_vel,63.225244373,0.025,0.000246877723839134
/epuck1/cmd_vel,63.236896671,0.025,0.000246877723839134
/epuck1/cmd_vel,63.244137108,0.025,0.000246877723839134
/epuck1/cmd_vel,63.252379636,0.025,0.000246877723839134
/epuck1/cmd_vel,63.263769936,0.025,0.000246877723839134
/epuck1/cmd_vel,63.275033838,0.025,0.000246877723839134
/epuck1/cmd_vel,63.285386347,0.025,0.000246877723839134
/epuck1/cmd_vel,63.295416159,0.025,0.000246877723839134
/epuck1/cmd_vel,63.301942002,0.025,0.000246877723839134
/epuck1/cmd_vel,63.311178321,0.025,0.000246877723839134
/epuck1/cmd_vel,63.31936745,0.025,0.000246877723839134
/epuck1/cmd_vel,63.330621351,0.025,0.000246877723839134
/epuck1/cmd_vel,63.337881388,0.025,0.000246877723839134
/epuck1/cmd_vel,63.351938265,0.025,0.000246877723839134
/epuck1/cmd_vel,63.358975003,0.025,0.000246877723839134
/epuck1/cmd_vel,63.368759318,0.025,0.000246877723839134
/epuck1/cmd_vel,63.377520441,0.025,0.000246877723839134
/epuck1/cmd_vel,63.386709061,0.025,0.000246877723839134
/epuck1/cmd_vel,63.396661474,0.025,0.000246877723839134
/epuck1/cmd_vel,63.404583904,0.025,0.000246877723839134
/epuck1/cmd_vel,63.410992348,0.025,0.000246877723839134
/epuck1/cmd_vel,63.422583747,0.025,0.000246877723839134
/epuck1/cmd_vel,63.428462695,0.025,0.000246877723839134
/epuck1/cmd_vel,63.440150893,0.025,0.000246877723839134
/epuck1/cmd_vel,63.446391738,0.025,0.000246877723839134
/epuck1/cmd_vel,63.45878223,0.025,0.000246877723839134
/epuck1/cmd_vel,63.464912676,0.025,0.000246877723839134
/epuck1/cmd_vel,63.473346403,0.025,0.000246877723839134
/epuck1/cmd_vel,63.482172725,0.025,0.000246877723839134
/epuck1/cmd_vel,63.491051648,0.025,0.000246877723839134
/epuck1/cmd_vel,63.499346675,0.025,0.000246877723839134
/epuck1/cmd_vel,63.50912319,0.025,0.000246877723839134
/epuck1/cmd_vel,63.515474534,0.025,0.000246877723839134
/epuck1/cmd_vel,63.529338709,0.025,-0.0019589529838413
/epuck1/cmd_vel,63.536771942,0.025,-0.0019589529838413
/epuck1/cmd_vel,63.549266329,0.025,-0.0019589529838413
/epuck1/cmd_vel,63.555683771,0.025,-0.0019589529838413
/epuck1/cmd_vel,63.568618355,0.025,-0.0019589529838413
/epuck1/cmd_vel,63.575931989,0.025,-0.0019589529838413
/epuck1/cmd_vel,63.588822772,0.025,-0.0019589529838413
/epuck1/cmd_vel,63.596521203,0.025,-0.0019589529838413
/epuck1/cmd_vel,63.606271915,0.025,-0.0019589529838413
/epuck1/cmd_vel,63.613953246,0.025,-0.0019589529838413
/epuck1/cmd_vel,63.624069155,0.025,-0.0019589529838413
/epuck1/cmd_vel,63.628223517,0.025,-0.0019589529838413
/epuck1/cmd_vel,63.640299708,0.025,0.000246877723839134
/epuck1/cmd_vel,63.645229164,0.025,0.000246877723839134
/epuck1/cmd_vel,63.660366627,0.025,0.000246877723839134
/epuck1/cmd_vel,63.665228283,0.025,0.000246877723839134
/epuck1/cmd_vel,63.67889946,0.025,0.000246877723839134
/epuck1/cmd_vel,63.685160704,0.025,0.000246877723839134
/epuck1/cmd_vel,63.695986206,0.025,0.000246877723839134
/epuck1/cmd_vel,63.70666741,0.025,0.000246877723839134
/epuck1/cmd_vel,63.716479321,0.025,0.000246877723839134
/epuck1/cmd_vel,63.726031235,0.025,0.000246877723839134
/epuck1/cmd_vel,63.735711748,0.025,0.00245270854793489
/epuck1/cmd_vel,63.742266789,0.025,0.00245270854793489
/epuck1/cmd_vel,63.754917175,0.025,0.00245270854793489
/epuck1/cmd_vel,63.76210651,0.025,0.00245270854793489
/epuck1/cmd_vel,63.774658797,0.025,0.00245270854793489
/epuck1/cmd_vel,63.78208313,0.025,0.00245270854793489
/epuck1/cmd_vel,63.79537501,0.025,0.00245270854793489
/epuck1/cmd_vel,63.802735543,0.025,0.00245270854793489
/epuck1/cmd_vel,63.815711326,0.025,0.00245270854793489
/epuck1/cmd_vel,63.82195977,0.025,0.00245270854793489
/epuck1/cmd_vel,63.830774591,0.025,0.00245270854793489
/epuck1/cmd_vel,63.841646993,0.025,0.000246877723839134
/epuck1/cmd_vel,63.849401723,0.025,0.000246877723839134
/epuck1/cmd_vel,63.858974236,0.025,0.000246877723839134
/epuck1/cmd_vel,63.866929865,0.025,0.000246877723839134
/epuck1/cmd_vel,63.874856993,0.025,0.000246877723839134
/epuck1/cmd_vel,63.886167491,0.025,0.000246877723839134
/epuck1/cmd_vel,63.891984339,0.025,0.000246877723839134
/epuck1/cmd_vel,63.904684424,0.025,0.000246877723839134
/epuck1/cmd_vel,63.910929368,0.025,0.000246877723839134
/epuck1/cmd_vel,63.922629862,0.025,0.000246877723839134
/epuck1/cmd_vel,63.928730307,0.025,0.000246877723839134
/epuck1/cmd_vel,63.937581427,0.025,-0.0019589529838413
/epuck1/cmd_vel,63.947564437,0.025,-0.0019589529838413
/epuck1/cmd_vel,63.955890062,0.025,-0.0019589529838413
/epuck1/cmd_vel,63.966519066,0.025,-0.0019589529838413
/epuck1/cmd_vel,63.976973672,0.025,-0.0019589529838413
/epuck1/cmd_vel,63.987090081,0.025,-0.0019589529838413
/epuck1/cmd_vel,63.995648404,0.025,-0.0019589529838413
/epuck1/cmd_vel,64.00268564,0.025,-0.0019589529838413
/epuck1/cmd_vel,64.014587533,0.025,-0.0019589529838413
/epuck1/cmd_vel,64.020737678,0.025,-0.0019589529838413
/epuck1/cmd_vel,64.034152057,0.025,-0.0019589529838413
/epuck1/cmd_vel,64.038527117,0.025,0.000246877723839134
/epuck1/cmd_vel,64.051121604,0.025,0.000246877723839134
/epuck1/cmd_vel,64.057599845,0.025,0.000246877723839134
/epuck1/cmd_vel,64.067899852,0.025,0.000246877723839134
/epuck1/cmd_vel,64.075742982,0.025,0.000246877723839134
/epuck1/cmd_vel,64.087254778,0.025,0.000246877723839134
/epuck1/cmd_vel,64.094639411,0.025,0.000246877723839134
/epuck1/cmd_vel,64.104455723,0.025,0.000246877723839134
/epuck1/cmd_vel,64.110770966,0.025,0.000246877723839134
/epuck1/cmd_vel,64.12246316,0.025,0.000246877723839134
/epuck1/cmd_vel,64.130649186,0.025,0.000246877723839134
/epuck1/cmd_vel,64.141654287,0.025,0.000246877723839134
/epuck1/cmd_vel,64.14692014,0.025,0.000246877723839134
/epuck1/cmd_vel,64.159200129,0.025,0.000246877723839134
/epuck1/cmd_vel,64.166901459,0.025,0.000246877723839134
/epuck1/cmd_vel,64.180370138,0.025,0.000246877723839134
/epuck1/cmd_vel,64.187578273,0.025,0.000246877723839134
/epuck1/cmd_vel,64.196146296,0.025,0.000246877723839134
/epuck1/cmd_vel,64.205127115,0.025,0.000246877723839134
/epuck1/cmd_vel,64.215802319,0.025,0.000246877723839134
/epuck1/cmd_vel,64.226101726,0.025,0.000246877723839134
/epuck1/cmd_vel,64.233869756,0.025,0.000246877723839134
/epuck1/cmd_vel,64.239237607,0.025,0.000246877723839134
/epuck1/cmd_vel,64.253810876,0.025,0.000246877723839134
/epuck1/cmd_vel,64.262979893,0.025,0.000246877723839134
/epuck1/cmd_vel,64.273466399,0.025,0.000246877723839134
/epuck1/cmd_vel,64.280191638,0.025,0.000246877723839134
/epuck1/cmd_vel,64.292878623,0.025,0.000246877723839134
/epuck1/cmd_vel,64.298507973,0.025,0.000246877723839134
/epuck1/cmd_vel,64.307053796,0.025,0.000246877723839134
/epuck1/cmd_vel,64.316408411,0.025,0.000246877723839134
/epuck1/cmd_vel,64.325260531,0.025,0.000246877723839134
/epuck1/cmd_vel,64.331029079,0.025,0.000246877723839134
/epuck1/cmd_vel,64.344479458,0.025,0.000246877723839134
/epuck1/cmd_vel,64.348492522,0.025,0.000246877723839134
/epuck1/cmd_vel,64.360838911,0.025,0.000246877723839134
/epuck1/cmd_vel,64.365734966,0.025,0.000246877723839134
/epuck1/cmd_vel,64.374480788,0.025,0.000246877723839134
/epuck1/cmd_vel,64.382654514,0.025,0.000246877723839134
/epuck1/cmd_vel,64.392656324,0.025,0.000246877723839134
/epuck1/cmd_vel,64.402904931,0.025,0.000246877723839134
/epuck1/cmd_vel,64.411220856,0.025,0.000246877723839134
/epuck1/cmd_vel,64.418868487,0.025,0.000246877723839134
/epuck1/cmd_vel,64.430213485,0.025,0.000246877723839134
/epuck1/cmd_vel,64.43747042,0.025,0.000246877723839134
/epuck1/cmd_vel,64.45295218,0.025,0.000246877723839134
/epuck1/cmd_vel,64.45959642,0.025,0.000246877723839134
/epuck1/cmd_vel,64.470860318,0.025,0.000246877723839134
/epuck1/cmd_vel,64.47733156,0.025,0.000246877723839134
/epuck1/cmd_vel,64.48956395,0.025,0.000246877723839134
/epuck1/cmd_vel,64.492796521,0.025,0.000246877723839134
/epuck1/cmd_vel,64.50173904,0.025,0.000246877723839134
/epuck1/cmd_vel,64.509678868,0.025,0.000246877723839134
/epuck1/cmd_vel,64.518575187,0.025,0.000246877723839134
/epuck1/cmd_vel,64.528470595,0.025,0.000246877723839134
/epuck1/cmd_vel,64.53761821,0.025,0.000246877723839134
/epuck1/cmd_vel,64.54520924,0.025,0.000246877723839134
/epuck1/cmd_vel,64.556121339,0.025,0.000246877723839134
/epuck1/cmd_vel,64.562757377,0.025,0.000246877723839134
/epuck1/cmd_vel,64.57537556,0.025,0.000246877723839134
/epuck1/cmd_vel,64.581415504,0.025,0.000246877723839134
/epuck1/cmd_vel,64.593822189,0.025,0.000246877723839134
/epuck1/cmd_vel,64.599871032,0.025,0.000246877723839134
/epuck1/cmd_vel,64.609045347,0.025,0.000246877723839134
/epuck1/cmd_vel,64.620030145,0.025,0.000246877723839134
/epuck1/cmd_vel,64.632368331,0.025,0.000246877723839134
/epuck1/cmd_vel,64.647592389,0.025,0.000246877723839134
/epuck1/cmd_vel,64.661143864,0.025,0.000246877723839134
/epuck1/cmd_vel,64.675003535,0.025,0.000246877723839134
/epuck1/cmd_vel,64.691182385,0.025,0.000246877723839134
/epuck1/cmd_vel,64.699019812,0.025,0.000246877723839134
/epuck1/cmd_vel,64.717279143,0.025,0.000246877723839134
/epuck1/cmd_vel,64.723407286,0.025,0.000246877723839134
/epuck1/cmd_vel,64.740028531,0.025,0.000246877723839134
/epuck1/cmd_vel,64.748228955,0.025,0.000246877723839134
/epuck1/cmd_vel,64.767658775,0.025,-0.0019589529838413
/epuck1/cmd_vel,64.787514091,0.025,-0.0019589529838413
/epuck1/cmd_vel,64.802304753,0.025,-0.0019589529838413
/epuck1/cmd_vel,64.815464331,0.025,-0.0019589529838413
/epuck1/cmd_vel,64.83390746,0.025,-0.0019589529838413
/epuck1/cmd_vel,64.842882077,0.025,-0.0019589529838413
/epuck1/cmd_vel,64.857483741,0.025,0.000246877723839134
/epuck1/cmd_vel,64.863347287,0.025,0.000246877723839134
/epuck1/cmd_vel,64.875569673,0.025,0.000246877723839134
/epuck1/cmd_vel,64.881800615,0.025,0.000246877723839134
/epuck1/cmd_vel,64.890740132,0.025,0.000246877723839134
/epuck1/cmd_vel,64.901036437,0.025,0.000246877723839134
/epuck1/cmd_vel,64.910162152,0.025,0.000246877723839134
/epuck1/cmd_vel,64.912809028,0.025,0.000246877723839134
/epuck1/cmd_vel,64.923448429,0.025,0.000246877723839134
/epuck1/cmd_vel,64.93080606,0.025,0.000246877723839134
/epuck1/cmd_vel,64.942906648,0.025,0.000246877723839134
/epuck1/cmd_vel,64.947881202,0.025,0.000246877723839134
/epuck1/cmd_vel,64.95671922,0.025,-0.0019589529838413
/epuck1/cmd_vel,64.965551038,0.025,-0.0019589529838413
/epuck1/cmd_vel,64.974242257,0.025,-0.0019589529838413
/epuck1/cmd_vel,64.979584308,0.025,-0.0019589529838413
/epuck1/cmd_vel,64.99225159,0.025,-0.0019589529838413
/epuck1/cmd_vel,64.997288243,0.025,-0.0019589529838413
/epuck1/cmd_vel,65.009753928,0.025,-0.0019589529838413
/epuck1/cmd_vel,65.015245377,0.025,-0.0019589529838413
/epuck1/cmd_vel,65.023598799,0.025,-0.0019589529838413
/epuck1/cmd_vel,65.031617325,0.025,-0.0019589529838413
/epuck1/cmd_vel,65.038279663,0.025,-0.0019589529838413
/epuck1/cmd_vel,65.043711012,0.025,-0.0019589529838413
/epuck1/cmd_vel,65.055264605,0.025,-0.0019589529838413
/epuck1/cmd_vel,65.061983043,0.025,0.000246877723839134
/epuck1/cmd_vel,65.074974622,0.025,0.000246877723839134
/epuck1/cmd_vel,65.080883567,0.025,0.000246877723839134
/epuck1/cmd_vel,65.093009855,0.025,0.000246877723839134
/epuck1/cmd_vel,65.098238006,0.025,0.000246877723839134
/epuck1/cmd_vel,65.106191632,0.025,0.000246877723839134
/epuck1/cmd_vel,65.11618154,0.025,0.000246877723839134
/epuck1/cmd_vel,65.12796853,0.025,0.000246877723839134
/epuck1/cmd_vel,65.131503397,0.025,0.000246877723839134
/epuck1/cmd_vel,65.142816592,0.025,0.000246877723839134
/epuck1/cmd_vel,65.147596848,0.025,0.000246877723839134
/epuck1/cmd_vel,65.160244031,0.025,0.000246877723839134
/epuck1/cmd_vel,65.166323874,0.025,0.000246877723839134
/epuck1/cmd_vel,65.175053293,0.025,0.000246877723839134
/epuck1/cmd_vel,65.186735285,0.025,0.000246877723839134
/epuck1/cmd_vel,65.194230115,0.025,0.000246877723839134
/epuck1/cmd_vel,65.202974734,0.025,0.000246877723839134
/epuck1/cmd_vel,65.210480664,0.025,0.000246877723839134
/epuck1/cmd_vel,65.216766106,0.025,0.000246877723839134
/epuck1/cmd_vel,65.227411307,0.025,0.000246877723839134
/epuck1/cmd_vel,65.233053255,0.025,0.000246877723839134
/epuck1/cmd_vel,65.241217879,0.025,0.000246877723839134
/epuck1/cmd_vel,65.249201805,0.025,0.000246877723839134
/epuck1/cmd_vel,65.258847615,0.025,0.000246877723839134
/epuck1/cmd_vel,65.26799353,0.025,0.000246877723839134
/epuck1/cmd_vel,65.275935757,0.025,0.000246877723839134
/epuck1/cmd_vel,65.282483296,0.025,0.000246877723839134
/epuck1/cmd_vel,65.294888881,0.025,0.000246877723839134
/epuck1/cmd_vel,65.301164622,0.025,0.000246877723839134
/epuck1/cmd_vel,65.313010812,0.025,0.000246877723839134
/epuck1/cmd_vel,65.317885967,0.025,0.000246877723839134
/epuck1/cmd_vel,65.330061054,0.025,0.000246877723839134
/epuck1/cmd_vel,65.336909191,0.025,0.000246877723839134
/epuck1/cmd_vel,65.344065424,0.025,0.000246877723839134
/epuck1/cmd_vel,65.353407037,0.025,0.000246877723839134
/epuck1/cmd_vel,65.363990139,0.025,0.000246877723839134
/epuck1/cmd_vel,65.370678577,0.025,0.000246877723839134
/epuck1/cmd_vel,65.383206461,0.025,0.000246877723839134
/epuck1/cmd_vel,65.388614011,0.025,0.000246877723839134
/epuck1/cmd_vel,65.399823907,0.025,0.000246877723839134
/epuck1/cmd_vel,65.406430745,0.025,0.000246877723839134
/epuck1/cmd_vel,65.418172836,0.025,0.000246877723839134
/epuck1/cmd_vel,65.423764684,0.025,0.000246877723839134
/epuck1/cmd_vel,65.432061207,0.025,0.000246877723839134
/epuck1/cmd_vel,65.441629019,0.025,0.000246877723839134
/epuck1/cmd_vel,65.449848442,0.025,0.000246877723839134
/epuck1/cmd_vel,65.455361691,0.025,0.000246877723839134
/epuck1/cmd_vel,65.467017083,0.025,0.000246877723839134
/epuck1/cmd_vel,65.473470123,0.025,0.00245270854793489
/epuck1/cmd_vel,65.486793399,0.025,0.00245270854793489
/epuck1/cmd_vel,65.492448447,0.025,0.00245270854793489
/epuck1/cmd_vel,65.50068277,0.025,0.00245270854793489
/epuck1/cmd_vel,65.511039074,0.025,0.00245270854793489
/epuck1/cmd_vel,65.521368477,0.025,0.00245270854793489
/epuck1/cmd_vel,65.530073593,0.025,0.00245270854793489
/epuck1/cmd_vel,65.538632112,0.025,0.00245270854793489
/epuck1/cmd_vel,65.543831562,0.025,0.00245270854793489
/epuck1/cmd_vel,65.555907947,0.025,0.00245270854793489
/epuck1/cmd_vel,65.561568493,0.025,0.00245270854793489
/epuck1/cmd_vel,65.572926384,0.025,0.00245270854793489
/epuck1/cmd_vel,65.579492922,0.025,0.000246877723839134
/epuck1/cmd_vel,65.588518236,0.025,0.000246877723839134
/epuck1/cmd_vel,65.597831747,0.025,0.000246877723839134
/epuck1/cmd_vel,65.607482755,0.025,0.000246877723839134
/epuck1/cmd_vel,65.61640257,0.025,0.000246877723839134
/epuck1/cmd_vel,65.624103296,0.025,0.000246877723839134
/epuck1/cmd_vel,65.629548244,0.025,0.000246877723839134
/epuck1/cmd_vel,65.640301541,0.025,0.000246877723839134
/epuck1/cmd_vel,65.646255785,0.025,0.000246877723839134
/epuck1/cmd_vel,65.658862164,0.025,0.000246877723839134
/epuck1/cmd_vel,65.666854988,0.025,0.000246877723839134
/epuck1/cmd_vel,65.674341817,0.025,-0.0019589529838413
/epuck1/cmd_vel,65.683514629,0.025,-0.0019589529838413
/epuck1/cmd_vel,65.695055219,0.025,-0.0019589529838413
/epuck1/cmd_vel,65.706672608,0.025,-0.0019589529838413
/epuck1/cmd_vel,65.71488943,0.025,-0.0019589529838413
/epuck1/cmd_vel,65.723492047,0.025,-0.0019589529838413
/epuck1/cmd_vel,65.732200464,0.025,-0.0019589529838413
/epuck1/cmd_vel,65.739801892,0.025,-0.0019589529838413
/epuck1/cmd_vel,65.752960266,0.025,-0.0019589529838413
/epuck1/cmd_vel,65.759516004,0.025,-0.0019589529838413
/epuck1/cmd_vel,65.773342472,0.025,-0.0019589529838413
/epuck1/cmd_vel,65.778235025,0.025,0.000246877723839134
/epuck1/cmd_vel,65.791592998,0.025,0.000246877723839134
/epuck1/cmd_vel,65.798517531,0.025,0.000246877723839134
/epuck1/cmd_vel,65.808466137,0.025,0.000246877723839134
/epuck1/cmd_vel,65.814745377,0.025,0.000246877723839134
/epuck1/cmd_vel,65.823114097,0.025,0.000246877723839134
/epuck1/cmd_vel,65.836201572,0.025,0.000246877723839134
/epuck1/cmd_vel,65.844614792,0.025,0.000246877723839134
/epuck1/cmd_vel,65.850075939,0.025,0.000246877723839134
/epuck1/cmd_vel,65.860575039,0.025,0.000246877723839134
/epuck1/cmd_vel,65.867447574,0.025,0.000246877723839134
/epuck1/cmd_vel,65.879484759,0.025,0.000246877723839134
/epuck1/cmd_vel,65.886918988,0.025,0.000246877723839134
/epuck1/cmd_vel,65.895624105,0.025,0.000246877723839134
/epuck1/cmd_vel,65.903350131,0.025,0.000246877723839134
/epuck1/cmd_vel,65.913100738,0.025,0.000246877723839134
/epuck1/cmd_vel,65.922709946,0.025,0.000246877723839134
/epuck1/cmd_vel,65.932066857,0.025,0.000246877723839134
/epuck1/cmd_vel,65.938569995,0.025,0.000246877723839134
/epuck1/cmd_vel,65.950696279,0.025,0.000246877723839134
/epuck1/cmd_vel,65.957042618,0.025,0.000246877723839134
/epuck1/cmd_vel,65.968183712,0.025,0.000246877723839134
/epuck1/cmd_vel,65.974336753,0.025,0.000246877723839134
/epuck1/cmd_vel,65.988037723,0.025,0.000246877723839134
/epuck1/cmd_vel,65.995379853,0.025,0.000246877723839134
/epuck1/cmd_vel,66.003139979,0.025,0.000246877723839134
/epuck1/cmd_vel,66.013312581,0.025,0.000246877723839134
/epuck1/cmd_vel,66.024016179,0.025,0.000246877723839134
/epuck1/cmd_vel,66.033626888,0.025,0.000246877723839134
/epuck1/cmd_vel,66.041480213,0.025,0.000246877723839134
/epuck1/cmd_vel,66.046237167,0.025,0.000246877723839134
/epuck1/cmd_vel,66.055492879,0.025,0.000246877723839134
/epuck1/cmd_vel,66.061934417,0.025,0.000246877723839134
/epuck1/cmd_vel,66.073770104,0.025,0.000246877723839134
/epuck1/cmd_vel,66.079867346,0.025,0.000246877723839134
/epuck1/cmd_vel,66.086697681,0.025,0.000246877723839134
/epuck1/cmd_vel,66.098570968,0.025,0.000246877723839134
/epuck1/cmd_vel,66.106963688,0.025,0.000246877723839134
/epuck1/cmd_vel,66.112582234,0.025,0.000246877723839134
/epuck1/cmd_vel,66.125657309,0.025,0.000246877723839134
/epuck1/cmd_vel,66.131526753,0.025,0.000246877723839134
/epuck1/cmd_vel,66.141899654,0.025,0.000246877723839134
/epuck1/cmd_vel,66.146811007,0.025,0.000246877723839134
/epuck1/cmd_vel,66.155662323,0.025,0.000246877723839134
/epuck1/cmd_vel,66.166199422,0.025,0.000246877723839134
/epuck1/cmd_vel,66.17478564,0.025,0.000246877723839134
/epuck1/cmd_vel,66.183844454,0.025,0.000246877723839134
/epuck1/cmd_vel,66.192104275,0.025,-0.0019589529838413
/epuck1/cmd_vel,66.19789302,0.025,-0.0019589529838413
/epuck1/cmd_vel,66.20935321,0.025,-0.0019589529838413
/epuck1/cmd_vel,66.214374563,0.025,-0.0019589529838413
/epuck1/cmd_vel,66.22196969,0.025,-0.0019589529838413
/epuck1/cmd_vel,66.229558418,0.025,-0.0019589529838413
/epuck1/cmd_vel,66.236700249,0.025,-0.0019589529838413
/epuck1/cmd_vel,66.242494994,0.025,-0.0019589529838413
/epuck1/cmd_vel,66.25340119,0.025,-0.0019589529838413
/epuck1/cmd_vel,66.258458942,0.025,-0.0019589529838413
/epuck1/cmd_vel,66.270262629,0.025,-0.0019589529838413
/epuck1/cmd_vel,66.275474179,0.025,-0.0019589529838413
/epuck1/cmd_vel,66.284530193,0.025,-0.0019589529838413
/epuck1/cmd_vel,66.305950589,0.025,0.000246877723839134
/epuck1/cmd_vel,66.315375999,0.025,0.000246877723839134
/epuck1/cmd_vel,66.322827127,0.025,0.000246877723839134
/epuck1/cmd_vel,66.334337118,0.025,0.000246877723839134
/epuck1/cmd_vel,66.339192571,0.025,0.000246877723839134
/epuck1/cmd_vel,66.346091805,0.025,0.000246877723839134
/epuck1/cmd_vel,66.354816422,0.025,0.000246877723839134
/epuck1/cmd_vel,66.36241505,0.025,0.000246877723839134
/epuck1/cmd_vel,66.36862249,0.025,0.000246877723839134
/epuck1/cmd_vel,66.38014408,0.025,0.000246877723839134
/epuck1/cmd_vel,66.385550829,0.025,0.000246877723839134
/epuck1/cmd_vel,66.393555452,0.025,0.000246877723839134
/epuck1/cmd_vel,66.400668385,0.025,0.000246877723839134
/epuck1/cmd_vel,66.409452501,0.025,0.000246877723839134
/epuck1/cmd_vel,66.414434753,0.025,0.000246877723839134
/epuck1/cmd_vel,66.425336349,0.025,0.000246877723839134
/epuck1/cmd_vel,66.432791078,0.025,0.000246877723839134
/epuck1/cmd_vel,66.444965362,0.025,0.000246877723839134
/epuck1/cmd_vel,66.449943014,0.025,0.000246877723839134
/epuck1/cmd_vel,66.458331534,0.025,0.000246877723839134
/epuck1/cmd_vel,66.468547737,0.025,0.000246877723839134
/epuck1/cmd_vel,66.478329143,0.025,0.000246877723839134
/epuck1/cmd_vel,66.486654964,0.025,0.000246877723839134
/epuck1/cmd_vel,66.494937685,0.025,0.000246877723839134
/epuck1/cmd_vel,66.50073523,0.025,0.000246877723839134
/epuck1/cmd_vel,66.510610235,0.025,0.000246877723839134
/epuck1/cmd_vel,66.516463179,0.025,0.000246877723839134
/epuck1/cmd_vel,66.526166884,0.025,0.000246877723839134
/epuck1/cmd_vel,66.533288514,0.025,0.000246877723839134
/epuck1/cmd_vel,66.540128847,0.025,0.000246877723839134
/epuck1/cmd_vel,66.5449244,0.025,0.000246877723839134
/epuck1/cmd_vel,66.558038371,0.025,0.000246877723839134
/epuck1/cmd_vel,66.564641107,0.025,0.000246877723839134
/epuck1/cmd_vel,66.576306092,0.025,0.000246877723839134
/epuck1/cmd_vel,66.582218035,0.025,0.000246877723839134
/epuck1/cmd_vel,66.596516594,0.025,0.000246877723839134
/epuck1/cmd_vel,66.602567835,0.025,0.000246877723839134
/epuck1/cmd_vel,66.612197441,0.025,0.000246877723839134
/epuck1/cmd_vel,66.620567359,0.025,0.000246877723839134
/epuck1/cmd_vel,66.630033066,0.025,0.000246877723839134
/epuck1/cmd_vel,66.63986087,0.025,0.000246877723839134
/epuck1/cmd_vel,66.64895758,0.025,0.000246877723839134
/epuck1/cmd_vel,66.654906522,0.025,0.000246877723839134
/epuck1/cmd_vel,66.666250811,0.025,0.000246877723839134
/epuck1/cmd_vel,66.672986245,0.025,0.000246877723839134
/epuck1/cmd_vel,66.685918118,0.025,0.000246877723839134
/epuck1/cmd_vel,66.691785261,0.025,0.000246877723839134
/epuck1/cmd_vel,66.704688334,0.025,0.000246877723839134
/epuck1/cmd_vel,66.710999872,0.025,0.000246877723839134
/epuck1/cmd_vel,66.718793496,0.025,0.000246877723839134
/epuck1/cmd_vel,66.72753251,0.025,0.000246877723839134
/epuck1/cmd_vel,66.735299234,0.025,0.000246877723839134
/epuck1/cmd_vel,66.741060578,0.025,0.000246877723839134
/epuck1/cmd_vel,66.752366467,0.025,0.000246877723839134
/epuck1/cmd_vel,66.756786324,0.025,0.000246877723839134
/epuck1/cmd_vel,66.770125193,0.025,0.000246877723839134
/epuck1/cmd_vel,66.775399441,0.025,0.000246877723839134
/epuck1/cmd_vel,66.78363816,0.025,0.000246877723839134
/epuck1/cmd_vel,66.796121638,0.025,0.000246877723839134
/epuck1/cmd_vel,66.802817972,0.025,0.000246877723839134
/epuck1/cmd_vel,66.812609376,0.025,0.000246877723839134
/epuck1/cmd_vel,66.822258382,0.025,0.000246877723839134
/epuck1/cmd_vel,66.828069625,0.025,0.000246877723839134
/epuck1/cmd_vel,66.840179306,0.025,0.000246877723839134
/epuck1/cmd_vel,66.84997651,0.025,0.000246877723839134
/epuck1/cmd_vel,66.857043641,0.025,0.000246877723839134
/epuck1/cmd_vel,66.863470678,0.025,0.000246877723839134
/epuck1/cmd_vel,66.877486241,0.025,0.000246877723839134
/epuck1/cmd_vel,66.881740499,0.025,0.000246877723839134
/epuck1/cmd_vel,66.892697692,0.025,0.000246877723839134
/epuck1/cmd_vel,66.903151689,0.025,-0.0019589529838413
/epuck1/cmd_vel,66.912913593,0.025,-0.0019589529838413
/epuck1/cmd_vel,66.921783306,0.025,-0.0019589529838413
/epuck1/cmd_vel,66.930551021,0.025,-0.0019589529838413
/epuck1/cmd_vel,66.935193275,0.025,-0.0019589529838413
/epuck1/cmd_vel,66.946747962,0.025,-0.0019589529838413
/epuck1/cmd_vel,66.9530164,0.025,-0.0019589529838413
/epuck1/cmd_vel,66.960746025,0.025,-0.0019589529838413
/epuck1/cmd_vel,66.968577348,0.025,-0.0019589529838413
/epuck1/cmd_vel,66.979095645,0.025,-0.0019589529838413
/epuck1/cmd_vel,66.985795579,0.025,-0.0019589529838413
/epuck1/cmd_vel,66.9938173,0.025,-0.0019589529838413
/epuck1/cmd_vel,67.000470335,0.025,-0.0019589529838413
/epuck1/cmd_vel,67.012600016,0.025,0.000246877723839134
/epuck1/cmd_vel,67.019756846,0.025,0.000246877723839134
/epuck1/cmd_vel,67.033749509,0.025,0.000246877723839134
/epuck1/cmd_vel,67.039373154,0.025,0.000246877723839134
/epuck1/cmd_vel,67.052600024,0.025,0.000246877723839134
/epuck1/cmd_vel,67.059279259,0.025,0.000246877723839134
/epuck1/cmd_vel,67.073047724,0.025,0.000246877723839134
/epuck1/cmd_vel,67.079089165,0.025,0.000246877723839134
/epuck1/cmd_vel,67.088023277,0.025,0.000246877723839134
/epuck1/cmd_vel,67.098452875,0.025,0.000246877723839134
/epuck1/cmd_vel,67.108914272,0.025,0.00245270854793489
/epuck1/cmd_vel,67.120829156,0.025,0.00245270854793489
/epuck1/cmd_vel,67.129925266,0.025,0.00245270854793489
/epuck1/cmd_vel,67.1367491,0.025,0.00245270854793489
/epuck1/cmd_vel,67.146450805,0.025,0.00245270854793489
/epuck1/cmd_vel,67.15199115,0.025,0.00245270854793489
/epuck1/cmd_vel,67.163370039,0.025,0.00245270854793489
/epuck1/cmd_vel,67.170832766,0.025,0.00245270854793489
/epuck1/cmd_vel,67.181247563,0.025,0.00245270854793489
/epuck1/cmd_vel,67.187391003,0.025,0.00245270854793489
/epuck1/cmd_vel,67.199552284,0.025,0.00245270854793489
/epuck1/cmd_vel,67.205263928,0.025,0.000246877723839134
/epuck1/cmd_vel,67.214497638,0.025,0.000246877723839134
/epuck1/cmd_vel,67.223041554,0.025,0.000246877723839134
/epuck1/cmd_vel,67.23056538,0.025,0.000246877723839134
/epuck1/cmd_vel,67.240969078,0.025,0.000246877723839134
/epuck1/cmd_vel,67.251284377,0.025,0.000246877723839134
/epuck1/cmd_vel,67.261315279,0.025,0.000246877723839134
/epuck1/cmd_vel,67.26836431,0.025,0.000246877723839134
/epuck1/cmd_vel,67.274914445,0.025,0.000246877723839134
/epuck1/cmd_vel,67.285342643,0.025,0.000246877723839134
/epuck1/cmd_vel,67.293458564,0.025,0.000246877723839134
/epuck1/cmd_vel,67.304464756,0.025,0.000246877723839134
/epuck1/cmd_vel,67.310386598,0.025,-0.0019589529838413
/epuck1/cmd_vel,67.319848705,0.025,-0.0019589529838413
/epuck1/cmd_vel,67.327621829,0.025,-0.0019589529838413
/epuck1/cmd_vel,67.338532822,0.025,-0.0019589529838413
/epuck1/cmd_vel,67.347224037,0.025,-0.0019589529838413
/epuck1/cmd_vel,67.354977361,0.025,-0.0019589529838413
/epuck1/cmd_vel,67.360908203,0.025,-0.0019589529838413
/epuck1/cmd_vel,67.375290462,0.025,-0.0019589529838413
/epuck1/cmd_vel,67.382816688,0.025,-0.0019589529838413
/epuck1/cmd_vel,67.392532493,0.025,-0.0019589529838413
/epuck1/cmd_vel,67.398816931,0.025,-0.0019589529838413
/epuck1/cmd_vel,67.410258919,0.025,0.000246877723839134
/epuck1/cmd_vel,67.416196861,0.025,0.000246877723839134
/epuck1/cmd_vel,67.424567379,0.025,0.000246877723839134
/epuck1/cmd_vel,67.433133095,0.025,0.000246877723839134
/epuck1/cmd_vel,67.444579983,0.025,0.000246877723839134
/epuck1/cmd_vel,67.448219047,0.025,0.000246877723839134
/epuck1/cmd_vel,67.460527026,0.025,0.000246877723839134
/epuck1/cmd_vel,67.467471758,0.025,0.000246877723839134
/epuck1/cmd_vel,67.479971836,0.025,0.000246877723839134
/epuck1/cmd_vel,67.485779479,0.025,0.000246877723839134
/epuck1/cmd_vel,67.496801371,0.025,0.000246877723839134
/epuck1/cmd_vel,67.504913991,0.025,0.000246877723839134
/epuck1/cmd_vel,67.517793064,0.025,0.000246877723839134
/epuck1/cmd_vel,67.524781894,0.025,0.000246877723839134
/epuck1/cmd_vel,67.532576316,0.025,0.000246877723839134
/epuck1/cmd_vel,67.541896822,0.025,0.000246877723839134
/epuck1/cmd_vel,67.550280038,0.025,0.000246877723839134
/epuck1/cmd_vel,67.560721933,0.025,0.000246877723839134
/epuck1/cmd_vel,67.568734152,0.025,0.000246877723839134
/epuck1/cmd_vel,67.574572193,0.025,0.000246877723839134
/epuck1/cmd_vel,67.585909579,0.025,0.000246877723839134
/epuck1/cmd_vel,67.591261926,0.025,0.000246877723839134
/epuck1/cmd_vel,67.601544622,0.025,0.000246877723839134
/epuck1/cmd_vel,67.606803869,0.025,0.000246877723839134
/epuck1/cmd_vel,67.616560571,0.025,0.000246877723839134
/epuck1/cmd_vel,67.625066486,0.025,0.000246877723839134
/epuck1/cmd_vel,67.633810798,0.025,0.000246877723839134
/epuck1/cmd_vel,67.640868727,0.025,0.000246877723839134
/epuck1/cmd_vel,67.650402131,0.025,0.000246877723839134
/epuck1/cmd_vel,67.655411681,0.025,0.000246877723839134
/epuck1/cmd_vel,67.669022144,0.025,0.000246877723839134
/epuck1/cmd_vel,67.675460179,0.025,0.000246877723839134
/epuck1/cmd_vel,67.683418699,0.025,0.000246877723839134
/epuck1/cmd_vel,67.69526068,0.025,0.000246877723839134
/epuck1/cmd_vel,67.702986202,0.025,0.000246877723839134
/epuck1/cmd_vel,67.71415969,0.025,0.000246877723839134
/epuck1/cmd_vel,67.723007601,0.025,0.000246877723839134
/epuck1/cmd_vel,67.728199749,0.025,0.000246877723839134
/epuck1/cmd_vel,67.739954331,0.025,0.000246877723839134
/epuck1/cmd_vel,67.745553474,0.025,0.000246877723839134
/epuck1/cmd_vel,67.757472755,0.025,0.000246877723839134
/epuck1/cmd_vel,67.762950599,0.025,0.000246877723839134
/epuck1/cmd_vel,67.770959219,0.025,0.000246877723839134
/epuck1/cmd_vel,67.779256636,0.025,0.000246877723839134
/epuck1/cmd_vel,67.78872294,0.025,0.000246877723839134
/epuck1/cmd_vel,67.800615121,0.025,0.000246877723839134
/epuck1/cmd_vel,67.809147635,0.025,0.000246877723839134
/epuck1/cmd_vel,67.816810158,0.025,0.000246877723839134
/epuck1/cmd_vel,67.827688049,0.025,0.000246877723839134
/epuck1/cmd_vel,67.835338772,0.025,0.000246877723839134
/epuck1/cmd_vel,67.846610858,0.025,0.000246877723839134
/epuck1/cmd_vel,67.851333211,0.025,0.000246877723839134
/epuck1/cmd_vel,67.859585528,0.025,0.000246877723839134
/epuck1/cmd_vel,67.86834854,0.025,0.000246877723839134
/epuck1/cmd_vel,67.876439858,0.025,0.000246877723839134
/epuck1/cmd_vel,67.885293569,0.025,0.000246877723839134
/epuck1/cmd_vel,67.893428988,0.025,0.000246877723839134
/epuck1/cmd_vel,67.899348204,0.025,0.000246877723839134
/epuck1/cmd_vel,67.913716959,0.025,0.000246877723839134
/epuck1/cmd_vel,67.91939346,0.025,0.000246877723839134
/epuck1/cmd_vel,67.928192216,0.025,0.000246877723839134
/epuck1/cmd_vel,67.933670513,0.025,0.000246877723839134
/epuck1/cmd_vel,67.941605853,0.025,0.000246877723839134
/epuck1/cmd_vel,67.94878968,0.025,0.000246877723839134
/epuck1/cmd_vel,67.957481134,0.025,0.000246877723839134
/epuck1/cmd_vel,67.960964196,0.025,0.000246877723839134
/epuck1/cmd_vel,67.972781806,0.025,0.000246877723839134
/epuck1/cmd_vel,67.978602009,0.025,0.000246877723839134
/epuck1/cmd_vel,67.987597368,0.025,0.000246877723839134
/epuck1/cmd_vel,67.995935016,0.025,0.000246877723839134
/epuck1/cmd_vel,68.003209845,0.025,0.000246877723839134
/epuck1/cmd_vel,68.010421172,0.025,0.000246877723839134
/epuck1/cmd_vel,68.022222382,0.025,0.000246877723839134
/epuck1/cmd_vel,68.028959501,0.025,0.000246877723839134
/epuck1/cmd_vel,68.042381439,0.025,0.000246877723839134
/epuck1/cmd_vel,68.049028957,0.025,0.000246877723839134
/epuck1/cmd_vel,68.062955903,0.025,0.000246877723839134
/epuck1/cmd_vel,68.066496366,0.025,0.000246877723839134
/epuck1/cmd_vel,68.078940986,0.025,0.000246877723839134
/epuck1/cmd_vel,68.084360583,0.025,0.000246877723839134
/epuck1/cmd_vel,68.096878604,0.025,0.000246877723839134
/epuck1/cmd_vel,68.105941265,0.025,0.000246877723839134
/epuck1/cmd_vel,68.116751856,0.025,0.000246877723839134
/epuck1/cmd_vel,68.124367491,0.025,0.000246877723839134
/epuck1/cmd_vel,68.133722257,0.025,0.000246877723839134
/epuck1/cmd_vel,68.141971203,0.025,0.000246877723839134
/epuck1/cmd_vel,68.151543273,0.025,0.000246877723839134
/epuck1/cmd_vel,68.160159926,0.025,0.000246877723839134
/epuck1/cmd_vel,68.171875233,0.025,0.000246877723839134
/epuck1/cmd_vel,68.178056143,0.025,0.000246877723839134
/epuck1/cmd_vel,68.190057755,0.025,0.000246877723839134
/epuck1/cmd_vel,68.195336649,0.025,0.000246877723839134
/epuck1/cmd_vel,68.204966219,0.025,0.000246877723839134
/epuck1/cmd_vel,68.21461889,0.025,0.000246877723839134
/epuck1/cmd_vel,68.225028975,0.025,0.000246877723839134
/epuck1/cmd_vel,68.235033252,0.025,0.000246877723839134
/epuck1/cmd_vel,68.244242615,0.025,0.000246877723839134
/epuck1/cmd_vel,68.253051371,0.025,0.000246877723839134
/epuck1/cmd_vel,68.260745808,0.025,0.000246877723839134
/epuck1/cmd_vel,68.266870116,0.025,0.000246877723839134
/epuck1/cmd_vel,68.277488704,0.025,0.000246877723839134
/epuck1/cmd_vel,68.283570212,0.025,0.000246877723839134
/epuck1/cmd_vel,68.292885977,0.025,0.000246877723839134
/epuck1/cmd_vel,68.301448829,0.025,0.000246877723839134
/epuck1/cmd_vel,68.311542208,0.025,0.000246877723839134
/epuck1/cmd_vel,68.319346446,0.025,0.000246877723839134
/epuck1/cmd_vel,68.327276586,0.025,0.000246877723839134
/epuck1/cmd_vel,68.332177673,0.025,0.000246877723839134
/epuck1/cmd_vel,68.346864234,0.025,0.000246877723839134
/epuck1/cmd_vel,68.348831568,0.025,0.000246877723839134
/epuck1/cmd_vel,68.356618006,0.025,0.000246877723839134
/epuck1/cmd_vel,68.365100957,0.025,0.000246877723839134
/epuck1/cmd_vel,68.375038233,0.025,0.000246877723839134
/epuck1/cmd_vel,68.387446353,0.025,0.000246877723839134
/epuck1/cmd_vel,68.39297235,0.025,0.000246877723839134
/epuck1/cmd_vel,68.398672151,0.025,0.000246877723839134
/epuck1/cmd_vel,68.413717018,0.025,0.000246877723839134
/epuck1/cmd_vel,68.41946922,0.025,0.000246877723839134
/epuck1/cmd_vel,68.430918023,0.025,0.000246877723839134
/epuck1/cmd_vel,68.43866556,0.025,0.000246877723839134
/epuck1/cmd_vel,68.45050647,0.025,0.000246877723839134
/epuck1/cmd_vel,68.456641279,0.025,0.000246877723839134
/epuck1/cmd_vel,68.464887825,0.025,0.000246877723839134
/epuck1/cmd_vel,68.47196565,0.025,0.000246877723839134
/epuck1/cmd_vel,68.481861725,0.025,0.000246877723839134
/epuck1/cmd_vel,68.487420524,0.025,0.000246877723839134
/epuck1/cmd_vel,68.499864944,0.025,0.000246877723839134
/epuck1/cmd_vel,68.506497762,0.025,0.000246877723839134
/epuck1/cmd_vel,68.51769706,0.025,0.000246877723839134
/epuck1/cmd_vel,68.523092854,0.025,0.000246877723839134
/epuck1/cmd_vel,68.535019062,0.025,-0.0019589529838413
/epuck1/cmd_vel,68.543915218,0.025,-0.0019589529838413
/epuck1/cmd_vel,68.550114826,0.025,-0.0019589529838413
/epuck1/cmd_vel,68.559346687,0.025,-0.0019589529838413
/epuck1/cmd_vel,68.567336827,0.025,-0.0019589529838413
/epuck1/cmd_vel,68.576810492,0.025,-0.0019589529838413
/epuck1/cmd_vel,68.585898651,0.025,-0.0019589529838413
/epuck1/cmd_vel,68.592550667,0.025,-0.0019589529838413
/epuck1/cmd_vel,68.604468775,0.025,-0.0019589529838413
/epuck1/cmd_vel,68.609217958,0.025,-0.0019589529838413
/epuck1/cmd_vel,68.619966146,0.025,-0.0019589529838413
/epuck1/cmd_vel,68.62761078,0.025,0.000246877723839134
/epuck1/cmd_vel,68.639885494,0.025,0.000246877723839134
/epuck1/cmd_vel,68.645797897,0.025,0.000246877723839134
/epuck1/cmd_vel,68.654441748,0.025,0.000246877723839134
/epuck1/cmd_vel,68.663615009,0.025,0.000246877723839134
/epuck1/cmd_vel,68.672136457,0.025,0.000246877723839134
/epuck1/cmd_vel,68.681945729,0.025,0.000246877723839134
/epuck1/cmd_vel,68.69060498,0.025,0.000246877723839134
/epuck1/cmd_vel,68.696097676,0.025,0.000246877723839134
/epuck1/cmd_vel,68.709632212,0.025,0.000246877723839134
/epuck1/cmd_vel,68.717889557,0.025,0.000246877723839134
/epuck1/cmd_vel,68.726131501,0.025,-0.0019589529838413
/epuck1/cmd_vel,68.734286943,0.025,-0.0019589529838413
/epuck1/cmd_vel,68.745633341,0.025,-0.0019589529838413
/epuck1/cmd_vel,68.752729265,0.025,-0.0019589529838413
/epuck1/cmd_vel,68.760052993,0.025,-0.0019589529838413
/epuck1/cmd_vel,68.769196453,0.025,-0.0019589529838413
/epuck1/cmd_vel,68.776963389,0.025,-0.0019589529838413
/epuck1/cmd_vel,68.786528456,0.025,-0.0019589529838413
/epuck1/cmd_vel,68.795191307,0.025,-0.0019589529838413
/epuck1/cmd_vel,68.804223465,0.025,-0.0019589529838413
/epuck1/cmd_vel,68.816031771,0.025,-0.0019589529838413
/epuck1/cmd_vel,68.820597951,0.025,-0.0019589529838413
/epuck1/cmd_vel,68.834503094,0.025,0.000246877723839134
/epuck1/cmd_vel,68.841695019,0.025,0.000246877723839134
/epuck1/cmd_vel,68.855756865,0.025,0.000246877723839134
/epuck1/cmd_vel,68.86060695,0.025,0.000246877723839134
/epuck1/cmd_vel,68.869044297,0.025,0.000246877723839134
/epuck1/cmd_vel,68.878292359,0.025,0.000246877723839134
/epuck1/cmd_vel,68.886318599,0.025,0.000246877723839134
/epuck1/cmd_vel,68.895823365,0.025,0.000246877723839134
/epuck1/cmd_vel,68.904932724,0.025,0.000246877723839134
/epuck1/cmd_vel,68.911111632,0.025,0.000246877723839134
/epuck1/cmd_vel,68.922670634,0.025,0.000246877723839134
/epuck1/cmd_vel,68.929501553,0.025,0.000246877723839134
/epuck1/cmd_vel,68.940812551,0.025,0.00245270854793489
/epuck1/cmd_vel,68.946134244,0.025,0.00245270854793489
/epuck1/cmd_vel,68.954557091,0.025,0.00245270854793489
/epuck1/cmd_vel,68.964326862,0.025,0.00245270854793489
/epuck1/cmd_vel,68.972552305,0.025,0.00245270854793489
/epuck1/cmd_vel,68.979294323,0.025,0.00245270854793489
/epuck1/cmd_vel,68.989036593,0.025,0.00245270854793489
/epuck1/cmd_vel,68.994153083,0.025,0.00245270854793489
/epuck1/cmd_vel,69.008460033,0.025,0.00245270854793489
/epuck1/cmd_vel,69.015335353,0.025,0.00245270854793489
/epuck1/cmd_vel,69.024196308,0.025,0.00245270854793489
/epuck1/cmd_vel,69.034279484,0.025,0.000246877723839134
/epuck1/cmd_vel,69.042805633,0.025,0.000246877723839134
/epuck1/cmd_vel,69.050507167,0.025,0.000246877723839134
/epuck1/cmd_vel,69.060326939,0.025,0.000246877723839134
/epuck1/cmd_vel,69.06556883,0.025,0.000246877723839134
/epuck1/cmd_vel,69.075944612,0.025,0.000246877723839134
/epuck1/cmd_vel,69.082233621,0.025,0.000246877723839134
/epuck1/cmd_vel,69.092998209,0.025,0.000246877723839134
/epuck1/cmd_vel,69.099116116,0.025,0.000246877723839134
/epuck1/cmd_vel,69.109687701,0.025,0.000246877723839134
/epuck1/cmd_vel,69.117823843,0.025,0.000246877723839134
/epuck1/cmd_vel,69.131738786,0.025,0.000246877723839134
/epuck1/cmd_vel,69.138941812,0.025,0.000246877723839134
/epuck1/cmd_vel,69.14740276,0.025,0.000246877723839134
/epuck1/cmd_vel,69.153427065,0.025,0.000246877723839134
/epuck1/cmd_vel,69.164913166,0.025,0.000246877723839134
/epuck1/cmd_vel,69.170543364,0.025,0.000246877723839134
/epuck1/cmd_vel,69.182106066,0.025,0.000246877723839134
/epuck1/cmd_vel,69.187250356,0.025,0.000246877723839134
/epuck1/cmd_vel,69.199059562,0.025,0.000246877723839134
/epuck1/cmd_vel,69.205999983,0.025,0.000246877723839134
/epuck1/cmd_vel,69.220277433,0.025,0.000246877723839134
/epuck1/cmd_vel,69.225955932,0.025,0.000246877723839134
/epuck1/cmd_vel,69.241416602,0.025,0.000246877723839134
/epuck1/cmd_vel,69.245142667,0.025,-0.0019589529838413
/epuck1/cmd_vel,69.260591737,0.025,-0.0019589529838413
/epuck1/cmd_vel,69.269264089,0.025,-0.0019589529838413
/epuck1/cmd_vel,69.281619904,0.025,-0.0019589529838413
/epuck1/cmd_vel,69.286865096,0.025,-0.0019589529838413
/epuck1/cmd_vel,69.297727086,0.025,-0.0019589529838413
/epuck1/cmd_vel,69.30713765,0.025,-0.0019589529838413
/epuck1/cmd_vel,69.318619751,0.025,-0.0019589529838413
/epuck1/cmd_vel,69.327551307,0.025,-0.0019589529838413
/epuck1/cmd_vel,69.33690757,0.025,-0.0019589529838413
/epuck1/cmd_vel,69.346146232,0.025,-0.0019589529838413
/epuck1/cmd_vel,69.360402581,0.025,0.000246877723839134
/epuck1/cmd_vel,69.367056397,0.025,0.000246877723839134
/epuck1/cmd_vel,69.37926291,0.025,0.000246877723839134
/epuck1/cmd_vel,69.388211766,0.025,0.000246877723839134
/epuck1/cmd_vel,69.396498911,0.025,0.000246877723839134
/epuck1/cmd_vel,69.402391014,0.025,0.000246877723839134
/epuck1/cmd_vel,69.413841614,0.025,0.000246877723839134
/epuck1/cmd_vel,69.418954804,0.025,0.000246877723839134
/epuck1/cmd_vel,69.430608107,0.025,0.000246877723839134
/epuck1/cmd_vel,69.435782998,0.025,0.000246877723839134
/epuck1/cmd_vel,69.447060195,0.025,0.000246877723839134
/epuck1/cmd_vel,69.455461441,0.025,0.000246877723839134
/epuck1/cmd_vel,69.463756286,0.025,0.000246877723839134
/epuck1/cmd_vel,69.472156033,0.025,0.000246877723839134
/epuck1/cmd_vel,69.483401229,0.025,0.000246877723839134
/epuck1/cmd_vel,69.488812924,0.025,0.000246877723839134
/epuck1/cmd_vel,69.500348125,0.025,0.000246877723839134
/epuck1/cmd_vel,69.506605735,0.025,0.000246877723839134
/epuck1/cmd_vel,69.516423006,0.025,0.000246877723839134
/epuck1/cmd_vel,69.523576129,0.025,0.000246877723839134
/epuck1/cmd_vel,69.536024543,0.025,0.000246877723839134
/epuck1/cmd_vel,69.541285034,0.025,0.000246877723839134
/epuck1/cmd_vel,69.549267671,0.025,0.000246877723839134
/epuck1/cmd_vel,69.558519331,0.025,0.000246877723839134
/epuck1/cmd_vel,69.568699906,0.025,0.000246877723839134
/epuck1/cmd_vel,69.573429788,0.025,0.000246877723839134
/epuck1/cmd_vel,69.583928368,0.025,0.000246877723839134
/epuck1/cmd_vel,69.592534617,0.025,0.000246877723839134
/epuck1/cmd_vel,69.602445987,0.025,0.000246877723839134
/epuck1/cmd_vel,69.609657912,0.025,0.000246877723839134
/epuck1/cmd_vel,69.618981072,0.025,0.000246877723839134
/epuck1/cmd_vel,69.628452135,0.025,0.000246877723839134
/epuck1/cmd_vel,69.638438807,0.025,0.000246877723839134
/epuck1/cmd_vel,69.649961806,0.025,-0.0019589529838413
/epuck1/cmd_vel,69.659633872,0.025,-0.0019589529838413
/epuck1/cmd_vel,69.665577975,0.025,-0.0019589529838413
/epuck1/cmd_vel,69.676139557,0.025,-0.0019589529838413
/epuck1/cmd_vel,69.682826572,0.025,-0.0019589529838413
/epuck1/cmd_vel,69.695112483,0.025,-0.0019589529838413
/epuck1/cmd_vel,69.702819316,0.025,-0.0019589529838413
/epuck1/cmd_vel,69.714233413,0.025,-0.0019589529838413
/epuck1/cmd_vel,69.719642006,0.025,-0.0019589529838413
/epuck1/cmd_vel,69.733752149,0.025,-0.0019589529838413
/epuck1/cmd_vel,69.738739735,0.025,-0.0019589529838413
/epuck1/cmd_vel,69.747520786,0.025,-0.0019589529838413
/epuck1/cmd_vel,69.756302537,0.025,0.000246877723839134
/epuck1/cmd_vel,69.764999387,0.025,0.000246877723839134
/epuck1/cmd_vel,69.770177976,0.025,0.000246877723839134
/epuck1/cmd_vel,69.782068281,0.025,0.000246877723839134
/epuck1/cmd_vel,69.78723597,0.025,0.000246877723839134
/epuck1/cmd_vel,69.798213359,0.025,0.000246877723839134
/epuck1/cmd_vel,69.803220446,0.025,0.000246877723839134
/epuck1/cmd_vel,69.813238818,0.025,0.000246877723839134
/epuck1/cmd_vel,69.822280974,0.025,0.000246877723839134
/epuck1/cmd_vel,69.830694019,0.025,0.000246877723839134
/epuck1/cmd_vel,69.836372517,0.025,0.000246877723839134
/epuck1/cmd_vel,69.848234121,0.025,0.000246877723839134
/epuck1/cmd_vel,69.855430545,0.025,0.00245270854793489
/epuck1/cmd_vel,69.865793323,0.025,0.00245270854793489
/epuck1/cmd_vel,69.875730294,0.025,0.00245270854793489
/epuck1/cmd_vel,69.893556201,0.025,0.00245270854793489
/epuck1/cmd_vel,69.898893193,0.025,0.00245270854793489
/epuck1/cmd_vel,69.911636613,0.025,0.00245270854793489
/epuck1/cmd_vel,69.91961765,0.025,0.00245270854793489
/epuck1/cmd_vel,69.933067982,0.025,0.00245270854793489
/epuck1/cmd_vel,69.939050285,0.025,0.00245270854793489
/epuck1/cmd_vel,69.94689102,0.025,0.00245270854793489
/epuck1/cmd_vel,69.956938593,0.025,0.000246877723839134
/epuck1/cmd_vel,69.966318955,0.025,0.000246877723839134
/epuck1/cmd_vel,69.976433029,0.025,0.000246877723839134
/epuck1/cmd_vel,69.986085195,0.025,0.000246877723839134
/epuck1/cmd_vel,69.991301185,0.025,0.000246877723839134
/epuck1/cmd_vel,70.003114388,0.025,0.000246877723839134
/epuck1/cmd_vel,70.008083274,0.025,0.000246877723839134
/epuck1/cmd_vel,70.020499388,0.025,0.000246877723839134
/epuck1/cmd_vel,70.026139085,0.025,0.000246877723839134
/epuck1/cmd_vel,70.036737968,0.025,0.000246877723839134
/epuck1/cmd_vel,70.045667921,0.025,0.000246877723839134
/epuck1/cmd_vel,70.055245586,0.025,0.000246877723839134
/epuck1/cmd_vel,70.063228524,0.025,0.000246877723839134
/epuck1/cmd_vel,70.072462183,0.025,0.000246877723839134
/epuck1/cmd_vel,70.079058296,0.025,0.000246877723839134
/epuck1/cmd_vel,70.096768102,0.025,0.000246877723839134
/epuck1/cmd_vel,70.108325701,0.025,0.000246877723839134
/epuck1/cmd_vel,70.124117473,0.025,0.000246877723839134
/epuck1/cmd_vel,70.13384404,0.025,0.000246877723839134
/epuck1/cmd_vel,70.142809395,0.025,0.000246877723839134
/epuck1/cmd_vel,70.152613863,0.025,0.000246877723839134
/epuck1/cmd_vel,70.161415315,0.025,0.000246877723839134
/epuck1/cmd_vel,70.167926327,0.025,0.000246877723839134
/epuck1/cmd_vel,70.18027624,0.025,0.000246877723839134
/epuck1/cmd_vel,70.186122141,0.025,0.000246877723839134
/epuck1/cmd_vel,70.198051446,0.025,0.000246877723839134
/epuck1/cmd_vel,70.20295513,0.025,0.000246877723839134
/epuck1/cmd_vel,70.217631583,0.025,0.000246877723839134
/epuck1/cmd_vel,70.223132178,0.025,0.000246877723839134
/epuck1/cmd_vel,70.231258518,0.025,0.000246877723839134
/epuck1/cmd_vel,70.239790765,0.025,0.000246877723839134
/epuck1/cmd_vel,70.248050607,0.025,0.000246877723839134
/epuck1/cmd_vel,70.255123729,0.025,0.000246877723839134
/epuck1/cmd_vel,70.269959985,0.025,0.000246877723839134
/epuck1/cmd_vel,70.275694983,0.025,0.000246877723839134
/epuck1/cmd_vel,70.289091414,0.025,0.000246877723839134
/epuck1/cmd_vel,70.294114601,0.025,0.000246877723839134
/epuck1/cmd_vel,70.310077676,0.025,0.000246877723839134
/epuck1/cmd_vel,70.313631137,0.025,0.000246877723839134
/epuck1/cmd_vel,70.323512307,0.025,0.000246877723839134
/epuck1/cmd_vel,70.330483427,0.025,0.000246877723839134
/epuck1/cmd_vel,70.339874189,0.025,0.000246877723839134
/epuck1/cmd_vel,70.348701341,0.025,0.000246877723839134
/epuck1/cmd_vel,70.357546693,0.025,0.000246877723839134
/epuck1/cmd_vel,70.364242708,0.025,0.000246877723839134
/epuck1/cmd_vel,70.377193632,0.025,0.000246877723839134
/epuck1/cmd_vel,70.381317603,0.025,0.000246877723839134
/epuck1/cmd_vel,70.394134223,0.025,0.000246877723839134
/epuck1/cmd_vel,70.398915906,0.025,0.000246877723839134
/epuck1/cmd_vel,70.408426569,0.025,0.000246877723839134
/epuck1/cmd_vel,70.417698329,0.025,0.000246877723839134
/epuck1/cmd_vel,70.427813003,0.025,0.000246877723839134
/epuck1/cmd_vel,70.436609455,0.025,0.000246877723839134
/epuck1/cmd_vel,70.445437207,0.025,0.000246877723839134
/epuck1/cmd_vel,70.450201289,0.025,0.000246877723839134
/epuck1/cmd_vel,70.464229631,0.025,0.000246877723839134
/epuck1/cmd_vel,70.471438955,0.025,0.000246877723839134
/epuck1/cmd_vel,70.483045455,0.025,0.000246877723839134
/epuck1/cmd_vel,70.48857895,0.025,0.000246877723839134
/epuck1/cmd_vel,70.49963044,0.025,0.000246877723839134
/epuck1/cmd_vel,70.506271055,0.025,0.000246877723839134
/epuck1/cmd_vel,70.515130607,0.025,0.000246877723839134
/epuck1/cmd_vel,70.524570868,0.025,0.000246877723839134
/epuck1/cmd_vel,70.534353034,0.025,0.000246877723839134
/epuck1/cmd_vel,70.54236167,0.025,0.000246877723839134
/epuck1/cmd_vel,70.551939632,0.025,0.000246877723839134
/epuck1/cmd_vel,70.557220922,0.025,0.000246877723839134
/epuck1/cmd_vel,70.570950855,0.025,-0.0019589529838413
/epuck1/cmd_vel,70.576929357,0.025,-0.0019589529838413
/epuck1/cmd_vel,70.58771594,0.025,-0.0019589529838413
/epuck1/cmd_vel,70.593850444,0.025,-0.0019589529838413
/epuck1/cmd_vel,70.604507525,0.025,-0.0019589529838413
/epuck1/cmd_vel,70.612422959,0.025,-0.0019589529838413
/epuck1/cmd_vel,70.621706017,0.025,-0.0019589529838413
/epuck1/cmd_vel,70.62955075,0.025,-0.0019589529838413
/epuck1/cmd_vel,70.635898858,0.025,-0.0019589529838413
/epuck1/cmd_vel,70.64246297,0.025,-0.0019589529838413
/epuck1/cmd_vel,70.654000366,0.025,-0.0019589529838413
/epuck1/cmd_vel,70.660043068,0.025,-0.0019589529838413
/epuck1/cmd_vel,70.673246592,0.025,-0.0019589529838413
/epuck1/cmd_vel,70.675697834,0.025,0.000246877723839134
/epuck1/cmd_vel,70.683277463,0.025,0.000246877723839134
/epuck1/cmd_vel,70.687913542,0.025,0.000246877723839134
/epuck1/cmd_vel,70.699503838,0.025,0.000246877723839134
/epuck1/cmd_vel,70.705914847,0.025,0.000246877723839134
/epuck1/cmd_vel,70.717096537,0.025,0.000246877723839134
/epuck1/cmd_vel,70.723624448,0.025,0.000246877723839134
/epuck1/cmd_vel,70.730600966,0.025,0.000246877723839134
/epuck1/cmd_vel,70.740074427,0.025,0.000246877723839134
/epuck1/cmd_vel,70.748610872,0.025,0.000246877723839134
/epuck1/cmd_vel,70.754031364,0.025,0.000246877723839134
/epuck1/cmd_vel,70.766816881,0.025,0.000246877723839134
/epuck1/cmd_vel,70.772109871,0.025,0.000246877723839134
/epuck1/cmd_vel,70.786830521,0.025,0.000246877723839134
/epuck1/cmd_vel,70.792379916,0.025,0.000246877723839134
/epuck1/cmd_vel,70.804541922,0.025,0.000246877723839134
/epuck1/cmd_vel,70.812022449,0.025,0.000246877723839134
/epuck1/cmd_vel,70.826415094,0.025,0.000246877723839134
/epuck1/cmd_vel,70.832965705,0.025,0.000246877723839134
/epuck1/cmd_vel,70.880613914,0.025,0.000246877723839134
/epuck1/cmd_vel,70.886057707,0.025,0.000246877723839134
/epuck1/cmd_vel,70.894802655,0.025,0.000246877723839134
/epuck1/cmd_vel,70.907163365,0.025,0.000246877723839134
/epuck1/cmd_vel,70.919272871,0.025,0.000246877723839134
/epuck1/cmd_vel,70.931217473,0.025,0.000246877723839134
/epuck1/cmd_vel,70.954304904,0.025,0.000246877723839134
/epuck1/cmd_vel,70.965227119,0.025,0.000246877723839134
/epuck1/cmd_vel,70.980287502,0.025,0.000246877723839134
/epuck1/cmd_vel,70.986626953,0.025,0.000246877723839134
/epuck1/cmd_vel,71.000677344,0.025,0.000246877723839134
/epuck1/cmd_vel,71.005283008,0.025,0.000246877723839134
/epuck1/cmd_vel,71.01397654,0.025,0.000246877723839134
/epuck1/cmd_vel,71.02303627,0.025,0.000246877723839134
/epuck1/cmd_vel,71.0320486,0.025,0.000246877723839134
/epuck1/cmd_vel,71.042074222,0.025,0.000246877723839134
/epuck1/cmd_vel,71.049066868,0.025,0.000246877723839134
/epuck1/cmd_vel,71.054579625,0.025,0.000246877723839134
/epuck1/cmd_vel,71.066883729,0.025,0.000246877723839134
/epuck1/cmd_vel,71.071316495,0.025,0.000246877723839134
/epuck1/cmd_vel,71.083074804,0.025,0.000246877723839134
/epuck1/cmd_vel,71.089299455,0.025,0.000246877723839134
/epuck1/cmd_vel,71.098249986,0.025,0.000246877723839134
/epuck1/cmd_vel,71.1092918,0.025,0.000246877723839134
/epuck1/cmd_vel,71.118770926,0.025,0.000246877723839134
/epuck1/cmd_vel,71.127945155,0.025,0.000246877723839134
/epuck1/cmd_vel,71.135245598,0.025,0.000246877723839134
/epuck1/cmd_vel,71.140297759,0.025,0.000246877723839134
/epuck1/cmd_vel,71.153213159,0.025,0.000246877723839134
/epuck1/cmd_vel,71.161441695,0.025,0.000246877723839134
/epuck1/cmd_vel,71.174435594,0.025,0.000246877723839134
/epuck1/cmd_vel,71.180206449,0.025,0.000246877723839134
/epuck1/cmd_vel,71.19174516,0.025,0.000246877723839134
/epuck1/cmd_vel,71.198755505,0.025,-0.0019589529838413
/epuck1/cmd_vel,71.208345131,0.025,-0.0019589529838413
/epuck1/cmd_vel,71.216885464,0.025,-0.0019589529838413
/epuck1/cmd_vel,71.224887602,0.025,-0.0019589529838413
/epuck1/cmd_vel,71.230499958,0.025,-0.0019589529838413
/epuck1/cmd_vel,71.244165652,0.025,-0.0019589529838413
/epuck1/cmd_vel,71.250411104,0.025,-0.0019589529838413
/epuck1/cmd_vel,71.2638235,0.025,-0.0019589529838413
/epuck1/cmd_vel,71.271260242,0.025,-0.0019589529838413
/epuck1/cmd_vel,71.288725306,0.025,-0.0019589529838413
/epuck1/cmd_vel,71.292859874,0.025,-0.0019589529838413
/epuck1/cmd_vel,71.305959672,0.025,0.000246877723839134
/epuck1/cmd_vel,71.310996833,0.025,0.000246877723839134
/epuck1/cmd_vel,71.323885433,0.025,0.000246877723839134
/epuck1/cmd_vel,71.329632088,0.025,0.000246877723839134
/epuck1/cmd_vel,71.337500227,0.025,0.000246877723839134
/epuck1/cmd_vel,71.347210452,0.025,0.000246877723839134
/epuck1/cmd_vel,71.35524589,0.025,0.000246877723839134
/epuck1/cmd_vel,71.360943145,0.025,0.000246877723839134
/epuck1/cmd_vel,71.373835645,0.025,0.000246877723839134
/epuck1/cmd_vel,71.380440994,0.025,0.000246877723839134
/epuck1/cmd_vel,71.393358693,0.025,0.000246877723839134
/epuck1/cmd_vel,71.40023694,0.025,0.00245270854793489
/epuck1/cmd_vel,71.413470537,0.025,0.00245270854793489
/epuck1/cmd_vel,71.424101255,0.025,0.00245270854793489
/epuck1/cmd_vel,71.435805164,0.025,0.00245270854793489
/epuck1/cmd_vel,71.442487312,0.025,0.00245270854793489
/epuck1/cmd_vel,71.44921366,0.025,0.00245270854793489
/epuck1/cmd_vel,71.458299689,0.025,0.00245270854793489
/epuck1/cmd_vel,71.467654116,0.025,0.00245270854793489
/epuck1/cmd_vel,71.472608278,0.025,0.00245270854793489
/epuck1/cmd_vel,71.484475086,0.025,0.00245270854793489
/epuck1/cmd_vel,71.490216341,0.025,0.00245270854793489
/epuck1/cmd_vel,71.502821343,0.025,0.000246877723839134
/epuck1/cmd_vel,71.506883212,0.025,0.000246877723839134
/epuck1/cmd_vel,71.51483955,0.025,0.000246877723839134
/epuck1/cmd_vel,71.523677879,0.025,0.000246877723839134
/epuck1/cmd_vel,71.532078912,0.025,0.000246877723839134
/epuck1/cmd_vel,71.538250162,0.025,0.000246877723839134
/epuck1/cmd_vel,71.550109168,0.025,0.000246877723839134
/epuck1/cmd_vel,71.555270326,0.025,0.000246877723839134
/epuck1/cmd_vel,71.568728918,0.025,0.000246877723839134
/epuck1/cmd_vel,71.574147875,0.025,0.000246877723839134
/epuck1/cmd_vel,71.583722398,0.025,0.000246877723839134
/epuck1/cmd_vel,71.592733826,0.025,0.000246877723839134
/epuck1/cmd_vel,71.60353764,0.025,0.000246877723839134
/epuck1/cmd_vel,71.612426269,0.025,-0.0019589529838413
/epuck1/cmd_vel,71.620177507,0.025,-0.0019589529838413
/epuck1/cmd_vel,71.626151059,0.025,-0.0019589529838413
/epuck1/cmd_vel,71.635876481,0.025,-0.0019589529838413
/epuck1/cmd_vel,71.642476328,0.025,-0.0019589529838413
/epuck1/cmd_vel,71.654106435,0.025,-0.0019589529838413
/epuck1/cmd_vel,71.661776574,0.025,-0.0019589529838413
/epuck1/cmd_vel,71.669160615,0.025,-0.0019589529838413
/epuck1/cmd_vel,71.677984644,0.025,-0.0019589529838413
/epuck1/cmd_vel,71.685301885,0.025,-0.0019589529838413
/epuck1/cmd_vel,71.691222138,0.025,-0.0019589529838413
/epuck1/cmd_vel,71.701648554,0.025,-0.0019589529838413
/epuck1/cmd_vel,71.709293093,0.025,0.000246877723839134
/epuck1/cmd_vel,71.720253106,0.025,0.000246877723839134
/epuck1/cmd_vel,71.727406548,0.025,0.000246877723839134
/epuck1/cmd_vel,71.739441952,0.025,0.000246877723839134
/epuck1/cmd_vel,71.746337297,0.025,0.000246877723839134
/epuck1/cmd_vel,71.757676406,0.025,0.000246877723839134
/epuck1/cmd_vel,71.763286561,0.025,0.000246877723839134
/epuck1/cmd_vel,71.771704394,0.025,0.000246877723839134
/epuck1/cmd_vel,71.777038251,0.025,0.000246877723839134
/epuck1/cmd_vel,71.787943664,0.025,0.000246877723839134
/epuck1/cmd_vel,71.79461641,0.025,0.000246877723839134
/epuck1/cmd_vel,71.807381808,0.025,0.000246877723839134
/epuck1/cmd_vel,71.813562559,0.025,0.000246877723839134
/epuck1/cmd_vel,71.820799601,0.025,0.000246877723839134
/epuck1/cmd_vel,71.829342832,0.025,0.000246877723839134
/epuck1/cmd_vel,71.837235269,0.025,0.000246877723839134
/epuck1/cmd_vel,71.842495027,0.025,0.000246877723839134
/epuck1/cmd_vel,71.853760537,0.025,0.000246877723839134
/epuck1/cmd_vel,71.858568798,0.025,0.000246877723839134
/epuck1/cmd_vel,71.869916708,0.025,0.000246877723839134
/epuck1/cmd_vel,71.876846852,0.025,0.000246877723839134
/epuck1/cmd_vel,71.885464583,0.025,0.000246877723839134
/epuck1/cmd_vel,71.894696109,0.025,0.000246877723839134
/epuck1/cmd_vel,71.903836436,0.025,0.000246877723839134
/epuck1/cmd_vel,71.913991155,0.025,0.000246877723839134
/epuck1/cmd_vel,71.920210105,0.025,-0.0019589529838413
/epuck1/cmd_vel,71.92586586,0.025,-0.0019589529838413
/epuck1/cmd_vel,71.943203221,0.025,-0.0019589529838413
/epuck1/cmd_vel,71.947578886,0.025,-0.0019589529838413
/epuck1/cmd_vel,71.958151901,0.025,-0.0019589529838413
/epuck1/cmd_vel,71.96454885,0.025,-0.0019589529838413
/epuck1/cmd_vel,71.978880135,0.025,-0.0019589529838413
/epuck1/cmd_vel,71.986669873,0.025,-0.0019589529838413
/epuck1/cmd_vel,71.992500226,0.025,-0.0019589529838413
/epuck1/cmd_vel,72.000949759,0.025,-0.0019589529838413
/epuck1/cmd_vel,72.009037594,0.025,-0.0019589529838413
/epuck1/cmd_vel,72.015399143,0.025,0.000246877723839134
/epuck1/cmd_vel,72.028513738,0.025,0.000246877723839134
/epuck1/cmd_vel,72.035057386,0.025,0.000246877723839134
/epuck1/cmd_vel,72.046094497,0.025,0.000246877723839134
/epuck1/cmd_vel,72.05323694,0.025,0.000246877723839134
/epuck1/cmd_vel,72.065291744,0.025,0.000246877723839134
/epuck1/cmd_vel,72.072602085,0.025,0.000246877723839134
/epuck1/cmd_vel,72.080547521,0.025,0.000246877723839134
/epuck1/cmd_vel,72.090485242,0.025,0.000246877723839134
/epuck1/cmd_vel,72.097706684,0.025,0.000246877723839134
/epuck1/cmd_vel,72.108716796,0.025,0.000246877723839134
/epuck1/cmd_vel,72.119180512,0.025,0.000246877723839134
/epuck1/cmd_vel,72.122858483,0.025,0.00245270854793489
/epuck1/cmd_vel,72.134665888,0.025,0.00245270854793489
/epuck1/cmd_vel,72.141591833,0.025,0.00245270854793489
/epuck1/cmd_vel,72.153925434,0.025,0.00245270854793489
/epuck1/cmd_vel,72.160290983,0.025,0.00245270854793489
/epuck1/cmd_vel,72.173013081,0.025,0.00245270854793489
/epuck1/cmd_vel,72.180044025,0.025,0.00245270854793489
/epuck1/cmd_vel,72.193610316,0.025,0.00245270854793489
/epuck1/cmd_vel,72.198761775,0.025,0.00245270854793489
/epuck1/cmd_vel,72.208313799,0.025,0.00245270854793489
/epuck1/cmd_vel,72.217740723,0.025,0.00245270854793489
/epuck1/cmd_vel,72.225895958,0.025,0.000246877723839134
/epuck1/cmd_vel,72.234781487,0.025,0.000246877723839134
/epuck1/cmd_vel,72.243041421,0.025,0.000246877723839134
/epuck1/cmd_vel,72.248485877,0.025,0.000246877723839134
/epuck1/cmd_vel,72.259545089,0.025,0.000246877723839134
/epuck1/cmd_vel,72.265411642,0.025,0.000246877723839134
/epuck1/cmd_vel,72.275925857,0.025,0.000246877723839134
/epuck1/cmd_vel,72.281982409,0.025,0.000246877723839134
/epuck1/cmd_vel,72.289996845,0.025,0.000246877723839134
/epuck1/cmd_vel,72.299233371,0.025,0.000246877723839134
/epuck1/cmd_vel,72.307116408,0.025,0.000246877723839134
/epuck1/cmd_vel,72.312055068,0.025,0.000246877723839134
/epuck1/cmd_vel,72.32303308,0.025,0.000246877723839134
/epuck1/cmd_vel,72.33055312,0.025,0.000246877723839134
/epuck1/cmd_vel,72.344005812,0.025,0.000246877723839134
/epuck1/cmd_vel,72.349183471,0.025,0.000246877723839134
/epuck1/cmd_vel,72.357621603,0.025,0.000246877723839134
/epuck1/cmd_vel,72.366240135,0.025,0.000246877723839134
/epuck1/cmd_vel,72.375294762,0.025,0.000246877723839134
/epuck1/cmd_vel,72.379979425,0.025,0.000246877723839134
/epuck1/cmd_vel,72.391254534,0.025,0.000246877723839134
/epuck1/cmd_vel,72.396481992,0.025,0.000246877723839134
/epuck1/cmd_vel,72.408787694,0.025,0.000246877723839134
/epuck1/cmd_vel,72.415773038,0.025,0.000246877723839134
/epuck1/cmd_vel,72.42425997,0.025,-0.0019589529838413
/epuck1/cmd_vel,72.43177541,0.025,-0.0019589529838413
/epuck1/cmd_vel,72.440218942,0.025,-0.0019589529838413
/epuck1/cmd_vel,72.4455577,0.025,-0.0019589529838413
/epuck1/cmd_vel,72.457424405,0.025,-0.0019589529838413
/epuck1/cmd_vel,72.462658363,0.025,-0.0019589529838413
/epuck1/cmd_vel,72.473610875,0.025,-0.0019589529838413
/epuck1/cmd_vel,72.479390029,0.025,-0.0019589529838413
/epuck1/cmd_vel,72.488216758,0.025,-0.0019589529838413
/epuck1/cmd_vel,72.499108471,0.025,-0.0019589529838413
/epuck1/cmd_vel,72.508324797,0.025,-0.0019589529838413
/epuck1/cmd_vel,72.517241625,0.025,-0.0019589529838413
/epuck1/cmd_vel,72.526104452,0.025,0.000246877723839134
/epuck1/cmd_vel,72.531925904,0.025,0.000246877723839134
/epuck1/cmd_vel,72.545368493,0.025,0.000246877723839134
/epuck1/cmd_vel,72.54945646,0.025,0.000246877723839134
/epuck1/cmd_vel,72.563025348,0.025,0.000246877723839134
/epuck1/cmd_vel,72.568749601,0.025,0.000246877723839134
/epuck1/cmd_vel,72.579921109,0.025,0.000246877723839134
/epuck1/cmd_vel,72.585672861,0.025,0.000246877723839134
/epuck1/cmd_vel,72.597268866,0.025,0.000246877723839134
/epuck1/cmd_vel,72.605961594,0.025,0.000246877723839134
/epuck1/cmd_vel,72.614489924,0.025,0.000246877723839134
/epuck1/cmd_vel,72.623840847,0.025,0.000246877723839134
/epuck1/cmd_vel,72.634805657,0.025,0.000246877723839134
/epuck1/cmd_vel,72.644239179,0.025,0.000246877723839134
/epuck1/cmd_vel,72.65501129,0.025,0.000246877723839134
/epuck1/cmd_vel,72.660384546,0.025,0.000246877723839134
/epuck1/cmd_vel,72.672189549,0.025,0.000246877723839134
/epuck1/cmd_vel,72.678573796,0.025,0.000246877723839134
/epuck1/cmd_vel,72.691849087,0.025,0.000246877723839134
/epuck1/cmd_vel,72.697886837,0.025,0.000246877723839134
/epuck1/cmd_vel,72.710295635,0.025,0.000246877723839134
/epuck1/cmd_vel,72.716091887,0.025,0.000246877723839134
/epuck1/cmd_vel,72.726040205,0.025,0.000246877723839134
/epuck1/cmd_vel,72.734983831,0.025,0.000246877723839134
/epuck1/cmd_vel,72.744937449,0.025,0.000246877723839134
/epuck1/cmd_vel,72.754115374,0.025,0.000246877723839134
/epuck1/cmd_vel,72.763390397,0.025,0.000246877723839134
/epuck1/cmd_vel,72.769826544,0.025,0.000246877723839134
/epuck1/cmd_vel,72.784446524,0.025,0.000246877723839134
/epuck1/cmd_vel,72.789508782,0.025,0.000246877723839134
/epuck1/cmd_vel,72.799194102,0.025,0.000246877723839134
/epuck1/cmd_vel,72.805769348,0.025,0.000246877723839134
/epuck1/cmd_vel,72.816015764,0.025,0.000246877723839134
/epuck1/cmd_vel,72.825271787,0.025,0.000246877723839134
/epuck1/cmd_vel,72.834526011,0.025,0.000246877723839134
/epuck1/cmd_vel,72.844480729,0.025,-0.0019589529838413
/epuck1/cmd_vel,72.855544938,0.025,-0.0019589529838413
/epuck1/cmd_vel,72.859944002,0.025,-0.0019589529838413
/epuck1/cmd_vel,72.869211825,0.025,-0.0019589529838413
/epuck1/cmd_vel,72.874936478,0.025,-0.0019589529838413
/epuck1/cmd_vel,72.882625715,0.025,-0.0019589529838413
/epuck1/cmd_vel,72.891305743,0.025,-0.0019589529838413
/epuck1/cmd_vel,72.900019872,0.025,-0.0019589529838413
/epuck1/cmd_vel,72.905145129,0.025,-0.0019589529838413
/epuck1/cmd_vel,72.916095039,0.025,-0.0019589529838413
/epuck1/cmd_vel,72.924424171,0.025,-0.0019589529838413
/epuck1/cmd_vel,72.932858501,0.025,-0.0019589529838413
/epuck1/cmd_vel,72.940843135,0.025,0.000246877723839134
/epuck1/cmd_vel,72.949105267,0.025,0.000246877723839134
/epuck1/cmd_vel,72.958184892,0.025,0.000246877723839134
/epuck1/cmd_vel,72.965673231,0.025,0.000246877723839134
/epuck1/cmd_vel,72.970039595,0.025,0.000246877723839134
/epuck1/cmd_vel,72.982320294,0.025,0.000246877723839134
/epuck1/cmd_vel,72.987185153,0.025,0.000246877723839134
/epuck1/cmd_vel,72.99857436,0.025,0.000246877723839134
/epuck1/cmd_vel,73.003816716,0.025,0.000246877723839134
/epuck1/cmd_vel,73.013724935,0.025,0.000246877723839134
/epuck1/cmd_vel,73.023608353,0.025,0.000246877723839134
/epuck1/cmd_vel,73.032050284,0.025,0.000246877723839134
/epuck1/cmd_vel,73.041452706,0.025,0.000246877723839134
/epuck1/cmd_vel,73.050008936,0.025,0.000246877723839134
/epuck1/cmd_vel,73.055944787,0.025,0.000246877723839134
/epuck1/cmd_vel,73.067034996,0.025,0.000246877723839134
/epuck1/cmd_vel,73.074328336,0.025,0.000246877723839134
/epuck1/cmd_vel,73.085595343,0.025,0.000246877723839134
/epuck1/cmd_vel,73.091108797,0.025,0.000246877723839134
/epuck1/cmd_vel,73.103511495,0.025,0.000246877723839134
/epuck1/cmd_vel,73.111486929,0.025,0.000246877723839134
/epuck1/cmd_vel,73.118988068,0.025,0.000246877723839134
/epuck1/cmd_vel,73.128490889,0.025,0.000246877723839134
/epuck1/cmd_vel,73.138228809,0.025,0.000246877723839134
/epuck1/cmd_vel,73.148190827,0.025,0.000246877723839134
/epuck1/cmd_vel,73.157272452,0.025,0.000246877723839134
/epuck1/cmd_vel,73.161782515,0.025,0.000246877723839134
/epuck1/cmd_vel,73.173892015,0.025,0.000246877723839134
/epuck1/cmd_vel,73.179567668,0.025,0.000246877723839134
/epuck1/cmd_vel,73.191238972,0.025,0.000246877723839134
/epuck1/cmd_vel,73.198207815,0.025,0.000246877723839134
/epuck1/cmd_vel,73.205589554,0.025,0.000246877723839134
/epuck1/cmd_vel,73.215464273,0.025,0.000246877723839134
/epuck1/cmd_vel,73.227347875,0.025,0.000246877723839134
/epuck1/cmd_vel,73.2364365,0.025,0.000246877723839134
/epuck1/cmd_vel,73.244486334,0.025,0.000246877723839134
/epuck1/cmd_vel,73.25704173,0.025,0.000246877723839134
/epuck1/cmd_vel,73.265497061,0.025,0.000246877723839134
/epuck1/cmd_vel,73.272774601,0.025,0.000246877723839134
/epuck1/cmd_vel,73.282655419,0.025,0.000246877723839134
/epuck1/cmd_vel,73.287563679,0.025,0.000246877723839134
/epuck1/cmd_vel,73.299339882,0.025,0.000246877723839134
/epuck1/cmd_vel,73.309034602,0.025,0.000246877723839134
/epuck1/cmd_vel,73.315227151,0.025,0.000246877723839134
/epuck1/cmd_vel,73.323167385,0.025,0.000246877723839134
/epuck1/cmd_vel,73.331890314,0.025,0.000246877723839134
/epuck1/cmd_vel,73.343019322,0.025,0.000246877723839134
/epuck1/cmd_vel,73.349111672,0.025,0.000246877723839134
/epuck1/cmd_vel,73.357056006,0.025,0.00245270854793489
/epuck1/cmd_vel,73.365677035,0.025,0.00245270854793489
/epuck1/cmd_vel,73.372097082,0.025,0.00245270854793489
/epuck1/cmd_vel,73.379979417,0.025,0.00245270854793489
/epuck1/cmd_vel,73.389016343,0.025,0.00245270854793489
/epuck1/cmd_vel,73.397961469,0.025,0.00245270854793489
/epuck1/cmd_vel,73.407105394,0.025,0.00245270854793489
/epuck1/cmd_vel,73.416301718,0.025,0.00245270854793489
/epuck1/cmd_vel,73.422416968,0.025,0.00245270854793489
/epuck1/cmd_vel,73.434368869,0.025,0.00245270854793489
/epuck1/cmd_vel,73.44031052,0.025,0.00245270854793489
/epuck1/cmd_vel,73.451369529,0.025,0.00245270854793489
/epuck1/cmd_vel,73.458202273,0.025,0.000246877723839134
/epuck1/cmd_vel,73.466131308,0.025,0.000246877723839134
/epuck1/cmd_vel,73.473230949,0.025,0.000246877723839134
/epuck1/cmd_vel,73.483560964,0.025,0.000246877723839134
/epuck1/cmd_vel,73.48894812,0.025,0.000246877723839134
/epuck1/cmd_vel,73.500032128,0.025,0.000246877723839134
/epuck1/cmd_vel,73.506116078,0.025,0.000246877723839134
/epuck1/cmd_vel,73.518095579,0.025,0.000246877723839134
/epuck1/cmd_vel,73.524629123,0.025,0.000246877723839134
/epuck1/cmd_vel,73.536335624,0.025,0.000246877723839134
/epuck1/cmd_vel,73.545273949,0.025,0.000246877723839134
/epuck1/cmd_vel,73.554902267,0.025,0.000246877723839134
/epuck1/cmd_vel,73.564113489,0.025,-0.0019589529838413
/epuck1/cmd_vel,73.571653625,0.025,-0.0019589529838413
/epuck1/cmd_vel,73.578258969,0.025,-0.0019589529838413
/epuck1/cmd_vel,73.589870871,0.025,-0.0019589529838413
/epuck1/cmd_vel,73.595442924,0.025,-0.0019589529838413
/epuck1/cmd_vel,73.606423131,0.025,-0.0019589529838413
/epuck1/cmd_vel,73.612586278,0.025,-0.0019589529838413
/epuck1/cmd_vel,73.624740876,0.025,-0.0019589529838413
/epuck1/cmd_vel,73.63124202,0.025,-0.0019589529838413
/epuck1/cmd_vel,73.63833226,0.025,-0.0019589529838413
/epuck1/cmd_vel,73.646972787,0.025,-0.0019589529838413
/epuck1/cmd_vel,73.657772996,0.025,-0.0019589529838413
/epuck1/cmd_vel,73.662288858,0.025,0.000246877723839134
/epuck1/cmd_vel,73.672761469,0.025,0.000246877723839134
/epuck1/cmd_vel,73.679220914,0.025,0.000246877723839134
/epuck1/cmd_vel,73.692062205,0.025,0.000246877723839134
/epuck1/cmd_vel,73.69862725,0.025,0.000246877723839134
/epuck1/cmd_vel,73.710687748,0.025,0.000246877723839134
/epuck1/cmd_vel,73.7163171,0.025,0.000246877723839134
/epuck1/cmd_vel,73.723510539,0.025,0.000246877723839134
/epuck1/cmd_vel,73.734761144,0.025,0.000246877723839134
/epuck1/cmd_vel,73.743236672,0.025,0.000246877723839134
/epuck1/cmd_vel,73.754394877,0.025,0.000246877723839134
/epuck1/cmd_vel,73.762890206,0.025,0.000246877723839134
/epuck1/cmd_vel,73.770448542,0.025,0.000246877723839134
/epuck1/cmd_vel,73.780583356,0.025,0.000246877723839134
/epuck1/cmd_vel,73.787796995,0.025,0.000246877723839134
/epuck1/cmd_vel,73.800344188,0.025,0.000246877723839134
/epuck1/cmd_vel,73.808247721,0.025,0.000246877723839134
/epuck1/cmd_vel,73.820584417,0.025,0.000246877723839134
/epuck1/cmd_vel,73.82729566,0.025,0.000246877723839134
/epuck1/cmd_vel,73.838499265,0.025,0.000246877723839134
/epuck1/cmd_vel,73.846611197,0.025,0.000246877723839134
/epuck1/cmd_vel,73.858844093,0.025,0.000246877723839134
/epuck1/cmd_vel,73.866212631,0.025,0.000246877723839134
/epuck1/cmd_vel,73.873844566,0.025,0.000246877723839134
/epuck1/cmd_vel,73.88279839,0.025,0.000246877723839134
/epuck1/cmd_vel,73.891813814,0.025,0.000246877723839134
/epuck1/cmd_vel,73.90046004,0.025,0.000246877723839134
/epuck1/cmd_vel,73.908207175,0.025,0.000246877723839134
/epuck1/cmd_vel,73.915471613,0.025,0.000246877723839134
/epuck1/cmd_vel,73.926657719,0.025,0.000246877723839134
/epuck1/cmd_vel,73.932461169,0.025,0.000246877723839134
/epuck1/cmd_vel,73.944642766,0.025,0.000246877723839134
/epuck1/cmd_vel,73.95011602,0.025,0.000246877723839134
/epuck1/cmd_vel,73.958614348,0.025,0.000246877723839134
/epuck1/cmd_vel,73.965786787,0.025,0.000246877723839134
/epuck1/cmd_vel,73.975050609,0.025,0.000246877723839134
/epuck1/cmd_vel,73.979511571,0.025,0.000246877723839134
/epuck1/cmd_vel,73.990851875,0.025,0.000246877723839134
/epuck1/cmd_vel,73.997433119,0.025,0.000246877723839134
/epuck1/cmd_vel,74.007435635,0.025,0.000246877723839134
/epuck1/cmd_vel,74.013085187,0.025,0.000246877723839134
/epuck1/cmd_vel,74.021158618,0.025,0.000246877723839134
/epuck1/cmd_vel,74.031043135,0.025,0.000246877723839134
/epuck1/cmd_vel,74.039636162,0.025,0.000246877723839134
/epuck1/cmd_vel,74.050190572,0.025,0.000246877723839134
/epuck1/cmd_vel,74.056131922,0.025,0.000246877723839134
/epuck1/cmd_vel,74.064131454,0.025,0.000246877723839134
/epuck1/cmd_vel,74.074907063,0.025,-0.0019589529838413
/epuck1/cmd_vel,74.079937821,0.025,-0.0019589529838413
/epuck1/cmd_vel,74.092714312,0.025,-0.0019589529838413
/epuck1/cmd_vel,74.095859286,0.025,-0.0019589529838413
/epuck1/cmd_vel,74.105587203,0.025,-0.0019589529838413
/epuck1/cmd_vel,74.115231822,0.025,-0.0019589529838413
/epuck1/cmd_vel,74.121527868,0.025,-0.0019589529838413
/epuck1/cmd_vel,74.128316911,0.025,-0.0019589529838413
/epuck1/cmd_vel,74.144079277,0.025,-0.0019589529838413
/epuck1/cmd_vel,74.150676621,0.025,-0.0019589529838413
/epuck1/cmd_vel,74.161854427,0.025,-0.0019589529838413
/epuck1/cmd_vel,74.167605378,0.025,0.000246877723839134
/epuck1/cmd_vel,74.183429844,0.025,0.000246877723839134
/epuck1/cmd_vel,74.186665317,0.025,0.000246877723839134
/epuck1/cmd_vel,74.195055646,0.025,0.000246877723839134
/epuck1/cmd_vel,74.203671273,0.025,0.000246877723839134
/epuck1/cmd_vel,74.211493306,0.025,0.000246877723839134
/epuck1/cmd_vel,74.21695216,0.025,0.000246877723839134
/epuck1/cmd_vel,74.229360355,0.025,0.000246877723839134
/epuck1/cmd_vel,74.236235397,0.025,0.000246877723839134
/epuck1/cmd_vel,74.246300012,0.025,0.000246877723839134
/epuck1/cmd_vel,74.251915864,0.025,0.000246877723839134
/epuck1/cmd_vel,74.26189058,0.025,0.000246877723839134
/epuck1/cmd_vel,74.270927803,0.025,0.000246877723839134
/epuck1/cmd_vel,74.280858919,0.025,0.000246877723839134
/epuck1/cmd_vel,74.28424469,0.025,0.000246877723839134
/epuck1/cmd_vel,74.299090365,0.025,0.000246877723839134
/epuck1/cmd_vel,74.303892724,0.025,0.000246877723839134
/epuck1/cmd_vel,74.315551725,0.025,0.000246877723839134
/epuck1/cmd_vel,74.320046487,0.025,0.000246877723839134
/epuck1/cmd_vel,74.331719688,0.025,0.000246877723839134
/epuck1/cmd_vel,74.337139242,0.025,0.000246877723839134
/epuck1/cmd_vel,74.345932068,0.025,0.000246877723839134
/epuck1/cmd_vel,74.354606994,0.025,0.000246877723839134
/epuck1/cmd_vel,74.362564727,0.025,0.000246877723839134
/epuck1/cmd_vel,74.36808568,0.025,0.000246877723839134
/epuck1/cmd_vel,74.379687482,0.025,0.000246877723839134
/epuck1/cmd_vel,74.385405934,0.025,0.000246877723839134
/epuck1/cmd_vel,74.39766023,0.025,0.000246877723839134
/epuck1/cmd_vel,74.405245166,0.025,0.000246877723839134
/epuck1/cmd_vel,74.417023166,0.025,0.000246877723839134
/epuck1/cmd_vel,74.423976907,0.025,0.000246877723839134
/epuck1/cmd_vel,74.432146638,0.025,0.000246877723839134
/epuck1/cmd_vel,74.442639849,0.025,0.000246877723839134
/epuck1/cmd_vel,74.453256559,0.025,0.000246877723839134
/epuck1/cmd_vel,74.462650079,0.025,0.000246877723839134
/epuck1/cmd_vel,74.473605287,0.025,0.000246877723839134
/epuck1/cmd_vel,74.482351113,0.025,0.000246877723839134
/epuck1/cmd_vel,74.491101538,0.025,0.000246877723839134
/epuck1/cmd_vel,74.494952506,0.025,0.000246877723839134
/epuck1/cmd_vel,74.510427875,0.025,0.000246877723839134
/epuck1/cmd_vel,74.51795711,0.025,0.000246877723839134
/epuck1/cmd_vel,74.530125404,0.025,0.000246877723839134
/epuck1/cmd_vel,74.536452349,0.025,0.000246877723839134
/epuck1/cmd_vel,74.547768551,0.025,0.000246877723839134
/epuck1/cmd_vel,74.554146496,0.025,0.000246877723839134
/epuck1/cmd_vel,74.560999936,0.025,0.000246877723839134
/epuck1/cmd_vel,74.570675252,0.025,0.000246877723839134
/epuck1/cmd_vel,74.578755182,0.025,0.000246877723839134
/epuck1/cmd_vel,74.584379633,0.025,0.000246877723839134
/epuck1/cmd_vel,74.595712134,0.025,0.000246877723839134
/epuck1/cmd_vel,74.602998771,0.025,0.000246877723839134
/epuck1/cmd_vel,74.61695035,0.025,0.000246877723839134
/epuck1/cmd_vel,74.624304986,0.025,0.000246877723839134
/epuck1/cmd_vel,74.632661413,0.025,0.000246877723839134
/epuck1/cmd_vel,74.643274621,0.025,0.000246877723839134
/epuck1/cmd_vel,74.652699639,0.025,0.000246877723839134
/epuck1/cmd_vel,74.662503253,0.025,0.000246877723839134
/epuck1/cmd_vel,74.670413385,0.025,0.000246877723839134
/epuck1/cmd_vel,74.67674193,0.025,0.000246877723839134
/epuck1/cmd_vel,74.689418119,0.025,0.000246877723839134
/epuck1/cmd_vel,74.696536057,0.025,0.000246877723839134
/epuck1/cmd_vel,74.70885715,0.025,0.000246877723839134
/epuck1/cmd_vel,74.713408611,0.025,0.000246877723839134
/epuck1/cmd_vel,74.721152643,0.025,0.000246877723839134
/epuck1/cmd_vel,74.73079556,0.025,0.000246877723839134
/epuck1/cmd_vel,74.739750482,0.025,0.000246877723839134
/epuck1/cmd_vel,74.746232625,0.025,0.000246877723839134
/epuck1/cmd_vel,74.758547318,0.025,0.000246877723839134
/epuck1/cmd_vel,74.76520216,0.025,0.000246877723839134
/epuck1/cmd_vel,74.778432645,0.025,0.000246877723839134
/epuck1/cmd_vel,74.782934206,0.025,0.000246877723839134
/epuck1/cmd_vel,74.791947628,0.025,0.000246877723839134
/epuck1/cmd_vel,74.800781251,0.025,0.000246877723839134
/epuck1/cmd_vel,74.808361285,0.025,0.000246877723839134
/epuck1/cmd_vel,74.818528197,0.025,0.000246877723839134
/epuck1/cmd_vel,74.828959906,0.025,0.000246877723839134
/epuck1/cmd_vel,74.834377259,0.025,0.000246877723839134
/epuck1/cmd_vel,74.845592261,0.025,0.000246877723839134
/epuck1/cmd_vel,74.85040862,0.025,0.000246877723839134
/epuck1/cmd_vel,74.862233517,0.025,0.000246877723839134
/epuck1/cmd_vel,74.869663452,0.025,0.000246877723839134
/epuck1/cmd_vel,74.881515449,0.025,0.000246877723839134
/epuck1/cmd_vel,74.887514097,0.025,0.000246877723839134
/epuck1/cmd_vel,74.89752011,0.025,0.000246877723839134
/epuck1/cmd_vel,74.906551931,0.025,0.000246877723839134
/epuck1/cmd_vel,74.915616053,0.025,0.000246877723839134
/epuck1/cmd_vel,74.92395418,0.025,0.000246877723839134
/epuck1/cmd_vel,74.935385781,0.025,0.000246877723839134
/epuck1/cmd_vel,74.937949158,0.025,0.000246877723839134
/epuck1/cmd_vel,74.948624166,0.025,0.000246877723839134
/epuck1/cmd_vel,74.954702013,0.025,0.000246877723839134
/epuck1/cmd_vel,74.96540802,0.025,0.000246877723839134
/epuck1/cmd_vel,74.972181361,0.025,0.000246877723839134
/epuck1/cmd_vel,74.982091774,0.025,0.000246877723839134
/epuck1/cmd_vel,74.988800716,0.025,-0.0019589529838413
/epuck1/cmd_vel,74.99988002,0.025,-0.0019589529838413
/epuck1/cmd_vel,75.007829351,0.025,-0.0019589529838413
/epuck1/cmd_vel,75.01713007,0.025,-0.0019589529838413
/epuck1/cmd_vel,75.022169326,0.025,-0.0019589529838413
/epuck1/cmd_vel,75.033831425,0.025,-0.0019589529838413
/epuck1/cmd_vel,75.039972471,0.025,-0.0019589529838413
/epuck1/cmd_vel,75.053073357,0.025,-0.0019589529838413
/epuck1/cmd_vel,75.058952606,0.025,-0.0019589529838413
/epuck1/cmd_vel,75.065708247,0.025,-0.0019589529838413
/epuck1/cmd_vel,75.073281182,0.025,-0.0019589529838413
/epuck1/cmd_vel,75.081272912,0.025,-0.0019589529838413
/epuck1/cmd_vel,75.087459158,0.025,-0.0019589529838413
/epuck1/cmd_vel,75.098473563,0.025,0.000246877723839134
/epuck1/cmd_vel,75.105229604,0.025,0.000246877723839134
/epuck1/cmd_vel,75.117437398,0.025,0.000246877723839134
/epuck1/cmd_vel,75.123466345,0.025,0.000246877723839134
/epuck1/cmd_vel,75.132889063,0.025,0.000246877723839134
/epuck1/cmd_vel,75.141661187,0.025,0.000246877723839134
/epuck1/cmd_vel,75.152922189,0.025,0.000246877723839134
/epuck1/cmd_vel,75.162539905,0.025,0.000246877723839134
/epuck1/cmd_vel,75.17117773,0.025,0.000246877723839134
/epuck1/cmd_vel,75.179505958,0.025,0.000246877723839134
/epuck1/cmd_vel,75.189955567,0.025,0.000246877723839134
/epuck1/cmd_vel,75.194899124,0.025,0.000246877723839134
/epuck1/cmd_vel,75.208492706,0.025,0.000246877723839134
/epuck1/cmd_vel,75.215118948,0.025,0.000246877723839134
/epuck1/cmd_vel,75.225766056,0.025,0.000246877723839134
/epuck1/cmd_vel,75.231539205,0.025,0.000246877723839134
/epuck1/cmd_vel,75.243184604,0.025,0.000246877723839134
/epuck1/cmd_vel,75.250261043,0.025,0.000246877723839134
/epuck1/cmd_vel,75.261571444,0.025,0.000246877723839134
/epuck1/cmd_vel,75.26556831,0.025,0.000246877723839134
/epuck1/cmd_vel,75.274827629,0.025,0.000246877723839134
/epuck1/cmd_vel,75.280010084,0.025,0.000246877723839134
/epuck1/cmd_vel,75.291613883,0.025,0.000246877723839134
/epuck1/cmd_vel,75.296350942,0.025,0.000246877723839134
/epuck1/cmd_vel,75.304274973,0.025,0.000246877723839134
/epuck1/cmd_vel,75.313905889,0.025,0.000246877723839134
/epuck1/cmd_vel,75.320927428,0.025,0.000246877723839134
/epuck1/cmd_vel,75.327251973,0.025,0.000246877723839134
/epuck1/cmd_vel,75.340632257,0.025,0.000246877723839134
/epuck1/cmd_vel,75.34484582,0.025,0.000246877723839134
/epuck1/cmd_vel,75.359240595,0.025,0.000246877723839134
/epuck1/cmd_vel,75.367524323,0.025,0.000246877723839134
/epuck1/cmd_vel,75.373124974,0.025,0.000246877723839134
/epuck1/cmd_vel,75.381921598,0.025,0.000246877723839134
/epuck1/cmd_vel,75.391099118,0.025,0.000246877723839134
/epuck1/cmd_vel,75.396422172,0.025,0.000246877723839134
/epuck1/cmd_vel,75.407672174,0.025,0.000246877723839134
/epuck1/cmd_vel,75.412530332,0.025,0.000246877723839134
/epuck1/cmd_vel,75.42303584,0.025,0.000246877723839134
/epuck1/cmd_vel,75.429386685,0.025,0.000246877723839134
/epuck1/cmd_vel,75.436230826,0.025,0.000246877723839134
/epuck1/cmd_vel,75.445005249,0.025,0.000246877723839134
/epuck1/cmd_vel,75.453821873,0.025,0.000246877723839134
/epuck1/cmd_vel,75.458127235,0.025,0.000246877723839134
/epuck1/cmd_vel,75.468513345,0.025,0.000246877723839134
/epuck1/cmd_vel,75.474695791,0.025,0.000246877723839134
/epuck1/cmd_vel,75.481958428,0.025,0.000246877723839134
/epuck1/cmd_vel,75.491463945,0.025,0.000246877723839134
/epuck1/cmd_vel,75.499996071,0.025,-0.0019589529838413
/epuck1/cmd_vel,75.505503523,0.025,-0.0019589529838413
/epuck1/cmd_vel,75.519130704,0.025,-0.0019589529838413
/epuck1/cmd_vel,75.52517195,0.025,-0.0019589529838413
/epuck1/cmd_vel,75.536913345,0.025,-0.0019589529838413
/epuck1/cmd_vel,75.544378479,0.025,-0.0019589529838413
/epuck1/cmd_vel,75.556429271,0.025,-0.0019589529838413
/epuck1/cmd_vel,75.561944322,0.025,-0.0019589529838413
/epuck1/cmd_vel,75.571651135,0.025,-0.0019589529838413
/epuck1/cmd_vel,75.58119725,0.025,-0.0019589529838413
/epuck1/cmd_vel,75.588832482,0.025,-0.0019589529838413
/epuck1/cmd_vel,75.597624304,0.025,-0.0019589529838413
/epuck1/cmd_vel,75.605621732,0.025,0.000246877723839134
/epuck1/cmd_vel,75.610917585,0.025,0.000246877723839134
/epuck1/cmd_vel,75.62155469,0.025,0.000246877723839134
/epuck1/cmd_vel,75.627026842,0.025,0.000246877723839134
/epuck1/cmd_vel,75.63618676,0.025,0.000246877723839134
/epuck1/cmd_vel,75.644263488,0.025,0.000246877723839134
/epuck1/cmd_vel,75.656698977,0.025,0.000246877723839134
/epuck1/cmd_vel,75.664906504,0.025,0.000246877723839134
/epuck1/cmd_vel,75.67431682,0.025,0.000246877723839134
/epuck1/cmd_vel,75.67986597,0.025,0.000246877723839134
/epuck1/cmd_vel,75.69108577,0.025,0.000246877723839134
/epuck1/cmd_vel,75.696428723,0.025,0.000246877723839134
/epuck1/cmd_vel,75.708958711,0.025,0.00245270854793489
/epuck1/cmd_vel,75.71352727,0.025,0.00245270854793489
/epuck1/cmd_vel,75.723303283,0.025,0.00245270854793489
/epuck1/cmd_vel,75.732117604,0.025,0.00245270854793489
/epuck1/cmd_vel,75.742631811,0.025,0.00245270854793489
/epuck1/cmd_vel,75.754064209,0.025,0.00245270854793489
/epuck1/cmd_vel,75.76068315,0.025,0.00245270854793489
/epuck1/cmd_vel,75.767620788,0.025,0.00245270854793489
/epuck1/cmd_vel,75.779551681,0.025,0.00245270854793489
/epuck1/cmd_vel,75.786663518,0.025,0.00245270854793489
/epuck1/cmd_vel,75.798109716,0.025,0.00245270854793489
/epuck1/cmd_vel,75.803556867,0.025,0.000246877723839134
/epuck1/cmd_vel,75.812955883,0.025,0.000246877723839134
/epuck1/cmd_vel,75.821780305,0.025,0.000246877723839134
/epuck1/cmd_vel,75.82905544,0.025,0.000246877723839134
/epuck1/cmd_vel,75.834459992,0.025,0.000246877723839134
/epuck1/cmd_vel,75.845429894,0.025,0.000246877723839134
/epuck2/cmd_vel,49.932795277,0.0,0.0
/epuck2/cmd_vel,50.006155933,0.0,0.0
/epuck2/cmd_vel,50.043777949,0.0,0.0
/epuck2/cmd_vel,50.095029289,0.0,0.0
/epuck2/cmd_vel,50.132106612,0.0,0.0
/epuck2/cmd_vel,50.198945252,0.0,0.0
/epuck2/cmd_vel,50.259319775,0.0,0.0
/epuck2/cmd_vel,50.322704359,0.0,0.0
/epuck2/cmd_vel,50.357755008,0.0,0.0
/epuck2/cmd_vel,50.411483416,0.0,0.0
/epuck2/cmd_vel,50.452697786,0.0,0.0
/epuck2/cmd_vel,50.524025665,0.0,0.0
/epuck2/cmd_vel,50.576916867,0.0,0.0
/epuck2/cmd_vel,50.636888975,0.0,0.0
/epuck2/cmd_vel,50.674784775,0.0,0.0
/epuck2/cmd_vel,50.727913674,0.0,0.0
/epuck2/cmd_vel,50.769406126,0.0,0.0
/epuck2/cmd_vel,50.852833725,0.0,0.0
/epuck2/cmd_vel,50.893015894,0.0,0.0
/epuck2/cmd_vel,50.950957229,0.0,0.0
/epuck2/cmd_vel,50.985633172,0.0,0.0
/epuck2/cmd_vel,51.04708546,0.0,0.0
/epuck2/cmd_vel,51.086753637,0.0,0.0
/epuck2/cmd_vel,51.170903626,0.0,0.0
/epuck2/cmd_vel,51.209420418,0.0,0.0
/epuck2/cmd_vel,51.263902398,0.0,0.0
/epuck2/cmd_vel,51.300425716,0.0,0.0
/epuck2/cmd_vel,51.362007903,0.0,0.0
/epuck2/cmd_vel,51.413462124,0.0,0.0
/epuck2/cmd_vel,51.480275142,0.0,0.0
/epuck2/cmd_vel,51.515582076,0.0,0.0
/epuck2/cmd_vel,51.569817942,0.0,0.0
/epuck2/cmd_vel,51.608606318,0.0,0.0
/epuck2/cmd_vel,51.682957612,0.0,0.0
/epuck2/cmd_vel,51.730816565,0.0,0.0
/epuck2/cmd_vel,51.790409459,0.0,0.0
/epuck2/cmd_vel,51.827481257,0.0,0.0
/epuck2/cmd_vel,51.884829935,0.0,0.0
/epuck2/cmd_vel,51.925536554,0.0,0.0
/epuck2/cmd_vel,52.002376877,0.0,0.0
/epuck2/cmd_vel,52.038076071,0.0,0.0
/epuck2/cmd_vel,52.092520634,0.0,0.0
/epuck2/cmd_vel,52.132572936,0.0,0.0
/epuck2/cmd_vel,52.210088576,0.0,0.0
/epuck2/cmd_vel,52.251153504,0.0,0.0
/epuck2/cmd_vel,52.30973627,0.0,0.0
/epuck2/cmd_vel,52.344760647,0.0,0.0
/epuck2/cmd_vel,52.4028302,0.0,0.0
/epuck2/cmd_vel,52.44839104,0.0,0.0
/epuck2/cmd_vel,52.530784998,0.0,0.0
/epuck2/cmd_vel,52.569434552,0.0,0.0
/epuck2/cmd_vel,52.622192456,0.0,0.0
/epuck2/cmd_vel,52.662583654,0.0,0.0
/epuck2/cmd_vel,52.723023047,0.0,0.0
/epuck2/cmd_vel,52.774260413,0.0,0.0
/epuck2/cmd_vel,52.846840207,0.0,0.0
/epuck2/cmd_vel,52.884553038,0.0,0.0
/epuck2/cmd_vel,52.938290766,0.0,0.0
/epuck2/cmd_vel,52.97649691,0.0,0.0
/epuck2/cmd_vel,53.041178008,0.0,0.0
/epuck2/cmd_vel,53.103458647,0.0,0.0
/epuck2/cmd_vel,53.161659885,0.0,0.0
/epuck2/cmd_vel,53.200598647,0.0,0.0
/epuck2/cmd_vel,53.25492889,0.0,0.0
/epuck2/cmd_vel,53.293147534,0.0,0.0
/epuck2/cmd_vel,53.385687921,0.0,0.0
/epuck2/cmd_vel,53.434927237,0.0,0.0
/epuck2/cmd_vel,53.491912245,0.002844155249999858,-8.742278012618954e-08
/epuck2/cmd_vel,53.526812304,0.004609678700001041,-8.742278012618954e-08
/epuck2/cmd_vel,53.583871696,0.007448987949999265,-8.742278012618954e-08
/epuck2/cmd_vel,53.623550063,0.009480077500001016,-8.742278012618954e-08
/epuck2/cmd_vel,53.705093953,0.01348209509999947,-8.742278012618954e-08
/epuck2/cmd_vel,53.744112104,0.015503944450000518,-8.742278012618954e-08
/epuck2/cmd_vel,53.797026795,0.018151474000001146,-8.742278012618954e-08
/epuck2/cmd_vel,53.834414507,0.020000354100000096,-8.742278012618954e-08
/epuck2/cmd_vel,53.911247881,0.023855063150000435,-8.742278012618954e-08
/epuck2/cmd_vel,53.952531888,0.025,-8.742278012618954e-08
/epuck2/cmd_vel,54.007910839,0.025,-8.742278012618954e-08
/epuck2/cmd_vel,54.045104746,0.025,-8.742278012618954e-08
/epuck2/cmd_vel,54.102955258,0.025,-8.742278012618954e-08
/epuck2/cmd_vel,54.148216962,0.025,-8.742278012618954e-08
/epuck2/cmd_vel,54.236453414,0.025,-8.742278012618954e-08
/epuck2/cmd_vel,54.273980629,0.025,-8.742278012618954e-08
/epuck2/cmd_vel,54.326765017,0.025,-8.742278012618954e-08
/epuck2/cmd_vel,54.366471285,0.025,-8.742278012618954e-08
/epuck2/cmd_vel,54.430932758,0.025,-8.742278012618954e-08
/epuck2/cmd_vel,54.493894394,0.025,-8.742278012618954e-08
/epuck2/cmd_vel,54.556368605,0.025,-8.742278012618954e-08
/epuck2/cmd_vel,54.592648178,0.025,-8.742278012618954e-08
/epuck2/cmd_vel,54.648460422,0.025,-8.742278012618954e-08
/epuck2/cmd_vel,54.688116977,0.025,-8.742278012618954e-08
/epuck2/cmd_vel,54.761944455,0.025,-8.742278012618954e-08
/epuck2/cmd_vel,54.812581075,0.025,-8.742278012618954e-08
/epuck2/cmd_vel,54.870466673,0.025,-8.742278012618954e-08
/epuck2/cmd_vel,54.907612292,0.025,-8.742278012618954e-08
/epuck2/cmd_vel,54.964707905,0.025,-8.742278012618954e-08
/epuck2/cmd_vel,55.004722494,0.025,-8.742278012618954e-08
/epuck2/cmd_vel,55.043612094,0.025,-8.742278012618954e-08
/epuck2/cmd_vel,55.048063948,0.025,-8.742278012618954e-08
/epuck2/cmd_vel,55.061184514,0.025,-8.742278012618954e-08
/epuck2/cmd_vel,55.068702436,0.025,-8.742278012618954e-08
/epuck2/cmd_vel,55.080726713,0.025,-8.742278012618954e-08
/epuck2/cmd_vel,55.087467444,0.025,-8.742278012618954e-08
/epuck2/cmd_vel,55.099044225,0.025,-8.742278012618954e-08
/epuck2/cmd_vel,55.109608416,0.025,-8.742278012618954e-08
/epuck2/cmd_vel,55.121764891,0.025,-8.742278012618954e-08
/epuck2/cmd_vel,55.128249225,0.025,-8.742278012618954e-08
/epuck2/cmd_vel,55.136319042,0.025,-8.742278012618954e-08
/epuck2/cmd_vel,55.145841044,0.025,-8.742278012618954e-08
/epuck2/cmd_vel,55.15399886,0.025,-8.742278012618954e-08
/epuck2/cmd_vel,55.1598505,0.025,-8.742278012618954e-08
/epuck2/cmd_vel,55.17346726,0.025,-8.742278012618954e-08
/epuck2/cmd_vel,55.178893704,0.025,-8.742278012618954e-08
/epuck2/cmd_vel,55.192200567,0.025,-8.742278012618954e-08
/epuck2/cmd_vel,55.198462203,0.025,-8.742278012618954e-08
/epuck2/cmd_vel,55.209707388,0.025,-8.742278012618954e-08
/epuck2/cmd_vel,55.218978092,0.025,-8.742278012618954e-08
/epuck2/cmd_vel,55.224895431,0.025,-8.742278012618954e-08
/epuck2/cmd_vel,55.234226036,0.025,-8.742278012618954e-08
/epuck2/cmd_vel,55.244424031,0.025,-8.742278012618954e-08
/epuck2/cmd_vel,55.252484548,0.025,-8.742278012618954e-08
/epuck2/cmd_vel,55.261613054,0.025,-8.742278012618954e-08
/epuck2/cmd_vel,55.268124587,0.025,-8.742278012618954e-08
/epuck2/cmd_vel,55.280623059,0.025,-8.742278012618954e-08
/epuck2/cmd_vel,55.286862295,0.025,-8.742278012618954e-08
/epuck2/cmd_vel,55.298556675,0.025,-8.742278012618954e-08
/epuck2/cmd_vel,55.303600623,0.025,-8.742278012618954e-08
/epuck2/cmd_vel,55.313045326,0.025,-8.742278012618954e-08
/epuck2/cmd_vel,55.321123243,0.025,-8.742278012618954e-08
/epuck2/cmd_vel,55.330815443,0.025,-8.742278012618954e-08
/epuck2/cmd_vel,55.335823292,0.025,-8.742278012618954e-08
/epuck2/cmd_vel,55.346486182,0.025,-8.742278012618954e-08
/epuck2/cmd_vel,55.354223803,0.025,-8.742278012618954e-08
/epuck2/cmd_vel,55.36326601,0.025,-8.742278012618954e-08
/epuck2/cmd_vel,55.367876262,0.025,-8.742278012618954e-08
/epuck2/cmd_vel,55.377635962,0.025,-8.742278012618954e-08
/epuck2/cmd_vel,55.387314563,0.025,-8.742278012618954e-08
/epuck2/cmd_vel,55.396531568,0.025,-8.742278012618954e-08
/epuck2/cmd_vel,55.407674853,0.025,-8.742278012618954e-08
/epuck2/cmd_vel,55.417163956,0.025,-8.742278012618954e-08
/epuck2/cmd_vel,55.424236683,0.025,-8.742278012618954e-08
/epuck2/cmd_vel,55.433803685,0.025,-8.742278012618954e-08
/epuck2/cmd_vel,55.440409817,0.025,-8.742278012618954e-08
/epuck2/cmd_vel,55.453683481,0.025,-8.742278012618954e-08
/epuck2/cmd_vel,55.459442921,0.025,-8.742278012618954e-08
/epuck2/cmd_vel,55.473099881,0.025,-8.742278012618954e-08
/epuck2/cmd_vel,55.47908292,0.025,-8.742278012618954e-08
/epuck2/cmd_vel,55.489045617,0.025,-8.742278012618954e-08
/epuck2/cmd_vel,55.497287933,0.025,-8.742278012618954e-08
/epuck2/cmd_vel,55.506634936,0.025,-8.742278012618954e-08
/epuck2/cmd_vel,55.510832893,0.025,-8.742278012618954e-08
/epuck2/cmd_vel,55.521231385,0.025,-8.742278012618954e-08
/epuck2/cmd_vel,55.527023423,0.025,-8.742278012618954e-08
/epuck2/cmd_vel,55.539056296,0.025,-8.742278012618954e-08
/epuck2/cmd_vel,55.544734336,0.025,-8.742278012618954e-08
/epuck2/cmd_vel,55.554624231,0.025,-8.742278012618954e-08
/epuck2/cmd_vel,55.564434227,0.025,-8.742278012618954e-08
/epuck2/cmd_vel,55.570198166,0.025,-8.742278012618954e-08
/epuck2/cmd_vel,55.574909517,0.025,-8.742278012618954e-08
/epuck2/cmd_vel,55.587447884,0.025,-8.742278012618954e-08
/epuck2/cmd_vel,55.594805206,0.025,-8.742278012618954e-08
/epuck2/cmd_vel,55.606157986,0.025,-8.742278012618954e-08
/epuck2/cmd_vel,55.611503329,0.025,-8.742278012618954e-08
/epuck2/cmd_vel,55.616475477,0.025,-8.742278012618954e-08
/epuck2/cmd_vel,55.626803567,0.025,-8.742278012618954e-08
/epuck2/cmd_vel,55.637213057,0.025,-8.742278012618954e-08
/epuck2/cmd_vel,55.642318403,0.025,-8.742278012618954e-08
/epuck2/cmd_vel,55.651569705,0.025,-8.742278012618954e-08
/epuck2/cmd_vel,55.658881528,0.025,-8.742278012618954e-08
/epuck2/cmd_vel,55.669766413,0.025,-8.742278012618954e-08
/epuck2/cmd_vel,55.676102146,0.025,-8.742278012618954e-08
/epuck2/cmd_vel,55.683840364,0.025,-8.742278012618954e-08
/epuck2/cmd_vel,55.691622882,0.025,-8.742278012618954e-08
/epuck2/cmd_vel,55.702703864,0.025,-8.742278012618954e-08
/epuck2/cmd_vel,55.712964156,0.025,-8.742278012618954e-08
/epuck2/cmd_vel,55.720732074,0.025,-8.742278012618954e-08
/epuck2/cmd_vel,55.728503291,0.025,-8.742278012618954e-08
/epuck2/cmd_vel,55.742494943,0.025,-8.742278012618954e-08
/epuck2/cmd_vel,55.745903207,0.025,-8.742278012618954e-08
/epuck2/cmd_vel,55.760530752,0.025,-8.742278012618954e-08
/epuck2/cmd_vel,55.763307523,0.025,-8.742278012618954e-08
/epuck2/cmd_vel,55.77684748,0.025,-8.742278012618954e-08
/epuck2/cmd_vel,55.782220423,0.025,-8.742278012618954e-08
/epuck2/cmd_vel,55.790482436,0.025,-8.742278012618954e-08
/epuck2/cmd_vel,55.799809437,0.025,-8.742278012618954e-08
/epuck2/cmd_vel,55.811580312,0.025,-8.742278012618954e-08
/epuck2/cmd_vel,55.819918024,0.025,-8.742278012618954e-08
/epuck2/cmd_vel,55.830178316,0.025,-8.742278012618954e-08
/epuck2/cmd_vel,55.835374961,0.025,-8.742278012618954e-08
/epuck2/cmd_vel,55.847909828,0.025,-8.742278012618954e-08
/epuck2/cmd_vel,55.852981174,0.025,-8.742278012618954e-08
/epuck2/cmd_vel,55.866433632,0.025,-8.742278012618954e-08
/epuck2/cmd_vel,55.873138061,0.025,-8.742278012618954e-08
/epuck2/cmd_vel,55.885283732,0.025,-8.742278012618954e-08
/epuck2/cmd_vel,55.891253869,0.025,-8.742278012618954e-08
/epuck2/cmd_vel,55.898830389,0.025,-8.742278012618954e-08
/epuck2/cmd_vel,55.909418077,0.025,-8.742278012618954e-08
/epuck2/cmd_vel,55.919968865,0.025,-8.742278012618954e-08
/epuck2/cmd_vel,55.928555275,0.025,-8.742278012618954e-08
/epuck2/cmd_vel,55.93754168,0.025,-8.742278012618954e-08
/epuck2/cmd_vel,55.943470117,0.025,-8.742278012618954e-08
/epuck2/cmd_vel,55.954603899,0.025,-8.742278012618954e-08
/epuck2/cmd_vel,55.959980642,0.025,-8.742278012618954e-08
/epuck2/cmd_vel,55.971626419,0.025,-8.742278012618954e-08
/epuck2/cmd_vel,55.97906944,0.025,-8.742278012618954e-08
/epuck2/cmd_vel,55.987167554,0.025,-8.742278012618954e-08
/epuck2/cmd_vel,55.995316768,0.025,-8.742278012618954e-08
/epuck2/cmd_vel,56.004325073,0.025,-8.742278012618954e-08
/epuck2/cmd_vel,56.011114201,0.025,-8.742278012618954e-08
/epuck2/cmd_vel,56.023885766,0.025,-8.742278012618954e-08
/epuck2/cmd_vel,56.029619005,0.025,-8.742278012618954e-08
/epuck2/cmd_vel,56.041061084,0.025,-8.742278012618954e-08
/epuck2/cmd_vel,56.048634004,0.025,-8.742278012618954e-08
/epuck2/cmd_vel,56.058980395,0.025,-8.742278012618954e-08
/epuck2/cmd_vel,56.064490836,0.025,-8.742278012618954e-08
/epuck2/cmd_vel,56.074832827,0.025,-8.742278012618954e-08
/epuck2/cmd_vel,56.083165839,0.025,-8.742278012618954e-08
/epuck2/cmd_vel,56.09156925,0.025,-8.742278012618954e-08
/epuck2/cmd_vel,56.100270758,0.025,-8.742278012618954e-08
/epuck2/cmd_vel,56.109324262,0.025,-8.742278012618954e-08
/epuck2/cmd_vel,56.114705005,0.025,-8.742278012618954e-08
/epuck2/cmd_vel,56.127240672,0.025,-8.742278012618954e-08
/epuck2/cmd_vel,56.132751414,0.025,-8.742278012618954e-08
/epuck2/cmd_vel,56.143925296,0.025,-8.742278012618954e-08
/epuck2/cmd_vel,56.148774345,0.025,-8.742278012618954e-08
/epuck2/cmd_vel,56.157920948,0.025,-8.742278012618954e-08
/epuck2/cmd_vel,56.167848043,0.02402055040000164,-0.029383575422730956
/epuck2/cmd_vel,56.177922536,0.022914102100003223,-0.06257702442268354
/epuck2/cmd_vel,56.187430836,0.0219793320000008,-0.09062012742275627
/epuck2/cmd_vel,56.194434561,0.021342728700000185,-0.10971822642277473
/epuck2/cmd_vel,56.199997803,0.020737755100003603,-0.12786743442267223
/epuck2/cmd_vel,56.210293394,0.019703266099998024,-0.15890210442283959
/epuck2/cmd_vel,56.215997133,0.019122502200002608,-0.17632502142270212
/epuck2/cmd_vel,56.2286255,0.017875705400001614,-0.21372892542273192
/epuck2/cmd_vel,56.234196841,0.01735526090000122,-0.22934226042274375
/epuck2/cmd_vel,56.242482353,0.016478510199999626,-0.25564478142279157
/epuck2/cmd_vel,56.251090762,0.01560021949999851,-0.28199350242282506
/epuck2/cmd_vel,56.259518773,0.014754198399998593,-0.30737413542282255
/epuck2/cmd_vel,56.264084424,0.014342672800000861,-0.31971990342275447
/epuck2/cmd_vel,56.27487501,0.013217644700000626,-0.35347074642276155
/epuck2/cmd_vel,56.280819247,0.012628600900001181,-0.3711420604227449
/epuck2/cmd_vel,56.291221237,0.011575642100001466,-0.40273082442273633
/epuck2/cmd_vel,56.29944725,0.010757290700001938,-0.4272813664227222
/epuck2/cmd_vel,56.313345603,0.009435654700001812,-0.46693044642272596
/epuck2/cmd_vel,56.319813735,0.008794851499999375,-0.4861545424227991
/epuck2/cmd_vel,56.328589042,0.00793024070000002,-0.5120928664227797
/epuck2/cmd_vel,56.336634757,0.007050670000000998,-0.5384799874227504
/epuck2/cmd_vel,56.34675555,0.006061570399998579,-0.568152975422823
/epuck2/cmd_vel,56.354977463,0.006,-0.5913433294227737
/epuck2/cmd_vel,56.363276675,0.006,-0.618211044422754
/epuck2/cmd_vel,56.369173513,0.006,-0.6365366524227518
/epuck2/cmd_vel,56.382158375,0.006577388849998783,-0.5903455444228491
/epuck2/cmd_vel,56.38735602,0.006882225649999668,-0.5659586004227783
/epuck2/cmd_vel,56.398126706,0.007434389799999281,-0.5217854684228094
/epuck2/cmd_vel,56.404019144,0.007732991649998894,-0.4978973204228403
/epuck2/cmd_vel,56.412092058,0.00812769245000004,-0.4663212564227486
/epuck2/cmd_vel,56.419566279,0.008497688549999565,-0.43672156842278653
/epuck2/cmd_vel,56.42990897,0.00901950804999933,-0.39497600842280534
/epuck2/cmd_vel,56.433840328,0.009203761099999269,-0.38023576442281026
/epuck2/cmd_vel,56.446214697,0.00983245445,-0.3299402964227518
/epuck2/cmd_vel,56.451812538,0.010070056899999486,-0.31093210042279296
/epuck2/cmd_vel,56.462400726,0.010640620899999703,-0.26528698042277554
/epuck2/cmd_vel,56.469121355,0.010995897099999524,-0.23686488442278986
/epuck2/cmd_vel,56.477382368,0.011410912749999851,-0.20366363242276364
/epuck2/cmd_vel,56.488229753,0.01194210710000027,-0.16116808442273012
/epuck2/cmd_vel,56.494587886,0.012,-0.13676874042282705
/epuck2/cmd_vel,56.500831819,0.012,-0.11393458442278259
/epuck2/cmd_vel,56.512071701,0.012,-0.06675748442278362
/epuck2/cmd_vel,56.519596419,0.012,-0.036514608422681505
/epuck2/cmd_vel,56.531183293,0.012,0.007198115577306652
/epuck2/cmd_vel,56.537389826,0.012,0.026999099577277974
/epuck2/cmd_vel,56.548861001,0.012,0.06093743057727963
/epuck2/cmd_vel,56.554268442,0.012,0.07799254457735216
/epuck2/cmd_vel,56.563166745,0.012,0.10460255657723039
/epuck2/cmd_vel,56.572385945,0.012,0.1338210385773202
/epuck2/cmd_vel,56.581269648,0.012,0.15729848357728926
/epuck2/cmd_vel,56.589871655,0.012,0.1864365655772069
/epuck2/cmd_vel,56.597865468,0.012,0.2104330045772933
/epuck2/cmd_vel,56.604401397,0.012,0.2294080975773447
/epuck2/cmd_vel,56.615395277,0.012,0.2629300345772769
/epuck2/cmd_vel,56.623087293,0.012,0.28190902757718206
/epuck2/cmd_vel,56.635047863,0.012,0.3211980985773373
/epuck2/cmd_vel,56.63994581,0.012,0.33457195457732425
/epuck2/cmd_vel,56.646600037,0.012,0.35
/epuck2/cmd_vel,56.657055624,0.012,0.35
/epuck2/cmd_vel,56.665293034,0.012,0.35
/epuck2/cmd_vel,56.672657454,0.012,0.35
/epuck2/cmd_vel,56.683519936,0.012,0.30800245600003107
/epuck2/cmd_vel,56.689600669,0.012,0.28456071200012045
/epuck2/cmd_vel,56.702265032,0.012,0.2314976880000813
/epuck2/cmd_vel,56.707351376,0.012,0.21249909599996497
/epuck2/cmd_vel,56.722376413,0.012,0.1613604519999171
/epuck2/cmd_vel,56.725659677,0.012,0.15085980891707162
/epuck2/cmd_vel,56.732214606,0.012,0.15085980891707162
/epuck2/cmd_vel,56.741628803,0.012,0.15085980891707162
/epuck2/cmd_vel,56.751971991,0.012,0.15085980891707162
/epuck2/cmd_vel,56.765353145,0.012,0.15085980891707162
/epuck2/cmd_vel,56.773478057,0.012,0.15085980891707162
/epuck2/cmd_vel,56.779499091,0.012,0.15085980891707162
/epuck2/cmd_vel,56.792569549,0.012,0.10061235691695014
/epuck2/cmd_vel,56.798125589,0.012,0.07950498491698976
/epuck2/cmd_vel,56.809995159,0.012,0.0307727169171228
/epuck2/cmd_vel,56.815645498,0.012,0.007186172916941125
/epuck2/cmd_vel,56.822055928,0.012,-0.019801135082947674
/epuck2/cmd_vel,56.833187407,0.012,-0.0467198410828944
/epuck2/cmd_vel,56.838016254,0.012,-0.06750541608299887
/epuck2/cmd_vel,56.84577287,0.012,-0.0714880228090026
/epuck2/cmd_vel,56.854812472,0.012,-0.0714880228090026
/epuck2/cmd_vel,56.860577909,0.012,-0.0714880228090026
/epuck2/cmd_vel,56.869364413,0.012,-0.0714880228090026
/epuck2/cmd_vel,56.875812143,0.012,-0.0714880228090026
/epuck2/cmd_vel,56.886413728,0.012,-0.06751749516007681
/epuck2/cmd_vel,56.890888379,0.012,-0.06751749516007681
/epuck2/cmd_vel,56.901738661,0.012,-0.06751749516007681
/epuck2/cmd_vel,56.905319522,0.012,-0.06751749516007681
/epuck2/cmd_vel,56.91837998,0.012,-0.06751749516007681
/epuck2/cmd_vel,56.923498124,0.012,-0.06751749516007681
/epuck2/cmd_vel,56.936471083,0.012,-0.06751749516007681
/epuck2/cmd_vel,56.942936913,0.012,-0.06751749516007681
/epuck2/cmd_vel,56.950408531,0.012,-0.06751749516007681
/epuck2/cmd_vel,56.95970813,0.012,-0.06751749516007681
/epuck2/cmd_vel,56.967733743,0.012,-0.06751749516007681
/epuck2/cmd_vel,56.974003275,0.012,-0.06751749516007681
/epuck2/cmd_vel,56.987250531,0.012,-0.016175651160041757
/epuck2/cmd_vel,56.99186848,0.012,0.0039515733671448665
/epuck2/cmd_vel,57.005395433,0.012,0.003951573367144867
/epuck2/cmd_vel,57.01119297,0.012,0.003951573367144867
/epuck2/cmd_vel,57.023972031,0.012,0.003951573367144867
/epuck2/cmd_vel,57.030985255,0.012,0.003951573367144867
/epuck2/cmd_vel,57.038999167,0.012,0.003951573367144867
/epuck2/cmd_vel,57.046761083,0.012,0.003951573367144867
/epuck2/cmd_vel,57.05713407,0.012,0.003951573367144867
/epuck2/cmd_vel,57.067895753,0.012,0.003951573367144867
/epuck2/cmd_vel,57.078023843,0.012,0.003951573367144867
/epuck2/cmd_vel,57.082583293,0.012,0.003951573367144867
/epuck2/cmd_vel,57.09206029,0.012,0.007922101016070649
/epuck2/cmd_vel,57.099302611,0.012,0.007922101016070649
/epuck2/cmd_vel,57.11227397,0.012,0.007922101016070649
/epuck2/cmd_vel,57.119145395,0.012,0.007922101016070649
/epuck2/cmd_vel,57.12974348,0.012,0.007922101016070649
/epuck2/cmd_vel,57.135621716,0.012,0.007922101016070649
/epuck2/cmd_vel,57.150212657,0.012,0.007922101016070649
/epuck2/cmd_vel,57.156174092,0.012,0.007922101016070649
/epuck2/cmd_vel,57.164602701,0.012,0.007922101016070649
/epuck2/cmd_vel,57.175170886,0.012,0.007922101016070649
/epuck2/cmd_vel,57.184231687,0.012,0.007922101016070649
/epuck2/cmd_vel,57.193210689,0.012,0.003951573367144867
/epuck2/cmd_vel,57.201562398,0.012,0.003951573367144867
/epuck2/cmd_vel,57.208167027,0.012,0.003951573367144867
/epuck2/cmd_vel,57.223688458,0.012,0.003951573367144867
/epuck2/cmd_vel,57.229783191,0.012,0.003951573367144867
/epuck2/cmd_vel,57.242116657,0.012,0.003951573367144867
/epuck2/cmd_vel,57.24826649,0.012,0.003951573367144867
/epuck2/cmd_vel,57.260124161,0.012,0.003951573367144867
/epuck2/cmd_vel,57.266038097,0.012,0.003951573367144867
/epuck2/cmd_vel,57.273965411,0.012,0.003951573367144867
/epuck2/cmd_vel,57.283454807,0.012,0.003951573367144867
/epuck2/cmd_vel,57.294500387,0.012,-0.0039894819307066945
/epuck2/cmd_vel,57.300469222,0.012,-0.003989481930706695
/epuck2/cmd_vel,57.310547913,0.012,-0.003989481930706695
/epuck2/cmd_vel,57.315709756,0.012,-0.003989481930706695
/epuck2/cmd_vel,57.327989223,0.012,-0.003989481930706695
/epuck2/cmd_vel,57.333918758,0.012,-0.003989481930706695
/epuck2/cmd_vel,57.342890761,0.012,-0.003989481930706695
/epuck2/cmd_vel,57.349796585,0.012,-0.003989481930706695
/epuck2/cmd_vel,57.356455413,0.012,-0.003989481930706695
/epuck2/cmd_vel,57.362848643,0.012,-0.003989481930706695
/epuck2/cmd_vel,57.373366329,0.012,-0.003989481930706695
/epuck2/cmd_vel,57.379222565,0.012,-0.003989481930706695
/epuck2/cmd_vel,57.386272589,0.012,-0.003989481930706695
/epuck2/cmd_vel,57.396553177,0.012,-1.895428178091442e-05
/epuck2/cmd_vel,57.402035917,0.012,-1.8954281780914074e-05
/epuck2/cmd_vel,57.407553057,0.012,-1.8954281780914074e-05
/epuck2/cmd_vel,57.418926733,0.012,-1.8954281780914074e-05
/epuck2/cmd_vel,57.42561276,0.012,-1.8954281780914074e-05
/epuck2/cmd_vel,57.436001147,0.012,-1.8954281780914074e-05
/epuck2/cmd_vel,57.442814073,0.012,-1.8954281780914074e-05
/epuck2/cmd_vel,57.450064794,0.012,-1.8954281780914074e-05
/epuck2/cmd_vel,57.458500603,0.012,-1.8954281780914074e-05
/epuck2/cmd_vel,57.467397906,0.012,-1.8954281780914074e-05
/epuck2/cmd_vel,57.472743848,0.012,-1.8954281780914074e-05
/epuck2/cmd_vel,57.484852016,0.012,-1.8954281780914074e-05
/epuck2/cmd_vel,57.490737852,0.012,-1.8954281780914074e-05
/epuck2/cmd_vel,57.50556189,0.012,0.003951573367144867
/epuck2/cmd_vel,57.508961653,0.012,0.003951573367144867
/epuck2/cmd_vel,57.522093908,0.012,0.003951573367144867
/epuck2/cmd_vel,57.527726245,0.012,0.003951573367144867
/epuck2/cmd_vel,57.537800033,0.012,0.003951573367144867
/epuck2/cmd_vel,57.546253138,0.012,0.003951573367144867
/epuck2/cmd_vel,57.556029529,0.012,0.003951573367144867
/epuck2/cmd_vel,57.561400069,0.012,0.003951573367144867
/epuck2/cmd_vel,57.573638132,0.012,0.003951573367144867
/epuck2/cmd_vel,57.580705553,0.012,0.003951573367144867
/epuck2/cmd_vel,57.593631609,0.012,0.003951573367144867
/epuck2/cmd_vel,57.599837839,0.012,-1.895428178091442e-05
/epuck2/cmd_vel,57.611565708,0.012,-1.8954281780914074e-05
/epuck2/cmd_vel,57.615960359,0.012,-1.8954281780914074e-05
/epuck2/cmd_vel,57.626975636,0.012,-1.8954281780914074e-05
/epuck2/cmd_vel,57.633205466,0.012,-1.8954281780914074e-05
/epuck2/cmd_vel,57.642125067,0.012,-1.8954281780914074e-05
/epuck2/cmd_vel,57.647746304,0.012,-1.8954281780914074e-05
/epuck2/cmd_vel,57.659258575,0.012,-1.8954281780914074e-05
/epuck2/cmd_vel,57.665436106,0.012,-1.8954281780914074e-05
/epuck2/cmd_vel,57.672929922,0.012,-1.8954281780914074e-05
/epuck2/cmd_vel,57.683240107,0.012,-1.8954281780914074e-05
/epuck2/cmd_vel,57.694331183,0.012,-1.8954281780914074e-05
/epuck2/cmd_vel,57.703326283,0.012,-1.8954281780914074e-05
/epuck2/cmd_vel,57.712391781,0.012,-1.8954281780914074e-05
/epuck2/cmd_vel,57.720918486,0.012,-1.8954281780914074e-05
/epuck2/cmd_vel,57.732256959,0.012,-1.8954281780914074e-05
/epuck2/cmd_vel,57.738331491,0.012,-1.8954281780914074e-05
/epuck2/cmd_vel,57.74828588,0.012,-1.8954281780914074e-05
/epuck2/cmd_vel,57.752614632,0.012,-1.8954281780914074e-05
/epuck2/cmd_vel,57.765562587,0.012,-1.8954281780914074e-05
/epuck2/cmd_vel,57.772391611,0.012,-1.8954281780914074e-05
/epuck2/cmd_vel,57.782924193,0.012,-1.8954281780914074e-05
/epuck2/cmd_vel,57.79305648,0.012,-1.8954281780914074e-05
/epuck2/cmd_vel,57.803038468,0.012,-1.8954281780914074e-05
/epuck2/cmd_vel,57.81632252,0.012,-0.003989481930706695
/epuck2/cmd_vel,57.834749914,0.012,-0.003989481930706695
/epuck2/cmd_vel,57.839725558,0.012,-0.003989481930706695
/epuck2/cmd_vel,57.849959444,0.012,-0.003989481930706695
/epuck2/cmd_vel,57.859391338,0.012,-0.003989481930706695
/epuck2/cmd_vel,57.874656368,0.012,-0.003989481930706695
/epuck2/cmd_vel,57.887444425,0.012,-0.003989481930706695
/epuck2/cmd_vel,57.906059617,0.012,-0.003989481930706695
/epuck2/cmd_vel,57.916932895,0.012,-1.895428178091442e-05
/epuck2/cmd_vel,57.931781929,0.012,-1.8954281780914074e-05
/epuck2/cmd_vel,57.940924427,0.012,-1.8954281780914074e-05
/epuck2/cmd_vel,57.957952936,0.012,-1.8954281780914074e-05
/epuck2/cmd_vel,57.966353243,0.012,-1.8954281780914074e-05
/epuck2/cmd_vel,57.983843047,0.012,-1.8954281780914074e-05
/epuck2/cmd_vel,57.992629149,0.012,-1.8954281780914074e-05
/epuck2/cmd_vel,58.011459038,0.012,-1.8954281780914074e-05
/epuck2/cmd_vel,58.019746646,0.012,-1.8954281780914074e-05
/epuck2/cmd_vel,58.038442037,0.012,-1.8954281780914074e-05
/epuck2/cmd_vel,58.053087273,0.012,-1.8954281780914074e-05
/epuck2/cmd_vel,58.066886719,0.012,-1.8954281780914074e-05
/epuck2/cmd_vel,58.079754775,0.012,-1.8954281780914074e-05
/epuck2/cmd_vel,58.096070193,0.012,-1.8954281780914074e-05
/epuck2/cmd_vel,58.101585131,0.012,-1.8954281780914074e-05
/epuck2/cmd_vel,58.110565031,0.012,-1.8954281780914074e-05
/epuck2/cmd_vel,58.119119835,0.012,-1.8954281780914074e-05
/epuck2/cmd_vel,58.129571318,0.012,-1.8954281780914074e-05
/epuck2/cmd_vel,58.138597117,0.012,-1.8954281780914074e-05
/epuck2/cmd_vel,58.147481518,0.012,-1.8954281780914074e-05
/epuck2/cmd_vel,58.159525583,0.012,-1.8954281780914074e-05
/epuck2/cmd_vel,58.168437684,0.012,-1.8954281780914074e-05
/epuck2/cmd_vel,58.175473905,0.012,-1.8954281780914074e-05
/epuck2/cmd_vel,58.186571881,0.012,-1.8954281780914074e-05
/epuck2/cmd_vel,58.195761478,0.012,-1.8954281780914074e-05
/epuck2/cmd_vel,58.207646445,0.012,-1.8954281780914074e-05
/epuck2/cmd_vel,58.213556679,0.012,-1.8954281780914074e-05
/epuck2/cmd_vel,58.227612422,0.012,-1.8954281780914074e-05
/epuck2/cmd_vel,58.231683177,0.012,-1.8954281780914074e-05
/epuck2/cmd_vel,58.244128338,0.012,-1.8954281780914074e-05
/epuck2/cmd_vel,58.249831774,0.012,-1.8954281780914074e-05
/epuck2/cmd_vel,58.258788374,0.012,-1.8954281780914074e-05
/epuck2/cmd_vel,58.267986371,0.012,-1.8954281780914074e-05
/epuck2/cmd_vel,58.278391355,0.012,-1.8954281780914074e-05
/epuck2/cmd_vel,58.281803717,0.012,-1.8954281780914074e-05
/epuck2/cmd_vel,58.291784805,0.012,-1.8954281780914074e-05
/epuck2/cmd_vel,58.297002047,0.012,-1.8954281780914074e-05
/epuck2/cmd_vel,58.306107445,0.012,-1.8954281780914074e-05
/epuck2/cmd_vel,58.317774314,0.012,-1.8954281780914074e-05
/epuck2/cmd_vel,58.324973834,0.012,-1.8954281780914074e-05
/epuck2/cmd_vel,58.333610437,0.012,-1.8954281780914074e-05
/epuck2/cmd_vel,58.341939744,0.012,-1.8954281780914074e-05
/epuck2/cmd_vel,58.346950888,0.012,-1.8954281780914074e-05
/epuck2/cmd_vel,58.359720346,0.012,-1.8954281780914074e-05
/epuck2/cmd_vel,58.364156296,0.012,-1.8954281780914074e-05
/epuck2/cmd_vel,58.377703245,0.012,-1.8954281780914074e-05
/epuck2/cmd_vel,58.379980019,0.012,-1.8954281780914074e-05
/epuck2/cmd_vel,58.389462213,0.012,-1.8954281780914074e-05
/epuck2/cmd_vel,58.399221304,0.012,-1.8954281780914074e-05
/epuck2/cmd_vel,58.40761841,0.012,-1.8954281780914074e-05
/epuck2/cmd_vel,58.415841518,0.012,-1.8954281780914074e-05
/epuck2/cmd_vel,58.426219402,0.012,0.003951573367144867
/epuck2/cmd_vel,58.430432055,0.012,0.003951573367144867
/epuck2/cmd_vel,58.442822517,0.012,0.003951573367144867
/epuck2/cmd_vel,58.446857772,0.012,0.003951573367144867
/epuck2/cmd_vel,58.457610451,0.012,0.003951573367144867
/epuck2/cmd_vel,58.463873181,0.012,0.003951573367144867
/epuck2/cmd_vel,58.473176377,0.012,0.003951573367144867
/epuck2/cmd_vel,58.48281877,0.012,0.003951573367144867
/epuck2/cmd_vel,58.490958079,0.012,0.003951573367144867
/epuck2/cmd_vel,58.496261619,0.012,0.003951573367144867
/epuck2/cmd_vel,58.507919989,0.012,0.003951573367144867
/epuck2/cmd_vel,58.513536526,0.012,0.003951573367144867
/epuck2/cmd_vel,58.52541909,0.012,-0.0039894819307066945
/epuck2/cmd_vel,58.53066203,0.012,-0.003989481930706695
/epuck2/cmd_vel,58.53938333,0.012,-0.003989481930706695
/epuck2/cmd_vel,58.547313839,0.012,-0.003989481930706695
/epuck2/cmd_vel,58.557765419,0.012,-0.003989481930706695
/epuck2/cmd_vel,58.568072301,0.012,-0.003989481930706695
/epuck2/cmd_vel,58.576502104,0.012,-0.003989481930706695
/epuck2/cmd_vel,58.583460425,0.012,-0.003989481930706695
/epuck2/cmd_vel,58.594490798,0.012,-0.003989481930706695
/epuck2/cmd_vel,58.60043223,0.012,-0.003989481930706695
/epuck2/cmd_vel,58.611962798,0.012,-0.003989481930706695
/epuck2/cmd_vel,58.618911718,0.012,-0.003989481930706695
/epuck2/cmd_vel,58.628627007,0.012,-1.895428178091442e-05
/epuck2/cmd_vel,58.637598604,0.012,-1.8954281780914074e-05
/epuck2/cmd_vel,58.644684822,0.012,-1.8954281780914074e-05
/epuck2/cmd_vel,58.649500967,0.012,-1.8954281780914074e-05
/epuck2/cmd_vel,58.6641107,0.012,-1.8954281780914074e-05
/epuck2/cmd_vel,58.669436639,0.012,-1.8954281780914074e-05
/epuck2/cmd_vel,58.681186204,0.012,-1.8954281780914074e-05
/epuck2/cmd_vel,58.686543242,0.012,-1.8954281780914074e-05
/epuck2/cmd_vel,58.696209532,0.012,-1.8954281780914074e-05
/epuck2/cmd_vel,58.706668712,0.012,-1.8954281780914074e-05
/epuck2/cmd_vel,58.717912783,0.012,-1.8954281780914074e-05
/epuck2/cmd_vel,58.726389685,0.012,-1.8954281780914074e-05
/epuck2/cmd_vel,58.739298637,0.012,0.003951573367144867
/epuck2/cmd_vel,58.745501066,0.012,0.003951573367144867
/epuck2/cmd_vel,58.753803671,0.012,0.003951573367144867
/epuck2/cmd_vel,58.756619339,0.012,0.003951573367144867
/epuck2/cmd_vel,58.770759176,0.012,0.003951573367144867
/epuck2/cmd_vel,58.775288625,0.012,0.003951573367144867
/epuck2/cmd_vel,58.787217388,0.012,0.003951573367144867
/epuck2/cmd_vel,58.791813735,0.012,0.003951573367144867
/epuck2/cmd_vel,58.799889542,0.012,0.003951573367144867
/epuck2/cmd_vel,58.809248235,0.012,0.003951573367144867
/epuck2/cmd_vel,58.817953935,0.012,0.003951573367144867
/epuck2/cmd_vel,58.823503572,0.012,0.003951573367144867
/epuck2/cmd_vel,58.834395447,0.012,-0.0039894819307066945
/epuck2/cmd_vel,58.840766974,0.012,-0.003989481930706695
/epuck2/cmd_vel,58.852930134,0.012,-0.003989481930706695
/epuck2/cmd_vel,58.857819978,0.012,-0.003989481930706695
/epuck2/cmd_vel,58.865920385,0.012,-0.003989481930706695
/epuck2/cmd_vel,58.87418539,0.012,-0.003989481930706695
/epuck2/cmd_vel,58.882705793,0.012,-0.003989481930706695
/epuck2/cmd_vel,58.88812763,0.012,-0.003989481930706695
/epuck2/cmd_vel,58.898054317,0.012,-0.003989481930706695
/epuck2/cmd_vel,58.904911638,0.012,-0.003989481930706695
/epuck2/cmd_vel,58.911102067,0.012,-0.003989481930706695
/epuck2/cmd_vel,58.920748756,0.012,-0.003989481930706695
/epuck2/cmd_vel,58.92998735,0.012,-0.003989481930706695
/epuck2/cmd_vel,58.939332143,0.012,-1.895428178091442e-05
/epuck2/cmd_vel,58.94830954,0.012,-1.8954281780914074e-05
/epuck2/cmd_vel,58.954919364,0.012,-1.8954281780914074e-05
/epuck2/cmd_vel,58.966833628,0.012,-1.8954281780914074e-05
/epuck2/cmd_vel,58.972912758,0.012,-1.8954281780914074e-05
/epuck2/cmd_vel,58.984425926,0.012,-1.8954281780914074e-05
/epuck2/cmd_vel,58.989503668,0.012,-1.8954281780914074e-05
/epuck2/cmd_vel,58.999635051,0.012,-1.8954281780914074e-05
/epuck2/cmd_vel,59.007846557,0.012,-1.8954281780914074e-05
/epuck2/cmd_vel,59.01635976,0.012,-1.8954281780914074e-05
/epuck2/cmd_vel,59.02247339,0.012,-1.8954281780914074e-05
/epuck2/cmd_vel,59.03639193,0.012,0.003951573367144867
/epuck2/cmd_vel,59.041061476,0.012,0.003951573367144867
/epuck2/cmd_vel,59.050664566,0.012,0.003951573367144867
/epuck2/cmd_vel,59.056040605,0.012,0.003951573367144867
/epuck2/cmd_vel,59.064772604,0.012,0.003951573367144867
/epuck2/cmd_vel,59.072883211,0.012,0.003951573367144867
/epuck2/cmd_vel,59.080458224,0.012,0.003951573367144867
/epuck2/cmd_vel,59.085976561,0.012,0.003951573367144867
/epuck2/cmd_vel,59.098035523,0.012,0.003951573367144867
/epuck2/cmd_vel,59.104741646,0.012,0.003951573367144867
/epuck2/cmd_vel,59.116786708,0.012,0.003951573367144867
/epuck2/cmd_vel,59.122062747,0.012,0.003951573367144867
/epuck2/cmd_vel,59.1348885,0.012,0.003951573367144867
/epuck2/cmd_vel,59.139502147,0.012,-0.0039894819307066945
/epuck2/cmd_vel,59.150503021,0.012,-0.003989481930706695
/epuck2/cmd_vel,59.158681027,0.012,-0.003989481930706695
/epuck2/cmd_vel,59.166587037,0.012,-0.003989481930706695
/epuck2/cmd_vel,59.172319271,0.012,-0.003989481930706695
/epuck2/cmd_vel,59.18375344,0.012,-0.003989481930706695
/epuck2/cmd_vel,59.189036079,0.012,-0.003989481930706695
/epuck2/cmd_vel,59.202111129,0.012,-0.003989481930706695
/epuck2/cmd_vel,59.208955251,0.012,-0.003989481930706695
/epuck2/cmd_vel,59.217384754,0.012,-0.003989481930706695
/epuck2/cmd_vel,59.228961721,0.012,-0.003989481930706695
/epuck2/cmd_vel,59.238487612,0.012,-1.895428178091442e-05
/epuck2/cmd_vel,59.248173201,0.012,-1.8954281780914074e-05
/epuck2/cmd_vel,59.255757014,0.012,-1.8954281780914074e-05
/epuck2/cmd_vel,59.262927632,0.012,-1.8954281780914074e-05
/epuck2/cmd_vel,59.274455799,0.012,-1.8954281780914074e-05
/epuck2/cmd_vel,59.28136512,0.012,-1.8954281780914074e-05
/epuck2/cmd_vel,59.293096386,0.012,-1.8954281780914074e-05
/epuck2/cmd_vel,59.299997307,0.012,-1.8954281780914074e-05
/epuck2/cmd_vel,59.311231578,0.012,-1.8954281780914074e-05
/epuck2/cmd_vel,59.322582447,0.012,-1.8954281780914074e-05
/epuck2/cmd_vel,59.336173192,0.012,-1.8954281780914074e-05
/epuck2/cmd_vel,59.343903103,0.012,-1.8954281780914074e-05
/epuck2/cmd_vel,59.355271473,0.012,-1.8954281780914074e-05
/epuck2/cmd_vel,59.362263592,0.012,-1.8954281780914074e-05
/epuck2/cmd_vel,59.377111922,0.012,-1.8954281780914074e-05
/epuck2/cmd_vel,59.382850856,0.012,-1.8954281780914074e-05
/epuck2/cmd_vel,59.390851864,0.012,-1.8954281780914074e-05
/epuck2/cmd_vel,59.399241568,0.012,-1.8954281780914074e-05
/epuck2/cmd_vel,59.406673683,0.012,-1.8954281780914074e-05
/epuck2/cmd_vel,59.412560116,0.012,-1.8954281780914074e-05
/epuck2/cmd_vel,59.423176094,0.012,-1.8954281780914074e-05
/epuck2/cmd_vel,59.427996638,0.012,-1.8954281780914074e-05
/epuck2/cmd_vel,59.440291897,0.012,-1.8954281780914074e-05
/epuck2/cmd_vel,59.44613993,0.012,-1.8954281780914074e-05
/epuck2/cmd_vel,59.454360536,0.012,-1.8954281780914074e-05
/epuck2/cmd_vel,59.463307133,0.012,-1.8954281780914074e-05
/epuck2/cmd_vel,59.473825413,0.012,-1.8954281780914074e-05
/epuck2/cmd_vel,59.48014684,0.012,-1.8954281780914074e-05
/epuck2/cmd_vel,59.489059538,0.012,-1.8954281780914074e-05
/epuck2/cmd_vel,59.496205756,0.012,-1.8954281780914074e-05
/epuck2/cmd_vel,59.505224353,0.012,-1.8954281780914074e-05
/epuck2/cmd_vel,59.512911765,0.012,-1.8954281780914074e-05
/epuck2/cmd_vel,59.524685827,0.012,-1.8954281780914074e-05
/epuck2/cmd_vel,59.532748632,0.012,-1.8954281780914074e-05
/epuck2/cmd_vel,59.539072058,0.012,-1.8954281780914074e-05
/epuck2/cmd_vel,59.550915218,0.012,-1.8954281780914074e-05
/epuck2/cmd_vel,59.55839033,0.012,-1.8954281780914074e-05
/epuck2/cmd_vel,59.567411424,0.012,-1.8954281780914074e-05
/epuck2/cmd_vel,59.57711011,0.012,-1.8954281780914074e-05
/epuck2/cmd_vel,59.579619381,0.012,-1.8954281780914074e-05
/epuck2/cmd_vel,59.592161633,0.012,-1.8954281780914074e-05
/epuck2/cmd_vel,59.597949765,0.012,-1.8954281780914074e-05
/epuck2/cmd_vel,59.605496177,0.012,-1.8954281780914074e-05
/epuck2/cmd_vel,59.615059764,0.012,-1.8954281780914074e-05
/epuck2/cmd_vel,59.622088182,0.012,-1.8954281780914074e-05
/epuck2/cmd_vel,59.633114952,0.012,-1.8954281780914074e-05
/epuck2/cmd_vel,59.643691328,0.012,-1.8954281780914074e-05
/epuck2/cmd_vel,59.652776421,0.012,0.003951573367144867
/epuck2/cmd_vel,59.660700328,0.012,0.003951573367144867
/epuck2/cmd_vel,59.666392061,0.012,0.003951573367144867
/epuck2/cmd_vel,59.676945137,0.012,0.003951573367144867
/epuck2/cmd_vel,59.68349996,0.012,0.003951573367144867
/epuck2/cmd_vel,59.696426508,0.012,0.003951573367144867
/epuck2/cmd_vel,59.701788345,0.012,0.003951573367144867
/epuck2/cmd_vel,59.711015736,0.012,0.003951573367144867
/epuck2/cmd_vel,59.719419237,0.012,0.003951573367144867
/epuck2/cmd_vel,59.728309733,0.012,0.003951573367144867
/epuck2/cmd_vel,59.737656323,0.012,0.003951573367144867
/epuck2/cmd_vel,59.74726051,0.012,-1.895428178091442e-05
/epuck2/cmd_vel,59.753359638,0.012,-1.8954281780914074e-05
/epuck2/cmd_vel,59.771614524,0.012,-1.8954281780914074e-05
/epuck2/cmd_vel,59.771628624,0.012,-1.8954281780914074e-05
/epuck2/cmd_vel,59.780906015,0.012,-1.8954281780914074e-05
/epuck2/cmd_vel,59.790364403,0.012,-1.8954281780914074e-05
/epuck2/cmd_vel,59.801962367,0.012,-1.8954281780914074e-05
/epuck2/cmd_vel,59.811009561,0.012,-1.8954281780914074e-05
/epuck2/cmd_vel,59.819259864,0.012,-1.8954281780914074e-05
/epuck2/cmd_vel,59.825116195,0.012,-1.8954281780914074e-05
/epuck2/cmd_vel,59.836163465,0.012,-1.8954281780914074e-05
/epuck2/cmd_vel,59.8416615,0.012,-1.8954281780914074e-05
/epuck2/cmd_vel,59.853481061,0.012,-0.003989481930706695
/epuck2/cmd_vel,59.858878198,0.012,-0.003989481930706695
/epuck2/cmd_vel,59.868242388,0.012,-0.003989481930706695
/epuck2/cmd_vel,59.87654439,0.012,-0.003989481930706695
/epuck2/cmd_vel,59.88553315,0.012,-0.003989481930706695
/epuck2/cmd_vel,59.891792718,0.012,-0.003989481930706695
/epuck2/cmd_vel,59.904349855,0.012,-0.003989481930706695
/epuck2/cmd_vel,59.909454992,0.012,-0.003989481930706695
/epuck2/cmd_vel,59.921838824,0.012,-0.003989481930706695
/epuck2/cmd_vel,59.929664533,0.012,-0.003989481930706695
/epuck2/cmd_vel,59.945827067,0.012,-0.003989481930706695
/epuck2/cmd_vel,59.948805447,0.012,-0.003989481930706695
/epuck2/cmd_vel,59.960433358,0.012,-1.895428178091442e-05
/epuck2/cmd_vel,59.968965387,0.012,-1.8954281780914074e-05
/epuck2/cmd_vel,59.978213335,0.012,-1.8954281780914074e-05
/epuck2/cmd_vel,59.98959894,0.012,-1.8954281780914074e-05
/epuck2/cmd_vel,59.998788987,0.012,-1.8954281780914074e-05
/epuck2/cmd_vel,60.004531941,0.012,-1.8954281780914074e-05
/epuck2/cmd_vel,60.01679907,0.012,-1.8954281780914074e-05
/epuck2/cmd_vel,60.024426274,0.012,-1.8954281780914074e-05
/epuck2/cmd_vel,60.036360694,0.012,-1.8954281780914074e-05
/epuck2/cmd_vel,60.04252516,0.012,-1.8954281780914074e-05
/epuck2/cmd_vel,60.057143052,0.012,-1.8954281780914074e-05
/epuck2/cmd_vel,60.064112038,0.012,0.003951573367144867
/epuck2/cmd_vel,60.078128914,0.012,0.003951573367144867
/epuck2/cmd_vel,60.083237651,0.012,0.003951573367144867
/epuck2/cmd_vel,60.09215569,0.012,0.003951573367144867
/epuck2/cmd_vel,60.10260117,0.012,0.003951573367144867
/epuck2/cmd_vel,60.111213601,0.012,0.003951573367144867
/epuck2/cmd_vel,60.121192369,0.012,0.003951573367144867
/epuck2/cmd_vel,60.131614348,0.012,0.003951573367144867
/epuck2/cmd_vel,60.136749186,0.012,0.003951573367144867
/epuck2/cmd_vel,60.149099317,0.012,0.003951573367144867
/epuck2/cmd_vel,60.155038076,0.012,0.003951573367144867
/epuck2/cmd_vel,60.167390208,0.012,-1.895428178091442e-05
/epuck2/cmd_vel,60.173846081,0.012,-1.8954281780914074e-05
/epuck2/cmd_vel,60.189804709,0.012,-1.8954281780914074e-05
/epuck2/cmd_vel,60.196395985,0.012,-1.8954281780914074e-05
/epuck2/cmd_vel,60.203845985,0.012,-1.8954281780914074e-05
/epuck2/cmd_vel,60.215311893,0.012,-1.8954281780914074e-05
/epuck2/cmd_vel,60.225219658,0.012,-1.8954281780914074e-05
/epuck2/cmd_vel,60.236589263,0.012,-1.8954281780914074e-05
/epuck2/cmd_vel,60.250665741,0.012,-1.8954281780914074e-05
/epuck2/cmd_vel,60.258557052,0.012,-1.8954281780914074e-05
/epuck2/cmd_vel,60.267027079,0.012,-0.003989481930706695
/epuck2/cmd_vel,60.272683231,0.012,-0.003989481930706695
/epuck2/cmd_vel,60.282829303,0.012,-0.003989481930706695
/epuck2/cmd_vel,60.288434453,0.012,-0.003989481930706695
/epuck2/cmd_vel,60.297301691,0.012,-0.003989481930706695
/epuck2/cmd_vel,60.308322687,0.012,-0.003989481930706695
/epuck2/cmd_vel,60.31667021,0.012,-0.003989481930706695
/epuck2/cmd_vel,60.325393144,0.012,-0.003989481930706695
/epuck2/cmd_vel,60.337018356,0.012,-0.003989481930706695
/epuck2/cmd_vel,60.342996316,0.012,-0.003989481930706695
/epuck2/cmd_vel,60.354881635,0.012,-0.003989481930706695
/epuck2/cmd_vel,60.362253233,0.012,-1.895428178091442e-05
/epuck2/cmd_vel,60.377385238,0.012,-1.8954281780914074e-05
/epuck2/cmd_vel,60.381459748,0.012,-1.8954281780914074e-05
/epuck2/cmd_vel,60.392565445,0.012,-1.8954281780914074e-05
/epuck2/cmd_vel,60.402226104,0.012,-1.8954281780914074e-05
/epuck2/cmd_vel,60.408616976,0.012,-1.8954281780914074e-05
/epuck2/cmd_vel,60.418006827,0.012,-1.8954281780914074e-05
/epuck2/cmd_vel,60.427346278,0.012,-1.8954281780914074e-05
/epuck2/cmd_vel,60.439932515,0.012,-1.8954281780914074e-05
/epuck2/cmd_vel,60.447058406,0.012,-1.8954281780914074e-05
/epuck2/cmd_vel,60.454254299,0.012,-1.8954281780914074e-05
/epuck2/cmd_vel,60.468746588,0.012,-1.8954281780914074e-05
/epuck2/cmd_vel,60.474944454,0.012,-1.8954281780914074e-05
/epuck2/cmd_vel,60.487703796,0.012,-1.8954281780914074e-05
/epuck2/cmd_vel,60.493770159,0.012,-1.8954281780914074e-05
/epuck2/cmd_vel,60.50535617,0.012,-1.8954281780914074e-05
/epuck2/cmd_vel,60.513644992,0.012,-1.8954281780914074e-05
/epuck2/cmd_vel,60.522771734,0.012,-1.8954281780914074e-05
/epuck2/cmd_vel,60.531855175,0.012,-1.8954281780914074e-05
/epuck2/cmd_vel,60.539519579,0.012,-1.8954281780914074e-05
/epuck2/cmd_vel,60.549592146,0.012,-1.8954281780914074e-05
/epuck2/cmd_vel,60.557903866,0.012,-1.8954281780914074e-05
/epuck2/cmd_vel,60.565413466,0.012,-1.8954281780914074e-05
/epuck2/cmd_vel,60.575808141,0.012,-1.8954281780914074e-05
/epuck2/cmd_vel,60.584102961,0.012,-1.8954281780914074e-05
/epuck2/cmd_vel,60.595388361,0.012,-1.8954281780914074e-05
/epuck2/cmd_vel,60.600666301,0.012,-1.8954281780914074e-05
/epuck2/cmd_vel,60.610206454,0.012,-1.8954281780914074e-05
/epuck2/cmd_vel,60.618541075,0.012,-1.8954281780914074e-05
/epuck2/cmd_vel,60.629776273,0.012,-1.8954281780914074e-05
/epuck2/cmd_vel,60.639350627,0.012,-1.8954281780914074e-05
/epuck2/cmd_vel,60.646848526,0.012,-1.8954281780914074e-05
/epuck2/cmd_vel,60.657474608,0.012,-1.8954281780914074e-05
/epuck2/cmd_vel,60.666125038,0.012,-1.8954281780914074e-05
/epuck2/cmd_vel,60.672917418,0.012,-1.8954281780914074e-05
/epuck2/cmd_vel,60.681706251,0.012,-1.8954281780914074e-05
/epuck2/cmd_vel,60.689780365,0.012,-1.8954281780914074e-05
/epuck2/cmd_vel,60.70012174,0.012,-1.8954281780914074e-05
/epuck2/cmd_vel,60.706202201,0.012,-1.8954281780914074e-05
/epuck2/cmd_vel,60.718675532,0.012,-1.8954281780914074e-05
/epuck2/cmd_vel,60.72539511,0.012,-1.8954281780914074e-05
/epuck2/cmd_vel,60.734175443,0.012,-1.8954281780914074e-05
/epuck2/cmd_vel,60.74346979,0.012,-1.8954281780914074e-05
/epuck2/cmd_vel,60.752444728,0.012,-1.8954281780914074e-05
/epuck2/cmd_vel,60.762273889,0.012,-1.8954281780914074e-05
/epuck2/cmd_vel,60.772539161,0.012,-1.8954281780914074e-05
/epuck2/cmd_vel,60.778624322,0.012,-1.8954281780914074e-05
/epuck2/cmd_vel,60.792888401,0.012,-1.8954281780914074e-05
/epuck2/cmd_vel,60.799569578,0.012,-1.8954281780914074e-05
/epuck2/cmd_vel,60.810814176,0.012,-1.8954281780914074e-05
/epuck2/cmd_vel,60.815496501,0.012,-1.8954281780914074e-05
/epuck2/cmd_vel,60.821912071,0.012,-1.8954281780914074e-05
/epuck2/cmd_vel,60.830425797,0.012,-1.8954281780914074e-05
/epuck2/cmd_vel,60.840755871,0.012,-1.8954281780914074e-05
/epuck2/cmd_vel,60.852999496,0.012,-1.8954281780914074e-05
/epuck2/cmd_vel,60.861390918,0.012,-1.8954281780914074e-05
/epuck2/cmd_vel,60.869103123,0.012,-1.8954281780914074e-05
/epuck2/cmd_vel,60.88068523,0.012,0.003951573367144867
/epuck2/cmd_vel,60.886092274,0.012,0.003951573367144867
/epuck2/cmd_vel,60.898868012,0.012,0.003951573367144867
/epuck2/cmd_vel,60.904516862,0.012,0.003951573367144867
/epuck2/cmd_vel,60.918910244,0.012,0.003951573367144867
/epuck2/cmd_vel,60.924591795,0.012,0.003951573367144867
/epuck2/cmd_vel,60.938546965,0.012,0.003951573367144867
/epuck2/cmd_vel,60.945700855,0.012,0.003951573367144867
/epuck2/cmd_vel,60.956486941,0.012,0.003951573367144867
/epuck2/cmd_vel,60.965632884,0.012,0.003951573367144867
/epuck2/cmd_vel,60.974644723,0.012,-1.895428178091442e-05
/epuck2/cmd_vel,60.983726064,0.012,-1.8954281780914074e-05
/epuck2/cmd_vel,60.993489423,0.012,-1.8954281780914074e-05
/epuck2/cmd_vel,60.999140973,0.012,-1.8954281780914074e-05
/epuck2/cmd_vel,61.01070658,0.012,-1.8954281780914074e-05
/epuck2/cmd_vel,61.016408031,0.012,-1.8954281780914074e-05
/epuck2/cmd_vel,61.028792559,0.012,-1.8954281780914074e-05
/epuck2/cmd_vel,61.035486837,0.012,-1.8954281780914074e-05
/epuck2/cmd_vel,61.048159673,0.012,-1.8954281780914074e-05
/epuck2/cmd_vel,61.055098257,0.012,-1.8954281780914074e-05
/epuck2/cmd_vel,61.066451859,0.012,-1.8954281780914074e-05
/epuck2/cmd_vel,61.071238286,0.012,-1.8954281780914074e-05
/epuck2/cmd_vel,61.080584534,0.012,-0.003989481930706695
/epuck2/cmd_vel,61.087523818,0.012,-0.003989481930706695
/epuck2/cmd_vel,61.099870745,0.012,-0.003989481930706695
/epuck2/cmd_vel,61.10609751,0.012,-0.003989481930706695
/epuck2/cmd_vel,61.1170149,0.012,-0.003989481930706695
/epuck2/cmd_vel,61.1245523,0.012,-0.003989481930706695
/epuck2/cmd_vel,61.136943529,0.012,-0.003989481930706695
/epuck2/cmd_vel,61.142853886,0.012,-0.003989481930706695
/epuck2/cmd_vel,61.154161686,0.012,-0.003989481930706695
/epuck2/cmd_vel,61.16448856,0.012,-0.003989481930706695
/epuck2/cmd_vel,61.1735427,0.012,-0.003989481930706695
/epuck2/cmd_vel,61.183540265,0.012,-1.895428178091442e-05
/epuck2/cmd_vel,61.193855739,0.012,-1.8954281780914074e-05
/epuck2/cmd_vel,61.200615218,0.012,-1.8954281780914074e-05
/epuck2/cmd_vel,61.212710939,0.012,-1.8954281780914074e-05
/epuck2/cmd_vel,61.219503419,0.012,-1.8954281780914074e-05
/epuck2/cmd_vel,61.234439215,0.012,-1.8954281780914074e-05
/epuck2/cmd_vel,61.241422401,0.012,-1.8954281780914074e-05
/epuck2/cmd_vel,61.251332664,0.012,-1.8954281780914074e-05
/epuck2/cmd_vel,61.257449926,0.012,-1.8954281780914074e-05
/epuck2/cmd_vel,61.267586095,0.012,-1.8954281780914074e-05
/epuck2/cmd_vel,61.275659709,0.012,-1.8954281780914074e-05
/epuck2/cmd_vel,61.284099833,0.012,-1.8954281780914074e-05
/epuck2/cmd_vel,61.294263803,0.012,-1.8954281780914074e-05
/epuck2/cmd_vel,61.302908232,0.012,-1.8954281780914074e-05
/epuck2/cmd_vel,61.308591583,0.012,-1.8954281780914074e-05
/epuck2/cmd_vel,61.322280546,0.012,-1.8954281780914074e-05
/epuck2/cmd_vel,61.328134101,0.012,-1.8954281780914074e-05
/epuck2/cmd_vel,61.340296324,0.012,-1.8954281780914074e-05
/epuck2/cmd_vel,61.346688794,0.012,-1.8954281780914074e-05
/epuck2/cmd_vel,61.360414258,0.012,-1.8954281780914074e-05
/epuck2/cmd_vel,61.36654992,0.012,-1.8954281780914074e-05
/epuck2/cmd_vel,61.378624641,0.012,-1.8954281780914074e-05
/epuck2/cmd_vel,61.383247263,0.012,0.003951573367144867
/epuck2/cmd_vel,61.393321531,0.012,0.003951573367144867
/epuck2/cmd_vel,61.402114264,0.012,0.003951573367144867
/epuck2/cmd_vel,61.411591915,0.012,0.003951573367144867
/epuck2/cmd_vel,61.416819754,0.012,0.003951573367144867
/epuck2/cmd_vel,61.431593346,0.012,0.003951573367144867
/epuck2/cmd_vel,61.438618033,0.012,0.003951573367144867
/epuck2/cmd_vel,61.452035889,0.012,0.003951573367144867
/epuck2/cmd_vel,61.458794668,0.012,0.003951573367144867
/epuck2/cmd_vel,61.473767565,0.012,0.003951573367144867
/epuck2/cmd_vel,61.478911902,0.012,0.003951573367144867
/epuck2/cmd_vel,61.493370185,0.012,-1.895428178091442e-05
/epuck2/cmd_vel,61.500975887,0.012,-1.8954281780914074e-05
/epuck2/cmd_vel,61.514575248,0.012,-1.8954281780914074e-05
/epuck2/cmd_vel,61.521255423,0.012,-1.8954281780914074e-05
/epuck2/cmd_vel,61.533007032,0.012,-1.8954281780914074e-05
/epuck2/cmd_vel,61.538081265,0.012,-1.8954281780914074e-05
/epuck2/cmd_vel,61.554957708,0.012,-1.8954281780914074e-05
/epuck2/cmd_vel,61.558116391,0.012,-1.8954281780914074e-05
/epuck2/cmd_vel,61.567787345,0.012,-1.8954281780914074e-05
/epuck2/cmd_vel,61.576873483,0.012,-1.8954281780914074e-05
/epuck2/cmd_vel,61.585916721,0.012,-1.8954281780914074e-05
/epuck2/cmd_vel,61.596493198,0.012,-0.003989481930706695
/epuck2/cmd_vel,61.606327357,0.012,0.03636357806920909
/epuck2/cmd_vel,61.6117972,0.012,0.05300111606926361
/epuck2/cmd_vel,61.623418505,0.012,0.0863265890691407
/epuck2/cmd_vel,61.628993952,0.012,0.1029842270692809
/epuck2/cmd_vel,61.641641684,0.012,0.14203775306914235
/epuck2/cmd_vel,61.648187155,0.012,0.16100395106912924
/epuck2/cmd_vel,61.65634517,0.012,0.18582000206920224
/epuck2/cmd_vel,61.665722516,0.012,0.21565398506926226
/epuck2/cmd_vel,61.674085135,0.012,0.2391497030691978
/epuck2/cmd_vel,61.682602859,0.012,0.26633101706921547
/epuck2/cmd_vel,61.693339241,0.012,0.2957362880691887
/epuck2/cmd_vel,61.699654007,0.012,0.3
/epuck2/cmd_vel,61.710276986,0.012,0.3
/epuck2/cmd_vel,61.718779709,0.012,0.3
/epuck2/cmd_vel,61.733228588,0.012,0.3
/epuck2/cmd_vel,61.73711559,0.012,0.3
/epuck2/cmd_vel,61.749595518,0.012,0.3
/epuck2/cmd_vel,61.757741632,0.012,0.3
/epuck2/cmd_vel,61.766585264,0.012,0.3
/epuck2/cmd_vel,61.77672163,0.012,0.3
/epuck2/cmd_vel,61.785439359,0.012,0.3
/epuck2/cmd_vel,61.79425149,0.012,0.3
/epuck2/cmd_vel,61.807733244,0.012,0.2646997356383181
/epuck2/cmd_vel,61.817300695,0.012,0.2646997356383181
/epuck2/cmd_vel,61.827699768,0.012,0.2646997356383181
/epuck2/cmd_vel,61.833733127,0.012,0.2646997356383181
/epuck2/cmd_vel,61.845248029,0.012,0.2646997356383181
/epuck2/cmd_vel,61.852862829,0.012,0.2646997356383181
/epuck2/cmd_vel,61.864554236,0.012,0.2646997356383181
/epuck2/cmd_vel,61.871724724,0.012,0.2646997356383181
/epuck2/cmd_vel,61.881725687,0.012,0.2646997356383181
/epuck2/cmd_vel,61.889436989,0.012,0.2646997356383181
/epuck2/cmd_vel,61.895856057,0.012,0.2646997356383181
/epuck2/cmd_vel,61.904671789,0.012,0.22921120363827324
/epuck2/cmd_vel,61.913940932,0.012422456049997777,0.19541471963845108
/epuck2/cmd_vel,61.919381975,0.012734144249997826,0.1704796636384472
/epuck2/cmd_vel,61.932567321,0.013324699749997648,0.12323522363846134
/epuck2/cmd_vel,61.938493877,0.013671628849999251,0.09548089563833312
/epuck2/cmd_vel,61.949729572,0.014224118350000026,0.07058659394318667
/epuck2/cmd_vel,61.95803359,0.014596603149999055,0.07058659394318667
/epuck2/cmd_vel,61.968279359,0.015183868549999147,0.07058659394318667
/epuck2/cmd_vel,61.97404701,0.015473111149997975,0.07058659394318667
/epuck2/cmd_vel,61.984218377,0.01597341929999868,0.07058659394318667
/epuck2/cmd_vel,61.992601997,0.016387840149999534,0.07058659394318667
/epuck2/cmd_vel,62.002526558,0.016870537849998868,0.03197077794323988
/epuck2/cmd_vel,62.012363716,0.017353440499999352,-0.006661434056798754
/epuck2/cmd_vel,62.021837065,0.01784831349999888,-0.0110291560464584
/epuck2/cmd_vel,62.027670418,0.018114220499998168,-0.0110291560464584
/epuck2/cmd_vel,62.043099823,0.01888168564999785,-0.0110291560464584
/epuck2/cmd_vel,62.048851174,0.01919827394999868,-0.0110291560464584
/epuck2/cmd_vel,62.065498011,0.02001145029999759,-0.0110291560464584
/epuck2/cmd_vel,62.071911679,0.020324503499997603,-0.0110291560464584
/epuck2/cmd_vel,62.084060098,0.0209443947999996,-0.0110291560464584
/epuck2/cmd_vel,62.090882177,0.021309624399998027,-0.0110291560464584
/epuck2/cmd_vel,62.106619491,0.022060779099998738,-0.0110291560464584
/epuck2/cmd_vel,62.111241612,0.022302565449998722,-0.0110291560464584
/epuck2/cmd_vel,62.123186126,0.02291150144999915,-0.0110291560464584
/epuck2/cmd_vel,62.129964204,0.023226824700000294,-0.0110291560464584
/epuck2/cmd_vel,62.143073048,0.023893937249999456,-0.0110291560464584
/epuck2/cmd_vel,62.147884474,0.024153399049998373,-0.0110291560464584
/epuck2/cmd_vel,62.15725582,0.024611976099998403,-0.0110291560464584
/epuck2/cmd_vel,62.165347732,0.025,-0.0110291560464584
/epuck2/cmd_vel,62.17402426,0.025,-0.0110291560464584
/epuck2/cmd_vel,62.183162,0.025,-0.0110291560464584
/epuck2/cmd_vel,62.192336441,0.025,-0.0110291560464584
/epuck2/cmd_vel,62.197787484,0.025,-0.0110291560464584
/epuck2/cmd_vel,62.210322713,0.025,-0.006617458658763087
/epuck2/cmd_vel,62.217978614,0.025,-0.006617458658763087
/epuck2/cmd_vel,62.228797898,0.025,-0.006617458658763087
/epuck2/cmd_vel,62.23726322,0.025,-0.006617458658763087
/epuck2/cmd_vel,62.249837051,0.025,-0.006617458658763087
/epuck2/cmd_vel,62.256582328,0.025,-0.006617458658763087
/epuck2/cmd_vel,62.264752242,0.025,-0.006617458658763087
/epuck2/cmd_vel,62.275128714,0.025,-0.006617458658763087
/epuck2/cmd_vel,62.284444159,0.025,-0.006617458658763087
/epuck2/cmd_vel,62.296236569,0.025,-0.006617458658763087
/epuck2/cmd_vel,62.304731292,0.025,-0.0022057612710677747
/epuck2/cmd_vel,62.312087485,0.025,-0.0022057612710677747
/epuck2/cmd_vel,62.32371469,0.025,-0.0022057612710677747
/epuck2/cmd_vel,62.331279189,0.025,-0.0022057612710677747
/epuck2/cmd_vel,62.34541896,0.025,-0.0022057612710677747
/epuck2/cmd_vel,62.352050334,0.025,-0.0022057612710677747
/epuck2/cmd_vel,62.367350036,0.025,-0.0022057612710677747
/epuck2/cmd_vel,62.373027685,0.025,-0.0022057612710677747
/epuck2/cmd_vel,62.385120202,0.025,-0.0022057612710677747
/epuck2/cmd_vel,62.393165113,0.025,-0.0022057612710677747
/epuck2/cmd_vel,62.409058731,0.025,-0.0022057612710677747
/epuck2/cmd_vel,62.415244093,0.025,-0.0022057612710677747
/epuck2/cmd_vel,62.425959874,0.025,-0.0022057612710677747
/epuck2/cmd_vel,62.431377716,0.025,-0.0022057612710677747
/epuck2/cmd_vel,62.43876601,0.025,-0.0022057612710677747
/epuck2/cmd_vel,62.447223632,0.025,-0.0022057612710677747
/epuck2/cmd_vel,62.455416148,0.025,-0.0022057612710677747
/epuck2/cmd_vel,62.462131024,0.025,-0.0022057612710677747
/epuck2/cmd_vel,62.476288096,0.025,-0.0022057612710677747
/epuck2/cmd_vel,62.482526659,0.025,-0.0022057612710677747
/epuck2/cmd_vel,62.492726827,0.025,-0.0022057612710677747
/epuck2/cmd_vel,62.499472304,0.025,-0.0022057612710677747
/epuck2/cmd_vel,62.512199338,0.025,-8.742278012618954e-08
/epuck2/cmd_vel,62.520548156,0.025,-8.742278012618954e-08
/epuck2/cmd_vel,62.531983953,0.025,-8.742278012618954e-08
/epuck2/cmd_vel,62.538171114,0.025,-8.742278012618954e-08
/epuck2/cmd_vel,62.5530502,0.025,-8.742278012618954e-08
/epuck2/cmd_vel,62.56149892,0.025,-8.742278012618954e-08
/epuck2/cmd_vel,62.575439182,0.025,-8.742278012618954e-08
/epuck2/cmd_vel,62.58229456,0.025,-8.742278012618954e-08
/epuck2/cmd_vel,62.590888683,0.025,-8.742278012618954e-08
/epuck2/cmd_vel,62.600738439,0.025,-8.742278012618954e-08
/epuck2/cmd_vel,62.609772974,0.025,-8.742278012618954e-08
/epuck2/cmd_vel,62.62079876,0.025,0.0022057612710675296
/epuck2/cmd_vel,62.632379561,0.025,0.0022057612710675296
/epuck2/cmd_vel,62.645331498,0.025,0.0022057612710675296
/epuck2/cmd_vel,62.651698263,0.025,0.0022057612710675296
/epuck2/cmd_vel,62.658446038,0.025,0.0022057612710675296
/epuck2/cmd_vel,62.671716483,0.025,0.0022057612710675296
/epuck2/cmd_vel,62.677525034,0.025,0.0022057612710675296
/epuck2/cmd_vel,62.694968287,0.025,0.0022057612710675296
/epuck2/cmd_vel,62.696031515,0.025,0.0022057612710675296
/epuck2/cmd_vel,62.707817521,0.025,0.0022057612710675296
/epuck2/cmd_vel,62.713187861,0.025,0.0022057612710675296
/epuck2/cmd_vel,62.722508103,0.025,-8.742278012618954e-08
/epuck2/cmd_vel,62.732770169,0.025,-8.742278012618954e-08
/epuck2/cmd_vel,62.745553001,0.025,-8.742278012618954e-08
/epuck2/cmd_vel,62.756170877,0.025,-8.742278012618954e-08
/epuck2/cmd_vel,62.764496493,0.025,-8.742278012618954e-08
/epuck2/cmd_vel,62.776901995,0.025,-8.742278012618954e-08
/epuck2/cmd_vel,62.787071206,0.025,-8.742278012618954e-08
/epuck2/cmd_vel,62.797231318,0.025,-8.742278012618954e-08
/epuck2/cmd_vel,62.807313029,0.025,-8.742278012618954e-08
/epuck2/cmd_vel,62.81747154,0.025,-8.742278012618954e-08
/epuck2/cmd_vel,62.827484953,0.025,-0.0022057612710677747
/epuck2/cmd_vel,62.834807289,0.025,-0.0022057612710677747
/epuck2/cmd_vel,62.846753484,0.025,-0.0022057612710677747
/epuck2/cmd_vel,62.854224019,0.025,-0.0022057612710677747
/epuck2/cmd_vel,62.864537329,0.025,-0.0022057612710677747
/epuck2/cmd_vel,62.870436377,0.025,-0.0022057612710677747
/epuck2/cmd_vel,62.881739678,0.025,-0.0022057612710677747
/epuck2/cmd_vel,62.890907498,0.025,-0.0022057612710677747
/epuck2/cmd_vel,62.899545722,0.025,-0.0022057612710677747
/epuck2/cmd_vel,62.908173247,0.025,-0.0022057612710677747
/epuck2/cmd_vel,62.915428784,0.025,-0.0022057612710677747
/epuck2/cmd_vel,62.92377561,0.025,-0.0022057612710677747
/epuck2/cmd_vel,62.934350318,0.025,-8.742278012618954e-08
/epuck2/cmd_vel,62.940521864,0.025,-8.742278012618954e-08
/epuck2/cmd_vel,62.953936947,0.025,-8.742278012618954e-08
/epuck2/cmd_vel,62.958684905,0.025,-8.742278012618954e-08
/epuck2/cmd_vel,62.973235178,0.025,-8.742278012618954e-08
/epuck2/cmd_vel,62.979078127,0.025,-8.742278012618954e-08
/epuck2/cmd_vel,62.987254555,0.025,-8.742278012618954e-08
/epuck2/cmd_vel,62.996491874,0.025,-8.742278012618954e-08
/epuck2/cmd_vel,63.007415879,0.025,-8.742278012618954e-08
/epuck2/cmd_vel,63.014981513,0.025,-8.742278012618954e-08
/epuck2/cmd_vel,63.024854326,0.025,-8.742278012618954e-08
/epuck2/cmd_vel,63.031631567,0.025,0.0022057612710675296
/epuck2/cmd_vel,63.044399555,0.025,0.0022057612710675296
/epuck2/cmd_vel,63.052191687,0.025,0.0022057612710675296
/epuck2/cmd_vel,63.062646096,0.025,0.0022057612710675296
/epuck2/cmd_vel,63.069857333,0.025,0.0022057612710675296
/epuck2/cmd_vel,63.08152533,0.025,0.0022057612710675296
/epuck2/cmd_vel,63.087787876,0.025,0.0022057612710675296
/epuck2/cmd_vel,63.101848453,0.025,0.0022057612710675296
/epuck2/cmd_vel,63.10896039,0.025,0.0022057612710675296
/epuck2/cmd_vel,63.123969559,0.025,0.0022057612710675296
/epuck2/cmd_vel,63.131328495,0.025,-8.742278012618954e-08
/epuck2/cmd_vel,63.147228056,0.025,-8.742278012618954e-08
/epuck2/cmd_vel,63.153857598,0.025,-8.742278012618954e-08
/epuck2/cmd_vel,63.161430731,0.025,-8.742278012618954e-08
/epuck2/cmd_vel,63.170115855,0.025,-8.742278012618954e-08
/epuck2/cmd_vel,63.178816179,0.025,-8.742278012618954e-08
/epuck2/cmd_vel,63.184135233,0.025,-8.742278012618954e-08
/epuck2/cmd_vel,63.198052511,0.025,-8.742278012618954e-08
/epuck2/cmd_vel,63.20498835,0.025,-8.742278012618954e-08
/epuck2/cmd_vel,63.221477706,0.025,-8.742278012618954e-08
/epuck2/cmd_vel,63.225256273,0.025,-8.742278012618954e-08
/epuck2/cmd_vel,63.237743464,0.025,-8.742278012618954e-08
/epuck2/cmd_vel,63.244140808,0.025,-8.742278012618954e-08
/epuck2/cmd_vel,63.254499517,0.025,-8.742278012618954e-08
/epuck2/cmd_vel,63.265081425,0.025,-8.742278012618954e-08
/epuck2/cmd_vel,63.273994947,0.025,-8.742278012618954e-08
/epuck2/cmd_vel,63.28509425,0.025,-8.742278012618954e-08
/epuck2/cmd_vel,63.294368468,0.025,-8.742278012618954e-08
/epuck2/cmd_vel,63.300866012,0.025,-8.742278012618954e-08
/epuck2/cmd_vel,63.311786216,0.025,-8.742278012618954e-08
/epuck2/cmd_vel,63.31936975,0.025,-8.742278012618954e-08
/epuck2/cmd_vel,63.330604151,0.025,-8.742278012618954e-08
/epuck2/cmd_vel,63.337894188,0.025,-8.742278012618954e-08
/epuck2/cmd_vel,63.351224071,0.025,-8.742278012618954e-08
/epuck2/cmd_vel,63.3593903,0.025,-8.742278012618954e-08
/epuck2/cmd_vel,63.367487229,0.025,-8.742278012618954e-08
/epuck2/cmd_vel,63.377523541,0.025,-8.742278012618954e-08
/epuck2/cmd_vel,63.38674136,0.025,-8.742278012618954e-08
/epuck2/cmd_vel,63.396674273,0.025,-8.742278012618954e-08
/epuck2/cmd_vel,63.404586904,0.025,-8.742278012618954e-08
/epuck2/cmd_vel,63.411022248,0.025,-8.742278012618954e-08
/epuck2/cmd_vel,63.423699937,0.025,-8.742278012618954e-08
/epuck2/cmd_vel,63.428444395,0.025,-8.742278012618954e-08
/epuck2/cmd_vel,63.440163093,0.025,-8.742278012618954e-08
/epuck2/cmd_vel,63.446364839,0.025,-8.742278012618954e-08
/epuck2/cmd_vel,63.457889038,0.025,-8.742278012618954e-08
/epuck2/cmd_vel,63.464925476,0.025,-8.742278012618954e-08
/epuck2/cmd_vel,63.473355403,0.025,-8.742278012618954e-08
/epuck2/cmd_vel,63.482176725,0.025,-8.742278012618954e-08
/epuck2/cmd_vel,63.491056348,0.025,-8.742278012618954e-08
/epuck2/cmd_vel,63.502924244,0.025,-8.742278012618954e-08
/epuck2/cmd_vel,63.50912629,0.025,-8.742278012618954e-08
/epuck2/cmd_vel,63.515480034,0.025,-8.742278012618954e-08
/epuck2/cmd_vel,63.529048911,0.025,-8.742278012618954e-08
/epuck2/cmd_vel,63.536122748,0.025,-8.742278012618954e-08
/epuck2/cmd_vel,63.549270329,0.025,-8.742278012618954e-08
/epuck2/cmd_vel,63.555686571,0.025,-8.742278012618954e-08
/epuck2/cmd_vel,63.568621555,0.025,-8.742278012618954e-08
/epuck2/cmd_vel,63.577095478,0.025,-8.742278012618954e-08
/epuck2/cmd_vel,63.588825572,0.025,-8.742278012618954e-08
/epuck2/cmd_vel,63.596533703,0.025,-8.742278012618954e-08
/epuck2/cmd_vel,63.604783729,0.025,-8.742278012618954e-08
/epuck2/cmd_vel,63.612800856,0.025,-8.742278012618954e-08
/epuck2/cmd_vel,63.624072755,0.025,-8.742278012618954e-08
/epuck2/cmd_vel,63.627337625,0.025,-8.742278012618954e-08
/epuck2/cmd_vel,63.639409416,0.025,-8.742278012618954e-08
/epuck2/cmd_vel,63.644403471,0.025,-8.742278012618954e-08
/epuck2/cmd_vel,63.660378927,0.025,-8.742278012618954e-08
/epuck2/cmd_vel,63.663904795,0.025,-8.742278012618954e-08
/epuck2/cmd_vel,63.67891196,0.025,-8.742278012618954e-08
/epuck2/cmd_vel,63.685174004,0.025,-8.742278012618954e-08
/epuck2/cmd_vel,63.695909807,0.025,-8.742278012618954e-08
/epuck2/cmd_vel,63.705845817,0.025,-8.742278012618954e-08
/epuck2/cmd_vel,63.716483221,0.025,-8.742278012618954e-08
/epuck2/cmd_vel,63.72547484,0.025,-8.742278012618954e-08
/epuck2/cmd_vel,63.73551575,0.025,-8.742278012618954e-08
/epuck2/cmd_vel,63.742269789,0.025,-8.742278012618954e-08
/epuck2/cmd_vel,63.755929666,0.025,-8.742278012618954e-08
/epuck2/cmd_vel,63.762534906,0.025,-8.742278012618954e-08
/epuck2/cmd_vel,63.774995294,0.025,-8.742278012618954e-08
/epuck2/cmd_vel,63.78313532,0.025,-8.742278012618954e-08
/epuck2/cmd_vel,63.79538861,0.025,-8.742278012618954e-08
/epuck2/cmd_vel,63.802738943,0.025,-8.742278012618954e-08
/epuck2/cmd_vel,63.815724826,0.025,-8.742278012618954e-08
/epuck2/cmd_vel,63.822085669,0.025,-8.742278012618954e-08
/epuck2/cmd_vel,63.830778691,0.025,-8.742278012618954e-08
/epuck2/cmd_vel,63.841650293,0.025,-8.742278012618954e-08
/epuck2/cmd_vel,63.847953336,0.025,-8.742278012618954e-08
/epuck2/cmd_vel,63.858988336,0.025,-8.742278012618954e-08
/epuck2/cmd_vel,63.866933065,0.025,-8.742278012618954e-08
/epuck2/cmd_vel,63.87633828,0.025,-8.742278012618954e-08
/epuck2/cmd_vel,63.886171191,0.025,-8.742278012618954e-08
/epuck2/cmd_vel,63.891987139,0.025,-8.742278012618954e-08
/epuck2/cmd_vel,63.904698324,0.025,-8.742278012618954e-08
/epuck2/cmd_vel,63.910188674,0.025,-8.742278012618954e-08
/epuck2/cmd_vel,63.921998068,0.025,-8.742278012618954e-08
/epuck2/cmd_vel,63.928274611,0.025,-8.742278012618954e-08
/epuck2/cmd_vel,63.938565919,0.025,-8.742278012618954e-08
/epuck2/cmd_vel,63.947568037,0.025,-8.742278012618954e-08
/epuck2/cmd_vel,63.956392058,0.025,-8.742278012618954e-08
/epuck2/cmd_vel,63.966531166,0.025,-8.742278012618954e-08
/epuck2/cmd_vel,63.977954363,0.025,-8.742278012618954e-08
/epuck2/cmd_vel,63.987102881,0.025,-8.742278012618954e-08
/epuck2/cmd_vel,63.995709003,0.025,-8.742278012618954e-08
/epuck2/cmd_vel,64.003302735,0.025,-8.742278012618954e-08
/epuck2/cmd_vel,64.014599833,0.025,-8.742278012618954e-08
/epuck2/cmd_vel,64.020741078,0.025,-8.742278012618954e-08
/epuck2/cmd_vel,64.034020958,0.025,-8.742278012618954e-08
/epuck2/cmd_vel,64.038541717,0.025,-8.742278012618954e-08
/epuck2/cmd_vel,64.051124604,0.025,-8.742278012618954e-08
/epuck2/cmd_vel,64.057299548,0.025,-8.742278012618954e-08
/epuck2/cmd_vel,64.066123368,0.025,-8.742278012618954e-08
/epuck2/cmd_vel,64.075294686,0.025,-8.742278012618954e-08
/epuck2/cmd_vel,64.085601493,0.025,-8.742278012618954e-08
/epuck2/cmd_vel,64.095595003,0.025,-8.742278012618954e-08
/epuck2/cmd_vel,64.105705711,0.025,-8.742278012618954e-08
/epuck2/cmd_vel,64.10913058,0.025,-8.742278012618954e-08
/epuck2/cmd_vel,64.12247526,0.025,-8.742278012618954e-08
/epuck2/cmd_vel,64.129570796,0.025,-8.742278012618954e-08
/epuck2/cmd_vel,64.140805195,0.025,-8.742278012618954e-08
/epuck2/cmd_vel,64.14692414,0.025,-8.742278012618954e-08
/epuck2/cmd_vel,64.159858023,0.025,-8.742278012618954e-08
/epuck2/cmd_vel,64.165547772,0.025,-8.742278012618954e-08
/epuck2/cmd_vel,64.183955206,0.025,-8.742278012618954e-08
/epuck2/cmd_vel,64.186987578,0.025,-8.742278012618954e-08
/epuck2/cmd_vel,64.196149196,0.025,-8.742278012618954e-08
/epuck2/cmd_vel,64.206650101,0.025,-8.742278012618954e-08
/epuck2/cmd_vel,64.215805318,0.025,-8.742278012618954e-08
/epuck2/cmd_vel,64.226015326,0.025,-8.742278012618954e-08
/epuck2/cmd_vel,64.233872556,0.025,-8.742278012618954e-08
/epuck2/cmd_vel,64.240341097,0.025,-8.742278012618954e-08
/epuck2/cmd_vel,64.253813576,0.025,-8.742278012618954e-08
/epuck2/cmd_vel,64.262984093,0.025,-8.742278012618954e-08
/epuck2/cmd_vel,64.274144692,0.025,-8.742278012618954e-08
/epuck2/cmd_vel,64.282565016,0.025,-8.742278012618954e-08
/epuck2/cmd_vel,64.292881723,0.025,-8.742278012618954e-08
/epuck2/cmd_vel,64.29876467,0.025,-8.742278012618954e-08
/epuck2/cmd_vel,64.307757289,0.025,-8.742278012618954e-08
/epuck2/cmd_vel,64.316411611,0.025,-8.742278012618954e-08
/epuck2/cmd_vel,64.325264331,0.025,-8.742278012618954e-08
/epuck2/cmd_vel,64.331041279,0.025,-8.742278012618954e-08
/epuck2/cmd_vel,64.342696074,0.025,-8.742278012618954e-08
/epuck2/cmd_vel,64.348496622,0.025,-8.742278012618954e-08
/epuck2/cmd_vel,64.360340615,0.025,-8.742278012618954e-08
/epuck2/cmd_vel,64.365439869,0.025,-8.742278012618954e-08
/epuck2/cmd_vel,64.374080991,0.025,-8.742278012618954e-08
/epuck2/cmd_vel,64.383647605,0.025,-8.742278012618954e-08
/epuck2/cmd_vel,64.392659324,0.025,-8.742278012618954e-08
/epuck2/cmd_vel,64.402908431,0.025,-8.742278012618954e-08
/epuck2/cmd_vel,64.410302965,0.025,-8.742278012618954e-08
/epuck2/cmd_vel,64.418872087,0.025,-8.742278012618954e-08
/epuck2/cmd_vel,64.430231885,0.025,-8.742278012618954e-08
/epuck2/cmd_vel,64.437056523,0.025,-8.742278012618954e-08
/epuck2/cmd_vel,64.45295488,0.025,-8.742278012618954e-08
/epuck2/cmd_vel,64.456851545,0.025,-8.742278012618954e-08
/epuck2/cmd_vel,64.470018526,0.025,-8.742278012618954e-08
/epuck2/cmd_vel,64.47734426,0.025,-8.742278012618954e-08
/epuck2/cmd_vel,64.48956765,0.025,-8.742278012618954e-08
/epuck2/cmd_vel,64.493529914,0.025,-8.742278012618954e-08
/epuck2/cmd_vel,64.500778949,0.025,-8.742278012618954e-08
/epuck2/cmd_vel,64.508771277,0.025,-8.742278012618954e-08
/epuck2/cmd_vel,64.518591787,0.025,-8.742278012618954e-08
/epuck2/cmd_vel,64.531578866,0.025,-8.742278012618954e-08
/epuck2/cmd_vel,64.53763011,0.025,-8.742278012618954e-08
/epuck2/cmd_vel,64.54521194,0.025,-8.742278012618954e-08
/epuck2/cmd_vel,64.556124139,0.025,-8.742278012618954e-08
/epuck2/cmd_vel,64.562952375,0.025,-8.742278012618954e-08
/epuck2/cmd_vel,64.575610358,0.025,-8.742278012618954e-08
/epuck2/cmd_vel,64.581428304,0.025,-8.742278012618954e-08
/epuck2/cmd_vel,64.594578882,0.025,-8.742278012618954e-08
/epuck2/cmd_vel,64.600311228,0.025,-8.742278012618954e-08
/epuck2/cmd_vel,64.609048447,0.025,-8.742278012618954e-08
/epuck2/cmd_vel,64.620034545,0.025,-8.742278012618954e-08
/epuck2/cmd_vel,64.633361522,0.025,-8.742278012618954e-08
/epuck2/cmd_vel,64.647607789,0.025,-8.742278012618954e-08
/epuck2/cmd_vel,64.660699068,0.025,-8.742278012618954e-08
/epuck2/cmd_vel,64.675009135,0.025,-8.742278012618954e-08
/epuck2/cmd_vel,64.691581081,0.025,-8.742278012618954e-08
/epuck2/cmd_vel,64.699025212,0.025,-8.742278012618954e-08
/epuck2/cmd_vel,64.717282243,0.025,-8.742278012618954e-08
/epuck2/cmd_vel,64.724368577,0.025,-8.742278012618954e-08
/epuck2/cmd_vel,64.739327138,0.025,-8.742278012618954e-08
/epuck2/cmd_vel,64.748264855,0.025,-8.742278012618954e-08
/epuck2/cmd_vel,64.769821655,0.025,-8.742278012618954e-08
/epuck2/cmd_vel,64.789060076,0.025,-8.742278012618954e-08
/epuck2/cmd_vel,64.803513742,0.025,-8.742278012618954e-08
/epuck2/cmd_vel,64.815469131,0.025,-8.742278012618954e-08
/epuck2/cmd_vel,64.834646953,0.025,-8.742278012618954e-08
/epuck2/cmd_vel,64.845911949,0.025,-8.742278012618954e-08
/epuck2/cmd_vel,64.857499641,0.025,-8.742278012618954e-08
/epuck2/cmd_vel,64.863349887,0.025,-8.742278012618954e-08
/epuck2/cmd_vel,64.875573273,0.025,-8.742278012618954e-08
/epuck2/cmd_vel,64.880700626,0.025,-8.742278012618954e-08
/epuck2/cmd_vel,64.890761232,0.025,-8.742278012618954e-08
/epuck2/cmd_vel,64.901049337,0.025,-8.742278012618954e-08
/epuck2/cmd_vel,64.910165252,0.025,-8.742278012618954e-08
/epuck2/cmd_vel,64.913475121,0.025,-8.742278012618954e-08
/epuck2/cmd_vel,64.92442402,0.025,-8.742278012618954e-08
/epuck2/cmd_vel,64.933816332,0.025,-8.742278012618954e-08
/epuck2/cmd_vel,64.942909548,0.025,-8.742278012618954e-08
/epuck2/cmd_vel,64.947892302,0.025,-8.742278012618954e-08
/epuck2/cmd_vel,64.956637421,0.025,-8.742278012618954e-08
/epuck2/cmd_vel,64.964903044,0.025,-8.742278012618954e-08
/epuck2/cmd_vel,64.974246157,0.025,-8.742278012618954e-08
/epuck2/cmd_vel,64.979567808,0.025,-8.742278012618954e-08
/epuck2/cmd_vel,64.990193809,0.025,-8.742278012618954e-08
/epuck2/cmd_vel,64.997141245,0.025,-8.742278012618954e-08
/epuck2/cmd_vel,65.009766527,0.025,-8.742278012618954e-08
/epuck2/cmd_vel,65.015248177,0.025,-8.742278012618954e-08
/epuck2/cmd_vel,65.023610999,0.025,-8.742278012618954e-08
/epuck2/cmd_vel,65.031621225,0.025,-8.742278012618954e-08
/epuck2/cmd_vel,65.039152655,0.025,-8.742278012618954e-08
/epuck2/cmd_vel,65.043695012,0.025,-8.742278012618954e-08
/epuck2/cmd_vel,65.054984808,0.025,-8.742278012618954e-08
/epuck2/cmd_vel,65.064182322,0.025,-8.742278012618954e-08
/epuck2/cmd_vel,65.074978222,0.025,-8.742278012618954e-08
/epuck2/cmd_vel,65.079821477,0.025,-8.742278012618954e-08
/epuck2/cmd_vel,65.092509859,0.025,-8.742278012618954e-08
/epuck2/cmd_vel,65.097687111,0.025,-8.742278012618954e-08
/epuck2/cmd_vel,65.106203132,0.025,-8.742278012618954e-08
/epuck2/cmd_vel,65.116796434,0.025,-8.742278012618954e-08
/epuck2/cmd_vel,65.125755451,0.025,-8.742278012618954e-08
/epuck2/cmd_vel,65.131506897,0.025,-8.742278012618954e-08
/epuck2/cmd_vel,65.142828592,0.025,-8.742278012618954e-08
/epuck2/cmd_vel,65.147600148,0.025,-8.742278012618954e-08
/epuck2/cmd_vel,65.160248131,0.025,-8.742278012618954e-08
/epuck2/cmd_vel,65.165348583,0.025,-8.742278012618954e-08
/epuck2/cmd_vel,65.175065293,0.025,-8.742278012618954e-08
/epuck2/cmd_vel,65.187172181,0.025,-8.742278012618954e-08
/epuck2/cmd_vel,65.194233815,0.025,-8.742278012618954e-08
/epuck2/cmd_vel,65.202977534,0.025,-8.742278012618954e-08
/epuck2/cmd_vel,65.210483664,0.025,-8.742278012618954e-08
/epuck2/cmd_vel,65.215648016,0.025,-8.742278012618954e-08
/epuck2/cmd_vel,65.227360308,0.025,-8.742278012618954e-08
/epuck2/cmd_vel,65.233056455,0.025,-8.742278012618954e-08
/epuck2/cmd_vel,65.241220779,0.025,-8.742278012618954e-08
/epuck2/cmd_vel,65.2497394,0.025,-8.742278012618954e-08
/epuck2/cmd_vel,65.258850415,0.025,-8.742278012618954e-08
/epuck2/cmd_vel,65.267075439,0.025,-8.742278012618954e-08
/epuck2/cmd_vel,65.275952456,0.025,-8.742278012618954e-08
/epuck2/cmd_vel,65.28306239,0.025,-8.742278012618954e-08
/epuck2/cmd_vel,65.294892581,0.025,-8.742278012618954e-08
/epuck2/cmd_vel,65.301178422,0.025,-8.742278012618954e-08
/epuck2/cmd_vel,65.313013612,0.025,-8.742278012618954e-08
/epuck2/cmd_vel,65.317899267,0.025,-8.742278012618954e-08
/epuck2/cmd_vel,65.33055675,0.025,-8.742278012618954e-08
/epuck2/cmd_vel,65.33692259,0.025,-8.742278012618954e-08
/epuck2/cmd_vel,65.344068524,0.025,-8.742278012618954e-08
/epuck2/cmd_vel,65.353410837,0.025,-8.742278012618954e-08
/epuck2/cmd_vel,65.364616733,0.025,-8.742278012618954e-08
/epuck2/cmd_vel,65.368844694,0.025,-8.742278012618954e-08
/epuck2/cmd_vel,65.383400359,0.025,-8.742278012618954e-08
/epuck2/cmd_vel,65.388231814,0.025,-8.742278012618954e-08
/epuck2/cmd_vel,65.400332702,0.025,-8.742278012618954e-08
/epuck2/cmd_vel,65.406068849,0.025,-8.742278012618954e-08
/epuck2/cmd_vel,65.418187936,0.025,-8.742278012618954e-08
/epuck2/cmd_vel,65.423767984,0.025,-8.742278012618954e-08
/epuck2/cmd_vel,65.432074307,0.025,-8.742278012618954e-08
/epuck2/cmd_vel,65.441631718,0.025,-8.742278012618954e-08
/epuck2/cmd_vel,65.449851142,0.025,-8.742278012618954e-08
/epuck2/cmd_vel,65.456791978,0.025,-8.742278012618954e-08
/epuck2/cmd_vel,65.467030383,0.025,-8.742278012618954e-08
/epuck2/cmd_vel,65.473480723,0.025,-8.742278012618954e-08
/epuck2/cmd_vel,65.486810299,0.025,-8.742278012618954e-08
/epuck2/cmd_vel,65.494109131,0.025,-8.742278012618954e-08
/epuck2/cmd_vel,65.499977977,0.025,-8.742278012618954e-08
/epuck2/cmd_vel,65.511358471,0.025,-8.742278012618954e-08
/epuck2/cmd_vel,65.520462685,0.025,-8.742278012618954e-08
/epuck2/cmd_vel,65.5294178,0.025,-8.742278012618954e-08
/epuck2/cmd_vel,65.538885909,0.025,-8.742278012618954e-08
/epuck2/cmd_vel,65.544423357,0.025,-8.742278012618954e-08
/epuck2/cmd_vel,65.555910847,0.025,-8.742278012618954e-08
/epuck2/cmd_vel,65.562636783,0.025,-8.742278012618954e-08
/epuck2/cmd_vel,65.572929384,0.025,-8.742278012618954e-08
/epuck2/cmd_vel,65.579571221,0.025,-8.742278012618954e-08
/epuck2/cmd_vel,65.588145739,0.025,-8.742278012618954e-08
/epuck2/cmd_vel,65.597847247,0.025,-8.742278012618954e-08
/epuck2/cmd_vel,65.606869261,0.025,-8.742278012618954e-08
/epuck2/cmd_vel,65.615594277,0.025,-8.742278012618954e-08
/epuck2/cmd_vel,65.624110296,0.025,-8.742278012618954e-08
/epuck2/cmd_vel,65.629216347,0.025,-8.742278012618954e-08
/epuck2/cmd_vel,65.640312741,0.025,-8.742278012618954e-08
/epuck2/cmd_vel,65.646259385,0.025,-8.742278012618954e-08
/epuck2/cmd_vel,65.658865564,0.025,-8.742278012618954e-08
/epuck2/cmd_vel,65.666857788,0.025,-8.742278012618954e-08
/epuck2/cmd_vel,65.675321207,0.025,-8.742278012618954e-08
/epuck2/cmd_vel,65.683517329,0.025,-8.742278012618954e-08
/epuck2/cmd_vel,65.695067619,0.025,-8.742278012618954e-08
/epuck2/cmd_vel,65.706701508,0.025,-8.742278012618954e-08
/epuck2/cmd_vel,65.71489313,0.025,-8.742278012618954e-08
/epuck2/cmd_vel,65.723721145,0.025,-8.742278012618954e-08
/epuck2/cmd_vel,65.732203064,0.025,-8.742278012618954e-08
/epuck2/cmd_vel,65.739806092,0.025,-8.742278012618954e-08
/epuck2/cmd_vel,65.752963666,0.025,-8.742278012618954e-08
/epuck2/cmd_vel,65.76095659,0.025,-8.742278012618954e-08
/epuck2/cmd_vel,65.773345272,0.025,-8.742278012618954e-08
/epuck2/cmd_vel,65.778451623,0.025,-8.742278012618954e-08
/epuck2/cmd_vel,65.791616797,0.025,-8.742278012618954e-08
/epuck2/cmd_vel,65.798185635,0.025,-8.742278012618954e-08
/epuck2/cmd_vel,65.811065212,0.025,-8.742278012618954e-08
/epuck2/cmd_vel,65.81548307,0.025,-8.742278012618954e-08
/epuck2/cmd_vel,65.822896899,0.025,-8.742278012618954e-08
/epuck2/cmd_vel,65.836905665,0.025,-8.742278012618954e-08
/epuck2/cmd_vel,65.844617691,0.025,-8.742278012618954e-08
/epuck2/cmd_vel,65.850517135,0.025,-8.742278012618954e-08
/epuck2/cmd_vel,65.861007035,0.025,-8.742278012618954e-08
/epuck2/cmd_vel,65.866650181,0.025,-8.742278012618954e-08
/epuck2/cmd_vel,65.880143952,0.025,-8.742278012618954e-08
/epuck2/cmd_vel,65.886923288,0.025,-8.742278012618954e-08
/epuck2/cmd_vel,65.895502606,0.025,-8.742278012618954e-08
/epuck2/cmd_vel,65.90340533,0.025,-8.742278012618954e-08
/epuck2/cmd_vel,65.913112638,0.025,-8.742278012618954e-08
/epuck2/cmd_vel,65.923790736,0.025,-8.742278012618954e-08
/epuck2/cmd_vel,65.932069757,0.025,-8.742278012618954e-08
/epuck2/cmd_vel,65.938579895,0.025,-8.742278012618954e-08
/epuck2/cmd_vel,65.950841978,0.025,-8.742278012618954e-08
/epuck2/cmd_vel,65.95686012,0.025,-8.742278012618954e-08
/epuck2/cmd_vel,65.96837271,0.025,-8.742278012618954e-08
/epuck2/cmd_vel,65.974047256,0.025,-8.742278012618954e-08
/epuck2/cmd_vel,65.988041223,0.025,-8.742278012618954e-08
/epuck2/cmd_vel,65.995384653,0.025,-8.742278012618954e-08
/epuck2/cmd_vel,66.00297218,0.025,-8.742278012618954e-08
/epuck2/cmd_vel,66.013316781,0.025,-8.742278012618954e-08
/epuck2/cmd_vel,66.023718682,0.025,-8.742278012618954e-08
/epuck2/cmd_vel,66.033639587,0.025,-8.742278012618954e-08
/epuck2/cmd_vel,66.041483013,0.025,-8.742278012618954e-08
/epuck2/cmd_vel,66.045614473,0.025,-8.742278012618954e-08
/epuck2/cmd_vel,66.055975274,0.025,-8.742278012618954e-08
/epuck2/cmd_vel,66.061937217,0.025,-8.742278012618954e-08
/epuck2/cmd_vel,66.073773204,0.025,-8.742278012618954e-08
/epuck2/cmd_vel,66.079870546,0.025,-8.742278012618954e-08
/epuck2/cmd_vel,66.088178567,0.025,-8.742278012618954e-08
/epuck2/cmd_vel,66.097617777,0.025,-8.742278012618954e-08
/epuck2/cmd_vel,66.105469402,0.025,-8.742278012618954e-08
/epuck2/cmd_vel,66.113088329,0.025,-8.742278012618954e-08
/epuck2/cmd_vel,66.125669209,0.025,-8.742278012618954e-08
/epuck2/cmd_vel,66.131540853,0.025,-8.742278012618954e-08
/epuck2/cmd_vel,66.14129696,0.025,-8.742278012618954e-08
/epuck2/cmd_vel,66.146639409,0.025,-8.742278012618954e-08
/epuck2/cmd_vel,66.155665623,0.025,-8.742278012618954e-08
/epuck2/cmd_vel,66.166202322,0.025,-8.742278012618954e-08
/epuck2/cmd_vel,66.175658032,0.025,-8.742278012618954e-08
/epuck2/cmd_vel,66.184021452,0.025,-8.742278012618954e-08
/epuck2/cmd_vel,66.191737879,0.025,-8.742278012618954e-08
/epuck2/cmd_vel,66.19789722,0.025,-8.742278012618954e-08
/epuck2/cmd_vel,66.20935621,0.025,-8.742278012618954e-08
/epuck2/cmd_vel,66.214377363,0.025,-8.742278012618954e-08
/epuck2/cmd_vel,66.22197279,0.025,-8.742278012618954e-08
/epuck2/cmd_vel,66.230588608,0.025,-8.742278012618954e-08
/epuck2/cmd_vel,66.236704149,0.025,-8.742278012618954e-08
/epuck2/cmd_vel,66.242479694,0.025,-8.742278012618954e-08
/epuck2/cmd_vel,66.252584898,0.025,-8.742278012618954e-08
/epuck2/cmd_vel,66.258461842,0.025,-8.742278012618954e-08
/epuck2/cmd_vel,66.270442927,0.025,-8.742278012618954e-08
/epuck2/cmd_vel,66.27641637,0.025,-8.742278012618954e-08
/epuck2/cmd_vel,66.284542393,0.025,-8.742278012618954e-08
/epuck2/cmd_vel,66.305046597,0.025,-8.742278012618954e-08
/epuck2/cmd_vel,66.315378999,0.025,-8.742278012618954e-08
/epuck2/cmd_vel,66.322839427,0.025,-8.742278012618954e-08
/epuck2/cmd_vel,66.333263128,0.025,-8.742278012618954e-08
/epuck2/cmd_vel,66.339194971,0.025,-8.742278012618954e-08
/epuck2/cmd_vel,66.346096405,0.025,-8.742278012618954e-08
/epuck2/cmd_vel,66.354820022,0.025,-8.742278012618954e-08
/epuck2/cmd_vel,66.363347341,0.025,-8.742278012618954e-08
/epuck2/cmd_vel,66.369165585,0.025,-8.742278012618954e-08
/epuck2/cmd_vel,66.38015788,0.025,-8.742278012618954e-08
/epuck2/cmd_vel,66.385785627,0.025,-8.742278012618954e-08
/epuck2/cmd_vel,66.392835059,0.025,-8.742278012618954e-08
/epuck2/cmd_vel,66.401947772,0.025,-8.742278012618954e-08
/epuck2/cmd_vel,66.409464001,0.025,-8.742278012618954e-08
/epuck2/cmd_vel,66.414694051,0.025,-8.742278012618954e-08
/epuck2/cmd_vel,66.425348349,0.025,-8.742278012618954e-08
/epuck2/cmd_vel,66.432803078,0.025,-8.742278012618954e-08
/epuck2/cmd_vel,66.444978262,0.025,-8.742278012618954e-08
/epuck2/cmd_vel,66.450056013,0.025,-8.742278012618954e-08
/epuck2/cmd_vel,66.457249245,0.025,-8.742278012618954e-08
/epuck2/cmd_vel,66.468551437,0.025,-8.742278012618954e-08
/epuck2/cmd_vel,66.477761749,0.025,-8.742278012618954e-08
/epuck2/cmd_vel,66.486657964,0.025,-8.742278012618954e-08
/epuck2/cmd_vel,66.494940685,0.025,-8.742278012618954e-08
/epuck2/cmd_vel,66.499919637,0.025,-8.742278012618954e-08
/epuck2/cmd_vel,66.510613035,0.025,-8.742278012618954e-08
/epuck2/cmd_vel,66.516466379,0.025,-8.742278012618954e-08
/epuck2/cmd_vel,66.524726398,0.025,-8.742278012618954e-08
/epuck2/cmd_vel,66.531906428,0.025,-8.742278012618954e-08
/epuck2/cmd_vel,66.540131647,0.025,-8.742278012618954e-08
/epuck2/cmd_vel,66.545005699,0.025,-8.742278012618954e-08
/epuck2/cmd_vel,66.558052271,0.025,-8.742278012618954e-08
/epuck2/cmd_vel,66.564003213,0.025,-8.742278012618954e-08
/epuck2/cmd_vel,66.576309192,0.025,-8.742278012618954e-08
/epuck2/cmd_vel,66.582811529,0.025,-8.742278012618954e-08
/epuck2/cmd_vel,66.596667893,0.025,-8.742278012618954e-08
/epuck2/cmd_vel,66.602571335,0.025,-8.742278012618954e-08
/epuck2/cmd_vel,66.612200941,0.025,-8.742278012618954e-08
/epuck2/cmd_vel,66.620578459,0.025,-8.742278012618954e-08
/epuck2/cmd_vel,66.631744149,0.025,-8.742278012618954e-08
/epuck2/cmd_vel,66.639894869,0.025,-8.742278012618954e-08
/epuck2/cmd_vel,66.64896888,0.025,-8.742278012618954e-08
/epuck2/cmd_vel,66.654170829,0.025,-8.742278012618954e-08
/epuck2/cmd_vel,66.666254611,0.025,-8.742278012618954e-08
/epuck2/cmd_vel,66.671543959,0.025,-8.742278012618954e-08
/epuck2/cmd_vel,66.685921118,0.025,-8.742278012618954e-08
/epuck2/cmd_vel,66.691620462,0.025,-8.742278012618954e-08
/epuck2/cmd_vel,66.705638225,0.025,-8.742278012618954e-08
/epuck2/cmd_vel,66.710327879,0.025,-8.742278012618954e-08
/epuck2/cmd_vel,66.718796496,0.025,-8.742278012618954e-08
/epuck2/cmd_vel,66.728240303,0.025,-8.742278012618954e-08
/epuck2/cmd_vel,66.735302834,0.025,-8.742278012618954e-08
/epuck2/cmd_vel,66.741075378,0.025,-8.742278012618954e-08
/epuck2/cmd_vel,66.752237168,0.025,-8.742278012618954e-08
/epuck2/cmd_vel,66.756799523,0.025,-8.742278012618954e-08
/epuck2/cmd_vel,66.770140193,0.025,-8.742278012618954e-08
/epuck2/cmd_vel,66.775411241,0.025,-8.742278012618954e-08
/epuck2/cmd_vel,66.784127656,0.025,-8.742278012618954e-08
/epuck2/cmd_vel,66.793574763,0.025,-8.742278012618954e-08
/epuck2/cmd_vel,66.802830472,0.025,-8.742278012618954e-08
/epuck2/cmd_vel,66.812621176,0.025,-8.742278012618954e-08
/epuck2/cmd_vel,66.822262282,0.025,-8.742278012618954e-08
/epuck2/cmd_vel,66.828077625,0.025,-8.742278012618954e-08
/epuck2/cmd_vel,66.840192906,0.025,-8.742278012618954e-08
/epuck2/cmd_vel,66.84592615,0.025,-8.742278012618954e-08
/epuck2/cmd_vel,66.85711944,0.025,-8.742278012618954e-08
/epuck2/cmd_vel,66.863473578,0.025,-8.742278012618954e-08
/epuck2/cmd_vel,66.876963646,0.025,-8.742278012618954e-08
/epuck2/cmd_vel,66.881743999,0.025,-8.742278012618954e-08
/epuck2/cmd_vel,66.893090888,0.025,-8.742278012618954e-08
/epuck2/cmd_vel,66.903825682,0.025,-8.742278012618954e-08
/epuck2/cmd_vel,66.912917993,0.025,-8.742278012618954e-08
/epuck2/cmd_vel,66.921906205,0.025,-8.742278012618954e-08
/epuck2/cmd_vel,66.93055522,0.025,-8.742278012618954e-08
/epuck2/cmd_vel,66.935206375,0.025,-8.742278012618954e-08
/epuck2/cmd_vel,66.946750962,0.025,-8.742278012618954e-08
/epuck2/cmd_vel,66.952371007,0.025,-8.742278012618954e-08
/epuck2/cmd_vel,66.959991332,0.025,-8.742278012618954e-08
/epuck2/cmd_vel,66.968590248,0.025,-8.742278012618954e-08
/epuck2/cmd_vel,66.977206963,0.025,-8.742278012618954e-08
/epuck2/cmd_vel,66.987983158,0.025,-8.742278012618954e-08
/epuck2/cmd_vel,66.994380195,0.025,-8.742278012618954e-08
/epuck2/cmd_vel,66.999779642,0.025,-8.742278012618954e-08
/epuck2/cmd_vel,67.012602816,0.025,-8.742278012618954e-08
/epuck2/cmd_vel,67.019762046,0.025,-8.742278012618954e-08
/epuck2/cmd_vel,67.033762709,0.025,-8.742278012618954e-08
/epuck2/cmd_vel,67.039377054,0.025,-8.742278012618954e-08
/epuck2/cmd_vel,67.053447416,0.025,-8.742278012618954e-08
/epuck2/cmd_vel,67.059282359,0.025,-8.742278012618954e-08
/epuck2/cmd_vel,67.073060924,0.025,-8.742278012618954e-08
/epuck2/cmd_vel,67.079418161,0.025,-8.742278012618954e-08
/epuck2/cmd_vel,67.087380583,0.025,-8.742278012618954e-08
/epuck2/cmd_vel,67.098455875,0.025,-8.742278012618954e-08
/epuck2/cmd_vel,67.106205099,0.025,-8.742278012618954e-08
/epuck2/cmd_vel,67.119832565,0.025,-8.742278012618954e-08
/epuck2/cmd_vel,67.127910286,0.025,-8.742278012618954e-08
/epuck2/cmd_vel,67.1367517,0.025,-8.742278012618954e-08
/epuck2/cmd_vel,67.146098008,0.025,-8.742278012618954e-08
/epuck2/cmd_vel,67.150564764,0.025,-8.742278012618954e-08
/epuck2/cmd_vel,67.16327284,0.025,-8.742278012618954e-08
/epuck2/cmd_vel,67.170836166,0.025,-8.742278012618954e-08
/epuck2/cmd_vel,67.181250163,0.025,-8.742278012618954e-08
/epuck2/cmd_vel,67.186322814,0.025,-8.742278012618954e-08
/epuck2/cmd_vel,67.199556084,0.025,-8.742278012618954e-08
/epuck2/cmd_vel,67.205275328,0.025,-8.742278012618954e-08
/epuck2/cmd_vel,67.214735535,0.025,-8.742278012618954e-08
/epuck2/cmd_vel,67.224231542,0.025,-8.742278012618954e-08
/epuck2/cmd_vel,67.23056828,0.025,-8.742278012618954e-08
/epuck2/cmd_vel,67.241638672,0.025,-8.742278012618954e-08
/epuck2/cmd_vel,67.249139498,0.025,-8.742278012618954e-08
/epuck2/cmd_vel,67.262471967,0.025,-8.742278012618954e-08
/epuck2/cmd_vel,67.269744096,0.025,-8.742278012618954e-08
/epuck2/cmd_vel,67.275203843,0.025,-8.742278012618954e-08
/epuck2/cmd_vel,67.285478142,0.025,-8.742278012618954e-08
/epuck2/cmd_vel,67.293471664,0.025,-8.742278012618954e-08
/epuck2/cmd_vel,67.304467956,0.025,-8.742278012618954e-08
/epuck2/cmd_vel,67.310655895,0.025,-8.742278012618954e-08
/epuck2/cmd_vel,67.31934191,0.025,-8.742278012618954e-08
/epuck2/cmd_vel,67.329047315,0.025,-8.742278012618954e-08
/epuck2/cmd_vel,67.338535722,0.025,-8.742278012618954e-08
/epuck2/cmd_vel,67.347227437,0.025,-8.742278012618954e-08
/epuck2/cmd_vel,67.354989961,0.025,-8.742278012618954e-08
/epuck2/cmd_vel,67.360920802,0.025,-8.742278012618954e-08
/epuck2/cmd_vel,67.375293562,0.025,-8.742278012618954e-08
/epuck2/cmd_vel,67.380752808,0.025,-8.742278012618954e-08
/epuck2/cmd_vel,67.392535293,0.025,-8.742278012618954e-08
/epuck2/cmd_vel,67.400016419,0.025,-8.742278012618954e-08
/epuck2/cmd_vel,67.410261919,0.025,-8.742278012618954e-08
/epuck2/cmd_vel,67.416124461,0.025,-8.742278012618954e-08
/epuck2/cmd_vel,67.424588379,0.025,-8.742278012618954e-08
/epuck2/cmd_vel,67.433157495,0.025,-8.742278012618954e-08
/epuck2/cmd_vel,67.444583183,0.025,-8.742278012618954e-08
/epuck2/cmd_vel,67.447840951,0.025,-8.742278012618954e-08
/epuck2/cmd_vel,67.460539126,0.025,-8.742278012618954e-08
/epuck2/cmd_vel,67.467474358,0.025,-8.742278012618954e-08
/epuck2/cmd_vel,67.479982836,0.025,-8.742278012618954e-08
/epuck2/cmd_vel,67.484074395,0.025,-8.742278012618954e-08
/epuck2/cmd_vel,67.497980859,0.025,-8.742278012618954e-08
/epuck2/cmd_vel,67.5039978,0.025,-8.742278012618954e-08
/epuck2/cmd_vel,67.517795964,0.025,-8.742278012618954e-08
/epuck2/cmd_vel,67.523894803,0.025,-8.742278012618954e-08
/epuck2/cmd_vel,67.532590915,0.025,-8.742278012618954e-08
/epuck2/cmd_vel,67.542983711,0.025,-8.742278012618954e-08
/epuck2/cmd_vel,67.550292837,0.025,-8.742278012618954e-08
/epuck2/cmd_vel,67.560725833,0.025,-8.742278012618954e-08
/epuck2/cmd_vel,67.568718652,0.025,-8.742278012618954e-08
/epuck2/cmd_vel,67.574586593,0.025,-8.742278012618954e-08
/epuck2/cmd_vel,67.585912979,0.025,-8.742278012618954e-08
/epuck2/cmd_vel,67.591265626,0.025,-8.742278012618954e-08
/epuck2/cmd_vel,67.602562212,0.025,-8.742278012618954e-08
/epuck2/cmd_vel,67.607289164,0.025,-8.742278012618954e-08
/epuck2/cmd_vel,67.616565371,0.025,-8.742278012618954e-08
/epuck2/cmd_vel,67.625079386,0.025,-8.742278012618954e-08
/epuck2/cmd_vel,67.634348992,0.025,-8.742278012618954e-08
/epuck2/cmd_vel,67.640881227,0.025,-8.742278012618954e-08
/epuck2/cmd_vel,67.651280822,0.025,-8.742278012618954e-08
/epuck2/cmd_vel,67.655708478,0.025,-8.742278012618954e-08
/epuck2/cmd_vel,67.668749347,0.025,-8.742278012618954e-08
/epuck2/cmd_vel,67.675233681,0.025,-8.742278012618954e-08
/epuck2/cmd_vel,67.683422999,0.025,-8.742278012618954e-08
/epuck2/cmd_vel,67.69526388,0.025,-8.742278012618954e-08
/epuck2/cmd_vel,67.702995702,0.025,-8.742278012618954e-08
/epuck2/cmd_vel,67.71416249,0.025,-8.742278012618954e-08
/epuck2/cmd_vel,67.722298208,0.025,-8.742278012618954e-08
/epuck2/cmd_vel,67.728211149,0.025,-8.742278012618954e-08
/epuck2/cmd_vel,67.739957131,0.025,-8.742278012618954e-08
/epuck2/cmd_vel,67.745563474,0.025,-8.742278012618954e-08
/epuck2/cmd_vel,67.757861451,0.025,-8.742278012618954e-08
/epuck2/cmd_vel,67.762953999,0.025,-8.742278012618954e-08
/epuck2/cmd_vel,67.769765531,0.025,-8.742278012618954e-08
/epuck2/cmd_vel,67.779141137,0.025,-8.742278012618954e-08
/epuck2/cmd_vel,67.788918638,0.025,-8.742278012618954e-08
/epuck2/cmd_vel,67.799477132,0.025,-8.742278012618954e-08
/epuck2/cmd_vel,67.809821228,0.025,-8.742278012618954e-08
/epuck2/cmd_vel,67.816812558,0.025,-8.742278012618954e-08
/epuck2/cmd_vel,67.82850774,0.025,-8.742278012618954e-08
/epuck2/cmd_vel,67.835341672,0.025,-8.742278012618954e-08
/epuck2/cmd_vel,67.846617158,0.025,-8.742278012618954e-08
/epuck2/cmd_vel,67.851027614,0.025,-8.742278012618954e-08
/epuck2/cmd_vel,67.860481519,0.025,-8.742278012618954e-08
/epuck2/cmd_vel,67.86836184,0.025,-8.742278012618954e-08
/epuck2/cmd_vel,67.877028953,0.025,-8.742278012618954e-08
/epuck2/cmd_vel,67.886974053,0.025,-8.742278012618954e-08
/epuck2/cmd_vel,67.893432288,0.025,-8.742278012618954e-08
/epuck2/cmd_vel,67.901693046,0.025,-8.742278012618954e-08
/epuck2/cmd_vel,67.913719859,0.025,-8.742278012618954e-08
/epuck2/cmd_vel,67.919373059,0.025,-8.742278012618954e-08
/epuck2/cmd_vel,67.928205716,0.025,-8.742278012618954e-08
/epuck2/cmd_vel,67.933834016,0.025,-8.742278012618954e-08
/epuck2/cmd_vel,67.940742638,0.025,-8.742278012618954e-08
/epuck2/cmd_vel,67.950346508,0.025,-8.742278012618954e-08
/epuck2/cmd_vel,67.957399133,0.025,-8.742278012618954e-08
/epuck2/cmd_vel,67.962385721,0.025,-8.742278012618954e-08
/epuck2/cmd_vel,67.972598002,0.025,-8.742278012618954e-08
/epuck2/cmd_vel,67.978606209,0.025,-8.742278012618954e-08
/epuck2/cmd_vel,67.987582768,0.025,-8.742278012618954e-08
/epuck2/cmd_vel,67.995904115,0.025,-8.742278012618954e-08
/epuck2/cmd_vel,68.004512868,0.025,-8.742278012618954e-08
/epuck2/cmd_vel,68.010090467,0.025,-8.742278012618954e-08
/epuck2/cmd_vel,68.021721773,0.025,-8.742278012618954e-08
/epuck2/cmd_vel,68.028962501,0.025,-8.742278012618954e-08
/epuck2/cmd_vel,68.044628279,0.025,-8.742278012618954e-08
/epuck2/cmd_vel,68.049959673,0.025,-8.742278012618954e-08
/epuck2/cmd_vel,68.060828566,0.025,-8.742278012618954e-08
/epuck2/cmd_vel,68.066507966,0.025,-8.742278012618954e-08
/epuck2/cmd_vel,68.078951287,0.025,-8.742278012618954e-08
/epuck2/cmd_vel,68.084528385,0.025,-8.742278012618954e-08
/epuck2/cmd_vel,68.096881704,0.025,-8.742278012618954e-08
/epuck2/cmd_vel,68.105952765,0.025,-8.742278012618954e-08
/epuck2/cmd_vel,68.115038026,0.025,-8.742278012618954e-08
/epuck2/cmd_vel,68.124527794,0.025,-8.742278012618954e-08
/epuck2/cmd_vel,68.133924361,0.025,-8.742278012618954e-08
/epuck2/cmd_vel,68.141974603,0.025,-8.742278012618954e-08
/epuck2/cmd_vel,68.152971498,0.025,-8.742278012618954e-08
/epuck2/cmd_vel,68.160185526,0.025,-8.742278012618954e-08
/epuck2/cmd_vel,68.171878833,0.025,-8.742278012618954e-08
/epuck2/cmd_vel,68.178059743,0.025,-8.742278012618954e-08
/epuck2/cmd_vel,68.189594747,0.025,-8.742278012618954e-08
/epuck2/cmd_vel,68.194697537,0.025,-8.742278012618954e-08
/epuck2/cmd_vel,68.204970019,0.025,-8.742278012618954e-08
/epuck2/cmd_vel,68.214623891,0.025,-8.742278012618954e-08
/epuck2/cmd_vel,68.225043275,0.025,-8.742278012618954e-08
/epuck2/cmd_vel,68.234944951,0.025,-8.742278012618954e-08
/epuck2/cmd_vel,68.244245615,0.025,-8.742278012618954e-08
/epuck2/cmd_vel,68.253064672,0.025,-8.742278012618954e-08
/epuck2/cmd_vel,68.260977212,0.025,-8.742278012618954e-08
/epuck2/cmd_vel,68.266681313,0.025,-8.742278012618954e-08
/epuck2/cmd_vel,68.277491604,0.025,-8.742278012618954e-08
/epuck2/cmd_vel,68.283574812,0.025,-8.742278012618954e-08
/epuck2/cmd_vel,68.29194246,0.025,-8.742278012618954e-08
/epuck2/cmd_vel,68.301452129,0.025,-8.742278012618954e-08
/epuck2/cmd_vel,68.311545208,0.025,-8.742278012618954e-08
/epuck2/cmd_vel,68.319446648,0.025,-8.742278012618954e-08
/epuck2/cmd_vel,68.32692888,0.025,-8.742278012618954e-08
/epuck2/cmd_vel,68.332956187,0.025,-8.742278012618954e-08
/epuck2/cmd_vel,68.342858163,0.025,-8.742278012618954e-08
/epuck2/cmd_vel,68.349776385,0.025,-8.742278012618954e-08
/epuck2/cmd_vel,68.357061214,0.025,-8.742278012618954e-08
/epuck2/cmd_vel,68.366079674,0.025,-8.742278012618954e-08
/epuck2/cmd_vel,68.373942013,0.025,-8.742278012618954e-08
/epuck2/cmd_vel,68.384374898,0.025,-8.742278012618954e-08
/epuck2/cmd_vel,68.392976351,0.025,-8.742278012618954e-08
/epuck2/cmd_vel,68.39969777,0.025,-8.742278012618954e-08
/epuck2/cmd_vel,68.412625199,0.025,-8.742278012618954e-08
/epuck2/cmd_vel,68.419602622,0.025,-8.742278012618954e-08
/epuck2/cmd_vel,68.431743737,0.025,-8.742278012618954e-08
/epuck2/cmd_vel,68.43865036,0.025,-8.742278012618954e-08
/epuck2/cmd_vel,68.45050947,0.025,-8.742278012618954e-08
/epuck2/cmd_vel,68.45561346,0.025,-8.742278012618954e-08
/epuck2/cmd_vel,68.467765476,0.025,-8.742278012618954e-08
/epuck2/cmd_vel,68.473002068,0.025,-8.742278012618954e-08
/epuck2/cmd_vel,68.481866625,0.025,-8.742278012618954e-08
/epuck2/cmd_vel,68.487424724,0.025,-8.742278012618954e-08
/epuck2/cmd_vel,68.499868244,0.025,-8.742278012618954e-08
/epuck2/cmd_vel,68.507331677,0.025,-8.742278012618954e-08
/epuck2/cmd_vel,68.51770096,0.025,-8.742278012618954e-08
/epuck2/cmd_vel,68.522614745,0.025,-8.742278012618954e-08
/epuck2/cmd_vel,68.535048263,0.025,-8.742278012618954e-08
/epuck2/cmd_vel,68.541136269,0.025,-8.742278012618954e-08
/epuck2/cmd_vel,68.55093514,0.025,-8.742278012618954e-08
/epuck2/cmd_vel,68.560484707,0.025,-8.742278012618954e-08
/epuck2/cmd_vel,68.567341227,0.025,-8.742278012618954e-08
/epuck2/cmd_vel,68.576814892,0.025,-8.742278012618954e-08
/epuck2/cmd_vel,68.586110655,0.025,-8.742278012618954e-08
/epuck2/cmd_vel,68.592458766,0.025,-8.742278012618954e-08
/epuck2/cmd_vel,68.604480376,0.025,-8.742278012618954e-08
/epuck2/cmd_vel,68.60932266,0.025,-8.742278012618954e-08
/epuck2/cmd_vel,68.619854244,0.025,-8.742278012618954e-08
/epuck2/cmd_vel,68.627564479,0.025,-8.742278012618954e-08
/epuck2/cmd_vel,68.639896994,0.025,-8.742278012618954e-08
/epuck2/cmd_vel,68.645801197,0.025,-8.742278012618954e-08
/epuck2/cmd_vel,68.654445248,0.025,-8.742278012618954e-08
/epuck2/cmd_vel,68.663866113,0.025,-8.742278012618954e-08
/epuck2/cmd_vel,68.672049756,0.025,-8.742278012618954e-08
/epuck2/cmd_vel,68.681791426,0.025,-8.742278012618954e-08
/epuck2/cmd_vel,68.690164072,0.025,-8.742278012618954e-08
/epuck2/cmd_vel,68.695931973,0.025,-8.742278012618954e-08
/epuck2/cmd_vel,68.709542011,0.025,-8.742278012618954e-08
/epuck2/cmd_vel,68.717806355,0.025,-8.742278012618954e-08
/epuck2/cmd_vel,68.726964715,0.025,-8.742278012618954e-08
/epuck2/cmd_vel,68.734300643,0.025,-8.742278012618954e-08
/epuck2/cmd_vel,68.746331954,0.025,-8.742278012618954e-08
/epuck2/cmd_vel,68.752741166,0.025,-8.742278012618954e-08
/epuck2/cmd_vel,68.760349998,0.025,-8.742278012618954e-08
/epuck2/cmd_vel,68.768280437,0.025,-8.742278012618954e-08
/epuck2/cmd_vel,68.778604817,0.025,-8.742278012618954e-08
/epuck2/cmd_vel,68.789669311,0.025,-8.742278012618954e-08
/epuck2/cmd_vel,68.797116341,0.025,-8.742278012618954e-08
/epuck2/cmd_vel,68.802696638,0.025,-8.742278012618954e-08
/epuck2/cmd_vel,68.816044271,0.025,-8.742278012618954e-08
/epuck2/cmd_vel,68.820752854,0.025,-8.742278012618954e-08
/epuck2/cmd_vel,68.834029786,0.025,-8.742278012618954e-08
/epuck2/cmd_vel,68.841988925,0.025,-8.742278012618954e-08
/epuck2/cmd_vel,68.85605067,0.025,-8.742278012618954e-08
/epuck2/cmd_vel,68.861148659,0.025,-8.742278012618954e-08
/epuck2/cmd_vel,68.869047197,0.025,-8.742278012618954e-08
/epuck2/cmd_vel,68.878308659,0.025,-8.742278012618954e-08
/epuck2/cmd_vel,68.887121713,0.025,-8.742278012618954e-08
/epuck2/cmd_vel,68.895827265,0.025,-8.742278012618954e-08
/epuck2/cmd_vel,68.904935424,0.025,-8.742278012618954e-08
/epuck2/cmd_vel,68.911115132,0.025,-8.742278012618954e-08
/epuck2/cmd_vel,68.922604133,0.025,-8.742278012618954e-08
/epuck2/cmd_vel,68.927233114,0.025,-8.742278012618954e-08
/epuck2/cmd_vel,68.940305442,0.025,-8.742278012618954e-08
/epuck2/cmd_vel,68.946145544,0.025,-8.742278012618954e-08
/epuck2/cmd_vel,68.954567991,0.025,-8.742278012618954e-08
/epuck2/cmd_vel,68.964340462,0.025,-8.742278012618954e-08
/epuck2/cmd_vel,68.972555005,0.025,-8.742278012618954e-08
/epuck2/cmd_vel,68.979297323,0.025,-8.742278012618954e-08
/epuck2/cmd_vel,68.989039593,0.025,-8.742278012618954e-08
/epuck2/cmd_vel,68.995198101,0.025,-8.742278012618954e-08
/epuck2/cmd_vel,69.009061943,0.025,-8.742278012618954e-08
/epuck2/cmd_vel,69.015339053,0.025,-8.742278012618954e-08
/epuck2/cmd_vel,69.024206208,0.025,-8.742278012618954e-08
/epuck2/cmd_vel,69.033278366,0.025,-8.742278012618954e-08
/epuck2/cmd_vel,69.043627347,0.025,-8.742278012618954e-08
/epuck2/cmd_vel,69.050975475,0.025,-8.742278012618954e-08
/epuck2/cmd_vel,69.060331739,0.025,-8.742278012618954e-08
/epuck2/cmd_vel,69.06554113,0.025,-8.742278012618954e-08
/epuck2/cmd_vel,69.076015513,0.025,-8.742278012618954e-08
/epuck2/cmd_vel,69.082237121,0.025,-8.742278012618954e-08
/epuck2/cmd_vel,69.092919908,0.025,-8.742278012618954e-08
/epuck2/cmd_vel,69.099818629,0.025,-8.742278012618954e-08
/epuck2/cmd_vel,69.109690601,0.025,-8.742278012618954e-08
/epuck2/cmd_vel,69.117835043,0.025,-8.742278012618954e-08
/epuck2/cmd_vel,69.131742686,0.025,-8.742278012618954e-08
/epuck2/cmd_vel,69.138945012,0.025,-8.742278012618954e-08
/epuck2/cmd_vel,69.150194409,0.025,-8.742278012618954e-08
/epuck2/cmd_vel,69.153440265,0.025,-8.742278012618954e-08
/epuck2/cmd_vel,69.164916066,0.025,-8.742278012618954e-08
/epuck2/cmd_vel,69.170530664,0.025,-8.742278012618954e-08
/epuck2/cmd_vel,69.181912763,0.025,-8.742278012618954e-08
/epuck2/cmd_vel,69.187262656,0.025,-8.742278012618954e-08
/epuck2/cmd_vel,69.199713774,0.025,-8.742278012618954e-08
/epuck2/cmd_vel,69.205844081,0.025,-8.742278012618954e-08
/epuck2/cmd_vel,69.220289233,0.025,-8.742278012618954e-08
/epuck2/cmd_vel,69.227199454,0.025,-8.742278012618954e-08
/epuck2/cmd_vel,69.241419802,0.025,-8.742278012618954e-08
/epuck2/cmd_vel,69.245118167,0.025,-8.742278012618954e-08
/epuck2/cmd_vel,69.261282449,0.025,-8.742278012618954e-08
/epuck2/cmd_vel,69.269266589,0.025,-8.742278012618954e-08
/epuck2/cmd_vel,69.28192441,0.025,-8.742278012618954e-08
/epuck2/cmd_vel,69.2871037,0.025,-8.742278012618954e-08
/epuck2/cmd_vel,69.299886824,0.025,-8.742278012618954e-08
/epuck2/cmd_vel,69.306461938,0.025,-8.742278012618954e-08
/epuck2/cmd_vel,69.318624251,0.025,-8.742278012618954e-08
/epuck2/cmd_vel,69.327554407,0.025,-8.742278012618954e-08
/epuck2/cmd_vel,69.33691067,0.025,-8.742278012618954e-08
/epuck2/cmd_vel,69.346518338,0.025,-8.742278012618954e-08
/epuck2/cmd_vel,69.360425981,0.025,-8.742278012618954e-08
/epuck2/cmd_vel,69.367539505,0.025,-8.742278012618954e-08
/epuck2/cmd_vel,69.38210136,0.025,-8.742278012618954e-08
/epuck2/cmd_vel,69.388374969,0.025,-8.742278012618954e-08
/epuck2/cmd_vel,69.396245407,0.025,-8.742278012618954e-08
/epuck2/cmd_vel,69.402415115,0.025,-8.742278012618954e-08
/epuck2/cmd_vel,69.413844214,0.025,-8.742278012618954e-08
/epuck2/cmd_vel,69.418968104,0.025,-8.742278012618954e-08
/epuck2/cmd_vel,69.430123099,0.025,-8.742278012618954e-08
/epuck2/cmd_vel,69.435871199,0.025,-8.742278012618954e-08
/epuck2/cmd_vel,69.447063295,0.025,-8.742278012618954e-08
/epuck2/cmd_vel,69.454610026,0.025,-8.742278012618954e-08
/epuck2/cmd_vel,69.463769086,0.025,-8.742278012618954e-08
/epuck2/cmd_vel,69.474477273,0.025,-8.742278012618954e-08
/epuck2/cmd_vel,69.482996022,0.025,-8.742278012618954e-08
/epuck2/cmd_vel,69.488153512,0.025,-8.742278012618954e-08
/epuck2/cmd_vel,69.499800916,0.025,-8.742278012618954e-08
/epuck2/cmd_vel,69.506617835,0.025,-8.742278012618954e-08
/epuck2/cmd_vel,69.51664591,0.025,-8.742278012618954e-08
/epuck2/cmd_vel,69.523330725,0.025,-8.742278012618954e-08
/epuck2/cmd_vel,69.536112445,0.025,-8.742278012618954e-08
/epuck2/cmd_vel,69.541288434,0.025,-8.742278012618954e-08
/epuck2/cmd_vel,69.549115769,0.025,-8.742278012618954e-08
/epuck2/cmd_vel,69.558947738,0.025,-8.742278012618954e-08
/epuck2/cmd_vel,69.568714706,0.025,-8.742278012618954e-08
/epuck2/cmd_vel,69.573690092,0.025,-8.742278012618954e-08
/epuck2/cmd_vel,69.584926086,0.025,-8.742278012618954e-08
/epuck2/cmd_vel,69.590055774,0.025,-8.742278012618954e-08
/epuck2/cmd_vel,69.602557489,0.025,-8.742278012618954e-08
/epuck2/cmd_vel,69.609661112,0.025,-8.742278012618954e-08
/epuck2/cmd_vel,69.618985172,0.025,-8.742278012618954e-08
/epuck2/cmd_vel,69.629407752,0.025,-8.742278012618954e-08
/epuck2/cmd_vel,69.638442007,0.025,-8.742278012618954e-08
/epuck2/cmd_vel,69.649935205,0.025,-8.742278012618954e-08
/epuck2/cmd_vel,69.659648173,0.025,-8.742278012618954e-08
/epuck2/cmd_vel,69.665580675,0.025,-8.742278012618954e-08
/epuck2/cmd_vel,69.676277659,0.025,-8.742278012618954e-08
/epuck2/cmd_vel,69.682938474,0.025,-8.742278012618954e-08
/epuck2/cmd_vel,69.694429072,0.025,-8.742278012618954e-08
/epuck2/cmd_vel,69.700826882,0.025,-8.742278012618954e-08
/epuck2/cmd_vel,69.713608302,0.025,-8.742278012618954e-08
/epuck2/cmd_vel,69.719653706,0.025,-8.742278012618954e-08
/epuck2/cmd_vel,69.734345659,0.025,-8.742278012618954e-08
/epuck2/cmd_vel,69.738697234,0.025,-8.742278012618954e-08
/epuck2/cmd_vel,69.747524186,0.025,-8.742278012618954e-08
/epuck2/cmd_vel,69.756307037,0.025,-8.742278012618954e-08
/epuck2/cmd_vel,69.765002287,0.025,-8.742278012618954e-08
/epuck2/cmd_vel,69.770513082,0.025,-8.742278012618954e-08
/epuck2/cmd_vel,69.783346503,0.025,-8.742278012618954e-08
/epuck2/cmd_vel,69.78725097,0.025,-8.742278012618954e-08
/epuck2/cmd_vel,69.798216659,0.025,-8.742278012618954e-08
/epuck2/cmd_vel,69.80404516,0.025,-8.742278012618954e-08
/epuck2/cmd_vel,69.813241618,0.025,-8.742278012618954e-08
/epuck2/cmd_vel,69.82320879,0.025,-8.742278012618954e-08
/epuck2/cmd_vel,69.830696719,0.025,-8.742278012618954e-08
/epuck2/cmd_vel,69.836376217,0.025,-8.742278012618954e-08
/epuck2/cmd_vel,69.849800848,0.025,-8.742278012618954e-08
/epuck2/cmd_vel,69.854987937,0.025,-8.742278012618954e-08
/epuck2/cmd_vel,69.866226431,0.025,-8.742278012618954e-08
/epuck2/cmd_vel,69.875794896,0.025,-8.742278012618954e-08
/epuck2/cmd_vel,69.893559502,0.025,-8.742278012618954e-08
/epuck2/cmd_vel,69.898904694,0.025,-8.742278012618954e-08
/epuck2/cmd_vel,69.911639413,0.025,-8.742278012618954e-08
/epuck2/cmd_vel,69.918296828,0.025,-8.742278012618954e-08
/epuck2/cmd_vel,69.934200802,0.025,-8.742278012618954e-08
/epuck2/cmd_vel,69.93819727,0.025,-8.742278012618954e-08
/epuck2/cmd_vel,69.947980239,0.025,-8.742278012618954e-08
/epuck2/cmd_vel,69.957742507,0.025,-8.742278012618954e-08
/epuck2/cmd_vel,69.966322055,0.025,-8.742278012618954e-08
/epuck2/cmd_vel,69.976631632,0.025,-8.742278012618954e-08
/epuck2/cmd_vel,69.985946893,0.025,-8.742278012618954e-08
/epuck2/cmd_vel,69.991317385,0.025,-8.742278012618954e-08
/epuck2/cmd_vel,70.005559631,0.025,-8.742278012618954e-08
/epuck2/cmd_vel,70.008538482,0.025,-8.742278012618954e-08
/epuck2/cmd_vel,70.020736392,0.025,-8.742278012618954e-08
/epuck2/cmd_vel,70.027381506,0.025,-8.742278012618954e-08
/epuck2/cmd_vel,70.035862453,0.025,-8.742278012618954e-08
/epuck2/cmd_vel,70.045681022,0.025,-8.742278012618954e-08
/epuck2/cmd_vel,70.055268887,0.025,-8.742278012618954e-08
/epuck2/cmd_vel,70.063241124,0.025,-8.742278012618954e-08
/epuck2/cmd_vel,70.073992009,0.025,-8.742278012618954e-08
/epuck2/cmd_vel,70.079070097,0.025,-8.742278012618954e-08
/epuck2/cmd_vel,70.095864586,0.025,-8.742278012618954e-08
/epuck2/cmd_vel,70.108329401,0.025,-8.742278012618954e-08
/epuck2/cmd_vel,70.124120573,0.025,-8.742278012618954e-08
/epuck2/cmd_vel,70.133689537,0.025,-8.742278012618954e-08
/epuck2/cmd_vel,70.142168083,0.025,-8.742278012618954e-08
/epuck2/cmd_vel,70.152619864,0.025,-8.742278012618954e-08
/epuck2/cmd_vel,70.161431315,0.025,-8.742278012618954e-08
/epuck2/cmd_vel,70.168202232,0.025,-8.742278012618954e-08
/epuck2/cmd_vel,70.180820849,0.025,-8.742278012618954e-08
/epuck2/cmd_vel,70.187875271,0.025,-8.742278012618954e-08
/epuck2/cmd_vel,70.197550737,0.025,-8.742278012618954e-08
/epuck2/cmd_vel,70.202530423,0.025,-8.742278012618954e-08
/epuck2/cmd_vel,70.217090174,0.025,-8.742278012618954e-08
/epuck2/cmd_vel,70.222366465,0.025,-8.742278012618954e-08
/epuck2/cmd_vel,70.23138002,0.025,-8.742278012618954e-08
/epuck2/cmd_vel,70.24125949,0.025,-8.742278012618954e-08
/epuck2/cmd_vel,70.248065207,0.025,-8.742278012618954e-08
/epuck2/cmd_vel,70.255126729,0.025,-8.742278012618954e-08
/epuck2/cmd_vel,70.269974385,0.025,-8.742278012618954e-08
/epuck2/cmd_vel,70.276515697,0.025,-8.742278012618954e-08
/epuck2/cmd_vel,70.289094514,0.025,-8.742278012618954e-08
/epuck2/cmd_vel,70.293232585,0.025,-8.742278012618954e-08
/epuck2/cmd_vel,70.305589198,0.025,-8.742278012618954e-08
/epuck2/cmd_vel,70.312382715,0.025,-8.742278012618954e-08
/epuck2/cmd_vel,70.322865396,0.025,-8.742278012618954e-08
/epuck2/cmd_vel,70.331115238,0.025,-8.742278012618954e-08
/epuck2/cmd_vel,70.339877789,0.025,-8.742278012618954e-08
/epuck2/cmd_vel,70.347942828,0.025,-8.742278012618954e-08
/epuck2/cmd_vel,70.358601811,0.025,-8.742278012618954e-08
/epuck2/cmd_vel,70.365651533,0.025,-8.742278012618954e-08
/epuck2/cmd_vel,70.376405618,0.025,-8.742278012618954e-08
/epuck2/cmd_vel,70.38291683,0.025,-8.742278012618954e-08
/epuck2/cmd_vel,70.393617714,0.025,-8.742278012618954e-08
/epuck2/cmd_vel,70.399892722,0.025,-8.742278012618954e-08
/epuck2/cmd_vel,70.40842977,0.025,-8.742278012618954e-08
/epuck2/cmd_vel,70.417711329,0.025,-8.742278012618954e-08
/epuck2/cmd_vel,70.427469597,0.025,-8.742278012618954e-08
/epuck2/cmd_vel,70.436622055,0.025,-8.742278012618954e-08
/epuck2/cmd_vel,70.445440707,0.025,-8.742278012618954e-08
/epuck2/cmd_vel,70.451565212,0.025,-8.742278012618954e-08
/epuck2/cmd_vel,70.46421483,0.025,-8.742278012618954e-08
/epuck2/cmd_vel,70.470410637,0.025,-8.742278012618954e-08
/epuck2/cmd_vel,70.481712232,0.025,-8.742278012618954e-08
/epuck2/cmd_vel,70.487575333,0.025,-8.742278012618954e-08
/epuck2/cmd_vel,70.499642941,0.025,-8.742278012618954e-08
/epuck2/cmd_vel,70.504108517,0.025,-8.742278012618954e-08
/epuck2/cmd_vel,70.515142707,0.025,-8.742278012618954e-08
/epuck2/cmd_vel,70.524574168,0.025,-8.742278012618954e-08
/epuck2/cmd_vel,70.533621121,0.025,-8.742278012618954e-08
/epuck2/cmd_vel,70.543627591,0.025,-8.742278012618954e-08
/epuck2/cmd_vel,70.551099318,0.025,-8.742278012618954e-08
/epuck2/cmd_vel,70.557224122,0.025,-8.742278012618954e-08
/epuck2/cmd_vel,70.570954355,0.025,-8.742278012618954e-08
/epuck2/cmd_vel,70.576147943,0.025,-8.742278012618954e-08
/epuck2/cmd_vel,70.589627772,0.025,-8.742278012618954e-08
/epuck2/cmd_vel,70.593868444,0.025,-8.742278012618954e-08
/epuck2/cmd_vel,70.602067384,0.025,-8.742278012618954e-08
/epuck2/cmd_vel,70.612103654,0.025,-8.742278012618954e-08
/epuck2/cmd_vel,70.620962905,0.025,-8.742278012618954e-08
/epuck2/cmd_vel,70.629147444,0.025,-8.742278012618954e-08
/epuck2/cmd_vel,70.636212664,0.025,-8.742278012618954e-08
/epuck2/cmd_vel,70.642621372,0.025,-8.742278012618954e-08
/epuck2/cmd_vel,70.653795562,0.025,-8.742278012618954e-08
/epuck2/cmd_vel,70.660059268,0.025,-8.742278012618954e-08
/epuck2/cmd_vel,70.673249792,0.025,-8.742278012618954e-08
/epuck2/cmd_vel,70.67543403,0.025,-8.742278012618954e-08
/epuck2/cmd_vel,70.68310806,0.025,-8.742278012618954e-08
/epuck2/cmd_vel,70.687277131,0.025,-8.742278012618954e-08
/epuck2/cmd_vel,70.699507938,0.025,-8.742278012618954e-08
/epuck2/cmd_vel,70.704958831,0.025,-8.742278012618954e-08
/epuck2/cmd_vel,70.717145238,0.025,-8.742278012618954e-08
/epuck2/cmd_vel,70.723628048,0.025,-8.742278012618954e-08
/epuck2/cmd_vel,70.730603967,0.025,-8.742278012618954e-08
/epuck2/cmd_vel,70.740060927,0.025,-8.742278012618954e-08
/epuck2/cmd_vel,70.748616772,0.025,-8.742278012618954e-08
/epuck2/cmd_vel,70.754856278,0.025,-8.742278012618954e-08
/epuck2/cmd_vel,70.766821882,0.025,-8.742278012618954e-08
/epuck2/cmd_vel,70.772113971,0.025,-8.742278012618954e-08
/epuck2/cmd_vel,70.786833621,0.025,-8.742278012618954e-08
/epuck2/cmd_vel,70.792325415,0.025,-8.742278012618954e-08
/epuck2/cmd_vel,70.804590723,0.025,-8.742278012618954e-08
/epuck2/cmd_vel,70.812027449,0.025,-8.742278012618954e-08
/epuck2/cmd_vel,70.826418594,0.025,-8.742278012618954e-08
/epuck2/cmd_vel,70.832970405,0.025,-8.742278012618954e-08
/epuck2/cmd_vel,70.88157003,0.025,-8.742278012618954e-08
/epuck2/cmd_vel,70.886060607,0.025,-8.742278012618954e-08
/epuck2/cmd_vel,70.894805755,0.025,-8.742278012618954e-08
/epuck2/cmd_vel,70.906459653,0.025,-8.742278012618954e-08
/epuck2/cmd_vel,70.91804315,0.025,-8.742278012618954e-08
/epuck2/cmd_vel,70.931220773,0.025,-8.742278012618954e-08
/epuck2/cmd_vel,70.954287804,0.025,-8.742278012618954e-08
/epuck2/cmd_vel,70.964621824,0.025,-8.742278012618954e-08
/epuck2/cmd_vel,70.979573408,0.025,-8.742278012618954e-08
/epuck2/cmd_vel,70.986629753,0.025,-8.742278012618954e-08
/epuck2/cmd_vel,70.999466853,0.025,-8.742278012618954e-08
/epuck2/cmd_vel,71.0062861,0.025,-8.742278012618954e-08
/epuck2/cmd_vel,71.01397914,0.025,-8.742278012618954e-08
/epuck2/cmd_vel,71.02305267,0.025,-8.742278012618954e-08
/epuck2/cmd_vel,71.032109099,0.025,-8.742278012618954e-08
/epuck2/cmd_vel,71.041227329,0.025,-8.742278012618954e-08
/epuck2/cmd_vel,71.048271574,0.025,-8.742278012618954e-08
/epuck2/cmd_vel,71.054583125,0.025,-8.742278012618954e-08
/epuck2/cmd_vel,71.065789438,0.025,-8.742278012618954e-08
/epuck2/cmd_vel,71.071320395,0.025,-8.742278012618954e-08
/epuck2/cmd_vel,71.083922497,0.025,-8.742278012618954e-08
/epuck2/cmd_vel,71.089758952,0.025,-8.742278012618954e-08
/epuck2/cmd_vel,71.098253286,0.025,-8.742278012618954e-08
/epuck2/cmd_vel,71.10804981,0.025,-8.742278012618954e-08
/epuck2/cmd_vel,71.119185323,0.025,-8.742278012618954e-08
/epuck2/cmd_vel,71.127171061,0.025,-8.742278012618954e-08
/epuck2/cmd_vel,71.135230698,0.025,-8.742278012618954e-08
/epuck2/cmd_vel,71.140831555,0.025,-8.742278012618954e-08
/epuck2/cmd_vel,71.154120952,0.025,-8.742278012618954e-08
/epuck2/cmd_vel,71.161446095,0.025,-8.742278012618954e-08
/epuck2/cmd_vel,71.174075397,0.025,-8.742278012618954e-08
/epuck2/cmd_vel,71.179586654,0.025,-8.742278012618954e-08
/epuck2/cmd_vel,71.193269648,0.025,-8.742278012618954e-08
/epuck2/cmd_vel,71.198349508,0.025,-8.742278012618954e-08
/epuck2/cmd_vel,71.208348131,0.025,-8.742278012618954e-08
/epuck2/cmd_vel,71.216888164,0.025,-8.742278012618954e-08
/epuck2/cmd_vel,71.224891902,0.025,-8.742278012618954e-08
/epuck2/cmd_vel,71.230503558,0.025,-8.742278012618954e-08
/epuck2/cmd_vel,71.243641656,0.025,-8.742278012618954e-08
/epuck2/cmd_vel,71.251007499,0.025,-8.742278012618954e-08
/epuck2/cmd_vel,71.263202004,0.025,-8.742278012618954e-08
/epuck2/cmd_vel,71.273097028,0.025,-8.742278012618954e-08
/epuck2/cmd_vel,71.288728106,0.025,-8.742278012618954e-08
/epuck2/cmd_vel,71.293763567,0.025,-8.742278012618954e-08
/epuck2/cmd_vel,71.305962472,0.025,-8.742278012618954e-08
/epuck2/cmd_vel,71.311011833,0.025,-8.742278012618954e-08
/epuck2/cmd_vel,71.323887833,0.025,-8.742278012618954e-08
/epuck2/cmd_vel,71.329889786,0.025,-8.742278012618954e-08
/epuck2/cmd_vel,71.339414812,0.025,-8.742278012618954e-08
/epuck2/cmd_vel,71.347221252,0.025,-8.742278012618954e-08
/epuck2/cmd_vel,71.354903792,0.025,-8.742278012618954e-08
/epuck2/cmd_vel,71.361149544,0.025,-8.742278012618954e-08
/epuck2/cmd_vel,71.373846345,0.025,-8.742278012618954e-08
/epuck2/cmd_vel,71.380218796,0.025,-8.742278012618954e-08
/epuck2/cmd_vel,71.392881997,0.025,-8.742278012618954e-08
/epuck2/cmd_vel,71.40023984,0.025,-8.742278012618954e-08
/epuck2/cmd_vel,71.414051533,0.025,-8.742278012618954e-08
/epuck2/cmd_vel,71.426260038,0.025,-8.742278012618954e-08
/epuck2/cmd_vel,71.438431443,0.025,-8.742278012618954e-08
/epuck2/cmd_vel,71.442469612,0.025,-8.742278012618954e-08
/epuck2/cmd_vel,71.44921736,0.025,-8.742278012618954e-08
/epuck2/cmd_vel,71.458981684,0.025,-8.742278012618954e-08
/epuck2/cmd_vel,71.467658516,0.025,-8.742278012618954e-08
/epuck2/cmd_vel,71.472613278,0.025,-8.742278012618954e-08
/epuck2/cmd_vel,71.485486278,0.025,-8.742278012618954e-08
/epuck2/cmd_vel,71.490219941,0.025,-8.742278012618954e-08
/epuck2/cmd_vel,71.505193625,0.025,-8.742278012618954e-08
/epuck2/cmd_vel,71.508144002,0.025,-8.742278012618954e-08
/epuck2/cmd_vel,71.515638543,0.025,-8.742278012618954e-08
/epuck2/cmd_vel,71.525087868,0.025,-8.742278012618954e-08
/epuck2/cmd_vel,71.534004996,0.025,-8.742278012618954e-08
/epuck2/cmd_vel,71.539049056,0.025,-8.742278012618954e-08
/epuck2/cmd_vel,71.549065076,0.025,-8.742278012618954e-08
/epuck2/cmd_vel,71.555284726,0.025,-8.742278012618954e-08
/epuck2/cmd_vel,71.568732118,0.025,-8.742278012618954e-08
/epuck2/cmd_vel,71.574151275,0.025,-8.742278012618954e-08
/epuck2/cmd_vel,71.583725798,0.025,-8.742278012618954e-08
/epuck2/cmd_vel,71.592204131,0.025,-8.742278012618954e-08
/epuck2/cmd_vel,71.602952845,0.025,-8.742278012618954e-08
/epuck2/cmd_vel,71.61226227,0.025,-8.742278012618954e-08
/epuck2/cmd_vel,71.620879401,0.025,-8.742278012618954e-08
/epuck2/cmd_vel,71.626173259,0.025,-8.742278012618954e-08
/epuck2/cmd_vel,71.63730777,0.025,-8.742278012618954e-08
/epuck2/cmd_vel,71.641592035,0.025,-8.742278012618954e-08
/epuck2/cmd_vel,71.654872529,0.025,-8.742278012618954e-08
/epuck2/cmd_vel,71.659450292,0.025,-8.742278012618954e-08
/epuck2/cmd_vel,71.669164115,0.025,-8.742278012618954e-08
/epuck2/cmd_vel,71.677432148,0.025,-8.742278012618954e-08
/epuck2/cmd_vel,71.686545475,0.025,-8.742278012618954e-08
/epuck2/cmd_vel,71.691236338,0.025,-8.742278012618954e-08
/epuck2/cmd_vel,71.701664254,0.025,-8.742278012618954e-08
/epuck2/cmd_vel,71.709296393,0.025,-8.742278012618954e-08
/epuck2/cmd_vel,71.720258006,0.025,-8.742278012618954e-08
/epuck2/cmd_vel,71.727776445,0.025,-8.742278012618954e-08
/epuck2/cmd_vel,71.739428752,0.025,-8.742278012618954e-08
/epuck2/cmd_vel,71.746340897,0.025,-8.742278012618954e-08
/epuck2/cmd_vel,71.757680606,0.025,-8.742278012618954e-08
/epuck2/cmd_vel,71.763299361,0.025,-8.742278012618954e-08
/epuck2/cmd_vel,71.771715394,0.025,-8.742278012618954e-08
/epuck2/cmd_vel,71.777041951,0.025,-8.742278012618954e-08
/epuck2/cmd_vel,71.787956264,0.025,-8.742278012618954e-08
/epuck2/cmd_vel,71.79462811,0.025,-8.742278012618954e-08
/epuck2/cmd_vel,71.807219909,0.025,-8.742278012618954e-08
/epuck2/cmd_vel,71.812846164,0.025,-8.742278012618954e-08
/epuck2/cmd_vel,71.820586202,0.025,-8.742278012618954e-08
/epuck2/cmd_vel,71.830627522,0.025,-8.742278012618954e-08
/epuck2/cmd_vel,71.837238969,0.025,-8.742278012618954e-08
/epuck2/cmd_vel,71.842480027,0.025,-8.742278012618954e-08
/epuck2/cmd_vel,71.853809636,0.025,-8.742278012618954e-08
/epuck2/cmd_vel,71.860497283,0.025,-8.742278012618954e-08
/epuck2/cmd_vel,71.869929907,0.025,-8.742278012618954e-08
/epuck2/cmd_vel,71.876708453,0.025,-8.742278012618954e-08
/epuck2/cmd_vel,71.885439483,0.025,-8.742278012618954e-08
/epuck2/cmd_vel,71.894245913,0.025,-8.742278012618954e-08
/epuck2/cmd_vel,71.904128534,0.025,-8.742278012618954e-08
/epuck2/cmd_vel,71.912736465,0.025,-8.742278012618954e-08
/epuck2/cmd_vel,71.920212905,0.025,-8.742278012618954e-08
/epuck2/cmd_vel,71.927576546,0.025,-8.742278012618954e-08
/epuck2/cmd_vel,71.941830932,0.025,-8.742278012618954e-08
/epuck2/cmd_vel,71.947581786,0.025,-8.742278012618954e-08
/epuck2/cmd_vel,71.958419099,0.025,-8.742278012618954e-08
/epuck2/cmd_vel,71.966122937,0.025,-8.742278012618954e-08
/epuck2/cmd_vel,71.978883135,0.025,-8.742278012618954e-08
/epuck2/cmd_vel,71.98573768,0.025,-8.742278012618954e-08
/epuck2/cmd_vel,71.991964231,0.025,-8.742278012618954e-08
/epuck2/cmd_vel,72.002434547,0.025,-8.742278012618954e-08
/epuck2/cmd_vel,72.009407891,0.025,-8.742278012618954e-08
/epuck2/cmd_vel,72.015407143,0.025,-8.742278012618954e-08
/epuck2/cmd_vel,72.030175425,0.025,-8.742278012618954e-08
/epuck2/cmd_vel,72.03447439,0.025,-8.742278012618954e-08
/epuck2/cmd_vel,72.047329687,0.025,-8.742278012618954e-08
/epuck2/cmd_vel,72.054697328,0.025,-8.742278012618954e-08
/epuck2/cmd_vel,72.065640941,0.025,-8.742278012618954e-08
/epuck2/cmd_vel,72.071384795,0.025,-8.742278012618954e-08
/epuck2/cmd_vel,72.080551221,0.025,-8.742278012618954e-08
/epuck2/cmd_vel,72.090488742,0.025,-8.742278012618954e-08
/epuck2/cmd_vel,72.097856683,0.025,-8.742278012618954e-08
/epuck2/cmd_vel,72.108719596,0.025,-8.742278012618954e-08
/epuck2/cmd_vel,72.119193912,0.025,-8.742278012618954e-08
/epuck2/cmd_vel,72.123561177,0.025,-8.742278012618954e-08
/epuck2/cmd_vel,72.134680288,0.025,-8.742278012618954e-08
/epuck2/cmd_vel,72.141603933,0.025,-8.742278012618954e-08
/epuck2/cmd_vel,72.15322034,0.025,-8.742278012618954e-08
/epuck2/cmd_vel,72.160301783,0.025,-8.742278012618954e-08
/epuck2/cmd_vel,72.173016481,0.025,-8.742278012618954e-08
/epuck2/cmd_vel,72.180229324,0.025,-8.742278012618954e-08
/epuck2/cmd_vel,72.192947022,0.025,-8.742278012618954e-08
/epuck2/cmd_vel,72.197801683,0.025,-8.742278012618954e-08
/epuck2/cmd_vel,72.208317299,0.025,-8.742278012618954e-08
/epuck2/cmd_vel,72.217744123,0.025,-8.742278012618954e-08
/epuck2/cmd_vel,72.225898658,0.025,-8.742278012618954e-08
/epuck2/cmd_vel,72.234611588,0.025,-8.742278012618954e-08
/epuck2/cmd_vel,72.242892122,0.025,-8.742278012618954e-08
/epuck2/cmd_vel,72.249207771,0.025,-8.742278012618954e-08
/epuck2/cmd_vel,72.259556588,0.025,-8.742278012618954e-08
/epuck2/cmd_vel,72.264947545,0.025,-8.742278012618954e-08
/epuck2/cmd_vel,72.275938557,0.025,-8.742278012618954e-08
/epuck2/cmd_vel,72.281985809,0.025,-8.742278012618954e-08
/epuck2/cmd_vel,72.29056494,0.025,-8.742278012618954e-08
/epuck2/cmd_vel,72.299236171,0.025,-8.742278012618954e-08
/epuck2/cmd_vel,72.307560004,0.025,-8.742278012618954e-08
/epuck2/cmd_vel,72.312954861,0.025,-8.742278012618954e-08
/epuck2/cmd_vel,72.32304518,0.025,-8.742278012618954e-08
/epuck2/cmd_vel,72.330224623,0.025,-8.742278012618954e-08
/epuck2/cmd_vel,72.344120612,0.025,-8.742278012618954e-08
/epuck2/cmd_vel,72.348430277,0.025,-8.742278012618954e-08
/epuck2/cmd_vel,72.356119216,0.025,-8.742278012618954e-08
/epuck2/cmd_vel,72.366413233,0.025,-8.742278012618954e-08
/epuck2/cmd_vel,72.37425187,0.025,-8.742278012618954e-08
/epuck2/cmd_vel,72.379062732,0.025,-8.742278012618954e-08
/epuck2/cmd_vel,72.391490432,0.025,-8.742278012618954e-08
/epuck2/cmd_vel,72.397099187,0.025,-8.742278012618954e-08
/epuck2/cmd_vel,72.408979992,0.025,-8.742278012618954e-08
/epuck2/cmd_vel,72.415189843,0.025,-8.742278012618954e-08
/epuck2/cmd_vel,72.423971272,0.025,-8.742278012618954e-08
/epuck2/cmd_vel,72.431973508,0.025,-8.742278012618954e-08
/epuck2/cmd_vel,72.440222942,0.025,-8.742278012618954e-08
/epuck2/cmd_vel,72.445362201,0.025,-8.742278012618954e-08
/epuck2/cmd_vel,72.45677051,0.025,-8.742278012618954e-08
/epuck2/cmd_vel,72.462661863,0.025,-8.742278012618954e-08
/epuck2/cmd_vel,72.473614275,0.025,-8.742278012618954e-08
/epuck2/cmd_vel,72.480194422,0.025,-8.742278012618954e-08
/epuck2/cmd_vel,72.488219458,0.025,-8.742278012618954e-08
/epuck2/cmd_vel,72.499112171,0.025,-8.742278012618954e-08
/epuck2/cmd_vel,72.508328197,0.025,-8.742278012618954e-08
/epuck2/cmd_vel,72.516423432,0.025,-8.742278012618954e-08
/epuck2/cmd_vel,72.526107452,0.025,-8.742278012618954e-08
/epuck2/cmd_vel,72.531938204,0.025,-8.742278012618954e-08
/epuck2/cmd_vel,72.545371893,0.025,-8.742278012618954e-08
/epuck2/cmd_vel,72.54946106,0.025,-8.742278012618954e-08
/epuck2/cmd_vel,72.563028348,0.025,-8.742278012618954e-08
/epuck2/cmd_vel,72.568828,0.025,-8.742278012618954e-08
/epuck2/cmd_vel,72.581452696,0.025,-8.742278012618954e-08
/epuck2/cmd_vel,72.586435955,0.025,-8.742278012618954e-08
/epuck2/cmd_vel,72.597271966,0.025,-8.742278012618954e-08
/epuck2/cmd_vel,72.604968202,0.025,-8.742278012618954e-08
/epuck2/cmd_vel,72.617361,0.025,-8.742278012618954e-08
/epuck2/cmd_vel,72.623853247,0.025,-8.742278012618954e-08
/epuck2/cmd_vel,72.63442066,0.025,-8.742278012618954e-08
/epuck2/cmd_vel,72.645217971,0.025,-8.742278012618954e-08
/epuck2/cmd_vel,72.654937191,0.025,-8.742278012618954e-08
/epuck2/cmd_vel,72.660118148,0.025,-8.742278012618954e-08
/epuck2/cmd_vel,72.673528438,0.025,-8.742278012618954e-08
/epuck2/cmd_vel,72.678577396,0.025,-8.742278012618954e-08
/epuck2/cmd_vel,72.691852187,0.025,-8.742278012618954e-08
/epuck2/cmd_vel,72.697889837,0.025,-8.742278012618954e-08
/epuck2/cmd_vel,72.710298735,0.025,-8.742278012618954e-08
/epuck2/cmd_vel,72.71575509,0.025,-8.742278012618954e-08
/epuck2/cmd_vel,72.725973505,0.025,-8.742278012618954e-08
/epuck2/cmd_vel,72.734997631,0.025,-8.742278012618954e-08
/epuck2/cmd_vel,72.744950049,0.025,-8.742278012618954e-08
/epuck2/cmd_vel,72.754118074,0.025,-8.742278012618954e-08
/epuck2/cmd_vel,72.763406497,0.025,-8.742278012618954e-08
/epuck2/cmd_vel,72.769829444,0.025,-8.742278012618954e-08
/epuck2/cmd_vel,72.784450224,0.025,-8.742278012618954e-08
/epuck2/cmd_vel,72.787210401,0.025,-8.742278012618954e-08
/epuck2/cmd_vel,72.799551399,0.025,-8.742278012618954e-08
/epuck2/cmd_vel,72.80558715,0.025,-8.742278012618954e-08
/epuck2/cmd_vel,72.816760458,0.025,-8.742278012618954e-08
/epuck2/cmd_vel,72.825367887,0.025,-8.742278012618954e-08
/epuck2/cmd_vel,72.834529511,0.025,-8.742278012618954e-08
/epuck2/cmd_vel,72.844276131,0.025,-8.742278012618954e-08
/epuck2/cmd_vel,72.855547838,0.025,-8.742278012618954e-08
/epuck2/cmd_vel,72.861624788,0.025,-8.742278012618954e-08
/epuck2/cmd_vel,72.869227625,0.025,-8.742278012618954e-08
/epuck2/cmd_vel,72.874946978,0.025,-8.742278012618954e-08
/epuck2/cmd_vel,72.882826213,0.025,-8.742278012618954e-08
/epuck2/cmd_vel,72.891045646,0.025,-8.742278012618954e-08
/epuck2/cmd_vel,72.900023472,0.025,-8.742278012618954e-08
/epuck2/cmd_vel,72.904737933,0.025,-8.742278012618954e-08
/epuck2/cmd_vel,72.916815633,0.025,-8.742278012618954e-08
/epuck2/cmd_vel,72.92454107,0.025,-8.742278012618954e-08
/epuck2/cmd_vel,72.932863401,0.025,-8.742278012618954e-08
/epuck2/cmd_vel,72.940852735,0.025,-8.742278012618954e-08
/epuck2/cmd_vel,72.949108567,0.025,-8.742278012618954e-08
/epuck2/cmd_vel,72.958746588,0.025,-8.742278012618954e-08
/epuck2/cmd_vel,72.965026936,0.025,-8.742278012618954e-08
/epuck2/cmd_vel,72.970910488,0.025,-8.742278012618954e-08
/epuck2/cmd_vel,72.982323094,0.025,-8.742278012618954e-08
/epuck2/cmd_vel,72.987342352,0.025,-8.742278012618954e-08
/epuck2/cmd_vel,72.99858576,0.025,-8.742278012618954e-08
/epuck2/cmd_vel,73.005227205,0.025,-8.742278012618954e-08
/epuck2/cmd_vel,73.01303294,0.025,-8.742278012618954e-08
/epuck2/cmd_vel,73.023071958,0.025,-8.742278012618954e-08
/epuck2/cmd_vel,73.032053684,0.025,-8.742278012618954e-08
/epuck2/cmd_vel,73.041455706,0.025,-8.742278012618954e-08
/epuck2/cmd_vel,73.050228534,0.025,-8.742278012618954e-08
/epuck2/cmd_vel,73.055948587,0.025,-8.742278012618954e-08
/epuck2/cmd_vel,73.067594191,0.025,-8.742278012618954e-08
/epuck2/cmd_vel,73.074259636,0.025,-8.742278012618954e-08
/epuck2/cmd_vel,73.085598243,0.025,-8.742278012618954e-08
/epuck2/cmd_vel,73.091112497,0.025,-8.742278012618954e-08
/epuck2/cmd_vel,73.103703993,0.025,-8.742278012618954e-08
/epuck2/cmd_vel,73.111524129,0.025,-8.742278012618954e-08
/epuck2/cmd_vel,73.119100467,0.025,-8.742278012618954e-08
/epuck2/cmd_vel,73.128767887,0.025,-8.742278012618954e-08
/epuck2/cmd_vel,73.138243209,0.025,-8.742278012618954e-08
/epuck2/cmd_vel,73.149913313,0.025,-8.742278012618954e-08
/epuck2/cmd_vel,73.157275152,0.025,-8.742278012618954e-08
/epuck2/cmd_vel,73.163080204,0.025,-8.742278012618954e-08
/epuck2/cmd_vel,73.173903515,0.025,-8.742278012618954e-08
/epuck2/cmd_vel,73.179571068,0.025,-8.742278012618954e-08
/epuck2/cmd_vel,73.191884367,0.025,-8.742278012618954e-08
/epuck2/cmd_vel,73.197108724,0.025,-8.742278012618954e-08
/epuck2/cmd_vel,73.205314656,0.025,-8.742278012618954e-08
/epuck2/cmd_vel,73.215475173,0.025,-8.742278012618954e-08
/epuck2/cmd_vel,73.224956995,0.025,-8.742278012618954e-08
/epuck2/cmd_vel,73.23401692,0.025,-8.742278012618954e-08
/epuck2/cmd_vel,73.245365326,0.025,-8.742278012618954e-08
/epuck2/cmd_vel,73.256300136,0.025,-8.742278012618954e-08
/epuck2/cmd_vel,73.26559266,0.025,-8.742278012618954e-08
/epuck2/cmd_vel,73.2727866,0.025,-8.742278012618954e-08
/epuck2/cmd_vel,73.281629928,0.025,-8.742278012618954e-08
/epuck2/cmd_vel,73.287566279,0.025,-8.742278012618954e-08
/epuck2/cmd_vel,73.301390165,0.025,-8.742278012618954e-08
/epuck2/cmd_vel,73.306009227,0.025,-8.742278012618954e-08
/epuck2/cmd_vel,73.314190559,0.025,-8.742278012618954e-08
/epuck2/cmd_vel,73.323170585,0.025,-8.742278012618954e-08
/epuck2/cmd_vel,73.331893814,0.025,-8.742278012618954e-08
/epuck2/cmd_vel,73.340584842,0.025,-8.742278012618954e-08
/epuck2/cmd_vel,73.348539876,0.025,-8.742278012618954e-08
/epuck2/cmd_vel,73.357068206,0.025,-8.742278012618954e-08
/epuck2/cmd_vel,73.3699708,0.025,-8.742278012618954e-08
/epuck2/cmd_vel,73.372100882,0.025,-8.742278012618954e-08
/epuck2/cmd_vel,73.379993617,0.025,-8.742278012618954e-08
/epuck2/cmd_vel,73.389028043,0.025,-8.742278012618954e-08
/epuck2/cmd_vel,73.398585264,0.025,-8.742278012618954e-08
/epuck2/cmd_vel,73.407117094,0.025,-8.742278012618954e-08
/epuck2/cmd_vel,73.416304218,0.025,-8.742278012618954e-08
/epuck2/cmd_vel,73.422049071,0.025,-8.742278012618954e-08
/epuck2/cmd_vel,73.434371669,0.025,-8.742278012618954e-08
/epuck2/cmd_vel,73.439323728,0.025,-8.742278012618954e-08
/epuck2/cmd_vel,73.452245922,0.025,-8.742278012618954e-08
/epuck2/cmd_vel,73.458205673,0.025,-8.742278012618954e-08
/epuck2/cmd_vel,73.465094916,0.025,-8.742278012618954e-08
/epuck2/cmd_vel,73.473345548,0.025,-8.742278012618954e-08
/epuck2/cmd_vel,73.482416573,0.025,-8.742278012618954e-08
/epuck2/cmd_vel,73.48764223,0.025,-8.742278012618954e-08
/epuck2/cmd_vel,73.500036128,0.025,-8.742278012618954e-08
/epuck2/cmd_vel,73.506003779,0.025,-8.742278012618954e-08
/epuck2/cmd_vel,73.517795681,0.025,-8.742278012618954e-08
/epuck2/cmd_vel,73.524077228,0.025,-8.742278012618954e-08
/epuck2/cmd_vel,73.538102009,0.025,-8.742278012618954e-08
/epuck2/cmd_vel,73.543782061,0.025,-8.742278012618954e-08
/epuck2/cmd_vel,73.554904867,0.025,-8.742278012618954e-08
/epuck2/cmd_vel,73.564054689,0.025,-8.742278012618954e-08
/epuck2/cmd_vel,73.571664425,0.025,-8.742278012618954e-08
/epuck2/cmd_vel,73.578263569,0.025,-8.742278012618954e-08
/epuck2/cmd_vel,73.589881871,0.025,-8.742278012618954e-08
/epuck2/cmd_vel,73.595446524,0.025,-8.742278012618954e-08
/epuck2/cmd_vel,73.606728428,0.025,-8.742278012618954e-08
/epuck2/cmd_vel,73.612104983,0.025,-8.742278012618954e-08
/epuck2/cmd_vel,73.625680668,0.025,-8.742278012618954e-08
/epuck2/cmd_vel,73.631869815,0.025,-8.742278012618954e-08
/epuck2/cmd_vel,73.638979655,0.025,-8.742278012618954e-08
/epuck2/cmd_vel,73.648126977,0.025,-8.742278012618954e-08
/epuck2/cmd_vel,73.657796596,0.025,-8.742278012618954e-08
/epuck2/cmd_vel,73.662297657,0.025,-8.742278012618954e-08
/epuck2/cmd_vel,73.673999558,0.025,-8.742278012618954e-08
/epuck2/cmd_vel,73.679234814,0.025,-8.742278012618954e-08
/epuck2/cmd_vel,73.691746708,0.025,-8.742278012618954e-08
/epuck2/cmd_vel,73.697297761,0.025,-8.742278012618954e-08
/epuck2/cmd_vel,73.710700748,0.025,-8.742278012618954e-08
/epuck2/cmd_vel,73.716176101,0.025,-8.742278012618954e-08
/epuck2/cmd_vel,73.723524839,0.025,-8.742278012618954e-08
/epuck2/cmd_vel,73.734937842,0.025,-8.742278012618954e-08
/epuck2/cmd_vel,73.743278072,0.025,-8.742278012618954e-08
/epuck2/cmd_vel,73.756547659,0.025,-8.742278012618954e-08
/epuck2/cmd_vel,73.764176595,0.025,-8.742278012618954e-08
/epuck2/cmd_vel,73.770480841,0.025,-8.742278012618954e-08
/epuck2/cmd_vel,73.780586156,0.025,-8.742278012618954e-08
/epuck2/cmd_vel,73.788176391,0.025,-8.742278012618954e-08
/epuck2/cmd_vel,73.799939392,0.025,-8.742278012618954e-08
/epuck2/cmd_vel,73.808259421,0.025,-8.742278012618954e-08
/epuck2/cmd_vel,73.820587217,0.025,-8.742278012618954e-08
/epuck2/cmd_vel,73.82729906,0.025,-8.742278012618954e-08
/epuck2/cmd_vel,73.838502465,0.025,-8.742278012618954e-08
/epuck2/cmd_vel,73.84743409,0.025,-8.742278012618954e-08
/epuck2/cmd_vel,73.859490387,0.025,-8.742278012618954e-08
/epuck2/cmd_vel,73.865747834,0.025,-8.742278012618954e-08
/epuck2/cmd_vel,73.873859966,0.025,-8.742278012618954e-08
/epuck2/cmd_vel,73.88280169,0.025,-8.742278012618954e-08
/epuck2/cmd_vel,73.891237819,0.025,-8.742278012618954e-08
/epuck2/cmd_vel,73.900421941,0.025,-8.742278012618954e-08
/epuck2/cmd_vel,73.908043776,0.025,-8.742278012618954e-08
/epuck2/cmd_vel,73.916194607,0.025,-8.742278012618954e-08
/epuck2/cmd_vel,73.926660919,0.025,-8.742278012618954e-08
/epuck2/cmd_vel,73.932122172,0.025,-8.742278012618954e-08
/epuck2/cmd_vel,73.944645566,0.025,-8.742278012618954e-08
/epuck2/cmd_vel,73.95011922,0.025,-8.742278012618954e-08
/epuck2/cmd_vel,73.959830738,0.025,-8.742278012618954e-08
/epuck2/cmd_vel,73.965798887,0.025,-8.742278012618954e-08
/epuck2/cmd_vel,73.976677695,0.025,-8.742278012618954e-08
/epuck2/cmd_vel,73.979514971,0.025,-8.742278012618954e-08
/epuck2/cmd_vel,73.990855275,0.025,-8.742278012618954e-08
/epuck2/cmd_vel,73.997283921,0.025,-8.742278012618954e-08
/epuck2/cmd_vel,74.007777532,0.025,-8.742278012618954e-08
/epuck2/cmd_vel,74.013087787,0.025,-8.742278012618954e-08
/epuck2/cmd_vel,74.021168318,0.025,-8.742278012618954e-08
/epuck2/cmd_vel,74.03164603,0.025,-8.742278012618954e-08
/epuck2/cmd_vel,74.039640262,0.025,-8.742278012618954e-08
/epuck2/cmd_vel,74.050194872,0.025,-8.742278012618954e-08
/epuck2/cmd_vel,74.056821516,0.025,-8.742278012618954e-08
/epuck2/cmd_vel,74.060622984,0.025,-8.742278012618954e-08
/epuck2/cmd_vel,74.074913063,0.025,-8.742278012618954e-08
/epuck2/cmd_vel,74.079885221,0.025,-8.742278012618954e-08
/epuck2/cmd_vel,74.091105826,0.025,-8.742278012618954e-08
/epuck2/cmd_vel,74.095833086,0.025,-8.742278012618954e-08
/epuck2/cmd_vel,74.1059999,0.025,-8.742278012618954e-08
/epuck2/cmd_vel,74.115235022,0.025,-8.742278012618954e-08
/epuck2/cmd_vel,74.121552768,0.025,-8.742278012618954e-08
/epuck2/cmd_vel,74.129114304,0.025,-8.742278012618954e-08
/epuck2/cmd_vel,74.145116169,0.025,-8.742278012618954e-08
/epuck2/cmd_vel,74.150166926,0.025,-8.742278012618954e-08
/epuck2/cmd_vel,74.161866227,0.025,-8.742278012618954e-08
/epuck2/cmd_vel,74.167616678,0.025,-8.742278012618954e-08
/epuck2/cmd_vel,74.181656859,0.025,-8.742278012618954e-08
/epuck2/cmd_vel,74.18747281,0.025,-8.742278012618954e-08
/epuck2/cmd_vel,74.19572154,0.025,-8.742278012618954e-08
/epuck2/cmd_vel,74.202864279,0.025,-8.742278012618954e-08
/epuck2/cmd_vel,74.210532015,0.025,-8.742278012618954e-08
/epuck2/cmd_vel,74.217198858,0.025,-8.742278012618954e-08
/epuck2/cmd_vel,74.229371555,0.025,-8.742278012618954e-08
/epuck2/cmd_vel,74.236248497,0.025,-8.742278012618954e-08
/epuck2/cmd_vel,74.245988714,0.025,-8.742278012618954e-08
/epuck2/cmd_vel,74.253008255,0.025,-8.742278012618954e-08
/epuck2/cmd_vel,74.261598982,0.025,-8.742278012618954e-08
/epuck2/cmd_vel,74.270932203,0.025,-8.742278012618954e-08
/epuck2/cmd_vel,74.279398631,0.025,-8.742278012618954e-08
/epuck2/cmd_vel,74.283778394,0.025,-8.742278012618954e-08
/epuck2/cmd_vel,74.299093765,0.025,-8.742278012618954e-08
/epuck2/cmd_vel,74.303896224,0.025,-8.742278012618954e-08
/epuck2/cmd_vel,74.31497553,0.025,-8.742278012618954e-08
/epuck2/cmd_vel,74.320754281,0.025,-8.742278012618954e-08
/epuck2/cmd_vel,74.331730488,0.025,-8.742278012618954e-08
/epuck2/cmd_vel,74.337142642,0.025,-8.742278012618954e-08
/epuck2/cmd_vel,74.345945068,0.025,-8.742278012618954e-08
/epuck2/cmd_vel,74.353869001,0.025,-8.742278012618954e-08
/epuck2/cmd_vel,74.362408728,0.025,-8.742278012618954e-08
/epuck2/cmd_vel,74.368801274,0.025,-8.742278012618954e-08
/epuck2/cmd_vel,74.379660782,0.025,-8.742278012618954e-08
/epuck2/cmd_vel,74.385015337,0.025,-8.742278012618954e-08
/epuck2/cmd_vel,74.39766353,0.025,-8.742278012618954e-08
/epuck2/cmd_vel,74.403939777,0.025,-8.742278012618954e-08
/epuck2/cmd_vel,74.417210364,0.025,-8.742278012618954e-08
/epuck2/cmd_vel,74.423979807,0.025,-8.742278012618954e-08
/epuck2/cmd_vel,74.432985131,0.025,-8.742278012618954e-08
/epuck2/cmd_vel,74.444238535,0.025,-8.742278012618954e-08
/epuck2/cmd_vel,74.454064552,0.025,-8.742278012618954e-08
/epuck2/cmd_vel,74.463455873,0.025,-8.742278012618954e-08
/epuck2/cmd_vel,74.473608887,0.025,-8.742278012618954e-08
/epuck2/cmd_vel,74.482220814,0.025,-8.742278012618954e-08
/epuck2/cmd_vel,74.490798041,0.025,-8.742278012618954e-08
/epuck2/cmd_vel,74.496081396,0.025,-8.742278012618954e-08
/epuck2/cmd_vel,74.510440575,0.025,-8.742278012618954e-08
/epuck2/cmd_vel,74.516524623,0.025,-8.742278012618954e-08
/epuck2/cmd_vel,74.529654109,0.025,-8.742278012618954e-08
/epuck2/cmd_vel,74.536456149,0.025,-8.742278012618954e-08
/epuck2/cmd_vel,74.547771751,0.025,-8.742278012618954e-08
/epuck2/cmd_vel,74.552631009,0.025,-8.742278012618954e-08
/epuck2/cmd_vel,74.561392833,0.025,-8.742278012618954e-08
/epuck2/cmd_vel,74.56977316,0.025,-8.742278012618954e-08
/epuck2/cmd_vel,74.578758882,0.025,-8.742278012618954e-08
/epuck2/cmd_vel,74.584383433,0.025,-8.742278012618954e-08
/epuck2/cmd_vel,74.595715534,0.025,-8.742278012618954e-08
/epuck2/cmd_vel,74.602205878,0.025,-8.742278012618954e-08
/epuck2/cmd_vel,74.616954649,0.025,-8.742278012618954e-08
/epuck2/cmd_vel,74.624164887,0.025,-8.742278012618954e-08
/epuck2/cmd_vel,74.632664413,0.025,-8.742278012618954e-08
/epuck2/cmd_vel,74.643593918,0.025,-8.742278012618954e-08
/epuck2/cmd_vel,74.652685139,0.025,-8.742278012618954e-08
/epuck2/cmd_vel,74.662600653,0.025,-8.742278012618954e-08
/epuck2/cmd_vel,74.671832472,0.025,-8.742278012618954e-08
/epuck2/cmd_vel,74.677666122,0.025,-8.742278012618954e-08
/epuck2/cmd_vel,74.690107913,0.025,-8.742278012618954e-08
/epuck2/cmd_vel,74.696555357,0.025,-8.742278012618954e-08
/epuck2/cmd_vel,74.70886915,0.025,-8.742278012618954e-08
/epuck2/cmd_vel,74.712064022,0.025,-8.742278012618954e-08
/epuck2/cmd_vel,74.722524632,0.025,-8.742278012618954e-08
/epuck2/cmd_vel,74.73080456,0.025,-8.742278012618954e-08
/epuck2/cmd_vel,74.739753182,0.025,-8.742278012618954e-08
/epuck2/cmd_vel,74.746235925,0.025,-8.742278012618954e-08
/epuck2/cmd_vel,74.757728525,0.025,-8.742278012618954e-08
/epuck2/cmd_vel,74.764424967,0.025,-8.742278012618954e-08
/epuck2/cmd_vel,74.77680686,0.025,-8.742278012618954e-08
/epuck2/cmd_vel,74.782937406,0.025,-8.742278012618954e-08
/epuck2/cmd_vel,74.791147235,0.025,-8.742278012618954e-08
/epuck2/cmd_vel,74.800785951,0.025,-8.742278012618954e-08
/epuck2/cmd_vel,74.808364585,0.025,-8.742278012618954e-08
/epuck2/cmd_vel,74.819562788,0.025,-8.742278012618954e-08
/epuck2/cmd_vel,74.828027914,0.025,-8.742278012618954e-08
/epuck2/cmd_vel,74.833732965,0.025,-8.742278012618954e-08
/epuck2/cmd_vel,74.845595561,0.025,-8.742278012618954e-08
/epuck2/cmd_vel,74.851243512,0.025,-8.742278012618954e-08
/epuck2/cmd_vel,74.862401915,0.025,-8.742278012618954e-08
/epuck2/cmd_vel,74.868593261,0.025,-8.742278012618954e-08
/epuck2/cmd_vel,74.88138825,0.025,-8.742278012618954e-08
/epuck2/cmd_vel,74.886609905,0.025,-8.742278012618954e-08
/epuck2/cmd_vel,74.897061914,0.025,-8.742278012618954e-08
/epuck2/cmd_vel,74.906336933,0.025,-8.742278012618954e-08
/epuck2/cmd_vel,74.916255347,0.025,-8.742278012618954e-08
/epuck2/cmd_vel,74.924171378,0.025,-8.742278012618954e-08
/epuck2/cmd_vel,74.936809268,0.025,-8.742278012618954e-08
/epuck2/cmd_vel,74.938311355,0.025,-8.742278012618954e-08
/epuck2/cmd_vel,74.948598966,0.025,-8.742278012618954e-08
/epuck2/cmd_vel,74.954705513,0.025,-8.742278012618954e-08
/epuck2/cmd_vel,74.965416819,0.025,-8.742278012618954e-08
/epuck2/cmd_vel,74.972191561,0.025,-8.742278012618954e-08
/epuck2/cmd_vel,74.981362781,0.025,-8.742278012618954e-08
/epuck2/cmd_vel,74.988804516,0.025,-8.742278012618954e-08
/epuck2/cmd_vel,75.000421415,0.025,-8.742278012618954e-08
/epuck2/cmd_vel,75.007832451,0.025,-8.742278012618954e-08
/epuck2/cmd_vel,75.01713347,0.025,-8.742278012618954e-08
/epuck2/cmd_vel,75.022184926,0.025,-8.742278012618954e-08
/epuck2/cmd_vel,75.033940424,0.025,-8.742278012618954e-08
/epuck2/cmd_vel,75.039975771,0.025,-8.742278012618954e-08
/epuck2/cmd_vel,75.053076457,0.025,-8.742278012618954e-08
/epuck2/cmd_vel,75.057512819,0.025,-8.742278012618954e-08
/epuck2/cmd_vel,75.065711447,0.025,-8.742278012618954e-08
/epuck2/cmd_vel,75.07343628,0.025,-8.742278012618954e-08
/epuck2/cmd_vel,75.083238095,0.025,-8.742278012618954e-08
/epuck2/cmd_vel,75.087125561,0.025,-8.742278012618954e-08
/epuck2/cmd_vel,75.098485162,0.025,-8.742278012618954e-08
/epuck2/cmd_vel,75.1056988,0.025,-8.742278012618954e-08
/epuck2/cmd_vel,75.117449598,0.025,-8.742278012618954e-08
/epuck2/cmd_vel,75.123652044,0.025,-8.742278012618954e-08
/epuck2/cmd_vel,75.133014062,0.025,-8.742278012618954e-08
/epuck2/cmd_vel,75.141666587,0.025,-8.742278012618954e-08
/epuck2/cmd_vel,75.152925189,0.025,-8.742278012618954e-08
/epuck2/cmd_vel,75.162542905,0.025,-8.742278012618954e-08
/epuck2/cmd_vel,75.171154131,0.025,-8.742278012618954e-08
/epuck2/cmd_vel,75.179508458,0.025,-8.742278012618954e-08
/epuck2/cmd_vel,75.190003167,0.025,-8.742278012618954e-08
/epuck2/cmd_vel,75.194912224,0.025,-8.742278012618954e-08
/epuck2/cmd_vel,75.208505806,0.025,-8.742278012618954e-08
/epuck2/cmd_vel,75.215132948,0.025,-8.742278012618954e-08
/epuck2/cmd_vel,75.225809255,0.025,-8.742278012618954e-08
/epuck2/cmd_vel,75.231551605,0.025,-8.742278012618954e-08
/epuck2/cmd_vel,75.2436948,0.025,-8.742278012618954e-08
/epuck2/cmd_vel,75.250264643,0.025,-8.742278012618954e-08
/epuck2/cmd_vel,75.257533179,0.025,-8.742278012618954e-08
/epuck2/cmd_vel,75.265922806,0.025,-8.742278012618954e-08
/epuck2/cmd_vel,75.274087635,0.025,-8.742278012618954e-08
/epuck2/cmd_vel,75.280013684,0.025,-8.742278012618954e-08
/epuck2/cmd_vel,75.291617983,0.025,-8.742278012618954e-08
/epuck2/cmd_vel,75.295565749,0.025,-8.742278012618954e-08
/epuck2/cmd_vel,75.303968776,0.025,-8.742278012618954e-08
/epuck2/cmd_vel,75.312496901,0.025,-8.742278012618954e-08
/epuck2/cmd_vel,75.320930828,0.025,-8.742278012618954e-08
/epuck2/cmd_vel,75.326970676,0.025,-8.742278012618954e-08
/epuck2/cmd_vel,75.340341959,0.025,-8.742278012618954e-08
/epuck2/cmd_vel,75.34485922,0.025,-8.742278012618954e-08
/epuck2/cmd_vel,75.360633383,0.025,-8.742278012618954e-08
/epuck2/cmd_vel,75.364738747,0.025,-8.742278012618954e-08
/epuck2/cmd_vel,75.373308373,0.025,-8.742278012618954e-08
/epuck2/cmd_vel,75.381783899,0.025,-8.742278012618954e-08
/epuck2/cmd_vel,75.391111918,0.025,-8.742278012618954e-08
/epuck2/cmd_vel,75.395824277,0.025,-8.742278012618954e-08
/epuck2/cmd_vel,75.40701948,0.025,-8.742278012618954e-08
/epuck2/cmd_vel,75.412618531,0.025,-8.742278012618954e-08
/epuck2/cmd_vel,75.423848433,0.025,-8.742278012618954e-08
/epuck2/cmd_vel,75.42876789,0.025,-8.742278012618954e-08
/epuck2/cmd_vel,75.436233526,0.025,-8.742278012618954e-08
/epuck2/cmd_vel,75.445099648,0.025,-8.742278012618954e-08
/epuck2/cmd_vel,75.453826173,0.025,-8.742278012618954e-08
/epuck2/cmd_vel,75.457985736,0.025,-8.742278012618954e-08
/epuck2/cmd_vel,75.469409437,0.025,-8.742278012618954e-08
/epuck2/cmd_vel,75.474699391,0.025,-8.742278012618954e-08
/epuck2/cmd_vel,75.481968828,0.025,-8.742278012618954e-08
/epuck2/cmd_vel,75.490578153,0.025,-8.742278012618954e-08
/epuck2/cmd_vel,75.498742182,0.025,-8.742278012618954e-08
/epuck2/cmd_vel,75.505507023,0.025,-8.742278012618954e-08
/epuck2/cmd_vel,75.518135013,0.025,-8.742278012618954e-08
/epuck2/cmd_vel,75.52512275,0.025,-8.742278012618954e-08
/epuck2/cmd_vel,75.535879854,0.025,-8.742278012618954e-08
/epuck2/cmd_vel,75.543221689,0.025,-8.742278012618954e-08
/epuck2/cmd_vel,75.55654937,0.025,-8.742278012618954e-08
/epuck2/cmd_vel,75.562736115,0.025,-8.742278012618954e-08
/epuck2/cmd_vel,75.570441546,0.025,-8.742278012618954e-08
/epuck2/cmd_vel,75.58120105,0.025,-8.742278012618954e-08
/epuck2/cmd_vel,75.589442777,0.025,-8.742278012618954e-08
/epuck2/cmd_vel,75.597626904,0.025,-8.742278012618954e-08
/epuck2/cmd_vel,75.605827631,0.025,-8.742278012618954e-08
/epuck2/cmd_vel,75.610921985,0.025,-8.742278012618954e-08
/epuck2/cmd_vel,75.62163359,0.025,-8.742278012618954e-08
/epuck2/cmd_vel,75.627012942,0.025,-8.742278012618954e-08
/epuck2/cmd_vel,75.636338858,0.025,-8.742278012618954e-08
/epuck2/cmd_vel,75.644275288,0.025,-8.742278012618954e-08
/epuck2/cmd_vel,75.65749787,0.025,-8.742278012618954e-08
/epuck2/cmd_vel,75.664869604,0.025,-8.742278012618954e-08
/epuck2/cmd_vel,75.67432762,0.025,-8.742278012618954e-08
/epuck2/cmd_vel,75.679643572,0.025,-8.742278012618954e-08
/epuck2/cmd_vel,75.690604275,0.025,-8.742278012618954e-08
/epuck2/cmd_vel,75.696431823,0.025,-8.742278012618954e-08
/epuck2/cmd_vel,75.70793852,0.025,-8.742278012618954e-08
/epuck2/cmd_vel,75.71354097,0.025,-8.742278012618954e-08
/epuck2/cmd_vel,75.723306383,0.025,-8.742278012618954e-08
/epuck2/cmd_vel,75.732129304,0.025,-8.742278012618954e-08
/epuck2/cmd_vel,75.741218323,0.025,-8.742278012618954e-08
/epuck2/cmd_vel,75.752183625,0.025,-8.742278012618954e-08
/epuck2/cmd_vel,75.760693849,0.025,-8.742278012618954e-08
/epuck2/cmd_vel,75.767633588,0.025,-8.742278012618954e-08
/epuck2/cmd_vel,75.779567581,0.025,-8.742278012618954e-08
/epuck2/cmd_vel,75.786614318,0.025,-8.742278012618954e-08
/epuck2/cmd_vel,75.798864609,0.025,-8.742278012618954e-08
/epuck2/cmd_vel,75.804712757,0.025,-8.742278012618954e-08
/epuck2/cmd_vel,75.812977483,0.025,-8.742278012618954e-08
/epuck2/cmd_vel,75.821783605,0.025,-8.742278012618954e-08
/epuck2/cmd_vel,75.828838142,0.025,-8.742278012618954e-08
/epuck2/cmd_vel,75.834462992,0.025,-8.742278012618954e-08
/epuck2/cmd_vel,75.845141796,0.025,-8.742278012618954e-08
