topic,time_s,linear_mps,angular_rps
/epuck1/cmd_vel,5.667156016,0.0,0.0
/epuck1/cmd_vel,5.683525483,0.0,0.0
/epuck1/cmd_vel,5.736614141,0.0,0.0
/epuck1/cmd_vel,5.78909615,0.0,0.0
/epuck1/cmd_vel,5.841916133,0.0,0.0
/epuck1/cmd_vel,5.8782638,0.0,0.0
/epuck1/cmd_vel,5.926154225,0.0,0.0
/epuck1/cmd_vel,5.963883858,0.0,0.0
/epuck1/cmd_vel,6.035129391,0.0,0.0
/epuck1/cmd_vel,6.071252383,0.0,0.0
/epuck1/cmd_vel,6.123039008,0.0,0.0
/epuck1/cmd_vel,6.155360675,0.0,0.0
/epuck1/cmd_vel,6.213111683,0.0,0.0
/epuck1/cmd_vel,6.262433941,0.0,0.0
/epuck1/cmd_vel,6.316418741,0.0,0.0
/epuck1/cmd_vel,6.349619752,0.0,0.0
/epuck1/cmd_vel,6.403075295,0.0,0.0
/epuck1/cmd_vel,6.442216977,0.0,0.0
/epuck1/cmd_vel,6.51938426,0.0,0.0
/epuck1/cmd_vel,6.557122455,0.0,0.0
/epuck1/cmd_vel,6.61226067,0.0,0.0
/epuck1/cmd_vel,6.644947259,0.0,0.0
/epuck1/cmd_vel,6.701408909,0.0,0.0
/epuck1/cmd_vel,6.741672624,0.0,0.0
/epuck1/cmd_vel,6.822765512,0.0,0.0
/epuck1/cmd_vel,6.859515973,0.0,0.0
/epuck1/cmd_vel,6.911695147,0.0,0.0
/epuck1/cmd_vel,6.944729063,0.0,0.0
/epuck1/cmd_vel,7.000901133,0.0,0.0
/epuck1/cmd_vel,7.045345064,0.0,0.0
/epuck1/cmd_vel,7.101636406,0.0,0.0
/epuck1/cmd_vel,7.136303564,0.0,0.0
/epuck1/cmd_vel,7.19109379,0.0,0.0
/epuck1/cmd_vel,7.232447121,0.0,0.0
/epuck1/cmd_vel,7.311880776,0.0,0.0
/epuck1/cmd_vel,7.348356264,0.0,0.0
/epuck1/cmd_vel,7.399436014,0.0,0.0
/epuck1/cmd_vel,7.433072732,0.0,0.0
/epuck1/cmd_vel,7.490813503,0.0,0.0
/epuck1/cmd_vel,7.541665304,0.0,0.0
/epuck1/cmd_vel,7.610261246,0.0,0.0
/epuck1/cmd_vel,7.645600104,0.0,0.0
/epuck1/cmd_vel,7.69912601,0.0,0.0
/epuck1/cmd_vel,7.734665985,0.0,0.0
/epuck1/cmd_vel,7.809458761,0.0,0.0
/epuck1/cmd_vel,7.848551782,0.0,0.0
/epuck1/cmd_vel,7.901552772,0.0,0.0
/epuck1/cmd_vel,7.934755246,0.0,0.0
/epuck1/cmd_vel,7.991942666,0.0,0.0
/epuck1/cmd_vel,8.044174595,0.0,0.0
/epuck1/cmd_vel,8.10334069,0.0,0.0
/epuck1/cmd_vel,8.136022955,0.0,0.0
/epuck1/cmd_vel,8.192293208,0.0,0.0
/epuck1/cmd_vel,8.227085494,0.0,0.0
/epuck1/cmd_vel,8.302515702,0.0,0.0
/epuck1/cmd_vel,8.340656432,0.0,0.0
/epuck1/cmd_vel,8.392511302,0.0,0.0
/epuck1/cmd_vel,8.425297393,0.0016170117999998014,0.0
/epuck1/cmd_vel,8.481764334,0.004432555699999697,0.0
/epuck1/cmd_vel,8.532901389,0.007026040599999917,0.0
/epuck1/cmd_vel,8.585850859,0.00964951344999996,0.0
/epuck1/cmd_vel,8.62102219,0.011369153349999907,0.0
/epuck1/cmd_vel,8.674230107,0.01407269879999973,0.0
/epuck1/cmd_vel,8.713858946,0.016083096399999875,0.0
/epuck1/cmd_vel,8.784589183,0.019605376799999876,0.0
/epuck1/cmd_vel,8.821449429,0.02139400159999987,0.0
/epuck1/cmd_vel,8.876856729,0.024224314099999946,0.0
/epuck1/cmd_vel,8.916193513,0.025,0.0
/epuck1/cmd_vel,8.996909112,0.025,0.0
/epuck1/cmd_vel,9.03687235,0.025,0.0
/epuck1/cmd_vel,9.096827885,0.025,0.0
/epuck1/cmd_vel,9.132145079,0.025,0.0
/epuck1/cmd_vel,9.191931713,0.025,0.0
/epuck1/cmd_vel,9.249520085,0.025,0.0
/epuck1/cmd_vel,9.312565592,0.025,0.0
/epuck1/cmd_vel,9.348031056,0.025,0.0
/epuck1/cmd_vel,9.40422276,0.025,0.0
/epuck1/cmd_vel,9.444113981,0.025,0.0
/epuck1/cmd_vel,9.520072196,0.025,0.0
/epuck1/cmd_vel,9.574736125,0.025,0.0
/epuck1/cmd_vel,9.631878612,0.025,0.0
/epuck1/cmd_vel,9.668705111,0.025,0.0
/epuck1/cmd_vel,9.726095638,0.025,0.0
/epuck1/cmd_vel,9.766061964,0.025,0.0
/epuck1/cmd_vel,9.85528457,0.025,0.0
/epuck1/cmd_vel,9.897282742,0.025,0.0
/epuck1/cmd_vel,9.954955594,0.025,0.0
/epuck1/cmd_vel,9.992096138,0.025,0.0
/epuck1/cmd_vel,10.053556305,0.025,0.0
/epuck1/cmd_vel,10.108551287,0.025,0.0
/epuck1/cmd_vel,10.171263463,0.025,0.0
/epuck1/cmd_vel,10.20741308,0.025,0.0
/epuck1/cmd_vel,10.263289136,0.025,0.0
/epuck1/cmd_vel,10.302765862,0.025,0.0
/epuck1/cmd_vel,10.379647721,0.025,0.0
/epuck1/cmd_vel,10.43147625,0.025,0.0
/epuck1/cmd_vel,10.49084686,0.025,0.0
/epuck1/cmd_vel,10.527714751,0.025,0.0
/epuck1/cmd_vel,10.58632428,0.025,0.0
/epuck1/cmd_vel,10.628055423,0.025,0.0
/epuck1/cmd_vel,10.710529199,0.025,0.0
/epuck1/cmd_vel,10.750894341,0.025,0.0
/epuck1/cmd_vel,10.81053142,0.025,0.0
/epuck1/cmd_vel,10.8467461,0.025,0.0
/epuck1/cmd_vel,10.905768805,0.025,0.0
/epuck1/cmd_vel,10.946528619,0.025,0.0
/epuck1/cmd_vel,11.045578219,0.025,0.0
/epuck1/cmd_vel,11.088126563,0.025,0.0
/epuck1/cmd_vel,11.142949294,0.025,0.0
/epuck1/cmd_vel,11.179769605,0.025,0.0
/epuck1/cmd_vel,11.242501943,0.025,0.0
/epuck1/cmd_vel,11.299485508,0.025,0.0
/epuck1/cmd_vel,11.358101409,0.025,0.0
/epuck1/cmd_vel,11.39417205,0.025,0.0
/epuck1/cmd_vel,11.453407262,0.025,0.0
/epuck1/cmd_vel,11.492694147,0.025,0.0
/epuck1/cmd_vel,11.573059173,0.025,0.0
/epuck1/cmd_vel,11.611659385,0.025,0.0
/epuck1/cmd_vel,11.667331262,0.025,0.0
/epuck1/cmd_vel,11.707352166,0.025,0.0
/epuck1/cmd_vel,11.782968432,0.025,0.0
/epuck1/cmd_vel,11.823907536,0.025,0.0
/epuck1/cmd_vel,11.880866228,0.025,0.0
/epuck1/cmd_vel,11.918001978,0.025,0.0
/epuck1/cmd_vel,11.978147615,0.025,0.0
/epuck1/cmd_vel,12.033933993,0.025,0.0
/epuck1/cmd_vel,12.0967605,0.025,0.0
/epuck1/cmd_vel,12.131969608,0.025,0.0
/epuck1/cmd_vel,12.189067629,0.025,0.0
/epuck1/cmd_vel,12.225923514,0.025,0.0
/epuck1/cmd_vel,12.305257864,0.025,0.0
/epuck1/cmd_vel,12.343672698,0.025,0.0
/epuck1/cmd_vel,12.397762164,0.025,0.0
/epuck1/cmd_vel,12.43634652,0.025,0.0
/epuck1/cmd_vel,12.496645989,0.025,0.0
/epuck1/cmd_vel,12.555999557,0.025,0.0
/epuck1/cmd_vel,12.61401562,0.025,0.0
/epuck1/cmd_vel,12.651145703,0.025,0.0
/epuck1/cmd_vel,12.708171048,0.025,0.0
/epuck1/cmd_vel,12.748309161,0.025,0.0
/epuck1/cmd_vel,12.825444311,0.025,0.0
/epuck1/cmd_vel,12.865236039,0.025,0.0
/epuck1/cmd_vel,12.922946617,0.025,0.0
/epuck1/cmd_vel,12.957072087,0.025,0.0
/epuck1/cmd_vel,13.033411868,0.025,0.0
/epuck1/cmd_vel,13.076431496,0.025,0.0
/epuck1/cmd_vel,13.134313005,0.025,0.0
/epuck1/cmd_vel,13.171025658,0.025,0.0
/epuck1/cmd_vel,13.22976323,0.025,0.0
/epuck1/cmd_vel,13.289479563,0.025,0.0
/epuck1/cmd_vel,13.350320893,0.025,0.0
/epuck1/cmd_vel,13.387598297,0.025,0.0
/epuck1/cmd_vel,13.442031488,0.025,0.0
/epuck1/cmd_vel,13.482218438,0.025,0.0
/epuck1/cmd_vel,13.558318315,0.025,0.0
/epuck1/cmd_vel,13.599474144,0.025,0.0
/epuck1/cmd_vel,13.653374687,0.025,0.0
/epuck1/cmd_vel,13.691363726,0.025,0.0
/epuck1/cmd_vel,13.750119098,0.025,0.0
/epuck1/cmd_vel,13.809102116,0.025,0.0
/epuck1/cmd_vel,13.866631064,0.025,0.0
/epuck1/cmd_vel,13.904279385,0.025,0.0
/epuck1/cmd_vel,13.958622681,0.025,0.0
/epuck1/cmd_vel,13.998887386,0.025,0.0
/epuck1/cmd_vel,14.087685124,0.025,0.0
/epuck1/cmd_vel,14.128209782,0.025,0.0
/epuck1/cmd_vel,14.183300129,0.025,0.0
/epuck1/cmd_vel,14.219956796,0.025,0.0
/epuck1/cmd_vel,14.277984079,0.025,0.0
/epuck1/cmd_vel,14.332933246,0.025,0.0
/epuck1/cmd_vel,14.392792199,0.025,0.0
/epuck1/cmd_vel,14.43159341,0.025,0.0
/epuck1/cmd_vel,14.48356514,0.025,0.0
/epuck1/cmd_vel,14.523168971,0.025,0.0
/epuck1/cmd_vel,14.599830313,0.025,0.0
/epuck1/cmd_vel,14.65064305,0.025,0.0
/epuck1/cmd_vel,14.70950121,0.025,0.0
/epuck1/cmd_vel,14.74458619,0.025,0.0
/epuck1/cmd_vel,14.802787206,0.025,0.0
/epuck1/cmd_vel,14.845249244,0.025,0.0
/epuck1/cmd_vel,14.928698529,0.025,0.0
/epuck1/cmd_vel,14.968464967,0.025,0.0
/epuck1/cmd_vel,15.02141074,0.025,0.0
/epuck1/cmd_vel,15.058829636,0.025,0.0
/epuck1/cmd_vel,15.117650424,0.025,0.0
/epuck1/cmd_vel,15.159019094,0.025,0.0
/epuck1/cmd_vel,15.257529074,0.025,0.0
/epuck1/cmd_vel,15.297568428,0.025,0.0
/epuck1/cmd_vel,15.351806286,0.025,0.0
/epuck1/cmd_vel,15.388035787,0.025,0.0
/epuck1/cmd_vel,15.448804014,0.025,0.0
/epuck1/cmd_vel,15.508071231,0.025,0.0
/epuck1/cmd_vel,15.566396313,0.025,0.0
/epuck1/cmd_vel,15.601457727,0.025,0.0
/epuck1/cmd_vel,15.658193539,0.025,0.0
/epuck1/cmd_vel,15.699684183,0.025,0.0
/epuck1/cmd_vel,15.77792768,0.025,0.0
/epuck1/cmd_vel,15.816061963,0.025,0.0
/epuck1/cmd_vel,15.870759803,0.025,0.0
/epuck1/cmd_vel,15.909294356,0.025,0.0
/epuck1/cmd_vel,15.986399686,0.025,0.0
/epuck1/cmd_vel,16.028932932,0.025,0.0
/epuck1/cmd_vel,16.08637582,0.025,0.0
/epuck1/cmd_vel,16.122690578,0.025,0.0
/epuck1/cmd_vel,16.179538265,0.025,0.0
/epuck1/cmd_vel,16.235067465,0.025,0.0
/epuck1/cmd_vel,16.299370273,0.018685947399999493,-0.18942157800001524
/epuck1/cmd_vel,16.332777465,0.015252290699999806,-0.2924312790000059
/epuck1/cmd_vel,16.387119394,0.009796336399999463,-0.45610990800001616
/epuck1/cmd_vel,16.428114796,0.006,-0.5787653430000077
/epuck1/cmd_vel,16.504376763,0.006,-0.65
/epuck1/cmd_vel,16.543810782,0.006,-0.65
/epuck1/cmd_vel,16.596449683,0.006,-0.65
/epuck1/cmd_vel,16.63543458,0.006,-0.65
/epuck1/cmd_vel,16.693357693,0.006,-0.65
/epuck1/cmd_vel,16.749205727,0.006,-0.65
/epuck1/cmd_vel,16.807670026,0.006,-0.65
/epuck1/cmd_vel,16.844616928,0.006,-0.65
/epuck1/cmd_vel,16.901385597,0.006,-0.65
/epuck1/cmd_vel,16.943256953,0.006,-0.65
/epuck1/cmd_vel,17.02101243,0.006,-0.65
/epuck1/cmd_vel,17.059039405,0.006,-0.65
/epuck1/cmd_vel,17.114843356,0.008788148349999986,-0.42694813200000115
/epuck1/cmd_vel,17.151534959,0.010625737299999955,-0.27994101600000365
/epuck1/cmd_vel,17.231467975,0.012,-0.011930433511734007
/epuck1/cmd_vel,17.2711407,0.012,0.06350894808769224
/epuck1/cmd_vel,17.330192337,0.012,0.06350894808769224
/epuck1/cmd_vel,17.366503269,0.012,0.08733195304870604
/epuck1/cmd_vel,17.423456605,0.012,0.08733195304870604
/epuck1/cmd_vel,17.478489499,0.012,0.075420423746109
/epuck1/cmd_vel,17.538928692,0.012,0.075420423746109
/epuck1/cmd_vel,17.576637462,0.012,0.05953847408294676
/epuck1/cmd_vel,17.629100979,0.012,0.05953847408294676
/epuck1/cmd_vel,17.670199134,0.012,0.05953847408294676
/epuck1/cmd_vel,17.741602822,0.012,0.04365647077560423
/epuck1/cmd_vel,17.79344956,0.012,0.039685996770858746
/epuck1/cmd_vel,17.853196275,0.012,0.039685996770858746
/epuck1/cmd_vel,17.888031573,0.012,0.03174499511718748
/epuck1/cmd_vel,17.944635874,0.012,0.03174499511718748
/epuck1/cmd_vel,17.986715023,0.012,0.03174499511718748
/epuck1/cmd_vel,18.065865192,0.012,0.023803993463516217
/epuck1/cmd_vel,18.106772302,0.012,0.01586299180984495
/epuck1/cmd_vel,18.161721807,0.012,0.01586299180984495
/epuck1/cmd_vel,18.195281005,0.012,0.01586299180984495
/epuck1/cmd_vel,18.255993264,0.012,0.011892517805099468
/epuck1/cmd_vel,18.2999527,0.012,0.011892517805099468
/epuck1/cmd_vel,18.375312324,0.012,0.007922043800353985
/epuck1/cmd_vel,18.413067682,0.012,0.007922043800353985
/epuck1/cmd_vel,18.46658985,0.012,0.011892517805099468
/epuck1/cmd_vel,18.524556836,0.012,0.011892517805099468
/epuck1/cmd_vel,18.567829321,0.012,0.007922043800353985
/epuck1/cmd_vel,18.644724323,0.012,0.007922043800353985
/epuck1/cmd_vel,18.704462901,0.012,0.003951516151428203
/epuck1/cmd_vel,18.742948418,0.012,0.003951516151428203
/epuck1/cmd_vel,18.798461124,0.012,-1.8957853317280553e-05
/epuck1/cmd_vel,18.838510953,0.012,-1.8957853317280726e-05
/epuck1/cmd_vel,18.913406566,0.012,0.003951516151428203
/epuck1/cmd_vel,18.955379347,0.012,0.003951516151428203
/epuck1/cmd_vel,19.007942754,0.012,0.003951516151428203
/epuck1/cmd_vel,19.065502118,0.012,-1.8957853317280553e-05
/epuck1/cmd_vel,19.105150259,0.012,-1.8957853317280726e-05
/epuck1/cmd_vel,19.166327933,0.012,0.003951516151428203
/epuck1/cmd_vel,19.223523525,0.012,0.003951516151428203
/epuck1/cmd_vel,19.259681284,0.012,-1.8957853317280553e-05
/epuck1/cmd_vel,19.316665135,0.012,-1.8957853317280726e-05
/epuck1/cmd_vel,19.359406112,0.012,-1.8957853317280726e-05
/epuck1/cmd_vel,19.434684172,0.012,0.003951516151428203
/epuck1/cmd_vel,19.471173468,0.012,0.003951516151428203
/epuck1/cmd_vel,19.525969772,0.012,-1.8957853317280553e-05
/epuck1/cmd_vel,19.585486722,0.012,-1.8957853317280726e-05
/epuck1/cmd_vel,19.647034299,0.012,0.003951516151428203
/epuck1/cmd_vel,19.688295215,0.012,0.003951516151428203
/epuck1/cmd_vel,19.743967065,0.012,-1.8957853317280553e-05
/epuck1/cmd_vel,19.78122452,0.012,-1.8957853317280726e-05
/epuck1/cmd_vel,19.838039287,0.012,-1.8957853317280726e-05
/epuck1/cmd_vel,19.89545405,0.012,-1.8957853317280726e-05
/epuck1/cmd_vel,19.957497058,0.012,-1.8957853317280726e-05
/epuck1/cmd_vel,19.992455009,0.012,-1.8957853317280726e-05
/epuck1/cmd_vel,20.047278103,0.012,-1.8957853317280726e-05
/epuck1/cmd_vel,20.108816906,0.012,-1.8957853317280726e-05
/epuck1/cmd_vel,20.163872794,0.012,-1.8957853317280726e-05
/epuck1/cmd_vel,20.202586087,0.012,-1.8957853317280726e-05
/epuck1/cmd_vel,20.254367788,0.012,-1.8957853317280726e-05
/epuck1/cmd_vel,20.292097517,0.012,-1.8957853317280726e-05
/epuck1/cmd_vel,20.352859972,0.012,0.003951516151428203
/epuck1/cmd_vel,20.406169185,0.012,0.003951516151428203
/epuck1/cmd_vel,20.466565838,0.012,-1.8957853317280553e-05
/epuck1/cmd_vel,20.503597366,0.012,-1.8957853317280726e-05
/epuck1/cmd_vel,20.553922342,0.012,-1.8957853317280726e-05
/epuck1/cmd_vel,20.593518483,0.012,-1.8957853317280726e-05
/epuck1/cmd_vel,20.668036066,0.012,-1.8957853317280726e-05
/epuck1/cmd_vel,20.718546921,0.012,-1.8957853317280726e-05
/epuck1/cmd_vel,20.776105327,0.012,-1.8957853317280726e-05
/epuck1/cmd_vel,20.812906102,0.012,-1.8957853317280726e-05
/epuck1/cmd_vel,20.870394903,0.012,-1.8957853317280726e-05
/epuck1/cmd_vel,20.908279141,0.012,-1.8957853317280726e-05
/epuck1/cmd_vel,20.994676134,0.012,-1.8957853317280726e-05
/epuck1/cmd_vel,21.035418364,0.012,-1.8957853317280726e-05
/epuck1/cmd_vel,21.092629244,0.012,-1.8957853317280726e-05
/epuck1/cmd_vel,21.126973901,0.012,-1.8957853317280726e-05
/epuck1/cmd_vel,21.183515257,0.012,-1.8957853317280726e-05
/epuck1/cmd_vel,21.226374255,0.012,-1.8957853317280726e-05
/epuck1/cmd_vel,21.311168838,0.012,-1.8957853317280726e-05
/epuck1/cmd_vel,21.350280815,0.012,-1.8957853317280726e-05
/epuck1/cmd_vel,21.404533357,0.012,-1.8957853317280726e-05
/epuck1/cmd_vel,21.440251861,0.012,-1.8957853317280726e-05
/epuck1/cmd_vel,21.502090759,0.012,-1.8957853317280726e-05
/epuck1/cmd_vel,21.555314153,0.012,-1.8957853317280726e-05
/epuck1/cmd_vel,21.612041196,0.012,-1.8957853317280726e-05
/epuck1/cmd_vel,21.648174409,0.012,-1.8957853317280726e-05
/epuck1/cmd_vel,21.704389469,0.012,-1.8957853317280726e-05
/epuck1/cmd_vel,21.743911815,0.012,-1.8957853317280726e-05
/epuck1/cmd_vel,21.824698066,0.012,-1.8957853317280726e-05
/epuck1/cmd_vel,21.860530189,0.012,-1.8957853317280726e-05
/epuck1/cmd_vel,21.914772764,0.012,-1.8957853317280726e-05
/epuck1/cmd_vel,21.952588235,0.012,-1.8957853317280726e-05
/epuck1/cmd_vel,22.03047222,0.012,-1.8957853317280726e-05
/epuck1/cmd_vel,22.068639809,0.012,-1.8957853317280726e-05
/epuck1/cmd_vel,22.125301372,0.012,-1.8957853317280726e-05
/epuck1/cmd_vel,22.160268297,0.012,-1.8957853317280726e-05
/epuck1/cmd_vel,22.218758626,0.012,-1.8957853317280726e-05
/epuck1/cmd_vel,22.281949789,0.012,-1.8957853317280726e-05
/epuck1/cmd_vel,22.339336611,0.012,-1.8957853317280726e-05
/epuck1/cmd_vel,22.377352839,0.012,-1.8957853317280726e-05
/epuck1/cmd_vel,22.428780408,0.012,-0.003989485502243062
/epuck1/cmd_vel,22.46813789,0.012,-0.003989485502243062
/epuck1/cmd_vel,22.547413104,0.012,-1.8957853317280553e-05
/epuck1/cmd_vel,22.588510012,0.012,-1.8957853317280726e-05
/epuck1/cmd_vel,22.641969483,0.012,-1.8957853317280726e-05
/epuck1/cmd_vel,22.678589171,0.012,-1.8957853317280726e-05
/epuck1/cmd_vel,22.738234008,0.012,-1.8957853317280726e-05
/epuck1/cmd_vel,22.793197907,0.012,-1.8957853317280726e-05
/epuck1/cmd_vel,22.851845372,0.012,-1.8957853317280726e-05
/epuck1/cmd_vel,22.885789127,0.012,-1.8957853317280726e-05
/epuck1/cmd_vel,22.943435832,0.012,-1.8957853317280726e-05
/epuck1/cmd_vel,22.982727765,0.012,-1.8957853317280726e-05
/epuck1/cmd_vel,23.069182332,0.012,-1.8957853317280726e-05
/epuck1/cmd_vel,23.109817013,0.012,-1.8957853317280726e-05
/epuck1/cmd_vel,23.168321527,0.012,-1.8957853317280726e-05
/epuck1/cmd_vel,23.202765462,0.012,-1.8957853317280726e-05
/epuck1/cmd_vel,23.259587232,0.012,-1.8957853317280726e-05
/epuck1/cmd_vel,23.315843435,0.012,-1.8957853317280726e-05
/epuck1/cmd_vel,23.375388956,0.012,-1.8957853317280726e-05
/epuck1/cmd_vel,23.411823038,0.012,-1.8957853317280726e-05
/epuck1/cmd_vel,23.466905772,0.012,-1.8957853317280726e-05
/epuck1/cmd_vel,23.507142254,0.012,-1.8957853317280726e-05
/epuck1/cmd_vel,23.57852873,0.012,-1.8957853317280726e-05
/epuck1/cmd_vel,23.630655955,0.012,-1.8957853317280726e-05
/epuck1/cmd_vel,23.688912069,0.012,-1.8957853317280726e-05
/epuck1/cmd_vel,23.722536222,0.012,-1.8957853317280726e-05
/epuck1/cmd_vel,23.779702081,0.012,-1.8957853317280726e-05
/epuck1/cmd_vel,23.820583516,0.012,-1.8957853317280726e-05
/epuck1/cmd_vel,23.917221813,0.012,-1.8957853317280726e-05
/epuck1/cmd_vel,23.959568107,0.012,-1.8957853317280726e-05
/epuck1/cmd_vel,24.012841151,0.012,-1.8957853317280726e-05
/epuck1/cmd_vel,24.049995165,0.012,0.003951516151428203
/epuck1/cmd_vel,24.10846487,0.012,0.003951516151428203
/epuck1/cmd_vel,24.166115862,0.012,0.003951516151428203
/epuck1/cmd_vel,24.224972419,0.012,-1.8957853317280553e-05
/epuck1/cmd_vel,24.263009969,0.012,-1.8957853317280726e-05
/epuck1/cmd_vel,24.316405529,0.012,-1.8957853317280726e-05
/epuck1/cmd_vel,24.357937403,0.012,-1.8957853317280726e-05
/epuck1/cmd_vel,24.434654042,0.012,-1.8957853317280726e-05
/epuck1/cmd_vel,24.474693726,0.012,-1.8957853317280726e-05
/epuck1/cmd_vel,24.527127515,0.012,-1.8957853317280726e-05
/epuck1/cmd_vel,24.565627429,0.012,-1.8957853317280726e-05
/epuck1/cmd_vel,24.624933195,0.012,-1.8957853317280726e-05
/epuck1/cmd_vel,24.683361724,0.012,-1.8957853317280726e-05
/epuck1/cmd_vel,24.737988358,0.012,-1.8957853317280726e-05
/epuck1/cmd_vel,24.775240749,0.012,-0.003989485502243062
/epuck1/cmd_vel,24.833381411,0.012,-0.003989485502243062
/epuck1/cmd_vel,24.873879472,0.012,-1.8957853317280553e-05
/epuck1/cmd_vel,24.95385721,0.012,-1.8957853317280726e-05
/epuck1/cmd_vel,24.989350149,0.012,-1.8957853317280726e-05
/epuck1/cmd_vel,25.042436914,0.012,-1.8957853317280726e-05
/epuck1/cmd_vel,25.079590761,0.012,-1.8957853317280726e-05
/epuck1/cmd_vel,25.156373893,0.012,-1.8957853317280726e-05
/epuck1/cmd_vel,25.198759414,0.012,-1.8957853317280726e-05
/epuck1/cmd_vel,25.254108303,0.012,-1.8957853317280726e-05
/epuck1/cmd_vel,25.29211311,0.012,-1.8957853317280726e-05
/epuck1/cmd_vel,25.34853564,0.012,-1.8957853317280726e-05
/epuck1/cmd_vel,25.404297325,0.012,-1.8957853317280726e-05
/epuck1/cmd_vel,25.46484589,0.012,-1.8957853317280726e-05
/epuck1/cmd_vel,25.501347415,0.012,-1.8957853317280726e-05
/epuck1/cmd_vel,25.555964472,0.012,-1.8957853317280726e-05
/epuck1/cmd_vel,25.594532955,0.012,-1.8957853317280726e-05
/epuck1/cmd_vel,25.672797333,0.012,-1.8957853317280726e-05
/epuck1/cmd_vel,25.7118734,0.012,-1.8957853317280726e-05
/epuck1/cmd_vel,25.765339262,0.012,-1.8957853317280726e-05
/epuck1/cmd_vel,25.800984529,0.012,-1.8957853317280726e-05
/epuck1/cmd_vel,25.859460266,0.012,-1.8957853317280726e-05
/epuck1/cmd_vel,25.913064243,0.012,-1.8957853317280726e-05
/epuck1/cmd_vel,25.985151729,0.012,-1.8957853317280726e-05
/epuck1/cmd_vel,26.021937645,0.012,-1.8957853317280726e-05
/epuck1/cmd_vel,26.076601371,0.012,-1.8957853317280726e-05
/epuck1/cmd_vel,26.114831828,0.012,-1.8957853317280726e-05
/epuck1/cmd_vel,26.178747608,0.012,-1.8957853317280726e-05
/epuck1/cmd_vel,26.22056917,0.012,-1.8957853317280726e-05
/epuck1/cmd_vel,26.275687543,0.012,-1.8957853317280726e-05
/epuck1/cmd_vel,26.311168028,0.012,-1.8957853317280726e-05
/epuck1/cmd_vel,26.370024165,0.012,-1.8957853317280726e-05
/epuck1/cmd_vel,26.427228153,0.012,-1.8957853317280726e-05
/epuck1/cmd_vel,26.500023651,0.012,-1.8957853317280726e-05
/epuck1/cmd_vel,26.536300683,0.012,-1.8957853317280726e-05
/epuck1/cmd_vel,26.593401909,0.012,-1.8957853317280726e-05
/epuck1/cmd_vel,26.628778757,0.012,-1.8957853317280726e-05
/epuck1/cmd_vel,26.6969087,0.012,-1.8957853317280726e-05
/epuck1/cmd_vel,26.754903444,0.012,-1.8957853317280726e-05
/epuck1/cmd_vel,26.815815206,0.012,-1.8957853317280726e-05
/epuck1/cmd_vel,26.853251464,0.012,-1.8957853317280726e-05
/epuck1/cmd_vel,26.908763118,0.012,-1.8957853317280726e-05
/epuck1/cmd_vel,26.949163944,0.012,-1.8957853317280726e-05
/epuck1/cmd_vel,27.030123467,0.012,-1.8957853317280726e-05
/epuck1/cmd_vel,27.068689705,0.012,-1.8957853317280726e-05
/epuck1/cmd_vel,27.122692067,0.012,-1.8957853317280726e-05
/epuck1/cmd_vel,27.161080636,0.012,-1.8957853317280726e-05
/epuck1/cmd_vel,27.220743441,0.012,-1.8957853317280726e-05
/epuck1/cmd_vel,27.276602077,0.012,-1.8957853317280726e-05
/epuck1/cmd_vel,27.333980067,0.012,-1.8957853317280726e-05
/epuck1/cmd_vel,27.369183369,0.012,-1.8957853317280726e-05
/epuck1/cmd_vel,27.423539062,0.012,-1.8957853317280726e-05
/epuck1/cmd_vel,27.463056388,0.012,-1.8957853317280726e-05
/epuck1/cmd_vel,27.543512042,0.012,-1.8957853317280726e-05
/epuck1/cmd_vel,27.580423669,0.012,-1.8957853317280726e-05
/epuck1/cmd_vel,27.635763361,0.012,-1.8957853317280726e-05
/epuck1/cmd_vel,27.670512357,0.012,-1.8957853317280726e-05
/epuck1/cmd_vel,27.734791146,0.012,-1.8957853317280726e-05
/epuck1/cmd_vel,27.794258374,0.012,-1.8957853317280726e-05
/epuck1/cmd_vel,27.852912816,0.012,-1.8957853317280726e-05
/epuck1/cmd_vel,27.888225799,0.012,-1.8957853317280726e-05
/epuck1/cmd_vel,27.940299527,0.012,-1.8957853317280726e-05
/epuck1/cmd_vel,27.979423981,0.012,-1.8957853317280726e-05
/epuck1/cmd_vel,28.054770393,0.012,-1.8957853317280726e-05
/epuck1/cmd_vel,28.089925958,0.012,-1.8957853317280726e-05
/epuck1/cmd_vel,28.143614083,0.012,-1.8957853317280726e-05
/epuck1/cmd_vel,28.177919608,0.012,-1.8957853317280726e-05
/epuck1/cmd_vel,28.235629062,0.012,-1.8957853317280726e-05
/epuck1/cmd_vel,28.290660305,0.012,-1.8957853317280726e-05
/epuck1/cmd_vel,28.345620882,0.012,-1.8957853317280726e-05
/epuck1/cmd_vel,28.378540143,0.012,-1.8957853317280726e-05
/epuck1/cmd_vel,28.434317437,0.012,-1.8957853317280726e-05
/epuck1/cmd_vel,28.471719052,0.012,-1.8957853317280726e-05
/epuck1/cmd_vel,28.551142056,0.012,-1.8957853317280726e-05
/epuck1/cmd_vel,28.591270652,0.012,-1.8957853317280726e-05
/epuck1/cmd_vel,28.643640342,0.012,-1.8957853317280726e-05
/epuck1/cmd_vel,28.677913114,0.012,-1.8957853317280726e-05
/epuck1/cmd_vel,28.732670954,0.012,-1.8957853317280726e-05
/epuck1/cmd_vel,28.777017083,0.012,-1.8957853317280726e-05
/epuck1/cmd_vel,28.833839521,0.012,-1.8957853317280726e-05
/epuck1/cmd_vel,28.869092115,0.012,-1.8957853317280726e-05
/epuck1/cmd_vel,28.924189168,0.012,-1.8957853317280726e-05
/epuck1/cmd_vel,28.963012575,0.012,-1.8957853317280726e-05
/epuck1/cmd_vel,29.04366179,0.012,-1.8957853317280726e-05
/epuck1/cmd_vel,29.08261565,0.012,-1.8957853317280726e-05
/epuck1/cmd_vel,29.134457993,0.012,-1.8957853317280726e-05
/epuck1/cmd_vel,29.167332274,0.012,-1.8957853317280726e-05
/epuck1/cmd_vel,29.224194535,0.012,-1.8957853317280726e-05
/epuck1/cmd_vel,29.266339215,0.012,-1.8957853317280726e-05
/epuck1/cmd_vel,29.346043893,0.012,-1.8957853317280726e-05
/epuck1/cmd_vel,29.382634184,0.012,-1.8957853317280726e-05
/epuck1/cmd_vel,29.436155826,0.012,-1.8957853317280726e-05
/epuck1/cmd_vel,29.472816964,0.012,-1.8957853317280726e-05
/epuck1/cmd_vel,29.532110779,0.012,-1.8957853317280726e-05
/epuck1/cmd_vel,29.578135681,0.012,-1.8957853317280726e-05
/epuck1/cmd_vel,29.646891033,0.012,-1.8957853317280726e-05
/epuck1/cmd_vel,29.684622983,0.012,-1.8957853317280726e-05
/epuck1/cmd_vel,29.735577157,0.012,-1.8957853317280726e-05
/epuck1/cmd_vel,29.772886988,0.012,-1.8957853317280726e-05
/epuck1/cmd_vel,29.833772844,0.012,-1.8957853317280726e-05
/epuck1/cmd_vel,29.890888846,0.012,-1.8957853317280726e-05
/epuck1/cmd_vel,29.952842782,0.012,-1.8957853317280726e-05
/epuck1/cmd_vel,29.987130838,0.012,-1.8957853317280726e-05
/epuck1/cmd_vel,30.041979572,0.012,-1.8957853317280726e-05
/epuck1/cmd_vel,30.083591774,0.012,-1.8957853317280726e-05
/epuck1/cmd_vel,30.155059795,0.012,-1.8957853317280726e-05
/epuck1/cmd_vel,30.222185197,0.012,-1.8957853317280726e-05
/epuck1/cmd_vel,30.280994247,0.012,-1.8957853317280726e-05
/epuck1/cmd_vel,30.319172948,0.012,-1.8957853317280726e-05
/epuck1/cmd_vel,30.374789949,0.012,-1.8957853317280726e-05
/epuck1/cmd_vel,30.416078936,0.012,-1.8957853317280726e-05
/epuck1/cmd_vel,30.489088782,0.012,-1.8957853317280726e-05
/epuck1/cmd_vel,30.527731219,0.012,-1.8957853317280726e-05
/epuck1/cmd_vel,30.582230832,0.012,-1.8957853317280726e-05
/epuck1/cmd_vel,30.619170306,0.012,-1.8957853317280726e-05
/epuck1/cmd_vel,30.697340701,0.012,-1.8957853317280726e-05
/epuck1/cmd_vel,30.737968826,0.012,-1.8957853317280726e-05
/epuck1/cmd_vel,30.795345855,0.012,-1.8957853317280726e-05
/epuck1/cmd_vel,30.830093603,0.012,-1.8957853317280726e-05
/epuck1/cmd_vel,30.889485154,0.012,-1.8957853317280726e-05
/epuck1/cmd_vel,30.946084387,0.012,-1.8957853317280726e-05
/epuck1/cmd_vel,31.006164131,0.012,-1.8957853317280726e-05
/epuck1/cmd_vel,31.042900671,0.012,-1.8957853317280726e-05
/epuck1/cmd_vel,31.095969936,0.012,-1.8957853317280726e-05
/epuck1/cmd_vel,31.13578132,0.012,-1.8957853317280726e-05
/epuck1/cmd_vel,31.217850207,0.012,-1.8957853317280726e-05
/epuck1/cmd_vel,31.255381263,0.012,-1.8957853317280726e-05
/epuck1/cmd_vel,31.310288245,0.012,-1.8957853317280726e-05
/epuck1/cmd_vel,31.348276647,0.012,-1.8957853317280726e-05
/epuck1/cmd_vel,31.408076863,0.012,-1.8957853317280726e-05
/epuck1/cmd_vel,31.463362224,0.012,-1.8957853317280726e-05
/epuck1/cmd_vel,31.521565929,0.012,-1.8957853317280726e-05
/epuck1/cmd_vel,31.556208871,0.012,-1.8957853317280726e-05
/epuck1/cmd_vel,31.614124686,0.012,-1.8957853317280726e-05
/epuck1/cmd_vel,31.654503612,0.012,-1.8957853317280726e-05
/epuck1/cmd_vel,31.736684701,0.012,-1.8957853317280726e-05
/epuck1/cmd_vel,31.776343802,0.012,-1.8957853317280726e-05
/epuck1/cmd_vel,31.833565417,0.012,-1.8957853317280726e-05
/epuck1/cmd_vel,31.869335795,0.012,-1.8957853317280726e-05
/epuck1/cmd_vel,31.927714477,0.012,-1.8957853317280726e-05
/epuck1/cmd_vel,31.969212833,0.012,-1.8957853317280726e-05
/epuck1/cmd_vel,32.053708456,0.012,-1.8957853317280726e-05
/epuck1/cmd_vel,32.093448839,0.012,-1.8957853317280726e-05
/epuck1/cmd_vel,32.14688894,0.012,-1.8957853317280726e-05
/epuck1/cmd_vel,32.183357022,0.012,-1.8957853317280726e-05
/epuck1/cmd_vel,32.245445846,0.012,-1.8957853317280726e-05
/epuck1/cmd_vel,32.301159139,0.012,-1.8957853317280726e-05
/epuck1/cmd_vel,32.358608611,0.012,-1.8957853317280726e-05
/epuck1/cmd_vel,32.394527615,0.012,-1.8957853317280726e-05
/epuck1/cmd_vel,32.452303911,0.012,-1.8957853317280726e-05
/epuck1/cmd_vel,32.493374962,0.012,-1.8957853317280726e-05
/epuck1/cmd_vel,32.570018612,0.012,-1.8957853317280726e-05
/epuck1/cmd_vel,32.607034284,0.012,0.003951516151428203
/epuck1/cmd_vel,32.66341775,0.012,0.003951516151428203
/epuck1/cmd_vel,32.699233163,0.012,-1.8957853317280553e-05
/epuck1/cmd_vel,32.779195141,0.012,-1.8957853317280726e-05
/epuck1/cmd_vel,32.819056425,0.012,-0.003989485502243062
/epuck1/cmd_vel,32.874247539,0.012,-0.003989485502243062
/epuck1/cmd_vel,32.912019979,0.012,-0.003989485502243062
/epuck1/cmd_vel,32.969995451,0.012,-1.8957853317280553e-05
/epuck1/cmd_vel,33.025869468,0.012,-1.8957853317280726e-05
/epuck1/cmd_vel,33.088328097,0.012,-1.8957853317280726e-05
/epuck1/cmd_vel,33.122485446,0.012,-1.8957853317280726e-05
/epuck1/cmd_vel,33.178212334,0.012,-1.8957853317280726e-05
/epuck1/cmd_vel,33.218149184,0.012,-1.8957853317280726e-05
/epuck1/cmd_vel,33.296271138,0.012,0.003951516151428203
/epuck1/cmd_vel,33.338425695,0.012,0.003951516151428203
/epuck1/cmd_vel,33.391985965,0.012,0.003951516151428203
/epuck1/cmd_vel,33.427938035,0.012,-1.8957853317280553e-05
/epuck1/cmd_vel,33.489267305,0.012,-1.8957853317280726e-05
/epuck1/cmd_vel,33.54880129,0.012,-0.003989485502243062
/epuck1/cmd_vel,33.606593929,0.012,-0.003989485502243062
/epuck1/cmd_vel,33.641960947,0.012,-0.003989485502243062
/epuck1/cmd_vel,33.700593635,0.012,-1.8957853317280553e-05
/epuck1/cmd_vel,33.74008724,0.012,-1.8957853317280726e-05
/epuck1/cmd_vel,33.820375455,0.012,-1.8957853317280726e-05
/epuck1/cmd_vel,33.857947776,0.012,-1.8957853317280726e-05
/epuck1/cmd_vel,33.912220596,0.012,-1.8957853317280726e-05
/epuck1/cmd_vel,33.948680458,0.012,-1.8957853317280726e-05
/epuck1/cmd_vel,34.024366118,0.012,-1.8957853317280726e-05
/epuck1/cmd_vel,34.063877637,0.012,-1.8957853317280726e-05
/epuck1/cmd_vel,34.122469593,0.012,-1.8957853317280726e-05
/epuck1/cmd_vel,34.157704609,0.012,-1.8957853317280726e-05
/epuck1/cmd_vel,34.214465952,0.012,-1.8957853317280726e-05
/epuck1/cmd_vel,34.260208984,0.012,-1.8957853317280726e-05
/epuck1/cmd_vel,34.345989293,0.012,-1.8957853317280726e-05
/epuck1/cmd_vel,34.385873952,0.012,-1.8957853317280726e-05
/epuck1/cmd_vel,34.438931314,0.012,-1.8957853317280726e-05
/epuck1/cmd_vel,34.479798137,0.012,-1.8957853317280726e-05
/epuck1/cmd_vel,34.534613688,0.012,-1.8957853317280726e-05
/epuck1/cmd_vel,34.594927055,0.012,-1.8957853317280726e-05
/epuck1/cmd_vel,34.652575921,0.012,-1.8957853317280726e-05
/epuck1/cmd_vel,34.689863624,0.012,-1.8957853317280726e-05
/epuck1/cmd_vel,34.74624023,0.012,0.003951516151428203
/epuck1/cmd_vel,34.786593205,0.012,0.003951516151428203
/epuck1/cmd_vel,34.86252673,0.012,-1.8957853317280553e-05
/epuck1/cmd_vel,34.900344992,0.012,-1.8957853317280726e-05
/epuck1/cmd_vel,34.954374812,0.012,-1.8957853317280726e-05
/epuck1/cmd_vel,34.991423954,0.012,-1.8957853317280726e-05
/epuck1/cmd_vel,35.054537014,0.012,-1.8957853317280726e-05
/epuck1/cmd_vel,35.117577124,0.012,-1.8957853317280726e-05
/epuck1/cmd_vel,35.179233698,0.012,-1.8957853317280726e-05
/epuck1/cmd_vel,35.215772295,0.012,-1.8957853317280726e-05
/epuck1/cmd_vel,35.270888049,0.012,-1.8957853317280726e-05
/epuck1/cmd_vel,35.308653376,0.012,-1.8957853317280726e-05
/epuck1/cmd_vel,35.380754704,0.012,-1.8957853317280726e-05
/epuck1/cmd_vel,35.436376103,0.012,-1.8957853317280726e-05
/epuck1/cmd_vel,35.490756368,0.012,-1.8957853317280726e-05
/epuck1/cmd_vel,35.526445277,0.012,-1.8957853317280726e-05
/epuck1/cmd_vel,35.583326421,0.012,-1.8957853317280726e-05
/epuck1/cmd_vel,35.624167077,0.012,-1.8957853317280726e-05
/epuck1/cmd_vel,35.708470141,0.012,-1.8957853317280726e-05
/epuck1/cmd_vel,35.747495238,0.012,-1.8957853317280726e-05
/epuck1/cmd_vel,35.80390588,0.012,-1.8957853317280726e-05
/epuck1/cmd_vel,35.841985964,0.012,-1.8957853317280726e-05
/epuck1/cmd_vel,35.899883437,0.012,-1.8957853317280726e-05
/epuck1/cmd_vel,35.940585428,0.012,-1.8957853317280726e-05
/epuck1/cmd_vel,36.024048703,0.012,-1.8957853317280726e-05
/epuck1/cmd_vel,36.062634083,0.012,-1.8957853317280726e-05
/epuck1/cmd_vel,36.116991998,0.012,-1.8957853317280726e-05
/epuck1/cmd_vel,36.155283037,0.012,-1.8957853317280726e-05
/epuck1/cmd_vel,36.213746605,0.012,-1.8957853317280726e-05
/epuck1/cmd_vel,36.266594603,0.012,-1.8957853317280726e-05
/epuck1/cmd_vel,36.339731259,0.012,-1.8957853317280726e-05
/epuck1/cmd_vel,36.378714455,0.012,-1.8957853317280726e-05
/epuck1/cmd_vel,36.432930024,0.012,-1.8957853317280726e-05
/epuck1/cmd_vel,36.467635738,0.012,-1.8957853317280726e-05
/epuck1/cmd_vel,36.545048315,0.012,-1.8957853317280726e-05
/epuck1/cmd_vel,36.587499764,0.012,-1.8957853317280726e-05
/epuck1/cmd_vel,36.642095122,0.012,-1.8957853317280726e-05
/epuck1/cmd_vel,36.677621707,0.012,-1.8957853317280726e-05
/epuck1/cmd_vel,36.735400949,0.012,-1.8957853317280726e-05
/epuck1/cmd_vel,36.793372524,0.012,-1.8957853317280726e-05
/epuck1/cmd_vel,36.852788731,0.012,-1.8957853317280726e-05
/epuck1/cmd_vel,36.888788933,0.012,-1.8957853317280726e-05
/epuck1/cmd_vel,36.945832078,0.012,-1.8957853317280726e-05
/epuck1/cmd_vel,36.985593559,0.012,-1.8957853317280726e-05
/epuck1/cmd_vel,37.063180459,0.012,-1.8957853317280726e-05
/epuck1/cmd_vel,37.102801546,0.012,-1.8957853317280726e-05
/epuck1/cmd_vel,37.158250312,0.012,-1.8957853317280726e-05
/epuck1/cmd_vel,37.194098975,0.012,-1.8957853317280726e-05
/epuck1/cmd_vel,37.255770239,0.012,-1.8957853317280726e-05
/epuck1/cmd_vel,37.309801137,0.012,-1.8957853317280726e-05
/epuck1/cmd_vel,37.367456667,0.012,-1.8957853317280726e-05
/epuck1/cmd_vel,37.402462382,0.012,-1.8957853317280726e-05
/epuck1/cmd_vel,37.45934989,0.012,-1.8957853317280726e-05
/epuck1/cmd_vel,37.500302302,0.012,-1.8957853317280726e-05
/epuck1/cmd_vel,37.574548851,0.012,-1.8957853317280726e-05
/epuck1/cmd_vel,37.61131211,0.012,-1.8957853317280726e-05
/epuck1/cmd_vel,37.666450532,0.012,-1.8957853317280726e-05
/epuck1/cmd_vel,37.7060575,0.012,-1.8957853317280726e-05
/epuck1/cmd_vel,37.779949058,0.012,-1.8957853317280726e-05
/epuck1/cmd_vel,37.819179345,0.012,-1.8957853317280726e-05
/epuck1/cmd_vel,37.875065059,0.012,-1.8957853317280726e-05
/epuck1/cmd_vel,37.910665643,0.012,-1.8957853317280726e-05
/epuck1/cmd_vel,37.967787556,0.012,-1.8957853317280726e-05
/epuck1/cmd_vel,38.010677694,0.012,-1.8957853317280726e-05
/epuck1/cmd_vel,38.093102567,0.012,-1.8957853317280726e-05
/epuck1/cmd_vel,38.134197353,0.012,-1.8957853317280726e-05
/epuck1/cmd_vel,38.188500332,0.012,-1.8957853317280726e-05
/epuck1/cmd_vel,38.223425856,0.012,-1.8957853317280726e-05
/epuck1/cmd_vel,38.285742598,0.012,-1.8957853317280726e-05
/epuck1/cmd_vel,38.337990099,0.012,0.20870247814670162
/epuck1/cmd_vel,38.410191438,0.012,0.3
/epuck1/cmd_vel,38.445764527,0.012,0.3
/epuck1/cmd_vel,38.969164167,0.012,0.3
/epuck1/cmd_vel,39.0068079,0.012,0.3
/epuck1/cmd_vel,39.068212967,0.012,0.3
/epuck1/cmd_vel,39.13146418,0.012,0.3
/epuck1/cmd_vel,39.192500197,0.012,0.3
/epuck1/cmd_vel,39.229747233,0.012,0.3
/epuck1/cmd_vel,39.284265647,0.012,0.3
/epuck1/cmd_vel,39.323831803,0.012,0.3
/epuck1/cmd_vel,39.395603197,0.012,0.3
/epuck1/cmd_vel,39.446478743,0.012,0.3
/epuck1/cmd_vel,39.506623111,0.012,0.3
/epuck1/cmd_vel,39.540054638,0.012,0.3
/epuck1/cmd_vel,39.595780745,0.012,0.2938166499137878
/epuck1/cmd_vel,39.636291754,0.012,0.2938166499137878
/epuck1/cmd_vel,39.721522795,0.012,0.25411169528961175
/epuck1/cmd_vel,39.762384058,0.012,0.25411169528961175
/epuck1/cmd_vel,39.818708641,0.012,0.22499472498893738
/epuck1/cmd_vel,39.852840379,0.012,0.22499472498893738
/epuck1/cmd_vel,39.912263851,0.012,0.22499472498893738
/epuck1/cmd_vel,39.95465104,0.012,0.19058377146720887
/epuck1/cmd_vel,40.037758177,0.01,-0.139448880532791
/epuck1/cmd_vel,40.077333682,0.01,-0.2591112965328023
/epuck1/cmd_vel,40.132913401,0.01,-0.4252910615327977
/epuck1/cmd_vel,40.168368291,0.006445063500000571,-0.3
/epuck1/cmd_vel,40.228387554,0.006,-0.3
/epuck1/cmd_vel,40.283416731,0.006,-0.3
/epuck1/cmd_vel,40.355901861,0.006,-0.3
/epuck1/cmd_vel,40.394620723,0.006,-0.3
/epuck1/cmd_vel,40.446034878,0.006,-0.3
/epuck1/cmd_vel,40.486243665,0.006,-0.3
/epuck1/cmd_vel,40.54755714,0.006,-0.3
/epuck1/cmd_vel,40.606156589,0.006,-0.3
/epuck1/cmd_vel,40.666816792,0.006,-0.3
/epuck1/cmd_vel,40.70234945,0.006,-0.3
/epuck1/cmd_vel,40.757926286,0.006,-0.3
/epuck1/cmd_vel,40.798618289,0.006,-0.3
/epuck1/cmd_vel,40.869777483,0.006,-0.3
/epuck1/cmd_vel,40.935736259,0.006,-0.3
/epuck1/cmd_vel,40.993326015,0.006,-0.3
/epuck1/cmd_vel,41.0278816,0.006,-0.3
/epuck1/cmd_vel,41.086842938,0.006,-0.3
/epuck1/cmd_vel,41.127581085,0.006,-0.3
/epuck1/cmd_vel,41.206192392,0.009994296350000327,0.0
/epuck1/cmd_vel,41.244044269,0.011888163150000026,0.0
/epuck1/cmd_vel,41.298294074,0.012,0.0
/epuck1/cmd_vel,41.336440018,0.012,0.0
/epuck1/cmd_vel,41.410735892,0.012,0.0
/epuck1/cmd_vel,41.449868158,0.012,0.0
/epuck1/cmd_vel,41.504460561,0.012,0.0
/epuck1/cmd_vel,41.540929518,0.012,0.0
/epuck1/cmd_vel,41.59886575,0.012,0.0
/epuck1/cmd_vel,41.656550479,0.012,0.0
/epuck1/cmd_vel,41.718326585,0.012,0.0
/epuck1/cmd_vel,41.753465529,0.012,0.0
/epuck1/cmd_vel,41.808965232,0.012,0.0
/epuck1/cmd_vel,41.848354332,0.012,0.0
/epuck1/cmd_vel,41.927700932,0.012,0.0
/epuck1/cmd_vel,41.967804232,0.012,0.0
/epuck1/cmd_vel,42.021511332,0.012,0.0
/epuck1/cmd_vel,42.056891432,0.012,0.0
/epuck1/cmd_vel,42.116471132,0.012,0.0
/epuck1/cmd_vel,42.176117432,0.012,0.0
/epuck1/cmd_vel,42.232451932,0.012,0.0
/epuck1/cmd_vel,42.269017032,0.012,0.0
/epuck1/cmd_vel,42.327183632,0.012,0.0
/epuck1/cmd_vel,42.367169632,0.012,0.0
/epuck1/cmd_vel,42.444958832,0.012,0.0
/epuck1/cmd_vel,42.480995432,0.012,0.0
/epuck1/cmd_vel,42.534926532,0.012,0.0
/epuck1/cmd_vel,42.570951832,0.012,0.0
/epuck1/cmd_vel,42.634024232,0.012,0.0
/epuck1/cmd_vel,42.697583232,0.012,0.0
/epuck1/cmd_vel,42.755428332,0.012,0.0
/epuck1/cmd_vel,42.790763132,0.012,0.0
/epuck1/cmd_vel,42.843966332,0.012,0.0
/epuck1/cmd_vel,42.882542232,0.012,0.0
/epuck1/cmd_vel,42.960708832,0.012,0.0
/epuck1/cmd_vel,43.013234332,0.012,0.0
/epuck1/cmd_vel,43.069694232,0.012,0.0
/epuck1/cmd_vel,43.104140032,0.012,0.0
/epuck1/cmd_vel,43.160865932,0.012,0.0
/epuck1/cmd_vel,43.201932432,0.012,0.0
/epuck1/cmd_vel,43.279249832,0.012,0.0
/epuck1/cmd_vel,43.315800932,0.012,0.0
/epuck1/cmd_vel,43.369638132,0.012,0.0
/epuck1/cmd_vel,43.409658832,0.012,0.0
/epuck1/cmd_vel,43.488048332,0.012,0.0
/epuck1/cmd_vel,43.529897132,0.012,0.0
/epuck1/cmd_vel,43.586862432,0.012,0.0
/epuck1/cmd_vel,43.624432132,0.012,0.0
/epuck1/cmd_vel,43.681679532,0.012,0.0
/epuck1/cmd_vel,43.737536232,0.012,0.0
/epuck1/cmd_vel,43.797437532,0.012,0.0
/epuck1/cmd_vel,43.833446032,0.012,0.0
/epuck1/cmd_vel,43.887447632,0.012,0.0
/epuck1/cmd_vel,43.926411332,0.012,0.0
/epuck1/cmd_vel,44.001594432,0.012,0.0
/epuck1/cmd_vel,44.043144732,0.012,0.0
/epuck1/cmd_vel,44.097836732,0.012,0.0
/epuck1/cmd_vel,44.133949432,0.012,0.0
/epuck1/cmd_vel,44.196150323,0.012,0.0
/epuck1/cmd_vel,44.250090001,0.012,0.0
/epuck1/cmd_vel,44.306189368,0.012,0.0
/epuck1/cmd_vel,44.342423532,0.012,0.0
/epuck1/cmd_vel,44.395423619,0.012,0.0
/epuck1/cmd_vel,44.434812196,0.012,0.0
/epuck1/cmd_vel,44.516022385,0.012,0.0
/epuck1/cmd_vel,44.551959892,0.012,0.0
/epuck1/cmd_vel,44.603493619,0.012,0.0
/epuck1/cmd_vel,44.641398814,0.012,0.0
/epuck1/cmd_vel,44.714211098,0.012,0.0
/epuck1/cmd_vel,44.755110238,0.012,0.0
/epuck1/cmd_vel,44.809065586,0.012,0.0
/epuck1/cmd_vel,44.842121348,0.012,0.0
/epuck1/cmd_vel,44.898827668,0.012,0.0
/epuck1/cmd_vel,44.941662867,0.012,0.0
/epuck1/cmd_vel,45.019664186,0.012,0.0
/epuck1/cmd_vel,45.0596159,0.012,0.0
/epuck1/cmd_vel,45.111256992,0.012,0.0
/epuck1/cmd_vel,45.147484095,0.012,0.0
/epuck1/cmd_vel,45.205588582,0.012,0.0
/epuck1/cmd_vel,45.261361404,0.012,0.0
/epuck1/cmd_vel,45.316483262,0.012,0.0
/epuck1/cmd_vel,45.351488141,0.012,0.0
/epuck1/cmd_vel,45.406560379,0.012,0.0
/epuck1/cmd_vel,45.44682558,0.012,0.0
/epuck1/cmd_vel,45.525693947,0.012,0.0
/epuck1/cmd_vel,45.565229451,0.012,0.0
/epuck1/cmd_vel,45.620190551,0.012,0.0
/epuck1/cmd_vel,45.655139909,0.012,0.0
/epuck1/cmd_vel,45.712163005,0.012,0.0
/epuck1/cmd_vel,45.754886389,0.012,0.0
/epuck1/cmd_vel,45.833157766,0.012,0.0
/epuck1/cmd_vel,45.872633397,0.012,0.0
/epuck1/cmd_vel,45.92563919,0.012,0.0
/epuck1/cmd_vel,45.957267477,0.012,0.0
/epuck1/cmd_vel,46.019128688,0.012,0.0
/epuck1/cmd_vel,46.070598189,0.012,0.0
/epuck1/cmd_vel,46.139665937,0.012,0.0
/epuck1/cmd_vel,46.175315782,0.012,0.0
/epuck1/cmd_vel,46.228601402,0.012,0.0
/epuck1/cmd_vel,46.265936883,0.012,0.0
/epuck1/cmd_vel,46.325755057,0.012,0.0
/epuck1/cmd_vel,46.38573012,0.012,0.0
/epuck1/cmd_vel,46.445487937,0.012,0.0
/epuck1/cmd_vel,46.479650046,0.012,0.0
/epuck1/cmd_vel,46.532123172,0.012,0.0
/epuck1/cmd_vel,46.569283483,0.012,0.0
/epuck1/cmd_vel,46.641122224,0.012,0.0
/epuck1/cmd_vel,46.691571948,0.012,0.0
/epuck1/cmd_vel,46.746088014,0.012,0.0
/epuck1/cmd_vel,46.781691044,0.012,0.0
/epuck1/cmd_vel,46.835063137,0.012,0.0
/epuck1/cmd_vel,46.873372644,0.012,0.0
/epuck1/cmd_vel,46.949938169,0.012,0.0
/epuck1/cmd_vel,46.987073429,0.012,0.0
/epuck1/cmd_vel,47.038872474,0.012,0.0
/epuck1/cmd_vel,47.07501736,0.012,0.0
/epuck1/cmd_vel,47.155536736,0.012,0.0
/epuck1/cmd_vel,47.194523322,0.012,0.0
/epuck1/cmd_vel,47.247471177,0.012,0.0
/epuck1/cmd_vel,47.283865712,0.012,0.0
/epuck1/cmd_vel,47.336097314,0.012,0.0
/epuck1/cmd_vel,47.394131868,0.012,0.0
/epuck1/cmd_vel,47.452555163,0.012,0.0
/epuck1/cmd_vel,47.489454025,0.012,0.0
/epuck1/cmd_vel,47.542619706,0.012,0.0
/epuck1/cmd_vel,47.582086921,0.012,0.0
/epuck1/cmd_vel,47.656286636,0.012,0.0
/epuck1/cmd_vel,47.697321289,0.012,0.0
/epuck1/cmd_vel,47.748114582,0.012,0.0
/epuck1/cmd_vel,47.783242883,0.012,0.0
/epuck1/cmd_vel,47.842125721,0.012,0.0
/epuck1/cmd_vel,47.898564497,0.012,0.0
/epuck1/cmd_vel,47.954896876,0.012,0.0
/epuck1/cmd_vel,47.990051873,0.012,0.0
/epuck1/cmd_vel,48.046372064,0.012,0.0
/epuck1/cmd_vel,48.086302594,0.012,0.0
/epuck1/cmd_vel,48.160753893,0.012,0.0
/epuck1/cmd_vel,48.196946078,0.012,0.10752640499998734
/epuck1/cmd_vel,48.24946244,0.012,0.18
/epuck1/cmd_vel,48.285425095,0.012,0.18
/epuck1/cmd_vel,48.358658135,0.012,0.18
/epuck1/cmd_vel,48.397793001,0.012,0.18
/epuck1/cmd_vel,48.453344611,0.012,0.18
/epuck1/cmd_vel,48.486490425,0.012,0.18
/epuck1/cmd_vel,48.541583943,0.012,0.18
/epuck1/cmd_vel,48.600287838,0.012,0.18
/epuck1/cmd_vel,48.660060841,0.012,0.18
/epuck1/cmd_vel,48.694425881,0.012,0.18
/epuck1/cmd_vel,48.750326283,0.012,0.18
/epuck1/cmd_vel,48.789625292,0.012,0.18
/epuck1/cmd_vel,48.860677171,0.012,0.18
/epuck1/cmd_vel,48.89716611,0.012,0.18
/epuck1/cmd_vel,48.949564951,0.012,0.18
/epuck1/cmd_vel,48.987391024,0.012,0.18
/epuck1/cmd_vel,49.044091346,0.012,0.18
/epuck1/cmd_vel,49.103191043,0.012,0.18
/epuck1/cmd_vel,49.158041779,0.012,0.18
/epuck1/cmd_vel,49.191113308,0.012,0.18
/epuck1/cmd_vel,49.245852133,0.012,0.18
/epuck1/cmd_vel,49.287936742,0.012,0.18
/epuck1/cmd_vel,49.360759568,0.012,0.18
/epuck1/cmd_vel,49.398459802,0.012,0.18
/epuck1/cmd_vel,49.449919727,0.012,0.18
/epuck1/cmd_vel,49.487032256,0.012,0.18
/epuck1/cmd_vel,49.547954939,0.012,0.18
/epuck1/cmd_vel,49.605276433,0.012,0.17470178604125977
/epuck1/cmd_vel,49.665774127,0.012,0.16764312982559204
/epuck1/cmd_vel,49.701450027,0.012,0.16764312982559204
/epuck1/cmd_vel,49.756949227,0.012,0.16764312982559204
/epuck1/cmd_vel,49.794689827,0.012,0.14823182821273803
/epuck1/cmd_vel,49.870486427,0.012,0.14823182821273803
/epuck1/cmd_vel,49.922597927,0.012,0.13764383792877197
/epuck1/cmd_vel,49.982241027,0.012,0.13764383792877197
/epuck1/cmd_vel,50.018465527,0.012,0.12352651357650757
/epuck1/cmd_vel,50.074739727,0.012,0.12352651357650757
/epuck1/cmd_vel,50.115007327,0.012,0.11470320224761964
/epuck1/cmd_vel,50.199531727,0.012,0.11470320224761964
/epuck1/cmd_vel,50.238794827,0.012,0.1023505449295044
/epuck1/cmd_vel,50.296118027,0.012,0.1023505449295044
/epuck1/cmd_vel,50.330703227,0.012,0.09352722167968752
/epuck1/cmd_vel,50.390922227,0.012,0.09352722167968752
/epuck1/cmd_vel,50.432104527,0.012,0.09352722167968752
/epuck1/cmd_vel,50.514723027,0.012,0.08293923139572144
/epuck1/cmd_vel,50.555064527,0.012,0.07940990328788756
/epuck1/cmd_vel,50.608262827,0.012,0.07940990328788756
/epuck1/cmd_vel,50.647740027,0.012,0.07940990328788756
/epuck1/cmd_vel,50.704525027,0.012,0.07235124707221983
/epuck1/cmd_vel,50.760647127,0.012,0.07235124707221983
/epuck1/cmd_vel,50.842889127,0.012,0.06529259085655213
/epuck1/cmd_vel,50.883084527,0.012,0.05999859571456909
/epuck1/cmd_vel,50.936119927,0.014657680000000084,0.07499824464321136
/epuck1/cmd_vel,50.974610227,0.016561325000000238,0.07499824464321136
/epuck1/cmd_vel,51.050795127,0.020326105000000438,0.06617492437362671
/epuck1/cmd_vel,51.093436427,0.02250096499999995,0.05955743044614792
/epuck1/cmd_vel,51.147517827,0.025,0.05955743044614792
/epuck1/cmd_vel,51.183225227,0.025,0.05955743044614792
/epuck1/cmd_vel,51.240415627,0.025,0.050734106451272964
/epuck1/cmd_vel,51.298190827,0.025,0.050734106451272964
/epuck1/cmd_vel,51.358020227,0.025,0.04632244631648064
/epuck1/cmd_vel,51.395602427,0.025,0.04632244631648064
/epuck1/cmd_vel,51.449681127,0.025,0.04191078245639801
/epuck1/cmd_vel,51.490053927,0.025,0.04191078245639801
/epuck1/cmd_vel,51.570569927,0.025,0.03529329225420952
/epuck1/cmd_vel,51.608181027,0.025,0.03529329225420952
/epuck1/cmd_vel,51.662207327,0.025,0.03529329225420952
/epuck1/cmd_vel,51.699070927,0.025,0.03088163025677204
/epuck1/cmd_vel,51.760108927,0.025,0.03088163025677204
/epuck1/cmd_vel,51.818697127,0.025,0.026469968259334564
/epuck1/cmd_vel,51.877467427,0.025,0.026469968259334564
/epuck1/cmd_vel,51.931161327,0.025,0.026469968259334564
/epuck1/cmd_vel,51.970124027,0.025,0.0242641381919384
/epuck1/cmd_vel,52.010029127,0.025,0.0242641381919384
/epuck1/cmd_vel,52.086349027,0.025,0.01985247619450092
/epuck1/cmd_vel,52.122504227,0.025,0.01985247619450092
/epuck1/cmd_vel,52.177740427,0.025,0.017646646127104763
/epuck1/cmd_vel,52.215021142,0.025,0.017646646127104763
/epuck1/cmd_vel,52.276743422,0.025,0.017646646127104763
/epuck1/cmd_vel,52.334125846,0.025,0.01544081512838602
/epuck1/cmd_vel,52.392649074,0.025,0.01544081512838602
/epuck1/cmd_vel,52.442088898,0.025,0.013234984129667282
/epuck1/cmd_vel,52.477523064,0.025,0.013234984129667282
/epuck1/cmd_vel,52.515517709,0.025,0.013234984129667282
/epuck1/cmd_vel,52.589369537,0.025,0.013234984129667282
/epuck1/cmd_vel,52.63666057,0.02031645470000001,-0.17410682787033238
/epuck1/cmd_vel,52.692443087,0.014751313400000757,-0.3
/epuck1/cmd_vel,52.7270574,0.012,-0.3
/epuck1/cmd_vel,52.779636485,0.012,-0.3
/epuck1/cmd_vel,52.817679306,0.012,-0.3
/epuck1/cmd_vel,52.898818975,0.012,-0.3
/epuck1/cmd_vel,52.955439338,0.012,-0.3
/epuck1/cmd_vel,52.991317467,0.012,-0.3
/epuck1/cmd_vel,53.024202008,0.012,-0.3
/epuck1/cmd_vel,53.079771349,0.012,-0.3
/epuck1/cmd_vel,53.121114716,0.012,-0.3
/epuck1/cmd_vel,53.199257939,0.012,-0.3
/epuck1/cmd_vel,53.236472149,0.012,-0.3
/epuck1/cmd_vel,53.287675451,0.012,-0.3
/epuck1/cmd_vel,53.323951843,0.012,-0.3
/epuck1/cmd_vel,53.380786524,0.012,-0.3
/epuck1/cmd_vel,53.462261808,0.012,-0.3
/epuck1/cmd_vel,53.502905858,0.012,-0.3
/epuck1/cmd_vel,53.537760576,0.012,-0.3
/epuck1/cmd_vel,53.591182269,0.012,-0.3
/epuck1/cmd_vel,53.626702314,0.012,-0.3
/epuck1/cmd_vel,53.685777759,0.012,-0.3
/epuck1/cmd_vel,53.744824736,0.012,-0.3
/epuck1/cmd_vel,53.803314165,0.012,-0.3
/epuck1/cmd_vel,53.839255514,0.012,-0.3
/epuck1/cmd_vel,53.891127665,0.012,-0.3
/epuck1/cmd_vel,53.950324313,0.012,-0.3
/epuck1/cmd_vel,53.995690011,0.012,-0.3
/epuck1/cmd_vel,54.045933027,0.007125806400000101,-0.3
/epuck1/cmd_vel,54.100899309,0.006,-0.3
/epuck1/cmd_vel,54.134936841,0.006,-0.3
/epuck1/cmd_vel,54.189196761,0.006,-0.3
/epuck1/cmd_vel,54.230781294,0.006,-0.3
/epuck1/cmd_vel,54.300042197,0.006,-0.3
/epuck1/cmd_vel,54.334897201,0.006,-0.3
/epuck1/cmd_vel,54.386283306,0.006,-0.3
/epuck1/cmd_vel,54.441899872,0.006,-0.3
/epuck1/cmd_vel,54.499447865,0.006,-0.3
/epuck1/cmd_vel,54.539718883,0.006,-0.3
/epuck1/cmd_vel,54.593065931,0.006,-0.3
/epuck1/cmd_vel,54.628616824,0.006,-0.3
/epuck1/cmd_vel,54.682695941,0.006,-0.3
/epuck1/cmd_vel,54.733429191,0.006,-0.3
/epuck1/cmd_vel,54.790003664,0.008816008349999778,-0.3
/epuck1/cmd_vel,54.82617523,0.010590392000000066,-0.3
/epuck1/cmd_vel,54.876028551,0.012,-0.3
/epuck1/cmd_vel,54.935308793,0.012,-0.3
/epuck1/cmd_vel,54.990179865,0.012,-0.3
/epuck1/cmd_vel,55.028150612,0.012,-0.3
/epuck1/cmd_vel,55.081190799,0.012,-0.3
/epuck1/cmd_vel,55.116587547,0.012,-0.3
/epuck1/cmd_vel,55.174585216,0.012,-0.3
/epuck1/cmd_vel,55.230531303,0.012,-0.3
/epuck1/cmd_vel,55.283265961,0.012,-0.3
/epuck1/cmd_vel,55.31692094,0.012,-0.3
/epuck1/cmd_vel,55.371320247,0.012,-0.3
/epuck1/cmd_vel,55.44611075,0.012,-0.3
/epuck1/cmd_vel,55.48821332,0.012,-0.3
/epuck1/cmd_vel,55.523114215,0.012,-0.3
/epuck1/cmd_vel,55.574336559,0.012,-0.3
/epuck1/cmd_vel,55.61065532,0.008421746199999348,-0.3
/epuck1/cmd_vel,55.685244168,0.006,-0.3
/epuck1/cmd_vel,55.72228919,0.006,-0.3
/epuck1/cmd_vel,55.776294614,0.006,-0.3
/epuck1/cmd_vel,55.811071165,0.006,-0.3
/epuck1/cmd_vel,55.865853882,0.006,-0.3
/epuck1/cmd_vel,55.940827283,0.006,-0.3
/epuck1/cmd_vel,55.978121564,0.006,-0.3
/epuck1/cmd_vel,56.012763679,0.006,-0.3
/epuck1/cmd_vel,56.066870977,0.006,-0.3
/epuck1/cmd_vel,56.10182081,0.006,-0.3
/epuck1/cmd_vel,56.175417857,0.006,-0.3
/epuck1/cmd_vel,56.223511224,0.006,-0.3
/epuck1/cmd_vel,56.276924918,0.006,-0.3
/epuck1/cmd_vel,56.312173996,0.006,-0.3
/epuck1/cmd_vel,56.368401047,0.006,-0.3
/epuck1/cmd_vel,56.407923906,0.006,-0.3
/epuck1/cmd_vel,56.480759655,0.006,-0.3
/epuck1/cmd_vel,56.517661671,0.006,-0.3
/epuck1/cmd_vel,56.569438041,0.006,-0.3
/epuck1/cmd_vel,56.606062997,0.007820850849999545,-0.15433193200003642
/epuck1/cmd_vel,56.678988719,0.011493567199999917,0.0
/epuck1/cmd_vel,56.718681432,0.012,0.0
/epuck1/cmd_vel,56.772723321,0.012,0.0
/epuck1/cmd_vel,56.806950035,0.012,0.0
/epuck1/cmd_vel,56.863044174,0.012,0.0
/epuck1/cmd_vel,56.914379151,0.012,0.0
/epuck1/cmd_vel,56.972483456,0.012,0.0
/epuck1/cmd_vel,57.007898294,0.012,0.0
/epuck1/cmd_vel,57.059344157,0.012,0.0
/epuck1/cmd_vel,57.099740057,0.012,0.0
/epuck1/cmd_vel,57.174844657,0.012,0.0
/epuck1/cmd_vel,57.224641257,0.012,0.0
/epuck1/cmd_vel,57.281290657,0.012,0.0
/epuck1/cmd_vel,57.319435157,0.012,0.0
/epuck1/cmd_vel,57.376526757,0.012,0.0
/epuck1/cmd_vel,57.418523557,0.012,0.0
/epuck1/cmd_vel,57.498412657,0.012,0.0
/epuck1/cmd_vel,57.540692457,0.012,0.0
/epuck1/cmd_vel,57.595515057,0.012,0.0
/epuck1/cmd_vel,57.632823357,0.012,0.0
/epuck1/cmd_vel,57.689340357,0.012,0.0
/epuck1/cmd_vel,57.745035957,0.012,0.0
/epuck1/cmd_vel,57.806069757,0.012,0.0
/epuck1/cmd_vel,57.842297157,0.012,0.0
/epuck1/cmd_vel,57.898683457,0.012,0.0
/epuck1/cmd_vel,57.938110457,0.012,0.0
/epuck1/cmd_vel,58.016765757,0.012,0.0
/epuck1/cmd_vel,58.055279357,0.012,0.0
/epuck1/cmd_vel,58.107288357,0.012,0.0
/epuck1/cmd_vel,58.147277057,0.012,0.0
/epuck1/cmd_vel,58.204946357,0.012,0.0
/epuck1/cmd_vel,58.264860657,0.012,0.0
/epuck1/cmd_vel,58.321782457,0.012,0.0
/epuck1/cmd_vel,58.357115957,0.012,0.0
/epuck1/cmd_vel,58.413244357,0.012,0.0
/epuck1/cmd_vel,58.453739557,0.012,0.0
/epuck1/cmd_vel,58.531053457,0.012,0.0
/epuck1/cmd_vel,58.569241057,0.012,0.0
/epuck1/cmd_vel,58.622067257,0.012,0.0
/epuck1/cmd_vel,58.660534557,0.012,0.0
/epuck1/cmd_vel,58.725235657,0.012,0.0
/epuck1/cmd_vel,58.787014457,0.012,0.0
/epuck1/cmd_vel,58.846539257,0.012,0.0
/epuck1/cmd_vel,58.881556557,0.012,0.0
/epuck1/cmd_vel,58.934536657,0.012,0.0
/epuck1/cmd_vel,58.975216357,0.012,0.0
/epuck1/cmd_vel,59.048472957,0.012,0.0
/epuck1/cmd_vel,59.100755657,0.012,0.0
/epuck1/cmd_vel,59.159222457,0.012,0.0
/epuck1/cmd_vel,59.195952457,0.012,0.0
/epuck1/cmd_vel,59.250713757,0.012,0.0
/epuck1/cmd_vel,59.293377957,0.012,0.0
/epuck1/cmd_vel,59.376236757,0.012,0.0
/epuck1/cmd_vel,59.417496457,0.012,0.0
/epuck1/cmd_vel,59.471567057,0.012,0.0
/epuck1/cmd_vel,59.508395457,0.012,0.0
/epuck1/cmd_vel,59.565772757,0.012,0.0
/epuck1/cmd_vel,59.608069457,0.012,0.0
/epuck1/cmd_vel,59.691708557,0.012,0.0
/epuck1/cmd_vel,59.731893557,0.012,0.0
/epuck1/cmd_vel,59.785368957,0.012,0.0
/epuck1/cmd_vel,59.821574257,0.012,0.0
/epuck1/cmd_vel,59.883441757,0.012,0.0
/epuck1/cmd_vel,59.938884357,0.012,0.0
/epuck1/cmd_vel,59.995894557,0.012,0.0
/epuck1/cmd_vel,60.032681357,0.012,0.0
/epuck1/cmd_vel,60.091035457,0.012,0.0
/epuck1/cmd_vel,60.131459357,0.012,0.0
/epuck1/cmd_vel,60.23038966,0.012,0.0
/epuck1/cmd_vel,60.271008866,0.012,0.0
/epuck1/cmd_vel,60.326815173,0.012,0.0
/epuck1/cmd_vel,60.362850203,0.012,0.0
/epuck1/cmd_vel,60.42165604,0.012,0.0
/epuck1/cmd_vel,60.479698992,0.012,0.0
/epuck1/cmd_vel,60.539741199,0.012,0.0
/epuck1/cmd_vel,60.579322637,0.012,0.0
/epuck1/cmd_vel,60.631418144,0.012,0.0
/epuck1/cmd_vel,60.67145815,0.012,0.0
/epuck1/cmd_vel,60.746281402,0.012,0.0
/epuck1/cmd_vel,60.784426674,0.012,0.0
/epuck1/cmd_vel,60.839683815,0.012,0.0
/epuck1/cmd_vel,60.875779909,0.012,0.0
/epuck1/cmd_vel,60.937520433,0.012,0.0
/epuck1/cmd_vel,60.991652689,0.012,0.0
/epuck1/cmd_vel,61.050706257,0.012,0.0
/epuck1/cmd_vel,61.087328941,0.012,0.0
/epuck1/cmd_vel,61.142262371,0.012,0.0
/epuck1/cmd_vel,61.183519254,0.012,0.0
/epuck1/cmd_vel,61.25924124,0.012,0.0
/epuck1/cmd_vel,61.295112476,0.012,0.0
/epuck1/cmd_vel,61.34892082,0.012,0.0
/epuck1/cmd_vel,61.387984519,0.012,0.0
/epuck1/cmd_vel,61.447298847,0.012,0.0
/epuck1/cmd_vel,61.510501495,0.012,0.0
/epuck1/cmd_vel,61.570370757,0.012,0.0
/epuck1/cmd_vel,61.607294578,0.012,0.0
/epuck1/cmd_vel,61.661420667,0.012,0.0
/epuck1/cmd_vel,61.700663079,0.012,0.0
/epuck1/cmd_vel,61.772391825,0.012,0.0
/epuck1/cmd_vel,61.825608737,0.012,0.0
/epuck1/cmd_vel,61.882325217,0.012,0.0
/epuck1/cmd_vel,61.917714415,0.012,0.0
/epuck1/cmd_vel,61.973156832,0.012,0.0
/epuck1/cmd_vel,62.015925663,0.012,0.0
/epuck1/cmd_vel,62.102276035,0.012,0.0
/epuck1/cmd_vel,62.140466956,0.012,0.0
/epuck1/cmd_vel,62.198163421,0.012,0.0
/epuck1/cmd_vel,62.233889757,0.012,0.0
/epuck1/cmd_vel,62.289689003,0.012,0.0
/epuck1/cmd_vel,62.330843452,0.012,0.0
/epuck1/cmd_vel,62.414567035,0.012,0.0
/epuck1/cmd_vel,62.452552292,0.012,0.0
/epuck1/cmd_vel,62.508317327,0.012,0.0
/epuck1/cmd_vel,62.546513519,0.012,0.0
/epuck1/cmd_vel,62.605546501,0.012,0.0
/epuck1/cmd_vel,62.654795036,0.012,0.0
/epuck1/cmd_vel,62.728811444,0.012,0.0
/epuck1/cmd_vel,62.766352256,0.012,0.0
/epuck1/cmd_vel,62.820214702,0.012,0.0
/epuck1/cmd_vel,62.856780003,0.012,0.0
/epuck1/cmd_vel,62.931996085,0.012,0.0
/epuck1/cmd_vel,62.97488346,0.012,0.0
/epuck1/cmd_vel,63.029409242,0.012,0.0
/epuck1/cmd_vel,63.065087941,0.012,0.0
/epuck1/cmd_vel,63.123432824,0.012,0.0
/epuck1/cmd_vel,63.179488355,0.012,0.0
/epuck1/cmd_vel,63.242053723,0.012,0.0
/epuck1/cmd_vel,63.277376786,0.012,0.0
/epuck1/cmd_vel,63.331413768,0.012,0.0
/epuck1/cmd_vel,63.37144174,0.012,0.0
/epuck1/cmd_vel,63.449250698,0.012,0.0
/epuck1/cmd_vel,63.489279863,0.012,0.0
/epuck1/cmd_vel,63.542370473,0.012,0.0
/epuck1/cmd_vel,63.578844279,0.012,0.0
/epuck1/cmd_vel,63.637795314,0.012,0.1768190940000096
/epuck1/cmd_vel,63.695320128,0.012,0.18
/epuck1/cmd_vel,63.753469591,0.012,0.18
/epuck1/cmd_vel,63.788571079,0.012,0.18
/epuck1/cmd_vel,63.843168166,0.012,0.18
/epuck1/cmd_vel,63.884300836,0.012,0.18
/epuck1/cmd_vel,63.961256706,0.012,0.18
/epuck1/cmd_vel,64.000159792,0.012,0.18
/epuck1/cmd_vel,64.053294061,0.012,0.18
/epuck1/cmd_vel,64.091288765,0.012,0.18
/epuck1/cmd_vel,64.152047315,0.012,0.18
/epuck1/cmd_vel,64.214150834,0.012,0.18
/epuck1/cmd_vel,64.272166337,0.012,0.18
/epuck1/cmd_vel,64.31009441,0.012,0.18
/epuck1/cmd_vel,64.362769415,0.012,0.18
/epuck1/cmd_vel,64.403264308,0.012,0.18
/epuck1/cmd_vel,64.478598835,0.012,0.18
/epuck1/cmd_vel,64.517389542,0.012,0.18
/epuck1/cmd_vel,64.570952344,0.012,0.18
/epuck1/cmd_vel,64.608558694,0.012,0.18
/epuck1/cmd_vel,64.668898059,0.012,0.18
/epuck1/cmd_vel,64.726655388,0.012,0.18
/epuck1/cmd_vel,64.785339,0.012,0.18
/epuck1/cmd_vel,64.821345289,0.012,0.18
/epuck1/cmd_vel,64.878826643,0.012,0.18
/epuck1/cmd_vel,64.919231036,0.012,0.18
/epuck1/cmd_vel,64.994411912,0.012,0.18
/epuck1/cmd_vel,65.03045271,0.012,0.18
/epuck1/cmd_vel,65.085196786,0.012,0.18
/epuck1/cmd_vel,65.121443049,0.012,0.18
/epuck1/cmd_vel,65.204606129,0.012,0.18
/epuck1/cmd_vel,65.24324955,0.012,0.18
/epuck1/cmd_vel,65.299549927,0.012,0.18
/epuck1/cmd_vel,65.333536077,0.012,0.18
/epuck1/cmd_vel,65.394211088,0.012,0.18
/epuck1/cmd_vel,65.449821278,0.012,0.18
/epuck1/cmd_vel,65.508697427,0.012,0.18
/epuck1/cmd_vel,65.544698644,0.012,0.18
/epuck1/cmd_vel,65.597636398,0.012,0.18
/epuck1/cmd_vel,65.637149316,0.012,0.18
/epuck1/cmd_vel,65.714597964,0.012,0.18
/epuck1/cmd_vel,65.755217866,0.012,0.18
/epuck1/cmd_vel,65.810033645,0.012,0.18
/epuck1/cmd_vel,65.847598325,0.012,0.18
/epuck1/cmd_vel,65.906906786,0.012,0.18
/epuck1/cmd_vel,65.963979696,0.012,0.18
/epuck1/cmd_vel,66.021697046,0.012,0.18
/epuck1/cmd_vel,66.059501501,0.012,0.18
/epuck1/cmd_vel,66.114419616,0.012,0.18
/epuck1/cmd_vel,66.154938874,0.012,0.18
/epuck1/cmd_vel,66.233764912,0.012,0.18
/epuck1/cmd_vel,66.270012071,0.012,0.18
/epuck1/cmd_vel,66.324128315,0.012,0.18
/epuck1/cmd_vel,66.361959721,0.012,0.18
/epuck1/cmd_vel,66.440040278,0.012,0.18
/epuck1/cmd_vel,66.480529602,0.012,0.18
/epuck1/cmd_vel,66.537442496,0.012,0.18
/epuck1/cmd_vel,66.57166136,0.012,0.18
/epuck1/cmd_vel,66.630696231,0.012,0.18
/epuck1/cmd_vel,66.674702029,0.012,0.18
/epuck1/cmd_vel,66.756460468,0.012,0.18
/epuck1/cmd_vel,66.793453009,0.012,0.18
/epuck1/cmd_vel,66.848161481,0.012,0.18
/epuck1/cmd_vel,66.885307374,0.012,0.18
/epuck1/cmd_vel,66.943255152,0.012,0.18
/epuck1/cmd_vel,66.99798789,0.012,0.18
/epuck1/cmd_vel,67.068736749,0.012,0.18
/epuck1/cmd_vel,67.106851789,0.012,0.18
/epuck1/cmd_vel,67.160617072,0.012,0.18
/epuck1/cmd_vel,67.197921191,0.012,0.18
/epuck1/cmd_vel,67.261684144,0.012,0.18
/epuck1/cmd_vel,67.322231758,0.012,0.18
/epuck1/cmd_vel,67.384433933,0.012,0.18
/epuck1/cmd_vel,67.419991501,0.012,0.18
/epuck1/cmd_vel,67.474981219,0.012,0.18
/epuck1/cmd_vel,67.51304365,0.012,0.18
/epuck1/cmd_vel,67.588576382,0.012,0.18
/epuck1/cmd_vel,67.640955522,0.012,0.18
/epuck1/cmd_vel,67.695845989,0.012,0.18
/epuck1/cmd_vel,67.730707502,0.012,0.18
/epuck1/cmd_vel,67.787719747,0.012,0.18
/epuck1/cmd_vel,67.828163622,0.012,0.18
/epuck1/cmd_vel,67.911670403,0.012,0.18
/epuck1/cmd_vel,67.952602182,0.012,0.18
/epuck1/cmd_vel,68.008214759,0.012,0.18
/epuck1/cmd_vel,68.042769468,0.012,0.18
/epuck1/cmd_vel,68.101709464,0.012,0.18
/epuck1/cmd_vel,68.14262006,0.012,0.18
/epuck1/cmd_vel,68.226032462,0.012,0.18
/epuck1/cmd_vel,68.266869543,0.012,0.18
/epuck1/cmd_vel,68.318672803,0.012,0.18
/epuck1/cmd_vel,68.355739469,0.012,0.18
/epuck1/cmd_vel,68.416633898,0.012,0.18
/epuck1/cmd_vel,68.468001495,0.012,0.18
/epuck1/cmd_vel,68.54032679,0.012,0.18
/epuck1/cmd_vel,68.576519251,0.012,0.18
/epuck1/cmd_vel,68.631789026,0.012,0.18
/epuck1/cmd_vel,68.668554982,0.012,0.18
/epuck1/cmd_vel,68.749068621,0.012,0.18
/epuck1/cmd_vel,68.786323604,0.012,0.18
/epuck1/cmd_vel,68.842785984,0.012,0.18
/epuck1/cmd_vel,68.878536422,0.012,0.18
/epuck1/cmd_vel,68.93752632,0.012,0.18
/epuck1/cmd_vel,68.995561119,0.012,0.18
/epuck1/cmd_vel,69.055392429,0.012,0.18
/epuck1/cmd_vel,69.092460188,0.012,0.18
/epuck1/cmd_vel,69.145692865,0.012,0.18
/epuck1/cmd_vel,69.185339121,0.012,0.18
/epuck1/cmd_vel,69.262030181,0.012,0.18
/epuck1/cmd_vel,69.298600666,0.012,0.18
/epuck1/cmd_vel,69.354104172,0.012,0.18
/epuck1/cmd_vel,69.391947657,0.012,0.1782311201095581
/epuck1/cmd_vel,69.450863122,0.012,0.1782311201095581
/epuck1/cmd_vel,69.505982045,0.012,0.1623491406440735
/epuck1/cmd_vel,69.561723655,0.012,0.1623491406440735
/epuck1/cmd_vel,69.600347139,0.012,0.1623491406440735
/epuck1/cmd_vel,69.655739941,0.012,0.14646716117858885
/epuck1/cmd_vel,69.696046547,0.012,0.14646716117858885
/epuck1/cmd_vel,69.773494252,0.012,0.13411450386047363
/epuck1/cmd_vel,69.808320399,0.012,0.13411450386047363
/epuck1/cmd_vel,69.864179272,0.012,0.11823252439498902
/epuck1/cmd_vel,69.901294434,0.012,0.11823252439498902
/epuck1/cmd_vel,69.965010233,0.012,0.11823252439498902
/epuck1/cmd_vel,70.026975532,0.012,0.10587987899780277
/epuck1/cmd_vel,70.087055479,0.012,0.09882121682167054
/epuck1/cmd_vel,70.126146425,0.012,0.09882121682167054
/epuck1/cmd_vel,70.179814466,0.012,0.09882121682167054
/epuck1/cmd_vel,70.217492987,0.012,0.08823322653770448
/epuck1/cmd_vel,70.297755702,0.012,0.08823322653770448
/epuck1/cmd_vel,70.334028259,0.012,0.07940990328788756
/epuck1/cmd_vel,70.3892398,0.012,0.07940990328788756
/epuck1/cmd_vel,70.425728002,0.012,0.07411591410636902
/epuck1/cmd_vel,70.486706701,0.012,0.07411591410636902
/epuck1/cmd_vel,70.540915345,0.012,0.068821918964386
/epuck1/cmd_vel,70.614121405,0.012,0.068821918964386
/epuck1/cmd_vel,70.649990498,0.012,0.061763256788253784
/epuck1/cmd_vel,70.706426445,0.014782678150000351,0.07720407098531723
/epuck1/cmd_vel,70.743527197,0.016594845150000283,0.06838075071573256
/epuck1/cmd_vel,70.822004532,0.020515497100000148,0.06838075071573256
/epuck1/cmd_vel,70.862478387,0.022599386600000573,0.061763260513544076
/epuck1/cmd_vel,70.917128357,0.025,0.061763260513544076
/epuck1/cmd_vel,70.951075328,0.025,0.061763260513544076
/epuck1/cmd_vel,71.009248061,0.025,0.05514576658606529
/epuck1/cmd_vel,71.070647317,0.025,0.05514576658606529
/epuck1/cmd_vel,71.128804746,0.025,0.0485282763838768
/epuck1/cmd_vel,71.167816191,0.025,0.0485282763838768
/epuck1/cmd_vel,71.72526051,0.025,0.04191078245639801
/epuck1/cmd_vel,71.768123651,0.025,0.04191078245639801
/epuck1/cmd_vel,71.844151081,0.025,0.03749912232160568
/epuck1/cmd_vel,71.884341816,0.025,0.03749912232160568
/epuck1/cmd_vel,71.938523429,0.025,0.03749912232160568
/epuck1/cmd_vel,71.977195209,0.025,0.033087462186813354
/epuck2/cmd_vel,3.534932,0.0,0.0
/epuck2/cmd_vel,3.5726672,0.0,0.0
/epuck2/cmd_vel,3.6339622,0.0,0.0
/epuck2/cmd_vel,3.69273265,0.0,0.0
/epuck2/cmd_vel,3.747023241,0.0,0.0
/epuck2/cmd_vel,3.780901499,0.0,0.0
/epuck2/cmd_vel,3.8328578,0.0,0.0
/epuck2/cmd_vel,3.866430808,0.0,0.0
/epuck2/cmd_vel,3.933465816,0.0,0.0
/epuck2/cmd_vel,3.981253483,0.0,0.0
/epuck2/cmd_vel,4.03684675,0.0,0.0
/epuck2/cmd_vel,4.06834195,0.0,0.0
/epuck2/cmd_vel,4.119261041,0.0,0.0
/epuck2/cmd_vel,4.157094258,0.0,0.0
/epuck2/cmd_vel,4.22952165,0.0,0.0
/epuck2/cmd_vel,4.265887741,0.0,0.0
/epuck2/cmd_vel,4.316653841,0.0,0.0
/epuck2/cmd_vel,4.348331366,0.0,0.0
/epuck2/cmd_vel,4.417357558,0.0,0.0
/epuck2/cmd_vel,4.454161541,0.0,0.0
/epuck2/cmd_vel,4.507630983,0.0,0.0
/epuck2/cmd_vel,4.541022675,0.0,0.0
/epuck2/cmd_vel,4.59216195,0.0,0.0
/epuck2/cmd_vel,4.645744416,0.0,0.0
/epuck2/cmd_vel,4.700751841,0.0,0.0
/epuck2/cmd_vel,4.734996216,0.0,0.0
/epuck2/cmd_vel,4.785628025,0.0,0.0
/epuck2/cmd_vel,4.820330458,0.0,0.0
/epuck2/cmd_vel,4.892845208,0.0,0.0
/epuck2/cmd_vel,4.929915208,0.0,0.0
/epuck2/cmd_vel,4.978628066,0.0,0.0
/epuck2/cmd_vel,5.012758316,0.0,0.0
/epuck2/cmd_vel,5.06664365,0.0,0.0
/epuck2/cmd_vel,5.1227937,0.0,0.0
/epuck2/cmd_vel,5.17609585,0.0,0.0
/epuck2/cmd_vel,5.209268183,0.0,0.0
/epuck2/cmd_vel,5.259332208,0.0,0.0
/epuck2/cmd_vel,5.297042591,0.0,0.0
/epuck2/cmd_vel,5.366779383,0.0,0.0
/epuck2/cmd_vel,5.402111841,0.0,0.0
/epuck2/cmd_vel,5.451894266,0.0,0.0
/epuck2/cmd_vel,5.487078041,0.0,0.0
/epuck2/cmd_vel,5.561624675,0.0,0.0
/epuck2/cmd_vel,5.598443783,0.0,0.0
/epuck2/cmd_vel,5.650424741,0.0,0.0
/epuck2/cmd_vel,5.683521816,0.0,0.0
/epuck2/cmd_vel,5.736602041,0.0,0.0
/epuck2/cmd_vel,5.789732225,0.0,0.0
/epuck2/cmd_vel,5.841913383,0.0,0.0
/epuck2/cmd_vel,5.877544491,0.0,0.0
/epuck2/cmd_vel,5.926541883,0.0,0.0
/epuck2/cmd_vel,5.963873408,0.0,0.0
/epuck2/cmd_vel,6.033759891,0.0,0.0
/epuck2/cmd_vel,6.071248991,0.0,0.0
/epuck2/cmd_vel,6.121427233,0.0,0.0
/epuck2/cmd_vel,6.156479008,0.0,0.0
/epuck2/cmd_vel,6.21080975,0.0,0.0
/epuck2/cmd_vel,6.261956725,0.0,0.0
/epuck2/cmd_vel,6.316415433,0.0,0.0
/epuck2/cmd_vel,6.349570228,0.0,0.0
/epuck2/cmd_vel,6.403059323,0.0,0.0
/epuck2/cmd_vel,6.443332772,0.0,0.0
/epuck2/cmd_vel,6.519368194,0.0,0.0
/epuck2/cmd_vel,6.557173964,0.0,0.0
/epuck2/cmd_vel,6.612246683,0.0,0.0
/epuck2/cmd_vel,6.646230055,0.0,0.0
/epuck2/cmd_vel,6.701394827,0.0,0.0
/epuck2/cmd_vel,6.741668749,0.0,0.0
/epuck2/cmd_vel,6.822753793,0.0,0.0
/epuck2/cmd_vel,6.85951276,0.0,0.0
/epuck2/cmd_vel,6.911191688,0.0,0.0
/epuck2/cmd_vel,6.944724621,0.0,0.0
/epuck2/cmd_vel,7.000938748,0.0,0.0
/epuck2/cmd_vel,7.045228626,0.0,0.0
/epuck2/cmd_vel,7.101623836,0.0,0.0
/epuck2/cmd_vel,7.136285796,0.0,0.0
/epuck2/cmd_vel,7.190795986,0.0,0.0
/epuck2/cmd_vel,7.232087318,0.0,0.0
/epuck2/cmd_vel,7.311585618,0.0,0.0
/epuck2/cmd_vel,7.348341952,0.0,0.0
/epuck2/cmd_vel,7.398346919,0.0,0.0
/epuck2/cmd_vel,7.43397926,0.0,0.0
/epuck2/cmd_vel,7.490811149,0.0,0.0
/epuck2/cmd_vel,7.542275054,0.0,0.0
/epuck2/cmd_vel,7.610258233,0.0,0.0
/epuck2/cmd_vel,7.647535185,0.0,0.0
/epuck2/cmd_vel,7.699085524,0.0,0.0
/epuck2/cmd_vel,7.736334229,0.0,0.0
/epuck2/cmd_vel,7.809455748,0.0,0.0
/epuck2/cmd_vel,7.848547074,0.0,0.0
/epuck2/cmd_vel,7.901549006,0.0,0.0
/epuck2/cmd_vel,7.934588026,0.0,0.0
/epuck2/cmd_vel,7.991938617,0.0,0.0
/epuck2/cmd_vel,8.046008365,0.0,0.0
/epuck2/cmd_vel,8.103329015,0.0,0.0
/epuck2/cmd_vel,8.136995203,0.0,0.0
/epuck2/cmd_vel,8.19227626,0.0,0.0
/epuck2/cmd_vel,8.227080692,0.0,0.0
/epuck2/cmd_vel,8.302931022,0.0,0.0
/epuck2/cmd_vel,8.340784435,0.0,0.0
/epuck2/cmd_vel,8.393637246,0.0,0.0
/epuck2/cmd_vel,8.425285944,0.0015626197000003117,-8.742278012618954e-08
/epuck2/cmd_vel,8.48175204,0.0043612950500001805,-8.742278012618954e-08
/epuck2/cmd_vel,8.53407144,0.007016186950000148,-8.742278012618954e-08
/epuck2/cmd_vel,8.586622165,0.009647345650000007,-8.742278012618954e-08
/epuck2/cmd_vel,8.621009896,0.011304424250000267,-8.742278012618954e-08
/epuck2/cmd_vel,8.674226822,0.01400100180000017,-8.742278012618954e-08
/epuck2/cmd_vel,8.713426699,0.01593280950000029,-8.742278012618954e-08
/epuck2/cmd_vel,8.783556615,0.01950320385000026,-8.742278012618954e-08
/epuck2/cmd_vel,8.821446238,0.02138867595000029,-8.742278012618954e-08
/epuck2/cmd_vel,8.878012161,0.024225262400000246,-8.742278012618954e-08
/epuck2/cmd_vel,8.916185134,0.025,-8.742278012618954e-08
/epuck2/cmd_vel,8.994880772,0.025,-8.742278012618954e-08
/epuck2/cmd_vel,9.036859578,0.025,-8.742278012618954e-08
/epuck2/cmd_vel,9.096824718,0.025,-8.742278012618954e-08
/epuck2/cmd_vel,9.132259314,0.025,-8.742278012618954e-08
/epuck2/cmd_vel,9.193393066,0.025,-8.742278012618954e-08
/epuck2/cmd_vel,9.249516509,0.025,-8.742278012618954e-08
/epuck2/cmd_vel,9.312553944,0.025,-8.742278012618954e-08
/epuck2/cmd_vel,9.348918555,0.025,-8.742278012618954e-08
/epuck2/cmd_vel,9.404210735,0.025,-8.742278012618954e-08
/epuck2/cmd_vel,9.444594672,0.025,-8.742278012618954e-08
/epuck2/cmd_vel,9.520047637,0.025,-8.742278012618954e-08
/epuck2/cmd_vel,9.573670595,0.025,-8.742278012618954e-08
/epuck2/cmd_vel,9.632075291,0.025,-8.742278012618954e-08
/epuck2/cmd_vel,9.668699507,0.025,-8.742278012618954e-08
/epuck2/cmd_vel,9.724539227,0.025,-8.742278012618954e-08
/epuck2/cmd_vel,9.766499141,0.025,-8.742278012618954e-08
/epuck2/cmd_vel,9.856269486,0.025,-8.742278012618954e-08
/epuck2/cmd_vel,9.898976613,0.025,-8.742278012618954e-08
/epuck2/cmd_vel,9.955910753,0.025,-8.742278012618954e-08
/epuck2/cmd_vel,9.992093081,0.025,-8.742278012618954e-08
/epuck2/cmd_vel,10.05351809,0.025,-8.742278012618954e-08
/epuck2/cmd_vel,10.108546396,0.025,-8.742278012618954e-08
/epuck2/cmd_vel,10.171250521,0.025,-8.742278012618954e-08
/epuck2/cmd_vel,10.207409309,0.025,-8.742278012618954e-08
/epuck2/cmd_vel,10.263285671,0.025,-8.742278012618954e-08
/epuck2/cmd_vel,10.302936859,0.025,-8.742278012618954e-08
/epuck2/cmd_vel,10.379644976,0.025,-8.742278012618954e-08
/epuck2/cmd_vel,10.431472285,0.025,-8.742278012618954e-08
/epuck2/cmd_vel,10.490844115,0.025,-8.742278012618954e-08
/epuck2/cmd_vel,10.527739456,0.025,-8.742278012618954e-08
/epuck2/cmd_vel,10.584406226,0.025,-8.742278012618954e-08
/epuck2/cmd_vel,10.627146823,0.025,-8.742278012618954e-08
/epuck2/cmd_vel,10.710523302,0.025,-8.742278012618954e-08
/epuck2/cmd_vel,10.750891392,0.025,-8.742278012618954e-08
/epuck2/cmd_vel,10.810528167,0.025,-8.742278012618954e-08
/epuck2/cmd_vel,10.846517857,0.025,-8.742278012618954e-08
/epuck2/cmd_vel,10.906767278,0.025,-8.742278012618954e-08
/epuck2/cmd_vel,10.946908549,0.025,-8.742278012618954e-08
/epuck2/cmd_vel,11.045571712,0.025,-8.742278012618954e-08
/epuck2/cmd_vel,11.088111415,0.025,-8.742278012618954e-08
/epuck2/cmd_vel,11.141958546,0.025,-8.742278012618954e-08
/epuck2/cmd_vel,11.180281194,0.025,-8.742278012618954e-08
/epuck2/cmd_vel,11.242497876,0.025,-8.742278012618954e-08
/epuck2/cmd_vel,11.300023938,0.025,-8.742278012618954e-08
/epuck2/cmd_vel,11.358097756,0.025,-8.742278012618954e-08
/epuck2/cmd_vel,11.394168296,0.025,-8.742278012618954e-08
/epuck2/cmd_vel,11.450945972,0.025,-8.742278012618954e-08
/epuck2/cmd_vel,11.492677914,0.025,-8.742278012618954e-08
/epuck2/cmd_vel,11.573045375,0.025,-8.742278012618954e-08
/epuck2/cmd_vel,11.611644268,0.025,-8.742278012618954e-08
/epuck2/cmd_vel,11.667320609,0.025,-8.742278012618954e-08
/epuck2/cmd_vel,11.7061121,0.025,-8.742278012618954e-08
/epuck2/cmd_vel,11.783873062,0.025,-8.742278012618954e-08
/epuck2/cmd_vel,11.824878307,0.025,-8.742278012618954e-08
/epuck2/cmd_vel,11.880863107,0.025,-8.742278012618954e-08
/epuck2/cmd_vel,11.91799916,0.025,-8.742278012618954e-08
/epuck2/cmd_vel,11.978136441,0.025,-8.742278012618954e-08
/epuck2/cmd_vel,12.033919697,0.025,-8.742278012618954e-08
/epuck2/cmd_vel,12.094736609,0.025,-8.742278012618954e-08
/epuck2/cmd_vel,12.132050749,0.025,-8.742278012618954e-08
/epuck2/cmd_vel,12.187450851,0.025,-8.742278012618954e-08
/epuck2/cmd_vel,12.226014218,0.025,-8.742278012618954e-08
/epuck2/cmd_vel,12.305244576,0.025,-8.742278012618954e-08
/epuck2/cmd_vel,12.345835014,0.025,-8.742278012618954e-08
/epuck2/cmd_vel,12.398419159,0.025,-8.742278012618954e-08
/epuck2/cmd_vel,12.436343606,0.025,-8.742278012618954e-08
/epuck2/cmd_vel,12.496634131,0.025,-8.742278012618954e-08
/epuck2/cmd_vel,12.55608246,0.025,-8.742278012618954e-08
/epuck2/cmd_vel,12.614982422,0.025,-8.742278012618954e-08
/epuck2/cmd_vel,12.651142387,0.025,-8.742278012618954e-08
/epuck2/cmd_vel,12.706014158,0.025,-8.742278012618954e-08
/epuck2/cmd_vel,12.749345703,0.025,-8.742278012618954e-08
/epuck2/cmd_vel,12.825441196,0.025,-8.742278012618954e-08
/epuck2/cmd_vel,12.863877633,0.025,-8.742278012618954e-08
/epuck2/cmd_vel,12.921526108,0.025,-8.742278012618954e-08
/epuck2/cmd_vel,12.957900315,0.025,-8.742278012618954e-08
/epuck2/cmd_vel,13.035474902,0.025,-8.742278012618954e-08
/epuck2/cmd_vel,13.07639331,0.025,-8.742278012618954e-08
/epuck2/cmd_vel,13.134309487,0.025,-8.742278012618954e-08
/epuck2/cmd_vel,13.171022543,0.025,-8.742278012618954e-08
/epuck2/cmd_vel,13.229748659,0.025,-8.742278012618954e-08
/epuck2/cmd_vel,13.291153705,0.025,-8.742278012618954e-08
/epuck2/cmd_vel,13.350413698,0.025,-8.742278012618954e-08
/epuck2/cmd_vel,13.387593983,0.025,-8.742278012618954e-08
/epuck2/cmd_vel,13.442026471,0.025,-8.742278012618954e-08
/epuck2/cmd_vel,13.481285979,0.025,-8.742278012618954e-08
/epuck2/cmd_vel,13.558306276,0.025,-8.742278012618954e-08
/epuck2/cmd_vel,13.599471335,0.025,-8.742278012618954e-08
/epuck2/cmd_vel,13.653371377,0.025,-8.742278012618954e-08
/epuck2/cmd_vel,13.691350282,0.025,-8.742278012618954e-08
/epuck2/cmd_vel,13.750105553,0.025,-8.742278012618954e-08
/epuck2/cmd_vel,13.809089976,0.025,-8.742278012618954e-08
/epuck2/cmd_vel,13.866627251,0.025,-8.742278012618954e-08
/epuck2/cmd_vel,13.904276074,0.025,-8.742278012618954e-08
/epuck2/cmd_vel,13.959466148,0.025,-8.742278012618954e-08
/epuck2/cmd_vel,13.998883674,0.025,-8.742278012618954e-08
/epuck2/cmd_vel,14.087681412,0.025,-8.742278012618954e-08
/epuck2/cmd_vel,14.128204364,0.025,-8.742278012618954e-08
/epuck2/cmd_vel,14.18449836,0.025,-8.742278012618954e-08
/epuck2/cmd_vel,14.220684384,0.025,-8.742278012618954e-08
/epuck2/cmd_vel,14.277979865,0.025,-8.742278012618954e-08
/epuck2/cmd_vel,14.333966501,0.025,-8.742278012618954e-08
/epuck2/cmd_vel,14.393017826,0.025,-8.742278012618954e-08
/epuck2/cmd_vel,14.431579284,0.025,-8.742278012618954e-08
/epuck2/cmd_vel,14.483551915,0.025,-8.742278012618954e-08
/epuck2/cmd_vel,14.525319039,0.025,-8.742278012618954e-08
/epuck2/cmd_vel,14.599826506,0.025,-8.742278012618954e-08
/epuck2/cmd_vel,14.649711688,0.025,-8.742278012618954e-08
/epuck2/cmd_vel,14.709483676,0.025,-8.742278012618954e-08
/epuck2/cmd_vel,14.744573867,0.025,-8.742278012618954e-08
/epuck2/cmd_vel,14.802783399,0.025,-8.742278012618954e-08
/epuck2/cmd_vel,14.845235017,0.025,-8.742278012618954e-08
/epuck2/cmd_vel,14.928694221,0.025,-8.742278012618954e-08
/epuck2/cmd_vel,14.968460258,0.025,-8.742278012618954e-08
/epuck2/cmd_vel,15.022326673,0.025,-8.742278012618954e-08
/epuck2/cmd_vel,15.059477361,0.025,-8.742278012618954e-08
/epuck2/cmd_vel,15.118505242,0.025,-8.742278012618954e-08
/epuck2/cmd_vel,15.158299933,0.025,-8.742278012618954e-08
/epuck2/cmd_vel,15.257515147,0.025,-8.742278012618954e-08
/epuck2/cmd_vel,15.297564821,0.025,-8.742278012618954e-08
/epuck2/cmd_vel,15.351793077,0.025,-8.742278012618954e-08
/epuck2/cmd_vel,15.388766679,0.025,-8.742278012618954e-08
/epuck2/cmd_vel,15.448618389,0.025,-8.742278012618954e-08
/epuck2/cmd_vel,15.508067529,0.025,-8.742278012618954e-08
/epuck2/cmd_vel,15.566392411,0.025,-8.742278012618954e-08
/epuck2/cmd_vel,15.601843287,0.025,-8.742278012618954e-08
/epuck2/cmd_vel,15.658539472,0.025,-8.742278012618954e-08
/epuck2/cmd_vel,15.699098889,0.025,-8.742278012618954e-08
/epuck2/cmd_vel,15.777923677,0.025,-8.742278012618954e-08
/epuck2/cmd_vel,15.816005626,0.025,-8.742278012618954e-08
/epuck2/cmd_vel,15.8707562,0.025,-8.742278012618954e-08
/epuck2/cmd_vel,15.909279145,0.025,-8.742278012618954e-08
/epuck2/cmd_vel,15.986396784,0.025,-8.742278012618954e-08
/epuck2/cmd_vel,16.028918923,0.025,-8.742278012618954e-08
/epuck2/cmd_vel,16.086314279,0.025,-8.742278012618954e-08
/epuck2/cmd_vel,16.12267777,0.025,-8.742278012618954e-08
/epuck2/cmd_vel,16.179570287,0.025,-8.742278012618954e-08
/epuck2/cmd_vel,16.237082522,0.025,-8.742278012618954e-08
/epuck2/cmd_vel,16.299356063,0.018809670799999623,-0.18570996342279145
/epuck2/cmd_vel,16.332774067,0.015473692100000136,-0.28578932442277605
/epuck2/cmd_vel,16.387108098,0.010020246900000272,-0.4493926804227719
/epuck2/cmd_vel,16.428109598,0.006,-0.5724757504227718
/epuck2/cmd_vel,16.504955035,0.006,-0.65
/epuck2/cmd_vel,16.542811477,0.006,-0.65
/epuck2/cmd_vel,16.597281355,0.006,-0.65
/epuck2/cmd_vel,16.635431781,0.006,-0.65
/epuck2/cmd_vel,16.693353895,0.006,-0.65
/epuck2/cmd_vel,16.749992316,0.006,-0.65
/epuck2/cmd_vel,16.807661629,0.006,-0.65
/epuck2/cmd_vel,16.844613829,0.006,-0.65
/epuck2/cmd_vel,16.901382299,0.006,-0.65
/epuck2/cmd_vel,16.943049935,0.006,-0.65
/epuck2/cmd_vel,17.020783321,0.006,-0.65
/epuck2/cmd_vel,17.059036307,0.006,-0.65
/epuck2/cmd_vel,17.114831361,0.00881600735000005,-0.4247194119999961
/epuck2/cmd_vel,17.151522363,0.010657399750000126,-0.2774080199999901
/epuck2/cmd_vel,17.229568426,0.012,-0.01590106487748405
/epuck2/cmd_vel,17.27129214,0.012,0.07939074038984995
/epuck2/cmd_vel,17.331500694,0.012,0.07939074038984995
/epuck2/cmd_vel,17.366491884,0.012,0.08733179568770151
/epuck2/cmd_vel,17.423444721,0.012,0.08733179568770151
/epuck2/cmd_vel,17.47770844,0.012,0.08733179568770151
/epuck2/cmd_vel,17.538925296,0.012,0.067479586596515
/epuck2/cmd_vel,17.576447715,0.012,0.067479586596515
/epuck2/cmd_vel,17.629097483,0.012,0.04762694835188608
/epuck2/cmd_vel,17.667772966,0.012,0.04762694835188608
/epuck2/cmd_vel,17.741587542,0.012,0.03571536540510874
/epuck2/cmd_vel,17.794518935,0.012,0.03571536540510874
/epuck2/cmd_vel,17.853183692,0.012,0.031744837756182955
/epuck2/cmd_vel,17.888011899,0.012,0.031744837756182955
/epuck2/cmd_vel,17.944322591,0.012,0.019833683962847994
/epuck2/cmd_vel,17.986706634,0.012,0.019833683962847994
/epuck2/cmd_vel,18.065853208,0.012,0.015863156313922207
/epuck2/cmd_vel,18.106768806,0.012,0.015863156313922207
/epuck2/cmd_vel,18.161717912,0.012,0.015863156313922207
/epuck2/cmd_vel,18.195275812,0.012,0.015863156313922207
/epuck2/cmd_vel,18.255766791,0.012,0.015863156313922207
/epuck2/cmd_vel,18.302228,0.012,0.01189262866499643
/epuck2/cmd_vel,18.37425299,0.012,0.01189262866499643
/epuck2/cmd_vel,18.414086586,0.012,0.01189262866499643
/epuck2/cmd_vel,18.466586632,0.012,0.01189262866499643
/epuck2/cmd_vel,18.524552914,0.012,0.007922101016070649
/epuck2/cmd_vel,18.567826103,0.012,0.007922101016070649
/epuck2/cmd_vel,18.644715674,0.012,0.003951573367144867
/epuck2/cmd_vel,18.704721071,0.012,0.003951573367144867
/epuck2/cmd_vel,18.742944999,0.012,0.003951573367144867
/epuck2/cmd_vel,18.798429243,0.012,0.003951573367144867
/epuck2/cmd_vel,18.838494559,0.012,0.003951573367144867
/epuck2/cmd_vel,18.91480644,0.012,0.003951573367144867
/epuck2/cmd_vel,18.95537462,0.012,0.003951573367144867
/epuck2/cmd_vel,19.007929981,0.012,0.003951573367144867
/epuck2/cmd_vel,19.065498498,0.012,0.003951573367144867
/epuck2/cmd_vel,19.106105299,0.012,-1.895428178091442e-05
/epuck2/cmd_vel,19.166311037,0.012,-1.8954281780914074e-05
/epuck2/cmd_vel,19.223511255,0.012,-1.8954281780914074e-05
/epuck2/cmd_vel,19.259677462,0.012,-1.8954281780914074e-05
/epuck2/cmd_vel,19.316653276,0.012,-1.8954281780914074e-05
/epuck2/cmd_vel,19.359403097,0.012,-1.8954281780914074e-05
/epuck2/cmd_vel,19.435189995,0.012,-1.8954281780914074e-05
/epuck2/cmd_vel,19.471148141,0.012,-1.8954281780914074e-05
/epuck2/cmd_vel,19.525965451,0.012,-1.8954281780914074e-05
/epuck2/cmd_vel,19.585482601,0.012,-1.8954281780914074e-05
/epuck2/cmd_vel,19.648564431,0.012,-1.8954281780914074e-05
/epuck2/cmd_vel,19.686699282,0.012,-1.8954281780914074e-05
/epuck2/cmd_vel,19.744801552,0.012,-1.8954281780914074e-05
/epuck2/cmd_vel,19.781213345,0.012,-1.8954281780914074e-05
/epuck2/cmd_vel,19.840073767,0.012,-1.8954281780914074e-05
/epuck2/cmd_vel,19.894854752,0.012,-1.8954281780914074e-05
/epuck2/cmd_vel,19.957493964,0.012,-1.8954281780914074e-05
/epuck2/cmd_vel,19.993053609,0.012,-1.8954281780914074e-05
/epuck2/cmd_vel,20.047275508,0.012,-1.8954281780914074e-05
/epuck2/cmd_vel,20.108813613,0.012,-1.8954281780914074e-05
/epuck2/cmd_vel,20.163860021,0.012,-1.8954281780914074e-05
/epuck2/cmd_vel,20.203321888,0.012,-1.8954281780914074e-05
/epuck2/cmd_vel,20.254364694,0.012,-1.8954281780914074e-05
/epuck2/cmd_vel,20.29331138,0.012,0.003951573367144867
/epuck2/cmd_vel,20.352359674,0.012,0.003951573367144867
/epuck2/cmd_vel,20.406785558,0.012,-1.895428178091442e-05
/epuck2/cmd_vel,20.466562946,0.012,-1.8954281780914074e-05
/epuck2/cmd_vel,20.503190307,0.012,-1.8954281780914074e-05
/epuck2/cmd_vel,20.55391945,0.012,-1.8954281780914074e-05
/epuck2/cmd_vel,20.593515492,0.012,-1.8954281780914074e-05
/epuck2/cmd_vel,20.668033174,0.012,-1.8954281780914074e-05
/epuck2/cmd_vel,20.718543131,0.012,-1.8954281780914074e-05
/epuck2/cmd_vel,20.775943481,0.012,-1.8954281780914074e-05
/epuck2/cmd_vel,20.812020184,0.012,-1.8954281780914074e-05
/epuck2/cmd_vel,20.870242231,0.012,-1.8954281780914074e-05
/epuck2/cmd_vel,20.90827605,0.012,-1.8954281780914074e-05
/epuck2/cmd_vel,20.992601946,0.012,-1.8954281780914074e-05
/epuck2/cmd_vel,21.034711145,0.012,-1.8954281780914074e-05
/epuck2/cmd_vel,21.091274141,0.012,-1.8954281780914074e-05
/epuck2/cmd_vel,21.126969912,0.012,-1.8954281780914074e-05
/epuck2/cmd_vel,21.184224569,0.012,-1.8954281780914074e-05
/epuck2/cmd_vel,21.226210813,0.012,-1.8954281780914074e-05
/epuck2/cmd_vel,21.310114592,0.012,-1.8954281780914074e-05
/epuck2/cmd_vel,21.350267559,0.012,-1.8954281780914074e-05
/epuck2/cmd_vel,21.404520301,0.012,-1.8954281780914074e-05
/epuck2/cmd_vel,21.439409586,0.012,-1.8954281780914074e-05
/epuck2/cmd_vel,21.503156684,0.012,-1.8954281780914074e-05
/epuck2/cmd_vel,21.555310765,0.012,-1.8954281780914074e-05
/epuck2/cmd_vel,21.613507479,0.012,-1.8954281780914074e-05
/epuck2/cmd_vel,21.648149293,0.012,-1.8954281780914074e-05
/epuck2/cmd_vel,21.705079356,0.012,-1.8954281780914074e-05
/epuck2/cmd_vel,21.743881417,0.012,-1.8954281780914074e-05
/epuck2/cmd_vel,21.824694777,0.012,-1.8954281780914074e-05
/epuck2/cmd_vel,21.859543398,0.012,-1.8954281780914074e-05
/epuck2/cmd_vel,21.914520311,0.012,-1.8954281780914074e-05
/epuck2/cmd_vel,21.952584647,0.012,-1.8954281780914074e-05
/epuck2/cmd_vel,22.030455376,0.012,-1.8954281780914074e-05
/epuck2/cmd_vel,22.069607863,0.012,-1.8954281780914074e-05
/epuck2/cmd_vel,22.125297485,0.012,-1.8954281780914074e-05
/epuck2/cmd_vel,22.160265107,0.012,-1.8954281780914074e-05
/epuck2/cmd_vel,22.218374813,0.012,-1.8954281780914074e-05
/epuck2/cmd_vel,22.27879487,0.012,-1.8954281780914074e-05
/epuck2/cmd_vel,22.339332825,0.012,-1.8954281780914074e-05
/epuck2/cmd_vel,22.377339989,0.012,-1.8954281780914074e-05
/epuck2/cmd_vel,22.42876666,0.012,-1.8954281780914074e-05
/epuck2/cmd_vel,22.468256335,0.012,-1.8954281780914074e-05
/epuck2/cmd_vel,22.547410116,0.012,-1.8954281780914074e-05
/epuck2/cmd_vel,22.590763864,0.012,-1.8954281780914074e-05
/epuck2/cmd_vel,22.641966096,0.012,-1.8954281780914074e-05
/epuck2/cmd_vel,22.678585684,0.012,-1.8954281780914074e-05
/epuck2/cmd_vel,22.740734115,0.012,-1.8954281780914074e-05
/epuck2/cmd_vel,22.794250967,0.012,-1.8954281780914074e-05
/epuck2/cmd_vel,22.851832322,0.012,-1.8954281780914074e-05
/epuck2/cmd_vel,22.884512326,0.012,-1.8954281780914074e-05
/epuck2/cmd_vel,22.943422383,0.012,-1.8954281780914074e-05
/epuck2/cmd_vel,22.983234222,0.012,-1.8954281780914074e-05
/epuck2/cmd_vel,23.069170876,0.012,-1.8954281780914074e-05
/epuck2/cmd_vel,23.109471738,0.012,-1.8954281780914074e-05
/epuck2/cmd_vel,23.168308377,0.012,-1.8954281780914074e-05
/epuck2/cmd_vel,23.203006238,0.012,-1.8954281780914074e-05
/epuck2/cmd_vel,23.259631961,0.012,-1.8954281780914074e-05
/epuck2/cmd_vel,23.315337789,0.012,-1.8954281780914074e-05
/epuck2/cmd_vel,23.375376011,0.012,-1.8954281780914074e-05
/epuck2/cmd_vel,23.411467751,0.012,-1.8954281780914074e-05
/epuck2/cmd_vel,23.46696472,0.012,-1.8954281780914074e-05
/epuck2/cmd_vel,23.508093601,0.012,-1.8954281780914074e-05
/epuck2/cmd_vel,23.578525245,0.012,-1.8954281780914074e-05
/epuck2/cmd_vel,23.630653067,0.012,-1.8954281780914074e-05
/epuck2/cmd_vel,23.68707858,0.012,-1.8954281780914074e-05
/epuck2/cmd_vel,23.724425075,0.012,-1.8954281780914074e-05
/epuck2/cmd_vel,23.781446251,0.012,0.003951573367144867
/epuck2/cmd_vel,23.82058033,0.012,0.003951573367144867
/epuck2/cmd_vel,23.917214942,0.012,-1.895428178091442e-05
/epuck2/cmd_vel,23.958957409,0.012,-1.8954281780914074e-05
/epuck2/cmd_vel,24.013055039,0.012,-1.8954281780914074e-05
/epuck2/cmd_vel,24.049976047,0.012,-1.8954281780914074e-05
/epuck2/cmd_vel,24.106699989,0.012,-1.8954281780914074e-05
/epuck2/cmd_vel,24.166112277,0.012,-1.8954281780914074e-05
/epuck2/cmd_vel,24.225119094,0.012,-1.8954281780914074e-05
/epuck2/cmd_vel,24.263005887,0.012,-1.8954281780914074e-05
/epuck2/cmd_vel,24.316347597,0.012,-1.8954281780914074e-05
/epuck2/cmd_vel,24.357933421,0.012,-1.8954281780914074e-05
/epuck2/cmd_vel,24.434612634,0.012,-1.8954281780914074e-05
/epuck2/cmd_vel,24.473828035,0.012,-1.8954281780914074e-05
/epuck2/cmd_vel,24.527123036,0.012,-1.8954281780914074e-05
/epuck2/cmd_vel,24.565615783,0.012,-1.8954281780914074e-05
/epuck2/cmd_vel,24.624948524,0.012,-1.8954281780914074e-05
/epuck2/cmd_vel,24.683358539,0.012,-1.8954281780914074e-05
/epuck2/cmd_vel,24.737974124,0.012,-1.8954281780914074e-05
/epuck2/cmd_vel,24.775237564,0.012,-1.8954281780914074e-05
/epuck2/cmd_vel,24.831547503,0.012,-1.8954281780914074e-05
/epuck2/cmd_vel,24.8730096,0.012,-1.8954281780914074e-05
/epuck2/cmd_vel,24.952217901,0.012,-1.8954281780914074e-05
/epuck2/cmd_vel,24.987869804,0.012,-1.8954281780914074e-05
/epuck2/cmd_vel,25.041485221,0.012,-1.8954281780914074e-05
/epuck2/cmd_vel,25.080045655,0.012,-1.8954281780914074e-05
/epuck2/cmd_vel,25.156364636,0.012,-1.8954281780914074e-05
/epuck2/cmd_vel,25.199496003,0.012,-1.8954281780914074e-05
/epuck2/cmd_vel,25.255419332,0.012,-1.8954281780914074e-05
/epuck2/cmd_vel,25.292110124,0.012,-1.8954281780914074e-05
/epuck2/cmd_vel,25.348532157,0.012,-1.8954281780914074e-05
/epuck2/cmd_vel,25.404141597,0.012,-1.8954281780914074e-05
/epuck2/cmd_vel,25.464842308,0.012,-1.8954281780914074e-05
/epuck2/cmd_vel,25.501303532,0.012,-1.8954281780914074e-05
/epuck2/cmd_vel,25.555961188,0.012,-1.8954281780914074e-05
/epuck2/cmd_vel,25.594521412,0.012,-1.8954281780914074e-05
/epuck2/cmd_vel,25.67279375,0.012,-0.003989481930706695
/epuck2/cmd_vel,25.712557808,0.012,-0.003989481930706695
/epuck2/cmd_vel,25.766261293,0.012,-0.003989481930706695
/epuck2/cmd_vel,25.802131247,0.012,-1.895428178091442e-05
/epuck2/cmd_vel,25.859456783,0.012,-1.8954281780914074e-05
/epuck2/cmd_vel,25.913111608,0.012,0.003951573367144867
/epuck2/cmd_vel,25.984189896,0.012,0.003951573367144867
/epuck2/cmd_vel,26.02193456,0.012,-1.895428178091442e-05
/epuck2/cmd_vel,26.075857258,0.012,-1.8954281780914074e-05
/epuck2/cmd_vel,26.11395567,0.012,-1.8954281780914074e-05
/epuck2/cmd_vel,26.179773026,0.012,-1.8954281780914074e-05
/epuck2/cmd_vel,26.220564991,0.012,-1.8954281780914074e-05
/epuck2/cmd_vel,26.274501222,0.012,-1.8954281780914074e-05
/epuck2/cmd_vel,26.311165042,0.012,-1.8954281780914074e-05
/epuck2/cmd_vel,26.371462231,0.012,-1.8954281780914074e-05
/epuck2/cmd_vel,26.427224373,0.012,-1.8954281780914074e-05
/epuck2/cmd_vel,26.498679593,0.012,-1.8954281780914074e-05
/epuck2/cmd_vel,26.53707811,0.012,-1.8954281780914074e-05
/epuck2/cmd_vel,26.593383505,0.012,-1.8954281780914074e-05
/epuck2/cmd_vel,26.628774479,0.012,-1.8954281780914074e-05
/epuck2/cmd_vel,26.693022958,0.012,-1.8954281780914074e-05
/epuck2/cmd_vel,26.755749312,0.012,-1.8954281780914074e-05
/epuck2/cmd_vel,26.817895506,0.012,-1.8954281780914074e-05
/epuck2/cmd_vel,26.853247484,0.012,-1.8954281780914074e-05
/epuck2/cmd_vel,26.908759636,0.012,-1.8954281780914074e-05
/epuck2/cmd_vel,26.949160959,0.012,-1.8954281780914074e-05
/epuck2/cmd_vel,27.030120384,0.012,-1.8954281780914074e-05
/epuck2/cmd_vel,27.068027873,0.012,-1.8954281780914074e-05
/epuck2/cmd_vel,27.122688685,0.012,-1.8954281780914074e-05
/epuck2/cmd_vel,27.161077353,0.012,-1.8954281780914074e-05
/epuck2/cmd_vel,27.219116963,0.012,-1.8954281780914074e-05
/epuck2/cmd_vel,27.275887322,0.012,-1.8954281780914074e-05
/epuck2/cmd_vel,27.332323359,0.012,-1.8954281780914074e-05
/epuck2/cmd_vel,27.367841135,0.012,-1.8954281780914074e-05
/epuck2/cmd_vel,27.421959132,0.012,-1.8954281780914074e-05
/epuck2/cmd_vel,27.463770767,0.012,-1.8954281780914074e-05
/epuck2/cmd_vel,27.543897726,0.012,-1.8954281780914074e-05
/epuck2/cmd_vel,27.580696174,0.012,-1.8954281780914074e-05
/epuck2/cmd_vel,27.635760477,0.012,-1.8954281780914074e-05
/epuck2/cmd_vel,27.670508776,0.012,-1.8954281780914074e-05
/epuck2/cmd_vel,27.734819994,0.012,-1.8954281780914074e-05
/epuck2/cmd_vel,27.794254076,0.012,-1.8954281780914074e-05
/epuck2/cmd_vel,27.852900494,0.012,-1.8954281780914074e-05
/epuck2/cmd_vel,27.887705115,0.012,-1.8954281780914074e-05
/epuck2/cmd_vel,27.939824789,0.012,-1.8954281780914074e-05
/epuck2/cmd_vel,27.979496385,0.012,-1.8954281780914074e-05
/epuck2/cmd_vel,28.052386003,0.012,-1.8954281780914074e-05
/epuck2/cmd_vel,28.091268311,0.012,-1.8954281780914074e-05
/epuck2/cmd_vel,28.143599277,0.012,-1.8954281780914074e-05
/epuck2/cmd_vel,28.17894254,0.012,-1.8954281780914074e-05
/epuck2/cmd_vel,28.235613588,0.012,-1.8954281780914074e-05
/epuck2/cmd_vel,28.290685332,0.012,-1.8954281780914074e-05
/epuck2/cmd_vel,28.34561773,0.012,-1.8954281780914074e-05
/epuck2/cmd_vel,28.378536992,0.012,-1.8954281780914074e-05
/epuck2/cmd_vel,28.434397848,0.012,-1.8954281780914074e-05
/epuck2/cmd_vel,28.470653757,0.012,-1.8954281780914074e-05
/epuck2/cmd_vel,28.552167145,0.012,-1.8954281780914074e-05
/epuck2/cmd_vel,28.59123675,0.012,-1.8954281780914074e-05
/epuck2/cmd_vel,28.643637381,0.012,-1.8954281780914074e-05
/epuck2/cmd_vel,28.677909389,0.012,-1.8954281780914074e-05
/epuck2/cmd_vel,28.733188559,0.012,-1.8954281780914074e-05
/epuck2/cmd_vel,28.777777543,0.012,-1.8954281780914074e-05
/epuck2/cmd_vel,28.833826724,0.012,-1.8954281780914074e-05
/epuck2/cmd_vel,28.869070246,0.012,-1.8954281780914074e-05
/epuck2/cmd_vel,28.924153165,0.012,-1.8954281780914074e-05
/epuck2/cmd_vel,28.963497138,0.012,-1.8954281780914074e-05
/epuck2/cmd_vel,29.044950648,0.012,-1.8954281780914074e-05
/epuck2/cmd_vel,29.083276695,0.012,-1.8954281780914074e-05
/epuck2/cmd_vel,29.134379397,0.012,-1.8954281780914074e-05
/epuck2/cmd_vel,29.166653465,0.012,-1.8954281780914074e-05
/epuck2/cmd_vel,29.224189187,0.012,-1.8954281780914074e-05
/epuck2/cmd_vel,29.2675299,0.012,-1.8954281780914074e-05
/epuck2/cmd_vel,29.34604122,0.012,-1.8954281780914074e-05
/epuck2/cmd_vel,29.382630938,0.012,-1.8954281780914074e-05
/epuck2/cmd_vel,29.43615258,0.012,-1.8954281780914074e-05
/epuck2/cmd_vel,29.471970435,0.012,-1.8954281780914074e-05
/epuck2/cmd_vel,29.532769499,0.012,-1.8954281780914074e-05
/epuck2/cmd_vel,29.578219131,0.012,-1.8954281780914074e-05
/epuck2/cmd_vel,29.646887977,0.012,-1.8954281780914074e-05
/epuck2/cmd_vel,29.684620405,0.012,-1.8954281780914074e-05
/epuck2/cmd_vel,29.73557286,0.012,-1.8954281780914074e-05
/epuck2/cmd_vel,29.772883551,0.012,-1.8954281780914074e-05
/epuck2/cmd_vel,29.833769025,0.012,-1.8954281780914074e-05
/epuck2/cmd_vel,29.890856574,0.012,-1.8954281780914074e-05
/epuck2/cmd_vel,29.952839377,0.012,-1.8954281780914074e-05
/epuck2/cmd_vel,29.987118121,0.012,-1.8954281780914074e-05
/epuck2/cmd_vel,30.041976067,0.012,-1.8954281780914074e-05
/epuck2/cmd_vel,30.083580659,0.012,-1.8954281780914074e-05
/epuck2/cmd_vel,30.155056691,0.012,-1.8954281780914074e-05
/epuck2/cmd_vel,30.222181993,0.012,-1.8954281780914074e-05
/epuck2/cmd_vel,30.280737609,0.012,-1.8954281780914074e-05
/epuck2/cmd_vel,30.318474443,0.012,-1.8954281780914074e-05
/epuck2/cmd_vel,30.374786845,0.012,-1.8954281780914074e-05
/epuck2/cmd_vel,30.416426637,0.012,-1.8954281780914074e-05
/epuck2/cmd_vel,30.490576797,0.012,-1.8954281780914074e-05
/epuck2/cmd_vel,30.527139938,0.012,-1.8954281780914074e-05
/epuck2/cmd_vel,30.581488376,0.012,-1.8954281780914074e-05
/epuck2/cmd_vel,30.620228926,0.012,-1.8954281780914074e-05
/epuck2/cmd_vel,30.697844181,0.012,-1.8954281780914074e-05
/epuck2/cmd_vel,30.737965622,0.012,-1.8954281780914074e-05
/epuck2/cmd_vel,30.795342351,0.012,-1.8954281780914074e-05
/epuck2/cmd_vel,30.829027575,0.012,-1.8954281780914074e-05
/epuck2/cmd_vel,30.889100911,0.012,-1.8954281780914074e-05
/epuck2/cmd_vel,30.946081083,0.012,-1.8954281780914074e-05
/epuck2/cmd_vel,31.007289128,0.012,-1.8954281780914074e-05
/epuck2/cmd_vel,31.04197951,0.012,-1.8954281780914074e-05
/epuck2/cmd_vel,31.09718884,0.012,-1.8954281780914074e-05
/epuck2/cmd_vel,31.135771508,0.012,-1.8954281780914074e-05
/epuck2/cmd_vel,31.217846703,0.012,-1.8954281780914074e-05
/epuck2/cmd_vel,31.25530888,0.012,-1.8954281780914074e-05
/epuck2/cmd_vel,31.310284341,0.012,-1.8954281780914074e-05
/epuck2/cmd_vel,31.348273444,0.012,-1.8954281780914074e-05
/epuck2/cmd_vel,31.408905598,0.012,-1.8954281780914074e-05
/epuck2/cmd_vel,31.46335842,0.012,-1.8954281780914074e-05
/epuck2/cmd_vel,31.521562726,0.012,-1.8954281780914074e-05
/epuck2/cmd_vel,31.557371844,0.012,-1.8954281780914074e-05
/epuck2/cmd_vel,31.613262516,0.012,-1.8954281780914074e-05
/epuck2/cmd_vel,31.654054359,0.012,-1.8954281780914074e-05
/epuck2/cmd_vel,31.738293524,0.012,-1.8954281780914074e-05
/epuck2/cmd_vel,31.776340999,0.012,-1.8954281780914074e-05
/epuck2/cmd_vel,31.833562013,0.012,-1.8954281780914074e-05
/epuck2/cmd_vel,31.869332993,0.012,-1.8954281780914074e-05
/epuck2/cmd_vel,31.927711774,0.012,-1.8954281780914074e-05
/epuck2/cmd_vel,31.968737654,0.012,-1.8954281780914074e-05
/epuck2/cmd_vel,32.053703952,0.012,-1.8954281780914074e-05
/epuck2/cmd_vel,32.093444735,0.012,-1.8954281780914074e-05
/epuck2/cmd_vel,32.147040593,0.012,0.003951573367144867
/epuck2/cmd_vel,32.183353218,0.012,0.003951573367144867
/epuck2/cmd_vel,32.24603544,0.012,-1.895428178091442e-05
/epuck2/cmd_vel,32.302414105,0.012,-1.8954281780914074e-05
/epuck2/cmd_vel,32.358693285,0.012,-1.8954281780914074e-05
/epuck2/cmd_vel,32.394523811,0.012,-1.8954281780914074e-05
/epuck2/cmd_vel,32.452300408,0.012,-1.8954281780914074e-05
/epuck2/cmd_vel,32.493370558,0.012,-1.8954281780914074e-05
/epuck2/cmd_vel,32.571370105,0.012,-1.8954281780914074e-05
/epuck2/cmd_vel,32.607031281,0.012,-0.003989481930706695
/epuck2/cmd_vel,32.662290656,0.012,-0.003989481930706695
/epuck2/cmd_vel,32.69922966,0.012,-1.895428178091442e-05
/epuck2/cmd_vel,32.779190837,0.012,-1.8954281780914074e-05
/epuck2/cmd_vel,32.819053122,0.012,-1.8954281780914074e-05
/epuck2/cmd_vel,32.876210172,0.012,-1.8954281780914074e-05
/epuck2/cmd_vel,32.912004465,0.012,-1.8954281780914074e-05
/epuck2/cmd_vel,32.969992348,0.012,-1.8954281780914074e-05
/epuck2/cmd_vel,33.025866065,0.012,-1.8954281780914074e-05
/epuck2/cmd_vel,33.088315887,0.012,-1.8954281780914074e-05
/epuck2/cmd_vel,33.123401155,0.012,-1.8954281780914074e-05
/epuck2/cmd_vel,33.178186411,0.012,-1.8954281780914074e-05
/epuck2/cmd_vel,33.217686375,0.012,-1.8954281780914074e-05
/epuck2/cmd_vel,33.296258227,0.012,0.003951573367144867
/epuck2/cmd_vel,33.338411884,0.012,0.003951573367144867
/epuck2/cmd_vel,33.391925919,0.012,0.003951573367144867
/epuck2/cmd_vel,33.427934532,0.012,-1.895428178091442e-05
/epuck2/cmd_vel,33.489761287,0.012,-1.8954281780914074e-05
/epuck2/cmd_vel,33.548780974,0.012,-0.003989481930706695
/epuck2/cmd_vel,33.606578417,0.012,-0.003989481930706695
/epuck2/cmd_vel,33.643412268,0.012,-0.003989481930706695
/epuck2/cmd_vel,33.700589732,0.012,-1.895428178091442e-05
/epuck2/cmd_vel,33.740810398,0.012,-1.8954281780914074e-05
/epuck2/cmd_vel,33.820358241,0.012,-1.8954281780914074e-05
/epuck2/cmd_vel,33.859549413,0.012,-1.8954281780914074e-05
/epuck2/cmd_vel,33.912187571,0.012,-1.8954281780914074e-05
/epuck2/cmd_vel,33.950027298,0.012,-1.8954281780914074e-05
/epuck2/cmd_vel,34.024362615,0.012,-1.8954281780914074e-05
/epuck2/cmd_vel,34.065863771,0.012,-1.8954281780914074e-05
/epuck2/cmd_vel,34.123782507,0.012,-1.8954281780914074e-05
/epuck2/cmd_vel,34.158401647,0.012,-1.8954281780914074e-05
/epuck2/cmd_vel,34.216419461,0.012,-1.8954281780914074e-05
/epuck2/cmd_vel,34.260193772,0.012,-1.8954281780914074e-05
/epuck2/cmd_vel,34.345983889,0.012,-1.8954281780914074e-05
/epuck2/cmd_vel,34.385846833,0.012,-1.8954281780914074e-05
/epuck2/cmd_vel,34.438961334,0.012,-1.8954281780914074e-05
/epuck2/cmd_vel,34.478661969,0.012,0.003951573367144867
/epuck2/cmd_vel,34.534600479,0.012,0.003951573367144867
/epuck2/cmd_vel,34.595607715,0.012,-1.895428178091442e-05
/epuck2/cmd_vel,34.65335925,0.012,-1.8954281780914074e-05
/epuck2/cmd_vel,34.687994861,0.012,-1.8954281780914074e-05
/epuck2/cmd_vel,34.745876484,0.012,-1.8954281780914074e-05
/epuck2/cmd_vel,34.786590003,0.012,-1.8954281780914074e-05
/epuck2/cmd_vel,34.862523928,0.012,-1.8954281780914074e-05
/epuck2/cmd_vel,34.900911575,0.012,-1.8954281780914074e-05
/epuck2/cmd_vel,34.955297736,0.012,-1.8954281780914074e-05
/epuck2/cmd_vel,34.991420452,0.012,-1.8954281780914074e-05
/epuck2/cmd_vel,35.056399873,0.012,-1.8954281780914074e-05
/epuck2/cmd_vel,35.117027052,0.012,-1.8954281780914074e-05
/epuck2/cmd_vel,35.17922069,0.012,-0.003989481930706695
/epuck2/cmd_vel,35.215759787,0.012,-0.003989481930706695
/epuck2/cmd_vel,35.270883346,0.012,-0.003989481930706695
/epuck2/cmd_vel,35.308632662,0.012,-1.895428178091442e-05
/epuck2/cmd_vel,35.380751302,0.012,-1.8954281780914074e-05
/epuck2/cmd_vel,35.43530687,0.012,-1.8954281780914074e-05
/epuck2/cmd_vel,35.490402358,0.012,-1.8954281780914074e-05
/epuck2/cmd_vel,35.526471092,0.012,-1.8954281780914074e-05
/epuck2/cmd_vel,35.582135416,0.012,-1.8954281780914074e-05
/epuck2/cmd_vel,35.624164275,0.012,0.003951573367144867
/epuck2/cmd_vel,35.707035192,0.012,0.003951573367144867
/epuck2/cmd_vel,35.747984015,0.012,-1.895428178091442e-05
/epuck2/cmd_vel,35.803374214,0.012,-1.8954281780914074e-05
/epuck2/cmd_vel,35.841178764,0.012,-1.8954281780914074e-05
/epuck2/cmd_vel,35.899871596,0.012,-1.8954281780914074e-05
/epuck2/cmd_vel,35.941226849,0.012,-1.8954281780914074e-05
/epuck2/cmd_vel,36.024044325,0.012,-1.8954281780914074e-05
/epuck2/cmd_vel,36.062630501,0.012,-1.8954281780914074e-05
/epuck2/cmd_vel,36.118572068,0.012,-1.8954281780914074e-05
/epuck2/cmd_vel,36.155224925,0.012,-1.8954281780914074e-05
/epuck2/cmd_vel,36.213770188,0.012,-1.8954281780914074e-05
/epuck2/cmd_vel,36.266591418,0.012,-1.8954281780914074e-05
/epuck2/cmd_vel,36.339728374,0.012,-1.8954281780914074e-05
/epuck2/cmd_vel,36.378861416,0.012,-1.8954281780914074e-05
/epuck2/cmd_vel,36.432927437,0.012,-1.8954281780914074e-05
/epuck2/cmd_vel,36.467811056,0.012,-1.8954281780914074e-05
/epuck2/cmd_vel,36.545256766,0.012,-1.8954281780914074e-05
/epuck2/cmd_vel,36.587488222,0.012,-1.8954281780914074e-05
/epuck2/cmd_vel,36.642091938,0.012,-1.8954281780914074e-05
/epuck2/cmd_vel,36.677617428,0.012,-1.8954281780914074e-05
/epuck2/cmd_vel,36.735397367,0.012,-1.8954281780914074e-05
/epuck2/cmd_vel,36.793361181,0.012,-1.8954281780914074e-05
/epuck2/cmd_vel,36.852783557,0.012,-1.8954281780914074e-05
/epuck2/cmd_vel,36.890572361,0.012,-1.8954281780914074e-05
/epuck2/cmd_vel,36.944739773,0.012,-1.8954281780914074e-05
/epuck2/cmd_vel,36.985864595,0.012,-1.8954281780914074e-05
/epuck2/cmd_vel,37.062241085,0.012,-1.8954281780914074e-05
/epuck2/cmd_vel,37.102798461,0.012,-1.8954281780914074e-05
/epuck2/cmd_vel,37.158247327,0.012,-1.8954281780914074e-05
/epuck2/cmd_vel,37.194087135,0.012,-1.8954281780914074e-05
/epuck2/cmd_vel,37.255763971,0.012,-1.8954281780914074e-05
/epuck2/cmd_vel,37.309798351,0.012,-1.8954281780914074e-05
/epuck2/cmd_vel,37.366635551,0.012,-1.8954281780914074e-05
/epuck2/cmd_vel,37.401170167,0.012,-1.8954281780914074e-05
/epuck2/cmd_vel,37.458613642,0.012,-1.8954281780914074e-05
/epuck2/cmd_vel,37.500260714,0.012,-1.8954281780914074e-05
/epuck2/cmd_vel,37.574483484,0.012,-1.8954281780914074e-05
/epuck2/cmd_vel,37.611308628,0.012,-1.8954281780914074e-05
/epuck2/cmd_vel,37.667619674,0.012,-1.8954281780914074e-05
/epuck2/cmd_vel,37.706054017,0.012,-1.8954281780914074e-05
/epuck2/cmd_vel,37.77994468,0.012,-1.8954281780914074e-05
/epuck2/cmd_vel,37.819176062,0.012,-1.8954281780914074e-05
/epuck2/cmd_vel,37.875061676,0.012,-1.8954281780914074e-05
/epuck2/cmd_vel,37.910661563,0.012,-1.8954281780914074e-05
/epuck2/cmd_vel,37.969077881,0.012,-1.8954281780914074e-05
/epuck2/cmd_vel,38.013406986,0.012,-1.8954281780914074e-05
/epuck2/cmd_vel,38.09544105,0.012,-1.8954281780914074e-05
/epuck2/cmd_vel,38.134843859,0.012,-1.8954281780914074e-05
/epuck2/cmd_vel,38.188497646,0.012,-1.8954281780914074e-05
/epuck2/cmd_vel,38.225586744,0.012,-1.8954281780914074e-05
/epuck2/cmd_vel,38.285731853,0.012,-1.8954281780914074e-05
/epuck2/cmd_vel,38.337717105,0.012,0.20669566171821838
/epuck2/cmd_vel,38.410179102,0.012,0.3
/epuck2/cmd_vel,38.445752688,0.012,0.3
/epuck2/cmd_vel,38.969444809,0.012,0.3
/epuck2/cmd_vel,39.006756187,0.012,0.3
/epuck2/cmd_vel,39.069681909,0.012,0.3
/epuck2/cmd_vel,39.132514348,0.012,0.3
/epuck2/cmd_vel,39.192497114,0.012,0.3
/epuck2/cmd_vel,39.229464503,0.012,0.3
/epuck2/cmd_vel,39.284262067,0.012,0.3
/epuck2/cmd_vel,39.323818577,0.012,0.3
/epuck2/cmd_vel,39.3948104,0.012,0.3
/epuck2/cmd_vel,39.446082245,0.012,0.3
/epuck2/cmd_vel,39.505636789,0.012,0.3
/epuck2/cmd_vel,39.540040218,0.012,0.3
/epuck2/cmd_vel,39.595813762,0.012,0.2885226154295779
/epuck2/cmd_vel,39.635734349,0.012,0.2885226154295779
/epuck2/cmd_vel,39.721519115,0.012,0.2541116619078494
/epuck2/cmd_vel,39.762380975,0.012,0.2541116619078494
/epuck2/cmd_vel,39.818705558,0.012,0.22499474525135524
/epuck2/cmd_vel,39.85350827,0.012,0.22499474525135524
/epuck2/cmd_vel,39.913762031,0.012,0.19058379172962672
/epuck2/cmd_vel,39.956025507,0.012,0.19058379172962672
/epuck2/cmd_vel,40.037753901,0.012,0.16676091193836692
/epuck2/cmd_vel,40.077330798,0.012,0.16676091193836692
/epuck2/cmd_vel,40.132910517,0.012,0.16676091193836692
/epuck2/cmd_vel,40.167127184,0.012,0.14293774604481227
/epuck2/cmd_vel,40.229701158,0.012,0.14293774604481227
/epuck2/cmd_vel,40.283412654,0.012,0.11911486625355251
/epuck2/cmd_vel,40.355898977,0.012,0.11911486625355251
/epuck2/cmd_vel,40.394272756,0.012,0.10852679252308377
/epuck2/cmd_vel,40.446082712,0.012,0.10852679252308377
/epuck2/cmd_vel,40.4853911,0.012,0.08999794959705838
/epuck2/cmd_vel,40.547534764,0.015012354900000247,0.07499829133088198
/epuck2/cmd_vel,40.606186224,0.018069844099999954,0.06617489655549137
/epuck2/cmd_vel,40.666211852,0.021060385149999916,0.06617489655549137
/epuck2/cmd_vel,40.702344478,0.022858682700000344,0.05955735047394838
/epuck2/cmd_vel,40.757438793,0.025,0.05955735047394838
/epuck2/cmd_vel,40.798615505,0.025,0.05294004281098452
/epuck2/cmd_vel,40.869774599,0.025,0.05294004281098452
/epuck2/cmd_vel,40.936431299,0.025,0.04852834542328921
/epuck2/cmd_vel,40.994850449,0.0,0.0
/epuck2/cmd_vel,41.027764152,0.0,0.0
/epuck2/cmd_vel,41.086839557,0.0,0.0
/epuck2/cmd_vel,41.127638566,0.0,0.0
/epuck2/cmd_vel,41.204942334,0.0,0.0
/epuck2/cmd_vel,41.243276831,0.0,0.0
/epuck2/cmd_vel,41.298512561,0.0,0.0
/epuck2/cmd_vel,41.336978428,0.0,0.0
/epuck2/cmd_vel,41.410732212,0.0,0.0
/epuck2/cmd_vel,41.449848567,0.0,0.0
/epuck2/cmd_vel,41.504165102,0.0,0.0
/epuck2/cmd_vel,41.540916988,0.0,0.0
/epuck2/cmd_vel,41.600774052,0.0,0.0
/epuck2/cmd_vel,41.656547098,0.0,0.0
/epuck2/cmd_vel,41.718382972,0.0,0.0
/epuck2/cmd_vel,41.754997322,0.0,0.0
/epuck2/cmd_vel,41.808952532,0.0,0.0
/epuck2/cmd_vel,41.848340732,0.0,0.0
/epuck2/cmd_vel,41.927083332,0.0,0.0
/epuck2/cmd_vel,41.965987932,0.0,0.0
/epuck2/cmd_vel,42.022080332,0.0,0.0
/epuck2/cmd_vel,42.057644232,0.0,0.0
/epuck2/cmd_vel,42.118534132,0.0,0.0
/epuck2/cmd_vel,42.176108532,0.0,0.0
/epuck2/cmd_vel,42.232395232,0.0,0.0
/epuck2/cmd_vel,42.269013332,0.0,0.0
/epuck2/cmd_vel,42.327225032,0.0,0.0
/epuck2/cmd_vel,42.368407732,0.0,0.0
/epuck2/cmd_vel,42.444954032,0.0,0.0
/epuck2/cmd_vel,42.481198932,0.0,0.0
/epuck2/cmd_vel,42.534792932,0.0,0.0
/epuck2/cmd_vel,42.570582132,0.0,0.0
/epuck2/cmd_vel,42.634014632,0.0,0.0
/epuck2/cmd_vel,42.697549132,0.0,0.0
/epuck2/cmd_vel,42.755424632,0.0,0.0
/epuck2/cmd_vel,42.792082732,0.0,0.0
/epuck2/cmd_vel,42.844012132,0.0,0.0
/epuck2/cmd_vel,42.883389532,0.0,0.0
/epuck2/cmd_vel,42.960705832,0.0,0.0
/epuck2/cmd_vel,43.013231332,0.0,0.0
/epuck2/cmd_vel,43.069740132,0.0,0.0
/epuck2/cmd_vel,43.103631632,0.0,0.0
/epuck2/cmd_vel,43.161544832,0.0,0.0
/epuck2/cmd_vel,43.201929432,0.0,0.0
/epuck2/cmd_vel,43.279246132,0.0,0.0
/epuck2/cmd_vel,43.316621532,0.0,0.0
/epuck2/cmd_vel,43.369876232,0.0,0.0
/epuck2/cmd_vel,43.410328432,0.0,0.0
/epuck2/cmd_vel,43.487844232,0.0,0.0
/epuck2/cmd_vel,43.529885332,0.0,0.0
/epuck2/cmd_vel,43.586847732,0.0,0.0
/epuck2/cmd_vel,43.624428532,0.0,0.0
/epuck2/cmd_vel,43.681666032,0.0,0.0
/epuck2/cmd_vel,43.737477032,0.0,0.0
/epuck2/cmd_vel,43.797425932,0.0,0.0
/epuck2/cmd_vel,43.833442632,0.0,0.0
/epuck2/cmd_vel,43.887642432,0.0,0.0
/epuck2/cmd_vel,43.926408132,0.0,0.0
/epuck2/cmd_vel,44.001591232,0.0,0.0
/epuck2/cmd_vel,44.044396732,0.0,0.0
/epuck2/cmd_vel,44.097821632,0.0,0.0
/epuck2/cmd_vel,44.133936532,0.0,0.0
/epuck2/cmd_vel,44.196147131,0.0,0.0
/epuck2/cmd_vel,44.250087003,0.0,0.0
/epuck2/cmd_vel,44.307081081,0.0,0.0
/epuck2/cmd_vel,44.342419469,0.0,0.0
/epuck2/cmd_vel,44.395420427,0.0,0.0
/epuck2/cmd_vel,44.435145029,0.0,0.0
/epuck2/cmd_vel,44.516047534,0.0,0.0
/epuck2/cmd_vel,44.552418178,0.0,0.0
/epuck2/cmd_vel,44.603482593,0.0,0.0
/epuck2/cmd_vel,44.64232438,0.0,0.0
/epuck2/cmd_vel,44.715247222,0.0,0.0
/epuck2/cmd_vel,44.754067536,0.0,0.0
/epuck2/cmd_vel,44.809051754,0.0,0.0
/epuck2/cmd_vel,44.842142531,0.0,0.0
/epuck2/cmd_vel,44.898824282,0.0,0.0
/epuck2/cmd_vel,44.941397355,0.0,0.0
/epuck2/cmd_vel,45.020784848,0.0,0.0
/epuck2/cmd_vel,45.059484353,0.0,0.0
/epuck2/cmd_vel,45.111028527,0.0,0.0
/epuck2/cmd_vel,45.147858423,0.0,0.0
/epuck2/cmd_vel,45.206337915,0.0,0.0
/epuck2/cmd_vel,45.26138781,0.0,0.0
/epuck2/cmd_vel,45.316470204,0.0,0.0
/epuck2/cmd_vel,45.352622635,0.0,0.0
/epuck2/cmd_vel,45.407655312,0.0,0.0
/epuck2/cmd_vel,45.447624533,0.0,0.0
/epuck2/cmd_vel,45.527015992,0.0,0.0
/epuck2/cmd_vel,45.56550773,0.0,0.0
/epuck2/cmd_vel,45.621315566,0.0,0.0
/epuck2/cmd_vel,45.654081925,0.0,0.0
/epuck2/cmd_vel,45.713428465,0.0,0.0
/epuck2/cmd_vel,45.754871784,0.0,0.0
/epuck2/cmd_vel,45.832530598,0.0,0.0
/epuck2/cmd_vel,45.873325565,0.0,0.0
/epuck2/cmd_vel,45.92430283,0.0,0.0
/epuck2/cmd_vel,45.95849918,0.0,0.0
/epuck2/cmd_vel,46.017768146,0.0,0.0
/epuck2/cmd_vel,46.070585712,0.0,0.0
/epuck2/cmd_vel,46.139662745,0.0,0.0
/epuck2/cmd_vel,46.175663994,0.0,0.0
/epuck2/cmd_vel,46.230329694,0.0,0.0
/epuck2/cmd_vel,46.265933885,0.0,0.0
/epuck2/cmd_vel,46.325751672,0.0,0.0
/epuck2/cmd_vel,46.385335383,0.0,0.0
/epuck2/cmd_vel,46.445462691,0.0,0.0
/epuck2/cmd_vel,46.47964579,0.0,0.0
/epuck2/cmd_vel,46.532094831,0.0,0.0
/epuck2/cmd_vel,46.570121223,0.0,0.0
/epuck2/cmd_vel,46.641087209,0.0,0.0
/epuck2/cmd_vel,46.691568369,0.0,0.0
/epuck2/cmd_vel,46.747230343,0.0,0.0
/epuck2/cmd_vel,46.781687272,0.0,0.0
/epuck2/cmd_vel,46.834264571,0.0,0.0
/epuck2/cmd_vel,46.874005036,0.0,0.0
/epuck2/cmd_vel,46.950910551,0.0,0.0
/epuck2/cmd_vel,46.987126144,0.0,0.0
/epuck2/cmd_vel,47.040135613,0.0,0.0
/epuck2/cmd_vel,47.074688493,0.0,0.0
/epuck2/cmd_vel,47.155533447,0.0,0.0
/epuck2/cmd_vel,47.192441595,0.0,0.0
/epuck2/cmd_vel,47.247808942,0.0,0.0
/epuck2/cmd_vel,47.283854104,0.0,0.0
/epuck2/cmd_vel,47.336093541,0.0,0.0
/epuck2/cmd_vel,47.393286487,0.0,0.0
/epuck2/cmd_vel,47.453798667,0.0,0.0
/epuck2/cmd_vel,47.490225701,0.0,0.0
/epuck2/cmd_vel,47.542616514,0.0,0.0
/epuck2/cmd_vel,47.581050507,0.0,0.0
/epuck2/cmd_vel,47.65832977,0.0,0.0
/epuck2/cmd_vel,47.698051857,0.0,0.0
/epuck2/cmd_vel,47.746744465,0.0,0.0
/epuck2/cmd_vel,47.783239594,0.0,0.0
/epuck2/cmd_vel,47.840883571,0.0,0.0
/epuck2/cmd_vel,47.898207096,0.0,0.0
/epuck2/cmd_vel,47.954892426,0.0,0.0
/epuck2/cmd_vel,47.990048584,0.0,0.0
/epuck2/cmd_vel,48.046367518,0.0,0.0
/epuck2/cmd_vel,48.086299596,0.0,0.0
/epuck2/cmd_vel,48.159163531,0.0,0.0
/epuck2/cmd_vel,48.196930311,0.0,0.0
/epuck2/cmd_vel,48.249342113,0.0,0.0
/epuck2/cmd_vel,48.285421226,0.0,0.0
/epuck2/cmd_vel,48.358653686,0.0,0.0
/epuck2/cmd_vel,48.39954383,0.0,0.0
/epuck2/cmd_vel,48.45333223,0.0,0.0
/epuck2/cmd_vel,48.487569689,0.0,0.0
/epuck2/cmd_vel,48.543102824,0.0,0.0
/epuck2/cmd_vel,48.600283969,0.0,0.0
/epuck2/cmd_vel,48.658644392,0.0,0.0
/epuck2/cmd_vel,48.695234023,0.0,0.0
/epuck2/cmd_vel,48.750224721,0.0,0.0
/epuck2/cmd_vel,48.789413173,0.0,0.0
/epuck2/cmd_vel,48.859121631,0.0,0.0
/epuck2/cmd_vel,48.897153633,0.0,0.0
/epuck2/cmd_vel,48.950668299,0.0,0.0
/epuck2/cmd_vel,48.987387638,0.0,0.0
/epuck2/cmd_vel,49.044088058,0.0,0.0
/epuck2/cmd_vel,49.10318137,0.0,0.0
/epuck2/cmd_vel,49.158029882,0.0,0.0
/epuck2/cmd_vel,49.192995103,0.0,0.0
/epuck2/cmd_vel,49.245848748,0.0,0.0
/epuck2/cmd_vel,49.286918995,0.0,0.0
/epuck2/cmd_vel,49.361318545,0.0,0.0
/epuck2/cmd_vel,49.398456706,0.0,0.0
/epuck2/cmd_vel,49.448836401,0.0,0.0
/epuck2/cmd_vel,49.487029451,0.0,0.0
/epuck2/cmd_vel,49.547018539,0.0,0.0
/epuck2/cmd_vel,49.606197453,0.0,0.0
/epuck2/cmd_vel,49.665768827,0.0,0.0
/epuck2/cmd_vel,49.701446227,0.0,0.0
/epuck2/cmd_vel,49.755178327,0.0,0.0
/epuck2/cmd_vel,49.794686527,0.0,0.0
/epuck2/cmd_vel,49.870588127,0.0,0.0
/epuck2/cmd_vel,49.922594127,0.0,0.0
/epuck2/cmd_vel,49.982237327,0.0,0.0
/epuck2/cmd_vel,50.018461427,0.0,0.0
/epuck2/cmd_vel,50.074373427,0.0,0.0
/epuck2/cmd_vel,50.114994827,0.0,0.0
/epuck2/cmd_vel,50.199528127,0.0,0.0
/epuck2/cmd_vel,50.238791327,0.0,0.0
/epuck2/cmd_vel,50.296114827,0.0,0.0
/epuck2/cmd_vel,50.331052227,0.0,0.0
/epuck2/cmd_vel,50.390910727,0.0,0.0
/epuck2/cmd_vel,50.432091827,0.0,0.0
/epuck2/cmd_vel,50.515938327,0.0,0.0
/epuck2/cmd_vel,50.553944127,0.0,0.0
/epuck2/cmd_vel,50.608258827,0.0,0.0
/epuck2/cmd_vel,50.647736227,0.0,0.0
/epuck2/cmd_vel,50.704521027,0.0,0.0
/epuck2/cmd_vel,50.760644227,0.0,0.0
/epuck2/cmd_vel,50.843824427,0.0,0.0
/epuck2/cmd_vel,50.883071227,0.0,0.0
/epuck2/cmd_vel,50.936634027,0.0,0.0
/epuck2/cmd_vel,50.974835727,0.0,0.0
/epuck2/cmd_vel,51.050791727,0.0,0.0
/epuck2/cmd_vel,51.093424627,0.0,0.0
/epuck2/cmd_vel,51.146285827,0.0,0.0
/epuck2/cmd_vel,51.182168327,0.0,0.0
/epuck2/cmd_vel,51.240412627,0.0,0.0
/epuck2/cmd_vel,51.299432327,0.0,0.0
/epuck2/cmd_vel,51.359813427,0.0,0.0
/epuck2/cmd_vel,51.395692627,0.0,0.0
/epuck2/cmd_vel,51.449244227,0.0,0.0
/epuck2/cmd_vel,51.490039327,0.0,0.0
/epuck2/cmd_vel,51.570558327,0.0,0.0
/epuck2/cmd_vel,51.608177827,0.0,0.0
/epuck2/cmd_vel,51.662959827,0.0,0.0
/epuck2/cmd_vel,51.699764027,0.0,0.0
/epuck2/cmd_vel,51.760192227,0.0,0.0
/epuck2/cmd_vel,51.819515927,0.0,0.0
/epuck2/cmd_vel,51.877464027,0.0,0.0
/epuck2/cmd_vel,51.931573227,0.0,0.0
/epuck2/cmd_vel,51.970110227,0.0,0.0
/epuck2/cmd_vel,52.010026027,0.0,0.0
/epuck2/cmd_vel,52.086345227,0.0,0.0
/epuck2/cmd_vel,52.122937427,0.0,0.0
/epuck2/cmd_vel,52.176706227,0.0,0.0
/epuck2/cmd_vel,52.21501781,0.0,0.0
/epuck2/cmd_vel,52.275765998,0.0,0.0
/epuck2/cmd_vel,52.333450427,0.0,0.0
/epuck2/cmd_vel,52.391435529,0.0,0.0
/epuck2/cmd_vel,52.441193259,0.0,0.0
/epuck2/cmd_vel,52.477883814,0.0,0.0
/epuck2/cmd_vel,52.515792961,0.0,0.0
/epuck2/cmd_vel,52.588409251,0.0,0.0
/epuck2/cmd_vel,52.637463951,0.0,0.0
/epuck2/cmd_vel,52.692440326,0.0,0.0
/epuck2/cmd_vel,52.7268805,0.0,0.0
/epuck2/cmd_vel,52.781433095,0.0,0.0
/epuck2/cmd_vel,52.817675498,0.0,0.0
/epuck2/cmd_vel,52.898815262,0.0,0.0
/epuck2/cmd_vel,52.955435911,0.0,0.0
/epuck2/cmd_vel,52.991306709,0.0,0.0
/epuck2/cmd_vel,53.024189345,0.0,0.0
/epuck2/cmd_vel,53.080252635,0.0,0.0
/epuck2/cmd_vel,53.121101196,0.0,0.0
/epuck2/cmd_vel,53.199254321,0.0,0.0
/epuck2/cmd_vel,53.237576488,0.0,0.0
/epuck2/cmd_vel,53.287215302,0.0,0.0
/epuck2/cmd_vel,53.323557103,0.0,0.0
/epuck2/cmd_vel,53.380774813,0.0,0.0
/epuck2/cmd_vel,53.465984323,0.0,0.0
/epuck2/cmd_vel,53.502903097,0.0,0.0
/epuck2/cmd_vel,53.539121125,0.0,0.0
/epuck2/cmd_vel,53.591178936,0.0,0.0
/epuck2/cmd_vel,53.62669841,0.0,0.0
/epuck2/cmd_vel,53.685774712,0.0,0.0
/epuck2/cmd_vel,53.744821499,0.0,0.0
/epuck2/cmd_vel,53.803311594,0.0,0.0
/epuck2/cmd_vel,53.839847053,0.0,0.0
/epuck2/cmd_vel,53.891115002,0.0,0.0
/epuck2/cmd_vel,53.949039075,0.0,0.0
/epuck2/cmd_vel,53.996810917,0.0,0.0
/epuck2/cmd_vel,54.045928933,0.0,0.0
/epuck2/cmd_vel,54.100674423,0.0,0.0
/epuck2/cmd_vel,54.135549992,0.0,0.0
/epuck2/cmd_vel,54.189180575,0.0,0.0
/epuck2/cmd_vel,54.227184265,0.0,0.0
/epuck2/cmd_vel,54.300362103,0.0,0.0
/epuck2/cmd_vel,54.335458368,0.0,0.0
/epuck2/cmd_vel,54.386280069,0.0,0.0
/epuck2/cmd_vel,54.443233953,0.0,0.0
/epuck2/cmd_vel,54.499442724,0.0,0.0
/epuck2/cmd_vel,54.539706601,0.0,0.0
/epuck2/cmd_vel,54.592824384,0.0,0.0
/epuck2/cmd_vel,54.628613301,0.0,0.0
/epuck2/cmd_vel,54.682357565,0.0,0.0
/epuck2/cmd_vel,54.733413482,0.0,0.0
/epuck2/cmd_vel,54.790000712,0.0,0.0
/epuck2/cmd_vel,54.827209971,0.0,0.0
/epuck2/cmd_vel,54.876017888,0.0,0.0
/epuck2/cmd_vel,54.935298129,0.0,0.0
/epuck2/cmd_vel,54.990176723,0.0,0.0
/epuck2/cmd_vel,55.028175177,0.0,0.0
/epuck2/cmd_vel,55.081187847,0.0,0.0
/epuck2/cmd_vel,55.117402924,0.0,0.0
/epuck2/cmd_vel,55.174571506,0.0,0.0
/epuck2/cmd_vel,55.228078697,0.0,0.0
/epuck2/cmd_vel,55.2832632,0.0,0.0
/epuck2/cmd_vel,55.31627894,0.0,0.0
/epuck2/cmd_vel,55.369915711,0.0,0.0
/epuck2/cmd_vel,55.448304671,0.0,0.0
/epuck2/cmd_vel,55.485676072,0.0,0.0
/epuck2/cmd_vel,55.523080225,0.0,0.0
/epuck2/cmd_vel,55.575623606,0.0,0.0
/epuck2/cmd_vel,55.610645037,0.0,0.0
/epuck2/cmd_vel,55.685240931,0.0,0.0
/epuck2/cmd_vel,55.724390662,0.0,0.0
/epuck2/cmd_vel,55.775978898,0.0,0.0
/epuck2/cmd_vel,55.811777527,0.0,0.0
/epuck2/cmd_vel,55.865850931,0.0,0.0
/epuck2/cmd_vel,55.940278017,0.0,0.0
/epuck2/cmd_vel,55.978118993,0.0,0.0
/epuck2/cmd_vel,56.012750921,0.0,0.0
/epuck2/cmd_vel,56.066867931,0.0,0.0
/epuck2/cmd_vel,56.101808148,0.0,0.0
/epuck2/cmd_vel,56.17541462,0.0,0.0
/epuck2/cmd_vel,56.223596056,0.0,0.0
/epuck2/cmd_vel,56.27845913,0.0,0.0
/epuck2/cmd_vel,56.312168664,0.0,0.0
/epuck2/cmd_vel,56.367586146,0.0,0.0
/epuck2/cmd_vel,56.408109756,0.0,0.0
/epuck2/cmd_vel,56.48092789,0.0,0.0
/epuck2/cmd_vel,56.517658624,0.0,0.0
/epuck2/cmd_vel,56.569856013,0.0,0.0
/epuck2/cmd_vel,56.606102033,0.0,0.0
/epuck2/cmd_vel,56.680003561,0.0,0.0
/epuck2/cmd_vel,56.71867848,0.0,0.0
/epuck2/cmd_vel,56.772480727,0.0,0.0
/epuck2/cmd_vel,56.806947084,0.0,0.0
/epuck2/cmd_vel,56.863315998,0.0,0.0
/epuck2/cmd_vel,56.916483289,0.0,0.0
/epuck2/cmd_vel,56.972445943,0.0,0.0
/epuck2/cmd_vel,57.007893628,0.0,0.0
/epuck2/cmd_vel,57.058108057,0.0,0.0
/epuck2/cmd_vel,57.099022857,0.0,0.0
/epuck2/cmd_vel,57.174836457,0.0,0.0
/epuck2/cmd_vel,57.224635357,0.0,0.0
/epuck2/cmd_vel,57.281287957,0.0,0.0
/epuck2/cmd_vel,57.319432357,0.0,0.0
/epuck2/cmd_vel,57.378572957,0.0,0.0
/epuck2/cmd_vel,57.418520557,0.0,0.0
/epuck2/cmd_vel,57.499706457,0.0,0.0
/epuck2/cmd_vel,57.540318157,0.0,0.0
/epuck2/cmd_vel,57.595501257,0.0,0.0
/epuck2/cmd_vel,57.632811957,0.0,0.0
/epuck2/cmd_vel,57.689000957,0.0,0.0
/epuck2/cmd_vel,57.745018157,0.0,0.0
/epuck2/cmd_vel,57.806066957,0.0,0.0
/epuck2/cmd_vel,57.842129557,0.0,0.0
/epuck2/cmd_vel,57.898355657,0.0,0.0
/epuck2/cmd_vel,57.939570557,0.0,0.0
/epuck2/cmd_vel,58.016484357,0.0,0.0
/epuck2/cmd_vel,58.055276257,0.0,0.0
/epuck2/cmd_vel,58.107284857,0.0,0.0
/epuck2/cmd_vel,58.147665057,0.0,0.0
/epuck2/cmd_vel,58.205616057,0.0,0.0
/epuck2/cmd_vel,58.264833957,0.0,0.0
/epuck2/cmd_vel,58.321724557,0.0,0.0
/epuck2/cmd_vel,58.357111657,0.0,0.0
/epuck2/cmd_vel,58.413240657,0.0,0.0
/epuck2/cmd_vel,58.453796157,0.0,0.0
/epuck2/cmd_vel,58.531041257,0.0,0.0
/epuck2/cmd_vel,58.569229557,0.0,0.0
/epuck2/cmd_vel,58.622064657,0.0,0.0
/epuck2/cmd_vel,58.660522857,0.0,0.0
/epuck2/cmd_vel,58.725232257,0.0,0.0
/epuck2/cmd_vel,58.786998657,0.0,0.0
/epuck2/cmd_vel,58.845226657,0.0,0.0
/epuck2/cmd_vel,58.880588857,0.0,0.0
/epuck2/cmd_vel,58.934533357,0.0,0.0
/epuck2/cmd_vel,58.975213357,0.0,0.0
/epuck2/cmd_vel,59.050831757,0.0,0.0
/epuck2/cmd_vel,59.100752757,0.0,0.0
/epuck2/cmd_vel,59.161145157,0.0,0.0
/epuck2/cmd_vel,59.196247457,0.0,0.0
/epuck2/cmd_vel,59.250986357,0.0,0.0
/epuck2/cmd_vel,59.294196157,0.0,0.0
/epuck2/cmd_vel,59.376233557,0.0,0.0
/epuck2/cmd_vel,59.417491357,0.0,0.0
/epuck2/cmd_vel,59.472053357,0.0,0.0
/epuck2/cmd_vel,59.508392157,0.0,0.0
/epuck2/cmd_vel,59.565739457,0.0,0.0
/epuck2/cmd_vel,59.610210757,0.0,0.0
/epuck2/cmd_vel,59.691136557,0.0,0.0
/epuck2/cmd_vel,59.730609957,0.0,0.0
/epuck2/cmd_vel,59.786844957,0.0,0.0
/epuck2/cmd_vel,59.822200057,0.0,0.0
/epuck2/cmd_vel,59.884615357,0.0,0.0
/epuck2/cmd_vel,59.940437657,0.0,0.0
/epuck2/cmd_vel,59.997584457,0.0,0.0
/epuck2/cmd_vel,60.034443257,0.0,0.0
/epuck2/cmd_vel,60.091023157,0.0,0.0
/epuck2/cmd_vel,60.131456757,0.0,0.0
/epuck2/cmd_vel,60.230378223,0.0,0.0
/epuck2/cmd_vel,60.271005385,0.0,0.0
/epuck2/cmd_vel,60.327150321,0.0,0.0
/epuck2/cmd_vel,60.363445415,0.0,0.0
/epuck2/cmd_vel,60.421341279,0.0,0.0
/epuck2/cmd_vel,60.477577511,0.0,0.0
/epuck2/cmd_vel,60.541159961,0.0,0.0
/epuck2/cmd_vel,60.579361324,0.0,0.0
/epuck2/cmd_vel,60.631405116,0.0,0.0
/epuck2/cmd_vel,60.671326478,0.0,0.0
/epuck2/cmd_vel,60.745468791,0.0,0.0
/epuck2/cmd_vel,60.785302237,0.0,0.0
/epuck2/cmd_vel,60.839679539,0.0,0.0
/epuck2/cmd_vel,60.877311746,0.0,0.0
/epuck2/cmd_vel,60.937517549,0.0,0.0
/epuck2/cmd_vel,60.991649805,0.0,0.0
/epuck2/cmd_vel,61.050703472,0.0,0.0
/epuck2/cmd_vel,61.087326057,0.0,0.0
/epuck2/cmd_vel,61.141426488,0.0,0.0
/epuck2/cmd_vel,61.182858106,0.0,0.0
/epuck2/cmd_vel,61.259238456,0.0,0.0
/epuck2/cmd_vel,61.293975059,0.0,0.0
/epuck2/cmd_vel,61.350200849,0.0,0.0
/epuck2/cmd_vel,61.387951502,0.0,0.0
/epuck2/cmd_vel,61.449038736,0.0,0.0
/epuck2/cmd_vel,61.509336332,0.0,0.0
/epuck2/cmd_vel,61.570367475,0.0,0.0
/epuck2/cmd_vel,61.60726514,0.0,0.0
/epuck2/cmd_vel,61.661414402,0.0,0.0
/epuck2/cmd_vel,61.699575089,0.0,0.0
/epuck2/cmd_vel,61.77284711,0.0,0.0
/epuck2/cmd_vel,61.825069417,0.0,0.0
/epuck2/cmd_vel,61.882065452,0.0,0.0
/epuck2/cmd_vel,61.916838354,0.0,0.0
/epuck2/cmd_vel,61.973120235,0.0,0.0
/epuck2/cmd_vel,62.01474966,0.0,0.0
/epuck2/cmd_vel,62.102272753,0.0,0.0
/epuck2/cmd_vel,62.140393362,0.0,0.0
/epuck2/cmd_vel,62.197431763,0.0,0.0
/epuck2/cmd_vel,62.233512143,0.0,0.0
/epuck2/cmd_vel,62.291113036,0.0,0.0
/epuck2/cmd_vel,62.330839971,0.0,0.0
/epuck2/cmd_vel,62.414552913,0.0,0.0
/epuck2/cmd_vel,62.454392228,0.0,0.0
/epuck2/cmd_vel,62.508305393,0.0,0.0
/epuck2/cmd_vel,62.544765973,0.0,0.0
/epuck2/cmd_vel,62.605543517,0.0,0.0
/epuck2/cmd_vel,62.655891677,0.0,0.0
/epuck2/cmd_vel,62.728808063,0.0,0.0
/epuck2/cmd_vel,62.765253725,0.0,0.0
/epuck2/cmd_vel,62.820203166,0.0,0.0
/epuck2/cmd_vel,62.856013637,0.0,0.0
/epuck2/cmd_vel,62.93311013,0.0,0.0
/epuck2/cmd_vel,62.974871129,0.0,0.0
/epuck2/cmd_vel,63.029406059,0.0,0.0
/epuck2/cmd_vel,63.065084261,0.0,0.0
/epuck2/cmd_vel,63.123230343,0.0,0.0
/epuck2/cmd_vel,63.180039908,0.0,0.0
/epuck2/cmd_vel,63.24204149,0.0,0.0
/epuck2/cmd_vel,63.277366344,0.0,0.0
/epuck2/cmd_vel,63.331409591,0.0,0.0
/epuck2/cmd_vel,63.371438856,0.0,0.0
/epuck2/cmd_vel,63.449851876,0.0,0.0
/epuck2/cmd_vel,63.489181308,0.0,0.0
/epuck2/cmd_vel,63.540307867,0.0,0.0
/epuck2/cmd_vel,63.578162844,0.0,0.0
/epuck2/cmd_vel,63.637249032,0.0,0.0
/epuck2/cmd_vel,63.695357919,0.0,0.0
/epuck2/cmd_vel,63.753496045,0.0,0.0
/epuck2/cmd_vel,63.788566802,0.0,0.0
/epuck2/cmd_vel,63.844634565,0.0,0.0
/epuck2/cmd_vel,63.884274779,0.0,0.0
/epuck2/cmd_vel,63.961318564,0.0,0.0
/epuck2/cmd_vel,64.000156311,0.0,0.0
/epuck2/cmd_vel,64.053281132,0.0,0.0
/epuck2/cmd_vel,64.091285483,0.0,0.0
/epuck2/cmd_vel,64.154330303,0.0,0.0
/epuck2/cmd_vel,64.214147154,0.0,0.0
/epuck2/cmd_vel,64.272163155,0.0,0.0
/epuck2/cmd_vel,64.310091327,0.0,0.0
/epuck2/cmd_vel,64.362685479,0.0,0.0
/epuck2/cmd_vel,64.403259634,0.0,0.0
/epuck2/cmd_vel,64.478595553,0.0,0.0
/epuck2/cmd_vel,64.517878441,0.0,0.0
/epuck2/cmd_vel,64.570948366,0.0,0.0
/epuck2/cmd_vel,64.61047809,0.0,0.0
/epuck2/cmd_vel,64.668893086,0.0,0.0
/epuck2/cmd_vel,64.726353854,0.0,0.0
/epuck2/cmd_vel,64.785858928,0.0,0.0
/epuck2/cmd_vel,64.821331267,0.0,0.0
/epuck2/cmd_vel,64.877418522,0.0,0.0
/epuck2/cmd_vel,64.919218903,0.0,0.0
/epuck2/cmd_vel,64.994399779,0.0,0.0
/epuck2/cmd_vel,65.031213706,0.0,0.0
/epuck2/cmd_vel,65.085185548,0.0,0.0
/epuck2/cmd_vel,65.121681631,0.0,0.0
/epuck2/cmd_vel,65.202334975,0.0,0.0
/epuck2/cmd_vel,65.242727136,0.0,0.0
/epuck2/cmd_vel,65.299536104,0.0,0.0
/epuck2/cmd_vel,65.333532695,0.0,0.0
/epuck2/cmd_vel,65.394189407,0.0,0.0
/epuck2/cmd_vel,65.449816604,0.0,0.0
/epuck2/cmd_vel,65.508694344,0.0,0.0
/epuck2/cmd_vel,65.544695462,0.0,0.0
/epuck2/cmd_vel,65.598644231,0.0,0.0
/epuck2/cmd_vel,65.637927218,0.0,0.0
/epuck2/cmd_vel,65.714594582,0.0,0.0
/epuck2/cmd_vel,65.755153621,0.0,0.0
/epuck2/cmd_vel,65.810030861,0.0,0.0
/epuck2/cmd_vel,65.845796678,0.0,0.0
/epuck2/cmd_vel,65.906903006,0.0,0.0
/epuck2/cmd_vel,65.963976016,0.0,0.0
/epuck2/cmd_vel,66.021683322,0.0,0.0
/epuck2/cmd_vel,66.05949822,0.0,0.0
/epuck2/cmd_vel,66.114416731,0.0,0.0
/epuck2/cmd_vel,66.154927437,0.0,0.0
/epuck2/cmd_vel,66.233543535,0.0,0.0
/epuck2/cmd_vel,66.270007795,0.0,0.0
/epuck2/cmd_vel,66.325300738,0.0,0.0
/epuck2/cmd_vel,66.361956241,0.0,0.0
/epuck2/cmd_vel,66.439864549,0.0,0.0
/epuck2/cmd_vel,66.48052632,0.0,0.0
/epuck2/cmd_vel,66.537466861,0.0,0.0
/epuck2/cmd_vel,66.571658277,0.0,0.0
/epuck2/cmd_vel,66.628177247,0.0,0.0
/epuck2/cmd_vel,66.674688503,0.0,0.0
/epuck2/cmd_vel,66.755308631,0.0,0.0
/epuck2/cmd_vel,66.793449229,0.0,0.0
/epuck2/cmd_vel,66.848158796,0.0,0.0
/epuck2/cmd_vel,66.885291562,0.0,0.0
/epuck2/cmd_vel,66.944452437,0.0,0.0
/epuck2/cmd_vel,66.999981377,0.0,0.0
/epuck2/cmd_vel,67.067757559,0.0,0.0
/epuck2/cmd_vel,67.104806886,0.0,0.0
/epuck2/cmd_vel,67.160613989,0.0,0.0
/epuck2/cmd_vel,67.197736114,0.0,0.0
/epuck2/cmd_vel,67.261465253,0.0,0.0
/epuck2/cmd_vel,67.322228476,0.0,0.0
/epuck2/cmd_vel,67.385018106,0.0,0.0
/epuck2/cmd_vel,67.41998812,0.0,0.0
/epuck2/cmd_vel,67.47551507,0.0,0.0
/epuck2/cmd_vel,67.513483023,0.0,0.0
/epuck2/cmd_vel,67.588573199,0.0,0.0
/epuck2/cmd_vel,67.639939336,0.0,0.0
/epuck2/cmd_vel,67.69741512,0.0,0.0
/epuck2/cmd_vel,67.731629409,0.0,0.0
/epuck2/cmd_vel,67.787716664,0.0,0.0
/epuck2/cmd_vel,67.828771464,0.0,0.0
/epuck2/cmd_vel,67.911667519,0.0,0.0
/epuck2/cmd_vel,67.952585474,0.0,0.0
/epuck2/cmd_vel,68.008203124,0.0,0.0
/epuck2/cmd_vel,68.042758727,0.0,0.0
/epuck2/cmd_vel,68.100767269,0.0,0.0
/epuck2/cmd_vel,68.142605242,0.0,0.0
/epuck2/cmd_vel,68.226914788,0.0,0.0
/epuck2/cmd_vel,68.266865966,0.0,0.0
/epuck2/cmd_vel,68.318661573,0.0,0.0
/epuck2/cmd_vel,68.354597744,0.0,0.0
/epuck2/cmd_vel,68.416630718,0.0,0.0
/epuck2/cmd_vel,68.467998613,0.0,0.0
/epuck2/cmd_vel,68.540323809,0.0,0.0
/epuck2/cmd_vel,68.576515971,0.0,0.0
/epuck2/cmd_vel,68.632266923,0.0,0.0
/epuck2/cmd_vel,68.6685522,0.0,0.0
/epuck2/cmd_vel,68.749065341,0.0,0.0
/epuck2/cmd_vel,68.784843306,0.0,0.0
/epuck2/cmd_vel,68.842783103,0.0,0.0
/epuck2/cmd_vel,68.878523007,0.0,0.0
/epuck2/cmd_vel,68.937379741,0.0,0.0
/epuck2/cmd_vel,68.994614667,0.0,0.0
/epuck2/cmd_vel,69.055376727,0.0,0.0
/epuck2/cmd_vel,69.092137317,0.0,0.0
/epuck2/cmd_vel,69.146371302,0.0,0.0
/epuck2/cmd_vel,69.184205743,0.0,0.0
/epuck2/cmd_vel,69.261731061,0.0,0.0
/epuck2/cmd_vel,69.298462931,0.0,0.0
/epuck2/cmd_vel,69.353158515,0.0,0.0
/epuck2/cmd_vel,69.391935235,0.0,0.0
/epuck2/cmd_vel,69.450646682,0.0,0.0
/epuck2/cmd_vel,69.505675571,0.0,0.0
/epuck2/cmd_vel,69.562444625,0.0,0.0
/epuck2/cmd_vel,69.599795008,0.0,0.0
/epuck2/cmd_vel,69.655692241,0.0,0.0
/epuck2/cmd_vel,69.69780291,0.0,0.0
/epuck2/cmd_vel,69.773490774,0.0,0.0
/epuck2/cmd_vel,69.809946083,0.0,0.0
/epuck2/cmd_vel,69.864166452,0.0,0.0
/epuck2/cmd_vel,69.901308843,0.0,0.0
/epuck2/cmd_vel,69.9629944,0.0,0.0
/epuck2/cmd_vel,70.026956551,0.0,0.0
/epuck2/cmd_vel,70.087047827,0.0,0.0
/epuck2/cmd_vel,70.124949745,0.0,0.0
/epuck2/cmd_vel,70.179800553,0.0,0.0
/epuck2/cmd_vel,70.217079883,0.0,0.0
/epuck2/cmd_vel,70.297752423,0.0,0.0
/epuck2/cmd_vel,70.33445468,0.0,0.0
/epuck2/cmd_vel,70.388224878,0.0,0.0
/epuck2/cmd_vel,70.425336065,0.0,0.0
/epuck2/cmd_vel,70.486480821,0.0,0.0
/epuck2/cmd_vel,70.543835097,0.0,0.0
/epuck2/cmd_vel,70.614599898,0.0,0.0
/epuck2/cmd_vel,70.650938043,0.0,0.0
/epuck2/cmd_vel,70.706414619,0.0,0.0
/epuck2/cmd_vel,70.743520738,0.0,0.0
/epuck2/cmd_vel,70.822001352,0.0,0.0
/epuck2/cmd_vel,70.862475207,0.0,0.0
/epuck2/cmd_vel,70.918049568,0.0,0.0
/epuck2/cmd_vel,70.951729617,0.0,0.0
/epuck2/cmd_vel,71.011292911,0.0,0.0
/epuck2/cmd_vel,71.070643939,0.0,0.0
/epuck2/cmd_vel,71.128801566,0.0,0.0
/epuck2/cmd_vel,71.167812813,0.0,0.0
/epuck2/cmd_vel,71.72524461,0.0,0.0
/epuck2/cmd_vel,71.768112024,0.0,0.0
/epuck2/cmd_vel,71.846706821,0.0,0.0
/epuck2/cmd_vel,71.884338536,0.0,0.0
/epuck2/cmd_vel,71.937379418,0.0,0.0
/epuck2/cmd_vel,71.978102607,0.0,0.0
