topic,time_s,linear_mps,angular_rps
/epuck1/cmd_vel,46.79992188,0.0,0.0
/epuck1/cmd_vel,46.857663891,0.0,0.0
/epuck1/cmd_vel,46.89353655,0.0,0.0
/epuck1/cmd_vel,46.950752064,0.0,0.0
/epuck1/cmd_vel,46.997826547,0.0,0.0
/epuck1/cmd_vel,47.058436039,0.0,0.0
/epuck1/cmd_vel,47.096003486,0.0,0.0
/epuck1/cmd_vel,47.151280614,0.0,0.0
/epuck1/cmd_vel,47.192262838,0.0,0.0
/epuck1/cmd_vel,47.260901176,0.0,0.0
/epuck1/cmd_vel,47.297652229,0.0,0.0
/epuck1/cmd_vel,47.351249568,0.0,0.0
/epuck1/cmd_vel,47.389123213,0.0,0.0
/epuck1/cmd_vel,47.465859996,0.0,0.0
/epuck1/cmd_vel,47.508588608,0.0,0.0
/epuck1/cmd_vel,47.564240434,0.0,0.0
/epuck1/cmd_vel,47.601368284,0.0,0.0
/epuck1/cmd_vel,47.657893003,0.0,0.0
/epuck1/cmd_vel,47.711699341,0.0,0.0
/epuck1/cmd_vel,47.770656741,0.0,0.0
/epuck1/cmd_vel,47.808995776,0.0,0.0
/epuck1/cmd_vel,47.862961703,0.0,0.0
/epuck1/cmd_vel,47.90255063,0.0,0.0
/epuck1/cmd_vel,47.97069466,0.0,0.0
/epuck1/cmd_vel,48.011327779,0.0,0.0
/epuck1/cmd_vel,48.090585432,0.0,0.0
/epuck1/cmd_vel,48.123439205,0.0,0.0
/epuck1/cmd_vel,48.168914591,0.0,0.0
/epuck1/cmd_vel,48.199374881,0.0,0.0
/epuck1/cmd_vel,48.251358522,0.0,0.0
/epuck1/cmd_vel,48.290059955,0.0,0.0
/epuck1/cmd_vel,48.353960714,0.0,0.0
/epuck1/cmd_vel,48.403060775,0.0,0.0
/epuck1/cmd_vel,48.463609057,0.0,0.0
/epuck1/cmd_vel,48.498955513,0.0,0.0
/epuck1/cmd_vel,48.55440503,0.0,0.0
/epuck1/cmd_vel,48.595627446,0.0,0.0
/epuck1/cmd_vel,48.664312172,0.0,0.0
/epuck1/cmd_vel,48.70228781,0.0019219017500006431,0.0
/epuck1/cmd_vel,48.758252022,0.0046653627500006685,0.0
/epuck1/cmd_vel,48.795904856,0.0065774642500002764,0.0
/epuck1/cmd_vel,48.874973897,0.010482111650000549,0.0
/epuck1/cmd_vel,48.914890415,0.012524857200000385,0.0
/epuck1/cmd_vel,48.970846319,0.015,0.0
/epuck1/cmd_vel,49.005270732,0.015,0.0
/epuck1/cmd_vel,49.063678946,0.015,0.0
/epuck1/cmd_vel,49.112308407,0.015,0.0
/epuck1/cmd_vel,49.173478164,0.015,0.0
/epuck1/cmd_vel,49.210157038,0.015,0.0
/epuck1/cmd_vel,49.263019965,0.015,0.0
/epuck1/cmd_vel,49.303640201,0.015,0.0
/epuck1/cmd_vel,49.38217613,0.015,0.0
/epuck1/cmd_vel,49.423520676,0.015,0.0
/epuck1/cmd_vel,49.478291433,0.015,0.0
/epuck1/cmd_vel,49.513742988,0.015,0.0
/epuck1/cmd_vel,49.574487739,0.015,0.0
/epuck1/cmd_vel,49.631298727,0.015,0.0
/epuck1/cmd_vel,49.69029145,0.015,0.0
/epuck1/cmd_vel,49.727073726,0.015,0.0
/epuck1/cmd_vel,49.783724207,0.015,0.0
/epuck1/cmd_vel,49.824053731,0.015,0.0
/epuck1/cmd_vel,49.902560947,0.015,0.0
/epuck1/cmd_vel,49.94090494,0.015,0.0
/epuck1/cmd_vel,49.99710741,0.015,0.0
/epuck1/cmd_vel,50.033636376,0.015,0.0
/epuck1/cmd_vel,50.102663045,0.015,0.0
/epuck1/cmd_vel,50.142003354,0.015,0.0
/epuck1/cmd_vel,50.200590961,0.015,0.0
/epuck1/cmd_vel,50.237184227,0.015,0.0
/epuck1/cmd_vel,50.295234626,0.015,0.0
/epuck1/cmd_vel,50.34331517,0.015,0.0
/epuck1/cmd_vel,50.406111643,0.015,0.0
/epuck1/cmd_vel,50.442492706,0.015,0.0
/epuck1/cmd_vel,50.497214053,0.015,0.0
/epuck1/cmd_vel,50.53834039,0.015,0.0
/epuck1/cmd_vel,50.613243849,0.015,0.0
/epuck1/cmd_vel,50.653052966,0.015,0.0
/epuck1/cmd_vel,50.706615095,0.015,0.0
/epuck1/cmd_vel,50.743808771,0.015,0.0
/epuck1/cmd_vel,50.803884892,0.015,0.0
/epuck1/cmd_vel,50.859506444,0.015,0.0
/epuck1/cmd_vel,50.918459447,0.015,0.0
/epuck1/cmd_vel,50.954400498,0.015,0.0
/epuck1/cmd_vel,51.009955149,0.015,0.0
/epuck1/cmd_vel,51.050519771,0.015,0.0
/epuck1/cmd_vel,51.119610829,0.015,0.0
/epuck1/cmd_vel,51.15429766,0.015,0.0
/epuck1/cmd_vel,51.16859768,0.015,0.0
/epuck1/cmd_vel,51.177993023,0.015,0.0
/epuck1/cmd_vel,51.187370167,0.015,0.0
/epuck1/cmd_vel,51.190905921,0.015,0.0
/epuck1/cmd_vel,51.201597485,0.015,0.0
/epuck1/cmd_vel,51.206108854,0.015,0.0
/epuck1/cmd_vel,51.218060737,0.015,0.0
/epuck1/cmd_vel,51.223344518,0.015,0.0
/epuck1/cmd_vel,51.230228724,0.015,0.0
/epuck1/cmd_vel,51.239873671,0.015,0.0
/epuck1/cmd_vel,51.25022273,0.015,0.0
/epuck1/cmd_vel,51.255068504,0.015,0.0
/epuck1/cmd_vel,51.266753983,0.015,0.0
/epuck1/cmd_vel,51.27306528,0.015,0.0
/epuck1/cmd_vel,51.284995563,0.015,0.0
/epuck1/cmd_vel,51.291193558,0.015,0.0
/epuck1/cmd_vel,51.298787474,0.015,0.0
/epuck1/cmd_vel,51.30893843,0.015,0.0
/epuck1/cmd_vel,51.318948783,0.015,0.0
/epuck1/cmd_vel,51.325563684,0.015,0.0
/epuck1/cmd_vel,51.334306018,0.015,0.0
/epuck1/cmd_vel,51.338916089,0.015,0.0
/epuck1/cmd_vel,51.352609899,0.015,0.0
/epuck1/cmd_vel,51.360224215,0.015,0.0
/epuck1/cmd_vel,51.372407302,0.015,0.0
/epuck1/cmd_vel,51.379685313,0.015,0.0
/epuck1/cmd_vel,51.392246906,0.015,0.0
/epuck1/cmd_vel,51.397862192,0.015,0.0
/epuck1/cmd_vel,51.411966908,0.015,0.0
/epuck1/cmd_vel,51.416374775,0.015,0.0
/epuck1/cmd_vel,51.426023923,0.015,0.0
/epuck1/cmd_vel,51.435848974,0.015,0.0
/epuck1/cmd_vel,51.445542822,0.015,0.0
/epuck1/cmd_vel,51.455307772,0.015,0.0
/epuck1/cmd_vel,51.46498192,0.015,0.0
/epuck1/cmd_vel,51.472976943,0.015,0.0
/epuck1/cmd_vel,51.484978926,0.015,0.0
/epuck1/cmd_vel,51.490718814,0.015,0.0
/epuck1/cmd_vel,51.502266191,0.013850912399996104,-0.034472628000116856
/epuck1/cmd_vel,51.507651674,0.0133487647000004,-0.04953705899998795
/epuck1/cmd_vel,51.515812599,0.012504551800000171,-0.07486344599999484
/epuck1/cmd_vel,51.524868037,0.01164553860000069,-0.10063384199997927
/epuck1/cmd_vel,51.534315382,0.010647923399997124,-0.13056229800008623
/epuck1/cmd_vel,51.544907044,0.01,-0.1611681690000637
/epuck1/cmd_vel,51.555941514,0.01,-0.19347056400010842
/epuck1/cmd_vel,51.560319881,0.01,-0.208896801000094
/epuck1/cmd_vel,51.573525483,0.01,-0.24748399200007043
/epuck1/cmd_vel,51.579007267,0.01,-0.264513753000017
/epuck1/cmd_vel,51.590349841,0.01,-0.29881147800006147
/epuck1/cmd_vel,51.597039243,0.01,-0.31841557799998554
/epuck1/cmd_vel,51.604074151,0.01,-0.33907899300004374
/epuck1/cmd_vel,51.614783915,0.01,-0.3718943970000623
/epuck1/cmd_vel,51.623395747,0.01,-0.39777309300001207
/epuck1/cmd_vel,51.633045795,0.01,-0.4266092340000682
/epuck1/cmd_vel,51.640741313,0.01,-0.4495871880000095
/epuck1/cmd_vel,51.648712835,0.01,-0.45
/epuck1/cmd_vel,51.658643787,0.01,-0.45
/epuck1/cmd_vel,51.665808397,0.01,-0.45
/epuck1/cmd_vel,51.677354074,0.01,-0.45
/epuck1/cmd_vel,51.68430378,0.01,-0.45
/epuck1/cmd_vel,51.693831026,0.01,-0.45
/epuck1/cmd_vel,51.703103368,0.009127056600002561,-0.41508226400010245
/epuck1/cmd_vel,51.711128491,0.008289733799998658,-0.3815893519999463
/epuck1/cmd_vel,51.71560296,0.007825156700002936,-0.3630062680001174
/epuck1/cmd_vel,51.727760046,0.006604367999998431,-0.31417471999993724
/epuck1/cmd_vel,51.733166729,0.006064429699998755,-0.3
/epuck1/cmd_vel,51.745043911,0.006,-0.3
/epuck1/cmd_vel,51.751909816,0.006,-0.3
/epuck1/cmd_vel,51.763927698,0.006,-0.3
/epuck1/cmd_vel,51.770456297,0.006,-0.3
/epuck1/cmd_vel,51.779855139,0.006,-0.3
/epuck1/cmd_vel,51.787225451,0.006,-0.3
/epuck1/cmd_vel,51.795613278,0.006,-0.3
/epuck1/cmd_vel,51.805933835,0.006,-0.3
/epuck1/cmd_vel,51.814353662,0.006,-0.3
/epuck1/cmd_vel,51.821578572,0.006,-0.3
/epuck1/cmd_vel,51.833841458,0.006,-0.3
/epuck1/cmd_vel,51.839453643,0.006,-0.3
/epuck1/cmd_vel,51.850756414,0.006,-0.3
/epuck1/cmd_vel,51.859323444,0.006,-0.3
/epuck1/cmd_vel,51.87291995,0.006,-0.3
/epuck1/cmd_vel,51.878485634,0.006,-0.3
/epuck1/cmd_vel,51.886904262,0.006,-0.3
/epuck1/cmd_vel,51.896525908,0.006,-0.3
/epuck1/cmd_vel,51.906795864,0.006,-0.3
/epuck1/cmd_vel,51.915867501,0.006,-0.3
/epuck1/cmd_vel,51.925064941,0.006,-0.3
/epuck1/cmd_vel,51.935433898,0.006,-0.3
/epuck1/cmd_vel,51.945413449,0.006,-0.3
/epuck1/cmd_vel,51.95467849,0.006,-0.3
/epuck1/cmd_vel,51.963135218,0.006,-0.3
/epuck1/cmd_vel,51.969385944,0.006,-0.3
/epuck1/cmd_vel,51.982376677,0.006,-0.3
/epuck1/cmd_vel,51.987969648,0.006,-0.3
/epuck1/cmd_vel,51.999527688,0.006,-0.3
/epuck1/cmd_vel,52.006513652,0.006,-0.3
/epuck1/cmd_vel,52.015485805,0.006,-0.3
/epuck1/cmd_vel,52.02234387,0.006,-0.3
/epuck1/cmd_vel,52.030851326,0.006,-0.3
/epuck1/cmd_vel,52.040697175,0.006,-0.3
/epuck1/cmd_vel,52.049239931,0.006,-0.3
/epuck1/cmd_vel,52.0552268,0.006,-0.3
/epuck1/cmd_vel,52.066300042,0.006,-0.3
/epuck1/cmd_vel,52.070376321,0.006,-0.3
/epuck1/cmd_vel,52.079174576,0.006,-0.3
/epuck1/cmd_vel,52.087297934,0.006,-0.3
/epuck1/cmd_vel,52.095532691,0.006,-0.3
/epuck1/cmd_vel,52.101263461,0.006,-0.3
/epuck1/cmd_vel,52.113397699,0.006,-0.3
/epuck1/cmd_vel,52.119963265,0.006,-0.3
/epuck1/cmd_vel,52.132003402,0.006,-0.3
/epuck1/cmd_vel,52.13827787,0.006,-0.3
/epuck1/cmd_vel,52.151236903,0.006,-0.3
/epuck1/cmd_vel,52.161676049,0.006,-0.3
/epuck1/cmd_vel,52.174542182,0.006,-0.3
/epuck1/cmd_vel,52.179470457,0.006,-0.3
/epuck1/cmd_vel,52.185837824,0.006,-0.3
/epuck1/cmd_vel,52.194619278,0.006,-0.3
/epuck1/cmd_vel,52.202142239,0.006,-0.3
/epuck1/cmd_vel,52.207974909,0.006,-0.3
/epuck1/cmd_vel,52.221991536,0.006,-0.3
/epuck1/cmd_vel,52.225888816,0.006,-0.3
/epuck1/cmd_vel,52.237888754,0.006,-0.3
/epuck1/cmd_vel,52.24458072,0.006,-0.3
/epuck1/cmd_vel,52.257163254,0.006,-0.3
/epuck1/cmd_vel,52.26384042,0.006,-0.3
/epuck1/cmd_vel,52.276647454,0.006,-0.3
/epuck1/cmd_vel,52.282134125,0.006,-0.3
/epuck1/cmd_vel,52.290594681,0.006,-0.3
/epuck1/cmd_vel,52.299872633,0.006,-0.3
/epuck1/cmd_vel,52.309067486,0.006,-0.3
/epuck1/cmd_vel,52.318639536,0.006,-0.3
/epuck1/cmd_vel,52.326042398,0.006,-0.3
/epuck1/cmd_vel,52.333171561,0.006,-0.3
/epuck1/cmd_vel,52.344709601,0.006,-0.3
/epuck1/cmd_vel,52.349543476,0.006,-0.3
/epuck1/cmd_vel,52.36239101,0.006,-0.3
/epuck1/cmd_vel,52.367018786,0.006,-0.3
/epuck1/cmd_vel,52.374674946,0.006,-0.3
/epuck1/cmd_vel,52.384062198,0.006,-0.3
/epuck1/cmd_vel,52.392996051,0.006,-0.3
/epuck1/cmd_vel,52.39900812,0.006,-0.3
/epuck1/cmd_vel,52.411482856,0.006,-0.3
/epuck1/cmd_vel,52.417372525,0.006,-0.3
/epuck1/cmd_vel,52.432059049,0.006,-0.3
/epuck1/cmd_vel,52.437540421,0.006,-0.3
/epuck1/cmd_vel,52.448890162,0.006,-0.3
/epuck1/cmd_vel,52.459587607,0.006,-0.3
/epuck1/cmd_vel,52.470718549,0.006,-0.3
/epuck1/cmd_vel,52.479145406,0.006,-0.3
/epuck1/cmd_vel,52.493415032,0.006,-0.3
/epuck1/cmd_vel,52.499814499,0.006,-0.3
/epuck1/cmd_vel,52.51508682,0.006,-0.3
/epuck1/cmd_vel,52.522901479,0.006,-0.3
/epuck1/cmd_vel,52.5381669,0.006,-0.3
/epuck1/cmd_vel,52.542670777,0.006,-0.3
/epuck1/cmd_vel,52.553280522,0.006,-0.3
/epuck1/cmd_vel,52.562427874,0.006,-0.3
/epuck1/cmd_vel,52.57287772,0.006,-0.3
/epuck1/cmd_vel,52.582299472,0.006,-0.3
/epuck1/cmd_vel,52.592660718,0.006,-0.3
/epuck1/cmd_vel,52.598370488,0.006,-0.3
/epuck1/cmd_vel,52.610799924,0.006,-0.3
/epuck1/cmd_vel,52.614883703,0.006,-0.3
/epuck1/cmd_vel,52.626893541,0.006,-0.3
/epuck1/cmd_vel,52.633250808,0.006,-0.3
/epuck1/cmd_vel,52.646742738,0.006,-0.3
/epuck1/cmd_vel,52.651096016,0.006,-0.3
/epuck1/cmd_vel,52.659594772,0.006,-0.3
/epuck1/cmd_vel,52.669945918,0.006,-0.3
/epuck1/cmd_vel,52.678317875,0.006,-0.3
/epuck1/cmd_vel,52.688252423,0.006,-0.3
/epuck1/cmd_vel,52.697133777,0.0064054979000017056,-0.26756016799986354
/epuck1/cmd_vel,52.701998352,0.006695301400000403,-0.24437588799996773
/epuck1/cmd_vel,52.715679781,0.007382632850001642,-0.18938937199986866
/epuck1/cmd_vel,52.722221247,0.007684051250001062,-0.16527589999991504
/epuck1/cmd_vel,52.733498989,0.008276623200000928,-0.11787014399992585
/epuck1/cmd_vel,52.738941961,0.008525631900002169,-0.09794944799982658
/epuck1/cmd_vel,52.75259489,0.00921110835000127,-0.04311133199989853
/epuck1/cmd_vel,52.760325349,0.009599286300001838,-0.012057095999853107
/epuck1/cmd_vel,52.769635899,0.01,0.0
/epuck1/cmd_vel,52.777919555,0.01,0.0
/epuck1/cmd_vel,52.785557914,0.01,0.0
/epuck1/cmd_vel,52.792342378,0.01,0.0
/epuck1/cmd_vel,52.805574907,0.01,0.0
/epuck1/cmd_vel,52.812488171,0.01,0.0
/epuck1/cmd_vel,52.827232692,0.01,0.0
/epuck1/cmd_vel,52.832111066,0.01,0.0
/epuck1/cmd_vel,52.844015602,0.01,0.0
/epuck1/cmd_vel,52.850687467,0.01,0.0
/epuck1/cmd_vel,52.862326305,0.01,0.0
/epuck1/cmd_vel,52.868055974,0.01,0.0
/epuck1/cmd_vel,52.878746817,0.01,0.0
/epuck1/cmd_vel,52.888802164,0.01,0.0
/epuck1/cmd_vel,52.897977515,0.01,0.0
/epuck1/cmd_vel,52.908035061,0.01,0.0
/epuck1/cmd_vel,52.917510611,0.01,0.0
/epuck1/cmd_vel,52.923798177,0.01,0.0
/epuck1/cmd_vel,52.939889791,0.01,0.0
/epuck1/cmd_vel,52.942872875,0.01,0.0
/epuck1/cmd_vel,52.955937406,0.01,0.0
/epuck1/cmd_vel,52.960912979,0.01,0.0
/epuck1/cmd_vel,52.969136735,0.01,0.0
/epuck1/cmd_vel,52.977408791,0.01,0.0
/epuck1/cmd_vel,52.986391443,0.01,0.0
/epuck1/cmd_vel,52.992082613,0.01,0.0
/epuck1/cmd_vel,53.007228532,0.01,0.0
/epuck1/cmd_vel,53.01142931,0.01,0.0
/epuck1/cmd_vel,53.022887449,0.01,0.0
/epuck1/cmd_vel,53.029386314,0.01,0.0
/epuck1/cmd_vel,53.043074241,0.01,0.0
/epuck1/cmd_vel,53.049771905,0.01,0.0
/epuck1/cmd_vel,53.060727947,0.01,0.0
/epuck1/cmd_vel,53.069360801,0.01,0.0
/epuck1/cmd_vel,53.077724356,0.01,0.0
/epuck1/cmd_vel,53.08635261,0.01,0.0
/epuck1/cmd_vel,53.094661166,0.01,0.0
/epuck1/cmd_vel,53.100967432,0.01,0.0
/epuck1/cmd_vel,53.112218972,0.01,0.0
/epuck1/cmd_vel,53.11827604,0.01,0.0
/epuck1/cmd_vel,53.131195771,0.01,0.0
/epuck1/cmd_vel,53.137334938,0.01,0.0
/epuck1/cmd_vel,53.148601178,0.01,0.0
/epuck1/cmd_vel,53.155923039,0.01,0.0
/epuck1/cmd_vel,53.164443894,0.01,0.0
/epuck1/cmd_vel,53.173854744,0.01,0.0
/epuck1/cmd_vel,53.182492597,0.01,0.0
/epuck1/cmd_vel,53.193049141,0.01,0.0
/epuck1/cmd_vel,53.203286487,0.01,0.0
/epuck1/cmd_vel,53.205956272,0.01,0.0
/epuck1/cmd_vel,53.218326506,0.01,0.0
/epuck1/cmd_vel,53.22702666,0.01,0.0
/epuck1/cmd_vel,53.238475999,0.01,0.0
/epuck1/cmd_vel,53.242299879,0.01,0.0
/epuck1/cmd_vel,53.250593334,0.01,0.0
/epuck1/cmd_vel,53.258668991,0.01,0.0
/epuck1/cmd_vel,53.268548939,0.01,0.0
/epuck1/cmd_vel,53.272719616,0.01,0.0
/epuck1/cmd_vel,53.286198944,0.01,0.0
/epuck1/cmd_vel,53.291745915,0.01,0.0
/epuck1/cmd_vel,53.304549847,0.01,0.0
/epuck1/cmd_vel,53.309996018,0.01,0.0
/epuck1/cmd_vel,53.323019248,0.01,0.0
/epuck1/cmd_vel,53.329272015,0.01,0.0
/epuck1/cmd_vel,53.336989774,0.01,0.0
/epuck1/cmd_vel,53.345011831,0.01,0.0
/epuck1/cmd_vel,53.353067088,0.01,0.0
/epuck1/cmd_vel,53.358736558,0.01,0.0
/epuck1/cmd_vel,53.372852882,0.01,0.0
/epuck1/cmd_vel,53.37712816,0.01,0.0
/epuck1/cmd_vel,53.39014429,0.01,0.0
/epuck1/cmd_vel,53.397358752,0.01,0.0
/epuck1/cmd_vel,53.409950384,0.01,0.0
/epuck1/cmd_vel,53.417143046,0.01,0.0
/epuck1/cmd_vel,53.427067993,0.01,0.0
/epuck1/cmd_vel,53.436224044,0.01,0.0
/epuck1/cmd_vel,53.445178897,0.01,0.0
/epuck1/cmd_vel,53.454652846,0.01,0.0
/epuck1/cmd_vel,53.465079191,0.01,0.0
/epuck1/cmd_vel,53.471205958,0.01,0.0
/epuck1/cmd_vel,53.482843596,0.01,0.0
/epuck1/cmd_vel,53.490114557,0.01,0.0
/epuck1/cmd_vel,53.499686806,0.01,0.0
/epuck1/cmd_vel,53.506069972,0.01,0.0
/epuck1/cmd_vel,53.517797509,0.01,0.0
/epuck1/cmd_vel,53.523168681,0.01,0.0
/epuck1/cmd_vel,53.531045739,0.01,0.0
/epuck1/cmd_vel,53.541249584,0.01,0.0
/epuck1/cmd_vel,53.549882638,0.01,0.0
/epuck1/cmd_vel,53.559624886,0.01,0.0
/epuck1/cmd_vel,53.56822074,0.01,0.0
/epuck1/cmd_vel,53.575230303,0.01,0.0
/epuck1/cmd_vel,53.587591037,0.01,0.0
/epuck1/cmd_vel,53.594653,0.01,0.0
/epuck1/cmd_vel,53.605347742,0.01,0.0
/epuck1/cmd_vel,53.612232306,0.01,0.0
/epuck1/cmd_vel,53.626960827,0.01,0.0
/epuck1/cmd_vel,53.633726091,0.01,0.0
/epuck1/cmd_vel,53.646578523,0.01,0.0
/epuck1/cmd_vel,53.652396392,0.01,0.0
/epuck1/cmd_vel,53.667457611,0.01,0.0
/epuck1/cmd_vel,53.673722178,0.01,0.0
/epuck1/cmd_vel,53.683515126,0.01,0.0
/epuck1/cmd_vel,53.695146164,0.01,0.0
/epuck1/cmd_vel,53.703535519,0.01,0.0
/epuck1/cmd_vel,53.712182573,0.01,0.0
/epuck1/cmd_vel,53.720844227,0.01,0.0
/epuck1/cmd_vel,53.726749095,0.01,0.0
/epuck1/cmd_vel,53.738653332,0.01,0.0
/epuck1/cmd_vel,53.744441201,0.01,0.0
/epuck1/cmd_vel,53.757066832,0.01,0.0
/epuck1/cmd_vel,53.763376598,0.01,0.0
/epuck1/cmd_vel,53.774812035,0.01,0.0
/epuck1/cmd_vel,53.782446093,0.01,0.0
/epuck1/cmd_vel,53.791446144,0.01,0.0
/epuck1/cmd_vel,53.803326079,0.01,0.0
/epuck1/cmd_vel,53.811417834,0.01,0.0
/epuck1/cmd_vel,53.819731589,0.01,0.0
/epuck1/cmd_vel,53.829739934,0.01,0.0
/epuck1/cmd_vel,53.839749479,0.01,0.0
/epuck1/cmd_vel,53.850281621,0.01,0.0
/epuck1/cmd_vel,53.858245777,0.01,0.0
/epuck1/cmd_vel,53.866533632,0.01,0.0
/epuck1/cmd_vel,53.872539599,0.01,0.0
/epuck1/cmd_vel,53.886158324,0.01,0.0
/epuck1/cmd_vel,53.890170002,0.01,0.0
/epuck1/cmd_vel,53.89792366,0.01,0.0
/epuck1/cmd_vel,53.907557907,0.01,0.0
/epuck1/cmd_vel,53.915433963,0.01,0.0
/epuck1/cmd_vel,53.922532724,0.01,0.0
/epuck1/cmd_vel,53.934987756,0.01,0.0
/epuck1/cmd_vel,53.940960823,0.01,0.0
/epuck1/cmd_vel,53.95253466,0.01,0.0
/epuck1/cmd_vel,53.961215812,0.01,0.0
/epuck1/cmd_vel,53.973765443,0.01,0.0
/epuck1/cmd_vel,53.982917493,0.01,0.0
/epuck1/cmd_vel,53.993150037,0.01,0.0
/epuck1/cmd_vel,54.000410497,0.01,0.0
/epuck1/cmd_vel,54.012959628,0.01,0.0
/epuck1/cmd_vel,54.0180803,0.01,0.0
/epuck1/cmd_vel,54.026820552,0.01,0.0
/epuck1/cmd_vel,54.035727503,0.01,0.0
/epuck1/cmd_vel,54.046948542,0.01,0.0
/epuck1/cmd_vel,54.052553211,0.01,0.0
/epuck1/cmd_vel,54.065603739,0.01,0.0
/epuck1/cmd_vel,54.072284803,0.01,0.0
/epuck1/cmd_vel,54.085175232,0.01,0.0
/epuck1/cmd_vel,54.090135305,0.01,0.0
/epuck1/cmd_vel,54.101150944,0.01,0.0
/epuck1/cmd_vel,54.106070717,0.01,0.0
/epuck1/cmd_vel,54.113447877,0.01,0.0
/epuck1/cmd_vel,54.12193953,0.01,0.0
/epuck1/cmd_vel,54.129810387,0.01,0.0
/epuck1/cmd_vel,54.136997848,0.01,0.0
/epuck1/cmd_vel,54.144946504,0.01,0.0
/epuck1/cmd_vel,54.154211153,0.01,0.0
/epuck1/cmd_vel,54.161926711,0.01,0.02336687100000745
/epuck1/cmd_vel,54.166907784,0.01,0.03849818699990237
/epuck1/cmd_vel,54.178025123,0.01,0.07054971299987756
/epuck1/cmd_vel,54.182848896,0.01,0.08535643199991227
/epuck1/cmd_vel,54.193457338,0.01,0.11817535199992335
/epuck1/cmd_vel,54.198704509,0.01,0.13249577099992393
/epuck1/cmd_vel,54.207958458,0.01,0.16019552099999146
/epuck1/cmd_vel,54.217229207,0.01,0.18
/epuck1/cmd_vel,54.226446357,0.01,0.18
/epuck1/cmd_vel,54.236689601,0.01,0.18
/epuck1/cmd_vel,54.246273648,0.01,0.18
/epuck1/cmd_vel,54.250190527,0.01,0.18
/epuck1/cmd_vel,54.262936757,0.01,0.18
/epuck1/cmd_vel,54.268735125,0.01,0.18
/epuck1/cmd_vel,54.28228755,0.01,0.18
/epuck1/cmd_vel,54.289377512,0.01,0.18
/epuck1/cmd_vel,54.297050769,0.01,0.18
/epuck1/cmd_vel,54.305461923,0.01,0.18
/epuck1/cmd_vel,54.314417774,0.01,0.18
/epuck1/cmd_vel,54.320135043,0.01,0.18
/epuck1/cmd_vel,54.333271371,0.01,0.18
/epuck1/cmd_vel,54.339370637,0.01,0.18
/epuck1/cmd_vel,54.350724075,0.01,0.18
/epuck1/cmd_vel,54.357350839,0.01,0.18
/epuck1/cmd_vel,54.364572399,0.01,0.18
/epuck1/cmd_vel,54.373342051,0.01,0.18
/epuck1/cmd_vel,54.381536906,0.01,0.18
/epuck1/cmd_vel,54.386966476,0.01,0.18
/epuck1/cmd_vel,54.39905421,0.01,0.18
/epuck1/cmd_vel,54.402980388,0.01,0.18
/epuck1/cmd_vel,54.414283426,0.01,0.18
/epuck1/cmd_vel,54.421174888,0.01,0.18
/epuck1/cmd_vel,54.428773447,0.01,0.18
/epuck1/cmd_vel,54.437662598,0.01,0.18
/epuck1/cmd_vel,54.445104357,0.01,0.18
/epuck1/cmd_vel,54.451133924,0.01,0.18
/epuck1/cmd_vel,54.462261063,0.01,0.18
/epuck1/cmd_vel,54.469415524,0.01,0.18
/epuck1/cmd_vel,54.480682162,0.01,0.18
/epuck1/cmd_vel,54.486225031,0.01,0.18
/epuck1/cmd_vel,54.497862568,0.01,0.18
/epuck1/cmd_vel,54.502401243,0.01,0.18
/epuck1/cmd_vel,54.5102438,0.01,0.18
/epuck1/cmd_vel,54.520158645,0.01,0.18
/epuck1/cmd_vel,54.528810598,0.01,0.18
/epuck1/cmd_vel,54.53384167,0.01,0.18
/epuck1/cmd_vel,54.5466062,0.01,0.18
/epuck1/cmd_vel,54.553705361,0.01,0.18
/epuck1/cmd_vel,54.565891294,0.01,0.18
/epuck1/cmd_vel,54.572651357,0.01,0.18
/epuck1/cmd_vel,54.583192899,0.01,0.18
/epuck1/cmd_vel,54.588987267,0.01,0.18
/epuck1/cmd_vel,54.596558326,0.01,0.18
/epuck1/cmd_vel,54.605027079,0.01,0.18
/epuck1/cmd_vel,54.614353328,0.01,0.18
/epuck1/cmd_vel,54.621555489,0.01,0.18
/epuck1/cmd_vel,54.633154925,0.01,0.18
/epuck1/cmd_vel,54.640054987,0.01,0.18
/epuck1/cmd_vel,54.651462925,0.01,0.18
/epuck1/cmd_vel,54.658518986,0.01,0.18
/epuck1/cmd_vel,54.670870018,0.01,0.18
/epuck1/cmd_vel,54.677049184,0.01,0.18
/epuck1/cmd_vel,54.688291523,0.01,0.18
/epuck1/cmd_vel,54.695051585,0.01,0.18
/epuck1/cmd_vel,54.708435712,0.01,0.18
/epuck1/cmd_vel,54.718096659,0.01,0.18
/epuck1/cmd_vel,54.727381908,0.01,0.18
/epuck1/cmd_vel,54.736304659,0.01,0.18
/epuck1/cmd_vel,54.746474003,0.01,0.18
/epuck1/cmd_vel,54.758449936,0.01,0.18
/epuck1/cmd_vel,54.766014794,0.01,0.18
/epuck1/cmd_vel,54.771473963,0.01,0.18
/epuck1/cmd_vel,54.782827399,0.01,0.18
/epuck1/cmd_vel,54.789956559,0.01,0.18
/epuck1/cmd_vel,54.802833786,0.01,0.18
/epuck1/cmd_vel,54.807723559,0.01,0.18
/epuck1/cmd_vel,54.817823202,0.01,0.18
/epuck1/cmd_vel,54.825484158,0.01,0.18
/epuck1/cmd_vel,54.833564513,0.01,0.18
/epuck1/cmd_vel,54.843297058,0.01,0.18
/epuck1/cmd_vel,54.852504606,0.01,0.18
/epuck1/cmd_vel,54.858517172,0.01,0.18
/epuck1/cmd_vel,54.873484288,0.01,0.18
/epuck1/cmd_vel,54.881079545,0.01,0.18
/epuck1/cmd_vel,54.891584486,0.01,0.18
/epuck1/cmd_vel,54.896863756,0.01,0.18
/epuck1/cmd_vel,54.909067987,0.01,0.18
/epuck1/cmd_vel,54.914065059,0.01,0.18
/epuck1/cmd_vel,54.921858815,0.01,0.18
/epuck1/cmd_vel,54.932271456,0.01,0.18
/epuck1/cmd_vel,54.941836502,0.01,0.18
/epuck1/cmd_vel,54.951879846,0.01,0.18
/epuck1/cmd_vel,54.961071194,0.01,0.18
/epuck1/cmd_vel,54.967225959,0.01,0.18
/epuck1/cmd_vel,54.980914382,0.01,0.18
/epuck1/cmd_vel,54.986388651,0.01,0.18
/epuck1/cmd_vel,54.998140285,0.01,0.18
/epuck1/cmd_vel,55.005526443,0.01,0.18
/epuck1/cmd_vel,55.016849579,0.01,0.18
/epuck1/cmd_vel,55.024309937,0.01,0.18
/epuck1/cmd_vel,55.031991794,0.01,0.18
/epuck1/cmd_vel,55.041198942,0.01,0.18
/epuck1/cmd_vel,55.051649383,0.01,0.18
/epuck1/cmd_vel,55.054299068,0.01,0.18
/epuck1/cmd_vel,55.066537599,0.01,0.18
/epuck1/cmd_vel,55.071482671,0.01,0.18
/epuck1/cmd_vel,55.084222999,0.01,0.18
/epuck1/cmd_vel,55.087422781,0.01,0.18
/epuck1/cmd_vel,55.098883217,0.01,0.18
/epuck1/cmd_vel,55.106409574,0.01,0.18
/epuck1/cmd_vel,55.116113619,0.01,0.18
/epuck1/cmd_vel,55.126377462,0.01,0.18
/epuck1/cmd_vel,55.134249317,0.01,0.18
/epuck1/cmd_vel,55.139417288,0.01,0.18
/epuck1/cmd_vel,55.152095916,0.01,0.18
/epuck1/cmd_vel,55.156891189,0.01,0.18
/epuck1/cmd_vel,55.165117943,0.01,0.18
/epuck1/cmd_vel,55.174149592,0.01,0.18
/epuck1/cmd_vel,55.185496228,0.01,0.18
/epuck1/cmd_vel,55.19401198,0.01,0.18
/epuck1/cmd_vel,55.201282939,0.01,0.18
/epuck1/cmd_vel,55.207457504,0.01,0.18
/epuck1/cmd_vel,55.219011339,0.01,0.18
/epuck1/cmd_vel,55.224011811,0.01,0.18
/epuck1/cmd_vel,55.23839663,0.01,0.18
/epuck1/cmd_vel,55.244200797,0.01,0.18
/epuck1/cmd_vel,55.256282729,0.01,0.18
/epuck1/cmd_vel,55.2614179,0.01,0.18
/epuck1/cmd_vel,55.271298544,0.01,0.18
/epuck1/cmd_vel,55.28095229,0.01,0.18
/epuck1/cmd_vel,55.290005439,0.01,0.18
/epuck1/cmd_vel,55.299549785,0.01,0.18
/epuck1/cmd_vel,55.307703939,0.01,0.18
/epuck1/cmd_vel,55.314733499,0.01,0.18
/epuck1/cmd_vel,55.328072624,0.01,0.18
/epuck1/cmd_vel,55.33419069,0.01,0.18
/epuck1/cmd_vel,55.348548909,0.01,0.18
/epuck1/cmd_vel,55.351744891,0.01,0.18
/epuck1/cmd_vel,55.364083621,0.01,0.18
/epuck1/cmd_vel,55.369323891,0.01,0.18
/epuck1/cmd_vel,55.381459823,0.01,0.18
/epuck1/cmd_vel,55.390336673,0.01,0.18
/epuck1/cmd_vel,55.39967422,0.01,0.18
/epuck1/cmd_vel,55.408143573,0.01,0.18
/epuck1/cmd_vel,55.417842018,0.01,0.18
/epuck1/cmd_vel,55.424063083,0.01,0.18
/epuck1/cmd_vel,55.437267208,0.01,0.18
/epuck1/cmd_vel,55.444258669,0.01,0.18
/epuck1/cmd_vel,55.455394706,0.01,0.18
/epuck1/cmd_vel,55.461277773,0.01,0.18
/epuck1/cmd_vel,55.475112195,0.01,0.18
/epuck1/cmd_vel,55.48314285,0.01,0.18
/epuck1/cmd_vel,55.491237604,0.01,0.18
/epuck1/cmd_vel,55.501855544,0.01,0.18
/epuck1/cmd_vel,55.510566795,0.01,0.18
/epuck1/cmd_vel,55.519504845,0.01,0.18
/epuck1/cmd_vel,55.526781803,0.01,0.18
/epuck1/cmd_vel,55.53273887,0.01,0.18
/epuck1/cmd_vel,55.545511798,0.01,0.18
/epuck1/cmd_vel,55.553366854,0.01,0.18
/epuck1/cmd_vel,55.565198587,0.01,0.18
/epuck1/cmd_vel,55.568578768,0.01,0.18
/epuck1/cmd_vel,55.577596517,0.01,0.18
/epuck1/cmd_vel,55.590367245,0.01,0.18
/epuck1/cmd_vel,55.599732792,0.01,0.18
/epuck1/cmd_vel,55.604860763,0.01,0.18
/epuck1/cmd_vel,55.617506592,0.01,0.18
/epuck1/cmd_vel,55.624519652,0.01,0.18
/epuck1/cmd_vel,55.632849205,0.01,0.18
/epuck1/cmd_vel,55.638292575,0.01,0.18
/epuck1/cmd_vel,55.647826321,0.01,0.18
/epuck1/cmd_vel,55.656444272,0.01,0.18
/epuck1/cmd_vel,55.665451721,0.01,0.18
/epuck1/cmd_vel,55.674002673,0.01,0.18
/epuck1/cmd_vel,55.682104228,0.01,0.18
/epuck1/cmd_vel,55.687857095,0.01,0.18
/epuck1/cmd_vel,55.701737517,0.01,0.18
/epuck1/cmd_vel,55.705555495,0.01,0.18
/epuck1/cmd_vel,55.71708983,0.01,0.18
/epuck1/cmd_vel,55.723675693,0.01,0.18
/epuck1/cmd_vel,55.733996035,0.01,0.18
/epuck1/cmd_vel,55.742720986,0.01,0.18
/epuck1/cmd_vel,55.751487836,0.01,0.18
/epuck1/cmd_vel,55.760811182,0.01,0.18
/epuck1/cmd_vel,55.772201416,0.01,0.18
/epuck1/cmd_vel,55.777080188,0.01,0.18
/epuck1/cmd_vel,55.79048031,0.01,0.18
/epuck1/cmd_vel,55.796360776,0.01,0.18
/epuck1/cmd_vel,55.808454406,0.01,0.18
/epuck1/cmd_vel,55.814252973,0.01,0.18
/epuck1/cmd_vel,55.827743895,0.01,0.18
/epuck1/cmd_vel,55.835682049,0.01,0.18
/epuck1/cmd_vel,55.853304747,0.01,0.18
/epuck1/cmd_vel,55.85623083,0.01,0.18
/epuck1/cmd_vel,55.86999475,0.01,0.18
/epuck1/cmd_vel,55.878398601,0.01,0.18
/epuck1/cmd_vel,55.88562276,0.01,0.18
/epuck1/cmd_vel,55.893937611,0.01,0.18
/epuck1/cmd_vel,55.905289646,0.01,0.18
/epuck1/cmd_vel,55.912979501,0.01,0.18
/epuck1/cmd_vel,55.920996755,0.01,0.18
/epuck1/cmd_vel,55.928142113,0.01,0.18
/epuck1/cmd_vel,55.939747246,0.01,0.18
/epuck1/cmd_vel,55.945732412,0.01,0.18
/epuck1/cmd_vel,55.956730248,0.01,0.18
/epuck1/cmd_vel,55.962000017,0.01,0.18
/epuck1/cmd_vel,55.97025387,0.01,0.18
/epuck1/cmd_vel,55.978686121,0.01,0.18
/epuck1/cmd_vel,55.988152066,0.01,0.18
/epuck1/cmd_vel,55.99436393,0.01,0.18
/epuck1/cmd_vel,56.00642616,0.01,0.18
/epuck1/cmd_vel,56.013232721,0.01,0.18
/epuck1/cmd_vel,56.024818154,0.01,0.18
/epuck1/cmd_vel,56.030934818,0.01,0.18
/epuck1/cmd_vel,56.04272285,0.01,0.18
/epuck1/cmd_vel,56.048773215,0.01,0.18
/epuck1/cmd_vel,56.056228472,0.01,0.18
/epuck1/cmd_vel,56.064673923,0.01,0.18
/epuck1/cmd_vel,56.071832982,0.01,0.18
/epuck1/cmd_vel,56.077165151,0.01,0.18
/epuck1/cmd_vel,56.093002559,0.01,0.11823636000001897
/epuck1/cmd_vel,56.098275729,0.01,0.10587987899780277
/epuck1/cmd_vel,56.111019155,0.01,0.10587987899780277
/epuck1/cmd_vel,56.117186219,0.01,0.10587987899780277
/epuck1/cmd_vel,56.125198373,0.01,0.10587987899780277
/epuck1/cmd_vel,56.137490601,0.01,0.10587987899780277
/epuck1/cmd_vel,56.147350044,0.01,0.10587987899780277
/epuck1/cmd_vel,56.156355292,0.01,0.10587987899780277
/epuck1/cmd_vel,56.164376146,0.01,0.10587987899780277
/epuck1/cmd_vel,56.169396717,0.01,0.10587987899780277
/epuck1/cmd_vel,56.180251954,0.01,0.10587987899780277
/epuck1/cmd_vel,56.188353107,0.01,0.10587987899780277
/epuck1/cmd_vel,56.199602242,0.01,0.05616976699784576
/epuck1/cmd_vel,56.209570784,0.010395582699999864,0.06617492437362671
/epuck1/cmd_vel,56.212958265,0.010654061250000383,0.06617492437362671
/epuck1/cmd_vel,56.221816713,0.01108518874999959,0.06617492437362671
/epuck1/cmd_vel,56.230450663,0.011532211149998375,0.06617492437362671
/epuck1/cmd_vel,56.235238936,0.0117744947500006,0.06617492437362671
/epuck1/cmd_vel,56.249451153,0.012493530600000326,0.06617492437362671
/epuck1/cmd_vel,56.256229314,0.012823933650000754,0.06617492437362671
/epuck1/cmd_vel,56.268227945,0.013405470300000957,0.06617492437362671
/epuck1/cmd_vel,56.273452314,0.01367494875000034,0.06617492437362671
/epuck1/cmd_vel,56.285672644,0.014270515299998579,0.06617492437362671
/epuck1/cmd_vel,56.291878308,0.014605723349999381,0.06617492437362671
/epuck1/cmd_vel,56.30008856,0.015,0.03402710837349332
/epuck1/cmd_vel,56.308364312,0.015,0.026469968259334564
/epuck1/cmd_vel,56.316462865,0.015,0.026469968259334564
/epuck1/cmd_vel,56.323449425,0.015,0.026469968259334564
/epuck1/cmd_vel,56.33292507,0.015,0.026469968259334564
/epuck1/cmd_vel,56.339565632,0.015,0.026469968259334564
/epuck1/cmd_vel,56.351169164,0.015,0.026469968259334564
/epuck1/cmd_vel,56.35712733,0.015,0.026469968259334564
/epuck1/cmd_vel,56.369460259,0.015,0.026469968259334564
/epuck1/cmd_vel,56.376246619,0.015,0.026469968259334564
/epuck1/cmd_vel,56.386268961,0.015,0.026469968259334564
/epuck1/cmd_vel,56.396233004,0.015,0.00882332306355238
/epuck1/cmd_vel,56.404549455,0.015,0.00882332306355238
/epuck1/cmd_vel,56.410033424,0.015,0.00882332306355238
/epuck1/cmd_vel,56.423307747,0.015,0.00882332306355238
/epuck1/cmd_vel,56.429873009,0.015,0.00882332306355238
/epuck1/cmd_vel,56.442803934,0.015,0.00882332306355238
/epuck1/cmd_vel,56.447854305,0.015,0.00882332306355238
/epuck1/cmd_vel,56.45911284,0.015,0.00882332306355238
/epuck1/cmd_vel,56.465115905,0.015,0.00882332306355238
/epuck1/cmd_vel,56.473285757,0.015,0.00882332306355238
/epuck1/cmd_vel,56.484089995,0.015,0.00882332306355238
/epuck1/cmd_vel,56.494078237,0.015,0.00882332306355238
/epuck1/cmd_vel,56.50575527,0.015,0.002205830765888095
/epuck1/cmd_vel,56.515166615,0.015,0.002205830765888095
/epuck1/cmd_vel,56.52469506,0.015,0.002205830765888095
/epuck1/cmd_vel,56.534014206,0.015,0.002205830765888095
/epuck1/cmd_vel,56.542107459,0.015,0.002205830765888095
/epuck1/cmd_vel,56.551902302,0.015,0.002205830765888095
/epuck1/cmd_vel,56.559890856,0.015,0.002205830765888095
/epuck1/cmd_vel,56.571088291,0.015,0.002205830765888095
/epuck1/cmd_vel,56.578333249,0.015,0.002205830765888095
/epuck1/cmd_vel,56.589535285,0.015,0.002205830765888095
/epuck1/cmd_vel,56.595706349,0.015,0.002205830765888095
/epuck1/cmd_vel,56.604880396,0.015,8.444633881055097e-15
/epuck1/cmd_vel,56.614207642,0.015,8.444633881055097e-15
/epuck1/cmd_vel,56.622237595,0.015,8.444633881055097e-15
/epuck1/cmd_vel,56.628913057,0.015,8.444633881055097e-15
/epuck1/cmd_vel,56.64385607,0.015,8.444633881055097e-15
/epuck1/cmd_vel,56.648318244,0.015,8.444633881055097e-15
/epuck1/cmd_vel,56.657394092,0.015,8.444633881055097e-15
/epuck1/cmd_vel,56.664706449,0.015,8.444633881055097e-15
/epuck1/cmd_vel,56.672159006,0.015,8.444633881055097e-15
/epuck1/cmd_vel,56.683015143,0.015,8.444633881055097e-15
/epuck1/cmd_vel,56.694449177,0.015,8.444633881055097e-15
/epuck1/cmd_vel,56.706927505,0.015,0.002205830765888095
/epuck1/cmd_vel,56.715236657,0.015,0.002205830765888095
/epuck1/cmd_vel,56.722848413,0.015,0.002205830765888095
/epuck1/cmd_vel,56.731387963,0.015,0.002205830765888095
/epuck1/cmd_vel,56.737518728,0.015,0.002205830765888095
/epuck1/cmd_vel,56.748371465,0.015,0.002205830765888095
/epuck1/cmd_vel,56.75432293,0.015,0.002205830765888095
/epuck1/cmd_vel,56.762168383,0.015,0.002205830765888095
/epuck1/cmd_vel,56.771828526,0.015,0.002205830765888095
/epuck1/cmd_vel,56.779258082,0.015,0.002205830765888095
/epuck1/cmd_vel,56.783501057,0.015,0.002205830765888095
/epuck1/cmd_vel,56.795819984,0.015,0.002205830765888095
/epuck1/cmd_vel,56.800912653,0.015,0.002205830765888095
/epuck1/cmd_vel,56.814777771,0.015,8.444633881055097e-15
/epuck1/cmd_vel,56.820797635,0.015,8.444633881055097e-15
/epuck1/cmd_vel,56.831411872,0.015,8.444633881055097e-15
/epuck1/cmd_vel,56.836508742,0.015,8.444633881055097e-15
/epuck1/cmd_vel,56.845123691,0.015,8.444633881055097e-15
/epuck1/cmd_vel,56.85368654,0.015,8.444633881055097e-15
/epuck1/cmd_vel,56.861987091,0.015,8.444633881055097e-15
/epuck1/cmd_vel,56.867864756,0.015,8.444633881055097e-15
/epuck1/cmd_vel,56.878592892,0.015,8.444633881055097e-15
/epuck1/cmd_vel,56.884234059,0.015,8.444633881055097e-15
/epuck1/cmd_vel,56.896531286,0.015,8.444633881055097e-15
/epuck1/cmd_vel,56.903579044,0.015,8.444633881055097e-15
/epuck1/cmd_vel,56.912043194,0.015,8.444633881055097e-15
/epuck1/cmd_vel,56.923826724,0.015,8.444633881055097e-15
/epuck1/cmd_vel,56.93954903,0.015,8.444633881055097e-15
/epuck1/cmd_vel,56.947792681,0.015,8.444633881055097e-15
/epuck1/cmd_vel,56.963836386,0.015,8.444633881055097e-15
/epuck1/cmd_vel,56.971841139,0.015,8.444633881055097e-15
/epuck1/cmd_vel,56.986499552,0.015,8.444633881055097e-15
/epuck1/cmd_vel,56.993210412,0.015,8.444633881055097e-15
/epuck1/cmd_vel,57.006688632,0.015,8.444633881055097e-15
/epuck1/cmd_vel,57.013618011,0.015,8.444633881055097e-15
/epuck1/cmd_vel,57.021804007,0.015,8.444633881055097e-15
/epuck1/cmd_vel,57.031052615,0.015,8.444633881055097e-15
/epuck1/cmd_vel,57.039527814,0.015,8.444633881055097e-15
/epuck1/cmd_vel,57.048070014,0.015,8.444633881055097e-15
/epuck1/cmd_vel,57.057199521,0.015,8.444633881055097e-15
/epuck1/cmd_vel,57.065300516,0.015,8.444633881055097e-15
/epuck1/cmd_vel,57.078112866,0.015,8.444633881055097e-15
/epuck1/cmd_vel,57.085974258,0.015,8.444633881055097e-15
/epuck1/cmd_vel,57.097012887,0.015,8.444633881055097e-15
/epuck1/cmd_vel,57.102891556,0.015,8.444633881055097e-15
/epuck1/cmd_vel,57.11694722,0.015,8.444633881055097e-15
/epuck1/cmd_vel,57.124182205,0.015,8.444633881055097e-15
/epuck1/cmd_vel,57.138609873,0.015,8.444633881055097e-15
/epuck1/cmd_vel,57.142378818,0.015,8.444633881055097e-15
/epuck1/cmd_vel,57.155061666,0.015,8.444633881055097e-15
/epuck1/cmd_vel,57.159804521,0.015,8.444633881055097e-15
/epuck1/cmd_vel,57.167934117,0.015,8.444633881055097e-15
/epuck1/cmd_vel,57.174154989,0.015,8.444633881055097e-15
/epuck1/cmd_vel,57.18785225,0.015,8.444633881055097e-15
/epuck1/cmd_vel,57.195388838,0.015,8.444633881055097e-15
/epuck1/cmd_vel,57.205609157,0.015,8.444633881055097e-15
/epuck1/cmd_vel,57.213108145,0.015,8.444633881055097e-15
/epuck1/cmd_vel,57.226612003,0.015,-0.002205830765888095
/epuck1/cmd_vel,57.233693486,0.015,-0.002205830765888095
/epuck1/cmd_vel,57.245845028,0.015,-0.002205830765888095
/epuck1/cmd_vel,57.251190091,0.015,-0.002205830765888095
/epuck1/cmd_vel,57.260685202,0.015,-0.002205830765888095
/epuck1/cmd_vel,57.269203501,0.015,-0.002205830765888095
/epuck1/cmd_vel,57.282311655,0.015,-0.002205830765888095
/epuck1/cmd_vel,57.291557463,0.015,-0.002205830765888095
/epuck1/cmd_vel,57.304854319,0.015,-0.002205830765888095
/epuck1/cmd_vel,57.314814235,0.015,-0.002205830765888095
/epuck1/cmd_vel,57.324265546,0.015,8.444633881055097e-15
/epuck1/cmd_vel,57.332667944,0.015,8.444633881055097e-15
/epuck1/cmd_vel,57.34176975,0.015,8.444633881055097e-15
/epuck1/cmd_vel,57.347540818,0.015,8.444633881055097e-15
/epuck1/cmd_vel,57.357190831,0.015,8.444633881055097e-15
/epuck1/cmd_vel,57.362375492,0.015,8.444633881055097e-15
/epuck1/cmd_vel,57.373213218,0.015,8.444633881055097e-15
/epuck1/cmd_vel,57.379726495,0.015,8.444633881055097e-15
/epuck1/cmd_vel,57.389002203,0.015,8.444633881055097e-15
/epuck1/cmd_vel,57.399727329,0.015,8.444633881055097e-15
/epuck1/cmd_vel,57.407080615,0.015,8.444633881055097e-15
/epuck1/cmd_vel,57.416687827,0.015,8.444633881055097e-15
/epuck1/cmd_vel,57.425092525,0.015,8.444633881055097e-15
/epuck1/cmd_vel,57.431179897,0.015,8.444633881055097e-15
/epuck1/cmd_vel,57.441828721,0.015,8.444633881055097e-15
/epuck1/cmd_vel,57.448111195,0.015,8.444633881055097e-15
/epuck1/cmd_vel,57.455630083,0.015,8.444633881055097e-15
/epuck1/cmd_vel,57.463772078,0.015,8.444633881055097e-15
/epuck1/cmd_vel,57.472362478,0.015,8.444633881055097e-15
/epuck1/cmd_vel,57.478551651,0.015,8.444633881055097e-15
/epuck1/cmd_vel,57.489341377,0.015,8.444633881055097e-15
/epuck1/cmd_vel,57.496170257,0.015,8.444633881055097e-15
/epuck1/cmd_vel,57.511622938,0.015,8.444633881055097e-15
/epuck1/cmd_vel,57.514494371,0.015,8.444633881055097e-15
/epuck1/cmd_vel,57.523970782,0.015,8.444633881055097e-15
/epuck1/cmd_vel,57.531392269,0.015,8.444633881055097e-15
/epuck1/cmd_vel,57.540124871,0.015,8.444633881055097e-15
/epuck1/cmd_vel,57.54596644,0.015,8.444633881055097e-15
/epuck1/cmd_vel,57.558712089,0.015,8.444633881055097e-15
/epuck1/cmd_vel,57.564861461,0.015,8.444633881055097e-15
/epuck1/cmd_vel,57.576852701,0.015,8.444633881055097e-15
/epuck1/cmd_vel,57.583897083,0.015,8.444633881055097e-15
/epuck1/cmd_vel,57.596893535,0.015,8.444633881055097e-15
/epuck1/cmd_vel,57.604466824,0.015,8.444633881055097e-15
/epuck1/cmd_vel,57.616652067,0.015,8.444633881055097e-15
/epuck1/cmd_vel,57.62461826,0.015,8.444633881055097e-15
/epuck1/cmd_vel,57.632907657,0.015,8.444633881055097e-15
/epuck1/cmd_vel,57.642023963,0.015,8.444633881055097e-15
/epuck1/cmd_vel,57.65110537,0.015,8.444633881055097e-15
/epuck1/cmd_vel,57.659820872,0.015,8.444633881055097e-15
/epuck1/cmd_vel,57.666807853,0.015,8.444633881055097e-15
/epuck1/cmd_vel,57.672933925,0.015,8.444633881055097e-15
/epuck1/cmd_vel,57.685158968,0.015,8.444633881055097e-15
/epuck1/cmd_vel,57.693152762,0.015,8.444633881055097e-15
/epuck1/cmd_vel,57.703005377,0.015,8.444633881055097e-15
/epuck1/cmd_vel,57.708147637,0.015,8.444633881055097e-15
/epuck1/cmd_vel,57.723423716,0.015,8.444633881055097e-15
/epuck1/cmd_vel,57.729829991,0.015,8.444633881055097e-15
/epuck1/cmd_vel,57.740267713,0.015,8.444633881055097e-15
/epuck1/cmd_vel,57.75111094,0.015,8.444633881055097e-15
/epuck1/cmd_vel,57.761271357,0.015,8.444633881055097e-15
/epuck1/cmd_vel,57.770658366,0.015,8.444633881055097e-15
/epuck1/cmd_vel,57.779327566,0.015,8.444633881055097e-15
/epuck1/cmd_vel,57.785243734,0.015,8.444633881055097e-15
/epuck1/cmd_vel,57.798842691,0.015,8.444633881055097e-15
/epuck1/cmd_vel,57.804345455,0.015,8.444633881055097e-15
/epuck1/cmd_vel,57.817383905,0.015,8.444633881055097e-15
/epuck1/cmd_vel,57.822792168,0.015,8.444633881055097e-15
/epuck1/cmd_vel,57.830208854,0.015,8.444633881055097e-15
/epuck1/cmd_vel,57.838436149,0.015,8.444633881055097e-15
/epuck1/cmd_vel,57.848538565,0.015,8.444633881055097e-15
/epuck1/cmd_vel,57.852990217,0.015,8.444633881055097e-15
/epuck1/cmd_vel,57.863996544,0.015,8.444633881055097e-15
/epuck1/cmd_vel,57.869466407,0.015,8.444633881055097e-15
/epuck1/cmd_vel,57.882276855,0.015,8.444633881055097e-15
/epuck1/cmd_vel,57.889025633,0.015,8.444633881055097e-15
/epuck1/cmd_vel,57.898959848,0.015,8.444633881055097e-15
/epuck1/cmd_vel,57.907849851,0.015,8.444633881055097e-15
/epuck1/cmd_vel,57.915434238,0.015,8.444633881055097e-15
/epuck1/cmd_vel,57.921729411,0.015,8.444633881055097e-15
/epuck1/cmd_vel,57.933293745,0.015,8.444633881055097e-15
/epuck1/cmd_vel,57.9380913,0.015,8.444633881055097e-15
/epuck1/cmd_vel,57.94935943,0.015,8.444633881055097e-15
/epuck1/cmd_vel,57.955511801,0.015,8.444633881055097e-15
/epuck1/cmd_vel,57.964747808,0.015,8.444633881055097e-15
/epuck1/cmd_vel,57.972447697,0.015,8.444633881055097e-15
/epuck1/cmd_vel,57.979873083,0.015,8.444633881055097e-15
/epuck1/cmd_vel,57.987059366,0.015,8.444633881055097e-15
/epuck1/cmd_vel,57.995964969,0.015,8.444633881055097e-15
/epuck1/cmd_vel,58.002501044,0.015,8.444633881055097e-15
/epuck1/cmd_vel,58.013212368,0.015,8.444633881055097e-15
/epuck1/cmd_vel,58.017985823,0.015,8.444633881055097e-15
/epuck1/cmd_vel,58.026070017,0.015,8.444633881055097e-15
/epuck1/cmd_vel,58.03416491,0.015,8.444633881055097e-15
/epuck1/cmd_vel,58.043192415,0.015,8.444633881055097e-15
/epuck1/cmd_vel,58.050475699,0.015,8.444633881055097e-15
/epuck1/cmd_vel,58.063062544,0.015,8.444633881055097e-15
/epuck1/cmd_vel,58.070242527,0.015,8.444633881055097e-15
/epuck1/cmd_vel,58.083291578,0.015,8.444633881055097e-15
/epuck1/cmd_vel,58.089659652,0.015,8.444633881055097e-15
/epuck1/cmd_vel,58.10161049,0.015,8.444633881055097e-15
/epuck1/cmd_vel,58.109129277,0.015,8.444633881055097e-15
/epuck1/cmd_vel,58.116123157,0.015,8.444633881055097e-15
/epuck1/cmd_vel,58.126299875,0.015,8.444633881055097e-15
/epuck1/cmd_vel,58.137355103,0.015,8.444633881055097e-15
/epuck1/cmd_vel,58.144224282,0.015,8.444633881055097e-15
/epuck1/cmd_vel,58.153886794,0.015,8.444633881055097e-15
/epuck1/cmd_vel,58.159418958,0.015,8.444633881055097e-15
/epuck1/cmd_vel,58.17086099,0.015,8.444633881055097e-15
/epuck1/cmd_vel,58.176452054,0.015,8.444633881055097e-15
/epuck1/cmd_vel,58.187399781,0.015,8.444633881055097e-15
/epuck1/cmd_vel,58.192234937,0.015,8.444633881055097e-15
/epuck1/cmd_vel,58.202309453,0.015,8.444633881055097e-15
/epuck1/cmd_vel,58.211168856,0.015,8.444633881055097e-15
/epuck1/cmd_vel,58.220402262,0.015,8.444633881055097e-15
/epuck1/cmd_vel,58.225324819,0.015,8.444633881055097e-15
/epuck1/cmd_vel,58.236928053,0.015,8.444633881055097e-15
/epuck1/cmd_vel,58.244827744,0.015,8.444633881055097e-15
/epuck1/cmd_vel,58.254746459,0.015,8.444633881055097e-15
/epuck1/cmd_vel,58.261035132,0.015,8.444633881055097e-15
/epuck1/cmd_vel,58.274290285,0.015,8.444633881055097e-15
/epuck1/cmd_vel,58.281779971,0.015,8.444633881055097e-15
/epuck1/cmd_vel,58.290557773,0.015,8.444633881055097e-15
/epuck1/cmd_vel,58.300351886,0.015,8.444633881055097e-15
/epuck1/cmd_vel,58.308327778,0.015,8.444633881055097e-15
/epuck1/cmd_vel,58.315149857,0.015,8.444633881055097e-15
/epuck1/cmd_vel,58.326945393,0.015,8.444633881055097e-15
/epuck1/cmd_vel,58.330539135,0.015,8.444633881055097e-15
/epuck1/cmd_vel,58.345064703,0.015,8.444633881055097e-15
/epuck1/cmd_vel,58.352906693,0.015,8.444633881055097e-15
/epuck1/cmd_vel,58.364345425,0.015,8.444633881055097e-15
/epuck1/cmd_vel,58.368928878,0.015,8.444633881055097e-15
/epuck1/cmd_vel,58.384496658,0.015,8.444633881055097e-15
/epuck1/cmd_vel,58.390910432,0.015,8.444633881055097e-15
/epuck1/cmd_vel,58.401530155,0.015,8.444633881055097e-15
/epuck1/cmd_vel,58.410166255,0.015,8.444633881055097e-15
/epuck1/cmd_vel,58.419474562,0.015,8.444633881055097e-15
/epuck1/cmd_vel,58.428497967,0.015,8.444633881055097e-15
/epuck1/cmd_vel,58.438956888,0.015,8.444633881055097e-15
/epuck1/cmd_vel,58.449898314,0.015,8.444633881055097e-15
/epuck1/cmd_vel,58.457004296,0.015,8.444633881055097e-15
/epuck1/cmd_vel,58.462482259,0.015,8.444633881055097e-15
/epuck1/cmd_vel,58.474529999,0.015,8.444633881055097e-15
/epuck1/cmd_vel,58.480394966,0.015,8.444633881055097e-15
/epuck1/cmd_vel,58.492732609,0.015,8.444633881055097e-15
/epuck1/cmd_vel,58.499592188,0.015,8.444633881055097e-15
/epuck1/cmd_vel,58.5092706,0.015,8.444633881055097e-15
/epuck1/cmd_vel,58.518654008,0.015,8.444633881055097e-15
/epuck1/cmd_vel,58.526928404,0.015,8.444633881055097e-15
/epuck1/cmd_vel,58.532975474,0.015,8.444633881055097e-15
/epuck1/cmd_vel,58.545242116,0.015,8.444633881055097e-15
/epuck1/cmd_vel,58.550669778,0.015,8.444633881055097e-15
/epuck1/cmd_vel,58.562735918,0.015,8.444633881055097e-15
/epuck1/cmd_vel,58.56722537,0.015,8.444633881055097e-15
/epuck1/cmd_vel,58.573999448,0.015,8.444633881055097e-15
/epuck1/cmd_vel,58.582687448,0.015,8.444633881055097e-15
/epuck1/cmd_vel,58.592111657,0.015,8.444633881055097e-15
/epuck1/cmd_vel,58.597017114,0.015,8.444633881055097e-15
/epuck1/cmd_vel,58.609740661,0.015,8.444633881055097e-15
/epuck1/cmd_vel,58.61484532,0.015,8.444633881055097e-15
/epuck1/cmd_vel,58.626182051,0.015,8.444633881055097e-15
/epuck1/cmd_vel,58.63305413,0.015,8.444633881055097e-15
/epuck1/cmd_vel,58.645044769,0.015,8.444633881055097e-15
/epuck1/cmd_vel,58.651833147,0.015,8.444633881055097e-15
/epuck1/cmd_vel,58.66154536,0.015,8.444633881055097e-15
/epuck1/cmd_vel,58.670380062,0.015,8.444633881055097e-15
/epuck1/cmd_vel,58.67892166,0.015,8.444633881055097e-15
/epuck1/cmd_vel,58.688959176,0.015,8.444633881055097e-15
/epuck1/cmd_vel,58.700879714,0.015,8.444633881055097e-15
/epuck1/cmd_vel,58.708878807,0.015,8.444633881055097e-15
/epuck1/cmd_vel,58.718061913,0.015,8.444633881055097e-15
/epuck1/cmd_vel,58.723555576,0.015,8.444633881055097e-15
/epuck1/cmd_vel,58.736329024,0.015,8.444633881055097e-15
/epuck1/cmd_vel,58.739948866,0.015,8.444633881055097e-15
/epuck1/cmd_vel,58.752156506,0.015,8.444633881055097e-15
/epuck1/cmd_vel,58.75771977,0.015,8.444633881055097e-15
/epuck1/cmd_vel,58.766056365,0.015,8.444633881055097e-15
/epuck1/cmd_vel,58.774270559,0.015,8.444633881055097e-15
/epuck1/cmd_vel,58.78405987,0.015,8.444633881055097e-15
/epuck1/cmd_vel,58.790263641,0.015,8.444633881055097e-15
/epuck1/cmd_vel,58.803403591,0.015,8.444633881055097e-15
/epuck1/cmd_vel,58.81115828,0.015,8.444633881055097e-15
/epuck1/cmd_vel,58.819848479,0.015,8.444633881055097e-15
/epuck1/cmd_vel,58.829767092,0.015,8.444633881055097e-15
/epuck1/cmd_vel,58.840188411,0.015,8.444633881055097e-15
/epuck1/cmd_vel,58.843936554,0.015,8.444633881055097e-15
/epuck1/cmd_vel,58.851867544,0.015,8.444633881055097e-15
/epuck1/cmd_vel,58.862209462,0.015,8.444633881055097e-15
/epuck1/cmd_vel,58.86988815,0.015,8.444633881055097e-15
/epuck1/cmd_vel,58.875418513,0.015,8.444633881055097e-15
/epuck1/cmd_vel,58.889031368,0.015,8.444633881055097e-15
/epuck1/cmd_vel,58.895766045,0.015,8.444633881055097e-15
/epuck1/cmd_vel,58.910403012,0.015,8.444633881055097e-15
/epuck1/cmd_vel,58.915152366,0.015,8.444633881055097e-15
/epuck1/cmd_vel,58.927486207,0.015,8.444633881055097e-15
/epuck1/cmd_vel,58.932700867,0.015,8.444633881055097e-15
/epuck1/cmd_vel,58.944081297,0.015,8.444633881055097e-15
/epuck1/cmd_vel,58.955315125,0.015,8.444633881055097e-15
/epuck1/cmd_vel,58.961328193,0.015,8.444633881055097e-15
/epuck1/cmd_vel,58.970119494,0.015,8.444633881055097e-15
/epuck1/cmd_vel,58.978500789,0.015,8.444633881055097e-15
/epuck1/cmd_vel,58.984113953,0.015,8.444633881055097e-15
/epuck1/cmd_vel,58.996846999,0.015,8.444633881055097e-15
/epuck1/cmd_vel,59.003509175,0.015,8.444633881055097e-15
/epuck1/cmd_vel,59.017403633,0.015,8.444633881055097e-15
/epuck1/cmd_vel,59.022451891,0.015,8.444633881055097e-15
/epuck1/cmd_vel,59.035934645,0.015,8.444633881055097e-15
/epuck1/cmd_vel,59.042247517,0.015,8.444633881055097e-15
/epuck1/cmd_vel,59.054408956,0.015,8.444633881055097e-15
/epuck1/cmd_vel,59.060417624,0.015,8.444633881055097e-15
/epuck1/cmd_vel,59.068883021,0.015,8.444633881055097e-15
/epuck1/cmd_vel,59.077956324,0.015,8.444633881055097e-15
/epuck1/cmd_vel,59.087595734,0.015,8.444633881055097e-15
/epuck1/cmd_vel,59.0933122,0.015,8.444633881055097e-15
/epuck1/cmd_vel,59.105433438,0.015,8.444633881055097e-15
/epuck1/cmd_vel,59.11347893,0.015,8.444633881055097e-15
/epuck1/cmd_vel,59.123695646,0.015,8.444633881055097e-15
/epuck1/cmd_vel,59.129435112,0.015,8.444633881055097e-15
/epuck1/cmd_vel,59.143139768,0.015,8.444633881055097e-15
/epuck1/cmd_vel,59.148071225,0.015,8.444633881055097e-15
/epuck1/cmd_vel,59.157749135,0.015,8.444633881055097e-15
/epuck1/cmd_vel,59.165276321,0.015,8.444633881055097e-15
/epuck1/cmd_vel,59.173860419,0.015,8.444633881055097e-15
/epuck1/cmd_vel,59.179672185,0.015,8.444633881055097e-15
/epuck1/cmd_vel,59.192182828,0.015,8.444633881055097e-15
/epuck1/cmd_vel,59.198189296,0.015,8.444633881055097e-15
/epuck1/cmd_vel,59.210501437,0.015,8.444633881055097e-15
/epuck1/cmd_vel,59.219308938,0.015,8.444633881055097e-15
/epuck1/cmd_vel,59.228383641,0.015,8.444633881055097e-15
/epuck1/cmd_vel,59.23531442,0.015,8.444633881055097e-15
/epuck1/cmd_vel,59.242425101,0.015,8.444633881055097e-15
/epuck1/cmd_vel,59.252078911,0.015,8.444633881055097e-15
/epuck1/cmd_vel,59.263525642,0.015,8.444633881055097e-15
/epuck1/cmd_vel,59.272053139,0.015,8.444633881055097e-15
/epuck1/cmd_vel,59.28174335,0.015,8.444633881055097e-15
/epuck1/cmd_vel,59.291281459,0.015,8.444633881055097e-15
/epuck1/cmd_vel,59.299520553,0.015,8.444633881055097e-15
/epuck1/cmd_vel,59.305707223,0.015,8.444633881055097e-15
/epuck1/cmd_vel,59.315460235,0.015,8.444633881055097e-15
/epuck1/cmd_vel,59.32201681,0.015,8.444633881055097e-15
/epuck1/cmd_vel,59.333692743,0.015,8.444633881055097e-15
/epuck1/cmd_vel,59.339064604,0.015,8.444633881055097e-15
/epuck1/cmd_vel,59.349042818,0.015,8.444633881055097e-15
/epuck1/cmd_vel,59.358073421,0.015,8.444633881055097e-15
/epuck1/cmd_vel,59.366932722,0.015,8.444633881055097e-15
/epuck1/cmd_vel,59.374859313,0.015,8.444633881055097e-15
/epuck1/cmd_vel,59.38515113,0.015,8.444633881055097e-15
/epuck1/cmd_vel,59.389717082,0.015,8.444633881055097e-15
/epuck1/cmd_vel,59.402329826,0.015,8.444633881055097e-15
/epuck1/cmd_vel,59.409136604,0.015,8.444633881055097e-15
/epuck1/cmd_vel,59.423188464,0.015,8.444633881055097e-15
/epuck1/cmd_vel,59.428842229,0.015,8.444633881055097e-15
/epuck1/cmd_vel,59.440998167,0.015,8.444633881055097e-15
/epuck1/cmd_vel,59.446020225,0.015,8.444633881055097e-15
/epuck1/cmd_vel,59.459152975,0.015,8.444633881055097e-15
/epuck1/cmd_vel,59.467152666,0.015,8.444633881055097e-15
/epuck1/cmd_vel,59.472314325,0.015,8.444633881055097e-15
/epuck1/cmd_vel,59.482233138,0.015,8.444633881055097e-15
/epuck1/cmd_vel,59.490147928,0.015,8.444633881055097e-15
/epuck1/cmd_vel,59.497067707,0.015,8.444633881055097e-15
/epuck1/cmd_vel,59.509703651,0.015,8.444633881055097e-15
/epuck1/cmd_vel,59.517947746,0.015,8.444633881055097e-15
/epuck1/cmd_vel,59.529278375,0.015,8.444633881055097e-15
/epuck1/cmd_vel,59.534848738,0.015,8.444633881055097e-15
/epuck1/cmd_vel,59.54286533,0.015,8.444633881055097e-15
/epuck1/cmd_vel,59.55249304,0.015,8.444633881055097e-15
/epuck1/cmd_vel,59.55952112,0.015,8.444633881055097e-15
/epuck1/cmd_vel,59.566655501,0.015,8.444633881055097e-15
/epuck1/cmd_vel,59.576883118,0.015,8.444633881055097e-15
/epuck1/cmd_vel,59.582083477,0.015,8.444633881055097e-15
/epuck1/cmd_vel,59.593648409,0.015,8.444633881055097e-15
/epuck1/cmd_vel,59.599709479,0.015,8.444633881055097e-15
/epuck1/cmd_vel,59.608331577,0.015,8.444633881055097e-15
/epuck1/cmd_vel,59.61739718,0.015,8.444633881055097e-15
/epuck1/cmd_vel,59.624953267,0.015,8.444633881055097e-15
/epuck1/cmd_vel,59.631085437,0.015,8.444633881055097e-15
/epuck1/cmd_vel,59.641589457,0.015,8.444633881055097e-15
/epuck1/cmd_vel,59.648369334,0.015,8.444633881055097e-15
/epuck1/cmd_vel,59.660346671,0.015,8.444633881055097e-15
/epuck1/cmd_vel,59.665626131,0.015,8.444633881055097e-15
/epuck1/cmd_vel,59.67866688,0.015,8.444633881055097e-15
/epuck1/cmd_vel,59.68399424,0.015,8.444633881055097e-15
/epuck1/cmd_vel,59.694675562,0.015,8.444633881055097e-15
/epuck1/cmd_vel,59.705042581,0.015,8.444633881055097e-15
/epuck1/cmd_vel,59.71725332,0.015,8.444633881055097e-15
/epuck1/cmd_vel,59.724146699,0.015,8.444633881055097e-15
/epuck1/cmd_vel,59.732933199,0.015,8.444633881055097e-15
/epuck1/cmd_vel,59.738732865,0.015,8.444633881055097e-15
/epuck1/cmd_vel,59.7505057,0.015,8.444633881055097e-15
/epuck1/cmd_vel,59.75408874,0.015,8.444633881055097e-15
/epuck1/cmd_vel,59.766696082,0.015,8.444633881055097e-15
/epuck1/cmd_vel,59.773001453,0.015,8.444633881055097e-15
/epuck1/cmd_vel,59.783587872,0.015,8.444633881055097e-15
/epuck1/cmd_vel,59.791168958,0.015,8.444633881055097e-15
/epuck1/cmd_vel,59.799902156,0.015,8.444633881055097e-15
/epuck1/cmd_vel,59.80908176,0.015,8.444633881055097e-15
/epuck1/cmd_vel,59.817494855,0.015,8.444633881055097e-15
/epuck1/cmd_vel,59.822658613,0.015,8.444633881055097e-15
/epuck1/cmd_vel,59.834902851,0.015,8.444633881055097e-15
/epuck1/cmd_vel,59.841310723,0.015,8.444633881055097e-15
/epuck1/cmd_vel,59.852651951,0.015,8.444633881055097e-15
/epuck1/cmd_vel,59.858839321,0.015,8.444633881055097e-15
/epuck1/cmd_vel,59.867965423,0.015,8.444633881055097e-15
/epuck1/cmd_vel,59.876169016,0.015,8.444633881055097e-15
/epuck1/cmd_vel,59.886033327,0.015,8.444633881055097e-15
/epuck1/cmd_vel,59.896813249,0.015,8.444633881055097e-15
/epuck1/cmd_vel,59.905024541,0.015,8.444633881055097e-15
/epuck1/cmd_vel,59.909579293,0.015,8.444633881055097e-15
/epuck1/cmd_vel,59.922077233,0.015,8.444633881055097e-15
/epuck1/cmd_vel,59.929912822,0.015,8.444633881055097e-15
/epuck1/cmd_vel,59.941144948,0.015,8.444633881055097e-15
/epuck1/cmd_vel,59.946489009,0.015,8.444633881055097e-15
/epuck1/cmd_vel,59.959191052,0.015,8.444633881055097e-15
/epuck1/cmd_vel,59.965831427,0.015,8.444633881055097e-15
/epuck1/cmd_vel,59.974808428,0.015,8.444633881055097e-15
/epuck1/cmd_vel,59.984019932,0.015,8.444633881055097e-15
/epuck1/cmd_vel,59.991737619,0.015,8.444633881055097e-15
/epuck1/cmd_vel,59.997280981,0.015,8.444633881055097e-15
/epuck1/cmd_vel,60.010935035,0.015,8.444633881055097e-15
/epuck1/cmd_vel,60.016874102,0.015,8.444633881055097e-15
/epuck1/cmd_vel,60.02822283,0.015,8.444633881055097e-15
/epuck1/cmd_vel,60.034935005,0.015,8.444633881055097e-15
/epuck1/cmd_vel,60.046250133,0.015,8.444633881055097e-15
/epuck1/cmd_vel,60.052425903,0.015,8.444633881055097e-15
/epuck1/cmd_vel,60.061465043,0.015,8.444633881055097e-15
/epuck1/cmd_vel,60.0712056,0.015,8.444633881055097e-15
/epuck1/cmd_vel,60.07791897,0.015,8.444633881055097e-15
/epuck1/cmd_vel,60.083885044,0.015,8.444633881055097e-15
/epuck1/cmd_vel,60.095594292,0.015,8.444633881055097e-15
/epuck1/cmd_vel,60.102053263,0.015,8.444633881055097e-15
/epuck1/cmd_vel,60.112695816,0.015,8.444633881055097e-15
/epuck1/cmd_vel,60.11854459,0.015,8.444633881055097e-15
/epuck1/cmd_vel,60.132956626,0.015,8.444633881055097e-15
/epuck1/cmd_vel,60.137665505,0.015,8.444633881055097e-15
/epuck1/cmd_vel,60.146840865,0.015,8.444633881055097e-15
/epuck1/cmd_vel,60.155707525,0.015,8.444633881055097e-15
/epuck1/cmd_vel,60.163822489,0.015,8.444633881055097e-15
/epuck1/cmd_vel,60.169452865,0.015,8.444633881055097e-15
/epuck1/cmd_vel,60.181215912,0.015,8.444633881055097e-15
/epuck1/cmd_vel,60.187192286,0.015,8.444633881055097e-15
/epuck1/cmd_vel,60.198836334,0.015,8.444633881055097e-15
/epuck1/cmd_vel,60.205934903,0.015,8.444633881055097e-15
/epuck1/cmd_vel,60.216995054,0.015,8.444633881055097e-15
/epuck1/cmd_vel,60.224489021,0.015,8.444633881055097e-15
/epuck1/cmd_vel,60.233524281,0.015,8.444633881055097e-15
/epuck1/cmd_vel,60.242887239,0.015,8.444633881055097e-15
/epuck1/cmd_vel,60.251307102,0.015,8.444633881055097e-15
/epuck1/cmd_vel,60.260297062,0.015,8.444633881055097e-15
/epuck1/cmd_vel,60.269870419,0.015,8.444633881055097e-15
/epuck1/cmd_vel,60.274983597,0.015,8.444633881055097e-15
/epuck1/cmd_vel,60.286457546,0.015,8.444633881055097e-15
/epuck1/cmd_vel,60.292496919,0.015,8.444633881055097e-15
/epuck1/cmd_vel,60.30593496,0.015,8.444633881055097e-15
/epuck1/cmd_vel,60.314218223,0.015,8.444633881055097e-15
/epuck1/cmd_vel,60.327038166,0.015,8.444633881055097e-15
/epuck1/cmd_vel,60.33289644,0.015,8.444633881055097e-15
/epuck1/cmd_vel,60.347251077,0.015,8.444633881055097e-15
/epuck1/cmd_vel,60.354801743,0.015,8.444633881055097e-15
/epuck1/cmd_vel,60.369674777,0.015,8.444633881055097e-15
/epuck1/cmd_vel,60.377136544,0.015,8.444633881055097e-15
/epuck1/cmd_vel,60.390851383,0.015,8.444633881055097e-15
/epuck1/cmd_vel,60.398041952,0.015,8.444633881055097e-15
/epuck1/cmd_vel,60.408682404,0.015,8.444633881055097e-15
/epuck1/cmd_vel,60.415527374,0.015,8.444633881055097e-15
/epuck1/cmd_vel,60.424812133,0.015,8.444633881055097e-15
/epuck1/cmd_vel,60.434004492,0.015,8.444633881055097e-15
/epuck1/cmd_vel,60.443869448,0.015,8.444633881055097e-15
/epuck1/cmd_vel,60.453717505,0.015,8.444633881055097e-15
/epuck1/cmd_vel,60.464429357,0.015,8.444633881055097e-15
/epuck1/cmd_vel,60.467876642,0.015,8.444633881055097e-15
/epuck1/cmd_vel,60.480148388,0.015,8.444633881055097e-15
/epuck1/cmd_vel,60.486971257,0.015,8.444633881055097e-15
/epuck1/cmd_vel,60.499304903,0.015,8.444633881055097e-15
/epuck1/cmd_vel,60.505531575,0.015,8.444633881055097e-15
/epuck1/cmd_vel,60.51794882,0.015,8.444633881055097e-15
/epuck1/cmd_vel,60.524056793,0.015,8.444633881055097e-15
/epuck1/cmd_vel,60.532903554,0.015,8.444633881055097e-15
/epuck1/cmd_vel,60.541763615,0.015,8.444633881055097e-15
/epuck1/cmd_vel,60.552849865,0.015,8.444633881055097e-15
/epuck1/cmd_vel,60.562713422,0.015,8.444633881055097e-15
/epuck1/cmd_vel,60.573477574,0.015,8.444633881055097e-15
/epuck1/cmd_vel,60.581565238,0.015,8.444633881055097e-15
/epuck1/cmd_vel,60.590855997,0.015,8.444633881055097e-15
/epuck1/cmd_vel,60.602847444,0.015,8.444633881055097e-15
/epuck1/cmd_vel,60.609843313,0.015,8.444633881055097e-15
/epuck1/cmd_vel,60.61716988,0.015,8.444633881055097e-15
/epuck1/cmd_vel,60.630009624,0.015,8.444633881055097e-15
/epuck1/cmd_vel,60.635537999,0.015,8.444633881055097e-15
/epuck1/cmd_vel,60.650925131,0.015,8.444633881055097e-15
/epuck1/cmd_vel,60.654948713,0.015,8.444633881055097e-15
/epuck1/cmd_vel,60.66695266,0.015,8.444633881055097e-15
/epuck1/cmd_vel,60.672740334,0.015,8.444633881055097e-15
/epuck1/cmd_vel,60.686562573,0.015,8.444633881055097e-15
/epuck1/cmd_vel,60.694267339,0.015,8.444633881055097e-15
/epuck1/cmd_vel,60.7030963,0.015,8.444633881055097e-15
/epuck1/cmd_vel,60.710579366,0.015,8.444633881055097e-15
/epuck1/cmd_vel,60.719506127,0.015,8.444633881055097e-15
/epuck1/cmd_vel,60.728554687,0.015,8.444633881055097e-15
/epuck1/cmd_vel,60.738035645,0.015,8.444633881055097e-15
/epuck1/cmd_vel,60.743809319,0.015,8.444633881055097e-15
/epuck1/cmd_vel,60.755905965,0.015,8.444633881055097e-15
/epuck1/cmd_vel,60.761838838,0.015,8.444633881055097e-15
/epuck1/cmd_vel,60.772961287,0.015,8.444633881055097e-15
/epuck1/cmd_vel,60.778568561,0.015,8.444633881055097e-15
/epuck1/cmd_vel,60.789265312,0.015,8.444633881055097e-15
/epuck1/cmd_vel,60.79627678,0.015,8.444633881055097e-15
/epuck1/cmd_vel,60.805310239,0.015,8.444633881055097e-15
/epuck1/cmd_vel,60.810426916,0.015,8.444633881055097e-15
/epuck1/cmd_vel,60.82256706,0.015,8.444633881055097e-15
/epuck1/cmd_vel,60.828289134,0.015,8.444633881055097e-15
/epuck1/cmd_vel,60.840002981,0.015,8.444633881055097e-15
/epuck1/cmd_vel,60.845620855,0.015,8.444633881055097e-15
/epuck1/cmd_vel,60.854874513,0.015,8.444633881055097e-15
/epuck1/cmd_vel,60.864400869,0.015,8.444633881055097e-15
/epuck1/cmd_vel,60.874456523,0.015,8.444633881055097e-15
/epuck1/cmd_vel,60.884618977,0.015,8.444633881055097e-15
/epuck1/cmd_vel,60.894507232,0.015,8.444633881055097e-15
/epuck1/cmd_vel,60.90351939,0.015,8.444633881055097e-15
/epuck1/cmd_vel,60.916127733,0.015,8.444633881055097e-15
/epuck1/cmd_vel,60.925247991,0.015,8.444633881055097e-15
/epuck1/cmd_vel,60.933605453,0.015,8.444633881055097e-15
/epuck1/cmd_vel,60.939155127,0.015,8.444633881055097e-15
/epuck1/cmd_vel,60.950578875,0.015,8.444633881055097e-15
/epuck1/cmd_vel,60.958650838,0.015,8.444633881055097e-15
/epuck1/cmd_vel,60.970504284,0.015,8.444633881055097e-15
/epuck1/cmd_vel,60.973326371,0.015,8.444633881055097e-15
/epuck1/cmd_vel,60.982568029,0.015,8.444633881055097e-15
/epuck1/cmd_vel,60.989701396,0.015,8.444633881055097e-15
/epuck1/cmd_vel,60.997525461,0.015,8.444633881055097e-15
/epuck1/cmd_vel,61.002541238,0.015,8.444633881055097e-15
/epuck1/cmd_vel,61.016828073,0.015,8.444633881055097e-15
/epuck1/cmd_vel,61.020201457,0.015,8.444633881055097e-15
/epuck1/cmd_vel,61.030192411,0.015,8.444633881055097e-15
/epuck1/cmd_vel,61.038707173,0.015,8.444633881055097e-15
/epuck1/cmd_vel,61.047642032,0.015,8.444633881055097e-15
/epuck1/cmd_vel,61.058632881,0.015,8.444633881055097e-15
/epuck1/cmd_vel,61.068659536,0.015,8.444633881055097e-15
/epuck1/cmd_vel,61.074862907,0.015,8.444633881055097e-15
/epuck1/cmd_vel,61.087947048,0.015,8.444633881055097e-15
/epuck1/cmd_vel,61.094427018,0.015,8.444633881055097e-15
/epuck1/cmd_vel,61.105322468,0.015,8.444633881055097e-15
/epuck1/cmd_vel,61.110902143,0.015,8.444633881055097e-15
/epuck1/cmd_vel,61.119003906,0.015,8.444633881055097e-15
/epuck1/cmd_vel,61.127678466,0.015,8.444633881055097e-15
/epuck1/cmd_vel,61.136573025,0.015,8.444633881055097e-15
/epuck1/cmd_vel,61.141840801,0.015,8.444633881055097e-15
/epuck1/cmd_vel,61.153434748,0.015,8.444633881055097e-15
/epuck1/cmd_vel,61.158065427,0.015,8.444633881055097e-15
/epuck1/cmd_vel,61.172536061,0.015,8.444633881055097e-15
/epuck1/cmd_vel,61.17709104,0.015,8.444633881055097e-15
/epuck1/cmd_vel,61.188280889,0.015,8.444633881055097e-15
/epuck1/cmd_vel,61.194751959,0.015,8.444633881055097e-15
/epuck1/cmd_vel,61.203525619,0.015,8.444633881055097e-15
/epuck1/cmd_vel,61.211771982,0.015,8.444633881055097e-15
/epuck1/cmd_vel,61.222797131,0.015,8.444633881055097e-15
/epuck1/cmd_vel,61.233409983,0.015,8.444633881055097e-15
/epuck1/cmd_vel,61.24267984,0.015,8.444633881055097e-15
/epuck1/cmd_vel,61.250993102,0.015,8.444633881055097e-15
/epuck1/cmd_vel,61.260695158,0.015,8.444633881055097e-15
/epuck1/cmd_vel,61.266672331,0.015,8.444633881055097e-15
/epuck1/cmd_vel,61.278373577,0.015,8.444633881055097e-15
/epuck1/cmd_vel,61.282951556,0.015,8.444633881055097e-15
/epuck1/cmd_vel,61.2953135,0.015,8.444633881055097e-15
/epuck1/cmd_vel,61.301061974,0.015,8.444633881055097e-15
/epuck1/cmd_vel,61.310062732,0.015,8.444633881055097e-15
/epuck1/cmd_vel,61.318061096,0.015,8.444633881055097e-15
/epuck1/cmd_vel,61.325622061,0.015,8.444633881055097e-15
/epuck1/cmd_vel,61.33257063,0.015,8.444633881055097e-15
/epuck1/cmd_vel,61.346196567,0.015,8.444633881055097e-15
/epuck1/cmd_vel,61.351690142,0.015,8.444633881055097e-15
/epuck1/cmd_vel,61.364760882,0.015,8.444633881055097e-15
/epuck1/cmd_vel,61.370971754,0.015,8.444633881055097e-15
/epuck1/cmd_vel,61.382670501,0.015,8.444633881055097e-15
/epuck1/cmd_vel,61.388455174,0.015,8.444633881055097e-15
/epuck1/cmd_vel,61.397677232,0.015,8.444633881055097e-15
/epuck1/cmd_vel,61.408485483,0.015,8.444633881055097e-15
/epuck1/cmd_vel,61.415246452,0.015,8.444633881055097e-15
/epuck1/cmd_vel,61.424183211,0.015,8.444633881055097e-15
/epuck1/cmd_vel,61.432980371,0.015,8.444633881055097e-15
/epuck1/cmd_vel,61.439116543,0.015,8.444633881055097e-15
/epuck1/cmd_vel,61.451237387,0.015,8.444633881055097e-15
/epuck1/cmd_vel,61.459263451,0.015,8.444633881055097e-15
/epuck1/cmd_vel,61.470083001,0.015,8.444633881055097e-15
/epuck1/cmd_vel,61.475942874,0.015,8.444633881055097e-15
/epuck1/cmd_vel,61.484870934,0.015,8.444633881055097e-15
/epuck1/cmd_vel,61.492824797,0.015,8.444633881055097e-15
/epuck1/cmd_vel,61.500155664,0.015,8.444633881055097e-15
/epuck1/cmd_vel,61.505936837,0.015,8.444633881055097e-15
/epuck1/cmd_vel,61.521007668,0.015,8.444633881055097e-15
/epuck1/cmd_vel,61.528428335,0.015,8.444633881055097e-15
/epuck1/cmd_vel,61.539941082,0.015,8.444633881055097e-15
/epuck1/cmd_vel,61.545960354,0.015,8.444633881055097e-15
/epuck1/cmd_vel,61.558233098,0.015,8.444633881055097e-15
/epuck1/cmd_vel,61.564606469,0.015,8.444633881055097e-15
/epuck1/cmd_vel,61.579078303,0.015,8.444633881055097e-15
/epuck1/cmd_vel,61.586163071,0.015,8.444633881055097e-15
/epuck1/cmd_vel,61.599225511,0.015,8.444633881055097e-15
/epuck1/cmd_vel,61.605356583,0.015,8.444633881055097e-15
/epuck1/cmd_vel,61.614381342,0.015,8.444633881055097e-15
/epuck1/cmd_vel,61.624959093,0.015,8.444633881055097e-15
/epuck1/cmd_vel,61.632489359,0.015,8.444633881055097e-15
/epuck1/cmd_vel,61.643435309,0.015,8.444633881055097e-15
/epuck1/cmd_vel,61.649552281,0.015,8.444633881055097e-15
/epuck1/cmd_vel,61.655648953,0.015,8.444633881055097e-15
/epuck1/cmd_vel,61.669839688,0.015,8.444633881055097e-15
/epuck1/cmd_vel,61.675082664,0.015,8.444633881055097e-15
/epuck1/cmd_vel,61.688642302,0.015,8.444633881055097e-15
/epuck1/cmd_vel,61.694457076,0.015,8.444633881055097e-15
/epuck1/cmd_vel,61.705287926,0.015,8.444633881055097e-15
/epuck1/cmd_vel,61.710706602,0.015,8.444633881055097e-15
/epuck1/cmd_vel,61.71989726,0.015,8.444633881055097e-15
/epuck1/cmd_vel,61.729658115,0.015,8.444633881055097e-15
/epuck1/cmd_vel,61.738735373,0.015,8.444633881055097e-15
/epuck1/cmd_vel,61.749309225,0.015,8.444633881055097e-15
/epuck1/cmd_vel,61.757296288,0.015,8.444633881055097e-15
/epuck1/cmd_vel,61.763378959,0.015,8.444633881055097e-15
/epuck1/cmd_vel,61.77597,0.015,8.444633881055097e-15
/epuck1/cmd_vel,61.782423269,0.015,8.444633881055097e-15
/epuck1/cmd_vel,61.79496141,0.015,8.444633881055097e-15
/epuck1/cmd_vel,61.800633484,0.015,8.444633881055097e-15
/epuck1/cmd_vel,61.809382043,0.015,8.444633881055097e-15
/epuck1/cmd_vel,61.818849498,0.015,8.444633881055097e-15
/epuck1/cmd_vel,61.828820951,0.015,8.444633881055097e-15
/epuck1/cmd_vel,61.837920508,0.015,8.444633881055097e-15
/epuck1/cmd_vel,61.846559768,0.015,8.444633881055097e-15
/epuck1/cmd_vel,61.853499435,0.015,8.444633881055097e-15
/epuck1/cmd_vel,61.864317484,0.015,8.444633881055097e-15
/epuck1/cmd_vel,61.873516541,0.015,8.444633881055097e-15
/epuck1/cmd_vel,61.886181481,0.015,8.444633881055097e-15
/epuck1/cmd_vel,61.891415157,0.015,8.444633881055097e-15
/epuck1/cmd_vel,61.905719389,0.015,8.444633881055097e-15
/epuck1/cmd_vel,61.910263568,0.015,8.444633881055097e-15
/epuck1/cmd_vel,61.923473906,0.015,8.444633881055097e-15
/epuck1/cmd_vel,61.927704986,0.015,8.444633881055097e-15
/epuck1/cmd_vel,61.934673953,0.015,8.444633881055097e-15
/epuck1/cmd_vel,61.943678011,0.015,8.444633881055097e-15
/epuck1/cmd_vel,61.951387974,0.015,8.444633881055097e-15
/epuck1/cmd_vel,61.957913744,0.015,8.444633881055097e-15
/epuck1/cmd_vel,61.968805092,0.015,8.444633881055097e-15
/epuck1/cmd_vel,61.975080163,0.015,8.444633881055097e-15
/epuck1/cmd_vel,61.98620241,0.015,8.444633881055097e-15
/epuck1/cmd_vel,61.991901484,0.015,8.444633881055097e-15
/epuck1/cmd_vel,62.000304744,0.015,8.444633881055097e-15
/epuck1/cmd_vel,62.010467596,0.015,8.444633881055097e-15
/epuck1/cmd_vel,62.02037125,0.015,8.444633881055097e-15
/epuck1/cmd_vel,62.029433307,0.015,8.444633881055097e-15
/epuck1/cmd_vel,62.039801058,0.015,8.444633881055097e-15
/epuck1/cmd_vel,62.044563536,0.015,8.444633881055097e-15
/epuck1/cmd_vel,62.056611379,0.015,8.444633881055097e-15
/epuck1/cmd_vel,62.061735055,0.015,8.444633881055097e-15
/epuck1/cmd_vel,62.073914798,0.015,8.444633881055097e-15
/epuck1/cmd_vel,62.080547466,0.015,8.444633881055097e-15
/epuck1/cmd_vel,62.091282516,0.015,8.444633881055097e-15
/epuck1/cmd_vel,62.098285983,0.015,8.444633881055097e-15
/epuck1/cmd_vel,62.112586316,0.015,8.444633881055097e-15
/epuck1/cmd_vel,62.119372984,0.015,8.444633881055097e-15
/epuck1/cmd_vel,62.13291232,0.015,8.444633881055097e-15
/epuck1/cmd_vel,62.138672493,0.015,8.444633881055097e-15
/epuck1/cmd_vel,62.146695655,0.015,8.444633881055097e-15
/epuck1/cmd_vel,62.155082116,0.015,8.444633881055097e-15
/epuck1/cmd_vel,62.165068169,0.015,8.444633881055097e-15
/epuck1/cmd_vel,62.170287544,0.015,8.444633881055097e-15
/epuck1/cmd_vel,62.182205388,0.015,8.444633881055097e-15
/epuck1/cmd_vel,62.187651862,0.015,8.444633881055097e-15
/epuck1/cmd_vel,62.200233603,0.015,8.444633881055097e-15
/epuck1/cmd_vel,62.206012476,0.015,8.444633881055097e-15
/epuck1/cmd_vel,62.217784221,0.015,8.444633881055097e-15
/epuck1/cmd_vel,62.22419269,0.015,8.444633881055097e-15
/epuck1/cmd_vel,62.231343757,0.015,8.444633881055097e-15
/epuck1/cmd_vel,62.239844917,0.015,8.444633881055097e-15
/epuck1/cmd_vel,62.248424276,0.015,8.444633881055097e-15
/epuck1/cmd_vel,62.25401835,0.015,8.444633881055097e-15
/epuck1/cmd_vel,62.265128998,0.015,8.444633881055097e-15
/epuck1/cmd_vel,62.269651076,0.015,8.444633881055097e-15
/epuck1/cmd_vel,62.284757305,0.015,8.444633881055097e-15
/epuck1/cmd_vel,62.289910781,0.015,8.444633881055097e-15
/epuck1/cmd_vel,62.29867274,0.015,8.444633881055097e-15
/epuck1/cmd_vel,62.308479294,0.015,8.444633881055097e-15
/epuck1/cmd_vel,62.31773305,0.015,8.444633881055097e-15
/epuck1/cmd_vel,62.324897016,0.015,8.444633881055097e-15
/epuck1/cmd_vel,62.333564976,0.015,8.444633881055097e-15
/epuck1/cmd_vel,62.340563143,0.015,8.444633881055097e-15
/epuck1/cmd_vel,62.352177788,0.015,8.444633881055097e-15
/epuck1/cmd_vel,62.357913361,0.015,8.444633881055097e-15
/epuck1/cmd_vel,62.369137308,0.015,8.444633881055097e-15
/epuck1/cmd_vel,62.375326079,0.015,8.444633881055097e-15
/epuck1/cmd_vel,62.387236023,0.015,8.444633881055097e-15
/epuck1/cmd_vel,62.394419289,0.015,8.444633881055097e-15
/epuck1/cmd_vel,62.403816745,0.015,8.444633881055097e-15
/epuck1/cmd_vel,62.413082001,0.015,8.444633881055097e-15
/epuck1/cmd_vel,62.42194806,0.015,8.444633881055097e-15
/epuck1/cmd_vel,62.431786813,0.015,8.444633881055097e-15
/epuck1/cmd_vel,62.441901466,0.015,8.444633881055097e-15
/epuck1/cmd_vel,62.447636539,0.015,8.444633881055097e-15
/epuck1/cmd_vel,62.46019598,0.015,8.444633881055097e-15
/epuck1/cmd_vel,62.466188452,0.015,8.444633881055097e-15
/epuck1/cmd_vel,62.478141695,0.015,8.444633881055097e-15
/epuck1/cmd_vel,62.484230767,0.015,8.444633881055097e-15
/epuck1/cmd_vel,62.495960011,0.015,8.444633881055097e-15
/epuck1/cmd_vel,62.50258748,0.015,8.444633881055097e-15
/epuck1/cmd_vel,62.516389115,0.015,8.444633881055097e-15
/epuck1/cmd_vel,62.521541591,0.015,8.444633881055097e-15
/epuck1/cmd_vel,62.529821252,0.015,8.444633881055097e-15
/epuck1/cmd_vel,62.538403112,0.015,8.444633881055097e-15
/epuck1/cmd_vel,62.550128356,0.015,8.444633881055097e-15
/epuck1/cmd_vel,62.560568007,0.015,8.444633881055097e-15
/epuck1/cmd_vel,62.571064858,0.015,8.444633881055097e-15
/epuck1/cmd_vel,62.583211601,0.015,8.444633881055097e-15
/epuck1/cmd_vel,62.589138073,0.015,8.444633881055097e-15
/epuck1/cmd_vel,62.598864427,0.015,8.444633881055097e-15
/epuck1/cmd_vel,62.612488163,0.015,8.444633881055097e-15
/epuck1/cmd_vel,62.621177722,0.015,8.444633881055097e-15
/epuck1/cmd_vel,62.632930767,0.015,8.444633881055097e-15
/epuck1/cmd_vel,62.640078833,0.015,8.444633881055097e-15
/epuck1/cmd_vel,62.651996677,0.015,8.444633881055097e-15
/epuck1/cmd_vel,62.658841245,0.015,8.444633881055097e-15
/epuck1/cmd_vel,62.671660385,0.015,8.444633881055097e-15
/epuck1/cmd_vel,62.677955755,0.015,8.444633881055097e-15
/epuck1/cmd_vel,62.690969894,0.015,8.444633881055097e-15
/epuck1/cmd_vel,62.697019365,0.015,8.444633881055097e-15
/epuck1/cmd_vel,62.705164127,0.015,8.444633881055097e-15
/epuck1/cmd_vel,62.714993081,0.015,8.444633881055097e-15
/epuck1/cmd_vel,62.726738025,0.015,8.444633881055097e-15
/epuck1/cmd_vel,62.735865682,0.015,8.444633881055097e-15
/epuck1/cmd_vel,62.747177829,0.015,8.444633881055097e-15
/epuck1/cmd_vel,62.752565504,0.015,8.444633881055097e-15
/epuck1/cmd_vel,62.764073848,0.015,8.444633881055097e-15
/epuck1/cmd_vel,62.770127019,0.015,8.444633881055097e-15
/epuck1/cmd_vel,62.783023256,0.015,8.444633881055097e-15
/epuck1/cmd_vel,62.786541239,0.015,8.444633881055097e-15
/epuck1/cmd_vel,62.794923498,0.015,8.444633881055097e-15
/epuck1/cmd_vel,62.802410562,0.015,8.444633881055097e-15
/epuck1/cmd_vel,62.811779217,0.015,8.444633881055097e-15
/epuck1/cmd_vel,62.818256986,0.015,8.444633881055097e-15
/epuck1/cmd_vel,62.830139428,0.015,8.444633881055097e-15
/epuck1/cmd_vel,62.834942805,0.015,8.444633881055097e-15
/epuck1/cmd_vel,62.847124546,0.015,8.444633881055097e-15
/epuck1/cmd_vel,62.853284516,0.015,8.444633881055097e-15
/epuck1/cmd_vel,62.867366148,0.015,8.444633881055097e-15
/epuck1/cmd_vel,62.872331324,0.015,8.444633881055097e-15
/epuck1/cmd_vel,62.878550194,0.015,8.444633881055097e-15
/epuck1/cmd_vel,62.886807354,0.015,8.444633881055097e-15
/epuck1/cmd_vel,62.896158208,0.015,8.444633881055097e-15
/epuck1/cmd_vel,62.907171155,0.015,8.444633881055097e-15
/epuck1/cmd_vel,62.91650091,0.015,8.444633881055097e-15
/epuck1/cmd_vel,62.929480947,0.015,8.444633881055097e-15
/epuck1/cmd_vel,62.937450809,0.015,8.444633881055097e-15
/epuck1/cmd_vel,62.946664864,0.015,8.444633881055097e-15
/epuck1/cmd_vel,62.956875715,0.015,8.444633881055097e-15
/epuck1/cmd_vel,62.962698586,0.015,8.444633881055097e-15
/epuck1/cmd_vel,62.973953132,0.015,8.444633881055097e-15
/epuck1/cmd_vel,62.982077993,0.015,8.444633881055097e-15
/epuck1/cmd_vel,62.989213758,0.015,8.444633881055097e-15
/epuck1/cmd_vel,62.998983011,0.015,8.444633881055097e-15
/epuck1/cmd_vel,63.006189876,0.015,8.444633881055097e-15
/epuck1/cmd_vel,63.01153015,0.015,8.444633881055097e-15
/epuck1/cmd_vel,63.022855295,0.015,8.444633881055097e-15
/epuck1/cmd_vel,63.029991861,0.015,8.444633881055097e-15
/epuck1/cmd_vel,63.043312496,0.015,8.444633881055097e-15
/epuck1/cmd_vel,63.049738965,0.015,8.444633881055097e-15
/epuck1/cmd_vel,63.061404909,0.015,8.444633881055097e-15
/epuck1/cmd_vel,63.068113076,0.015,8.444633881055097e-15
/epuck1/cmd_vel,63.07763073,0.015,8.444633881055097e-15
/epuck1/cmd_vel,63.085132994,0.015,8.444633881055097e-15
/epuck1/cmd_vel,63.095503644,0.015,8.444633881055097e-15
/epuck1/cmd_vel,63.102106912,0.015,8.444633881055097e-15
/epuck1/cmd_vel,63.110926169,0.015,8.444633881055097e-15
/epuck1/cmd_vel,63.117682936,0.015,8.444633881055097e-15
/epuck1/cmd_vel,63.12719879,0.015,8.444633881055097e-15
/epuck1/cmd_vel,63.13348126,0.015,8.444633881055097e-15
/epuck1/cmd_vel,63.141977919,0.015,8.444633881055097e-15
/epuck1/cmd_vel,63.150800376,0.015,8.444633881055097e-15
/epuck1/cmd_vel,63.162584619,0.015,8.444633881055097e-15
/epuck1/cmd_vel,63.170130182,0.015,8.444633881055097e-15
/epuck1/cmd_vel,63.180167034,0.015,8.444633881055097e-15
/epuck1/cmd_vel,63.186347004,0.015,8.444633881055097e-15
/epuck1/cmd_vel,63.197794648,0.015,8.444633881055097e-15
/epuck1/cmd_vel,63.202811324,0.015,8.444633881055097e-15
/epuck1/cmd_vel,63.214403068,0.015,8.444633881055097e-15
/epuck1/cmd_vel,63.22014204,0.015,8.444633881055097e-15
/epuck1/cmd_vel,63.227745803,0.015,8.444633881055097e-15
/epuck1/cmd_vel,63.236252962,0.015,8.444633881055097e-15
/epuck1/cmd_vel,63.245663417,0.015,8.444633881055097e-15
/epuck1/cmd_vel,63.250979391,0.015,8.444633881055097e-15
/epuck1/cmd_vel,63.263757529,0.015,8.444633881055097e-15
/epuck1/cmd_vel,63.270264298,0.015,8.444633881055097e-15
/epuck1/cmd_vel,63.280920046,0.015,8.444633881055097e-15
/epuck1/cmd_vel,63.28827951,0.015,8.444633881055097e-15
/epuck1/cmd_vel,63.301330147,0.015,8.444633881055097e-15
/epuck1/cmd_vel,63.304739531,0.015,8.444633881055097e-15
/epuck1/cmd_vel,63.314954781,0.015,8.444633881055097e-15
/epuck1/cmd_vel,63.321590749,0.015,8.444633881055097e-15
/epuck1/cmd_vel,63.332355097,0.015,8.444633881055097e-15
/epuck1/cmd_vel,63.337737971,0.015,8.444633881055097e-15
/epuck1/cmd_vel,63.35043941,0.015,8.444633881055097e-15
/epuck1/cmd_vel,63.35656098,0.015,8.444633881055097e-15
/epuck1/cmd_vel,63.367950725,0.015,8.444633881055097e-15
/epuck1/cmd_vel,63.374100195,0.015,8.444633881055097e-15
/epuck1/cmd_vel,63.382910852,0.015,8.444633881055097e-15
/epuck1/cmd_vel,63.390492916,0.015,8.444633881055097e-15
/epuck1/cmd_vel,63.398292778,0.015,8.444633881055097e-15
/epuck1/cmd_vel,63.403921051,0.015,8.444633881055097e-15
/epuck1/cmd_vel,63.416185491,0.015,8.444633881055097e-15
/epuck1/cmd_vel,63.422298362,0.015,8.444633881055097e-15
/epuck1/cmd_vel,63.433339708,0.015,8.444633881055097e-15
/epuck1/cmd_vel,63.438663083,0.015,8.444633881055097e-15
/epuck1/cmd_vel,63.452223417,0.015,8.444633881055097e-15
/epuck1/cmd_vel,63.456728295,0.015,8.444633881055097e-15
/epuck1/cmd_vel,63.466992445,0.015,8.444633881055097e-15
/epuck1/cmd_vel,63.476790998,0.015,8.444633881055097e-15
/epuck1/cmd_vel,63.485892154,0.015,8.444633881055097e-15
/epuck1/cmd_vel,63.494138814,0.015,8.444633881055097e-15
/epuck1/cmd_vel,63.50330947,0.015,8.444633881055097e-15
/epuck1/cmd_vel,63.510870933,0.015,8.444633881055097e-15
/epuck1/cmd_vel,63.522627576,0.015,8.444633881055097e-15
/epuck1/cmd_vel,63.527796051,0.015,8.444633881055097e-15
/epuck1/cmd_vel,63.538670098,0.015,8.444633881055097e-15
/epuck1/cmd_vel,63.545345766,0.015,8.444633881055097e-15
/epuck1/cmd_vel,63.553901225,0.015,8.444633881055097e-15
/epuck1/cmd_vel,63.565698268,0.015,8.444633881055097e-15
/epuck1/cmd_vel,63.57338983,0.015,8.444633881055097e-15
/epuck1/cmd_vel,63.582107588,0.015,8.444633881055097e-15
/epuck1/cmd_vel,63.590608447,0.015,8.444633881055097e-15
/epuck1/cmd_vel,63.597352614,0.015,8.444633881055097e-15
/epuck1/cmd_vel,63.610514751,0.015,8.444633881055097e-15
/epuck1/cmd_vel,63.616998619,0.015,8.444633881055097e-15
/epuck1/cmd_vel,63.630367155,0.015,8.444633881055097e-15
/epuck1/cmd_vel,63.636706124,0.015,8.444633881055097e-15
/epuck1/cmd_vel,63.651358853,0.015,8.444633881055097e-15
/epuck1/cmd_vel,63.657003726,0.015,8.444633881055097e-15
/epuck1/cmd_vel,63.667721174,0.015,8.444633881055097e-15
/epuck1/cmd_vel,63.676260532,0.015,8.444633881055097e-15
/epuck1/cmd_vel,63.692999951,0.015,8.444633881055097e-15
/epuck1/cmd_vel,63.698219926,0.015,8.444633881055097e-15
/epuck1/cmd_vel,63.711694561,0.015,8.444633881055097e-15
/epuck1/cmd_vel,63.719129225,0.015,8.444633881055097e-15
/epuck1/cmd_vel,63.733229857,0.015,8.444633881055097e-15
/epuck1/cmd_vel,63.738469331,0.015,8.444633881055097e-15
/epuck1/cmd_vel,63.752189465,0.015,8.444633881055097e-15
/epuck1/cmd_vel,63.757275839,0.015,8.444633881055097e-15
/epuck1/cmd_vel,63.766904892,0.015,8.444633881055097e-15
/epuck1/cmd_vel,63.777160741,0.015,8.444633881055097e-15
/epuck1/cmd_vel,63.784575804,0.015,8.444633881055097e-15
/epuck1/cmd_vel,63.794218956,0.015,8.444633881055097e-15
/epuck1/cmd_vel,63.803317011,0.015,8.444633881055097e-15
/epuck1/cmd_vel,63.81142957,0.015,8.444633881055097e-15
/epuck1/cmd_vel,63.826063597,0.015,8.444633881055097e-15
/epuck1/cmd_vel,63.828414886,0.015,8.444633881055097e-15
/epuck1/cmd_vel,63.840685325,0.015,8.444633881055097e-15
/epuck1/cmd_vel,63.846275797,0.015,8.444633881055097e-15
/epuck1/cmd_vel,63.855838449,0.015,8.444633881055097e-15
/epuck1/cmd_vel,63.862389217,0.015,8.444633881055097e-15
/epuck1/cmd_vel,63.87172837,0.015,8.444633881055097e-15
/epuck1/cmd_vel,63.878132139,0.015,8.444633881055097e-15
/epuck1/cmd_vel,63.890976475,0.015,8.444633881055097e-15
/epuck1/cmd_vel,63.895054454,0.015,8.444633881055097e-15
/epuck1/cmd_vel,63.908966885,0.015,8.444633881055097e-15
/epuck1/cmd_vel,63.914862756,0.015,8.444633881055097e-15
/epuck1/cmd_vel,63.924372209,0.015,8.444633881055097e-15
/epuck1/cmd_vel,63.934993656,0.015,8.444633881055097e-15
/epuck1/cmd_vel,63.944790607,0.015,8.444633881055097e-15
/epuck1/cmd_vel,63.95431266,0.015,8.444633881055097e-15
/epuck1/cmd_vel,63.964598109,0.015,8.444633881055097e-15
/epuck1/cmd_vel,63.973216166,0.015,8.444633881055097e-15
/epuck1/cmd_vel,63.982086622,0.015,8.444633881055097e-15
/epuck1/cmd_vel,63.987956192,0.015,8.444633881055097e-15
/epuck1/cmd_vel,64.000344031,0.015,8.444633881055097e-15
/epuck1/cmd_vel,64.007196897,0.015,8.444633881055097e-15
/epuck1/cmd_vel,64.018220442,0.015,8.444633881055097e-15
/epuck1/cmd_vel,64.024533611,0.015,8.444633881055097e-15
/epuck1/cmd_vel,64.037649145,0.015,8.444633881055097e-15
/epuck1/cmd_vel,64.043901314,0.015,8.444633881055097e-15
/epuck1/cmd_vel,64.057678646,0.015,8.444633881055097e-15
/epuck1/cmd_vel,64.065238908,0.015,8.444633881055097e-15
/epuck1/cmd_vel,64.073421867,0.015,8.444633881055097e-15
/epuck1/cmd_vel,64.082486222,0.015,8.444633881055097e-15
/epuck1/cmd_vel,64.091799576,0.015,8.444633881055097e-15
/epuck1/cmd_vel,64.100653632,0.015,8.444633881055097e-15
/epuck1/cmd_vel,64.10901419,0.015,8.444633881055097e-15
/epuck1/cmd_vel,64.115882256,0.015,8.444633881055097e-15
/epuck1/cmd_vel,64.125586508,0.015,8.444633881055097e-15
/epuck1/cmd_vel,64.131884277,0.015,8.444633881055097e-15
/epuck1/cmd_vel,64.143513219,0.015,8.444633881055097e-15
/epuck1/cmd_vel,64.148971492,0.015,8.444633881055097e-15
/epuck1/cmd_vel,64.162146826,0.015,8.444633881055097e-15
/epuck1/cmd_vel,64.1675119,0.015,8.444633881055097e-15
/epuck1/cmd_vel,64.176045957,0.015,8.444633881055097e-15
/epuck1/cmd_vel,64.181843728,0.015,8.444633881055097e-15
/epuck1/cmd_vel,64.191926878,0.015,8.444633881055097e-15
/epuck1/cmd_vel,64.196761854,0.015,8.444633881055097e-15
/epuck1/cmd_vel,64.203741619,0.015,8.444633881055097e-15
/epuck1/cmd_vel,64.211812379,0.015,8.444633881055097e-15
/epuck1/cmd_vel,64.220542936,0.015,8.444633881055097e-15
/epuck1/cmd_vel,64.227304502,0.015,8.444633881055097e-15
/epuck1/cmd_vel,64.242627126,0.015,8.444633881055097e-15
/epuck1/cmd_vel,64.247682601,0.015,8.444633881055097e-15
/epuck1/cmd_vel,64.262669026,0.015,8.444633881055097e-15
/epuck1/cmd_vel,64.264873415,0.015,8.444633881055097e-15
/epuck1/cmd_vel,64.277822751,0.015,8.444633881055097e-15
/epuck1/cmd_vel,64.283915221,0.015,8.444633881055097e-15
/epuck1/cmd_vel,64.295247164,0.015,8.444633881055097e-15
/epuck1/cmd_vel,64.299472843,0.015,8.444633881055097e-15
/epuck1/cmd_vel,64.306383209,0.015,8.444633881055097e-15
/epuck1/cmd_vel,64.316136661,0.015,8.444633881055097e-15
/epuck1/cmd_vel,64.323452024,0.015,8.444633881055097e-15
/epuck1/cmd_vel,64.329625294,0.015,8.444633881055097e-15
/epuck1/cmd_vel,64.340543339,0.015,8.444633881055097e-15
/epuck1/cmd_vel,64.347396305,0.015,8.444633881055097e-15
/epuck1/cmd_vel,64.353295576,0.015,8.444633881055097e-15
/epuck1/cmd_vel,64.362924928,0.015,8.444633881055097e-15
/epuck1/cmd_vel,64.371676384,0.015,8.444633881055097e-15
/epuck1/cmd_vel,64.37651076,0.015,8.444633881055097e-15
/epuck1/cmd_vel,64.389488996,0.015,8.444633881055097e-15
/epuck1/cmd_vel,64.394935069,0.015,8.444633881055097e-15
/epuck1/cmd_vel,64.405771615,0.015,8.444633881055097e-15
/epuck1/cmd_vel,64.410945789,0.015,8.444633881055097e-15
/epuck1/cmd_vel,64.418402552,0.015,8.444633881055097e-15
/epuck1/cmd_vel,64.4289202,0.015,8.444633881055097e-15
/epuck1/cmd_vel,64.437477157,0.015,8.444633881055097e-15
/epuck1/cmd_vel,64.445826816,0.015,8.444633881055097e-15
/epuck1/cmd_vel,64.455801766,0.015,8.444633881055097e-15
/epuck1/cmd_vel,64.460607042,0.015,8.444633881055097e-15
/epuck1/cmd_vel,64.473546778,0.015,8.444633881055097e-15
/epuck1/cmd_vel,64.479594748,0.015,8.444633881055097e-15
/epuck1/cmd_vel,64.490200495,0.015,8.444633881055097e-15
/epuck1/cmd_vel,64.496149665,0.015,8.444633881055097e-15
/epuck1/cmd_vel,64.509401,0.015,8.444633881055097e-15
/epuck1/cmd_vel,64.514973172,0.015,8.444633881055097e-15
/epuck1/cmd_vel,64.522901532,0.015,8.444633881055097e-15
/epuck1/cmd_vel,64.534043977,0.015,8.444633881055097e-15
/epuck1/cmd_vel,64.544744724,0.015,8.444633881055097e-15
/epuck1/cmd_vel,64.556665965,0.015,8.444633881055097e-15
/epuck1/cmd_vel,64.566471816,0.015,8.444633881055097e-15
/epuck1/cmd_vel,64.574355277,0.015,8.444633881055097e-15
/epuck1/cmd_vel,64.583959029,0.015,8.444633881055097e-15
/epuck1/cmd_vel,64.589961699,0.015,8.444633881055097e-15
/epuck1/cmd_vel,64.606181318,0.015,8.444633881055097e-15
/epuck1/cmd_vel,64.611699291,0.015,8.444633881055097e-15
/epuck1/cmd_vel,64.623494232,0.015,8.444633881055097e-15
/epuck1/cmd_vel,64.628314508,0.015,8.444633881055097e-15
/epuck1/cmd_vel,64.641077245,0.015,8.444633881055097e-15
/epuck1/cmd_vel,64.64612162,0.015,8.444633881055097e-15
/epuck1/cmd_vel,64.653115385,0.015,8.444633881055097e-15
/epuck1/cmd_vel,64.662409539,0.015,8.444633881055097e-15
/epuck1/cmd_vel,64.671527393,0.015,8.444633881055097e-15
/epuck1/cmd_vel,64.681361845,0.015,8.444633881055097e-15
/epuck1/cmd_vel,64.691416495,0.015,8.444633881055097e-15
/epuck1/cmd_vel,64.696650968,0.015,8.444633881055097e-15
/epuck1/cmd_vel,64.709098507,0.015,8.444633881055097e-15
/epuck1/cmd_vel,64.714921078,0.015,8.444633881055097e-15
/epuck1/cmd_vel,64.727628414,0.015,8.444633881055097e-15
/epuck1/cmd_vel,64.734122482,0.015,8.444633881055097e-15
/epuck1/cmd_vel,64.747347116,0.015,8.444633881055097e-15
/epuck1/cmd_vel,64.754803079,0.015,8.444633881055097e-15
/epuck1/cmd_vel,64.767275215,0.015,8.444633881055097e-15
/epuck1/cmd_vel,64.773723582,0.015,8.444633881055097e-15
/epuck1/cmd_vel,64.783470733,0.015,8.444633881055097e-15
/epuck1/cmd_vel,64.793444982,0.015,8.444633881055097e-15
/epuck1/cmd_vel,64.803174232,0.015,8.444633881055097e-15
/epuck1/cmd_vel,64.811766988,0.015,8.444633881055097e-15
/epuck1/cmd_vel,64.820901242,0.015,8.444633881055097e-15
/epuck1/cmd_vel,64.833560577,0.015,8.444633881055097e-15
/epuck1/cmd_vel,64.841754035,0.015,8.444633881055097e-15
/epuck1/cmd_vel,64.847947504,0.015,8.444633881055097e-15
/epuck1/cmd_vel,64.861216636,0.015,8.444633881055097e-15
/epuck1/cmd_vel,64.8682332,0.015,8.444633881055097e-15
/epuck1/cmd_vel,64.882060029,0.015,8.444633881055097e-15
/epuck1/cmd_vel,64.890080389,0.015,8.444633881055097e-15
/epuck1/cmd_vel,64.90154393,0.015,8.444633881055097e-15
/epuck1/cmd_vel,64.906789403,0.015,8.444633881055097e-15
/epuck1/cmd_vel,64.921023931,0.015,8.444633881055097e-15
/epuck1/cmd_vel,64.925709807,0.015,8.444633881055097e-15
/epuck1/cmd_vel,64.934163664,0.015,8.444633881055097e-15
/epuck1/cmd_vel,64.944372012,0.015,8.444633881055097e-15
/epuck1/cmd_vel,64.951799574,0.015,8.444633881055097e-15
/epuck1/cmd_vel,64.961917222,0.015,8.444633881055097e-15
/epuck1/cmd_vel,64.969895981,0.015,8.444633881055097e-15
/epuck1/cmd_vel,64.977409943,0.015,8.444633881055097e-15
/epuck1/cmd_vel,64.990676275,0.015,8.444633881055097e-15
/epuck1/cmd_vel,64.995933948,0.015,8.444633881055097e-15
/epuck1/cmd_vel,65.008277585,0.015,8.444633881055097e-15
/epuck1/cmd_vel,65.012533264,0.015,8.444633881055097e-15
/epuck1/cmd_vel,65.022910048,0.015,8.444633881055097e-15
/epuck1/cmd_vel,65.032884616,0.015,8.444633881055097e-15
/epuck1/cmd_vel,65.041346974,0.015,8.444633881055097e-15
/epuck1/cmd_vel,65.05096994,0.015,8.444633881055097e-15
/epuck1/cmd_vel,65.060419104,0.015,8.444633881055097e-15
/epuck1/cmd_vel,65.068415459,0.015,8.444633881055097e-15
/epuck1/cmd_vel,65.081100446,0.015,8.444633881055097e-15
/epuck1/cmd_vel,65.087057787,0.015,8.444633881055097e-15
/epuck1/cmd_vel,65.098266763,0.015,8.444633881055097e-15
/epuck1/cmd_vel,65.104856208,0.015,8.444633881055097e-15
/epuck1/cmd_vel,65.118522502,0.015,8.444633881055097e-15
/epuck1/cmd_vel,65.127128361,0.015,8.444633881055097e-15
/epuck1/cmd_vel,65.139346245,0.015,8.444633881055097e-15
/epuck1/cmd_vel,65.146658895,0.015,8.444633881055097e-15
/epuck1/cmd_vel,65.154134946,0.015,8.444633881055097e-15
/epuck1/cmd_vel,65.164035914,0.015,8.444633881055097e-15
/epuck1/cmd_vel,65.172421271,0.015,8.444633881055097e-15
/epuck1/cmd_vel,65.181784335,0.015,8.444633881055097e-15
/epuck1/cmd_vel,65.191661203,0.015,8.444633881055097e-15
/epuck1/cmd_vel,65.197725344,0.015,8.444633881055097e-15
/epuck1/cmd_vel,65.21178114,0.015,8.444633881055097e-15
/epuck1/cmd_vel,65.216638074,0.015,8.444633881055097e-15
/epuck1/cmd_vel,65.231830078,0.015,8.444633881055097e-15
/epuck1/cmd_vel,65.237818819,0.015,8.444633881055097e-15
/epuck1/cmd_vel,65.24832389,0.015,8.444633881055097e-15
/epuck1/cmd_vel,65.255671441,0.015,8.444633881055097e-15
/epuck1/cmd_vel,65.26877243,0.015,8.444633881055097e-15
/epuck1/cmd_vel,65.27449287,0.015,8.444633881055097e-15
/epuck1/cmd_vel,65.283062428,0.015,8.444633881055097e-15
/epuck1/cmd_vel,65.292915596,0.015,8.444633881055097e-15
/epuck1/cmd_vel,65.302047858,0.015,8.444633881055097e-15
/epuck1/cmd_vel,65.307240494,0.015,8.444633881055097e-15
/epuck1/cmd_vel,65.318875573,0.015,8.444633881055097e-15
/epuck1/cmd_vel,65.323745107,0.015,8.444633881055097e-15
/epuck1/cmd_vel,65.337776903,0.015,8.444633881055097e-15
/epuck1/cmd_vel,65.342950238,0.015,8.444633881055097e-15
/epuck1/cmd_vel,65.357022934,0.015,8.444633881055097e-15
/epuck1/cmd_vel,65.364753587,0.015,8.444633881055097e-15
/epuck1/cmd_vel,65.373358046,0.015,8.444633881055097e-15
/epuck1/cmd_vel,65.381364801,0.015,8.444633881055097e-15
/epuck1/cmd_vel,65.390621664,0.015,8.444633881055097e-15
/epuck1/cmd_vel,65.399466525,0.015,8.444633881055097e-15
/epuck1/cmd_vel,65.408226885,0.015,8.444633881055097e-15
/epuck1/cmd_vel,65.414385727,0.015,8.444633881055097e-15
/epuck1/cmd_vel,65.425781205,0.015,8.444633881055097e-15
/epuck1/cmd_vel,65.43229645,0.015,8.444633881055097e-15
/epuck1/cmd_vel,65.446121844,0.015,8.444633881055097e-15
/epuck1/cmd_vel,65.453814397,0.015,8.444633881055097e-15
/epuck1/cmd_vel,65.463528063,0.015,8.444633881055097e-15
/epuck1/cmd_vel,65.470099308,0.015,8.444633881055097e-15
/epuck1/cmd_vel,65.48063598,0.015,8.444633881055097e-15
/epuck1/cmd_vel,65.485330613,0.015,8.444633881055097e-15
/epuck1/cmd_vel,65.498940506,0.015,8.444633881055097e-15
/epuck1/cmd_vel,65.503724438,0.015,8.444633881055097e-15
/epuck1/cmd_vel,65.514802914,0.015,8.444633881055097e-15
/epuck1/cmd_vel,65.522727569,0.015,8.444633881055097e-15
/epuck1/cmd_vel,65.528486108,0.015,8.444633881055097e-15
/epuck1/cmd_vel,65.538817679,0.015,8.444633881055097e-15
/epuck1/cmd_vel,65.548208843,0.015,8.444633881055097e-15
/epuck1/cmd_vel,65.55940372,0.015,8.444633881055097e-15
/epuck1/cmd_vel,65.567110272,0.015,8.444633881055097e-15
/epuck1/cmd_vel,65.572199907,0.015,8.444633881055097e-15
/epuck1/cmd_vel,65.583709486,0.015,8.444633881055097e-15
/epuck1/cmd_vel,65.591286638,0.015,8.444633881055097e-15
/epuck1/cmd_vel,65.600786903,0.015,8.444633881055097e-15
/epuck1/cmd_vel,65.606865144,0.015,8.444633881055097e-15
/epuck1/cmd_vel,65.614720698,0.015,8.444633881055097e-15
/epuck1/cmd_vel,65.622073048,0.015,8.444633881055097e-15
/epuck1/cmd_vel,65.630780408,0.015,8.444633881055097e-15
/epuck1/cmd_vel,65.637418754,0.015,8.444633881055097e-15
/epuck1/cmd_vel,65.647665024,0.015,8.444633881055097e-15
/epuck1/cmd_vel,65.652771859,0.015,8.444633881055097e-15
/epuck1/cmd_vel,65.664577339,0.015,8.444633881055097e-15
/epuck1/cmd_vel,65.669461473,0.015,8.444633881055097e-15
/epuck1/cmd_vel,65.681193353,0.015,8.444633881055097e-15
/epuck1/cmd_vel,65.687678798,0.015,8.444633881055097e-15
/epuck1/cmd_vel,65.697376364,0.015,8.444633881055097e-15
/epuck1/cmd_vel,65.702244297,0.015,8.444633881055097e-15
/epuck1/cmd_vel,65.714090578,0.015,8.444633881055097e-15
/epuck1/cmd_vel,65.721735331,0.015,8.444633881055097e-15
/epuck1/cmd_vel,65.733805513,0.015,8.444633881055097e-15
/epuck1/cmd_vel,65.738785447,0.015,8.444633881055097e-15
/epuck1/cmd_vel,65.752580141,0.015,8.444633881055097e-15
/epuck1/cmd_vel,65.757798977,0.015,8.444633881055097e-15
/epuck1/cmd_vel,65.766262033,0.015,8.444633881055097e-15
/epuck1/cmd_vel,65.77474259,0.015,8.444633881055097e-15
/epuck1/cmd_vel,65.782680044,0.015,8.444633881055097e-15
/epuck1/cmd_vel,65.787827778,0.015,8.444633881055097e-15
/epuck1/cmd_vel,65.798913553,0.015,8.444633881055097e-15
/epuck1/cmd_vel,65.805301996,0.015,8.444633881055097e-15
/epuck1/cmd_vel,65.817458777,0.015,8.444633881055097e-15
/epuck1/cmd_vel,65.822227809,0.015,8.444633881055097e-15
/epuck1/cmd_vel,65.830962168,0.015,8.444633881055097e-15
/epuck1/cmd_vel,65.839672426,0.015,8.444633881055097e-15
/epuck1/cmd_vel,65.851942109,0.015,8.444633881055097e-15
/epuck1/cmd_vel,65.86108877,0.015,8.444633881055097e-15
/epuck1/cmd_vel,65.869360026,0.015,8.444633881055097e-15
/epuck1/cmd_vel,65.875072864,0.015,8.444633881055097e-15
/epuck1/cmd_vel,65.888169052,0.015,8.444633881055097e-15
/epuck1/cmd_vel,65.894960098,0.015,8.444633881055097e-15
/epuck1/cmd_vel,65.907705783,0.015,8.444633881055097e-15
/epuck1/cmd_vel,65.913898725,0.015,8.444633881055097e-15
/epuck1/cmd_vel,65.926790512,0.015,8.444633881055097e-15
/epuck1/cmd_vel,65.932673251,0.015,8.444633881055097e-15
/epuck1/cmd_vel,65.940238002,0.015,8.444633881055097e-15
/epuck1/cmd_vel,65.951590578,0.015,8.444633881055097e-15
/epuck1/cmd_vel,65.958499925,0.015,8.444633881055097e-15
/epuck1/cmd_vel,65.970204203,0.015,8.444633881055097e-15
/epuck1/cmd_vel,65.977723954,0.015,8.444633881055097e-15
/epuck1/cmd_vel,65.985104903,0.015,8.444633881055097e-15
/epuck1/cmd_vel,65.997003783,0.015,8.444633881055097e-15
/epuck1/cmd_vel,66.003038024,0.015,8.444633881055097e-15
/epuck1/cmd_vel,66.01596061,0.015,8.444633881055097e-15
/epuck1/cmd_vel,66.022850057,0.015,8.444633881055097e-15
/epuck1/cmd_vel,66.033573329,0.015,8.444633881055097e-15
/epuck1/cmd_vel,66.040364674,0.015,8.444633881055097e-15
/epuck1/cmd_vel,66.054354168,0.015,8.444633881055097e-15
/epuck1/cmd_vel,66.059631204,0.015,8.444633881055097e-15
/epuck1/cmd_vel,66.070450976,0.015,8.444633881055097e-15
/epuck1/cmd_vel,66.07844843,0.015,8.444633881055097e-15
/epuck1/cmd_vel,66.087835293,0.015,8.444633881055097e-15
/epuck1/cmd_vel,66.095574945,0.015,8.444633881055097e-15
/epuck1/cmd_vel,66.110051542,0.015,8.444633881055097e-15
/epuck1/cmd_vel,66.112525759,0.015,8.444633881055097e-15
/epuck1/cmd_vel,66.124787541,0.015,8.444633881055097e-15
/epuck1/cmd_vel,66.130059377,0.015,8.444633881055097e-15
/epuck1/cmd_vel,66.14241866,0.015,8.444633881055097e-15
/epuck1/cmd_vel,66.147804696,0.015,8.444633881055097e-15
/epuck1/cmd_vel,66.155525848,0.015,8.444633881055097e-15
/epuck1/cmd_vel,66.163786503,0.015,8.444633881055097e-15
/epuck1/cmd_vel,66.174057772,0.015,8.444633881055097e-15
/epuck1/cmd_vel,66.179777411,0.015,8.444633881055097e-15
/epuck1/cmd_vel,66.191235388,0.015,8.444633881055097e-15
/epuck1/cmd_vel,66.197217128,0.015,8.444633881055097e-15
/epuck1/cmd_vel,66.207537297,0.015,8.444633881055097e-15
/epuck1/cmd_vel,66.213296436,0.015,8.444633881055097e-15
/epuck1/cmd_vel,66.222596298,0.015,8.444633881055097e-15
/epuck1/cmd_vel,66.230561052,0.015,8.444633881055097e-15
/epuck1/cmd_vel,66.239460312,0.015,8.444633881055097e-15
/epuck1/cmd_vel,66.246238357,0.015,8.444633881055097e-15
/epuck1/cmd_vel,66.261154857,0.015,8.444633881055097e-15
/epuck1/cmd_vel,66.26600629,0.015,8.444633881055097e-15
/epuck1/cmd_vel,66.277077764,0.015,8.444633881055097e-15
/epuck1/cmd_vel,66.282851303,0.015,8.444633881055097e-15
/epuck1/cmd_vel,66.297509701,0.015,8.444633881055097e-15
/epuck1/cmd_vel,66.302513535,0.015,8.444633881055097e-15
/epuck1/cmd_vel,66.312394401,0.015,8.444633881055097e-15
/epuck1/cmd_vel,66.320636857,0.015,8.444633881055097e-15
/epuck1/cmd_vel,66.331642631,0.015,8.444633881055097e-15
/epuck1/cmd_vel,66.341179795,0.015,8.444633881055097e-15
/epuck1/cmd_vel,66.351249362,0.015,8.444633881055097e-15
/epuck1/cmd_vel,66.361547732,0.015,8.444633881055097e-15
/epuck1/cmd_vel,66.369820487,0.015,8.444633881055097e-15
/epuck1/cmd_vel,66.375918728,0.015,8.444633881055097e-15
/epuck1/cmd_vel,66.386024096,0.015,8.444633881055097e-15
/epuck1/cmd_vel,66.39256494,0.015,8.444633881055097e-15
/epuck1/cmd_vel,66.40455082,0.015,8.444633881055097e-15
/epuck1/cmd_vel,66.411312666,0.015,8.444633881055097e-15
/epuck1/cmd_vel,66.421040731,0.015,8.444633881055097e-15
/epuck1/cmd_vel,66.430525495,0.015,8.444633881055097e-15
/epuck1/cmd_vel,66.441828571,0.015,8.444633881055097e-15
/epuck1/cmd_vel,66.448928518,0.015,8.444633881055097e-15
/epuck1/cmd_vel,66.457079273,0.015,8.444633881055097e-15
/epuck1/cmd_vel,66.462919412,0.015,8.444633881055097e-15
/epuck1/cmd_vel,66.474669691,0.015,8.444633881055097e-15
/epuck1/cmd_vel,66.478746519,0.015,8.444633881055097e-15
/epuck1/cmd_vel,66.488795086,0.015,8.444633881055097e-15
/epuck1/cmd_vel,66.498934354,0.015,8.444633881055097e-15
/epuck1/cmd_vel,66.504066689,0.015,8.444633881055097e-15
/epuck1/cmd_vel,66.509989629,0.015,8.444633881055097e-15
/epuck1/cmd_vel,66.5206729,0.015,8.444633881055097e-15
/epuck1/cmd_vel,66.526964543,0.015,8.444633881055097e-15
/epuck1/cmd_vel,66.539522327,0.015,8.444633881055097e-15
/epuck1/cmd_vel,66.547319379,0.015,8.444633881055097e-15
/epuck1/cmd_vel,66.554735429,0.015,8.444633881055097e-15
/epuck1/cmd_vel,66.565111999,0.015,8.444633881055097e-15
/epuck1/cmd_vel,66.574709063,0.015,8.444633881055097e-15
/epuck1/cmd_vel,66.587466149,0.015,8.444633881055097e-15
/epuck1/cmd_vel,66.594122894,0.015,8.444633881055097e-15
/epuck1/cmd_vel,66.603875559,0.015,8.444633881055097e-15
/epuck1/cmd_vel,66.61297572,0.015,8.444633881055097e-15
/epuck1/cmd_vel,66.616924747,0.015,8.444633881055097e-15
/epuck1/cmd_vel,66.630660839,0.015,8.444633881055097e-15
/epuck1/cmd_vel,66.63832729,0.015,8.444633881055097e-15
/epuck1/cmd_vel,66.650784874,0.015,8.444633881055097e-15
/epuck1/cmd_vel,66.65768252,0.015,8.444633881055097e-15
/epuck1/cmd_vel,66.670850509,0.015,8.444633881055097e-15
/epuck1/cmd_vel,66.677417753,0.015,8.444633881055097e-15
/epuck1/cmd_vel,66.685809309,0.015,8.444633881055097e-15
/epuck1/cmd_vel,66.695259873,0.015,8.444633881055097e-15
/epuck1/cmd_vel,66.704402034,0.015,8.444633881055097e-15
/epuck1/cmd_vel,66.711659983,0.015,8.444633881055097e-15
/epuck1/cmd_vel,66.721869652,0.015,8.444633881055097e-15
/epuck1/cmd_vel,66.728696697,0.015,8.444633881055097e-15
/epuck1/cmd_vel,66.741154781,0.015,8.444633881055097e-15
/epuck1/cmd_vel,66.747284622,0.015,8.444633881055097e-15
/epuck1/cmd_vel,66.761405016,0.015,8.444633881055097e-15
/epuck1/cmd_vel,66.770246274,0.015,8.444633881055097e-15
/epuck1/cmd_vel,66.782895857,0.015,8.444633881055097e-15
/epuck1/cmd_vel,66.787619689,0.015,8.444633881055097e-15
/epuck1/cmd_vel,66.799675868,0.015,8.444633881055097e-15
/epuck1/cmd_vel,66.806449013,0.015,8.444633881055097e-15
/epuck1/cmd_vel,66.816103276,0.015,8.444633881055097e-15
/epuck1/cmd_vel,66.824899134,0.015,8.444633881055097e-15
/epuck1/cmd_vel,66.835878607,0.015,8.444633881055097e-15
/epuck1/cmd_vel,66.844092861,0.015,8.444633881055097e-15
/epuck1/cmd_vel,66.85313092,0.015,8.444633881055097e-15
/epuck1/cmd_vel,66.858106253,0.015,8.444633881055097e-15
/epuck1/cmd_vel,66.869189926,0.015,8.444633881055097e-15
/epuck1/cmd_vel,66.874670362,0.015,8.444633881055097e-15
/epuck1/cmd_vel,66.882903017,0.015,8.444633881055097e-15
/epuck1/cmd_vel,66.893225585,0.015,8.444633881055097e-15
/epuck1/cmd_vel,66.901091736,0.015,8.444633881055097e-15
/epuck1/cmd_vel,66.909748693,0.015,8.444633881055097e-15
/epuck1/cmd_vel,66.919538658,0.015,8.444633881055097e-15
/epuck1/cmd_vel,66.924889993,0.015,8.444633881055097e-15
/epuck1/cmd_vel,66.935773065,0.015,8.444633881055097e-15
/epuck1/cmd_vel,66.940933999,0.015,8.444633881055097e-15
/epuck1/cmd_vel,66.953612783,0.015,8.444633881055097e-15
/epuck1/cmd_vel,66.961594435,0.015,8.444633881055097e-15
/epuck1/cmd_vel,66.973688315,0.015,8.444633881055097e-15
/epuck1/cmd_vel,66.979809855,0.015,8.444633881055097e-15
/epuck1/cmd_vel,66.990479025,0.015,8.444633881055097e-15
/epuck1/cmd_vel,66.998115676,0.015,8.444633881055097e-15
/epuck1/cmd_vel,67.006594732,0.015,8.444633881055097e-15
/epuck1/cmd_vel,67.012038268,0.015,8.444633881055097e-15
/epuck1/cmd_vel,67.023588644,0.015,8.444633881055097e-15
/epuck1/cmd_vel,67.030866392,0.015,8.444633881055097e-15
/epuck1/cmd_vel,67.046257493,0.015,8.444633881055097e-15
/epuck1/cmd_vel,67.053232739,0.015,8.444633881055097e-15
/epuck1/cmd_vel,67.068252038,0.015,8.444633881055097e-15
/epuck1/cmd_vel,67.078243804,0.015,8.444633881055097e-15
/epuck1/cmd_vel,67.091007688,0.015,8.444633881055097e-15
/epuck1/cmd_vel,67.097753732,0.015,8.444633881055097e-15
/epuck1/cmd_vel,67.109862312,0.015,8.444633881055097e-15
/epuck1/cmd_vel,67.117557563,0.015,8.444633881055097e-15
/epuck1/cmd_vel,67.130964251,0.015,8.444633881055097e-15
/epuck1/cmd_vel,67.138105698,0.015,8.444633881055097e-15
/epuck1/cmd_vel,67.148009964,0.015,8.444633881055097e-15
/epuck1/cmd_vel,67.155830315,0.015,8.444633881055097e-15
/epuck1/cmd_vel,67.165200377,0.015,8.444633881055097e-15
/epuck1/cmd_vel,67.174915341,0.015,8.444633881055097e-15
/epuck1/cmd_vel,67.182630692,0.015,8.444633881055097e-15
/epuck1/cmd_vel,67.189205035,0.015,8.444633881055097e-15
/epuck1/cmd_vel,67.203006726,0.015,8.444633881055097e-15
/epuck1/cmd_vel,67.209077866,0.015,8.444633881055097e-15
/epuck1/cmd_vel,67.219193133,0.015,8.444633881055097e-15
/epuck1/cmd_vel,67.225509974,0.015,8.444633881055097e-15
/epuck1/cmd_vel,67.233698628,0.015,8.444633881055097e-15
/epuck1/cmd_vel,67.243724294,0.015,8.444633881055097e-15
/epuck1/cmd_vel,67.254487765,0.015,8.444633881055097e-15
/epuck1/cmd_vel,67.264614232,0.015,8.444633881055097e-15
/epuck1/cmd_vel,67.275123601,0.015,8.444633881055097e-15
/epuck1/cmd_vel,67.285249568,0.015,8.444633881055097e-15
/epuck1/cmd_vel,67.291349608,0.015,8.444633881055097e-15
/epuck1/cmd_vel,67.29771565,0.015,8.444633881055097e-15
/epuck1/cmd_vel,67.31138294,0.015,8.444633881055097e-15
/epuck1/cmd_vel,67.314199959,0.015,8.444633881055097e-15
/epuck1/cmd_vel,67.323252619,0.015,8.444633881055097e-15
/epuck1/cmd_vel,67.333546786,0.015,8.444633881055097e-15
/epuck1/cmd_vel,67.342491045,0.015,8.444633881055097e-15
/epuck1/cmd_vel,67.3507734,0.015,8.444633881055097e-15
/epuck1/cmd_vel,67.360300063,0.015,8.444633881055097e-15
/epuck1/cmd_vel,67.366875006,0.015,8.444633881055097e-15
/epuck1/cmd_vel,67.378791485,0.015,8.444633881055097e-15
/epuck1/cmd_vel,67.385516229,0.015,8.444633881055097e-15
/epuck1/cmd_vel,67.396969204,0.015,8.444633881055097e-15
/epuck1/cmd_vel,67.402702142,0.015,8.444633881055097e-15
/epuck1/cmd_vel,67.416545933,0.015,8.444633881055097e-15
/epuck1/cmd_vel,67.423849582,0.015,8.444633881055097e-15
/epuck1/cmd_vel,67.438911781,0.015,8.444633881055097e-15
/epuck1/cmd_vel,67.444093615,0.015,8.444633881055097e-15
/epuck1/cmd_vel,67.453698678,0.015,8.444633881055097e-15
/epuck1/cmd_vel,67.46306044,0.015,8.444633881055097e-15
/epuck1/cmd_vel,67.474259714,0.015,8.444633881055097e-15
/epuck1/cmd_vel,67.483808377,0.015,8.444633881055097e-15
/epuck1/cmd_vel,67.49340724,0.015,8.444633881055097e-15
/epuck1/cmd_vel,67.501404993,0.015,8.444633881055097e-15
/epuck1/cmd_vel,67.509751048,0.015,8.444633881055097e-15
/epuck1/cmd_vel,67.514746681,0.015,8.444633881055097e-15
/epuck1/cmd_vel,67.528068368,0.015,8.444633881055097e-15
/epuck1/cmd_vel,67.534496811,0.015,8.444633881055097e-15
/epuck1/cmd_vel,67.544282275,0.015,8.444633881055097e-15
/epuck1/cmd_vel,67.549293908,0.015,8.444633881055097e-15
/epuck1/cmd_vel,67.565733817,0.015,8.444633881055097e-15
/epuck1/cmd_vel,67.568501635,0.015,8.444633881055097e-15
/epuck1/cmd_vel,67.578613602,0.015,8.444633881055097e-15
/epuck1/cmd_vel,67.588227265,0.015,8.444633881055097e-15
/epuck1/cmd_vel,67.598434232,0.015,8.444633881055097e-15
/epuck1/cmd_vel,67.608535199,0.015,8.444633881055097e-15
/epuck1/cmd_vel,67.616718953,0.015,8.444633881055097e-15
/epuck1/cmd_vel,67.621958887,0.015,8.444633881055097e-15
/epuck1/cmd_vel,67.636567183,0.015,8.444633881055097e-15
/epuck1/cmd_vel,67.642272621,0.015,8.444633881055097e-15
/epuck1/cmd_vel,67.654563802,0.015,8.444633881055097e-15
/epuck1/cmd_vel,67.659232333,0.015,8.444633881055097e-15
/epuck1/cmd_vel,67.669860403,0.015,8.444633881055097e-15
/epuck1/cmd_vel,67.679744468,0.015,8.444633881055097e-15
/epuck1/cmd_vel,67.688748827,0.015,8.444633881055097e-15
/epuck1/cmd_vel,67.698953895,0.015,8.444633881055097e-15
/epuck1/cmd_vel,67.708780559,0.015,8.444633881055097e-15
/epuck1/cmd_vel,67.714780099,0.015,8.444633881055097e-15
/epuck1/cmd_vel,67.727578383,0.015,8.444633881055097e-15
/epuck1/cmd_vel,67.73312382,0.015,8.444633881055097e-15
/epuck1/cmd_vel,67.746677309,0.015,8.444633881055097e-15
/epuck1/cmd_vel,67.751201939,0.015,8.444633881055097e-15
/epuck1/cmd_vel,67.763932621,0.015,8.444633881055097e-15
/epuck1/cmd_vel,67.769376656,0.015,8.444633881055097e-15
/epuck1/cmd_vel,67.776595103,0.015,8.444633881055097e-15
/epuck1/cmd_vel,67.785486361,0.015,8.444633881055097e-15
/epuck1/cmd_vel,67.794556519,0.015,8.444633881055097e-15
/epuck1/cmd_vel,67.80087346,0.015,8.444633881055097e-15
/epuck1/cmd_vel,67.813457241,0.015,8.444633881055097e-15
/epuck1/cmd_vel,67.820274386,0.015,8.444633881055097e-15
/epuck1/cmd_vel,67.832147862,0.015,8.444633881055097e-15
/epuck1/cmd_vel,67.841613624,0.015,8.444633881055097e-15
/epuck1/cmd_vel,67.850231879,0.015,8.444633881055097e-15
/epuck1/cmd_vel,67.85655042,0.015,8.444633881055097e-15
/epuck1/cmd_vel,67.865979381,0.015,8.444633881055097e-15
/epuck1/cmd_vel,67.876221647,0.015,8.444633881055097e-15
/epuck1/cmd_vel,67.886449013,0.015,8.444633881055097e-15
/epuck1/cmd_vel,67.894292164,0.015,8.444633881055097e-15
/epuck1/cmd_vel,67.904297229,0.015,8.444633881055097e-15
/epuck1/cmd_vel,67.910004066,0.015,8.444633881055097e-15
/epuck1/cmd_vel,67.92141494,0.015,8.444633881055097e-15
/epuck1/cmd_vel,67.926954875,0.015,8.444633881055097e-15
/epuck1/cmd_vel,67.93852495,0.015,8.444633881055097e-15
/epuck1/cmd_vel,67.945628296,0.015,8.444633881055097e-15
/epuck1/cmd_vel,67.958325778,0.01377123210000036,-0.049150715999977106
/epuck1/cmd_vel,67.964427418,0.013134777999996457,-0.06824433900009419
/epuck1/cmd_vel,67.973309775,0.01230570259999922,-0.09311660100001129
/epuck1/cmd_vel,67.982585135,0.0113868366999975,-0.12068257800006288
/epuck1/cmd_vel,67.991588993,0.010479360799998855,-0.1479068550000222
/epuck1/cmd_vel,68.002682865,0.01,-0.1831594830000456
/epuck1/cmd_vel,68.011021519,0.01,-0.20789854200005786
/epuck1/cmd_vel,68.016261153,0.01,-0.22398494700001104
/epuck1/cmd_vel,68.027272024,0.01,-0.2570472600000273
/epuck1/cmd_vel,68.034865173,0.01,-0.27427997400012893
/epuck1/cmd_vel,68.045833644,0.01,-0.3130375229999829
/epuck1/cmd_vel,68.053078091,0.01,-0.3328895520000317
/epuck1/cmd_vel,68.061937548,0.01,-0.359553423000071
/epuck1/cmd_vel,68.070670105,0.01,-0.3839240820001266
/epuck1/cmd_vel,68.081103872,0.01,-0.41868110700010286
/epuck1/cmd_vel,68.090934736,0.01,-0.4478784960000355
/epuck1/cmd_vel,68.099127989,0.01,-0.45
/epuck1/cmd_vel,68.105352329,0.01,-0.45
/epuck1/cmd_vel,68.1162612,0.01,-0.45
/epuck1/cmd_vel,68.121196031,0.01,-0.45
/epuck1/cmd_vel,68.133047108,0.01,-0.45
/epuck1/cmd_vel,68.137854239,0.01,-0.45
/epuck1/cmd_vel,68.148936011,0.01,-0.45
/epuck1/cmd_vel,68.158402772,0.01,-0.45
/epuck1/cmd_vel,68.169042341,0.01,-0.45
/epuck1/cmd_vel,68.178787304,0.01,-0.45
/epuck1/cmd_vel,68.187895963,0.01,-0.45
/epuck1/cmd_vel,68.199403437,0.01,-0.45
/epuck1/cmd_vel,68.2091289,0.01,-0.45
/epuck1/cmd_vel,68.215953044,0.01,-0.45
/epuck1/cmd_vel,68.229945835,0.01,-0.45
/epuck1/cmd_vel,68.234309363,0.01,-0.45
/epuck1/cmd_vel,68.248820057,0.01,-0.45
/epuck1/cmd_vel,68.256659907,0.01,-0.45
/epuck1/cmd_vel,68.268555384,0.01,-0.45
/epuck1/cmd_vel,68.276324435,0.01,-0.45
/epuck1/cmd_vel,68.283545381,0.01,-0.45
/epuck1/cmd_vel,68.293787348,0.01,-0.45
/epuck1/cmd_vel,68.303633311,0.01,-0.45
/epuck1/cmd_vel,68.31429978,0.01,-0.45
/epuck1/cmd_vel,68.324687047,0.01,-0.45
/epuck1/cmd_vel,68.333456104,0.01,-0.45
/epuck1/cmd_vel,68.341676157,0.01,-0.45
/epuck1/cmd_vel,68.348840004,0.01,-0.45
/epuck1/cmd_vel,68.360599858,0.008777973599999314,-0.40111894399997255
/epuck1/cmd_vel,68.368621625,0.007961876899995559,-0.3684750759998224
/epuck1/cmd_vel,68.382737067,0.006548442699997849,-0.311937707999914
/epuck1/cmd_vel,68.39174443,0.006,-0.3
/epuck1/cmd_vel,68.399980896,0.006,-0.3
/epuck1/cmd_vel,68.40635357,0.006,-0.3
/epuck1/cmd_vel,68.415574732,0.006,-0.3
/epuck1/cmd_vel,68.424257197,0.006,-0.3
/epuck1/cmd_vel,68.433345159,0.006,-0.3
/epuck1/cmd_vel,68.44292742,0.006,-0.3
/epuck1/cmd_vel,68.451753084,0.006,-0.3
/epuck1/cmd_vel,68.46004695,0.006,-0.3
/epuck1/cmd_vel,68.471564602,0.006,-0.3
/epuck1/cmd_vel,68.477998176,0.006,-0.3
/epuck1/cmd_vel,68.489714728,0.006,-0.3
/epuck1/cmd_vel,68.493646212,0.006,-0.3
/epuck1/cmd_vel,68.502919974,0.006,-0.3
/epuck1/cmd_vel,68.51122224,0.006,-0.3
/epuck1/cmd_vel,68.523920688,0.006,-0.3
/epuck1/cmd_vel,68.532135854,0.006,-0.3
/epuck1/cmd_vel,68.541823514,0.006,-0.3
/epuck1/cmd_vel,68.551796073,0.006,-0.3
/epuck1/cmd_vel,68.560566137,0.006,-0.3
/epuck1/cmd_vel,68.566557813,0.006,-0.3
/epuck1/cmd_vel,68.577945666,0.006,-0.3
/epuck1/cmd_vel,68.585707534,0.006,-0.3
/epuck1/cmd_vel,68.598669681,0.006,-0.3
/epuck1/cmd_vel,68.603548961,0.006,-0.3
/epuck1/cmd_vel,68.61585231,0.006,-0.3
/epuck1/cmd_vel,68.621435187,0.006,-0.3
/epuck1/cmd_vel,68.632074844,0.006,-0.3
/epuck1/cmd_vel,68.639360614,0.006,-0.3
/epuck1/cmd_vel,68.647467081,0.006,-0.3
/epuck1/cmd_vel,68.652997758,0.006,-0.3
/epuck1/cmd_vel,68.664837309,0.006,-0.3
/epuck1/cmd_vel,68.669911189,0.006,-0.3
/epuck1/cmd_vel,68.681266042,0.006,-0.3
/epuck1/cmd_vel,68.687274817,0.006,-0.3
/epuck1/cmd_vel,68.69627948,0.006,-0.3
/epuck1/cmd_vel,68.705296443,0.006,-0.3
/epuck1/cmd_vel,68.714802704,0.006,-0.3
/epuck1/cmd_vel,68.722414273,0.006,-0.3
/epuck1/cmd_vel,68.73057884,0.006,-0.3
/epuck1/cmd_vel,68.736845514,0.006,-0.3
/epuck1/cmd_vel,68.748479766,0.006,-0.3
/epuck1/cmd_vel,68.756456533,0.006,-0.3
/epuck1/cmd_vel,68.770568273,0.006,-0.3
/epuck1/cmd_vel,68.776301349,0.006,-0.3
/epuck1/cmd_vel,68.791499385,0.006,-0.3
/epuck1/cmd_vel,68.797699759,0.006,-0.3
/epuck1/cmd_vel,68.808395813,0.006,-0.3
/epuck1/cmd_vel,68.815669983,0.006,-0.3
/epuck1/cmd_vel,68.824858844,0.006,-0.3
/epuck1/cmd_vel,68.834994601,0.006,-0.3
/epuck1/cmd_vel,68.843952963,0.006,-0.3
/epuck1/cmd_vel,68.852107429,0.006,-0.3
/epuck1/cmd_vel,68.861803788,0.006,-0.3
/epuck1/cmd_vel,68.869158057,0.006,-0.3
/epuck1/cmd_vel,68.880487809,0.006,-0.3
/epuck1/cmd_vel,68.88499119,0.006,-0.3
/epuck1/cmd_vel,68.898046335,0.006,-0.3
/epuck1/cmd_vel,68.906740098,0.006,-0.3
/epuck1/cmd_vel,68.917205954,0.006,-0.3
/epuck1/cmd_vel,68.922130833,0.006,-0.3
/epuck1/cmd_vel,68.93224459,0.006,-0.3
/epuck1/cmd_vel,68.942821345,0.006,-0.3
/epuck1/cmd_vel,68.950247814,0.006,-0.3
/epuck1/cmd_vel,68.95581109,0.006,-0.3
/epuck1/cmd_vel,68.968883335,0.006,-0.3
/epuck1/cmd_vel,68.974241113,0.006,-0.3
/epuck1/cmd_vel,68.986056763,0.006,-0.3
/epuck1/cmd_vel,68.991971238,0.006,-0.3
/epuck1/cmd_vel,69.004456185,0.006,-0.3
/epuck1/cmd_vel,69.010703459,0.006,-0.3
/epuck1/cmd_vel,69.019271622,0.006,-0.3
/epuck1/cmd_vel,69.028542483,0.006,-0.3
/epuck1/cmd_vel,69.037908844,0.006,-0.3
/epuck1/cmd_vel,69.046261208,0.006,-0.3
/epuck1/cmd_vel,69.056894263,0.006,-0.3
/epuck1/cmd_vel,69.06254284,0.006,-0.3
/epuck1/cmd_vel,69.076169582,0.006,-0.3
/epuck1/cmd_vel,69.080816262,0.006,-0.3
/epuck1/cmd_vel,69.093343009,0.006,-0.3
/epuck1/cmd_vel,69.099326184,0.006,-0.3
/epuck1/cmd_vel,69.111810031,0.006,-0.3
/epuck1/cmd_vel,69.117745906,0.006,-0.3
/epuck1/cmd_vel,69.125731573,0.006,-0.3
/epuck1/cmd_vel,69.136669726,0.006,-0.3
/epuck1/cmd_vel,69.148267077,0.006,-0.3
/epuck1/cmd_vel,69.159194331,0.006,-0.3
/epuck1/cmd_vel,69.167977194,0.006,-0.3
/epuck1/cmd_vel,69.177117455,0.006,-0.3
/epuck1/cmd_vel,69.184554424,0.006,-0.3
/epuck1/cmd_vel,69.191143196,0.006,-0.3
/epuck1/cmd_vel,69.20215285,0.006,-0.3
/epuck1/cmd_vel,69.20688563,0.006,-0.3
/epuck1/cmd_vel,69.219540376,0.006,-0.3
/epuck1/cmd_vel,69.225565351,0.006,-0.3
/epuck1/cmd_vel,69.233869916,0.006,-0.3
/epuck1/cmd_vel,69.242736378,0.006,-0.3
/epuck1/cmd_vel,69.251267742,0.006,-0.3
/epuck1/cmd_vel,69.256062422,0.006,-0.3
/epuck1/cmd_vel,69.270135062,0.006,-0.3
/epuck1/cmd_vel,69.275258241,0.006,-0.3
/epuck1/cmd_vel,69.28953048,0.006,-0.3
/epuck1/cmd_vel,69.29434296,0.006,-0.3
/epuck1/cmd_vel,69.3086213,0.006,-0.3
/epuck1/cmd_vel,69.314973873,0.006,-0.3
/epuck1/cmd_vel,69.323770936,0.006,-0.3
/epuck1/cmd_vel,69.332555599,0.006,-0.3
/epuck1/cmd_vel,69.342142058,0.006,-0.3
/epuck1/cmd_vel,69.351432619,0.006479848000000516,-0.26161215999995874
/epuck1/cmd_vel,69.361834675,0.006947016000000645,-0.22423871999994843
/epuck1/cmd_vel,69.367966149,0.007283279599999787,-0.19733763200001703
/epuck1/cmd_vel,69.381039194,0.007931836849999513,-0.14545305200003894
/epuck1/cmd_vel,69.387539066,0.008263310449998812,-0.11893516400009502
/epuck1/cmd_vel,69.398250921,0.008812543150000124,-0.07499654799999006
/epuck1/cmd_vel,69.403776398,0.009082276999998612,-0.053417840000111017
/epuck1/cmd_vel,69.416191245,0.00968637445000104,-0.0050900439999168046
/epuck1/cmd_vel,69.422401019,0.01,0.0
/epuck1/cmd_vel,69.430665784,0.01,0.0
/epuck1/cmd_vel,69.438576151,0.01,0.0
/epuck1/cmd_vel,69.447001415,0.01,0.0
/epuck1/cmd_vel,69.452280493,0.01,0.0
/epuck1/cmd_vel,69.464495941,0.01,0.0
/epuck1/cmd_vel,69.470993214,0.01,0.0
/epuck1/cmd_vel,69.483874159,0.01,0.0
/epuck1/cmd_vel,69.488991238,0.01,0.0
/epuck1/cmd_vel,69.497275003,0.01,0.0
/epuck1/cmd_vel,69.506716263,0.01,0.0
/epuck1/cmd_vel,69.514812129,0.01,0.0
/epuck1/cmd_vel,69.519430109,0.01,0.0
/epuck1/cmd_vel,69.530392563,0.01,0.0
/epuck1/cmd_vel,69.535606641,0.01,0.0
/epuck1/cmd_vel,69.547891289,0.01,0.0
/epuck1/cmd_vel,69.552738368,0.01,0.0
/epuck1/cmd_vel,69.563168524,0.01,0.0
/epuck1/cmd_vel,69.572986283,0.01,0.0
/epuck1/cmd_vel,69.58304974,0.01,0.0
/epuck1/cmd_vel,69.591360705,0.01,0.0
/epuck1/cmd_vel,69.599809869,0.01,0.0
/epuck1/cmd_vel,69.605011847,0.01,0.0
/epuck1/cmd_vel,69.616861997,0.01,0.0
/epuck1/cmd_vel,69.622830472,0.01,0.0
/epuck1/cmd_vel,69.635347719,0.01,0.0
/epuck1/cmd_vel,69.639694101,0.01,0.0
/epuck1/cmd_vel,69.652184348,0.01,0.0
/epuck1/cmd_vel,69.659985315,0.01,0.0
/epuck1/cmd_vel,69.67548985,0.01,0.0
/epuck1/cmd_vel,69.685246308,0.01,0.0
/epuck1/cmd_vel,69.698180254,0.01,0.0
/epuck1/cmd_vel,69.700919842,0.01,0.0
/epuck1/cmd_vel,69.710941,0.01,0.0
/epuck1/cmd_vel,69.719579663,0.01,0.0
/epuck1/cmd_vel,69.729017624,0.01,0.0
/epuck1/cmd_vel,69.737547987,0.01,0.0
/epuck1/cmd_vel,69.748588041,0.01,0.0
/epuck1/cmd_vel,69.758937996,0.01,0.0
/epuck1/cmd_vel,69.767743158,0.01,0.0
/epuck1/cmd_vel,69.773239634,0.01,0.0
/epuck1/cmd_vel,69.786947274,0.01,0.0
/epuck1/cmd_vel,69.793483446,0.01,0.0
/epuck1/cmd_vel,69.804346099,0.01,0.0
/epuck1/cmd_vel,69.811463468,0.01,0.0
/epuck1/cmd_vel,69.825408907,0.01,0.0
/epuck1/cmd_vel,69.828763593,0.01,0.0
/epuck1/cmd_vel,69.838198052,0.01,0.0
/epuck1/cmd_vel,69.847081713,0.01,0.0
/epuck1/cmd_vel,69.857114169,0.01,0.0
/epuck1/cmd_vel,69.862591446,0.01,0.0
/epuck1/cmd_vel,69.874739193,0.01,0.0
/epuck1/cmd_vel,69.880596567,0.01,0.0
/epuck1/cmd_vel,69.893486111,0.01,0.0
/epuck1/cmd_vel,69.899720084,0.01,0.0
/epuck1/cmd_vel,69.911689332,0.01,0.0
/epuck1/cmd_vel,69.918370103,0.01,0.0
/epuck1/cmd_vel,69.92614537,0.01,0.0
/epuck1/cmd_vel,69.935777328,0.01,0.0
/epuck1/cmd_vel,69.943431194,0.01,0.0
/epuck1/cmd_vel,69.952588155,0.01,0.0
/epuck1/cmd_vel,69.96283401,0.01,0.0
/epuck1/cmd_vel,69.969578081,0.01,0.0
/epuck1/cmd_vel,69.983194522,0.01,0.0
/epuck1/cmd_vel,69.991078687,0.01,0.0
/epuck1/cmd_vel,70.000511346,0.01,0.0
/epuck1/cmd_vel,70.007112418,0.01,0.0
/epuck1/cmd_vel,70.014633285,0.01,0.0
/epuck1/cmd_vel,70.02272285,0.01,0.0
/epuck1/cmd_vel,70.030715015,0.01,0.0
/epuck1/cmd_vel,70.035695593,0.01,0.0
/epuck1/cmd_vel,70.046855845,0.01,0.0
/epuck1/cmd_vel,70.052330121,0.01,0.0
/epuck1/cmd_vel,70.064673868,0.01,0.0
/epuck1/cmd_vel,70.070269643,0.01,0.0
/epuck1/cmd_vel,70.078559507,0.01,0.0
/epuck1/cmd_vel,70.088259865,0.01,0.0
/epuck1/cmd_vel,70.095561233,0.01,0.0
/epuck1/cmd_vel,70.101429408,0.01,0.0
/epuck1/cmd_vel,70.114197652,0.01,0.0
/epuck1/cmd_vel,70.118731533,0.01,0.0
/epuck1/cmd_vel,70.129268587,0.01,0.0
/epuck1/cmd_vel,70.136105257,0.01,0.0
/epuck1/cmd_vel,70.143348226,0.01,0.0
/epuck1/cmd_vel,70.153340582,0.01,0.0
/epuck1/cmd_vel,70.160888849,0.01,0.0
/epuck1/cmd_vel,70.166574225,0.01,0.0
/epuck1/cmd_vel,70.177915075,0.01,0.0
/epuck1/cmd_vel,70.182460656,0.01,0.0
/epuck1/cmd_vel,70.192142914,0.01,0.0
/epuck1/cmd_vel,70.200463878,0.01,0.0
/epuck1/cmd_vel,70.20905434,0.01,0.0
/epuck1/cmd_vel,70.218940597,0.01,0.0
/epuck1/cmd_vel,70.226946162,0.01,0.0
/epuck1/cmd_vel,70.233103936,0.01,0.0
/epuck1/cmd_vel,70.244533386,0.01,0.0
/epuck1/cmd_vel,70.25055046,0.01,0.0
/epuck1/cmd_vel,70.262340409,0.01,0.0
/epuck1/cmd_vel,70.269326378,0.01,0.0
/epuck1/cmd_vel,70.27822784,0.01,0.0
/epuck1/cmd_vel,70.287096201,0.01,0.0
/epuck1/cmd_vel,70.295548464,0.01,0.0
/epuck1/cmd_vel,70.300222044,0.01,0.0
/epuck1/cmd_vel,70.311995993,0.01,0.0
/epuck1/cmd_vel,70.318867563,0.01,0.0
/epuck1/cmd_vel,70.330509112,0.01,0.0
/epuck1/cmd_vel,70.335521091,0.01,0.0
/epuck1/cmd_vel,70.345250148,0.01,0.0
/epuck1/cmd_vel,70.352971315,0.01,0.0
/epuck1/cmd_vel,70.362225975,0.01,0.0
/epuck1/cmd_vel,70.372108632,0.01,0.0
/epuck1/cmd_vel,70.379996297,0.01,0.0
/epuck1/cmd_vel,70.386117571,0.01,0.0
/epuck1/cmd_vel,70.399973211,0.01,0.0
/epuck1/cmd_vel,70.40699348,0.01,0.0
/epuck1/cmd_vel,70.421241518,0.01,0.0
/epuck1/cmd_vel,70.428688186,0.01,0.0
/epuck1/cmd_vel,70.442903624,0.01,0.0
/epuck1/cmd_vel,70.450271192,0.01,0.0
/epuck1/cmd_vel,70.461972441,0.01,0.0
/epuck1/cmd_vel,70.469902007,0.01,0.0
/epuck1/cmd_vel,70.48073006,0.01,0.0
/epuck1/cmd_vel,70.486837333,0.01,0.0
/epuck1/cmd_vel,70.499745577,0.01,0.0
/epuck1/cmd_vel,70.505557152,0.01,0.0
/epuck1/cmd_vel,70.51287292,0.01,0.0
/epuck1/cmd_vel,70.523966472,0.01,0.0
/epuck1/cmd_vel,70.530522443,0.01,0.0
/epuck1/cmd_vel,70.534718425,0.01,0.0
/epuck1/cmd_vel,70.546107876,0.01,0.0
/epuck1/cmd_vel,70.552186249,0.01,0.0
/epuck1/cmd_vel,70.55882722,0.01,0.0
/epuck1/cmd_vel,70.568241479,0.01,0.0
/epuck1/cmd_vel,70.581127523,0.01,0.0
/epuck1/cmd_vel,70.587982094,0.01,0.0
/epuck1/cmd_vel,70.596502057,0.01,0.0
/epuck1/cmd_vel,70.60262383,0.01,0.0
/epuck1/cmd_vel,70.614367779,0.01,0.0
/epuck1/cmd_vel,70.619275758,0.01,0.0
/epuck1/cmd_vel,70.631293705,0.01,0.0
/epuck1/cmd_vel,70.636855981,0.01,0.0
/epuck1/cmd_vel,70.645709243,0.01,0.0
/epuck1/cmd_vel,70.65319471,0.01,0.0
/epuck1/cmd_vel,70.663788764,0.01,0.0
/epuck1/cmd_vel,70.668319345,0.01,0.0
/epuck1/cmd_vel,70.680430892,0.01,0.0
/epuck1/cmd_vel,70.686986563,0.01,0.0
/epuck1/cmd_vel,70.702170597,0.01,0.0
/epuck1/cmd_vel,70.709606765,0.01,0.0
/epuck1/cmd_vel,70.720689517,0.01,0.0
/epuck1/cmd_vel,70.72693249,0.01,0.0
/epuck1/cmd_vel,70.736243449,0.01,0.0
/epuck1/cmd_vel,70.747009303,0.01,0.0
/epuck1/cmd_vel,70.757434156,0.01,0.0
/epuck1/cmd_vel,70.767725011,0.01,0.0
/epuck1/cmd_vel,70.779804557,0.01,0.0
/epuck1/cmd_vel,70.785235432,0.01,0.0
/epuck1/cmd_vel,70.793335496,0.01,0.0
/epuck1/cmd_vel,70.802525255,0.01,0.0
/epuck1/cmd_vel,70.813904904,0.01,0.0
/epuck1/cmd_vel,70.819956777,0.01,0.01654192499995588
/epuck1/cmd_vel,70.833828615,0.01,0.0571485450000182
/epuck1/cmd_vel,70.83952839,0.01,0.07634545800004844
/epuck1/cmd_vel,70.850469241,0.01,0.10916861099997277
/epuck1/cmd_vel,70.857022612,0.01,0.12876032400009763
/epuck1/cmd_vel,70.865866172,0.01,0.15481731000011223
/epuck1/cmd_vel,70.875971927,0.01,0.18
/epuck1/cmd_vel,70.885828283,0.01,0.18
/epuck1/cmd_vel,70.895170342,0.01,0.18
/epuck1/cmd_vel,70.90232241,0.01,0.18
/epuck1/cmd_vel,70.907837385,0.01,0.18
/epuck1/cmd_vel,70.919333334,0.01,0.18
/epuck1/cmd_vel,70.924929109,0.01,0.18
/epuck1/cmd_vel,70.937249054,0.01,0.18
/epuck1/cmd_vel,70.942181832,0.01,0.18
/epuck1/cmd_vel,70.951347591,0.01,0.18
/epuck1/cmd_vel,70.960704149,0.01,0.18
/epuck1/cmd_vel,70.96943521,0.01,0.18
/epuck1/cmd_vel,70.977577274,0.01,0.18
/epuck1/cmd_vel,70.986478834,0.01,0.18
/epuck1/cmd_vel,70.992912605,0.01,0.18
/epuck1/cmd_vel,71.006744244,0.01,0.18
/epuck1/cmd_vel,71.010200528,0.01,0.18
/epuck1/cmd_vel,71.018233392,0.01,0.18
/epuck1/cmd_vel,71.027206652,0.01,0.18
/epuck1/cmd_vel,71.035827914,0.01,0.18
/epuck1/cmd_vel,71.040782092,0.01,0.18
/epuck1/cmd_vel,71.053578435,0.01,0.18
/epuck1/cmd_vel,71.0612671,0.01,0.18
/epuck1/cmd_vel,71.071123856,0.01,0.18
/epuck1/cmd_vel,71.076459532,0.01,0.18
/epuck1/cmd_vel,71.086441088,0.01,0.18
/epuck1/cmd_vel,71.09483125,0.01,0.18
/epuck1/cmd_vel,71.10381501,0.01,0.18
/epuck1/cmd_vel,71.109644984,0.01,0.18
/epuck1/cmd_vel,71.121173733,0.01,0.18
/epuck1/cmd_vel,71.126033511,0.01,0.18
/epuck1/cmd_vel,71.140704746,0.01,0.18
/epuck1/cmd_vel,71.144367729,0.01,0.18
/epuck1/cmd_vel,71.152252994,0.01,0.18
/epuck1/cmd_vel,71.161080955,0.01,0.18
/epuck1/cmd_vel,71.170130714,0.01,0.18
/epuck1/cmd_vel,71.178023879,0.01,0.18
/epuck1/cmd_vel,71.190011226,0.01,0.18
/epuck1/cmd_vel,71.195190103,0.01,0.18
/epuck1/cmd_vel,71.205967154,0.01,0.18
/epuck1/cmd_vel,71.21136563,0.01,0.18
/epuck1/cmd_vel,71.22033569,0.01,0.18
/epuck1/cmd_vel,71.228957452,0.01,0.18
/epuck1/cmd_vel,71.238136011,0.01,0.18
/epuck1/cmd_vel,71.247708568,0.01,0.18
/epuck1/cmd_vel,71.25622763,0.01,0.18
/epuck1/cmd_vel,71.261283307,0.01,0.18
/epuck1/cmd_vel,71.272987655,0.01,0.18
/epuck1/cmd_vel,71.279111628,0.01,0.18
/epuck1/cmd_vel,71.291640272,0.01,0.18
/epuck1/cmd_vel,71.297236747,0.01,0.18
/epuck1/cmd_vel,71.304357615,0.01,0.18
/epuck1/cmd_vel,71.313821473,0.01,0.18
/epuck1/cmd_vel,71.322588234,0.01,0.18
/epuck1/cmd_vel,71.32788281,0.01,0.18
/epuck1/cmd_vel,71.339808457,0.01,0.18
/epuck1/cmd_vel,71.347299924,0.01,0.18
/epuck1/cmd_vel,71.357181779,0.01,0.18
/epuck1/cmd_vel,71.362806154,0.01,0.18
/epuck1/cmd_vel,71.371275317,0.01,0.18
/epuck1/cmd_vel,71.379994878,0.01,0.18
/epuck1/cmd_vel,71.38848584,0.01,0.18
/epuck1/cmd_vel,71.393319018,0.01,0.18
/epuck1/cmd_vel,71.406851658,0.01,0.18
/epuck1/cmd_vel,71.411859835,0.01,0.18
/epuck1/cmd_vel,71.42644687,0.01,0.18
/epuck1/cmd_vel,71.431803846,0.01,0.18
/epuck1/cmd_vel,71.439228813,0.01,0.18
/epuck1/cmd_vel,71.447667776,0.01,0.18
/epuck1/cmd_vel,71.454910543,0.01,0.18
/epuck1/cmd_vel,71.460988016,0.01,0.18
/epuck1/cmd_vel,71.472498965,0.01,0.18
/epuck1/cmd_vel,71.478915936,0.01,0.18
/epuck1/cmd_vel,71.490213486,0.01,0.18
/epuck1/cmd_vel,71.496235659,0.01,0.18
/epuck1/cmd_vel,71.506032515,0.01,0.18
/epuck1/cmd_vel,71.513403282,0.01,0.18
/epuck1/cmd_vel,71.524559932,0.01,0.18
/epuck1/cmd_vel,71.533543492,0.01,0.18
/epuck1/cmd_vel,71.543152349,0.01,0.18
/epuck1/cmd_vel,71.549287022,0.01,0.18
/epuck1/cmd_vel,71.563313159,0.01,0.18
/epuck1/cmd_vel,71.570137929,0.01,0.18
/epuck1/cmd_vel,71.582550073,0.01,0.18
/epuck1/cmd_vel,71.588612346,0.01,0.18
/epuck1/cmd_vel,71.600695092,0.01,0.18
/epuck1/cmd_vel,71.608249659,0.01,0.18
/epuck1/cmd_vel,71.616516922,0.01,0.18
/epuck1/cmd_vel,71.628869267,0.01,0.18
/epuck1/cmd_vel,71.638288425,0.01,0.18
/epuck1/cmd_vel,71.647838282,0.01,0.18
/epuck1/cmd_vel,71.656255844,0.01,0.18
/epuck1/cmd_vel,71.665658203,0.01,0.18
/epuck1/cmd_vel,71.675465059,0.01,0.18
/epuck1/cmd_vel,71.682355228,0.01,0.18
/epuck1/cmd_vel,71.692152884,0.01,0.18
/epuck1/cmd_vel,71.699486552,0.01,0.18
/epuck1/cmd_vel,71.711440698,0.01,0.18
/epuck1/cmd_vel,71.717254472,0.01,0.18
/epuck1/cmd_vel,71.729743416,0.01,0.18
/epuck1/cmd_vel,71.735300792,0.01,0.18
/epuck1/cmd_vel,71.743809954,0.01,0.18
/epuck1/cmd_vel,71.75350581,0.01,0.18
/epuck1/cmd_vel,71.761693173,0.01,0.18
/epuck1/cmd_vel,71.773779317,0.01,0.18
/epuck1/cmd_vel,71.785551563,0.01,0.18
/epuck1/cmd_vel,71.798097106,0.01,0.18
/epuck1/cmd_vel,71.802873184,0.01,0.18
/epuck1/cmd_vel,71.809090955,0.01,0.18
/epuck1/cmd_vel,71.820817702,0.01,0.18
/epuck1/cmd_vel,71.82774537,0.01,0.18
/epuck1/cmd_vel,71.83860352,0.01,0.18
/epuck1/cmd_vel,71.845061291,0.01,0.18
/epuck1/cmd_vel,71.854607647,0.01,0.18
/epuck1/cmd_vel,71.862510111,0.01,0.18
/epuck1/cmd_vel,71.875065853,0.01,0.18
/epuck1/cmd_vel,71.881022226,0.01,0.18
/epuck1/cmd_vel,71.891956976,0.01,0.18
/epuck1/cmd_vel,71.896359956,0.01,0.18
/epuck1/cmd_vel,71.908944798,0.01,0.18
/epuck1/cmd_vel,71.91720516,0.01,0.18
/epuck1/cmd_vel,71.929345805,0.01,0.18
/epuck1/cmd_vel,71.934231782,0.01,0.18
/epuck1/cmd_vel,71.941656248,0.01,0.18
/epuck1/cmd_vel,71.951073505,0.01,0.18
/epuck1/cmd_vel,71.959516767,0.01,0.18
/epuck1/cmd_vel,71.971313312,0.01,0.18
/epuck1/cmd_vel,71.979235576,0.01,0.18
/epuck1/cmd_vel,71.983962855,0.01,0.18
/epuck1/cmd_vel,71.996436497,0.01,0.18
/epuck1/cmd_vel,72.001079976,0.01,0.18
/epuck1/cmd_vel,72.013828718,0.01,0.18
/epuck1/cmd_vel,72.019723891,0.01,0.18
/epuck1/cmd_vel,72.029694245,0.01,0.18
/epuck1/cmd_vel,72.038831103,0.01,0.18
/epuck1/cmd_vel,72.047274965,0.01,0.18
/epuck1/cmd_vel,72.057840116,0.01,0.18
/epuck1/cmd_vel,72.063785289,0.01,0.18
/epuck1/cmd_vel,72.071637553,0.01,0.18
/epuck1/cmd_vel,72.081746507,0.01,0.18
/epuck1/cmd_vel,72.08967337,0.01,0.18
/epuck1/cmd_vel,72.101488616,0.01,0.18
/epuck1/cmd_vel,72.107555288,0.01,0.18
/epuck1/cmd_vel,72.117441243,0.01,0.18
/epuck1/cmd_vel,72.127693696,0.01,0.18
/epuck1/cmd_vel,72.136612555,0.01,0.18
/epuck1/cmd_vel,72.140904336,0.01,0.18
/epuck1/cmd_vel,72.154026776,0.01,0.18
/epuck1/cmd_vel,72.159472651,0.01,0.18
/epuck1/cmd_vel,72.169978803,0.01,0.18
/epuck1/cmd_vel,72.175062879,0.01,0.18
/epuck1/cmd_vel,72.183868839,0.01,0.18
/epuck1/cmd_vel,72.1923397,0.01,0.18
/epuck1/cmd_vel,72.202624853,0.01,0.18
/epuck1/cmd_vel,72.206642335,0.01,0.18
/epuck1/cmd_vel,72.217838183,0.01,0.18
/epuck1/cmd_vel,72.224099155,0.01,0.18
/epuck1/cmd_vel,72.235073604,0.01,0.18
/epuck1/cmd_vel,72.242826369,0.01,0.18
/epuck1/cmd_vel,72.255235312,0.01,0.18
/epuck1/cmd_vel,72.260304689,0.01,0.18
/epuck1/cmd_vel,72.268199953,0.01,0.18
/epuck1/cmd_vel,72.277049012,0.01,0.18
/epuck1/cmd_vel,72.28636077,0.01,0.18
/epuck1/cmd_vel,72.29272854,0.01,0.18
/epuck1/cmd_vel,72.303139793,0.01,0.18
/epuck1/cmd_vel,72.308681367,0.01,0.18
/epuck1/cmd_vel,72.320600413,0.01,0.18
/epuck1/cmd_vel,72.326522386,0.01,0.18
/epuck1/cmd_vel,72.342060814,0.01,0.18
/epuck1/cmd_vel,72.3451149,0.01,0.18
/epuck1/cmd_vel,72.352228368,0.01,0.18
/epuck1/cmd_vel,72.361374326,0.01,0.18
/epuck1/cmd_vel,72.370829283,0.01,0.18
/epuck1/cmd_vel,72.377243353,0.01,0.18
/epuck1/cmd_vel,72.39105279,0.01,0.18
/epuck1/cmd_vel,72.398041158,0.01,0.18
/epuck1/cmd_vel,72.411133498,0.01,0.18
/epuck1/cmd_vel,72.41724797,0.01,0.18
/epuck1/cmd_vel,72.428987316,0.01,0.18
/epuck1/cmd_vel,72.435471087,0.01,0.18
/epuck1/cmd_vel,72.450904916,0.01,0.18
/epuck1/cmd_vel,72.456855089,0.01,0.18
/epuck1/cmd_vel,72.466835643,0.01,0.18
/epuck1/cmd_vel,72.475888502,0.01,0.18
/epuck1/cmd_vel,72.48704465,0.01,0.18
/epuck1/cmd_vel,72.493163222,0.01,0.18
/epuck1/cmd_vel,72.501387485,0.01,0.18
/epuck1/cmd_vel,72.508313353,0.01,0.18
/epuck1/cmd_vel,72.521750091,0.01,0.18
/epuck1/cmd_vel,72.527259666,0.01,0.18
/epuck1/cmd_vel,72.539168212,0.01,0.18
/epuck1/cmd_vel,72.545874281,0.01,0.18
/epuck1/cmd_vel,72.557506128,0.01,0.18
/epuck1/cmd_vel,72.563174302,0.01,0.18
/epuck1/cmd_vel,72.571122365,0.01,0.18
/epuck1/cmd_vel,72.579719326,0.01,0.18
/epuck1/cmd_vel,72.588076688,0.01,0.18
/epuck1/cmd_vel,72.594802957,0.01,0.18
/epuck1/cmd_vel,72.604040015,0.01,0.18
/epuck1/cmd_vel,72.610542985,0.01,0.18
/epuck1/cmd_vel,72.623176527,0.01,0.18
/epuck1/cmd_vel,72.629317999,0.01,0.18
/epuck1/cmd_vel,72.638302158,0.01,0.18
/epuck1/cmd_vel,72.647485116,0.01,0.18
/epuck1/cmd_vel,72.658087867,0.01,0.18
/epuck1/cmd_vel,72.666327429,0.01,0.18
/epuck1/cmd_vel,72.67498939,0.01,0.18
/epuck1/cmd_vel,72.682169157,0.01,0.18
/epuck1/cmd_vel,72.69676149,0.01,0.18
/epuck1/cmd_vel,72.70321106,0.01,0.18
/epuck1/cmd_vel,72.716178201,0.01,0.18
/epuck1/cmd_vel,72.723798866,0.01,0.18
/epuck1/cmd_vel,72.735879011,0.01,0.18
/epuck1/cmd_vel,72.741726384,0.01,0.18
/epuck1/cmd_vel,72.750208245,0.01,0.18
/epuck1/cmd_vel,72.760489697,0.01,0.18
/epuck1/cmd_vel,72.769784753,0.01,0.18
/epuck1/cmd_vel,72.778582612,0.01,0.18
/epuck1/cmd_vel,72.785045982,0.01,0.18
/epuck1/cmd_vel,72.793237343,0.01,0.18
/epuck1/cmd_vel,72.804105992,0.01,0.18
/epuck1/cmd_vel,72.811212759,0.01,0.18
/epuck1/cmd_vel,72.824757595,0.01,0.18
/epuck1/cmd_vel,72.831314764,0.01,0.18
/epuck1/cmd_vel,72.842375412,0.01,0.18
/epuck1/cmd_vel,72.847376989,0.01,0.18
/epuck1/cmd_vel,72.854268257,0.01,0.18
/epuck1/cmd_vel,72.863739112,0.01,0.18
/epuck1/cmd_vel,72.87279707,0.01,0.18
/epuck1/cmd_vel,72.87689315,0.01,0.18
/epuck1/cmd_vel,72.887860599,0.01,0.18
/epuck1/cmd_vel,72.892478577,0.01,0.18
/epuck1/cmd_vel,72.900856938,0.01,0.18
/epuck1/cmd_vel,72.909512297,0.01,0.18
/epuck1/cmd_vel,72.918655954,0.01,0.18
/epuck1/cmd_vel,72.929914802,0.01,0.18
/epuck1/cmd_vel,72.937749165,0.01,0.18
/epuck1/cmd_vel,72.946402924,0.01,0.18
/epuck1/cmd_vel,72.958909565,0.01,0.18
/epuck1/cmd_vel,72.964956037,0.01,0.18
/epuck1/cmd_vel,72.97916017,0.01,0.18
/epuck1/cmd_vel,72.985243242,0.01,0.18
/epuck1/cmd_vel,72.99841248,0.01,0.18
/epuck1/cmd_vel,73.003801855,0.01,0.18
/epuck1/cmd_vel,73.01116012,0.01,0.18
/epuck1/cmd_vel,73.019824479,0.01,0.18
/epuck1/cmd_vel,73.030787628,0.01,0.18
/epuck1/cmd_vel,73.039925245,0.01,0.18
/epuck1/cmd_vel,73.049329406,0.01,0.18
/epuck1/cmd_vel,73.054319039,0.01,0.18
/epuck1/cmd_vel,73.066269817,0.01,0.18
/epuck1/cmd_vel,73.072242257,0.01,0.18
/epuck1/cmd_vel,73.084093034,0.01,0.18
/epuck1/cmd_vel,73.08952207,0.01,0.18
/epuck1/cmd_vel,73.103765763,0.01,0.18
/epuck1/cmd_vel,73.109476001,0.01,0.18
/epuck1/cmd_vel,73.118729562,0.01,0.18
/epuck1/cmd_vel,73.128274024,0.01,0.18
/epuck1/cmd_vel,73.137104882,0.01,0.18
/epuck1/cmd_vel,73.145535538,0.01,0.15705515146255494
/epuck1/cmd_vel,73.156837812,0.01,0.15705515146255494
/epuck1/cmd_vel,73.160346235,0.01,0.15705515146255494
/epuck1/cmd_vel,73.173226519,0.01,0.15705515146255494
/epuck1/cmd_vel,73.177482247,0.01,0.15705515146255494
/epuck1/cmd_vel,73.189222624,0.01,0.15705515146255494
/epuck1/cmd_vel,73.195126663,0.01,0.15705515146255494
/epuck1/cmd_vel,73.207359243,0.01,0.15705515146255494
/epuck1/cmd_vel,73.213754085,0.01,0.15705515146255494
/epuck1/cmd_vel,73.223135347,0.01,0.15705515146255494
/epuck1/cmd_vel,73.231150899,0.01,0.15705515146255494
/epuck1/cmd_vel,73.24034806,0.01,0.15705515146255494
/epuck1/cmd_vel,73.251419832,0.01,0.11419767146248888
/epuck1/cmd_vel,73.258216277,0.01,0.08530787946251622
/epuck1/cmd_vel,73.26473102,0.01,0.08117457032203675
/epuck1/cmd_vel,73.276750498,0.01,0.08117457032203675
/epuck1/cmd_vel,73.283364942,0.01,0.08117457032203675
/epuck1/cmd_vel,73.29524042,0.01,0.08117457032203675
/epuck1/cmd_vel,73.301090358,0.01,0.08117457032203675
/epuck1/cmd_vel,73.313202638,0.01,0.08117457032203675
/epuck1/cmd_vel,73.320439785,0.01,0.08117457032203675
/epuck1/cmd_vel,73.330079048,0.01,0.08117457032203675
/epuck1/cmd_vel,73.338902706,0.01,0.08117457032203675
/epuck1/cmd_vel,73.348803071,0.01,0.04213071432200195
/epuck1/cmd_vel,73.358368434,0.010462118049998139,0.050734106451272964
/epuck1/cmd_vel,73.365148578,0.010813775349999446,0.050734106451272964
/epuck1/cmd_vel,73.370541314,0.01109053715000016,0.050734106451272964
/epuck1/cmd_vel,73.383789101,0.011764091599997641,0.050734106451272964
/epuck1/cmd_vel,73.388969335,0.01202770829999963,0.050734106451272964
/epuck1/cmd_vel,73.399853406,0.012547186699999316,0.050734106451272964
/epuck1/cmd_vel,73.407311355,0.012878503899998464,0.050734106451272964
/epuck1/cmd_vel,73.414432202,0.013281471549999539,0.050734106451272964
/epuck1/cmd_vel,73.424477968,0.013744349599998033,0.050734106451272964
/epuck1/cmd_vel,73.431441113,0.014149867249998354,0.050734106451272964
/epuck1/cmd_vel,73.440486373,0.014602430199997801,0.050734106451272964
/epuck1/cmd_vel,73.451064742,0.015,0.01764664612710476
/epuck1/cmd_vel,73.456954081,0.015,0.017646646127104763
/epuck1/cmd_vel,73.470334369,0.015,0.017646646127104763
/epuck1/cmd_vel,73.476325008,0.015,0.017646646127104763
/epuck1/cmd_vel,73.487130779,0.015,0.017646646127104763
/epuck1/cmd_vel,73.493844123,0.015,0.017646646127104763
/epuck1/cmd_vel,73.507945415,0.015,0.017646646127104763
/epuck1/cmd_vel,73.51470726,0.015,0.017646646127104763
/epuck1/cmd_vel,73.529072854,0.015,0.017646646127104763
/epuck1/cmd_vel,73.535244895,0.015,0.017646646127104763
/epuck1/cmd_vel,73.54522046,0.015,0.017646646127104763
/epuck1/cmd_vel,73.555466627,0.015,0.006617492064833641
/epuck1/cmd_vel,73.564117984,0.015,0.006617492064833641
/epuck1/cmd_vel,73.571846235,0.015,0.006617492064833641
/epuck1/cmd_vel,73.581207696,0.015,0.006617492064833641
/epuck1/cmd_vel,73.594423983,0.015,0.006617492064833641
/epuck1/cmd_vel,73.602562336,0.015,0.006617492064833641
/epuck1/cmd_vel,73.608160973,0.015,0.006617492064833641
/epuck1/cmd_vel,73.619434047,0.015,0.006617492064833641
/epuck1/cmd_vel,73.626517493,0.015,0.006617492064833641
/epuck1/cmd_vel,73.63965788,0.015,0.006617492064833641
/epuck1/cmd_vel,73.648547438,0.015,0.006617492064833641
/epuck1/cmd_vel,73.65950141,0.013782261999997445,-0.04209202793526856
/epuck1/cmd_vel,73.664015239,0.013324838999997155,-0.05581471793527726
/epuck1/cmd_vel,73.677679829,0.012136821199995892,-0.09145525193531512
/epuck1/cmd_vel,73.683370566,0.011385266299995464,-0.11400189893532797
/epuck1/cmd_vel,73.692123224,0.010573340999999344,-0.13835965793521154
/epuck1/cmd_vel,73.700849881,0.01,-0.16640294093525654
/epuck1/cmd_vel,73.709598739,0.01,-0.19294051493534425
/epuck1/cmd_vel,73.720077207,0.01,-0.22401771893521527
/epuck1/cmd_vel,73.730558476,0.01,-0.2555377259351985
/epuck1/cmd_vel,73.737120719,0.01,-0.2700860219352421
/epuck1/cmd_vel,73.750244005,0.01,-0.31450851293521964
/epuck1/cmd_vel,73.754991836,0.01,-0.32834640293521034
/epuck1/cmd_vel,73.768165521,0.01,-0.3671054549351993
/epuck1/cmd_vel,73.775599469,0.01,-0.3900337019352378
/epuck1/cmd_vel,73.788540152,0.01,-0.42838504793519405
/epuck1/cmd_vel,73.79900762,0.01,-0.45
/epuck1/cmd_vel,73.807398874,0.01,-0.45
/epuck1/cmd_vel,73.813576214,0.01,-0.45
/epuck1/cmd_vel,73.822639472,0.01,-0.45
/epuck1/cmd_vel,73.83165843,0.01,-0.45
/epuck1/cmd_vel,73.842123598,0.01,-0.45
/epuck1/cmd_vel,73.851631759,0.01,-0.45
/epuck1/cmd_vel,73.861709024,0.01,-0.45
/epuck1/cmd_vel,73.865818451,0.01,-0.45
/epuck1/cmd_vel,73.878366031,0.01,-0.45
/epuck1/cmd_vel,73.883870167,0.01,-0.45
/epuck1/cmd_vel,73.898847064,0.01,-0.45
/epuck1/cmd_vel,73.904213298,0.01,-0.45
/epuck1/cmd_vel,73.918932993,0.01,-0.45
/epuck1/cmd_vel,73.922301315,0.01,-0.45
/epuck1/cmd_vel,73.930244766,0.01,-0.45
/epuck1/cmd_vel,73.939448925,0.01,-0.45
/epuck1/cmd_vel,73.948062781,0.01,-0.45
/epuck1/cmd_vel,73.956838438,0.01,-0.45
/epuck1/cmd_vel,73.96803461,0.01,-0.45
/epuck1/cmd_vel,73.96968532,0.01,-0.45
/epuck1/cmd_vel,73.982657204,0.01,-0.45
/epuck1/cmd_vel,73.987868638,0.01,-0.45
/epuck1/cmd_vel,73.99591679,0.01,-0.45
/epuck1/cmd_vel,74.004903547,0.01,-0.45
/epuck1/cmd_vel,74.015239214,0.01,-0.45
/epuck1/cmd_vel,74.024566474,0.01,-0.45
/epuck1/cmd_vel,74.032541026,0.01,-0.45
/epuck1/cmd_vel,74.037733859,0.01,-0.45
/epuck1/cmd_vel,74.051007445,0.01,-0.45
/epuck1/cmd_vel,74.05640468,0.01,-0.45
/epuck1/cmd_vel,74.069667165,0.008648971300002585,-0.39595885200010345
/epuck1/cmd_vel,74.075352702,0.00808763770000155,-0.37350550800006205
/epuck1/cmd_vel,74.089526093,0.00664489840000101,-0.31579593600004047
/epuck1/cmd_vel,74.09373332,0.006193355500003007,-0.3
/epuck1/cmd_vel,74.103512383,0.006,-0.3
/epuck1/cmd_vel,74.111765537,0.006,-0.3
/epuck1/cmd_vel,74.121286998,0.006,-0.3
/epuck1/cmd_vel,74.131729165,0.006,-0.3
/epuck1/cmd_vel,74.138126307,0.006,-0.3
/epuck1/cmd_vel,74.151618394,0.006,-0.3
/epuck1/cmd_vel,74.157444731,0.006,-0.3
/epuck1/cmd_vel,74.164069574,0.006,-0.3
/epuck1/cmd_vel,74.177078658,0.006,-0.3
/epuck1/cmd_vel,74.182845095,0.006,-0.3
/epuck1/cmd_vel,74.197240488,0.006,-0.3
/epuck1/cmd_vel,74.202989925,0.006,-0.3
/epuck1/cmd_vel,74.214057996,0.006,-0.3
/epuck1/cmd_vel,74.219415631,0.006,-0.3
/epuck1/cmd_vel,74.227694984,0.006,-0.3
/epuck1/cmd_vel,74.236889843,0.006,-0.3
/epuck1/cmd_vel,74.246718307,0.006,-0.3
/epuck1/cmd_vel,74.252095842,0.006,-0.3
/epuck1/cmd_vel,74.263846317,0.006,-0.3
/epuck1/cmd_vel,74.270196458,0.006,-0.3
/epuck1/cmd_vel,74.281811033,0.006,-0.3
/epuck1/cmd_vel,74.288920379,0.006,-0.3
/epuck1/cmd_vel,74.30154276,0.006,-0.3
/epuck1/cmd_vel,74.305824888,0.006,-0.3
/epuck1/cmd_vel,74.315781652,0.006,-0.3
/epuck1/cmd_vel,74.323815804,0.006,-0.3
/epuck1/cmd_vel,74.332255658,0.006,-0.3
/epuck1/cmd_vel,74.338859701,0.006,-0.3
/epuck1/cmd_vel,74.350500876,0.006,-0.3
/epuck1/cmd_vel,74.35732732,0.006,-0.3
/epuck1/cmd_vel,74.369109996,0.006,-0.3
/epuck1/cmd_vel,74.375723439,0.006,-0.3
/epuck1/cmd_vel,74.387688816,0.006,-0.3
/epuck1/cmd_vel,74.393404553,0.006,-0.3
/epuck1/cmd_vel,74.401007702,0.006,-0.3
/epuck1/cmd_vel,74.410919466,0.006,-0.3
/epuck1/cmd_vel,74.419442621,0.006,-0.3
/epuck1/cmd_vel,74.425269658,0.006,-0.3
/epuck1/cmd_vel,74.436689632,0.006,-0.3
/epuck1/cmd_vel,74.443489976,0.006,-0.3
/epuck1/cmd_vel,74.45493045,0.006,-0.3
/epuck1/cmd_vel,74.460098383,0.006,-0.3
/epuck1/cmd_vel,74.468515637,0.006,-0.3
/epuck1/cmd_vel,74.477608496,0.006,-0.3
/epuck1/cmd_vel,74.487207658,0.006,-0.3
/epuck1/cmd_vel,74.498159328,0.006,-0.3
/epuck1/cmd_vel,74.506425882,0.006,-0.3
/epuck1/cmd_vel,74.516820849,0.006,-0.3
/epuck1/cmd_vel,74.524908301,0.006,-0.3
/epuck1/cmd_vel,74.532152347,0.006,-0.3
/epuck1/cmd_vel,74.545086931,0.006,-0.3
/epuck1/cmd_vel,74.550882768,0.006,-0.3
/epuck1/cmd_vel,74.554703593,0.006,-0.3
/epuck1/cmd_vel,74.563673851,0.006,-0.3
/epuck1/cmd_vel,74.570727396,0.006,-0.3
/epuck1/cmd_vel,74.576804935,0.006,-0.3
/epuck1/cmd_vel,74.589024914,0.006,-0.3
/epuck1/cmd_vel,74.593178641,0.006,-0.3
/epuck1/cmd_vel,74.60536772,0.006,-0.3
/epuck1/cmd_vel,74.610341152,0.006,-0.3
/epuck1/cmd_vel,74.624611144,0.006,-0.3
/epuck1/cmd_vel,74.632038092,0.006,-0.3
/epuck1/cmd_vel,74.64417197,0.006,-0.3
/epuck1/cmd_vel,74.650314009,0.006,-0.3
/epuck1/cmd_vel,74.661536682,0.006,-0.3
/epuck1/cmd_vel,74.668520527,0.006,-0.3
/epuck1/cmd_vel,74.677369884,0.006,-0.3
/epuck1/cmd_vel,74.682354116,0.006,-0.3
/epuck1/cmd_vel,74.694887497,0.006,-0.3
/epuck1/cmd_vel,74.701292438,0.006,-0.3
/epuck1/cmd_vel,74.713463717,0.006,-0.3
/epuck1/cmd_vel,74.720309461,0.006,-0.3
/epuck1/cmd_vel,74.731736735,0.006,-0.3
/epuck1/cmd_vel,74.738574379,0.006,-0.3
/epuck1/cmd_vel,74.745997326,0.006,-0.3
/epuck1/cmd_vel,74.755713489,0.006,-0.3
/epuck1/cmd_vel,74.76546565,0.006,-0.3
/epuck1/cmd_vel,74.770244581,0.006,-0.3
/epuck1/cmd_vel,74.783125962,0.006,-0.3
/epuck1/cmd_vel,74.788826698,0.006,-0.3
/epuck1/cmd_vel,74.801967782,0.006,-0.3
/epuck1/cmd_vel,74.808799525,0.006,-0.3
/epuck1/cmd_vel,74.820170097,0.006,-0.3
/epuck1/cmd_vel,74.824946227,0.006,-0.3
/epuck1/cmd_vel,74.834545788,0.006,-0.3
/epuck1/cmd_vel,74.841568733,0.006,-0.3
/epuck1/cmd_vel,74.851348095,0.006,-0.3
/epuck1/cmd_vel,74.859990849,0.006,-0.3
/epuck1/cmd_vel,74.868804405,0.006,-0.3
/epuck1/cmd_vel,74.875292346,0.006,-0.3
/epuck1/cmd_vel,74.889159934,0.006,-0.3
/epuck1/cmd_vel,74.895071772,0.006,-0.3
/epuck1/cmd_vel,74.90891956,0.006,-0.3
/epuck1/cmd_vel,74.914932198,0.006,-0.3
/epuck1/cmd_vel,74.92792048,0.006,-0.3
/epuck1/cmd_vel,74.934369721,0.006,-0.3
/epuck1/cmd_vel,74.94212587,0.006,-0.3
/epuck1/cmd_vel,74.95318104,0.006,-0.3
/epuck1/cmd_vel,74.963704107,0.006,-0.3
/epuck1/cmd_vel,74.972389362,0.006,-0.3
/epuck1/cmd_vel,74.98155422,0.006,-0.3
/epuck1/cmd_vel,74.986502851,0.006,-0.3
/epuck1/cmd_vel,74.998739729,0.006,-0.3
/epuck1/cmd_vel,75.005139369,0.006,-0.3
/epuck1/cmd_vel,75.014882031,0.006,-0.3
/epuck1/cmd_vel,75.021781475,0.006,-0.3
/epuck1/cmd_vel,75.028761119,0.006,-0.3
/epuck1/cmd_vel,75.039350086,0.006,-0.3
/epuck1/cmd_vel,75.04788194,0.006,-0.3
/epuck1/cmd_vel,75.056858497,0.006467417950000026,-0.2626065639999979
/epuck1/cmd_vel,75.064915648,0.006863030450000224,-0.23095756399998207
/epuck1/cmd_vel,75.069796579,0.00711840710000024,-0.21052743199998075
/epuck1/cmd_vel,75.083668067,0.007781246299998429,-0.15750029600012566
/epuck1/cmd_vel,75.090336109,0.008142078549999838,-0.128633716000013
/epuck1/cmd_vel,75.105491805,0.008903103399998486,-0.06775172800012114
/epuck1/cmd_vel,75.110494437,0.009149014950000152,-0.04807880399998793
/epuck1/cmd_vel,75.122848915,0.009743748700000538,-0.0005001039999569801
/epuck1/cmd_vel,75.12840155,0.01,0.0
/epuck1/cmd_vel,75.139792823,0.01,0.0
/epuck1/cmd_vel,75.146782967,0.01,0.0
/epuck1/cmd_vel,75.158553242,0.01,0.0
/epuck1/cmd_vel,75.165826388,0.01,0.0
/epuck1/cmd_vel,75.175865051,0.01,0.0
/epuck1/cmd_vel,75.18038848,0.01,0.0
/epuck1/cmd_vel,75.193126861,0.01,0.0
/epuck1/cmd_vel,75.198339794,0.01,0.0
/epuck1/cmd_vel,75.208454258,0.01,0.0
/epuck1/cmd_vel,75.21357319,0.01,0.0
/epuck1/cmd_vel,75.222068044,0.01,0.0
/epuck1/cmd_vel,75.232270409,0.01,0.0
/epuck1/cmd_vel,75.241379166,0.01,0.0
/epuck1/cmd_vel,75.247797407,0.01,0.0
/epuck1/cmd_vel,75.258343674,0.01,0.0
/epuck1/cmd_vel,75.264388712,0.01,0.0
/epuck1/cmd_vel,75.278991205,0.01,0.0
/epuck1/cmd_vel,75.286352351,0.01,0.0
/epuck1/cmd_vel,75.29879473,0.01,0.0
/epuck1/cmd_vel,75.302342053,0.01,0.0
/epuck1/cmd_vel,75.311781113,0.01,0.0
/epuck1/cmd_vel,75.321562975,0.01,0.0
/epuck1/cmd_vel,75.329235523,0.01,0.0
/epuck1/cmd_vel,75.33983379,0.01,0.0
/epuck1/cmd_vel,75.348366745,0.01,0.0
/epuck1/cmd_vel,75.354145881,0.01,0.0
/epuck1/cmd_vel,75.366474059,0.01,0.0
/epuck1/cmd_vel,75.37136689,0.01,0.0
/epuck1/cmd_vel,75.384250972,0.01,0.0
/epuck1/cmd_vel,75.391259716,0.01,0.0
/epuck1/cmd_vel,75.406202611,0.01,0.0
/epuck1/cmd_vel,75.409877034,0.01,0.0
/epuck1/cmd_vel,75.418571889,0.01,0.0
/epuck1/cmd_vel,75.427946549,0.01,0.0
/epuck1/cmd_vel,75.437275808,0.01,0.0
/epuck1/cmd_vel,75.440944631,0.01,0.0
/epuck1/cmd_vel,75.451927601,0.01,0.0
/epuck1/cmd_vel,75.457380935,0.01,0.0
/epuck1/cmd_vel,75.46443128,0.01,0.0
/epuck1/cmd_vel,75.473644538,0.01,0.0
/epuck1/cmd_vel,75.483973404,0.01,0.0
/epuck1/cmd_vel,75.492175056,0.01,0.0
/epuck1/cmd_vel,75.500256807,0.01,0.0
/epuck1/cmd_vel,75.505566841,0.01,0.0
/epuck1/cmd_vel,75.517140914,0.01,0.0
/epuck1/cmd_vel,75.523282953,0.01,0.0
/epuck1/cmd_vel,75.530488399,0.01,0.0
/epuck1/cmd_vel,75.539847558,0.01,0.0
/epuck1/cmd_vel,75.547835709,0.01,0.0
/epuck1/cmd_vel,75.55428765,0.01,0.0
/epuck1/cmd_vel,75.565204619,0.01,0.0
/epuck1/cmd_vel,75.570839354,0.01,0.0
/epuck1/cmd_vel,75.581845124,0.01,0.0
/epuck1/cmd_vel,75.588148964,0.01,0.0
/epuck1/cmd_vel,75.597057221,0.01,0.0
/epuck1/cmd_vel,75.605918977,0.01,0.0
/epuck1/cmd_vel,75.615792439,0.01,0.0
/epuck1/cmd_vel,75.624774096,0.01,0.0
/epuck1/cmd_vel,75.634988561,0.01,0.0
/epuck1/cmd_vel,75.641161,0.01,0.0
/epuck1/cmd_vel,75.656212595,0.01,0.0
/epuck1/cmd_vel,75.661088026,0.01,0.0
/epuck1/cmd_vel,75.6726739,0.01,0.0
/epuck1/cmd_vel,75.678543637,0.01,0.0
/epuck1/cmd_vel,75.687261192,0.01,0.0
/epuck1/cmd_vel,75.695046642,0.01,0.0
/epuck1/cmd_vel,75.705438807,0.01,0.0
/epuck1/cmd_vel,75.715800673,0.01,0.0
/epuck1/cmd_vel,75.722991419,0.01,0.0
/epuck1/cmd_vel,75.728874756,0.01,0.0
/epuck1/cmd_vel,75.739267722,0.01,0.0
/epuck1/cmd_vel,75.745685563,0.01,0.0
/epuck1/cmd_vel,75.753838014,0.01,0.0
/epuck1/cmd_vel,75.762218166,0.01,0.0
/epuck1/cmd_vel,75.77252393,0.01,0.0
/epuck1/cmd_vel,75.780879682,0.01,0.0
/epuck1/cmd_vel,75.79168515,0.01,0.0
/epuck1/cmd_vel,75.793977564,0.01,0.0
/epuck1/cmd_vel,75.806104839,0.01,0.0
/epuck1/cmd_vel,75.811588374,0.01,0.0
/epuck1/cmd_vel,75.820173927,0.01,0.0
/epuck1/cmd_vel,75.82861288,0.01,0.0
/epuck1/cmd_vel,75.837391134,0.01,0.0
/epuck1/cmd_vel,75.842421466,0.01,0.0
/epuck1/cmd_vel,75.854834843,0.01,0.0
/epuck1/cmd_vel,75.860286277,0.01,0.0
/epuck1/cmd_vel,75.872308852,0.01,0.0
/epuck1/cmd_vel,75.878033787,0.01,0.0
/epuck1/cmd_vel,75.885311533,0.01,0.0
/epuck1/cmd_vel,75.893604884,0.01,0.0
/epuck1/cmd_vel,75.904673353,0.01,0.0
/epuck1/cmd_vel,75.915172119,0.01,0.0
/epuck1/cmd_vel,75.924588277,0.01,0.0
/epuck1/cmd_vel,75.933515933,0.01,0.0
/epuck1/cmd_vel,75.9443246,0.01,0.0
/epuck1/cmd_vel,75.948380426,0.01,0.0
/epuck1/cmd_vel,75.959320794,0.01,0.0
/epuck1/cmd_vel,75.96508663,0.01,0.0
/epuck1/cmd_vel,75.976661002,0.01,0.0
/epuck1/cmd_vel,75.982331937,0.01,0.0
/epuck1/cmd_vel,75.989956084,0.01,0.0
/epuck1/cmd_vel,76.003146467,0.01,0.0
/epuck1/cmd_vel,76.010893815,0.01,0.0
/epuck1/cmd_vel,76.020695376,0.01,0.0
/epuck1/cmd_vel,76.029464031,0.01,0.0
/epuck1/cmd_vel,76.034916764,0.01,0.0
/epuck1/cmd_vel,76.048429449,0.01,0.0
/epuck1/cmd_vel,76.052725975,0.01,0.0
/epuck1/cmd_vel,76.065953058,0.01,0.0
/epuck1/cmd_vel,76.071491892,0.01,0.0
/epuck1/cmd_vel,76.084673174,0.01,0.0
/epuck1/cmd_vel,76.095786744,0.01,0.0
/epuck1/cmd_vel,76.099276165,0.01,0.0
/epuck1/cmd_vel,76.110484135,0.01,0.0
/epuck1/cmd_vel,76.117857781,0.01,0.0
/epuck1/cmd_vel,76.129987657,0.01,0.0
/epuck1/cmd_vel,76.137171601,0.01,0.0
/epuck1/cmd_vel,76.145069951,0.01,0.0
/epuck1/cmd_vel,76.155968918,0.01,0.0
/epuck1/cmd_vel,76.161677454,0.01,0.0
/epuck1/cmd_vel,76.175206338,0.01,0.0
/epuck1/cmd_vel,76.183636191,0.01,0.0
/epuck1/cmd_vel,76.192929549,0.01,0.0
/epuck1/cmd_vel,76.201008799,0.01,0.0
/epuck1/cmd_vel,76.206638434,0.01,0.0
/epuck1/cmd_vel,76.216405695,0.01,0.0
/epuck1/cmd_vel,76.225481851,0.01,0.0
/epuck1/cmd_vel,76.234433107,0.01,0.0
/epuck1/cmd_vel,76.244419469,0.01,0.0
/epuck1/cmd_vel,76.256118342,0.01,0.0
/epuck1/cmd_vel,76.2654251,0.01,0.0
/epuck1/cmd_vel,76.272509144,0.01,0.0
/epuck1/cmd_vel,76.282152704,0.01,0.0
/epuck1/cmd_vel,76.288636745,0.01,0.0
/epuck1/cmd_vel,76.300250717,0.01,0.0
/epuck1/cmd_vel,76.307389761,0.01,0.0
/epuck1/cmd_vel,76.31672142,0.01,0.0
/epuck1/cmd_vel,76.327182985,0.01,0.0
/epuck1/cmd_vel,76.336637344,0.01,0.0
/epuck1/cmd_vel,76.346354804,0.01,0.0
/epuck1/cmd_vel,76.355865963,0.01,0.0
/epuck1/cmd_vel,76.366468629,0.01,0.0
/epuck1/cmd_vel,76.372553767,0.01,0.0
/epuck1/cmd_vel,76.378373404,0.01,0.0
/epuck1/cmd_vel,76.39071518,0.01,0.0
/epuck1/cmd_vel,76.395938713,0.01,0.0
/epuck1/cmd_vel,76.404720768,0.01,0.0
/epuck1/cmd_vel,76.41466973,0.01,0.0
/epuck1/cmd_vel,76.42273338,0.01,0.0
/epuck1/cmd_vel,76.427187108,0.01,0.0
/epuck1/cmd_vel,76.438202076,0.01,0.0
/epuck1/cmd_vel,76.448131438,0.01,0.0
/epuck1/cmd_vel,76.457866499,0.01,0.0
/epuck1/cmd_vel,76.46457134,0.01,0.0
/epuck1/cmd_vel,76.475817165,0.01,0.0
/epuck1/cmd_vel,76.482882538,0.01,0.0
/epuck1/cmd_vel,76.4926158,0.01,0.0
/epuck1/cmd_vel,76.501990264,0.01,0.0
/epuck1/cmd_vel,76.509704635,0.01,0.0
/epuck1/cmd_vel,76.520385094,0.01,0.0
/epuck1/cmd_vel,76.528278464,0.01,0.0
/epuck1/cmd_vel,76.542557309,0.01,0.041220743999929255
/epuck1/cmd_vel,76.548298387,0.01,0.05960827199993446
/epuck1/cmd_vel,76.553784566,0.01,0.07659810900003095
/epuck1/cmd_vel,76.566412918,0.01,0.11497426199991878
/epuck1/cmd_vel,76.570706701,0.01,0.12759191400004966
/epuck1/cmd_vel,76.580931362,0.01,0.1583855940000376
/epuck1/cmd_vel,76.588705432,0.01,0.18
/epuck1/cmd_vel,76.598321996,0.01,0.18
/epuck1/cmd_vel,76.609638052,0.01,0.18
/epuck1/cmd_vel,76.618994316,0.01,0.18
/epuck1/cmd_vel,76.630954171,0.01,0.18
/epuck1/cmd_vel,76.636149051,0.01,0.18
/epuck1/cmd_vel,76.643021025,0.01,0.18
/epuck1/cmd_vel,76.654983279,0.01,0.18
/epuck1/cmd_vel,76.660172459,0.01,0.18
/epuck1/cmd_vel,76.666790134,0.01,0.18
/epuck1/cmd_vel,76.675286701,0.01,0.18
/epuck1/cmd_vel,76.685163463,0.01,0.18
/epuck1/cmd_vel,76.693471831,0.01,0.18
/epuck1/cmd_vel,76.703069195,0.0,0.0
/epuck1/cmd_vel,76.715742746,0.0,0.0
/epuck1/cmd_vel,76.720414528,0.0,0.0
/epuck1/cmd_vel,76.725855707,0.0,0.0
/epuck1/cmd_vel,76.737062965,0.0,0.0
/epuck1/cmd_vel,76.742837242,0.0,0.0
/epuck1/cmd_vel,76.750874012,0.0,0.0
/epuck1/cmd_vel,76.75900348,0.0,0.0
/epuck1/cmd_vel,76.76911234,0.0,0.0
/epuck1/cmd_vel,76.774307519,0.0,0.0
/epuck1/cmd_vel,76.785364476,0.0,0.0
/epuck1/cmd_vel,76.793501644,0.0,0.0
/epuck1/cmd_vel,76.802844907,0.0,0.0
/epuck1/cmd_vel,76.808082386,0.0,0.0
/epuck1/cmd_vel,76.816297254,0.0,0.0
/epuck1/cmd_vel,76.82500112,0.0,0.0
/epuck1/cmd_vel,76.834284783,0.0,0.0
/epuck1/cmd_vel,76.84270125,0.0,0.0
/epuck1/cmd_vel,76.852420812,0.0,0.0
/epuck1/cmd_vel,76.85812879,0.0,0.0
/epuck1/cmd_vel,76.870189442,0.0,0.0
/epuck1/cmd_vel,76.879691505,0.0,0.0
/epuck1/cmd_vel,76.886387278,0.0,0.0
/epuck1/cmd_vel,76.895065644,0.0,0.0
/epuck1/cmd_vel,76.905106505,0.0,0.0
/epuck1/cmd_vel,76.915343564,0.0,0.0
/epuck1/cmd_vel,76.925603024,0.0,0.0
/epuck1/cmd_vel,76.930342505,0.0,0.0
/epuck1/cmd_vel,76.942972856,0.0,0.0
/epuck1/cmd_vel,76.949108231,0.0,0.0
/epuck1/cmd_vel,76.960705986,0.0,0.0
/epuck1/cmd_vel,76.968556755,0.0,0.0
/epuck1/cmd_vel,76.976491224,0.0,0.0
/epuck1/cmd_vel,76.981456404,0.0,0.0
/epuck1/cmd_vel,76.989732772,0.0,0.0
/epuck1/cmd_vel,76.999808532,0.0,0.0
/epuck1/cmd_vel,77.006214307,0.0,0.0
/epuck1/cmd_vel,77.012056284,0.0,0.0
/epuck1/cmd_vel,77.022560342,0.0,0.0
/epuck1/cmd_vel,77.031000509,0.0,0.0
/epuck1/cmd_vel,77.042063266,0.0,0.0
/epuck1/cmd_vel,77.049799435,0.0,0.0
/epuck1/cmd_vel,77.056544909,0.0,0.0
/epuck1/cmd_vel,77.065088575,0.0,0.0
/epuck1/cmd_vel,77.073738641,0.0,0.0
/epuck1/cmd_vel,77.080811113,0.0,0.0
/epuck1/cmd_vel,77.093219664,0.0,0.0
/epuck1/cmd_vel,77.098042345,0.0,0.0
/epuck1/cmd_vel,77.109821499,0.0,0.0
/epuck1/cmd_vel,77.116442973,0.0,0.0
/epuck1/cmd_vel,77.127544029,0.0,0.0
/epuck1/cmd_vel,77.136464694,0.0,0.0
/epuck1/cmd_vel,77.145782457,0.0,0.0
/epuck1/cmd_vel,77.151982333,0.0,0.0
/epuck1/cmd_vel,77.161397996,0.0,0.0
/epuck1/cmd_vel,77.172283253,0.0,0.0
/epuck1/cmd_vel,77.179539725,0.0,0.0
/epuck1/cmd_vel,77.186896996,0.0,0.0
/epuck1/cmd_vel,77.199131048,0.0,0.0
/epuck1/cmd_vel,77.205971521,0.0,0.0
/epuck1/cmd_vel,77.219049969,0.0,0.0
/epuck1/cmd_vel,77.227611235,0.0,0.0
/epuck1/cmd_vel,77.232861215,0.0,0.0
/epuck1/cmd_vel,77.24175128,0.0,0.0
/epuck1/cmd_vel,77.25179834,0.0,0.0
/epuck1/cmd_vel,77.260794805,0.0,0.0
/epuck1/cmd_vel,77.267937777,0.0,0.0
/epuck1/cmd_vel,77.273604854,0.0,0.0
/epuck1/cmd_vel,77.285027609,0.0,0.0
/epuck1/cmd_vel,77.291058786,0.0,0.0
/epuck1/cmd_vel,77.303585536,0.0,0.0
/epuck1/cmd_vel,77.311917304,0.0,0.0
/epuck1/cmd_vel,77.317236583,0.0,0.0
/epuck1/cmd_vel,77.326274047,0.0,0.0
/epuck1/cmd_vel,77.336136808,0.0,0.0
/epuck1/cmd_vel,77.341725586,0.0,0.0
/epuck1/cmd_vel,77.356868327,0.0,0.0
/epuck1/cmd_vel,77.361908107,0.0,0.0
/epuck1/cmd_vel,77.375769252,0.0,0.0
/epuck1/cmd_vel,77.380329434,0.0,0.0
/epuck1/cmd_vel,77.392754786,0.0,0.0
/epuck1/cmd_vel,77.401616151,0.0,0.0
/epuck1/cmd_vel,77.405845334,0.0,0.0
/epuck1/cmd_vel,77.415034298,0.0,0.0
/epuck1/cmd_vel,77.424059862,0.0,0.0
/epuck1/cmd_vel,77.432943527,0.0,0.0
/epuck1/cmd_vel,77.442629089,0.0,0.0
/epuck1/cmd_vel,77.449829861,0.0,0.0
/epuck1/cmd_vel,77.46282471,0.0,0.0
/epuck1/cmd_vel,77.470198181,0.0,0.0
/epuck1/cmd_vel,77.482203533,0.0,0.0
/epuck1/cmd_vel,77.489900403,0.0,0.0
/epuck1/cmd_vel,77.501651657,0.0,0.0
/epuck1/cmd_vel,77.505483542,0.0,0.0
/epuck1/cmd_vel,77.520889381,0.0,0.0
/epuck1/cmd_vel,77.527768954,0.0,0.0
/epuck1/cmd_vel,77.535422024,0.0,0.0
/epuck1/cmd_vel,77.544347489,0.0,0.0
/epuck1/cmd_vel,77.552346657,0.0,0.0
/epuck1/cmd_vel,77.557353238,0.0,0.0
/epuck1/cmd_vel,77.569935088,0.0,0.0
/epuck1/cmd_vel,77.579382251,0.0,0.0
/epuck1/cmd_vel,77.589677011,0.0,0.0
/epuck1/cmd_vel,77.595765687,0.0,0.0
/epuck1/cmd_vel,77.60768724,0.0,0.0
/epuck1/cmd_vel,77.612941619,0.0,0.0
/epuck1/cmd_vel,77.621689685,0.0,0.0
/epuck1/cmd_vel,77.630663549,0.0,0.0
/epuck1/cmd_vel,77.64053441,0.0,0.0
/epuck1/cmd_vel,77.649529175,0.0,0.0
/epuck1/cmd_vel,77.657874242,0.0,0.0
/epuck1/cmd_vel,77.666930606,0.0,0.0
/epuck1/cmd_vel,77.674893875,0.0,0.0
/epuck1/cmd_vel,77.682113547,0.0,0.0
/epuck1/cmd_vel,77.68900492,0.0,0.0
/epuck1/cmd_vel,77.698620882,0.0,0.0
/epuck1/cmd_vel,77.710548435,0.0,0.0
/epuck1/cmd_vel,77.719727399,0.0,0.0
/epuck1/cmd_vel,77.729122662,0.0,0.0
/epuck1/cmd_vel,77.738857623,0.0,0.0
/epuck1/cmd_vel,77.746667193,0.0,0.0
/epuck1/cmd_vel,77.761498833,0.0,0.0
/epuck1/cmd_vel,77.768668704,0.0,0.0
/epuck1/cmd_vel,77.775504077,0.0,0.0
/epuck1/cmd_vel,77.785833835,0.0,0.0
/epuck1/cmd_vel,77.789716019,0.0,0.0
/epuck1/cmd_vel,77.79950438,0.0,0.0
/epuck1/cmd_vel,77.80940734,0.0,0.0
/epuck1/cmd_vel,77.820076996,0.0,0.0
/epuck1/cmd_vel,77.828619262,0.0,0.0
/epuck1/cmd_vel,77.837023628,0.0,0.0
/epuck1/cmd_vel,77.849757076,0.0,0.0
/epuck1/cmd_vel,77.855349254,0.0,0.0
/epuck1/cmd_vel,77.862561425,0.0,0.0
/epuck1/cmd_vel,77.873231282,0.0,0.0
/epuck1/cmd_vel,77.879625856,0.0,0.0
/epuck1/cmd_vel,77.891867206,0.0,0.0
/epuck1/cmd_vel,77.899006677,0.0,0.0
/epuck1/cmd_vel,77.910280632,0.0,0.0
/epuck1/cmd_vel,77.916383407,0.0,0.0
/epuck1/cmd_vel,77.926109868,0.0,0.0
/epuck1/cmd_vel,77.939732913,0.0,0.0
/epuck1/cmd_vel,77.945683589,0.0,0.0
/epuck1/cmd_vel,77.95532535,0.0,0.0
/epuck1/cmd_vel,77.963420517,0.0,0.0
/epuck1/cmd_vel,77.969304793,0.0,0.0
/epuck1/cmd_vel,77.97992075,0.0,0.0
/epuck1/cmd_vel,77.984797331,0.0,0.0
/epuck1/cmd_vel,77.9923568,0.0,0.0
/epuck1/cmd_vel,78.003563555,0.0,0.0
/epuck1/cmd_vel,78.009259732,0.0,0.0
/epuck1/cmd_vel,78.021555982,0.0,0.0
/epuck1/cmd_vel,78.026549162,0.0,0.0
/epuck1/cmd_vel,78.031648241,0.0,0.0
/epuck1/cmd_vel,78.042749296,0.0,0.0
/epuck1/cmd_vel,78.048291774,0.0,0.0
/epuck1/cmd_vel,78.05681394,0.0,0.0
/epuck1/cmd_vel,78.069704188,0.0,0.0
/epuck1/cmd_vel,78.078062654,0.0,0.0
/epuck1/cmd_vel,78.087100717,0.0,0.0
/epuck1/cmd_vel,78.096835878,0.0,0.0
/epuck1/cmd_vel,78.109249728,0.0,0.0
/epuck1/cmd_vel,78.114087408,0.0,0.0
/epuck1/cmd_vel,78.127193355,0.0,0.0
/epuck1/cmd_vel,78.138682809,0.0,0.0
/epuck1/cmd_vel,78.150100663,0.0,0.0
/epuck1/cmd_vel,78.157146334,0.0,0.0
/epuck1/cmd_vel,78.164190306,0.0,0.0
/epuck1/cmd_vel,78.175736859,0.0,0.0
/epuck1/cmd_vel,78.182449732,0.0,0.0
/epuck1/cmd_vel,78.19290849,0.0,0.0
/epuck1/cmd_vel,78.201533155,0.0,0.0
/epuck1/cmd_vel,78.208462427,0.0,0.0
/epuck1/cmd_vel,78.216192496,0.0,0.0
/epuck1/cmd_vel,78.228236347,0.0,0.0
/epuck1/cmd_vel,78.238014807,0.0,0.0
/epuck1/cmd_vel,78.247807868,0.0,0.0
/epuck1/cmd_vel,78.259343121,0.0,0.0
/epuck1/cmd_vel,78.26946618,0.0,0.0
/epuck1/cmd_vel,78.275185257,0.0,0.0
/epuck1/cmd_vel,78.290908794,0.0,0.0
/epuck1/cmd_vel,78.299588458,0.0,0.0
/epuck1/cmd_vel,78.310584214,0.0,0.0
/epuck1/cmd_vel,78.314705197,0.0,0.0
/epuck1/cmd_vel,78.327684245,0.0,0.0
/epuck1/cmd_vel,78.334419718,0.0,0.0
/epuck1/cmd_vel,78.343277282,0.0,0.0
/epuck1/cmd_vel,78.351531049,0.0,0.0
/epuck1/cmd_vel,78.362149206,0.0,0.0
/epuck1/cmd_vel,78.371922366,0.0,0.0
/epuck1/cmd_vel,78.381884326,0.0,0.0
/epuck1/cmd_vel,78.395433071,0.0,0.0
/epuck1/cmd_vel,78.401690846,0.0,0.0
/epuck1/cmd_vel,78.406057128,0.0,0.0
/epuck1/cmd_vel,78.419992772,0.0,0.0
/epuck1/cmd_vel,78.425879548,0.0,0.0
/epuck1/cmd_vel,78.440555789,0.0,0.0
/epuck1/cmd_vel,78.446311866,0.0,0.0
/epuck1/cmd_vel,78.4625708,0.0,0.0
/epuck1/cmd_vel,78.464732191,0.0,0.0
/epuck1/cmd_vel,78.478306236,0.0,0.0
/epuck1/cmd_vel,78.489416991,0.0,0.0
/epuck1/cmd_vel,78.494332071,0.0,0.0
/epuck1/cmd_vel,78.503052036,0.0,0.0
/epuck1/cmd_vel,78.510796405,0.0,0.0
/epuck1/cmd_vel,78.516422182,0.0,0.0
/epuck1/cmd_vel,78.528823432,0.0,0.0
/epuck1/cmd_vel,78.535528505,0.0,0.0
/epuck1/cmd_vel,78.549935347,0.0,0.0
/epuck1/cmd_vel,78.555666824,0.0,0.0
/epuck1/cmd_vel,78.568778471,0.0,0.0
/epuck1/cmd_vel,78.579870226,0.0,0.0
/epuck1/cmd_vel,78.589222188,0.0,0.0
/epuck1/cmd_vel,78.595272263,0.0,0.0
/epuck1/cmd_vel,78.605703621,0.0,0.0
/epuck1/cmd_vel,78.614893284,0.0,0.0
/epuck1/cmd_vel,78.623155751,0.0,0.0
/epuck1/cmd_vel,78.632593813,0.0,0.0
/epuck1/cmd_vel,78.641034879,0.0,0.0
/epuck1/cmd_vel,78.648884047,0.0,0.0
/epuck1/cmd_vel,78.659565804,0.0,0.0
/epuck1/cmd_vel,78.669554263,0.0,0.0
/epuck1/cmd_vel,78.67787863,0.0,0.0
/epuck1/cmd_vel,78.686229696,0.0,0.0
/epuck1/cmd_vel,78.697774249,0.0,0.0
/epuck1/cmd_vel,78.70490652,0.0,0.0
/epuck1/cmd_vel,78.710663597,0.0,0.0
/epuck1/cmd_vel,78.720135259,0.0,0.0
/epuck1/cmd_vel,78.732575909,0.0,0.0
/epuck1/cmd_vel,78.740269477,0.0,0.0
/epuck1/cmd_vel,78.752328029,0.0,0.0
/epuck1/cmd_vel,78.764742777,0.0,0.0
/epuck1/cmd_vel,78.770245054,0.0,0.0
/epuck1/cmd_vel,78.776536928,0.0,0.0
/epuck1/cmd_vel,78.787620682,0.0,0.0
/epuck1/cmd_vel,78.793125259,0.0,0.0
/epuck1/cmd_vel,78.801507825,0.0,0.0
/epuck1/cmd_vel,78.810349288,0.0,0.0
/epuck1/cmd_vel,78.818634954,0.0,0.0
/epuck1/cmd_vel,78.824663729,0.0,0.0
/epuck1/cmd_vel,78.837209977,0.0,0.0
/epuck1/cmd_vel,78.846841637,0.0,0.0
/epuck1/cmd_vel,78.855950799,0.0,0.0
/epuck1/cmd_vel,78.866246656,0.0,0.0
/epuck1/cmd_vel,78.873862625,0.0,0.0
/epuck1/cmd_vel,78.879290802,0.0,0.0
/epuck1/cmd_vel,78.890216457,0.0,0.0
/epuck1/cmd_vel,78.898321523,0.0,0.0
/epuck1/cmd_vel,78.90641889,0.0,0.0
/epuck1/cmd_vel,78.915657651,0.0,0.0
/epuck1/cmd_vel,78.924108616,0.0,0.0
/epuck1/cmd_vel,78.935850768,0.0,0.0
/epuck1/cmd_vel,78.941961042,0.0,0.0
/epuck1/cmd_vel,78.947942518,0.0,0.0
/epuck1/cmd_vel,78.959644269,0.0,0.0
/epuck1/cmd_vel,78.96422665,0.0,0.0
/epuck1/cmd_vel,78.974084309,0.0,0.0
/epuck1/cmd_vel,78.984063768,0.0,0.0
/epuck1/cmd_vel,78.993935227,0.0,0.0
/epuck1/cmd_vel,79.003046489,0.0,0.0
/epuck1/cmd_vel,79.008471167,0.0,0.0
/epuck1/cmd_vel,79.016331434,0.0,0.0
/epuck1/cmd_vel,79.028294285,0.0,0.0
/epuck1/cmd_vel,79.033513463,0.0,0.0
/epuck1/cmd_vel,79.048367001,0.0,0.0
/epuck1/cmd_vel,79.053986478,0.0,0.0
/epuck1/cmd_vel,79.067131724,0.0,0.0
/epuck1/cmd_vel,79.075427489,0.0,0.0
/epuck1/cmd_vel,79.08238976,0.0,0.0
/epuck1/cmd_vel,79.091818921,0.0,0.0
/epuck1/cmd_vel,79.100421186,0.0,0.0
/epuck1/cmd_vel,79.115152324,0.0,0.0
/epuck1/cmd_vel,79.120904401,0.0,0.0
/epuck1/cmd_vel,79.131513757,0.0,0.0
/epuck1/cmd_vel,79.141571615,0.0,0.0
/epuck1/cmd_vel,79.147168492,0.0,0.0
/epuck1/cmd_vel,79.160469637,0.0,0.0
/epuck1/cmd_vel,79.167500507,0.0,0.0
/epuck1/cmd_vel,79.183150843,0.0,0.0
/epuck1/cmd_vel,79.191997106,0.0,0.0
/epuck1/cmd_vel,79.213643516,0.0,0.0
/epuck1/cmd_vel,79.226446863,0.0,0.0
/epuck1/cmd_vel,79.231681641,0.0,0.0
/epuck1/cmd_vel,79.23690452,0.0,0.0
/epuck1/cmd_vel,79.250317764,0.0,0.0
/epuck1/cmd_vel,79.256434939,0.0,0.0
/epuck1/cmd_vel,79.264051307,0.0,0.0
/epuck1/cmd_vel,79.273611168,0.0,0.0
/epuck1/cmd_vel,79.28025884,0.0,0.0
/epuck1/cmd_vel,79.286779613,0.0,0.0
/epuck1/cmd_vel,79.298536764,0.0,0.0
/epuck1/cmd_vel,79.306381932,0.0,0.0
/epuck1/cmd_vel,79.313817201,0.0,0.0
/epuck1/cmd_vel,79.324523056,0.0,0.0
/epuck1/cmd_vel,79.336029709,0.0,0.0
/epuck1/cmd_vel,79.340326691,0.0,0.0
/epuck1/cmd_vel,79.349008155,0.0,0.0
/epuck1/cmd_vel,79.358501516,0.0,0.0
/epuck1/cmd_vel,79.366950081,0.0,0.0
/epuck1/cmd_vel,79.372852356,0.0,0.0
/epuck1/cmd_vel,79.386931198,0.0,0.0
/epuck1/cmd_vel,79.397455054,0.0,0.0
/epuck1/cmd_vel,79.406827915,0.0,0.0
/epuck1/cmd_vel,79.414490383,0.0,0.0
/epuck1/cmd_vel,79.425552838,0.0,0.0
/epuck1/cmd_vel,79.43229791,0.0,0.0
/epuck1/cmd_vel,79.442289468,0.0,0.0
/epuck1/cmd_vel,79.452089528,0.0,0.0
/epuck1/cmd_vel,79.461959287,0.0,0.0
/epuck1/cmd_vel,79.47088215,0.0,0.0
/epuck1/cmd_vel,79.478435718,0.0,0.0
/epuck1/cmd_vel,79.486539185,0.0,0.0
/epuck1/cmd_vel,79.497816338,0.0,0.0
/epuck1/cmd_vel,79.50456501,0.0,0.0
/epuck1/cmd_vel,79.517126558,0.0,0.0
/epuck1/cmd_vel,79.522021738,0.0,0.0
/epuck1/cmd_vel,79.531805197,0.0,0.0
/epuck1/cmd_vel,79.540892159,0.0,0.0
/epuck1/cmd_vel,79.548907626,0.0,0.0
/epuck1/cmd_vel,79.554636402,0.0,0.0
/epuck1/cmd_vel,79.565283558,0.0,0.0
/epuck1/cmd_vel,79.573968722,0.0,0.0
/epuck1/cmd_vel,79.585548474,0.0,0.0
/epuck1/cmd_vel,79.592905344,0.0,0.0
/epuck1/cmd_vel,79.604193197,0.0,0.0
/epuck1/cmd_vel,79.61067517,0.0,0.0
/epuck1/cmd_vel,79.617467642,0.0,0.0
/epuck1/cmd_vel,79.628711995,0.0,0.0
/epuck1/cmd_vel,79.63967805,0.0,0.0
/epuck1/cmd_vel,79.648531913,0.0,0.0
/epuck1/cmd_vel,79.657931674,0.0,0.0
/epuck1/cmd_vel,79.672681913,0.0,0.0
/epuck1/cmd_vel,79.68316847,0.0,0.0
/epuck1/cmd_vel,79.690747238,0.0,0.0
/epuck1/cmd_vel,79.701045695,0.0,0.0
/epuck1/cmd_vel,79.707034771,0.0,0.0
/epuck1/cmd_vel,79.71920102,0.0,0.0
/epuck1/cmd_vel,79.727402786,0.0,0.0
/epuck1/cmd_vel,79.739632136,0.0,0.0
/epuck1/cmd_vel,79.744706914,0.0,0.0
/epuck1/cmd_vel,79.759699351,0.0,0.0
/epuck1/cmd_vel,79.769305811,0.0,0.0
/epuck1/cmd_vel,79.776297481,0.0,0.0
/epuck1/cmd_vel,79.784700345,0.0,0.0
/epuck1/cmd_vel,79.793661307,0.0,0.0
/epuck1/cmd_vel,79.803190167,0.0,0.0
/epuck1/cmd_vel,79.813061325,0.0,0.0
/epuck1/cmd_vel,79.8187801,0.0,0.0
/epuck1/cmd_vel,79.831379647,0.0,0.0
/epuck1/cmd_vel,79.836865724,0.0,0.0
/epuck1/cmd_vel,79.850961064,0.0,0.0
/epuck1/cmd_vel,79.858467532,0.0,0.0
/epuck1/cmd_vel,79.870083082,0.0,0.0
/epuck1/cmd_vel,79.873743667,0.0,0.0
/epuck1/cmd_vel,79.882898728,0.0,0.0
/epuck1/cmd_vel,79.892248988,0.0,0.0
/epuck1/cmd_vel,79.899360258,0.0,0.0
/epuck1/cmd_vel,79.907113225,0.0,0.0
/epuck1/cmd_vel,79.918040679,0.0,0.0
/epuck1/cmd_vel,79.926988441,0.0,0.0
/epuck1/cmd_vel,79.938662191,0.0,0.0
/epuck1/cmd_vel,79.948925747,0.0,0.0
/epuck1/cmd_vel,79.95778021,0.0,0.0
/epuck1/cmd_vel,79.964349982,0.0,0.0
/epuck1/cmd_vel,79.971320752,0.0,0.0
/epuck1/cmd_vel,79.981639409,0.0,0.0
/epuck1/cmd_vel,79.989190676,0.0,0.0
/epuck1/cmd_vel,79.994861252,0.0,0.0
/epuck1/cmd_vel,80.005792506,0.0,0.0
/epuck1/cmd_vel,80.013268274,0.0,0.0
/epuck1/cmd_vel,80.025212123,0.0,0.0
/epuck1/cmd_vel,80.036345976,0.0,0.0
/epuck1/cmd_vel,80.043584945,0.0,0.0
/epuck1/cmd_vel,80.051700711,0.0,0.0
/epuck1/cmd_vel,80.066637447,0.0,0.0
/epuck1/cmd_vel,80.07535511,0.0,0.0
/epuck1/cmd_vel,80.087036961,0.0,0.0
/epuck1/cmd_vel,80.092669837,0.0,0.0
/epuck1/cmd_vel,80.102495995,0.0,0.0
/epuck1/cmd_vel,80.111147858,0.0,0.0
/epuck1/cmd_vel,80.119149224,0.0,0.0
/epuck1/cmd_vel,80.145048614,0.0,0.0
/epuck1/cmd_vel,80.180978962,0.0,0.0
/epuck1/cmd_vel,80.186221839,0.0,0.0
/epuck1/cmd_vel,80.197723491,0.0,0.0
/epuck1/cmd_vel,80.203880864,0.0,0.0
/epuck1/cmd_vel,80.21436242,0.0,0.0
/epuck1/cmd_vel,80.229057357,0.0,0.0
/epuck1/cmd_vel,80.253758252,0.0,0.0
/epuck1/cmd_vel,80.261172321,0.0,0.0
/epuck1/cmd_vel,80.274552964,0.0,0.0
/epuck1/cmd_vel,80.282710529,0.0,0.0
/epuck1/cmd_vel,80.293592883,0.0,0.0
/epuck1/cmd_vel,80.299601458,0.0,0.0
/epuck1/cmd_vel,80.311961805,0.0,0.0
/epuck1/cmd_vel,80.319350274,0.0,0.0
/epuck1/cmd_vel,80.32737594,0.0,0.0
/epuck1/cmd_vel,80.3368091,0.0,0.0
/epuck1/cmd_vel,80.34601996,0.0,0.0
/epuck1/cmd_vel,80.354812723,0.0,0.0
/epuck1/cmd_vel,80.365432878,0.0,0.0
/epuck1/cmd_vel,80.376579231,0.0,0.0
/epuck1/cmd_vel,80.383303402,0.0,0.0
/epuck1/cmd_vel,80.389098577,0.0,0.0
