topic,time_s,linear_mps,angular_rps
/epuck1/cmd_vel,23.675495685,0.0,0.0
/epuck1/cmd_vel,23.709629707,0.0,0.0
/epuck1/cmd_vel,23.764151471,0.0,0.0
/epuck1/cmd_vel,23.807635021,0.0,0.0
/epuck1/cmd_vel,23.884979541,0.0,0.0
/epuck1/cmd_vel,23.925388615,0.0,0.0
/epuck1/cmd_vel,23.980079427,0.0,0.0
/epuck1/cmd_vel,24.017205029,0.0,0.0
/epuck1/cmd_vel,24.078227119,0.0,0.0
/epuck1/cmd_vel,24.130257253,0.0,0.0
/epuck1/cmd_vel,24.203828928,0.0,0.0
/epuck1/cmd_vel,24.241682075,0.0,0.0
/epuck1/cmd_vel,24.294137929,0.0,0.0
/epuck1/cmd_vel,24.333154665,0.0,0.0
/epuck1/cmd_vel,24.398432357,0.0,0.0
/epuck1/cmd_vel,24.462024181,0.0,0.0
/epuck1/cmd_vel,24.520932589,0.0,0.0
/epuck1/cmd_vel,24.560908141,0.0,0.0
/epuck1/cmd_vel,24.615001239,0.0,0.0
/epuck1/cmd_vel,24.652860433,0.0,0.0
/epuck1/cmd_vel,24.729182363,0.0,0.0
/epuck1/cmd_vel,24.781419525,0.0,0.0
/epuck1/cmd_vel,24.839822624,0.0,0.0
/epuck1/cmd_vel,24.875022863,0.0,0.0
/epuck1/cmd_vel,24.930473806,0.0,0.0
/epuck1/cmd_vel,24.971879778,0.0,0.0
/epuck1/cmd_vel,25.058104679,0.0,0.0
/epuck1/cmd_vel,25.095312216,0.0,0.0
/epuck1/cmd_vel,25.154196766,0.0,0.0
/epuck1/cmd_vel,25.189744535,0.0,0.0
/epuck1/cmd_vel,25.250840973,0.0,0.0
/epuck1/cmd_vel,25.289939328,0.0,0.0
/epuck1/cmd_vel,25.37362075,0.0,0.0
/epuck1/cmd_vel,25.415620916,0.0,0.0
/epuck1/cmd_vel,25.476714142,0.0,0.0
/epuck1/cmd_vel,25.52097264,0.0,0.0
/epuck1/cmd_vel,25.57102595,0.0,0.0
/epuck1/cmd_vel,25.608292982,0.0,0.0
/epuck1/cmd_vel,25.666202319,0.0,0.0
/epuck1/cmd_vel,25.714213862,0.0,0.0
/epuck1/cmd_vel,25.777632632,0.0,0.0
/epuck1/cmd_vel,25.814111184,0.0,0.0
/epuck1/cmd_vel,25.869055052,0.0,0.0
/epuck1/cmd_vel,25.908530148,0.0,0.0
/epuck1/cmd_vel,25.979497109,0.0,0.0
/epuck1/cmd_vel,26.0275706,0.0,0.0
/epuck1/cmd_vel,26.087420162,0.0,0.0
/epuck1/cmd_vel,26.123869746,0.0,0.0
/epuck1/cmd_vel,26.179641387,0.0,0.0
/epuck1/cmd_vel,26.220737847,0.0,0.0
/epuck1/cmd_vel,26.305257213,0.0,0.0
/epuck1/cmd_vel,26.346899875,0.0,0.0
/epuck1/cmd_vel,26.406677766,0.0,0.0
/epuck1/cmd_vel,26.441113367,0.0,0.0
/epuck1/cmd_vel,26.499649334,0.0,0.0
/epuck1/cmd_vel,26.541282833,0.0,0.0
/epuck1/cmd_vel,26.626300476,0.0,0.0
/epuck1/cmd_vel,26.665126883,0.0,0.0
/epuck1/cmd_vel,26.720982444,0.0,0.0
/epuck1/cmd_vel,26.756339917,0.0,0.0
/epuck1/cmd_vel,26.818739771,0.0,0.0
/epuck1/cmd_vel,26.871144387,0.0,0.0
/epuck1/cmd_vel,26.927409316,0.0,0.0
/epuck1/cmd_vel,26.963987697,0.0,0.0
/epuck1/cmd_vel,27.019378821,0.0,0.0
/epuck1/cmd_vel,27.060778571,0.0,0.0
/epuck1/cmd_vel,27.140172399,0.0,0.0
/epuck1/cmd_vel,27.179035585,0.0,0.0
/epuck1/cmd_vel,27.235187878,0.0,0.0
/epuck1/cmd_vel,27.270814798,0.0,0.0
/epuck1/cmd_vel,27.349669132,0.0,0.0
/epuck1/cmd_vel,27.390661012,0.0,0.0
/epuck1/cmd_vel,27.445531934,0.0,0.0
/epuck1/cmd_vel,27.480030491,0.0,0.0
/epuck1/cmd_vel,27.540179668,0.0,0.0
/epuck1/cmd_vel,27.597513257,0.0,0.0
/epuck1/cmd_vel,27.658029425,0.0,0.0
/epuck1/cmd_vel,27.694056107,0.0,0.0
/epuck1/cmd_vel,27.747815941,0.0,0.0
/epuck1/cmd_vel,27.78853174,0.0,0.0
/epuck1/cmd_vel,27.874718617,0.0,0.0
/epuck1/cmd_vel,27.920982441,0.0,0.0
/epuck1/cmd_vel,27.974075157,0.0,0.0
/epuck1/cmd_vel,28.005852571,0.0,0.0
/epuck1/cmd_vel,28.062233405,0.0,0.0
/epuck1/cmd_vel,28.102282386,0.0,0.0
/epuck1/cmd_vel,28.184025006,0.0,0.0
/epuck1/cmd_vel,28.221552429,0.0,0.0
/epuck1/cmd_vel,28.275540833,0.0,0.0
/epuck1/cmd_vel,28.312779322,0.0,0.0
/epuck1/cmd_vel,28.39414036,0.0,0.0
/epuck1/cmd_vel,28.434065311,0.0,0.0
/epuck1/cmd_vel,28.490510299,0.0,0.0
/epuck1/cmd_vel,28.52661374,0.0017843840499999432,0.0
/epuck1/cmd_vel,28.585403773,0.004748546449999936,0.0
/epuck1/cmd_vel,28.647055853,0.007821021299999842,0.0
/epuck1/cmd_vel,28.707216494,0.010799320550000147,0.0
/epuck1/cmd_vel,28.744710631,0.012668245750000296,0.0
/epuck1/cmd_vel,28.799793007,0.015348901950000028,0.0
/epuck1/cmd_vel,28.839031136,0.017415123149999802,0.0
/epuck1/cmd_vel,28.917069548,0.02125014745000016,0.0
/epuck1/cmd_vel,28.95914324,0.0233775332999997,0.0
/epuck1/cmd_vel,29.012513204,0.025,0.0
/epuck1/cmd_vel,29.049474649,0.025,0.0
/epuck1/cmd_vel,29.112089773,0.025,0.0
/epuck1/cmd_vel,29.166553505,0.025,0.0
/epuck1/cmd_vel,29.222860473,0.025,0.0
/epuck1/cmd_vel,29.258270415,0.025,0.0
/epuck1/cmd_vel,29.315277578,0.025,0.0
/epuck1/cmd_vel,29.355438974,0.025,0.0
/epuck1/cmd_vel,29.438206718,0.025,0.0
/epuck1/cmd_vel,29.46580573,0.025,0.0
/epuck1/cmd_vel,29.479419495,0.025,0.0
/epuck1/cmd_vel,29.484841534,0.025,0.0
/epuck1/cmd_vel,29.496637658,0.025,0.0
/epuck1/cmd_vel,29.501882401,0.025,0.0
/epuck1/cmd_vel,29.514568606,0.025,0.0
/epuck1/cmd_vel,29.520297367,0.025,0.0
/epuck1/cmd_vel,29.535338999,0.025,0.0
/epuck1/cmd_vel,29.541965437,0.025,0.0
/epuck1/cmd_vel,29.549036415,0.025,0.0
/epuck1/cmd_vel,29.55769147,0.025,0.0
/epuck1/cmd_vel,29.567934899,0.025,0.0
/epuck1/cmd_vel,29.576118729,0.025,0.0
/epuck1/cmd_vel,29.585443693,0.025,0.0
/epuck1/cmd_vel,29.591359745,0.025,0.0
/epuck1/cmd_vel,29.605185486,0.025,0.0
/epuck1/cmd_vel,29.612078768,0.025,0.0
/epuck1/cmd_vel,29.62576549,0.025,0.0
/epuck1/cmd_vel,29.632446695,0.025,0.0
/epuck1/cmd_vel,29.643587801,0.025,0.0
/epuck1/cmd_vel,29.648448368,0.025,0.0
/epuck1/cmd_vel,29.658675506,0.025,0.0
/epuck1/cmd_vel,29.666296664,0.025,0.0
/epuck1/cmd_vel,29.675239251,0.025,0.0
/epuck1/cmd_vel,29.681037471,0.025,0.0
/epuck1/cmd_vel,29.693558173,0.025,0.0
/epuck1/cmd_vel,29.696021137,0.025,0.0
/epuck1/cmd_vel,29.708615996,0.025,0.0
/epuck1/cmd_vel,29.715555251,0.025,0.0
/epuck1/cmd_vel,29.725245802,0.025,0.0
/epuck1/cmd_vel,29.732945114,0.025,0.0
/epuck1/cmd_vel,29.743360943,0.025,0.0
/epuck1/cmd_vel,29.752069867,0.025,0.0
/epuck1/cmd_vel,29.759047399,0.025,0.0
/epuck1/cmd_vel,29.76695449,0.025,0.0
/epuck1/cmd_vel,29.776071676,0.025,0.0
/epuck1/cmd_vel,29.781432551,0.025,0.0
/epuck1/cmd_vel,29.793478829,0.025,0.0
/epuck1/cmd_vel,29.799793648,0.025,0.0
/epuck1/cmd_vel,29.809093927,0.025,0.0
/epuck1/cmd_vel,29.817693614,0.025,0.0
/epuck1/cmd_vel,29.827759947,0.025,0.0
/epuck1/cmd_vel,29.831532448,0.025,0.0
/epuck1/cmd_vel,29.842861544,0.025,0.0
/epuck1/cmd_vel,29.848929907,0.025,0.0
/epuck1/cmd_vel,29.860381731,0.025,0.0
/epuck1/cmd_vel,29.869188798,0.025,0.0
/epuck1/cmd_vel,29.883408609,0.025,0.0
/epuck1/cmd_vel,29.886981726,0.025,0.0
/epuck1/cmd_vel,29.897941538,0.025,0.0
/epuck1/cmd_vel,29.90603432,0.025,0.0
/epuck1/cmd_vel,29.914854579,0.025,0.0
/epuck1/cmd_vel,29.92066879,0.025,0.0
/epuck1/cmd_vel,29.933838313,0.025,0.0
/epuck1/cmd_vel,29.937403335,0.025,0.0
/epuck1/cmd_vel,29.950983719,0.025,0.0
/epuck1/cmd_vel,29.958096573,0.025,0.0
/epuck1/cmd_vel,29.970611878,0.025,0.0
/epuck1/cmd_vel,29.976437982,0.025,0.0
/epuck1/cmd_vel,29.984701165,0.025,0.0
/epuck1/cmd_vel,29.993809056,0.025,0.0
/epuck1/cmd_vel,30.003524693,0.025,0.0
/epuck1/cmd_vel,30.012016543,0.025,0.0
/epuck1/cmd_vel,30.024573224,0.025,0.0
/epuck1/cmd_vel,30.036971397,0.025,0.0
/epuck1/cmd_vel,30.045232881,0.025,0.0
/epuck1/cmd_vel,30.055702379,0.025,0.0
/epuck1/cmd_vel,30.065772908,0.025,0.0
/epuck1/cmd_vel,30.068576874,0.025,0.0
/epuck1/cmd_vel,30.082366636,0.025,0.0
/epuck1/cmd_vel,30.088356844,0.025,0.0
/epuck1/cmd_vel,30.097921469,0.025,0.0
/epuck1/cmd_vel,30.103621746,0.025,0.0
/epuck1/cmd_vel,30.111667856,0.025,0.0
/epuck1/cmd_vel,30.122550413,0.025,0.0
/epuck1/cmd_vel,30.13139056,0.025,0.0
/epuck1/cmd_vel,30.138072765,0.025,0.0
/epuck1/cmd_vel,30.15086221,0.025,0.0
/epuck1/cmd_vel,30.156751077,0.025,0.0
/epuck1/cmd_vel,30.168661035,0.025,0.0
/epuck1/cmd_vel,30.173447445,0.025,0.0
/epuck1/cmd_vel,30.185452147,0.025,0.0
/epuck1/cmd_vel,30.191998032,0.025,0.0
/epuck1/cmd_vel,30.200659483,0.025,0.0
/epuck1/cmd_vel,30.211829172,0.025,0.0
/epuck1/cmd_vel,30.218095419,0.025,0.0
/epuck1/cmd_vel,30.2306523,0.025,0.0
/epuck1/cmd_vel,30.236496293,0.025,0.0
/epuck1/cmd_vel,30.242449423,0.025,0.0
/epuck1/cmd_vel,30.256327834,0.025,0.0
/epuck1/cmd_vel,30.260595846,0.025,0.0
/epuck1/cmd_vel,30.276030149,0.025,0.0
/epuck1/cmd_vel,30.279722897,0.025,0.0
/epuck1/cmd_vel,30.289619328,0.025,0.0
/epuck1/cmd_vel,30.298768595,0.025,0.0
/epuck1/cmd_vel,30.306769131,0.025,0.0
/epuck1/cmd_vel,30.31205445,0.025,0.0
/epuck1/cmd_vel,30.323884954,0.025,0.0
/epuck1/cmd_vel,30.331583667,0.025,0.0
/epuck1/cmd_vel,30.343249767,0.025,0.0
/epuck1/cmd_vel,30.351112084,0.025,0.0
/epuck1/cmd_vel,30.360959943,0.025,0.0
/epuck1/cmd_vel,30.367968658,0.025,0.0
/epuck1/cmd_vel,30.376232141,0.025,0.0
/epuck1/cmd_vel,30.387404429,0.025,0.0
/epuck1/cmd_vel,30.395083053,0.025,0.0
/epuck1/cmd_vel,30.400463816,0.025,0.0
/epuck1/cmd_vel,30.409286174,0.025,0.0
/epuck1/cmd_vel,30.416542421,0.025,0.0
/epuck1/cmd_vel,30.427527365,0.025,0.0
/epuck1/cmd_vel,30.435279109,0.025,0.0
/epuck1/cmd_vel,30.448380209,0.025,0.0
/epuck1/cmd_vel,30.457701931,0.025,0.0
/epuck1/cmd_vel,30.469634118,0.025,0.0
/epuck1/cmd_vel,30.47733839,0.025,0.0
/epuck1/cmd_vel,30.484803403,0.025,0.0
/epuck1/cmd_vel,30.494265741,0.025,0.0
/epuck1/cmd_vel,30.503240867,0.025,0.0
/epuck1/cmd_vel,30.512426568,0.025,0.0
/epuck1/cmd_vel,30.522442182,0.025,0.0
/epuck1/cmd_vel,30.527397469,0.025,0.0
/epuck1/cmd_vel,30.539894924,0.025,0.0
/epuck1/cmd_vel,30.544220182,0.025,0.0
/epuck1/cmd_vel,30.557468796,0.025,0.0
/epuck1/cmd_vel,30.56516947,0.025,0.0
/epuck1/cmd_vel,30.576332409,0.025,0.0
/epuck1/cmd_vel,30.581808791,0.025,0.0
/epuck1/cmd_vel,30.588958489,0.025,0.0
/epuck1/cmd_vel,30.598352468,0.025,0.0
/epuck1/cmd_vel,30.606740038,0.025,0.0
/epuck1/cmd_vel,30.615627715,0.025,0.0
/epuck1/cmd_vel,30.625049777,0.0240511675999997,-0.02846497200000897
/epuck1/cmd_vel,30.636147655,0.023052304699999127,-0.0584308590000262
/epuck1/cmd_vel,30.644756395,0.02207760749999892,-0.08767177500003243
/epuck1/cmd_vel,30.6508744,0.021470444399999167,-0.105886668000025
/epuck1/cmd_vel,30.658554686,0.020765618599999414,-0.1270314420000176
/epuck1/cmd_vel,30.668879118,0.01972829829999938,-0.15815105100001858
/epuck1/cmd_vel,30.677884825,0.0187977152000002,-0.18606854399999406
/epuck1/cmd_vel,30.686088604,0.01798897049999937,-0.21033088500001895
/epuck1/cmd_vel,30.695536851,0.017032562599999326,-0.2390231220000203
/epuck1/cmd_vel,30.700360316,0.016546887999999173,-0.25359336000002486
/epuck1/cmd_vel,30.711653878,0.015421739299999617,-0.28734782100001155
/epuck1/cmd_vel,30.718526439,0.014720251599999304,-0.30839245200002097
/epuck1/cmd_vel,30.726440188,0.014019493399999309,-0.32941519800002084
/epuck1/cmd_vel,30.733538916,0.013227908700000061,-0.3531627389999983
/epuck1/cmd_vel,30.741095075,0.012490352099999318,-0.3752894370000206
/epuck1/cmd_vel,30.747363091,0.011899339499998978,-0.3930198150000308
/epuck1/cmd_vel,30.758092286,0.010747736300000104,-0.427567910999997
/epuck1/cmd_vel,30.765813248,0.010015016900000267,-0.44954949299999214
/epuck1/cmd_vel,30.77806035,0.008748281399999773,-0.48755155800000693
/epuck1/cmd_vel,30.783723722,0.008195756099999589,-0.5041273170000125
/epuck1/cmd_vel,30.798271671,0.006860470899999886,-0.5441858730000035
/epuck1/cmd_vel,30.804254955,0.006143632199999164,-0.5656910340000252
/epuck1/cmd_vel,30.813295841,0.006,-0.593105721000029
/epuck1/cmd_vel,30.82241858,0.006,-0.6195321900000152
/epuck1/cmd_vel,30.831829549,0.006,-0.6479338979999909
/epuck1/cmd_vel,30.841665068,0.006,-0.65
/epuck1/cmd_vel,30.849368841,0.006,-0.65
/epuck1/cmd_vel,30.856698833,0.006,-0.65
/epuck1/cmd_vel,30.87188131,0.006,-0.65
/epuck1/cmd_vel,30.87443291,0.006,-0.65
/epuck1/cmd_vel,30.886023898,0.006,-0.65
/epuck1/cmd_vel,30.89132818,0.006,-0.65
/epuck1/cmd_vel,30.900474805,0.006,-0.65
/epuck1/cmd_vel,30.908646002,0.006,-0.65
/epuck1/cmd_vel,30.918095049,0.006,-0.65
/epuck1/cmd_vel,30.928817047,0.006,-0.65
/epuck1/cmd_vel,30.9409785,0.006626112049999961,-0.5999110360000032
/epuck1/cmd_vel,30.95259937,0.007224425400000229,-0.5520459679999817
/epuck1/cmd_vel,30.960150532,0.007536781800000142,-0.5270574559999887
/epuck1/cmd_vel,30.966106532,0.007900463100000138,-0.49796295199998897
/epuck1/cmd_vel,30.978307261,0.00850966004999995,-0.44922719600000394
/epuck1/cmd_vel,30.98714037,0.00894423465000051,-0.4144612279999592
/epuck1/cmd_vel,30.999672604,0.009577702350000323,-0.3637838119999742
/epuck1/cmd_vel,31.00587286,0.009871829450000064,-0.3402536439999949
/epuck1/cmd_vel,31.017518516,0.010419357700000149,-0.29645138399998816
/epuck1/cmd_vel,31.022617219,0.010709507150000292,-0.2732394279999767
/epuck1/cmd_vel,31.031228958,0.01115784365000016,-0.23737250799998721
/epuck1/cmd_vel,31.039849692,0.011559042850000395,-0.2052765719999684
/epuck1/cmd_vel,31.048075657,0.012,-0.1697046760000035
/epuck1/cmd_vel,31.057868202,0.012,-0.1349890799999912
/epuck1/cmd_vel,31.068049518,0.012,-0.09148704799999907
/epuck1/cmd_vel,31.07481724,0.012,-0.07011400799998457
/epuck1/cmd_vel,31.086457699,0.012,-0.019171147999964
/epuck1/cmd_vel,31.091727902,0.012,0.004004831999998237
/epuck1/cmd_vel,31.105124628,0.012,0.04038754799998967
/epuck1/cmd_vel,31.110037841,0.012,0.05894274300002278
/epuck1/cmd_vel,31.120752344,0.012,0.08921055300004921
/epuck1/cmd_vel,31.130545588,0.012,0.11993469600000706
/epuck1/cmd_vel,31.140931784,0.012,0.14782730399998056
/epuck1/cmd_vel,31.149895715,0.012,0.17838354599999773
/epuck1/cmd_vel,31.159924921,0.012,0.2066653230000156
/epuck1/cmd_vel,31.16937027,0.012,0.2368767690000254
/epuck1/cmd_vel,31.178758652,0.012,0.2652020190000485
/epuck1/cmd_vel,31.184398737,0.012,0.28054790099998284
/epuck1/cmd_vel,31.196966351,0.012,0.317890953000051
/epuck1/cmd_vel,31.202496101,0.012,0.3355841550000548
/epuck1/cmd_vel,31.215092998,0.012,0.35
/epuck1/cmd_vel,31.221506528,0.012,0.35
/epuck1/cmd_vel,31.233644295,0.012,0.35
/epuck1/cmd_vel,31.24295892,0.012,0.35
/epuck1/cmd_vel,31.255590697,0.012,0.35
/epuck1/cmd_vel,31.26259578,0.012,0.35
/epuck1/cmd_vel,31.272746014,0.012,0.35
/epuck1/cmd_vel,31.281207741,0.012,0.35
/epuck1/cmd_vel,31.290335476,0.012,0.35
/epuck1/cmd_vel,31.294809647,0.012,0.35
/epuck1/cmd_vel,31.307797114,0.012,0.35
/epuck1/cmd_vel,31.312472266,0.012,0.35
/epuck1/cmd_vel,31.325000503,0.012,0.35
/epuck1/cmd_vel,31.330187754,0.012,0.35
/epuck1/cmd_vel,31.339905543,0.012,0.35
/epuck1/cmd_vel,31.3476358,0.012,0.35
/epuck1/cmd_vel,31.357111431,0.012,0.35
/epuck1/cmd_vel,31.362243615,0.012,0.35
/epuck1/cmd_vel,31.37765046,0.012,0.35
/epuck1/cmd_vel,31.382911368,0.012,0.35
/epuck1/cmd_vel,31.395426812,0.012,0.35
/epuck1/cmd_vel,31.400683623,0.012,0.35
/epuck1/cmd_vel,31.413295004,0.012,0.35
/epuck1/cmd_vel,31.418145531,0.012,0.35
/epuck1/cmd_vel,31.428990708,0.012,0.35
/epuck1/cmd_vel,31.43579278,0.012,0.35
/epuck1/cmd_vel,31.446538316,0.012,0.30973904400000263
/epuck1/cmd_vel,31.457324928,0.012,0.2650770960000045
/epuck1/cmd_vel,31.469671815,0.012,0.21642390800000155
/epuck1/cmd_vel,31.47266904,0.012,0.19994287200004235
/epuck1/cmd_vel,31.486115277,0.012,0.14675636800004666
/epuck1/cmd_vel,31.491606925,0.012,0.12479417600000031
/epuck1/cmd_vel,31.505958925,0.012,0.09527290105819701
/epuck1/cmd_vel,31.51147246,0.012,0.09527290105819701
/epuck1/cmd_vel,31.523254582,0.012,0.09527290105819701
/epuck1/cmd_vel,31.528277907,0.012,0.09527290105819701
/epuck1/cmd_vel,31.535629153,0.012,0.09527290105819701
/epuck1/cmd_vel,31.547489529,0.012,0.048287129058226116
/epuck1/cmd_vel,31.557577854,0.012,0.01188548505826019
/epuck1/cmd_vel,31.559952748,0.012,-0.0012075589417554627
/epuck1/cmd_vel,31.571407564,0.012,-0.035878126941751146
/epuck1/cmd_vel,31.580758126,0.012,-0.05712294494179333
/epuck1/cmd_vel,31.591002559,0.012,-0.09523517294181034
/epuck1/cmd_vel,31.596436141,0.012,-0.11124898994176875
/epuck1/cmd_vel,31.605865457,0.012,-0.11516334772109987
/epuck1/cmd_vel,31.615084697,0.012,-0.11516334772109987
/epuck1/cmd_vel,31.624643736,0.012,-0.11516334772109987
/epuck1/cmd_vel,31.635141419,0.012,-0.11516334772109987
/epuck1/cmd_vel,31.644050942,0.012,-0.0816220117211151
/epuck1/cmd_vel,31.654195034,0.012,-0.07148786544799807
/epuck1/cmd_vel,31.669257714,0.012,-0.07148786544799807
/epuck1/cmd_vel,31.670696961,0.012,-0.07148786544799807
/epuck1/cmd_vel,31.683324583,0.012,-0.07148786544799807
/epuck1/cmd_vel,31.688584967,0.012,-0.07148786544799807
/epuck1/cmd_vel,31.701411071,0.012,-0.07148786544799807
/epuck1/cmd_vel,31.706468976,0.012,-0.07148786544799807
/epuck1/cmd_vel,31.71931217,0.012,-0.07148786544799807
/epuck1/cmd_vel,31.727639238,0.012,-0.07148786544799807
/epuck1/cmd_vel,31.740338217,0.012,-0.07148786544799807
/epuck1/cmd_vel,31.746973888,0.012,-0.04678769344794548
/epuck1/cmd_vel,31.75804603,0.012,-0.005370221447910828
/epuck1/cmd_vel,31.76716433,0.012,-0.003989485502243062
/epuck1/cmd_vel,31.776000897,0.012,-0.003989485502243062
/epuck1/cmd_vel,31.786523765,0.012,-0.003989485502243062
/epuck1/cmd_vel,31.797165027,0.012,-0.003989485502243062
/epuck1/cmd_vel,31.802362124,0.012,-0.003989485502243062
/epuck1/cmd_vel,31.814853572,0.012,-0.003989485502243062
/epuck1/cmd_vel,31.822794003,0.012,-0.003989485502243062
/epuck1/cmd_vel,31.834468432,0.012,-0.003989485502243062
/epuck1/cmd_vel,31.839854203,0.012,-0.003989485502243062
/epuck1/cmd_vel,31.852833818,0.012,0.015862991809844955
/epuck1/cmd_vel,31.858218886,0.012,0.01586299180984495
/epuck1/cmd_vel,31.867287954,0.012,0.01586299180984495
/epuck1/cmd_vel,31.876875849,0.012,0.01586299180984495
/epuck1/cmd_vel,31.885797325,0.012,0.01586299180984495
/epuck1/cmd_vel,31.894573311,0.012,0.01586299180984495
/epuck1/cmd_vel,31.905344551,0.012,0.01586299180984495
/epuck1/cmd_vel,31.910633329,0.012,0.01586299180984495
/epuck1/cmd_vel,31.922808851,0.012,0.01586299180984495
/epuck1/cmd_vel,31.929952504,0.012,0.01586299180984495
/epuck1/cmd_vel,31.94090851,0.012,0.01586299180984495
/epuck1/cmd_vel,31.950727964,0.012,0.01586299180984495
/epuck1/cmd_vel,31.961671946,0.012,0.003951516151428202
/epuck1/cmd_vel,31.968522619,0.012,0.003951516151428203
/epuck1/cmd_vel,31.982379372,0.012,0.003951516151428203
/epuck1/cmd_vel,31.986142627,0.012,0.003951516151428203
/epuck1/cmd_vel,31.995575516,0.012,0.003951516151428203
/epuck1/cmd_vel,32.004273849,0.012,0.003951516151428203
/epuck1/cmd_vel,32.015362918,0.012,0.003951516151428203
/epuck1/cmd_vel,32.02036583,0.012,0.003951516151428203
/epuck1/cmd_vel,32.031824832,0.012,0.003951516151428203
/epuck1/cmd_vel,32.039672079,0.012,0.003951516151428203
/epuck1/cmd_vel,32.054479716,0.012,-0.003989485502243063
/epuck1/cmd_vel,32.061794909,0.012,-0.003989485502243062
/epuck1/cmd_vel,32.074379241,0.012,-0.003989485502243062
/epuck1/cmd_vel,32.080472412,0.012,-0.003989485502243062
/epuck1/cmd_vel,32.093010853,0.012,-0.003989485502243062
/epuck1/cmd_vel,32.098402736,0.012,-0.003989485502243062
/epuck1/cmd_vel,32.10855014,0.012,-0.003989485502243062
/epuck1/cmd_vel,32.118253063,0.012,-0.003989485502243062
/epuck1/cmd_vel,32.129501749,0.012,-0.003989485502243062
/epuck1/cmd_vel,32.139626508,0.012,-0.003989485502243062
/epuck1/cmd_vel,32.150301256,0.012,-0.003989485502243062
/epuck1/cmd_vel,32.156282106,0.012,-1.8957853317280553e-05
/epuck1/cmd_vel,32.171029122,0.012,-1.8957853317280726e-05
/epuck1/cmd_vel,32.17937145,0.012,-1.8957853317280726e-05
/epuck1/cmd_vel,32.192862378,0.012,-1.8957853317280726e-05
/epuck1/cmd_vel,32.198191135,0.012,-1.8957853317280726e-05
/epuck1/cmd_vel,32.211445695,0.012,-1.8957853317280726e-05
/epuck1/cmd_vel,32.218829424,0.012,-1.8957853317280726e-05
/epuck1/cmd_vel,32.231277987,0.012,-1.8957853317280726e-05
/epuck1/cmd_vel,32.239191465,0.012,-1.8957853317280726e-05
/epuck1/cmd_vel,32.248936371,0.012,-1.8957853317280726e-05
/epuck1/cmd_vel,32.255773116,0.012,-1.8957853317280726e-05
/epuck1/cmd_vel,32.264679161,0.012,-1.8957853317280726e-05
/epuck1/cmd_vel,32.274722458,0.012,-1.8957853317280726e-05
/epuck1/cmd_vel,32.284826176,0.012,-1.8957853317280726e-05
/epuck1/cmd_vel,32.288527208,0.012,-1.8957853317280726e-05
/epuck1/cmd_vel,32.300257047,0.012,-1.8957853317280726e-05
/epuck1/cmd_vel,32.306654121,0.012,-1.8957853317280726e-05
/epuck1/cmd_vel,32.319072925,0.012,-1.8957853317280726e-05
/epuck1/cmd_vel,32.326769874,0.012,-1.8957853317280726e-05
/epuck1/cmd_vel,32.342875682,0.012,-1.8957853317280726e-05
/epuck1/cmd_vel,32.349544294,0.012,-1.8957853317280726e-05
/epuck1/cmd_vel,32.361906386,0.012,-1.8957853317280726e-05
/epuck1/cmd_vel,32.368562874,0.012,-1.8957853317280726e-05
/epuck1/cmd_vel,32.380317061,0.012,-1.8957853317280726e-05
/epuck1/cmd_vel,32.385703132,0.012,-1.8957853317280726e-05
/epuck1/cmd_vel,32.395350745,0.012,-1.8957853317280726e-05
/epuck1/cmd_vel,32.406295128,0.012,-1.8957853317280726e-05
/epuck1/cmd_vel,32.413635663,0.012,-1.8957853317280726e-05
/epuck1/cmd_vel,32.418005402,0.012,-1.8957853317280726e-05
/epuck1/cmd_vel,32.433584702,0.012,-1.8957853317280726e-05
/epuck1/cmd_vel,32.436373415,0.012,-1.8957853317280726e-05
/epuck1/cmd_vel,32.451347218,0.012,-1.8957853317280726e-05
/epuck1/cmd_vel,32.457518518,0.012,-1.8957853317280726e-05
/epuck1/cmd_vel,32.46984599,0.012,-1.8957853317280726e-05
/epuck1/cmd_vel,32.477813341,0.012,-1.8957853317280726e-05
/epuck1/cmd_vel,32.486255631,0.012,-1.8957853317280726e-05
/epuck1/cmd_vel,32.494522374,0.012,-1.8957853317280726e-05
/epuck1/cmd_vel,32.503991595,0.012,-1.8957853317280726e-05
/epuck1/cmd_vel,32.513399394,0.012,-1.8957853317280726e-05
/epuck1/cmd_vel,32.520805836,0.012,-1.8957853317280726e-05
/epuck1/cmd_vel,32.526997677,0.012,-1.8957853317280726e-05
/epuck1/cmd_vel,32.538844799,0.012,-1.8957853317280726e-05
/epuck1/cmd_vel,32.545349558,0.012,-1.8957853317280726e-05
/epuck1/cmd_vel,32.557825623,0.012,-1.8957853317280726e-05
/epuck1/cmd_vel,32.564270865,0.012,-1.8957853317280726e-05
/epuck1/cmd_vel,32.576690018,0.012,-1.8957853317280726e-05
/epuck1/cmd_vel,32.581382895,0.012,-1.8957853317280726e-05
/epuck1/cmd_vel,32.589600642,0.012,-1.8957853317280726e-05
/epuck1/cmd_vel,32.597438838,0.012,-1.8957853317280726e-05
/epuck1/cmd_vel,32.606740727,0.012,-1.8957853317280726e-05
/epuck1/cmd_vel,32.612639088,0.012,-1.8957853317280726e-05
/epuck1/cmd_vel,32.625246112,0.012,-1.8957853317280726e-05
/epuck1/cmd_vel,32.631732235,0.012,-1.8957853317280726e-05
/epuck1/cmd_vel,32.643644585,0.012,-1.8957853317280726e-05
/epuck1/cmd_vel,32.64821983,0.012,-1.8957853317280726e-05
/epuck1/cmd_vel,32.656670537,0.012,-1.8957853317280726e-05
/epuck1/cmd_vel,32.667771283,0.012,-1.8957853317280726e-05
/epuck1/cmd_vel,32.676439219,0.012,-1.8957853317280726e-05
/epuck1/cmd_vel,32.684058583,0.012,-1.8957853317280726e-05
/epuck1/cmd_vel,32.693418788,0.012,-1.8957853317280726e-05
/epuck1/cmd_vel,32.699381977,0.012,-1.8957853317280726e-05
/epuck1/cmd_vel,32.711191223,0.012,-1.8957853317280726e-05
/epuck1/cmd_vel,32.718162105,0.012,-1.8957853317280726e-05
/epuck1/cmd_vel,32.731507288,0.012,-1.8957853317280726e-05
/epuck1/cmd_vel,32.738436086,0.012,-1.8957853317280726e-05
/epuck1/cmd_vel,32.7497233,0.012,-1.8957853317280726e-05
/epuck1/cmd_vel,32.758159078,0.012,-1.8957853317280726e-05
/epuck1/cmd_vel,32.771857058,0.012,-1.8957853317280726e-05
/epuck1/cmd_vel,32.77822104,0.012,-1.8957853317280726e-05
/epuck1/cmd_vel,32.787593168,0.012,-1.8957853317280726e-05
/epuck1/cmd_vel,32.797007179,0.012,-1.8957853317280726e-05
/epuck1/cmd_vel,32.807076486,0.012,-1.8957853317280726e-05
/epuck1/cmd_vel,32.816904917,0.012,-1.8957853317280726e-05
/epuck1/cmd_vel,32.82646672,0.012,-1.8957853317280726e-05
/epuck1/cmd_vel,32.832545137,0.012,-1.8957853317280726e-05
/epuck1/cmd_vel,32.847516235,0.012,-1.8957853317280726e-05
/epuck1/cmd_vel,32.850824876,0.012,-1.8957853317280726e-05
/epuck1/cmd_vel,32.863152247,0.012,-1.8957853317280726e-05
/epuck1/cmd_vel,32.869070848,0.012,-1.8957853317280726e-05
/epuck1/cmd_vel,32.883751872,0.012,-1.8957853317280726e-05
/epuck1/cmd_vel,32.89088818,0.012,-1.8957853317280726e-05
/epuck1/cmd_vel,32.899660222,0.012,-1.8957853317280726e-05
/epuck1/cmd_vel,32.907702121,0.012,-1.8957853317280726e-05
/epuck1/cmd_vel,32.91943161,0.012,-1.8957853317280726e-05
/epuck1/cmd_vel,32.923235329,0.012,-1.8957853317280726e-05
/epuck1/cmd_vel,32.935606387,0.012,-1.8957853317280726e-05
/epuck1/cmd_vel,32.941765363,0.012,-1.8957853317280726e-05
/epuck1/cmd_vel,32.955278879,0.012,-1.8957853317280726e-05
/epuck1/cmd_vel,32.961571018,0.012,-1.8957853317280726e-05
/epuck1/cmd_vel,32.973738573,0.012,-1.8957853317280726e-05
/epuck1/cmd_vel,32.981204834,0.012,-1.8957853317280726e-05
/epuck1/cmd_vel,32.995499494,0.012,-1.8957853317280726e-05
/epuck1/cmd_vel,33.000929629,0.012,-1.8957853317280726e-05
/epuck1/cmd_vel,33.010381616,0.012,-1.8957853317280726e-05
/epuck1/cmd_vel,33.018934324,0.012,-1.8957853317280726e-05
/epuck1/cmd_vel,33.028944414,0.012,-1.8957853317280726e-05
/epuck1/cmd_vel,33.037913145,0.012,-1.8957853317280726e-05
/epuck1/cmd_vel,33.049027117,0.012,-1.8957853317280726e-05
/epuck1/cmd_vel,33.058851539,0.012,-1.8957853317280726e-05
/epuck1/cmd_vel,33.067196838,0.012,-1.8957853317280726e-05
/epuck1/cmd_vel,33.074388656,0.012,-1.8957853317280726e-05
/epuck1/cmd_vel,33.085627074,0.012,-1.8957853317280726e-05
/epuck1/cmd_vel,33.091714008,0.012,-1.8957853317280726e-05
/epuck1/cmd_vel,33.103371755,0.012,-1.8957853317280726e-05
/epuck1/cmd_vel,33.107949805,0.012,-1.8957853317280726e-05
/epuck1/cmd_vel,33.115800526,0.012,-1.8957853317280726e-05
/epuck1/cmd_vel,33.125321148,0.012,-1.8957853317280726e-05
/epuck1/cmd_vel,33.135242863,0.012,-1.8957853317280726e-05
/epuck1/cmd_vel,33.144332032,0.012,-1.8957853317280726e-05
/epuck1/cmd_vel,33.153096259,0.012,-1.8957853317280726e-05
/epuck1/cmd_vel,33.159296316,0.012,-1.8957853317280726e-05
/epuck1/cmd_vel,33.170543752,0.012,-1.8957853317280726e-05
/epuck1/cmd_vel,33.175952445,0.012,-1.8957853317280726e-05
/epuck1/cmd_vel,33.188101363,0.012,-1.8957853317280726e-05
/epuck1/cmd_vel,33.194069262,0.012,-1.8957853317280726e-05
/epuck1/cmd_vel,33.206185114,0.012,-1.8957853317280726e-05
/epuck1/cmd_vel,33.213678228,0.012,-1.8957853317280726e-05
/epuck1/cmd_vel,33.221728944,0.012,-1.8957853317280726e-05
/epuck1/cmd_vel,33.232342226,0.012,-1.8957853317280726e-05
/epuck1/cmd_vel,33.243307504,0.012,-1.8957853317280726e-05
/epuck1/cmd_vel,33.253181725,0.012,-1.8957853317280726e-05
/epuck1/cmd_vel,33.264136783,0.012,-1.8957853317280726e-05
/epuck1/cmd_vel,33.2750204,0.012,-1.8957853317280726e-05
/epuck1/cmd_vel,33.287816798,0.012,-1.8957853317280726e-05
/epuck1/cmd_vel,33.295754791,0.012,-1.8957853317280726e-05
/epuck1/cmd_vel,33.306795418,0.012,-1.8957853317280726e-05
/epuck1/cmd_vel,33.312477853,0.012,-1.8957853317280726e-05
/epuck1/cmd_vel,33.326410798,0.012,-1.8957853317280726e-05
/epuck1/cmd_vel,33.33245174,0.012,-1.8957853317280726e-05
/epuck1/cmd_vel,33.345852133,0.012,-1.8957853317280726e-05
/epuck1/cmd_vel,33.353237333,0.012,-1.8957853317280726e-05
/epuck1/cmd_vel,33.365235653,0.012,-1.8957853317280726e-05
/epuck1/cmd_vel,33.373690168,0.012,-1.8957853317280726e-05
/epuck1/cmd_vel,33.382203899,0.012,-1.8957853317280726e-05
/epuck1/cmd_vel,33.392548951,0.012,-1.8957853317280726e-05
/epuck1/cmd_vel,33.400507886,0.012,-1.8957853317280726e-05
/epuck1/cmd_vel,33.411324971,0.012,-1.8957853317280726e-05
/epuck1/cmd_vel,33.420856679,0.012,-1.8957853317280726e-05
/epuck1/cmd_vel,33.426945693,0.012,-1.8957853317280726e-05
/epuck1/cmd_vel,33.4407863,0.012,-1.8957853317280726e-05
/epuck1/cmd_vel,33.448121172,0.012,-1.8957853317280726e-05
/epuck1/cmd_vel,33.462160272,0.012,-1.8957853317280726e-05
/epuck1/cmd_vel,33.467847593,0.012,-1.8957853317280726e-05
/epuck1/cmd_vel,33.479426338,0.012,-1.8957853317280726e-05
/epuck1/cmd_vel,33.487042666,0.012,-1.8957853317280726e-05
/epuck1/cmd_vel,33.499921676,0.012,-1.8957853317280726e-05
/epuck1/cmd_vel,33.508001618,0.012,-1.8957853317280726e-05
/epuck1/cmd_vel,33.517507774,0.012,-1.8957853317280726e-05
/epuck1/cmd_vel,33.523351003,0.012,-1.8957853317280726e-05
/epuck1/cmd_vel,33.533262158,0.012,-1.8957853317280726e-05
/epuck1/cmd_vel,33.541577164,0.012,-1.8957853317280726e-05
/epuck1/cmd_vel,33.549503603,0.012,-1.8957853317280726e-05
/epuck1/cmd_vel,33.554797748,0.012,-1.8957853317280726e-05
/epuck1/cmd_vel,33.569246155,0.012,-1.8957853317280726e-05
/epuck1/cmd_vel,33.57680567,0.012,-1.8957853317280726e-05
/epuck1/cmd_vel,33.589193612,0.012,-1.8957853317280726e-05
/epuck1/cmd_vel,33.595899042,0.012,-1.8957853317280726e-05
/epuck1/cmd_vel,33.607299936,0.012,-1.8957853317280726e-05
/epuck1/cmd_vel,33.613233043,0.012,-1.8957853317280726e-05
/epuck1/cmd_vel,33.625740821,0.012,-1.8957853317280726e-05
/epuck1/cmd_vel,33.631816809,0.012,-1.8957853317280726e-05
/epuck1/cmd_vel,33.640269186,0.012,-1.8957853317280726e-05
/epuck1/cmd_vel,33.651040538,0.012,-1.8957853317280726e-05
/epuck1/cmd_vel,33.659706636,0.012,-1.8957853317280726e-05
/epuck1/cmd_vel,33.66786363,0.012,-1.8957853317280726e-05
/epuck1/cmd_vel,33.678999101,0.012,-1.8957853317280726e-05
/epuck1/cmd_vel,33.685459347,0.012,-1.8957853317280726e-05
/epuck1/cmd_vel,33.697512729,0.012,-1.8957853317280726e-05
/epuck1/cmd_vel,33.70609907,0.012,-1.8957853317280726e-05
/epuck1/cmd_vel,33.715229885,0.012,-1.8957853317280726e-05
/epuck1/cmd_vel,33.721321604,0.012,-1.8957853317280726e-05
/epuck1/cmd_vel,33.733472779,0.012,-1.8957853317280726e-05
/epuck1/cmd_vel,33.738792274,0.012,-1.8957853317280726e-05
/epuck1/cmd_vel,33.748430391,0.012,-1.8957853317280726e-05
/epuck1/cmd_vel,33.757669219,0.012,-1.8957853317280726e-05
/epuck1/cmd_vel,33.765319213,0.012,-1.8957853317280726e-05
/epuck1/cmd_vel,33.771907612,0.012,-1.8957853317280726e-05
/epuck1/cmd_vel,33.78283908,0.012,-1.8957853317280726e-05
/epuck1/cmd_vel,33.788951941,0.012,-1.8957853317280726e-05
/epuck1/cmd_vel,33.801512824,0.012,-1.8957853317280726e-05
/epuck1/cmd_vel,33.807712656,0.012,-1.8957853317280726e-05
/epuck1/cmd_vel,33.820981436,0.012,-1.8957853317280726e-05
/epuck1/cmd_vel,33.827108024,0.012,-1.8957853317280726e-05
/epuck1/cmd_vel,33.835486655,0.012,-1.8957853317280726e-05
/epuck1/cmd_vel,33.844705344,0.012,-1.8957853317280726e-05
/epuck1/cmd_vel,33.85384167,0.012,-1.8957853317280726e-05
/epuck1/cmd_vel,33.86286317,0.012,-1.8957853317280726e-05
/epuck1/cmd_vel,33.872389465,0.012,-1.8957853317280726e-05
/epuck1/cmd_vel,33.879518631,0.012,-1.8957853317280726e-05
/epuck1/cmd_vel,33.890089087,0.012,-1.8957853317280726e-05
/epuck1/cmd_vel,33.894817116,0.012,-1.8957853317280726e-05
/epuck1/cmd_vel,33.908531174,0.012,-1.8957853317280726e-05
/epuck1/cmd_vel,33.914908356,0.012,-1.8957853317280726e-05
/epuck1/cmd_vel,33.924036266,0.012,-1.8957853317280726e-05
/epuck1/cmd_vel,33.931937555,0.012,-1.8957853317280726e-05
/epuck1/cmd_vel,33.94267474,0.012,-1.8957853317280726e-05
/epuck1/cmd_vel,33.950551782,0.012,-1.8957853317280726e-05
/epuck1/cmd_vel,33.960977752,0.012,-1.8957853317280726e-05
/epuck1/cmd_vel,33.96641488,0.012,-1.8957853317280726e-05
/epuck1/cmd_vel,33.976808888,0.012,-1.8957853317280726e-05
/epuck1/cmd_vel,33.982413045,0.012,-1.8957853317280726e-05
/epuck1/cmd_vel,33.995483533,0.012,-1.8957853317280726e-05
/epuck1/cmd_vel,34.001704107,0.012,-1.8957853317280726e-05
/epuck1/cmd_vel,34.014245251,0.012,-1.8957853317280726e-05
/epuck1/cmd_vel,34.019660635,0.012,-1.8957853317280726e-05
/epuck1/cmd_vel,34.029099058,0.012,-1.8957853317280726e-05
/epuck1/cmd_vel,34.039072235,0.012,-1.8957853317280726e-05
/epuck1/cmd_vel,34.045496711,0.012,-1.8957853317280726e-05
/epuck1/cmd_vel,34.05505547,0.012,-1.8957853317280726e-05
/epuck1/cmd_vel,34.065904977,0.012,-1.8957853317280726e-05
/epuck1/cmd_vel,34.075483976,0.012,-1.8957853317280726e-05
/epuck1/cmd_vel,34.085436814,0.012,-1.8957853317280726e-05
/epuck1/cmd_vel,34.091385851,0.012,-1.8957853317280726e-05
/epuck1/cmd_vel,34.101843284,0.012,-1.8957853317280726e-05
/epuck1/cmd_vel,34.107650342,0.012,-1.8957853317280726e-05
/epuck1/cmd_vel,34.120317835,0.012,-1.8957853317280726e-05
/epuck1/cmd_vel,34.127258329,0.012,-1.8957853317280726e-05
/epuck1/cmd_vel,34.13657962,0.012,-1.8957853317280726e-05
/epuck1/cmd_vel,34.145882374,0.012,-1.8957853317280726e-05
/epuck1/cmd_vel,34.15426311,0.012,-1.8957853317280726e-05
/epuck1/cmd_vel,34.160789988,0.012,-1.8957853317280726e-05
/epuck1/cmd_vel,34.173501868,0.012,-1.8957853317280726e-05
/epuck1/cmd_vel,34.18013185,0.012,-1.8957853317280726e-05
/epuck1/cmd_vel,34.192221202,0.012,-1.8957853317280726e-05
/epuck1/cmd_vel,34.199510685,0.012,-1.8957853317280726e-05
/epuck1/cmd_vel,34.211821775,0.012,-1.8957853317280726e-05
/epuck1/cmd_vel,34.218009183,0.012,-1.8957853317280726e-05
/epuck1/cmd_vel,34.229267896,0.012,-1.8957853317280726e-05
/epuck1/cmd_vel,34.237118085,0.012,-1.8957853317280726e-05
/epuck1/cmd_vel,34.245999508,0.012,-1.8957853317280726e-05
/epuck1/cmd_vel,34.251657973,0.012,-1.8957853317280726e-05
/epuck1/cmd_vel,34.26447937,0.012,-1.8957853317280726e-05
/epuck1/cmd_vel,34.269115517,0.012,-1.8957853317280726e-05
/epuck1/cmd_vel,34.283241788,0.012,-1.8957853317280726e-05
/epuck1/cmd_vel,34.287289274,0.012,-1.8957853317280726e-05
/epuck1/cmd_vel,34.29984174,0.012,-1.8957853317280726e-05
/epuck1/cmd_vel,34.305637476,0.012,-1.8957853317280726e-05
/epuck1/cmd_vel,34.313720423,0.012,-1.8957853317280726e-05
/epuck1/cmd_vel,34.323715444,0.012,-1.8957853317280726e-05
/epuck1/cmd_vel,34.336122523,0.012,-1.8957853317280726e-05
/epuck1/cmd_vel,34.342491658,0.012,-1.8957853317280726e-05
/epuck1/cmd_vel,34.350768534,0.012,-1.8957853317280726e-05
/epuck1/cmd_vel,34.356067855,0.012,-1.8957853317280726e-05
/epuck1/cmd_vel,34.36879672,0.012,-1.8957853317280726e-05
/epuck1/cmd_vel,34.376765095,0.012,-1.8957853317280726e-05
/epuck1/cmd_vel,34.382981524,0.012,-1.8957853317280726e-05
/epuck1/cmd_vel,34.391246205,0.012,-1.8957853317280726e-05
/epuck1/cmd_vel,34.402538626,0.012,-1.8957853317280726e-05
/epuck1/cmd_vel,34.4127339,0.012,-1.8957853317280726e-05
/epuck1/cmd_vel,34.420067511,0.012,-1.8957853317280726e-05
/epuck1/cmd_vel,34.42976373,0.012,-1.8957853317280726e-05
/epuck1/cmd_vel,34.437650589,0.012,-1.8957853317280726e-05
/epuck1/cmd_vel,34.444315129,0.012,-1.8957853317280726e-05
/epuck1/cmd_vel,34.455645519,0.012,-1.8957853317280726e-05
/epuck1/cmd_vel,34.462911541,0.012,-1.8957853317280726e-05
/epuck1/cmd_vel,34.47595783,0.012,-1.8957853317280726e-05
/epuck1/cmd_vel,34.483329548,0.012,-1.8957853317280726e-05
/epuck1/cmd_vel,34.497605676,0.012,-1.8957853317280726e-05
/epuck1/cmd_vel,34.506221474,0.012,0.03458302214673038
/epuck1/cmd_vel,34.521012844,0.012,0.07652452814667411
/epuck1/cmd_vel,34.526108897,0.012,0.08837316614667769
/epuck1/cmd_vel,34.535660812,0.012,0.12095609714674195
/epuck1/cmd_vel,34.545200895,0.012,0.14878753814667445
/epuck1/cmd_vel,34.554790215,0.012,0.17988310814672215
/epuck1/cmd_vel,34.564775041,0.012,0.20864324714673554
/epuck1/cmd_vel,34.574611352,0.012,0.23938593014673526
/epuck1/cmd_vel,34.580020983,0.012,0.25549869614672727
/epuck1/cmd_vel,34.594748373,0.012,0.29497841714669104
/epuck1/cmd_vel,34.600267409,0.012,0.3
/epuck1/cmd_vel,34.612283818,0.012,0.3
/epuck1/cmd_vel,34.617047742,0.012,0.3
/epuck1/cmd_vel,34.631069961,0.012,0.3
/epuck1/cmd_vel,34.637634922,0.012,0.3
/epuck1/cmd_vel,34.646570915,0.012,0.3
/epuck1/cmd_vel,34.658811149,0.012,0.3
/epuck1/cmd_vel,34.665725488,0.012,0.3
/epuck1/cmd_vel,34.673336876,0.012,0.3
/epuck1/cmd_vel,34.683608003,0.012,0.3
/epuck1/cmd_vel,34.688680491,0.012,0.3
/epuck1/cmd_vel,34.702627699,0.012,0.2779346644878387
/epuck1/cmd_vel,34.708608928,0.012,0.2779346644878387
/epuck1/cmd_vel,34.723534373,0.012,0.2779346644878387
/epuck1/cmd_vel,34.726428668,0.012,0.2779346644878387
/epuck1/cmd_vel,34.744588459,0.012,0.2779346644878387
/epuck1/cmd_vel,34.752305843,0.012,0.2779346644878387
/epuck1/cmd_vel,34.769087981,0.012,0.2779346644878387
/epuck1/cmd_vel,34.781585234,0.012,0.2779346644878387
/epuck1/cmd_vel,34.81210329,0.012,0.1496510684878785
/epuck1/cmd_vel,34.818954452,0.012,0.13764383196830748
/epuck1/cmd_vel,34.827809819,0.012,0.13764383196830748
/epuck1/cmd_vel,34.8333806,0.012,0.13764383196830748
/epuck1/cmd_vel,34.845526872,0.012,0.13764383196830748
/epuck1/cmd_vel,34.849656422,0.012,0.13764383196830748
/epuck1/cmd_vel,34.858659101,0.012,0.13764383196830748
/epuck1/cmd_vel,34.867167999,0.012,0.13764383196830748
/epuck1/cmd_vel,34.880550529,0.012,0.13764383196830748
/epuck1/cmd_vel,34.89006163,0.012,0.13764383196830748
/epuck1/cmd_vel,34.899247522,0.012,0.13764383196830748
/epuck1/cmd_vel,34.905220026,0.012,0.13764383196830748
/epuck1/cmd_vel,34.917165035,0.012,0.09672378396833209
/epuck1/cmd_vel,34.922672339,0.012319272950000027,0.07118194796832994
/epuck1/cmd_vel,34.933386405,0.012912677649999694,0.023709571968356602
/epuck1/cmd_vel,34.938149426,0.01315184659999983,0.01985247619450092
/epuck1/cmd_vel,34.945961676,0.013528169099999845,0.01985247619450092
/epuck1/cmd_vel,34.957269102,0.014080438749999305,0.01985247619450092
/epuck1/cmd_vel,34.96669326,0.01456225634999936,0.01985247619450092
/epuck1/cmd_vel,34.978858786,0.01517303960000004,0.01985247619450092
/epuck1/cmd_vel,34.986551902,0.015498750599999314,0.01985247619450092
/epuck1/cmd_vel,34.992301182,0.015830222700000264,0.01985247619450092
/epuck1/cmd_vel,35.004332432,0.01643230165000017,0.01985247619450092
/epuck1/cmd_vel,35.011515823,0.016774303150000492,-0.007507643805524825
/epuck1/cmd_vel,35.024488908,0.01741728649999982,-0.011029153130948544
/epuck1/cmd_vel,35.030416286,0.017745319000000394,-0.011029153130948544
/epuck1/cmd_vel,35.03937063,0.018122794750000084,-0.011029153130948544
/epuck1/cmd_vel,35.046406609,0.018565713550000397,-0.011029153130948544
/epuck1/cmd_vel,35.054437571,0.018966775249999557,-0.011029153130948544
/epuck1/cmd_vel,35.064764654,0.019468227750000268,-0.011029153130948544
/epuck1/cmd_vel,35.072894793,0.01987952814999926,-0.011029153130948544
/epuck1/cmd_vel,35.078352558,0.020140101899999763,-0.011029153130948544
/epuck1/cmd_vel,35.091356629,0.02075009800000015,-0.011029153130948544
/epuck1/cmd_vel,35.09727789,0.021103335950000256,-0.011029153130948544
/epuck1/cmd_vel,35.108040993,0.02165017040000049,-0.011029153130948544
/epuck1/cmd_vel,35.114860667,0.021977380600000176,-0.00441166153177619
/epuck1/cmd_vel,35.122862547,0.022367912850000494,-0.00441166153177619
/epuck1/cmd_vel,35.131492685,0.022817610600000194,-0.00441166153177619
/epuck1/cmd_vel,35.139961772,0.02321475135000054,-0.00441166153177619
/epuck1/cmd_vel,35.145498658,0.02348331250000041,-0.00441166153177619
/epuck1/cmd_vel,35.158348598,0.024143604249999385,-0.00441166153177619
/epuck1/cmd_vel,35.164596472,0.02446275689999976,-0.00441166153177619
/epuck1/cmd_vel,35.177284158,0.025,-0.00441166153177619
/epuck1/cmd_vel,35.184140234,0.025,-0.00441166153177619
/epuck1/cmd_vel,35.191816303,0.025,-0.00441166153177619
/epuck1/cmd_vel,35.201437512,0.025,-0.00441166153177619
/epuck1/cmd_vel,35.20992465,0.025,-0.00441166153177619
/epuck1/cmd_vel,35.219529213,0.025,-0.002205830765888095
/epuck1/cmd_vel,35.227852893,0.025,-0.002205830765888095
/epuck1/cmd_vel,35.233099367,0.025,-0.002205830765888095
/epuck1/cmd_vel,35.245075162,0.025,-0.002205830765888095
/epuck1/cmd_vel,35.251525102,0.025,-0.002205830765888095
/epuck1/cmd_vel,35.264867017,0.025,-0.002205830765888095
/epuck1/cmd_vel,35.26923012,0.025,-0.002205830765888095
/epuck1/cmd_vel,35.281027316,0.025,-0.002205830765888095
/epuck1/cmd_vel,35.287237585,0.025,-0.002205830765888095
/epuck1/cmd_vel,35.296761021,0.025,-0.002205830765888095
/epuck1/cmd_vel,35.305650785,0.025,-0.002205830765888095
/epuck1/cmd_vel,35.316102617,0.025,-4.5102810375396984e-17
/epuck1/cmd_vel,35.32423396,0.025,-4.5102810375396984e-17
/epuck1/cmd_vel,35.33350499,0.025,-4.5102810375396984e-17
/epuck1/cmd_vel,35.338238128,0.025,-4.5102810375396984e-17
/epuck1/cmd_vel,35.353103204,0.025,-4.5102810375396984e-17
/epuck1/cmd_vel,35.358923984,0.025,-4.5102810375396984e-17
/epuck1/cmd_vel,35.369612278,0.025,-4.5102810375396984e-17
/epuck1/cmd_vel,35.375846314,0.025,-4.5102810375396984e-17
/epuck1/cmd_vel,35.388850685,0.025,-4.5102810375396984e-17
/epuck1/cmd_vel,35.392924279,0.025,-4.5102810375396984e-17
/epuck1/cmd_vel,35.400913524,0.025,-4.5102810375396984e-17
/epuck1/cmd_vel,35.41094478,0.025,-4.5102810375396984e-17
/epuck1/cmd_vel,35.42101491,0.0,0.0
/epuck1/cmd_vel,35.432336937,0.0,0.0
/epuck1/cmd_vel,35.440456441,0.0,0.0
/epuck1/cmd_vel,35.447952224,0.0,0.0
/epuck1/cmd_vel,35.458868396,0.0,0.0
/epuck1/cmd_vel,35.465015874,0.0,0.0
/epuck1/cmd_vel,35.477951195,0.0,0.0
/epuck1/cmd_vel,35.485160934,0.0,0.0
/epuck1/cmd_vel,35.498548932,0.0,0.0
/epuck1/cmd_vel,35.502749048,0.0,0.0
/epuck1/cmd_vel,35.51430358,0.0,0.0
/epuck1/cmd_vel,35.525162303,0.0,0.0
/epuck1/cmd_vel,35.532677637,0.0,0.0
/epuck1/cmd_vel,35.543511195,0.0,0.0
/epuck1/cmd_vel,35.552316381,0.0,0.0
/epuck1/cmd_vel,35.558305447,0.0,0.0
/epuck1/cmd_vel,35.570671187,0.0,0.0
/epuck1/cmd_vel,35.578347138,0.0,0.0
/epuck1/cmd_vel,35.590003936,0.0,0.0
/epuck1/cmd_vel,35.596935251,0.0,0.0
/epuck1/cmd_vel,35.608312021,0.0,0.0
/epuck1/cmd_vel,35.613230204,0.0,0.0
/epuck1/cmd_vel,35.62216613,0.0,0.0
/epuck1/cmd_vel,35.633260967,0.0,0.0
/epuck1/cmd_vel,35.643042791,0.0,0.0
/epuck1/cmd_vel,35.653196482,0.0,0.0
/epuck1/cmd_vel,35.66358739,0.0,0.0
/epuck1/cmd_vel,35.669033244,0.0,0.0
/epuck1/cmd_vel,35.680210696,0.0,0.0
/epuck1/cmd_vel,35.688066414,0.0,0.0
/epuck1/cmd_vel,35.698083049,0.0,0.0
/epuck1/cmd_vel,35.704452805,0.0,0.0
/epuck1/cmd_vel,35.715516461,0.0,0.0
/epuck1/cmd_vel,35.723726901,0.0,0.0
/epuck1/cmd_vel,35.733124627,0.0,0.0
/epuck1/cmd_vel,35.73706557,0.0,0.0
/epuck1/cmd_vel,35.748931711,0.0,0.0
/epuck1/cmd_vel,35.754047408,0.0,0.0
/epuck1/cmd_vel,35.770854392,0.0,0.0
/epuck1/cmd_vel,35.775571452,0.0,0.0
/epuck1/cmd_vel,35.787753816,0.0,0.0
/epuck1/cmd_vel,35.793608533,0.0,0.0
/epuck1/cmd_vel,35.801595492,0.0,0.0
/epuck1/cmd_vel,35.813957823,0.0,0.0
/epuck1/cmd_vel,35.822651921,0.0,0.0
/epuck1/cmd_vel,35.831348625,0.0,0.0
/epuck1/cmd_vel,35.839973141,0.0,0.0
/epuck1/cmd_vel,35.849890016,0.0,0.0
/epuck1/cmd_vel,35.86015269,0.0,0.0
/epuck1/cmd_vel,35.86306486,0.0,0.0
/epuck1/cmd_vel,35.875672328,0.0,0.0
/epuck1/cmd_vel,35.881750626,0.0,0.0
/epuck1/cmd_vel,35.894882057,0.0,0.0
/epuck1/cmd_vel,35.901456745,0.0,0.0
/epuck1/cmd_vel,35.914800829,0.0,0.0
/epuck1/cmd_vel,35.922247884,0.0,0.0
/epuck1/cmd_vel,35.937595575,0.0,0.0
/epuck1/cmd_vel,35.948190613,0.0,0.0
/epuck1/cmd_vel,35.965252459,0.0,0.0
/epuck1/cmd_vel,35.973563862,0.0,0.0
/epuck1/cmd_vel,35.997661595,0.0,0.0
/epuck1/cmd_vel,36.009893588,0.0,0.0
/epuck1/cmd_vel,36.02368754,0.0,0.0
/epuck1/cmd_vel,36.043921632,0.0,0.0
/epuck1/cmd_vel,36.060484681,0.0,0.0
/epuck1/cmd_vel,36.069723093,0.0,0.0
/epuck1/cmd_vel,36.102399724,0.0,0.0
/epuck1/cmd_vel,36.109591617,0.0,0.0
/epuck1/cmd_vel,36.123503075,0.0,0.0
/epuck1/cmd_vel,36.12885308,0.0,0.0
/epuck1/cmd_vel,36.136113551,0.0,0.0
/epuck1/cmd_vel,36.145529926,0.0,0.0
/epuck1/cmd_vel,36.154668478,0.0,0.0
/epuck1/cmd_vel,36.165351445,0.0,0.0
/epuck1/cmd_vel,36.175514761,0.0,0.0
/epuck1/cmd_vel,36.179760195,0.0,0.0
/epuck1/cmd_vel,36.19348968,0.0,0.0
/epuck1/cmd_vel,36.19988009,0.0,0.0
/epuck1/cmd_vel,36.21141086,0.0,0.0
/epuck1/cmd_vel,36.215648875,0.0,0.0
/epuck1/cmd_vel,36.228703506,0.0,0.0
/epuck1/cmd_vel,36.235564037,0.0,0.0
/epuck1/cmd_vel,36.244658475,0.0,0.0
/epuck1/cmd_vel,36.253331116,0.0,0.0
/epuck1/cmd_vel,36.261102716,0.0,0.0
/epuck1/cmd_vel,36.270644115,0.0,0.0
/epuck1/cmd_vel,36.280530411,0.0,0.0
/epuck1/cmd_vel,36.285447391,0.0,0.0
/epuck1/cmd_vel,36.298785859,0.0,0.0
/epuck1/cmd_vel,36.30613466,0.0,0.0
/epuck1/cmd_vel,36.318664627,0.0,0.0
/epuck1/cmd_vel,36.323894119,0.0,0.0
/epuck1/cmd_vel,36.334470108,0.0,0.0
/epuck1/cmd_vel,36.342185461,0.0,0.0
/epuck1/cmd_vel,36.353754631,0.0,0.0
/epuck1/cmd_vel,36.360899,0.0,0.0
/epuck1/cmd_vel,36.369208698,0.0,0.0
/epuck1/cmd_vel,36.380956633,0.0,0.0
/epuck1/cmd_vel,36.390843831,0.0,0.0
/epuck1/cmd_vel,36.400841416,0.0,0.0
/epuck1/cmd_vel,36.410034009,0.0,0.0
/epuck1/cmd_vel,36.419945743,0.0,0.0
/epuck1/cmd_vel,36.428099123,0.0,0.0
/epuck1/cmd_vel,36.435744376,0.0,0.0
/epuck1/cmd_vel,36.452094941,0.0,0.0
/epuck1/cmd_vel,36.461834349,0.0,0.0
/epuck1/cmd_vel,36.471103923,0.0,0.0
/epuck1/cmd_vel,36.477895916,0.0,0.0
/epuck1/cmd_vel,36.488504322,0.0,0.0
/epuck1/cmd_vel,36.493747377,0.0,0.0
/epuck1/cmd_vel,36.504956933,0.0,0.0
/epuck1/cmd_vel,36.512394485,0.0,0.0
/epuck1/cmd_vel,36.522467197,0.0,0.0
/epuck1/cmd_vel,36.531447573,0.0,0.0
/epuck1/cmd_vel,36.540338834,0.0,0.0
/epuck1/cmd_vel,36.550341377,0.0,0.0
/epuck1/cmd_vel,36.559263412,0.0,0.0
/epuck1/cmd_vel,36.56567629,0.0,0.0
/epuck1/cmd_vel,36.579491035,0.0,0.0
/epuck1/cmd_vel,36.585917346,0.0,0.0
/epuck1/cmd_vel,36.599402495,0.0,0.0
/epuck1/cmd_vel,36.60517172,0.0,0.0
/epuck1/cmd_vel,36.616091477,0.0,0.0
/epuck1/cmd_vel,36.622161328,0.0,0.0
/epuck1/cmd_vel,36.635825308,0.0,0.0
/epuck1/cmd_vel,36.640639729,0.0,0.0
/epuck1/cmd_vel,36.649118193,0.0,0.0
/epuck1/cmd_vel,36.656724953,0.0,0.0
/epuck1/cmd_vel,36.667891907,0.0,0.0
/epuck1/cmd_vel,36.674641999,0.0,0.0
/epuck1/cmd_vel,36.691374586,0.0,0.0
/epuck1/cmd_vel,36.704203351,0.0,0.0
/epuck1/cmd_vel,36.711340378,0.0,0.0
/epuck1/cmd_vel,36.717602292,0.0,0.0
/epuck1/cmd_vel,36.730708125,0.0,0.0
/epuck1/cmd_vel,36.736416904,0.0,0.0
/epuck1/cmd_vel,36.748240643,0.0,0.0
/epuck1/cmd_vel,36.756719408,0.0,0.0
/epuck1/cmd_vel,36.768559687,0.0,0.0
/epuck1/cmd_vel,36.773112075,0.0,0.0
/epuck1/cmd_vel,36.786749191,0.0,0.0
/epuck1/cmd_vel,36.791976808,0.0,0.0
/epuck1/cmd_vel,36.800782964,0.0,0.0
/epuck1/cmd_vel,36.808445659,0.0,0.0
/epuck1/cmd_vel,36.819681479,0.0,0.0
/epuck1/cmd_vel,36.821742955,0.0,0.0
/epuck1/cmd_vel,36.832559863,0.0,0.0
/epuck1/cmd_vel,36.837813343,0.0,0.0
/epuck1/cmd_vel,36.853950794,0.0,0.0
/epuck1/cmd_vel,36.859293289,0.0,0.0
/epuck1/cmd_vel,36.875172517,0.0,0.0
/epuck1/cmd_vel,36.880387504,0.0,0.0
/epuck1/cmd_vel,36.888215498,0.0,0.0
/epuck1/cmd_vel,36.900460153,0.0,0.0
/epuck1/cmd_vel,36.90905139,0.0,0.0
/epuck1/cmd_vel,36.917228426,0.0,0.0
/epuck1/cmd_vel,36.926462414,0.0,0.0
/epuck1/cmd_vel,36.932811238,0.0,0.0
/epuck1/cmd_vel,36.944385575,0.0,0.0
/epuck1/cmd_vel,36.949771274,0.0,0.0
/epuck1/cmd_vel,36.963199285,0.0,0.0
/epuck1/cmd_vel,36.968946056,0.0,0.0
/epuck1/cmd_vel,36.977602851,0.0,0.0
/epuck1/cmd_vel,36.990897039,0.0,0.0
/epuck1/cmd_vel,36.99930794,0.0,0.0
/epuck1/cmd_vel,37.008656906,0.0,0.0
/epuck1/cmd_vel,37.019315332,0.0,0.0
/epuck1/cmd_vel,37.028512631,0.0,0.0
/epuck1/cmd_vel,37.037944196,0.0,0.0
/epuck1/cmd_vel,37.045908419,0.0,0.0
/epuck1/cmd_vel,37.056623282,0.0,0.0
/epuck1/cmd_vel,37.061739831,0.0,0.0
/epuck1/cmd_vel,37.076486124,0.0,0.0
/epuck1/cmd_vel,37.087444374,0.0,0.0
/epuck1/cmd_vel,37.093811743,0.0,0.0
/epuck1/cmd_vel,37.100005192,0.0,0.0
/epuck1/cmd_vel,37.11015509,0.0,0.0
/epuck1/cmd_vel,37.120052079,0.0,0.0
/epuck1/cmd_vel,37.129256796,0.0,0.0
/epuck1/cmd_vel,37.138228551,0.0,0.0
/epuck1/cmd_vel,37.146988094,0.0,0.0
/epuck1/cmd_vel,37.152758722,0.0,0.0
/epuck1/cmd_vel,37.165673194,0.0,0.0
/epuck1/cmd_vel,37.175170216,0.0,0.0
/epuck1/cmd_vel,37.185046254,0.0,0.0
/epuck1/cmd_vel,37.192641988,0.0,0.0
/epuck1/cmd_vel,37.205065073,0.0,0.0
/epuck1/cmd_vel,37.21025069,0.0,0.0
/epuck1/cmd_vel,37.225895251,0.0,0.0
/epuck1/cmd_vel,37.230925893,0.0,0.0
/epuck1/cmd_vel,37.240960614,0.0,0.0
/epuck1/cmd_vel,37.250353084,0.0,0.0
/epuck1/cmd_vel,37.261166685,0.0,0.0
/epuck1/cmd_vel,37.273917662,0.0,0.0
/epuck1/cmd_vel,37.279614111,0.0,0.0
/epuck1/cmd_vel,37.287439399,0.0,0.0
/epuck1/cmd_vel,37.301272086,0.0,0.0
/epuck1/cmd_vel,37.306936458,0.0,0.0
/epuck1/cmd_vel,37.319734148,0.0,0.0
/epuck1/cmd_vel,37.325977618,0.0,0.0
/epuck1/cmd_vel,37.336919328,0.0,0.0
/epuck1/cmd_vel,37.345890381,0.0,0.0
/epuck1/cmd_vel,37.351382437,0.0,0.0
/epuck1/cmd_vel,37.363752895,0.0,0.0
/epuck1/cmd_vel,37.370202162,0.0,0.0
/epuck1/cmd_vel,37.380601964,0.0,0.0
/epuck1/cmd_vel,37.389243121,0.0,0.0
/epuck1/cmd_vel,37.395568989,0.0,0.0
/epuck1/cmd_vel,37.409080001,0.0,0.0
/epuck1/cmd_vel,37.416664344,0.0,0.0
/epuck1/cmd_vel,37.429674984,0.0,0.0
/epuck1/cmd_vel,37.435219002,0.0,0.0
/epuck1/cmd_vel,37.448378676,0.0,0.0
/epuck1/cmd_vel,37.454795949,0.0,0.0
/epuck1/cmd_vel,37.460747279,0.0,0.0
/epuck1/cmd_vel,37.470750183,0.0,0.0
/epuck1/cmd_vel,37.479091866,0.0,0.0
/epuck1/cmd_vel,37.486600784,0.0,0.0
/epuck1/cmd_vel,37.499356554,0.0,0.0
/epuck1/cmd_vel,37.505008714,0.0,0.0
/epuck1/cmd_vel,37.516918789,0.0,0.0
/epuck1/cmd_vel,37.521802026,0.0,0.0
/epuck1/cmd_vel,37.530933178,0.0,0.0
/epuck1/cmd_vel,37.543286847,0.0,0.0
/epuck1/cmd_vel,37.550827035,0.0,0.0
/epuck1/cmd_vel,37.560011807,0.0,0.0
/epuck1/cmd_vel,37.568291852,0.0,0.0
/epuck1/cmd_vel,37.575355573,0.0,0.0
/epuck1/cmd_vel,37.588774328,0.0,0.0
/epuck1/cmd_vel,37.595689917,0.0,0.0
/epuck1/cmd_vel,37.608376532,0.0,0.0
/epuck1/cmd_vel,37.615323993,0.0,0.0
/epuck1/cmd_vel,37.628339043,0.0,0.0
/epuck1/cmd_vel,37.636560959,0.0,0.0
/epuck1/cmd_vel,37.647085431,0.0,0.0
/epuck1/cmd_vel,37.654405225,0.0,0.0
/epuck1/cmd_vel,37.662339396,0.0,0.0
/epuck1/cmd_vel,37.670828309,0.0,0.0
/epuck1/cmd_vel,37.680111601,0.0,0.0
/epuck1/cmd_vel,37.683129761,0.0,0.0
/epuck1/cmd_vel,37.696343858,0.0,0.0
/epuck1/cmd_vel,37.702838805,0.0,0.0
/epuck1/cmd_vel,37.715533137,0.0,0.0
/epuck1/cmd_vel,37.727522791,0.0,0.0
/epuck1/cmd_vel,37.737124998,0.0,0.0
/epuck1/cmd_vel,37.743813979,0.0,0.0
/epuck1/cmd_vel,37.756439858,0.0,0.0
/epuck1/cmd_vel,37.761431137,0.0,0.0
/epuck1/cmd_vel,37.770632546,0.0,0.0
/epuck1/cmd_vel,37.779131181,0.0,0.0
/epuck1/cmd_vel,37.78879252,0.0,0.0
/epuck1/cmd_vel,37.794209453,0.0,0.0
/epuck1/cmd_vel,37.808058271,0.0,0.0
/epuck1/cmd_vel,37.818432607,0.0,0.0
/epuck1/cmd_vel,37.829162138,0.0,0.0
/epuck1/cmd_vel,37.834876938,0.0,0.0
/epuck1/cmd_vel,37.847431056,0.0,0.0
/epuck1/cmd_vel,37.856704326,0.0,0.0
/epuck1/cmd_vel,37.868511471,0.0,0.0
/epuck1/cmd_vel,37.874233187,0.0,0.0
/epuck1/cmd_vel,37.883947043,0.0,0.0
/epuck1/cmd_vel,37.89432188,0.0,0.0
/epuck1/cmd_vel,37.905996629,0.0,0.0
/epuck1/cmd_vel,37.917345147,0.0,0.0
/epuck1/cmd_vel,37.922620061,0.0,0.0
/epuck1/cmd_vel,37.931681457,0.0,0.0
/epuck1/cmd_vel,37.939280376,0.0,0.0
/epuck1/cmd_vel,37.947078542,0.0,0.0
/epuck1/cmd_vel,37.959334493,0.0,0.0
/epuck1/cmd_vel,37.968101128,0.0,0.0
/epuck1/cmd_vel,37.983659575,0.0,0.0
/epuck1/cmd_vel,37.998604147,0.0,0.0
/epuck1/cmd_vel,38.011928491,0.0,0.0
/epuck1/cmd_vel,38.02422443,0.0,0.0
/epuck1/cmd_vel,38.028841171,0.0,0.0
/epuck1/cmd_vel,38.034907859,0.0,0.0
/epuck1/cmd_vel,38.048123258,0.0,0.0
/epuck1/cmd_vel,38.053253148,0.0,0.0
/epuck1/cmd_vel,38.066004608,0.0,0.0
/epuck1/cmd_vel,38.073078652,0.0,0.0
/epuck1/cmd_vel,38.084395699,0.0,0.0
/epuck1/cmd_vel,38.089683543,0.0,0.0
/epuck1/cmd_vel,38.098710862,0.0,0.0
/epuck1/cmd_vel,38.111774421,0.0,0.0
/epuck1/cmd_vel,38.116753072,0.0,0.0
/epuck1/cmd_vel,38.127676037,0.0,0.0
/epuck1/cmd_vel,38.134263792,0.0,0.0
/epuck1/cmd_vel,38.141068733,0.0,0.0
/epuck1/cmd_vel,38.153351644,0.0,0.0
/epuck1/cmd_vel,38.156663963,0.0,0.0
/epuck1/cmd_vel,38.171260756,0.0,0.0
/epuck1/cmd_vel,38.176053891,0.0,0.0
/epuck1/cmd_vel,38.184124468,0.0,0.0
/epuck1/cmd_vel,38.202249864,0.0,0.0
/epuck1/cmd_vel,38.205163189,0.0,0.0
/epuck1/cmd_vel,38.213034218,0.0,0.0
/epuck1/cmd_vel,38.224200729,0.0,0.0
/epuck1/cmd_vel,38.231620046,0.0,0.0
/epuck1/cmd_vel,38.243662719,0.0,0.0
/epuck1/cmd_vel,38.248784791,0.0,0.0
/epuck1/cmd_vel,38.263816258,0.0,0.0
/epuck1/cmd_vel,38.269051383,0.0,0.0
/epuck1/cmd_vel,38.281159302,0.0,0.0
/epuck1/cmd_vel,38.291483426,0.0,0.0
/epuck1/cmd_vel,38.297510725,0.0,0.0
/epuck1/cmd_vel,38.30846496,0.0,0.0
/epuck1/cmd_vel,38.316067388,0.0,0.0
/epuck1/cmd_vel,38.327257751,0.0,0.0
/epuck1/cmd_vel,38.337363285,0.0,0.0
/epuck1/cmd_vel,38.34438401,0.0,0.0
/epuck1/cmd_vel,38.36122974,0.0,0.0
/epuck1/cmd_vel,38.366936823,0.0,0.0
/epuck1/cmd_vel,38.382302739,0.0,0.0
/epuck1/cmd_vel,38.390398471,0.0,0.0
/epuck1/cmd_vel,38.402695413,0.0,0.0
/epuck1/cmd_vel,38.409119802,0.0,0.0
/epuck1/cmd_vel,38.421548434,0.0,0.0
/epuck1/cmd_vel,38.429142704,0.0,0.0
/epuck1/cmd_vel,38.439685598,0.0,0.0
/epuck1/cmd_vel,38.448038644,0.0,0.0
/epuck1/cmd_vel,38.456764665,0.0,0.0
/epuck1/cmd_vel,38.465513834,0.0,0.0
/epuck1/cmd_vel,38.476668599,0.0,0.0
/epuck1/cmd_vel,38.48821187,0.0,0.0
/epuck1/cmd_vel,38.494025142,0.0,0.0
/epuck1/cmd_vel,38.5023355,0.0,0.0
/epuck1/cmd_vel,38.5145189,0.0,0.0
/epuck1/cmd_vel,38.52053319,0.0,0.0
/epuck1/cmd_vel,38.533143577,0.0,0.0
/epuck1/cmd_vel,38.539129808,0.0,0.0
/epuck1/cmd_vel,38.552624833,0.0,0.0
/epuck1/cmd_vel,38.557142314,0.0,0.0
/epuck1/cmd_vel,38.566636129,0.0,0.0
/epuck1/cmd_vel,38.574688251,0.0,0.0
/epuck1/cmd_vel,38.583073664,0.0,0.0
/epuck1/cmd_vel,38.592534812,0.0,0.0
/epuck1/cmd_vel,38.603762728,0.0,0.0
/epuck1/cmd_vel,38.610101692,0.0,0.0
/epuck1/cmd_vel,38.620975072,0.0,0.0
/epuck1/cmd_vel,38.627529082,0.0,0.0
/epuck1/cmd_vel,38.63901794,0.0,0.0
/epuck1/cmd_vel,38.644880415,0.0,0.0
/epuck1/cmd_vel,38.653304408,0.0,0.0
/epuck1/cmd_vel,38.661850255,0.0,0.0
/epuck1/cmd_vel,38.671378442,0.0,0.0
/epuck1/cmd_vel,38.682362552,0.0,0.0
/epuck1/cmd_vel,38.700121832,0.0,0.0
/epuck1/cmd_vel,38.737276789,0.0,0.0
/epuck1/cmd_vel,38.74548744,0.0,0.0
/epuck1/cmd_vel,38.750290113,0.0,0.0
/epuck1/cmd_vel,38.763050412,0.0,0.0
/epuck1/cmd_vel,38.768305725,0.0,0.0
/epuck1/cmd_vel,38.782111395,0.0,0.0
/epuck1/cmd_vel,38.788190018,0.0,0.0
/epuck1/cmd_vel,38.795834092,0.0,0.0
/epuck1/cmd_vel,38.806698954,0.0,0.0
/epuck1/cmd_vel,38.814851284,0.0,0.0
/epuck1/cmd_vel,38.825513826,0.0,0.0
/epuck1/cmd_vel,38.833454216,0.0,0.0
/epuck1/cmd_vel,38.839115071,0.0,0.0
/epuck1/cmd_vel,38.850652029,0.0,0.0
/epuck1/cmd_vel,38.857028571,0.0,0.0
/epuck1/cmd_vel,38.868423234,0.0,0.0
/epuck1/cmd_vel,38.874501055,0.0,0.0
/epuck1/cmd_vel,38.882003936,0.0,0.0
/epuck1/cmd_vel,38.892406037,0.0,0.0
/epuck1/cmd_vel,38.900779526,0.0,0.0
/epuck1/cmd_vel,38.905570275,0.0,0.0
/epuck1/cmd_vel,38.918372461,0.0,0.0
/epuck1/cmd_vel,38.923712851,0.0,0.0
/epuck1/cmd_vel,38.938961918,0.0,0.0
/epuck1/cmd_vel,38.945966964,0.0,0.0
/epuck1/cmd_vel,38.958498989,0.0,0.0
/epuck1/cmd_vel,38.965471068,0.0,0.0
/epuck1/cmd_vel,38.979376244,0.0,0.0
/epuck1/cmd_vel,38.986359946,0.0,0.0
/epuck1/cmd_vel,39.000390282,0.0,0.0
/epuck1/cmd_vel,39.007624706,0.0,0.0
/epuck1/cmd_vel,39.01721933,0.0,0.0
/epuck1/cmd_vel,39.026561631,0.0,0.0
/epuck1/cmd_vel,39.037433608,0.0,0.0
/epuck1/cmd_vel,39.0459048,0.0,0.0
/epuck1/cmd_vel,39.053925556,0.0,0.0
/epuck1/cmd_vel,39.062516597,0.0,0.0
/epuck1/cmd_vel,39.074052352,0.0,0.0
/epuck1/cmd_vel,39.081962278,0.0,0.0
/epuck1/cmd_vel,39.093176266,0.0,0.0
/epuck1/cmd_vel,39.098900854,0.0,0.0
/epuck1/cmd_vel,39.115452225,0.0,0.0
/epuck1/cmd_vel,39.122519,0.0,0.0
/epuck1/cmd_vel,39.132985235,0.0,0.0
/epuck1/cmd_vel,39.139103941,0.0,0.0
/epuck1/cmd_vel,39.148035389,0.0,0.0
/epuck1/cmd_vel,39.156869133,0.0,0.0
/epuck1/cmd_vel,39.167095971,0.0,0.0
/epuck1/cmd_vel,39.176298481,0.0,0.0
/epuck1/cmd_vel,39.186329211,0.0,0.0
/epuck1/cmd_vel,39.202316712,0.0,0.0
/epuck1/cmd_vel,39.223056982,0.0,0.0
/epuck1/cmd_vel,39.230041687,0.0,0.0
/epuck1/cmd_vel,39.237195944,0.0,0.0
/epuck1/cmd_vel,39.247154223,0.0,0.0
/epuck1/cmd_vel,39.258017583,0.0,0.0
/epuck1/cmd_vel,39.270636889,0.0,0.0
/epuck1/cmd_vel,39.276632539,0.0,0.0
/epuck1/cmd_vel,39.283218516,0.0,0.0
/epuck1/cmd_vel,39.297111467,0.0,0.0
/epuck1/cmd_vel,39.302493944,0.0,0.0
/epuck1/cmd_vel,39.314086217,0.0,0.0
/epuck1/cmd_vel,39.320650048,0.0,0.0
/epuck1/cmd_vel,39.333205922,0.0,0.0
/epuck1/cmd_vel,39.339753219,0.0,0.0
/epuck1/cmd_vel,39.350213441,0.0,0.0
/epuck1/cmd_vel,39.359204712,0.0,0.0
/epuck1/cmd_vel,39.36753431,0.0,0.0
/epuck1/cmd_vel,39.373294171,0.0,0.0
/epuck1/cmd_vel,39.386816853,0.0,0.0
/epuck1/cmd_vel,39.392734141,0.0,0.0
/epuck1/cmd_vel,39.408856722,0.0,0.0
/epuck1/cmd_vel,39.414546604,0.0,0.0
/epuck1/cmd_vel,39.426821417,0.0,0.0
/epuck1/cmd_vel,39.432261983,0.0,0.0
/epuck1/cmd_vel,39.44384747,0.0,0.0
/epuck1/cmd_vel,39.451714503,0.0,0.0
/epuck1/cmd_vel,39.458934793,0.0,0.0
/epuck1/cmd_vel,39.466316393,0.0,0.0
/epuck1/cmd_vel,39.473838964,0.0,0.0
/epuck1/cmd_vel,39.478151359,0.0,0.0
/epuck1/cmd_vel,39.490447213,0.0,0.0
/epuck1/cmd_vel,39.497719101,0.0,0.0
/epuck1/cmd_vel,39.511282894,0.0,0.0
/epuck1/cmd_vel,39.518269834,0.0,0.0
/epuck1/cmd_vel,39.529819853,0.0,0.0
/epuck1/cmd_vel,39.536590477,0.0,0.0
/epuck1/cmd_vel,39.546314383,0.0,0.0
/epuck1/cmd_vel,39.555142566,0.0,0.0
/epuck1/cmd_vel,39.561340889,0.0,0.0
/epuck1/cmd_vel,39.566583174,0.0,0.0
/epuck1/cmd_vel,39.580254974,0.0,0.0
/epuck1/cmd_vel,39.585818476,0.0,0.0
/epuck1/cmd_vel,39.599242299,0.0,0.0
/epuck1/cmd_vel,39.606293964,0.0,0.0
/epuck1/cmd_vel,39.617873039,0.0,0.0
/epuck1/cmd_vel,39.62418949,0.0,0.0
/epuck1/cmd_vel,39.63211694,0.0,0.0
/epuck1/cmd_vel,39.642994464,0.0,0.0
/epuck1/cmd_vel,39.649759679,0.0,0.0
/epuck1/cmd_vel,39.656193154,0.0,0.0
/epuck1/cmd_vel,39.667765917,0.0,0.0
/epuck1/cmd_vel,39.676618546,0.0,0.0
/epuck1/cmd_vel,39.68960062,0.0,0.0
/epuck1/cmd_vel,39.695307297,0.0,0.0
/epuck1/cmd_vel,39.706997486,0.0,0.0
/epuck1/cmd_vel,39.715269198,0.0,0.0
/epuck1/cmd_vel,39.728255279,0.0,0.0
/epuck1/cmd_vel,39.73264863,0.0,0.0
/epuck1/cmd_vel,39.742302301,0.0,0.0
/epuck1/cmd_vel,39.752530276,0.0,0.0
/epuck1/cmd_vel,39.761769549,0.0,0.0
/epuck1/cmd_vel,39.77074732,0.0,0.0
/epuck1/cmd_vel,39.779351572,0.0,0.0
/epuck1/cmd_vel,39.785122473,0.0,0.0
/epuck1/cmd_vel,39.799266381,0.0,0.0
/epuck1/cmd_vel,39.803655324,0.0,0.0
/epuck1/cmd_vel,39.815497991,0.0,0.0
/epuck1/cmd_vel,39.82345814,0.0,0.0
/epuck1/cmd_vel,39.832953905,0.0,0.0
/epuck1/cmd_vel,39.841567293,0.0,0.0
/epuck1/cmd_vel,39.848369915,0.0,0.0
/epuck1/cmd_vel,39.860491365,0.0,0.0
/epuck1/cmd_vel,39.866872294,0.0,0.0
/epuck1/cmd_vel,39.872958028,0.0,0.0
/epuck1/cmd_vel,39.885604114,0.0,0.0
/epuck1/cmd_vel,39.89193302,0.0,0.0
/epuck1/cmd_vel,39.905809002,0.0,0.0
/epuck1/cmd_vel,39.910793543,0.0,0.0
/epuck1/cmd_vel,39.918975815,0.0,0.0
/epuck1/cmd_vel,39.927364974,0.0,0.0
/epuck1/cmd_vel,39.937606796,0.0,0.0
/epuck1/cmd_vel,39.947037208,0.0,0.0
/epuck1/cmd_vel,39.956086322,0.0,0.0
/epuck1/cmd_vel,39.962783395,0.0,0.0
/epuck1/cmd_vel,39.975868315,0.0,0.0
/epuck1/cmd_vel,39.981724307,0.0,0.0
/epuck1/cmd_vel,39.995909318,0.0,0.0
/epuck1/cmd_vel,39.999206483,0.0,0.0
/epuck1/cmd_vel,40.008354831,0.0,0.0
/epuck1/cmd_vel,40.018705009,0.0,0.0
/epuck1/cmd_vel,40.029135776,0.0,0.0
/epuck1/cmd_vel,40.037873657,0.0,0.0
/epuck1/cmd_vel,40.047771369,0.0,0.0
/epuck1/cmd_vel,40.058340062,0.0,0.0
/epuck1/cmd_vel,40.06919573,0.0,0.0
/epuck1/cmd_vel,40.075074978,0.0,0.0
/epuck1/cmd_vel,40.086893915,0.0,0.0
/epuck1/cmd_vel,40.093151855,0.0,0.0
/epuck1/cmd_vel,40.106688739,0.0,0.0
/epuck1/cmd_vel,40.111517111,0.0,0.0
/epuck1/cmd_vel,40.126124015,0.0,0.0
/epuck1/cmd_vel,40.1298541,0.0,0.0
/epuck1/cmd_vel,40.14036616,0.0,0.0
/epuck1/cmd_vel,40.149266523,0.0,0.0
/epuck1/cmd_vel,40.157638742,0.0,0.0
/epuck1/cmd_vel,40.169557515,0.0,0.0
/epuck1/cmd_vel,40.177268075,0.0,0.0
/epuck1/cmd_vel,40.183694612,0.0,0.0
/epuck1/cmd_vel,40.196220314,0.0,0.0
/epuck1/cmd_vel,40.202728643,0.0,0.0
/epuck1/cmd_vel,40.212299987,0.0,0.0
/epuck1/cmd_vel,40.218400856,0.0,0.0
/epuck1/cmd_vel,40.225974094,0.0,0.0
/epuck1/cmd_vel,40.234672882,0.0,0.0
/epuck1/cmd_vel,40.244256054,0.0,0.0
/epuck1/cmd_vel,40.251053764,0.0,0.0
/epuck1/cmd_vel,40.26038815,0.0,0.0
/epuck1/cmd_vel,40.266163352,0.0,0.0
/epuck1/cmd_vel,40.279033365,0.0,0.0
/epuck1/cmd_vel,40.28346811,0.0,0.0
/epuck1/cmd_vel,40.290877562,0.0,0.0
/epuck1/cmd_vel,40.301519026,0.0,0.0
/epuck1/cmd_vel,40.309918109,0.0,0.0
/epuck1/cmd_vel,40.318739285,0.0,0.0
/epuck1/cmd_vel,40.3305486,0.0,0.0
/epuck1/cmd_vel,40.337296794,0.0,0.0
/epuck1/cmd_vel,40.348343713,0.0,0.0
/epuck1/cmd_vel,40.355932086,0.0,0.0
/epuck1/cmd_vel,40.366775426,0.0,0.0
/epuck1/cmd_vel,40.373516804,0.0,0.0
/epuck1/cmd_vel,40.38174739,0.0,0.0
/epuck1/cmd_vel,40.391127182,0.0,0.0
/epuck1/cmd_vel,40.400567718,0.0,0.0
/epuck1/cmd_vel,40.410010358,0.0,0.0
/epuck1/cmd_vel,40.417779786,0.0,0.0
/epuck1/cmd_vel,40.424324764,0.0,0.0
/epuck1/cmd_vel,40.437956116,0.0,0.0
/epuck1/cmd_vel,40.444676883,0.0,0.0
/epuck1/cmd_vel,40.457881892,0.0,0.0
/epuck1/cmd_vel,40.464333363,0.0,0.0
/epuck1/cmd_vel,40.477272785,0.0,0.0
/epuck1/cmd_vel,40.483803831,0.0,0.0
/epuck1/cmd_vel,40.496527075,0.0,0.0
/epuck1/cmd_vel,40.50202193,0.0,0.0
/epuck1/cmd_vel,40.510761962,0.0,0.0
/epuck1/cmd_vel,40.519021031,0.0,0.0
/epuck1/cmd_vel,40.530111263,0.0,0.0
/epuck1/cmd_vel,40.537827732,0.0,0.0
/epuck1/cmd_vel,40.549900938,0.0,0.0
/epuck1/cmd_vel,40.5534101,0.0,0.0
/epuck1/cmd_vel,40.566053367,0.0,0.0
/epuck1/cmd_vel,40.570133793,0.0,0.0
/epuck1/cmd_vel,40.584108404,0.0,0.0
/epuck1/cmd_vel,40.590328964,0.0,0.0
/epuck1/cmd_vel,40.601536355,0.0,0.0
/epuck1/cmd_vel,40.606939807,0.0,0.0
/epuck1/cmd_vel,40.615388897,0.0,0.0
/epuck1/cmd_vel,40.627455789,0.0,0.0
/epuck1/cmd_vel,40.635230386,0.0,0.0
/epuck1/cmd_vel,40.645041989,0.0,0.0
/epuck1/cmd_vel,40.654493195,0.0,0.0
/epuck1/cmd_vel,40.659686182,0.0,0.0
/epuck1/cmd_vel,40.671719901,0.0,0.0
/epuck1/cmd_vel,40.677930438,0.0,0.0
/epuck1/cmd_vel,40.688965348,0.0,0.0
/epuck1/cmd_vel,40.694614644,0.0,0.0
/epuck1/cmd_vel,40.70275044,0.0,0.0
/epuck1/cmd_vel,40.713742053,0.0,0.0
/epuck1/cmd_vel,40.724322958,0.0,0.0
/epuck1/cmd_vel,40.732367453,0.0,0.0
/epuck1/cmd_vel,40.741854638,0.0,0.0
/epuck1/cmd_vel,40.751818579,0.0,0.0
/epuck1/cmd_vel,40.76013758,0.0,0.0
/epuck1/cmd_vel,40.766021094,0.0,0.0
/epuck1/cmd_vel,40.778622168,0.0,0.0
/epuck1/cmd_vel,40.785735904,0.0,0.0
/epuck1/cmd_vel,40.796991401,0.0,0.0
/epuck1/cmd_vel,40.803278909,0.0,0.0
/epuck1/cmd_vel,40.815026695,0.0,0.0
/epuck1/cmd_vel,40.822309304,0.0,0.0
/epuck1/cmd_vel,40.830834862,0.0,0.0
/epuck1/cmd_vel,40.840546745,0.0,0.0
/epuck1/cmd_vel,40.850601686,0.0,0.0
/epuck1/cmd_vel,40.859951869,0.0,0.0
/epuck1/cmd_vel,40.866569708,0.0,0.0
/epuck1/cmd_vel,40.873301097,0.0,0.0
/epuck1/cmd_vel,40.884231275,0.0,0.0
/epuck1/cmd_vel,40.890010559,0.0,0.0
/epuck1/cmd_vel,40.898847205,0.0,0.0
/epuck1/cmd_vel,40.909863273,0.0,0.0
/epuck1/cmd_vel,40.91656189,0.0,0.0
/epuck1/cmd_vel,40.927562523,0.0,0.0
/epuck1/cmd_vel,40.93616846,0.0,0.0
/epuck1/cmd_vel,40.943795431,0.0,0.0
/epuck1/cmd_vel,40.957454244,0.0,0.0
/epuck1/cmd_vel,40.963074075,0.0,0.0
/epuck1/cmd_vel,40.976083051,0.0,0.0
/epuck1/cmd_vel,40.983988036,0.0,0.0
/epuck1/cmd_vel,40.995894674,0.0,0.0
/epuck1/cmd_vel,41.001653713,0.0,0.0
/epuck1/cmd_vel,41.013747063,0.0,0.0
/epuck1/cmd_vel,41.019446971,0.0,0.0
/epuck1/cmd_vel,41.029400689,0.0,0.0
/epuck1/cmd_vel,41.040713513,0.0,0.0
/epuck1/cmd_vel,41.051871795,0.0,0.0
/epuck1/cmd_vel,41.05737146,0.0,0.0
/epuck1/cmd_vel,41.068203821,0.0,0.0
/epuck1/cmd_vel,41.078923132,0.0,0.0
/epuck1/cmd_vel,41.087657352,0.0,0.0
/epuck1/cmd_vel,41.093837222,0.0,0.0
/epuck1/cmd_vel,41.105109356,0.0,0.0
/epuck1/cmd_vel,41.111868507,0.0,0.0
/epuck1/cmd_vel,41.12204612,0.0,0.0
/epuck1/cmd_vel,41.128765383,0.0,0.0
/epuck1/cmd_vel,41.136050799,0.0,0.0
/epuck1/cmd_vel,41.147076387,0.0,0.0
/epuck1/cmd_vel,41.157261517,0.0,0.0
/epuck1/cmd_vel,41.168245814,0.0,0.0
/epuck1/cmd_vel,41.177588981,0.0,0.0
/epuck1/cmd_vel,41.183194881,0.0,0.0
/epuck1/cmd_vel,41.194846655,0.0,0.0
/epuck1/cmd_vel,41.20146309,0.0,0.0
/epuck1/cmd_vel,41.21342064,0.0,0.0
/epuck1/cmd_vel,41.218530944,0.0,0.0
/epuck1/cmd_vel,41.234666436,0.0,0.0
/epuck1/cmd_vel,41.240730249,0.0,0.0
/epuck1/cmd_vel,41.254756375,0.0,0.0
/epuck1/cmd_vel,41.263081289,0.0,0.0
/epuck1/cmd_vel,41.277753945,0.0,0.0
/epuck1/cmd_vel,41.283693684,0.0,0.0
/epuck1/cmd_vel,41.29124158,0.0,0.0
/epuck1/cmd_vel,41.299461863,0.0,0.0
/epuck1/cmd_vel,41.309336806,0.0,0.0
/epuck1/cmd_vel,41.315298393,0.0,0.0
/epuck1/cmd_vel,41.326600393,0.0,0.0
/epuck1/cmd_vel,41.331891096,0.0,0.0
/epuck1/cmd_vel,41.344149512,0.0,0.0
/epuck1/cmd_vel,41.350288491,0.0,0.0
/epuck1/cmd_vel,41.363295162,0.0,0.0
/epuck1/cmd_vel,41.370791243,0.0,0.0
/epuck1/cmd_vel,41.377681785,0.0,0.0
/epuck1/cmd_vel,41.38841653,0.0,0.0
/epuck1/cmd_vel,41.396079681,0.0,0.0
/epuck1/cmd_vel,41.405822232,0.0,0.0
/epuck1/cmd_vel,41.414956902,0.0,0.0
/epuck1/cmd_vel,41.421873572,0.0,0.0
/epuck1/cmd_vel,41.432036487,0.0,0.0
/epuck1/cmd_vel,41.436882555,0.0,0.0
/epuck1/cmd_vel,41.450192207,0.0,0.0
/epuck1/cmd_vel,41.455660167,0.0,0.0
/epuck1/cmd_vel,41.468489922,0.0,0.0
/epuck1/cmd_vel,41.474422748,0.0,0.0
/epuck1/cmd_vel,41.485233909,0.0,0.0
/epuck1/cmd_vel,41.495015231,0.0,0.0
/epuck1/cmd_vel,41.500840133,0.0,0.0
/epuck1/cmd_vel,41.507051838,0.0,0.0
/epuck1/cmd_vel,41.520668528,0.0,0.0
/epuck1/cmd_vel,41.526090793,0.0,0.0
/epuck1/cmd_vel,41.537729473,0.0,0.0
/epuck1/cmd_vel,41.544244008,0.0,0.0
/epuck1/cmd_vel,41.557720006,0.0,0.0
/epuck1/cmd_vel,41.563201895,0.0,0.0
/epuck1/cmd_vel,41.572867075,0.0,0.0
/epuck1/cmd_vel,41.583418296,0.0,0.0
/epuck1/cmd_vel,41.593064838,0.0,0.0
/epuck1/cmd_vel,41.604006771,0.0,0.0
/epuck1/cmd_vel,41.612956765,0.0,0.0
/epuck1/cmd_vel,41.622688283,0.0,0.0
/epuck1/cmd_vel,41.630089961,0.0,0.0
/epuck1/cmd_vel,41.636280823,0.0,0.0
/epuck1/cmd_vel,41.648165114,0.0,0.0
/epuck1/cmd_vel,41.653434461,0.0,0.0
/epuck1/cmd_vel,41.664964015,0.0,0.0
/epuck1/cmd_vel,41.669533007,0.0,0.0
/epuck1/cmd_vel,41.67781802,0.0,0.0
/epuck1/cmd_vel,41.686793868,0.0,0.0
/epuck1/cmd_vel,41.695301945,0.0,0.0
/epuck1/cmd_vel,41.700656269,0.0,0.0
/epuck1/cmd_vel,41.712595574,0.0,0.0
/epuck1/cmd_vel,41.718429094,0.0,0.0
/epuck1/cmd_vel,41.731684433,0.0,0.0
/epuck1/cmd_vel,41.737493702,0.0,0.0
/epuck1/cmd_vel,41.750306722,0.0,0.0
/epuck1/cmd_vel,41.756232433,0.0,0.0
/epuck1/cmd_vel,41.764352303,0.0,0.0
/epuck1/cmd_vel,41.774979983,0.0,0.0
/epuck1/cmd_vel,41.78133689,0.0,0.0
/epuck1/cmd_vel,41.788698485,0.0,0.0
/epuck1/cmd_vel,41.801168292,0.0,0.0
/epuck1/cmd_vel,41.807914007,0.0,0.0
/epuck1/cmd_vel,41.819024389,0.0,0.0
/epuck1/cmd_vel,41.825665888,0.0,0.0
/epuck1/cmd_vel,41.838448946,0.0,0.0
/epuck1/cmd_vel,41.844009799,0.0,0.0
/epuck1/cmd_vel,41.85176441,0.0,0.0
/epuck1/cmd_vel,41.86038973,0.0,0.0
/epuck1/cmd_vel,41.868695686,0.0,0.0
/epuck1/cmd_vel,41.875467154,0.0,0.0
/epuck1/cmd_vel,41.887051923,0.0,0.0
/epuck1/cmd_vel,41.892543332,0.0,0.0
/epuck1/cmd_vel,41.905501955,0.0,0.0
/epuck1/cmd_vel,41.910790442,0.0,0.0
/epuck1/cmd_vel,41.920197185,0.0,0.0
/epuck1/cmd_vel,41.92722198,0.0,0.0
/epuck1/cmd_vel,41.935220999,0.0,0.0
/epuck1/cmd_vel,41.940805,0.0,0.0
/epuck1/cmd_vel,41.952279539,0.0,0.0
/epuck1/cmd_vel,41.958003932,0.0,0.0
/epuck1/cmd_vel,41.971262879,0.0,0.0
/epuck1/cmd_vel,41.973820392,0.0,0.0
/epuck1/cmd_vel,41.987729991,0.0,0.0
/epuck1/cmd_vel,41.993412196,0.0,0.0
/epuck1/cmd_vel,42.003867117,0.0,0.0
/epuck1/cmd_vel,42.013524982,0.0,0.0
/epuck1/cmd_vel,42.022097392,0.0,0.0
/epuck1/cmd_vel,42.030179183,0.0,0.0
/epuck1/cmd_vel,42.039590736,0.0,0.0
/epuck1/cmd_vel,42.046543982,0.0,0.0
/epuck1/cmd_vel,42.056676934,0.0,0.0
/epuck1/cmd_vel,42.062220351,0.0,0.0
/epuck1/cmd_vel,42.074810008,0.0,0.0
/epuck1/cmd_vel,42.080697038,0.0,0.0
/epuck1/cmd_vel,42.089485698,0.0,0.0
/epuck1/cmd_vel,42.097810794,0.0,0.0
/epuck1/cmd_vel,42.107823195,0.0,0.0
/epuck1/cmd_vel,42.119133594,0.0,0.0
/epuck1/cmd_vel,42.130647415,0.0,0.0
/epuck1/cmd_vel,42.140788484,0.0,0.0
/epuck1/cmd_vel,42.150431618,0.0,0.0
/epuck1/cmd_vel,42.157873279,0.0,0.0
/epuck1/cmd_vel,42.16738484,0.0,0.0
/epuck1/cmd_vel,42.173377791,0.0,0.0
/epuck1/cmd_vel,42.185540761,0.0,0.0
/epuck1/cmd_vel,42.191714588,0.0,0.0
/epuck1/cmd_vel,42.200690035,0.0,0.0
/epuck1/cmd_vel,42.210411332,0.0,0.0
/epuck1/cmd_vel,42.217580226,0.0,0.0
/epuck1/cmd_vel,42.224423443,0.0,0.0
/epuck1/cmd_vel,42.235758493,0.0,0.0
/epuck1/cmd_vel,42.24075317,0.0,0.0
/epuck1/cmd_vel,42.252201455,0.0,0.0
/epuck1/cmd_vel,42.259459133,0.0,0.0
/epuck1/cmd_vel,42.268751539,0.0,0.0
/epuck1/cmd_vel,42.278187743,0.0,0.0
/epuck1/cmd_vel,42.286266628,0.0,0.0
/epuck1/cmd_vel,42.296647696,0.0,0.0
/epuck1/cmd_vel,42.309156283,0.0,0.0
/epuck1/cmd_vel,42.318558117,0.0,0.0
/epuck1/cmd_vel,42.329041296,0.0,0.0
/epuck1/cmd_vel,42.333373296,0.0,0.0
/epuck1/cmd_vel,42.347904987,0.0,0.0
/epuck1/cmd_vel,42.352111126,0.0,0.0
/epuck1/cmd_vel,42.36418471,0.0,0.0
/epuck1/cmd_vel,42.369884352,0.0,0.0
/epuck1/cmd_vel,42.378388219,0.0,0.0
/epuck1/cmd_vel,42.388524879,0.0,0.0
/epuck1/cmd_vel,42.397238382,0.0,0.0
/epuck1/cmd_vel,42.40635382,0.0,0.0
/epuck1/cmd_vel,42.416586364,0.0,0.0
/epuck1/cmd_vel,42.422392695,0.0,0.0
/epuck1/cmd_vel,42.438020394,0.0,0.0
/epuck1/cmd_vel,42.444299848,0.0,0.0
/epuck1/cmd_vel,42.458226026,0.0,0.0
/epuck1/cmd_vel,42.464589344,0.0,0.0
/epuck1/cmd_vel,42.478023762,0.0,0.0
/epuck1/cmd_vel,42.483337332,0.0,0.0
/epuck1/cmd_vel,42.495626515,0.0,0.0
/epuck1/cmd_vel,42.501320026,0.0,0.0
/epuck1/cmd_vel,42.514702042,0.0,0.0
/epuck1/cmd_vel,42.522202379,0.0,0.0
/epuck1/cmd_vel,42.529881466,0.0,0.0
/epuck1/cmd_vel,42.540375044,0.0,0.0
/epuck1/cmd_vel,42.551991915,0.0,0.0
/epuck1/cmd_vel,42.553765076,0.0,0.0
/epuck1/cmd_vel,42.567265222,0.0,0.0
/epuck1/cmd_vel,42.572792108,0.0,0.0
/epuck1/cmd_vel,42.584739724,0.0,0.0
/epuck1/cmd_vel,42.590262302,0.0,0.0
/epuck1/cmd_vel,42.60436773,0.0,0.0
/epuck1/cmd_vel,42.611435723,0.0,0.0
/epuck1/cmd_vel,42.619533326,0.0,0.0
/epuck1/cmd_vel,42.628083813,0.0,0.0
/epuck1/cmd_vel,42.637131971,0.0,0.0
/epuck1/cmd_vel,42.647115053,0.0,0.0
/epuck1/cmd_vel,42.655073986,0.0,0.0
/epuck1/cmd_vel,42.661728372,0.0,0.0
/epuck1/cmd_vel,42.672838053,0.0,0.0
/epuck1/cmd_vel,42.680405021,0.0,0.0
/epuck1/cmd_vel,42.693228947,0.0,0.0
/epuck1/cmd_vel,42.698863343,0.0,0.0
/epuck1/cmd_vel,42.708202168,0.0,0.0
/epuck1/cmd_vel,42.71650938,0.0,0.0
/epuck1/cmd_vel,42.725534694,0.0,0.0
/epuck1/cmd_vel,42.735265384,0.0,0.0
/epuck1/cmd_vel,42.74712603,0.0,0.0
/epuck1/cmd_vel,42.758977058,0.0,0.0
/epuck1/cmd_vel,42.764820963,0.0,0.0
/epuck1/cmd_vel,42.770292541,0.0,0.0
/epuck1/cmd_vel,42.784607578,0.0,0.0
/epuck1/cmd_vel,42.789663545,0.0,0.0
/epuck1/cmd_vel,42.802735455,0.0,0.0
/epuck1/cmd_vel,42.80913304,0.0,0.0
/epuck1/cmd_vel,42.820557937,0.0,0.0
/epuck1/cmd_vel,42.827037282,0.0,0.0
/epuck1/cmd_vel,42.835937952,0.0,0.0
/epuck1/cmd_vel,42.84435077,0.0,0.0
/epuck1/cmd_vel,42.854708584,0.0,0.0
/epuck1/cmd_vel,42.864692668,0.0,0.0
/epuck1/cmd_vel,42.873961657,0.0,0.0
/epuck1/cmd_vel,42.88114187,0.0,0.0
/epuck1/cmd_vel,42.894257566,0.0,0.0
/epuck1/cmd_vel,42.89925572,0.0,0.0
/epuck1/cmd_vel,42.911520555,0.0,0.0
/epuck1/cmd_vel,42.921721363,0.0,0.0
/epuck1/cmd_vel,42.932455711,0.0,0.0
/epuck1/cmd_vel,42.937277321,0.0,0.0
/epuck1/cmd_vel,42.946002649,0.0,0.0
/epuck1/cmd_vel,42.954137725,0.0,0.0
/epuck1/cmd_vel,42.963903383,0.0,0.0
/epuck1/cmd_vel,42.971852597,0.0,0.0
/epuck1/cmd_vel,42.980564498,0.0,0.0
/epuck1/cmd_vel,42.987785591,0.0,0.0
/epuck1/cmd_vel,42.998842669,0.0,0.0
/epuck1/cmd_vel,43.005807161,0.0,0.0
/epuck1/cmd_vel,43.01474831,0.0,0.0
/epuck1/cmd_vel,43.024232819,0.0,0.0
/epuck1/cmd_vel,43.032849335,0.0,0.0
/epuck1/cmd_vel,43.037160849,0.0,0.0
/epuck1/cmd_vel,43.051759139,0.0,0.0
/epuck1/cmd_vel,43.058110734,0.0,0.0
/epuck1/cmd_vel,43.069187752,0.0,0.0
/epuck1/cmd_vel,43.075830515,0.0,0.0
/epuck1/cmd_vel,43.089431358,0.0,0.0
/epuck1/cmd_vel,43.094467987,0.0,0.0
/epuck1/cmd_vel,43.102479522,0.0,0.0
/epuck1/cmd_vel,43.112535447,0.0,0.0
/epuck1/cmd_vel,43.122039294,0.0,0.0
/epuck1/cmd_vel,43.127834404,0.0,0.0
/epuck1/cmd_vel,43.14075532,0.0,0.0
/epuck1/cmd_vel,43.145261814,0.0,0.0
/epuck1/cmd_vel,43.159906795,0.0,0.0
/epuck1/cmd_vel,43.167614236,0.0,0.0
/epuck1/cmd_vel,43.178342473,0.0,0.0
/epuck1/cmd_vel,43.181459857,0.0,0.0
/epuck1/cmd_vel,43.190733855,0.0,0.0
/epuck1/cmd_vel,43.200575061,0.0,0.0
/epuck1/cmd_vel,43.208846002,0.0,0.0
/epuck1/cmd_vel,43.213713001,0.0,0.0
/epuck1/cmd_vel,43.225470947,0.0,0.0
/epuck1/cmd_vel,43.230998634,0.0,0.0
/epuck1/cmd_vel,43.242286563,0.0,0.0
/epuck1/cmd_vel,43.24731137,0.0,0.0
/epuck1/cmd_vel,43.255358875,0.0,0.0
/epuck1/cmd_vel,43.263273521,0.0,0.0
/epuck1/cmd_vel,43.271995542,0.0,0.0
/epuck1/cmd_vel,43.278829679,0.0,0.0
/epuck1/cmd_vel,43.291520747,0.0,0.0
/epuck1/cmd_vel,43.296940023,0.0,0.0
/epuck1/cmd_vel,43.308812092,0.0,0.0
/epuck1/cmd_vel,43.314815708,0.0,0.0
/epuck1/cmd_vel,43.327212301,0.0,0.0
/epuck1/cmd_vel,43.332457437,0.0,0.0
/epuck1/cmd_vel,43.342188027,0.0,0.0
/epuck1/cmd_vel,43.351508215,0.0,0.0
/epuck1/cmd_vel,43.362627515,0.0,0.0
/epuck1/cmd_vel,43.375109775,0.0,0.0
/epuck1/cmd_vel,43.382513624,0.0,0.0
/epuck1/cmd_vel,43.393585231,0.0,0.0
/epuck1/cmd_vel,43.403383553,0.0,0.0
/epuck1/cmd_vel,43.410842309,0.0,0.0
/epuck1/cmd_vel,43.421099819,0.0,0.0
/epuck1/cmd_vel,43.42738354,0.0,0.0
/epuck1/cmd_vel,43.439967811,0.0,0.0
/epuck1/cmd_vel,43.445957493,0.0,0.0
/epuck1/cmd_vel,43.457436037,0.0,0.0
/epuck1/cmd_vel,43.463803411,0.0,0.0
/epuck1/cmd_vel,43.472427622,0.0,0.0
/epuck1/cmd_vel,43.483254772,0.0,0.0
/epuck1/cmd_vel,43.493544537,0.0,0.0
/epuck1/cmd_vel,43.503015,0.0,0.0
/epuck1/cmd_vel,43.511315919,0.0,0.0
/epuck1/cmd_vel,43.518266061,0.0,0.0
/epuck1/cmd_vel,43.529677983,0.0,0.0
/epuck1/cmd_vel,43.537148579,0.0,0.0
/epuck1/cmd_vel,43.547403781,0.0,0.0
/epuck1/cmd_vel,43.554926974,0.0,0.0
/epuck1/cmd_vel,43.566264259,0.0,0.0
/epuck1/cmd_vel,43.574394865,0.0,0.0
/epuck1/cmd_vel,43.580316923,0.0,0.0
/epuck1/cmd_vel,43.589982543,0.0,0.0
/epuck1/cmd_vel,43.599849333,0.0,0.0
/epuck1/cmd_vel,43.608043155,0.0,0.0
/epuck1/cmd_vel,43.616730582,0.0,0.0
/epuck1/cmd_vel,43.623006989,0.0,0.0
/epuck1/cmd_vel,43.635142739,0.0,0.0
/epuck1/cmd_vel,43.6425943,0.0,0.0
/epuck1/cmd_vel,43.655776368,0.0,0.0
/epuck1/cmd_vel,43.663177236,0.0,0.0
/epuck1/cmd_vel,43.676607058,0.0,0.0
/epuck1/cmd_vel,43.684900162,0.0,0.0
/epuck1/cmd_vel,43.697090111,0.0,0.0
/epuck1/cmd_vel,43.704674516,0.0,0.0
/epuck1/cmd_vel,43.718098026,0.0,0.0
/epuck1/cmd_vel,43.72464573,0.0,0.0
/epuck1/cmd_vel,43.73276732,0.0,0.0
/epuck1/cmd_vel,43.743377473,0.0,0.0
/epuck1/cmd_vel,43.752560509,0.0,0.0
/epuck1/cmd_vel,43.76200302,0.0,0.0
/epuck1/cmd_vel,43.771971396,0.0,0.0
/epuck1/cmd_vel,43.777117631,0.0,0.0
/epuck1/cmd_vel,43.790298897,0.0,0.0
/epuck1/cmd_vel,43.796633611,0.0,0.0
/epuck1/cmd_vel,43.81182366,0.0,0.0
/epuck1/cmd_vel,43.814886876,0.0,0.0
/epuck1/cmd_vel,43.827080832,0.0,0.0
/epuck1/cmd_vel,43.831687477,0.0,0.0
/epuck1/cmd_vel,43.840855987,0.0,0.0
/epuck1/cmd_vel,43.850616882,0.0,0.0
/epuck1/cmd_vel,43.860846336,0.0,0.0
/epuck1/cmd_vel,43.87209556,0.0,0.0
/epuck1/cmd_vel,43.879435517,0.0,0.0
/epuck1/cmd_vel,43.885195577,0.0,0.0
/epuck1/cmd_vel,43.896967059,0.0,0.0
/epuck1/cmd_vel,43.903073153,0.0,0.0
/epuck1/cmd_vel,43.914281402,0.0,0.0
/epuck1/cmd_vel,43.92239658,0.0,0.0
/epuck1/cmd_vel,43.930795278,0.0,0.0
/epuck1/cmd_vel,43.939538408,0.0,0.0
/epuck1/cmd_vel,43.947854955,0.0,0.0
/epuck1/cmd_vel,43.959103277,0.0,0.0
/epuck1/cmd_vel,43.9710609,0.0,0.0
/epuck1/cmd_vel,43.980310858,0.0,0.0
/epuck1/cmd_vel,43.988582323,0.0,0.0
/epuck1/cmd_vel,43.995310258,0.0,0.0
/epuck1/cmd_vel,44.006650649,0.0,0.0
/epuck1/cmd_vel,44.013321078,0.0,0.0
/epuck1/cmd_vel,44.026998053,0.0,0.0
/epuck1/cmd_vel,44.033568099,0.0,0.0
/epuck1/cmd_vel,44.046787735,0.0,0.0
/epuck1/cmd_vel,44.052316972,0.0,0.0
/epuck1/cmd_vel,44.069661371,0.0,0.0
/epuck1/cmd_vel,44.075119678,0.0,0.0
/epuck1/cmd_vel,44.083506153,0.0,0.0
/epuck1/cmd_vel,44.092930732,0.0,0.0
/epuck1/cmd_vel,44.100951437,0.0,0.0
/epuck1/cmd_vel,44.105793414,0.0,0.0
/epuck1/cmd_vel,44.120713568,0.0,0.0
/epuck1/cmd_vel,44.127082445,0.0,0.0
/epuck1/cmd_vel,44.138555379,0.0,0.0
/epuck1/cmd_vel,44.145742255,0.0,0.0
/epuck1/cmd_vel,44.158206206,0.0,0.0
/epuck1/cmd_vel,44.166519046,0.0,0.0
/epuck1/cmd_vel,44.172300346,0.0,0.0
/epuck1/cmd_vel,44.18419906,0.0,0.0
/epuck1/cmd_vel,44.191842173,0.0,0.0
/epuck1/cmd_vel,44.201943993,0.0,0.0
/epuck1/cmd_vel,44.211513638,0.0,0.0
/epuck1/cmd_vel,44.219231187,0.0,0.0
/epuck1/cmd_vel,44.230787173,0.0,0.0
/epuck1/cmd_vel,44.237286689,0.0,0.0
/epuck1/cmd_vel,44.250004506,0.0,0.0
/epuck1/cmd_vel,44.256245448,0.0,0.0
/epuck1/cmd_vel,44.270256335,0.0,0.0
/epuck1/cmd_vel,44.277319785,0.0,0.0
/epuck1/cmd_vel,44.286167105,0.0,0.0
/epuck1/cmd_vel,44.295497111,0.0,0.0
/epuck1/cmd_vel,44.309539555,0.0,0.0
/epuck1/cmd_vel,44.317229053,0.0,0.0
/epuck1/cmd_vel,44.324902922,0.0,0.0
/epuck1/cmd_vel,44.33054727,0.0,0.0
/epuck1/cmd_vel,44.343900151,0.0,0.0
/epuck1/cmd_vel,44.349564736,0.0,0.0
/epuck1/cmd_vel,44.363418435,0.0,0.0
/epuck1/cmd_vel,44.368327135,0.0,0.0
/epuck1/cmd_vel,44.37887888,0.0,0.0
/epuck1/cmd_vel,44.385453834,0.0,0.0
/epuck1/cmd_vel,44.393893507,0.0,0.0
/epuck1/cmd_vel,44.402670398,0.0,0.0
/epuck1/cmd_vel,44.413613949,0.0,0.0
/epuck1/cmd_vel,44.417454364,0.0,0.0
/epuck1/cmd_vel,44.428251863,0.0,0.0
/epuck1/cmd_vel,44.436280593,0.0,0.0
/epuck1/cmd_vel,44.44712327,0.0,0.0
/epuck1/cmd_vel,44.454030168,0.0,0.0
/epuck1/cmd_vel,44.461132101,0.0,0.0
/epuck1/cmd_vel,44.471048583,0.0,0.0
/epuck1/cmd_vel,44.482202796,0.0,0.0
/epuck1/cmd_vel,44.493687379,0.0,0.0
/epuck1/cmd_vel,44.504119549,0.0,0.0
/epuck1/cmd_vel,44.514379121,0.0,0.0
/epuck1/cmd_vel,44.523311908,0.0,0.0
/epuck1/cmd_vel,44.528516473,0.0,0.0
/epuck1/cmd_vel,44.542177405,0.0,0.0
/epuck1/cmd_vel,44.547480339,0.0,0.0
/epuck1/cmd_vel,44.559717118,0.0,0.0
/epuck1/cmd_vel,44.565656649,0.0,0.0
/epuck1/cmd_vel,44.58097774,0.0,0.0
/epuck1/cmd_vel,44.587994426,0.0,0.0
/epuck1/cmd_vel,44.598280244,0.0,0.0
/epuck1/cmd_vel,44.603772705,0.0,0.0
/epuck1/cmd_vel,44.61365633,0.0,0.0
/epuck1/cmd_vel,44.622492851,0.0,0.0
/epuck1/cmd_vel,44.631183521,0.0,0.0
/epuck1/cmd_vel,44.639587798,0.0,0.0
/epuck1/cmd_vel,44.649245834,0.0,0.0
/epuck1/cmd_vel,44.655244067,0.0,0.0
/epuck1/cmd_vel,44.667845173,0.0,0.0
/epuck1/cmd_vel,44.673343343,0.0,0.0
/epuck1/cmd_vel,44.687510647,0.0,0.0
/epuck1/cmd_vel,44.691987559,0.0,0.0
/epuck1/cmd_vel,44.701844939,0.0,0.0
/epuck1/cmd_vel,44.711474025,0.0,0.0
/epuck1/cmd_vel,44.719877901,0.0,0.0
/epuck1/cmd_vel,44.728696992,0.0,0.0
/epuck1/cmd_vel,44.739080078,0.0,0.0
/epuck1/cmd_vel,44.749038732,0.0,0.0
/epuck1/cmd_vel,44.759769917,0.0,0.0
/epuck1/cmd_vel,44.763472494,0.0,0.0
/epuck1/cmd_vel,44.77532431,0.0,0.0
/epuck1/cmd_vel,44.783014757,0.0,0.0
/epuck1/cmd_vel,44.794586389,0.0,0.0
/epuck1/cmd_vel,44.801152199,0.0,0.0
/epuck1/cmd_vel,44.808432139,0.0,0.0
/epuck1/cmd_vel,44.817796269,0.0,0.0
/epuck1/cmd_vel,44.827565698,0.0,0.0
/epuck1/cmd_vel,44.837396231,0.0,0.0
/epuck1/cmd_vel,44.84545932,0.0,0.0
/epuck1/cmd_vel,44.850818051,0.0,0.0
/epuck1/cmd_vel,44.864719496,0.0,0.0
/epuck1/cmd_vel,44.872457025,0.0,0.0
/epuck1/cmd_vel,44.882130788,0.0,0.0
/epuck1/cmd_vel,44.889040691,0.0,0.0
/epuck1/cmd_vel,44.899035908,0.0,0.0
/epuck1/cmd_vel,44.909462368,0.0,0.0
/epuck1/cmd_vel,44.917889484,0.0,0.0
/epuck1/cmd_vel,44.927255617,0.0,0.0
/epuck1/cmd_vel,44.935097025,0.0,0.0
/epuck1/cmd_vel,44.940099441,0.0,0.0
/epuck1/cmd_vel,44.952099712,0.0,0.0
/epuck1/cmd_vel,44.956681304,0.0,0.0
/epuck1/cmd_vel,44.965503401,0.0,0.0
/epuck1/cmd_vel,44.975621229,0.0,0.0
/epuck1/cmd_vel,44.985192817,0.0,0.0
/epuck1/cmd_vel,44.99404787,0.0,0.0
/epuck1/cmd_vel,45.00078197,0.0,0.0
/epuck1/cmd_vel,45.006404455,0.0,0.0
/epuck1/cmd_vel,45.019575743,0.0,0.0
/epuck1/cmd_vel,45.026175411,0.0,0.0
/epuck1/cmd_vel,45.03704864,0.0,0.0
/epuck1/cmd_vel,45.04176847,0.0,0.0
/epuck1/cmd_vel,45.050298163,0.0,0.0
/epuck1/cmd_vel,45.060296686,0.0,0.0
/epuck1/cmd_vel,45.069254516,0.0,0.0
/epuck1/cmd_vel,45.076666784,0.0,0.0
/epuck1/cmd_vel,45.089142374,0.0,0.0
/epuck1/cmd_vel,45.094174642,0.0,0.0
/epuck1/cmd_vel,45.106682588,0.0,0.0
/epuck1/cmd_vel,45.113289669,0.0,0.0
/epuck1/cmd_vel,45.126194999,0.0,0.0
/epuck1/cmd_vel,45.131432821,0.0,0.0
/epuck1/cmd_vel,45.140135812,0.0,0.0
/epuck1/cmd_vel,45.149293887,0.0,0.0
/epuck1/cmd_vel,45.161186072,0.0,0.0
/epuck1/cmd_vel,45.169413644,0.0,0.0
/epuck1/cmd_vel,45.180461375,0.0,0.0
/epuck1/cmd_vel,45.189189309,0.0,0.0
/epuck1/cmd_vel,45.199130833,0.0,0.0
/epuck1/cmd_vel,45.204661961,0.0,0.0
/epuck1/cmd_vel,45.216567168,0.0,0.0
/epuck1/cmd_vel,45.223657281,0.0,0.0
/epuck1/cmd_vel,45.23551691,0.0,0.0
/epuck1/cmd_vel,45.242556336,0.0,0.0
/epuck1/cmd_vel,45.256183309,0.0,0.0
/epuck1/cmd_vel,45.263478675,0.0,0.0
/epuck1/cmd_vel,45.270635503,0.0,0.0
/epuck1/cmd_vel,45.280419156,0.0,0.0
/epuck1/cmd_vel,45.289341625,0.0,0.0
/epuck1/cmd_vel,45.297618783,0.0,0.0
/epuck1/cmd_vel,45.306977303,0.0,0.0
/epuck1/cmd_vel,45.312393232,0.0,0.0
/epuck1/cmd_vel,45.325915926,0.0,0.0
/epuck1/cmd_vel,45.331263537,0.0,0.0
/epuck1/cmd_vel,45.344326238,0.0,0.0
/epuck1/cmd_vel,45.350210975,0.0,0.0
/epuck1/cmd_vel,45.363291206,0.0,0.0
/epuck1/cmd_vel,45.369520236,0.0,0.0
/epuck1/cmd_vel,45.378118347,0.0,0.0
/epuck1/cmd_vel,45.387627927,0.0,0.0
/epuck1/cmd_vel,45.398402687,0.0,0.0
/epuck1/cmd_vel,45.406444139,0.0,0.0
/epuck1/cmd_vel,45.416448678,0.0,0.0
/epuck1/cmd_vel,45.422276612,0.0,0.0
/epuck1/cmd_vel,45.434902148,0.0,0.0
/epuck1/cmd_vel,45.441684225,0.0,0.0
/epuck1/cmd_vel,45.453632966,0.0,0.0
/epuck1/cmd_vel,45.45706452,0.0,0.0
/epuck1/cmd_vel,45.464634373,0.0,0.0
/epuck1/cmd_vel,45.475974127,0.0,0.0
/epuck1/cmd_vel,45.484940641,0.0,0.0
/epuck1/cmd_vel,45.492595531,0.0,0.0
/epuck1/cmd_vel,45.501376845,0.0,0.0
/epuck1/cmd_vel,45.508898319,0.0,0.0
/epuck1/cmd_vel,45.523913812,0.0,0.0
/epuck1/cmd_vel,45.530417347,0.0,0.0
/epuck1/cmd_vel,45.54187761,0.0,0.0
/epuck1/cmd_vel,45.549321564,0.0,0.0
/epuck1/cmd_vel,45.560364786,0.0,0.0
/epuck1/cmd_vel,45.567208662,0.0,0.0
/epuck1/cmd_vel,45.576826335,0.0,0.0
/epuck1/cmd_vel,45.585973398,0.0,0.0
/epuck1/cmd_vel,45.596290979,0.0,0.0
/epuck1/cmd_vel,45.605947603,0.0,0.0
/epuck1/cmd_vel,45.61318559,0.0,0.0
/epuck1/cmd_vel,45.620144215,0.0,0.0
/epuck1/cmd_vel,45.633107928,0.0,0.0
/epuck1/cmd_vel,45.639427524,0.0,0.0
/epuck1/cmd_vel,45.655461519,0.0,0.0
/epuck1/cmd_vel,45.660999601,0.0,0.0
/epuck1/cmd_vel,45.675059436,0.0,0.0
/epuck1/cmd_vel,45.680928448,0.0,0.0
/epuck1/cmd_vel,45.694712324,0.0,0.0
/epuck1/cmd_vel,45.702009989,0.0,0.0
/epuck1/cmd_vel,45.713554261,0.0,0.0
/epuck1/cmd_vel,45.720345468,0.0,0.0
/epuck1/cmd_vel,45.729467399,0.0,0.0
/epuck1/cmd_vel,45.73550573,0.0,0.0
/epuck1/cmd_vel,45.744413783,0.0,0.0
/epuck1/cmd_vel,45.750870657,0.0,0.0
/epuck1/cmd_vel,45.76189916,0.0,0.0
/epuck1/cmd_vel,45.768717403,0.0,0.0
/epuck1/cmd_vel,45.782804372,0.0,0.0
/epuck1/cmd_vel,45.788893269,0.0,0.0
/epuck1/cmd_vel,45.802118722,0.0,0.0
/epuck1/cmd_vel,45.808064733,0.0,0.0
/epuck1/cmd_vel,45.823198961,0.0,0.0
/epuck1/cmd_vel,45.828590854,0.0,0.0
/epuck1/cmd_vel,45.838320472,0.0,0.0
/epuck1/cmd_vel,45.846307431,0.0,0.0
/epuck1/cmd_vel,45.855007414,0.0,0.0
/epuck1/cmd_vel,45.859929498,0.0,0.0
/epuck1/cmd_vel,45.875377032,0.0,0.0
/epuck1/cmd_vel,45.881492663,0.0,0.0
/epuck1/cmd_vel,45.895250306,0.0,0.0
/epuck1/cmd_vel,45.901350017,0.0,0.0
/epuck1/cmd_vel,45.915106257,0.0,0.0
/epuck1/cmd_vel,45.922552915,0.0,0.0
/epuck1/cmd_vel,45.934627976,0.0,0.0
/epuck1/cmd_vel,45.940505298,0.0,0.0
/epuck1/cmd_vel,45.951759694,0.0,0.0
/epuck1/cmd_vel,45.957719023,0.0,0.0
/epuck1/cmd_vel,45.970999046,0.0,0.0
/epuck1/cmd_vel,45.974496081,0.0,0.0
/epuck1/cmd_vel,45.984044465,0.0,0.0
/epuck1/cmd_vel,45.992966336,0.0,0.0
/epuck1/cmd_vel,46.001827528,0.0,0.0
/epuck1/cmd_vel,46.007518609,0.0,0.0
/epuck1/cmd_vel,46.020255227,0.0,0.0
/epuck1/cmd_vel,46.027861592,0.0,0.0
/epuck1/cmd_vel,46.040194787,0.0,0.0
/epuck1/cmd_vel,46.04488487,0.0,0.0
/epuck1/cmd_vel,46.059861393,0.0,0.0
/epuck1/cmd_vel,46.063167181,0.0,0.0
/epuck1/cmd_vel,46.072092857,0.0,0.0
/epuck1/cmd_vel,46.08093172,0.0,0.0
/epuck1/cmd_vel,46.091457571,0.0,0.0
/epuck1/cmd_vel,46.102542948,0.0,0.0
/epuck1/cmd_vel,46.113172934,0.0,0.0
/epuck1/cmd_vel,46.115941024,0.0,0.0
/epuck1/cmd_vel,46.125294455,0.0,0.0
/epuck1/cmd_vel,46.131778063,0.0,0.0
/epuck1/cmd_vel,46.139999626,0.0,0.0
/epuck1/cmd_vel,46.147245724,0.0,0.0
/epuck1/cmd_vel,46.155864702,0.0,0.0
/epuck1/cmd_vel,46.162064843,0.0,0.0
/epuck1/cmd_vel,46.17576441,0.0,0.0
/epuck1/cmd_vel,46.181808849,0.0,0.0
/epuck1/cmd_vel,46.194035807,0.0,0.0
/epuck1/cmd_vel,46.198435913,0.0,0.0
/epuck1/cmd_vel,46.21110955,0.0,0.0
/epuck1/cmd_vel,46.21730078,0.0,0.0
/epuck1/cmd_vel,46.225695667,0.0,0.0
/epuck1/cmd_vel,46.234400857,0.0,0.0
/epuck1/cmd_vel,46.245062985,0.0,0.0
/epuck1/cmd_vel,46.255012689,0.0,0.0
/epuck1/cmd_vel,46.263684836,0.0,0.0
/epuck1/cmd_vel,46.267025969,0.0,0.0
/epuck1/cmd_vel,46.278913386,0.0,0.0
/epuck1/cmd_vel,46.284389789,0.0,0.0
/epuck1/cmd_vel,46.296740106,0.0,0.0
/epuck1/cmd_vel,46.3029037,0.0,0.0
/epuck1/cmd_vel,46.312095621,0.0,0.0
/epuck1/cmd_vel,46.319236782,0.0,0.0
/epuck1/cmd_vel,46.329396859,0.0,0.0
/epuck1/cmd_vel,46.338920511,0.0,0.0
/epuck1/cmd_vel,46.346731641,0.0,0.0
/epuck1/cmd_vel,46.352562904,0.0,0.0
/epuck1/cmd_vel,46.365843728,0.0,0.0
/epuck1/cmd_vel,46.371827488,0.0,0.0
/epuck1/cmd_vel,46.383835862,0.0,0.0
/epuck1/cmd_vel,46.391600933,0.0,0.0
/epuck1/cmd_vel,46.405654159,0.0,0.0
/epuck1/cmd_vel,46.411256825,0.0,0.0
/epuck1/cmd_vel,46.420428969,0.0,0.0
/epuck1/cmd_vel,46.430028283,0.0,0.0
/epuck1/cmd_vel,46.43902247,0.0,0.0
/epuck1/cmd_vel,46.449129092,0.0,0.0
/epuck1/cmd_vel,46.45773141,0.0,0.0
/epuck1/cmd_vel,46.46456791,0.0,0.0
/epuck1/cmd_vel,46.475960374,0.0,0.0
/epuck1/cmd_vel,46.483595832,0.0,0.0
/epuck1/cmd_vel,46.495730086,0.0,0.0
/epuck1/cmd_vel,46.500215866,0.0,0.0
/epuck1/cmd_vel,46.51644383,0.0,0.0
/epuck1/cmd_vel,46.517860329,0.0,0.0
/epuck1/cmd_vel,46.525342403,0.0,0.0
/epuck1/cmd_vel,46.537113322,0.0,0.0
/epuck1/cmd_vel,46.547499379,0.0,0.0
/epuck1/cmd_vel,46.55342809,0.0,0.0
/epuck1/cmd_vel,46.56340856,0.0,0.0
/epuck1/cmd_vel,46.5685278,0.0,0.0
/epuck1/cmd_vel,46.582388125,0.0,0.0
/epuck1/cmd_vel,46.586510769,0.0,0.0
/epuck1/cmd_vel,46.598888716,0.0,0.0
/epuck1/cmd_vel,46.603980623,0.0,0.0
/epuck1/cmd_vel,46.613616881,0.0,0.0
/epuck1/cmd_vel,46.622396812,0.0,0.0
/epuck1/cmd_vel,46.629167132,0.0,0.0
/epuck1/cmd_vel,46.634828622,0.0,0.0
/epuck1/cmd_vel,46.647710773,0.0,0.0
/epuck1/cmd_vel,46.65711225,0.0,0.0
/epuck1/cmd_vel,46.666813585,0.0,0.0
/epuck1/cmd_vel,46.672720871,0.0,0.0
/epuck1/cmd_vel,46.686385861,0.0,0.0
/epuck1/cmd_vel,46.694507802,0.0,0.0
/epuck1/cmd_vel,46.709099203,0.0,0.0
/epuck1/cmd_vel,46.712694516,0.0,0.0
/epuck1/cmd_vel,46.72173596,0.0,0.0
/epuck1/cmd_vel,46.732671877,0.0,0.0
/epuck1/cmd_vel,46.741325055,0.0,0.0
/epuck1/cmd_vel,46.751861993,0.0,0.0
/epuck1/cmd_vel,46.76322322,0.0,0.0
/epuck1/cmd_vel,46.773752449,0.0,0.0
/epuck1/cmd_vel,46.78387499,0.0,0.0
/epuck1/cmd_vel,46.789157526,0.0,0.0
/epuck1/cmd_vel,46.799366371,0.0,0.0
/epuck1/cmd_vel,46.806714985,0.0,0.0
/epuck1/cmd_vel,46.816955167,0.0,0.0
/epuck1/cmd_vel,46.82236025,0.0,0.0
/epuck1/cmd_vel,46.830826104,0.0,0.0
/epuck1/cmd_vel,46.840032947,0.0,0.0
/epuck1/cmd_vel,46.849243494,0.0,0.0
/epuck1/cmd_vel,46.858197133,0.0,0.0
/epuck1/cmd_vel,46.867914188,0.0,0.0
/epuck1/cmd_vel,46.872967649,0.0,0.0
/epuck1/cmd_vel,46.888126631,0.0,0.0
/epuck1/cmd_vel,46.894808145,0.0,0.0
/epuck1/cmd_vel,46.904220534,0.0,0.0
/epuck1/cmd_vel,46.911932183,0.0,0.0
/epuck1/cmd_vel,46.917371307,0.0,0.0
/epuck1/cmd_vel,46.927397933,0.0,0.0
/epuck1/cmd_vel,46.938913945,0.0,0.0
/epuck1/cmd_vel,46.946420949,0.0,0.0
/epuck1/cmd_vel,46.955303503,0.0,0.0
/epuck1/cmd_vel,46.961973003,0.0,0.0
/epuck1/cmd_vel,46.974814104,0.0,0.0
/epuck1/cmd_vel,46.983509133,0.0,0.0
/epuck1/cmd_vel,46.995151898,0.0,0.0
/epuck1/cmd_vel,47.001571097,0.0,0.0
/epuck1/cmd_vel,47.015674112,0.0,0.0
/epuck1/cmd_vel,47.021034742,0.0,0.0
/epuck1/cmd_vel,47.03337214,0.0,0.0
/epuck1/cmd_vel,47.037713547,0.0,0.0
/epuck1/cmd_vel,47.047024414,0.0,0.0
/epuck1/cmd_vel,47.056493472,0.0,0.0
/epuck1/cmd_vel,47.063630131,0.0,0.0
/epuck1/cmd_vel,47.069425082,0.0,0.0
/epuck1/cmd_vel,47.078859397,0.0,0.0
/epuck1/cmd_vel,47.086003867,0.0,0.0
/epuck1/cmd_vel,47.098726727,0.0,0.0
/epuck1/cmd_vel,47.103979126,0.0,0.0
/epuck1/cmd_vel,47.112035089,0.0,0.0
/epuck1/cmd_vel,47.122100662,0.0,0.0
/epuck1/cmd_vel,47.130648714,0.0,0.0
/epuck1/cmd_vel,47.140054295,0.0,0.0
/epuck1/cmd_vel,47.14923761,0.0,0.0
/epuck1/cmd_vel,47.154969585,0.0,0.0
/epuck1/cmd_vel,47.169499712,0.0,0.0
/epuck1/cmd_vel,47.175596725,0.0,0.0
/epuck1/cmd_vel,47.187385465,0.0,0.0
/epuck1/cmd_vel,47.192488085,0.0,0.0
/epuck1/cmd_vel,47.204049752,0.0,0.0
/epuck1/cmd_vel,47.209495083,0.0,0.0
/epuck1/cmd_vel,47.219708233,0.0,0.0
/epuck1/cmd_vel,47.22957717,0.0,0.0
/epuck1/cmd_vel,47.237596388,0.0,0.0
/epuck1/cmd_vel,47.246796623,0.0,0.0
/epuck1/cmd_vel,47.257292812,0.0,0.0
/epuck1/cmd_vel,47.26481934,0.0,0.0
/epuck1/cmd_vel,47.276560322,0.0,0.0
/epuck1/cmd_vel,47.282498144,0.0,0.0
/epuck1/cmd_vel,47.296812913,0.0,0.0
/epuck1/cmd_vel,47.303450775,0.0,0.0
/epuck1/cmd_vel,47.310079325,0.0,0.0
/epuck1/cmd_vel,47.319920529,0.0,0.0
/epuck1/cmd_vel,47.329460571,0.0,0.0
/epuck1/cmd_vel,47.341263628,0.0,0.0
/epuck1/cmd_vel,47.348636371,0.0,0.0
/epuck1/cmd_vel,47.355086307,0.0,0.0
/epuck1/cmd_vel,47.369226767,0.0,0.0
/epuck1/cmd_vel,47.374234574,0.0,0.0
/epuck1/cmd_vel,47.385484667,0.0,0.0
/epuck1/cmd_vel,47.391785424,0.0,0.0
/epuck1/cmd_vel,47.400067958,0.0,0.0
/epuck1/cmd_vel,47.409285614,0.0,0.0
/epuck1/cmd_vel,47.419716191,0.0,0.0
/epuck1/cmd_vel,47.428269268,0.0,0.0
/epuck1/cmd_vel,47.438858701,0.0,0.0
/epuck1/cmd_vel,47.442157856,0.0,0.0
/epuck1/cmd_vel,47.453021293,0.0,0.0
/epuck1/cmd_vel,47.458404657,0.0,0.0
/epuck1/cmd_vel,47.469420463,0.0,0.0
/epuck1/cmd_vel,47.475770598,0.0,0.0
/epuck1/cmd_vel,47.484826032,0.0,0.0
/epuck2/cmd_vel,23.765001747,0.0,0.0
/epuck2/cmd_vel,23.80678789,0.0,0.0
/epuck2/cmd_vel,23.886485652,0.0,0.0
/epuck2/cmd_vel,23.924601428,0.0,0.0
/epuck2/cmd_vel,23.980082334,0.0,0.0
/epuck2/cmd_vel,24.017217258,0.0,0.0
/epuck2/cmd_vel,24.078230126,0.0,0.0
/epuck2/cmd_vel,24.130270585,0.0,0.0
/epuck2/cmd_vel,24.203832136,0.0,0.0
/epuck2/cmd_vel,24.240667041,0.0,0.0
/epuck2/cmd_vel,24.294153767,0.0,0.0
/epuck2/cmd_vel,24.332218921,0.0,0.0
/epuck2/cmd_vel,24.398435063,0.0,0.0
/epuck2/cmd_vel,24.46062654,0.0,0.0
/epuck2/cmd_vel,24.520946722,0.0,0.0
/epuck2/cmd_vel,24.560858723,0.0,0.0
/epuck2/cmd_vel,24.614985802,0.0,0.0
/epuck2/cmd_vel,24.653540959,0.0,0.0
/epuck2/cmd_vel,24.729185571,0.0,0.0
/epuck2/cmd_vel,24.781431754,0.0,0.0
/epuck2/cmd_vel,24.839874348,0.0,0.0
/epuck2/cmd_vel,24.874254827,0.0,0.0
/epuck2/cmd_vel,24.930491348,0.0,0.0
/epuck2/cmd_vel,24.972408943,0.0,0.0
/epuck2/cmd_vel,25.058107285,0.0,0.0
/epuck2/cmd_vel,25.095565521,0.0,0.0
/epuck2/cmd_vel,25.152484273,0.0,0.0
/epuck2/cmd_vel,25.189761175,0.0,0.0
/epuck2/cmd_vel,25.24758489,0.0,0.0
/epuck2/cmd_vel,25.289942235,0.0,0.0
/epuck2/cmd_vel,25.373837268,0.0,0.0
/epuck2/cmd_vel,25.415623823,0.0,0.0
/epuck2/cmd_vel,25.474681898,0.0,0.0
/epuck2/cmd_vel,25.522262715,0.0,0.0
/epuck2/cmd_vel,25.570553424,0.0,0.0
/epuck2/cmd_vel,25.609325143,0.0,0.0
/epuck2/cmd_vel,25.666950703,0.0,0.0
/epuck2/cmd_vel,25.714374245,0.0,0.0
/epuck2/cmd_vel,25.777607472,0.0,0.0
/epuck2/cmd_vel,25.814115194,0.0,0.0
/epuck2/cmd_vel,25.869057759,0.0,0.0
/epuck2/cmd_vel,25.908542076,0.0,0.0
/epuck2/cmd_vel,25.979100564,0.0,0.0
/epuck2/cmd_vel,26.027625832,0.0,0.0
/epuck2/cmd_vel,26.088246431,0.0,0.0
/epuck2/cmd_vel,26.123618948,0.0,0.0
/epuck2/cmd_vel,26.179657224,0.0,0.0
/epuck2/cmd_vel,26.22075589,0.0,0.0
/epuck2/cmd_vel,26.306037773,0.0,0.0
/epuck2/cmd_vel,26.348334695,0.0,0.0
/epuck2/cmd_vel,26.405857109,0.0,0.0
/epuck2/cmd_vel,26.4412536,0.0,0.0
/epuck2/cmd_vel,26.500633073,0.0,0.0
/epuck2/cmd_vel,26.542428184,0.0,0.0
/epuck2/cmd_vel,26.626285784,0.0,0.0
/epuck2/cmd_vel,26.66525581,0.0,0.0
/epuck2/cmd_vel,26.721860747,0.0,0.0
/epuck2/cmd_vel,26.757493463,0.0,0.0
/epuck2/cmd_vel,26.818743069,0.0,0.0
/epuck2/cmd_vel,26.869571878,0.0,0.0
/epuck2/cmd_vel,26.927483374,0.0,0.0
/epuck2/cmd_vel,26.96399919,0.0,0.0
/epuck2/cmd_vel,27.019381619,0.0,0.0
/epuck2/cmd_vel,27.058888641,0.0,0.0
/epuck2/cmd_vel,27.140175397,0.0,0.0
/epuck2/cmd_vel,27.178323788,0.0,0.0
/epuck2/cmd_vel,27.235199572,0.0,0.0
/epuck2/cmd_vel,27.270817496,0.0,0.0
/epuck2/cmd_vel,27.34967223,0.0,0.0
/epuck2/cmd_vel,27.389133278,0.0,0.0
/epuck2/cmd_vel,27.444558591,0.0,0.0
/epuck2/cmd_vel,27.480033389,0.0,0.0
/epuck2/cmd_vel,27.540183266,0.0,0.0
/epuck2/cmd_vel,27.597918225,0.0,0.0
/epuck2/cmd_vel,27.658032423,0.0,0.0
/epuck2/cmd_vel,27.694821269,0.0,0.0
/epuck2/cmd_vel,27.747830233,0.0,0.0
/epuck2/cmd_vel,27.788740021,0.0,0.0
/epuck2/cmd_vel,27.872951128,0.0,0.0
/epuck2/cmd_vel,27.920994434,0.0,0.0
/epuck2/cmd_vel,27.974195488,0.0,0.0
/epuck2/cmd_vel,28.005865164,0.0,0.0
/epuck2/cmd_vel,28.062236703,0.0,0.0
/epuck2/cmd_vel,28.102284884,0.0,0.0
/epuck2/cmd_vel,28.184183215,0.0,0.0
/epuck2/cmd_vel,28.221073304,0.0,0.0
/epuck2/cmd_vel,28.274736993,0.0,0.0
/epuck2/cmd_vel,28.313140415,0.0,0.0
/epuck2/cmd_vel,28.397084075,0.0,0.0
/epuck2/cmd_vel,28.433901506,0.0,0.0
/epuck2/cmd_vel,28.490513297,0.0,0.0
/epuck2/cmd_vel,28.527542603,0.0,0.0
/epuck2/cmd_vel,28.586843941,0.0,0.0
/epuck2/cmd_vel,28.648962351,0.0030984698499999298,-8.742278012618954e-08
/epuck2/cmd_vel,28.707226788,0.006006679599999388,-8.742278012618954e-08
/epuck2/cmd_vel,28.744713829,0.007872981299999538,-8.742278012618954e-08
/epuck2/cmd_vel,28.7998049,0.01055062924999959,-8.742278012618954e-08
/epuck2/cmd_vel,28.837265057,0.012524798649999981,-8.742278012618954e-08
/epuck2/cmd_vel,28.917085339,0.016441225850000053,-8.742278012618954e-08
/epuck2/cmd_vel,28.959146138,0.018553095699999744,-8.742278012618954e-08
/epuck2/cmd_vel,29.012524098,0.02126910149999972,-8.742278012618954e-08
/epuck2/cmd_vel,29.049485443,0.023107579299999514,-8.742278012618954e-08
/epuck2/cmd_vel,29.110358873,0.025,-8.742278012618954e-08
/epuck2/cmd_vel,29.166563999,0.025,-8.742278012618954e-08
/epuck2/cmd_vel,29.222872666,0.025,-8.742278012618954e-08
/epuck2/cmd_vel,29.258282008,0.025,-8.742278012618954e-08
/epuck2/cmd_vel,29.314240877,0.025,-8.742278012618954e-08
/epuck2/cmd_vel,29.355504636,0.025,-8.742278012618954e-08
/epuck2/cmd_vel,29.438219411,0.025,-8.742278012618954e-08
/epuck2/cmd_vel,29.465808429,0.025,-8.742278012618954e-08
/epuck2/cmd_vel,29.482012983,0.025,-8.742278012618954e-08
/epuck2/cmd_vel,29.484845032,0.025,-8.742278012618954e-08
/epuck2/cmd_vel,29.496640357,0.025,-8.742278012618954e-08
/epuck2/cmd_vel,29.502203114,0.025,-8.742278012618954e-08
/epuck2/cmd_vel,29.514091285,0.025,-8.742278012618954e-08
/epuck2/cmd_vel,29.520300465,0.025,-8.742278012618954e-08
/epuck2/cmd_vel,29.535957239,0.025,-8.742278012618954e-08
/epuck2/cmd_vel,29.541968335,0.025,-8.742278012618954e-08
/epuck2/cmd_vel,29.549005833,0.025,-8.742278012618954e-08
/epuck2/cmd_vel,29.557669083,0.025,-8.742278012618954e-08
/epuck2/cmd_vel,29.566643752,0.025,-8.742278012618954e-08
/epuck2/cmd_vel,29.576132421,0.025,-8.742278012618954e-08
/epuck2/cmd_vel,29.585669262,0.025,-8.742278012618954e-08
/epuck2/cmd_vel,29.591520951,0.025,-8.742278012618954e-08
/epuck2/cmd_vel,29.60519568,0.025,-8.742278012618954e-08
/epuck2/cmd_vel,29.611963135,0.025,-8.742278012618954e-08
/epuck2/cmd_vel,29.625768488,0.025,-8.742278012618954e-08
/epuck2/cmd_vel,29.631634768,0.025,-8.742278012618954e-08
/epuck2/cmd_vel,29.645081031,0.025,-8.742278012618954e-08
/epuck2/cmd_vel,29.649286979,0.025,-8.742278012618954e-08
/epuck2/cmd_vel,29.658678405,0.025,-8.742278012618954e-08
/epuck2/cmd_vel,29.666349433,0.025,-8.742278012618954e-08
/epuck2/cmd_vel,29.675914658,0.025,-8.742278012618954e-08
/epuck2/cmd_vel,29.68136518,0.025,-8.742278012618954e-08
/epuck2/cmd_vel,29.692110017,0.025,-8.742278012618954e-08
/epuck2/cmd_vel,29.696358041,0.025,-8.742278012618954e-08
/epuck2/cmd_vel,29.709090319,0.025,-8.742278012618954e-08
/epuck2/cmd_vel,29.715568643,0.025,-8.742278012618954e-08
/epuck2/cmd_vel,29.7252492,0.025,-8.742278012618954e-08
/epuck2/cmd_vel,29.733984608,0.025,-8.742278012618954e-08
/epuck2/cmd_vel,29.741818642,0.025,-8.742278012618954e-08
/epuck2/cmd_vel,29.752072965,0.025,-8.742278012618954e-08
/epuck2/cmd_vel,29.761268205,0.025,-8.742278012618954e-08
/epuck2/cmd_vel,29.764540597,0.025,-8.742278012618954e-08
/epuck2/cmd_vel,29.776607663,0.025,-8.742278012618954e-08
/epuck2/cmd_vel,29.783033018,0.025,-8.742278012618954e-08
/epuck2/cmd_vel,29.794370809,0.025,-8.742278012618954e-08
/epuck2/cmd_vel,29.800729003,0.025,-8.742278012618954e-08
/epuck2/cmd_vel,29.809321494,0.025,-8.742278012618954e-08
/epuck2/cmd_vel,29.817658235,0.025,-8.742278012618954e-08
/epuck2/cmd_vel,29.828408069,0.025,-8.742278012618954e-08
/epuck2/cmd_vel,29.832533264,0.025,-8.742278012618954e-08
/epuck2/cmd_vel,29.843545845,0.025,-8.742278012618954e-08
/epuck2/cmd_vel,29.847852335,0.025,-8.742278012618954e-08
/epuck2/cmd_vel,29.859126463,0.025,-8.742278012618954e-08
/epuck2/cmd_vel,29.868349887,0.025,-8.742278012618954e-08
/epuck2/cmd_vel,29.883412207,0.025,-8.742278012618954e-08
/epuck2/cmd_vel,29.88695774,0.025,-8.742278012618954e-08
/epuck2/cmd_vel,29.897600137,0.025,-8.742278012618954e-08
/epuck2/cmd_vel,29.906046713,0.025,-8.742278012618954e-08
/epuck2/cmd_vel,29.914874168,0.025,-8.742278012618954e-08
/epuck2/cmd_vel,29.919802495,0.025,-8.742278012618954e-08
/epuck2/cmd_vel,29.933840812,0.025,-8.742278012618954e-08
/epuck2/cmd_vel,29.937387944,0.025,-8.742278012618954e-08
/epuck2/cmd_vel,29.95310948,0.025,-8.742278012618954e-08
/epuck2/cmd_vel,29.958099471,0.025,-8.742278012618954e-08
/epuck2/cmd_vel,29.971089899,0.025,-8.742278012618954e-08
/epuck2/cmd_vel,29.97644068,0.025,-8.742278012618954e-08
/epuck2/cmd_vel,29.985542975,0.025,-8.742278012618954e-08
/epuck2/cmd_vel,29.993811955,0.025,-8.742278012618954e-08
/epuck2/cmd_vel,30.002787023,0.025,-8.742278012618954e-08
/epuck2/cmd_vel,30.013825988,0.025,-8.742278012618954e-08
/epuck2/cmd_vel,30.025828992,0.025,-8.742278012618954e-08
/epuck2/cmd_vel,30.035814571,0.025,-8.742278012618954e-08
/epuck2/cmd_vel,30.045236079,0.025,-8.742278012618954e-08
/epuck2/cmd_vel,30.055713272,0.025,-8.742278012618954e-08
/epuck2/cmd_vel,30.063048696,0.025,-8.742278012618954e-08
/epuck2/cmd_vel,30.068586568,0.025,-8.742278012618954e-08
/epuck2/cmd_vel,30.082383326,0.025,-8.742278012618954e-08
/epuck2/cmd_vel,30.088359842,0.025,-8.742278012618954e-08
/epuck2/cmd_vel,30.097932562,0.025,-8.742278012618954e-08
/epuck2/cmd_vel,30.104204606,0.025,-8.742278012618954e-08
/epuck2/cmd_vel,30.111672553,0.025,-8.742278012618954e-08
/epuck2/cmd_vel,30.122554111,0.025,-8.742278012618954e-08
/epuck2/cmd_vel,30.131868781,0.025,-8.742278012618954e-08
/epuck2/cmd_vel,30.138075563,0.025,-8.742278012618954e-08
/epuck2/cmd_vel,30.15106779,0.025,-8.742278012618954e-08
/epuck2/cmd_vel,30.156166518,0.025,-8.742278012618954e-08
/epuck2/cmd_vel,30.167597455,0.025,-8.742278012618954e-08
/epuck2/cmd_vel,30.172421942,0.025,-8.742278012618954e-08
/epuck2/cmd_vel,30.185456844,0.025,-8.742278012618954e-08
/epuck2/cmd_vel,30.190122425,0.025,-8.742278012618954e-08
/epuck2/cmd_vel,30.199486566,0.025,-8.742278012618954e-08
/epuck2/cmd_vel,30.209267265,0.025,-8.742278012618954e-08
/epuck2/cmd_vel,30.218000575,0.025,-8.742278012618954e-08
/epuck2/cmd_vel,30.230655198,0.025,-8.742278012618954e-08
/epuck2/cmd_vel,30.237278837,0.025,-8.742278012618954e-08
/epuck2/cmd_vel,30.241474592,0.025,-8.742278012618954e-08
/epuck2/cmd_vel,30.255980736,0.025,-8.742278012618954e-08
/epuck2/cmd_vel,30.261556086,0.025,-8.742278012618954e-08
/epuck2/cmd_vel,30.276032947,0.025,-8.742278012618954e-08
/epuck2/cmd_vel,30.280624871,0.025,-8.742278012618954e-08
/epuck2/cmd_vel,30.289595242,0.025,-8.742278012618954e-08
/epuck2/cmd_vel,30.298994063,0.025,-8.742278012618954e-08
/epuck2/cmd_vel,30.306596732,0.025,-8.742278012618954e-08
/epuck2/cmd_vel,30.311633396,0.025,-8.742278012618954e-08
/epuck2/cmd_vel,30.323887553,0.025,-8.742278012618954e-08
/epuck2/cmd_vel,30.331185699,0.025,-8.742278012618954e-08
/epuck2/cmd_vel,30.343252965,0.025,-8.742278012618954e-08
/epuck2/cmd_vel,30.348781742,0.025,-8.742278012618954e-08
/epuck2/cmd_vel,30.362506542,0.025,-8.742278012618954e-08
/epuck2/cmd_vel,30.365943139,0.025,-8.742278012618954e-08
/epuck2/cmd_vel,30.376235239,0.025,-8.742278012618954e-08
/epuck2/cmd_vel,30.387407127,0.025,-8.742278012618954e-08
/epuck2/cmd_vel,30.395086251,0.025,-8.742278012618954e-08
/epuck2/cmd_vel,30.399782514,0.025,-8.742278012618954e-08
/epuck2/cmd_vel,30.41100767,0.025,-8.742278012618954e-08
/epuck2/cmd_vel,30.416545319,0.025,-8.742278012618954e-08
/epuck2/cmd_vel,30.427531962,0.025,-8.742278012618954e-08
/epuck2/cmd_vel,30.435291202,0.025,-8.742278012618954e-08
/epuck2/cmd_vel,30.448656347,0.025,-8.742278012618954e-08
/epuck2/cmd_vel,30.457714223,0.025,-8.742278012618954e-08
/epuck2/cmd_vel,30.470535188,0.025,-8.742278012618954e-08
/epuck2/cmd_vel,30.476653093,0.025,-8.742278012618954e-08
/epuck2/cmd_vel,30.484806601,0.025,-8.742278012618954e-08
/epuck2/cmd_vel,30.493985206,0.025,-8.742278012618954e-08
/epuck2/cmd_vel,30.505150644,0.025,-8.742278012618954e-08
/epuck2/cmd_vel,30.513804058,0.025,-8.742278012618954e-08
/epuck2/cmd_vel,30.52244468,0.025,-8.742278012618954e-08
/epuck2/cmd_vel,30.527445941,0.025,-8.742278012618954e-08
/epuck2/cmd_vel,30.538544418,0.025,-8.742278012618954e-08
/epuck2/cmd_vel,30.544576273,0.025,-8.742278012618954e-08
/epuck2/cmd_vel,30.557471894,0.025,-8.742278012618954e-08
/epuck2/cmd_vel,30.565011663,0.025,-8.742278012618954e-08
/epuck2/cmd_vel,30.576336007,0.025,-8.742278012618954e-08
/epuck2/cmd_vel,30.581820384,0.025,-8.742278012618954e-08
/epuck2/cmd_vel,30.589606408,0.025,-8.742278012618954e-08
/epuck2/cmd_vel,30.598355166,0.025,-8.742278012618954e-08
/epuck2/cmd_vel,30.606742936,0.025,-8.742278012618954e-08
/epuck2/cmd_vel,30.614718249,0.025,-8.742278012618954e-08
/epuck2/cmd_vel,30.626931171,0.023911809499999492,-0.032645802422795356
/epuck2/cmd_vel,30.633698694,0.023102185399999087,-0.056934525422807525
/epuck2/cmd_vel,30.644562909,0.022031084900000053,-0.08906754042277854
/epuck2/cmd_vel,30.650220684,0.02146282880000001,-0.10611522342277979
/epuck2/cmd_vel,30.65856498,0.020692051799998976,-0.12923853342281078
/epuck2/cmd_vel,30.66889191,0.01963943049999983,-0.16081717242278515
/epuck2/cmd_vel,30.677938593,0.018742707499998797,-0.1877188624228161
/epuck2/cmd_vel,30.686091502,0.017886820500000053,-0.21339547242277845
/epuck2/cmd_vel,30.695539849,0.016945593699999505,-0.24163227642279494
/epuck2/cmd_vel,30.700371709,0.01645566159999987,-0.256330239422784
/epuck2/cmd_vel,30.711657576,0.015335090199999965,-0.2899473814227811
/epuck2/cmd_vel,30.718529937,0.014735522599998772,-0.3079344094228169
/epuck2/cmd_vel,30.726442787,0.013863395199999216,-0.3340982314228036
/epuck2/cmd_vel,30.733523425,0.0132093894999997,-0.35371840242278907
/epuck2/cmd_vel,30.741098373,0.012466426199999601,-0.37600730142279204
/epuck2/cmd_vel,30.74644733,0.011819916199999623,-0.3954026014227914
/epuck2/cmd_vel,30.758622274,0.010604240600000023,-0.43187286942277936
/epuck2/cmd_vel,30.765825741,0.009972741800000049,-0.4508178334227786
/epuck2/cmd_vel,30.777620509,0.008749580699999624,-0.48751266642279134
/epuck2/cmd_vel,30.783780588,0.008085710799998933,-0.5074287634228121
/epuck2/cmd_vel,30.798276069,0.006801575499999044,-0.5459528224228087
/epuck2/cmd_vel,30.803433638,0.006120755699998879,-0.5663774164228137
/epuck2/cmd_vel,30.813703502,0.006,-0.5953305004227936
/epuck2/cmd_vel,30.823512537,0.006,-0.6249560884227812
/epuck2/cmd_vel,30.831832847,0.006,-0.6495530344228122
/epuck2/cmd_vel,30.841094304,0.006,-0.65
/epuck2/cmd_vel,30.849371739,0.006,-0.65
/epuck2/cmd_vel,30.856709926,0.006,-0.65
/epuck2/cmd_vel,30.871886607,0.006,-0.65
/epuck2/cmd_vel,30.874471088,0.006,-0.65
/epuck2/cmd_vel,30.885955638,0.006,-0.65
/epuck2/cmd_vel,30.891307792,0.006,-0.65
/epuck2/cmd_vel,30.90085688,0.006,-0.65
/epuck2/cmd_vel,30.908940529,0.006,-0.65
/epuck2/cmd_vel,30.918680405,0.006,-0.65
/epuck2/cmd_vel,30.928820146,0.006,-0.65
/epuck2/cmd_vel,30.940703462,0.006647754299999548,-0.5981796560000362
/epuck2/cmd_vel,30.949620621,0.007105435350000051,-0.561565171999996
/epuck2/cmd_vel,30.96015463,0.007573805049999777,-0.5240955960000179
/epuck2/cmd_vel,30.967140924,0.007895346099999529,-0.49837231200003773
/epuck2/cmd_vel,30.97830986,0.008541881099999444,-0.44664951200004455
/epuck2/cmd_vel,30.987608095,0.009004409249999895,-0.4096472600000084
/epuck2/cmd_vel,30.999647019,0.009551492749999597,-0.3658805800000323
/epuck2/cmd_vel,31.005875559,0.0098604311499995,-0.3411655080000401
/epuck2/cmd_vel,31.017522114,0.010460538499999701,-0.293156920000024
/epuck2/cmd_vel,31.02292194,0.010758633299999817,-0.26930933600001483
/epuck2/cmd_vel,31.03328375,0.011212891299999713,-0.23296869600002312
/epuck2/cmd_vel,31.040156511,0.011635822749999877,-0.19913418000001004
/epuck2/cmd_vel,31.049101754,0.012,-0.1636778199999981
/epuck2/cmd_vel,31.057878995,0.012,-0.13506863200003638
/epuck2/cmd_vel,31.067462763,0.012,-0.09081584000002751
/epuck2/cmd_vel,31.073966241,0.012,-0.0652952400000345
/epuck2/cmd_vel,31.087368964,0.012,-0.01284686400000512
/epuck2/cmd_vel,31.092620477,0.012,0.010128831999998034
/epuck2/cmd_vel,31.105127527,0.012,0.046847650000023555
/epuck2/cmd_vel,31.112090534,0.012,0.06698741500000549
/epuck2/cmd_vel,31.120669192,0.012,0.09288769299997168
/epuck2/cmd_vel,31.130548186,0.012,0.1232472489999793
/epuck2/cmd_vel,31.140935182,0.012,0.1521475659999737
/epuck2/cmd_vel,31.150417109,0.012,0.18384253599999167
/epuck2/cmd_vel,31.15992742,0.012,0.21133457799996902
/epuck2/cmd_vel,31.168544255,0.012,0.23826654999996888
/epuck2/cmd_vel,31.17876175,0.012,0.26806333899995705
/epuck2/cmd_vel,31.18419086,0.012,0.28386615099998946
/epuck2/cmd_vel,31.196970149,0.012,0.32167662999999036
/epuck2/cmd_vel,31.202499,0.012,0.3383162500000253
/epuck2/cmd_vel,31.215095996,0.012,0.35
/epuck2/cmd_vel,31.22100982,0.012,0.35
/epuck2/cmd_vel,31.233647793,0.012,0.35
/epuck2/cmd_vel,31.242962518,0.012,0.35
/epuck2/cmd_vel,31.255593895,0.012,0.35
/epuck2/cmd_vel,31.264144869,0.012,0.35
/epuck2/cmd_vel,31.272187442,0.012,0.35
/epuck2/cmd_vel,31.281028246,0.012,0.35
/epuck2/cmd_vel,31.290338675,0.012,0.35
/epuck2/cmd_vel,31.29482114,0.012,0.35
/epuck2/cmd_vel,31.307767132,0.012,0.35
/epuck2/cmd_vel,31.312480861,0.012,0.35
/epuck2/cmd_vel,31.32536369,0.012,0.35
/epuck2/cmd_vel,31.330088613,0.012,0.35
/epuck2/cmd_vel,31.34137438,0.012,0.35
/epuck2/cmd_vel,31.348202967,0.012,0.35
/epuck2/cmd_vel,31.357113929,0.012,0.35
/epuck2/cmd_vel,31.362254708,0.012,0.35
/epuck2/cmd_vel,31.377662353,0.012,0.35
/epuck2/cmd_vel,31.381901062,0.012,0.35
/epuck2/cmd_vel,31.393912502,0.012,0.35
/epuck2/cmd_vel,31.400695916,0.012,0.35
/epuck2/cmd_vel,31.413403239,0.012,0.35
/epuck2/cmd_vel,31.420285464,0.012,0.35
/epuck2/cmd_vel,31.427102426,0.012,0.35
/epuck2/cmd_vel,31.435795378,0.012,0.35
/epuck2/cmd_vel,31.446592883,0.012,0.3074931759999572
/epuck2/cmd_vel,31.457328226,0.012,0.2659945520000292
/epuck2/cmd_vel,31.467291725,0.012,0.2226122440000381
/epuck2/cmd_vel,31.471908191,0.012,0.20418356000002402
/epuck2/cmd_vel,31.48722452,0.012,0.14524486399998293
/epuck2/cmd_vel,31.491629211,0.012,0.1252187239999557
/epuck2/cmd_vel,31.505961423,0.012,0.07542064189436654
/epuck2/cmd_vel,31.511486351,0.012,0.07542064189436654
/epuck2/cmd_vel,31.52325698,0.012,0.07542064189436654
/epuck2/cmd_vel,31.528280705,0.012,0.07542064189436654
/epuck2/cmd_vel,31.536256282,0.012,0.07542064189436654
/epuck2/cmd_vel,31.547501622,0.012,0.0318420498944631
/epuck2/cmd_vel,31.55483238,0.012,0.0008695938943771853
/epuck2/cmd_vel,31.559955546,0.012,-0.0177425861056138
/epuck2/cmd_vel,31.570862986,0.012,-0.051114022105595514
/epuck2/cmd_vel,31.578344855,0.012,-0.07237622810558425
/epuck2/cmd_vel,31.592294494,0.012,-0.11537136710555435
/epuck2/cmd_vel,31.596442437,0.012,-0.11913392544266958
/epuck2/cmd_vel,31.605868355,0.012,-0.11913392544266958
/epuck2/cmd_vel,31.61509589,0.012,-0.11913392544266958
/epuck2/cmd_vel,31.624655828,0.012,-0.11913392544266958
/epuck2/cmd_vel,31.635126827,0.012,-0.11913392544266958
/epuck2/cmd_vel,31.644632697,0.012,-0.07886297344265518
/epuck2/cmd_vel,31.654197733,0.012,-0.05560591221329947
/epuck2/cmd_vel,31.669261412,0.012,-0.05560591221329947
/epuck2/cmd_vel,31.670933321,0.012,-0.05560591221329947
/epuck2/cmd_vel,31.683327581,0.012,-0.05560591221329947
/epuck2/cmd_vel,31.688837618,0.012,-0.05560591221329947
/epuck2/cmd_vel,31.701688507,0.012,-0.05560591221329947
/epuck2/cmd_vel,31.707335063,0.012,-0.05560591221329947
/epuck2/cmd_vel,31.720029345,0.012,-0.05560591221329947
/epuck2/cmd_vel,31.72765243,0.012,-0.05560591221329947
/epuck2/cmd_vel,31.742610272,0.012,-0.05560591221329947
/epuck2/cmd_vel,31.746987879,0.012,-0.034833816213212465
/epuck2/cmd_vel,31.758049128,0.012,0.00395157336714487
/epuck2/cmd_vel,31.766380294,0.012,0.003951573367144867
/epuck2/cmd_vel,31.77521806,0.012,0.003951573367144867
/epuck2/cmd_vel,31.786526663,0.012,0.003951573367144867
/epuck2/cmd_vel,31.797242381,0.012,0.003951573367144867
/epuck2/cmd_vel,31.802365731,0.012,0.003951573367144867
/epuck2/cmd_vel,31.81450969,0.012,0.003951573367144867
/epuck2/cmd_vel,31.821967065,0.012,0.003951573367144867
/epuck2/cmd_vel,31.833545203,0.012,0.003951573367144867
/epuck2/cmd_vel,31.839401305,0.012,0.003951573367144867
/epuck2/cmd_vel,31.852811373,0.012,0.007922101016070649
/epuck2/cmd_vel,31.858194438,0.012,0.007922101016070649
/epuck2/cmd_vel,31.867290659,0.012,0.007922101016070649
/epuck2/cmd_vel,31.877545276,0.012,0.007922101016070649
/epuck2/cmd_vel,31.885171284,0.012,0.007922101016070649
/epuck2/cmd_vel,31.89559223,0.012,0.007922101016070649
/epuck2/cmd_vel,31.905355974,0.012,0.007922101016070649
/epuck2/cmd_vel,31.910930017,0.012,0.007922101016070649
/epuck2/cmd_vel,31.923754324,0.012,0.007922101016070649
/epuck2/cmd_vel,31.929955109,0.012,0.007922101016070649
/epuck2/cmd_vel,31.941971115,0.012,0.007922101016070649
/epuck2/cmd_vel,31.950738686,0.012,-1.895428178091442e-05
/epuck2/cmd_vel,31.961674351,0.012,-1.8954281780914074e-05
/epuck2/cmd_vel,31.968503381,0.012,-1.8954281780914074e-05
/epuck2/cmd_vel,31.980452654,0.012,-1.8954281780914074e-05
/epuck2/cmd_vel,31.986155753,0.012,-1.8954281780914074e-05
/epuck2/cmd_vel,31.994428543,0.012,-1.8954281780914074e-05
/epuck2/cmd_vel,32.004257817,0.012,-1.8954281780914074e-05
/epuck2/cmd_vel,32.014372857,0.012,-1.8954281780914074e-05
/epuck2/cmd_vel,32.020369137,0.012,-1.8954281780914074e-05
/epuck2/cmd_vel,32.031828139,0.012,-1.8954281780914074e-05
/epuck2/cmd_vel,32.039683001,0.012,-1.8954281780914074e-05
/epuck2/cmd_vel,32.053727225,0.012,-1.8954281780914074e-05
/epuck2/cmd_vel,32.062209931,0.012,-1.8954281780914074e-05
/epuck2/cmd_vel,32.074381946,0.012,-1.8954281780914074e-05
/epuck2/cmd_vel,32.080475418,0.012,-1.8954281780914074e-05
/epuck2/cmd_vel,32.093023679,0.012,-1.8954281780914074e-05
/epuck2/cmd_vel,32.098405541,0.012,-1.8954281780914074e-05
/epuck2/cmd_vel,32.108534509,0.012,-1.8954281780914074e-05
/epuck2/cmd_vel,32.119317472,0.012,-1.8954281780914074e-05
/epuck2/cmd_vel,32.129511769,0.012,-1.8954281780914074e-05
/epuck2/cmd_vel,32.139630816,0.012,-1.8954281780914074e-05
/epuck2/cmd_vel,32.150284724,0.012,-1.8954281780914074e-05
/epuck2/cmd_vel,32.157569155,0.012,-1.8954281780914074e-05
/epuck2/cmd_vel,32.171040445,0.012,-1.8954281780914074e-05
/epuck2/cmd_vel,32.179387682,0.012,-1.8954281780914074e-05
/epuck2/cmd_vel,32.195212935,0.012,-1.8954281780914074e-05
/epuck2/cmd_vel,32.199530489,0.012,-1.8954281780914074e-05
/epuck2/cmd_vel,32.211896388,0.012,-1.8954281780914074e-05
/epuck2/cmd_vel,32.218844353,0.012,-1.8954281780914074e-05
/epuck2/cmd_vel,32.231248027,0.012,-1.8954281780914074e-05
/epuck2/cmd_vel,32.240719793,0.012,-1.8954281780914074e-05
/epuck2/cmd_vel,32.248671847,0.012,-1.8954281780914074e-05
/epuck2/cmd_vel,32.255788847,0.012,-1.8954281780914074e-05
/epuck2/cmd_vel,32.264529464,0.012,-1.8954281780914074e-05
/epuck2/cmd_vel,32.274734983,0.012,-1.8954281780914074e-05
/epuck2/cmd_vel,32.283812868,0.012,-1.8954281780914074e-05
/epuck2/cmd_vel,32.288530314,0.012,-1.8954281780914074e-05
/epuck2/cmd_vel,32.300208451,0.012,-1.8954281780914074e-05
/epuck2/cmd_vel,32.306657227,0.012,-1.8954281780914074e-05
/epuck2/cmd_vel,32.319077434,0.012,-1.8954281780914074e-05
/epuck2/cmd_vel,32.326780395,0.012,-1.8954281780914074e-05
/epuck2/cmd_vel,32.34287929,0.012,-1.8954281780914074e-05
/epuck2/cmd_vel,32.349507221,0.012,-1.8954281780914074e-05
/epuck2/cmd_vel,32.361908891,0.012,-1.8954281780914074e-05
/epuck2/cmd_vel,32.368573595,0.012,-1.8954281780914074e-05
/epuck2/cmd_vel,32.380262653,0.012,-1.8954281780914074e-05
/epuck2/cmd_vel,32.38570714,0.012,-1.8954281780914074e-05
/epuck2/cmd_vel,32.395309363,0.012,-1.8954281780914074e-05
/epuck2/cmd_vel,32.40387333,0.012,-1.8954281780914074e-05
/epuck2/cmd_vel,32.411543627,0.012,-1.8954281780914074e-05
/epuck2/cmd_vel,32.418015422,0.012,-1.8954281780914074e-05
/epuck2/cmd_vel,32.43358861,0.012,-1.8954281780914074e-05
/epuck2/cmd_vel,32.439186777,0.012,-1.8954281780914074e-05
/epuck2/cmd_vel,32.452326053,0.012,-1.8954281780914074e-05
/epuck2/cmd_vel,32.457624428,0.012,-1.8954281780914074e-05
/epuck2/cmd_vel,32.469848996,0.012,-1.8954281780914074e-05
/epuck2/cmd_vel,32.477309946,0.012,-1.8954281780914074e-05
/epuck2/cmd_vel,32.485863255,0.012,-1.8954281780914074e-05
/epuck2/cmd_vel,32.49452518,0.012,-1.8954281780914074e-05
/epuck2/cmd_vel,32.503993999,0.012,-1.8954281780914074e-05
/epuck2/cmd_vel,32.5134028,0.012,-1.8954281780914074e-05
/epuck2/cmd_vel,32.520808842,0.012,-1.8954281780914074e-05
/epuck2/cmd_vel,32.527019119,0.012,-1.8954281780914074e-05
/epuck2/cmd_vel,32.538848306,0.012,-1.8954281780914074e-05
/epuck2/cmd_vel,32.545352765,0.012,-1.8954281780914074e-05
/epuck2/cmd_vel,32.557802277,0.012,-1.8954281780914074e-05
/epuck2/cmd_vel,32.569484873,0.012,0.003951573367144867
/epuck2/cmd_vel,32.576768272,0.012,0.003951573367144867
/epuck2/cmd_vel,32.581386703,0.012,0.003951573367144867
/epuck2/cmd_vel,32.589612966,0.012,0.003951573367144867
/epuck2/cmd_vel,32.598516368,0.012,0.003951573367144867
/epuck2/cmd_vel,32.606751949,0.012,0.003951573367144867
/epuck2/cmd_vel,32.612517047,0.012,0.003951573367144867
/epuck2/cmd_vel,32.625530975,0.012,0.003951573367144867
/epuck2/cmd_vel,32.63173504,0.012,0.003951573367144867
/epuck2/cmd_vel,32.643656108,0.012,0.003951573367144867
/epuck2/cmd_vel,32.646939098,0.012,0.003951573367144867
/epuck2/cmd_vel,32.657731334,0.012,0.003951573367144867
/epuck2/cmd_vel,32.667773487,0.012,-1.895428178091442e-05
/epuck2/cmd_vel,32.674730341,0.012,-1.8954281780914074e-05
/epuck2/cmd_vel,32.686903707,0.012,-1.8954281780914074e-05
/epuck2/cmd_vel,32.693679603,0.012,-1.8954281780914074e-05
/epuck2/cmd_vel,32.698970964,0.012,-1.8954281780914074e-05
/epuck2/cmd_vel,32.711194129,0.012,-1.8954281780914074e-05
/epuck2/cmd_vel,32.717919425,0.012,-1.8954281780914074e-05
/epuck2/cmd_vel,32.731588548,0.012,-1.8954281780914074e-05
/epuck2/cmd_vel,32.738447609,0.012,-1.8954281780914074e-05
/epuck2/cmd_vel,32.75008221,0.012,-1.8954281780914074e-05
/epuck2/cmd_vel,32.758170801,0.012,-1.8954281780914074e-05
/epuck2/cmd_vel,32.771869182,0.012,-0.003989481930706695
/epuck2/cmd_vel,32.778411015,0.012,-0.003989481930706695
/epuck2/cmd_vel,32.787596976,0.012,-0.003989481930706695
/epuck2/cmd_vel,32.797009985,0.012,-0.003989481930706695
/epuck2/cmd_vel,32.807079993,0.012,-0.003989481930706695
/epuck2/cmd_vel,32.816918544,0.012,-0.003989481930706695
/epuck2/cmd_vel,32.825681468,0.012,-0.003989481930706695
/epuck2/cmd_vel,32.832783007,0.012,-0.003989481930706695
/epuck2/cmd_vel,32.847528459,0.012,-0.003989481930706695
/epuck2/cmd_vel,32.852202499,0.012,-0.003989481930706695
/epuck2/cmd_vel,32.863156856,0.012,-0.003989481930706695
/epuck2/cmd_vel,32.869079364,0.012,-1.895428178091442e-05
/epuck2/cmd_vel,32.883754377,0.012,-1.8954281780914074e-05
/epuck2/cmd_vel,32.890891286,0.012,-1.8954281780914074e-05
/epuck2/cmd_vel,32.899673749,0.012,-1.8954281780914074e-05
/epuck2/cmd_vel,32.908187781,0.012,-1.8954281780914074e-05
/epuck2/cmd_vel,32.916243507,0.012,-1.8954281780914074e-05
/epuck2/cmd_vel,32.92337741,0.012,-1.8954281780914074e-05
/epuck2/cmd_vel,32.935619412,0.012,-1.8954281780914074e-05
/epuck2/cmd_vel,32.941768569,0.012,-1.8954281780914074e-05
/epuck2/cmd_vel,32.954877686,0.012,-1.8954281780914074e-05
/epuck2/cmd_vel,32.961574024,0.012,-1.8954281780914074e-05
/epuck2/cmd_vel,32.973751499,0.012,0.003951573367144867
/epuck2/cmd_vel,32.981728569,0.012,0.003951573367144867
/epuck2/cmd_vel,32.996020023,0.012,0.003951573367144867
/epuck2/cmd_vel,33.001325111,0.012,0.003951573367144867
/epuck2/cmd_vel,33.009978719,0.012,0.003951573367144867
/epuck2/cmd_vel,33.019162876,0.012,0.003951573367144867
/epuck2/cmd_vel,33.029944591,0.012,0.003951573367144867
/epuck2/cmd_vel,33.038863824,0.012,0.003951573367144867
/epuck2/cmd_vel,33.047562321,0.012,0.003951573367144867
/epuck2/cmd_vel,33.058864565,0.012,0.003951573367144867
/epuck2/cmd_vel,33.067200144,0.012,0.003951573367144867
/epuck2/cmd_vel,33.073931552,0.012,-0.0039894819307066945
/epuck2/cmd_vel,33.085638697,0.012,-0.003989481930706695
/epuck2/cmd_vel,33.093600738,0.012,-0.003989481930706695
/epuck2/cmd_vel,33.103357426,0.012,-0.003989481930706695
/epuck2/cmd_vel,33.109807879,0.012,-0.003989481930706695
/epuck2/cmd_vel,33.117222738,0.012,-0.003989481930706695
/epuck2/cmd_vel,33.125374454,0.012,-0.003989481930706695
/epuck2/cmd_vel,33.13524627,0.012,-0.003989481930706695
/epuck2/cmd_vel,33.144345058,0.012,-0.003989481930706695
/epuck2/cmd_vel,33.153106579,0.012,-0.003989481930706695
/epuck2/cmd_vel,33.159307538,0.012,-0.003989481930706695
/epuck2/cmd_vel,33.170319609,0.012,-0.003989481930706695
/epuck2/cmd_vel,33.176175085,0.012,-1.895428178091442e-05
/epuck2/cmd_vel,33.188087736,0.012,-1.8954281780914074e-05
/epuck2/cmd_vel,33.193735602,0.012,-1.8954281780914074e-05
/epuck2/cmd_vel,33.20619824,0.012,-1.8954281780914074e-05
/epuck2/cmd_vel,33.211811738,0.012,-1.8954281780914074e-05
/epuck2/cmd_vel,33.221455604,0.012,-1.8954281780914074e-05
/epuck2/cmd_vel,33.230592066,0.012,-1.8954281780914074e-05
/epuck2/cmd_vel,33.243311212,0.012,-1.8954281780914074e-05
/epuck2/cmd_vel,33.252334751,0.012,-1.8954281780914074e-05
/epuck2/cmd_vel,33.264141893,0.012,-1.8954281780914074e-05
/epuck2/cmd_vel,33.274546663,0.012,-1.8954281780914074e-05
/epuck2/cmd_vel,33.286784257,0.012,-1.8954281780914074e-05
/epuck2/cmd_vel,33.295757497,0.012,-1.8954281780914074e-05
/epuck2/cmd_vel,33.30748418,0.012,-1.8954281780914074e-05
/epuck2/cmd_vel,33.312492982,0.012,-1.8954281780914074e-05
/epuck2/cmd_vel,33.326217415,0.012,-1.8954281780914074e-05
/epuck2/cmd_vel,33.332463564,0.012,-1.8954281780914074e-05
/epuck2/cmd_vel,33.346242003,0.012,-1.8954281780914074e-05
/epuck2/cmd_vel,33.354103546,0.012,-1.8954281780914074e-05
/epuck2/cmd_vel,33.365239361,0.012,-1.8954281780914074e-05
/epuck2/cmd_vel,33.373702292,0.012,-1.8954281780914074e-05
/epuck2/cmd_vel,33.38356008,0.012,-1.8954281780914074e-05
/epuck2/cmd_vel,33.392560173,0.012,-1.8954281780914074e-05
/epuck2/cmd_vel,33.400512695,0.012,-1.8954281780914074e-05
/epuck2/cmd_vel,33.411341003,0.012,-1.8954281780914074e-05
/epuck2/cmd_vel,33.420607888,0.012,-1.8954281780914074e-05
/epuck2/cmd_vel,33.426413543,0.012,-1.8954281780914074e-05
/epuck2/cmd_vel,33.440789306,0.012,-1.8954281780914074e-05
/epuck2/cmd_vel,33.448123878,0.012,-1.8954281780914074e-05
/epuck2/cmd_vel,33.462165783,0.012,-1.8954281780914074e-05
/epuck2/cmd_vel,33.467911519,0.012,-1.8954281780914074e-05
/epuck2/cmd_vel,33.480104677,0.012,0.003951573367144867
/epuck2/cmd_vel,33.487056693,0.012,0.003951573367144867
/epuck2/cmd_vel,33.499498942,0.012,0.003951573367144867
/epuck2/cmd_vel,33.506112992,0.012,0.003951573367144867
/epuck2/cmd_vel,33.517511381,0.012,0.003951573367144867
/epuck2/cmd_vel,33.525837809,0.012,0.003951573367144867
/epuck2/cmd_vel,33.53401845,0.012,0.003951573367144867
/epuck2/cmd_vel,33.541587584,0.012,0.003951573367144867
/epuck2/cmd_vel,33.549506408,0.012,0.003951573367144867
/epuck2/cmd_vel,33.555559451,0.012,0.003951573367144867
/epuck2/cmd_vel,33.568233658,0.012,0.003951573367144867
/epuck2/cmd_vel,33.576808676,0.012,0.003951573367144867
/epuck2/cmd_vel,33.589195917,0.012,-1.895428178091442e-05
/epuck2/cmd_vel,33.595982306,0.012,-1.8954281780914074e-05
/epuck2/cmd_vel,33.607285007,0.012,-1.8954281780914074e-05
/epuck2/cmd_vel,33.613235848,0.012,-1.8954281780914074e-05
/epuck2/cmd_vel,33.624871706,0.012,-1.8954281780914074e-05
/epuck2/cmd_vel,33.630657021,0.012,-1.8954281780914074e-05
/epuck2/cmd_vel,33.641431679,0.012,-1.8954281780914074e-05
/epuck2/cmd_vel,33.649344191,0.012,-1.8954281780914074e-05
/epuck2/cmd_vel,33.662071402,0.012,-1.8954281780914074e-05
/epuck2/cmd_vel,33.668668919,0.012,-1.8954281780914074e-05
/epuck2/cmd_vel,33.678974653,0.012,-0.003989481930706695
/epuck2/cmd_vel,33.685470369,0.012,-0.003989481930706695
/epuck2/cmd_vel,33.697524051,0.012,-0.003989481930706695
/epuck2/cmd_vel,33.706102477,0.012,-0.003989481930706695
/epuck2/cmd_vel,33.715241007,0.012,-0.003989481930706695
/epuck2/cmd_vel,33.721324209,0.012,-0.003989481930706695
/epuck2/cmd_vel,33.734734168,0.012,-0.003989481930706695
/epuck2/cmd_vel,33.739344364,0.012,-0.003989481930706695
/epuck2/cmd_vel,33.748460149,0.012,-0.003989481930706695
/epuck2/cmd_vel,33.757780439,0.012,-0.003989481930706695
/epuck2/cmd_vel,33.766090234,0.012,-0.003989481930706695
/epuck2/cmd_vel,33.771910918,0.012,-0.003989481930706695
/epuck2/cmd_vel,33.78315861,0.012,-1.895428178091442e-05
/epuck2/cmd_vel,33.788975187,0.012,-1.8954281780914074e-05
/epuck2/cmd_vel,33.80151613,0.012,-1.8954281780914074e-05
/epuck2/cmd_vel,33.807724981,0.012,-1.8954281780914074e-05
/epuck2/cmd_vel,33.820992658,0.012,-1.8954281780914074e-05
/epuck2/cmd_vel,33.827123955,0.012,-1.8954281780914074e-05
/epuck2/cmd_vel,33.834858416,0.012,-1.8954281780914074e-05
/epuck2/cmd_vel,33.844708751,0.012,-1.8954281780914074e-05
/epuck2/cmd_vel,33.854464399,0.012,-1.8954281780914074e-05
/epuck2/cmd_vel,33.86287349,0.012,-1.8954281780914074e-05
/epuck2/cmd_vel,33.872193178,0.012,-1.8954281780914074e-05
/epuck2/cmd_vel,33.879521337,0.012,-1.8954281780914074e-05
/epuck2/cmd_vel,33.890102013,0.012,0.003951573367144867
/epuck2/cmd_vel,33.894832546,0.012,0.003951573367144867
/epuck2/cmd_vel,33.90853428,0.012,0.003951573367144867
/epuck2/cmd_vel,33.914922584,0.012,0.003951573367144867
/epuck2/cmd_vel,33.924039272,0.012,0.003951573367144867
/epuck2/cmd_vel,33.931947976,0.012,0.003951573367144867
/epuck2/cmd_vel,33.942686664,0.012,0.003951573367144867
/epuck2/cmd_vel,33.951546043,0.012,0.003951573367144867
/epuck2/cmd_vel,33.960989476,0.012,0.003951573367144867
/epuck2/cmd_vel,33.965713095,0.012,0.003951573367144867
/epuck2/cmd_vel,33.97655148,0.012,0.003951573367144867
/epuck2/cmd_vel,33.982849907,0.012,-1.895428178091442e-05
/epuck2/cmd_vel,33.996442125,0.012,-1.8954281780914074e-05
/epuck2/cmd_vel,34.001707513,0.012,-1.8954281780914074e-05
/epuck2/cmd_vel,34.012790781,0.012,-1.8954281780914074e-05
/epuck2/cmd_vel,34.019483887,0.012,-1.8954281780914074e-05
/epuck2/cmd_vel,34.02910537,0.012,-1.8954281780914074e-05
/epuck2/cmd_vel,34.040386528,0.012,-1.8954281780914074e-05
/epuck2/cmd_vel,34.045806522,0.012,-1.8954281780914074e-05
/epuck2/cmd_vel,34.055280815,0.012,-1.8954281780914074e-05
/epuck2/cmd_vel,34.066578105,0.012,-1.8954281780914074e-05
/epuck2/cmd_vel,34.075495499,0.012,-1.8954281780914074e-05
/epuck2/cmd_vel,34.084486238,0.012,-0.003989481930706695
/epuck2/cmd_vel,34.091398576,0.012,-0.003989481930706695
/epuck2/cmd_vel,34.100830887,0.012,-0.003989481930706695
/epuck2/cmd_vel,34.107636214,0.012,-0.003989481930706695
/epuck2/cmd_vel,34.120320841,0.012,-0.003989481930706695
/epuck2/cmd_vel,34.127268549,0.012,-0.003989481930706695
/epuck2/cmd_vel,34.135499288,0.012,-0.003989481930706695
/epuck2/cmd_vel,34.14542377,0.012,-0.003989481930706695
/epuck2/cmd_vel,34.1547144,0.012,-0.003989481930706695
/epuck2/cmd_vel,34.160803013,0.012,-0.003989481930706695
/epuck2/cmd_vel,34.173505476,0.012,-0.003989481930706695
/epuck2/cmd_vel,34.180135958,0.012,-0.003989481930706695
/epuck2/cmd_vel,34.192224008,0.012,-1.895428178091442e-05
/epuck2/cmd_vel,34.199513791,0.012,-1.8954281780914074e-05
/epuck2/cmd_vel,34.211833598,0.012,-1.8954281780914074e-05
/epuck2/cmd_vel,34.219206244,0.012,-1.8954281780914074e-05
/epuck2/cmd_vel,34.226582298,0.012,-1.8954281780914074e-05
/epuck2/cmd_vel,34.238422859,0.012,-1.8954281780914074e-05
/epuck2/cmd_vel,34.246819927,0.012,-1.8954281780914074e-05
/epuck2/cmd_vel,34.251660077,0.012,-1.8954281780914074e-05
/epuck2/cmd_vel,34.264492696,0.012,-1.8954281780914074e-05
/epuck2/cmd_vel,34.269132751,0.012,-1.8954281780914074e-05
/epuck2/cmd_vel,34.283245195,0.012,-1.8954281780914074e-05
/epuck2/cmd_vel,34.287298893,0.012,0.003951573367144867
/epuck2/cmd_vel,34.300749231,0.012,0.003951573367144867
/epuck2/cmd_vel,34.305640482,0.012,0.003951573367144867
/epuck2/cmd_vel,34.313734952,0.012,0.003951573367144867
/epuck2/cmd_vel,34.324552996,0.012,0.003951573367144867
/epuck2/cmd_vel,34.334184099,0.012,0.003951573367144867
/epuck2/cmd_vel,34.342470165,0.012,0.003951573367144867
/epuck2/cmd_vel,34.352433307,0.012,0.003951573367144867
/epuck2/cmd_vel,34.35662048,0.012,0.003951573367144867
/epuck2/cmd_vel,34.368153024,0.012,0.003951573367144867
/epuck2/cmd_vel,34.374679956,0.012,0.003951573367144867
/epuck2/cmd_vel,34.382456591,0.012,0.003951573367144867
/epuck2/cmd_vel,34.391308885,0.012,-0.0039894819307066945
/epuck2/cmd_vel,34.402542624,0.012,-0.003989481930706695
/epuck2/cmd_vel,34.411996036,0.012,-0.003989481930706695
/epuck2/cmd_vel,34.42018494,0.012,-0.003989481930706695
/epuck2/cmd_vel,34.42985308,0.012,-0.003989481930706695
/epuck2/cmd_vel,34.438931371,0.012,-0.003989481930706695
/epuck2/cmd_vel,34.444327263,0.012,-0.003989481930706695
/epuck2/cmd_vel,34.456509936,0.012,-0.003989481930706695
/epuck2/cmd_vel,34.462925179,0.012,-0.003989481930706695
/epuck2/cmd_vel,34.475159196,0.012,-0.003989481930706695
/epuck2/cmd_vel,34.483341682,0.012,-0.003989481930706695
/epuck2/cmd_vel,34.498544903,0.012,-1.895428178091442e-05
/epuck2/cmd_vel,34.505242837,0.012,0.02695127771815873
/epuck2/cmd_vel,34.519256632,0.012,0.06897040271818308
/epuck2/cmd_vel,34.526111604,0.012,0.08337859871818817
/epuck2/cmd_vel,34.536008485,0.012,0.11919226571817329
/epuck2/cmd_vel,34.54534951,0.012,0.14490187271821195
/epuck2/cmd_vel,34.554793424,0.012,0.17494269371818358
/epuck2/cmd_vel,34.56477815,0.012,0.20398592471812957
/epuck2/cmd_vel,34.574625392,0.012,0.23403336371820113
/epuck2/cmd_vel,34.582157257,0.012,0.25212055271820033
/epuck2/cmd_vel,34.594751181,0.012,0.29180243771813663
/epuck2/cmd_vel,34.599857764,0.012,0.3
/epuck2/cmd_vel,34.612489694,0.012,0.3
/epuck2/cmd_vel,34.617058071,0.012,0.3
/epuck2/cmd_vel,34.63107317,0.012,0.3
/epuck2/cmd_vel,34.637645552,0.012,0.3
/epuck2/cmd_vel,34.647234671,0.012,0.3
/epuck2/cmd_vel,34.657950944,0.012,0.3
/epuck2/cmd_vel,34.664845226,0.012,0.3
/epuck2/cmd_vel,34.673339684,0.012,0.3
/epuck2/cmd_vel,34.68441115,0.012,0.3
/epuck2/cmd_vel,34.690204353,0.012,0.3
/epuck2/cmd_vel,34.702631309,0.012,0.2832285785643435
/epuck2/cmd_vel,34.708620661,0.012,0.2832285785643435
/epuck2/cmd_vel,34.723537782,0.012,0.2832285785643435
/epuck2/cmd_vel,34.72685837,0.012,0.2832285785643435
/epuck2/cmd_vel,34.7447106,0.012,0.2832285785643435
/epuck2/cmd_vel,34.75214038,0.012,0.2832285785643435
/epuck2/cmd_vel,34.769463932,0.012,0.2832285785643435
/epuck2/cmd_vel,34.781596065,0.012,0.2832285785643435
/epuck2/cmd_vel,34.810510635,0.012,0.1624387425642581
/epuck2/cmd_vel,34.81504221,0.012,0.14540189456428293
/epuck2/cmd_vel,34.827813529,0.012,0.12440890311878691
/epuck2/cmd_vel,34.833487198,0.012,0.12440890311878691
/epuck2/cmd_vel,34.844883472,0.012,0.12440890311878691
/epuck2/cmd_vel,34.849669358,0.012,0.12440890311878691
/epuck2/cmd_vel,34.858528235,0.012,0.12440890311878691
/epuck2/cmd_vel,34.867634905,0.012,0.12440890311878691
/epuck2/cmd_vel,34.880554039,0.012,0.12440890311878691
/epuck2/cmd_vel,34.890795784,0.012,0.12440890311878691
/epuck2/cmd_vel,34.899250731,0.012,0.12440890311878691
/epuck2/cmd_vel,34.905232762,0.012,0.12440890311878691
/epuck2/cmd_vel,34.917168144,0.012,0.07720487911884819
/epuck2/cmd_vel,34.922675046,0.012267417950000492,0.055811443118808785
/epuck2/cmd_vel,34.933389313,0.012865410449999615,0.024264248209544093
/epuck2/cmd_vel,34.937805264,0.013079328800000211,0.024264248209544093
/epuck2/cmd_vel,34.946563359,0.013532075049999547,0.024264248209544093
/epuck2/cmd_vel,34.957271709,0.014043946700000275,0.024264248209544093
/epuck2/cmd_vel,34.966708302,0.014520850550000373,0.024264248209544093
/epuck2/cmd_vel,34.977244872,0.015039852150000397,0.024264248209544093
/epuck2/cmd_vel,34.98656554,0.015459365450000005,0.024264248209544093
/epuck2/cmd_vel,34.992304692,0.015789559000000508,0.024264248209544093
/epuck2/cmd_vel,35.004356801,0.016389476900000487,0.024264248209544093
/epuck2/cmd_vel,35.011528258,0.016775712149999834,-0.002205761271067773
/epuck2/cmd_vel,35.024501242,0.017370009300000332,-0.0022057612710677747
/epuck2/cmd_vel,35.030909866,0.017742375799999877,-0.0022057612710677747
/epuck2/cmd_vel,35.039383667,0.018077417849999732,-0.0022057612710677747
/epuck2/cmd_vel,35.047314949,0.0185249194499998,-0.0022057612710677747
/epuck2/cmd_vel,35.05504517,0.018947110299999792,-0.0022057612710677747
/epuck2/cmd_vel,35.064886896,0.019442766549999647,-0.0022057612710677747
/epuck2/cmd_vel,35.074346453,0.019912339899999666,-0.0022057612710677747
/epuck2/cmd_vel,35.077210765,0.02005673374999998,-0.0022057612710677747
/epuck2/cmd_vel,35.090512468,0.020710662750000608,-0.0022057612710677747
/epuck2/cmd_vel,35.096796644,0.02102447545000058,-0.0022057612710677747
/epuck2/cmd_vel,35.10800419,0.021604397399999697,-0.0022057612710677747
/epuck2/cmd_vel,35.1148726,0.021911726949999887,-0.0022057612710677747
/epuck2/cmd_vel,35.122866057,0.022298869749999537,-0.0022057612710677747
/epuck2/cmd_vel,35.131504017,0.022736062550000723,-0.0022057612710677747
/epuck2/cmd_vel,35.139977817,0.023172809050000864,-0.0022057612710677747
/epuck2/cmd_vel,35.145501466,0.023447958649999632,-0.0022057612710677747
/epuck2/cmd_vel,35.158241197,0.024096497500000678,-0.0022057612710677747
/epuck2/cmd_vel,35.163971825,0.02440139024999962,-0.0022057612710677747
/epuck2/cmd_vel,35.177294888,0.025,-0.0022057612710677747
/epuck2/cmd_vel,35.183733396,0.025,-0.0022057612710677747
/epuck2/cmd_vel,35.191819612,0.025,-0.0022057612710677747
/epuck2/cmd_vel,35.202523048,0.025,-0.0022057612710677747
/epuck2/cmd_vel,35.209927357,0.025,-0.0022057612710677747
/epuck2/cmd_vel,35.219532522,0.025,-0.0022057612710677747
/epuck2/cmd_vel,35.227899524,0.025,-0.0022057612710677747
/epuck2/cmd_vel,35.233797419,0.025,-0.0022057612710677747
/epuck2/cmd_vel,35.245092611,0.025,-0.0022057612710677747
/epuck2/cmd_vel,35.252143832,0.025,-0.0022057612710677747
/epuck2/cmd_vel,35.264878449,0.025,-0.0022057612710677747
/epuck2/cmd_vel,35.269233229,0.025,-0.0022057612710677747
/epuck2/cmd_vel,35.281037946,0.025,-0.0022057612710677747
/epuck2/cmd_vel,35.287250521,0.025,-0.0022057612710677747
/epuck2/cmd_vel,35.296763528,0.025,-0.0022057612710677747
/epuck2/cmd_vel,35.305665426,0.025,-0.0022057612710677747
/epuck2/cmd_vel,35.316105425,0.025,-8.742278012618954e-08
/epuck2/cmd_vel,35.325192441,0.025,-8.742278012618954e-08
/epuck2/cmd_vel,35.33311179,0.025,-8.742278012618954e-08
/epuck2/cmd_vel,35.340360664,0.025,-8.742278012618954e-08
/epuck2/cmd_vel,35.353115137,0.025,-8.742278012618954e-08
/epuck2/cmd_vel,35.357919173,0.025,-8.742278012618954e-08
/epuck2/cmd_vel,35.368920342,0.025,-8.742278012618954e-08
/epuck2/cmd_vel,35.376540254,0.025,-8.742278012618954e-08
/epuck2/cmd_vel,35.388854696,0.025,-8.742278012618954e-08
/epuck2/cmd_vel,35.396652205,0.025,-8.742278012618954e-08
/epuck2/cmd_vel,35.400928064,0.025,-8.742278012618954e-08
/epuck2/cmd_vel,35.410960123,0.025,-8.742278012618954e-08
/epuck2/cmd_vel,35.422795237,0.0,0.0
/epuck2/cmd_vel,35.432340045,0.0,0.0
/epuck2/cmd_vel,35.439445313,0.0,0.0
/epuck2/cmd_vel,35.44587332,0.0,0.0
/epuck2/cmd_vel,35.45925059,0.0,0.0
/epuck2/cmd_vel,35.465018581,0.0,0.0
/epuck2/cmd_vel,35.479007541,0.0,0.0
/epuck2/cmd_vel,35.48593645,0.0,0.0
/epuck2/cmd_vel,35.497322444,0.0,0.0
/epuck2/cmd_vel,35.503102367,0.0,0.0
/epuck2/cmd_vel,35.514316313,0.0,0.0
/epuck2/cmd_vel,35.525175638,0.0,0.0
/epuck2/cmd_vel,35.533520628,0.0,0.0
/epuck2/cmd_vel,35.543514102,0.0,0.0
/epuck2/cmd_vel,35.553191555,0.0,0.0
/epuck2/cmd_vel,35.559802538,0.0,0.0
/epuck2/cmd_vel,35.57068362,0.0,0.0
/epuck2/cmd_vel,35.577805129,0.0,0.0
/epuck2/cmd_vel,35.589456513,0.0,0.0
/epuck2/cmd_vel,35.596878203,0.0,0.0
/epuck2/cmd_vel,35.608314728,0.0,0.0
/epuck2/cmd_vel,35.61498296,0.0,0.0
/epuck2/cmd_vel,35.623686482,0.0,0.0
/epuck2/cmd_vel,35.633264376,0.0,0.0
/epuck2/cmd_vel,35.643048205,0.0,0.0
/epuck2/cmd_vel,35.653199189,0.0,0.0
/epuck2/cmd_vel,35.663198078,0.0,0.0
/epuck2/cmd_vel,35.669003366,0.0,0.0
/epuck2/cmd_vel,35.680912921,0.0,0.0
/epuck2/cmd_vel,35.687521197,0.0,0.0
/epuck2/cmd_vel,35.699184311,0.0,0.0
/epuck2/cmd_vel,35.704464936,0.0,0.0
/epuck2/cmd_vel,35.713845016,0.0,0.0
/epuck2/cmd_vel,35.723442461,0.0,0.0
/epuck2/cmd_vel,35.732797877,0.0,0.0
/epuck2/cmd_vel,35.737068277,0.0,0.0
/epuck2/cmd_vel,35.749851803,0.0,0.0
/epuck2/cmd_vel,35.754059539,0.0,0.0
/epuck2/cmd_vel,35.770857299,0.0,0.0
/epuck2/cmd_vel,35.774149356,0.0,0.0
/epuck2/cmd_vel,35.787756222,0.0,0.0
/epuck2/cmd_vel,35.796268045,0.0,0.0
/epuck2/cmd_vel,35.80160632,0.0,0.0
/epuck2/cmd_vel,35.813936468,0.0,0.0
/epuck2/cmd_vel,35.822654828,0.0,0.0
/epuck2/cmd_vel,35.831360656,0.0,0.0
/epuck2/cmd_vel,35.839988681,0.0,0.0
/epuck2/cmd_vel,35.849893325,0.0,0.0
/epuck2/cmd_vel,35.860155999,0.0,0.0
/epuck2/cmd_vel,35.863067466,0.0,0.0
/epuck2/cmd_vel,35.876376057,0.0,0.0
/epuck2/cmd_vel,35.881753835,0.0,0.0
/epuck2/cmd_vel,35.894884664,0.0,0.0
/epuck2/cmd_vel,35.901468075,0.0,0.0
/epuck2/cmd_vel,35.91481677,0.0,0.0
/epuck2/cmd_vel,35.922262623,0.0,0.0
/epuck2/cmd_vel,35.937316149,0.0,0.0
/epuck2/cmd_vel,35.946995908,0.0,0.0
/epuck2/cmd_vel,35.966334371,0.0,0.0
/epuck2/cmd_vel,35.974406452,0.0,0.0
/epuck2/cmd_vel,35.999771078,0.0,0.0
/epuck2/cmd_vel,36.009904516,0.0,0.0
/epuck2/cmd_vel,36.023072041,0.0,0.0
/epuck2/cmd_vel,36.044439478,0.0,0.0
/epuck2/cmd_vel,36.059822159,0.0,0.0
/epuck2/cmd_vel,36.069726101,0.0,0.0
/epuck2/cmd_vel,36.102383582,0.0,0.0
/epuck2/cmd_vel,36.110048404,0.0,0.0
/epuck2/cmd_vel,36.122582983,0.0,0.0
/epuck2/cmd_vel,36.128856188,0.0,0.0
/epuck2/cmd_vel,36.137103424,0.0,0.0
/epuck2/cmd_vel,36.145532332,0.0,0.0
/epuck2/cmd_vel,36.154701765,0.0,0.0
/epuck2/cmd_vel,36.165353851,0.0,0.0
/epuck2/cmd_vel,36.175527694,0.0,0.0
/epuck2/cmd_vel,36.180268316,0.0,0.0
/epuck2/cmd_vel,36.193492888,0.0,0.0
/epuck2/cmd_vel,36.199882596,0.0,0.0
/epuck2/cmd_vel,36.21142259,0.0,0.0
/epuck2/cmd_vel,36.21650901,0.0,0.0
/epuck2/cmd_vel,36.228545996,0.0,0.0
/epuck2/cmd_vel,36.235571757,0.0,0.0
/epuck2/cmd_vel,36.244661483,0.0,0.0
/epuck2/cmd_vel,36.25314022,0.0,0.0
/epuck2/cmd_vel,36.261334418,0.0,0.0
/epuck2/cmd_vel,36.270654943,0.0,0.0
/epuck2/cmd_vel,36.280533519,0.0,0.0
/epuck2/cmd_vel,36.285450599,0.0,0.0
/epuck2/cmd_vel,36.298797991,0.0,0.0
/epuck2/cmd_vel,36.306145388,0.0,0.0
/epuck2/cmd_vel,36.320606274,0.0,0.0
/epuck2/cmd_vel,36.323625722,0.0,0.0
/epuck2/cmd_vel,36.335803173,0.0,0.0
/epuck2/cmd_vel,36.342188569,0.0,0.0
/epuck2/cmd_vel,36.353766562,0.0,0.0
/epuck2/cmd_vel,36.360912034,0.0,0.0
/epuck2/cmd_vel,36.369212207,0.0,0.0
/epuck2/cmd_vel,36.380823386,0.0,0.0
/epuck2/cmd_vel,36.390846638,0.0,0.0
/epuck2/cmd_vel,36.400845427,0.0,0.0
/epuck2/cmd_vel,36.410856647,0.0,0.0
/epuck2/cmd_vel,36.419948449,0.0,0.0
/epuck2/cmd_vel,36.428776959,0.0,0.0
/epuck2/cmd_vel,36.435746982,0.0,0.0
/epuck2/cmd_vel,36.452843548,0.0,0.0
/epuck2/cmd_vel,36.462606412,0.0,0.0
/epuck2/cmd_vel,36.473377911,0.0,0.0
/epuck2/cmd_vel,36.477343784,0.0,0.0
/epuck2/cmd_vel,36.488297122,0.0,0.0
/epuck2/cmd_vel,36.49419636,0.0,0.0
/epuck2/cmd_vel,36.505558385,0.0,0.0
/epuck2/cmd_vel,36.512659525,0.0,0.0
/epuck2/cmd_vel,36.522675701,0.0,0.0
/epuck2/cmd_vel,36.53146301,0.0,0.0
/epuck2/cmd_vel,36.54031257,0.0,0.0
/epuck2/cmd_vel,36.550343983,0.0,0.0
/epuck2/cmd_vel,36.559128887,0.0,0.0
/epuck2/cmd_vel,36.564493736,0.0,0.0
/epuck2/cmd_vel,36.576350354,0.0,0.0
/epuck2/cmd_vel,36.585821916,0.0,0.0
/epuck2/cmd_vel,36.599405803,0.0,0.0
/epuck2/cmd_vel,36.604500299,0.0,0.0
/epuck2/cmd_vel,36.616960976,0.0,0.0
/epuck2/cmd_vel,36.622171051,0.0,0.0
/epuck2/cmd_vel,36.635681962,0.0,0.0
/epuck2/cmd_vel,36.640642535,0.0,0.0
/epuck2/cmd_vel,36.648390938,0.0,0.0
/epuck2/cmd_vel,36.656737383,0.0,0.0
/epuck2/cmd_vel,36.668775239,0.0,0.0
/epuck2/cmd_vel,36.673675968,0.0,0.0
/epuck2/cmd_vel,36.690368358,0.0,0.0
/epuck2/cmd_vel,36.704206258,0.0,0.0
/epuck2/cmd_vel,36.711343686,0.0,0.0
/epuck2/cmd_vel,36.717605299,0.0,0.0
/epuck2/cmd_vel,36.730543027,0.0,0.0
/epuck2/cmd_vel,36.736126604,0.0,0.0
/epuck2/cmd_vel,36.749385907,0.0,0.0
/epuck2/cmd_vel,36.755818534,0.0,0.0
/epuck2/cmd_vel,36.767647585,0.0,0.0
/epuck2/cmd_vel,36.773163198,0.0,0.0
/epuck2/cmd_vel,36.786361254,0.0,0.0
/epuck2/cmd_vel,36.79198142,0.0,0.0
/epuck2/cmd_vel,36.801586603,0.0,0.0
/epuck2/cmd_vel,36.80917512,0.0,0.0
/epuck2/cmd_vel,36.819025596,0.0,0.0
/epuck2/cmd_vel,36.822268623,0.0,0.0
/epuck2/cmd_vel,36.831888543,0.0,0.0
/epuck2/cmd_vel,36.839342635,0.0,0.0
/epuck2/cmd_vel,36.855337742,0.0,0.0
/epuck2/cmd_vel,36.85927294,0.0,0.0
/epuck2/cmd_vel,36.874675016,0.0,0.0
/epuck2/cmd_vel,36.880396526,0.0,0.0
/epuck2/cmd_vel,36.889402563,0.0,0.0
/epuck2/cmd_vel,36.899544643,0.0,0.0
/epuck2/cmd_vel,36.909055098,0.0,0.0
/epuck2/cmd_vel,36.917598018,0.0,0.0
/epuck2/cmd_vel,36.926466123,0.0,0.0
/epuck2/cmd_vel,36.932822465,0.0,0.0
/epuck2/cmd_vel,36.943844369,0.0,0.0
/epuck2/cmd_vel,36.950224869,0.0,0.0
/epuck2/cmd_vel,36.963202293,0.0,0.0
/epuck2/cmd_vel,36.968948963,0.0,0.0
/epuck2/cmd_vel,36.976151749,0.0,0.0
/epuck2/cmd_vel,36.990907264,0.0,0.0
/epuck2/cmd_vel,36.999321674,0.0,0.0
/epuck2/cmd_vel,37.008189979,0.0,0.0
/epuck2/cmd_vel,37.01769462,0.0,0.0
/epuck2/cmd_vel,37.027865469,0.0,0.0
/epuck2/cmd_vel,37.037954521,0.0,0.0
/epuck2/cmd_vel,37.045940697,0.0,0.0
/epuck2/cmd_vel,37.056626589,0.0,0.0
/epuck2/cmd_vel,37.063366858,0.0,0.0
/epuck2/cmd_vel,37.076513691,0.0,0.0
/epuck2/cmd_vel,37.085686631,0.0,0.0
/epuck2/cmd_vel,37.093823872,0.0,0.0
/epuck2/cmd_vel,37.100007898,0.0,0.0
/epuck2/cmd_vel,37.108317555,0.0,0.0
/epuck2/cmd_vel,37.120063105,0.0,0.0
/epuck2/cmd_vel,37.129017318,0.0,0.0
/epuck2/cmd_vel,37.138231358,0.0,0.0
/epuck2/cmd_vel,37.147001827,0.0,0.0
/epuck2/cmd_vel,37.152761429,0.0,0.0
/epuck2/cmd_vel,37.164991448,0.0,0.0
/epuck2/cmd_vel,37.175110773,0.0,0.0
/epuck2/cmd_vel,37.185056679,0.0,0.0
/epuck2/cmd_vel,37.192654217,0.0,0.0
/epuck2/cmd_vel,37.205076902,0.0,0.0
/epuck2/cmd_vel,37.210264122,0.0,0.0
/epuck2/cmd_vel,37.225898559,0.0,0.0
/epuck2/cmd_vel,37.230930003,0.0,0.0
/epuck2/cmd_vel,37.240973344,0.0,0.0
/epuck2/cmd_vel,37.250369123,0.0,0.0
/epuck2/cmd_vel,37.261170093,0.0,0.0
/epuck2/cmd_vel,37.273926383,0.0,0.0
/epuck2/cmd_vel,37.279850481,0.0,0.0
/epuck2/cmd_vel,37.286787626,0.0,0.0
/epuck2/cmd_vel,37.301279805,0.0,0.0
/epuck2/cmd_vel,37.306950192,0.0,0.0
/epuck2/cmd_vel,37.319893232,0.0,0.0
/epuck2/cmd_vel,37.326125675,0.0,0.0
/epuck2/cmd_vel,37.336929753,0.0,0.0
/epuck2/cmd_vel,37.342574076,0.0,0.0
/epuck2/cmd_vel,37.35108552,0.0,0.0
/epuck2/cmd_vel,37.363756203,0.0,0.0
/epuck2/cmd_vel,37.370217599,0.0,0.0
/epuck2/cmd_vel,37.379902576,0.0,0.0
/epuck2/cmd_vel,37.389248133,0.0,0.0
/epuck2/cmd_vel,37.395572398,0.0,0.0
/epuck2/cmd_vel,37.409921231,0.0,0.0
/epuck2/cmd_vel,37.416667651,0.0,0.0
/epuck2/cmd_vel,37.429703849,0.0,0.0
/epuck2/cmd_vel,37.435278836,0.0,0.0
/epuck2/cmd_vel,37.447492491,0.0,0.0
/epuck2/cmd_vel,37.455044706,0.0,0.0
/epuck2/cmd_vel,37.461591069,0.0,0.0
/epuck2/cmd_vel,37.470733946,0.0,0.0
/epuck2/cmd_vel,37.480197943,0.0,0.0
/epuck2/cmd_vel,37.486945456,0.0,0.0
/epuck2/cmd_vel,37.499370586,0.0,0.0
/epuck2/cmd_vel,37.504827708,0.0,0.0
/epuck2/cmd_vel,37.516921896,0.0,0.0
/epuck2/cmd_vel,37.521805434,0.0,0.0
/epuck2/cmd_vel,37.530935784,0.0,0.0
/epuck2/cmd_vel,37.5442035,0.0,0.0
/epuck2/cmd_vel,37.550829942,0.0,0.0
/epuck2/cmd_vel,37.563462636,0.0,0.0
/epuck2/cmd_vel,37.569224241,0.0,0.0
/epuck2/cmd_vel,37.575369003,0.0,0.0
/epuck2/cmd_vel,37.588778237,0.0,0.0
/epuck2/cmd_vel,37.595722891,0.0,0.0
/epuck2/cmd_vel,37.608388158,0.0,0.0
/epuck2/cmd_vel,37.615326499,0.0,0.0
/epuck2/cmd_vel,37.628351171,0.0,0.0
/epuck2/cmd_vel,37.636563665,0.0,0.0
/epuck2/cmd_vel,37.646258779,0.0,0.0
/epuck2/cmd_vel,37.654649773,0.0,0.0
/epuck2/cmd_vel,37.66177874,0.0,0.0
/epuck2/cmd_vel,37.670839234,0.0,0.0
/epuck2/cmd_vel,37.680114408,0.0,0.0
/epuck2/cmd_vel,37.683786232,0.0,0.0
/epuck2/cmd_vel,37.696346764,0.0,0.0
/epuck2/cmd_vel,37.702842714,0.0,0.0
/epuck2/cmd_vel,37.716313986,0.0,0.0
/epuck2/cmd_vel,37.72946905,0.0,0.0
/epuck2/cmd_vel,37.737130811,0.0,0.0
/epuck2/cmd_vel,37.742609582,0.0,0.0
/epuck2/cmd_vel,37.755162798,0.0,0.0
/epuck2/cmd_vel,37.762930295,0.0,0.0
/epuck2/cmd_vel,37.770635353,0.0,0.0
/epuck2/cmd_vel,37.77914411,0.0,0.0
/epuck2/cmd_vel,37.788299115,0.0,0.0
/epuck2/cmd_vel,37.794212259,0.0,0.0
/epuck2/cmd_vel,37.808378488,0.0,0.0
/epuck2/cmd_vel,37.818047745,0.0,0.0
/epuck2/cmd_vel,37.829174767,0.0,0.0
/epuck2/cmd_vel,37.834880747,0.0,0.0
/epuck2/cmd_vel,37.847449598,0.0,0.0
/epuck2/cmd_vel,37.855359715,0.0,0.0
/epuck2/cmd_vel,37.868973506,0.0,0.0
/epuck2/cmd_vel,37.873777265,0.0,0.0
/epuck2/cmd_vel,37.88395025,0.0,0.0
/epuck2/cmd_vel,37.894325188,0.0,0.0
/epuck2/cmd_vel,37.905968566,0.0,0.0
/epuck2/cmd_vel,37.917004584,0.0,0.0
/epuck2/cmd_vel,37.923148445,0.0,0.0
/epuck2/cmd_vel,37.930735839,0.0,0.0
/epuck2/cmd_vel,37.939293005,0.0,0.0
/epuck2/cmd_vel,37.945943701,0.0,0.0
/epuck2/cmd_vel,37.959347422,0.0,0.0
/epuck2/cmd_vel,37.968103834,0.0,0.0
/epuck2/cmd_vel,37.98310373,0.0,0.0
/epuck2/cmd_vel,37.998610461,0.0,0.0
/epuck2/cmd_vel,38.011940117,0.0,0.0
/epuck2/cmd_vel,38.023447791,0.0,0.0
/epuck2/cmd_vel,38.028852396,0.0,0.0
/epuck2/cmd_vel,38.034920788,0.0,0.0
/epuck2/cmd_vel,38.047385907,0.0,0.0
/epuck2/cmd_vel,38.05366507,0.0,0.0
/epuck2/cmd_vel,38.066056524,0.0,0.0
/epuck2/cmd_vel,38.073091982,0.0,0.0
/epuck2/cmd_vel,38.084398506,0.0,0.0
/epuck2/cmd_vel,38.090473111,0.0,0.0
/epuck2/cmd_vel,38.098713368,0.0,0.0
/epuck2/cmd_vel,38.111416319,0.0,0.0
/epuck2/cmd_vel,38.117622119,0.0,0.0
/epuck2/cmd_vel,38.127686961,0.0,0.0
/epuck2/cmd_vel,38.134717207,0.0,0.0
/epuck2/cmd_vel,38.139945518,0.0,0.0
/epuck2/cmd_vel,38.151061314,0.0,0.0
/epuck2/cmd_vel,38.158729188,0.0,0.0
/epuck2/cmd_vel,38.171263963,0.0,0.0
/epuck2/cmd_vel,38.177747385,0.0,0.0
/epuck2/cmd_vel,38.185789096,0.0,0.0
/epuck2/cmd_vel,38.202253272,0.0,0.0
/epuck2/cmd_vel,38.206728094,0.0,0.0
/epuck2/cmd_vel,38.213967208,0.0,0.0
/epuck2/cmd_vel,38.224992803,0.0,0.0
/epuck2/cmd_vel,38.231629467,0.0,0.0
/epuck2/cmd_vel,38.24295784,0.0,0.0
/epuck2/cmd_vel,38.248795615,0.0,0.0
/epuck2/cmd_vel,38.263819164,0.0,0.0
/epuck2/cmd_vel,38.269847867,0.0,0.0
/epuck2/cmd_vel,38.28117163,0.0,0.0
/epuck2/cmd_vel,38.292122958,0.0,0.0
/epuck2/cmd_vel,38.297513632,0.0,0.0
/epuck2/cmd_vel,38.308476987,0.0,0.0
/epuck2/cmd_vel,38.316079415,0.0,0.0
/epuck2/cmd_vel,38.327268776,0.0,0.0
/epuck2/cmd_vel,38.337366793,0.0,0.0
/epuck2/cmd_vel,38.344394734,0.0,0.0
/epuck2/cmd_vel,38.361460156,0.0,0.0
/epuck2/cmd_vel,38.36754278,0.0,0.0
/epuck2/cmd_vel,38.382314866,0.0,0.0
/epuck2/cmd_vel,38.390812298,0.0,0.0
/epuck2/cmd_vel,38.401078793,0.0,0.0
/epuck2/cmd_vel,38.409122007,0.0,0.0
/epuck2/cmd_vel,38.423289148,0.0,0.0
/epuck2/cmd_vel,38.42915523,0.0,0.0
/epuck2/cmd_vel,38.43972007,0.0,0.0
/epuck2/cmd_vel,38.448704126,0.0,0.0
/epuck2/cmd_vel,38.458647876,0.0,0.0
/epuck2/cmd_vel,38.46615697,0.0,0.0
/epuck2/cmd_vel,38.474760135,0.0,0.0
/epuck2/cmd_vel,38.487425437,0.0,0.0
/epuck2/cmd_vel,38.494714073,0.0,0.0
/epuck2/cmd_vel,38.502346923,0.0,0.0
/epuck2/cmd_vel,38.514256355,0.0,0.0
/epuck2/cmd_vel,38.520385784,0.0,0.0
/epuck2/cmd_vel,38.532918109,0.0,0.0
/epuck2/cmd_vel,38.539133817,0.0,0.0
/epuck2/cmd_vel,38.550972802,0.0,0.0
/epuck2/cmd_vel,38.557145621,0.0,0.0
/epuck2/cmd_vel,38.566638935,0.0,0.0
/epuck2/cmd_vel,38.574725227,0.0,0.0
/epuck2/cmd_vel,38.583570396,0.0,0.0
/epuck2/cmd_vel,38.59301561,0.0,0.0
/epuck2/cmd_vel,38.602781891,0.0,0.0
/epuck2/cmd_vel,38.610388487,0.0,0.0
/epuck2/cmd_vel,38.62197084,0.0,0.0
/epuck2/cmd_vel,38.627532389,0.0,0.0
/epuck2/cmd_vel,38.639815797,0.0,0.0
/epuck2/cmd_vel,38.644159718,0.0,0.0
/epuck2/cmd_vel,38.653033145,0.0,0.0
/epuck2/cmd_vel,38.662818265,0.0,0.0
/epuck2/cmd_vel,38.671553605,0.0,0.0
/epuck2/cmd_vel,38.682366059,0.0,0.0
/epuck2/cmd_vel,38.699598144,0.0,0.0
/epuck2/cmd_vel,38.736548176,0.0,0.0
/epuck2/cmd_vel,38.744603604,0.0,0.0
/epuck2/cmd_vel,38.749755503,0.0,0.0
/epuck2/cmd_vel,38.76206717,0.0,0.0
/epuck2/cmd_vel,38.768831317,0.0,0.0
/epuck2/cmd_vel,38.781329271,0.0,0.0
/epuck2/cmd_vel,38.78820545,0.0,0.0
/epuck2/cmd_vel,38.795837499,0.0,0.0
/epuck2/cmd_vel,38.806709877,0.0,0.0
/epuck2/cmd_vel,38.814862407,0.0,0.0
/epuck2/cmd_vel,38.825516532,0.0,0.0
/epuck2/cmd_vel,38.832534906,0.0,0.0
/epuck2/cmd_vel,38.839126194,0.0,0.0
/epuck2/cmd_vel,38.849763584,0.0,0.0
/epuck2/cmd_vel,38.856471314,0.0,0.0
/epuck2/cmd_vel,38.867377763,0.0,0.0
/epuck2/cmd_vel,38.87307309,0.0,0.0
/epuck2/cmd_vel,38.88302666,0.0,0.0
/epuck2/cmd_vel,38.892121146,0.0,0.0
/epuck2/cmd_vel,38.900783234,0.0,0.0
/epuck2/cmd_vel,38.905574383,0.0,0.0
/epuck2/cmd_vel,38.918375266,0.0,0.0
/epuck2/cmd_vel,38.923722471,0.0,0.0
/epuck2/cmd_vel,38.940456722,0.0,0.0
/epuck2/cmd_vel,38.945977887,0.0,0.0
/epuck2/cmd_vel,38.960276981,0.0,0.0
/epuck2/cmd_vel,38.965484395,0.0,0.0
/epuck2/cmd_vel,38.979390273,0.0,0.0
/epuck2/cmd_vel,38.986527494,0.0,0.0
/epuck2/cmd_vel,39.00079362,0.0,0.0
/epuck2/cmd_vel,39.007628213,0.0,0.0
/epuck2/cmd_vel,39.017231456,0.0,0.0
/epuck2/cmd_vel,39.027878866,0.0,0.0
/epuck2/cmd_vel,39.036400864,0.0,0.0
/epuck2/cmd_vel,39.045908407,0.0,0.0
/epuck2/cmd_vel,39.054258147,0.0,0.0
/epuck2/cmd_vel,39.062530526,0.0,0.0
/epuck2/cmd_vel,39.075510581,0.0,0.0
/epuck2/cmd_vel,39.080833234,0.0,0.0
/epuck2/cmd_vel,39.094165721,0.0,0.0
/epuck2/cmd_vel,39.099144359,0.0,0.0
/epuck2/cmd_vel,39.117112774,0.0,0.0
/epuck2/cmd_vel,39.122531025,0.0,0.0
/epuck2/cmd_vel,39.132987941,0.0,0.0
/epuck2/cmd_vel,39.140150314,0.0,0.0
/epuck2/cmd_vel,39.147465305,0.0,0.0
/epuck2/cmd_vel,39.156881659,0.0,0.0
/epuck2/cmd_vel,39.167864667,0.0,0.0
/epuck2/cmd_vel,39.176710637,0.0,0.0
/epuck2/cmd_vel,39.186576625,0.0,0.0
/epuck2/cmd_vel,39.202319718,0.0,0.0
/epuck2/cmd_vel,39.223059888,0.0,0.0
/epuck2/cmd_vel,39.227818971,0.0,0.0
/epuck2/cmd_vel,39.237926962,0.0,0.0
/epuck2/cmd_vel,39.247156929,0.0,0.0
/epuck2/cmd_vel,39.258020288,0.0,0.0
/epuck2/cmd_vel,39.267129004,0.0,0.0
/epuck2/cmd_vel,39.276643462,0.0,0.0
/epuck2/cmd_vel,39.283266616,0.0,0.0
/epuck2/cmd_vel,39.297114172,0.0,0.0
/epuck2/cmd_vel,39.301757315,0.0,0.0
/epuck2/cmd_vel,39.314094434,0.0,0.0
/epuck2/cmd_vel,39.320652854,0.0,0.0
/epuck2/cmd_vel,39.332903895,0.0,0.0
/epuck2/cmd_vel,39.339757828,0.0,0.0
/epuck2/cmd_vel,39.350216447,0.0,0.0
/epuck2/cmd_vel,39.359208019,0.0,0.0
/epuck2/cmd_vel,39.367425384,0.0,0.0
/epuck2/cmd_vel,39.372976111,0.0,0.0
/epuck2/cmd_vel,39.386412914,0.0,0.0
/epuck2/cmd_vel,39.394073523,0.0,0.0
/epuck2/cmd_vel,39.4070645,0.0,0.0
/epuck2/cmd_vel,39.41455983,0.0,0.0
/epuck2/cmd_vel,39.426832338,0.0,0.0
/epuck2/cmd_vel,39.433107509,0.0,0.0
/epuck2/cmd_vel,39.443854884,0.0,0.0
/epuck2/cmd_vel,39.450253693,0.0,0.0
/epuck2/cmd_vel,39.458543139,0.0,0.0
/epuck2/cmd_vel,39.465769541,0.0,0.0
/epuck2/cmd_vel,39.473841569,0.0,0.0
/epuck2/cmd_vel,39.479500655,0.0,0.0
/epuck2/cmd_vel,39.49048749,0.0,0.0
/epuck2/cmd_vel,39.497729722,0.0,0.0
/epuck2/cmd_vel,39.511268165,0.0,0.0
/epuck2/cmd_vel,39.516968731,0.0,0.0
/epuck2/cmd_vel,39.52962628,0.0,0.0
/epuck2/cmd_vel,39.536593183,0.0,0.0
/epuck2/cmd_vel,39.544958375,0.0,0.0
/epuck2/cmd_vel,39.555155891,0.0,0.0
/epuck2/cmd_vel,39.563349253,0.0,0.0
/epuck2/cmd_vel,39.567015305,0.0,0.0
/epuck2/cmd_vel,39.58025818,0.0,0.0
/epuck2/cmd_vel,39.585821282,0.0,0.0
/epuck2/cmd_vel,39.599223964,0.0,0.0
/epuck2/cmd_vel,39.606308092,0.0,0.0
/epuck2/cmd_vel,39.617939767,0.0,0.0
/epuck2/cmd_vel,39.625398415,0.0,0.0
/epuck2/cmd_vel,39.63505429,0.0,0.0
/epuck2/cmd_vel,39.641870903,0.0,0.0
/epuck2/cmd_vel,39.651771449,0.0,0.0
/epuck2/cmd_vel,39.656209987,0.0,0.0
/epuck2/cmd_vel,39.668603227,0.0,0.0
/epuck2/cmd_vel,39.675651185,0.0,0.0
/epuck2/cmd_vel,39.690092666,0.0,0.0
/epuck2/cmd_vel,39.695320222,0.0,0.0
/epuck2/cmd_vel,39.706939574,0.0,0.0
/epuck2/cmd_vel,39.716030362,0.0,0.0
/epuck2/cmd_vel,39.728258485,0.0,0.0
/epuck2/cmd_vel,39.732783389,0.0,0.0
/epuck2/cmd_vel,39.742305407,0.0,0.0
/epuck2/cmd_vel,39.752533482,0.0,0.0
/epuck2/cmd_vel,39.762061812,0.0,0.0
/epuck2/cmd_vel,39.771648153,0.0,0.0
/epuck2/cmd_vel,39.779328227,0.0,0.0
/epuck2/cmd_vel,39.78489714,0.0,0.0
/epuck2/cmd_vel,39.798716624,0.0,0.0
/epuck2/cmd_vel,39.804613267,0.0,0.0
/epuck2/cmd_vel,39.815290302,0.0,0.0
/epuck2/cmd_vel,39.823461448,0.0,0.0
/epuck2/cmd_vel,39.831213005,0.0,0.0
/epuck2/cmd_vel,39.840920469,0.0,0.0
/epuck2/cmd_vel,39.848372421,0.0,0.0
/epuck2/cmd_vel,39.858311631,0.0,0.0
/epuck2/cmd_vel,39.868493412,0.0,0.0
/epuck2/cmd_vel,39.874182211,0.0,0.0
/epuck2/cmd_vel,39.885744845,0.0,0.0
/epuck2/cmd_vel,39.892127378,0.0,0.0
/epuck2/cmd_vel,39.905821532,0.0,0.0
/epuck2/cmd_vel,39.910797953,0.0,0.0
/epuck2/cmd_vel,39.91898674,0.0,0.0
/epuck2/cmd_vel,39.927474131,0.0,0.0
/epuck2/cmd_vel,39.937621331,0.0,0.0
/epuck2/cmd_vel,39.947929009,0.0,0.0
/epuck2/cmd_vel,39.956061162,0.0,0.0
/epuck2/cmd_vel,39.962789911,0.0,0.0
/epuck2/cmd_vel,39.975752442,0.0,0.0
/epuck2/cmd_vel,39.981728517,0.0,0.0
/epuck2/cmd_vel,39.995912325,0.0,0.0
/epuck2/cmd_vel,40.00049151,0.0,0.0
/epuck2/cmd_vel,40.006966561,0.0,0.0
/epuck2/cmd_vel,40.019294597,0.0,0.0
/epuck2/cmd_vel,40.02752408,0.0,0.0
/epuck2/cmd_vel,40.037886888,0.0,0.0
/epuck2/cmd_vel,40.048571554,0.0,0.0
/epuck2/cmd_vel,40.057632295,0.0,0.0
/epuck2/cmd_vel,40.069207759,0.0,0.0
/epuck2/cmd_vel,40.075086906,0.0,0.0
/epuck2/cmd_vel,40.086906645,0.0,0.0
/epuck2/cmd_vel,40.093156867,0.0,0.0
/epuck2/cmd_vel,40.106698762,0.0,0.0
/epuck2/cmd_vel,40.111929081,0.0,0.0
/epuck2/cmd_vel,40.126127623,0.0,0.0
/epuck2/cmd_vel,40.129864024,0.0,0.0
/epuck2/cmd_vel,40.140377286,0.0,0.0
/epuck2/cmd_vel,40.150598059,0.0,0.0
/epuck2/cmd_vel,40.157607569,0.0,0.0
/epuck2/cmd_vel,40.169582373,0.0,0.0
/epuck2/cmd_vel,40.179339354,0.0,0.0
/epuck2/cmd_vel,40.18446643,0.0,0.0
/epuck2/cmd_vel,40.195751109,0.0,0.0
/epuck2/cmd_vel,40.202732653,0.0,0.0
/epuck2/cmd_vel,40.212313017,0.0,0.0
/epuck2/cmd_vel,40.218793481,0.0,0.0
/epuck2/cmd_vel,40.22844361,0.0,0.0
/epuck2/cmd_vel,40.235301162,0.0,0.0
/epuck2/cmd_vel,40.244259261,0.0,0.0
/epuck2/cmd_vel,40.248906106,0.0,0.0
/epuck2/cmd_vel,40.259670159,0.0,0.0
/epuck2/cmd_vel,40.267292111,0.0,0.0
/epuck2/cmd_vel,40.277904306,0.0,0.0
/epuck2/cmd_vel,40.283479437,0.0,0.0
/epuck2/cmd_vel,40.290888087,0.0,0.0
/epuck2/cmd_vel,40.300713529,0.0,0.0
/epuck2/cmd_vel,40.310603423,0.0,0.0
/epuck2/cmd_vel,40.318751314,0.0,0.0
/epuck2/cmd_vel,40.330560127,0.0,0.0
/epuck2/cmd_vel,40.337309825,0.0,0.0
/epuck2/cmd_vel,40.347870599,0.0,0.0
/epuck2/cmd_vel,40.35594632,0.0,0.0
/epuck2/cmd_vel,40.366786452,0.0,0.0
/epuck2/cmd_vel,40.373527529,0.0,0.0
/epuck2/cmd_vel,40.381760621,0.0,0.0
/epuck2/cmd_vel,40.391141315,0.0,0.0
/epuck2/cmd_vel,40.400571526,0.0,0.0
/epuck2/cmd_vel,40.409979686,0.0,0.0
/epuck2/cmd_vel,40.417833104,0.0,0.0
/epuck2/cmd_vel,40.424327269,0.0,0.0
/epuck2/cmd_vel,40.437822521,0.0,0.0
/epuck2/cmd_vel,40.444864397,0.0,0.0
/epuck2/cmd_vel,40.457884798,0.0,0.0
/epuck2/cmd_vel,40.463307393,0.0,0.0
/epuck2/cmd_vel,40.47727539,0.0,0.0
/epuck2/cmd_vel,40.48380764,0.0,0.0
/epuck2/cmd_vel,40.496530683,0.0,0.0
/epuck2/cmd_vel,40.502025337,0.0,0.0
/epuck2/cmd_vel,40.510764969,0.0,0.0
/epuck2/cmd_vel,40.519379524,0.0,0.0
/epuck2/cmd_vel,40.530123991,0.0,0.0
/epuck2/cmd_vel,40.537741441,0.0,0.0
/epuck2/cmd_vel,40.54775439,0.0,0.0
/epuck2/cmd_vel,40.553820608,0.0,0.0
/epuck2/cmd_vel,40.566065193,0.0,0.0
/epuck2/cmd_vel,40.570722294,0.0,0.0
/epuck2/cmd_vel,40.583489235,0.0,0.0
/epuck2/cmd_vel,40.59034049,0.0,0.0
/epuck2/cmd_vel,40.601038454,0.0,0.0
/epuck2/cmd_vel,40.606770132,0.0,0.0
/epuck2/cmd_vel,40.615403028,0.0,0.0
/epuck2/cmd_vel,40.626462191,0.0,0.0
/epuck2/cmd_vel,40.635252635,0.0,0.0
/epuck2/cmd_vel,40.645044996,0.0,0.0
/epuck2/cmd_vel,40.654505923,0.0,0.0
/epuck2/cmd_vel,40.659695803,0.0,0.0
/epuck2/cmd_vel,40.670909207,0.0,0.0
/epuck2/cmd_vel,40.677943367,0.0,0.0
/epuck2/cmd_vel,40.688976472,0.0,0.0
/epuck2/cmd_vel,40.694652528,0.0,0.0
/epuck2/cmd_vel,40.702702033,0.0,0.0
/epuck2/cmd_vel,40.713712488,0.0,0.0
/epuck2/cmd_vel,40.724333281,0.0,0.0
/epuck2/cmd_vel,40.732377976,0.0,0.0
/epuck2/cmd_vel,40.741267239,0.0,0.0
/epuck2/cmd_vel,40.750658713,0.0,0.0
/epuck2/cmd_vel,40.760140286,0.0,0.0
/epuck2/cmd_vel,40.766915272,0.0,0.0
/epuck2/cmd_vel,40.778276203,0.0,0.0
/epuck2/cmd_vel,40.785739512,0.0,0.0
/epuck2/cmd_vel,40.797642541,0.0,0.0
/epuck2/cmd_vel,40.803142006,0.0,0.0
/epuck2/cmd_vel,40.814914346,0.0,0.0
/epuck2/cmd_vel,40.822311809,0.0,0.0
/epuck2/cmd_vel,40.831448921,0.0,0.0
/epuck2/cmd_vel,40.840560576,0.0,0.0
/epuck2/cmd_vel,40.850377691,0.0,0.0
/epuck2/cmd_vel,40.859954876,0.0,0.0
/epuck2/cmd_vel,40.867575633,0.0,0.0
/epuck2/cmd_vel,40.873304405,0.0,0.0
/epuck2/cmd_vel,40.884233881,0.0,0.0
/epuck2/cmd_vel,40.88909353,0.0,0.0
/epuck2/cmd_vel,40.898602865,0.0,0.0
/epuck2/cmd_vel,40.909865979,0.0,0.0
/epuck2/cmd_vel,40.91659797,0.0,0.0
/epuck2/cmd_vel,40.927577657,0.0,0.0
/epuck2/cmd_vel,40.9365936,0.0,0.0
/epuck2/cmd_vel,40.944253043,0.0,0.0
/epuck2/cmd_vel,40.957456449,0.0,0.0
/epuck2/cmd_vel,40.96294549,0.0,0.0
/epuck2/cmd_vel,40.975986637,0.0,0.0
/epuck2/cmd_vel,40.983947747,0.0,0.0
/epuck2/cmd_vel,40.995909006,0.0,0.0
/epuck2/cmd_vel,41.0021454,0.0,0.0
/epuck2/cmd_vel,41.013772119,0.0,0.0
/epuck2/cmd_vel,41.019818694,0.0,0.0
/epuck2/cmd_vel,41.029403295,0.0,0.0
/epuck2/cmd_vel,41.039530396,0.0,0.0
/epuck2/cmd_vel,41.050054074,0.0,0.0
/epuck2/cmd_vel,41.059230973,0.0,0.0
/epuck2/cmd_vel,41.068217552,0.0,0.0
/epuck2/cmd_vel,41.07892634,0.0,0.0
/epuck2/cmd_vel,41.086973139,0.0,0.0
/epuck2/cmd_vel,41.093848347,0.0,0.0
/epuck2/cmd_vel,41.105112563,0.0,0.0
/epuck2/cmd_vel,41.112309182,0.0,0.0
/epuck2/cmd_vel,41.122048526,0.0,0.0
/epuck2/cmd_vel,41.128777209,0.0,0.0
/epuck2/cmd_vel,41.136764177,0.0,0.0
/epuck2/cmd_vel,41.147078993,0.0,0.0
/epuck2/cmd_vel,41.157272942,0.0,0.0
/epuck2/cmd_vel,41.168258241,0.0,0.0
/epuck2/cmd_vel,41.177893254,0.0,0.0
/epuck2/cmd_vel,41.183869674,0.0,0.0
/epuck2/cmd_vel,41.196809597,0.0,0.0
/epuck2/cmd_vel,41.201466798,0.0,0.0
/epuck2/cmd_vel,41.212583789,0.0,0.0
/epuck2/cmd_vel,41.218880818,0.0,0.0
/epuck2/cmd_vel,41.234669142,0.0,0.0
/epuck2/cmd_vel,41.242341112,0.0,0.0
/epuck2/cmd_vel,41.256180725,0.0,0.0
/epuck2/cmd_vel,41.26309502,0.0,0.0
/epuck2/cmd_vel,41.276486341,0.0,0.0
/epuck2/cmd_vel,41.285971823,0.0,0.0
/epuck2/cmd_vel,41.291085735,0.0,0.0
/epuck2/cmd_vel,41.300293302,0.0,0.0
/epuck2/cmd_vel,41.309994161,0.0,0.0
/epuck2/cmd_vel,41.314353002,0.0,0.0
/epuck2/cmd_vel,41.325935322,0.0,0.0
/epuck2/cmd_vel,41.332127219,0.0,0.0
/epuck2/cmd_vel,41.343625954,0.0,0.0
/epuck2/cmd_vel,41.3516484,0.0,0.0
/epuck2/cmd_vel,41.362424536,0.0,0.0
/epuck2/cmd_vel,41.369042074,0.0,0.0
/epuck2/cmd_vel,41.37765663,0.0,0.0
/epuck2/cmd_vel,41.388577787,0.0,0.0
/epuck2/cmd_vel,41.396840063,0.0,0.0
/epuck2/cmd_vel,41.405111259,0.0,0.0
/epuck2/cmd_vel,41.415271255,0.0,0.0
/epuck2/cmd_vel,41.419902878,0.0,0.0
/epuck2/cmd_vel,41.431517909,0.0,0.0
/epuck2/cmd_vel,41.436891674,0.0,0.0
/epuck2/cmd_vel,41.450176173,0.0,0.0
/epuck2/cmd_vel,41.455606656,0.0,0.0
/epuck2/cmd_vel,41.468812492,0.0,0.0
/epuck2/cmd_vel,41.474434873,0.0,0.0
/epuck2/cmd_vel,41.485244531,0.0,0.0
/epuck2/cmd_vel,41.495018538,0.0,0.0
/epuck2/cmd_vel,41.501134644,0.0,0.0
/epuck2/cmd_vel,41.507133407,0.0,0.0
/epuck2/cmd_vel,41.519348686,0.0,0.0
/epuck2/cmd_vel,41.527506935,0.0,0.0
/epuck2/cmd_vel,41.540355229,0.0,0.0
/epuck2/cmd_vel,41.544222463,0.0,0.0
/epuck2/cmd_vel,41.556824545,0.0,0.0
/epuck2/cmd_vel,41.562936944,0.0,0.0
/epuck2/cmd_vel,41.573397277,0.0,0.0
/epuck2/cmd_vel,41.583435432,0.0,0.0
/epuck2/cmd_vel,41.593446431,0.0,0.0
/epuck2/cmd_vel,41.604978489,0.0,0.0
/epuck2/cmd_vel,41.611754367,0.0,0.0
/epuck2/cmd_vel,41.622691991,0.0,0.0
/epuck2/cmd_vel,41.630935417,0.0,0.0
/epuck2/cmd_vel,41.636272105,0.0,0.0
/epuck2/cmd_vel,41.648175936,0.0,0.0
/epuck2/cmd_vel,41.652617865,0.0,0.0
/epuck2/cmd_vel,41.665278769,0.0,0.0
/epuck2/cmd_vel,41.669511563,0.0,0.0
/epuck2/cmd_vel,41.677836459,0.0,0.0
/epuck2/cmd_vel,41.686778637,0.0,0.0
/epuck2/cmd_vel,41.695305151,0.0,0.0
/epuck2/cmd_vel,41.701447212,0.0,0.0
/epuck2/cmd_vel,41.712611507,0.0,0.0
/epuck2/cmd_vel,41.718439716,0.0,0.0
/epuck2/cmd_vel,41.731687439,0.0,0.0
/epuck2/cmd_vel,41.738680468,0.0,0.0
/epuck2/cmd_vel,41.750151299,0.0,0.0
/epuck2/cmd_vel,41.755810357,0.0,0.0
/epuck2/cmd_vel,41.76435541,0.0,0.0
/epuck2/cmd_vel,41.774982789,0.0,0.0
/epuck2/cmd_vel,41.785030865,0.0,0.0
/epuck2/cmd_vel,41.78660754,0.0,0.0
/epuck2/cmd_vel,41.800217316,0.0,0.0
/epuck2/cmd_vel,41.807916311,0.0,0.0
/epuck2/cmd_vel,41.819035112,0.0,0.0
/epuck2/cmd_vel,41.825202124,0.0,0.0
/epuck2/cmd_vel,41.83947117,0.0,0.0
/epuck2/cmd_vel,41.844225547,0.0,0.0
/epuck2/cmd_vel,41.852034271,0.0,0.0
/epuck2/cmd_vel,41.860392736,0.0,0.0
/epuck2/cmd_vel,41.869278096,0.0,0.0
/epuck2/cmd_vel,41.875483889,0.0,0.0
/epuck2/cmd_vel,41.887505666,0.0,0.0
/epuck2/cmd_vel,41.894637883,0.0,0.0
/epuck2/cmd_vel,41.90550947,0.0,0.0
/epuck2/cmd_vel,41.91079445,0.0,0.0
/epuck2/cmd_vel,41.920220434,0.0,0.0
/epuck2/cmd_vel,41.929365934,0.0,0.0
/epuck2/cmd_vel,41.936520799,0.0,0.0
/epuck2/cmd_vel,41.940820232,0.0,0.0
/epuck2/cmd_vel,41.95184664,0.0,0.0
/epuck2/cmd_vel,41.958007339,0.0,0.0
/epuck2/cmd_vel,41.969423858,0.0,0.0
/epuck2/cmd_vel,41.975430938,0.0,0.0
/epuck2/cmd_vel,41.98764311,0.0,0.0
/epuck2/cmd_vel,41.993883275,0.0,0.0
/epuck2/cmd_vel,42.003870925,0.0,0.0
/epuck2/cmd_vel,42.014199383,0.0,0.0
/epuck2/cmd_vel,42.022109918,0.0,0.0
/epuck2/cmd_vel,42.03018259,0.0,0.0
/epuck2/cmd_vel,42.039084885,0.0,0.0
/epuck2/cmd_vel,42.045604631,0.0,0.0
/epuck2/cmd_vel,42.057756277,0.0,0.0
/epuck2/cmd_vel,42.064097652,0.0,0.0
/epuck2/cmd_vel,42.073782773,0.0,0.0
/epuck2/cmd_vel,42.080700445,0.0,0.0
/epuck2/cmd_vel,42.088772716,0.0,0.0
/epuck2/cmd_vel,42.09782352,0.0,0.0
/epuck2/cmd_vel,42.109050946,0.0,0.0
/epuck2/cmd_vel,42.117218816,0.0,0.0
/epuck2/cmd_vel,42.13064992,0.0,0.0
/epuck2/cmd_vel,42.141667711,0.0,0.0
/epuck2/cmd_vel,42.150434124,0.0,0.0
/epuck2/cmd_vel,42.15788791,0.0,0.0
/epuck2/cmd_vel,42.168850385,0.0,0.0
/epuck2/cmd_vel,42.173135989,0.0,0.0
/epuck2/cmd_vel,42.18554988,0.0,0.0
/epuck2/cmd_vel,42.193391371,0.0,0.0
/epuck2/cmd_vel,42.200693141,0.0,0.0
/epuck2/cmd_vel,42.210387081,0.0,0.0
/epuck2/cmd_vel,42.217566998,0.0,0.0
/epuck2/cmd_vel,42.22442655,0.0,0.0
/epuck2/cmd_vel,42.2357622,0.0,0.0
/epuck2/cmd_vel,42.241706951,0.0,0.0
/epuck2/cmd_vel,42.252224001,0.0,0.0
/epuck2/cmd_vel,42.259475166,0.0,0.0
/epuck2/cmd_vel,42.269263402,0.0,0.0
/epuck2/cmd_vel,42.278190249,0.0,0.0
/epuck2/cmd_vel,42.287041538,0.0,0.0
/epuck2/cmd_vel,42.296046146,0.0,0.0
/epuck2/cmd_vel,42.309160392,0.0,0.0
/epuck2/cmd_vel,42.318629866,0.0,0.0
/epuck2/cmd_vel,42.32864337,0.0,0.0
/epuck2/cmd_vel,42.333387426,0.0,0.0
/epuck2/cmd_vel,42.347907994,0.0,0.0
/epuck2/cmd_vel,42.351228392,0.0,0.0
/epuck2/cmd_vel,42.364192927,0.0,0.0
/epuck2/cmd_vel,42.369887859,0.0,0.0
/epuck2/cmd_vel,42.37872552,0.0,0.0
/epuck2/cmd_vel,42.388527484,0.0,0.0
/epuck2/cmd_vel,42.399863135,0.0,0.0
/epuck2/cmd_vel,42.406329269,0.0,0.0
/epuck2/cmd_vel,42.416741166,0.0,0.0
/epuck2/cmd_vel,42.422404719,0.0,0.0
/epuck2/cmd_vel,42.438060973,0.0,0.0
/epuck2/cmd_vel,42.444313575,0.0,0.0
/epuck2/cmd_vel,42.458239352,0.0,0.0
/epuck2/cmd_vel,42.464600166,0.0,0.0
/epuck2/cmd_vel,42.476933635,0.0,0.0
/epuck2/cmd_vel,42.483353263,0.0,0.0
/epuck2/cmd_vel,42.495629421,0.0,0.0
/epuck2/cmd_vel,42.502417468,0.0,0.0
/epuck2/cmd_vel,42.514287032,0.0,0.0
/epuck2/cmd_vel,42.521144114,0.0,0.0
/epuck2/cmd_vel,42.52988387,0.0,0.0
/epuck2/cmd_vel,42.539631994,0.0,0.0
/epuck2/cmd_vel,42.55200454,0.0,0.0
/epuck2/cmd_vel,42.553998431,0.0,0.0
/epuck2/cmd_vel,42.567268829,0.0,0.0
/epuck2/cmd_vel,42.572796116,0.0,0.0
/epuck2/cmd_vel,42.584943021,0.0,0.0
/epuck2/cmd_vel,42.590458485,0.0,0.0
/epuck2/cmd_vel,42.604370936,0.0,0.0
/epuck2/cmd_vel,42.611414782,0.0,0.0
/epuck2/cmd_vel,42.620291406,0.0,0.0
/epuck2/cmd_vel,42.627766894,0.0,0.0
/epuck2/cmd_vel,42.637830334,0.0,0.0
/epuck2/cmd_vel,42.647829448,0.0,0.0
/epuck2/cmd_vel,42.655077392,0.0,0.0
/epuck2/cmd_vel,42.661032815,0.0,0.0
/epuck2/cmd_vel,42.674067452,0.0,0.0
/epuck2/cmd_vel,42.680416343,0.0,0.0
/epuck2/cmd_vel,42.692086618,0.0,0.0
/epuck2/cmd_vel,42.69886675,0.0,0.0
/epuck2/cmd_vel,42.708204573,0.0,0.0
/epuck2/cmd_vel,42.717840478,0.0,0.0
/epuck2/cmd_vel,42.725460148,0.0,0.0
/epuck2/cmd_vel,42.735276505,0.0,0.0
/epuck2/cmd_vel,42.747129337,0.0,0.0
/epuck2/cmd_vel,42.758979864,0.0,0.0
/epuck2/cmd_vel,42.764806936,0.0,0.0
/epuck2/cmd_vel,42.771581356,0.0,0.0
/epuck2/cmd_vel,42.784304586,0.0,0.0
/epuck2/cmd_vel,42.7896405,0.0,0.0
/epuck2/cmd_vel,42.802750685,0.0,0.0
/epuck2/cmd_vel,42.809141757,0.0,0.0
/epuck2/cmd_vel,42.820564249,0.0,0.0
/epuck2/cmd_vel,42.828782588,0.0,0.0
/epuck2/cmd_vel,42.835949574,0.0,0.0
/epuck2/cmd_vel,42.845953498,0.0,0.0
/epuck2/cmd_vel,42.85471189,0.0,0.0
/epuck2/cmd_vel,42.864435166,0.0,0.0
/epuck2/cmd_vel,42.873965665,0.0,0.0
/epuck2/cmd_vel,42.881153492,0.0,0.0
/epuck2/cmd_vel,42.893790654,0.0,0.0
/epuck2/cmd_vel,42.899241492,0.0,0.0
/epuck2/cmd_vel,42.913032105,0.0,0.0
/epuck2/cmd_vel,42.921724569,0.0,0.0
/epuck2/cmd_vel,42.932461823,0.0,0.0
/epuck2/cmd_vel,42.939242456,0.0,0.0
/epuck2/cmd_vel,42.946945689,0.0,0.0
/epuck2/cmd_vel,42.956747618,0.0,0.0
/epuck2/cmd_vel,42.963919615,0.0,0.0
/epuck2/cmd_vel,42.971865522,0.0,0.0
/epuck2/cmd_vel,42.980284953,0.0,0.0
/epuck2/cmd_vel,42.987789999,0.0,0.0
/epuck2/cmd_vel,42.998849282,0.0,0.0
/epuck2/cmd_vel,43.005810267,0.0,0.0
/epuck2/cmd_vel,43.015418418,0.0,0.0
/epuck2/cmd_vel,43.023554496,0.0,0.0
/epuck2/cmd_vel,43.032179227,0.0,0.0
/epuck2/cmd_vel,43.037944278,0.0,0.0
/epuck2/cmd_vel,43.051761744,0.0,0.0
/epuck2/cmd_vel,43.058123058,0.0,0.0
/epuck2/cmd_vel,43.069190757,0.0,0.0
/epuck2/cmd_vel,43.075496363,0.0,0.0
/epuck2/cmd_vel,43.08978615,0.0,0.0
/epuck2/cmd_vel,43.093783351,0.0,0.0
/epuck2/cmd_vel,43.102483029,0.0,0.0
/epuck2/cmd_vel,43.112538653,0.0,0.0
/epuck2/cmd_vel,43.122050115,0.0,0.0
/epuck2/cmd_vel,43.127837009,0.0,0.0
/epuck2/cmd_vel,43.140768746,0.0,0.0
/epuck2/cmd_vel,43.146482396,0.0,0.0
/epuck2/cmd_vel,43.159910803,0.0,0.0
/epuck2/cmd_vel,43.165864822,0.0,0.0
/epuck2/cmd_vel,43.178357001,0.0,0.0
/epuck2/cmd_vel,43.18226082,0.0,0.0
/epuck2/cmd_vel,43.190740769,0.0,0.0
/epuck2/cmd_vel,43.200588688,0.0,0.0
/epuck2/cmd_vel,43.209159013,0.0,0.0
/epuck2/cmd_vel,43.214484406,0.0,0.0
/epuck2/cmd_vel,43.225474554,0.0,0.0
/epuck2/cmd_vel,43.23101196,0.0,0.0
/epuck2/cmd_vel,43.242302595,0.0,0.0
/epuck2/cmd_vel,43.248096903,0.0,0.0
/epuck2/cmd_vel,43.255391138,0.0,0.0
/epuck2/cmd_vel,43.263373516,0.0,0.0
/epuck2/cmd_vel,43.273866193,0.0,0.0
/epuck2/cmd_vel,43.278832485,0.0,0.0
/epuck2/cmd_vel,43.291414439,0.0,0.0
/epuck2/cmd_vel,43.296942528,0.0,0.0
/epuck2/cmd_vel,43.30931878,0.0,0.0
/epuck2/cmd_vel,43.31553912,0.0,0.0
/epuck2/cmd_vel,43.327215307,0.0,0.0
/epuck2/cmd_vel,43.332855313,0.0,0.0
/epuck2/cmd_vel,43.342191634,0.0,0.0
/epuck2/cmd_vel,43.351522143,0.0,0.0
/epuck2/cmd_vel,43.362667493,0.0,0.0
/epuck2/cmd_vel,43.375113382,0.0,0.0
/epuck2/cmd_vel,43.382516931,0.0,0.0
/epuck2/cmd_vel,43.393024336,0.0,0.0
/epuck2/cmd_vel,43.40338706,0.0,0.0
/epuck2/cmd_vel,43.410846517,0.0,0.0
/epuck2/cmd_vel,43.421103025,0.0,0.0
/epuck2/cmd_vel,43.427135485,0.0,0.0
/epuck2/cmd_vel,43.440671101,0.0,0.0
/epuck2/cmd_vel,43.446893308,0.0,0.0
/epuck2/cmd_vel,43.458205949,0.0,0.0
/epuck2/cmd_vel,43.464456408,0.0,0.0
/epuck2/cmd_vel,43.472439744,0.0,0.0
/epuck2/cmd_vel,43.483258279,0.0,0.0
/epuck2/cmd_vel,43.493548945,0.0,0.0
/epuck2/cmd_vel,43.503018607,0.0,0.0
/epuck2/cmd_vel,43.512294413,0.0,0.0
/epuck2/cmd_vel,43.518268966,0.0,0.0
/epuck2/cmd_vel,43.528573859,0.0,0.0
/epuck2/cmd_vel,43.537161102,0.0,0.0
/epuck2/cmd_vel,43.548730413,0.0,0.0
/epuck2/cmd_vel,43.554931282,0.0,0.0
/epuck2/cmd_vel,43.566267665,0.0,0.0
/epuck2/cmd_vel,43.57378124,0.0,0.0
/epuck2/cmd_vel,43.580320028,0.0,0.0
/epuck2/cmd_vel,43.589393764,0.0,0.0
/epuck2/cmd_vel,43.599865062,0.0,0.0
/epuck2/cmd_vel,43.608055878,0.0,0.0
/epuck2/cmd_vel,43.616733187,0.0,0.0
/epuck2/cmd_vel,43.623017208,0.0,0.0
/epuck2/cmd_vel,43.635157365,0.0,0.0
/epuck2/cmd_vel,43.64216902,0.0,0.0
/epuck2/cmd_vel,43.655784182,0.0,0.0
/epuck2/cmd_vel,43.664369622,0.0,0.0
/epuck2/cmd_vel,43.676612067,0.0,0.0
/epuck2/cmd_vel,43.684904971,0.0,0.0
/epuck2/cmd_vel,43.698911049,0.0,0.0
/epuck2/cmd_vel,43.703540537,0.0,0.0
/epuck2/cmd_vel,43.718100731,0.0,0.0
/epuck2/cmd_vel,43.724658955,0.0,0.0
/epuck2/cmd_vel,43.732770326,0.0,0.0
/epuck2/cmd_vel,43.743388793,0.0,0.0
/epuck2/cmd_vel,43.75214114,0.0,0.0
/epuck2/cmd_vel,43.763589529,0.0,0.0
/epuck2/cmd_vel,43.771974702,0.0,0.0
/epuck2/cmd_vel,43.777129853,0.0,0.0
/epuck2/cmd_vel,43.790301602,0.0,0.0
/epuck2/cmd_vel,43.796642327,0.0,0.0
/epuck2/cmd_vel,43.809881799,0.0,0.0
/epuck2/cmd_vel,43.817276757,0.0,0.0
/epuck2/cmd_vel,43.827065303,0.0,0.0
/epuck2/cmd_vel,43.831673652,0.0,0.0
/epuck2/cmd_vel,43.840859493,0.0,0.0
/epuck2/cmd_vel,43.850619887,0.0,0.0
/epuck2/cmd_vel,43.860858258,0.0,0.0
/epuck2/cmd_vel,43.872099167,0.0,0.0
/epuck2/cmd_vel,43.879198583,0.0,0.0
/epuck2/cmd_vel,43.885198182,0.0,0.0
/epuck2/cmd_vel,43.897079264,0.0,0.0
/epuck2/cmd_vel,43.902545286,0.0,0.0
/epuck2/cmd_vel,43.915910289,0.0,0.0
/epuck2/cmd_vel,43.922275258,0.0,0.0
/epuck2/cmd_vel,43.930810506,0.0,0.0
/epuck2/cmd_vel,43.939549528,0.0,0.0
/epuck2/cmd_vel,43.947859563,0.0,0.0
/epuck2/cmd_vel,43.95980306,0.0,0.0
/epuck2/cmd_vel,43.97085342,0.0,0.0
/epuck2/cmd_vel,43.980234118,0.0,0.0
/epuck2/cmd_vel,43.988586731,0.0,0.0
/epuck2/cmd_vel,43.995313464,0.0,0.0
/epuck2/cmd_vel,44.006660968,0.0,0.0
/epuck2/cmd_vel,44.013324485,0.0,0.0
/epuck2/cmd_vel,44.027000959,0.0,0.0
/epuck2/cmd_vel,44.033579519,0.0,0.0
/epuck2/cmd_vel,44.045149732,0.0,0.0
/epuck2/cmd_vel,44.052320779,0.0,0.0
/epuck2/cmd_vel,44.069667482,0.0,0.0
/epuck2/cmd_vel,44.075125188,0.0,0.0
/epuck2/cmd_vel,44.083510461,0.0,0.0
/epuck2/cmd_vel,44.092832352,0.0,0.0
/epuck2/cmd_vel,44.100962958,0.0,0.0
/epuck2/cmd_vel,44.106213985,0.0,0.0
/epuck2/cmd_vel,44.120281676,0.0,0.0
/epuck2/cmd_vel,44.126827778,0.0,0.0
/epuck2/cmd_vel,44.138558184,0.0,0.0
/epuck2/cmd_vel,44.144585234,0.0,0.0
/epuck2/cmd_vel,44.158087088,0.0,0.0
/epuck2/cmd_vel,44.166522352,0.0,0.0
/epuck2/cmd_vel,44.173815323,0.0,0.0
/epuck2/cmd_vel,44.184202166,0.0,0.0
/epuck2/cmd_vel,44.191730168,0.0,0.0
/epuck2/cmd_vel,44.201935478,0.0,0.0
/epuck2/cmd_vel,44.211516844,0.0,0.0
/epuck2/cmd_vel,44.217902852,0.0,0.0
/epuck2/cmd_vel,44.230789979,0.0,0.0
/epuck2/cmd_vel,44.237289595,0.0,0.0
/epuck2/cmd_vel,44.250155984,0.0,0.0
/epuck2/cmd_vel,44.256250357,0.0,0.0
/epuck2/cmd_vel,44.270956418,0.0,0.0
/epuck2/cmd_vel,44.277322891,0.0,0.0
/epuck2/cmd_vel,44.286446618,0.0,0.0
/epuck2/cmd_vel,44.295378193,0.0,0.0
/epuck2/cmd_vel,44.305132876,0.0,0.0
/epuck2/cmd_vel,44.317231758,0.0,0.0
/epuck2/cmd_vel,44.324934881,0.0,0.0
/epuck2/cmd_vel,44.330755452,0.0,0.0
/epuck2/cmd_vel,44.343912073,0.0,0.0
/epuck2/cmd_vel,44.349875306,0.0,0.0
/epuck2/cmd_vel,44.363421741,0.0,0.0
/epuck2/cmd_vel,44.36833014,0.0,0.0
/epuck2/cmd_vel,44.37906973,0.0,0.0
/epuck2/cmd_vel,44.385469363,0.0,0.0
/epuck2/cmd_vel,44.393941896,0.0,0.0
/epuck2/cmd_vel,44.40445467,0.0,0.0
/epuck2/cmd_vel,44.413282779,0.0,0.0
/epuck2/cmd_vel,44.416887087,0.0,0.0
/epuck2/cmd_vel,44.42825567,0.0,0.0
/epuck2/cmd_vel,44.436323868,0.0,0.0
/epuck2/cmd_vel,44.446334512,0.0,0.0
/epuck2/cmd_vel,44.454032872,0.0,0.0
/epuck2/cmd_vel,44.461135607,0.0,0.0
/epuck2/cmd_vel,44.471060403,0.0,0.0
/epuck2/cmd_vel,44.482206202,0.0,0.0
/epuck2/cmd_vel,44.493348495,0.0,0.0
/epuck2/cmd_vel,44.504432387,0.0,0.0
/epuck2/cmd_vel,44.5151798,0.0,0.0
/epuck2/cmd_vel,44.523324129,0.0,0.0
/epuck2/cmd_vel,44.528529095,0.0,0.0
/epuck2/cmd_vel,44.54218071,0.0,0.0
/epuck2/cmd_vel,44.547303735,0.0,0.0
/epuck2/cmd_vel,44.559308313,0.0,0.0
/epuck2/cmd_vel,44.565672276,0.0,0.0
/epuck2/cmd_vel,44.580981146,0.0,0.0
/epuck2/cmd_vel,44.58800795,0.0,0.0
/epuck2/cmd_vel,44.597271807,0.0,0.0
/epuck2/cmd_vel,44.60453602,0.0,0.0
/epuck2/cmd_vel,44.613683777,0.0,0.0
/epuck2/cmd_vel,44.62242814,0.0,0.0
/epuck2/cmd_vel,44.631186226,0.0,0.0
/epuck2/cmd_vel,44.641751525,0.0,0.0
/epuck2/cmd_vel,44.650717369,0.0,0.0
/epuck2/cmd_vel,44.656669522,0.0,0.0
/epuck2/cmd_vel,44.667258762,0.0,0.0
/epuck2/cmd_vel,44.673354463,0.0,0.0
/epuck2/cmd_vel,44.688511972,0.0,0.0
/epuck2/cmd_vel,44.691415974,0.0,0.0
/epuck2/cmd_vel,44.701858662,0.0,0.0
/epuck2/cmd_vel,44.711477832,0.0,0.0
/epuck2/cmd_vel,44.719888219,0.0,0.0
/epuck2/cmd_vel,44.728709213,0.0,0.0
/epuck2/cmd_vel,44.739091397,0.0,0.0
/epuck2/cmd_vel,44.749050552,0.0,0.0
/epuck2/cmd_vel,44.758388838,0.0,0.0
/epuck2/cmd_vel,44.763482211,0.0,0.0
/epuck2/cmd_vel,44.776070896,0.0,0.0
/epuck2/cmd_vel,44.782164091,0.0,0.0
/epuck2/cmd_vel,44.79459811,0.0,0.0
/epuck2/cmd_vel,44.80116452,0.0,0.0
/epuck2/cmd_vel,44.808444561,0.0,0.0
/epuck2/cmd_vel,44.817182212,0.0,0.0
/epuck2/cmd_vel,44.827568703,0.0,0.0
/epuck2/cmd_vel,44.837407851,0.0,0.0
/epuck2/cmd_vel,44.844889639,0.0,0.0
/epuck2/cmd_vel,44.851692858,0.0,0.0
/epuck2/cmd_vel,44.863785087,0.0,0.0
/epuck2/cmd_vel,44.87246003,0.0,0.0
/epuck2/cmd_vel,44.883468793,0.0,0.0
/epuck2/cmd_vel,44.889043996,0.0,0.0
/epuck2/cmd_vel,44.899953789,0.0,0.0
/epuck2/cmd_vel,44.909787127,0.0,0.0
/epuck2/cmd_vel,44.918794142,0.0,0.0
/epuck2/cmd_vel,44.927090233,0.0,0.0
/epuck2/cmd_vel,44.934772966,0.0,0.0
/epuck2/cmd_vel,44.939904406,0.0,0.0
/epuck2/cmd_vel,44.951142864,0.0,0.0
/epuck2/cmd_vel,44.95668441,0.0,0.0
/epuck2/cmd_vel,44.965434282,0.0,0.0
/epuck2/cmd_vel,44.975624134,0.0,0.0
/epuck2/cmd_vel,44.984563032,0.0,0.0
/epuck2/cmd_vel,44.993732527,0.0,0.0
/epuck2/cmd_vel,45.000807413,0.0,0.0
/epuck2/cmd_vel,45.006415874,0.0,0.0
/epuck2/cmd_vel,45.01908079,0.0,0.0
/epuck2/cmd_vel,45.026189836,0.0,0.0
/epuck2/cmd_vel,45.036528745,0.0,0.0
/epuck2/cmd_vel,45.043382451,0.0,0.0
/epuck2/cmd_vel,45.050988853,0.0,0.0
/epuck2/cmd_vel,45.0603049,0.0,0.0
/epuck2/cmd_vel,45.068775491,0.0,0.0
/epuck2/cmd_vel,45.076648352,0.0,0.0
/epuck2/cmd_vel,45.088657338,0.0,0.0
/epuck2/cmd_vel,45.096589903,0.0,0.0
/epuck2/cmd_vel,45.107863422,0.0,0.0
/epuck2/cmd_vel,45.112435397,0.0,0.0
/epuck2/cmd_vel,45.12620742,0.0,0.0
/epuck2/cmd_vel,45.131444842,0.0,0.0
/epuck2/cmd_vel,45.140138617,0.0,0.0
/epuck2/cmd_vel,45.149307411,0.0,0.0
/epuck2/cmd_vel,45.159666555,0.0,0.0
/epuck2/cmd_vel,45.169416449,0.0,0.0
/epuck2/cmd_vel,45.180466083,0.0,0.0
/epuck2/cmd_vel,45.189095748,0.0,0.0
/epuck2/cmd_vel,45.198069906,0.0,0.0
/epuck2/cmd_vel,45.204665066,0.0,0.0
/epuck2/cmd_vel,45.215641674,0.0,0.0
/epuck2/cmd_vel,45.224444537,0.0,0.0
/epuck2/cmd_vel,45.235519715,0.0,0.0
/epuck2/cmd_vel,45.242568757,0.0,0.0
/epuck2/cmd_vel,45.256190721,0.0,0.0
/epuck2/cmd_vel,45.262490172,0.0,0.0
/epuck2/cmd_vel,45.270789568,0.0,0.0
/epuck2/cmd_vel,45.280423263,0.0,0.0
/epuck2/cmd_vel,45.289228931,0.0,0.0
/epuck2/cmd_vel,45.29762289,0.0,0.0
/epuck2/cmd_vel,45.306109108,0.0,0.0
/epuck2/cmd_vel,45.312410763,0.0,0.0
/epuck2/cmd_vel,45.324266284,0.0,0.0
/epuck2/cmd_vel,45.332535228,0.0,0.0
/epuck2/cmd_vel,45.344782725,0.0,0.0
/epuck2/cmd_vel,45.350926007,0.0,0.0
/epuck2/cmd_vel,45.364978513,0.0,0.0
/epuck2/cmd_vel,45.370349865,0.0,0.0
/epuck2/cmd_vel,45.37813187,0.0,0.0
/epuck2/cmd_vel,45.387638445,0.0,0.0
/epuck2/cmd_vel,45.398288791,0.0,0.0
/epuck2/cmd_vel,45.406453956,0.0,0.0
/epuck2/cmd_vel,45.418360373,0.0,0.0
/epuck2/cmd_vel,45.422367759,0.0,0.0
/epuck2/cmd_vel,45.435236889,0.0,0.0
/epuck2/cmd_vel,45.441687931,0.0,0.0
/epuck2/cmd_vel,45.45363557,0.0,0.0
/epuck2/cmd_vel,45.458086174,0.0,0.0
/epuck2/cmd_vel,45.463671414,0.0,0.0
/epuck2/cmd_vel,45.475223713,0.0,0.0
/epuck2/cmd_vel,45.484299603,0.0,0.0
/epuck2/cmd_vel,45.492605748,0.0,0.0
/epuck2/cmd_vel,45.50138025,0.0,0.0
/epuck2/cmd_vel,45.508908936,0.0,0.0
/epuck2/cmd_vel,45.523920721,0.0,0.0
/epuck2/cmd_vel,45.530982079,0.0,0.0
/epuck2/cmd_vel,45.546634479,0.0,0.0
/epuck2/cmd_vel,45.549325068,0.0,0.0
/epuck2/cmd_vel,45.560203777,0.0,0.0
/epuck2/cmd_vel,45.567211666,0.0,0.0
/epuck2/cmd_vel,45.576646502,0.0,0.0
/epuck2/cmd_vel,45.585976002,0.0,0.0
/epuck2/cmd_vel,45.595501255,0.0,0.0
/epuck2/cmd_vel,45.605950407,0.0,0.0
/epuck2/cmd_vel,45.612910934,0.0,0.0
/epuck2/cmd_vel,45.619466036,0.0,0.0
/epuck2/cmd_vel,45.633120044,0.0,0.0
/epuck2/cmd_vel,45.639131941,0.0,0.0
/epuck2/cmd_vel,45.653282293,0.0,0.0
/epuck2/cmd_vel,45.661664163,0.0,0.0
/epuck2/cmd_vel,45.675042614,0.0,0.0
/epuck2/cmd_vel,45.680944168,0.0,0.0
/epuck2/cmd_vel,45.694715028,0.0,0.0
/epuck2/cmd_vel,45.702020402,0.0,0.0
/epuck2/cmd_vel,45.713761029,0.0,0.0
/epuck2/cmd_vel,45.720250145,0.0,0.0
/epuck2/cmd_vel,45.729478513,0.0,0.0
/epuck2/cmd_vel,45.735491011,0.0,0.0
/epuck2/cmd_vel,45.744426299,0.0,0.0
/epuck2/cmd_vel,45.750873661,0.0,0.0
/epuck2/cmd_vel,45.762143076,0.0,0.0
/epuck2/cmd_vel,45.768228268,0.0,0.0
/epuck2/cmd_vel,45.782807476,0.0,0.0
/epuck2/cmd_vel,45.789257241,0.0,0.0
/epuck2/cmd_vel,45.802123127,0.0,0.0
/epuck2/cmd_vel,45.808068338,0.0,0.0
/epuck2/cmd_vel,45.821353067,0.0,0.0
/epuck2/cmd_vel,45.826681878,0.0,0.0
/epuck2/cmd_vel,45.836170684,0.0,0.0
/epuck2/cmd_vel,45.847042785,0.0,0.0
/epuck2/cmd_vel,45.855747874,0.0,0.0
/epuck2/cmd_vel,45.859958335,0.0,0.0
/epuck2/cmd_vel,45.874623955,0.0,0.0
/epuck2/cmd_vel,45.881840715,0.0,0.0
/epuck2/cmd_vel,45.895263122,0.0,0.0
/epuck2/cmd_vel,45.901361131,0.0,0.0
/epuck2/cmd_vel,45.915117973,0.0,0.0
/epuck2/cmd_vel,45.921632021,0.0,0.0
/epuck2/cmd_vel,45.93463118,0.0,0.0
/epuck2/cmd_vel,45.940058418,0.0,0.0
/epuck2/cmd_vel,45.951770808,0.0,0.0
/epuck2/cmd_vel,45.95779382,0.0,0.0
/epuck2/cmd_vel,45.971030687,0.0,0.0
/epuck2/cmd_vel,45.974507096,0.0,0.0
/epuck2/cmd_vel,45.98404827,0.0,0.0
/epuck2/cmd_vel,45.992949814,0.0,0.0
/epuck2/cmd_vel,46.00184425,0.0,0.0
/epuck2/cmd_vel,46.007529523,0.0,0.0
/epuck2/cmd_vel,46.021828968,0.0,0.0
/epuck2/cmd_vel,46.027874909,0.0,0.0
/epuck2/cmd_vel,46.038923038,0.0,0.0
/epuck2/cmd_vel,46.044895283,0.0,0.0
/epuck2/cmd_vel,46.060013991,0.0,0.0
/epuck2/cmd_vel,46.063170185,0.0,0.0
/epuck2/cmd_vel,46.071204104,0.0,0.0
/epuck2/cmd_vel,46.081748679,0.0,0.0
/epuck2/cmd_vel,46.091477998,0.0,0.0
/epuck2/cmd_vel,46.10166591,0.0,0.0
/epuck2/cmd_vel,46.113176038,0.0,0.0
/epuck2/cmd_vel,46.115953941,0.0,0.0
/epuck2/cmd_vel,46.126613566,0.0,0.0
/epuck2/cmd_vel,46.13083464,0.0,0.0
/epuck2/cmd_vel,46.14010306,0.0,0.0
/epuck2/cmd_vel,46.147257239,0.0,0.0
/epuck2/cmd_vel,46.155868307,0.0,0.0
/epuck2/cmd_vel,46.161436728,0.0,0.0
/epuck2/cmd_vel,46.17497739,0.0,0.0
/epuck2/cmd_vel,46.180895965,0.0,0.0
/epuck2/cmd_vel,46.195297643,0.0,0.0
/epuck2/cmd_vel,46.198441521,0.0,0.0
/epuck2/cmd_vel,46.21185772,0.0,0.0
/epuck2/cmd_vel,46.217445968,0.0,0.0
/epuck2/cmd_vel,46.226538761,0.0,0.0
/epuck2/cmd_vel,46.23440336,0.0,0.0
/epuck2/cmd_vel,46.245079306,0.0,0.0
/epuck2/cmd_vel,46.253066365,0.0,0.0
/epuck2/cmd_vel,46.264177475,0.0,0.0
/epuck2/cmd_vel,46.267352493,0.0,0.0
/epuck2/cmd_vel,46.278924,0.0,0.0
/epuck2/cmd_vel,46.284402605,0.0,0.0
/epuck2/cmd_vel,46.297076442,0.0,0.0
/epuck2/cmd_vel,46.302907605,0.0,0.0
/epuck2/cmd_vel,46.311788723,0.0,0.0
/epuck2/cmd_vel,46.319244392,0.0,0.0
/epuck2/cmd_vel,46.329408474,0.0,0.0
/epuck2/cmd_vel,46.338930223,0.0,0.0
/epuck2/cmd_vel,46.346284862,0.0,0.0
/epuck2/cmd_vel,46.35146508,0.0,0.0
/epuck2/cmd_vel,46.365855443,0.0,0.0
/epuck2/cmd_vel,46.372029951,0.0,0.0
/epuck2/cmd_vel,46.383838966,0.0,0.0
/epuck2/cmd_vel,46.391611747,0.0,0.0
/epuck2/cmd_vel,46.404535809,0.0,0.0
/epuck2/cmd_vel,46.411235998,0.0,0.0
/epuck2/cmd_vel,46.41908716,0.0,0.0
/epuck2/cmd_vel,46.430741538,0.0,0.0
/epuck2/cmd_vel,46.439026075,0.0,0.0
/epuck2/cmd_vel,46.447674448,0.0,0.0
/epuck2/cmd_vel,46.457037878,0.0,0.0
/epuck2/cmd_vel,46.464579724,0.0,0.0
/epuck2/cmd_vel,46.475970586,0.0,0.0
/epuck2/cmd_vel,46.482653202,0.0,0.0
/epuck2/cmd_vel,46.49573319,0.0,0.0
/epuck2/cmd_vel,46.500148686,0.0,0.0
/epuck2/cmd_vel,46.51314197,0.0,0.0
/epuck2/cmd_vel,46.517237983,0.0,0.0
/epuck2/cmd_vel,46.526274722,0.0,0.0
/epuck2/cmd_vel,46.537089093,0.0,0.0
/epuck2/cmd_vel,46.54679163,0.0,0.0
/epuck2/cmd_vel,46.554256183,0.0,0.0
/epuck2/cmd_vel,46.563411364,0.0,0.0
/epuck2/cmd_vel,46.568539114,0.0,0.0
/epuck2/cmd_vel,46.581930676,0.0,0.0
/epuck2/cmd_vel,46.586513873,0.0,0.0
/epuck2/cmd_vel,46.599060922,0.0,0.0
/epuck2/cmd_vel,46.603993338,0.0,0.0
/epuck2/cmd_vel,46.613620085,0.0,0.0
/epuck2/cmd_vel,46.621760148,0.0,0.0
/epuck2/cmd_vel,46.629170236,0.0,0.0
/epuck2/cmd_vel,46.635876579,0.0,0.0
/epuck2/cmd_vel,46.647722788,0.0,0.0
/epuck2/cmd_vel,46.653922624,0.0,0.0
/epuck2/cmd_vel,46.665242501,0.0,0.0
/epuck2/cmd_vel,46.672724275,0.0,0.0
/epuck2/cmd_vel,46.686400678,0.0,0.0
/epuck2/cmd_vel,46.694199132,0.0,0.0
/epuck2/cmd_vel,46.706694519,0.0,0.0
/epuck2/cmd_vel,46.711942213,0.0,0.0
/epuck2/cmd_vel,46.722882836,0.0,0.0
/epuck2/cmd_vel,46.73248335,0.0,0.0
/epuck2/cmd_vel,46.741327558,0.0,0.0
/epuck2/cmd_vel,46.751865097,0.0,0.0
/epuck2/cmd_vel,46.763237838,0.0,0.0
/epuck2/cmd_vel,46.773755653,0.0,0.0
/epuck2/cmd_vel,46.781588448,0.0,0.0
/epuck2/cmd_vel,46.787432457,0.0,0.0
/epuck2/cmd_vel,46.79834835,0.0,0.0
/epuck2/cmd_vel,46.806983407,0.0,0.0
/epuck2/cmd_vel,46.81599882,0.0,0.0
/epuck2/cmd_vel,46.822363554,0.0,0.0
/epuck2/cmd_vel,46.832220877,0.0,0.0
/epuck2/cmd_vel,46.840045161,0.0,0.0
/epuck2/cmd_vel,46.849275132,0.0,0.0
/epuck2/cmd_vel,46.858200036,0.0,0.0
/epuck2/cmd_vel,46.867926302,0.0,0.0
/epuck2/cmd_vel,46.874639654,0.0,0.0
/epuck2/cmd_vel,46.888129434,0.0,0.0
/epuck2/cmd_vel,46.89481255,0.0,0.0
/epuck2/cmd_vel,46.904670273,0.0,0.0
/epuck2/cmd_vel,46.910093378,0.0,0.0
/epuck2/cmd_vel,46.917287707,0.0,0.0
/epuck2/cmd_vel,46.928359086,0.0,0.0
/epuck2/cmd_vel,46.936913246,0.0,0.0
/epuck2/cmd_vel,46.946432463,0.0,0.0
/epuck2/cmd_vel,46.955944272,0.0,0.0
/epuck2/cmd_vel,46.961975706,0.0,0.0
/epuck2/cmd_vel,46.97415992,0.0,0.0
/epuck2/cmd_vel,46.983521849,0.0,0.0
/epuck2/cmd_vel,46.995161209,0.0,0.0
/epuck2/cmd_vel,47.001583011,0.0,0.0
/epuck2/cmd_vel,47.015687829,0.0,0.0
/epuck2/cmd_vel,47.021037946,0.0,0.0
/epuck2/cmd_vel,47.033383153,0.0,0.0
/epuck2/cmd_vel,47.038129746,0.0,0.0
/epuck2/cmd_vel,47.047166084,0.0,0.0
/epuck2/cmd_vel,47.056807949,0.0,0.0
/epuck2/cmd_vel,47.063442506,0.0,0.0
/epuck2/cmd_vel,47.06873115,0.0,0.0
/epuck2/cmd_vel,47.079096181,0.0,0.0
/epuck2/cmd_vel,47.086007771,0.0,0.0
/epuck2/cmd_vel,47.09872963,0.0,0.0
/epuck2/cmd_vel,47.103577445,0.0,0.0
/epuck2/cmd_vel,47.112039094,0.0,0.0
/epuck2/cmd_vel,47.122103565,0.0,0.0
/epuck2/cmd_vel,47.129365175,0.0,0.0
/epuck2/cmd_vel,47.140057699,0.0,0.0
/epuck2/cmd_vel,47.149248523,0.0,0.0
/epuck2/cmd_vel,47.155128976,0.0,0.0
/epuck2/cmd_vel,47.168852837,0.0,0.0
/epuck2/cmd_vel,47.174935132,0.0,0.0
/epuck2/cmd_vel,47.187226975,0.0,0.0
/epuck2/cmd_vel,47.192640167,0.0,0.0
/epuck2/cmd_vel,47.204536436,0.0,0.0
/epuck2/cmd_vel,47.209505496,0.0,0.0
/epuck2/cmd_vel,47.219711537,0.0,0.0
/epuck2/cmd_vel,47.228395453,0.0,0.0
/epuck2/cmd_vel,47.237609304,0.0,0.0
/epuck2/cmd_vel,47.247373415,0.0,0.0
/epuck2/cmd_vel,47.25730763,0.0,0.0
/epuck2/cmd_vel,47.263317038,0.0,0.0
/epuck2/cmd_vel,47.276573338,0.0,0.0
/epuck2/cmd_vel,47.282508957,0.0,0.0
/epuck2/cmd_vel,47.296780074,0.0,0.0
/epuck2/cmd_vel,47.302893807,0.0,0.0
/epuck2/cmd_vel,47.310151612,0.0,0.0
/epuck2/cmd_vel,47.319966484,0.0,0.0
/epuck2/cmd_vel,47.329470583,0.0,0.0
/epuck2/cmd_vel,47.339366653,0.0,0.0
/epuck2/cmd_vel,47.348639575,0.0,0.0
/epuck2/cmd_vel,47.355090011,0.0,0.0
/epuck2/cmd_vel,47.368018718,0.0,0.0
/epuck2/cmd_vel,47.373784133,0.0,0.0
/epuck2/cmd_vel,47.38549588,0.0,0.0
/epuck2/cmd_vel,47.392193213,0.0,0.0
/epuck2/cmd_vel,47.400071262,0.0,0.0
/epuck2/cmd_vel,47.409441301,0.0,0.0
/epuck2/cmd_vel,47.419719395,0.0,0.0
/epuck2/cmd_vel,47.42827157,0.0,0.0
/epuck2/cmd_vel,47.438861904,0.0,0.0
/epuck2/cmd_vel,47.442838711,0.0,0.0
/epuck2/cmd_vel,47.453024496,0.0,0.0
/epuck2/cmd_vel,47.458410364,0.0,0.0
/epuck2/cmd_vel,47.469543199,0.0,0.0
/epuck2/cmd_vel,47.475358342,0.0,0.0
/epuck2/cmd_vel,47.484828735,0.0,0.0
