time_s,current_distance_m,closing_speed_mps,tcpa_s,dcpa_m,trigger_reason
2.98770015,1.0,0.0,0.0,1.0,NONE
2.987783722,1.0,0.0,0.0,1.0,NONE
3.106084581,1.0,0.0,0.0,1.0,NONE
3.10610303,1.0,0.0,0.0,1.0,NONE
3.25109311,1.0,0.0,0.0,1.0,NONE
3.251605411,1.0,0.0,0.0,1.0,NONE
3.3634864,1.0,0.0,0.0,1.0,NONE
3.364435209,1.0,0.0,0.0,1.0,NONE
3.468803713,1.0,0.0,0.0,1.0,NONE
3.468815082,1.0,0.0,0.0,1.0,NONE
3.594948752,1.0,0.0,0.0,1.0,NONE
3.595415976,1.0,0.0,0.0,1.0,NONE
3.714832189,1.0,0.0,0.0,1.0,NONE
3.71487228,1.0,0.0,0.0,1.0,NONE
3.807063366,1.0,0.0,0.0,1.0,NONE
3.807109338,1.0,0.0,0.0,1.0,NONE
3.963787619,1.0,0.0,0.0,1.0,NONE
3.963877968,1.0,0.0,0.0,1.0,NONE
4.056547774,1.0,0.0,0.0,1.0,NONE
4.056984958,1.0,0.0,0.0,1.0,NONE
4.153210779,1.0,0.0,0.0,1.0,NONE
4.15414229,1.0,0.0,0.0,1.0,NONE
4.304175343,1.0,0.0,0.0,1.0,NONE
4.304189105,1.0,0.0,0.0,1.0,NONE
4.402202856,1.0,0.0,0.0,1.0,NONE
4.40355769,1.0,0.0,0.0,1.0,NONE
4.516213969,1.0,0.0,0.0,1.0,NONE
4.518093446,1.0,0.0,0.0,1.0,NONE
4.630337426,1.0,0.0,0.0,1.0,NONE
4.630375223,1.0,0.0,0.0,1.0,NONE
4.74434819,1.0,0.0,0.0,1.0,NONE
4.744927511,1.0,0.0,0.0,1.0,NONE
4.835668113,1.0,0.0,0.0,1.0,NONE
4.836508287,1.0,0.0,0.0,1.0,NONE
4.978632831,1.0,0.0,0.0,1.0,NONE
4.980305201,1.0,0.0,0.0,1.0,NONE
5.074533639,1.0,0.0,0.0,1.0,NONE
5.07493453,1.0,0.0,0.0,1.0,NONE
5.168454031,1.0,0.0,0.0,1.0,NONE
5.170030766,1.0,0.0,0.0,1.0,NONE
5.315389855,1.0,0.0,0.0,1.0,NONE
5.316335636,1.0,0.0,0.0,1.0,NONE
5.405277311,1.0,0.0,0.0,1.0,NONE
5.405982558,1.0,0.0,0.0,1.0,NONE
5.540377102,1.0,0.0,0.0,1.0,NONE
5.540393755,1.0,0.0,0.0,1.0,NONE
5.652234736,1.0,0.0,0.0,1.0,NONE
5.652541287,1.0,0.0,0.0,1.0,NONE
5.768731128,1.0,0.0,0.0,1.0,NONE
5.769322491,1.0,0.0,0.0,1.0,NONE
5.885412105,1.0,0.0,0.0,1.0,NONE
5.885444115,1.0,0.0,0.0,1.0,NONE
6.018194427,1.0,0.0,0.0,1.0,NONE
6.02135825,1.0,0.0,0.0,1.0,NONE
6.113896294,1.0,0.0,0.0,1.0,NONE
6.115293274,1.0,0.0,0.0,1.0,NONE
6.208845673,1.0,0.0,0.0,1.0,NONE
6.209330911,1.0,0.0,0.0,1.0,NONE
6.369668614,1.0,0.0,0.0,1.0,NONE
6.36967709,1.0,0.0,0.0,1.0,NONE
6.460914285,1.0,0.0,0.0,1.0,NONE
6.462684318,1.0,0.0,0.0,1.0,NONE
6.597041023,1.0,0.0,0.0,1.0,NONE
6.598279248,1.0,0.0,0.0,1.0,NONE
6.708628815,1.0,0.0,0.0,1.0,NONE
6.709100392,1.0,0.0,0.0,1.0,NONE
6.819859041,1.0,0.0,0.0,1.0,NONE
6.819868813,1.0,0.0,0.0,1.0,NONE
6.934869053,1.0,0.0,0.0,1.0,NONE
6.935827931,1.0,0.0,0.0,1.0,NONE
7.066962169,1.0,0.0,0.0,1.0,NONE
7.067004848,1.0,0.0,0.0,1.0,NONE
7.160925029,1.0,0.0,0.0,1.0,NONE
7.160930813,1.0,0.0,0.0,1.0,NONE
7.259361589,1.0,0.0,0.0,1.0,NONE
7.259377145,1.0,0.0,0.0,1.0,NONE
7.389057012,1.0,0.0,0.0,1.0,NONE
7.389597179,1.0,0.0,0.0,1.0,NONE
7.481673295,1.0,0.0,0.0,1.0,NONE
7.481695532,1.0,0.0,0.0,1.0,NONE
7.617199266,1.0,0.0,0.0,1.0,NONE
7.617833865,1.0,0.0,0.0,1.0,NONE
7.726182786,1.0,0.0,0.0,1.0,NONE
7.727342892,1.0,0.0,0.0,1.0,NONE
7.846874432,1.0,0.0,0.0,1.0,NONE
7.846902751,1.0,0.0,0.0,1.0,NONE
7.956936626,1.0,0.0,0.0,1.0,NONE
7.957412162,1.0,0.0,0.0,1.0,NONE
8.094041075,1.0,0.0,0.0,1.0,NONE
8.094058226,1.0,0.0,0.0,1.0,NONE
8.188070942,1.0,0.0,0.0,1.0,NONE
8.190109097,1.0,0.0,0.0,1.0,NONE
8.303249664,1.0,0.0,0.0,1.0,NONE
8.303252356,1.0,0.0,0.0,1.0,NONE
8.417815742,1.0,0.0,0.0,1.0,NONE
8.417849545,1.0,0.0,0.0,1.0,NONE
8.511529715,1.0,0.0,0.0,1.0,NONE
8.515055505,1.0,0.0,0.0,1.0,NONE
8.65648565,1.0,0.0,0.0,1.0,NONE
8.656512573,1.0,0.0,0.0,1.0,NONE
8.765988348,1.0,0.0,0.0,1.0,NONE
8.766003405,1.0,0.0,0.0,1.0,NONE
8.892567132,1.0,0.0,0.0,1.0,NONE
8.892580864,1.0,0.0,0.0,1.0,NONE
9.007116571,1.0,0.0,0.0,1.0,NONE
9.008314779,1.0,0.0,0.0,1.0,NONE
9.123415008,1.0,0.0,0.0,1.0,NONE
9.123760829,1.0,0.0,0.0,1.0,NONE
9.265017567,1.0,0.0,0.0,1.0,NONE
9.265034126,1.0,0.0,0.0,1.0,NONE
9.356077209,1.0,0.0,0.0,1.0,NONE
9.356090032,1.0,0.0,0.0,1.0,NONE
9.493129163,0.9998744130134583,0.0006280000088736415,4.0,0.9973624129779637,NONE
9.494350796,0.9998744130134583,0.0006280000088736415,4.0,0.9973624129779637,NONE
9.587306649,0.9998744130134583,0.0006280000088736415,4.0,0.9973624129779637,NONE
9.587932055,0.99924635887146,0.0031399999279528856,4.0,0.9866863591596484,NONE
9.725361435,0.9977391958236694,0.008477999828755856,4.0,0.963827196508646,NONE
9.725436758,0.9977391958236694,0.008477999828755856,4.0,0.963827196508646,NONE
9.837623463,0.9977391958236694,0.008477999828755856,4.0,0.963827196508646,NONE
9.837802906,0.9956039786338806,0.014758000150322914,4.0,0.936571978032589,NONE
9.955894062,0.9932175874710083,0.02260800078511238,4.0,0.9027855843305588,NONE
9.955937511,0.9932175874710083,0.02260800078511238,4.0,0.9027855843305588,NONE
10.068918797,0.9932175874710083,0.02260800078511238,4.0,0.9027855843305588,NONE
10.071257394,0.9902032017707825,0.02449199929833412,4.0,0.892235204577446,NONE
10.206340825,0.9876911640167236,0.02386399917304516,4.0,0.892235167324543,NONE
10.207747229,0.9876911640167236,0.02386399917304516,4.0,0.892235167324543,NONE
10.304179503,0.9851791858673096,0.025119999423623085,4.0,0.8846991881728172,NONE
10.304960379,0.9851791858673096,0.025119999423623085,4.0,0.8846991881728172,NONE
10.398668255,0.9851791858673096,0.025119999423623085,4.0,0.8846991881728172,NONE
10.399756098,0.9817879796028137,0.029516000300645828,4.0,0.8637239784002304,NONE
10.537064513,0.9797784090042114,0.02574799954891205,4.0,0.8767864108085632,NONE
10.539419038,0.9797784090042114,0.02574799954891205,4.0,0.8767864108085632,NONE
10.629220214,0.9797784090042114,0.02574799954891205,4.0,0.8767864108085632,NONE
10.631490763,0.9767639636993408,0.02637599967420101,4.0,0.8712599650025368,NONE
10.767672926,0.973749577999115,0.02386399917304516,4.0,0.8782935813069344,NONE
10.767688854,0.973749577999115,0.02386399917304516,4.0,0.8782935813069344,NONE
10.87953247,0.9707351922988892,0.02763199992477894,4.0,0.8602071925997734,NONE
10.880380117,0.9707351922988892,0.02763199992477894,4.0,0.8602071925997734,NONE
10.999801181,0.9707351922988892,0.02763199992477894,4.0,0.8602071925997734,NONE
11.000169837,0.9682232141494751,0.028888000175356865,4.0,0.8526712134480476,NONE
11.110860634,0.9652087688446045,0.025119999423623085,4.0,0.8647287711501122,NONE
11.112371198,0.9652087688446045,0.025119999423623085,4.0,0.8647287711501122,NONE
11.258088767,0.9626967906951904,0.02637599967420101,4.0,0.8571927919983864,NONE
11.258106887,0.9626967906951904,0.02637599967420101,4.0,0.8571927919983864,NONE
11.355996796,0.9596824049949646,0.02386399917304516,4.0,0.864226408302784,NONE
11.356017433,0.9596824049949646,0.02386399917304516,4.0,0.864226408302784,NONE
11.453485733,0.9596824049949646,0.02386399917304516,4.0,0.864226408302784,NONE
11.453790363,0.9577983617782593,0.02574799954891205,4.0,0.8548063635826111,NONE
11.586828653,0.9542815685272217,0.027003999799489975,4.0,0.8462655693292618,NONE
11.586891371,0.9542815685272217,0.027003999799489975,4.0,0.8462655693292618,NONE
11.678616002,0.9542815685272217,0.027003999799489975,4.0,0.8462655693292618,NONE
11.679767273,0.9522719979286194,0.025119999423623085,4.0,0.851792000234127,NONE
11.825597399,0.9487551748752594,0.02637599967420101,4.0,0.8432511761784554,NONE
11.825660845,0.9487551748752594,0.02637599967420101,4.0,0.8432511761784554,NONE
11.937623981,0.9457407891750336,0.028888000175356865,4.0,0.8301887884736061,NONE
11.937636851,0.9457407891750336,0.028888000175356865,4.0,0.8301887884736061,NONE
12.037369349,0.9437311887741089,0.02763199992477894,4.0,0.8332031890749931,NONE
12.037440437,0.9437311887741089,0.02763199992477894,4.0,0.8332031890749931,NONE
12.194322778,0.9437311887741089,0.02763199992477894,4.0,0.8332031890749931,NONE
12.19535853,0.9417843818664576,0.021037538912851376,4.0,0.8576344070022133,NONE
12.307189746,0.9417843818664576,0.021037538912851376,4.0,0.8576344070022133,NONE
12.308809987,0.9417843222649274,0.009875965318765617,4.0,0.9022830959361261,NONE
12.426678646,0.9417843222649274,0.009875965318765617,4.0,0.9022830959361261,NONE
12.428647087,0.9417216479792929,0.0001561924472056785,4.0,0.9410968803404731,NONE
12.519507785,0.9417216479792929,0.0001561924472056785,4.0,0.9410968803404731,NONE
12.524254266,0.9417216479792929,0.00015513208804145167,4.0,0.9411011245833295,NONE
12.657087256,0.9417216479792929,0.0,0.0,0.9417216479792929,NONE
12.657135218,0.9417216479792929,0.0,0.0,0.9417216479792929,NONE
12.749474658,0.9417216479792929,0.0,0.0,0.9417216479792929,NONE
12.750029797,0.9417830408334665,0.0,0.0,0.9417830408334665,NONE
12.888181787,0.9417227804857686,0.00015039138568072533,4.0,0.9411212322112298,NONE
12.888192937,0.9417227804857686,0.00015039138568072533,4.0,0.9411212322112298,NONE
13.001447972,0.9417227804857686,0.00015039138568072533,4.0,0.9411212322112298,NONE
13.004367264,0.9417227804857686,0.0002955914496159124,4.0,0.940540510136236,NONE
13.116814131,0.9417227804857686,0.0002906319767161618,4.0,0.9405603727545628,NONE
13.117940705,0.9417227804857686,0.0002906319767161618,4.0,0.9405603727545628,NONE
13.232381879,0.9417796435211268,0.0,0.0,0.9417796435211268,NONE
13.23243421,0.9417796435211268,0.0,0.0,0.9417796435211268,NONE
13.366377907,0.9417796435211268,0.0,0.0,0.9417796435211268,NONE
13.369125541,0.9417796435211268,0.0,0.0,0.9417796435211268,NONE
13.462895028,0.9417247474715332,0.0,0.0,0.9417247474715332,NONE
13.463723486,0.9417247474715332,0.0,0.0,0.9417247474715332,NONE
13.557087784,0.9417247474715332,0.0,0.0,0.9417247474715332,NONE
13.558553155,0.9417247474715332,0.00012996783279971286,4.0,0.9412049420759286,NONE
13.697805596,0.9417247474715332,0.00012996783279971286,4.0,0.9412049420759286,NONE
13.697821566,0.9417247474715332,0.0,0.0,0.9417247474715332,NONE
13.787494664,0.9417742495151182,0.0,0.0,0.9417742495151182,NONE
13.787538759,0.9417742495151182,0.0,0.0,0.9417742495151182,NONE
13.92893099,0.9417742495151182,0.0,0.0,0.9417742495151182,NONE
13.928968721,0.9417276681424426,0.0,0.0,0.9417276681424426,NONE
14.036975121,0.9417276681424426,0.00010905174844691567,4.0,0.9412915695674956,NONE
14.038401397,0.9417276681424426,0.00010905174844691567,4.0,0.9412915695674956,NONE
14.163285176,0.9417276681424426,0.00010905174844691567,4.0,0.9412915695674956,NONE
14.164620334,0.9417276681424426,0.00010396448010708683,4.0,0.9413119278483868,NONE
14.280695382,0.9417673057974352,0.0,0.0,0.9417673057974352,NONE
14.280780479,0.9417673057974352,0.0,0.0,0.9417673057974352,NONE
14.413354989,0.9417673057974352,0.0,0.0,0.9417673057974352,NONE
14.415076294,0.9417313338713306,8.924725518664157e-05,4.0,0.9413744866341537,NONE
14.511854321,0.9417313338713306,8.924725518664157e-05,4.0,0.9413744866341537,NONE
14.515475052,0.9417313338713306,0.0001692678588536379,4.0,0.9410548570402907,NONE
14.60757235,0.9416300817085799,0.00042159843673896116,4.0,0.9399474199201658,NONE
14.60758379,0.9416300817085799,0.00042159843673896116,4.0,0.9399474199201658,NONE
14.741124872,0.9416300817085799,0.00042159843673896116,4.0,0.9399474199201658,NONE
14.742019192,0.9411243126934541,0.0021969984067574952,4.0,0.9324378727760174,NONE
14.832461902,0.9406186481803597,0.00454117827233701,4.0,0.9228983309448643,NONE
14.832476441,0.9406186481803597,0.00454117827233701,4.0,0.9228983309448643,NONE
14.978979259,0.9406186481803597,0.00454117827233701,4.0,0.9228983309448643,NONE
14.980079804,0.9398453438853406,0.006147788915504057,4.0,0.9160716000642193,NONE
15.089455977,0.9398453438853406,0.006147788915504057,4.0,0.9160716000642193,NONE
15.089964738,0.9393082509543454,0.005802657989825018,4.0,0.9168281061674128,NONE
15.195444485,0.9388723257105684,0.005943142673394774,4.0,0.9158769110647583,NONE
15.195476671,0.9388723257105684,0.005943142673394774,4.0,0.9158769110647583,NONE
15.326184525,0.9381360830630203,0.006182012950799954,4.0,0.9142551077118422,NONE
15.326208489,0.9381360830630203,0.006182012950799954,4.0,0.9142551077118422,NONE
15.437609981,0.9375012974640439,0.0053562030355599755,4.0,0.9167074240420824,NONE
15.439835938,0.9375012974640439,0.0053562030355599755,4.0,0.9167074240420824,NONE
15.560878428,0.9369676049645356,0.005181338604300519,4.0,0.9168349543364037,NONE
15.562999704,0.9369676049645356,0.005181338604300519,4.0,0.9168349543364037,NONE
15.653733393,0.936434416899803,0.005757987574987643,4.0,0.91413962687445,NONE
15.655486985,0.936434416899803,0.005757987574987643,4.0,0.91413962687445,NONE
15.793503095,0.9358024706318504,0.005893817848498053,4.0,0.9130119163049281,NONE
15.79356171,0.9358024706318504,0.005893817848498053,4.0,0.9130119163049281,NONE
15.884601669,0.9358024706318504,0.005893817848498053,4.0,0.9130119163049281,NONE
15.885224792,0.9352715798500373,0.005719407692618593,4.0,0.9131358028756803,NONE
16.020096916,0.9352715798500373,0.005719407692618593,4.0,0.9131358028756803,NONE
16.021178941,0.9346419838483118,0.005729724402945062,4.0,0.9124644498691499,NONE
16.132537095,0.9340131570509062,0.005782036205186068,4.0,0.9116518393217424,NONE
16.13260593,0.9340131570509062,0.005782036205186068,4.0,0.9116518393217424,NONE
16.229226145,0.9335837017921594,0.005050535315823007,4.0,0.9139612964116876,NONE
16.230936403,0.9335837017921594,0.005050535315823007,4.0,0.9139612964116876,NONE
16.369269323,0.9328245116286046,0.005598117942002348,4.0,0.9111578941764981,NONE
16.369296476,0.9328245116286046,0.005598117942002348,4.0,0.9111578941764981,NONE
16.483313751,0.9328245116286046,0.005598117942002348,4.0,0.9111578941764981,NONE
16.486586477,0.9321004335205594,0.006079581339573375,4.0,0.9086454874727155,NONE
16.612195012,0.9318045975571048,0.005849147707260403,4.0,0.9092006356860852,NONE
16.612232786,0.9318045975571048,0.005849147707260403,4.0,0.9092006356860852,NONE
16.701551064,0.9318045975571048,0.005849147707260403,4.0,0.9092006356860852,NONE
16.704005083,0.9311805340474709,0.0049164714202219175,4.0,0.9120811310033078,NONE
16.837031384,0.9311805340474709,0.0049164714202219175,4.0,0.9120811310033078,NONE
16.83720792,0.9305250182457042,0.005234367984953346,4.0,0.910234323442701,NONE
16.96091932,0.9301323190190732,0.00539182570181425,4.0,0.9092541871805967,NONE
16.960925528,0.9301323190190732,0.00539182570181425,4.0,0.9092541871805967,NONE
17.073322173,0.9294137985522729,0.005054494180993606,4.0,0.9098045328354522,NONE
17.074957663,0.9294137985522729,0.005054494180993606,4.0,0.9098045328354522,NONE
17.208539383,0.9287616516712622,0.00585857016947945,4.0,0.9061528402851408,NONE
17.20911225,0.9287616516712622,0.00585857016947945,4.0,0.9061528402851408,NONE
17.302893862,0.9283709295090544,0.005445480308942828,4.0,0.907303459448871,NONE
17.302935518,0.9283709295090544,0.005445480308942828,4.0,0.907303459448871,NONE
17.439353236,0.9277207702258357,0.005840656972912486,4.0,0.9051863476777222,NONE
17.439365152,0.9277207702258357,0.005840656972912486,4.0,0.9051863476777222,NONE
17.546470209,0.9270073067136063,0.0058283048265192275,4.0,0.9045241755856571,NONE
17.549758714,0.9270073067136063,0.0058283048265192275,4.0,0.9045241755856571,NONE
17.668736673,0.9264892659303275,0.005819304131903195,4.0,0.9040435078993584,NONE
17.669509608,0.9264892659303275,0.005819304131903195,4.0,0.9040435078993584,NONE
17.763938687,0.9259720554221358,0.005810288371106989,4.0,0.9035637315076227,NONE
17.763988153,0.9259720554221358,0.005810288371106989,4.0,0.9035637315076227,NONE
17.897623774,0.9253909253551923,0.005880685884683907,4.0,0.9027261878498973,NONE
17.897692929,0.9253909253551923,0.005880685884683907,4.0,0.9027261878498973,NONE
17.990963661,0.9248754203255218,0.005469354127212,4.0,0.9037424440907394,NONE
17.990977572,0.9248754203255218,0.005469354127212,4.0,0.9037424440907394,NONE
18.125640714,0.9242322321358507,0.005538926053602418,4.0,0.90284486439457,NONE
18.125715574,0.9242322321358507,0.005538926053602418,4.0,0.90284486439457,NONE
18.240122359,0.9236544007356988,0.005529133294761817,4.0,0.9023076236876303,NONE
18.240194717,0.9236544007356988,0.005529133294761817,4.0,0.9023076236876303,NONE
18.338959604,0.9236544007356988,0.005529133294761817,4.0,0.9023076236876303,NONE
18.340166661,0.9231413740058987,0.005440409093149192,4.0,0.9021283136591902,NONE
18.470897586,0.9226293697535025,0.005591560195152155,4.0,0.9010582302922673,NONE
18.471927703,0.9226293697535025,0.005591560195152155,4.0,0.9010582302922673,NONE
18.586422959,0.9226293697535025,0.005591560195152155,4.0,0.9010582302922673,NONE
18.587151936,0.921894560726588,0.005839657060748324,4.0,0.8994013946906269,NONE
18.711872798,0.9214159365653104,0.005729616548979564,4.0,0.8993425014783977,NONE
18.711894515,0.9214159365653104,0.005729616548979564,4.0,0.8993425014783977,NONE
18.804252228,0.9209702668418538,0.005165331197847693,4.0,0.9009969883958632,NONE
18.80429064,0.9209702668418538,0.005165331197847693,4.0,0.9009969883958632,NONE
18.934222108,0.9209702668418538,0.005165331197847693,4.0,0.9009969883958632,NONE
18.934663147,0.9202713691391186,0.004995350634069591,4.0,0.9009373327274561,NONE
19.046088909,0.919764307919245,0.005937260986231686,4.0,0.8969379834718395,NONE
19.046108715,0.919764307919245,0.005937260986231686,4.0,0.8969379834718395,NONE
19.157300604,0.919764307919245,0.005937260986231686,4.0,0.8969379834718395,NONE
19.160791999,0.9191942656017422,0.0060845015991805316,4.0,0.8958312836976277,NONE
19.300938773,0.9191942656017422,0.0060845015991805316,4.0,0.8958312836976277,NONE
19.301800544,0.9185623844150069,0.005283565148807089,4.0,0.8981653356428628,NONE
19.393964362,0.9180575095886521,0.005274957965035201,4.0,0.8976960857830858,NONE
19.395095717,0.9180575095886521,0.005274957965035201,4.0,0.8976960857830858,NONE
19.528562795,0.9180575095886521,0.005274957965035201,4.0,0.8976960857830858,NONE
19.529636532,0.9175534273558379,0.005109132499779415,4.0,0.8978125350367246,NONE
19.642129129,0.9168625125425341,0.005646578063915505,4.0,0.8951336591237167,NONE
19.643155451,0.9168625125425341,0.005646578063915505,4.0,0.8951336591237167,NONE
19.756894639,0.9163610020811201,0.005324091434407661,4.0,0.8958296711687883,NONE
19.756902142,0.9163610020811201,0.005324091434407661,4.0,0.8958296711687883,NONE
19.851975754,0.9163610020811201,0.005324091434407661,4.0,0.8958296711687883,NONE
19.852753172,0.915860348986103,0.00562795338997766,4.0,0.8942087624242816,NONE
19.947473666,0.9153601276876354,0.0057746931275937325,4.0,0.8931721108523867,NONE
19.948648142,0.9153601276876354,0.0057746931275937325,4.0,0.8931721108523867,NONE
20.081800177,0.9148607662483162,0.005998804568460072,4.0,0.8918542239829098,NONE
20.082177537,0.9148607662483162,0.005998804568460072,4.0,0.8918542239829098,NONE
20.175376392,0.9142690778062621,0.005385639649329719,4.0,0.8935178892636008,NONE
20.17539389,0.9142690778062621,0.005385639649329719,4.0,0.8935178892636008,NONE
20.291539921,0.9138023718784015,0.005278835809800956,4.0,0.8934583958349026,NONE
20.29155402,0.9138023718784015,0.005278835809800956,4.0,0.8934583958349026,NONE
20.403030744,0.9133056132578944,0.004727465244693307,4.0,0.8950160230904829,NONE
20.403084038,0.9133056132578944,0.004727465244693307,4.0,0.8950160230904829,NONE
20.519137053,0.9128094147577239,0.0047968618026268,4.0,0.8942639850028707,NONE
20.520099425,0.9128094147577239,0.0047968618026268,4.0,0.8942639850028707,NONE
20.630590701,0.9128094147577239,0.0047968618026268,4.0,0.8942639850028707,NONE
20.630614298,0.9120974770479783,0.005191287068172446,4.0,0.892083246471913,NONE
20.731116396,0.9116960042511046,0.005241025535943724,4.0,0.8915085302790737,NONE
20.733680456,0.9116960042511046,0.005241025535943724,4.0,0.8915085302790737,NONE
20.853471267,0.9116960042511046,0.005241025535943724,4.0,0.8915085302790737,NONE
20.85382569,0.9112031459179174,0.005309029927580264,4.0,0.890768206169554,NONE
20.964966259,0.9105262355328386,0.005066255036986908,4.0,0.8909951163439878,NONE
20.967694196,0.9105262355328386,0.005066255036986908,4.0,0.8909951163439878,NONE
21.090468852,0.9100353785974732,0.0052108056290120644,4.0,0.8899729671283206,NONE
21.090536818,0.9100353785974732,0.0052108056290120644,4.0,0.8899729671283206,NONE
21.186266387,0.9100353785974732,0.0052108056290120644,4.0,0.8899729671283206,NONE
21.187487777,0.9094530639133755,0.005067140071328055,4.0,0.8899192119108879,NONE
21.300929696,0.9094530639133755,0.005067140071328055,4.0,0.8899192119108879,NONE
21.303010657,0.9089634400990833,0.005518270907815652,4.0,0.8877678582673647,NONE
21.428223295,0.9085056087996715,0.004801601420756168,4.0,0.889971626866991,NONE
21.428239687,0.9085056087996715,0.004801601420756168,4.0,0.889971626866991,NONE
21.518920278,0.9085056087996715,0.004801601420756168,4.0,0.889971626866991,NONE
21.519725076,0.9080176284213531,0.0045649873216074485,4.0,0.8903679487923255,NONE
21.650038966,0.9080176284213531,0.0045649873216074485,4.0,0.8903679487923255,NONE
21.651178596,0.9073177740078505,0.0051812505423065,4.0,0.8873786390650205,NONE
21.774534962,0.9073177740078505,0.0051812505423065,4.0,0.8873786390650205,NONE
21.775643208,0.9069232218841283,0.005532199906892038,4.0,0.8857048934063981,NONE
21.866295484,0.9064382868953752,0.0049929046339453826,4.0,0.8872103613785565,NONE
21.866341046,0.9064382868953752,0.0049929046339453826,4.0,0.8872103613785565,NONE
22.005106686,0.9059541770068296,0.005210628920321063,4.0,0.8859265797573893,NONE
22.005120774,0.9059541770068296,0.005210628920321063,4.0,0.8859265797573893,NONE
22.094270161,0.905410998503131,0.005275595870984937,4.0,0.8851490822028119,NONE
22.09433141,0.905410998503131,0.005275595870984937,4.0,0.8851490822028119,NONE
22.233126925,0.905410998503131,0.005275595870984937,4.0,0.8851490822028119,NONE
22.23332806,0.9048083723768782,0.00481266629926301,4.0,0.8862602673846508,NONE
22.324518271,0.9048083723768782,0.00481266629926301,4.0,0.8862602673846508,NONE
22.327542287,0.9043275598180036,0.004503807016696066,4.0,0.8869299765917353,NONE
22.440473343,0.9043275598180036,0.004503807016696066,4.0,0.8869299765917353,NONE
22.440651197,0.9039674857739279,0.004797597783757896,4.0,0.8854815825274867,NONE
22.553636509,0.9033080137876078,0.005458725461639317,4.0,0.8823943316097781,NONE
22.555182039,0.9033080137876078,0.005458725461639317,4.0,0.8823943316097781,NONE
22.651533311,0.9028295240820279,0.00529957921137535,4.0,0.8825034315191093,NONE
22.655178118,0.9028295240820279,0.00529957921137535,4.0,0.8825034315191093,NONE
22.768059415,0.9028295240820279,0.00529957921137535,4.0,0.8825034315191093,NONE
22.768872247,0.9023518697858514,0.005438985168162931,4.0,0.8815200177743348,NONE
22.878538284,0.9017564944825914,0.005426612879996086,4.0,0.88097592498409,NONE
22.88222382,0.9017564944825914,0.005426612879996086,4.0,0.88097592498409,NONE
22.999643028,0.9012804478260683,0.005416701907447928,4.0,0.8805409574728221,NONE
22.999681086,0.9012804478260683,0.005416701907447928,4.0,0.8805409574728221,NONE
23.088939551,0.9009241406230094,0.004816461764726814,4.0,0.8823924557995688,NONE
23.08895853,0.9009241406230094,0.004816461764726814,4.0,0.8823924557995688,NONE
23.224644693,0.9002725491578857,0.0049521110690180755,4.0,0.8812463079181496,NONE
23.224669366,0.9002725491578857,0.0049521110690180755,4.0,0.8812463079181496,NONE
23.315345767,0.9002725491578857,0.0049521110690180755,4.0,0.8812463079181496,NONE
23.316602581,0.8997993192989536,0.005385622937957388,4.0,0.8791886307857587,NONE
23.420420589,0.8993272416399032,0.004712894348182385,4.0,0.8811909045552834,NONE
23.420482421,0.8993272416399032,0.004712894348182385,4.0,0.8811909045552834,NONE
23.54638877,0.8988552911751989,0.005145149465613975,4.0,0.8791332991197864,NONE
23.546418337,0.8988552911751989,0.005145149465613975,4.0,0.8791332991197864,NONE
23.638736328,0.8983846862610743,0.00491545738970644,4.0,0.8795098982092445,NONE
23.640376319,0.8983846862610743,0.00491545738970644,4.0,0.8795098982092445,NONE
23.764990393,0.8983846862610743,0.00491545738970644,4.0,0.8795098982092445,NONE
23.765326023,0.8977399077622037,0.0055613842605140235,4.0,0.8765121168988494,NONE
23.857580567,0.8977399077622037,0.0055613842605140235,4.0,0.8765121168988494,NONE
23.860565239,0.8972720152342745,0.00489357633286003,4.0,0.8784876244080774,NONE
23.98764377,0.8972720152342745,0.00489357633286003,4.0,0.8784876244080774,NONE
23.987661846,0.8968044088137667,0.004592739668517339,4.0,0.8791320402450159,NONE
24.099031972,0.8968044088137667,0.004592739668517339,4.0,0.8791320402450159,NONE
24.100246633,0.8961629706010911,0.004508067570155453,4.0,0.8788084980213584,NONE
24.197343219,0.8957557748663308,0.004645742284586288,4.0,0.8778964638705187,NONE
24.19942561,0.8957557748663308,0.004645742284586288,4.0,0.8778964638705187,NONE
24.320482765,0.8952912623739739,0.004636875558372852,4.0,0.8774685225213619,NONE
24.321277393,0.8952912623739739,0.004636875558372852,4.0,0.8774685225213619,NONE
24.429612914,0.8947693250655943,0.004843771494584188,4.0,0.8761906582297977,NONE
24.430884798,0.8947693250655943,0.004843771494584188,4.0,0.8761906582297977,NONE
24.555644058,0.8947693250655943,0.004843771494584188,4.0,0.8761906582297977,NONE
24.557336075,0.8943070754240979,0.0049787686239188,4.0,0.8752384950752143,NONE
24.650398305,0.8943070754240979,0.0049787686239188,4.0,0.8752384950752143,NONE
24.650425968,0.8938447422551244,0.005257233811883618,4.0,0.8737659235546678,NONE
24.765168644,0.8938447422551244,0.005257233811883618,4.0,0.8737659235546678,NONE
24.766715756,0.893268676053351,0.004597925942422785,4.0,0.8756065662010094,NONE
24.871241754,0.8928093543760756,0.004875794679832957,4.0,0.8741321033844691,NONE
24.871287482,0.8928093543760756,0.004875794679832957,4.0,0.8741321033844691,NONE
24.962629123,0.8924650437376025,0.004797062598599243,4.0,0.8740792633035457,NONE
24.962672256,0.8924650437376025,0.004797062598599243,4.0,0.8740792633035457,NONE
25.10444297,0.8924650437376025,0.004797062598599243,4.0,0.8740792633035457,NONE
25.104477116,0.8918925835789598,0.0047139056279710025,4.0,0.8738168787914169,NONE
25.200879836,0.8913783052653997,0.00513107448207729,4.0,0.871785490867804,NONE
25.200940241,0.8913783052653997,0.00513107448207729,4.0,0.871785490867804,NONE
25.333598717,0.8908085114618968,0.004834061693018595,4.0,0.872303645178492,NONE
25.333768052,0.8908085114618968,0.004834061693018595,4.0,0.872303645178492,NONE
25.431373589,0.8908085114618968,0.004834061693018595,4.0,0.872303645178492,NONE
25.433237172,0.8903531339754773,0.004895433970025613,4.0,0.8716289609271707,NONE
25.52602475,0.8898995103781481,0.00488569763681415,4.0,0.8712155653215217,NONE
25.526089249,0.8898995103781481,0.00488569763681415,4.0,0.8712155653215217,NONE
25.660703563,0.8893896667945459,0.004804081862245415,4.0,0.8710086136052221,NONE
25.660758378,0.8893896667945459,0.004804081862245415,4.0,0.8710086136052221,NONE
25.751211409,0.8893896667945459,0.004804081862245415,4.0,0.8710086136052221,NONE
25.754091402,0.888937965042911,0.0044419216974707345,4.0,0.8718871905248016,NONE
25.870077636,0.8884867913932778,0.004644086459661637,4.0,0.8706991670101618,NONE
25.870088118,0.8884867913932778,0.004644086459661637,4.0,0.8706991670101618,NONE
25.979004479,0.8879239801663781,0.004772747762324812,4.0,0.8696723111299914,NONE
25.979334001,0.8879239801663781,0.004772747762324812,4.0,0.8696723111299914,NONE
26.099541358,0.8879239801663781,0.004772747762324812,4.0,0.8696723111299914,NONE
26.099581787,0.8874745980450127,0.004272759947185559,4.0,0.8710585155876679,NONE
26.193636914,0.8874745980450127,0.004272759947185559,4.0,0.8710585155876679,NONE
26.19428917,0.8870541801580567,0.0043537417093533915,4.0,0.8703361950394287,NONE
26.328653695,0.8865227012802684,0.004533250997908259,4.0,0.869159440395037,NONE
26.328674559,0.8865227012802684,0.004533250997908259,4.0,0.869159440395037,NONE
26.422021928,0.8860768019311648,0.00466315866831617,4.0,0.8682437185845243,NONE
26.423306674,0.8860768019311648,0.00466315866831617,4.0,0.8682437185845243,NONE
26.519901747,0.8857149871244546,0.004466783290194194,4.0,0.8685943012083532,NONE
26.519916221,0.8857149871244546,0.004466783290194194,4.0,0.8685943012083532,NONE
26.656249892,0.8850759006284123,0.004918671169953887,4.0,0.8663257245717745,NONE
26.657370128,0.8850759006284123,0.004918671169953887,4.0,0.8663257245717745,NONE
26.74726605,0.8846600648004663,0.004792270864841559,4.0,0.866362999664801,NONE
26.748383391,0.8846600648004663,0.004792270864841559,4.0,0.866362999664801,NONE
26.882494531,0.8841350399262915,0.005172871564064547,4.0,0.8644796369948244,NONE
26.882559107,0.8841350399262915,0.005172871564064547,4.0,0.8644796369948244,NONE
26.974050404,0.8841350399262915,0.005172871564064547,4.0,0.8644796369948244,NONE
26.975430555,0.8837765206911927,0.004703263607907095,4.0,0.8658126232932967,NONE
27.091190773,0.8832530499138784,0.005357296006148741,4.0,0.8629487806393309,NONE
27.091207241,0.8832530499138784,0.005357296006148741,4.0,0.8629487806393309,NONE
27.203906932,0.8827043064214896,0.004795181189345954,4.0,0.8644290356089447,NONE
27.205339682,0.8827043064214896,0.004795181189345954,4.0,0.8644290356089447,NONE
27.30403655,0.8823751371619188,0.004719189689588722,4.0,0.8643788403532602,NONE
27.304097233,0.8823751371619188,0.004719189689588722,4.0,0.8643788403532602,NONE
27.42483849,0.8819378732317525,0.00457268906064609,4.0,0.8644779815694856,NONE
27.426078411,0.8819378732317525,0.00457268906064609,4.0,0.8644779815694856,NONE
27.536556766,0.8813378102389209,0.004287114985449848,4.0,0.8649245478492456,NONE
27.538079742,0.8813378102389209,0.004287114985449848,4.0,0.8649245478492456,NONE
27.673287833,0.8809027534415632,0.004617470223740349,4.0,0.863291929103948,NONE
27.673304401,0.8809027534415632,0.004617470223740349,4.0,0.863291929103948,NONE
27.767132014,0.8804682463977005,0.004472048613491226,4.0,0.8633900018429008,NONE
27.767700523,0.8804682463977005,0.004472048613491226,4.0,0.8633900018429008,NONE
27.882490029,0.8800350542513096,0.004597643694501006,4.0,0.8625060159056662,NONE
27.884958833,0.8800350542513096,0.004597643694501006,4.0,0.8625060159056662,NONE
27.99770941,0.8795216956732611,0.0043360932166774035,4.0,0.8629393406267813,NONE
27.99984121,0.8795216956732611,0.0043360932166774035,4.0,0.8629393406267813,NONE
28.093123869,0.8795216956732611,0.0043360932166774035,4.0,0.8629393406267813,NONE
28.093205501,0.8790899118029262,0.004732369773434719,4.0,0.8610749831087414,NONE
28.226053496,0.8786593495536278,0.004857038902226433,4.0,0.8602007197249415,NONE
28.226078644,0.8786593495536278,0.004857038902226433,4.0,0.8602007197249415,NONE
28.316690316,0.8781492546001061,0.00488893140384807,4.0,0.8595941448909223,NONE
28.316751291,0.8781492546001061,0.00488893140384807,4.0,0.8595941448909223,NONE
28.45048386,0.8781492546001061,0.00488893140384807,4.0,0.8595941448909223,NONE
28.451430306,0.8777211007124418,0.004544072953029306,4.0,0.8604130011981244,NONE
28.543379734,0.8772137045829325,0.004687417135289117,4.0,0.859384333591645,NONE
28.544262659,0.8772137045829325,0.004687417135289117,4.0,0.859384333591645,NONE
28.640615522,0.8767867473955382,0.004877552383005307,4.0,0.8582797250407065,NONE
28.641883186,0.8767867473955382,0.004877552383005307,4.0,0.8582797250407065,NONE
28.771974477,0.8767867473955382,0.004877552383005307,4.0,0.8582797250407065,NONE
28.772662139,0.876281804146512,0.004709200771086029,4.0,0.8583968746464616,NONE
28.868236061,0.876281804146512,0.004709200771086029,4.0,0.8583968746464616,NONE
28.869134736,0.875857779601485,0.0047648715780646235,4.0,0.8577788398898885,NONE
28.983293204,0.875857779601485,0.0047648715780646235,4.0,0.8577788398898885,NONE
28.984711851,0.8754347334811866,0.004358016502646329,4.0,0.8588263137754452,NONE
29.095869212,0.8749329934876487,0.004631796865336581,4.0,0.8573331497360616,NONE
29.095884376,0.8749329934876487,0.004631796865336581,4.0,0.8573331497360616,NONE
29.215945891,0.8749329934876487,0.004631796865336581,4.0,0.8573331497360616,NONE
29.215968637,0.8745113845751663,0.004423342295556335,4.0,0.857668027786716,NONE
29.312751475,0.8740909542856431,0.004479249351121929,4.0,0.8570510237744594,NONE
29.313095761,0.8740909542856431,0.004479249351121929,4.0,0.8570510237744594,NONE
29.451927609,0.8735923324001527,0.004968862384004016,4.0,0.8548189541763352,NONE
29.45499466,0.8735923324001527,0.004968862384004016,4.0,0.8548189541763352,NONE
29.5463611,0.8735923324001527,0.004968862384004016,4.0,0.8548189541763352,NONE
29.546386939,0.8732784110865596,0.004372941824821249,4.0,0.8566418198174257,NONE
29.644540537,0.872756374472043,0.005011228308712628,4.0,0.8538462041532887,NONE
29.646394854,0.872756374472043,0.005011228308712628,4.0,0.8538462041532887,NONE
29.780499176,0.872756374472043,0.005011228308712628,4.0,0.8538462041532887,NONE
29.780559633,0.872261855359006,0.004695710519856927,4.0,0.8544694949207376,NONE
29.874091664,0.8719242467874612,0.004599461265293646,4.0,0.8544922044393838,NONE
29.87411341,0.8719242467874612,0.004599461265293646,4.0,0.8544922044393838,NONE
30.005036433,0.8712770375966258,0.004410609247018783,4.0,0.8545199865892831,NONE
30.005043416,0.8712770375966258,0.004410609247018783,4.0,0.8545199865892831,NONE
30.096090914,0.8709415405286238,0.004251987866227022,4.0,0.85476970049836,NONE
30.096126027,0.8709415405286238,0.004251987866227022,4.0,0.85476970049836,NONE
30.212996624,0.8709415405286238,0.004251987866227022,4.0,0.85476970049836,NONE
30.213760134,0.8705297031147504,0.004113492486537027,4.0,0.8548625747862331,NONE
30.324895224,0.8705297031147504,0.004113492486537027,4.0,0.8548625747862331,NONE
30.327064257,0.8700417116881242,0.004573113045066239,4.0,0.8527193424405063,NONE
30.44322102,0.8697083110493665,0.004477987535413373,4.0,0.8527418625901798,NONE
30.443275685,0.8697083110493665,0.004477987535413373,4.0,0.8527418625901798,NONE
30.538827636,0.8692226171019757,0.004615759143899586,4.0,0.8517602168074206,NONE
30.538911229,0.8692226171019757,0.004615759143899586,4.0,0.8517602168074206,NONE
30.671829316,0.8692226171019757,0.004615759143899586,4.0,0.8517602168074206,NONE
30.674262195,0.868738290454839,0.004643632452456001,4.0,0.8511962635474232,NONE
30.769615737,0.8683312705219839,0.004188330048985572,4.0,0.8524214148622523,NONE
30.769678183,0.8683312705219839,0.004188330048985572,4.0,0.8524214148622523,NONE
30.862414917,0.8683312705219839,0.004188330048985572,4.0,0.8524214148622523,NONE
30.862538798,0.8679256398160411,0.004558136269019046,4.0,0.8506999567102531,NONE
31.008251881,0.8674443486181808,0.004567935626045488,4.0,0.8501792429825019,NONE
31.00890191,0.8674443486181808,0.004567935626045488,4.0,0.8501792429825019,NONE
31.100538755,0.8669650810467213,0.00459501623465325,4.0,0.8496236667470645,NONE
31.100602392,0.8669650810467213,0.00459501623465325,4.0,0.8496236667470645,NONE
31.200238766,0.8666625881170669,0.004649485417316005,4.0,0.8491333276191297,NONE
31.200905751,0.8666625881170669,0.004649485417316005,4.0,0.8491333276191297,NONE
31.341262707,0.8662603368392953,0.004575490305720324,4.0,0.8489994801612658,NONE
31.341715742,0.8662603368392953,0.004575490305720324,4.0,0.8489994801612658,NONE
31.433020442,0.8657590310245298,0.005061404518197581,4.0,0.846800212528975,NONE
31.435606293,0.8657590310245298,0.005061404518197581,4.0,0.846800212528975,NONE
31.57863827,0.8652840140914252,0.004634028809612534,4.0,0.8478195937798487,NONE
31.578668991,0.8652840140914252,0.004634028809612534,4.0,0.8478195937798487,NONE
31.672874531,0.8649104194153143,0.004351213891378961,4.0,0.8484664009111567,NONE
31.674269544,0.8649104194153143,0.004351213891378961,4.0,0.8484664009111567,NONE
31.770978746,0.864562329438956,0.004341789914141532,4.0,0.8481571311874345,NONE
31.770994405,0.864562329438956,0.004341789914141532,4.0,0.8481571311874345,NONE
31.91551608,0.8641159769942213,0.004391507994113818,4.0,0.847541346269865,NONE
31.915889688,0.8641159769942213,0.004391507994113818,4.0,0.847541346269865,NONE
32.007571431,0.8636212835047283,0.0044394713097694145,4.0,0.846884899402126,NONE
32.007583,0.8636212835047283,0.0044394713097694145,4.0,0.846884899402126,NONE
32.116416878,0.8633252241516519,0.004061865970166705,4.0,0.8479355450946755,NONE
32.117217152,0.8633252241516519,0.004061865970166705,4.0,0.8479355450946755,NONE
32.243019652,0.8627839327550363,0.0041091516825769595,4.0,0.8472331579483163,NONE
32.243032718,0.8627839327550363,0.0041091516825769595,4.0,0.8472331579483163,NONE
32.336078338,0.8627839327550363,0.0041091516825769595,4.0,0.8472331579483163,NONE
32.336174582,0.8623915467490383,0.0043434678813977145,4.0,0.8460148401387545,NONE
32.456361201,0.8619998640078331,0.003600203264216776,4.0,0.848286283393744,NONE
32.458319698,0.8619998640078331,0.003600203264216776,4.0,0.848286283393744,NONE
32.566102668,0.8619998640078331,0.003600203264216776,4.0,0.848286283393744,NONE
32.566221153,0.8616094644887892,0.003712761771455785,4.0,0.8474944050430278,NONE
32.68387141,0.8611224114147025,0.004186256179978403,4.0,0.8453226824560749,NONE
32.685183325,0.8611224114147025,0.004186256179978403,4.0,0.8453226824560749,NONE
32.777950385,0.8607334720513459,0.004175501647160616,4.0,0.844977999614851,NONE
32.778752853,0.8607334720513459,0.004175501647160616,4.0,0.844977999614851,NONE
32.91457842,0.8602980351760687,0.004646092013870739,4.0,0.8428966849204396,NONE
32.914637659,0.8602980351760687,0.004646092013870739,4.0,0.8428966849204396,NONE
33.00657848,0.8599119703110873,0.004152591880712781,4.0,0.8442507631752828,NONE
33.006628942,0.8599119703110873,0.004152591880712781,4.0,0.8442507631752828,NONE
33.138759809,0.8594309037908513,0.0035992039409663027,4.0,0.8457512187567289,NONE
33.138819346,0.8594309037908513,0.0035992039409663027,4.0,0.8457512187567289,NONE
33.235921373,0.8594309037908513,0.0035992039409663027,4.0,0.8457512187567289,NONE
33.236594934,0.8591432662159317,0.003472408091545124,4.0,0.8459240458880163,NONE
33.329632759,0.8591432662159317,0.003472408091545124,4.0,0.8459240458880163,NONE
33.330303427,0.8586636914426372,0.0039980838503634675,4.0,0.84356958764489,NONE
33.466795185,0.858234291187553,0.003986229204597989,4.0,0.8431889109218188,NONE
33.46680795,0.858234291187553,0.003986229204597989,4.0,0.8431889109218188,NONE
33.558663903,0.858234291187553,0.003986229204597989,4.0,0.8431889109218188,NONE
33.559234346,0.8578540127120822,0.0035603065157792484,4.0,0.8443337632020187,NONE
33.676503598,0.8578540127120822,0.0035603065157792484,4.0,0.8443337632020187,NONE
33.679201131,0.8574738604124224,0.003965111821025591,4.0,0.8425152657774956,NONE
33.787131287,0.8574738604124224,0.003965111821025591,4.0,0.8425152657774956,NONE
33.787897595,0.8570003197007132,0.004069853148778279,4.0,0.8416794440498738,NONE
33.90692869,0.8570003197007132,0.004069853148778279,4.0,0.8416794440498738,NONE
33.907443551,0.856716686641187,0.003943941712633755,4.0,0.8418450840013862,NONE
34.00093695,0.8562459366916636,0.0037546796068548653,4.0,0.8420528889298149,NONE
34.003275811,0.8562459366916636,0.0037546796068548653,4.0,0.8420528889298149,NONE
34.133819022,0.85582378149442,0.0036847713074743675,4.0,0.8418857022426538,NONE
34.133838568,0.85582378149442,0.0036847713074743675,4.0,0.8418857022426538,NONE
34.232083682,0.85582378149442,0.0036847713074743675,4.0,0.8418857022426538,NONE
34.232159071,0.855449594526811,0.003966413624585849,4.0,0.8405195447271717,NONE
34.32641803,0.8550763952543989,0.003781087373451286,4.0,0.840807329615009,NONE
34.326469885,0.8550763952543989,0.003781087373451286,4.0,0.840807329615009,NONE
34.464599685,0.8550763952543989,0.003781087373451286,4.0,0.840807329615009,NONE
34.46533094,0.8546106753425748,0.0038261216896512363,4.0,0.8401896141063967,NONE
34.555919163,0.8543322955250294,0.004049635761928895,4.0,0.8391294750876398,NONE
34.558121804,0.8543322955250294,0.004049635761928895,4.0,0.8391294750876398,NONE
34.693324687,0.8543322955250294,0.004049635761928895,4.0,0.8391294750876398,NONE
34.696126653,0.8538241656512413,0.004034262648488699,4.0,0.8386845533614835,NONE
34.784054514,0.853455197961349,0.0037931783126498924,4.0,0.8391693808268345,NONE
34.784057405,0.853455197961349,0.0037931783126498924,4.0,0.8391693808268345,NONE
34.898246174,0.853455197961349,0.0037931783126498924,4.0,0.8391693808268345,NONE
34.899318116,0.8530872541702194,0.004069170857684677,4.0,0.8378395374918644,NONE
35.011277712,0.8526295567416661,0.004340493426779892,4.0,0.8364499141989858,NONE
35.012326919,0.8526295567416661,0.004340493426779892,4.0,0.8364499141989858,NONE
35.10874575,0.8526295567416661,0.004340493426779892,4.0,0.8364499141989858,NONE
35.111420021,0.85226415554195,0.003815726494443027,4.0,0.8379191638647396,NONE
35.234662031,0.85226415554195,0.003815726494443027,4.0,0.8379191638647396,NONE
35.235798688,0.8518995490243405,0.00391853340352755,4.0,0.8372006504294791,NONE
35.349220912,0.8515359428085236,0.003737535852790395,4.0,0.8374784950893716,NONE
35.349851513,0.8515359428085236,0.003737535852790395,4.0,0.8374784950893716,NONE
35.462746441,0.8511956558293277,0.003919283902036477,4.0,0.8364945231248085,NONE
35.463200545,0.8511956558293277,0.003919283902036477,4.0,0.8364945231248085,NONE
35.555834375,0.8507666867384301,0.00410891485129771,4.0,0.8354279170530101,NONE
35.557268783,0.8507666867384301,0.00410891485129771,4.0,0.8354279170530101,NONE
35.685168903,0.8507666867384301,0.00410891485129771,4.0,0.8354279170530101,NONE
35.685668977,0.8503172049098798,0.004038073551071968,4.0,0.8352333137766985,NONE
35.795536536,0.8503172049098798,0.004038073551071968,4.0,0.8352333137766985,NONE
35.797344289,0.8499136838234757,0.004136760760892768,4.0,0.8344973338989943,NONE
35.889281825,0.8495763365130926,0.004140581232680114,4.0,0.8341101277446052,NONE
35.890365779,0.8495763365130926,0.004140581232680114,4.0,0.8341101277446052,NONE
36.033323023,0.8495763365130926,0.004140581232680114,4.0,0.8341101277446052,NONE
36.033414258,0.8490638575933327,0.004717580149869219,4.0,0.8314605044551715,NONE
36.127620908,0.8485750357575074,0.005586530906197232,4.0,0.8278583069670077,NONE
36.127626691,0.8485750357575074,0.005586530906197232,4.0,0.8278583069670077,NONE
36.259575588,0.8480155460228169,0.005137012241210164,4.0,0.8286987311279879,NONE
36.259638605,0.8480155460228169,0.005137012241210164,4.0,0.8286987311279879,NONE
36.355552101,0.8474845215481184,0.004916300941500235,4.0,0.8288544956593817,NONE
36.355590689,0.8474845215481184,0.004916300941500235,4.0,0.8288544956593817,NONE
36.451480353,0.8469630729987564,0.005247800018717581,4.0,0.8270473471263114,NONE
36.451527816,0.8469630729987564,0.005247800018717581,4.0,0.8270473471263114,NONE
36.577762679,0.8469630729987564,0.005247800018717581,4.0,0.8270473471263114,NONE
36.578001594,0.8463061757176705,0.0060929738438605194,4.0,0.8232646872985379,NONE
36.670826703,0.8463061757176705,0.0060929738438605194,4.0,0.8232646872985379,NONE
36.672317927,0.8457454708043013,0.0062344290168532095,4.0,0.8220829593433628,NONE
36.782897024,0.845166459242565,0.006242231906443716,4.0,0.8213939962237744,NONE
36.783002522,0.845166459242565,0.006242231906443716,4.0,0.8213939962237744,NONE
36.890788808,0.845166459242565,0.006242231906443716,4.0,0.8213939962237744,NONE
36.89457339,0.8444434362187816,0.006733509977672956,4.0,0.8187667213445845,NONE
37.006890408,0.8444434362187816,0.006733509977672956,4.0,0.8187667213445845,NONE
37.007328932,0.8438265735589946,0.00689419283354836,4.0,0.81748763583926,NONE
37.101055471,0.8431933661774578,0.006764469994854408,4.0,0.8172325620329272,NONE
37.102499567,0.8431933661774578,0.006764469994854408,4.0,0.8172325620329272,NONE
37.2372414,0.842403702354381,0.006436353881005114,4.0,0.8175742033488017,NONE
37.237292252,0.842403702354381,0.006436353881005114,4.0,0.8175742033488017,NONE
37.333287487,0.8418761786772109,0.007286978561833988,4.0,0.8138362665925559,NONE
37.333488701,0.8418761786772109,0.007286978561833988,4.0,0.8138362665925559,NONE
37.428210742,0.8418761786772109,0.007286978561833988,4.0,0.8138362665925559,NONE
37.428735614,0.8410095319986794,0.00787002162218248,4.0,0.81071807141755,NONE
37.563570377,0.8401930888203339,0.006777857004705652,4.0,0.8138865058474201,NONE
37.563625716,0.8401930888203339,0.006777857004705652,4.0,0.8138865058474201,NONE
37.655356466,0.8401930888203339,0.006777857004705652,4.0,0.8138865058474201,NONE
37.655635852,0.839585022642702,0.00727115015265092,4.0,0.8113833754444661,NONE
37.790349867,0.8385744261290177,0.00839355722701252,4.0,0.8060691739681488,NONE
37.790370507,0.8385744261290177,0.00839355722701252,4.0,0.8060691739681488,NONE
37.880360407,0.8385744261290177,0.00839355722701252,4.0,0.8060691739681488,NONE
37.880949669,0.8377767557306379,0.008261239860831876,4.0,0.8057003987427791,NONE
37.9967261,0.8370445151635525,0.007396838887585484,4.0,0.808180759360287,NONE
37.998290685,0.8370445151635525,0.007396838887585484,4.0,0.808180759360287,NONE
38.112097525,0.8362144431853403,0.00816512116206973,4.0,0.8043828001279237,NONE
38.112115173,0.8362144431853403,0.00816512116206973,4.0,0.8043828001279237,NONE
38.21029949,0.8352825950643656,0.009745766389523798,4.0,0.7973952313680294,NONE
38.210474673,0.8352825950643656,0.009745766389523798,4.0,0.7973952313680294,NONE
38.331633529,0.8345922399611684,0.009548627092505,4.0,0.79739866822893,NONE
38.333848596,0.8345922399611684,0.009548627092505,4.0,0.79739866822893,NONE
38.442379297,0.8334490991854683,0.009239364016143472,4.0,0.7973393226800277,NONE
38.444572329,0.8334490991854683,0.009239364016143472,4.0,0.7973393226800277,NONE
38.565334554,0.8325516216701989,0.009164272266699958,4.0,0.7966755414584407,NONE
38.56597666,0.8325516216701989,0.009164272266699958,4.0,0.7966755414584407,NONE
38.661474002,0.8317305167246157,0.009885055423719638,4.0,0.7930440709243752,NONE
38.662846952,0.8317305167246157,0.009885055423719638,4.0,0.7930440709243752,NONE
38.779748863,0.8306164568637888,0.009840247918805623,4.0,0.7920345301565908,NONE
38.779801309,0.8306164568637888,0.009840247918805623,4.0,0.7920345301565908,NONE
38.891568986,0.8297667502912116,0.008797119047230406,4.0,0.7951578785197996,NONE
38.891607969,0.8297667502912116,0.008797119047230406,4.0,0.7951578785197996,NONE
38.982980228,0.8290014892634527,0.009491650555766035,4.0,0.7916792786429632,NONE
38.983876654,0.8290014892634527,0.009491650555766035,4.0,0.7916792786429632,NONE
39.126051978,0.8290014892634527,0.009491650555766035,4.0,0.7916792786429632,NONE
39.126090464,0.8278854824119919,0.009673975928372686,4.0,0.7898000815169117,NONE
39.215146231,0.8265513834176352,0.011595475390234129,4.0,0.7809764187747095,NONE
39.216636985,0.8265513834176352,0.011595475390234129,4.0,0.7809764187747095,NONE
39.374617367,0.8256479322781282,0.010606682533283111,4.0,0.7838483255674635,NONE
39.374645583,0.8256479322781282,0.010606682533283111,4.0,0.7838483255674635,NONE
39.471731598,0.8256479322781282,0.010606682533283111,4.0,0.7838483255674635,NONE
39.472496417,0.8248357687877451,0.009429675771655075,4.0,0.7875850566819085,NONE
39.566395538,0.8248357687877451,0.009429675771655075,4.0,0.7875850566819085,NONE
39.567731852,0.8236537060681196,0.010362107745974751,4.0,0.7827203698784935,NONE
39.701233847,0.8236537060681196,0.010362107745974751,4.0,0.7827203698784935,NONE
39.702507149,0.8226648746663529,0.01046483477529468,4.0,0.781299646475923,NONE
39.792425257,0.8214523204224995,0.011686262700975614,4.0,0.7752679301406799,NONE
39.794940282,0.8214523204224995,0.011686262700975614,4.0,0.7752679301406799,NONE
39.910281577,0.820438613732744,0.010453014771770188,4.0,0.7790446042639618,NONE
39.910344288,0.820438613732744,0.010453014771770188,4.0,0.7790446042639618,NONE
40.020517849,0.8191971748663675,0.011006860605394608,4.0,0.7755883263183556,NONE
40.020544768,0.8191971748663675,0.011006860605394608,4.0,0.7755883263183556,NONE
40.141993468,0.8191971748663675,0.011006860605394608,4.0,0.7755883263183556,NONE
40.143662441,0.8181602827393055,0.010825362762841056,4.0,0.7752370888854933,NONE
40.234322176,0.8173347024139721,0.01119058499261681,4.0,0.7729501546936093,NONE
40.234351488,0.8173347024139721,0.01119058499261681,4.0,0.7729501546936093,NONE
40.369950867,0.8173347024139721,0.01119058499261681,4.0,0.7729501546936093,NONE
40.370132919,0.8158331883846782,0.012027562822124787,4.0,0.768115079844957,NONE
40.4650603,0.8158331883846782,0.012027562822124787,4.0,0.768115079844957,NONE
40.467091083,0.8147650828998049,0.011860738600004687,4.0,0.7676686709762838,NONE
40.559009627,0.8147650828998049,0.011860738600004687,4.0,0.7676686709762838,NONE
40.560720275,0.8136886268867224,0.012940222577207275,4.0,0.7623126522090666,NONE
40.692749806,0.8123749028454138,0.011906028890632877,4.0,0.7650441959493993,NONE
40.693031956,0.8123749028454138,0.011906028890632877,4.0,0.7650441959493993,NONE
40.783258297,0.8123749028454138,0.011906028890632877,4.0,0.7650441959493993,NONE
40.784022994,0.8112242031685007,0.012116134571887422,4.0,0.7630440802031879,NONE
40.932874367,0.8098923998158233,0.012917329658044137,4.0,0.7585225363963234,NONE
40.934864191,0.8098923998158233,0.012917329658044137,4.0,0.7585225363963234,NONE
41.024507562,0.8098923998158233,0.012917329658044137,4.0,0.7585225363963234,NONE
41.025004867,0.8088447248197085,0.012108679254812462,4.0,0.7606539092383255,NONE
41.122560895,0.8079097479269852,0.011123972187552773,4.0,0.763609061034263,NONE
41.124767268,0.8079097479269852,0.011123972187552773,4.0,0.763609061034263,NONE
41.271191716,0.8063839738223308,0.010735914525760375,4.0,0.7636089511097767,NONE
41.271250976,0.8063839738223308,0.010735914525760375,4.0,0.7636089511097767,NONE
41.361194587,0.8063839738223308,0.010735914525760375,4.0,0.7636089511097767,NONE
41.361221542,0.8054412930707828,0.010769202429533647,4.0,0.7625258462916086,NONE
41.477402068,0.8041414252897089,0.012132805685541502,4.0,0.7558064147228258,NONE
41.477450526,0.8041414252897089,0.012132805685541502,4.0,0.7558064147228258,NONE
41.607134904,0.8041414252897089,0.012132805685541502,4.0,0.7558064147228258,NONE
41.607255041,0.8027190751744464,0.01231609892580755,4.0,0.7536470558704895,NONE
41.702291331,0.8027190751744464,0.01231609892580755,4.0,0.7536470558704895,NONE
41.702673547,0.8015901054522906,0.011152397774356478,4.0,0.7571313581558596,NONE
41.828927691,0.8002205958411983,0.012516033921839299,4.0,0.750340636287062,NONE
41.832153655,0.8002205958411983,0.012516033921839299,4.0,0.750340636287062,NONE
41.94105133,0.8002205958411983,0.012516033921839299,4.0,0.750340636287062,NONE
41.94325815,0.797952609233022,0.016283111422427856,4.0,0.7331226589069018,NONE
42.042210724,0.7960391230093345,0.021088130397830675,4.0,0.7121960534453283,NONE
42.042217074,0.7960391230093345,0.021088130397830675,4.0,0.7121960534453283,NONE
42.166740692,0.7960391230093345,0.021088130397830675,4.0,0.7121960534453283,NONE
42.168182271,0.7932250805386211,0.023821610531774697,4.0,0.6985765952771263,NONE
42.279257535,0.7903464344648032,0.02534571944792456,4.0,0.6896784004763913,NONE
42.279306421,0.7903464344648032,0.02534571944792456,4.0,0.6896784004763913,NONE
42.403877412,0.7879445239959408,0.02492246892989979,4.0,0.6889296303032365,NONE
42.4043066,0.7879445239959408,0.02492246892989979,4.0,0.6889296303032365,NONE
42.517981383,0.7879445239959408,0.02492246892989979,4.0,0.6889296303032365,NONE
42.518577085,0.7851194509294414,0.02601695151154209,4.0,0.6817659083121049,NONE
42.616930833,0.7851194509294414,0.02601695151154209,4.0,0.6817659083121049,NONE
42.617423018,0.782652637050816,0.028734783984689996,4.0,0.6685939255129332,NONE
42.742938464,0.782652637050816,0.028734783984689996,4.0,0.6685939255129332,NONE
42.746387086,0.7803046216354883,0.027542006925143765,4.0,0.6709348594934914,NONE
42.856147537,0.7774132238858185,0.027870291527017907,4.0,0.6667347660083348,NONE
42.856184377,0.7774132238858185,0.027870291527017907,4.0,0.6667347660083348,NONE
42.969803465,0.7750632676742489,0.02501757712139787,4.0,0.6756249508940678,NONE
42.969873018,0.7750632676742489,0.02501757712139787,4.0,0.6756249508940678,NONE
43.07771354,0.7725913431046794,0.027740623192275268,4.0,0.6624140137866568,NONE
43.077775343,0.7725913431046794,0.027740623192275268,4.0,0.6624140137866568,NONE
43.191383962,0.7697566545576622,0.027448159343021063,4.0,0.6607281253481624,NONE
43.194049033,0.7697566545576622,0.027448159343021063,4.0,0.6607281253481624,NONE
43.307331326,0.7673439569836058,0.02382233990137097,4.0,0.6726237597729304,NONE
43.310372146,0.7673439569836058,0.02382233990137097,4.0,0.6726237597729304,NONE
43.400836105,0.7649920346578473,0.026244713110310618,4.0,0.6607096275349936,NONE
43.400895291,0.7649920346578473,0.026244713110310618,4.0,0.6607096275349936,NONE
43.538370376,0.7649920346578473,0.026244713110310618,4.0,0.6607096275349936,NONE
43.53882665,0.7620346630712969,0.02776176927334328,4.0,0.6517711627806847,NONE
43.630829942,0.7596209291444657,0.02775445411804998,4.0,0.6493945696262016,NONE
43.631682398,0.7596209291444657,0.02775445411804998,4.0,0.6493945696262016,NONE
43.745582014,0.7572676882907164,0.026255969976735943,4.0,0.6529412997367225,NONE
43.746894067,0.7572676882907164,0.026255969976735943,4.0,0.6529412997367225,NONE
43.861380627,0.7543709420062531,0.023834055807241745,4.0,0.6596083440211468,NONE
43.861444667,0.7543709420062531,0.023834055807241745,4.0,0.6596083440211468,NONE
43.95688773,0.7543709420062531,0.023834055807241745,4.0,0.6596083440211468,NONE
43.958337631,0.7519576877122991,0.02624060892779389,4.0,0.6477083555730895,NONE
44.10465281,0.7495450822985524,0.026535052244178802,4.0,0.6441432494175161,NONE
44.104716347,0.7495450822985524,0.026535052244178802,4.0,0.6441432494175161,NONE
44.194613653,0.7471921905805958,0.02624338074979105,4.0,0.6429352589000189,NONE
44.196919601,0.7471921905805958,0.02624338074979105,4.0,0.6429352589000189,NONE
44.309208644,0.744779331659063,0.023823732461314893,4.0,0.6500725089966867,NONE
44.309243027,0.744779331659063,0.023823732461314893,4.0,0.6500725089966867,NONE
44.43801271,0.7414024388404519,0.022910225415097265,4.0,0.6503105778364416,NONE
44.439036548,0.7414024388404519,0.022910225415097265,4.0,0.6503105778364416,NONE
44.535213509,0.7389911692601984,0.025314793625159114,4.0,0.6384197447294959,NONE
44.535226277,0.7389911692601984,0.025314793625159114,4.0,0.6384197447294959,NONE
44.65754129,0.7389911692601984,0.025314793625159114,4.0,0.6384197447294959,NONE
44.657581405,0.7366405614625522,0.028640470647683082,4.0,0.622972487050556,NONE
44.767349902,0.7337468317527505,0.02742536202308547,4.0,0.6248694327791997,NONE
44.767821535,0.7337468317527505,0.02742536202308547,4.0,0.6248694327791997,NONE
44.87326027,0.731336162278448,0.028622787628553713,4.0,0.6177595056736298,NONE
44.873273627,0.731336162278448,0.028622787628553713,4.0,0.6177595056736298,NONE
44.981135771,0.731336162278448,0.028622787628553713,4.0,0.6177595056736298,NONE
44.981350096,0.7294081068498184,0.025302799819845248,4.0,0.6289028077235029,NONE
45.094491209,0.7260350791546992,0.026497000122730506,4.0,0.6208392402457406,NONE
45.094576879,0.7260350791546992,0.026497000122730506,4.0,0.6208392402457406,NONE
45.207954914,0.7236266089976663,0.02528521123337079,4.0,0.6232095551977088,NONE
45.207967669,0.7236266089976663,0.02528521123337079,4.0,0.6232095551977088,NONE
45.299755178,0.7236266089976663,0.02528521123337079,4.0,0.6232095551977088,NONE
45.300419845,0.721278578017105,0.02258438563714291,4.0,0.6315056283801695,NONE
45.436707397,0.7183882840790233,0.02498458549758848,4.0,0.6191609682679053,NONE
45.437179533,0.7183882840790233,0.02498458549758848,4.0,0.6191609682679053,NONE
45.528969955,0.716461989687415,0.026182449381808297,4.0,0.6125261750428527,NONE
45.529031319,0.716461989687415,0.026182449381808297,4.0,0.6125261750428527,NONE
45.660268487,0.7135734096543687,0.026473874428476218,4.0,0.6085022817884368,NONE
45.662222716,0.7135734096543687,0.026473874428476218,4.0,0.6085022817884368,NONE
45.755875571,0.7111670645405173,0.02405986391146949,4.0,0.6156055240935941,NONE
45.755957022,0.7111670645405173,0.02405986391146949,4.0,0.6156055240935941,NONE
45.853214572,0.7111670645405173,0.02405986391146949,4.0,0.6156055240935941,NONE
45.855147617,0.7083413244004815,0.02628841470359194,4.0,0.6040331757859783,NONE
45.986534462,0.7059381912903966,0.025078760302691162,4.0,0.6063953059720514,NONE
45.987265136,0.7059381912903966,0.025078760302691162,4.0,0.6063953059720514,NONE
46.08110044,0.7059381912903966,0.025078760302691162,4.0,0.6063953059720514,NONE
46.082768487,0.7030554259151459,0.02627009446906273,4.0,0.5988407816435191,NONE
46.197944446,0.7030554259151459,0.02627009446906273,4.0,0.5988407816435191,NONE
46.199925954,0.7007135332413106,0.024928084419736256,4.0,0.6017703322188169,NONE
46.30880118,0.6978308386161429,0.02251669966759214,4.0,0.6083902859677518,NONE
46.311028622,0.6978308386161429,0.02251669966759214,4.0,0.6083902859677518,NONE
46.429664294,0.6959096622375612,0.02251085474515271,4.0,0.6064979203987554,NONE
46.430349614,0.6959096622375612,0.02251085474515271,4.0,0.6064979203987554,NONE
46.52101639,0.6930288380399983,0.025202235239405672,4.0,0.5930371469514176,NONE
46.521933094,0.6930288380399983,0.025202235239405672,4.0,0.5930371469514176,NONE
46.657308944,0.6901491690797181,0.02639181739600299,4.0,0.5854980679114767,NONE
46.657982123,0.6901491690797181,0.02639181739600299,4.0,0.5854980679114767,NONE
46.749770698,0.6901491690797181,0.02639181739600299,4.0,0.5854980679114767,NONE
46.750018436,0.6882300212455085,0.025185421462493335,4.0,0.588323678512889,NONE
46.849962943,0.6853522717103133,0.026373980793744763,4.0,0.5807929354319642,NONE
46.852152978,0.6853522717103133,0.026373980793744763,4.0,0.5807929354319642,NONE
46.983593238,0.6829550405747156,0.025166515475965445,4.0,0.5831448296978454,NONE
46.983704123,0.6829550405747156,0.025166515475965445,4.0,0.5831448296978454,NONE
47.078716665,0.6796606916935527,0.02483764744449855,4.0,0.5811685819560131,NONE
47.080419646,0.6796606916935527,0.02483764744449855,4.0,0.5811685819560131,NONE
47.222391802,0.6796606916935527,0.02483764744449855,4.0,0.5811685819560131,NONE
47.223692248,0.6773264731300931,0.026941896977655946,4.0,0.5705799789456759,NONE
47.31703379,0.6773264731300931,0.026941896977655946,4.0,0.5705799789456759,NONE
47.317776902,0.6749320703711167,0.0236405722578531,4.0,0.5811475363394928,NONE
47.431925977,0.672538525473601,0.024828615681928016,4.0,0.5740993899672436,NONE
47.431963875,0.6724188829782772,0.025426434896323385,4.0,0.5716354893182802,NONE
47.54880307,0.6690694229885279,0.02810426731320339,4.0,0.5578201804615237,NONE
47.548851094,0.6684714926026907,0.031091217309870113,4.0,0.5455712845281037,NONE
47.646148313,0.6665584699213302,0.029886533285523147,4.0,0.5483671932358558,NONE
47.647854102,0.6654826430571567,0.03466255334458073,4.0,0.5287304147608621,NONE
47.763326982,0.6630925778249345,0.0322598851634105,4.0,0.5356881766666624,NONE
47.763381322,0.6615395064599308,0.03702998133228826,4.0,0.5156707736337114,NONE
47.875662019,0.6590315327614218,0.042089715871416265,4.0,0.4937387494171319,NONE
47.877482204,0.6561665156986071,0.04207009918339293,4.0,0.4909965013825846,NONE
47.991577148,0.6537800206119645,0.04622908582210295,4.0,0.47279952989138607,NONE
47.992689818,0.651871509284591,0.04859965135824998,4.0,0.46195691778914655,NONE
48.084209767,0.649009886571074,0.048576216915111076,4.0,0.4592557311075276,NONE
48.084226699,0.646626282707373,0.0500459114126041,4.0,0.45139994590223287,NONE
48.216750925,0.6437672071364635,0.05002116426533417,4.0,0.44871450858410583,NONE
48.218512502,0.6409692346614424,0.04849020915442205,4.0,0.45178446712787085,NONE
48.312566265,0.6385889393414889,0.04846961936198366,4.0,0.44954647574845175,NONE
48.31259612,0.6362694694131251,0.04698108410264795,4.0,0.45285694070721466,NONE
48.421439094,0.6338912007918825,0.050527387021182465,4.0,0.43723896862984024,NONE
48.42152275,0.6319893252713659,0.050509703703750436,4.0,0.43546360152235164,NONE
48.535367528,0.6291377677678962,0.04870112853454258,4.0,0.4394610144817225,NONE
48.538837183,0.6254567822272165,0.049260678274844295,4.0,0.4338010656525488,NONE
48.631494247,0.6235579209780349,0.04924270205118495,4.0,0.4320296821048352,NONE
48.632122315,0.6216597559617459,0.05041069511466957,4.0,0.4258464961704132,NONE
48.772596831,0.618339654746383,0.0515631300161353,4.0,0.4183744542765983,NONE
48.772700725,0.6154955847697074,0.05094146704225538,4.0,0.41793618511961933,NONE
48.867601235,0.6131267885456443,0.04854877263742137,4.0,0.42452495940934526,NONE
48.868355868,0.6107591506999444,0.05089225993736074,4.0,0.41356167235650104,NONE
48.985348969,0.6083926424681632,0.04850130632163984,4.0,0.4201289217005673,NONE
48.986569777,0.6060273055093889,0.04847715489035633,4.0,0.41793619768642704,NONE
49.096257148,0.6036631535918401,0.04608917125694894,4.0,0.4245249594093452,NONE
49.097249274,0.6013002147067007,0.04724682377840038,4.0,0.4179361981161367,NONE
49.213579956,0.5984662823242135,0.04839793793870388,4.0,0.4109440666631188,NONE
49.216025178,0.5951622762120997,0.05072146648925792,4.0,0.3992341816132512,NONE
49.308312743,0.5932753670995264,0.04952077823996056,4.0,0.40182629711879736,NONE
49.308375721,0.591447651422574,0.05055231240210526,4.0,0.396253426578916,NONE
49.441149526,0.587736359963418,0.05137117871649658,4.0,0.38978034597459604,NONE
49.441560234,0.5849111345574503,0.05133692785534846,4.0,0.38721709100799717,NONE
49.53269978,0.583028713000108,0.05131381699437469,4.0,0.38551188918589024,NONE
49.533094267,0.5811471431775119,0.050114767955344676,4.0,0.38807078484617175,NONE
49.633167455,0.5784438971835745,0.04978786833827669,4.0,0.38668390001396424,NONE
49.633191985,0.5760947179996068,0.049024912532286566,4.0,0.38721709762530643,NONE
49.773314173,0.5732775170192927,0.0454698544977412,4.0,0.39750805124118643,NONE
49.773406887,0.5704623458444298,0.046609635489421,4.0,0.39063619799820154,NONE
49.864844341,0.5685866905090385,0.047758932680626,4.0,0.38466040965010784,NONE
49.86495962,0.5662434068193178,0.04919361128387048,4.0,0.37724197321270586,NONE
49.980635532,0.5634333939438521,0.05149752557661873,4.0,0.36633255296012385,NONE
49.980681564,0.5610933303095612,0.05146488195171779,4.0,0.3642508258351696,NONE
50.093276553,0.5582872348362866,0.05025641279306878,4.0,0.36591577044972357,NONE
50.093304973,0.5559505086495328,0.04788763669011674,4.0,0.372189638531016,NONE
50.209693376,0.5531484262401929,0.04901665387658737,4.0,0.36549921587454404,NONE
50.210364539,0.550348601766137,0.04664484075033925,4.0,0.3713504007272054,NONE
50.322276457,0.5475510696181549,0.04660657529213727,4.0,0.3688377046441097,NONE
50.323475484,0.5452215471262306,0.0477385925923929,4.0,0.3625893927478076,NONE
50.421492127,0.5434760511511506,0.04727699858329026,4.0,0.362590258151094,NONE
50.421503435,0.5416145919773181,0.046087079795766636,4.0,0.3650837430272039,NONE
50.537949077,0.5388243987573897,0.04720938192119992,4.0,0.35845223837340484,NONE
50.539020215,0.5360366196484913,0.048329022417077955,4.0,0.35187937997696317,NONE
50.651221934,0.5333673264134395,0.04799771267336157,4.0,0.35055173345472024,NONE
50.651518838,0.5310480678242041,0.0482513131523105,4.0,0.34749786228324253,NONE
50.762372728,0.5287305910242605,0.0470561137106834,4.0,0.3495322481692616,NONE
50.765172657,0.5259519516399186,0.04599970173862132,4.0,0.35065378846054734,NONE
50.855617768,0.5236384112282615,0.0482760584646781,4.0,0.34052826482315396,NONE
50.855642873,0.5213267009663175,0.04939284457674411,4.0,0.33453219636332376,NONE
51.002867104,0.5185551026238534,0.05078754026009379,4.0,0.3272247608517696,NONE
51.002903612,0.5157862418562488,0.0507372011766417,4.0,0.32487659137048935,NONE
51.099415889,0.5134809704065607,0.048390326940854426,4.0,0.33076726810051627,NONE
51.099498106,0.5111776676345848,0.04834913911741365,4.0,0.32879626141876717,NONE
51.191672871,0.5093364294737698,0.049466161673102235,4.0,0.3233173014071812,NONE
51.191680773,0.5070366730964856,0.04597483918157597,4.0,0.3331421191823621,NONE
51.328560131,0.5042796333641699,0.047074025947568314,4.0,0.32683264070271467,NONE
51.328731767,0.5010668497448815,0.04701442809886877,4.0,0.32409631846432607,NONE
51.421567971,0.4992328201571674,0.0481257051046671,4.0,0.3186696280389745,NONE
51.421629884,0.49740014043197855,0.04808989603750657,4.0,0.31713074011595394,NONE
51.544193734,0.4947686933687993,0.04860953797805757,4.0,0.3130224092833168,NONE
51.544239844,0.49202527387804573,0.04969597830287496,4.0,0.3069803428687496,NONE
51.655349687,0.4892850363030193,0.04621440800847433,4.0,0.3160768157590381,NONE
51.656700771,0.48609219344249727,0.04614994103443106,4.0,0.3134030394235312,NONE
51.769267521,0.48438357234752366,0.04440692059457593,4.0,0.31770819375649545,NONE
51.770391057,0.48256249503943954,0.04550821681022366,4.0,0.31235718684789604,NONE
51.881509655,0.47983371452544904,0.04658768916935671,4.0,0.3063250704762899,NONE
51.881538049,0.4766544709079123,0.04935497615040693,4.0,0.2945484743489057,NONE
51.984289432,0.47438649304306807,0.04986830832571231,4.0,0.2909527185758039,NONE
51.985575763,0.4721209925814621,0.04981356278337743,4.0,0.289170809148501,NONE
52.106618215,0.470310395090959,0.04750695923360738,4.0,0.2949103398676469,NONE
52.106895457,0.46804942563638874,0.04519364602177439,4.0,0.3003869239531706,NONE
52.21953117,0.46488840781188895,0.04624890649971531,4.0,0.2941870059021202,NONE
52.219546366,0.4621830687653461,0.04731019295025927,4.0,0.2884610939526537,NONE
52.336766219,0.4599315443114522,0.04837876582192633,4.0,0.28319513762204057,NONE
52.336782616,0.4581322747670096,0.04833186221157262,4.0,0.28180829953076597,NONE
52.428382334,0.4558856590308842,0.047149835050053296,4.0,0.28354301274084714,NONE
52.428436022,0.453193385162743,0.04707905692997484,4.0,0.28146275397716275,NONE
52.558770829,0.45061757144094244,0.04533106092044465,4.0,0.284677480915426,NONE
52.558853111,0.44838046846906754,0.0452722513765988,4.0,0.28293524235935635,NONE
52.668223023,0.44659287478070325,0.04634122214613948,4.0,0.2781195778299423,NONE
52.668955884,0.44391503169411645,0.04626681856075312,4.0,0.2760848533728436,NONE
52.760384171,0.44213221913030565,0.047330114068050766,4.0,0.2714080724246909,NONE
52.761260205,0.4394616698739284,0.04391617836346745,4.0,0.27948587137056025,NONE
52.893272251,0.4367955959091688,0.046616648556274204,4.0,0.26910814422142265,NONE
52.894806397,0.4338017098756506,0.046249050016758886,4.0,0.2677246524699323,NONE
52.98450766,0.43158781319680306,0.04728721754799282,4.0,0.2629221880517782,NONE
52.986691844,0.4293772139162294,0.046112064438952396,4.0,0.26450885740357183,NONE
53.101422873,0.42716992037555696,0.046317670661616815,4.0,0.2621342982703475,NONE
53.10309894,0.4249660172722659,0.04514496015499052,4.0,0.2637137297709956,NONE
53.212829853,0.42276555097580926,0.04507395623284967,4.0,0.2621342982703475,NONE
53.214793859,0.4196907814137915,0.04497267034499913,4.0,0.2599477591713154,NONE
53.328766211,0.417060819479199,0.04707353366331739,4.0,0.2520899428227099,NONE
53.328806488,0.4153104141960776,0.04919714072590472,4.0,0.24523096783180023,NONE
53.442727069,0.41312571851423724,0.04802222172037767,4.0,0.24662703692986981,NONE
53.444697871,0.41050903466147143,0.04683337065928442,4.0,0.24775656930814563,NONE
53.57771532,0.40746319016361965,0.04780376595841854,4.0,0.24303457855672891,NONE
53.577784282,0.4048585368353439,0.047699839296521426,4.0,0.24141808664522366,NONE
53.6740336,0.4031252742713009,0.045464459101120146,4.0,0.245787268511795,NONE
53.676704513,0.40150317501971783,0.04486012347739906,4.0,0.2461372060609145,NONE
53.808078468,0.39848047210047777,0.04474038848597763,4.0,0.24419643396001472,NONE
53.809313383,0.39589609664456543,0.04463557145679899,4.0,0.2425611509879727,NONE
53.950159571,0.3929960178570018,0.04567721964018573,4.0,0.2379241485694848,NONE
53.950228011,0.38956913302196294,0.045794504404425125,4.0,0.23526974600576409,NONE
54.037776413,0.38785995483010305,0.04571756205358641,4.0,0.23428187967188085,NONE
54.038357503,0.3861536729676575,0.04484045896227082,4.0,0.235145554127541,NONE
54.191628277,0.38317475207143425,0.043641669093327014,4.0,0.23589375921412267,NONE
54.191702312,0.38020500200282353,0.04588789481632804,4.0,0.22886148339494478,NONE
54.325145902,0.377667009251922,0.04435380083130391,4.0,0.2305406826788723,NONE
54.325655954,0.37471492504207476,0.046313287598408574,4.0,0.2245947220931979,NONE
54.458643345,0.3717726670905674,0.04685639399518108,4.0,0.2218406119880162,NONE
54.459677737,0.36842242068876874,0.04458073793528446,4.0,0.22424941136901302,NONE
54.552558355,0.3667523397567215,0.04240463156515289,4.0,0.22766993224557253,NONE
54.552619501,0.3655020271989822,0.04233906600058236,4.0,0.2270108330877119,NONE
54.709350037,0.3630600366935359,0.04170130649747936,4.0,0.2269330551568907,NONE
54.710241854,0.3601592970486678,0.04154404115153237,4.0,0.22543642608303252,NONE
54.857699929,0.35685777820550824,0.043418472708545125,4.0,0.21991099253636176,NONE
54.857928064,0.3540332931533668,0.04387818473657437,4.0,0.21744783354129654,NONE
54.975209722,0.3507597221944748,0.04367183577413012,4.0,0.21611225882149235,NONE
54.975221908,0.3480097954842876,0.041968598554203373,4.0,0.21749063394415563,NONE
55.071938721,0.346385577342588,0.04207572855777449,4.0,0.21646742175758807,NONE
55.072000149,0.3443610170230907,0.039921528580036066,4.0,0.2190588373332193,NONE
55.222897914,0.3415375245023654,0.041249847659338305,4.0,0.215337689611393,NONE
55.224855344,0.3383265794827752,0.04002886032345293,4.0,0.2156552224747512,PROXIMITY_FALLBACK
55.376535201,0.3358843217898888,0.03937503312183441,4.0,0.2165500805826974,PROXIMITY_FALLBACK
55.376588839,0.33335097040617717,0.03779417551879048,4.0,0.2185079659154706,PROXIMITY_FALLBACK
55.487558219,0.33238674831687354,0.03112614154310054,4.0,0.23227214144712774,PROXIMITY_FALLBACK
55.487615553,0.3312750971561761,0.026583983107539864,4.0,0.24379054670748243,PROXIMITY_FALLBACK
55.588204674,0.3308166911122092,0.02129498049213654,4.0,0.25800550690104396,PROXIMITY_FALLBACK
55.588244328,0.33040581065962255,0.014044024777450596,4.0,0.28001285682193555,PROXIMITY_FALLBACK
55.748915156,0.3298169672965631,0.011177509083337759,4.0,0.289182375385231,PROXIMITY_FALLBACK
55.749060787,0.32922941037633424,0.0076474614389124345,4.0,0.30097865981125926,PROXIMITY_FALLBACK
55.884643231,0.32867391741835383,0.00719927860625049,4.0,0.302472838488563,PROXIMITY_FALLBACK
55.884702947,0.32819024143700815,0.006920095163990336,4.0,0.30342036831412705,PROXIMITY_FALLBACK
56.025026782,0.327828169119913,0.006718398327017699,4.0,0.30424595828564094,PROXIMITY_FALLBACK
56.026518884,0.3274749752049279,0.006430580187165366,4.0,0.30535606473174326,PROXIMITY_FALLBACK
56.117837145,0.32716712258650527,0.006057410830443519,4.0,0.30664261390903114,PROXIMITY_FALLBACK
56.117877188,0.3268531396582718,0.005677687484354808,4.0,0.30795472823800196,PROXIMITY_FALLBACK
56.282421158,0.3262828995375935,0.006396763210897773,4.0,0.3062422176751704,PROXIMITY_FALLBACK
56.28301662,0.32567812815013186,0.00704007194439089,4.0,0.3050090706844578,PROXIMITY_FALLBACK
56.412836329,0.3249147719606266,0.008414025013106088,4.0,0.302371832287744,PROXIMITY_FALLBACK
56.414284193,0.3241934204965321,0.009382942686859573,4.0,0.3010175437741081,PROXIMITY_FALLBACK
56.556336097,0.32374344456672405,0.009918033030910862,4.0,0.30020261020113964,PROXIMITY_FALLBACK
56.556437754,0.3232899270278352,0.009788563816803124,4.0,0.29989500228754223,PROXIMITY_FALLBACK
56.651638355,0.3229593568087173,0.009372317956798609,4.0,0.299888503274542,PROXIMITY_FALLBACK
56.651697771,0.3225079048643831,0.009436024398413385,4.0,0.2996030552400538,PROXIMITY_FALLBACK
56.818987989,0.32177844813888307,0.009151188519729252,4.0,0.2993022641084759,PROXIMITY_FALLBACK
56.819335226,0.3211439078003721,0.009348266831405045,4.0,0.29868458078658233,PROXIMITY_FALLBACK
56.964708085,0.3204216180470964,0.00975999027596228,4.0,0.29796408933193774,PROXIMITY_FALLBACK
56.964718668,0.3197976403726535,0.00989509395939556,4.0,0.2976954236712541,PROXIMITY_FALLBACK
57.097397021,0.3193606023340364,0.00960674761485088,4.0,0.29762080049131845,PROXIMITY_FALLBACK
57.098338194,0.3187678539484448,0.009201953382337813,4.0,0.2974842011968828,PROXIMITY_FALLBACK
57.193366029,0.31842899178694445,0.008824258683420145,4.0,0.29751563474529236,PROXIMITY_FALLBACK
57.195044506,0.3180683449984974,0.00864462376346659,4.0,0.29752988598474495,PROXIMITY_FALLBACK
57.333088954,0.3173765126928092,0.008651665446735844,4.0,0.29725222345278857,PROXIMITY_FALLBACK
57.333147259,0.3168689432538109,0.008578543669113018,4.0,0.29708157656804013,PROXIMITY_FALLBACK
57.494880377,0.31621462914056214,0.008612879013721125,4.0,0.2969410155700796,PROXIMITY_FALLBACK
57.494911027,0.31572172958038064,0.008698905064619785,4.0,0.29696316178587795,PROXIMITY_FALLBACK
57.616200956,0.31514803775630507,0.008129367356128701,4.0,0.29694420925654236,PROXIMITY_FALLBACK
57.616255368,0.3146444767331282,0.008339284468440669,4.0,0.2968267155105379,PROXIMITY_FALLBACK
57.712852557,0.31435252180681555,0.008069853539275156,4.0,0.2968518261436741,PROXIMITY_FALLBACK
57.714072777,0.31398122236449205,0.008042446106817081,4.0,0.2968231166481174,PROXIMITY_FALLBACK
57.861969913,0.3133499162696209,0.007475935153462149,4.0,0.29679298746983257,PROXIMITY_FALLBACK
57.86200465,0.3128097587280257,0.00793695383810269,3.9841948227058785,0.29657740828228374,PROXIMITY_FALLBACK
57.992529438,0.312353715070084,0.007657680987916059,3.987456527477232,0.2966938248303482,PROXIMITY_FALLBACK
57.992534229,0.3118265350902449,0.007947208594923821,3.6928399593670567,0.29679011897562274,PROXIMITY_FALLBACK
58.14381193,0.31138493080033974,0.007483353513015274,3.8352685443649204,0.29668774643284124,PROXIMITY_FALLBACK
58.143881903,0.31094809697146686,0.007358960807960516,3.814660712862149,0.2965801798819799,PROXIMITY_FALLBACK
58.238114725,0.31049857377586226,0.007622559293471206,3.5700429027624043,0.29658018974234646,PROXIMITY_FALLBACK
58.239200458,0.31016580538125443,0.0072611588598385755,3.660044503902883,0.29658019040026545,PROXIMITY_FALLBACK
58.367660686,0.30976420233298324,0.006978669739944016,3.6979677647251243,0.2965801891120092,PROXIMITY_FALLBACK
58.367672465,0.3094040100719309,0.006978107971779261,3.5992759662091833,0.2965801884078066,PROXIMITY_FALLBACK
58.475915511,0.30901320877208566,0.006877428814318397,3.542865546580096,0.29658018717422496,PROXIMITY_FALLBACK
58.477499542,0.30873255925317467,0.006629508644764879,3.5939938009787067,0.2965801808754141,PROXIMITY_FALLBACK
58.589487904,0.3083172480573381,0.0066934056233035385,3.4403013712807176,0.2965801774385181,PROXIMITY_FALLBACK
58.589750928,0.30787570193802477,0.006910195686854421,3.2090669329382657,0.2965808790207876,PROXIMITY_FALLBACK
58.709793303,0.3075571554965407,0.006802265866094625,3.1945188315905098,0.2964931655873972,PROXIMITY_FALLBACK
58.710908483,0.30722697429657264,0.006868847252668439,3.0698098734816504,0.2964965578592543,PROXIMITY_FALLBACK
58.823730559,0.3068697243503227,0.006315350305594297,3.2307511467774623,0.29649260518598064,PROXIMITY_FALLBACK
58.824136956,0.3065653102419562,0.005961379237349788,3.2952467197540405,0.29658060365136907,PROXIMITY_FALLBACK
58.925918474,0.3062497811005379,0.0061840539318790844,3.0777657785249146,0.29658060461947533,PROXIMITY_FALLBACK
58.925932447,0.30589310143924686,0.006125831250828928,2.9695863323972107,0.296658105542286,PROXIMITY_FALLBACK
59.063816305,0.3055433604113593,0.0060770569232422925,2.9061304232942278,0.2965815728475317,PROXIMITY_FALLBACK
59.06590338,0.3052141433724071,0.006154570132716122,2.765584366823702,0.29658157155507375,PROXIMITY_FALLBACK
59.175791575,0.30491998070595816,0.005615577531533432,2.929136376507087,0.29658157253199785,PROXIMITY_FALLBACK
59.175847165,0.3046020520122643,0.005440191783291426,2.9097826525210975,0.2965815704588697,PROXIMITY_FALLBACK
59.293136331,0.3043181932715623,0.005417126343576191,2.820045805783018,0.29658157791296025,PROXIMITY_FALLBACK
59.294918209,0.30401228981167894,0.005278201503765976,2.7809613435663425,0.2965822579990493,PROXIMITY_FALLBACK
59.405960523,0.30365768066771526,0.005222589427962338,2.6779808323512486,0.29658225235543756,PROXIMITY_FALLBACK
59.405992959,0.30333779775324426,0.005238981057582894,2.5502326940452145,0.2965822622187963,PROXIMITY_FALLBACK
59.521688275,0.30312851548226677,0.005289659608446589,2.4483866651455126,0.29658226424857653,PROXIMITY_FALLBACK
59.522744388,0.3028466347029005,0.005177835747774372,2.394398923321502,0.2965829577519875,PROXIMITY_FALLBACK
59.633122714,0.30259501066146455,0.005075919384153777,2.3453192372267306,0.29658296034412335,PROXIMITY_FALLBACK
59.636154621,0.3023240040431167,0.0048417158455905706,2.3489749206270716,0.29658295910904364,PROXIMITY_FALLBACK
59.74643005,0.3021071900914004,0.004871328369353445,2.247159785176575,0.2965833637649607,PROXIMITY_FALLBACK
59.747784673,0.30187062391653596,0.004827180029906594,2.1714366003139487,0.2965833630603036,PROXIMITY_FALLBACK
59.858001571,0.3016391036393126,0.004723018695782151,2.1229516901325955,0.29658336403214725,PROXIMITY_FALLBACK
59.858083897,0.3013793153076427,0.004520556000629541,2.0803255826051923,0.2966399363041766,PROXIMITY_FALLBACK
59.973250888,0.3012135617362597,0.00430508824033045,2.134312184720079,0.296583779721886,PROXIMITY_FALLBACK
59.9748482,0.30097601510662,0.004248781073328648,2.052119563979345,0.2965844732248326,PROXIMITY_FALLBACK
60.087433668,0.3007231567000721,0.004231071496727541,1.9428654379376415,0.2965844762686091,PROXIMITY_FALLBACK
60.087460311,0.3004776383360809,0.003955016865408814,1.9559686718867901,0.29658447271760646,PROXIMITY_FALLBACK
60.207204593,0.3002199704208689,0.00397050617051718,1.820165758631927,0.2965844687521732,PROXIMITY_FALLBACK
60.207692259,0.3000466668711925,0.0039001687603330507,1.7651646453755179,0.2965844719860026,PROXIMITY_FALLBACK
60.331407816,0.2998308030372659,0.003783640794941664,1.7322563519180891,0.29653557740452996,PROXIMITY_FALLBACK
60.332628826,0.29957778370535465,0.0036366277326057845,1.66354466180381,0.29653751022958985,PROXIMITY_FALLBACK
60.439165825,0.29941136933839707,0.0033581944916646115,1.676199175672922,0.29658351377167924,PROXIMITY_FALLBACK
60.441725196,0.29925888476326057,0.0033092807757469614,1.6094117977523044,0.29658393184630627,PROXIMITY_FALLBACK
60.564337094,0.29912648999211133,0.0033091252670598395,1.5301667697153045,0.29658392739424,PROXIMITY_FALLBACK
60.566669347,0.2989974132228089,0.0031454499540896574,1.5283990335179864,0.29658392109417575,PROXIMITY_FALLBACK
60.679974559,0.29882605686923697,0.0030133721650310234,1.482083369425301,0.296584616160832,PROXIMITY_FALLBACK
60.680928274,0.2986020036016407,0.0029511992412911896,1.36226594491364,0.296585032458468,PROXIMITY_FALLBACK
60.776277532,0.2985154974349581,0.0027452368801736213,1.4018642307063622,0.2965850306837614,PROXIMITY_FALLBACK
60.778400891,0.29834811967450614,0.0027609782943284577,1.273376847620953,0.29658502724630875,PROXIMITY_FALLBACK
60.920210008,0.29817570782298286,0.0028176171826909302,1.1257874925409943,0.2965854480672758,PROXIMITY_FALLBACK
60.921046673,0.2980367947746787,0.0026304021149520015,1.1005121961573279,0.296585868212156,PROXIMITY_FALLBACK
61.011474434,0.29791563388292436,0.0024596784329947914,1.0788377353180132,0.296585869184661,PROXIMITY_FALLBACK
61.012023164,0.2977997194640196,0.002464004244152973,0.9832589523099812,0.2965858684805297,PROXIMITY_FALLBACK
61.145873199,0.2977005735208919,0.002347526550233799,0.9473242692919414,0.2965865547112502,PROXIMITY_FALLBACK
61.147076316,0.29758475521323446,0.0022094931356576347,0.9016690106327889,0.2965869666980522,PROXIMITY_FALLBACK
61.25659223,0.2974652369681149,0.0019771118273734034,0.8871161138812365,0.29658697656411603,PROXIMITY_FALLBACK
61.256607694,0.29735802477501655,0.0016690306615680533,0.8948756319495388,0.2966102972344236,PROXIMITY_FALLBACK
61.373253518,0.29727475492862554,0.0015792029612308914,0.8695073242641009,0.29658739600205025,PROXIMITY_FALLBACK
61.374455139,0.2971840517914221,0.0014716614767059655,0.8100478736441312,0.2965873947115861,PROXIMITY_FALLBACK
61.485798027,0.29709239669592025,0.001445737157569287,0.6980192891435661,0.29658739127370376,PROXIMITY_FALLBACK
61.487095825,0.29702182922932413,0.0013751393384602534,0.6314017163338748,0.2965873788272783,PROXIMITY_FALLBACK
61.601792557,0.29695034676169785,0.0013036954071223607,0.5564704597394704,0.2965873909540094,PROXIMITY_FALLBACK
61.601809019,0.296896622355631,0.0011891803691436804,0.5198014901976253,0.2965873924538769,PROXIMITY_FALLBACK
61.719795941,0.29683166556593643,0.0010316352270138725,0.4733769161576351,0.296587388901407,PROXIMITY_FALLBACK
61.719837445,0.29677434892975524,0.0009026646642595252,0.41411740739302605,0.29658738546238606,PROXIMITY_FALLBACK
61.815629033,0.29673638244071193,0.000805890949102278,0.36967302366904464,0.29658738696240644,PROXIMITY_FALLBACK
61.817582997,0.2967031341338431,0.0006828186999655464,0.3377373283642999,0.2965878050377772,PROXIMITY_FALLBACK
61.945601622,0.296664943421581,0.0005441561984014367,0.28346755588247335,0.29658780807987767,PROXIMITY_FALLBACK
61.946730985,0.2966343992208364,0.0004229593622429854,0.2203097433414575,0.29658780452706945,PROXIMITY_FALLBACK
62.041536309,0.29661720218050197,0.0003495147908445005,0.16429435546716462,0.2965884891371226,PROXIMITY_FALLBACK
62.041562046,0.296603214323269,0.0002537954201115259,0.11929448969791266,0.2965880757393685,PROXIMITY_FALLBACK
62.173779795,0.2965918256669267,0.0001261516966762825,0.059294310470877964,0.29658808560441074,PROXIMITY_FALLBACK
62.173821394,0.29658808269559034,0.0,0.0,0.29658808269559034,PROXIMITY_FALLBACK
62.283688014,0.29659258084087875,0.0,0.0,0.29659258084087875,PROXIMITY_FALLBACK
62.283753355,0.29660163854460303,0.0,0.0,0.29660163854460303,PROXIMITY_FALLBACK
62.412041129,0.29660101202407835,2.35109962730028e-05,0.010024426538039661,0.2966008941819274,PROXIMITY_FALLBACK
62.413143956,0.2966040430362847,0.00016043602989083522,0.06450411968131053,0.29659886859871243,PROXIMITY_FALLBACK
62.523949699,0.29656293595569516,0.0005510389329764233,0.23500222136336368,0.29649818119941496,PROXIMITY_FALLBACK
62.523981722,0.2965410963655074,0.000928185627941342,0.368830371444256,0.2963698754095968,PROXIMITY_FALLBACK
62.642067022,0.29648021806416874,0.0011039991650568176,0.48790029860947204,0.2962107748671347,PROXIMITY_FALLBACK
62.642079392,0.29642940860495187,0.0013682068736149237,0.667538819608846,0.2959723907022274,PROXIMITY_FALLBACK
62.757287965,0.2963202722062954,0.0018250206108180857,0.7870233274484927,0.29560123291295426,PROXIMITY_FALLBACK
62.757782567,0.29623244482976485,0.0021498974361065693,0.9376476090149363,0.29522280115936106,PROXIMITY_FALLBACK
62.85492138,0.29609546218929206,0.0024167794676208947,1.1202657878111384,0.2947386357546686,PROXIMITY_FALLBACK
62.854951704,0.2959830237027925,0.0026758428297425593,1.255129821867578,0.2942989677452478,PROXIMITY_FALLBACK
62.986319165,0.2958067238965268,0.003039939285434832,1.4255049375879256,0.2936320055952147,PROXIMITY_FALLBACK
62.987005235,0.29563929123621524,0.003377948885402164,1.5248995670866363,0.29305245748602327,PROXIMITY_FALLBACK
63.079642124,0.29546702756815574,0.003720570001069337,1.6188493998471574,0.2924400005328168,PROXIMITY_FALLBACK
63.079651999,0.295289099833236,0.004188703656492781,1.6574073283633761,0.2917972599884537,PROXIMITY_FALLBACK
63.219918428,0.29505526019109735,0.004245803943402655,1.8902133948593198,0.29101485839871843,PROXIMITY_FALLBACK
63.219935685,0.2948282522231889,0.0044128632997994304,2.141366329926439,0.2900649961080861,PROXIMITY_FALLBACK
63.330531006,0.29455137309135015,0.005108960336332581,2.064079269713931,0.28923066755539667,PROXIMITY_FALLBACK
63.331435825,0.2942822814474105,0.00530852088522662,2.16743529673189,0.2884719845494682,PROXIMITY_FALLBACK
63.449886744,0.29402294601413664,0.005439431256752306,2.272033222962109,0.28777732720857624,PROXIMITY_FALLBACK
63.450886524,0.29383364247602883,0.0057670231764141095,2.2706799074435526,0.2872114886268957,PROXIMITY_FALLBACK
63.561424091,0.293463355215701,0.005610182790029048,2.4536702512993966,0.2864979226901686,PROXIMITY_FALLBACK
63.561463891,0.29316564466333767,0.0058651952574480465,2.501285871258432,0.2857362416935975,PROXIMITY_FALLBACK
63.675716094,0.29289071051169957,0.005869554568244937,2.561941204758974,0.28527291810648975,PROXIMITY_FALLBACK
63.676900907,0.2926210624015481,0.005694206390175035,2.742459052578557,0.28470595047423564,PROXIMITY_FALLBACK
63.788104994,0.2922776278173717,0.005791400948040974,2.7510060026084946,0.2841999160894182,PROXIMITY_FALLBACK
63.788138809,0.2919261475558377,0.005781698651483981,2.850140596716888,0.28356714484342804,PROXIMITY_FALLBACK
63.897782721,0.29163760895345164,0.005899409626066697,2.831864435317359,0.2831612637942091,PROXIMITY_FALLBACK
63.900991062,0.2912930712440967,0.006151582179668484,2.770053752335775,0.2826445776733132,PROXIMITY_FALLBACK
64.024457752,0.2910019162104979,0.006191208522069493,2.785161705249509,0.2822485053680051,PROXIMITY_FALLBACK
64.02447002,0.29071268700182423,0.006150214349781967,2.833449751711422,0.2818648844858371,PROXIMITY_FALLBACK
64.118660693,0.2903897652581847,0.006202842636337994,2.7844848730703724,0.2816215272619458,PROXIMITY_FALLBACK
64.119156002,0.29004053410276287,0.006315167217614272,2.696675012741377,0.28139675650936036,PROXIMITY_FALLBACK
64.261688813,0.2893729816013815,0.007328275326950842,2.239509564955279,0.2810473404349999,PROXIMITY_FALLBACK
64.263948325,0.28883060021430457,0.00790977831519298,1.9865553833858662,0.28086412901368424,PROXIMITY_FALLBACK
64.372467363,0.2881626780478559,0.00909727034615638,1.622824706195751,0.2806839933748586,PROXIMITY_FALLBACK
64.373138016,0.2874954794917516,0.01027260058330675,1.3312806108249946,0.28057431240282776,PROXIMITY_FALLBACK
64.489039219,0.2869638792593197,0.010989294870951814,1.1891996970882701,0.28035350945265786,PROXIMITY_FALLBACK
64.490977568,0.2864384165051775,0.011179511347354563,1.097838356173135,0.2802345854373121,PROXIMITY_FALLBACK
64.600089362,0.2858340479419189,0.011200038549487552,1.0247933272265168,0.2800363876903058,PROXIMITY_FALLBACK
64.601844888,0.2856366154253953,0.00929851383813839,1.1972576515265032,0.2800149362317216,PROXIMITY_FALLBACK
64.717244598,0.2856366154253953,0.0068518668266051505,1.6405118012164372,0.2799599224200969,PROXIMITY_FALLBACK
64.720007798,0.2850458486761846,0.005896223860463922,1.774935266412389,0.2797642088554597,PROXIMITY_FALLBACK
64.832179138,0.2850458486761846,0.004794747928478893,2.221094372085708,0.2796703686498976,PROXIMITY_FALLBACK
64.83291726,0.28455713432074664,0.005160022906386729,1.923076098004152,0.2795515498731475,PROXIMITY_FALLBACK
64.931857304,0.2841979154354214,0.00477961963118887,1.9759775427456667,0.2794358072290854,PROXIMITY_FALLBACK
64.931900289,0.2841979154354214,0.00477961963118887,1.9759775427456667,0.2794358072290854,PROXIMITY_FALLBACK
65.059603648,0.2841979154354214,0.00477961963118887,1.9759775427456667,0.2794358072290854,PROXIMITY_FALLBACK
65.062251552,0.2834862251177634,0.005022544548340838,1.6877688870983316,0.27921561029228037,PROXIMITY_FALLBACK
65.156140333,0.2831456267750151,0.004353231168727249,1.7930374828420395,0.27921559929044465,PROXIMITY_FALLBACK
65.156201369,0.2831456267750151,0.004353231168727249,1.7930374828420395,0.27921559929044465,PROXIMITY_FALLBACK
65.290513019,0.2831456267750151,0.004353231168727249,1.7930374828420395,0.27921559929044465,PROXIMITY_FALLBACK
65.290617638,0.28266570119496537,0.003722120664990638,1.8970629306103222,0.2791128242461436,PROXIMITY_FALLBACK
65.401515436,0.28219015465248404,0.004133605737739158,1.5277288177088533,0.27901477466912783,PROXIMITY_FALLBACK
65.402083314,0.28219015465248404,0.004133605737739158,1.5277288177088533,0.27901477466912783,PROXIMITY_FALLBACK
65.52006393,0.2818292993835033,0.00413905825770352,1.3978247442798966,0.27892145919510686,PROXIMITY_FALLBACK
65.520994835,0.2818292993835033,0.00413905825770352,1.3978247442798966,0.27892145919510686,PROXIMITY_FALLBACK
65.631517538,0.2814132094268524,0.0032937328205814125,1.5063273363473437,0.2789214580241008,PROXIMITY_FALLBACK
65.631529207,0.2814132094268524,0.0032937328205814125,1.5063273363473437,0.2789214580241008,PROXIMITY_FALLBACK
65.74815256,0.2814132094268524,0.0032937328205814125,1.5063273363473437,0.2789214580241008,PROXIMITY_FALLBACK
65.749810816,0.2810941591628903,0.003631763614637118,1.2367101359691677,0.2788393965742067,PROXIMITY_FALLBACK
65.862040281,0.2807189522021764,0.003125683209426556,1.2463613540027787,0.2787642815521695,PROXIMITY_FALLBACK
65.862058032,0.2807189522021764,0.003125683209426556,1.2463613540027787,0.2787642815521695,PROXIMITY_FALLBACK
65.977083984,0.28048932156367135,0.0030946124914455397,1.1114329508420802,0.27876428987593327,PROXIMITY_FALLBACK
65.977087076,0.28048932156367135,0.0030946124914455397,1.1114329508420802,0.27876428987593327,PROXIMITY_FALLBACK
66.089520844,0.28012298503873545,0.0027521482027699695,1.033053315537454,0.2786978016689394,PROXIMITY_FALLBACK
66.089906585,0.28012298503873545,0.0027521482027699695,1.033053315537454,0.2786978016689394,PROXIMITY_FALLBACK
66.1870594,0.28012298503873545,0.0027521482027699695,1.033053315537454,0.2786978016689394,PROXIMITY_FALLBACK
66.188561277,0.2798810619610884,0.002509341208372629,0.9410992019379794,0.2786977911625423,PROXIMITY_FALLBACK
66.32113177,0.27962028885947493,0.0023446085614994105,0.7856046952971797,0.2786977994294361,PROXIMITY_FALLBACK
66.321177744,0.27962028885947493,0.0023446085614994105,0.7856046952971797,0.2786977994294361,PROXIMITY_FALLBACK
66.435658593,0.2793917821855887,0.0018579057179547629,0.7461384862973361,0.2786977927953138,PROXIMITY_FALLBACK
66.435723814,0.2793917821855887,0.0018579057179547629,0.7461384862973361,0.2786977927953138,PROXIMITY_FALLBACK
66.556656751,0.2792278072730648,0.001515132514225504,0.752759187567023,0.27865695879647995,PROXIMITY_FALLBACK
66.557323122,0.2792278072730648,0.001515132514225504,0.752759187567023,0.27865695879647995,PROXIMITY_FALLBACK
66.665678186,0.2792278072730648,0.001515132514225504,0.752759187567023,0.27865695879647995,PROXIMITY_FALLBACK
66.665906958,0.27907852503759734,0.0013715646840632024,0.6142556108494508,0.27865696098789705,PROXIMITY_FALLBACK
66.779917698,0.27892913812048953,0.0011025222521347847,0.4935005801131733,0.278656957637426,PROXIMITY_FALLBACK
66.781553607,0.27892913812048953,0.0011025222521347847,0.4935005801131733,0.278656957637426,PROXIMITY_FALLBACK
66.90658343,0.27892913812048953,0.0011025222521347847,0.4935005801131733,0.278656957637426,PROXIMITY_FALLBACK
66.907093202,0.27882948828147225,0.0008835445336660652,0.3904162591239663,0.27865695982884314,PROXIMITY_FALLBACK
67.00341651,0.2787397395461563,0.0006733894317372609,0.24583320773755415,0.2786569565112415,PROXIMITY_FALLBACK
67.003709988,0.2787397395461563,0.0006733894317372609,0.24583320773755415,0.2786569565112415,PROXIMITY_FALLBACK
67.147508176,0.27868258390734973,0.0003746422643831371,0.1367420102616147,0.2786569680618953,PROXIMITY_FALLBACK
67.147526425,0.27868258390734973,0.0003746422643831371,0.1367420102616147,0.2786569680618953,PROXIMITY_FALLBACK
67.240508296,0.27865521286639255,0.00016428626383942986,0.08254420717358436,0.2786484323441982,PROXIMITY_FALLBACK
67.24051408,0.27865521286639255,0.00016428626383942986,0.08254420717358436,0.2786484323441982,PROXIMITY_FALLBACK
67.37176981,0.2786562892982852,0.0,0.0,0.2786562892982852,PROXIMITY_FALLBACK
67.373024694,0.2786562892982852,0.0,0.0,0.2786562892982852,PROXIMITY_FALLBACK
67.501524547,0.27869013798343956,0.0,0.0,0.27869013798343956,PROXIMITY_FALLBACK
67.501570219,0.27869013798343956,0.0,0.0,0.27869013798343956,PROXIMITY_FALLBACK
67.592884662,0.2787308083204163,0.0,0.0,0.2787308083204163,PROXIMITY_FALLBACK
67.596294109,0.2787308083204163,0.0,0.0,0.2787308083204163,PROXIMITY_FALLBACK
67.738970839,0.2787308083204163,0.0,0.0,0.2787308083204163,PROXIMITY_FALLBACK
67.740286253,0.27883683842457024,0.0,0.0,0.27883683842457024,PROXIMITY_FALLBACK
67.829036206,0.27883683842457024,0.0,0.0,0.27883683842457024,PROXIMITY_FALLBACK
67.831116473,0.27893969493698956,0.0,0.0,0.27893969493698956,PROXIMITY_FALLBACK
67.965481798,0.27893969493698956,0.0,0.0,0.27893969493698956,PROXIMITY_FALLBACK
67.966276133,0.27908668585206753,0.0,0.0,0.27908668585206753,PROXIMITY_FALLBACK
68.058766574,0.2792330731400435,0.0,0.0,0.2792330731400435,PROXIMITY_FALLBACK
68.059799329,0.2792330731400435,0.0,0.0,0.2792330731400435,PROXIMITY_FALLBACK
68.194008898,0.27943844537216833,0.0,0.0,0.27943844537216833,PROXIMITY_FALLBACK
68.194779301,0.27943844537216833,0.0,0.0,0.27943844537216833,PROXIMITY_FALLBACK
68.291371545,0.27963429643886606,0.0,0.0,0.27963429643886606,PROXIMITY_FALLBACK
68.291388198,0.27963429643886606,0.0,0.0,0.27963429643886606,PROXIMITY_FALLBACK
68.405263056,0.27989889762258263,0.0,0.0,0.27989889762258263,PROXIMITY_FALLBACK
68.40619081,0.27989889762258263,0.0,0.0,0.27989889762258263,PROXIMITY_FALLBACK
68.540253997,0.27989889762258263,0.0,0.0,0.27989889762258263,PROXIMITY_FALLBACK
68.541334316,0.280195680298226,0.0,0.0,0.280195680298226,PROXIMITY_FALLBACK
68.633111965,0.28041136401813904,0.0,0.0,0.28041136401813904,PROXIMITY_FALLBACK
68.63516524,0.28041136401813904,0.0,0.0,0.28041136401813904,PROXIMITY_FALLBACK
68.767782448,0.28081907182050575,0.0,0.0,0.28081907182050575,PROXIMITY_FALLBACK
68.769011621,0.28081907182050575,0.0,0.0,0.28081907182050575,PROXIMITY_FALLBACK
68.8602225,0.28107774402730473,0.0,0.0,0.28107774402730473,PROXIMITY_FALLBACK
68.862506332,0.28107774402730473,0.0,0.0,0.28107774402730473,PROXIMITY_FALLBACK
68.998640699,0.28107774402730473,0.0,0.0,0.28107774402730473,PROXIMITY_FALLBACK
68.999293949,0.2815487623040657,0.0,0.0,0.2815487623040657,PROXIMITY_FALLBACK
69.093210179,0.2815487623040657,0.0,0.0,0.2815487623040657,PROXIMITY_FALLBACK
69.093785051,0.2819166697345546,0.0,0.0,0.2819166697345546,PROXIMITY_FALLBACK
69.226037612,0.282387022521898,0.0,0.0,0.282387022521898,PROXIMITY_FALLBACK
69.227288469,0.282387022521898,0.0,0.0,0.282387022521898,PROXIMITY_FALLBACK
69.317891482,0.28280292951217073,0.0,0.0,0.28280292951217073,PROXIMITY_FALLBACK
69.32039898,0.28280292951217073,0.0,0.0,0.28280292951217073,PROXIMITY_FALLBACK
69.456206075,0.28280292951217073,0.0,0.0,0.28280292951217073,PROXIMITY_FALLBACK
69.456544018,0.2832405075504419,0.0,0.0,0.2832405075504419,PROXIMITY_FALLBACK
69.569224607,0.2838893250003442,0.0,0.0,0.2838893250003442,PROXIMITY_FALLBACK
69.569311461,0.2838893250003442,0.0,0.0,0.2838893250003442,PROXIMITY_FALLBACK
69.684812961,0.28437849042963637,0.0,0.0,0.28437849042963637,PROXIMITY_FALLBACK
69.684840183,0.28437849042963637,0.0,0.0,0.28437849042963637,PROXIMITY_FALLBACK
69.799968739,0.284993606950751,0.0,0.0,0.284993606950751,PROXIMITY_FALLBACK
69.801391157,0.284993606950751,0.0,0.0,0.284993606950751,PROXIMITY_FALLBACK
69.89726339,0.284993606950751,0.0,0.0,0.284993606950751,PROXIMITY_FALLBACK
69.898687902,0.28550018283923295,0.0,0.0,0.28550018283923295,PROXIMITY_FALLBACK
70.031502506,0.28605608450185827,0.0,0.0,0.28605608450185827,PROXIMITY_FALLBACK
70.031562134,0.28605608450185827,0.0,0.0,0.28605608450185827,PROXIMITY_FALLBACK
70.126548311,0.28663292688571507,0.0,0.0,0.28663292688571507,PROXIMITY_FALLBACK
70.126553795,0.28663292688571507,0.0,0.0,0.28663292688571507,PROXIMITY_FALLBACK
70.260269712,0.28759910555855916,0.0,0.0,0.28759910555855916,PROXIMITY_FALLBACK
70.262679696,0.28759910555855916,0.0,0.0,0.28759910555855916,PROXIMITY_FALLBACK
70.352487335,0.28797504728575546,0.0,0.0,0.28797504728575546,PROXIMITY_FALLBACK
70.353758088,0.28797504728575546,0.0,0.0,0.28797504728575546,PROXIMITY_FALLBACK
70.489784773,0.2888809304917441,0.0,0.0,0.2888809304917441,PROXIMITY_FALLBACK
70.489819074,0.2888809304917441,0.0,0.0,0.2888809304917441,PROXIMITY_FALLBACK
70.600171847,0.28968912795377716,0.0,0.0,0.28968912795377716,PROXIMITY_FALLBACK
70.600183115,0.28968912795377716,0.0,0.0,0.28968912795377716,PROXIMITY_FALLBACK
70.725275582,0.29038480964407415,0.0,0.0,0.29038480964407415,PROXIMITY_FALLBACK
70.725287648,0.29038480964407415,0.0,0.0,0.29038480964407415,PROXIMITY_FALLBACK
70.838445366,0.29038480964407415,0.0,0.0,0.29038480964407415,PROXIMITY_FALLBACK
70.839053002,0.29124604130301196,0.0,0.0,0.29124604130301196,PROXIMITY_FALLBACK
70.936480121,0.2919658344988905,0.0,0.0,0.2919658344988905,PROXIMITY_FALLBACK
70.936544235,0.2919658344988905,0.0,0.0,0.2919658344988905,PROXIMITY_FALLBACK
71.077314906,0.2919658344988905,0.0,0.0,0.2919658344988905,PROXIMITY_FALLBACK
71.079629286,0.2927043607497424,0.0,0.0,0.2927043607497424,PROXIMITY_FALLBACK
71.167682623,0.2936400197738824,0.0,0.0,0.2936400197738824,PROXIMITY_FALLBACK
71.16993937,0.2936400197738824,0.0,0.0,0.2936400197738824,PROXIMITY_FALLBACK
71.313511407,0.2944410453430301,0.0,0.0,0.2944410453430301,PROXIMITY_FALLBACK
71.313530452,0.2944410453430301,0.0,0.0,0.2944410453430301,PROXIMITY_FALLBACK
71.410529116,0.295427596811103,0.0,0.0,0.295427596811103,PROXIMITY_FALLBACK
71.413099353,0.295427596811103,0.0,0.0,0.295427596811103,PROXIMITY_FALLBACK
71.524756655,0.2964415284633748,0.0,0.0,0.2964415284633748,PROXIMITY_FALLBACK
71.526088488,0.2964415284633748,0.0,0.0,0.2964415284633748,PROXIMITY_FALLBACK
71.656810535,0.2964415284633748,0.0,0.0,0.2964415284633748,PROXIMITY_FALLBACK
71.659403506,0.2976586597840873,0.0,0.0,0.2976586597840873,PROXIMITY_FALLBACK
71.753118504,0.2983705469537294,0.0,0.0,0.2983705469537294,PROXIMITY_FALLBACK
71.754209436,0.2983705469537294,0.0,0.0,0.2983705469537294,PROXIMITY_FALLBACK
71.885972657,0.29946048602882785,0.0,0.0,0.29946048602882785,PROXIMITY_FALLBACK
71.887933506,0.29946048602882785,0.0,0.0,0.29946048602882785,PROXIMITY_FALLBACK
71.976668272,0.29946048602882785,0.0,0.0,0.29946048602882785,PROXIMITY_FALLBACK
71.977523464,0.30017936416381086,0.0,0.0,0.30017936416381086,PROXIMITY_FALLBACK
72.104820539,0.3014838343437415,0.0,0.0,0.3014838343437415,PROXIMITY_FALLBACK
72.106243864,0.3014838343437415,0.0,0.0,0.3014838343437415,PROXIMITY_FALLBACK
72.1981943,0.30245085923400467,0.0,0.0,0.30245085923400467,PROXIMITY_FALLBACK
72.198246946,0.30245085923400467,0.0,0.0,0.30245085923400467,PROXIMITY_FALLBACK
72.336328692,0.3036346476397289,0.0,0.0,0.3036346476397289,PROXIMITY_FALLBACK
72.336338363,0.3036346476397289,0.0,0.0,0.3036346476397289,PROXIMITY_FALLBACK
72.427800431,0.3046404172424956,0.0,0.0,0.3046404172424956,PROXIMITY_FALLBACK
72.431613748,0.3046404172424956,0.0,0.0,0.3046404172424956,PROXIMITY_FALLBACK
72.565295598,0.3046404172424956,0.0,0.0,0.3046404172424956,PROXIMITY_FALLBACK
72.565322319,0.3058701982501614,0.0,0.0,0.3058701982501614,PROXIMITY_FALLBACK
72.675953968,0.3058701982501614,0.0,0.0,0.3058701982501614,PROXIMITY_FALLBACK
72.677166512,0.30712465428908353,0.0,0.0,0.30712465428908353,PROXIMITY_FALLBACK
72.794051006,0.30818865489110614,0.0,0.0,0.30818865489110614,PROXIMITY_FALLBACK
72.79497587,0.30818865489110614,0.0,0.0,0.30818865489110614,PROXIMITY_FALLBACK
72.905075267,0.30948753116962235,0.0,0.0,0.30948753116962235,PROXIMITY_FALLBACK
72.906688494,0.30948753116962235,0.0,0.0,0.30948753116962235,PROXIMITY_FALLBACK
73.018668727,0.30948753116962235,0.0,0.0,0.30948753116962235,PROXIMITY_FALLBACK
73.020146655,0.31036669832396635,0.0,0.0,0.31036669832396635,PROXIMITY_FALLBACK
73.132378244,0.31187020463614806,0.0,0.0,0.31187020463614806,PROXIMITY_FALLBACK
73.132384525,0.31187020463614806,0.0,0.0,0.31187020463614806,PROXIMITY_FALLBACK
73.229905034,0.31187020463614806,0.0,0.0,0.31187020463614806,PROXIMITY_FALLBACK
73.23007174,0.31300577742170843,0.0,0.0,0.31300577742170843,PROXIMITY_FALLBACK
73.361318777,0.31438953423739663,0.0,0.0,0.31438953423739663,PROXIMITY_FALLBACK
73.364503854,0.31438953423739663,0.0,0.0,0.31438953423739663,PROXIMITY_FALLBACK
73.456357128,0.31438953423739663,0.0,0.0,0.31438953423739663,PROXIMITY_FALLBACK
73.456618156,0.315324679226566,0.0,0.0,0.315324679226566,PROXIMITY_FALLBACK
73.59943696,0.31698519837653993,0.0,0.0,0.31698519837653993,PROXIMITY_FALLBACK
73.599496683,0.31698519837653993,0.0,0.0,0.31698519837653993,PROXIMITY_FALLBACK
73.709525488,0.31843253306927893,0.0,0.0,0.31843253306927893,PROXIMITY_FALLBACK
73.71095127,0.31843253306927893,0.0,0.0,0.31843253306927893,PROXIMITY_FALLBACK
73.817099672,0.31965533750465436,0.0,0.0,0.31965533750465436,PROXIMITY_FALLBACK
73.817156427,0.31965533750465436,0.0,0.0,0.31965533750465436,PROXIMITY_FALLBACK
73.930568988,0.31965533750465436,0.0,0.0,0.31965533750465436,PROXIMITY_FALLBACK
73.931110679,0.3211425144942862,0.0,0.0,0.3211425144942862,PROXIMITY_FALLBACK
74.061333837,0.32239811617858666,0.0,0.0,0.32239811617858666,PROXIMITY_FALLBACK
74.061398267,0.32239811617858666,0.0,0.0,0.32239811617858666,PROXIMITY_FALLBACK
74.174125635,0.32388930714780567,0.0,0.0,0.32388930714780567,PROXIMITY_FALLBACK
74.174137551,0.32388930714780567,0.0,0.0,0.32388930714780567,PROXIMITY_FALLBACK
74.273543704,0.32388930714780567,0.0,0.0,0.32388930714780567,PROXIMITY_FALLBACK
74.274159822,0.32514230525824245,0.0,0.0,0.32514230525824245,PROXIMITY_FALLBACK
74.42071147,0.32514230525824245,0.0,0.0,0.32514230525824245,PROXIMITY_FALLBACK
74.421468868,0.3267053362484531,0.0,0.0,0.3267053362484531,PROXIMITY_FALLBACK
74.511996095,0.3267053362484531,0.0,0.0,0.3267053362484531,PROXIMITY_FALLBACK
74.518243315,0.3280233155563374,0.0,0.0,0.3280233155563374,PROXIMITY_FALLBACK
74.658335773,0.3280233155563374,0.0,0.0,0.3280233155563374,PROXIMITY_FALLBACK
74.65961012,0.3293551956394615,0.0,0.0,0.3293551956394615,PROXIMITY_FALLBACK
74.773033082,0.33097154730293427,0.0,0.0,0.33097154730293427,PROXIMITY_FALLBACK
74.773091149,0.33097154730293427,0.0,0.0,0.33097154730293427,PROXIMITY_FALLBACK
74.868877813,0.3323333695520592,0.0,0.0,0.3323333695520592,PROXIMITY_FALLBACK
74.869139754,0.3323333695520592,0.0,0.0,0.3323333695520592,PROXIMITY_FALLBACK
75.00837104,0.3339851889539585,0.0,0.0,0.3339851889539585,PROXIMITY_FALLBACK
75.011760239,0.3339851889539585,0.0,0.0,0.3339851889539585,PROXIMITY_FALLBACK
75.105679909,0.3339851889539585,0.0,0.0,0.3339851889539585,PROXIMITY_FALLBACK
75.105767525,0.3356559348707612,0.0,0.0,0.3356559348707612,PROXIMITY_FALLBACK
75.239579723,0.3373103842081278,0.0,0.0,0.3373103842081278,PROXIMITY_FALLBACK
75.239590208,0.3373103842081278,0.0,0.0,0.3373103842081278,PROXIMITY_FALLBACK
75.331247187,0.338698028436316,0.0,0.0,0.338698028436316,PROXIMITY_FALLBACK
75.332155813,0.338698028436316,0.0,0.0,0.338698028436316,PROXIMITY_FALLBACK
75.469029027,0.340131902946458,0.0,0.0,0.340131902946458,NONE
75.471263992,0.340131902946458,0.0,0.0,0.340131902946458,NONE
75.560606556,0.3418689649092068,0.0,0.0,0.3418689649092068,NONE
75.560621579,0.3418689649092068,0.0,0.0,0.3418689649092068,NONE
75.702548495,0.34362370692163463,0.0,0.0,0.34362370692163463,NONE
75.702649016,0.34362370692163463,0.0,0.0,0.34362370692163463,NONE
75.811992004,0.34539582508905564,0.0,0.0,0.34539582508905564,NONE
75.812080503,0.34539582508905564,0.0,0.0,0.34539582508905564,NONE
75.928247688,0.34688569645777934,0.0,0.0,0.34688569645777934,NONE
75.928631286,0.34688569645777934,0.0,0.0,0.34688569645777934,NONE
76.041179561,0.34688569645777934,0.0,0.0,0.34688569645777934,NONE
76.0439316,0.34868901302074207,0.0,0.0,0.34868901302074207,NONE
76.143339779,0.34868901302074207,0.0,0.0,0.34868901302074207,NONE
76.144617734,0.35020451583185597,0.0,0.0,0.35020451583185597,NONE
76.285687783,0.35203817191880243,0.0,0.0,0.35203817191880243,NONE
76.285719699,0.35203817191880243,0.0,0.0,0.35203817191880243,NONE
76.376465005,0.35203817191880243,0.0,0.0,0.35203817191880243,NONE
76.377808605,0.3534987739849282,0.0,0.0,0.3534987739849282,NONE
76.523111926,0.35504973232347403,0.0,0.0,0.35504973232347403,NONE
76.52312874,0.35504973232347403,0.0,0.0,0.35504973232347403,NONE
76.618267708,0.35692530833748504,0.0,0.0,0.35692530833748504,NONE
76.61878876,0.35692530833748504,0.0,0.0,0.35692530833748504,NONE
76.738664798,0.3588164231954674,0.0,0.0,0.3588164231954674,NONE
76.738687553,0.3588164231954674,0.0,0.0,0.3588164231954674,NONE
76.878663044,0.36040400983946214,0.0,0.0,0.36040400983946214,NONE
76.878675313,0.36040400983946214,0.0,0.0,0.36040400983946214,NONE
76.970250968,0.36040400983946214,0.0,0.0,0.36040400983946214,NONE
76.970323976,0.3623229468647251,0.0,0.0,0.3623229468647251,NONE
77.133092258,0.3642567017390943,0.0,0.0,0.3642567017390943,NONE
77.134023061,0.3642567017390943,0.0,0.0,0.3642567017390943,NONE
77.230877019,0.3642567017390943,0.0,0.0,0.3642567017390943,NONE
77.230947715,0.3658793409695073,0.0,0.0,0.3658793409695073,NONE
77.352181844,0.36783968851849397,0.0,0.0,0.36783968851849397,NONE
77.352398656,0.36783968851849397,0.0,0.0,0.36783968851849397,NONE
77.464884488,0.36783968851849397,0.0,0.0,0.36783968851849397,NONE
77.464925919,0.36911293563452013,0.0,0.0,0.36911293563452013,NONE
77.575763538,0.37138616973853095,0.0,0.0,0.37138616973853095,NONE
77.577032632,0.37138616973853095,0.0,0.0,0.37138616973853095,NONE
77.688348021,0.37271757557823,0.0,0.0,0.37271757557823,NONE
77.68842837,0.37271757557823,0.0,0.0,0.37271757557823,NONE
77.799707917,0.3747260320156327,0.0,0.0,0.3747260320156327,NONE
77.800783068,0.3747260320156327,0.0,0.0,0.3747260320156327,NONE
77.940522141,0.37674788026708295,0.0,0.0,0.37674788026708295,NONE
77.94062822,0.37674788026708295,0.0,0.0,0.37674788026708295,NONE
78.032208777,0.37674788026708295,0.0,0.0,0.37674788026708295,NONE
78.0322361,0.37844285718962667,0.0,0.0,0.37844285718962667,NONE
78.169460526,0.38083097604377203,0.0,0.0,0.38083097604377203,NONE
78.172161916,0.38083097604377203,0.0,0.0,0.38083097604377203,NONE
78.262807555,0.3825474506249932,0.0,0.0,0.3825474506249932,NONE
78.264355138,0.3825474506249932,0.0,0.0,0.3825474506249932,NONE
78.401046056,0.3846187486635405,0.0,0.0,0.3846187486635405,NONE
78.402245468,0.3846187486635405,0.0,0.0,0.3846187486635405,NONE
78.496756148,0.3863543272416314,0.0,0.0,0.3863543272416314,NONE
78.497730846,0.3863543272416314,0.0,0.0,0.3863543272416314,NONE
78.63113885,0.38836182436206407,0.0,0.0,0.38836182436206407,NONE
78.631177525,0.38836182436206407,0.0,0.0,0.38836182436206407,NONE
78.731563918,0.38836182436206407,0.0,0.0,0.38836182436206407,NONE
78.73212947,0.38976411869073385,0.0,0.0,0.38976411869073385,NONE
78.84582688,0.39223084038843986,0.0,0.0,0.39223084038843986,NONE
78.84636781,0.39223084038843986,0.0,0.0,0.39223084038843986,NONE
78.975951199,0.39223084038843986,0.0,0.0,0.39223084038843986,NONE
78.976014525,0.3943578695319602,0.0,0.0,0.3943578695319602,NONE
79.070856949,0.3943578695319602,0.0,0.0,0.3943578695319602,NONE
79.071195457,0.3961391671312063,0.0,0.0,0.3961391671312063,NONE
79.207679068,0.39828715085822924,0.0,0.0,0.39828715085822924,NONE
79.207735168,0.39828715085822924,0.0,0.0,0.39828715085822924,NONE
79.299724411,0.399725349519516,0.0,0.0,0.399725349519516,NONE
79.301426283,0.399725349519516,0.0,0.0,0.399725349519516,NONE
79.444747593,0.399725349519516,0.0,0.0,0.399725349519516,NONE
79.447533835,0.40225397682227837,0.0,0.0,0.40225397682227837,NONE
79.539225516,0.40370555367107436,0.0,0.0,0.40370555367107436,NONE
79.539242176,0.40370555367107436,0.0,0.0,0.40370555367107436,NONE
79.661791867,0.40616768638062856,0.0,0.0,0.40616768638062856,NONE
79.661881085,0.40616768638062856,0.0,0.0,0.40616768638062856,NONE
79.787003556,0.407998749792189,0.0,0.0,0.407998749792189,NONE
79.78703537,0.407998749792189,0.0,0.0,0.407998749792189,NONE
79.897339551,0.407998749792189,0.0,0.0,0.407998749792189,NONE
79.897785072,0.4102055250862673,0.0,0.0,0.4102055250862673,NONE
80.036469852,0.4124225466118117,0.0,0.0,0.4124225466118117,NONE
80.036491211,0.4124225466118117,0.0,0.0,0.4124225466118117,NONE
80.127925496,0.4142777307753831,0.0,0.0,0.4142777307753831,NONE
80.127941039,0.4142777307753831,0.0,0.0,0.4142777307753831,NONE
80.272966797,0.41502175726701385,0.0,0.0,0.41502175726701385,NONE
80.273081111,0.41502175726701385,0.0,0.0,0.41502175726701385,NONE
80.370053173,0.41502175726701385,0.0,0.0,0.41502175726701385,NONE
80.370357507,0.41502175726701385,0.0,0.0,0.41502175726701385,NONE
80.485534862,0.41502175726701385,0.0,0.0,0.41502175726701385,NONE
80.485641454,0.41502175726701385,0.0,0.0,0.41502175726701385,NONE
80.610824532,0.41502175726701385,0.0,0.0,0.41502175726701385,NONE
80.612749106,0.41502175726701385,0.0,0.0,0.41502175726701385,NONE
80.722053667,0.41502175726701385,0.0,0.0,0.41502175726701385,NONE
80.722066903,0.41502175726701385,0.0,0.0,0.41502175726701385,NONE
