time_s,linear_mps,angular_rps
98.864366457,0.0,0.0
98.905163587,0.0,0.0
98.961873855,0.0,0.0
98.998296156,0.0,0.0
99.057375285,0.0,0.0
99.114966338,0.0,0.0
99.227802984,0.0,0.0
99.265188269,0.0,0.0
99.319959169,0.0,0.0
99.347253121,0.0,0.0
99.399344349,0.0,0.0
99.439093377,0.0,0.0
99.499344058,0.0,0.0
99.565921632,0.0,0.0
99.626321111,0.0,0.0
99.666733327,0.0,0.0
99.717561368,0.0,0.0
99.760203047,0.0,0.0
99.8339029,0.0,0.0
99.873749126,0.0,0.0
99.929042691,0.0,0.0
99.966650855,0.0,0.0
100.028910302,0.0,0.0
100.088593993,0.0,0.0
100.149158469,0.0,0.0
100.185933347,0.0,0.0
100.243046381,0.0,0.0
100.284281184,0.0,0.0
100.356002371,0.0,0.0
100.395245394,0.0,0.0
100.450661031,0.0,0.0
100.488911766,0.0,0.0
100.548256635,0.0,0.0
100.611865829,0.0,0.0
100.670896704,0.0,0.0
100.709047341,0.001875442400000793,0.0
100.765099666,0.004683628600000133,0.0
100.803244103,0.006629069800001729,0.0
100.874595463,0.01008304475000159,0.0
100.937739866,0.01335020300000167,0.0
100.996508145,0.015,0.0
101.032100326,0.015,0.0
101.088515146,0.015,0.0
101.128828145,0.015,0.0
101.212481491,0.015,0.0
101.247788778,0.015,0.0
101.302828721,0.015,0.0
101.341515849,0.015,0.0
101.40488403,0.015,0.0
101.478015225,0.015,0.0
101.537596363,0.015,0.0
101.57360562,0.015,0.0
101.629718319,0.015,0.0
101.669606608,0.015,0.0
101.737999487,0.015,0.0
101.778107172,0.015,0.0
101.83092553,0.015,0.0
101.869545441,0.015,0.0
101.93066985,0.015,0.0
101.989691797,0.015,0.0
102.071280842,0.015,0.0
102.107681792,0.015,0.0
102.164646376,0.015,0.0
102.203307686,0.015,0.0
102.266568858,0.015,0.0
102.325503706,0.015,0.0
102.385137034,0.015,0.0
102.397161614,0.015,0.0
102.40778762,0.015,0.0
102.413881709,0.015,0.0
102.421131576,0.015,0.0
102.427771855,0.015,0.0
102.435040922,0.015,0.0
102.441100511,0.015,0.0
102.452841496,0.015,0.0
102.457872404,0.015,0.0
102.469337394,0.015,0.0
102.47776644,0.015,0.0
102.489539025,0.015,0.0
102.49418764,0.015,0.0
102.502462988,0.015,0.0
102.511887216,0.015,0.0
102.521305643,0.015,0.0
102.53021798,0.015,0.0
102.538690125,0.015,0.0
102.543303841,0.015,0.0
102.55702029,0.015,0.0
102.561602506,0.015,0.0
102.574348473,0.015,0.0
102.579868972,0.015,0.0
102.588893207,0.015,0.0
102.59747175,0.015,0.0
102.607763662,0.015,0.0
102.614474539,0.015,0.0
102.625161844,0.015,0.0
102.630728742,0.015,0.0
102.642235031,0.015,0.0
102.647722131,0.015,0.0
102.656242075,0.015,0.0
102.66418073,0.015,0.0
102.67238648,0.015,0.0
102.676876098,0.015,0.0
102.689139673,0.015,0.0
102.694453976,0.015,0.0
102.708113526,0.015,0.0
102.714356612,0.015,0.0
102.722604361,0.015,0.0
102.731491898,0.015,0.0
102.741000025,0.015,0.0
102.750906943,0.015,0.0
102.76093896,0.015,0.0
102.771628864,0.015,0.0
102.782049774,0.015,0.0
102.792817577,0.015,0.0
102.801245822,0.015,0.0
102.807473509,0.015,0.0
102.82050157,0.013697353799997244,-0.03907938600008265
102.826556089,0.013160851799997316,-0.05517444600008048
102.838739382,0.011920402599999987,-0.09238792200000034
102.843452741,0.011388887299997348,-0.1083333810000795
102.856620126,0.010085818699999433,-0.14742543900001692
102.862726472,0.01,-0.16540278000013586
102.869611912,0.01,-0.1854750060001038
102.880225119,0.01,-0.21751832400008198
102.88808825,0.01,-0.24113351700015073
102.893894799,0.01,-0.2574197760001198
102.905906694,0.01,-0.2957933400001025
102.912624935,0.01,-0.31354358400011506
102.923222442,0.01,-0.3474234870000146
102.92918069,0.01,-0.3632564460000367
102.938009612,0.01,-0.3910419030000867
102.948220523,0.01,-0.42169863600003055
102.956062954,0.01,-0.4454908260000252
102.969695735,0.01,-0.45
102.977295168,0.01,-0.45
102.983150617,0.01,-0.45
102.995558808,0.01,-0.45
103.00109006,0.01,-0.45
103.015616332,0.008503543099997159,-0.3901417239998864
103.02049799,0.00797840769999766,-0.36913630799990643
103.028693118,0.0071768046999955,-0.33707218799982
103.037069344,0.006334152099996117,-0.3033660839998447
103.045812868,0.006,-0.3
103.05122562,0.006,-0.3
103.062833018,0.006,-0.3
103.067621077,0.006,-0.3
103.081104458,0.006,-0.3
103.086412312,0.006,-0.3
103.09912,0.006,-0.3
103.105718443,0.006,-0.3
103.113632273,0.006,-0.3
103.122644694,0.006,-0.3
103.131366618,0.006,-0.3
103.144949199,0.006,-0.3
103.152209335,0.006,-0.3
103.158102484,0.006,-0.3
103.170615774,0.006,-0.3
103.176488522,0.006,-0.3
103.187695824,0.006,-0.3
103.193220576,0.006,-0.3
103.205839265,0.006,-0.3
103.212510607,0.006,-0.3
103.221186131,0.006,-0.3
103.228442767,0.006,-0.3
103.236648995,0.006,-0.3
103.242608043,0.006,-0.3
103.25439624,0.006,-0.3
103.260489486,0.006,-0.3
103.271273092,0.006,-0.3
103.277920233,0.006,-0.3
103.289922628,0.006,-0.3
103.293944493,0.006,-0.3
103.303221112,0.006,-0.3
103.314469913,0.006,-0.3
103.319623868,0.006,-0.3
103.326341909,0.006,-0.3
103.338083306,0.006,-0.3
103.344185253,0.006,-0.3
103.356146748,0.006,-0.3
103.361535501,0.006,-0.3
103.370014025,0.006,-0.3
103.378095851,0.006,-0.3
103.385003187,0.006,-0.3
103.39122663,0.006,-0.3
103.404906304,0.006,-0.3
103.411453843,0.006,-0.3
103.427711994,0.006,-0.3
103.431857455,0.006,-0.3
103.446807918,0.006,-0.3
103.454895043,0.006,-0.3
103.463113167,0.006,-0.3
103.472419382,0.006,-0.3
103.481195501,0.006,-0.3
103.49103971,0.006,-0.3
103.497190254,0.006,-0.3
103.503376597,0.006,-0.3
103.514759092,0.006,-0.3
103.520441339,0.006,-0.3
103.532536228,0.006,-0.3
103.537456683,0.006,-0.3
103.546488899,0.006,-0.3
103.555521516,0.006,-0.3
103.563910639,0.006,-0.3
103.57250146,0.006,-0.3
103.579446396,0.006,-0.3
103.584855646,0.006,-0.3
103.598682319,0.006,-0.3
103.605484956,0.006,-0.3
103.615499064,0.006,-0.3
103.621945104,0.006,-0.3
103.629059539,0.006,-0.3
103.638444153,0.006,-0.3
103.647262571,0.006,-0.3
103.651273034,0.006,-0.3
103.664204815,0.006,-0.3
103.671740146,0.006,-0.3
103.683122141,0.006,-0.3
103.688891888,0.006,-0.3
103.697128512,0.006,-0.3
103.705497235,0.006,-0.3
103.71258507,0.006,-0.3
103.71794502,0.006,-0.3
103.728398224,0.006,-0.3
103.734092972,0.006,-0.3
103.745533966,0.006,-0.3
103.75167521,0.006,-0.3
103.760446529,0.006,-0.3
103.768693953,0.006,-0.3
103.778052067,0.006,-0.3
103.785947094,0.006,-0.3
103.795850403,0.006,-0.3
103.802558941,0.006,-0.3
103.815533821,0.006,-0.3
103.820942772,0.006,-0.3
103.833499356,0.006,-0.3
103.839931897,0.006,-0.3
103.854072866,0.006,-0.3
103.859783814,0.006,-0.3
103.86775924,0.006,-0.3
103.877946747,0.006,-0.3
103.886934064,0.006,-0.3
103.893484303,0.006,-0.3
103.905478993,0.006,-0.3
103.91448161,0.006,-0.3
103.926935795,0.006,-0.3
103.932672542,0.006,-0.3
103.944728231,0.006,-0.3
103.949966583,0.006,-0.3
103.96223737,0.006,-0.3
103.968492013,0.006,-0.3
103.975843745,0.006,-0.3
103.986626546,0.006,-0.3
103.993534982,0.006,-0.3
103.997876842,0.006,-0.3
104.011416017,0.006665013900001554,-0.24679888799987565
104.016617469,0.006922776500001987,-0.22617787999984101
104.028981455,0.007505186150001237,-0.17958510799990107
104.034270107,0.007802673400001709,-0.1557861279998633
104.044534312,0.008294973850001726,-0.11640209199986201
104.056353003,0.008898433300001103,-0.06812533599991183
104.066668008,0.009385673850002036,-0.029146091999837143
104.07624882,0.009915973950000762,0.0
104.085511835,0.01,0.0
104.094571851,0.01,0.0
104.104946756,0.01,0.0
104.111024,0.01,0.0
104.123668283,0.01,0.0
104.129155433,0.01,0.0
104.140681027,0.01,0.0
104.145930878,0.01,0.0
104.152866614,0.01,0.0
104.160769842,0.01,0.0
104.169408062,0.01,0.0
104.174758913,0.01,0.0
104.186882701,0.01,0.0
104.192962845,0.01,0.0
104.203852445,0.01,0.0
104.210651282,0.01,0.0
104.221064086,0.01,0.0
104.227761825,0.01,0.0
104.237707533,0.01,0.0
104.247615642,0.01,0.0
104.255587268,0.01,0.0
104.261046818,0.01,0.0
104.272343314,0.01,0.0
104.278848854,0.01,0.0
104.288505765,0.01,0.0
104.294272012,0.01,0.0
104.302593235,0.01,0.0
104.312053448,0.01,0.0
104.320216973,0.01,0.0
104.325232727,0.01,0.0
104.337610413,0.01,0.0
104.342188371,0.01,0.0
104.355929644,0.01,0.0
104.361855689,0.01,0.0
104.371491299,0.01,0.0
104.379543821,0.01,0.0
104.389057329,0.01,0.0
104.399192631,0.01,0.0
104.406382562,0.01,0.0
104.411555412,0.01,0.0
104.42218111,0.01,0.0
104.427776356,0.01,0.0
104.436746269,0.01,0.0
104.445787482,0.01,0.0
104.453801704,0.01,0.0
104.459341651,0.01,0.0
104.469896049,0.01,0.0
104.476113689,0.01,0.0
104.488361171,0.01,0.0
104.494352713,0.01,0.0
104.504476915,0.01,0.0
104.512521938,0.01,0.0
104.520435161,0.01,0.0
104.524792319,0.01,0.0
104.53824329,0.01,0.0
104.542920544,0.01,0.0
104.553556542,0.01,0.0
104.559002789,0.01,0.0
104.567462608,0.01,0.0
104.577134914,0.01,0.0
104.584135147,0.01,0.0
104.589871391,0.01,0.0
104.599912794,0.01,0.0
104.606314933,0.01,0.0
104.616309236,0.01,0.0
104.622205379,0.01,0.0
104.631287192,0.01,0.0
104.641269795,0.01,0.0
104.648745523,0.01,0.0
104.653774675,0.01,0.0
104.668033037,0.01,0.0
104.673746282,0.01,0.0
104.68428858,0.01,0.0
104.68954463,0.01,0.0
104.696912358,0.01,0.0
104.704828082,0.01,0.0
104.714162092,0.01,0.0
104.723043806,0.01,0.0
104.731246227,0.01,0.0
104.737042271,0.01,0.0
104.749479651,0.01,0.0
104.754180806,0.01,0.0
104.765751894,0.01,0.0
104.77444901,0.01,0.0
104.783400624,0.01,0.0
104.792990831,0.01,0.0
104.800900355,0.01,0.0
104.809304074,0.01,0.0
104.816366106,0.01,0.0
104.822791044,0.01,0.0
104.83248295,0.01,0.0
104.838531492,0.01,0.0
104.848631894,0.01,0.0
104.854426538,0.01,0.0
104.861662369,0.01,0.0
104.870357185,0.01,0.0
104.877858712,0.01,0.0
104.883462158,0.01,0.0
104.896249835,0.01,0.0
104.900749691,0.01,0.0
104.90915641,0.01,0.0
104.917777627,0.01,0.0
104.925898849,0.01,0.0
104.931640793,0.01,0.0
104.942266891,0.01,0.0
104.948151334,0.01,0.0
104.959159828,0.01,0.0
104.964878473,0.01,0.0
104.979777729,0.01,0.0
104.984970279,0.01,0.0
104.997387659,0.01,0.0
105.002861006,0.01,0.0
105.017334766,0.01,0.0
105.026123681,0.01,0.0
105.035711789,0.01,0.0
105.042309625,0.01,0.0
105.056903884,0.01,0.0
105.062206233,0.01,0.0
105.075291107,0.01,0.0
105.081661346,0.01,0.0
105.092342642,0.01,0.0
105.099070778,0.01,0.0
105.106322708,0.01,0.0
105.117397801,0.01,0.0
105.123767739,0.01,0.0
105.130368876,0.01,0.0
105.143963944,0.01,0.0
105.148129304,0.01,0.0
105.160060689,0.01,0.0
105.16720532,0.01,0.0
105.173532759,0.01,0.0
105.18168718,0.01,0.0
105.189246007,0.01,0.0
105.194569456,0.01,0.0
105.205424251,0.01,0.0
105.210098406,0.01,0.0
105.221194099,0.01,0.0
105.227804735,0.01,0.0
105.236125755,0.01,0.0
105.244746072,0.01,0.0
105.251340408,0.01,0.0
105.256860555,0.01,0.0
105.27087172,0.01,0.0
105.274421285,0.01,0.0
105.287661458,0.01,0.0
105.292088215,0.01,0.0
105.299385444,0.01,0.0
105.308426257,0.01,0.0
105.317531669,0.01,0.0
105.32677438,0.01,0.0
105.334546705,0.01,0.0
105.340157451,0.01,0.0
105.350958347,0.01,0.0
105.357494284,0.01,0.0
105.369785464,0.01,0.0
105.376423397,0.01,0.01744752300004393
105.383198629,0.01,0.041279883000015616
105.391523945,0.01,0.0669146249999244
105.401488644,0.01,0.09650602799990793
105.406533693,0.01,0.11164207499990653
105.41778068,0.01,0.14539263300002858
105.42475241,0.01,0.1615561709999156
105.431458242,0.01,0.18
105.439310963,0.01,0.18
105.448315272,0.01,0.18
105.454143113,0.01,0.18
105.465876795,0.01,0.18
105.472020733,0.01,0.18
105.484179511,0.01,0.18
105.49018955,0.01,0.18
105.498241969,0.01,0.18
105.50707558,0.01,0.18
105.516903581,0.01,0.18
105.52789627,0.01,0.18
105.534572902,0.01,0.18
105.539698751,0.01,0.18
105.551963327,0.01,0.18
105.558850258,0.01,0.18
105.573219013,0.01,0.18
105.581148633,0.01,0.18
105.594705696,0.01,0.18
105.599954743,0.01,0.18
105.612342518,0.01,0.18
105.61812476,0.01,0.18
105.625019191,0.01,0.18
105.633678803,0.01,0.18
105.641395725,0.01,0.18
105.647116068,0.01,0.18
105.65884115,0.01,0.18
105.665672281,0.01,0.18
105.676825368,0.01,0.18
105.682197814,0.01,0.18
105.690746028,0.01,0.18
105.698580849,0.01,0.18
105.707707657,0.01,0.18
105.717839555,0.01,0.18
105.725471378,0.01,0.18
105.732875803,0.01,0.18
105.744437686,0.01,0.18
105.749414936,0.01,0.18
105.760733822,0.01,0.18
105.766386565,0.01,0.18
105.774461384,0.01,0.18
105.784055087,0.01,0.18
105.792300704,0.01,0.18
105.797035456,0.01,0.18
105.809213933,0.01,0.18
105.814234183,0.01,0.18
105.826325561,0.01,0.18
105.831432709,0.01,0.18
105.839823525,0.01,0.18
105.848671536,0.01,0.18
105.857721944,0.01,0.18
105.863511986,0.01,0.18
105.87503417,0.01,0.18
105.882840291,0.01,0.18
105.893627482,0.01,0.18
105.90075291,0.01,0.18
105.913460782,0.01,0.18
105.918405332,0.01,0.18
105.926897047,0.01,0.18
105.935415561,0.01,0.18
105.943918875,0.01,0.18
105.948563728,0.01,0.18
105.960044113,0.01,0.18
105.96529556,0.01,0.18
105.973880173,0.01,0.18
105.984871862,0.01,0.18
105.991459696,0.01,0.18
105.99498886,0.01,0.18
106.006488144,0.01,0.18
106.011744491,0.01,0.18
106.023164876,0.01,0.18
106.028582422,0.01,0.18
106.037255334,0.01,0.18
106.046300543,0.01,0.18
106.055872446,0.01,0.18
106.059929205,0.01,0.18
106.071013194,0.01,0.18
106.077733526,0.01,0.18
106.088529917,0.01,0.18
106.095129151,0.01,0.18
106.103360968,0.01,0.18
106.112601174,0.01,0.18
106.121185388,0.01,0.18
106.132761871,0.01,0.18
106.144051757,0.01,0.18
106.152106476,0.01,0.18
106.161344483,0.01,0.18
106.16754092,0.01,0.18
106.18246247,0.01,0.18
106.189337801,0.01,0.18
106.200717786,0.01,0.18
106.208157411,0.01,0.18
106.219011502,0.01,0.18
106.224274848,0.01,0.18
106.232623964,0.01,0.18
106.241648173,0.01,0.18
106.24988939,0.01,0.18
106.255939329,0.01,0.18
106.266166826,0.01,0.18
106.271959968,0.01,0.18
106.28360655,0.01,0.18
106.289197694,0.01,0.18
106.297635409,0.01,0.18
106.306879516,0.01,0.18
106.317290811,0.01,0.18
106.329741685,0.01,0.18
106.34214096,0.01,0.18
106.351707164,0.01,0.18
106.361278167,0.01,0.18
106.36693451,0.01,0.18
106.379468978,0.01,0.18
106.384737623,0.01,0.18
106.397298191,0.01,0.18
106.401852643,0.01,0.18
106.411335544,0.01,0.18
106.419333459,0.01,0.18
106.427511174,0.01,0.18
106.43256022,0.01,0.18
106.444471895,0.01,0.18
106.449186546,0.01,0.18
106.460781024,0.01,0.18
106.467023558,0.01,0.18
106.474880976,0.01,0.18
106.485611163,0.01,0.18
106.494670668,0.01,0.18
106.500893002,0.01,0.18
106.510878397,0.01,0.18
106.515793146,0.01,0.18
106.52781042,0.01,0.18
106.533172963,0.01,0.18
106.54107648,0.01,0.18
106.54969829,0.01,0.18
106.558576596,0.01,0.18
106.56584502,0.01,0.18
106.577093502,0.01,0.18
106.581766853,0.01,0.18
106.592569939,0.01,0.18
106.600476156,0.01,0.18
106.609673259,0.01,0.18
106.617492477,0.01,0.18
106.62670508,0.01,0.18
106.633457509,0.01,0.18
106.646476973,0.01,0.18
106.650398731,0.01,0.18
106.662791801,0.01,0.18
106.668152345,0.01,0.18
106.676401058,0.01,0.18
106.684015778,0.01,0.18
106.692341591,0.01,0.18
106.698039831,0.01,0.18
106.708654919,0.01,0.18
106.715074052,0.01,0.18
106.726588531,0.01,0.18
106.731871575,0.01,0.18
106.739862991,0.01,0.18
106.750000685,0.01,0.18
106.7580192,0.01,0.18
106.763020748,0.01,0.18
106.773717435,0.01,0.18
106.778675483,0.01,0.18
106.79331093,0.01,0.18
106.799042869,0.01,0.18
106.806310793,0.01,0.18
106.814925102,0.01,0.18
106.823657111,0.01,0.18
106.833579506,0.01,0.18
106.842592612,0.01,0.18
106.84750196,0.01,0.18
106.858079349,0.01,0.18
106.864325683,0.01,0.18
106.873148291,0.01,0.18
106.88083661,0.01,0.18
106.889793516,0.01,0.18
106.898706022,0.01,0.18
106.907340531,0.01,0.18
106.91314807,0.01,0.18
106.922295974,0.01,0.18
106.929494898,0.01,0.18
106.93790991,0.01,0.18
106.944722438,0.01,0.18
106.951894163,0.01,0.18
106.963797138,0.01,0.18
106.969822475,0.01,0.18
106.975783312,0.01,0.18
106.987296491,0.01,0.18
106.990562557,0.01,0.18
106.99882887,0.01,0.18
107.009948653,0.01,0.18
107.019497253,0.01,0.18
107.028261561,0.01,0.18
107.037364365,0.01,0.18
107.042501011,0.01,0.18
107.052676504,0.01,0.18
107.059444933,0.01,0.18
107.070749014,0.01,0.18
107.075788261,0.01,0.18
107.08633545,0.01,0.18
107.093622574,0.01,0.18
107.101737788,0.01,0.18
107.107507728,0.01,0.18
107.117361424,0.01,0.18
107.124886045,0.01,0.18
107.136316025,0.01,0.18
107.142372261,0.01,0.18
107.154798031,0.01,0.18
107.158753789,0.01,0.18
107.167330099,0.01,0.18
107.176054108,0.01,0.18
107.183145133,0.01,0.18
107.189640565,0.01,0.18
107.199983456,0.01,0.1623491406440735
107.205725196,0.01,0.1623491406440735
107.219264253,0.01,0.1623491406440735
107.225042793,0.01,0.1623491406440735
107.233518304,0.01,0.1623491406440735
107.243576098,0.01,0.1623491406440735
107.252520404,0.01,0.1623491406440735
107.261945105,0.01,0.1623491406440735
107.270664013,0.01,0.1623491406440735
107.276852548,0.01,0.1623491406440735
107.289372817,0.01,0.1623491406440735
107.296163045,0.01,0.1623491406440735
107.308608015,0.01,0.11002208864406385
107.315434843,0.01,0.08646856546401978
107.327716714,0.01,0.08646856546401978
107.335084036,0.01,0.08646856546401978
107.341964764,0.01,0.08646856546401978
107.35095847,0.01,0.08646856546401978
107.360107273,0.01,0.08646856546401978
107.365392018,0.01,0.08646856546401978
107.376783694,0.01,0.08646856546401978
107.38360362,0.01,0.08646856546401978
107.397399769,0.01,0.08646856546401978
107.402951208,0.01,0.08646856546401978
107.416034465,0.01,0.042351949214935306
107.422496395,0.01032181150000099,0.05293993651866913
107.431029701,0.010723682100002066,0.05293993651866913
107.439918804,0.011187087050001878,0.05293993651866913
107.448916306,0.01165256195000154,0.05293993651866913
107.458652699,0.012118881850000774,0.05293993651866913
107.468129596,0.01258286680000026,0.05293993651866913
107.473702035,0.012857403800001634,0.05293993651866913
107.486870491,0.013422227600000837,0.05293993651866913
107.49065375,0.013737124200000608,0.05293993651866913
107.501778728,0.0142690233500025,0.05293993651866913
107.507451766,0.014582569949999994,0.027856208518869607
107.515666576,0.014977405600001817,0.01985247619450092
107.526150562,0.015,0.01985247619450092
107.533960177,0.015,0.01985247619450092
107.538530727,0.015,0.01985247619450092
107.550868392,0.015,0.01985247619450092
107.556398631,0.015,0.01985247619450092
107.569942383,0.015,0.01985247619450092
107.575097027,0.015,0.01985247619450092
107.582973741,0.015,0.01985247619450092
107.591719545,0.015,0.01985247619450092
107.599937756,0.015,0.01985247619450092
107.60592729,0.015,0.01985247619450092
107.61783746,0.015,0.00441166153177619
107.623674696,0.015,0.00441166153177619
107.633648887,0.015,0.00441166153177619
107.640154816,0.015,0.00441166153177619
107.648272827,0.015,0.00441166153177619
107.65714253,0.015,0.00441166153177619
107.66539094,0.015,0.00441166153177619
107.669473396,0.015,0.00441166153177619
107.682929949,0.015,0.00441166153177619
107.690274368,0.015,0.00441166153177619
107.701579945,0.015,0.00441166153177619
107.706768488,0.015,0.00441166153177619
107.719641148,0.015,1.0231399061311208e-14
107.724857291,0.015,1.0231399061311208e-14
107.733959891,0.015,1.0231399061311208e-14
107.743595586,0.015,1.0231399061311208e-14
107.753385779,0.015,1.0231399061311208e-14
107.761380791,0.015,1.0231399061311208e-14
107.770866588,0.015,1.0231399061311208e-14
107.776751923,0.015,1.0231399061311208e-14
107.788168399,0.015,1.0231399061311208e-14
107.794327331,0.015,1.0231399061311208e-14
107.804821217,0.015,1.0231399061311208e-14
107.809754963,0.015,1.0231399061311208e-14
107.817082683,0.015,-0.002205830765888095
107.826016885,0.015,-0.002205830765888095
107.834020898,0.015,-0.002205830765888095
107.841232619,0.015,-0.002205830765888095
107.852654294,0.015,-0.002205830765888095
107.857462741,0.015,-0.002205830765888095
107.870152203,0.015,-0.002205830765888095
107.87501745,0.015,-0.002205830765888095
107.883372458,0.015,-0.002205830765888095
107.891701767,0.015,-0.002205830765888095
107.900358573,0.015,-0.002205830765888095
107.905788613,0.015,-0.002205830765888095
107.917305788,0.015,1.0231399061311208e-14
107.923627818,0.015,1.0231399061311208e-14
107.931909628,0.015,1.0231399061311208e-14
107.940720932,0.015,1.0231399061311208e-14
107.948586346,0.015,1.0231399061311208e-14
107.956789756,0.015,1.0231399061311208e-14
107.965421762,0.015,1.0231399061311208e-14
107.969732815,0.015,1.0231399061311208e-14
107.98385076,0.015,1.0231399061311208e-14
107.993116959,0.015,1.0231399061311208e-14
108.007503302,0.015,1.0231399061311208e-14
108.009150184,0.015,1.0231399061311208e-14
108.020877856,0.015,0.002205830765888095
108.027171687,0.015,0.002205830765888095
108.035742293,0.015,0.002205830765888095
108.044144001,0.015,0.002205830765888095
108.051413222,0.015,0.002205830765888095
108.058642843,0.015,0.002205830765888095
108.06903293,0.015,0.002205830765888095
108.075459559,0.015,0.002205830765888095
108.087230731,0.015,0.002205830765888095
108.091596283,0.015,0.002205830765888095
108.103275555,0.015,0.002205830765888095
108.110507576,0.015,0.002205830765888095
108.118519589,0.015,0.002205830765888095
108.123431135,0.015,1.0231399061311208e-14
108.135941698,0.015,1.0231399061311208e-14
108.141380439,0.015,1.0231399061311208e-14
108.148031466,0.015,1.0231399061311208e-14
108.158871548,0.015,1.0231399061311208e-14
108.165399776,0.015,1.0231399061311208e-14
108.170399222,0.015,1.0231399061311208e-14
108.181041006,0.015,1.0231399061311208e-14
108.186588845,0.015,1.0231399061311208e-14
108.198701513,0.015,1.0231399061311208e-14
108.204772746,0.015,1.0231399061311208e-14
108.211818069,0.015,1.0231399061311208e-14
108.221862859,0.015,-0.002205830765888095
108.230195168,0.015,-0.002205830765888095
108.235954105,0.015,-0.002205830765888095
108.246981385,0.015,-0.002205830765888095
108.252714822,0.015,-0.002205830765888095
108.264726991,0.015,-0.002205830765888095
108.269504939,0.015,-0.002205830765888095
108.278674239,0.015,-0.002205830765888095
108.285546864,0.015,-0.002205830765888095
108.29780223,0.015,-0.002205830765888095
108.306496935,0.015,-0.002205830765888095
108.31519344,0.015,-0.002205830765888095
108.321628569,0.015,1.0231399061311208e-14
108.332408951,0.015,1.0231399061311208e-14
108.337468696,0.015,1.0231399061311208e-14
108.350710751,0.015,1.0231399061311208e-14
108.356813085,0.015,1.0231399061311208e-14
108.366612078,0.015,1.0231399061311208e-14
108.376195169,0.015,1.0231399061311208e-14
108.386650851,0.015,1.0231399061311208e-14
108.397487328,0.015,1.0231399061311208e-14
108.406220229,0.015,1.0231399061311208e-14
108.422370146,0.015,1.0231399061311208e-14
108.450116231,0.015,1.0231399061311208e-14
108.464518568,0.015,1.0231399061311208e-14
108.483232255,0.015,1.0231399061311208e-14
108.498251085,0.015,1.0231399061311208e-14
108.507920975,0.015,1.0231399061311208e-14
108.512587323,0.015,1.0231399061311208e-14
108.524228091,0.015,1.0231399061311208e-14
108.530202523,0.015,1.0231399061311208e-14
108.54189669,0.015,1.0231399061311208e-14
108.548683013,0.015,1.0231399061311208e-14
108.562742054,0.015,1.0231399061311208e-14
108.566046216,0.015,1.0231399061311208e-14
108.573849628,0.015,1.0231399061311208e-14
108.582407031,0.015,1.0231399061311208e-14
108.590949034,0.015,1.0231399061311208e-14
108.598084953,0.015,1.0231399061311208e-14
108.610551312,0.015,1.0231399061311208e-14
108.615259258,0.015,1.0231399061311208e-14
108.626307733,0.015,1.0231399061311208e-14
108.632512963,0.015,1.0231399061311208e-14
108.645240318,0.015,1.0231399061311208e-14
108.653836521,0.015,1.0231399061311208e-14
108.659859852,0.015,1.0231399061311208e-14
108.667551365,0.015,1.0231399061311208e-14
108.676690762,0.015,1.0231399061311208e-14
108.682132,0.015,1.0231399061311208e-14
108.69530425,0.015,1.0231399061311208e-14
108.700189695,0.015,1.0231399061311208e-14
108.711379968,0.015,1.0231399061311208e-14
108.718952782,0.015,1.0231399061311208e-14
108.729609561,0.015,1.0231399061311208e-14
108.734865202,0.015,1.0231399061311208e-14
108.743651802,0.015,1.0231399061311208e-14
108.752290104,0.015,1.0231399061311208e-14
108.759889918,0.015,1.0231399061311208e-14
108.764293168,0.015,1.0231399061311208e-14
108.774396154,0.015,1.0231399061311208e-14
108.779863092,0.015,1.0231399061311208e-14
108.789364784,0.015,1.0231399061311208e-14
108.797499992,0.015,1.0231399061311208e-14
108.805980695,0.015,1.0231399061311208e-14
108.810283847,0.015,1.0231399061311208e-14
108.822096313,0.015,1.0231399061311208e-14
108.827696249,0.015,1.0231399061311208e-14
108.840336006,0.015,1.0231399061311208e-14
108.846851932,0.015,1.0231399061311208e-14
108.857556811,0.015,1.0231399061311208e-14
108.866013115,0.015,1.0231399061311208e-14
108.87435882,0.015,1.0231399061311208e-14
108.882547027,0.015,1.0231399061311208e-14
108.891552825,0.015,1.0231399061311208e-14
108.903767786,0.015,1.0231399061311208e-14
108.913606875,0.015,1.0231399061311208e-14
108.922600573,0.015,1.0231399061311208e-14
108.931718569,0.015,1.0231399061311208e-14
108.93699171,0.015,1.0231399061311208e-14
108.947199394,0.015,1.0231399061311208e-14
108.954414312,0.015,1.0231399061311208e-14
108.961878727,0.015,1.0231399061311208e-14
108.969700739,0.015,1.0231399061311208e-14
108.977070055,0.015,1.0231399061311208e-14
108.984032376,0.015,1.0231399061311208e-14
108.993631467,0.015,1.0231399061311208e-14
109.001179882,0.015,1.0231399061311208e-14
109.009787384,0.015,1.0231399061311208e-14
109.01547012,0.015,1.0231399061311208e-14
109.024318319,0.015,1.0231399061311208e-14
109.032958221,0.015,1.0231399061311208e-14
109.040408337,0.015,1.0231399061311208e-14
109.046056773,0.015,1.0231399061311208e-14
109.056068859,0.015,1.0231399061311208e-14
109.062115791,0.015,1.0231399061311208e-14
109.074933745,0.015,1.0231399061311208e-14
109.079690691,0.015,1.0231399061311208e-14
109.088131396,0.015,1.0231399061311208e-14
109.096732798,0.015,1.0231399061311208e-14
109.104768407,0.015,1.0231399061311208e-14
109.109913949,0.015,1.0231399061311208e-14
109.130547815,0.015,1.0231399061311208e-14
109.139484813,0.015,1.0231399061311208e-14
109.157186613,0.015,1.0231399061311208e-14
109.16885248,0.015,1.0231399061311208e-14
109.179554059,0.015,1.0231399061311208e-14
109.190843231,0.015,1.0231399061311208e-14
109.201768507,0.015,1.0231399061311208e-14
109.210748605,0.015,1.0231399061311208e-14
109.219596005,0.015,1.0231399061311208e-14
109.225966433,0.015,1.0231399061311208e-14
109.237867298,0.015,1.0231399061311208e-14
109.243277536,0.015,1.0231399061311208e-14
109.250075759,0.015,1.0231399061311208e-14
109.260058446,0.015,1.0231399061311208e-14
109.268890746,0.015,1.0231399061311208e-14
109.274382084,0.015,1.0231399061311208e-14
109.284972564,0.015,1.0231399061311208e-14
109.290147505,0.015,1.0231399061311208e-14
109.30200287,0.015,1.0231399061311208e-14
109.309408786,0.015,1.0231399061311208e-14
109.319596471,0.015,1.0231399061311208e-14
109.327754978,0.015,1.0231399061311208e-14
109.336090484,0.015,1.0231399061311208e-14
109.345345979,0.015,1.0231399061311208e-14
109.354802072,0.015,1.0231399061311208e-14
109.360493707,0.015,1.0231399061311208e-14
109.371191684,0.015,1.0231399061311208e-14
109.378101103,0.015,1.0231399061311208e-14
109.388905676,0.015,1.0231399061311208e-14
109.395196002,0.015,1.0231399061311208e-14
109.403714902,0.015,1.0231399061311208e-14
109.413512287,0.015,1.0231399061311208e-14
109.419410918,0.015,1.0231399061311208e-14
109.424862854,0.015,1.0231399061311208e-14
109.435272331,0.015,1.0231399061311208e-14
109.44048757,0.015,1.0231399061311208e-14
109.447681586,0.015,1.0231399061311208e-14
109.455962088,0.015,1.0231399061311208e-14
109.463927195,0.015,1.0231399061311208e-14
109.470706415,0.015,1.0231399061311208e-14
109.480874196,0.015,1.0231399061311208e-14
109.486131034,0.015,1.0231399061311208e-14
109.497098605,0.015,1.0231399061311208e-14
109.50524421,0.015,1.0231399061311208e-14
109.512917719,0.015,1.0231399061311208e-14
109.521815215,0.015,1.0231399061311208e-14
109.530864909,0.015,1.0231399061311208e-14
109.539803904,0.015,1.0231399061311208e-14
109.5486532,0.015,1.0231399061311208e-14
109.55458283,0.015,1.0231399061311208e-14
109.567017484,0.015,1.0231399061311208e-14
109.573224011,0.015,1.0231399061311208e-14
109.585991961,0.015,1.0231399061311208e-14
109.592506784,0.015,1.0231399061311208e-14
109.605810428,0.015,1.0231399061311208e-14
109.609560984,0.015,1.0231399061311208e-14
109.617439892,0.015,1.0231399061311208e-14
109.626563384,0.015,1.0231399061311208e-14
109.636050873,0.015,1.0231399061311208e-14
109.642610696,0.015,1.0231399061311208e-14
109.654747053,0.015,1.0231399061311208e-14
109.659896693,0.015,1.0231399061311208e-14
109.670939563,0.015,1.0231399061311208e-14
109.675628308,0.015,1.0231399061311208e-14
109.683620914,0.015,1.0231399061311208e-14
109.69163462,0.015,1.0231399061311208e-14
109.700038321,0.015,1.0231399061311208e-14
109.705527757,0.015,1.0231399061311208e-14
109.717008622,0.015,1.0231399061311208e-14
109.721883965,0.015,1.0231399061311208e-14
109.730099568,0.015,1.0231399061311208e-14
109.738361971,0.015,1.0231399061311208e-14
109.747455364,0.015,1.0231399061311208e-14
109.752991099,0.015,1.0231399061311208e-14
109.764588563,0.015,1.0231399061311208e-14
109.769621704,0.015,1.0231399061311208e-14
109.782043858,0.015,1.0231399061311208e-14
109.788865278,0.015,1.0231399061311208e-14
109.795268403,0.015,1.0231399061311208e-14
109.806864367,0.015,1.0231399061311208e-14
109.81508207,0.015,1.0231399061311208e-14
109.819551318,0.015,1.0231399061311208e-14
109.83037289,0.015,1.0231399061311208e-14
109.835821626,0.015,1.0231399061311208e-14
109.848027683,0.015,1.0231399061311208e-14
109.853565918,0.015,1.0231399061311208e-14
109.86193332,0.015,1.0231399061311208e-14
109.869964725,0.015,1.0231399061311208e-14
109.878471225,0.015,1.0231399061311208e-14
109.885009549,0.015,1.0231399061311208e-14
109.89513753,0.015,1.0231399061311208e-14
109.900140771,0.015,1.0231399061311208e-14
109.912612524,0.015,1.0231399061311208e-14
109.915953085,0.015,1.0231399061311208e-14
109.924154189,0.015,1.0231399061311208e-14
109.933097184,0.015,1.0231399061311208e-14
109.940042302,0.015,1.0231399061311208e-14
109.946260729,0.015,1.0231399061311208e-14
109.956773306,0.015,1.0231399061311208e-14
109.962496438,0.015,1.0231399061311208e-14
109.970385246,0.015,1.0231399061311208e-14
109.978900646,0.015,1.0231399061311208e-14
109.986996551,0.015,1.0231399061311208e-14
109.998232419,0.015,1.0231399061311208e-14
110.006396123,0.015,1.0231399061311208e-14
110.012905546,0.015,1.0231399061311208e-14
110.02370102,0.015,1.0231399061311208e-14
110.03132963,0.015,1.0231399061311208e-14
110.04327099,0.015,1.0231399061311208e-14
110.049280919,0.015,1.0231399061311208e-14
110.060677985,0.015,1.0231399061311208e-14
110.068457194,0.015,1.0231399061311208e-14
110.078029381,0.015,1.0231399061311208e-14
110.088270561,0.015,1.0231399061311208e-14
110.097120757,0.015,1.0231399061311208e-14
110.10797703,0.015,1.0231399061311208e-14
110.116508829,0.015,1.0231399061311208e-14
110.122094764,0.015,1.0231399061311208e-14
110.131336355,0.015,1.0231399061311208e-14
110.136538694,0.015,1.0231399061311208e-14
110.146564276,0.015,1.0231399061311208e-14
110.154325285,0.015,1.0231399061311208e-14
110.162090594,0.015,1.0231399061311208e-14
110.168121923,0.015,1.0231399061311208e-14
110.1785646,0.015,1.0231399061311208e-14
110.184207134,0.015,1.0231399061311208e-14
110.195372103,0.015,1.0231399061311208e-14
110.200902138,0.015,1.0231399061311208e-14
110.208747946,0.015,1.0231399061311208e-14
110.21690585,0.015,1.0231399061311208e-14
110.22546825,0.015,1.0231399061311208e-14
110.23138068,0.015,1.0231399061311208e-14
110.243836134,0.015,1.0231399061311208e-14
110.247616789,0.015,1.0231399061311208e-14
110.259004756,0.015,1.0231399061311208e-14
110.265071484,0.015,1.0231399061311208e-14
110.272934092,0.015,1.0231399061311208e-14
110.28250088,0.015,1.0231399061311208e-14
110.29100808,0.015,1.0231399061311208e-14
110.29952128,0.015,1.0231399061311208e-14
110.307873382,0.015,1.0231399061311208e-14
110.313344817,0.015,1.0231399061311208e-14
110.323502098,0.015,1.0231399061311208e-14
110.329739125,0.015,1.0231399061311208e-14
110.337965928,0.015,1.0231399061311208e-14
110.345923935,0.015,1.0231399061311208e-14
110.355126227,0.015,1.0231399061311208e-14
110.364089921,0.015,1.0231399061311208e-14
110.37335931,0.015,1.0231399061311208e-14
110.37908674,0.015,1.0231399061311208e-14
110.389898509,0.015,1.0231399061311208e-14
110.395754638,0.015,1.0231399061311208e-14
110.408925278,0.015,1.0231399061311208e-14
110.414341412,0.015,1.0231399061311208e-14
110.422204117,0.015,1.0231399061311208e-14
110.43095311,0.015,1.0231399061311208e-14
110.440439995,0.015,1.0231399061311208e-14
110.445028239,0.015,1.0231399061311208e-14
110.455904707,0.015,1.0231399061311208e-14
110.461696637,0.015,1.0231399061311208e-14
110.475106674,0.015,1.0231399061311208e-14
110.479301423,0.015,1.0231399061311208e-14
110.487731321,0.015,1.0231399061311208e-14
110.496158018,0.015,1.0231399061311208e-14
110.503718826,0.015,1.0231399061311208e-14
110.509503356,0.015,1.0231399061311208e-14
110.520573422,0.015,1.0231399061311208e-14
110.52650285,0.015,1.0231399061311208e-14
110.533743962,0.015,1.0231399061311208e-14
110.542235959,0.015,1.0231399061311208e-14
110.555164902,0.015,1.0231399061311208e-14
110.5553211,0.015,1.0231399061311208e-14
110.566773761,0.015,0.002205830765888095
110.573509879,0.015,0.002205830765888095
110.581721379,0.015,0.002205830765888095
110.587616207,0.015,0.002205830765888095
110.594366325,0.015,0.002205830765888095
110.6047331,0.015,0.002205830765888095
110.611863113,0.015,0.002205830765888095
110.620223411,0.015,0.002205830765888095
110.633082655,0.015,0.002205830765888095
110.639565576,0.015,0.002205830765888095
110.65242872,0.015,0.002205830765888095
110.65988043,0.015,0.002205830765888095
110.672472477,0.015,1.0231399061311208e-14
110.678438604,0.015,1.0231399061311208e-14
110.690674456,0.015,1.0231399061311208e-14
110.696726982,0.015,1.0231399061311208e-14
110.705790672,0.015,1.0231399061311208e-14
110.715383156,0.015,1.0231399061311208e-14
110.725032638,0.015,1.0231399061311208e-14
110.73312284,0.015,1.0231399061311208e-14
110.742660624,0.015,1.0231399061311208e-14
110.74792446,0.015,1.0231399061311208e-14
110.761308998,0.015,1.0231399061311208e-14
110.76606014,0.015,1.0231399061311208e-14
110.777733998,0.015,1.0231399061311208e-14
110.783017034,0.015,1.0231399061311208e-14
110.79076524,0.015,1.0231399061311208e-14
110.80064952,0.015,1.0231399061311208e-14
110.809144617,0.015,1.0231399061311208e-14
110.815256842,0.015,1.0231399061311208e-14
110.828246585,0.015,1.0231399061311208e-14
110.834098214,0.015,1.0231399061311208e-14
110.845057792,0.015,1.0231399061311208e-14
110.851180326,0.015,1.0231399061311208e-14
110.858225451,0.015,1.0231399061311208e-14
110.868033145,0.015,-0.002205830765888095
110.876495955,0.015,-0.002205830765888095
110.885670956,0.015,-0.002205830765888095
110.89460796,0.015,-0.002205830765888095
110.899120512,0.015,-0.002205830765888095
110.909566999,0.015,-0.002205830765888095
110.916249328,0.015,-0.002205830765888095
110.925914924,0.015,-0.002205830765888095
110.932394754,0.015,-0.002205830765888095
110.941502457,0.015,-0.002205830765888095
110.946881999,0.015,-0.002205830765888095
110.958252977,0.015,-0.002205830765888095
110.964136714,0.015,-0.002205830765888095
110.976640179,0.015,1.0231399061311208e-14
110.981454328,0.015,1.0231399061311208e-14
110.993285401,0.015,1.0231399061311208e-14
111.002200205,0.015,1.0231399061311208e-14
111.012990389,0.015,1.0231399061311208e-14
111.022055992,0.015,1.0231399061311208e-14
111.030111605,0.015,1.0231399061311208e-14
111.036455037,0.015,1.0231399061311208e-14
111.04831821,0.015,1.0231399061311208e-14
111.05104728,0.015,1.0231399061311208e-14
111.065567324,0.015,1.0231399061311208e-14
111.072442951,0.015,1.0231399061311208e-14
111.081205557,0.015,1.0231399061311208e-14
111.091244349,0.015,1.0231399061311208e-14
111.101208842,0.015,1.0231399061311208e-14
111.111553831,0.015,1.0231399061311208e-14
111.122223616,0.015,1.0231399061311208e-14
111.134181588,0.015,1.0231399061311208e-14
111.141045014,0.015,1.0231399061311208e-14
111.147167148,0.015,1.0231399061311208e-14
111.159273218,0.015,1.0231399061311208e-14
111.166438641,0.015,1.0231399061311208e-14
111.182260972,0.015,0.002205830765888095
111.187865711,0.015,0.002205830765888095
111.203479544,0.015,0.002205830765888095
111.209611778,0.015,0.002205830765888095
111.226179,0.015,0.002205830765888095
111.232213535,0.015,0.002205830765888095
111.2447841,0.015,0.002205830765888095
111.251015433,0.015,0.002205830765888095
111.261397722,0.015,0.002205830765888095
111.271087618,0.015,0.002205830765888095
111.28296949,0.015,1.0231399061311208e-14
111.290042214,0.015,1.0231399061311208e-14
111.29879852,0.015,1.0231399061311208e-14
111.305441649,0.015,1.0231399061311208e-14
111.319916094,0.015,1.0231399061311208e-14
111.325593433,0.015,1.0231399061311208e-14
111.337667003,0.015,1.0231399061311208e-14
111.346441309,0.015,1.0231399061311208e-14
111.361024052,0.015,1.0231399061311208e-14
111.372890322,0.015,1.0231399061311208e-14
111.387543459,0.015,1.0231399061311208e-14
111.39381089,0.015,1.0231399061311208e-14
111.40816663,0.015,1.0231399061311208e-14
111.417988821,0.015,1.0231399061311208e-14
111.427136519,0.015,1.0231399061311208e-14
111.43508453,0.015,1.0231399061311208e-14
111.447233395,0.015,1.0231399061311208e-14
111.45396912,0.015,1.0231399061311208e-14
111.469490547,0.015,1.0231399061311208e-14
111.474340793,0.015,1.0231399061311208e-14
111.489110729,0.015,-0.002205830765888095
111.496858943,0.015,-0.002205830765888095
111.512138773,0.015,-0.002205830765888095
111.516522324,0.015,-0.002205830765888095
111.52401784,0.015,-0.002205830765888095
111.534925619,0.015,-0.002205830765888095
111.544171216,0.015,-0.002205830765888095
111.550925941,0.015,-0.002205830765888095
111.563766198,0.015,-0.002205830765888095
111.570297725,0.015,-0.002205830765888095
111.585558555,0.015,-0.002205830765888095
111.592953973,0.015,1.0231399061311208e-14
111.606888218,0.015,1.0231399061311208e-14
111.617570499,0.015,1.0231399061311208e-14
111.630814952,0.015,1.0231399061311208e-14
111.636665987,0.015,1.0231399061311208e-14
111.650997427,0.015,1.0231399061311208e-14
111.658465744,0.015,1.0231399061311208e-14
111.673129181,0.015,1.0231399061311208e-14
111.678748218,0.015,1.0231399061311208e-14
111.688238113,0.015,0.002205830765888095
111.697635408,0.015,0.002205830765888095
111.708950582,0.015,0.002205830765888095
111.716844794,0.015,0.002205830765888095
111.726372188,0.015,0.002205830765888095
111.732698218,0.015,0.002205830765888095
111.747678151,0.015,0.002205830765888095
111.752197801,0.015,0.002205830765888095
111.767951525,0.015,0.002205830765888095
111.778067413,0.015,0.002205830765888095
111.792877648,0.015,1.0231399061311208e-14
111.798813882,0.015,1.0231399061311208e-14
111.815270999,0.015,1.0231399061311208e-14
111.821103834,0.015,1.0231399061311208e-14
111.835122478,0.015,1.0231399061311208e-14
111.843539484,0.015,1.0231399061311208e-14
111.858197921,0.015,1.0231399061311208e-14
111.864365652,0.015,1.0231399061311208e-14
111.882392751,0.015,1.0231399061311208e-14
111.891214153,0.015,1.0231399061311208e-14
111.905415895,0.015,1.0231399061311208e-14
111.913470906,0.015,1.0231399061311208e-14
111.926884156,0.015,1.0231399061311208e-14
111.932958589,0.015,1.0231399061311208e-14
111.941400795,0.015,1.0231399061311208e-14
111.950060198,0.015,1.0231399061311208e-14
111.958957999,0.015,1.0231399061311208e-14
111.962801356,0.015,1.0231399061311208e-14
111.972877244,0.015,1.0231399061311208e-14
111.979101975,0.015,1.0231399061311208e-14
111.991142841,0.015,1.0231399061311208e-14
111.996884877,0.015,-0.002205830765888095
112.005821278,0.015,-0.002205830765888095
112.014752678,0.015,-0.002205830765888095
112.02354538,0.015,-0.002205830765888095
112.027997531,0.015,-0.002205830765888095
112.038211717,0.015,-0.002205830765888095
112.045016441,0.015,-0.002205830765888095
112.055755122,0.015,-0.002205830765888095
112.060637768,0.015,-0.002205830765888095
112.06851268,0.015,-0.002205830765888095
112.077439481,0.015,-0.002205830765888095
112.087082973,0.015,-0.002205830765888095
112.091658722,0.015,-0.002205830765888095
112.104069884,0.015,0.002205830765888095
112.10978902,0.015,0.002205830765888095
112.117662233,0.015,0.002205830765888095
112.126745132,0.015,0.002205830765888095
112.134556245,0.015,0.002205830765888095
112.139867286,0.015,0.002205830765888095
112.153432935,0.015,0.002205830765888095
112.160348358,0.015,0.002205830765888095
112.171237936,0.015,0.002205830765888095
112.177928262,0.015,0.002205830765888095
112.189107638,0.015,0.002205830765888095
112.195076171,0.015,1.0231399061311208e-14
112.204533866,0.015,1.0231399061311208e-14
112.212347279,0.015,1.0231399061311208e-14
112.222212369,0.015,1.0231399061311208e-14
112.226924817,0.015,1.0231399061311208e-14
112.239428277,0.015,1.0231399061311208e-14
112.247531187,0.015,1.0231399061311208e-14
112.256590086,0.015,1.0231399061311208e-14
112.262176224,0.015,1.0231399061311208e-14
112.26970654,0.015,1.0231399061311208e-14
112.277410055,0.015,1.0231399061311208e-14
112.285723062,0.015,1.0231399061311208e-14
112.291087603,0.015,1.0231399061311208e-14
112.305846038,0.015,1.0231399061311208e-14
112.308779206,0.015,1.0231399061311208e-14
112.319710384,0.015,1.0231399061311208e-14
112.326029614,0.015,1.0231399061311208e-14
112.33445952,0.015,1.0231399061311208e-14
112.341972036,0.015,1.0231399061311208e-14
112.351411131,0.015,1.0231399061311208e-14
112.35687377,0.015,1.0231399061311208e-14
112.370320619,0.015,1.0231399061311208e-14
112.376681646,0.015,1.0231399061311208e-14
112.38676033,0.015,1.0231399061311208e-14
112.39193127,0.015,1.0231399061311208e-14
112.399737681,0.015,1.0231399061311208e-14
112.408711277,0.015,1.0231399061311208e-14
112.417463776,0.015,1.0231399061311208e-14
112.422757315,0.015,1.0231399061311208e-14
112.433801888,0.015,1.0231399061311208e-14
112.439908118,0.015,1.0231399061311208e-14
112.451076789,0.015,1.0231399061311208e-14
112.457556315,0.015,1.0231399061311208e-14
112.465697921,0.015,1.0231399061311208e-14
112.473084336,0.015,1.0231399061311208e-14
112.48314582,0.015,1.0231399061311208e-14
112.487519169,0.015,1.0231399061311208e-14
112.498522843,0.015,1.0231399061311208e-14
112.504232077,0.015,1.0231399061311208e-14
112.517121229,0.015,1.0231399061311208e-14
112.522667565,0.015,1.0231399061311208e-14
112.530719572,0.015,1.0231399061311208e-14
112.541254651,0.015,1.0231399061311208e-14
112.550360546,0.015,1.0231399061311208e-14
112.559244343,0.015,1.0231399061311208e-14
112.56735115,0.015,1.0231399061311208e-14
112.573775876,0.015,1.0231399061311208e-14
112.584186256,0.015,1.0231399061311208e-14
112.58989819,0.015,1.0231399061311208e-14
112.60120556,0.015,1.0231399061311208e-14
112.607155292,0.015,1.0231399061311208e-14
112.614137111,0.015,1.0231399061311208e-14
112.622679113,0.015,1.0231399061311208e-14
112.630289625,0.015,1.0231399061311208e-14
112.63503207,0.015,1.0231399061311208e-14
112.647525627,0.015,1.0231399061311208e-14
112.653086862,0.015,1.0231399061311208e-14
112.661473966,0.015,1.0231399061311208e-14
112.671074955,0.015,1.0231399061311208e-14
112.678163874,0.015,1.0231399061311208e-14
112.684611299,0.015,1.0231399061311208e-14
112.695751871,0.0,0.0
112.702682791,0.0,0.0
112.713946162,0.0,0.0
112.719948192,0.0,0.0
112.733114441,0.0,0.0
112.739033773,0.0,0.0
112.745730595,0.0,0.0
112.753894801,0.0,0.0
112.762976497,0.0,0.0
112.769884917,0.0,0.0
112.78178318,0.0,0.0
112.787985109,0.0,0.0
112.80174765,0.0,0.0
112.804862714,0.0,0.0
112.817450469,0.0,0.0
112.824671586,0.0,0.0
112.832678894,0.0,0.0
112.840499704,0.0,0.0
112.848805608,0.0,0.0
112.854570142,0.0,0.0
112.867685591,0.0,0.0
112.871796143,0.0,0.0
112.883079213,0.0,0.0
112.887866358,0.0,0.0
112.896117263,0.0,0.0
112.905019761,0.0,0.0
112.914264854,0.0,0.0
112.922277862,0.0,0.0
112.936778695,0.0,0.0
112.941002846,0.0,0.0
112.952438715,0.0,0.0
112.958344747,0.0,0.0
112.967358143,0.0,0.0
112.976058043,0.0,0.0
112.986206926,0.0,0.0
112.990658874,0.0,0.0
113.003100031,0.0,0.0
113.01270842,0.0,0.0
113.024523784,0.0,0.0
113.030504715,0.0,0.0
113.040838196,0.0,0.0
113.045594842,0.0,0.0
113.054770436,0.0,0.0
113.062978141,0.0,0.0
113.072836528,0.0,0.0
113.078421164,0.0,0.0
113.088946342,0.0,0.0
113.093413191,0.0,0.0
113.104728361,0.0,0.0
113.111036588,0.0,0.0
113.121401768,0.0,0.0
113.129486075,0.0,0.0
113.138299374,0.0,0.0
113.142476426,0.0,0.0
113.154051292,0.0,0.0
113.159879425,0.0,0.0
113.170917598,0.0,0.0
113.174703255,0.0,0.0
113.182135469,0.0,0.0
113.190785569,0.0,0.0
113.199518269,0.0,0.0
113.205757097,0.0,0.0
113.216849969,0.0,0.0
113.222256507,0.0,0.0
113.232579488,0.0,0.0
113.236921338,0.0,0.0
113.245185443,0.0,0.0
113.253606446,0.0,0.0
113.261432956,0.0,0.0
113.266585696,0.0,0.0
113.277746568,0.0,0.0
113.28272711,0.0,0.0
113.291095014,0.0,0.0
113.299448318,0.0,0.0
113.308433714,0.0,0.0
113.318808295,0.0,0.0
113.326227809,0.0,0.0
113.330915255,0.0,0.0
113.342924817,0.0,0.0
113.348286455,0.0,0.0
113.360099719,0.0,0.0
113.36527816,0.0,0.0
113.375512238,0.0,0.0
113.383899339,0.0,0.0
113.39221504,0.0,0.0
113.39720778,0.0,0.0
113.407952852,0.0,0.0
113.415176066,0.0,0.0
113.427999314,0.0,0.0
113.434798933,0.0,0.0
113.445090911,0.0,0.0
113.451201238,0.0,0.0
113.460173531,0.0,0.0
113.467949939,0.0,0.0
113.477857121,0.0,0.0
113.483127158,0.0,0.0
113.495153915,0.0,0.0
113.501575238,0.0,0.0
113.512422309,0.0,0.0
113.517656647,0.0,0.0
113.529724103,0.0,0.0
113.535706432,0.0,0.0
113.543589738,0.0,0.0
113.552007038,0.0,0.0
113.56529148,0.0,0.0
113.574232274,0.0,0.0
113.583902359,0.0,0.0
113.589862188,0.0,0.0
113.601600848,0.0,0.0
113.605356903,0.0,0.0
113.616635269,0.0,0.0
113.623815284,0.0,0.0
113.63166729,0.0,0.0
113.640251888,0.0,0.0
113.6477069,0.0,0.0
113.653478131,0.0,0.0
113.664943194,0.0,0.0
113.669974135,0.0,0.0
113.682004291,0.0,0.0
113.688220117,0.0,0.0
113.695665429,0.0,0.0
113.704601323,0.0,0.0
113.711786937,0.0,0.0
113.721343023,0.0,0.0
113.732158195,0.0,0.0
113.738485819,0.0,0.0
113.749560788,0.0,0.0
113.756821401,0.0,0.0
113.764934205,0.0,0.0
113.773465203,0.0,0.0
113.780898615,0.0,0.0
113.787235339,0.0,0.0
113.798212309,0.0,0.0
113.803678844,0.0,0.0
113.815168407,0.0,0.0
113.820078948,0.0,0.0
113.827273063,0.0,0.0
113.837506241,0.0,0.0
113.845639644,0.0,0.0
113.851217178,0.0,0.0
113.862947838,0.0,0.0
113.869043666,0.0,0.0
113.880277632,0.0,0.0
113.88884343,0.0,0.0
113.892884682,0.0,0.0
113.902088073,0.0,0.0
113.909750281,0.0,0.0
113.916054506,0.0,0.0
113.928265661,0.0,0.0
113.933246702,0.0,0.0
113.940686913,0.0,0.0
113.949594807,0.0,0.0
113.958824398,0.0,0.0
113.968151887,0.0,0.0
113.976998681,0.0,0.0
113.983366405,0.0,0.0
113.992977291,0.0,0.0
113.99891532,0.0,0.0
114.009957089,0.0,0.0
114.014730032,0.0,0.0
114.028255671,0.0,0.0
114.037200265,0.0,0.0
114.046480754,0.0,0.0
114.057358625,0.0,0.0
114.066285119,0.0,0.0
114.073615832,0.0,0.0
114.085669288,0.0,0.0
114.092502007,0.0,0.0
114.105884848,0.0,0.0
114.113795953,0.0,0.0
114.125789811,0.0,0.0
114.132428032,0.0,0.0
114.140478136,0.0,0.0
114.149057834,0.0,0.0
114.158425922,0.0,0.0
114.163077667,0.0,0.0
114.174317033,0.0,0.0
114.180181864,0.0,0.0
114.191902124,0.0,0.0
114.198901741,0.0,0.0
114.206624649,0.0,0.0
114.215222547,0.0,0.0
114.223103253,0.0,0.0
114.229549276,0.0,0.0
114.241638232,0.0,0.0
114.245247089,0.0,0.0
114.257083048,0.0,0.0
114.262287887,0.0,0.0
114.270014995,0.0,0.0
114.277621704,0.0,0.0
114.286019104,0.0,0.0
114.290005557,0.0,0.0
114.301741117,0.0,0.0
114.308147741,0.0,0.0
114.31664994,0.0,0.0
114.33172106,0.0,0.0
114.33848228,0.0,0.0
114.349215952,0.0,0.0
114.357599752,0.0,0.0
114.364597169,0.0,0.0
114.376212727,0.0,0.0
114.38250825,0.0,0.0
114.394813699,0.0,0.0
114.397642164,0.0,0.0
114.405398369,0.0,0.0
114.414396659,0.0,0.0
114.423965241,0.0,0.0
114.428237589,0.0,0.0
114.442120118,0.0,0.0
114.446628563,0.0,0.0
114.458759014,0.0,0.0
114.464310146,0.0,0.0
114.475989003,0.0,0.0
114.481362137,0.0,0.0
114.489974731,0.0,0.0
114.497861234,0.0,0.0
114.506756425,0.0,0.0
114.511412368,0.0,0.0
114.523149124,0.0,0.0
114.530253337,0.0,0.0
114.536820656,0.0,0.0
114.548276315,0.0,0.0
114.553804948,0.0,0.0
114.559957972,0.0,0.0
114.570986137,0.0,0.0
114.577383358,0.0,0.0
114.591417386,0.0,0.0
114.598612498,0.0,0.0
114.609572163,0.0,0.0
114.614266505,0.0,0.0
114.625363369,0.0,0.0
114.633641968,0.0,0.0
114.641541771,0.0,0.0
114.647151602,0.0,0.0
114.65706028,0.0,0.0
114.663979295,0.0,0.0
114.675240257,0.0,0.0
114.680823088,0.0,0.0
114.688792591,0.0,0.0
114.698786868,0.0,0.0
114.707087466,0.0,0.0
114.715912758,0.0,0.0
114.725566039,0.0,0.0
114.731627065,0.0,0.0
114.741653842,0.0,0.0
114.749628044,0.0,0.0
114.759778819,0.0,0.0
114.766684635,0.0,0.0
114.773711648,0.0,0.0
114.782034546,0.0,0.0
114.790047948,0.0,0.0
114.79557518,0.0,0.0
114.807729931,0.0,0.0
114.814458548,0.0,0.0
114.824947119,0.0,0.0
114.829153568,0.0,0.0
114.839139845,0.0,0.0
114.847146547,0.0,0.0
114.855248048,0.0,0.0
114.861335273,0.0,0.0
114.874217915,0.0,0.0
114.880477838,0.0,0.0
114.892849486,0.0,0.0
114.89825812,0.0,0.0
114.905351932,0.0,0.0
114.91448692,0.0,0.0
114.925326487,0.0,0.0
114.934618673,0.0,0.0
114.942563476,0.0,0.0
114.948317005,0.0,0.0
114.960079961,0.0,0.0
114.965552794,0.0,0.0
114.977152351,0.0,0.0
114.982305588,0.0,0.0
114.989712597,0.0,0.0
114.998108794,0.0,0.0
115.007688976,0.0,0.0
115.030714594,0.0,0.0
115.059866036,0.0,0.0
115.069683415,0.0,0.0
115.081977664,0.0,0.0
115.087302099,0.0,0.0
115.097179678,0.0,0.0
115.106623862,0.0,0.0
115.114709663,0.0,0.0
115.1198004,0.0,0.0
115.130664767,0.0,0.0
115.135346109,0.0,0.0
115.150975218,0.0,0.0
115.155327464,0.0,0.0
115.165551739,0.0,0.0
115.174129533,0.0,0.0
115.182604529,0.0,0.0
115.191806416,0.0,0.0
115.200230813,0.0,0.0
115.205276151,0.0,0.0
115.219799073,0.0,0.0
115.225080908,0.0,0.0
115.23715256,0.0,0.0
115.243589981,0.0,0.0
115.256953417,0.0,0.0
115.261001267,0.0,0.0
115.270660148,0.0,0.0
115.279831036,0.0,0.0
115.291290895,0.0,0.0
115.302427859,0.0,0.0
115.314234314,0.0,0.0
115.324124492,0.0,0.0
115.33411977,0.0,0.0
115.344558341,0.0,0.0
115.358606169,0.0,0.0
115.37141091,0.0,0.0
115.379813404,0.0,0.0
115.384229448,0.0,0.0
115.39674559,0.0,0.0
115.403318307,0.0,0.0
115.417856323,0.0,0.0
115.421374778,0.0,0.0
115.432750135,0.0,0.0
115.441516024,0.0,0.0
115.450863706,0.0,0.0
115.460580683,0.0,0.0
115.469564369,0.0,0.0
115.479137948,0.0,0.0
115.489533417,0.0,0.0
115.495521841,0.0,0.0
115.508898072,0.0,0.0
115.513989207,0.0,0.0
115.529693009,0.0,0.0
115.536570122,0.0,0.0
115.549051564,0.0,0.0
115.556305472,0.0,0.0
115.562940688,0.0,0.0
115.570848588,0.0,0.0
115.578581491,0.0,0.0
115.584012722,0.0,0.0
115.594845385,0.0,0.0
115.600709511,0.0,0.0
115.611910469,0.0,0.0
115.620048766,0.0,0.0
115.625644596,0.0,0.0
115.637336448,0.0,0.0
115.646066437,0.0,0.0
115.655965912,0.0,0.0
115.664316007,0.0,0.0
115.671320418,0.0,0.0
115.683881759,0.0,0.0
115.688757698,0.0,0.0
115.699798358,0.0,0.0
115.705823082,0.0,0.0
115.714923967,0.0,0.0
115.724223149,0.0,0.0
115.731831153,0.0,0.0
115.737652779,0.0,0.0
115.74864144,0.0,0.0
115.755437355,0.0,0.0
115.766166319,0.0,0.0
115.769881672,0.0,0.0
115.779149955,0.0,0.0
115.787323651,0.0,0.0
115.796771532,0.0,0.0
115.80166107,0.0,0.0
115.813190424,0.0,0.0
115.820906327,0.0,0.0
115.834316457,0.0,0.0
115.840701476,0.0,0.0
115.848262081,0.0,0.0
115.856790773,0.0,0.0
115.865588062,0.0,0.0
115.87521134,0.0,0.0
115.88393503,0.0,0.0
115.889125664,0.0,0.0
115.901914002,0.0,0.0
115.908631918,0.0,0.0
115.919956574,0.0,0.0
115.92664199,0.0,0.0
115.932382917,0.0,0.0
115.940790711,0.0,0.0
115.948729511,0.0,0.0
115.953943245,0.0,0.0
115.964442112,0.0,0.0
115.971529422,0.0,0.0
115.982953278,0.0,0.0
115.98830471,0.0,0.0
115.996562006,0.0,0.0
116.007189571,0.0,0.0
116.013710389,0.0,0.0
116.020043409,0.0,0.0
116.032826847,0.0,0.0
116.037464389,0.0,0.0
116.048658647,0.0,0.0
116.054090478,0.0,0.0
116.064712744,0.0,0.0
116.074109725,0.0,0.0
116.081777128,0.0,0.0
116.087283059,0.0,0.0
116.098191321,0.0,0.0
116.104404642,0.0,0.0
116.117834772,0.0,0.0
116.124643786,0.0,0.0
116.137540923,0.0,0.0
116.143492048,0.0,0.0
116.152453835,0.0,0.0
116.160492333,0.0,0.0
116.168806228,0.0,0.0
116.175372845,0.0,0.0
116.186746501,0.0,0.0
116.191926535,0.0,0.0
116.203890184,0.0,0.0
116.20975901,0.0,0.0
116.215777634,0.0,0.0
116.22557371,0.0,0.0
116.234546797,0.0,0.0
116.242567495,0.0,0.0
116.25248807,0.0,0.0
116.259667679,0.0,0.0
116.272103022,0.0,0.0
116.277974647,0.0,0.0
116.297464901,0.0,0.0
116.306100992,0.0,0.0
116.325017553,0.0,0.0
116.33075748,0.0,0.0
116.343035025,0.0,0.0
116.348744353,0.0,0.0
116.357085147,0.0,0.0
116.366012934,0.0,0.0
116.373839633,0.0,0.0
116.379523659,0.0,0.0
116.392837686,0.0,0.0
116.399336201,0.0,0.0
116.41173864,0.0,0.0
116.418217256,0.0,0.0
116.43096799,0.0,0.0
116.436609216,0.0,0.0
116.4455749,0.0,0.0
116.455227374,0.0,0.0
116.466014134,0.0,0.0
116.472233353,0.0,0.0
116.480838141,0.0,0.0
116.485996874,0.0,0.0
116.49553825,0.0,0.0
116.502100264,0.0,0.0
116.513604015,0.0,0.0
116.518344253,0.0,0.0
116.527398035,0.0,0.0
116.53546963,0.0,0.0
116.546214291,0.0,0.0
116.549869943,0.0,0.0
116.56163279,0.0,0.0
116.567643812,0.0,0.0
116.572537148,0.0,0.0
116.581815028,0.0,0.0
116.589483628,0.0,0.0
116.596458737,0.0,0.0
116.61080265,0.0,0.0
116.613562315,0.0,0.0
116.626065252,0.0,0.0
116.633392957,0.0,0.0
116.648436961,0.0,0.0
116.651206725,0.0,0.0
116.661291094,0.0,0.0
116.670158878,0.0,0.0
116.67924106,0.0,0.0
116.689314929,0.0,0.0
116.700179388,0.0,0.0
116.712255731,0.0,0.0
116.719342739,0.0,0.0
116.72617105,0.0,0.0
116.73998637,0.0,0.0
116.747422573,0.0,0.0
116.756275658,0.0,0.0
116.761268493,0.0,0.0
116.773966928,0.0,0.0
116.780606342,0.0,0.0
116.788974733,0.0,0.0
116.797072628,0.0,0.0
116.809122071,0.0,0.0
116.815976682,0.0,0.0
116.823362086,0.0,0.0
116.829808802,0.0,0.0
116.841283352,0.0,0.0
116.847796768,0.0,0.0
116.859746912,0.0,0.0
116.865404039,0.0,0.0
116.874884715,0.0,0.0
116.885760074,0.0,0.0
116.892844382,0.0,0.0
116.896110139,0.0,0.0
116.907171295,0.0,0.0
116.914189204,0.0,0.0
116.965479737,0.0,0.0
116.970768468,0.0,0.0
116.978988661,0.0,0.0
116.986868159,0.0,0.0
116.995687444,0.0,0.0
117.004700527,0.0,0.0
117.025486256,0.0,0.0
117.04593479,0.0,0.0
117.056469053,0.0,0.0
117.063229365,0.0,0.0
117.076582892,0.0,0.0
117.082002021,0.0,0.0
117.090597309,0.0,0.0
117.10129257,0.0,0.0
117.110330553,0.0,0.0
117.123891276,0.0,0.0
117.135803321,0.0,0.0
117.149328445,0.0,0.0
117.164656846,0.0,0.0
117.170278773,0.0,0.0
117.179773449,0.0,0.0
117.190896705,0.0,0.0
117.202479254,0.0,0.0
117.218009052,0.0,0.0
117.230211793,0.0,0.0
117.244600506,0.0,0.0
117.265905829,0.0,0.0
117.276247694,0.0,0.0
117.294465757,0.0,0.0
117.303354142,0.0,0.0
117.319720129,0.0,0.0
117.325667652,0.0,0.0
117.340963853,0.0,0.0
117.346851776,0.0,0.0
117.356773347,0.0,0.0
117.367368709,0.0,0.0
117.376147992,0.0,0.0
117.384812076,0.0,0.0
117.393566459,0.0,0.0
117.399271383,0.0,0.0
117.410783029,0.0,0.0
117.417895334,0.0,0.0
117.429934273,0.0,0.0
117.435134703,0.0,0.0
117.448359027,0.0,0.0
117.455003638,0.0,0.0
117.468843353,0.0,0.0
117.476927445,0.0,0.0
117.484157048,0.0,0.0
117.492558436,0.0,0.0
117.501914811,0.0,0.0
117.505484863,0.0,0.0
117.517049508,0.0,0.0
117.522588934,0.0,0.0
117.533687086,0.0,0.0
117.539005815,0.0,0.0
117.546271618,0.0,0.0
117.558207458,0.0,0.0
117.568701318,0.0,0.0
117.580662558,0.0,0.0
117.589910035,0.0,0.0
117.597606732,0.0,0.0
117.607130004,0.0,0.0
117.611637944,0.0,0.0
117.623274789,0.0,0.0
117.62842032,0.0,0.0
117.641751542,0.0,0.0
117.647701362,0.0,0.0
117.655005065,0.0,0.0
117.664087543,0.0,0.0
117.67326762,0.0,0.0
117.678124256,0.0,0.0
117.690436291,0.0,0.0
117.697904791,0.0,0.0
117.707263466,0.0,0.0
117.711980103,0.0,0.0
117.721014182,0.0,0.0
117.729587168,0.0,0.0
117.740698919,0.0,0.0
117.746011148,0.0,0.0
117.758503681,0.0,0.0
117.765280691,0.0,0.0
117.776360342,0.0,0.0
117.782213064,0.0,0.0
117.793615612,0.0,0.0
117.800741917,0.0,0.0
117.808226817,0.0,0.0
117.8169344,0.0,0.0
117.82589538,0.0,0.0
117.834982559,0.0,0.0
117.844045138,0.0,0.0
117.851252541,0.0,0.0
117.862985985,0.0,0.0
117.868753908,0.0,0.0
117.882264827,0.0,0.0
117.887209961,0.0,0.0
117.898893305,0.0,0.0
117.904174434,0.0,0.0
117.91269182,0.0,0.0
117.921578502,0.0,0.0
117.931000376,0.0,0.0
117.938748772,0.0,0.0
117.94939063,0.0,0.0
117.954959655,0.0,0.0
117.966333603,0.0,0.0
117.972325623,0.0,0.0
117.981190005,0.0,0.0
117.99204396,0.0,0.0
118.000056353,0.0,0.0
118.008258243,0.0,0.0
118.016853328,0.0,0.0
118.022554652,0.0,0.0
118.034091798,0.0,0.0
118.041311301,0.0,0.0
118.05487022,0.0,0.0
118.06010425,0.0,0.0
118.076738828,0.0,0.0
118.081912958,0.0,0.0
118.093680901,0.0,0.0
118.099091329,0.0,0.0
118.107151021,0.0,0.0
118.116921691,0.0,0.0
118.125430877,0.0,0.0
118.130286812,0.0,0.0
118.143033542,0.0,0.0
118.148440869,0.0,0.0
118.16037791,0.0,0.0
118.165945135,0.0,0.0
118.175424909,0.0,0.0
118.185303877,0.0,0.0
118.193651965,0.0,0.0
118.20297964,0.0,0.0
118.212998506,0.0,0.0
118.216928954,0.0,0.0
118.229091891,0.0,0.0
118.237664977,0.0,0.0
118.251697889,0.0,0.0
118.259287488,0.0,0.0
118.264772114,0.0,0.0
118.2733034,0.0,0.0
118.282956071,0.0,0.0
118.286877719,0.0,0.0
118.299246054,0.0,0.0
118.303374398,0.0,0.0
118.315844732,0.0,0.0
118.320736966,0.0,0.0
118.329051055,0.0,0.0
118.337920737,0.0,0.0
118.346960816,0.0,0.0
118.352151546,0.0,0.0
118.364243585,0.0,0.0
118.370709697,0.0,0.0
118.383378823,0.0,0.0
118.390584225,0.0,0.0
118.402268064,0.0,0.0
118.407502792,0.0,0.0
118.41713656,0.0,0.0
118.42660443,0.0,0.0
118.436052901,0.0,0.0
118.441252429,0.0,0.0
118.453954055,0.0,0.0
118.459637677,0.0,0.0
118.472265804,0.0,0.0
118.481797973,0.0,0.0
118.49736866,0.0,0.0
118.503853671,0.0,0.0
118.516140402,0.0,0.0
118.521085634,0.0,0.0
118.531006598,0.0,0.0
118.539109787,0.0,0.0
118.551636515,0.0,0.0
118.561215684,0.0,0.0
118.570750653,0.0,0.0
118.578546946,0.0,0.0
118.589984189,0.0,0.0
118.597714983,0.0,0.0
118.611283797,0.0,0.0
118.616843721,0.0,0.0
118.627325077,0.0,0.0
118.633127597,0.0,0.0
118.641106288,0.0,0.0
118.649463073,0.0,0.0
118.659349837,0.0,0.0
118.663744077,0.0,0.0
118.676230006,0.0,0.0
118.683297109,0.0,0.0
118.693857364,0.0,0.0
118.6985207,0.0,0.0
118.707402078,0.0,0.0
118.716423155,0.0,0.0
118.725049136,0.0,0.0
118.730960355,0.0,0.0
118.743625281,0.0,0.0
118.750350489,0.0,0.0
118.762030729,0.0,0.0
118.767091359,0.0,0.0
118.779125394,0.0,0.0
118.784580819,0.0,0.0
118.794122489,0.0,0.0
118.804767743,0.0,0.0
118.814664407,0.0,0.0
118.823675083,0.0,0.0
118.832476862,0.0,0.0
118.838407881,0.0,0.0
118.853623973,0.0,0.0
118.860493953,0.0,0.0
118.872638055,0.0,0.0
118.878135899,0.0,0.0
118.890632437,0.0,0.0
118.894622832,0.0,0.0
118.905058365,0.0,0.0
118.910688922,0.0,0.0
118.919001245,0.0,0.0
118.924013241,0.0,0.0
118.937391465,0.0,0.0
118.942038425,0.0,0.0
118.951113224,0.0,0.0
118.959590163,0.0,0.0
118.966757973,0.0,0.0
118.973433733,0.0,0.0
118.986825859,0.0,0.0
118.991718343,0.0,0.0
119.003130873,0.0,0.0
119.009843338,0.0,0.0
119.01794824,0.0,0.0
119.025482286,0.0,0.0
119.033020232,0.0,0.0
119.038815506,0.0,0.0
119.050548767,0.0,0.0
119.055403948,0.0,0.0
119.067304426,0.0,0.0
119.073551844,0.0,0.0
119.081258207,0.0,0.0
119.090950067,0.0,0.0
119.099333697,0.0,0.0
119.107327988,0.0,0.0
119.114998547,0.0,0.0
119.120704112,0.0,0.0
119.130933925,0.0,0.0
119.136315258,0.0,0.0
119.150544166,0.0,0.0
119.157523957,0.0,0.0
119.164578456,0.0,0.0
119.172825672,0.0,0.0
119.181475928,0.0,0.0
119.186487924,0.0,0.0
119.195612128,0.0,0.0
119.202529212,0.0,0.0
119.20916667,0.0,0.0
119.217216966,0.0,0.0
119.226226358,0.0,0.0
119.230614793,0.0,0.0
119.242925811,0.0,0.0
119.248445358,0.0,0.0
119.257907095,0.0,0.0
119.265792275,0.0,0.0
119.274819169,0.0,0.0
119.279599042,0.0,0.0
119.290634034,0.0,0.0
119.297553319,0.0,0.0
119.313887836,0.0,0.0
119.316820727,0.0,0.0
119.329413373,0.0,0.0
119.335032129,0.0,0.0
119.342483067,0.0,0.0
119.351464356,0.0,0.0
119.362357334,0.0,0.0
119.372044992,0.0,0.0
119.379540931,0.0,0.0
119.385479517,0.0,0.0
119.398092261,0.0,0.0
119.40467351,0.0,0.0
119.417257352,0.0,0.0
119.42352107,0.0,0.0
119.434417645,0.0,0.0
119.439804976,0.0,0.0
119.450411122,0.0,0.0
119.459019972,0.0,0.0
119.467528311,0.0,0.0
119.473252476,0.0,0.0
119.484602895,0.0,0.0
119.490657193,0.0,0.0
119.502035515,0.0,0.0
119.506895894,0.0,0.0
119.516334426,0.0,0.0
119.524712752,0.0,0.0
119.534051573,0.0,0.0
119.540357795,0.0,0.0
119.550601006,0.0,0.0
119.556389377,0.0,0.0
119.568377559,0.0,0.0
119.575349447,0.0,0.0
119.582939296,0.0,0.0
119.592351024,0.0,0.0
119.601070985,0.0,0.0
119.60741011,0.0,0.0
119.618494903,0.0,0.0
119.623214069,0.0,0.0
119.635338165,0.0,0.0
119.641040427,0.0,0.0
119.648910304,0.0,0.0
119.657423644,0.0,0.0
119.66773066,0.0,0.0
119.678743347,0.0,0.0
119.685025066,0.0,0.0
119.692147869,0.0,0.0
119.704645502,0.0,0.0
119.708422875,0.0,0.0
119.716017624,0.0,0.0
119.726192527,0.0,0.0
119.733441843,0.0,0.0
119.7390971,0.0,0.0
119.752401813,0.0,0.0
119.758236789,0.0,0.0
119.76909956,0.0,0.0
119.77923556,0.0,0.0
119.789388762,0.0,0.0
119.793835,0.0,0.0
119.803270231,0.0,0.0
119.810208115,0.0,0.0
119.820065688,0.0,0.0
119.829730641,0.0,0.0
119.836976356,0.0,0.0
119.842777128,0.0,0.0
119.853511487,0.0,0.0
119.859710499,0.0,0.0
119.873433852,0.0,0.0
119.879658766,0.0,0.0
119.888443433,0.0,0.0
119.897105287,0.0,0.0
119.908356097,0.0,0.0
119.917079458,0.0,0.0
119.92672661,0.0,0.0
119.933343562,0.0,0.0
119.94467408,0.0,0.0
119.953435144,0.0,0.0
119.964370623,0.0,0.0
119.968608941,0.0,0.0
119.976380808,0.0,0.0
119.984040663,0.0,0.0
119.993310778,0.0,0.0
119.99789253,0.0,0.0
120.009912016,0.0,0.0
120.015575074,0.0,0.0
120.026803982,0.0,0.0
120.031762771,0.0,0.0
120.040232807,0.0,0.0
120.052809147,0.0,0.0
120.061951649,0.0,0.0
120.070922734,0.0,0.0
120.078675899,0.0,0.0
120.083230548,0.0,0.0
120.094570867,0.0,0.0
120.100309433,0.0,0.0
120.113057191,0.0,0.0
120.121700643,0.0,0.0
120.134071864,0.0,0.0
120.140577005,0.0,0.0
120.151865919,0.0,0.0
120.156707396,0.0,0.0
120.164296745,0.0,0.0
120.174087711,0.0,0.0
120.183184408,0.0,0.0
120.188523835,0.0,0.0
120.198919961,0.0,0.0
120.207000058,0.0,0.0
120.217852728,0.0,0.0
120.222340771,0.0,0.0
120.233847806,0.0,0.0
120.240553168,0.0,0.0
120.25091329,0.0,0.0
120.260164302,0.0,0.0
120.269276601,0.0,0.0
120.275434609,0.0,0.0
120.28801675,0.0,0.0
120.293444985,0.0,0.0
120.305081833,0.0,0.0
120.310772195,0.0,0.0
120.322920793,0.0,0.0
120.328095403,0.0,0.0
120.337365318,0.0,0.0
120.346485118,0.0,0.0
120.356635919,0.0,0.0
120.36546189,0.0,0.0
120.374424771,0.0,0.0
120.380658884,0.0,0.0
120.392804978,0.0,0.0
120.398503038,0.0,0.0
120.410595127,0.0,0.0
120.416719629,0.0,0.0
120.430488883,0.0,0.0
120.434559683,0.0,0.0
120.444114722,0.0,0.0
120.45355415,0.0,0.0
120.461302312,0.0,0.0
120.469963163,0.0,0.0
120.47878153,0.0,0.0
120.485252866,0.0,0.0
120.496804002,0.0,0.0
120.503187929,0.0,0.0
120.516119201,0.0,0.0
120.522287407,0.0,0.0
120.534103268,0.0,0.0
120.538920442,0.0,0.0
120.547779513,0.0,0.0
120.556763696,0.0,0.0
120.567242826,0.0,0.0
120.570802476,0.0,0.0
120.585528324,0.0,0.0
120.592825841,0.0,0.0
120.604627401,0.0,0.0
120.610871515,0.0,0.0
120.621661076,0.0,0.0
120.627990398,0.0,0.0
120.645794648,0.0,0.0
120.654568911,0.0,0.0
120.666717305,0.0,0.0
120.673622084,0.0,0.0
120.686462246,0.0,0.0
120.692563946,0.0,0.0
120.705087077,0.0,0.0
120.710166576,0.0,0.0
120.72109135,0.0,0.0
120.73105053,0.0,0.0
120.741354442,0.0,0.0
120.7480404,0.0,0.0
120.758259104,0.0,0.0
120.765259092,0.0,0.0
120.776757323,0.0,0.0
120.782182456,0.0,0.0
120.794380555,0.0,0.0
120.799175227,0.0,0.0
120.808595553,0.0,0.0
120.816490929,0.0,0.0
120.827814042,0.0,0.0
120.830348291,0.0,0.0
120.84203154,0.0,0.0
120.848678593,0.0,0.0
120.859769083,0.0,0.0
120.868140806,0.0,0.0
120.875684548,0.0,0.0
120.884564321,0.0,0.0
120.893460695,0.0,0.0
120.901481984,0.0,0.0
120.909802302,0.0,0.0
120.914929706,0.0,0.0
120.928102601,0.0,0.0
120.933569838,0.0,0.0
120.940828852,0.0,0.0
120.948969752,0.0,0.0
120.962009534,0.0,0.0
120.969109132,0.0,0.0
120.979445348,0.0,0.0
120.983452042,0.0,0.0
120.995173694,0.0,0.0
121.00052002,0.0,0.0
121.012880135,0.0,0.0
121.018845121,0.0,0.0
121.027739196,0.0,0.0
121.0369361,0.0,0.0
121.04527852,0.0,0.0
121.050277411,0.0,0.0
121.062246888,0.0,0.0
121.069433995,0.0,0.0
121.081806611,0.0,0.0
121.087528073,0.0,0.0
121.100864784,0.0,0.0
121.106409629,0.0,0.0
121.11434991,0.0,0.0
121.123118072,0.0,0.0
121.130234672,0.0,0.0
121.136701107,0.0,0.0
121.148455563,0.0,0.0
121.155601265,0.0,0.0
121.166683355,0.0,0.0
121.172857262,0.0,0.0
121.182016062,0.0,0.0
121.192278971,0.0,0.0
121.200212251,0.0,0.0
121.204342357,0.0,0.0
121.216157118,0.0,0.0
121.220606656,0.0,0.0
121.23132811,0.0,0.0
121.23693106,0.0,0.0
121.243976753,0.0,0.0
121.251312474,0.0,0.0
121.261777203,0.0,0.0
121.267675083,0.0,0.0
121.278799576,0.0,0.0
121.284056493,0.0,0.0
121.295180987,0.0,0.0
121.300972356,0.0,0.0
121.308939939,0.0,0.0
121.316530285,0.0,0.0
121.325521369,0.0,0.0
121.331598505,0.0,0.0
121.344071823,0.0,0.0
121.348622456,0.0,0.0
121.356970434,0.0,0.0
121.36680169,0.0,0.0
121.374350277,0.0,0.0
121.379239604,0.0,0.0
121.390669833,0.0,0.0
121.394406577,0.0,0.0
121.401684268,0.0,0.0
121.410538735,0.0,0.0
121.418678513,0.0,0.0
121.424060833,0.0,0.0
121.437841726,0.0,0.0
121.440992279,0.0,0.0
121.452452108,0.0,0.0
121.457428933,0.0,0.0
121.46562231,0.0,0.0
121.474830072,0.0,0.0
121.482918051,0.0,0.0
121.488700965,0.0,0.0
121.500438489,0.0,0.0
121.505861808,0.0,0.0
121.51774803,0.0,0.0
121.523467644,0.0,0.0
121.532262412,0.0,0.0
121.542244763,0.0,0.0
121.549607853,0.0,0.0
121.55580806,0.0,0.0
121.568306473,0.0,0.0
121.576896944,0.0,0.0
121.587265489,0.0,0.0
121.592363113,0.0,0.0
121.601310179,0.0,0.0
121.610147246,0.0,0.0
121.619155211,0.0,0.0
121.628361574,0.0,0.0
121.638806817,0.0,0.0
121.645130822,0.0,0.0
121.659045814,0.0,0.0
121.665368319,0.0,0.0
121.677393039,0.0,0.0
121.683490648,0.0,0.0
121.694106189,0.0,0.0
121.699148714,0.0,0.0
121.706859198,0.0,0.0
121.715916562,0.0,0.0
121.724179139,0.0,0.0
121.729176864,0.0,0.0
121.742998257,0.0,0.0
121.746914998,0.0,0.0
121.759830505,0.0,0.0
121.76552972,0.0,0.0
121.774078592,0.0,0.0
121.784279939,0.0,0.0
121.792127121,0.0,0.0
121.79891782,0.0,0.0
121.809744758,0.0,0.0
121.815094677,0.0,0.0
121.825760818,0.0,0.0
121.830690644,0.0,0.0
121.839371614,0.0,0.0
121.848912171,0.0,0.0
121.857582941,0.0,0.0
121.865484723,0.0,0.0
121.87773124,0.0,0.0
121.884052345,0.0,0.0
121.897355346,0.0,0.0
121.903707251,0.0,0.0
121.917022851,0.0,0.0
121.924210844,0.0,0.0
121.932733016,0.0,0.0
121.942929463,0.0,0.0
121.951112341,0.0,0.0
121.960863095,0.0,0.0
121.968795076,0.0,0.0
121.975108581,0.0,0.0
121.987259299,0.0,0.0
121.992400922,0.0,0.0
122.003871651,0.0,0.0
122.009498666,0.0,0.0
122.018293235,0.0,0.0
122.025763723,0.0,0.0
122.033037314,0.0,0.0
122.039379319,0.0,0.0
122.051820633,0.0,0.0
122.057130053,0.0,0.0
122.068492883,0.0,0.0
122.075920972,0.0,0.0
122.081903082,0.0,0.0
122.090511253,0.0,0.0
122.09873353,0.0,0.0
122.103602157,0.0,0.0
122.116582963,0.0,0.0
122.119359321,0.0,0.0
122.126433615,0.0,0.0
122.135172885,0.0,0.0
122.142094081,0.0,0.0
122.147770896,0.0,0.0
122.160407107,0.0,0.0
122.167463501,0.0,0.0
122.17755035,0.0,0.0
122.183952954,0.0,0.0
122.196987559,0.0,0.0
122.202561476,0.0,0.0
122.212705524,0.0,0.0
122.219982515,0.0,0.0
122.231094648,0.0,0.0
122.236003875,0.0,0.0
122.245545932,0.0,0.0
122.253396414,0.0,0.0
122.263628461,0.0,0.0
122.271114249,0.0,0.0
122.283692561,0.0,0.0
122.289348076,0.0,0.0
122.298301042,0.0,0.0
122.306604918,0.0,0.0
122.316070576,0.0,0.0
122.320378311,0.0,0.0
122.332782926,0.0,0.0
122.338946833,0.0,0.0
122.349919869,0.0,0.0
122.356047977,0.0,0.0
122.368130596,0.0,0.0
122.373677711,0.0,0.0
122.38222178,0.0,0.0
122.390296457,0.0,0.0
122.39860663,0.0,0.0
122.404310542,0.0,0.0
122.416998248,0.0,0.0
122.421204484,0.0,0.0
122.434617978,0.0,0.0
122.443106449,0.0,0.0
122.447956074,0.0,0.0
122.455912653,0.0,0.0
122.467427676,0.0,0.0
122.472944792,0.0,0.0
122.486046391,0.0,0.0
122.491905402,0.0,0.0
122.502165245,0.0,0.0
122.506589977,0.0,0.0
122.514044863,0.0,0.0
122.524536502,0.0,0.0
122.532484181,0.0,0.0
122.538313791,0.0,0.0
122.550660402,0.0,0.0
122.555346631,0.0,0.0
122.566977353,0.0,0.0
122.575239526,0.0,0.0
122.581377632,0.0,0.0
122.59070269,0.0,0.0
122.598957363,0.0,0.0
122.60769543,0.0,0.0
122.614802121,0.0,0.0
122.619574048,0.0,0.0
122.632254254,0.0,0.0
122.643045989,0.0,0.0
122.657467768,0.0,0.0
122.662635089,0.0,0.0
122.674501307,0.0,0.0
122.679705327,0.0,0.0
122.687559907,0.0,0.0
122.695639284,0.0,0.0
122.704422349,0.0,0.0
122.709844066,0.0,0.0
122.72333896,0.0,0.0
122.725778322,0.0,0.0
122.73508528,0.0,0.0
122.743497551,0.0,0.0
122.753261702,0.0,0.0
122.761753372,0.0,0.0
122.772488307,0.0,0.0
122.778613814,0.0,0.0
122.791485817,0.0,0.0
122.797092731,0.0,0.0
122.80954364,0.0,0.0
122.816155739,0.0,0.0
122.827613864,0.0,0.0
122.831622302,0.0,0.0
122.839439483,0.0,0.0
122.848834139,0.0,0.0
122.860589359,0.0,0.0
122.870259911,0.0,0.0
122.8840569,0.0,0.0
122.893985048,0.0,0.0
122.903245406,0.0,0.0
122.909820806,0.0,0.0
122.922144717,0.0,0.0
122.927453936,0.0,0.0
122.938351469,0.0,0.0
122.944289978,0.0,0.0
122.952129758,0.0,0.0
122.961065121,0.0,0.0
122.969943685,0.0,0.0
122.977368372,0.0,0.0
122.987984709,0.0,0.0
122.994217514,0.0,0.0
123.005915935,0.0,0.0
123.014904097,0.0,0.0
123.025894829,0.0,0.0
123.032778324,0.0,0.0
123.049715265,0.0,0.0
123.055817671,0.0,0.0
123.070599445,0.0,0.0
123.077004947,0.0,0.0
123.085738113,0.0,0.0
123.095208968,0.0,0.0
123.105056018,0.0,0.0
123.11337189,0.0,0.0
123.122173156,0.0,0.0
123.128639057,0.0,0.0
123.13952129,0.0,0.0
123.144868408,0.0,0.0
123.155544845,0.0,0.0
123.160474869,0.0,0.0
123.168783842,0.0,0.0
123.176899418,0.0,0.0
123.186618169,0.0,0.0
123.197957896,0.0,0.0
123.211074995,0.0,0.0
123.218868676,0.0,0.0
123.227548943,0.0,0.0
123.232569966,0.0,0.0
123.24276661,0.0,0.0
123.248501422,0.0,0.0
123.256984892,0.0,0.0
123.265324365,0.0,0.0
123.274593523,0.0,0.0
123.284782067,0.0,0.0
123.293937527,0.0,0.0
123.300192131,0.0,0.0
123.314562111,0.0,0.0
123.317135872,0.0,0.0
123.329380984,0.0,0.0
123.335836086,0.0,0.0
123.347445608,0.0,0.0
123.353688312,0.0,0.0
123.3610136,0.0,0.0
123.3739173,0.0,0.0
123.382367368,0.0,0.0
123.387596887,0.0,0.0
123.399885895,0.0,0.0
123.40529481,0.0,0.0
123.4187297,0.0,0.0
123.425309297,0.0,0.0
123.438254695,0.0,0.0
123.442304232,0.0,0.0
123.449991111,0.0,0.0
123.458016886,0.0,0.0
123.467681235,0.0,0.0
123.471700772,0.0,0.0
123.483210392,0.0,0.0
123.489315797,0.0,0.0
123.504425461,0.0,0.0
123.514761599,0.0,0.0
123.534742987,0.0,0.0
123.542929159,0.0,0.0
123.558101522,0.0,0.0
123.578993795,0.0,0.0
123.583512224,0.0,0.0
123.59596103,0.0,0.0
123.606513465,0.0,0.0
123.618636875,0.0,0.0
123.628676418,0.0,0.0
123.640401835,0.0,0.0
123.655552198,0.0,0.0
123.667516611,0.0,0.0
123.680438809,0.0,0.0
123.688925177,0.0,0.0
123.698485827,0.0,0.0
123.707736183,0.0,0.0
123.717882924,0.0,0.0
123.724321623,0.0,0.0
123.737210122,0.0,0.0
123.742566538,0.0,0.0
123.754456952,0.0,0.0
123.760737754,0.0,0.0
123.768467333,0.0,0.0
123.77633291,0.0,0.0
123.785679864,0.0,0.0
123.791191578,0.0,0.0
123.802641299,0.0,0.0
123.807950016,0.0,0.0
123.820022528,0.0,0.0
123.825455043,0.0,0.0
123.834237105,0.0,0.0
123.841889286,0.0,0.0
123.850543051,0.0,0.0
123.862605262,0.0,0.0
123.872154713,0.0,0.0
123.877703726,0.0,0.0
123.889704038,0.0,0.0
123.897999809,0.0,0.0
123.908037252,0.0,0.0
123.914294754,0.0,0.0
123.921224746,0.0,0.0
123.928699529,0.0,0.0
123.937394693,0.0,0.0
123.942845008,0.0,0.0
123.952765653,0.0,0.0
123.957673676,0.0,0.0
123.968087913,0.0,0.0
123.976859176,0.0,0.0
123.990755659,0.0,0.0
123.996930462,0.0,0.0
124.004627042,0.0,0.0
124.013771499,0.0,0.0
124.02139348,0.0,0.0
124.02777348,0.0,0.0
124.038390014,0.0,0.0
124.045514503,0.0,0.0
124.058733396,0.0,0.0
124.063746318,0.0,0.0
124.072754877,0.0,0.0
124.081314043,0.0,0.0
124.092894562,0.0,0.0
124.103761393,0.0,0.0
124.114499825,0.0,0.0
124.124770764,0.0,0.0
124.137293568,0.0,0.0
124.151676144,0.0,0.0
124.162844469,0.0,0.0
124.176325158,0.0,0.0
124.186132705,0.0,0.0
124.197221232,0.0,0.0
124.206637185,0.0,0.0
124.21522685,0.0,0.0
124.227764554,0.0,0.0
124.236202022,0.0,0.0
124.252861262,0.0,0.0
124.259480159,0.0,0.0
124.278468462,0.0,0.0
124.293020634,0.0,0.0
124.303351073,0.0,0.0
124.314255302,0.0,0.0
124.323866552,0.0,0.0
124.330900942,0.0,0.0
124.346068305,0.0,0.0
124.355289461,0.0,0.0
124.369880732,0.0,0.0
124.376772322,0.0,0.0
124.392827766,0.0,0.0
124.398815271,0.0,0.0
124.412872446,0.0,0.0
124.420407426,0.0,0.0
124.434682198,0.0,0.0
124.442166379,0.0,0.0
124.457563833,0.0,0.0
124.468156064,0.0,0.0
124.478390401,0.0,0.0
124.486674169,0.0,0.0
124.500132354,0.0,0.0
124.506779848,0.0,0.0
124.52106802,0.0,0.0
124.528736098,0.0,0.0
124.53738486,0.0,0.0
124.54865648,0.0,0.0
124.559653205,0.0,0.0
124.571760912,0.0,0.0
124.58878524,0.0,0.0
124.59697701,0.0,0.0
124.6101195,0.0,0.0
124.616322001,0.0,0.0
124.626977531,0.0,0.0
124.636221784,0.0,0.0
124.645961528,0.0,0.0
124.65459939,0.0,0.0
124.664357535,0.0,0.0
124.676191346,0.0,0.0
124.687004974,0.0,0.0
124.697373208,0.0,0.0
124.706196367,0.0,0.0
124.712398769,0.0,0.0
124.728073818,0.0,0.0
124.731867158,0.0,0.0
124.743767068,0.0,0.0
124.749831871,0.0,0.0
124.763485054,0.0,0.0
124.769678355,0.0,0.0
124.778839609,0.0,0.0
124.789535438,0.0,0.0
124.799725476,0.0,0.0
124.808530035,0.0,0.0
124.818301279,0.0,0.0
124.825383366,0.0,0.0
124.83768167,0.0,0.0
124.844222866,0.0,0.0
124.856583969,0.0,0.0
124.863851253,0.0,0.0
124.875431168,0.0,0.0
124.884460324,0.0,0.0
124.898762296,0.0,0.0
124.905885182,0.0,0.0
124.919572864,0.0,0.0
124.926652751,0.0,0.0
124.936269497,0.0,0.0
124.946876028,0.0,0.0
124.957652256,0.0,0.0
124.968209088,0.0,0.0
124.978925417,0.0,0.0
124.988842359,0.0,0.0
124.996745433,0.0,0.0
125.00195425,0.0,0.0
125.014089656,0.0,0.0
125.019775765,0.0,0.0
125.029397912,0.0,0.0
125.035198319,0.0,0.0
125.044068578,0.0,0.0
125.049862486,0.0,0.0
125.061907493,0.0,0.0
125.066183725,0.0,0.0
125.078095435,0.0,0.0
125.086475002,0.0,0.0
125.094179179,0.0,0.0
125.106488382,0.0,0.0
125.122800922,0.0,0.0
125.129468116,0.0,0.0
125.140411741,0.0,0.0
125.149084503,0.0,0.0
125.157070375,0.0,0.0
125.167130615,0.0,0.0
125.174302201,0.0,0.0
125.180441503,0.0,0.0
125.194986771,0.0,0.0
125.200263686,0.0,0.0
125.211013015,0.0,0.0
125.216266531,0.0,0.0
125.225043391,0.0,0.0
125.233734053,0.0,0.0
125.240448145,0.0,0.0
125.246838644,0.0,0.0
125.256276493,0.0,0.0
125.260817221,0.0,0.0
125.269277286,0.0,0.0
125.277477655,0.0,0.0
125.285611725,0.0,0.0
125.290406649,0.0,0.0
125.302448856,0.0,0.0
125.309331847,0.0,0.0
125.331416294,0.0,0.0
125.33798759,0.0,0.0
125.353403044,0.0,0.0
125.35927925,0.0,0.0
125.372547337,0.0,0.0
125.379945116,0.0,0.0
125.392079219,0.0,0.0
125.398029922,0.0,0.0
125.40615039,0.0,0.0
125.415807733,0.0,0.0
125.426146765,0.0,0.0
125.435204417,0.0,0.0
125.44426677,0.0,0.0
125.450956561,0.0,0.0
125.463745753,0.0,0.0
125.468052083,0.0,0.0
125.479465097,0.0,0.0
125.488732847,0.0,0.0
125.495125443,0.0,0.0
125.504148096,0.0,0.0
125.513403145,0.0,0.0
125.517754275,0.0,0.0
125.534666099,0.0,0.0
125.538471538,0.0,0.0
125.550222146,0.0,0.0
125.556613142,0.0,0.0
125.567578964,0.0,0.0
125.575321438,0.0,0.0
125.582973914,0.0,0.0
125.593910636,0.0,0.0
125.600215133,0.0,0.0
125.604983656,0.0,0.0
125.61578038,0.0,0.0
125.620937196,0.0,0.0
125.632860402,0.0,0.0
125.638827205,0.0,0.0
125.64959123,0.0,0.0
125.657495501,0.0,0.0
125.666939648,0.0,0.0
125.676062999,0.0,0.0
125.685912039,0.0,0.0
125.697257755,0.0,0.0
125.705642218,0.0,0.0
125.710725935,0.0,0.0
125.721981052,0.0,0.0
125.730019622,0.0,0.0
125.738967376,0.0,0.0
125.743501302,0.0,0.0
125.75224566,0.0,0.0
125.755809202,0.0,0.0
125.767491312,0.0,0.0
125.772489931,0.0,0.0
125.779223321,0.0,0.0
125.787675484,0.0,0.0
125.798222112,0.0,0.0
125.808864039,0.0,0.0
125.819081773,0.0,0.0
125.82907121,0.0,0.0
125.836970682,0.0,0.0
125.842233196,0.0,0.0
125.854622795,0.0,0.0
125.859749611,0.0,0.0
125.871969013,0.0,0.0
125.877751818,0.0,0.0
125.887833854,0.0,0.0
125.896511113,0.0,0.0
125.904571682,0.0,0.0
125.909970294,0.0,0.0
125.921491907,0.0,0.0
125.927971602,0.0,0.0
125.939385916,0.0,0.0
125.944477633,0.0,0.0
125.953612184,0.0,0.0
125.961631054,0.0,0.0
125.969949719,0.0,0.0
125.975453629,0.0,0.0
125.985049773,0.0,0.0
125.990078991,0.0,0.0
126.001181111,0.0,0.0
126.00677822,0.0,0.0
126.013733406,0.0,0.0
126.02275666,0.0,0.0
126.030981326,0.0,0.0
126.037304923,0.0,0.0
126.04735216,0.0,0.0
126.052732872,0.0,0.0
126.063183802,0.0,0.0
126.068365118,0.0,0.0
126.07745197,0.0,0.0
126.085998031,0.0,0.0
126.096917953,0.0,0.0
126.103457247,0.0,0.0
126.115231955,0.0,0.0
126.120190575,0.0,0.0
126.133504758,0.0,0.0
126.139633558,0.0,0.0
126.147602629,0.0,0.0
126.155756496,0.0,0.0
126.164299657,0.0,0.0
126.169170778,0.0,0.0
126.180160599,0.0,0.0
126.185806607,0.0,0.0
126.192118905,0.0,0.0
126.201884946,0.0,0.0
126.210577704,0.0,0.0
126.216138614,0.0,0.0
126.226165751,0.0,0.0
126.233207036,0.0,0.0
126.243896162,0.0,0.0
126.249996563,0.0,0.0
126.257006349,0.0,0.0
126.266079802,0.0,0.0
126.273738677,0.0,0.0
126.279796778,0.0,0.0
126.291080195,0.0,0.0
126.296563706,0.0,0.0
126.309387797,0.0,0.0
126.316911675,0.0,0.0
126.332117027,0.0,0.0
126.343115248,0.0,0.0
126.3583866,0.0,0.0
126.365616882,0.0,0.0
126.377411287,0.0,0.0
126.3826655,0.0,0.0
126.394554903,0.0,0.0
126.404917331,0.0,0.0
126.414355175,0.0,0.0
126.425260394,0.0,0.0
126.433807152,0.0,0.0
126.44721793,0.0,0.0
126.457049867,0.0,0.0
126.466912804,0.0,0.0
126.477425929,0.0,0.0
126.489315232,0.0,0.0
126.49789559,0.0,0.0
126.510061088,0.0,0.0
126.518640546,0.0,0.0
126.525744628,0.0,0.0
126.53710214,0.0,0.0
126.543242838,0.0,0.0
126.558168491,0.0,0.0
126.562754315,0.0,0.0
126.575198808,0.0,0.0
126.583008979,0.0,0.0
126.590927848,0.0,0.0
126.60044649,0.0,0.0
126.607830967,0.0,0.0
126.618196296,0.0,0.0
126.627079048,0.0,0.0
126.634472826,0.0,0.0
126.646047334,0.0,0.0
126.652171932,0.0,0.0
126.663959037,0.0,0.0
126.671500012,0.0,0.0
126.67765931,0.0,0.0
126.68672496,0.0,0.0
126.697477681,0.0,0.0
126.707361818,0.0,0.0
126.717144255,0.0,0.0
126.725731913,0.0,0.0
126.733459185,0.0,0.0
126.740889562,0.0,0.0
126.751975978,0.0,0.0
126.757716183,0.0,0.0
126.77056277,0.0,0.0
126.775470088,0.0,0.0
126.783334758,0.0,0.0
126.791912916,0.0,0.0
126.802830635,0.0,0.0
126.805948783,0.0,0.0
126.817923885,0.0,0.0
126.825383961,0.0,0.0
126.838886737,0.0,0.0
126.844640242,0.0,0.0
126.859618593,0.0,0.0
126.864600211,0.0,0.0
126.873455696,0.0,0.0
126.885037543,0.0,0.0
126.893392838,0.0,0.0
126.902695977,0.0,0.0
126.919320763,0.0,0.0
126.927045928,0.0,0.0
126.936800289,0.0,0.0
126.94740649,0.0,0.0
126.958027692,0.0,0.0
126.969101015,0.0,0.0
126.978771772,0.0,0.0
126.984837559,0.0,0.0
127.002495593,0.0,0.0
127.008448274,0.0,0.0
127.019702406,0.0,0.0
127.026447325,0.0,0.0
127.04179995,0.0,0.0
127.048000243,0.0,0.0
127.061726292,0.0,0.0
127.067810279,0.0,0.0
127.07735363,0.0,0.0
127.086858079,0.0,0.0
127.096109817,0.0,0.0
127.104033191,0.0,0.0
127.115036811,0.0,0.0
127.122323355,0.0,0.0
127.133035261,0.0,0.0
127.139795381,0.0,0.0
127.151983957,0.0,0.0
127.159303903,0.0,0.0
127.171209665,0.0,0.0
127.179181542,0.0,0.0
127.194561669,0.0,0.0
127.202085224,0.0,0.0
127.21110625,0.0,0.0
127.221543644,0.0,0.0
127.228481971,0.0,0.0
127.237742809,0.0,0.0
127.246613728,0.0,0.0
127.254841717,0.0,0.0
127.270063336,0.0,0.0
127.276929661,0.0,0.0
127.287633366,0.0,0.0
127.294548893,0.0,0.0
127.312770054,0.0,0.0
127.321715277,0.0,0.0
127.334886399,0.0,0.0
127.340163049,0.0,0.0
127.350879055,0.0,0.0
127.356964842,0.0,0.0
127.36770925,0.0,0.0
127.37666267,0.0,0.0
127.384422235,0.0,0.0
127.393011138,0.0,0.0
127.401887654,0.0,0.0
127.408123447,0.0,0.0
127.418578238,0.0,0.0
127.423812184,0.0,0.0
127.433886257,0.0,0.0
127.439090901,0.0,0.0
127.448051322,0.0,0.0
127.456981141,0.0,0.0
127.464563397,0.0,0.0
127.47038517,0.0,0.0
127.480312836,0.0,0.0
127.487406869,0.0,0.0
127.494167687,0.0,0.0
127.502181463,0.0,0.0
127.511975223,0.0,0.0
127.5200032,0.0,0.0
127.52832109,0.0,0.0
127.534862797,0.0,0.0
127.545108278,0.0,0.0
127.552488225,0.0,0.0
127.564861605,0.0,0.0
127.571182902,0.0,0.0
127.579699102,0.0,0.0
127.588642922,0.0,0.0
127.595704153,0.0,0.0
127.608543956,0.0,0.0
127.614631442,0.0,0.0
127.62098594,0.0,0.0
127.632554383,0.0,0.0
127.638209049,0.0,0.0
127.647222672,0.0,0.0
127.656185093,0.0,0.0
127.669152802,0.0,0.0
127.675710309,0.0,0.0
127.687362756,0.0,0.0
127.690907423,0.0,0.0
127.702176752,0.0,0.0
127.705806722,0.0,0.0
127.714355324,0.0,0.0
127.722349599,0.0,0.0
127.731269518,0.0,0.0
127.736094344,0.0,0.0
127.746323724,0.0,0.0
127.752862631,0.0,0.0
127.76560393,0.0,0.0
127.771559909,0.0,0.0
127.783655177,0.0,0.0
127.789959873,0.0,0.0
127.798227461,0.0,0.0
127.8075676,0.0,0.0
127.8160952,0.0,0.0
127.822356994,0.0,0.0
127.83292439,0.0,0.0
127.83781492,0.0,0.0
127.850574019,0.0,0.0
127.855171634,0.0,0.0
127.863323417,0.0,0.0
127.871849917,0.0,0.0
127.881139653,0.0,0.0
127.886057784,0.0,0.0
127.896636681,0.0,0.0
127.901055288,0.0,0.0
127.915468765,0.0,0.0
127.919852571,0.0,0.0
127.931498618,0.0,0.0
127.936942773,0.0,0.0
127.948609421,0.0,0.0
127.957421835,0.0,0.0
127.967228395,0.0,0.0
127.977034355,0.0,0.0
127.985108234,0.0,0.0
127.990594992,0.0,0.0
128.002865968,0.0,0.0
128.00866784,0.0,0.0
128.016784521,0.0,0.0
128.025155614,0.0,0.0
128.034274343,0.0,0.0
128.043243964,0.0,0.0
128.051491851,0.0,0.0
128.056385881,0.0,0.0
128.067718013,0.0,0.0
128.074136914,0.0,0.0
128.080575516,0.0,0.0
128.091386524,0.0,0.0
128.099759417,0.0,0.0
128.107507581,0.0,0.0
128.114786022,0.0,0.0
128.118821512,0.0,0.0
128.130777973,0.0,0.0
128.135645901,0.0,0.0
128.143176455,0.0,0.0
128.153843956,0.0,0.0
128.158929795,0.0,0.0
128.163924429,0.0,0.0
128.177814381,0.0,0.0
128.182295291,0.0,0.0
128.193155201,0.0,0.0
128.199128482,0.0,0.0
128.209301559,0.0,0.0
128.21782806,0.0,0.0
128.226324959,0.0,0.0
128.23231114,0.0,0.0
128.243683573,0.0,0.0
128.249693556,0.0,0.0
128.257936443,0.0,0.0
128.264981373,0.0,0.0
128.274909639,0.0,0.0
128.279341147,0.0,0.0
128.289361618,0.0,0.0
128.293281002,0.0,0.0
128.30452423,0.0,0.0
128.310932731,0.0,0.0
128.318481085,0.0,0.0
128.327485408,0.0,0.0
128.335710094,0.0,0.0
128.340625824,0.0,0.0
128.353057808,0.0,0.0
128.35841386,0.0,0.0
128.366231027,0.0,0.0
128.375167844,0.0,0.0
128.3828033,0.0,0.0
128.388850982,0.0,0.0
128.401524973,0.0,0.0
128.408190784,0.0,0.0
128.420165943,0.0,0.0
128.425561194,0.0,0.0
128.436861121,0.0,0.0
128.442869502,0.0,0.0
128.45034575,0.0,0.0
128.459026455,0.0,0.0
128.466517605,0.0,0.0
128.473296921,0.0,0.0
128.485699699,0.0,0.0
128.489816591,0.0,0.0
128.499204329,0.0,0.0
128.510435453,0.0,0.0
128.518186215,0.0,0.0
128.526588907,0.0,0.0
128.535095203,0.0,0.0
128.540096537,0.0,0.0
128.551654876,0.0,0.0
128.557267538,0.0,0.0
128.565517122,0.0,0.0
128.573897913,0.0,0.0
128.585316046,0.0,0.0
128.593082708,0.0,0.0
128.601175086,0.0,0.0
128.607544483,0.0,0.0
128.618231881,0.0,0.0
128.622596085,0.0,0.0
128.634133823,0.0,0.0
128.639916893,0.0,0.0
128.647901765,0.0,0.0
128.65615325,0.0,0.0
128.665445284,0.0,0.0
128.670122902,0.0,0.0
128.683075906,0.0,0.0
128.689019783,0.0,0.0
128.702072392,0.0,0.0
128.707759457,0.0,0.0
128.715610424,0.0,0.0
128.724084519,0.0,0.0
128.733095739,0.0,0.0
128.738507892,0.0,0.0
128.750348444,0.0,0.0
128.757026955,0.0,0.0
128.769185323,0.0,0.0
128.777006387,0.0,0.0
128.782928764,0.0,0.0
128.791443561,0.0,0.0
128.799892855,0.0,0.0
128.804703879,0.0,0.0
128.817547678,0.0,0.0
128.823407852,0.0,0.0
128.834244957,0.0,0.0
128.840505749,0.0,0.0
128.852849025,0.0,0.0
128.857922462,0.0,0.0
128.86796483,0.0,0.0
128.877458673,0.0,0.0
128.884549804,0.0,0.0
128.88961074,0.0,0.0
128.899374095,0.0,0.0
128.906402423,0.0,0.0
128.920854997,0.0,0.0
128.927532509,0.0,0.0
128.939964189,0.0,0.0
128.944418996,0.0,0.0
128.953432917,0.0,0.0
128.96122318,0.0,0.0
128.970547415,0.0,0.0
128.975448744,0.0,0.0
128.987046885,0.0,0.0
128.99315947,0.0,0.0
129.001546861,0.0,0.0
129.010263168,0.0,0.0
129.01889367,0.0,0.0
129.024311523,0.0,0.0
129.037999761,0.0,0.0
129.044200751,0.0,0.0
129.054197417,0.0,0.0
129.061493757,0.0,0.0
129.067918057,0.0,0.0
129.074285654,0.0,0.0
129.08406241,0.0,0.0
129.094283987,0.0,0.0
129.102913689,0.0,0.0
129.108246738,0.0,0.0
129.123308441,0.0,0.0
129.129049608,0.0,0.0
129.145134759,0.0,0.0
129.149568665,0.0,0.0
129.161111504,0.0,0.0
129.166261044,0.0,0.0
129.174462327,0.0,0.0
129.182211588,0.0,0.0
129.192798982,0.0,0.0
129.196508155,0.0,0.0
129.208473913,0.0,0.0
129.213413744,0.0,0.0
129.224765773,0.0,0.0
129.230742652,0.0,0.0
129.238073394,0.0,0.0
129.248206566,0.0,0.0
129.25341971,0.0,0.0
129.258706256,0.0,0.0
129.268912932,0.0,0.0
129.273411342,0.0,0.0
129.282393961,0.0,0.0
129.290395234,0.0,0.0
129.299211346,0.0,0.0
129.30423058,0.0,0.0
129.317395194,0.0,0.0
129.325740483,0.0,0.0
129.336142668,0.0,0.0
129.342142948,0.0,0.0
129.348798759,0.0,0.0
129.356680026,0.0,0.0
129.367978753,0.0,0.0
129.37719738,0.0,0.0
129.386631817,0.0,0.0
129.392109571,0.0,0.0
129.406835154,0.0,0.0
129.411661478,0.0,0.0
129.429729115,0.0,0.0
129.435329875,0.0,0.0
129.448079265,0.0,0.0
129.453517418,0.0,0.0
129.466671827,0.0,0.0
129.47017799,0.0,0.0
129.477913748,0.0,0.0
129.486531848,0.0,0.0
129.494432214,0.0,0.0
129.500335787,0.0,0.0
129.513373692,0.0,0.0
129.522314906,0.0,0.0
129.530310877,0.0,0.0
129.536153348,0.0,0.0
129.544442732,0.0,0.0
129.552361299,0.0,0.0
129.560469675,0.0,0.0
129.566930474,0.0,0.0
129.579603761,0.0,0.0
129.586776594,0.0,0.0
129.600237818,0.0,0.0
129.606021886,0.0,0.0
129.617061698,0.0,0.0
129.623321988,0.0,0.0
129.629903593,0.0,0.0
129.638793005,0.0,0.0
129.648896973,0.0,0.0
129.658873335,0.0,0.0
129.667583139,0.0,0.0
129.674383654,0.0,0.0
129.689448353,0.0,0.0
129.693401736,0.0,0.0
129.705028075,0.0,0.0
129.711308766,0.0,0.0
129.717748864,0.0,0.0
129.730074236,0.0,0.0
129.742220098,0.0,0.0
129.750835483,0.0,0.0
129.760060179,0.0,0.0
129.769547773,0.0,0.0
129.779217564,0.0,0.0
129.785979888,0.0,0.0
129.798305149,0.0,0.0
129.805104473,0.0,0.0
129.817687132,0.0,0.0
129.825392845,0.0,0.0
129.836459121,0.0,0.0
129.844088935,0.0,0.0
129.851692649,0.0,0.0
129.862229831,0.0,0.0
129.870605937,0.0,0.0
129.880560925,0.0,0.0
129.889464925,0.0,0.0
129.897714732,0.0,0.0
129.906515833,0.0,0.0
129.911759174,0.0,0.0
129.925529219,0.0,0.0
129.930188867,0.0,0.0
129.938153678,0.0,0.0
129.948023267,0.0,0.0
129.95574078,0.0,0.0
129.960955121,0.0,0.0
129.972784988,0.0,0.0
129.977385237,0.0,0.0
129.983257571,0.0,0.0
129.992140671,0.0,0.0
130.001467366,0.0,0.0
130.009395377,0.0,0.0
130.017204589,0.0,0.0
130.022545429,0.0,0.0
130.036647671,0.0,0.0
130.042131909,0.0,0.0
130.053500181,0.0,0.0
130.057838132,0.0,0.0
130.070599489,0.0,0.0
130.076112927,0.0,0.0
130.085398023,0.0,0.0
130.088815784,0.0,0.0
130.102193634,0.0,0.0
130.106178389,0.0,0.0
130.116521273,0.0,0.0
130.123455295,0.0,0.0
130.130419817,0.0,0.0
130.138927321,0.0,0.0
130.147686323,0.0,0.0
130.155527434,0.0,0.0
130.16660801,0.0,0.0
130.170236769,0.0,0.0
130.183047925,0.0,0.0
130.188958759,0.0,0.0
130.198072156,0.0,0.0
130.207330252,0.0,0.0
130.215368862,0.0,0.0
130.221066598,0.0,0.0
130.232850365,0.0,0.0
130.238431003,0.0,0.0
130.247082705,0.0,0.0
130.252403346,0.0,0.0
130.259592765,0.0,0.0
130.268499865,0.0,0.0
130.27691817,0.0,0.0
130.284594184,0.0,0.0
130.295508061,0.0,0.0
130.301314796,0.0,0.0
130.313865355,0.0,0.0
130.319049597,0.0,0.0
130.329777276,0.0,0.0
130.338018683,0.0,0.0
130.346381589,0.0,0.0
130.351927627,0.0,0.0
130.363589796,0.0,0.0
130.370080122,0.0,0.0
130.37982071,0.0,0.0
130.386484333,0.0,0.0
130.394154744,0.0,0.0
130.402564347,0.0,0.0
130.410753653,0.0,0.0
130.418087069,0.0,0.0
130.428125453,0.0,0.0
130.434344881,0.0,0.0
130.448557717,0.0,0.0
130.454278851,0.0,0.0
130.462079161,0.0,0.0
130.471038458,0.0,0.0
130.479927055,0.0,0.0
130.482271228,0.0,0.0
130.493331201,0.0,0.0
130.499654828,0.0,0.0
130.510658201,0.0,0.0
130.519212202,0.0,0.0
130.525059835,0.0,0.0
130.533847134,0.0,0.0
130.540459357,0.0,0.0
130.544960005,0.0,0.0
130.556116177,0.0,0.0
130.562377805,0.0,0.0
130.569508422,0.0,0.0
130.577186334,0.0,0.0
130.58710362,0.0,0.0
130.593284048,0.0,0.0
130.605069312,0.0,0.0
130.60960186,0.0,0.0
130.621319325,0.0,0.0
130.62693196,0.0,0.0
130.637995833,0.0,0.0
130.64866451,0.0,0.0
130.656039025,0.0,0.0
130.660104578,0.0,0.0
130.672349337,0.0,0.0
130.680797239,0.0,0.0
130.692086509,0.0,0.0
130.697974641,0.0,0.0
130.70584565,0.0,0.0
130.714213654,0.0,0.0
130.723449447,0.0,0.0
130.734555119,0.0,0.0
130.74229583,0.0,0.0
130.748455759,0.0,0.0
130.763017091,0.0,0.0
130.768507528,0.0,0.0
130.78047189,0.0,0.0
130.786652218,0.0,0.0
130.798187785,0.0,0.0
130.804084517,0.0,0.0
130.812998115,0.0,0.0
130.822527805,0.0,0.0
130.831008807,0.0,0.0
130.840889593,0.0,0.0
130.85067928,0.0,0.0
130.85679561,0.0,0.0
130.870247255,0.0,0.0
130.875579293,0.0,0.0
130.88714966,0.0,0.0
130.896465852,0.0,0.0
130.910679188,0.0,0.0
130.919101791,0.0,0.0
130.934599112,0.0,0.0
130.946544375,0.0,0.0
130.959698823,0.0,0.0
130.967122037,0.0,0.0
130.978958101,0.0,0.0
130.985246728,0.0,0.0
131.000123857,0.0,0.0
131.007533271,0.0,0.0
131.026344655,0.0,0.0
131.031301697,0.0,0.0
131.040385393,0.0,0.0
131.052399654,0.0,0.0
131.061869245,0.0,0.0
131.074114704,0.0,0.0
131.083594794,0.0,0.0
131.093254983,0.0,0.0
131.104138057,0.0,0.0
131.113645948,0.0,0.0
131.12389073,0.0,0.0
131.135229899,0.0,0.0
131.146278872,0.0,0.0
131.158209734,0.0,0.0
131.171329883,0.0,0.0
131.183372044,0.0,0.0
131.192540938,0.0,0.0
131.201638633,0.0,0.0
131.211943414,0.0,0.0
131.220180919,0.0,0.0
131.229938507,0.0,0.0
131.240575884,0.0,0.0
131.250214273,0.0,0.0
131.257344391,0.0,0.0
131.270613338,0.0,0.0
131.276151474,0.0,0.0
131.287865839,0.0,0.0
131.294474063,0.0,0.0
131.30682442,0.0,0.0
131.312728752,0.0,0.0
131.320991957,0.0,0.0
131.330608946,0.0,0.0
131.34156422,0.0,0.0
131.351421506,0.0,0.0
131.360869397,0.0,0.0
131.370248088,0.0,0.0
131.37857279,0.0,0.0
131.382109648,0.0,0.0
131.395255992,0.0,0.0
131.402661405,0.0,0.0
131.413625575,0.0,0.0
131.419306208,0.0,0.0
131.434174932,0.0,0.0
131.439608068,0.0,0.0
131.446762384,0.0,0.0
131.455399482,0.0,0.0
131.465968757,0.0,0.0
131.471886487,0.0,0.0
131.483934544,0.0,0.0
131.490483567,0.0,0.0
131.50206823,0.0,0.0
131.507920261,0.0,0.0
131.517859143,0.0,0.0
131.526557141,0.0,0.0
131.538616998,0.0,0.0
131.551096551,0.0,0.0
131.561566327,0.0,0.0
131.570134826,0.0,0.0
131.579461715,0.0,0.0
131.585134048,0.0,0.0
131.5976577,0.0,0.0
131.603843527,0.0,0.0
131.616171482,0.0,0.0
131.622037412,0.0,0.0
131.636013147,0.0,0.0
131.640525594,0.0,0.0
131.650100981,0.0,0.0
131.65944227,0.0,0.0
131.668932658,0.0,0.0
131.67892324,0.0,0.0
131.688659825,0.0,0.0
131.694760453,0.0,0.0
131.70853969,0.0,0.0
131.714538619,0.0,0.0
131.728619253,0.0,0.0
131.736164463,0.0,0.0
131.749523606,0.0,0.0
131.755579234,0.0,0.0
131.764559828,0.0,0.0
131.773417323,0.0,0.0
131.78211732,0.0,0.0
131.792105502,0.0,0.0
131.800911198,0.0,0.0
131.806550932,0.0,0.0
131.822095648,0.0,0.0
131.827648882,0.0,0.0
131.842812003,0.0,0.0
131.849914719,0.0,0.0
131.867254714,0.0,0.0
131.870291678,0.0,0.0
131.885594397,0.0,0.0
131.891843624,0.0,0.0
131.905288365,0.0,0.0
131.911130396,0.0,0.0
131.920000591,0.0,0.0
131.929734576,0.0,0.0
131.939310863,0.0,0.0
131.950429031,0.0,0.0
131.961830396,0.0,0.0
131.976318725,0.0,0.0
131.983780537,0.0,0.0
131.991031451,0.0,0.0
132.003173508,0.0,0.0
132.008342247,0.0,0.0
132.021802488,0.0,0.0
132.028511608,0.0,0.0
132.044232323,0.0,0.0
132.05123514,0.0,0.0
132.060681028,0.0,0.0
132.072002094,0.0,0.0
132.081019388,0.0,0.0
132.090292378,0.0,0.0
132.098667479,0.0,0.0
132.105114203,0.0,0.0
132.118116449,0.0,0.0
132.125065667,0.0,0.0
132.139899492,0.0,0.0
132.150578966,0.0,0.0
132.167306968,0.0,0.0
132.171990913,0.0,0.0
132.186106846,0.0,0.0
132.194775143,0.0,0.0
132.205998811,0.0,0.0
132.213156826,0.0,0.0
132.222729713,0.0,0.0
132.232706895,0.0,0.0
132.2407826,0.0,0.0
132.250639983,0.0,0.0
132.258865486,0.0,0.0
132.266710193,0.0,0.0
132.279789339,0.0,0.0
132.283775091,0.0,0.0
132.296356343,0.0,0.0
132.301933277,0.0,0.0
132.316621603,0.0,0.0
132.324687608,0.0,0.0
132.332567015,0.0,0.0
132.342722395,0.0,0.0
132.351527391,0.0,0.0
132.360701582,0.0,0.0
132.369370079,0.0,0.0
132.377524181,0.0,0.0
132.387645258,0.0,0.0
132.394743572,0.0,0.0
132.407206721,0.0,0.0
132.412987951,0.0,0.0
132.424869308,0.0,0.0
132.430241443,0.0,0.0
132.439708228,0.0,0.0
132.451162889,0.0,0.0
132.45934989,0.0,0.0
132.46845078,0.0,0.0
132.475821791,0.0,0.0
132.48170282,0.0,0.0
132.494866561,0.0,0.0
132.498320819,0.0,0.0
132.506888215,0.0,0.0
132.51966416,0.0,0.0
132.525563989,0.0,0.0
132.535486269,0.0,0.0
132.544034466,0.0,0.0
132.550614386,0.0,0.0
132.56180725,0.0,0.0
132.566663492,0.0,0.0
132.57916294,0.0,0.0
132.582925495,0.0,0.0
132.59158239,0.0,0.0
132.600523682,0.0,0.0
132.610520961,0.0,0.0
132.61717808,0.0,0.0
132.628967938,0.0,0.0
132.636755944,0.0,0.0
132.648293304,0.0,0.0
132.654914924,0.0,0.0
132.665636894,0.0,0.0
132.670263938,0.0,0.0
132.679723724,0.0,0.0
132.690271096,0.0,0.0
132.697857504,0.0,0.0
132.708233779,0.0,0.0
132.718110459,0.0,0.0
132.725316472,0.0,0.0
132.734242464,0.0,0.0
132.743031057,0.0,0.0
132.75690899,0.0,0.0
132.763398511,0.0,0.0
132.777267043,0.0,0.0
132.7808134,0.0,0.0
132.790482483,0.0,0.0
132.798634685,0.0,0.0
132.807911672,0.0,0.0
132.818532844,0.0,0.0
132.824312574,0.0,0.0
132.830555398,0.0,0.0
132.844590828,0.0,0.0
132.85023996,0.0,0.0
132.862871707,0.0,0.0
132.86925993,0.0,0.0
132.88163548,0.0,0.0
132.886329923,0.0,0.0
132.894476225,0.0,0.0
132.905560591,0.0,0.0
132.917399147,0.0,0.0
132.919817618,0.0,0.0
132.932808261,0.0,0.0
132.941439956,0.0,0.0
132.954962393,0.0,0.0
132.96184321,0.0,0.0
132.973556668,0.0,0.0
132.978842404,0.0,0.0
132.987987993,0.0,0.0
132.995492302,0.0,0.0
133.003357107,0.0,0.0
133.00888714,0.0,0.0
133.020549099,0.0,0.0
133.025741136,0.0,0.0
133.036355908,0.0,0.0
133.041424147,0.0,0.0
133.052303915,0.0,0.0
133.061185007,0.0,0.0
133.069883602,0.0,0.0
133.074909241,0.0,0.0
133.086662699,0.0,0.0
133.092322931,0.0,0.0
133.103897891,0.0,0.0
133.109250926,0.0,0.0
133.118110119,0.0,0.0
133.12543253,0.0,0.0
133.133603831,0.0,0.0
133.138896467,0.0,0.0
133.149890834,0.0,0.0
133.156513854,0.0,0.0
133.169093302,0.0,0.0
133.175096929,0.0,0.0
133.182952334,0.0,0.0
133.192959013,0.0,0.0
133.200763918,0.0,0.0
133.207689935,0.0,0.0
133.219933586,0.0,0.0
133.226898102,0.0,0.0
133.238563061,0.0,0.0
133.245439978,0.0,0.0
133.25931901,0.0,0.0
133.264535147,0.0,0.0
133.273151242,0.0,0.0
133.281748838,0.0,0.0
133.291467321,0.0,0.0
133.300310214,0.0,0.0
133.310173694,0.0,0.0
133.318104198,0.0,0.0
133.328062978,0.0,0.0
133.335500888,0.0,0.0
133.348730428,0.0,0.0
133.355097651,0.0,0.0
133.366902708,0.0,0.0
133.372334341,0.0,0.0
133.38204922,0.0,0.0
133.391366605,0.0,0.0
133.402194471,0.0,0.0
133.41034837,0.0,0.0
133.418822265,0.0,0.0
133.424443896,0.0,0.0
133.434913566,0.0,0.0
133.440308899,0.0,0.0
133.450179277,0.0,0.0
133.457709984,0.0,0.0
133.464391901,0.0,0.0
133.470369227,0.0,0.0
133.480405903,0.0,0.0
133.486490027,0.0,0.0
133.497293194,0.0,0.0
133.503746614,0.0,0.0
133.519123323,0.0,0.0
133.524575556,0.0,0.0
133.53236696,0.0,0.0
133.541075052,0.0,0.0
133.548365761,0.0,0.0
133.553246801,0.0,0.0
133.563745371,0.0,0.0
133.569050205,0.0,0.0
133.577698298,0.0,0.0
133.584934809,0.0,0.0
133.594682288,0.0,0.0
133.603653077,0.0,0.0
133.613785652,0.0,0.0
133.619312083,0.0,0.0
133.630718542,0.0,0.0
133.636597169,0.0,0.0
133.647972028,0.0,0.0
133.655870631,0.0,0.0
133.663641634,0.0,0.0
133.670672947,0.0,0.0
133.679734235,0.0,0.0
133.688701424,0.0,0.0
133.69546754,0.0,0.0
133.701043071,0.0,0.0
133.711749439,0.0,0.0
133.71974024,0.0,0.0
133.73343757,0.0,0.0
133.738939202,0.0,0.0
133.747344698,0.0,0.0
133.755686195,0.0,0.0
133.765488374,0.0,0.0
133.769305826,0.0,0.0
133.782318265,0.0,0.0
133.785686924,0.0,0.0
133.793800623,0.0,0.0
133.801937922,0.0,0.0
133.811424205,0.0,0.0
133.821405081,0.0,0.0
133.82955418,0.0,0.0
133.835840803,0.0,0.0
133.84656707,0.0,0.0
133.852072902,0.0,0.0
133.861198489,0.0,0.0
133.869907181,0.0,0.0
133.881053343,0.0,0.0
133.889538138,0.0,0.0
133.898564726,0.0,0.0
133.903733062,0.0,0.0
133.914602628,0.0,0.0
133.919890862,0.0,0.0
133.931325421,0.0,0.0
133.936430357,0.0,0.0
133.94668933,0.0,0.0
133.954944328,0.0,0.0
133.965054103,0.0,0.0
133.977715946,0.0,0.0
133.983245678,0.0,0.0
133.991303278,0.0,0.0
134.002997033,0.0,0.0
134.009092858,0.0,0.0
134.021278307,0.0,0.0
134.027399731,0.0,0.0
134.037841002,0.0,0.0
134.044389921,0.0,0.0
134.055260686,0.0,0.0
134.064075777,0.0,0.0
134.073732458,0.0,0.0
134.084706122,0.0,0.0
134.092774622,0.0,0.0
134.099582938,0.0,0.0
134.112899373,0.0,0.0
134.117272119,0.0,0.0
134.130311157,0.0,0.0
134.134680103,0.0,0.0
134.143697692,0.0,0.0
134.153584069,0.0,0.0
134.16156557,0.0,0.0
134.172782331,0.0,0.0
134.186768458,0.0,0.0
134.193494275,0.0,0.0
134.204832035,0.0,0.0
134.21493801,0.0,0.0
134.226145071,0.0,0.0
134.232157596,0.0,0.0
134.245080336,0.0,0.0
134.250626668,0.0,0.0
134.268118051,0.0,0.0
134.273693482,0.0,0.0
134.28596083,0.0,0.0
134.29324354,0.0,0.0
134.305740586,0.0,0.0
134.311186118,0.0,0.0
134.320996797,0.0,0.0
134.330580178,0.0,0.0
134.340216659,0.0,0.0
134.351185623,0.0,0.0
134.361390597,0.0,0.0
134.371346772,0.0,0.0
134.382997925,0.0,0.0
134.389833938,0.0,0.0
134.406547227,0.0,0.0
134.414702124,0.0,0.0
134.429361038,0.0,0.0
134.438376824,0.0,0.0
134.450948865,0.0,0.0
134.457866077,0.0,0.0
134.472556192,0.0,0.0
134.479122308,0.0,0.0
134.493828022,0.0,0.0
134.500769535,0.0,0.0
134.510242915,0.0,0.0
134.518582609,0.0,0.0
134.525258325,0.0,0.0
134.536971676,0.0,0.0
134.554533454,0.0,0.0
134.560995272,0.0,0.0
134.577219667,0.0,0.0
134.583093093,0.0,0.0
134.592675372,0.0,0.0
134.60146916,0.0,0.0
134.612870116,0.0,0.0
134.62043372,0.0,0.0
134.630239296,0.0,0.0
134.637241908,0.0,0.0
134.65046144,0.0,0.0
134.659232229,0.0,0.0
134.674542836,0.0,0.0
134.68132105,0.0,0.0
134.69477608,0.0,0.0
134.700455708,0.0,0.0
134.714941325,0.0,0.0
134.722138733,0.0,0.0
134.734628675,0.0,0.0
134.740834697,0.0,0.0
134.753326339,0.0,0.0
134.759493661,0.0,0.0
134.767049765,0.0,0.0
134.776895241,0.0,0.0
134.7879711,0.0,0.0
134.790986562,0.0,0.0
134.802934711,0.0,0.0
134.808640739,0.0,0.0
134.82043489,0.0,0.0
134.826687911,0.0,0.0
134.842284013,0.0,0.0
134.850568108,0.0,0.0
134.863360347,0.0,0.0
134.873002125,0.0,0.0
134.886477395,0.0,0.0
134.893342734,0.0,0.0
134.909213255,0.0,0.0
134.915288578,0.0,0.0
134.933143739,0.0,0.0
134.940036479,0.0,0.0
134.95445097,0.0,0.0
134.960034983,0.0,0.0
134.971332612,0.0,0.0
134.978839364,0.0,0.0
134.987239934,0.0,0.0
134.992600842,0.0,0.0
135.003999973,0.0,0.0
135.010312001,0.0,0.0
135.022256142,0.0,0.0
135.027272244,0.0,0.0
135.035306406,0.0,0.0
135.045306109,0.0,0.0
135.056468434,0.0,0.0
135.065466417,0.0,0.0
135.074236594,0.0,0.0
135.085530422,0.0,0.0
135.092197757,0.0,0.0
135.097478164,0.0,0.0
135.109033698,0.0,0.0
135.115693433,0.0,0.0
135.126817158,0.0,0.0
135.129707016,0.0,0.0
135.138367191,0.0,0.0
135.147505176,0.0,0.0
135.154386616,0.0,0.0
135.160910048,0.0,0.0
135.17092235,0.0,0.0
135.178621206,0.0,0.0
135.192456386,0.0,0.0
135.198944717,0.0,0.0
135.207568792,0.0,0.0
135.216303068,0.0,0.0
135.224827741,0.0,0.0
135.227808401,0.0,0.0
135.239508138,0.0,0.0
135.243863726,0.0,0.0
135.252082892,0.0,0.0
135.259810049,0.0,0.0
135.272341202,0.0,0.0
135.27966615,0.0,0.0
135.293178124,0.0,0.0
135.307005003,0.0,0.0
135.31325173,0.0,0.0
135.322292713,0.0,0.0
135.330325575,0.0,0.0
135.335401978,0.0,0.0
135.346351199,0.0,0.0
135.3513192,0.0,0.0
135.359551667,0.0,0.0
135.368414045,0.0,0.0
135.377310523,0.0,0.0
135.385736191,0.0,0.0
135.394147659,0.0,0.0
135.400546987,0.0,0.0
135.411813112,0.0,0.0
135.418592247,0.0,0.0
135.43023018,0.0,0.0
135.434368662,0.0,0.0
135.443501644,0.0,0.0
135.453679148,0.0,0.0
135.461941813,0.0,0.0
135.471751708,0.0,0.0
135.483237138,0.0,0.0
135.494027753,0.0,0.0
135.501513803,0.0,0.0
135.507496322,0.0,0.0
135.519216356,0.0,0.0
135.525835888,0.0,0.0
135.537736826,0.0,0.0
135.543676644,0.0,0.0
135.556878208,0.0,0.0
135.562843027,0.0,0.0
135.570623682,0.0,0.0
135.581727904,0.0,0.0
135.589960968,0.0,0.0
135.598847946,0.0,0.0
135.606851505,0.0,0.0
135.611356295,0.0,0.0
135.622277813,0.0,0.0
135.627704722,0.0,0.0
135.636020688,0.0,0.0
135.64718311,0.0,0.0
135.653730241,0.0,0.0
135.663600238,0.0,0.0
135.670738781,0.0,0.0
135.677685819,0.0,0.0
135.6867383,0.0,0.0
135.692446414,0.0,0.0
135.700878682,0.0,0.0
135.708552936,0.0,0.0
135.717259009,0.0,0.0
135.722136707,0.0,0.0
135.733128526,0.0,0.0
135.739300949,0.0,0.0
135.751324389,0.0,0.0
135.756689897,0.0,0.0
135.764425951,0.0,0.0
135.773313628,0.0,0.0
135.784442351,0.0,0.0
135.790988081,0.0,0.0
135.80645879,0.0,0.0
135.8119764,0.0,0.0
135.828918438,0.0,0.0
135.834360547,0.0,0.0
135.848719734,0.0,0.0
135.853108421,0.0,0.0
135.864008339,0.0,0.0
135.869002939,0.0,0.0
135.882655511,0.0,0.0
135.888012118,0.0,0.0
135.897214502,0.0,0.0
135.905529068,0.0,0.0
135.916473686,0.0,0.0
135.924366144,0.0,0.0
135.933251621,0.0,0.0
135.938562727,0.0,0.0
135.948358923,0.0,0.0
135.955376963,0.0,0.0
135.970431963,0.0,0.0
135.972203399,0.0,0.0
135.983114017,0.0,0.0
135.99130658,0.0,0.0
136.000035054,0.0,0.0
136.005722868,0.0,0.0
136.020623365,0.0,0.0
136.025317359,0.0,0.0
136.037661205,0.0,0.0
136.044776548,0.0,0.0
136.0574215,0.0,0.0
136.062263597,0.0,0.0
136.069688545,0.0,0.0
136.078346618,0.0,0.0
136.09049606,0.0,0.0
136.095347057,0.0,0.0
136.106835886,0.0,0.0
136.112063191,0.0,0.0
136.123643122,0.0,0.0
136.131310175,0.0,0.0
136.144716843,0.0,0.0
136.149932547,0.0,0.0
136.158732422,0.0,0.0
136.167881605,0.0,0.0
136.175961166,0.0,0.0
136.185005347,0.0,0.0
136.193582518,0.0,0.0
136.199293432,0.0,0.0
136.210578057,0.0,0.0
136.216063467,0.0,0.0
136.224071927,0.0,0.0
136.232276191,0.0,0.0
136.242560396,0.0,0.0
136.251634677,0.0,0.0
136.260069045,0.0,0.0
136.265228748,0.0,0.0
136.275166147,0.0,0.0
136.281102165,0.0,0.0
136.288432112,0.0,0.0
136.297256988,0.0,0.0
136.305925161,0.0,0.0
136.311524373,0.0,0.0
136.322552193,0.0,0.0
136.329295327,0.0,0.0
136.339735136,0.0,0.0
136.345264746,0.0,0.0
136.353825817,0.0,0.0
136.363396508,0.0,0.0
136.370689953,0.0,0.0
136.378220401,0.0,0.0
136.389656626,0.0,0.0
136.394570123,0.0,0.0
136.40610985,0.0,0.0
136.412574478,0.0,0.0
136.424418111,0.0,0.0
136.431364648,0.0,0.0
136.439732913,0.0,0.0
136.448101277,0.0,0.0
136.455756728,0.0,0.0
136.471196232,0.0,0.0
136.478065968,0.0,0.0
136.483351172,0.0,0.0
136.496860638,0.0,0.0
136.500557411,0.0,0.0
136.507286843,0.0,0.0
136.514972295,0.0,0.0
136.525569603,0.0,0.0
136.535612701,0.0,0.0
136.54418617,0.0,0.0
136.548451854,0.0,0.0
136.561724716,0.0,0.0
136.567375127,0.0,0.0
136.579822772,0.0,0.0
136.584643667,0.0,0.0
136.593988451,0.0,0.0
136.603519639,0.0,0.0
136.612379613,0.0,0.0
136.622185606,0.0,0.0
136.633580931,0.0,0.0
136.64368673,0.0,0.0
136.650741069,0.0,0.0
136.656974692,0.0,0.0
136.670244953,0.0,0.0
136.675540657,0.0,0.0
136.6878664,0.0,0.0
136.694881938,0.0,0.0
136.705528348,0.0,0.0
136.710664849,0.0,0.0
136.718225498,0.0,0.0
136.727880988,0.0,0.0
136.737677381,0.0,0.0
136.7437176,0.0,0.0
136.754023903,0.0,0.0
136.759763716,0.0,0.0
136.771516948,0.0,0.0
136.777775971,0.0,0.0
136.786704847,0.0,0.0
136.795110613,0.0,0.0
136.804437496,0.0,0.0
136.806331634,0.0,0.0
136.819195087,0.0,0.0
136.823749077,0.0,0.0
136.835382106,0.0,0.0
136.84065161,0.0,0.0
136.848480864,0.0,0.0
136.857778647,0.0,0.0
136.865080191,0.0,0.0
136.869903786,0.0,0.0
136.883507354,0.0,0.0
136.887208627,0.0,0.0
136.894625573,0.0,0.0
136.906750212,0.0,0.0
136.915397182,0.0,0.0
136.926003891,0.0,0.0
136.932455518,0.0,0.0
136.94270782,0.0,0.0
136.950388571,0.0,0.0
136.956654195,0.0,0.0
136.966386686,0.0,0.0
136.971480587,0.0,0.0
136.985527263,0.0,0.0
136.99502535,0.0,0.0
137.006923785,0.0,0.0
137.013091806,0.0,0.0
137.021707476,0.0,0.0
137.029826336,0.0,0.0
137.03766469,0.0,0.0
137.042799491,0.0,0.0
137.053194596,0.0,0.0
137.059958129,0.0,0.0
137.071254852,0.0,0.0
137.076461054,0.0,0.0
137.084051004,0.0,0.0
137.093812496,0.0,0.0
137.102821974,0.0,0.0
137.110117617,0.0,0.0
137.123187775,0.0,0.0
137.127962969,0.0,0.0
137.138536477,0.0,0.0
137.143686079,0.0,0.0
137.150789919,0.0,0.0
137.1599787,0.0,0.0
137.168022558,0.0,0.0
137.172751151,0.0,0.0
137.184702686,0.0,0.0
137.188574363,0.0,0.0
137.197236533,0.0,0.0
137.205038687,0.0,0.0
137.213340551,0.0,0.0
137.224039261,0.0,0.0
137.231803114,0.0,0.0
137.237481526,0.0,0.0
137.249027854,0.0,0.0
137.255493381,0.0,0.0
137.265871985,0.0,0.0
137.271434495,0.0,0.0
137.278362931,0.0,0.0
137.28639759,0.0,0.0
137.296937497,0.0,0.0
137.301729392,0.0,0.0
137.315226257,0.0,0.0
137.320775667,0.0,0.0
137.332175991,0.0,0.0
137.337254591,0.0,0.0
137.345337151,0.0,0.0
137.353585313,0.0,0.0
137.36206238,0.0,0.0
137.370506945,0.0,0.0
137.379836627,0.0,0.0
137.384712022,0.0,0.0
137.394954421,0.0,0.0
137.401762753,0.0,0.0
137.411425641,0.0,0.0
137.419875505,0.0,0.0
137.424434694,0.0,0.0
137.430867219,0.0,0.0
137.441651928,0.0,0.0
137.449176974,0.0,0.0
137.463665556,0.0,0.0
137.469304566,0.0,0.0
137.481508803,0.0,0.0
137.486380098,0.0,0.0
137.494769061,0.0,0.0
137.504280745,0.0,0.0
137.513206119,0.0,0.0
137.521414578,0.0,0.0
137.530036946,0.0,0.0
137.537393489,0.0,0.0
137.547273181,0.0,0.0
137.553694306,0.0,0.0
137.567339871,0.0,0.0
137.571715756,0.0,0.0
137.579747812,0.0,0.0
137.587629765,0.0,0.0
137.598716381,0.0,0.0
137.603779379,0.0,0.0
137.614518788,0.0,0.0
137.620937713,0.0,0.0
137.634575778,0.0,0.0
137.639558575,0.0,0.0
137.647729434,0.0,0.0
137.655591886,0.0,0.0
137.664234454,0.0,0.0
137.67329023,0.0,0.0
137.681253185,0.0,0.0
137.686336684,0.0,0.0
137.697496901,0.0,0.0
137.702276594,0.0,0.0
137.711529974,0.0,0.0
137.721430266,0.0,0.0
137.730114035,0.0,0.0
137.738917106,0.0,0.0
137.748756897,0.0,0.0
137.756017738,0.0,0.0
137.76638664,0.0,0.0
137.773506478,0.0,0.0
137.783758077,0.0,0.0
137.790145101,0.0,0.0
137.797037735,0.0,0.0
137.808530359,0.0,0.0
137.815420493,0.0,0.0
137.820984901,0.0,0.0
137.833075336,0.0,0.0
137.83841484,0.0,0.0
137.850496374,0.0,0.0
137.856916499,0.0,0.0
137.864576148,0.0,0.0
137.873763227,0.0,0.0
137.88112577,0.0,0.0
137.887154587,0.0,0.0
137.899879334,0.0,0.0
137.905439742,0.0,0.0
137.916736962,0.0,0.0
137.923023684,0.0,0.0
137.93103314,0.0,0.0
137.940084716,0.0,0.0
137.948892687,0.0,0.0
137.957490954,0.0,0.0
137.967339045,0.0,0.0
137.971920334,0.0,0.0
137.982167034,0.0,0.0
137.987487237,0.0,0.0
137.997696735,0.0,0.0
138.003046039,0.0,0.0
138.009305361,0.0,0.0
138.018820846,0.0,0.0
138.02724441,0.0,0.0
138.031979602,0.0,0.0
138.042854613,0.0,0.0
138.049692446,0.0,0.0
138.061029566,0.0,0.0
138.065495053,0.0,0.0
138.07358291,0.0,0.0
138.082984793,0.0,0.0
138.091494259,0.0,0.0
138.096920964,0.0,0.0
138.107902577,0.0,0.0
138.11316748,0.0,0.0
138.12551532,0.0,0.0
138.130732821,0.0,0.0
138.138977181,0.0,0.0
138.147169241,0.0,0.0
138.155763708,0.0,0.0
138.16203523,0.0,0.0
138.173237547,0.0,0.0
138.177977839,0.0,0.0
138.18934716,0.0,0.0
138.193863648,0.0,0.0
138.205461774,0.0,0.0
138.214811555,0.0,0.0
138.225476863,0.0,0.0
138.233546819,0.0,0.0
138.242445092,0.0,0.0
138.24697328,0.0,0.0
138.258394702,0.0,0.0
138.265146734,0.0,0.0
138.277072165,0.0,0.0
138.282007361,0.0,0.0
138.290238921,0.0,0.0
138.297792268,0.0,0.0
138.306449936,0.0,0.0
138.310617817,0.0,0.0
138.32158023,0.0,0.0
138.327407544,0.0,0.0
138.338159253,0.0,0.0
138.342813643,0.0,0.0
138.35189002,0.0,0.0
138.361446505,0.0,0.0
138.369905969,0.0,0.0
138.376527896,0.0,0.0
138.3871521,0.0,0.0
138.392706606,0.0,0.0
138.403011504,0.0,0.0
138.409730433,0.0,0.0
138.417841588,0.0,0.0
138.428034984,0.0,0.0
138.4341028,0.0,0.0
138.440785846,0.0,0.0
138.452482924,0.0,0.0
138.464332401,0.0,0.0
138.474732993,0.0,0.0
138.481033228,0.0,0.0
138.492660407,0.0,0.0
138.500366927,0.0,0.0
138.50870894,0.0,0.0
138.517264051,0.0,0.0
138.524834673,0.0,0.0
138.530154317,0.0,0.0
138.540974105,0.0,0.0
138.545588657,0.0,0.0
138.556554943,0.0,0.0
138.563825968,0.0,0.0
138.570572298,0.0,0.0
138.580288097,0.0,0.0
138.588415812,0.0,0.0
138.594748446,0.0,0.0
138.60407875,0.0,0.0
138.609173097,0.0,0.0
138.617331812,0.0,0.0
138.627880502,0.0,0.0
138.635714021,0.0,0.0
138.639591581,0.0,0.0
138.651485057,0.0,0.0
138.656915701,0.0,0.0
138.668908576,0.0,0.0
138.677719785,0.0,0.0
138.684069819,0.0,0.0
138.692166035,0.0,0.0
138.701053542,0.0,0.0
138.705578495,0.0,0.0
138.716585681,0.0,0.0
138.722911115,0.0,0.0
138.736147278,0.0,0.0
138.74175542,0.0,0.0
138.754462888,0.0,0.0
138.759756633,0.0,0.0
138.769164335,0.0,0.0
138.776668557,0.0,0.0
138.784988171,0.0,0.0
138.79076991,0.0,0.0
138.80525436,0.0,0.0
138.808708324,0.0,0.0
138.824126064,0.0,0.0
138.829855704,0.0,0.0
138.847504821,0.0,0.0
138.851938775,0.0,0.0
138.86492074,0.0,0.0
138.869453793,0.0,0.0
138.877526309,0.0,0.0
138.884799634,0.0,0.0
138.895025528,0.0,0.0
138.899223884,0.0,0.0
138.913834232,0.0,0.0
138.919190377,0.0,0.0
138.931466649,0.0,0.0
138.936795494,0.0,0.0
138.944332815,0.0,0.0
138.951851137,0.0,0.0
138.958908664,0.0,0.0
138.964060711,0.0,0.0
138.975504292,0.0,0.0
138.98145653,0.0,0.0
138.993565204,0.0,0.0
138.998499753,0.0,0.0
139.008006254,0.0,0.0
139.01806545,0.0,0.0
139.026836959,0.0,0.0
139.031449211,0.0,0.0
139.044495275,0.0,0.0
139.046359956,0.0,0.0
139.059698517,0.0,0.0
139.065012462,0.0,0.0
139.07576955,0.0,0.0
139.084738257,0.0,0.0
139.094642654,0.0,0.0
139.103325064,0.0,0.0
139.113286761,0.0,0.0
139.119321198,0.0,0.0
139.131014977,0.0,0.0
139.135931925,0.0,0.0
139.146913511,0.0,0.0
139.152528353,0.0,0.0
139.161631959,0.0,0.0
139.170959262,0.0,0.0
139.183150935,0.0,0.0
139.190972654,0.0,0.0
139.198901471,0.0,0.0
139.204318215,0.0,0.0
139.214828606,0.0,0.0
139.220109551,0.0,0.0
139.228948959,0.0,0.0
139.23849086,0.0,0.0
139.246732575,0.0,0.0
139.255750781,0.0,0.0
139.267300061,0.0,0.0
139.268667647,0.0,0.0
139.280926919,0.0,0.0
139.286328663,0.0,0.0
139.295168172,0.0,0.0
139.303176388,0.0,0.0
139.313050686,0.0,0.0
139.317923335,0.0,0.0
139.328273228,0.0,0.0
139.334639062,0.0,0.0
139.34638444,0.0,0.0
139.351661685,0.0,0.0
139.361175986,0.0,0.0
139.369535799,0.0,0.0
139.377804911,0.0,0.0
139.385016934,0.0,0.0
139.399620278,0.0,0.0
139.403671535,0.0,0.0
139.417578587,0.0,0.0
139.422599634,0.0,0.0
139.433924913,0.0,0.0
139.439772751,0.0,0.0
139.447312771,0.0,0.0
139.455489984,0.0,0.0
139.469119139,0.0,0.0
139.475143275,0.0,0.0
139.483254589,0.0,0.0
139.491000706,0.0,0.0
139.499908311,0.0,0.0
139.506805738,0.0,0.0
139.515382047,0.0,0.0
139.522772268,0.0,0.0
139.533243157,0.0,0.0
139.540237682,0.0,0.0
139.548178598,0.0,0.0
139.554216534,0.0,0.0
139.564435325,0.0,0.0
139.570470061,0.0,0.0
139.579105669,0.0,0.0
139.587806876,0.0,0.0
139.596525483,0.0,0.0
139.605962683,0.0,0.0
139.614061397,0.0,0.0
139.619016744,0.0,0.0
139.629793129,0.0,0.0
139.63538467,0.0,0.0
139.648798927,0.0,0.0
139.655531156,0.0,0.0
139.662860278,0.0,0.0
139.671376187,0.0,0.0
139.682043474,0.0,0.0
139.692222265,0.0,0.0
139.699629986,0.0,0.0
139.704561834,0.0,0.0
139.719297677,0.0,0.0
139.724604821,0.0,0.0
139.738432374,0.0,0.0
139.740305654,0.0,0.0
139.74721708,0.0,0.0
139.755936587,0.0,0.0
139.765943181,0.0,0.0
139.770806629,0.0,0.0
139.783025099,0.0,0.0
139.787559651,0.0,0.0
139.799412625,0.0,0.0
139.804645969,0.0,0.0
139.813219178,0.0,0.0
139.820943996,0.0,0.0
139.828642314,0.0,0.0
139.83465455,0.0,0.0
139.847031418,0.0,0.0
139.850926277,0.0,0.0
139.860130179,0.0,0.0
139.866752808,0.0,0.0
139.873944032,0.0,0.0
139.878504483,0.0,0.0
139.890152159,0.0,0.0
139.895014208,0.0,0.0
139.902388029,0.0,0.0
139.911276435,0.0,0.0
139.919906543,0.0,0.0
139.924268896,0.0,0.0
139.934831084,0.0,0.0
139.940363425,0.0,0.0
139.952056501,0.0,0.0
139.958361634,0.0,0.0
139.96529666,0.0,0.0
139.976603739,0.0,0.0
139.985647143,0.0,0.0
139.991025786,0.0,0.0
140.002146168,0.0,0.0
140.007208314,0.0,0.0
140.022343053,0.0,0.0
140.028733185,0.0,0.0
140.039982565,0.0,0.0
140.04521151,0.0,0.0
140.056180293,0.0,0.0
140.067894868,0.0,0.0
140.073603007,0.0,0.0
140.082696111,0.0,0.0
140.093307498,0.0,0.0
140.106199161,0.0,0.0
140.113022188,0.0,0.0
140.117962135,0.0,0.0
140.130871898,0.0,0.0
140.135259551,0.0,0.0
140.146305634,0.0,0.0
140.153328359,0.0,0.0
140.16265456,0.0,0.0
140.170709274,0.0,0.0
140.178134095,0.0,0.0
140.18332744,0.0,0.0
140.198674577,0.0,0.0
140.204598014,0.0,0.0
140.216755684,0.0,0.0
140.222572522,0.0,0.0
140.232686115,0.0,0.0
140.240759429,0.0,0.0
140.256318963,0.0,0.0
140.259265132,0.0,0.0
140.265904461,0.0,0.0
140.277204441,0.0,0.0
140.286166046,0.0,0.0
140.291828586,0.0,0.0
140.306518729,0.0,0.0
140.309137901,0.0,0.0
140.322157663,0.0,0.0
140.326851313,0.0,0.0
140.336843607,0.0,0.0
140.346144008,0.0,0.0
140.354547218,0.0,0.0
140.35810348,0.0,0.0
140.369934154,0.0,0.0
140.375352595,0.0,0.0
140.387558962,0.0,0.0
140.392670206,0.0,0.0
140.401094515,0.0,0.0
140.40977342,0.0,0.0
140.416769144,0.0,0.0
140.422773379,0.0,0.0
140.433456262,0.0,0.0
140.43826361,0.0,0.0
140.449061992,0.0,0.0
140.45479413,0.0,0.0
140.462950341,0.0,0.0
140.471832844,0.0,0.0
140.481694037,0.0,0.0
140.486778182,0.0,0.0
140.497993259,0.0,0.0
140.503098204,0.0,0.0
140.516507058,0.0,0.0
140.521031409,0.0,0.0
140.528975822,0.0,0.0
140.53745623,0.0,0.0
140.545384043,0.0,0.0
140.550741885,0.0,0.0
140.560631377,0.0,0.0
140.566256716,0.0,0.0
140.573799734,0.0,0.0
140.582947034,0.0,0.0
140.589636562,0.0,0.0
140.595822894,0.0,0.0
140.607699165,0.0,0.0
140.615762477,0.0,0.0
140.627599348,0.0,0.0
140.633078789,0.0,0.0
140.641053402,0.0,0.0
140.650071503,0.0,0.0
140.658940707,0.0,0.0
140.664745644,0.0,0.0
140.67515193,0.0,0.0
140.681076466,0.0,0.0
140.69263694,0.0,0.0
140.697136291,0.0,0.0
140.704715308,0.0,0.0
140.713898008,0.0,0.0
140.722151319,0.0,0.0
140.726714769,0.0,0.0
140.737949047,0.0,0.0
140.742507897,0.0,0.0
140.750839906,0.0,0.0
140.759946607,0.0,0.0
140.768729811,0.0,0.0
140.773142563,0.0,0.0
140.784757737,0.0,0.0
140.790342376,0.0,0.0
140.801651153,0.0,0.0
140.806403901,0.0,0.0
140.814352115,0.0,0.0
140.824288006,0.0,0.0
140.833311408,0.0,0.0
140.83683077,0.0,0.0
140.847138258,0.0,0.0
140.852118703,0.0,0.0
140.860295814,0.0,0.0
140.869445215,0.0,0.0
140.880474395,0.0,0.0
140.889305698,0.0,0.0
140.899353589,0.0,0.0
140.903100348,0.0,0.0
140.915303615,0.0,0.0
140.923778823,0.0,0.0
140.935479596,0.0,0.0
140.940294443,0.0,0.0
140.948322456,0.0,0.0
140.957204659,0.0,0.0
140.965284971,0.0,0.0
140.97087041,0.0,0.0
140.983449673,0.0,0.0
140.988709716,0.0,0.0
141.001389978,0.0,0.0
141.007392913,0.0,0.0
141.01953098,0.0,0.0
141.024551226,0.0,0.0
141.03238804,0.0,0.0
141.040989747,0.0,0.0
141.050893039,0.0,0.0
141.055790186,0.0,0.0
141.068580546,0.0,0.0
141.074958277,0.0,0.0
141.087322242,0.0,0.0
141.093766472,0.0,0.0
141.106968028,0.0,0.0
141.113722955,0.0,0.0
141.121321472,0.0,0.0
141.13068797,0.0,0.0
141.13986747,0.0,0.0
141.149345667,0.0,0.0
141.162336825,0.0,0.0
141.16561999,0.0,0.0
141.178345151,0.0,0.0
141.183253598,0.0,0.0
141.193955281,0.0,0.0
141.199949616,0.0,0.0
141.209051417,0.0,0.0
141.216698834,0.0,0.0
141.227888512,0.0,0.0
141.231458173,0.0,0.0
141.243766339,0.0,0.0
141.24827769,0.0,0.0
141.25930937,0.0,0.0
141.265231105,0.0,0.0
141.272785623,0.0,0.0
141.281766625,0.0,0.0
141.291337621,0.0,0.0
141.296852361,0.0,0.0
141.30792794,0.0,0.0
141.314679267,0.0,0.0
141.325579348,0.0,0.0
141.330296297,0.0,0.0
141.338925703,0.0,0.0
141.349721985,0.0,0.0
141.3575312,0.0,0.0
141.368401381,0.0,0.0
141.375404003,0.0,0.0
141.380325649,0.0,0.0
141.392693411,0.0,0.0
141.403714588,0.0,0.0
141.404858575,0.0,0.0
141.411758599,0.0,0.0
141.420244504,0.0,0.0
141.42595664,0.0,0.0
141.440026284,0.0,0.0
141.44395124,0.0,0.0
141.453982228,0.0,0.0
141.459567766,0.0,0.0
141.467161882,0.0,0.0
141.475747086,0.0,0.0
141.484470789,0.0,0.0
141.489831329,0.0,0.0
141.500378212,0.0,0.0
141.50591795,0.0,0.0
141.514364356,0.0,0.0
141.523666553,0.0,0.0
141.533446744,0.0,0.0
141.542955738,0.0,0.0
141.55177214,0.0,0.0
141.557043981,0.0,0.0
141.569150646,0.0,0.0
141.574467687,0.0,0.0
141.585703762,0.0,0.0
141.592245289,0.0,0.0
141.604002558,0.0,0.0
141.609428598,0.0,0.0
141.617351709,0.0,0.0
141.625704916,0.0,0.0
141.635465808,0.0,0.0
141.639424964,0.0,0.0
141.65228072,0.0,0.0
141.65859765,0.0,0.0
141.671305809,0.0,0.0
141.676932746,0.0,0.0
141.689366108,0.0,0.0
141.695046444,0.0,0.0
141.702931557,0.0,0.0
141.711787458,0.0,0.0
141.720330763,0.0,0.0
141.726584993,0.0,0.0
141.737581771,0.0,0.0
141.744224797,0.0,0.0
141.755218574,0.0,0.0
141.760031921,0.0,0.0
141.768375928,0.0,0.0
141.777336228,0.0,0.0
141.786316528,0.0,0.0
141.792601858,0.0,0.0
141.804727523,0.0,0.0
141.811854844,0.0,0.0
141.822310727,0.0,0.0
141.83017334,0.0,0.0
141.84181281,0.0,0.0
141.84814664,0.0,0.0
141.856826943,0.0,0.0
141.864593557,0.0,0.0
141.873176761,0.0,0.0
141.877093017,0.0,0.0
141.889517779,0.0,0.0
141.895163616,0.0,0.0
141.90735128,0.0,0.0
141.914796298,0.0,0.0
141.924353491,0.0,0.0
141.932467801,0.0,0.0
141.942082694,0.0,0.0
141.951463489,0.0,0.0
141.958658709,0.0,0.0
141.964284747,0.0,0.0
141.975112826,0.0,0.0
141.980982661,0.0,0.0
141.993537821,0.0,0.0
141.99987805,0.0,0.0
142.009068148,0.0,0.0
142.017335456,0.0,0.0
142.024676274,0.0,0.0
142.03047121,0.0,0.0
142.040933393,0.0,0.0
142.046055336,0.0,0.0
142.052759161,0.0,0.0
142.061120368,0.0,0.0
142.069002181,0.0,0.0
142.074894415,0.0,0.0
142.087474675,0.0,0.0
142.090892537,0.0,0.0
142.102946303,0.0,0.0
142.109635828,0.0,0.0
142.118840426,0.0,0.0
142.128056123,0.0,0.0
142.13823831,0.0,0.0
142.146938913,0.0,0.0
142.154917624,0.0,0.0
142.160185265,0.0,0.0
142.171771636,0.0,0.0
142.176020189,0.0,0.0
142.184557294,0.0,0.0
142.194374985,0.0,0.0
142.202268597,0.0,0.0
142.206944845,0.0,0.0
142.219440706,0.0,0.0
142.22622093,0.0,0.0
142.238138697,0.0,0.0
142.243521037,0.0,0.0
142.255082909,0.0,0.0
142.263441916,0.0,0.0
142.269189452,0.0,0.0
142.279565936,0.0,0.0
142.288124441,0.0,0.0
142.293657979,0.0,0.0
142.30522235,0.0,0.0
142.311167084,0.0,0.0
142.322433759,0.0,0.0
142.328984986,0.0,0.0
142.336910998,0.0,0.0
142.3456616,0.0,0.0
142.351880131,0.0,0.0
142.35826936,0.0,0.0
142.369507934,0.0,0.0
142.375245769,0.0,0.0
142.386231244,0.0,0.0
142.393178665,0.0,0.0
142.401996164,0.0,0.0
142.41118836,0.0,0.0
142.420315456,0.0,0.0
142.429789848,0.0,0.0
142.439391839,0.0,0.0
142.446080463,0.0,0.0
142.457275036,0.0,0.0
142.464317256,0.0,0.0
142.474952335,0.0,0.0
142.477438306,0.0,0.0
142.484317428,0.0,0.0
142.495033706,0.0,0.0
142.501633131,0.0,0.0
142.505035792,0.0,0.0
142.516936357,0.0,0.0
142.521796602,0.0,0.0
142.531009797,0.0,0.0
142.538093916,0.0,0.0
142.547760206,0.0,0.0
142.55624301,0.0,0.0
142.565268107,0.0,0.0
142.571665134,0.0,0.0
142.583365901,0.0,0.0
142.588314645,0.0,0.0
142.599773615,0.0,0.0
142.607429028,0.0,0.0
142.614376248,0.0,0.0
142.623154449,0.0,0.0
142.632519042,0.0,0.0
142.642618127,0.0,0.0
142.652185018,0.0,0.0
142.657173362,0.0,0.0
142.668239036,0.0,0.0
142.674518064,0.0,0.0
142.686094233,0.0,0.0
142.690808379,0.0,0.0
142.698567991,0.0,0.0
142.708601577,0.0,0.0
142.717386477,0.0,0.0
142.723303409,0.0,0.0
142.735664769,0.0,0.0
142.742052696,0.0,0.0
142.755031848,0.0,0.0
142.76020819,0.0,0.0
142.771935256,0.0,0.0
142.779232473,0.0,0.0
142.786044196,0.0,0.0
142.7944366,0.0,0.0
142.802661607,0.0,0.0
142.81293899,0.0,0.0
142.821290595,0.0,0.0
142.827607923,0.0,0.0
142.837890806,0.0,0.0
142.844989925,0.0,0.0
142.857246986,0.0,0.0
142.862778123,0.0,0.0
142.871482124,0.0,0.0
142.880888817,0.0,0.0
142.887797538,0.0,0.0
142.894360901,0.0,0.0
142.904891381,0.0,0.0
142.912057348,0.0,0.0
142.923270091,0.0,0.0
142.928878213,0.0,0.0
142.935847562,0.0,0.0
142.944546871,0.0,0.0
142.952259189,0.0,0.0
142.957019632,0.0,0.0
142.969216967,0.0,0.0
142.975815481,0.0,0.0
142.98720014,0.0,0.0
142.991974484,0.0,0.0
142.999739407,0.0,0.0
143.00847142,0.0,0.0
143.018011507,0.0,0.0
143.025932544,0.0,0.0
143.035508535,0.0,0.0
143.048060903,0.0,0.0
143.053781936,0.0,0.0
143.061738976,0.0,0.0
143.073776396,0.0,0.0
143.079127894,0.0,0.0
143.091770271,0.0,0.0
143.097614915,0.0,0.0
143.106764966,0.0,0.0
143.119374639,0.0,0.0
143.12765281,0.0,0.0
143.136335118,0.0,0.0
143.146080424,0.0,0.0
143.15247992,0.0,0.0
143.163493545,0.0,0.0
143.171226764,0.0,0.0
143.181084382,0.0,0.0
143.186260163,0.0,0.0
143.195100486,0.0,0.0
143.201881517,0.0,0.0
143.20976575,0.0,0.0
143.215188655,0.0,0.0
143.228511895,0.0,0.0
143.233962302,0.0,0.0
143.245200248,0.0,0.0
143.250003095,0.0,0.0
143.257977337,0.0,0.0
143.268170385,0.0,0.0
143.276778486,0.0,0.0
143.287721704,0.0,0.0
143.293506243,0.0,0.0
143.29991984,0.0,0.0
143.310794151,0.0,0.0
143.315799817,0.0,0.0
143.32517789,0.0,0.0
143.334394648,0.0,0.0
143.345176651,0.0,0.0
143.354635931,0.0,0.0
143.364221423,0.0,0.0
143.376697282,0.0,0.0
143.383391703,0.0,0.0
143.389195142,0.0,0.0
143.404060021,0.0,0.0
143.409685743,0.0,0.0
143.421765965,0.0,0.0
143.427581804,0.0,0.0
143.43669235,0.0,0.0
143.444326159,0.0,0.0
143.452182688,0.0,0.0
143.464641544,0.0,0.0
143.470192559,0.0,0.0
143.476763269,0.0,0.0
143.490058803,0.0,0.0
143.498096649,0.0,0.0
143.504393534,0.0,0.0
143.51253999,0.0,0.0
143.51889348,0.0,0.0
143.524724421,0.0,0.0
143.535993967,0.0,0.0
143.545067309,0.0,0.0
143.553206364,0.0,0.0
143.55940734,0.0,0.0
143.567528994,0.0,0.0
143.576511127,0.0,0.0
143.585151129,0.0,0.0
143.590057085,0.0,0.0
143.601459543,0.0,0.0
143.60649201,0.0,0.0
143.614351239,0.0,0.0
143.62782929,0.0,0.0
143.634215383,0.0,0.0
143.643531148,0.0,0.0
143.655756682,0.0,0.0
143.666764504,0.0,0.0
143.672015292,0.0,0.0
143.677974545,0.0,0.0
143.68977754,0.0,0.0
143.694919617,0.0,0.0
143.703302395,0.0,0.0
143.714240811,0.0,0.0
143.719363586,0.0,0.0
143.725540859,0.0,0.0
143.736068037,0.0,0.0
143.742760258,0.0,0.0
143.754229622,0.0,0.0
143.759291992,0.0,0.0
143.768736669,0.0,0.0
143.776366377,0.0,0.0
143.784133898,0.0,0.0
143.794234335,0.0,0.0
143.802015557,0.0,0.0
143.808096322,0.0,0.0
143.819693898,0.0,0.0
143.824314127,0.0,0.0
143.832886823,0.0,0.0
143.843406799,0.0,0.0
143.85656522,0.0,0.0
143.866390232,0.0,0.0
143.875011333,0.0,0.0
143.884518215,0.0,0.0
143.890552075,0.0,0.0
143.895522036,0.0,0.0
143.906745978,0.0,0.0
143.91194326,0.0,0.0
143.919722782,0.0,0.0
143.928357484,0.0,0.0
143.935931887,0.0,0.0
143.941126069,0.0,0.0
143.954451606,0.0,0.0
143.962643666,0.0,0.0
143.972203353,0.0,0.0
143.979191802,0.0,0.0
143.987198145,0.0,0.0
143.994216797,0.0,0.0
144.00190621,0.0,0.0
144.006239813,0.0,0.0
144.017147125,0.0,0.0
144.022430615,0.0,0.0
144.030226139,0.0,0.0
144.041686402,0.0,0.0
144.046432543,0.0,0.0
144.052965549,0.0,0.0
144.064564726,0.0,0.0
144.068979636,0.0,0.0
144.081266176,0.0,0.0
144.087615765,0.0,0.0
144.098205548,0.0,0.0
144.107026867,0.0,0.0
144.114659575,0.0,0.0
144.128905733,0.0,0.0
144.134922297,0.0,0.0
144.140107766,0.0,0.0
144.153040789,0.0,0.0
144.158428257,0.0,0.0
144.171177881,0.0,0.0
144.180779924,0.0,0.0
144.192268555,0.0,0.0
144.199983809,0.0,0.0
144.213644827,0.0,0.0
144.224251964,0.0,0.0
144.228743237,0.0,0.0
144.242538055,0.0,0.0
144.25345979,0.0,0.0
144.26514622,0.0,0.0
144.274218366,0.0,0.0
144.283795909,0.0,0.0
144.293389052,0.0,0.0
144.304978682,0.0,0.0
144.314168527,0.0,0.0
144.329562636,0.0,0.0
144.336899892,0.0,0.0
144.342952356,0.0,0.0
144.354699986,0.0,0.0
144.361906843,0.0,0.0
144.375928957,0.0,0.0
144.382213318,0.0,0.0
144.395368036,0.0,0.0
144.40289059,0.0,0.0
144.411223738,0.0,0.0
144.425275451,0.0,0.0
144.432025809,0.0,0.0
144.441923048,0.0,0.0
144.453555575,0.0,0.0
144.457129853,0.0,0.0
144.473927449,0.0,0.0
144.481393603,0.0,0.0
144.498092199,0.0,0.0
144.506188949,0.0,0.0
144.519077369,0.0,0.0
144.529690103,0.0,0.0
144.538822147,0.0,0.0
144.54471921,0.0,0.0
144.56399999,0.0,0.0
144.571771042,0.0,0.0
144.587160347,0.0,0.0
144.594961698,0.0,0.0
144.606531727,0.0,0.0
144.614462077,0.0,0.0
144.627151099,0.0,0.0
144.637998431,0.0,0.0
144.642947801,0.0,0.0
144.655315724,0.0,0.0
144.665020164,0.0,0.0
144.675101801,0.0,0.0
144.685515837,0.0,0.0
144.692937291,0.0,0.0
144.706090209,0.0,0.0
144.711352176,0.0,0.0
144.723818499,0.0,0.0
144.732360746,0.0,0.0
144.745477865,0.0,0.0
144.752188323,0.0,0.0
144.770267811,0.0,0.0
144.775707977,0.0,0.0
144.785886514,0.0,0.0
144.792788571,0.0,0.0
144.801206519,0.0,0.0
144.812697848,0.0,0.0
144.824655174,0.0,0.0
144.836350901,0.0,0.0
144.844134453,0.0,0.0
144.855532182,0.0,0.0
144.865075923,0.0,0.0
144.871308384,0.0,0.0
144.883859706,0.0,0.0
144.892602652,0.0,0.0
144.906457966,0.0,0.0
144.9171743,0.0,0.0
144.932783903,0.0,0.0
144.947240213,0.0,0.0
144.953847472,0.0,0.0
144.961786723,0.0,0.0
144.974292346,0.0,0.0
144.98326659,0.0,0.0
144.993501426,0.0,0.0
145.001389377,0.0,0.0
145.012581708,0.0,0.0
145.016621283,0.0,0.0
145.025696227,0.0,0.0
145.038733646,0.0,0.0
145.043264718,0.0,0.0
145.049212881,0.0,0.0
145.061770803,0.0,0.0
145.067810666,0.0,0.0
145.08160318,0.0,0.0
145.091923116,0.0,0.0
145.102657649,0.0,0.0
145.108797911,0.0,0.0
145.11544787,0.0,0.0
145.126460402,0.0,0.0
145.131733469,0.0,0.0
145.136890237,0.0,0.0
145.149895156,0.0,0.0
145.156767014,0.0,0.0
145.167748746,0.0,0.0
145.173204812,0.0,0.0
145.182336355,0.0,0.0
145.188951714,0.0,0.0
145.197253563,0.0,0.0
145.210485281,0.0,0.0
145.215909447,0.0,0.0
145.222203108,0.0,0.0
145.232636543,0.0,0.0
145.238400107,0.0,0.0
145.251127929,0.0,0.0
145.257974986,0.0,0.0
145.266192035,0.0,0.0
145.275815075,0.0,0.0
145.283877225,0.0,0.0
145.295306855,0.0,0.0
145.301839714,0.0,0.0
145.306156187,0.0,0.0
145.318909308,0.0,0.0
145.324256075,0.0,0.0
145.330981033,0.0,0.0
145.341029071,0.0,0.0
145.348413825,0.0,0.0
145.353682892,0.0,0.0
145.364676424,0.0,0.0
145.372441675,0.0,0.0
145.379537529,0.0,0.0
145.384863195,0.0,0.0
145.39191285,0.0,0.0
145.399808899,0.0,0.0
145.408585742,0.0,0.0
145.415781196,0.0,0.0
145.427157323,0.0,0.0
145.432588288,0.0,0.0
145.445157707,0.0,0.0
145.456217336,0.0,0.0
145.4617439,0.0,0.0
145.46950165,0.0,0.0
145.480667679,0.0,0.0
145.488511428,0.0,0.0
145.501315346,0.0,0.0
145.512400175,0.0,0.0
145.520595722,0.0,0.0
145.526349285,0.0,0.0
145.539373201,0.0,0.0
145.548510742,0.0,0.0
145.556878688,0.0,0.0
145.564044242,0.0,0.0
145.570737699,0.0,0.0
145.580925934,0.0,0.0
145.590558672,0.0,0.0
145.601627901,0.0,0.0
145.611672936,0.0,0.0
145.617916296,0.0,0.0
145.633676294,0.0,0.0
145.642885135,0.0,0.0
145.651568979,0.0,0.0
145.657565441,0.0,0.0
145.67173855,0.0,0.0
145.679284601,0.0,0.0
145.687474348,0.0,0.0
145.697997281,0.0,0.0
145.705329133,0.0,0.0
145.717577755,0.0,0.0
145.727036694,0.0,0.0
145.737583926,0.0,0.0
145.74321349,0.0,0.0
145.749262051,0.0,0.0
145.761945969,0.0,0.0
145.767419734,0.0,0.0
145.775984879,0.0,0.0
145.784285926,0.0,0.0
145.791752578,0.0,0.0
145.797718839,0.0,0.0
145.807168178,0.0,0.0
145.815349026,0.0,0.0
145.824980364,0.0,0.0
145.831494822,0.0,0.0
145.838816375,0.0,0.0
145.847886316,0.0,0.0
145.855919465,0.0,0.0
145.865136605,0.0,0.0
145.873525252,0.0,0.0
145.880931404,0.0,0.0
145.891983433,0.0,0.0
145.900423578,0.0,0.0
145.908639726,0.0,0.0
145.913452195,0.0,0.0
145.923588629,0.0,0.0
145.945576888,0.0,0.0
145.954080933,0.0,0.0
145.963780471,0.0,0.0
145.971500021,0.0,0.0
145.97787418,0.0,0.0
145.987736317,0.0,0.0
145.995234369,0.0,0.0
146.004579108,0.0,0.0
146.010800268,0.0,0.0
146.019269814,0.0,0.0
146.028601454,0.0,0.0
146.037734795,0.0,0.0
146.042465565,0.0,0.0
146.0525856,0.0,0.0
146.059816353,0.0,0.0
146.07118228,0.0,0.0
146.080753918,0.0,0.0
146.087157577,0.0,0.0
146.097467611,0.0,0.0
146.103182074,0.0,0.0
146.108192042,0.0,0.0
146.118688974,0.0,0.0
146.12406334,0.0,0.0
146.135175168,0.0,0.0
146.140025937,0.0,0.0
146.151212165,0.0,0.0
146.161852697,0.0,0.0
146.167022164,0.0,0.0
146.172435629,0.0,0.0
146.183412258,0.0,0.0
146.189247021,0.0,0.0
146.201152144,0.0,0.0
146.207893801,0.0,0.0
146.215402252,0.0,0.0
146.224877491,0.0,0.0
146.238305905,0.0,0.0
146.247504746,0.0,0.0
146.252910811,0.0,0.0
146.259511369,0.0,0.0
146.269503804,0.0,0.0
146.275181868,0.0,0.0
146.286428295,0.0,0.0
146.291418763,0.0,0.0
146.301939496,0.0,0.0
146.312296629,0.0,0.0
146.31995308,0.0,0.0
146.330909509,0.0,0.0
146.337452867,0.0,0.0
146.34325203,0.0,0.0
146.353969261,0.0,0.0
146.361329914,0.0,0.0
146.374403028,0.0,0.0
146.379359595,0.0,0.0
146.393106803,0.0,0.0
146.397424974,0.0,0.0
146.403423535,0.0,0.0
146.414492461,0.0,0.0
146.420041524,0.0,0.0
146.425896885,0.0,0.0
146.437655807,0.0,0.0
146.444100464,0.0,0.0
146.452264509,0.0,0.0
146.460524054,0.0,0.0
146.468334802,0.0,0.0
146.473295369,0.0,0.0
146.48515299,0.0,0.0
146.494596327,0.0,0.0
146.50621235,0.0,0.0
146.509351329,0.0,0.0
146.517133577,0.0,0.0
146.528165204,0.0,0.0
146.536331449,0.0,0.0
146.547534975,0.0,0.0
146.55583212,0.0,0.0
146.562232677,0.0,0.0
146.573413702,0.0,0.0
146.58281594,0.0,0.0
146.589778094,0.0,0.0
146.595287657,0.0,0.0
146.604601095,0.0,0.0
146.611892546,0.0,0.0
146.620080092,0.0,0.0
146.628372636,0.0,0.0
146.63685658,0.0,0.0
146.642761041,0.0,0.0
146.660090125,0.0,0.0
146.670535056,0.0,0.0
146.679887793,0.0,0.0
146.68488466,0.0,0.0
146.69236971,0.0,0.0
146.700373857,0.0,0.0
146.708759401,0.0,0.0
146.714300864,0.0,0.0
146.726559583,0.0,0.0
146.734969027,0.0,0.0
146.744691962,0.0,0.0
146.755629689,0.0,0.0
146.762822741,0.0,0.0
146.771022187,0.0,0.0
146.780484223,0.0,0.0
146.78546379,0.0,0.0
146.798053406,0.0,0.0
146.802593776,0.0,0.0
146.814264199,0.0,0.0
146.821785548,0.0,0.0
146.829946494,0.0,0.0
146.839872728,0.0,0.0
146.847163579,0.0,0.0
146.851930348,0.0,0.0
146.862893675,0.0,0.0
146.868555037,0.0,0.0
146.881293352,0.0,0.0
146.888899502,0.0,0.0
146.896412051,0.0,0.0
146.906796482,0.0,0.0
146.913788336,0.0,0.0
146.924855962,0.0,0.0
146.933366805,0.0,0.0
146.936237486,0.0,0.0
146.947554311,0.0,0.0
146.95365777,0.0,0.0
146.964390299,0.0,0.0
146.972924442,0.0,0.0
146.984072268,0.0,0.0
146.992285213,0.0,0.0
147.00021116,0.0,0.0
147.008156407,0.0,0.0
147.017202547,0.0,0.0
147.021132421,0.0,0.0
147.03023186,0.0,0.0
147.039205701,0.0,0.0
147.049617731,0.0,0.0
147.059196467,0.0,0.0
147.067319613,0.0,0.0
147.075772857,0.0,0.0
147.084447399,0.0,0.0
147.094410433,0.0,0.0
147.105780457,0.0,0.0
147.110490426,0.0,0.0
147.124468833,0.0,0.0
147.128718904,0.0,0.0
147.137037349,0.0,0.0
147.147287681,0.0,0.0
147.156676318,0.0,0.0
147.164922063,0.0,0.0
147.173850304,0.0,0.0
147.185760925,0.0,0.0
147.191117089,0.0,0.0
147.197371347,0.0,0.0
147.209146369,0.0,0.0
147.216324621,0.0,0.0
147.227232048,0.0,0.0
147.233390707,0.0,0.0
147.24202255,0.0,0.0
147.251390887,0.0,0.0
147.260814425,0.0,0.0
147.274944631,0.0,0.0
147.283597473,0.0,0.0
147.286382254,0.0,0.0
147.296492287,0.0,0.0
147.303395041,0.0,0.0
147.31705165,0.0,0.0
147.322603313,0.0,0.0
147.333233042,0.0,0.0
147.338364508,0.0,0.0
147.349801832,0.0,0.0
147.359770266,0.0,0.0
147.365386928,0.0,0.0
147.369865098,0.0,0.0
147.383945801,0.0,0.0
147.390776954,0.0,0.0
147.403324668,0.0,0.0
147.409251127,0.0,0.0
147.422590435,0.0,0.0
147.428243996,0.0,0.0
147.436767137,0.0,0.0
147.450416343,0.0,0.0
147.454678614,0.0,0.0
147.464939543,0.0,0.0
147.475745469,0.0,0.0
147.47993134,0.0,0.0
147.491506661,0.0,0.0
147.499759404,0.0,0.0
147.510888927,0.0,0.0
147.516967885,0.0,0.0
147.529141502,0.0,0.0
147.53804544,0.0,0.0
147.544649995,0.0,0.0
147.553374835,0.0,0.0
147.563645364,0.0,0.0
147.572328604,0.0,0.0
147.580651747,0.0,0.0
147.585450114,0.0,0.0
147.596710637,0.0,0.0
147.6020099,0.0,0.0
147.609421949,0.0,0.0
147.622719058,0.0,0.0
147.625762137,0.0,0.0
147.630696803,0.0,0.0
147.642094224,0.0,0.0
147.650350467,0.0,0.0
147.662352285,0.0,0.0
147.669305237,0.0,0.0
147.680344061,0.0,0.0
147.686446219,0.0,0.0
147.69496936,0.0,0.0
147.70662808,0.0,0.0
147.711866544,0.0,0.0
147.7182782,0.0,0.0
147.729379123,0.0,0.0
147.734639887,0.0,0.0
147.749483085,0.0,0.0
147.755516344,0.0,0.0
147.763621888,0.0,0.0
147.771622633,0.0,0.0
147.778628284,0.0,0.0
147.79521217,0.0,0.0
147.800973031,0.0,0.0
147.806171395,0.0,0.0
147.817704415,0.0,0.0
147.824702167,0.0,0.0
147.836389487,0.0,0.0
147.842990341,0.0,0.0
147.853974566,0.0,0.0
147.863765898,0.0,0.0
147.87514242,0.0,0.0
147.887154537,0.0,0.0
147.892481801,0.0,0.0
147.901918836,0.0,0.0
147.910185879,0.0,0.0
147.915611742,0.0,0.0
147.927151962,0.0,0.0
147.932508025,0.0,0.0
147.944403243,0.0,0.0
147.951429995,0.0,0.0
147.960209135,0.0,0.0
147.972002653,0.0,0.0
147.977624315,0.0,0.0
147.985169563,0.0,0.0
147.993537605,0.0,0.0
147.998973268,0.0,0.0
148.009648294,0.0,0.0
148.015853252,0.0,0.0
148.028705763,0.0,0.0
148.03498622,0.0,0.0
148.044016458,0.0,0.0
148.056139674,0.0,0.0
148.060062047,0.0,0.0
148.064583116,0.0,0.0
148.076646433,0.0,0.0
148.081592799,0.0,0.0
148.090109841,0.0,0.0
148.103502848,0.0,0.0
148.107539321,0.0,0.0
148.112860984,0.0,0.0
148.12354631,0.0,0.0
148.132423849,0.0,0.0
148.141897384,0.0,0.0
148.147177948,0.0,0.0
148.161863247,0.0,0.0
148.163740834,0.0,0.0
148.173592666,0.0,0.0
148.182594904,0.0,0.0
148.189620956,0.0,0.0
148.195540815,0.0,0.0
148.206219841,0.0,0.0
148.215050081,0.0,0.0
148.224098418,0.0,0.0
148.229405382,0.0,0.0
148.237101829,0.0,0.0
148.245124674,0.0,0.0
148.253866313,0.0,0.0
148.259383576,0.0,0.0
148.270262401,0.0,0.0
148.276654157,0.0,0.0
148.288265277,0.0,0.0
148.297032116,0.0,0.0
148.306973548,0.0,0.0
148.313129406,0.0,0.0
148.322018244,0.0,0.0
148.329119296,0.0,0.0
148.338875828,0.0,0.0
148.342867601,0.0,0.0
148.35458732,0.0,0.0
148.359991483,0.0,0.0
148.372747794,0.0,0.0
148.382371826,0.0,0.0
148.393148249,0.0,0.0
148.399912901,0.0,0.0
148.409644032,0.0,0.0
148.415455691,0.0,0.0
148.423613633,0.0,0.0
148.433015266,0.0,0.0
148.445971974,0.0,0.0
148.451607334,0.0,0.0
148.461890161,0.0,0.0
148.475662163,0.0,0.0
148.483829005,0.0,0.0
148.48880927,0.0,0.0
148.497049011,0.0,0.0
148.507273339,0.0,0.0
148.513221496,0.0,0.0
148.517661665,0.0,0.0
148.528731886,0.0,0.0
148.534127748,0.0,0.0
148.544983071,0.0,0.0
148.554420904,0.0,0.0
148.559307269,0.0,0.0
148.56763641,0.0,0.0
148.57459866,0.0,0.0
148.579355327,0.0,0.0
148.590563847,0.0,0.0
148.596057808,0.0,0.0
148.604415849,0.0,0.0
148.613392485,0.0,0.0
148.622314421,0.0,0.0
148.634060238,0.0,0.0
148.641174787,0.0,0.0
148.64651645,0.0,0.0
148.658096867,0.0,0.0
148.664208224,0.0,0.0
148.677515929,0.0,0.0
148.682344495,0.0,0.0
148.691029733,0.0,0.0
148.699776171,0.0,0.0
148.708820907,0.0,0.0
148.721758715,0.0,0.0
148.725923586,0.0,0.0
148.730463053,0.0,0.0
148.74224517,0.0,0.0
148.745985143,0.0,0.0
148.755912373,0.0,0.0
148.76476051,0.0,0.0
148.775654732,0.0,0.0
148.785268464,0.0,0.0
148.794990395,0.0,0.0
148.808635298,0.0,0.0
148.814117159,0.0,0.0
148.820883111,0.0,0.0
148.832179631,0.0,0.0
148.83797389,0.0,0.0
148.850290602,0.0,0.0
148.856937955,0.0,0.0
148.863878406,0.0,0.0
148.871985748,0.0,0.0
148.880251589,0.0,0.0
148.894855086,0.0,0.0
148.898624459,0.0,0.0
148.906368204,0.0,0.0
148.921910094,0.0,0.0
148.927662453,0.0,0.0
148.938953972,0.0,0.0
148.947190214,0.0,0.0
148.955084258,0.0,0.0
148.966745575,0.0,0.0
148.978922489,0.0,0.0
148.990479407,0.0,0.0
148.996730562,0.0,0.0
149.005018103,0.0,0.0
149.014537536,0.0,0.0
149.02092679,0.0,0.0
149.031246917,0.0,0.0
149.037053276,0.0,0.0
149.048638693,0.0,0.0
149.055571944,0.0,0.0
149.065460274,0.0,0.0
149.082022456,0.0,0.0
149.087411718,0.0,0.0
149.096561653,0.0,0.0
149.1040348,0.0,0.0
149.10971716,0.0,0.0
149.121058379,0.0,0.0
149.126816438,0.0,0.0
149.139978345,0.0,0.0
149.142187629,0.0,0.0
149.152833553,0.0,0.0
149.161189494,0.0,0.0
149.168014246,0.0,0.0
149.173992603,0.0,0.0
149.186586414,0.0,0.0
149.191990375,0.0,0.0
149.205928276,0.0,0.0
149.212644629,0.0,0.0
149.223137754,0.0,0.0
149.228824514,0.0,0.0
149.236461559,0.0,0.0
149.245446796,0.0,0.0
149.254120234,0.0,0.0
149.263274369,0.0,0.0
149.270047821,0.0,0.0
149.275474882,0.0,0.0
149.286256206,0.0,0.0
149.291413569,0.0,0.0
149.300814402,0.0,0.0
149.30964434,0.0,0.0
149.317515384,0.0,0.0
149.323235243,0.0,0.0
149.333977067,0.0,0.0
149.340182823,0.0,0.0
149.353017732,0.0,0.0
149.356637506,0.0,0.0
149.364671349,0.0,0.0
149.372261494,0.0,0.0
149.383627511,0.0,0.0
149.392881643,0.0,0.0
149.400411088,0.0,0.0
149.405853548,0.0,0.0
149.418112158,0.0,0.0
149.42335362,0.0,0.0
149.430730366,0.0,0.0
149.440514394,0.0,0.0
149.448221438,0.0,0.0
149.459874553,0.0,0.0
149.470484875,0.0,0.0
149.476036134,0.0,0.0
149.486311759,0.0,0.0
149.491169524,0.0,0.0
149.502317142,0.0,0.0
149.508762095,0.0,0.0
149.516051841,0.0,0.0
149.523969783,0.0,0.0
149.532413222,0.0,0.0
149.537095387,0.0,0.0
149.547917508,0.0,0.0
149.554365661,0.0,0.0
149.561402109,0.0,0.0
149.570045746,0.0,0.0
149.578212286,0.0,0.0
149.582849353,0.0,0.0
149.594712866,0.0,0.0
149.600050927,0.0,0.0
149.611656242,0.0,0.0
149.616800704,0.0,0.0
149.624797646,0.0,0.0
149.632825487,0.0,0.0
149.642147319,0.0,0.0
149.648244274,0.0,0.0
149.659287493,0.0,0.0
149.664608754,0.0,0.0
149.67614407,0.0,0.0
149.685064304,0.0,0.0
149.697485414,0.0,0.0
149.702971373,0.0,0.0
149.712848001,0.0,0.0
149.722682429,0.0,0.0
149.731945661,0.0,0.0
149.741879389,0.0,0.0
149.749759531,0.0,0.0
149.75671318,0.0,0.0
149.767801699,0.0,0.0
149.773573857,0.0,0.0
149.78536717,0.0,0.0
149.791081029,0.0,0.0
149.798770472,0.0,0.0
149.810832384,0.0,0.0
149.81551425,0.0,0.0
149.826261871,0.0,0.0
149.831622632,0.0,0.0
149.836295598,0.0,0.0
149.847296317,0.0,0.0
149.853531471,0.0,0.0
149.86186441,0.0,0.0
149.870638846,0.0,0.0
149.878198491,0.0,0.0
149.883399753,0.0,0.0
149.895258866,0.0,0.0
149.900505928,0.0,0.0
149.912383941,0.0,0.0
149.918236798,0.0,0.0
149.925484145,0.0,0.0
149.934090282,0.0,0.0
149.94120573,0.0,0.0
149.946216793,0.0,0.0
149.957122413,0.0,0.0
149.961916678,0.0,0.0
149.969517523,0.0,0.0
149.977321265,0.0,0.0
149.987173793,0.0,0.0
149.996383726,0.0,0.0
150.003350175,0.0,0.0
150.010192525,0.0,0.0
150.019680755,0.0,0.0
150.026228507,0.0,0.0
150.032481162,0.0,0.0
150.040827501,0.0,0.0
150.049434538,0.0,0.0
150.054939697,0.0,0.0
150.066435613,0.0,0.0
150.073395762,0.0,0.0
150.08467088,0.0,0.0
150.09149903,0.0,0.0
150.102916546,0.0,0.0
150.109007702,0.0,0.0
150.118612331,0.0,0.0
150.127385467,0.0,0.0
150.135381409,0.0,0.0
150.141472164,0.0,0.0
150.156415155,0.0,0.0
150.159403533,0.0,0.0
150.172721435,0.0,0.0
150.179280387,0.0,0.0
150.18845012,0.0,0.0
150.194999772,0.0,0.0
150.203088913,0.0,0.0
150.209392367,0.0,0.0
150.221825376,0.0,0.0
150.227723133,0.0,0.0
150.238726352,0.0,0.0
150.244814408,0.0,0.0
150.252434752,0.0,0.0
150.26085949,0.0,0.0
150.268482934,0.0,0.0
150.27450429,0.0,0.0
150.289191583,0.0,0.0
150.29636313,0.0,0.0
150.308042245,0.0,0.0
150.313752803,0.0,0.0
150.324311526,0.0,0.0
150.329718486,0.0,0.0
150.339049218,0.0,0.0
150.348139251,0.0,0.0
150.355590997,0.0,0.0
150.360890258,0.0,0.0
150.371860777,0.0,0.0
150.376917439,0.0,0.0
150.387621458,0.0,0.0
150.394698105,0.0,0.0
150.407778506,0.0,0.0
150.413207865,0.0,0.0
150.422969192,0.0,0.0
150.432341221,0.0,0.0
150.44049696,0.0,0.0
150.444935026,0.0,0.0
150.457627831,0.0,0.0
150.462936091,0.0,0.0
150.472554918,0.0,0.0
150.478113677,0.0,0.0
150.486628612,0.0,0.0
150.495353947,0.0,0.0
150.504360579,0.0,0.0
150.50958294,0.0,0.0
150.521163252,0.0,0.0
150.528223699,0.0,0.0
150.538049825,0.0,0.0
150.544138579,0.0,0.0
150.551410225,0.0,0.0
150.562277143,0.0,0.0
150.571165976,0.0,0.0
150.577087531,0.0,0.0
150.590148033,0.0,0.0
150.596536285,0.0,0.0
150.608302396,0.0,0.0
150.613537857,0.0,0.0
150.621179499,0.0,0.0
150.631349322,0.0,0.0
150.642951535,0.0,0.0
150.652183466,0.0,0.0
150.660322504,0.0,0.0
150.665463365,0.0,0.0
150.676483182,0.0,0.0
150.681823142,0.0,0.0
150.693833652,0.0,0.0
150.698922013,0.0,0.0
150.707622448,0.0,0.0
150.715982885,0.0,0.0
150.723007232,0.0,0.0
150.728259893,0.0,0.0
150.740412301,0.0,0.0
150.746295457,0.0,0.0
150.753916699,0.0,0.0
150.762441035,0.0,0.0
150.76971888,0.0,0.0
150.775438137,0.0,0.0
150.78697065,0.0,0.0
150.792709507,0.0,0.0
150.803579225,0.0,0.0
150.810230675,0.0,0.0
150.819598405,0.0,0.0
150.828007341,0.0,0.0
150.836032281,0.0,0.0
150.841358241,0.0,0.0
150.851915661,0.0,0.0
150.856896424,0.0,0.0
150.868457337,0.0,0.0
150.874513191,0.0,0.0
150.882446131,0.0,0.0
150.896998522,0.0,0.0
150.905256165,0.0,0.0
150.913666102,0.0,0.0
150.923807347,0.0,0.0
150.933018788,0.0,0.0
150.941807827,0.0,0.0
150.946605849,0.0,0.0
150.959625907,0.0,0.0
150.965419532,0.0,0.0
150.976548282,0.0,0.0
150.982514509,0.0,0.0
150.993032555,0.0,0.0
150.999679985,0.0,0.0
151.007905422,0.0,0.0
151.016707661,0.0,0.0
151.027265708,0.0,0.0
151.037376653,0.0,0.0
151.045337188,0.0,0.0
151.050355011,0.0,0.0
151.06370437,0.0,0.0
151.067662088,0.0,0.0
151.080922047,0.0,0.0
151.085113865,0.0,0.0
151.0928571,0.0,0.0
151.100117832,0.0,0.0
151.108537069,0.0,0.0
151.114040594,0.0,0.0
151.124981243,0.0,0.0
151.129656063,0.0,0.0
151.136867396,0.0,0.0
151.147699144,0.0,0.0
151.154845576,0.0,0.0
151.160115299,0.0,0.0
151.171169148,0.0,0.0
151.176296571,0.0,0.0
151.190351434,0.0,0.0
151.198070668,0.0,0.0
151.212456632,0.0,0.0
151.217962757,0.0,0.0
151.227875701,0.0,0.0
151.235820536,0.0,0.0
151.243906472,0.0,0.0
151.25471612,0.0,0.0
151.264455564,0.0,0.0
151.270026488,0.0,0.0
151.282328243,0.0,0.0
151.287839668,0.0,0.0
151.300232723,0.0,0.0
151.306113249,0.0,0.0
151.316207694,0.0,0.0
151.327192143,0.0,0.0
151.334641376,0.0,0.0
151.3400606,0.0,0.0
151.352366855,0.0,0.0
151.357486078,0.0,0.0
151.36939443,0.0,0.0
151.374846153,0.0,0.0
151.382973288,0.0,0.0
151.391997626,0.0,0.0
151.399273557,0.0,0.0
151.406065986,0.0,0.0
151.417218933,0.0,0.0
151.422022453,0.0,0.0
151.433713903,0.0,0.0
151.438559124,0.0,0.0
151.44725686,0.0,0.0
151.456397499,0.0,0.0
151.465379637,0.0,0.0
151.469416954,0.0,0.0
151.482341909,0.0,0.0
151.488925137,0.0,0.0
151.501972092,0.0,0.0
151.508618921,0.0,0.0
151.520822572,0.0,0.0
151.527105999,0.0,0.0
151.534023128,0.0,0.0
151.542282363,0.0,0.0
151.550028096,0.0,0.0
151.556059722,0.0,0.0
151.568645775,0.0,0.0
151.574168599,0.0,0.0
151.585286746,0.0,0.0
151.59090907,0.0,0.0
151.599098404,0.0,0.0
151.608385244,0.0,0.0
151.618975889,0.0,0.0
151.622463904,0.0,0.0
151.634550155,0.0,0.0
151.641132183,0.0,0.0
151.649113217,0.0,0.0
151.658101855,0.0,0.0
151.665697987,0.0,0.0
151.671281911,0.0,0.0
151.681963956,0.0,0.0
151.68755248,0.0,0.0
151.699812632,0.0,0.0
151.70416415,0.0,0.0
151.713721391,0.0,0.0
151.724005334,0.0,0.0
151.73236307,0.0,0.0
151.740850906,0.0,0.0
151.74889654,0.0,0.0
151.754336063,0.0,0.0
151.765696811,0.0,0.0
151.769750328,0.0,0.0
151.778624166,0.0,0.0
151.786486499,0.0,0.0
151.794419533,0.0,0.0
151.805318179,0.0,0.0
151.815490822,0.0,0.0
151.820786845,0.0,0.0
151.828503378,0.0,0.0
151.834996305,0.0,0.0
151.841742234,0.0,0.0
151.849940268,0.0,0.0
151.857812002,0.0,0.0
151.867012741,0.0,0.0
151.874834674,0.0,0.0
151.880608199,0.0,0.0
151.892428349,0.0,0.0
151.900616783,0.0,0.0
151.912708235,0.0,0.0
151.917600755,0.0,0.0
151.926071291,0.0,0.0
151.935641932,0.0,0.0
151.943651666,0.0,0.0
151.95878953,0.0,0.0
151.967258466,0.0,0.0
151.971942186,0.0,0.0
151.983773036,0.0,0.0
151.990526965,0.0,0.0
152.002463415,0.0,0.0
152.007947339,0.0,0.0
152.016069873,0.0,0.0
152.026492217,0.0,0.0
152.036115458,0.0,0.0
152.04134658,0.0,0.0
152.052419927,0.0,0.0
152.059483257,0.0,0.0
152.068436495,0.0,0.0
152.072662613,0.0,0.0
152.081121349,0.0,0.0
152.090642489,0.0,0.0
152.101560036,0.0,0.0
152.106856858,0.0,0.0
152.118431907,0.0,0.0
152.122879526,0.0,0.0
152.134733876,0.0,0.0
152.139213695,0.0,0.0
152.147650931,0.0,0.0
152.156519869,0.0,0.0
152.164214202,0.0,0.0
152.169371223,0.0,0.0
152.180592371,0.0,0.0
152.186984498,0.0,0.0
152.194831231,0.0,0.0
152.203353968,0.0,0.0
152.211683403,0.0,0.0
152.216315723,0.0,0.0
152.228524274,0.0,0.0
152.234116198,0.0,0.0
152.246673751,0.0,0.0
152.252789777,0.0,0.0
152.259955208,0.0,0.0
152.267977642,0.0,0.0
152.276032376,0.0,0.0
152.281067197,0.0,0.0
152.292182844,0.0,0.0
152.298941373,0.0,0.0
152.310254921,0.0,0.0
152.316228146,0.0,0.0
152.324361781,0.0,0.0
152.334758625,0.0,0.0
152.343897764,0.0,0.0
152.353422704,0.0,0.0
152.361390238,0.0,0.0
152.367550264,0.0,0.0
152.378621409,0.0,0.0
152.384477932,0.0,0.0
152.399698194,0.0,0.0
152.40613582,0.0,0.0
152.419877375,0.0,0.0
152.425201397,0.0,0.0
152.437600347,0.0,0.0
152.442642667,0.0,0.0
152.453174609,0.0,0.0
152.463034549,0.0,0.0
152.473774993,0.0,0.0
152.482064426,0.0,0.0
152.494701577,0.0,0.0
152.501116303,0.0,0.0
152.508979035,0.0,0.0
152.514580957,0.0,0.0
152.524902699,0.0,0.0
152.530403121,0.0,0.0
152.538197553,0.0,0.0
152.54745539,0.0,0.0
152.557172429,0.0,0.0
152.566173865,0.0,0.0
152.572900193,0.0,0.0
152.578299314,0.0,0.0
152.589286859,0.0,0.0
152.593357975,0.0,0.0
152.601741909,0.0,0.0
152.610134943,0.0,0.0
152.618264576,0.0,0.0
152.623454397,0.0,0.0
152.634536541,0.0,0.0
152.641250168,0.0,0.0
152.653225817,0.0,0.0
152.658067336,0.0,0.0
152.666943672,0.0,0.0
152.676164609,0.0,0.0
152.684422043,0.0,0.0
152.689229062,0.0,0.0
152.700002505,0.0,0.0
152.707257435,0.0,0.0
152.719571484,0.0,0.0
152.725602709,0.0,0.0
152.738131259,0.0,0.0
152.74325098,0.0,0.0
152.75066791,0.0,0.0
152.760144648,0.0,0.0
152.767512578,0.0,0.0
152.774111305,0.0,0.0
152.784714947,0.0,0.0
152.79023527,0.0,0.0
152.801153214,0.0,0.0
152.805800532,0.0,0.0
152.814271767,0.0,0.0
152.8225529,0.0,0.0
152.830138831,0.0,0.0
152.836127955,0.0,0.0
152.846541997,0.0,0.0
152.853043123,0.0,0.0
152.86476317,0.0,0.0
152.870751594,0.0,0.0
152.877954524,0.0,0.0
152.886777959,0.0,0.0
152.893564487,0.0,0.0
152.900763316,0.0,0.0
152.916369079,0.0,0.0
152.921502399,0.0,0.0
152.932767745,0.0,0.0
152.938223367,0.0,0.0
152.948322508,0.0,0.0
152.959567553,0.0,0.0
152.967474385,0.0,0.0
152.977831627,0.0,0.0
152.985371657,0.0,0.0
152.990377177,0.0,0.0
153.001670223,0.0,0.0
153.010235857,0.0,0.0
153.022402106,0.0,0.0
153.027551127,0.0,0.0
153.035492159,0.0,0.0
153.044098094,0.0,0.0
153.052449928,0.0,0.0
153.058467452,0.0,0.0
153.0703049,0.0,0.0
153.07538402,0.0,0.0
153.086194164,0.0,0.0
153.091877287,0.0,0.0
153.099486217,0.0,0.0
153.108673055,0.0,0.0
153.117832592,0.0,0.0
153.12243081,0.0,0.0
153.133528655,0.0,0.0
153.138550475,0.0,0.0
153.147479211,0.0,0.0
153.155601544,0.0,0.0
153.164055578,0.0,0.0
153.173933118,0.0,0.0
153.180623445,0.0,0.0
153.186379068,0.0,0.0
153.197448913,0.0,0.0
153.203343137,0.0,0.0
153.215794487,0.0,0.0
153.222090912,0.0,0.0
153.22906454,0.0,0.0
153.237047973,0.0,0.0
153.245211006,0.0,0.0
153.250392626,0.0,0.0
153.259849965,0.0,0.0
153.265708988,0.0,0.0
153.27368392,0.0,0.0
153.282293055,0.0,0.0
153.290261687,0.0,0.0
153.294479504,0.0,0.0
153.309152964,0.0,0.0
153.3181205,0.0,0.0
153.328882843,0.0,0.0
153.336510574,0.0,0.0
153.348513122,0.0,0.0
153.353719343,0.0,0.0
153.366501395,0.0,0.0
153.371678515,0.0,0.0
153.379639845,0.0,0.0
153.388260278,0.0,0.0
153.396896512,0.0,0.0
153.402829034,0.0,0.0
153.413047873,0.0,0.0
153.419772099,0.0,0.0
153.431601045,0.0,0.0
153.437750468,0.0,0.0
153.444893296,0.0,0.0
153.458096146,0.0,0.0
153.468734087,0.0,0.0
153.479799529,0.0,0.0
153.488227762,0.0,0.0
153.496905295,0.0,0.0
153.50600593,0.0,0.0
153.511131349,0.0,0.0
153.525836206,0.0,0.0
153.530650024,0.0,0.0
153.545684382,0.0,0.0
153.550108999,0.0,0.0
153.56339655,0.0,0.0
153.570170576,0.0,0.0
153.578423107,0.0,0.0
153.587267341,0.0,0.0
153.595148871,0.0,0.0
153.599457088,0.0,0.0
153.614207344,0.0,0.0
153.618663961,0.0,0.0
153.629600403,0.0,0.0
153.634484722,0.0,0.0
153.642901354,0.0,0.0
153.65229889,0.0,0.0
153.66258143,0.0,0.0
153.670329159,0.0,0.0
153.678488791,0.0,0.0
153.684431513,0.0,0.0
153.695612856,0.0,0.0
153.699833473,0.0,0.0
153.70956391,0.0,0.0
153.717718841,0.0,0.0
153.725941773,0.0,0.0
153.734777906,0.0,0.0
153.743026038,0.0,0.0
153.748176158,0.0,0.0
153.760289604,0.0,0.0
153.764731121,0.0,0.0
153.772025849,0.0,0.0
153.781263285,0.0,0.0
153.788843514,0.0,0.0
153.793781833,0.0,0.0
153.808287488,0.0,0.0
153.812732705,0.0,0.0
153.825888156,0.0,0.0
153.832520681,0.0,0.0
153.843814424,0.0,0.0
153.848860644,0.0,0.0
153.861889294,0.0,0.0
153.868324518,0.0,0.0
153.877598854,0.0,0.0
153.887269691,0.0,0.0
153.895364922,0.0,0.0
153.898978036,0.0,0.0
153.911265283,0.0,0.0
153.918882712,0.0,0.0
153.930593757,0.0,0.0
153.934388671,0.0,0.0
153.943595307,0.0,0.0
153.952982343,0.0,0.0
153.961299375,0.0,0.0
153.966714195,0.0,0.0
153.981979154,0.0,0.0
153.986444371,0.0,0.0
153.997820214,0.0,0.0
154.004613541,0.0,0.0
154.016603386,0.0,0.0
154.02271941,0.0,0.0
154.031115242,0.0,0.0
154.039049972,0.0,0.0
154.04886361,0.0,0.0
154.058282646,0.0,0.0
154.065553674,0.0,0.0
154.071460797,0.0,0.0
154.08287124,0.0,0.0
154.09050797,0.0,0.0
154.101304811,0.0,0.0
154.106528031,0.0,0.0
154.114360961,0.0,0.0
154.124108398,0.0,0.0
154.133676335,0.0,0.0
154.143676673,0.0,0.0
154.154984017,0.0,0.0
154.159710035,0.0,0.0
154.171931182,0.0,0.0
154.178325006,0.0,0.0
154.193479164,0.0,0.0
154.199104586,0.0,0.0
154.21318554,0.0,0.0
154.223304079,0.0,0.0
154.235227024,0.0,0.0
154.242685153,0.0,0.0
154.255298301,0.0,0.0
154.261207424,0.0,0.0
154.271349263,0.0,0.0
154.280331797,0.0,0.0
154.291718041,0.0,0.0
154.302217181,0.0,0.0
154.310579513,0.0,0.0
154.320002849,0.0,0.0
154.331733394,0.0,0.0
154.337428516,0.0,0.0
154.350332065,0.0,0.0
154.35679289,0.0,0.0
154.369416738,0.0,0.0
154.376092862,0.0,0.0
154.390469815,0.0,0.0
154.396979338,0.0,0.0
154.408811781,0.0,0.0
154.414911103,0.0,0.0
154.429093655,0.0,0.0
154.434077073,0.0,0.0
154.446165417,0.0,0.0
154.453583144,0.0,0.0
154.463132178,0.0,0.0
154.473876917,0.0,0.0
154.483735753,0.0,0.0
154.495855997,0.0,0.0
154.506914537,0.0,0.0
154.510615351,0.0,0.0
154.527517112,0.0,0.0
154.533434334,0.0,0.0
154.546766282,0.0,0.0
154.554227209,0.0,0.0
154.568865462,0.0,0.0
154.576879492,0.0,0.0
154.591790746,0.0,0.0
154.598192569,0.0,0.0
154.611990419,0.0,0.0
154.619384246,0.0,0.0
154.632827095,0.0,0.0
154.64253973,0.0,0.0
154.660562496,0.0,0.0
154.668385224,0.0,0.0
154.682216774,0.0,0.0
154.689592601,0.0,0.0
154.702892049,0.0,0.0
154.709052172,0.0,0.0
154.721134716,0.0,0.0
154.72779254,0.0,0.0
154.737953677,0.0,0.0
154.74724841,0.0,0.0
154.756824345,0.0,0.0
154.768211687,0.0,0.0
154.775110712,0.0,0.0
154.786681354,0.0,0.0
154.798289396,0.0,0.0
154.809307936,0.0,0.0
154.821249079,0.0,0.0
154.833770525,0.0,0.0
154.842276356,0.0,0.0
154.848821279,0.0,0.0
154.860847023,0.0,0.0
154.871309561,0.0,0.0
154.884273808,0.0,0.0
154.89019873,0.0,0.0
154.903792079,0.0,0.0
154.909795501,0.0,0.0
154.926332661,0.0,0.0
154.930402176,0.0,0.0
154.945143029,0.0,0.0
154.953224659,0.0,0.0
154.966825308,0.0,0.0
154.972382428,0.0,0.0
154.987837384,0.0,0.0
154.993306604,0.0,0.0
155.002544338,0.0,0.0
155.01139797,0.0,0.0
155.019981301,0.0,0.0
155.026139123,0.0,0.0
155.037191964,0.0,0.0
155.043299086,0.0,0.0
155.050831613,0.0,0.0
155.060079047,0.0,0.0
155.070757786,0.0,0.0
155.078343013,0.0,0.0
155.088778151,0.0,0.0
155.093364468,0.0,0.0
155.104058306,0.0,0.0
155.109178825,0.0,0.0
155.119965164,0.0,0.0
155.129082997,0.0,0.0
155.137106927,0.0,0.0
155.144562954,0.0,0.0
155.152173181,0.0,0.0
155.156442797,0.0,0.0
155.16821574,0.0,0.0
155.17389766,0.0,0.0
155.185585703,0.0,0.0
155.192915329,0.0,0.0
155.206406378,0.0,0.0
155.214268907,0.0,0.0
155.22063903,0.0,0.0
155.233349554,0.0,0.0
155.244216681,0.0,0.0
155.257663691,0.0,0.0
155.266513331,0.0,0.0
155.279081047,0.0,0.0
155.288950981,0.0,0.0
155.298674815,0.0,0.0
155.308586849,0.0,0.0
155.319034178,0.0,0.0
155.332260189,0.0,0.0
155.340757732,0.0,0.0
155.355614132,0.0,0.0
155.363949076,0.0,0.0
155.379197371,0.0,0.0
155.385648927,0.0,0.0
155.39957563,0.0,0.0
155.405186192,0.0,0.0
155.419351994,0.0,0.0
155.426145647,0.0,0.0
155.439233556,0.0,0.0
155.445212515,0.0,0.0
155.455182146,0.0,0.0
155.465797072,0.0,0.0
155.47766219,0.0,0.0
155.488560115,0.0,0.0
155.501381926,0.0,0.0
155.51676272,0.0,0.0
155.54127025,0.0,0.0
155.550371787,0.0,0.0
155.581985768,0.0,0.0
155.600338041,0.0,0.0
155.615251738,0.0,0.0
155.626050363,0.0,0.0
155.640764561,0.0,0.0
155.654348567,0.0,0.0
155.680808884,0.0,0.0
155.698365263,0.0,0.0
155.724211684,0.0,0.0
155.744879741,0.0,0.0
155.762572819,0.0,0.0
155.772284351,0.0,0.0
155.794007901,0.0,0.0
155.802978939,0.0,0.0
155.821105314,0.0,0.0
155.835832712,0.0,0.0
155.847101634,0.0,0.0
155.857936159,0.0,0.0
155.870370473,0.0,0.0
155.875224639,0.0,0.0
155.887180456,0.0,0.0
155.894698004,0.0,0.0
155.907181318,0.0,0.0
155.913473474,0.0,0.0
155.928208572,0.0,0.0
155.932586142,0.0,0.0
155.940477087,0.0,0.0
155.950105221,0.0,0.0
155.960714447,0.0,0.0
155.971812371,0.0,0.0
155.982630196,0.0,0.0
155.99358972,0.0,0.0
156.003329853,0.0,0.0
156.01810525,0.0,0.0
156.038100412,0.0,0.0
156.043792973,0.0,0.0
156.057330079,0.0,0.0
156.067831406,0.0,0.0
156.078333034,0.0,0.0
156.087988967,0.0,0.0
156.09913859,0.0,0.0
156.109855615,0.0,0.0
156.118427456,0.0,0.0
156.128324888,0.0,0.0
156.142622789,0.0,0.0
156.151900424,0.0,0.0
156.165102233,0.0,0.0
156.173262077,0.0,0.0
156.191344152,0.0,0.0
156.198416403,0.0,0.0
156.214101894,0.0,0.0
156.22041415,0.0,0.0
156.233011263,0.0,0.0
156.241792802,0.0,0.0
156.259586579,0.0,0.0
156.267653723,0.0,0.0
156.284830005,0.0,0.0
156.290920462,0.0,0.0
156.305593061,0.0,0.0
156.313503106,0.0,0.0
156.328317804,0.0,0.0
156.342885403,0.0,0.0
156.354172225,0.0,0.0
156.364409454,0.0,0.0
156.373915087,0.0,0.0
156.384878909,0.0,0.0
156.393543947,0.0,0.0
156.400786596,0.0,0.0
156.413569905,0.0,0.0
156.421185851,0.0,0.0
156.434659655,0.0,0.0
156.443913889,0.0,0.0
156.455921703,0.0,0.0
156.462654056,0.0,0.0
156.474269473,0.0,0.0
156.480779127,0.0,0.0
156.496841412,0.0,0.0
156.502290774,0.0,0.0
156.511566908,0.0,0.0
156.522315831,0.0,0.0
156.531792364,0.0,0.0
156.541982791,0.0,0.0
156.551010727,0.0,0.0
156.557894678,0.0,0.0
156.571347482,0.0,0.0
156.577881636,0.0,0.0
156.592137834,0.0,0.0
156.599314183,0.0,0.0
156.6110026,0.0,0.0
156.617085657,0.0,0.0
156.62651169,0.0,0.0
156.637468512,0.0,0.0
156.649169529,0.0,0.0
156.660915745,0.0,0.0
156.670296378,0.0,0.0
156.681432099,0.0,0.0
156.689397443,0.0,0.0
156.695830897,0.0,0.0
156.707877911,0.0,0.0
156.714801362,0.0,0.0
156.72635978,0.0,0.0
156.733170631,0.0,0.0
156.745827541,0.0,0.0
156.752732092,0.0,0.0
156.762472323,0.0,0.0
156.772218553,0.0,0.0
156.782064283,0.0,0.0
156.796706079,0.0,0.0
156.807454903,0.0,0.0
156.819194119,0.0,0.0
156.828057356,0.0,0.0
156.836548696,0.0,0.0
156.849720302,0.0,0.0
156.86130352,0.0,0.0
156.876178814,0.0,0.0
156.891152707,0.0,0.0
156.900312642,0.0,0.0
156.911973659,0.0,0.0
156.92173249,0.0,0.0
156.935358193,0.0,0.0
156.952465971,0.0,0.0
156.964584285,0.0,0.0
156.977572093,0.0,0.0
156.984452944,0.0,0.0
157.00321751,0.0,0.0
157.013937534,0.0,0.0
157.029214325,0.0,0.0
157.036863571,0.0,0.0
157.049019484,0.0,0.0
157.056848029,0.0,0.0
157.072217019,0.0,0.0
157.085468225,0.0,0.0
157.096788645,0.0,0.0
157.108484961,0.0,0.0
157.123569954,0.0,0.0
157.131644597,0.0,0.0
157.142827417,0.0,0.0
157.154051237,0.0,0.0
157.16207958,0.0,0.0
157.168840432,0.0,0.0
157.182553834,0.0,0.0
157.188112195,0.0,0.0
157.201340601,0.0,0.0
157.20713166,0.0,0.0
157.219847469,0.0,0.0
157.227836112,0.0,0.0
157.242827506,0.0,0.0
157.251577643,0.0,0.0
157.264597951,0.0,0.0
157.271934099,0.0,0.0
157.287310889,0.0,0.0
157.292345353,0.0,0.0
157.301466889,0.0,0.0
157.312184512,0.0,0.0
157.32380433,0.0,0.0
157.331522275,0.0,0.0
157.343034093,0.0,0.0
157.34904935,0.0,0.0
157.36166616,0.0,0.0
157.369010908,0.0,0.0
157.382521909,0.0,0.0
157.390707649,0.0,0.0
157.40154607,0.0,0.0
157.407550226,0.0,0.0
157.417531753,0.0,0.0
157.427785178,0.0,0.0
157.441423179,0.0,0.0
157.447887432,0.0,0.0
157.459690345,0.0,0.0
157.467966085,0.0,0.0
157.473968141,0.0,0.0
157.480400594,0.0,0.0
157.494952388,0.0,0.0
157.502362834,0.0,0.0
157.514323946,0.0,0.0
157.519748207,0.0,0.0
157.531425221,0.0,0.0
157.538356471,0.0,0.0
157.548825794,0.0,0.0
157.558146526,0.0,0.0
157.566719064,0.0,0.0
157.575776997,0.0,0.0
157.584479034,0.0,0.0
157.590174592,0.0,0.0
157.604576787,0.0,0.0
157.610410244,0.0,0.0
157.622789154,0.0,0.0
157.628471312,0.0,0.0
157.641003121,0.0,0.0
157.648430367,0.0,0.0
157.656683406,0.0,0.0
157.668738918,0.0,0.0
157.677096057,0.0,0.0
157.687970878,0.0,0.0
157.697567208,0.0,0.0
157.703770462,0.0,0.0
157.717024666,0.0,0.0
157.723636817,0.0,0.0
157.737787814,0.0,0.0
157.742837477,0.0,0.0
157.756617876,0.0,0.0
157.761059844,0.0,0.0
157.770177777,0.0,0.0
157.778811814,0.0,0.0
157.786896755,0.0,0.0
157.798000174,0.0,0.0
157.808763696,0.0,0.0
157.812873066,0.0,0.0
157.826875963,0.0,0.0
157.836291394,0.0,0.0
157.852328077,0.0,0.0
157.859686524,0.0,0.0
157.875569608,0.0,0.0
157.882439757,0.0,0.0
157.894909466,0.0,0.0
157.905095692,0.0,0.0
157.918458294,0.0,0.0
157.925523343,0.0,0.0
157.937480755,0.0,0.0
157.944600703,0.0,0.0
157.953826536,0.0,0.0
157.964035661,0.0,0.0
157.973948889,0.0,0.0
157.985522304,0.0,0.0
157.994432439,0.0,0.0
158.000949592,0.0,0.0
158.012752306,0.0,0.0
158.018510763,0.0,0.0
158.03264966,0.0,0.0
158.0409322,0.0,0.0
158.051242324,0.0,0.0
158.05866487,0.0,0.0
158.069530091,0.0,0.0
158.079774616,0.0,0.0
158.08885805,0.0,0.0
158.101426358,0.0,0.0
158.113298571,0.0,0.0
158.129218055,0.0,0.0
158.141935862,0.0,0.0
158.150316301,0.0,0.0
158.165823287,0.0,0.0
158.17236534,0.0,0.0
158.182086669,0.0,0.0
158.189708913,0.0,0.0
158.200618433,0.0,0.0
158.208948072,0.0,0.0
158.219458096,0.0,0.0
158.225623251,0.0,0.0
158.238675255,0.0,0.0
158.24486781,0.0,0.0
158.256833623,0.0,0.0
158.261609688,0.0,0.0
158.272152811,0.0,0.0
158.279665956,0.0,0.0
158.28867829,0.0,0.0
158.298723317,0.0,0.0
158.306180162,0.0,0.0
158.313743007,0.0,0.0
158.32696951,0.0,0.0
158.33389866,0.0,0.0
158.348059256,0.0,0.0
158.354328911,0.0,0.0
158.36811141,0.0,0.0
158.37476406,0.0,0.0
158.383082898,0.0,0.0
158.39215273,0.0,0.0
158.400245769,0.0,0.0
158.410633791,0.0,0.0
158.42146961,0.0,0.0
158.431228037,0.0,0.0
158.441136963,0.0,0.0
158.446931819,0.0,0.0
158.459800323,0.0,0.0
158.465394681,0.0,0.0
158.479170878,0.0,0.0
158.483491045,0.0,0.0
158.491658684,0.0,0.0
158.501139013,0.0,0.0
158.509714149,0.0,0.0
158.518488283,0.0,0.0
158.527596415,0.0,0.0
158.533787868,0.0,0.0
158.546645272,0.0,0.0
158.553085724,0.0,0.0
158.565080734,0.0,0.0
158.572170881,0.0,0.0
158.585410382,0.0,0.0
158.590760042,0.0,0.0
158.59898478,0.0,0.0
158.608803406,0.0,0.0
158.618306835,0.0,0.0
158.624446089,0.0,0.0
158.639271178,0.0,0.0
158.646736322,0.0,0.0
158.660924516,0.0,0.0
158.668456859,0.0,0.0
158.682359555,0.0,0.0
158.688724408,0.0,0.0
158.70441439,0.0,0.0
158.71104704,0.0,0.0
158.722076558,0.0,0.0
158.731558287,0.0,0.0
158.744636589,0.0,0.0
158.752275931,0.0,0.0
158.767856215,0.0,0.0
158.776005654,0.0,0.0
158.789996849,0.0,0.0
158.795476508,0.0,0.0
158.805656032,0.0,0.0
158.816320552,0.0,0.0
158.82723887,0.0,0.0
158.838956782,0.0,0.0
158.847342819,0.0,0.0
158.857061846,0.0,0.0
158.866191278,0.0,0.0
158.871541138,0.0,0.0
158.886670025,0.0,0.0
158.892883378,0.0,0.0
158.905606883,0.0,0.0
158.911600838,0.0,0.0
158.924857237,0.0,0.0
158.93241815,0.0,0.0
158.945143241,0.0,0.0
158.951389735,0.0,0.0
158.970199317,0.0,0.0
158.973602568,0.0,0.0
158.982337399,0.0,0.0
158.994295578,0.0,0.0
159.003250012,0.0,0.0
159.012838556,0.0,0.0
159.022559202,0.0,0.0
159.035041389,0.0,0.0
159.044358728,0.0,0.0
159.050373219,0.0,0.0
159.068379189,0.0,0.0
159.077006218,0.0,0.0
159.089665208,0.0,0.0
159.095956602,0.0,0.0
159.111268732,0.0,0.0
159.117087819,0.0,0.0
159.130446919,0.0,0.0
159.138594241,0.0,0.0
159.152810754,0.0,0.0
159.159533255,0.0,0.0
159.175498394,0.0,0.0
159.18190349,0.0,0.0
159.196356707,0.0,0.0
159.205134939,0.0,0.0
159.219851559,0.0,0.0
159.228475789,0.0,0.0
159.240474468,0.0,0.0
159.24794028,0.0,0.0
159.261692987,0.0,0.0
159.269821408,0.0,0.0
159.280679371,0.0,0.0
159.286799763,0.0,0.0
159.296197204,0.0,0.0
159.305722347,0.0,0.0
159.316533009,0.0,0.0
159.327239369,0.0,0.0
159.335212389,0.0,0.0
159.345051036,0.0,0.0
159.352065441,0.0,0.0
159.3626319,0.0,0.0
159.373613463,0.0,0.0
159.379636552,0.0,0.0
159.391042321,0.0,0.0
159.398783736,0.0,0.0
159.412749543,0.0,0.0
159.417586914,0.0,0.0
159.430243402,0.0,0.0
159.437335907,0.0,0.0
159.446124537,0.0,0.0
159.45447906,0.0,0.0
159.463578895,0.0,0.0
159.473697045,0.0,0.0
159.482000568,0.0,0.0
159.487812054,0.0,0.0
159.498973819,0.0,0.0
159.504022294,0.0,0.0
159.51723359,0.0,0.0
159.522802672,0.0,0.0
159.536729678,0.0,0.0
159.542611265,0.0,0.0
159.550438281,0.0,0.0
159.560195526,0.0,0.0
159.571784497,0.0,0.0
159.583260767,0.0,0.0
159.590566175,0.0,0.0
159.598589294,0.0,0.0
159.607825331,0.0,0.0
159.614221226,0.0,0.0
159.626345505,0.0,0.0
159.632719699,0.0,0.0
159.644482374,0.0,0.0
159.651545478,0.0,0.0
159.667432413,0.0,0.0
159.675028426,0.0,0.0
159.682263533,0.0,0.0
159.694382312,0.0,0.0
159.701424917,0.0,0.0
159.71040985,0.0,0.0
159.71852467,0.0,0.0
159.724529859,0.0,0.0
159.740079289,0.0,0.0
159.744063848,0.0,0.0
159.755386316,0.0,0.0
159.760697494,0.0,0.0
159.768050503,0.0,0.0
159.776413927,0.0,0.0
159.787730495,0.0,0.0
159.796688327,0.0,0.0
159.807251384,0.0,0.0
159.819295262,0.0,0.0
159.826737672,0.0,0.0
159.833489472,0.0,0.0
159.847389278,0.0,0.0
159.853253465,0.0,0.0
159.868026283,0.0,0.0
159.87187124,0.0,0.0
159.88464653,0.0,0.0
159.891955238,0.0,0.0
159.900304361,0.0,0.0
159.910501612,0.0,0.0
159.919505946,0.0,0.0
159.930189704,0.0,0.0
159.939294439,0.0,0.0
159.945186826,0.0,0.0
159.958556924,0.0,0.0
159.96638084,0.0,0.0
159.979609836,0.0,0.0
159.987577154,0.0,0.0
160.002569876,0.0,0.0
160.00898207,0.0,0.0
160.024719903,0.0,0.0
160.030683292,0.0,0.0
160.047608642,0.0,0.0
160.052267911,0.0,0.0
160.066970929,0.0,0.0
160.072089905,0.0,0.0
160.080618631,0.0,0.0
160.091394091,0.0,0.0
160.100588527,0.0,0.0
160.107693032,0.0,0.0
160.120527322,0.0,0.0
160.126189606,0.0,0.0
160.140345015,0.0,0.0
160.147913328,0.0,0.0
160.161948735,0.0,0.0
160.168422131,0.0,0.0
160.18182893,0.0,0.0
160.190361356,0.0,0.0
160.205362578,0.0,0.0
160.212451083,0.0,0.0
160.226251187,0.0,0.0
160.233100589,0.0,0.0
160.244163953,0.0,0.0
160.253018784,0.0,0.0
160.263026032,0.0,0.0
160.274932808,0.0,0.0
160.283603637,0.0,0.0
160.297471342,0.0,0.0
160.304920652,0.0,0.0
160.312292661,0.0,0.0
160.328912607,0.0,0.0
160.334146385,0.0,0.0
160.348478097,0.0,0.0
160.357073724,0.0,0.0
160.373540867,0.0,0.0
160.378803244,0.0,0.0
160.397220113,0.0,0.0
160.405028727,0.0,0.0
160.424464712,0.0,0.0
160.431503215,0.0,0.0
160.443115584,0.0,0.0
160.451980614,0.0,0.0
160.466580228,0.0,0.0
160.473394727,0.0,0.0
160.486705622,0.0,0.0
160.494365034,0.0,0.0
160.506198407,0.0,0.0
160.513168909,0.0,0.0
160.529016441,0.0,0.0
160.538974186,0.0,0.0
160.552800689,0.0,0.0
160.560279498,0.0,0.0
160.581235104,0.0,0.0
160.59118565,0.0,0.0
160.600641688,0.0,0.0
160.607828193,0.0,0.0
160.622471307,0.0,0.0
160.63015522,0.0,0.0
160.646467958,0.0,0.0
160.653687764,0.0,0.0
160.668681083,0.0,0.0
160.676792302,0.0,0.0
160.69105011,0.0,0.0
160.708858571,0.0,0.0
160.724656302,0.0,0.0
160.737282086,0.0,0.0
160.746955828,0.0,0.0
160.761529641,0.0,0.0
160.780563519,0.0,0.0
160.78742252,0.0,0.0
160.804250166,0.0,0.0
160.810390456,0.0,0.0
160.821952825,0.0,0.0
160.831743368,0.0,0.0
160.845271466,0.0,0.0
160.858145954,0.0,0.0
160.8681059,0.0,0.0
160.882120805,0.0,0.0
160.89480229,0.0,0.0
160.908797395,0.0,0.0
160.918601338,0.0,0.0
160.933335654,0.0,0.0
160.944401315,0.0,0.0
160.954910369,0.0,0.0
160.967533654,0.0,0.0
160.978592415,0.0,0.0
160.997513892,0.0,0.0
161.008126147,0.0,0.0
161.024524387,0.0,0.0
161.031952996,0.0,0.0
161.047766227,0.0,0.0
161.054336123,0.0,0.0
161.071100168,0.0,0.0
161.079516491,0.0,0.0
161.105453171,0.0,0.0
161.126786483,0.0,0.0
161.144018535,0.0,0.0
161.159976068,0.0,0.0
161.187889876,0.0,0.0
161.194085967,0.0,0.0
161.211258018,0.0,0.0
161.218721327,0.0,0.0
161.232899734,0.0,0.0
161.243599391,0.0,0.0
161.258399507,0.0,0.0
161.267348238,0.0,0.0
161.282873865,0.0,0.0
161.289156557,0.0,0.0
161.300760727,0.0,0.0
161.309400553,0.0,0.0
161.328794137,0.0,0.0
161.331386175,0.0,0.0
161.346656798,0.0,0.0
161.3536296,0.0,0.0
161.371295058,0.0,0.0
161.376368431,0.0,0.0
161.386156672,0.0,0.0
161.397614338,0.0,0.0
161.406460166,0.0,0.0
161.415992803,0.0,0.0
161.428084278,0.0,0.0
161.438772732,0.0,0.0
161.446439043,0.0,0.0
161.45385405,0.0,0.0
161.46488971,0.0,0.0
161.472693222,0.0,0.0
161.487152931,0.0,0.0
161.492957915,0.0,0.0
161.505504696,0.0,0.0
161.512749201,0.0,0.0
161.528322626,0.0,0.0
161.535316527,0.0,0.0
161.549647834,0.0,0.0
161.559455576,0.0,0.0
161.575324505,0.0,0.0
161.583636025,0.0,0.0
161.597776529,0.0,0.0
161.605099735,0.0,0.0
161.619417242,0.0,0.0
161.625627932,0.0,0.0
161.63797281,0.0,0.0
161.643720593,0.0,0.0
161.654019642,0.0,0.0
161.663215575,0.0,0.0
161.674043331,0.0,0.0
161.687266122,0.0,0.0
161.696694358,0.0,0.0
161.707475114,0.0,0.0
161.719727591,0.0,0.0
161.73071975,0.0,0.0
161.740883296,0.0,0.0
161.751552251,0.0,0.0
161.762172804,0.0,0.0
161.772648055,0.0,0.0
161.785337539,0.0,0.0
161.794805175,0.0,0.0
161.805008823,0.0,0.0
161.814917966,0.0,0.0
161.823565264,0.0,0.0
161.829011232,0.0,0.0
161.843885946,0.0,0.0
161.851304202,0.0,0.0
161.8689002,0.0,0.0
161.877775348,0.0,0.0
161.89130337,0.0,0.0
161.899664521,0.0,0.0
161.913816639,0.0,0.0
161.922649987,0.0,0.0
161.939196691,0.0,0.0
161.944358361,0.0,0.0
161.958170081,0.0,0.0
161.967390827,0.0,0.0
161.981087547,0.0,0.0
161.989127301,0.0,0.0
162.006594799,0.0,0.0
162.01494035,0.0,0.0
162.03042436,0.0,0.0
162.038066816,0.0,0.0
162.052571732,0.0,0.0
162.059211393,0.0,0.0
162.074739303,0.0,0.0
162.089522817,0.0,0.0
162.100023256,0.0,0.0
162.113980874,0.0,0.0
162.126248903,0.0,0.0
162.137837036,0.0,0.0
162.150217364,0.0,0.0
162.16287229,0.0,0.0
162.175340117,0.0,0.0
162.182222377,0.0,0.0
162.190977126,0.0,0.0
162.197862586,0.0,0.0
162.2127648,0.0,0.0
162.220627654,0.0,0.0
162.236372462,0.0,0.0
162.239458144,0.0,0.0
162.251559574,0.0,0.0
162.258533933,0.0,0.0
162.267189283,0.0,0.0
162.275168837,0.0,0.0
162.28491018,0.0,0.0
162.296553012,0.0,0.0
162.306544154,0.0,0.0
162.314272609,0.0,0.0
162.328158128,0.0,0.0
162.334169893,0.0,0.0
162.347848314,0.0,0.0
162.354702974,0.0,0.0
162.369176989,0.0,0.0
162.374908155,0.0,0.0
162.39082296,0.0,0.0
162.396990423,0.0,0.0
162.405307373,0.0,0.0
162.415104014,0.0,0.0
162.426002949,0.0,0.0
162.43250401,0.0,0.0
162.447738719,0.0,0.0
162.453810182,0.0,0.0
162.4675151,0.0,0.0
162.473770963,0.0,0.0
162.486023389,0.0,0.0
162.49084686,0.0,0.0
162.503597484,0.0,0.0
162.509911546,0.0,0.0
162.522112073,0.0,0.0
162.529366229,0.0,0.0
162.536472987,0.0,0.0
162.546166729,0.0,0.0
162.556488167,0.0,0.0
162.567262302,0.0,0.0
162.576772745,0.0,0.0
162.588961172,0.0,0.0
162.59767482,0.0,0.0
162.604168481,0.0,0.0
162.618328696,0.0,0.0
162.625740152,0.0,0.0
162.636777486,0.0,0.0
162.644791438,0.0,0.0
162.657003164,0.0,0.0
162.663039628,0.0,0.0
162.673027068,0.0,0.0
162.683911703,0.0,0.0
162.695755332,0.0,0.0
162.706798566,0.0,0.0
162.71440562,0.0,0.0
162.725050857,0.0,0.0
162.73778588,0.0,0.0
162.750527104,0.0,0.0
162.760124546,0.0,0.0
162.77114878,0.0,0.0
162.781404519,0.0,0.0
162.787185684,0.0,0.0
162.8013037,0.0,0.0
162.807779761,0.0,0.0
162.820736383,0.0,0.0
162.826856246,0.0,0.0
162.83959327,0.0,0.0
162.844775839,0.0,0.0
162.863456427,0.0,0.0
162.871500179,0.0,0.0
162.890912462,0.0,0.0
162.902033296,0.0,0.0
162.919278092,0.0,0.0
162.932157015,0.0,0.0
162.951132002,0.0,0.0
162.962174035,0.0,0.0
162.97315837,0.0,0.0
162.985159498,0.0,0.0
163.006960867,0.0,0.0
163.018042101,0.0,0.0
163.038705077,0.0,0.0
163.044288843,0.0,0.0
163.063657627,0.0,0.0
163.072531774,0.0,0.0
163.086937088,0.0,0.0
163.093542348,0.0,0.0
163.110464747,0.0,0.0
163.117798403,0.0,0.0
163.135912594,0.0,0.0
163.14321675,0.0,0.0
163.165924814,0.0,0.0
163.175563456,0.0,0.0
163.192596454,0.0,0.0
163.209837351,0.0,0.0
163.21994569,0.0,0.0
163.236216193,0.0,0.0
163.245772836,0.0,0.0
163.257896963,0.0,0.0
163.268963197,0.0,0.0
163.280345528,0.0,0.0
163.29182326,0.0,0.0
163.302520696,0.0,0.0
163.313559329,0.0,0.0
163.327126248,0.0,0.0
163.335512798,0.0,0.0
163.347778724,0.0,0.0
163.355923775,0.0,0.0
163.367481806,0.0,0.0
163.378099841,0.0,0.0
163.388677675,0.0,0.0
163.402096793,0.0,0.0
163.413611222,0.0,0.0
163.423031764,0.0,0.0
163.4332886,0.0,0.0
163.447363814,0.0,0.0
163.458754143,0.0,0.0
163.473760651,0.0,0.0
163.48515588,0.0,0.0
163.496857208,0.0,0.0
163.510237326,0.0,0.0
163.523421444,0.0,0.0
163.537724356,0.0,0.0
163.555051149,0.0,0.0
163.563902295,0.0,0.0
163.580549392,0.0,0.0
163.587655248,0.0,0.0
163.607841824,0.0,0.0
163.620994543,0.0,0.0
163.633240367,0.0,0.0
163.645041594,0.0,0.0
163.656509724,0.0,0.0
163.668882847,0.0,0.0
163.681033073,0.0,0.0
163.691461108,0.0,0.0
163.702877738,0.0,0.0
163.715965657,0.0,0.0
163.731024464,0.0,0.0
163.740341907,0.0,0.0
163.752657031,0.0,0.0
163.763791662,0.0,0.0
163.77550739,0.0,0.0
163.788934207,0.0,0.0
163.807505593,0.0,0.0
163.821983103,0.0,0.0
163.839931393,0.0,0.0
163.848268141,0.0,0.0
163.865973832,0.0,0.0
163.873423986,0.0,0.0
163.891461975,0.0,0.0
163.909908261,0.0,0.0
163.929998937,0.0,0.0
163.944233049,0.0,0.0
163.967361207,0.0,0.0
163.980768624,0.0,0.0
163.995326834,0.0,0.0
164.005572571,0.0,0.0
164.019541385,0.0,0.0
164.035622186,0.0,0.0
164.044957128,0.0,0.0
164.058424645,0.0,0.0
164.0819691,0.0,0.0
164.090988444,0.0,0.0
164.111704717,0.0,0.0
164.120382163,0.0,0.0
164.14029934,0.0,0.0
164.157243736,0.0,0.0
164.172442642,0.0,0.0
164.189150339,0.0,0.0
164.216395971,0.0,0.0
164.223543727,0.0,0.0
164.246566385,0.0,0.0
164.263178282,0.0,0.0
164.275854504,0.0,0.0
164.288967523,0.0,0.0
164.301738445,0.0,0.0
164.319296236,0.0,0.0
164.33013407,0.0,0.0
164.343573987,0.0,0.0
164.366638044,0.0,0.0
164.379265464,0.0,0.0
164.401777422,0.0,0.0
164.411134063,0.0,0.0
164.434816012,0.0,0.0
164.44932762,0.0,0.0
164.462963134,0.0,0.0
164.476326449,0.0,0.0
164.488106975,0.0,0.0
164.504066674,0.0,0.0
164.514355108,0.0,0.0
164.52982041,0.0,0.0
164.545318312,0.0,0.0
164.552514566,0.0,0.0
164.568897763,0.0,0.0
164.579106798,0.0,0.0
164.594358601,0.0,0.0
164.602260751,0.0,0.0
164.617108457,0.0,0.0
164.623569216,0.0,0.0
164.640731707,0.0,0.0
164.649547452,0.0,0.0
164.664526257,0.0,0.0
164.669503525,0.0,0.0
164.681535549,0.0,0.0
164.691375186,0.0,0.0
164.70027183,0.0,0.0
164.711766957,0.0,0.0
164.72387288,0.0,0.0
164.732580325,0.0,0.0
164.743311557,0.0,0.0
164.754312988,0.0,0.0
164.764434123,0.0,0.0
164.774207261,0.0,0.0
164.784431397,0.0,0.0
164.795513926,0.0,0.0
164.808104547,0.0,0.0
164.819464875,0.0,0.0
164.828981714,0.0,0.0
164.84071504,0.0,0.0
164.849024187,0.0,0.0
164.860144217,0.0,0.0
164.871154547,0.0,0.0
164.882096978,0.0,0.0
164.893386206,0.0,0.0
164.904933933,0.0,0.0
164.917303755,0.0,0.0
164.922848319,0.0,0.0
164.940382408,0.0,0.0
164.953946022,0.0,0.0
164.966064146,0.0,0.0
164.980717353,0.0,0.0
164.998079243,0.0,0.0
165.005995192,0.0,0.0
165.021305395,0.0,0.0
165.030786235,0.0,0.0
165.048554123,0.0,0.0
165.058303061,0.0,0.0
165.073659364,0.0,0.0
165.084289096,0.0,0.0
165.097511112,0.0,0.0
165.105521362,0.0,0.0
165.125375636,0.0,0.0
165.131488297,0.0,0.0
165.144607714,0.0,0.0
165.150256378,0.0,0.0
165.163497594,0.0,0.0
165.16890966,0.0,0.0
165.181607479,0.0,0.0
165.188638735,0.0,0.0
165.196416286,0.0,0.0
165.206646321,0.0,0.0
165.215521665,0.0,0.0
165.226492495,0.0,0.0
165.236599731,0.0,0.0
165.242711692,0.0,0.0
165.255952808,0.0,0.0
165.264806752,0.0,0.0
165.280184755,0.0,0.0
165.287959405,0.0,0.0
165.300135628,0.0,0.0
165.30613109,0.0,0.0
165.322291088,0.0,0.0
165.328441849,0.0,0.0
165.341341167,0.0,0.0
165.347543028,0.0,0.0
165.355211679,0.0,0.0
165.363301828,0.0,0.0
165.373117165,0.0,0.0
165.381710509,0.0,0.0
165.39232284,0.0,0.0
165.399097396,0.0,0.0
165.414918193,0.0,0.0
165.420568456,0.0,0.0
165.434377366,0.0,0.0
165.441603019,0.0,0.0
165.45537413,0.0,0.0
165.461689688,0.0,0.0
165.475491199,0.0,0.0
165.487205222,0.0,0.0
165.506323398,0.0,0.0
165.514759943,0.0,0.0
165.529666446,0.0,0.0
165.540412276,0.0,0.0
165.559475252,0.0,0.0
165.567778598,0.0,0.0
165.5828444,0.0,0.0
165.591451544,0.0,0.0
165.605337254,0.0,0.0
165.612688106,0.0,0.0
165.628302204,0.0,0.0
165.635480158,0.0,0.0
165.653710839,0.0,0.0
165.661089391,0.0,0.0
165.675216099,0.0,0.0
165.68425604,0.0,0.0
165.696339062,0.0,0.0
165.703782813,0.0,0.0
165.716432031,0.0,0.0
165.725747571,0.0,0.0
165.738503688,0.0,0.0
165.745942239,0.0,0.0
165.758723556,0.0,0.0
165.764830416,0.0,0.0
165.772826464,0.0,0.0
165.783344896,0.0,0.0
165.794357724,0.0,0.0
165.804673757,0.0,0.0
165.815219988,0.0,0.0
165.824471828,0.0,0.0
165.832813974,0.0,0.0
165.839259232,0.0,0.0
165.853953436,0.0,0.0
165.858908304,0.0,0.0
165.871934919,0.0,0.0
165.878100679,0.0,0.0
165.892895783,0.0,0.0
165.897851251,0.0,0.0
165.909807973,0.0,0.0
165.918569116,0.0,0.0
165.929613144,0.0,0.0
165.94257916,0.0,0.0
165.951346103,0.0,0.0
165.963428924,0.0,0.0
165.973703857,0.0,0.0
165.983655493,0.0,0.0
165.993412429,0.0,0.0
166.000834181,0.0,0.0
166.013676797,0.0,0.0
166.022993937,0.0,0.0
166.034560861,0.0,0.0
166.043537003,0.0,0.0
166.056027822,0.0,0.0
166.062906277,0.0,0.0
166.077053685,0.0,0.0
166.083585742,0.0,0.0
166.098061748,0.0,0.0
166.104739905,0.0,0.0
166.118726814,0.0,0.0
166.126368664,0.0,0.0
166.136514798,0.0,0.0
166.149086016,0.0,0.0
166.15780686,0.0,0.0
166.167967693,0.0,0.0
166.178206827,0.0,0.0
166.190528947,0.0,0.0
166.201237977,0.0,0.0
166.212144106,0.0,0.0
166.224008829,0.0,0.0
166.237588941,0.0,0.0
166.251322751,0.0,0.0
166.264561565,0.0,0.0
166.275399095,0.0,0.0
166.28539233,0.0,0.0
166.295535864,0.0,0.0
166.306019595,0.0,0.0
166.318479714,0.0,0.0
166.331139632,0.0,0.0
166.341553764,0.0,0.0
166.356192469,0.0,0.0
166.372179164,0.0,0.0
166.380117511,0.0,0.0
166.394761213,0.0,0.0
166.402950959,0.0,0.0
166.417254663,0.0,0.0
166.423881819,0.0,0.0
166.437670227,0.0,0.0
166.445535475,0.0,0.0
166.461545368,0.0,0.0
166.470680207,0.0,0.0
166.487235796,0.0,0.0
166.494050751,0.0,0.0
166.509885345,0.0,0.0
166.516565001,0.0,0.0
166.528863319,0.0,0.0
166.534170483,0.0,0.0
166.549800779,0.0,0.0
166.55720613,0.0,0.0
166.567216163,0.0,0.0
166.575051211,0.0,0.0
166.585995038,0.0,0.0
166.59767126,0.0,0.0
166.60962468,0.0,0.0
166.622323195,0.0,0.0
166.640421975,0.0,0.0
166.653803185,0.0,0.0
166.663912118,0.0,0.0
166.674175949,0.0,0.0
166.683633286,0.0,0.0
166.6965088,0.0,0.0
166.707870425,0.0,0.0
166.718201056,0.0,0.0
166.72948088,0.0,0.0
166.73408945,0.0,0.0
166.746352068,0.0,0.0
166.752819425,0.0,0.0
166.765278942,0.0,0.0
166.7715813,0.0,0.0
166.78499591,0.0,0.0
166.788585486,0.0,0.0
166.798597819,0.0,0.0
166.81045294,0.0,0.0
166.820137376,0.0,0.0
166.829148415,0.0,0.0
166.837113262,0.0,0.0
166.845382307,0.0,0.0
166.857239028,0.0,0.0
166.866852964,0.0,0.0
166.878310687,0.0,0.0
166.883654752,0.0,0.0
166.896512766,0.0,0.0
166.903308921,0.0,0.0
166.910110175,0.0,0.0
166.920083809,0.0,0.0
166.932475626,0.0,0.0
166.941689996,0.0,0.0
166.951021511,0.0,0.0
166.961718942,0.0,0.0
166.969854742,0.0,0.0
166.976390522,0.0,0.0
166.989348581,0.0,0.0
166.993790936,0.0,0.0
167.007442603,0.0,0.0
167.015570403,0.0,0.0
167.02428541,0.0,0.0
167.034159331,0.0,0.0
167.040885314,0.0,0.0
167.05032763,0.0,0.0
167.05853333,0.0,0.0
167.067233937,0.0,0.0
167.077074858,0.0,0.0
167.08295643,0.0,0.0
167.093718162,0.0,0.0
167.101659759,0.0,0.0
167.114594518,0.0,0.0
167.118994472,0.0,0.0
167.131798029,0.0,0.0
167.137960405,0.0,0.0
167.148676436,0.0,0.0
167.156097327,0.0,0.0
167.163325816,0.0,0.0
167.170727807,0.0,0.0
167.183789267,0.0,0.0
167.190206946,0.0,0.0
167.201367483,0.0,0.0
167.211390206,0.0,0.0
167.226288389,0.0,0.0
167.234789393,0.0,0.0
167.249807677,0.0,0.0
167.25735797,0.0,0.0
167.271429543,0.0,0.0
167.282116674,0.0,0.0
167.294583127,0.0,0.0
167.30466655,0.0,0.0
167.319696935,0.0,0.0
167.328202939,0.0,0.0
167.344834343,0.0,0.0
167.352970943,0.0,0.0
167.37065786,0.0,0.0
167.373032088,0.0,0.0
167.389566289,0.0,0.0
167.396499373,0.0,0.0
167.413055373,0.0,0.0
167.420635265,0.0,0.0
167.433387919,0.0,0.0
167.43927189,0.0,0.0
167.453574564,0.0,0.0
167.461459159,0.0,0.0
167.474644919,0.0,0.0
167.480779393,0.0,0.0
167.493378046,0.0,0.0
167.499477019,0.0,0.0
167.507848621,0.0,0.0
167.520816378,0.0,0.0
167.527351157,0.0,0.0
167.539658006,0.0,0.0
167.54906642,0.0,0.0
167.558342732,0.0,0.0
167.570331677,0.0,0.0
167.575390139,0.0,0.0
167.588916402,0.0,0.0
167.594581071,0.0,0.0
167.606154311,0.0,0.0
167.611737579,0.0,0.0
167.625984251,0.0,0.0
167.633081437,0.0,0.0
167.644568676,0.0,0.0
167.650769651,0.0,0.0
167.660472469,0.0,0.0
167.669891283,0.0,0.0
167.679458899,0.0,0.0
167.689111015,0.0,0.0
167.698936534,0.0,0.0
167.704181298,0.0,0.0
167.715495135,0.0,0.0
167.723935137,0.0,0.0
167.735204574,0.0,0.0
167.744180482,0.0,0.0
167.75473781,0.0,0.0
167.761989698,0.0,0.0
167.770086696,0.0,0.0
167.780969828,0.0,0.0
167.788867923,0.0,0.0
167.797972034,0.0,0.0
167.806001731,0.0,0.0
167.811669199,0.0,0.0
167.825090462,0.0,0.0
167.833284561,0.0,0.0
167.850337368,0.0,0.0
167.855263427,0.0,0.0
167.868895792,0.0,0.0
167.877047691,0.0,0.0
167.891945971,0.0,0.0
167.898527651,0.0,0.0
167.916144664,0.0,0.0
167.922989347,0.0,0.0
167.938296833,0.0,0.0
167.944793111,0.0,0.0
167.959868694,0.0,0.0
167.966557075,0.0,0.0
167.982627569,0.0,0.0
167.995182621,0.0,0.0
168.004422133,0.0,0.0
168.017088287,0.0,0.0
168.026238097,0.0,0.0
168.032446673,0.0,0.0
168.044936024,0.0,0.0
168.050858395,0.0,0.0
168.065667475,0.0,0.0
168.072147453,0.0,0.0
168.086227624,0.0,0.0
168.094843728,0.0,0.0
168.110533718,0.0,0.0
168.115767481,0.0,0.0
168.126736914,0.0,0.0
168.137669447,0.0,0.0
168.154262747,0.0,0.0
168.160634125,0.0,0.0
168.170030438,0.0,0.0
168.178571142,0.0,0.0
168.18835106,0.0,0.0
168.199945901,0.0,0.0
168.210339826,0.0,0.0
168.216592302,0.0,0.0
168.23206849,0.0,0.0
168.237957961,0.0,0.0
168.251361723,0.0,0.0
168.258606511,0.0,0.0
168.273578192,0.0,0.0
168.279634165,0.0,0.0
168.293103029,0.0,0.0
168.29986061,0.0,0.0
168.309925832,0.0,0.0
168.321585973,0.0,0.0
168.333000212,0.0,0.0
168.345169959,0.0,0.0
168.358123816,0.0,0.0
168.365386704,0.0,0.0
168.378140956,0.0,0.0
168.385462744,0.0,0.0
168.39683248,0.0,0.0
168.407399306,0.0,0.0
168.416853619,0.0,0.0
168.424123906,0.0,0.0
168.440117797,0.0,0.0
168.446131169,0.0,0.0
168.460795744,0.0,0.0
168.469432747,0.0,0.0
168.489919792,0.0,0.0
168.495144054,0.0,0.0
168.50981343,0.0,0.0
168.518469733,0.0,0.0
168.530201773,0.0,0.0
168.53831707,0.0,0.0
168.553569452,0.0,0.0
168.560582936,0.0,0.0
168.576127822,0.0,0.0
168.583951115,0.0,0.0
168.595294951,0.0,0.0
168.602651739,0.0,0.0
168.614623582,0.0,0.0
168.622126371,0.0,0.0
168.635140827,0.0,0.0
168.64042669,0.0,0.0
168.649148294,0.0,0.0
168.665340788,0.0,0.0
168.674960503,0.0,0.0
168.68565173,0.0,0.0
168.697121467,0.0,0.0
168.708263101,0.0,0.0
168.728211339,0.0,0.0
168.731443778,0.0,0.0
168.743202218,0.0,0.0
168.753766744,0.0,0.0
168.763864565,0.0,0.0
168.776479516,0.0,0.0
168.797699969,0.0,0.0
168.803484338,0.0,0.0
168.820539542,0.0,0.0
168.826899618,0.0,0.0
168.843177812,0.0,0.0
168.849954593,0.0,0.0
168.867162899,0.0,0.0
168.8755743,0.0,0.0
168.890767581,0.0,0.0
168.896934655,0.0,0.0
168.916725191,0.0,0.0
168.92413588,0.0,0.0
168.940372474,0.0,0.0
168.946320845,0.0,0.0
168.962208835,0.0,0.0
168.971287943,0.0,0.0
168.979526842,0.0,0.0
168.988032943,0.0,0.0
168.99945358,0.0,0.0
169.009266197,0.0,0.0
169.018902012,0.0,0.0
169.030684053,0.0,0.0
169.047561754,0.0,0.0
169.056481261,0.0,0.0
169.065836073,0.0,0.0
169.074175572,0.0,0.0
169.083569785,0.0,0.0
169.090275265,0.0,0.0
169.10580225,0.0,0.0
169.11160382,0.0,0.0
169.125795789,0.0,0.0
169.131911862,0.0,0.0
169.143608502,0.0,0.0
169.149267469,0.0,0.0
169.157996574,0.0,0.0
169.169890116,0.0,0.0
169.17941743,0.0,0.0
169.190258859,0.0,0.0
169.200142977,0.0,0.0
169.211174509,0.0,0.0
169.222741247,0.0,0.0
169.232610565,0.0,0.0
169.244908912,0.0,0.0
169.254411626,0.0,0.0
169.263847438,0.0,0.0
169.27314305,0.0,0.0
169.294478804,0.0,0.0
169.308481972,0.0,0.0
169.32593708,0.0,0.0
169.340916359,0.0,0.0
169.3610873,0.0,0.0
169.368921894,0.0,0.0
169.376669885,0.0,0.0
169.385476189,0.0,0.0
169.395688909,0.0,0.0
169.403015195,0.0,0.0
169.412067602,0.0,0.0
169.417421565,0.0,0.0
169.431301029,0.0,0.0
169.435015773,0.0,0.0
169.44668891,0.0,0.0
169.452531379,0.0,0.0
169.466297942,0.0,0.0
169.472620916,0.0,0.0
169.480760312,0.0,0.0
169.491077934,0.0,0.0
169.499824237,0.0,0.0
169.510213859,0.0,0.0
169.522336102,0.0,0.0
169.531873815,0.0,0.0
169.539890609,0.0,0.0
169.546319385,0.0,0.0
169.559105136,0.0,0.0
169.564897804,0.0,0.0
169.578793768,0.0,0.0
169.583276421,0.0,0.0
169.597513889,0.0,0.0
169.604723874,0.0,0.0
169.613375276,0.0,0.0
169.622095378,0.0,0.0
169.632964207,0.0,0.0
169.642002313,0.0,0.0
169.65528927,0.0,0.0
169.666874606,0.0,0.0
169.676737123,0.0,0.0
169.68839326,0.0,0.0
169.699263388,0.0,0.0
169.711809636,0.0,0.0
169.724066229,0.0,0.0
169.728152508,0.0,0.0
169.741582138,0.0,0.0
169.747769806,0.0,0.0
169.764625619,0.0,0.0
169.767216405,0.0,0.0
169.780003339,0.0,0.0
169.785132313,0.0,0.0
169.798824242,0.0,0.0
169.805864106,0.0,0.0
169.81475096,0.0,0.0
169.824656008,0.0,0.0
169.83392936,0.0,0.0
169.847076492,0.0,0.0
169.856170445,0.0,0.0
169.862237314,0.0,0.0
169.875211447,0.0,0.0
169.880231121,0.0,0.0
169.892478757,0.0,0.0
169.899241822,0.0,0.0
169.912642153,0.0,0.0
169.919905515,0.0,0.0
169.931105558,0.0,0.0
169.94019961,0.0,0.0
169.959137012,0.0,0.0
169.96540698,0.0,0.0
169.974645632,0.0,0.0
169.992025942,0.0,0.0
170.020525695,0.0,0.0
170.030146645,0.0,0.0
170.043863774,0.0,0.0
170.051326036,0.0,0.0
170.066258558,0.0,0.0
170.072190828,0.0,0.0
170.084486264,0.0,0.0
170.090403733,0.0,0.0
170.100500681,0.0,0.0
170.110874127,0.0,0.0
170.117790292,0.0,0.0
170.123668561,0.0,0.0
170.134131707,0.0,0.0
170.139655078,0.0,0.0
170.153013109,0.0,0.0
170.159911874,0.0,0.0
170.167712033,0.0,0.0
170.17603289,0.0,0.0
170.187446131,0.0,0.0
170.198755573,0.0,0.0
170.208196224,0.0,0.0
170.216528081,0.0,0.0
170.225711133,0.0,0.0
170.231660902,0.0,0.0
170.245465531,0.0,0.0
170.254392785,0.0,0.0
170.267747716,0.0,0.0
170.273525986,0.0,0.0
170.287993811,0.0,0.0
170.293750781,0.0,0.0
170.306144917,0.0,0.0
170.316801262,0.0,0.0
170.331546886,0.0,0.0
170.338213151,0.0,0.0
170.349501093,0.0,0.0
170.356811055,0.0,0.0
170.367152701,0.0,0.0
170.376028154,0.0,0.0
170.383655513,0.0,0.0
170.389530882,0.0,0.0
170.402533913,0.0,0.0
170.408503281,0.0,0.0
170.423430102,0.0,0.0
170.431788357,0.0,0.0
170.444092891,0.0,0.0
170.450797956,0.0,0.0
170.460278805,0.0,0.0
170.469558156,0.0,0.0
170.476881117,0.0,0.0
170.48187299,0.0,0.0
170.49315373,0.0,0.0
170.499679895,0.0,0.0
170.51186603,0.0,0.0
170.517257901,0.0,0.0
170.525183859,0.0,0.0
170.533788013,0.0,0.0
170.542845365,0.0,0.0
170.555607997,0.0,0.0
170.564064652,0.0,0.0
170.571769711,0.0,0.0
170.584918041,0.0,0.0
170.591383906,0.0,0.0
170.607361521,0.0,0.0
170.612333795,0.0,0.0
170.625960822,0.0,0.0
170.632208089,0.0,0.0
170.648998999,0.0,0.0
170.65265728,0.0,0.0
170.662446228,0.0,0.0
170.673176471,0.0,0.0
170.685505605,0.0,0.0
170.701207521,0.0,0.0
170.710627571,0.0,0.0
170.723535302,0.0,0.0
170.734128446,0.0,0.0
170.746778878,0.0,0.0
170.760366406,0.0,0.0
170.768381463,0.0,0.0
170.780507299,0.0,0.0
170.791238641,0.0,0.0
170.803387377,0.0,0.0
170.814828916,0.0,0.0
170.826509653,0.0,0.0
170.84029628,0.0,0.0
170.850782624,0.0,0.0
170.86470065,0.0,0.0
170.877226683,0.0,0.0
170.885142041,0.0,0.0
170.895118188,0.0,0.0
170.905344433,0.0,0.0
170.916992571,0.0,0.0
170.929079507,0.0,0.0
170.940440946,0.0,0.0
170.950192694,0.0,0.0
170.962442629,0.0,0.0
170.973111572,0.0,0.0
170.984061514,0.0,0.0
170.995404053,0.0,0.0
171.006570994,0.0,0.0
171.016758539,0.0,0.0
171.026545887,0.0,0.0
171.039640118,0.0,0.0
171.048309971,0.0,0.0
171.066726673,0.0,0.0
171.076030024,0.0,0.0
171.086545868,0.0,0.0
171.097801508,0.0,0.0
171.109297346,0.0,0.0
171.119467792,0.0,0.0
171.130866631,0.0,0.0
171.141173776,0.0,0.0
171.155329301,0.0,0.0
171.168289232,0.0,0.0
171.178165979,0.0,0.0
171.189561719,0.0,0.0
171.198967368,0.0,0.0
171.206841926,0.0,0.0
171.218759663,0.0,0.0
171.230533,0.0,0.0
171.240682446,0.0,0.0
171.250053996,0.0,0.0
171.255651266,0.0,0.0
171.268525998,0.0,0.0
171.274039468,0.0,0.0
171.286243603,0.0,0.0
171.293542264,0.0,0.0
171.306851993,0.0,0.0
171.314283354,0.0,0.0
171.327442984,0.0,0.0
171.333891249,0.0,0.0
171.341734108,0.0,0.0
171.351674455,0.0,0.0
171.363396692,0.0,0.0
171.373649736,0.0,0.0
171.384351378,0.0,0.0
171.3984924,0.0,0.0
171.405561662,0.0,0.0
171.413276219,0.0,0.0
171.42776454,0.0,0.0
171.436345993,0.0,0.0
171.449009023,0.0,0.0
171.457478277,0.0,0.0
171.474485584,0.0,0.0
171.48242524,0.0,0.0
171.494971871,0.0,0.0
171.503097827,0.0,0.0
171.517263249,0.0,0.0
171.520971729,0.0,0.0
171.534751253,0.0,0.0
171.543044008,0.0,0.0
171.559377318,0.0,0.0
171.566119681,0.0,0.0
171.58634697,0.0,0.0
171.592167838,0.0,0.0
171.604309172,0.0,0.0
171.611622032,0.0,0.0
171.626359551,0.0,0.0
171.636189397,0.0,0.0
171.649710923,0.0,0.0
171.658298176,0.0,0.0
171.675505482,0.0,0.0
171.682342944,0.0,0.0
171.69770276,0.0,0.0
171.704259624,0.0,0.0
171.71411267,0.0,0.0
171.725693406,0.0,0.0
171.734995755,0.0,0.0
171.745873196,0.0,0.0
171.755191945,0.0,0.0
171.766232384,0.0,0.0
171.776403028,0.0,0.0
171.78340059,0.0,0.0
171.797742311,0.0,0.0
171.801948988,0.0,0.0
171.816150711,0.0,0.0
171.823009273,0.0,0.0
171.836560299,0.0,0.0
171.843296962,0.0,0.0
171.853557805,0.0,0.0
171.863377052,0.0,0.0
171.8727556,0.0,0.0
171.883887739,0.0,0.0
171.895489276,0.0,0.0
171.905724819,0.0,0.0
171.915258367,0.0,0.0
171.928749293,0.0,0.0
171.939086937,0.0,0.0
171.942887216,0.0,0.0
171.95858213,0.0,0.0
171.963047205,0.0,0.0
171.979161417,0.0,0.0
171.985483482,0.0,0.0
171.999726504,0.0,0.0
172.006939365,0.0,0.0
172.020343291,0.0,0.0
172.025439263,0.0,0.0
172.035267709,0.0,0.0
172.044403259,0.0,0.0
172.056365994,0.0,0.0
172.068457427,0.0,0.0
172.082768149,0.0,0.0
172.0917462,0.0,0.0
172.104748328,0.0,0.0
172.110823695,0.0,0.0
172.119151549,0.0,0.0
172.128951296,0.0,0.0
172.137763547,0.0,0.0
172.147180396,0.0,0.0
172.156259646,0.0,0.0
172.162360812,0.0,0.0
172.174227547,0.0,0.0
172.179732917,0.0,0.0
172.192634747,0.0,0.0
172.198205316,0.0,0.0
172.210992546,0.0,0.0
172.216684515,0.0,0.0
172.225838364,0.0,0.0
172.236938704,0.0,0.0
172.245734855,0.0,0.0
172.256452497,0.0,0.0
172.265295148,0.0,0.0
172.271692013,0.0,0.0
172.283615248,0.0,0.0
172.290778508,0.0,0.0
172.304668532,0.0,0.0
172.311516595,0.0,0.0
172.324394124,0.0,0.0
172.330956788,0.0,0.0
172.344283415,0.0,0.0
172.352656669,0.0,0.0
172.367383288,0.0,0.0
172.376635436,0.0,0.0
172.392505047,0.0,0.0
172.401217498,0.0,0.0
172.419219796,0.0,0.0
172.425112163,0.0,0.0
172.44166867,0.0,0.0
172.449258827,0.0,0.0
172.463671646,0.0,0.0
172.473067593,0.0,0.0
172.484924126,0.0,0.0
172.492557983,0.0,0.0
172.504606015,0.0,0.0
172.509323589,0.0,0.0
172.518292338,0.0,0.0
172.529419076,0.0,0.0
172.538422325,0.0,0.0
172.549015265,0.0,0.0
172.563033986,0.0,0.0
172.570886742,0.0,0.0
172.579505294,0.0,0.0
172.590156634,0.0,0.0
172.600916273,0.0,0.0
172.611817512,0.0,0.0
172.623151148,0.0,0.0
172.632696094,0.0,0.0
172.643161335,0.0,0.0
172.653160579,0.0,0.0
172.663409221,0.0,0.0
172.679129332,0.0,0.0
172.689360175,0.0,0.0
172.700228714,0.0,0.0
172.712164446,0.0,0.0
172.730667142,0.0,0.0
172.751744823,0.0,0.0
172.759859278,0.0,0.0
172.773005004,0.0,0.0
172.780999859,0.0,0.0
172.797695165,0.0,0.0
172.80200494,0.0,0.0
172.816802757,0.0,0.0
172.828780789,0.0,0.0
172.842141414,0.0,0.0
172.849568072,0.0,0.0
172.869865158,0.0,0.0
172.875893224,0.0,0.0
172.890113144,0.0,0.0
172.897386603,0.0,0.0
172.91747639,0.0,0.0
172.919708877,0.0,0.0
172.939177068,0.0,0.0
172.94226235,0.0,0.0
172.956290571,0.0,0.0
172.961942439,0.0,0.0
172.983987615,0.0,0.0
172.994020859,0.0,0.0
173.007874881,0.0,0.0
173.017366227,0.0,0.0
173.035361226,0.0,0.0
173.042976483,0.0,0.0
173.060586684,0.0,0.0
173.067869143,0.0,0.0
173.083538854,0.0,0.0
173.091534609,0.0,0.0
173.105949528,0.0,0.0
173.113932283,0.0,0.0
173.129500695,0.0,0.0
173.136110358,0.0,0.0
173.152733365,0.0,0.0
173.158307233,0.0,0.0
173.17305795,0.0,0.0
173.178556319,0.0,0.0
173.19258654,0.0,0.0
173.199145303,0.0,0.0
173.206321163,0.0,0.0
173.216706404,0.0,0.0
173.225714154,0.0,0.0
173.23704629,0.0,0.0
173.246397937,0.0,0.0
173.253454497,0.0,0.0
173.266877522,0.0,0.0
173.277127664,0.0,0.0
173.294484766,0.0,0.0
173.305615703,0.0,0.0
173.32048172,0.0,0.0
173.329479369,0.0,0.0
173.341927799,0.0,0.0
173.346574873,0.0,0.0
173.368072951,0.0,0.0
173.38035968,0.0,0.0
173.392099213,0.0,0.0
173.405328136,0.0,0.0
173.412042697,0.0,0.0
173.418641359,0.0,0.0
173.431328186,0.0,0.0
173.436439356,0.0,0.0
173.44782309,0.0,0.0
173.45315156,0.0,0.0
173.462746504,0.0,0.0
173.471714252,0.0,0.0
173.479939105,0.0,0.0
173.488716554,0.0,0.0
173.497513103,0.0,0.0
173.504541363,0.0,0.0
173.515787098,0.0,0.0
173.521654664,0.0,0.0
173.533635094,0.0,0.0
173.540930152,0.0,0.0
173.555910766,0.0,0.0
173.559521745,0.0,0.0
173.568849191,0.0,0.0
173.580137926,0.0,0.0
173.58970107,0.0,0.0
173.600216609,0.0,0.0
173.611473244,0.0,0.0
173.615098323,0.0,0.0
173.628387847,0.0,0.0
173.633698316,0.0,0.0
173.647562936,0.0,0.0
173.653259403,0.0,0.0
173.665098834,0.0,0.0
173.672298693,0.0,0.0
173.681215641,0.0,0.0
173.691979279,0.0,0.0
173.703093915,0.0,0.0
173.714896546,0.0,0.0
173.724300792,0.0,0.0
173.733545139,0.0,0.0
173.744484475,0.0,0.0
173.755607211,0.0,0.0
173.765112456,0.0,0.0
173.771778018,0.0,0.0
173.78694943,0.0,0.0
173.793063995,0.0,0.0
173.807399012,0.0,0.0
173.81288488,0.0,0.0
173.82329732,0.0,0.0
173.830618077,0.0,0.0
173.844132199,0.0,0.0
173.850756461,0.0,0.0
173.859672509,0.0,0.0
173.870796545,0.0,0.0
173.88371887,0.0,0.0
173.893328815,0.0,0.0
173.903524856,0.0,0.0
173.91488189,0.0,0.0
173.924311636,0.0,0.0
173.93403288,0.0,0.0
173.945031316,0.0,0.0
173.958073741,0.0,0.0
173.96675599,0.0,0.0
173.978652122,0.0,0.0
174.006747859,0.0,0.0
174.01525641,0.0,0.0
174.040639063,0.0,0.0
174.054661682,0.0,0.0
174.064743424,0.0,0.0
174.076584455,0.0,0.0
174.086845496,0.0,0.0
174.101105814,0.0,0.0
174.125421573,0.0,0.0
174.140021189,0.0,0.0
174.156035296,0.0,0.0
174.165038044,0.0,0.0
174.18824201,0.0,0.0
174.199876543,0.0,0.0
174.219159131,0.0,0.0
174.230534965,0.0,0.0
174.247270369,0.0,0.0
174.254301728,0.0,0.0
174.269954738,0.0,0.0
174.277054597,0.0,0.0
174.293860799,0.0,0.0
174.302651649,0.0,0.0
174.323790226,0.0,0.0
174.332565176,0.0,0.0
174.350191774,0.0,0.0
174.364061094,0.0,0.0
174.372699043,0.0,0.0
174.382806483,0.0,0.0
174.392347226,0.0,0.0
174.398890688,0.0,0.0
174.414888293,0.0,0.0
174.422602847,0.0,0.0
174.441138637,0.0,0.0
174.453261465,0.0,0.0
174.465255294,0.0,0.0
174.475591433,0.0,0.0
174.488397157,0.0,0.0
174.499296692,0.0,0.0
174.505327357,0.0,0.0
174.511351821,0.0,0.0
174.524516643,0.0,0.0
174.533278491,0.0,0.0
174.544238726,0.0,0.0
174.550833287,0.0,0.0
174.566762093,0.0,0.0
174.572050761,0.0,0.0
174.585573581,0.0,0.0
174.592061443,0.0,0.0
174.601512287,0.0,0.0
174.61278112,0.0,0.0
174.630197817,0.0,0.0
174.638235269,0.0,0.0
174.655615466,0.0,0.0
174.659793641,0.0,0.0
174.672990763,0.0,0.0
174.683828299,0.0,0.0
174.697490518,0.0,0.0
174.703396283,0.0,0.0
174.71895899,0.0,0.0
174.724269559,0.0,0.0
174.73258011,0.0,0.0
174.744027142,0.0,0.0
174.753319687,0.0,0.0
174.764458321,0.0,0.0
174.774890859,0.0,0.0
174.780553625,0.0,0.0
174.796320032,0.0,0.0
174.802940893,0.0,0.0
174.816196414,0.0,0.0
174.824455665,0.0,0.0
174.839635675,0.0,0.0
174.84553284,0.0,0.0
174.859185759,0.0,0.0
174.865074524,0.0,0.0
174.879881337,0.0,0.0
174.886277899,0.0,0.0
174.902560102,0.0,0.0
174.912059346,0.0,0.0
174.925540566,0.0,0.0
174.931723429,0.0,0.0
174.943523959,0.0,0.0
174.953982227,0.0,0.0
174.967686471,0.0,0.0
174.980785509,0.0,0.0
174.992278929,0.0,0.0
175.003075243,0.0,0.0
175.014580564,0.0,0.0
175.028668412,0.0,0.0
175.044370377,0.0,0.0
175.051113248,0.0,0.0
175.068817834,0.0,0.0
175.078205333,0.0,0.0
175.094212201,0.0,0.0
175.101463177,0.0,0.0
175.110922677,0.0,0.0
175.12365181,0.0,0.0
175.134271422,0.0,0.0
175.14453343,0.0,0.0
175.157247464,0.0,0.0
175.168543882,0.0,0.0
175.180335006,0.0,0.0
175.191439923,0.0,0.0
175.203123646,0.0,0.0
175.215294374,0.0,0.0
175.226447291,0.0,0.0
175.239728231,0.0,0.0
175.25870943,0.0,0.0
175.266358211,0.0,0.0
175.281601371,0.0,0.0
175.290741167,0.0,0.0
175.303039796,0.0,0.0
175.315307825,0.0,0.0
175.328240061,0.0,0.0
175.335174734,0.0,0.0
175.349562085,0.0,0.0
175.358042875,0.0,0.0
175.374675248,0.0,0.0
175.383225737,0.0,0.0
175.399000201,0.0,0.0
175.405449567,0.0,0.0
175.419965818,0.0,0.0
175.426434385,0.0,0.0
175.440369129,0.0,0.0
175.447877807,0.0,0.0
175.464308078,0.0,0.0
175.473310871,0.0,0.0
175.48863583,0.0,0.0
175.496570112,0.0,0.0
175.511020562,0.0,0.0
175.518425839,0.0,0.0
175.535151512,0.0,0.0
175.542925093,0.0,0.0
175.559328763,0.0,0.0
175.568463258,0.0,0.0
175.58312751,0.0,0.0
175.58989238,0.0,0.0
175.598886373,0.0,0.0
175.610652395,0.0,0.0
175.622312116,0.0,0.0
175.632793725,0.0,0.0
175.64291783,0.0,0.0
175.653252437,0.0,0.0
175.663640245,0.0,0.0
175.675634269,0.0,0.0
175.686752384,0.0,0.0
175.703631759,0.0,0.0
175.718567914,0.0,0.0
175.731225345,0.0,0.0
175.744064578,0.0,0.0
175.758080124,0.0,0.0
175.767529822,0.0,0.0
175.781068162,0.0,0.0
175.790178057,0.0,0.0
175.801606075,0.0,0.0
175.813986903,0.0,0.0
175.821943286,0.0,0.0
175.832066291,0.0,0.0
175.840724381,0.0,0.0
175.854347122,0.0,0.0
175.860393485,0.0,0.0
175.876013347,0.0,0.0
175.882622215,0.0,0.0
175.897342168,0.0,0.0
175.903205929,0.0,0.0
175.91879149,0.0,0.0
175.926210867,0.0,0.0
175.939470905,0.0,0.0
175.949282106,0.0,0.0
175.960010718,0.0,0.0
175.969061911,0.0,0.0
175.981371939,0.0,0.0
175.988422612,0.0,0.0
176.007622111,0.0,0.0
176.016101599,0.0,0.0
176.03260257,0.0,0.0
176.038139528,0.0,0.0
176.058276636,0.0,0.0
176.072658486,0.0,0.0
176.085862623,0.0,0.0
176.099644165,0.0,0.0
176.111889892,0.0,0.0
176.124899727,0.0,0.0
176.134726729,0.0,0.0
176.147930066,0.0,0.0
176.159007481,0.0,0.0
176.172886625,0.0,0.0
176.184790648,0.0,0.0
176.196242867,0.0,0.0
176.205873867,0.0,0.0
176.217162784,0.0,0.0
176.229594813,0.0,0.0
176.239254613,0.0,0.0
176.247792602,0.0,0.0
176.254961676,0.0,0.0
176.270288735,0.0,0.0
176.276978804,0.0,0.0
176.293419975,0.0,0.0
176.300019843,0.0,0.0
176.316367713,0.0,0.0
176.321425565,0.0,0.0
176.338144938,0.0,0.0
176.345916819,0.0,0.0
176.359317258,0.0,0.0
176.375312323,0.0,0.0
176.389156464,0.0,0.0
176.399716972,0.0,0.0
176.410982987,0.0,0.0
176.42101859,0.0,0.0
176.433271615,0.0,0.0
176.443131516,0.0,0.0
176.452805115,0.0,0.0
176.461789207,0.0,0.0
176.472588018,0.0,0.0
176.485600451,0.0,0.0
176.499656694,0.0,0.0
176.508539585,0.0,0.0
176.521846921,0.0,0.0
176.534018346,0.0,0.0
176.546605575,0.0,0.0
176.559961411,0.0,0.0
176.577294888,0.0,0.0
176.583863356,0.0,0.0
176.598823909,0.0,0.0
176.611237436,0.0,0.0
176.628811215,0.0,0.0
176.636324892,0.0,0.0
176.65470748,0.0,0.0
176.664036776,0.0,0.0
176.683245272,0.0,0.0
176.694483287,0.0,0.0
176.707934425,0.0,0.0
176.719611744,0.0,0.0
176.730345054,0.0,0.0
176.742380777,0.0,0.0
176.761595373,0.0,0.0
176.771294273,0.0,0.0
176.789484259,0.0,0.0
176.800740174,0.0,0.0
176.815154421,0.0,0.0
176.825046922,0.0,0.0
176.841290188,0.0,0.0
176.854586024,0.0,0.0
176.864056921,0.0,0.0
176.871856001,0.0,0.0
176.886787154,0.0,0.0
176.893642924,0.0,0.0
176.911273904,0.0,0.0
176.918628379,0.0,0.0
176.933999437,0.0,0.0
176.943387333,0.0,0.0
176.961235215,0.0,0.0
176.97534996,0.0,0.0
176.987075179,0.0,0.0
177.000369615,0.0,0.0
177.010666921,0.0,0.0
177.02130353,0.0,0.0
177.033208351,0.0,0.0
177.0477459,0.0,0.0
177.059789623,0.0,0.0
177.070841036,0.0,0.0
177.09076674,0.0,0.0
177.098122315,0.0,0.0
177.113332271,0.0,0.0
177.122408664,0.0,0.0
177.137773121,0.0,0.0
177.144856393,0.0,0.0
177.160414752,0.0,0.0
177.16993215,0.0,0.0
177.183173985,0.0,0.0
177.190722362,0.0,0.0
177.207997239,0.0,0.0
177.217038631,0.0,0.0
177.232733292,0.0,0.0
177.238643252,0.0,0.0
177.25406711,0.0,0.0
177.261466986,0.0,0.0
177.275484029,0.0,0.0
177.284136218,0.0,0.0
177.301376594,0.0,0.0
177.308544267,0.0,0.0
177.328962476,0.0,0.0
177.334601434,0.0,0.0
177.349576687,0.0,0.0
177.358322676,0.0,0.0
177.372746223,0.0,0.0
177.382228319,0.0,0.0
177.394107939,0.0,0.0
177.404039239,0.0,0.0
177.422633426,0.0,0.0
177.430158502,0.0,0.0
177.446538768,0.0,0.0
177.453861141,0.0,0.0
177.469991704,0.0,0.0
177.47551746,0.0,0.0
177.490583012,0.0,0.0
177.497457781,0.0,0.0
177.513413242,0.0,0.0
177.522753136,0.0,0.0
177.538370594,0.0,0.0
177.548219193,0.0,0.0
177.565659569,0.0,0.0
177.579289807,0.0,0.0
177.592413839,0.0,0.0
177.603973856,0.0,0.0
177.622481743,0.0,0.0
177.628108299,0.0,0.0
177.638649406,0.0,0.0
177.651393634,0.0,0.0
177.669963622,0.0,0.0
177.677273995,0.0,0.0
177.69456987,0.0,0.0
177.702223647,0.0,0.0
177.717574802,0.0,0.0
177.725517482,0.0,0.0
177.740537434,0.0,0.0
177.747233801,0.0,0.0
177.759542025,0.0,0.0
177.766285993,0.0,0.0
177.776199593,0.0,0.0
177.788110013,0.0,0.0
177.799429628,0.0,0.0
177.811350948,0.0,0.0
177.833157768,0.0,0.0
177.837976017,0.0,0.0
177.853683175,0.0,0.0
177.861535254,0.0,0.0
177.870669846,0.0,0.0
177.882333264,0.0,0.0
177.891986361,0.0,0.0
177.904049383,0.0,0.0
177.915924666,0.0,0.0
177.928530206,0.0,0.0
177.945268426,0.0,0.0
177.952488692,0.0,0.0
177.967356921,0.0,0.0
177.973552492,0.0,0.0
177.988374721,0.0,0.0
177.994793191,0.0,0.0
178.006223836,0.0,0.0
178.017098685,0.0,0.0
178.026912338,0.0,0.0
178.03689989,0.0,0.0
178.047794439,0.0,0.0
178.062422969,0.0,0.0
178.072104323,0.0,0.0
178.083719468,0.0,0.0
178.09370902,0.0,0.0
178.103371574,0.0,0.0
178.113280527,0.0,0.0
178.125742468,0.0,0.0
178.136334117,0.0,0.0
178.149277756,0.0,0.0
178.159230108,0.0,0.0
178.16728417,0.0,0.0
178.178099819,0.0,0.0
178.184493888,0.0,0.0
178.196360232,0.0,0.0
178.204290794,0.0,0.0
178.217282832,0.0,0.0
178.223446403,0.0,0.0
178.235799744,0.0,0.0
178.243229909,0.0,0.0
178.256370146,0.0,0.0
178.26195422,0.0,0.0
178.271008577,0.0,0.0
178.280032034,0.0,0.0
178.288102395,0.0,0.0
178.297299652,0.0,0.0
178.307814702,0.0,0.0
178.321361637,0.0,0.0
178.330051796,0.0,0.0
178.336602565,0.0,0.0
178.348406809,0.0,0.0
178.355398975,0.0,0.0
178.36710112,0.0,0.0
178.374070586,0.0,0.0
178.386524225,0.0,0.0
178.399578061,0.0,0.0
178.415951681,0.0,0.0
178.424938937,0.0,0.0
178.441522655,0.0,0.0
178.449451117,0.0,0.0
178.461901056,0.0,0.0
178.469362119,0.0,0.0
178.483912648,0.0,0.0
178.493111003,0.0,0.0
178.506941435,0.0,0.0
178.515289294,0.0,0.0
178.531286916,0.0,0.0
178.537931684,0.0,0.0
178.550535222,0.0,0.0
178.557422488,0.0,0.0
178.570056426,0.0,0.0
178.577010092,0.0,0.0
178.59177362,0.0,0.0
178.599706781,0.0,0.0
178.616723898,0.0,0.0
178.623904863,0.0,0.0
178.641800175,0.0,0.0
178.645976855,0.0,0.0
178.661411679,0.0,0.0
178.669320541,0.0,0.0
178.685385962,0.0,0.0
178.694576717,0.0,0.0
178.710765138,0.0,0.0
178.719361596,0.0,0.0
178.740072094,0.0,0.0
178.746964461,0.0,0.0
178.76538797,0.0,0.0
178.773501031,0.0,0.0
178.784539077,0.0,0.0
178.791502243,0.0,0.0
178.807156966,0.0,0.0
178.814943328,0.0,0.0
178.831122949,0.0,0.0
178.837972015,0.0,0.0
178.853041342,0.0,0.0
178.858878513,0.0,0.0
178.875394732,0.0,0.0
178.881592502,0.0,0.0
178.895864632,0.0,0.0
178.901698703,0.0,0.0
178.910380161,0.0,0.0
178.919099418,0.0,0.0
178.928220674,0.0,0.0
178.937430729,0.0,0.0
178.947734278,0.0,0.0
178.958813824,0.0,0.0
178.970139468,0.0,0.0
178.975156044,0.0,0.0
178.987913681,0.0,0.0
178.99435655,0.0,0.0
179.010213872,0.0,0.0
179.020135824,0.0,0.0
179.039127531,0.0,0.0
179.049643879,0.0,0.0
179.063284813,0.0,0.0
179.071384473,0.0,0.0
179.088630589,0.0,0.0
179.106559401,0.0,0.0
179.119760036,0.0,0.0
179.132359775,0.0,0.0
179.146655305,0.0,0.0
179.158703646,0.0,0.0
179.170367589,0.0,0.0
179.181765733,0.0,0.0
179.19451477,0.0,0.0
179.211219389,0.0,0.0
179.217822356,0.0,0.0
179.234432975,0.0,0.0
179.252050989,0.0,0.0
179.259160154,0.0,0.0
179.272934587,0.0,0.0
179.281516645,0.0,0.0
179.294979179,0.0,0.0
179.303772836,0.0,0.0
179.320769153,0.0,0.0
179.333409191,0.0,0.0
179.350104609,0.0,0.0
179.358245169,0.0,0.0
179.373999191,0.0,0.0
179.383295644,0.0,0.0
179.396505378,0.0,0.0
179.404646937,0.0,0.0
179.418449268,0.0,0.0
179.424292538,0.0,0.0
179.438418567,0.0,0.0
179.446208328,0.0,0.0
179.455535081,0.0,0.0
179.46574263,0.0,0.0
179.475974578,0.0,0.0
179.486375126,0.0,0.0
179.496569375,0.0,0.0
179.507923218,0.0,0.0
179.516760573,0.0,0.0
179.524098636,0.0,0.0
179.539672958,0.0,0.0
179.547772017,0.0,0.0
179.563646037,0.0,0.0
179.571951096,0.0,0.0
179.58698002,0.0,0.0
179.600689551,0.0,0.0
179.611373197,0.0,0.0
179.617169168,0.0,0.0
179.63471968,0.0,0.0
179.64669512,0.0,0.0
179.655979373,0.0,0.0
179.662032543,0.0,0.0
179.676297571,0.0,0.0
179.68634282,0.0,0.0
179.697724663,0.0,0.0
179.707434414,0.0,0.0
179.719789952,0.0,0.0
179.728962306,0.0,0.0
179.741887541,0.0,0.0
179.753287984,0.0,0.0
179.767139414,0.0,0.0
179.771256993,0.0,0.0
179.786734716,0.0,0.0
179.794705075,0.0,0.0
179.808448106,0.0,0.0
179.81561527,0.0,0.0
179.829474501,0.0,0.0
179.839189852,0.0,0.0
179.855050772,0.0,0.0
179.861809438,0.0,0.0
179.878251255,0.0,0.0
179.886418714,0.0,0.0
179.903398529,0.0,0.0
179.911251289,0.0,0.0
179.933240379,0.0,0.0
179.94684821,0.0,0.0
179.959089849,0.0,0.0
179.971638386,0.0,0.0
179.983127728,0.0,0.0
179.996009463,0.0,0.0
180.00664041,0.0,0.0
180.018270851,0.0,0.0
180.031352685,0.0,0.0
180.043780323,0.0,0.0
180.05224948,0.0,0.0
180.066842507,0.0,0.0
180.078565048,0.0,0.0
180.091264184,0.0,0.0
180.100943535,0.0,0.0
180.113708971,0.0,0.0
180.122219828,0.0,0.0
180.129251493,0.0,0.0
180.145034414,0.0,0.0
180.149533391,0.0,0.0
180.168605695,0.0,0.0
180.175166262,0.0,0.0
180.188389596,0.0,0.0
180.194897263,0.0,0.0
180.210691884,0.0,0.0
180.216239656,0.0,0.0
180.230089886,0.0,0.0
180.237574248,0.0,0.0
180.252665072,0.0,0.0
180.260290834,0.0,0.0
180.272434973,0.0,0.0
180.279175239,0.0,0.0
180.292398873,0.0,0.0
180.298783941,0.0,0.0
180.317280448,0.0,0.0
180.321769325,0.0,0.0
180.33074348,0.0,0.0
180.342523521,0.0,0.0
180.354735959,0.0,0.0
180.361591425,0.0,0.0
180.371676373,0.0,0.0
180.384643906,0.0,0.0
180.395415551,0.0,0.0
180.405375499,0.0,0.0
180.415542147,0.0,0.0
180.427117687,0.0,0.0
180.435708143,0.0,0.0
180.442780806,0.0,0.0
180.454773344,0.0,0.0
180.46154521,0.0,0.0
180.473239849,0.0,0.0
180.478669121,0.0,0.0
180.495349735,0.0,0.0
180.502595598,0.0,0.0
180.516501526,0.0,0.0
180.523164591,0.0,0.0
180.537214719,0.0,0.0
180.54667937,0.0,0.0
180.559993301,0.0,0.0
180.565239374,0.0,0.0
180.578032208,0.0,0.0
180.584660574,0.0,0.0
180.594042526,0.0,0.0
180.606480061,0.0,0.0
180.615854813,0.0,0.0
180.620782188,0.0,0.0
180.633310923,0.0,0.0
180.638789295,0.0,0.0
180.650380335,0.0,0.0
180.657083,0.0,0.0
180.665543957,0.0,0.0
180.675191307,0.0,0.0
180.685602553,0.0,0.0
180.694516707,0.0,0.0
180.704099258,0.0,0.0
180.710230826,0.0,0.0
180.722423063,0.0,0.0
180.728299033,0.0,0.0
180.74045637,0.0,0.0
180.747267435,0.0,0.0
180.759511072,0.0,0.0
180.765848939,0.0,0.0
180.775035391,0.0,0.0
180.785933435,0.0,0.0
180.795245287,0.0,0.0
180.803593744,0.0,0.0
180.810402009,0.0,0.0
180.81593918,0.0,0.0
180.827456421,0.0,0.0
180.834114687,0.0,0.0
180.852960289,0.0,0.0
180.858373461,0.0,0.0
180.873966481,0.0,0.0
180.879649851,0.0,0.0
180.896548064,0.0,0.0
180.903703027,0.0,0.0
180.917868454,0.0,0.0
180.924722219,0.0,0.0
180.933894272,0.0,0.0
180.944165618,0.0,0.0
180.953035273,0.0,0.0
180.964170215,0.0,0.0
180.975178158,0.0,0.0
180.98067333,0.0,0.0
180.993054266,0.0,0.0
181.00204302,0.0,0.0
181.010330377,0.0,0.0
181.01739974,0.0,0.0
181.030008275,0.0,0.0
181.036143144,0.0,0.0
181.046247192,0.0,0.0
181.057652033,0.0,0.0
181.066190089,0.0,0.0
181.077278631,0.0,0.0
181.090781362,0.0,0.0
181.094317443,0.0,0.0
181.10861817,0.0,0.0
181.119277515,0.0,0.0
181.130352657,0.0,0.0
181.137446221,0.0,0.0
181.155469128,0.0,0.0
181.164199383,0.0,0.0
181.181075496,0.0,0.0
181.185209474,0.0,0.0
181.199883999,0.0,0.0
181.205892468,0.0,0.0
181.221111389,0.0,0.0
181.226113663,0.0,0.0
181.237885902,0.0,0.0
181.245166965,0.0,0.0
181.2577613,0.0,0.0
181.264407666,0.0,0.0
181.278793791,0.0,0.0
181.285891955,0.0,0.0
181.294914008,0.0,0.0
181.304345059,0.0,0.0
181.314574207,0.0,0.0
181.324648955,0.0,0.0
181.333814807,0.0,0.0
181.344159654,0.0,0.0
181.352483811,0.0,0.0
181.357887083,0.0,0.0
181.371768111,0.0,0.0
181.378771574,0.0,0.0
181.391083609,0.0,0.0
181.39836597,0.0,0.0
181.409944309,0.0,0.0
181.417434569,0.0,0.0
181.429598805,0.0,0.0
181.437833161,0.0,0.0
181.452850882,0.0,0.0
181.459280148,0.0,0.0
181.466566609,0.0,0.0
181.475537462,0.0,0.0
181.485176611,0.0,0.0
181.495505356,0.0,0.0
181.503015616,0.0,0.0
181.510191478,0.0,0.0
181.521876016,0.0,0.0
181.52684019,0.0,0.0
181.53828033,0.0,0.0
181.54582649,0.0,0.0
181.551130262,0.0,0.0
181.562041604,0.0,0.0
181.570455359,0.0,0.0
181.575302934,0.0,0.0
181.586995672,0.0,0.0
181.593239539,0.0,0.0
181.603711183,0.0,0.0
181.609635052,0.0,0.0
181.619783298,0.0,0.0
181.62889055,0.0,0.0
181.638396,0.0,0.0
181.648002849,0.0,0.0
181.657016601,0.0,0.0
181.669632234,0.0,0.0
181.679247984,0.0,0.0
181.685437451,0.0,0.0
181.696564792,0.0,0.0
181.70250616,0.0,0.0
181.714974394,0.0,0.0
181.720173567,0.0,0.0
181.730148214,0.0,0.0
181.739650064,0.0,0.0
181.751405402,0.0,0.0
181.759952556,0.0,0.0
181.771130797,0.0,0.0
181.780796246,0.0,0.0
181.789336601,0.0,0.0
181.798694951,0.0,0.0
181.815550062,0.0,0.0
181.820637535,0.0,0.0
181.836491751,0.0,0.0
181.843930612,0.0,0.0
181.857275741,0.0,0.0
181.864439303,0.0,0.0
181.878706128,0.0,0.0
181.88596279,0.0,0.0
181.903452897,0.0,0.0
181.909747464,0.0,0.0
181.924445586,0.0,0.0
181.932987241,0.0,0.0
181.952895835,0.0,0.0
181.958761504,0.0,0.0
181.973507926,0.0,0.0
181.981614183,0.0,0.0
181.993831819,0.0,0.0
182.001435178,0.0,0.0
182.015904102,0.0,0.0
182.02384306,0.0,0.0
182.037441888,0.0,0.0
182.047967932,0.0,0.0
182.064051047,0.0,0.0
182.070745812,0.0,0.0
182.084611138,0.0,0.0
182.090996905,0.0,0.0
182.104345034,0.0,0.0
182.111445996,0.0,0.0
182.121684142,0.0,0.0
182.132856183,0.0,0.0
182.145378617,0.0,0.0
182.15042359,0.0,0.0
182.162432226,0.0,0.0
182.168335495,0.0,0.0
182.182031323,0.0,0.0
182.188981286,0.0,0.0
182.200595324,0.0,0.0
182.206700592,0.0,0.0
182.221271415,0.0,0.0
182.228833375,0.0,0.0
182.244369793,0.0,0.0
182.25242825,0.0,0.0
182.264865084,0.0,0.0
182.270625854,0.0,0.0
182.285016578,0.0,0.0
182.291372044,0.0,0.0
182.299942999,0.0,0.0
182.311989635,0.0,0.0
182.322200381,0.0,0.0
182.33377972,0.0,0.0
182.343874266,0.0,0.0
182.357990992,0.0,0.0
182.36957613,0.0,0.0
182.37871808,0.0,0.0
182.387893631,0.0,0.0
182.396936382,0.0,0.0
182.407719123,0.0,0.0
182.414006789,0.0,0.0
182.425927324,0.0,0.0
182.433459484,0.0,0.0
182.446385614,0.0,0.0
182.453190077,0.0,0.0
182.466409605,0.0,0.0
182.475288357,0.0,0.0
182.488279186,0.0,0.0
182.495443648,0.0,0.0
182.509326972,0.0,0.0
182.514041247,0.0,0.0
182.52444129,0.0,0.0
182.533093143,0.0,0.0
182.542858391,0.0,0.0
182.55225784,0.0,0.0
182.563722877,0.0,0.0
182.569725945,0.0,0.0
182.581839279,0.0,0.0
182.587665748,0.0,0.0
182.601449373,0.0,0.0
182.609549429,0.0,0.0
182.622396359,0.0,0.0
182.630376116,0.0,0.0
182.646673228,0.0,0.0
182.654889383,0.0,0.0
182.669187506,0.0,0.0
182.676760765,0.0,0.0
182.690122392,0.0,0.0
182.698401447,0.0,0.0
182.711382777,0.0,0.0
182.717800242,0.0,0.0
182.731506868,0.0,0.0
182.740648618,0.0,0.0
182.755911936,0.0,0.0
182.763938392,0.0,0.0
182.780757001,0.0,0.0
182.787741663,0.0,0.0
182.803367478,0.0,0.0
182.810784638,0.0,0.0
182.824070566,0.0,0.0
182.83071243,0.0,0.0
182.847848137,0.0,0.0
182.849341529,0.0,0.0
182.861909261,0.0,0.0
182.870863712,0.0,0.0
182.879819864,0.0,0.0
182.89341599,0.0,0.0
182.905729223,0.0,0.0
182.914821174,0.0,0.0
182.925283417,0.0,0.0
182.936273158,0.0,0.0
182.9469261,0.0,0.0
182.959436032,0.0,0.0
182.969306877,0.0,0.0
182.981404524,0.0,0.0
182.992845163,0.0,0.0
183.001708871,0.0,0.0
183.010274476,0.0,0.0
183.016258448,0.0,0.0
183.029747513,0.0,0.0
183.03528318,0.0,0.0
183.050535166,0.0,0.0
183.056778142,0.0,0.0
183.069832301,0.0,0.0
183.074377456,0.0,0.0
183.082718257,0.0,0.0
183.092462176,0.0,0.0
183.101112881,0.0,0.0
183.111816312,0.0,0.0
183.120624119,0.0,0.0
183.126328888,0.0,0.0
183.138543337,0.0,0.0
183.145450021,0.0,0.0
183.15768817,0.0,0.0
183.163721344,0.0,0.0
183.176658601,0.0,0.0
183.185346107,0.0,0.0
183.198691369,0.0,0.0
183.204611042,0.0,0.0
183.216112882,0.0,0.0
183.224683086,0.0,0.0
183.233559394,0.0,0.0
183.244490327,0.0,0.0
183.253606338,0.0,0.0
183.264033365,0.0,0.0
183.273685382,0.0,0.0
183.279934859,0.0,0.0
183.294601237,0.0,0.0
183.300454908,0.0,0.0
183.314175375,0.0,0.0
183.321223661,0.0,0.0
183.333347309,0.0,0.0
183.338092467,0.0,0.0
183.347475881,0.0,0.0
183.355318976,0.0,0.0
183.366138608,0.0,0.0
183.378785361,0.0,0.0
183.388046272,0.0,0.0
183.404093665,0.0,0.0
183.409008725,0.0,0.0
183.416467015,0.0,0.0
183.431405695,0.0,0.0
183.43602535,0.0,0.0
183.452361747,0.0,0.0
183.455564486,0.0,0.0
183.468188438,0.0,0.0
183.474918519,0.0,0.0
183.489425694,0.0,0.0
183.494827459,0.0,0.0
183.50321936,0.0,0.0
183.510911352,0.0,0.0
183.519290753,0.0,0.0
183.524651518,0.0,0.0
183.537477573,0.0,0.0
183.543428344,0.0,0.0
183.554198174,0.0,0.0
183.562734277,0.0,0.0
183.576473842,0.0,0.0
183.584912644,0.0,0.0
183.599829124,0.0,0.0
183.603274565,0.0,0.0
183.61779394,0.0,0.0
183.628755672,0.0,0.0
183.642433137,0.0,0.0
183.650807238,0.0,0.0
183.664582004,0.0,0.0
183.670475175,0.0,0.0
183.684531944,0.0,0.0
183.690714619,0.0,0.0
183.702345959,0.0,0.0
183.711938574,0.0,0.0
183.720511978,0.0,0.0
183.730336596,0.0,0.0
183.74058902,0.0,0.0
183.747790506,0.0,0.0
183.760719162,0.0,0.0
183.767662346,0.0,0.0
183.779133484,0.0,0.0
183.785682463,0.0,0.0
183.798332915,0.0,0.0
183.804413489,0.0,0.0
183.820833086,0.0,0.0
183.826020849,0.0,0.0
183.845635085,0.0,0.0
183.85100395,0.0,0.0
183.868126356,0.0,0.0
183.873487921,0.0,0.0
183.882900834,0.0,0.0
183.894247971,0.0,0.0
183.903118578,0.0,0.0
183.915220024,0.0,0.0
183.927508872,0.0,0.0
183.939265713,0.0,0.0
183.949008831,0.0,0.0
183.958676947,0.0,0.0
183.967614355,0.0,0.0
183.973658828,0.0,0.0
183.987600796,0.0,0.0
183.993393665,0.0,0.0
184.007485735,0.0,0.0
184.014201216,0.0,0.0
184.029998907,0.0,0.0
184.037477197,0.0,0.0
184.053423789,0.0,0.0
184.062756701,0.0,0.0
184.084699566,0.0,0.0
184.089666425,0.0,0.0
184.104522204,0.0,0.0
184.110732279,0.0,0.0
184.126048364,0.0,0.0
184.132109737,0.0,0.0
184.147121618,0.0,0.0
184.153578195,0.0,0.0
184.173527136,0.0,0.0
184.182240141,0.0,0.0
184.196780816,0.0,0.0
184.203032491,0.0,0.0
184.21699996,0.0,0.0
184.223328936,0.0,0.0
184.237547207,0.0,0.0
184.244663493,0.0,0.0
184.258598661,0.0,0.0
184.264122027,0.0,0.0
184.276415875,0.0,0.0
184.284547973,0.0,0.0
184.293521081,0.0,0.0
184.302377588,0.0,0.0
184.310938191,0.0,0.0
184.323475342,0.0,0.0
184.334151571,0.0,0.0
184.340158343,0.0,0.0
184.354049011,0.0,0.0
184.360462588,0.0,0.0
184.372384531,0.0,0.0
184.381297037,0.0,0.0
184.397907935,0.0,0.0
184.403223699,0.0,0.0
184.419048387,0.0,0.0
184.425447264,0.0,0.0
184.437206604,0.0,0.0
184.44358608,0.0,0.0
184.458335656,0.0,0.0
184.466026147,0.0,0.0
184.479925413,0.0,0.0
184.4872264,0.0,0.0
184.503467694,0.0,0.0
184.510314376,0.0,0.0
184.522989827,0.0,0.0
184.531360027,0.0,0.0
184.544041178,0.0,0.0
184.555038609,0.0,0.0
184.563835414,0.0,0.0
184.574097736,0.0,0.0
184.585879977,0.0,0.0
184.596689405,0.0,0.0
184.606642524,0.0,0.0
184.608910151,0.0,0.0
184.622034008,0.0,0.0
184.627845877,0.0,0.0
184.64237635,0.0,0.0
184.649484035,0.0,0.0
184.661114074,0.0,0.0
184.667141345,0.0,0.0
184.676253754,0.0,0.0
184.685353263,0.0,0.0
184.694858176,0.0,0.0
184.703892684,0.0,0.0
184.715246819,0.0,0.0
184.721555194,0.0,0.0
184.731873317,0.0,0.0
184.738045891,0.0,0.0
184.75137465,0.0,0.0
184.756620612,0.0,0.0
184.766178626,0.0,0.0
184.775580038,0.0,0.0
184.785608158,0.0,0.0
184.794013158,0.0,0.0
184.803267969,0.0,0.0
184.809025937,0.0,0.0
184.821933591,0.0,0.0
184.829868586,0.0,0.0
184.845270169,0.0,0.0
184.852642457,0.0,0.0
184.870265167,0.0,0.0
184.878358264,0.0,0.0
184.893421044,0.0,0.0
184.902449251,0.0,0.0
184.917548031,0.0,0.0
184.926931943,0.0,0.0
184.941970122,0.0,0.0
184.949864117,0.0,0.0
184.969918156,0.0,0.0
184.977949051,0.0,0.0
184.994251546,0.0,0.0
185.003300954,0.0,0.0
185.020413358,0.0,0.0
185.030918683,0.0,0.0
185.051781532,0.0,0.0
185.062940865,0.0,0.0
185.07761304,0.0,0.0
185.093113225,0.0,0.0
185.10446326,0.0,0.0
185.116933409,0.0,0.0
185.144935342,0.0,0.0
185.167870216,0.0,0.0
185.19251511,0.0,0.0
185.205215261,0.0,0.0
185.230338161,0.0,0.0
185.248397276,0.0,0.0
185.267433703,0.0,0.0
185.274180684,0.0,0.0
185.293351312,0.0,0.0
185.300045492,0.0,0.0
185.321278345,0.0,0.0
185.328914236,0.0,0.0
185.349719384,0.0,0.0
185.362198233,0.0,0.0
185.386004615,0.0,0.0
185.396744441,0.0,0.0
185.418309696,0.0,0.0
185.422534246,0.0,0.0
185.444695707,0.0,0.0
185.464478341,0.0,0.0
185.47966352,0.0,0.0
185.49323198,0.0,0.0
185.505811628,0.0,0.0
185.516310252,0.0,0.0
185.53220604,0.0,0.0
185.541458749,0.0,0.0
185.561452985,0.0,0.0
185.566674547,0.0,0.0
185.580781313,0.0,0.0
185.58985702,0.0,0.0
185.603714784,0.0,0.0
185.609128548,0.0,0.0
185.62624315,0.0,0.0
185.636503871,0.0,0.0
185.656857311,0.0,0.0
185.671887388,0.0,0.0
185.692257429,0.0,0.0
185.70170784,0.0,0.0
185.717855331,0.0,0.0
185.726074628,0.0,0.0
185.733534816,0.0,0.0
185.748627594,0.0,0.0
185.764465181,0.0,0.0
185.770965957,0.0,0.0
185.788478964,0.0,0.0
185.79325082,0.0,0.0
185.801971423,0.0,0.0
185.813830063,0.0,0.0
185.82288717,0.0,0.0
185.834397606,0.0,0.0
185.846302646,0.0,0.0
185.85761618,0.0,0.0
185.868177505,0.0,0.0
185.875459791,0.0,0.0
185.890585169,0.0,0.0
185.897844155,0.0,0.0
185.91540422,0.0,0.0
185.930298258,0.0,0.0
185.938679424,0.0,0.0
185.950272976,0.0,0.0
185.964399517,0.0,0.0
185.975431172,0.0,0.0
185.998303678,0.0,0.0
186.006831342,0.0,0.0
186.023141875,0.0,0.0
186.03160144,0.0,0.0
186.047961773,0.0,0.0
186.059293926,0.0,0.0
186.074924362,0.0,0.0
186.080362839,0.0,0.0
186.096509272,0.0,0.0
186.103395444,0.0,0.0
186.119046779,0.0,0.0
186.127224546,0.0,0.0
186.142155684,0.0,0.0
186.149434354,0.0,0.0
186.166426284,0.0,0.0
186.174343051,0.0,0.0
186.189464289,0.0,0.0
186.199886846,0.0,0.0
186.218444569,0.0,0.0
186.226298037,0.0,0.0
186.243341267,0.0,0.0
186.250124339,0.0,0.0
186.262751287,0.0,0.0
186.273792941,0.0,0.0
186.294478456,0.0,0.0
186.30565331,0.0,0.0
186.321088746,0.0,0.0
186.340549966,0.0,0.0
186.353088714,0.0,0.0
186.360736782,0.0,0.0
186.379304604,0.0,0.0
186.385628777,0.0,0.0
186.400274915,0.0,0.0
186.407218286,0.0,0.0
186.423242718,0.0,0.0
186.42963849,0.0,0.0
186.439767647,0.0,0.0
186.451292999,0.0,0.0
186.460993657,0.0,0.0
186.475773595,0.0,0.0
186.487348645,0.0,0.0
186.499407894,0.0,0.0
186.508520756,0.0,0.0
186.51931101,0.0,0.0
186.532409754,0.0,0.0
186.545287399,0.0,0.0
186.562342627,0.0,0.0
186.571948386,0.0,0.0
186.591546103,0.0,0.0
186.600596765,0.0,0.0
186.611293219,0.0,0.0
186.620953178,0.0,0.0
186.639107701,0.0,0.0
186.646599769,0.0,0.0
186.661186907,0.0,0.0
186.667270181,0.0,0.0
186.68181182,0.0,0.0
186.690848581,0.0,0.0
186.707810209,0.0,0.0
186.715418377,0.0,0.0
186.728234023,0.0,0.0
186.736091489,0.0,0.0
186.749647632,0.0,0.0
186.7569718,0.0,0.0
186.772582334,0.0,0.0
186.779988603,0.0,0.0
186.800152817,0.0,0.0
186.807111088,0.0,0.0
186.823319419,0.0,0.0
186.830996786,0.0,0.0
186.845735324,0.0,0.0
186.855578582,0.0,0.0
186.870413819,0.0,0.0
186.878575884,0.0,0.0
186.896341509,0.0,0.0
186.902283283,0.0,0.0
186.916301224,0.0,0.0
186.921471102,0.0,0.0
186.929973366,0.0,0.0
186.942057314,0.0,0.0
186.954176563,0.0,0.0
186.962849526,0.0,0.0
186.973081583,0.0,0.0
186.984112836,0.0,0.0
186.993418696,0.0,0.0
187.004028851,0.0,0.0
187.014130908,0.0,0.0
187.026027558,0.0,0.0
187.036715713,0.0,0.0
187.044575779,0.0,0.0
187.057972822,0.0,0.0
187.066372787,0.0,0.0
187.07736104,0.0,0.0
187.087245698,0.0,0.0
187.102369534,0.0,0.0
187.1102201,0.0,0.0
187.126210532,0.0,0.0
187.134004199,0.0,0.0
187.149578533,0.0,0.0
187.157528199,0.0,0.0
187.176058921,0.0,0.0
187.181510298,0.0,0.0
187.201548113,0.0,0.0
187.210487475,0.0,0.0
187.22573401,0.0,0.0
187.232384282,0.0,0.0
187.246352122,0.0,0.0
187.252933494,0.0,0.0
187.266417237,0.0,0.0
187.274160204,0.0,0.0
187.290140836,0.0,0.0
187.294750717,0.0,0.0
187.310260451,0.0,0.0
187.318174417,0.0,0.0
187.336089641,0.0,0.0
187.347367693,0.0,0.0
187.363444125,0.0,0.0
187.370651094,0.0,0.0
187.38541723,0.0,0.0
187.394924688,0.0,0.0
187.412232013,0.0,0.0
187.419202382,0.0,0.0
187.436586406,0.0,0.0
187.451025143,0.0,0.0
187.465178481,0.0,0.0
187.471401254,0.0,0.0
187.486815787,0.0,0.0
187.49516745,0.0,0.0
187.51137848,0.0,0.0
187.519195746,0.0,0.0
187.533146785,0.0,0.0
187.540443853,0.0,0.0
187.558417574,0.0,0.0
187.56398755,0.0,0.0
187.579821381,0.0,0.0
187.586762251,0.0,0.0
187.600491691,0.0,0.0
187.610616046,0.0,0.0
187.624217687,0.0,0.0
187.632166752,0.0,0.0
187.649071179,0.0,0.0
187.654220656,0.0,0.0
187.668827792,0.0,0.0
187.677476855,0.0,0.0
187.691001396,0.0,0.0
187.697992865,0.0,0.0
187.711544006,0.0,0.0
187.719489071,0.0,0.0
187.736629596,0.0,0.0
187.742913069,0.0,0.0
187.754418419,0.0,0.0
187.764173276,0.0,0.0
187.780263706,0.0,0.0
187.78848537,0.0,0.0
187.799418322,0.0,0.0
187.806494991,0.0,0.0
187.819498735,0.0,0.0
187.826533004,0.0,0.0
187.840430743,0.0,0.0
187.847104414,0.0,0.0
187.856940271,0.0,0.0
187.866966827,0.0,0.0
187.879389973,0.0,0.0
187.888992431,0.0,0.0
187.898635489,0.0,0.0
187.909169243,0.0,0.0
187.92128999,0.0,0.0
187.937528819,0.0,0.0
187.948373972,0.0,0.0
187.961500215,0.0,0.0
187.973129764,0.0,0.0
187.983368819,0.0,0.0
187.994148972,0.0,0.0
188.003994029,0.0,0.0
188.019203163,0.0,0.0
188.030361614,0.0,0.0
188.040873768,0.0,0.0
188.05188292,0.0,0.0
188.062145175,0.0,0.0
188.06804775,0.0,0.0
188.082101488,0.0,0.0
188.087852863,0.0,0.0
188.104878789,0.0,0.0
188.111900658,0.0,0.0
188.127171092,0.0,0.0
188.134589159,0.0,0.0
188.148782597,0.0,0.0
188.15498987,0.0,0.0
188.169702906,0.0,0.0
188.175977478,0.0,0.0
188.188922422,0.0,0.0
188.196984587,0.0,0.0
188.209646431,0.0,0.0
188.215758505,0.0,0.0
188.22831895,0.0,0.0
188.234647222,0.0,0.0
188.24432468,0.0,0.0
188.256698526,0.0,0.0
188.264792691,0.0,0.0
188.28110222,0.0,0.0
188.28781139,0.0,0.0
188.30156163,0.0,0.0
188.313275079,0.0,0.0
188.325076228,0.0,0.0
188.335773681,0.0,0.0
188.346303235,0.0,0.0
188.357753585,0.0,0.0
188.368764837,0.0,0.0
188.378196194,0.0,0.0
188.384007268,0.0,0.0
188.399514699,0.0,0.0
188.408970456,0.0,0.0
188.422242397,0.0,0.0
188.428131571,0.0,0.0
188.442740605,0.0,0.0
188.449351175,0.0,0.0
188.462643916,0.0,0.0
188.470006583,0.0,0.0
188.482959925,0.0,0.0
188.489308196,0.0,0.0
188.505538624,0.0,0.0
188.511114399,0.0,0.0
188.525729833,0.0,0.0
188.532626702,0.0,0.0
188.543309154,0.0,0.0
188.559306183,0.0,0.0
188.579115494,0.0,0.0
188.591229939,0.0,0.0
188.608540262,0.0,0.0
188.614475535,0.0,0.0
188.629159869,0.0,0.0
188.636389337,0.0,0.0
188.655353452,0.0,0.0
188.662747119,0.0,0.0
188.679841642,0.0,0.0
188.687261709,0.0,0.0
188.70261864,0.0,0.0
188.70923811,0.0,0.0
188.723167648,0.0,0.0
188.731176512,0.0,0.0
188.744706451,0.0,0.0
188.752738315,0.0,0.0
188.767206851,0.0,0.0
188.772557827,0.0,0.0
188.785624268,0.0,0.0
188.791502142,0.0,0.0
188.801353698,0.0,0.0
188.815529934,0.0,0.0
188.827214382,0.0,0.0
188.836714139,0.0,0.0
188.848364287,0.0,0.0
188.85888454,0.0,0.0
188.866627305,0.0,0.0
188.877854855,0.0,0.0
188.889443103,0.0,0.0
188.900504853,0.0,0.0
188.908540817,0.0,0.0
188.914080592,0.0,0.0
188.927812931,0.0,0.0
188.935789595,0.0,0.0
188.947911441,0.0,0.0
188.95477351,0.0,0.0
188.969674843,0.0,0.0
188.976488813,0.0,0.0
188.990102252,0.0,0.0
189.000948203,0.0,0.0
189.01503094,0.0,0.0
189.02176741,0.0,0.0
189.03053267,0.0,0.0
189.042192418,0.0,0.0
189.053422768,0.0,0.0
189.063526322,0.0,0.0
189.075589768,0.0,0.0
189.084738527,0.0,0.0
189.095026381,0.0,0.0
189.105837633,0.0,0.0
189.116118587,0.0,0.0
189.128197932,0.0,0.0
189.14210087,0.0,0.0
189.15334712,0.0,0.0
189.162686578,0.0,0.0
189.169764246,0.0,0.0
189.188103364,0.0,0.0
189.192518944,0.0,0.0
189.206190683,0.0,0.0
189.215000243,0.0,0.0
189.228033185,0.0,0.0
189.233275361,0.0,0.0
189.247696297,0.0,0.0
189.255377262,0.0,0.0
189.268480804,0.0,0.0
189.277936561,0.0,0.0
189.292093298,0.0,0.0
189.302167553,0.0,0.0
189.316411089,0.0,0.0
189.323272058,0.0,0.0
189.337108896,0.0,0.0
189.344402563,0.0,0.0
189.361173888,0.0,0.0
189.369854249,0.0,0.0
189.382834389,0.0,0.0
189.389091261,0.0,0.0
189.404253491,0.0,0.0
189.409541766,0.0,0.0
189.419408721,0.0,0.0
189.429042977,0.0,0.0
189.439751828,0.0,0.0
189.449172684,0.0,0.0
189.458214343,0.0,0.0
189.465651709,0.0,0.0
189.479738144,0.0,0.0
189.488025906,0.0,0.0
189.503281136,0.0,0.0
189.508698811,0.0,0.0
189.523154244,0.0,0.0
189.533463197,0.0,0.0
189.544922144,0.0,0.0
189.55025962,0.0,0.0
189.563930157,0.0,0.0
189.570501326,0.0,0.0
189.582204373,0.0,0.0
189.591674929,0.0,0.0
189.603842173,0.0,0.0
189.613487729,0.0,0.0
189.625566673,0.0,0.0
189.634748331,0.0,0.0
189.642069297,0.0,0.0
189.648654867,0.0,0.0
189.663887697,0.0,0.0
189.669586271,0.0,0.0
189.684611602,0.0,0.0
189.690225476,0.0,0.0
189.705487006,0.0,0.0
189.714614164,0.0,0.0
189.726996007,0.0,0.0
189.733832475,0.0,0.0
189.745417722,0.0,0.0
189.751431395,0.0,0.0
189.760460453,0.0,0.0
189.768418216,0.0,0.0
189.777329776,0.0,0.0
189.782517252,0.0,0.0
189.796330888,0.0,0.0
189.802930258,0.0,0.0
189.816493495,0.0,0.0
189.82422776,0.0,0.0
189.838465694,0.0,0.0
189.845730461,0.0,0.0
189.861460689,0.0,0.0
189.867279262,0.0,0.0
189.881727696,0.0,0.0
189.88731327,0.0,0.0
189.896213729,0.0,0.0
189.908791271,0.0,0.0
189.921482813,0.0,0.0
189.933292658,0.0,0.0
189.9460747,0.0,0.0
189.957760446,0.0,0.0
189.967894899,0.0,0.0
189.978991548,0.0,0.0
189.989826799,0.0,0.0
190.002012642,0.0,0.0
190.014295786,0.0,0.0
190.023846642,0.0,0.0
190.034148095,0.0,0.0
190.047187235,0.0,0.0
190.057885186,0.0,0.0
190.071217024,0.0,0.0
190.083663867,0.0,0.0
190.094315318,0.0,0.0
190.105558466,0.0,0.0
190.116564916,0.0,0.0
190.129467356,0.0,0.0
190.140884404,0.0,0.0
190.153657745,0.0,0.0
190.165413191,0.0,0.0
190.17663364,0.0,0.0
190.190224277,0.0,0.0
190.203164818,0.0,0.0
190.219782841,0.0,0.0
190.238266756,0.0,0.0
190.246368519,0.0,0.0
190.265585631,0.0,0.0
190.273292995,0.0,0.0
190.293626802,0.0,0.0
190.305037549,0.0,0.0
190.326896749,0.0,0.0
190.340300387,0.0,0.0
190.352508931,0.0,0.0
190.365513371,0.0,0.0
190.375195626,0.0,0.0
190.386556172,0.0,0.0
190.396909823,0.0,0.0
190.410554359,0.0,0.0
190.424063096,0.0,0.0
190.437691631,0.0,0.0
190.44863378,0.0,0.0
190.463866508,0.0,0.0
190.47414336,0.0,0.0
190.487281198,0.0,0.0
190.498782844,0.0,0.0
190.511593283,0.0,0.0
190.521039439,0.0,0.0
190.534144577,0.0,0.0
190.543285034,0.0,0.0
190.556001274,0.0,0.0
190.572857395,0.0,0.0
190.579907761,0.0,0.0
190.596554983,0.0,0.0
190.601583759,0.0,0.0
190.616850787,0.0,0.0
190.622989358,0.0,0.0
190.633849407,0.0,0.0
190.644797156,0.0,0.0
190.655353906,0.0,0.0
190.665858056,0.0,0.0
190.675211412,0.0,0.0
190.689997343,0.0,0.0
190.697588207,0.0,0.0
190.708398256,0.0,0.0
190.720631698,0.0,0.0
190.736074126,0.0,0.0
190.745196383,0.0,0.0
190.750315659,0.0,0.0
190.765553287,0.0,0.0
190.774688144,0.0,0.0
190.791325165,0.0,0.0
190.797532236,0.0,0.0
190.819145934,0.0,0.0
190.832059573,0.0,0.0
190.840987131,0.0,0.0
190.859295845,0.0,0.0
190.868914,0.0,0.0
190.879901048,0.0,0.0
190.891401494,0.0,0.0
190.903903735,0.0,0.0
190.916558775,0.0,0.0
190.93033091,0.0,0.0
190.941200659,0.0,0.0
190.9538529,0.0,0.0
190.973703706,0.0,0.0
190.980818988,0.0,0.0
190.998228832,0.0,0.0
191.007362107,0.0,0.0
191.02462545,0.0,0.0
191.035408239,0.0,0.0
191.053070084,0.0,0.0
191.062868665,0.0,0.0
191.081795721,0.0,0.0
191.092893313,0.0,0.0
191.117879119,0.0,0.0
191.132956743,0.0,0.0
191.151124193,0.0,0.0
191.162617288,0.0,0.0
191.178930223,0.0,0.0
191.188004397,0.0,0.0
191.212714101,0.0,0.0
191.231032452,0.0,0.0
191.247416588,0.0,0.0
191.26464103,0.0,0.0
191.288792229,0.0,0.0
191.298355508,0.0,0.0
191.319345081,0.0,0.0
191.335150411,0.0,0.0
191.351313645,0.0,0.0
191.366778272,0.0,0.0
191.390510365,0.0,0.0
191.398983134,0.0,0.0
191.425158147,0.0,0.0
191.444962008,0.0,0.0
191.458021515,0.0,0.0
191.469958712,0.0,0.0
191.490484179,0.0,0.0
191.499119349,0.0,0.0
191.515671484,0.0,0.0
191.524429755,0.0,0.0
191.542838405,0.0,0.0
191.550644768,0.0,0.0
191.566259096,0.0,0.0
191.573590455,0.0,0.0
191.584126341,0.0,0.0
191.595556134,0.0,0.0
191.60607852,0.0,0.0
191.618626222,0.0,0.0
191.628390701,0.0,0.0
191.641389707,0.0,0.0
191.650933685,0.0,0.0
191.662446778,0.0,0.0
191.672595461,0.0,0.0
191.684902061,0.0,0.0
191.694974743,0.0,0.0
191.707208242,0.0,0.0
191.723323674,0.0,0.0
191.732434848,0.0,0.0
191.746978866,0.0,0.0
191.755424235,0.0,0.0
191.770939061,0.0,0.0
191.778110519,0.0,0.0
191.797446877,0.0,0.0
191.807397758,0.0,0.0
191.834927182,0.0,0.0
191.850129506,0.0,0.0
191.870839074,0.0,0.0
191.88016285,0.0,0.0
191.896253981,0.0,0.0
191.904921851,0.0,0.0
191.920345377,0.0,0.0
191.929551052,0.0,0.0
191.947576599,0.0,0.0
191.954358154,0.0,0.0
191.968191766,0.0,0.0
191.977187539,0.0,0.0
191.997602206,0.0,0.0
192.009383601,0.0,0.0
192.03003877,0.0,0.0
192.039148544,0.0,0.0
192.051849447,0.0,0.0
192.06569356,0.0,0.0
192.081352887,0.0,0.0
192.091185467,0.0,0.0
192.105858387,0.0,0.0
192.11124443,0.0,0.0
192.12717636,0.0,0.0
192.132307602,0.0,0.0
192.141983181,0.0,0.0
192.154738784,0.0,0.0
192.166908183,0.0,0.0
192.177301168,0.0,0.0
192.191300982,0.0,0.0
192.203549282,0.0,0.0
192.213612063,0.0,0.0
192.224684054,0.0,0.0
192.233232923,0.0,0.0
192.245509423,0.0,0.0
192.256946816,0.0,0.0
192.267976106,0.0,0.0
192.277985587,0.0,0.0
192.284739642,0.0,0.0
192.303475995,0.0,0.0
192.310820354,0.0,0.0
192.330969718,0.0,0.0
192.340892699,0.0,0.0
192.352510494,0.0,0.0
192.362774677,0.0,0.0
192.372769258,0.0,0.0
192.383420143,0.0,0.0
192.39549974,0.0,0.0
192.40047328,0.0,0.0
192.415543401,0.0,0.0
192.42286956,0.0,0.0
192.434951557,0.0,0.0
192.44278372,0.0,0.0
192.458315945,0.0,0.0
192.4652317,0.0,0.0
192.485384362,0.0,0.0
192.499719177,0.0,0.0
192.515041,0.0,0.0
192.525235082,0.0,0.0
192.539411096,0.0,0.0
192.556254731,0.0,0.0
192.566461313,0.0,0.0
192.580073822,0.0,0.0
192.590700807,0.0,0.0
192.60598003,0.0,0.0
192.619087135,0.0,0.0
192.631250933,0.0,0.0
192.641704917,0.0,0.0
192.654221717,0.0,0.0
192.665508108,0.0,0.0
192.676580797,0.0,0.0
192.687955388,0.0,0.0
192.697923568,0.0,0.0
192.710107366,0.0,0.0
192.721238355,0.0,0.0
192.731646639,0.0,0.0
192.741836121,0.0,0.0
192.749827685,0.0,0.0
192.759036459,0.0,0.0
192.76660652,0.0,0.0
192.772360566,0.0,0.0
192.785932475,0.0,0.0
192.792701829,0.0,0.0
192.807613449,0.0,0.0
192.814951608,0.0,0.0
192.830595533,0.0,0.0
192.838219094,0.0,0.0
192.85391042,0.0,0.0
192.861917285,0.0,0.0
192.876598603,0.0,0.0
192.882095247,0.0,0.0
192.894158044,0.0,0.0
192.900857197,0.0,0.0
192.913446398,0.0,0.0
192.925774697,0.0,0.0
192.940158613,0.0,0.0
192.948771182,0.0,0.0
192.963781102,0.0,0.0
192.969106945,0.0,0.0
192.983339659,0.0,0.0
192.98957741,0.0,0.0
192.999317888,0.0,0.0
193.009756572,0.0,0.0
193.020125455,0.0,0.0
193.033750964,0.0,0.0
193.043973246,0.0,0.0
193.057996859,0.0,0.0
193.069896154,0.0,0.0
193.082202453,0.0,0.0
193.090346418,0.0,0.0
193.101018904,0.0,0.0
193.113192902,0.0,0.0
193.125225298,0.0,0.0
193.134345672,0.0,0.0
193.145759563,0.0,0.0
193.155443041,0.0,0.0
193.166780732,0.0,0.0
193.179199332,0.0,0.0
193.187989802,0.0,0.0
193.19890449,0.0,0.0
193.210711985,0.0,0.0
193.228303926,0.0,0.0
193.236217389,0.0,0.0
193.251433812,0.0,0.0
193.259082873,0.0,0.0
193.275308103,0.0,0.0
193.281215651,0.0,0.0
193.29860039,0.0,0.0
193.303315628,0.0,0.0
193.3123111,0.0,0.0
193.326753316,0.0,0.0
193.337490702,0.0,0.0
193.348782693,0.0,0.0
193.362960307,0.0,0.0
193.37595061,0.0,0.0
193.387129199,0.0,0.0
193.397672982,0.0,0.0
193.405658846,0.0,0.0
193.413714009,0.0,0.0
193.422006275,0.0,0.0
193.428276725,0.0,0.0
193.441656731,0.0,0.0
193.447816879,0.0,0.0
193.459829675,0.0,0.0
193.465884923,0.0,0.0
193.477976218,0.0,0.0
193.483819465,0.0,0.0
193.492899336,0.0,0.0
193.500746299,0.0,0.0
193.510155773,0.0,0.0
193.515698717,0.0,0.0
193.527974714,0.0,0.0
193.534534466,0.0,0.0
193.544568046,0.0,0.0
193.549750887,0.0,0.0
193.55773085,0.0,0.0
193.56537251,0.0,0.0
193.573990679,0.0,0.0
193.578757116,0.0,0.0
193.590693611,0.0,0.0
193.596014153,0.0,0.0
193.606894739,0.0,0.0
193.612315082,0.0,0.0
193.62090285,0.0,0.0
193.630302425,0.0,0.0
193.637172079,0.0,0.0
193.642543022,0.0,0.0
193.656013028,0.0,0.0
193.661661173,0.0,0.0
193.672940362,0.0,0.0
193.677365697,0.0,0.0
193.685695363,0.0,0.0
193.694847136,0.0,0.0
193.703112601,0.0,0.0
193.714107688,0.0,0.0
193.723983467,0.0,0.0
193.730098115,0.0,0.0
193.741141702,0.0,0.0
193.748075657,0.0,0.0
193.758871843,0.0,0.0
193.764372186,0.0,0.0
193.773097756,0.0,0.0
193.782361129,0.0,0.0
193.790651095,0.0,0.0
193.800694774,0.0,0.0
193.809451543,0.0,0.0
193.815136288,0.0,0.0
193.829770204,0.0,0.0
193.836110855,0.0,0.0
193.84813445,0.0,0.0
193.85572861,0.0,0.0
193.866764297,0.0,0.0
193.874295157,0.0,0.0
193.881178211,0.0,0.0
193.889569178,0.0,0.0
193.898278747,0.0,0.0
193.903406087,0.0,0.0
193.915634984,0.0,0.0
193.921226929,0.0,0.0
193.93278872,0.0,0.0
193.937893261,0.0,0.0
193.947155934,0.0,0.0
193.955157597,0.0,0.0
193.962916059,0.0,0.0
193.969078308,0.0,0.0
193.981120003,0.0,0.0
193.986823948,0.0,0.0
193.997252231,0.0,0.0
194.005327995,0.0,0.0
194.015816478,0.0,0.0
194.023315837,0.0,0.0
194.033580918,0.0,0.0
194.043788499,0.0,0.0
194.053841479,0.0,0.0
194.058040669,0.0,0.0
194.070561625,0.0,0.0
194.076561104,0.0,0.0
194.088798561,0.0,0.0
194.095360038,0.0,0.0
194.103700109,0.0,0.0
194.115547868,0.0,0.0
194.124008238,0.0,0.0
194.134318802,0.0,0.0
194.140858279,0.0,0.0
194.148517752,0.0,0.0
194.158249318,0.0,0.0
194.1635276,0.0,0.0
194.171740371,0.0,0.0
194.181217038,0.0,0.0
194.188119513,0.0,0.0
194.193517794,0.0,0.0
194.205371353,0.0,0.0
194.210863234,0.0,0.0
194.221727996,0.0,0.0
194.227522375,0.0,0.0
194.235157149,0.0,0.0
194.243826418,0.0,0.0
194.252287589,0.0,0.0
194.257940069,0.0,0.0
194.268686531,0.0,0.0
194.274391411,0.0,0.0
194.281851385,0.0,0.0
194.291267552,0.0,0.0
194.299044325,0.0,0.0
194.305158503,0.0,0.0
194.317338961,0.0,0.0
194.324178437,0.0,0.0
194.335042899,0.0,0.0
194.344229467,0.0,0.0
194.34884485,0.0,0.0
194.356601423,0.0,0.0
194.366804088,0.0,0.0
194.37469786,0.0,0.0
194.382523968,0.0,0.0
194.387853127,0.0,0.0
194.398586157,0.0,0.0
194.404969205,0.0,0.0
194.414311186,0.0,0.0
194.424408102,0.0,0.0
194.435991885,0.0,0.0
194.443669866,0.0,0.0
194.451491773,0.0,0.0
194.45792103,0.0,0.0
194.467214201,0.0,0.0
194.473217781,0.0,0.0
194.484377888,0.0,0.0
194.489824868,0.0,0.0
194.496975954,0.0,0.0
194.506074391,0.0,0.0
194.514849369,0.0,0.0
194.52074973,0.0,0.0
194.531205711,0.0,0.0
194.536178906,0.0,0.0
194.548029937,0.0,0.0
194.555182724,0.0,0.0
194.562299204,0.0,0.0
194.572599956,0.0,0.0
194.580870144,0.0,0.0
194.586100885,0.0,0.0
194.597483932,0.0,0.0
194.603880783,0.0,0.0
194.615884142,0.0,0.0
194.620714511,0.0,0.0
194.628727152,0.0,0.0
194.638159048,0.0,0.0
194.645666699,0.0,0.0
194.652719067,0.0,0.0
194.662638751,0.0,0.0
194.668962289,0.0,0.0
194.680487662,0.0,0.0
194.685544171,0.0,0.0
194.694402065,0.0,0.0
194.70393698,0.0,0.0
194.713829759,0.0,0.0
194.717897991,0.0,0.0
194.730815214,0.0,0.0
194.736430024,0.0,0.0
194.748780045,0.0,0.0
194.75314483,0.0,0.0
194.761780184,0.0,0.0
194.772084337,0.0,0.0
194.779860636,0.0,0.0
194.785489448,0.0,0.0
194.796074652,0.0,0.0
194.803035804,0.0,0.0
194.810855211,0.0,0.0
194.820279406,0.0,0.0
194.829026079,0.0,0.0
194.837631327,0.0,0.0
194.846773271,0.0,0.0
194.854980247,0.0,0.0
194.864955541,0.0,0.0
194.871962002,0.0,0.0
194.883872744,0.0,0.0
194.890038653,0.0,0.0
194.904004565,0.0,0.0
194.909186997,0.0,0.0
194.923508073,0.0,0.0
194.928425658,0.0,0.0
194.937817947,0.0,0.0
194.946258965,0.0,0.0
194.955892298,0.0,0.0
194.960530932,0.0,0.0
194.972699221,0.0,0.0
194.977910158,0.0,0.0
194.991165642,0.0,0.0
194.997351055,0.0,0.0
195.004597058,0.0,0.0
195.013727,0.0,0.0
195.0237338,0.0,0.0
195.031354571,0.0,0.0
195.043945636,0.0,0.0
195.050769363,0.0,0.0
195.059790686,0.0,0.0
195.064911907,0.0,0.0
195.072443362,0.0,0.0
195.080654839,0.0,0.0
195.088521854,0.0,0.0
195.094315796,0.0,0.0
195.106187831,0.0,0.0
195.111787438,0.0,0.0
195.125559715,0.0,0.0
195.130487302,0.0,0.0
195.141109512,0.0,0.0
195.149356896,0.0,0.0
195.158198686,0.0,0.0
195.163753885,0.0,0.0
195.176570391,0.0,0.0
195.181938656,0.0,0.0
195.192142892,0.0,0.0
195.197864121,0.0,0.0
195.205302959,0.0,0.0
195.214103642,0.0,0.0
195.221240125,0.0,0.0
195.228279491,0.0,0.0
195.241469164,0.0,0.0
195.245806944,0.0,0.0
195.259230858,0.0,0.0
195.265153024,0.0,0.0
195.273552634,0.0,0.0
195.281383543,0.0,0.0
195.290422969,0.0,0.0
195.299397183,0.0,0.0
195.310068502,0.0,0.0
195.315887749,0.0,0.0
195.328299682,0.0,0.0
195.335661006,0.0,0.0
195.347645661,0.0,0.0
195.353186258,0.0,0.0
195.360651601,0.0,0.0
195.368752455,0.0,0.0
195.377203063,0.0,0.0
195.386527826,0.0,0.0
195.394051668,0.0,0.0
195.400593935,0.0,0.0
195.415359769,0.0,0.0
195.421907237,0.0,0.0
195.434460176,0.0,0.0
195.443134424,0.0,0.0
195.452601312,0.0,0.0
195.457480383,0.0,0.0
195.46559283,0.0,0.0
195.474489617,0.0,0.0
195.485132015,0.0,0.0
195.494798439,0.0,0.0
195.504764217,0.0,0.0
195.513316243,0.0,0.0
195.522464575,0.0,0.0
195.527971957,0.0,0.0
195.540066114,0.0,0.0
195.545378162,0.0,0.0
195.557278985,0.0,0.0
195.564375551,0.0,0.0
195.577470387,0.0,0.0
195.581607725,0.0,0.0
195.589527237,0.0,0.0
195.597981245,0.0,0.0
195.605934364,0.0,0.0
195.610447569,0.0,0.0
195.622858683,0.0,0.0
195.6285594,0.0,0.0
195.643543173,0.0,0.0
195.649154774,0.0,0.0
195.658191986,0.0,0.0
195.666981954,0.0,0.0
195.67481195,0.0,0.0
195.680111096,0.0,0.0
195.690936927,0.0,0.0
195.695801495,0.0,0.0
195.707391262,0.0,0.0
195.714938908,0.0,0.0
195.721324047,0.0,0.0
195.730352658,0.0,0.0
195.738077736,0.0,0.0
195.742891395,0.0,0.0
195.753114318,0.0,0.0
195.759333127,0.0,0.0
195.767046603,0.0,0.0
195.774972317,0.0,0.0
195.785505596,0.0,0.0
195.794004612,0.0,0.0
195.802079953,0.0,0.0
195.806805796,0.0,0.0
195.816757071,0.0,0.0
195.822906868,0.0,0.0
195.830579336,0.0,0.0
195.838717588,0.0,0.0
195.846327446,0.0,0.0
195.851418954,0.0,0.0
195.862488428,0.0,0.0
195.868350774,0.0,0.0
195.878995473,0.0,0.0
195.883830735,0.0,0.0
195.891194249,0.0,0.0
195.897306839,0.0,0.0
195.905617422,0.0,0.0
195.912577363,0.0,0.0
195.919816655,0.0,0.0
195.930787712,0.0,0.0
195.938341359,0.0,0.0
195.948872438,0.0,0.0
195.955438309,0.0,0.0
195.961458983,0.0,0.0
195.973737573,0.0,0.0
195.979962984,0.0,0.0
195.994002388,0.0,0.0
196.002857968,0.0,0.0
196.016898472,0.0,0.0
196.023804104,0.0,0.0
196.036364745,0.0,0.0
196.042252295,0.0,0.0
196.049520391,0.0,0.0
196.057688148,0.0,0.0
196.064624586,0.0,0.0
196.071952193,0.0,0.0
196.083784603,0.0,0.0
196.090965884,0.0,0.0
196.098919503,0.0,0.0
196.106666785,0.0,0.0
196.115164001,0.0,0.0
196.125568257,0.0,0.0
196.13461427,0.0,0.0
196.140228572,0.0,0.0
196.151818839,0.0,0.0
196.157203,0.0,0.0
196.170290835,0.0,0.0
196.179106507,0.0,0.0
196.183992979,0.0,0.0
196.193427762,0.0,0.0
196.201459094,0.0,0.0
196.206364169,0.0,0.0
196.219366089,0.0,0.0
196.222895718,0.0,0.0
196.235113498,0.0,0.0
196.244365948,0.0,0.0
196.256339384,0.0,0.0
196.261626127,0.0,0.0
196.269581546,0.0,0.0
196.27857095,0.0,0.0
196.286417749,0.0,0.0
196.291818113,0.0,0.0
196.303381375,0.0,0.0
196.309489065,0.0,0.0
196.321310974,0.0,0.0
196.327209626,0.0,0.0
196.334349499,0.0,0.0
196.342782604,0.0,0.0
196.351487357,0.0,0.0
196.357283691,0.0,0.0
196.368314756,0.0,0.0
196.373290437,0.0,0.0
196.385198043,0.0,0.0
196.391051479,0.0,0.0
196.399749918,0.0,0.0
196.408023781,0.0,0.0
196.414152165,0.0,0.0
196.419737954,0.0,0.0
196.432430699,0.0,0.0
196.438253129,0.0,0.0
196.451377851,0.0,0.0
196.458300876,0.0,0.0
196.470299198,0.0,0.0
196.477800925,0.0,0.0
196.486088691,0.0,0.0
196.493239556,0.0,0.0
196.501429805,0.0,0.0
196.506963984,0.0,0.0
196.518125159,0.0,0.0
196.523491108,0.0,0.0
196.535198079,0.0,0.0
196.540417203,0.0,0.0
196.5551007,0.0,0.0
196.559757124,0.0,0.0
196.567527399,0.0,0.0
196.576753731,0.0,0.0
196.585706215,0.0,0.0
196.59122279,0.0,0.0
196.603896032,0.0,0.0
196.609341396,0.0,0.0
196.620510672,0.0,0.0
196.62637871,0.0,0.0
196.634770094,0.0,0.0
196.642314629,0.0,0.0
196.650745921,0.0,0.0
196.656942517,0.0,0.0
196.668477257,0.0,0.0
196.673905618,0.0,0.0
196.687142559,0.0,0.0
196.689662805,0.0,0.0
196.697247347,0.0,0.0
196.70727112,0.0,0.0
196.714155538,0.0,0.0
196.720623082,0.0,0.0
196.732210132,0.0,0.0
196.736032308,0.0,0.0
196.745022999,0.0,0.0
196.753323567,0.0,0.0
196.76758609,0.0,0.0
196.780100904,0.0,0.0
196.792561709,0.0,0.0
196.808214778,0.0,0.0
196.822322074,0.0,0.0
196.828787517,0.0,0.0
196.848125438,0.0,0.0
196.857143334,0.0,0.0
196.869622641,0.0,0.0
196.875524886,0.0,0.0
196.884514076,0.0,0.0
196.894917416,0.0,0.0
196.902348531,0.0,0.0
196.91098986,0.0,0.0
196.918693222,0.0,0.0
196.926190649,0.0,0.0
196.936787823,0.0,0.0
196.943876877,0.0,0.0
196.955166975,0.0,0.0
196.960505919,0.0,0.0
196.968577647,0.0,0.0
196.97611278,0.0,0.0
196.98549524,0.0,0.0
196.99465036,0.0,0.0
197.003286287,0.0,0.0
197.008627032,0.0,0.0
197.0203143,0.0,0.0
197.025814573,0.0,0.0
197.033279493,0.0,0.0
197.043147639,0.0,0.0
197.053367247,0.0,0.0
197.063797292,0.0,0.0
197.072641257,0.0,0.0
197.078900064,0.0,0.0
197.089713177,0.0,0.0
197.094864488,0.0,0.0
197.107234577,0.0,0.0
197.113566297,0.0,0.0
197.125240962,0.0,0.0
197.130020708,0.0,0.0
197.139977569,0.0,0.0
197.154124772,0.0,0.0
197.160570012,0.0,0.0
197.170176311,0.0,0.0
197.177483604,0.0,0.0
197.183826726,0.0,0.0
197.193689771,0.0,0.0
197.199429187,0.0,0.0
197.207174057,0.0,0.0
197.215493528,0.0,0.0
197.223974629,0.0,0.0
197.229611426,0.0,0.0
197.239740118,0.0,0.0
197.244956741,0.0,0.0
197.256016397,0.0,0.0
197.261470762,0.0,0.0
197.269917256,0.0,0.0
197.279889921,0.0,0.0
197.287918441,0.0,0.0
197.294423392,0.0,0.0
197.306820685,0.0,0.0
197.315147258,0.0,0.0
197.33019502,0.0,0.0
197.335859022,0.0,0.0
197.348177201,0.0,0.0
197.354800073,0.0,0.0
197.368559505,0.0,0.0
197.373979456,0.0,0.0
197.389322147,0.0,0.0
197.395509033,0.0,0.0
197.404580424,0.0,0.0
197.413984274,0.0,0.0
197.423504344,0.0,0.0
197.43396768,0.0,0.0
197.444237082,0.0,0.0
197.455898628,0.0,0.0
197.46548391,0.0,0.0
197.471161006,0.0,0.0
197.48229856,0.0,0.0
197.486977781,0.0,0.0
197.497609846,0.0,0.0
197.505064954,0.0,0.0
197.51706746,0.0,0.0
197.527268149,0.0,0.0
197.536185214,0.0,0.0
197.546248879,0.0,0.0
197.553176495,0.0,0.0
197.559795856,0.0,0.0
197.572564496,0.0,0.0
197.57811497,0.0,0.0
197.589258225,0.0,0.0
197.594980129,0.0,0.0
197.603867188,0.0,0.0
197.613427666,0.0,0.0
197.620663135,0.0,0.0
197.626301424,0.0,0.0
197.640595032,0.0,0.0
197.645295457,0.0,0.0
197.658779922,0.0,0.0
197.664928001,0.0,0.0
197.676734072,0.0,0.0
197.681807862,0.0,0.0
197.690139924,0.0,0.0
197.699254423,0.0,0.0
197.708548754,0.0,0.0
197.712817903,0.0,0.0
197.725518731,0.0,0.0
197.731342053,0.0,0.0
197.742046431,0.0,0.0
197.749524443,0.0,0.0
197.758522822,0.0,0.0
197.766621943,0.0,0.0
197.774563436,0.0,0.0
197.7800599,0.0,0.0
197.790513234,0.0,0.0
197.795711046,0.0,0.0
197.806549048,0.0,0.0
197.811822073,0.0,0.0
197.8199564,0.0,0.0
197.829371052,0.0,0.0
197.837133213,0.0,0.0
197.842118788,0.0,0.0
197.853671915,0.0,0.0
197.858803015,0.0,0.0
197.866960447,0.0,0.0
197.875838904,0.0,0.0
197.883040068,0.0,0.0
197.888275986,0.0,0.0
197.899141292,0.0,0.0
197.905274368,0.0,0.0
197.916393119,0.0,0.0
197.923095495,0.0,0.0
197.93252895,0.0,0.0
197.940714386,0.0,0.0
197.947922751,0.0,0.0
197.95316017,0.0,0.0
197.964989845,0.0,0.0
197.969942214,0.0,0.0
197.986842579,0.0,0.0
197.988020586,0.0,0.0
197.997200096,0.0,0.0
198.004304443,0.0,0.0
198.014123566,0.0,0.0
198.019133144,0.0,0.0
198.031093343,0.0,0.0
198.037311934,0.0,0.0
198.04988664,0.0,0.0
198.055882092,0.0,0.0
198.066318423,0.0,0.0
198.072930783,0.0,0.0
198.080259669,0.0,0.0
198.09006859,0.0,0.0
198.098364845,0.0,0.0
198.10294955,0.0,0.0
198.115738493,0.0,0.0
198.119640878,0.0,0.0
198.128063356,0.0,0.0
198.137033929,0.0,0.0
198.146586605,0.0,0.0
198.155013884,0.0,0.0
198.16724743,0.0,0.0
198.170981285,0.0,0.0
198.184633181,0.0,0.0
198.19010104,0.0,0.0
198.202722854,0.0,0.0
198.207554702,0.0,0.0
198.217112679,0.0,0.0
198.226244181,0.0,0.0
198.23530177,0.0,0.0
198.245151098,0.0,0.0
198.254492537,0.0,0.0
198.261061089,0.0,0.0
198.273140409,0.0,0.0
198.280636324,0.0,0.0
198.291555239,0.0,0.0
198.297169824,0.0,0.0
198.30484177,0.0,0.0
198.313343662,0.0,0.0
198.321475089,0.0,0.0
198.330725212,0.0,0.0
198.33857949,0.0,0.0
198.344221379,0.0,0.0
198.359287323,0.0,0.0
198.364733978,0.0,0.0
198.378775725,0.0,0.0
198.381950077,0.0,0.0
198.390202213,0.0,0.0
198.398322626,0.0,0.0
198.407240177,0.0,0.0
198.411824775,0.0,0.0
198.421573671,0.0,0.0
198.427330273,0.0,0.0
198.439118824,0.0,0.0
198.443158927,0.0,0.0
198.45082066,0.0,0.0
198.462863256,0.0,0.0
198.466323358,0.0,0.0
198.47271557,0.0,0.0
198.482164714,0.0,0.0
198.487629465,0.0,0.0
198.498049178,0.0,0.0
198.503161367,0.0,0.0
198.511937094,0.0,0.0
198.516768935,0.0,0.0
198.528917449,0.0,0.0
198.534565931,0.0,0.0
198.545579348,0.0,0.0
198.550236758,0.0,0.0
198.55685761,0.0,0.0
198.565436803,0.0,0.0
198.573092035,0.0,0.0
198.578001189,0.0,0.0
198.591095867,0.0,0.0
198.59668594,0.0,0.0
198.60806862,0.0,0.0
198.613732506,0.0,0.0
198.620749527,0.0,0.0
198.629509451,0.0,0.0
198.637726481,0.0,0.0
198.642845971,0.0,0.0
198.653607344,0.0,0.0
198.660683675,0.0,0.0
198.668594351,0.0,0.0
198.678086003,0.0,0.0
198.685091222,0.0,0.0
198.690787313,0.0,0.0
198.701282039,0.0,0.0
198.706438536,0.0,0.0
198.71778461,0.0,0.0
198.723711241,0.0,0.0
198.731292561,0.0,0.0
198.738775463,0.0,0.0
198.748044975,0.0,0.0
198.753609944,0.0,0.0
198.764255696,0.0,0.0
198.7694526,0.0,0.0
198.780952301,0.0,0.0
198.786368743,0.0,0.0
198.794079485,0.0,0.0
198.802945728,0.0,0.0
198.811421903,0.0,0.0
198.816685218,0.0,0.0
198.82841876,0.0,0.0
198.833783993,0.0,0.0
198.847636604,0.0,0.0
198.854151937,0.0,0.0
198.862584004,0.0,0.0
198.870001095,0.0,0.0
198.878600691,0.0,0.0
198.88479817,0.0,0.0
198.89635478,0.0,0.0
198.902185095,0.0,0.0
198.913009878,0.0,0.0
198.917852421,0.0,0.0
198.926212575,0.0,0.0
198.935329462,0.0,0.0
198.944001771,0.0,0.0
198.948201701,0.0,0.0
198.958854955,0.0,0.0
198.965755156,0.0,0.0
198.977168741,0.0,0.0
198.983083571,0.0,0.0
198.989830445,0.0,0.0
198.998216104,0.0,0.0
199.008122045,0.0,0.0
199.013745635,0.0,0.0
199.025466397,0.0,0.0
199.030846944,0.0,0.0
199.041876285,0.0,0.0
199.046347372,0.0,0.0
199.05406703,0.0,0.0
199.062605833,0.0,0.0
199.069615066,0.0,0.0
199.074405509,0.0,0.0
199.084672616,0.0,0.0
199.091849279,0.0,0.0
199.099202273,0.0,0.0
199.108186254,0.0,0.0
199.118076594,0.0,0.0
199.125888169,0.0,0.0
199.134342656,0.0,0.0
199.139795116,0.0,0.0
199.151780425,0.0,0.0
199.15601617,0.0,0.0
199.164228716,0.0,0.0
199.172757216,0.0,0.0
199.179176646,0.0,0.0
199.184551792,0.0,0.0
199.196677626,0.0,0.0
199.201004587,0.0,0.0
199.212694544,0.0,0.0
199.2186978,0.0,0.0
199.227563261,0.0,0.0
199.235589573,0.0,0.0
199.244826098,0.0,0.0
199.249760867,0.0,0.0
199.263583299,0.0,0.0
199.268244519,0.0,0.0
199.281198299,0.0,0.0
199.286583046,0.0,0.0
199.297710704,0.0,0.0
199.30399261,0.0,0.0
199.312808661,0.0,0.0
199.322301932,0.0,0.0
199.33087304,0.0,0.0
199.336753975,0.0,0.0
199.348516045,0.0,0.0
199.354144735,0.0,0.0
199.367145523,0.0,0.0
199.3727432,0.0,0.0
199.380164195,0.0,0.0
199.388474445,0.0,0.0
199.396848607,0.0,0.0
199.402909265,0.0,0.0
199.412954118,0.0,0.0
199.418323755,0.0,0.0
199.429616826,0.0,0.0
199.434900848,0.0,0.0
199.443282811,0.0,0.0
199.451601063,0.0,0.0
199.458648393,0.0,0.0
199.464479211,0.0,0.0
199.474174603,0.0,0.0
199.479280194,0.0,0.0
199.488956883,0.0,0.0
199.498862511,0.0,0.0
199.508849455,0.0,0.0
199.518305505,0.0,0.0
199.52756132,0.0,0.0
199.533206306,0.0,0.0
199.544544784,0.0,0.0
199.549484547,0.0,0.0
199.560166411,0.0,0.0
199.568702301,0.0,0.0
199.575953666,0.0,0.0
199.585263691,0.0,0.0
199.592939631,0.0,0.0
199.598141039,0.0,0.0
199.611541878,0.0,0.0
199.616397725,0.0,0.0
199.62908724,0.0,0.0
199.633761255,0.0,0.0
199.648897897,0.0,0.0
199.653359276,0.0,0.0
199.664260379,0.0,0.0
199.674225018,0.0,0.0
199.68025697,0.0,0.0
199.687332205,0.0,0.0
199.696806759,0.0,0.0
199.702681984,0.0,0.0
199.715587837,0.0,0.0
199.720685426,0.0,0.0
199.733376741,0.0,0.0
199.737693095,0.0,0.0
199.746782481,0.0,0.0
199.755109034,0.0,0.0
199.76442016,0.0,0.0
199.769060269,0.0,0.0
199.780567778,0.0,0.0
199.785026256,0.0,0.0
199.79702495,0.0,0.0
199.802933181,0.0,0.0
199.812003664,0.0,0.0
199.819569285,0.0,0.0
199.82733454,0.0,0.0
199.83255065,0.0,0.0
199.844316104,0.0,0.0
199.849688241,0.0,0.0
199.861400386,0.0,0.0
199.869922573,0.0,0.0
199.88187976,0.0,0.0
199.887965422,0.0,0.0
199.897141724,0.0,0.0
199.90468674,0.0,0.0
199.9141973,0.0,0.0
199.923441514,0.0,0.0
199.9331026,0.0,0.0
199.939192063,0.0,0.0
199.952078512,0.0,0.0
199.954944312,0.0,0.0
199.96799849,0.0,0.0
199.971816757,0.0,0.0
199.980407656,0.0,0.0
199.99028438,0.0,0.0
199.997754584,0.0,0.0
200.002405995,0.0,0.0
200.014029024,0.0,0.0
200.01996226,0.0,0.0
200.029916797,0.0,0.0
200.035544479,0.0,0.0
200.043714905,0.0,0.0
200.053176056,0.0,0.0
200.061204458,0.0,0.0
200.066558592,0.0,0.0
200.077275362,0.0,0.0
200.082522278,0.0,0.0
200.092718858,0.0,0.0
200.098408251,0.0,0.0
200.105561499,0.0,0.0
200.115092863,0.0,0.0
200.126670683,0.0,0.0
200.136682531,0.0,0.0
200.148557003,0.0,0.0
200.157003177,0.0,0.0
200.16681669,0.0,0.0
200.178754574,0.0,0.0
200.186872891,0.0,0.0
200.194646747,0.0,0.0
200.205960622,0.0,0.0
200.211443179,0.0,0.0
200.222726248,0.0,0.0
200.230941082,0.0,0.0
200.237567438,0.0,0.0
200.246192444,0.0,0.0
200.254234247,0.0,0.0
200.259591182,0.0,0.0
200.270341859,0.0,0.0
200.278287045,0.0,0.0
200.287593569,0.0,0.0
200.293645526,0.0,0.0
200.301325766,0.0,0.0
200.310612487,0.0,0.0
200.319769985,0.0,0.0
200.328491207,0.0,0.0
200.336766352,0.0,0.0
200.342325922,0.0,0.0
200.353194719,0.0,0.0
200.358734586,0.0,0.0
200.37238136,0.0,0.0
200.379155633,0.0,0.0
200.386291568,0.0,0.0
200.393201064,0.0,0.0
200.403022164,0.0,0.0
200.409491384,0.0,0.0
200.422464129,0.0,0.0
200.430915992,0.0,0.0
200.444349318,0.0,0.0
200.449066234,0.0,0.0
200.4615772,0.0,0.0
200.466589968,0.0,0.0
200.478960409,0.0,0.0
200.487199935,0.0,0.0
200.494655626,0.0,0.0
200.503581971,0.0,0.0
200.512582929,0.0,0.0
200.521487971,0.0,0.0
200.529191904,0.0,0.0
200.536527174,0.0,0.0
200.54852285,0.0,0.0
200.553587427,0.0,0.0
200.565581403,0.0,0.0
200.571476324,0.0,0.0
200.579827769,0.0,0.0
200.58890154,0.0,0.0
200.59652656,0.0,0.0
200.601946898,0.0,0.0
200.612563236,0.0,0.0
200.618510165,0.0,0.0
200.630556251,0.0,0.0
200.636835838,0.0,0.0
200.645894206,0.0,0.0
200.654108528,0.0,0.0
200.663144692,0.0,0.0
200.666913244,0.0,0.0
200.678750893,0.0,0.0
200.683361291,0.0,0.0
200.696023683,0.0,0.0
200.701212782,0.0,0.0
200.709509518,0.0,0.0
200.717443791,0.0,0.0
200.726313827,0.0,0.0
200.731505925,0.0,0.0
200.742879994,0.0,0.0
200.748743309,0.0,0.0
200.760505745,0.0,0.0
200.766651509,0.0,0.0
200.775814695,0.0,0.0
200.785454964,0.0,0.0
200.792641508,0.0,0.0
200.798515125,0.0,0.0
200.810883766,0.0,0.0
200.817248268,0.0,0.0
200.828956394,0.0,0.0
200.834740996,0.0,0.0
200.846398313,0.0,0.0
200.85232734,0.0,0.0
200.861405511,0.0,0.0
200.868800791,0.0,0.0
200.878304036,0.0,0.0
200.883185181,0.0,0.0
200.894547348,0.0,0.0
200.900200727,0.0,0.0
200.91148338,0.0,0.0
200.91697093,0.0,0.0
200.927335824,0.0,0.0
200.937168526,0.0,0.0
200.943679753,0.0,0.0
200.94961058,0.0,0.0
200.959819147,0.0,0.0
200.965396712,0.0,0.0
200.978229534,0.0,0.0
200.985106624,0.0,0.0
200.996364073,0.0,0.0
201.002937611,0.0,0.0
201.010421806,0.0,0.0
201.019213928,0.0,0.0
201.028413721,0.0,0.0
201.033697035,0.0,0.0
201.045026397,0.0,0.0
201.052975673,0.0,0.0
201.070483403,0.0,0.0
201.092908585,0.0,0.0
201.115399078,0.0,0.0
201.125955406,0.0,0.0
201.146556872,0.0,0.0
201.156859555,0.0,0.0
201.178893869,0.0,0.0
201.189947183,0.0,0.0
201.198871828,0.0,0.0
201.205096505,0.0,0.0
201.218360301,0.0,0.0
201.224714801,0.0,0.0
201.244650052,0.0,0.0
201.254856619,0.0,0.0
201.276713902,0.0,0.0
201.289140853,0.0,0.0
201.305763031,0.0,0.0
201.317206912,0.0,0.0
201.326174264,0.0,0.0
201.33666378,0.0,0.0
201.352024939,0.0,0.0
201.380470838,0.0,0.0
201.401120283,0.0,0.0
201.413007724,0.0,0.0
201.427792163,0.0,0.0
201.434615234,0.0,0.0
201.450254519,0.0,0.0
201.460543385,0.0,0.0
201.483638851,0.0,0.0
201.500916817,0.0,0.0
201.5223668,0.0,0.0
201.53599684,0.0,0.0
201.549296123,0.0,0.0
201.558119838,0.0,0.0
201.583490294,0.0,0.0
201.6021658,0.0,0.0
201.624109067,0.0,0.0
201.634985935,0.0,0.0
201.652284204,0.0,0.0
201.65884163,0.0,0.0
201.678513308,0.0,0.0
201.697753911,0.0,0.0
201.716848989,0.0,0.0
201.725276136,0.0,0.0
201.747288015,0.0,0.0
201.751935413,0.0,0.0
201.765870206,0.0,0.0
201.773140154,0.0,0.0
201.796920236,0.0,0.0
201.803780914,0.0,0.0
201.822641152,0.0,0.0
201.838321144,0.0,0.0
201.850240291,0.0,0.0
201.863250024,0.0,0.0
201.873314252,0.0,0.0
201.882763274,0.0,0.0
201.896551842,0.0,0.0
201.90859821,0.0,0.0
201.924302006,0.0,0.0
201.938875708,0.0,0.0
201.959933723,0.0,0.0
201.967456515,0.0,0.0
201.97942577,0.0,0.0
201.991052166,0.0,0.0
202.002378611,0.0,0.0
202.006771065,0.0,0.0
202.014930365,0.0,0.0
202.022986349,0.0,0.0
202.031982593,0.0,0.0
202.036645494,0.0,0.0
202.047739698,0.0,0.0
202.05229418,0.0,0.0
202.063102636,0.0,0.0
202.069131671,0.0,0.0
202.076636259,0.0,0.0
202.085616801,0.0,0.0
202.09422718,0.0,0.0
202.1001732,0.0,0.0
202.112239972,0.0,0.0
202.115730371,0.0,0.0
202.125197697,0.0,0.0
202.132375229,0.0,0.0
202.141151036,0.0,0.0
202.1461845,0.0,0.0
202.158383594,0.0,0.0
202.162752544,0.0,0.0
202.175660761,0.0,0.0
202.182898803,0.0,0.0
202.190144047,0.0,0.0
202.204192759,0.0,0.0
202.209178015,0.0,0.0
202.218231269,0.0,0.0
202.227040082,0.0,0.0
202.232492718,0.0,0.0
202.243543415,0.0,0.0
202.249505239,0.0,0.0
202.260627648,0.0,0.0
202.265680916,0.0,0.0
202.273407242,0.0,0.0
202.2824798,0.0,0.0
202.293174736,0.0,0.0
202.298646675,0.0,0.0
202.310430999,0.0,0.0
202.317186958,0.0,0.0
202.330331715,0.0,0.0
202.336128811,0.0,0.0
202.347416048,0.0,0.0
202.352573834,0.0,0.0
202.360865657,0.0,0.0
202.369529936,0.0,0.0
202.377998478,0.0,0.0
202.384230039,0.0,0.0
202.395501658,0.0,0.0
202.401982162,0.0,0.0
202.414072721,0.0,0.0
202.418849034,0.0,0.0
202.42710684,0.0,0.0
202.435029689,0.0,0.0
202.443624353,0.0,0.0
202.448963862,0.0,0.0
202.460308094,0.0,0.0
202.465694011,0.0,0.0
202.478382471,0.0,0.0
202.483575355,0.0,0.0
202.493485543,0.0,0.0
202.501993592,0.0,0.0
202.509656196,0.0,0.0
202.515203041,0.0,0.0
202.526230919,0.0,0.0
202.530998431,0.0,0.0
202.540674278,0.0,0.0
202.548599628,0.0,0.0
202.558994698,0.0,0.0
202.567735686,0.0,0.0
202.577275011,0.0,0.0
202.582523204,0.0,0.0
202.596641908,0.0,0.0
202.601244992,0.0,0.0
202.612984691,0.0,0.0
202.618284094,0.0,0.0
202.625628844,0.0,0.0
202.633900853,0.0,0.0
202.642383997,0.0,0.0
202.647398951,0.0,0.0
202.658934215,0.0,0.0
202.664583277,0.0,0.0
202.677289441,0.0,0.0
202.682728767,0.0,0.0
202.692746173,0.0,0.0
202.702496233,0.0,0.0
202.709748068,0.0,0.0
202.721672598,0.0,0.0
202.72896644,0.0,0.0
202.736311891,0.0,0.0
202.74898865,0.0,0.0
202.754080217,0.0,0.0
202.765420248,0.0,0.0
202.774934468,0.0,0.0
202.781447477,0.0,0.0
202.791496488,0.0,0.0
202.800544329,0.0,0.0
202.808371962,0.0,0.0
202.817604134,0.0,0.0
202.823176382,0.0,0.0
202.835567492,0.0,0.0
202.84172024,0.0,0.0
202.855495786,0.0,0.0
202.860361414,0.0,0.0
202.873420338,0.0,0.0
202.878294868,0.0,0.0
202.894015145,0.0,0.0
202.901368697,0.0,0.0
202.909398264,0.0,0.0
202.91742123,0.0,0.0
202.925794556,0.0,0.0
202.936732619,0.0,0.0
202.944184287,0.0,0.0
202.948820477,0.0,0.0
202.96040515,0.0,0.0
202.965701751,0.0,0.0
202.971848798,0.0,0.0
202.981528546,0.0,0.0
202.989453696,0.0,0.0
202.99576067,0.0,0.0
203.006572511,0.0,0.0
203.012011237,0.0,0.0
203.024365141,0.0,0.0
203.029594731,0.0,0.0
203.041204508,0.0,0.0
203.048644275,0.0,0.0
203.056329784,0.0,0.0
203.065148385,0.0,0.0
203.074765423,0.0,0.0
203.077533694,0.0,0.0
203.088230416,0.0,0.0
203.093617333,0.0,0.0
203.10593263,0.0,0.0
203.110780255,0.0,0.0
203.119097071,0.0,0.0
203.127679733,0.0,0.0
203.135656991,0.0,0.0
203.142009173,0.0,0.0
203.154135238,0.0,0.0
203.160413707,0.0,0.0
203.171859756,0.0,0.0
203.177423603,0.0,0.0
203.188507391,0.0,0.0
203.19648815,0.0,0.0
203.20606418,0.0,0.0
203.214670046,0.0,0.0
203.222649904,0.0,0.0
203.227038852,0.0,0.0
203.237858094,0.0,0.0
203.242487282,0.0,0.0
203.255292663,0.0,0.0
203.260316618,0.0,0.0
203.268183258,0.0,0.0
203.277504245,0.0,0.0
203.283129103,0.0,0.0
203.288155659,0.0,0.0
203.298346794,0.0,0.0
203.304439831,0.0,0.0
203.312610323,0.0,0.0
203.321415322,0.0,0.0
203.332585324,0.0,0.0
203.338993915,0.0,0.0
203.346492192,0.0,0.0
203.351996429,0.0,0.0
203.363981869,0.0,0.0
203.370850129,0.0,0.0
203.383278628,0.0,0.0
203.389441769,0.0,0.0
203.397998514,0.0,0.0
203.406517152,0.0,0.0
203.414113435,0.0,0.0
203.420627335,0.0,0.0
203.43255745,0.0,0.0
203.437781633,0.0,0.0
203.452315387,0.0,0.0
203.455265985,0.0,0.0
203.464577558,0.0,0.0
203.472833352,0.0,0.0
203.480878111,0.0,0.0
203.485526496,0.0,0.0
203.499149797,0.0,0.0
203.504309068,0.0,0.0
203.515546566,0.0,0.0
203.519532639,0.0,0.0
203.530244348,0.0,0.0
203.536045828,0.0,0.0
203.545501425,0.0,0.0
203.550187616,0.0,0.0
203.563485762,0.0,0.0
203.56957299,0.0,0.0
203.581719641,0.0,0.0
203.586885514,0.0,0.0
203.594479596,0.0,0.0
203.603216972,0.0,0.0
203.613405693,0.0,0.0
203.617389165,0.0,0.0
203.629394293,0.0,0.0
203.6335831,0.0,0.0
203.645994596,0.0,0.0
203.65158154,0.0,0.0
203.65874755,0.0,0.0
203.666802911,0.0,0.0
203.674697744,0.0,0.0
203.679880119,0.0,0.0
203.692313519,0.0,0.0
203.698746705,0.0,0.0
203.710539297,0.0,0.0
203.715873798,0.0,0.0
203.725150464,0.0,0.0
203.733921046,0.0,0.0
203.742846253,0.0,0.0
203.747367117,0.0,0.0
203.758357873,0.0,0.0
203.76414775,0.0,0.0
203.775878032,0.0,0.0
203.780800663,0.0,0.0
203.788001879,0.0,0.0
203.800722527,0.0,0.0
203.808657567,0.0,0.0
203.81263684,0.0,0.0
203.827636873,0.0,0.0
203.831608744,0.0,0.0
203.844917091,0.0,0.0
203.849895032,0.0,0.0
203.859392336,0.0,0.0
203.868572086,0.0,0.0
203.877818848,0.0,0.0
203.886906282,0.0,0.0
203.897384252,0.0,0.0
203.902815669,0.0,0.0
203.915803463,0.0,0.0
203.921966404,0.0,0.0
203.933842309,0.0,0.0
203.941689834,0.0,0.0
203.950868185,0.0,0.0
203.955642091,0.0,0.0
203.9633944,0.0,0.0
203.972600655,0.0,0.0
203.97979447,0.0,0.0
203.987100704,0.0,0.0
203.997510462,0.0,0.0
204.002967283,0.0,0.0
204.014399314,0.0,0.0
204.019305042,0.0,0.0
204.028150936,0.0,0.0
204.037776562,0.0,0.0
204.046204885,0.0,0.0
204.056564835,0.0,0.0
204.064729414,0.0,0.0
204.070732328,0.0,0.0
204.081546054,0.0,0.0
204.086486388,0.0,0.0
204.101697057,0.0,0.0
204.10633164,0.0,0.0
204.114318889,0.0,0.0
204.123254298,0.0,0.0
204.131405774,0.0,0.0
204.142993331,0.0,0.0
204.148880726,0.0,0.0
204.155737284,0.0,0.0
204.166024021,0.0,0.0
204.172006731,0.0,0.0
204.182579417,0.0,0.0
204.189828541,0.0,0.0
204.198263966,0.0,0.0
204.207298191,0.0,0.0
204.217491113,0.0,0.0
204.225452757,0.0,0.0
204.234090216,0.0,0.0
204.239534536,0.0,0.0
204.250688619,0.0,0.0
204.256213652,0.0,0.0
204.264538058,0.0,0.0
204.272986085,0.0,0.0
204.280825009,0.0,0.0
204.286285831,0.0,0.0
204.298073322,0.0,0.0
204.302884034,0.0,0.0
204.315601282,0.0,0.0
204.320618029,0.0,0.0
204.328243817,0.0,0.0
204.336944887,0.0,0.0
204.344138202,0.0,0.0
204.349964385,0.0,0.0
204.361739674,0.0,0.0
204.369579689,0.0,0.0
204.383025841,0.0,0.0
204.388763402,0.0,0.0
204.397356142,0.0,0.0
204.406458166,0.0,0.0
204.413451938,0.0,0.0
204.419619071,0.0,0.0
204.430638616,0.0,0.0
204.437442256,0.0,0.0
204.449125813,0.0,0.0
204.455724818,0.0,0.0
204.468001975,0.0,0.0
204.474620883,0.0,0.0
204.481858796,0.0,0.0
204.490569255,0.0,0.0
204.498999467,0.0,0.0
204.503091452,0.0,0.0
204.515781578,0.0,0.0
204.521628657,0.0,0.0
204.533027367,0.0,0.0
204.53866191,0.0,0.0
204.546817476,0.0,0.0
204.555280894,0.0,0.0
204.565989188,0.0,0.0
204.569738416,0.0,0.0
204.581559296,0.0,0.0
204.588496958,0.0,0.0
204.599126538,0.0,0.0
204.605270967,0.0,0.0
204.615013899,0.0,0.0
204.623948996,0.0,0.0
204.631944235,0.0,0.0
204.637277028,0.0,0.0
204.649729014,0.0,0.0
204.656464242,0.0,0.0
204.668781005,0.0,0.0
204.673054221,0.0,0.0
204.685232261,0.0,0.0
204.690533449,0.0,0.0
204.701005303,0.0,0.0
204.709374305,0.0,0.0
204.717978146,0.0,0.0
204.723758114,0.0,0.0
204.73794389,0.0,0.0
204.741436275,0.0,0.0
204.751540767,0.0,0.0
204.756995081,0.0,0.0
204.765366283,0.0,0.0
204.775533486,0.0,0.0
204.783817174,0.0,0.0
204.789925897,0.0,0.0
204.800912637,0.0,0.0
204.806222027,0.0,0.0
204.817116051,0.0,0.0
204.82242414,0.0,0.0
204.829926997,0.0,0.0
204.838981414,0.0,0.0
204.846865134,0.0,0.0
204.853572258,0.0,0.0
204.866024043,0.0,0.0
204.870107027,0.0,0.0
204.880150209,0.0,0.0
204.88468977,0.0,0.0
204.892469573,0.0,0.0
204.90051072,0.0,0.0
204.907531996,0.0,0.0
204.912834484,0.0,0.0
204.926074602,0.0,0.0
204.933257205,0.0,0.0
204.943875683,0.0,0.0
204.9499475,0.0,0.0
204.958096365,0.0,0.0
204.967128178,0.0,0.0
204.976147289,0.0,0.0
204.984694121,0.0,0.0
204.993426783,0.0,0.0
205.001756578,0.0,0.0
205.014377793,0.0,0.0
205.01925861,0.0,0.0
205.031482258,0.0,0.0
205.036667426,0.0,0.0
205.049624296,0.0,0.0
205.05627491,0.0,0.0
205.062439443,0.0,0.0
205.071452553,0.0,0.0
205.079859661,0.0,0.0
205.085351281,0.0,0.0
205.096527953,0.0,0.0
205.101401869,0.0,0.0
205.109360102,0.0,0.0
205.118058759,0.0,0.0
205.125877769,0.0,0.0
205.130212895,0.0,0.0
205.14344071,0.0,0.0
205.148133196,0.0,0.0
205.15907703,0.0,0.0
205.164164282,0.0,0.0
205.172776324,0.0,0.0
205.180556827,0.0,0.0
205.188183005,0.0,0.0
205.193006513,0.0,0.0
205.205654231,0.0,0.0
205.210951819,0.0,0.0
205.219791199,0.0,0.0
205.229080855,0.0,0.0
205.236675027,0.0,0.0
205.246158816,0.0,0.0
205.25525624,0.0,0.0
205.26104761,0.0,0.0
205.273981676,0.0,0.0
205.282191451,0.0,0.0
205.292770023,0.0,0.0
205.298457776,0.0,0.0
205.314344137,0.0,0.0
205.320504169,0.0,0.0
205.329745416,0.0,0.0
205.338469378,0.0,0.0
205.347393573,0.0,0.0
205.356470693,0.0,0.0
205.363956846,0.0,0.0
205.370454825,0.0,0.0
205.383362769,0.0,0.0
205.389795838,0.0,0.0
205.402440439,0.0,0.0
205.407026401,0.0,0.0
205.415180055,0.0,0.0
205.424221957,0.0,0.0
205.433574711,0.0,0.0
205.437764707,0.0,0.0
205.449576669,0.0,0.0
205.45535823,0.0,0.0
205.465539821,0.0,0.0
205.471216064,0.0,0.0
205.47901776,0.0,0.0
205.487496769,0.0,0.0
205.49779728,0.0,0.0
205.502453954,0.0,0.0
205.515598137,0.0,0.0
205.521711653,0.0,0.0
205.533843768,0.0,0.0
205.538956218,0.0,0.0
205.546292236,0.0,0.0
205.555543573,0.0,0.0
205.562751071,0.0,0.0
205.569939865,0.0,0.0
205.586451308,0.0,0.0
205.60295635,0.0,0.0
205.618177878,0.0,0.0
205.630454518,0.0,0.0
205.639284785,0.0,0.0
205.653359623,0.0,0.0
205.662656767,0.0,0.0
205.668296304,0.0,0.0
205.679988647,0.0,0.0
205.68404162,0.0,0.0
205.695793172,0.0,0.0
205.70065518,0.0,0.0
205.708499683,0.0,0.0
205.716207364,0.0,0.0
205.726403657,0.0,0.0
205.732364748,0.0,0.0
205.747402946,0.0,0.0
205.7501353,0.0,0.0
205.762039377,0.0,0.0
205.767786732,0.0,0.0
205.7754165,0.0,0.0
205.785571687,0.0,0.0
205.794170715,0.0,0.0
205.801914602,0.0,0.0
205.809707296,0.0,0.0
205.815360636,0.0,0.0
205.827323923,0.0,0.0
205.832267044,0.0,0.0
205.840678441,0.0,0.0
205.849807658,0.0,0.0
205.858144343,0.0,0.0
205.866845689,0.0,0.0
205.874521664,0.0,0.0
205.880484554,0.0,0.0
205.891710919,0.0,0.0
205.897332953,0.0,0.0
205.907898809,0.0,0.0
205.916161081,0.0,0.0
205.929783744,0.0,0.0
205.935546902,0.0,0.0
205.944460982,0.0,0.0
205.952506419,0.0,0.0
205.960800197,0.0,0.0
205.966472239,0.0,0.0
205.977331043,0.0,0.0
205.982827956,0.0,0.0
205.996473323,0.0,0.0
205.999728264,0.0,0.0
206.008693453,0.0,0.0
206.018635105,0.0,0.0
206.025898311,0.0,0.0
206.031616161,0.0,0.0
206.043507637,0.0,0.0
206.051131403,0.0,0.0
206.062815444,0.0,0.0
206.067564633,0.0,0.0
206.07615256,0.0,0.0
206.084991128,0.0,0.0
206.093037165,0.0,0.0
206.097919376,0.0,0.0
206.109978479,0.0,0.0
206.116324733,0.0,0.0
206.128724193,0.0,0.0
206.135393201,0.0,0.0
206.143221402,0.0,0.0
206.15314225,0.0,0.0
206.159781153,0.0,0.0
206.164179983,0.0,0.0
206.17626019,0.0,0.0
206.181512963,0.0,0.0
206.192865049,0.0,0.0
206.20214389,0.0,0.0
206.211969623,0.0,0.0
206.21972211,0.0,0.0
206.228015788,0.0,0.0
206.236238254,0.0,0.0
206.244959703,0.0,0.0
206.254255247,0.0,0.0
206.262348292,0.0,0.0
206.268468008,0.0,0.0
206.279317811,0.0,0.0
206.284295338,0.0,0.0
206.295544207,0.0,0.0
206.300651155,0.0,0.0
206.308491557,0.0,0.0
206.319513388,0.0,0.0
206.327852974,0.0,0.0
206.332512448,0.0,0.0
206.342661534,0.0,0.0
206.347895703,0.0,0.0
206.356574145,0.0,0.0
206.364297126,0.0,0.0
206.374066636,0.0,0.0
206.382969003,0.0,0.0
206.390483041,0.0,0.0
206.394897768,0.0,0.0
206.405659541,0.0,0.0
206.411178751,0.0,0.0
206.419406306,0.0,0.0
206.428665932,0.0,0.0
206.437024109,0.0,0.0
206.442453104,0.0,0.0
206.453520327,0.0,0.0
206.458198698,0.0,0.0
206.473933891,0.0,0.0
206.476263874,0.0,0.0
206.484365309,0.0,0.0
206.492434439,0.0,0.0
206.501493231,0.0,0.0
206.506129895,0.0,0.0
206.516471299,0.0,0.0
206.523193607,0.0,0.0
206.534248128,0.0,0.0
206.539567805,0.0,0.0
206.548109012,0.0,0.0
206.559637611,0.0,0.0
206.564402696,0.0,0.0
206.570995483,0.0,0.0
206.5795969,0.0,0.0
206.585439063,0.0,0.0
206.594446847,0.0,0.0
206.602917642,0.0,0.0
206.61073453,0.0,0.0
206.620252498,0.0,0.0
206.628040582,0.0,0.0
206.633196531,0.0,0.0
206.645095392,0.0,0.0
206.650774627,0.0,0.0
206.664470484,0.0,0.0
206.668377728,0.0,0.0
206.675723538,0.0,0.0
206.684727822,0.0,0.0
206.69212034,0.0,0.0
206.69649226,0.0,0.0
206.708823092,0.0,0.0
206.714402011,0.0,0.0
206.725967816,0.0,0.0
206.730183711,0.0,0.0
206.739371825,0.0,0.0
206.746835355,0.0,0.0
206.754530223,0.0,0.0
206.759563952,0.0,0.0
206.770512156,0.0,0.0
206.776953017,0.0,0.0
206.79184297,0.0,0.0
206.797274265,0.0,0.0
206.808429403,0.0,0.0
206.8150847,0.0,0.0
206.823962662,0.0,0.0
206.832521973,0.0,0.0
206.840876949,0.0,0.0
206.846131415,0.0,0.0
206.856726361,0.0,0.0
206.862105647,0.0,0.0
206.873589339,0.0,0.0
206.878646572,0.0,0.0
206.888821049,0.0,0.0
206.896870375,0.0,0.0
206.905630618,0.0,0.0
206.911473681,0.0,0.0
206.921916102,0.0,0.0
206.92718987,0.0,0.0
206.937581183,0.0,0.0
206.942595009,0.0,0.0
206.950141752,0.0,0.0
206.958952304,0.0,0.0
206.966775993,0.0,0.0
206.973708235,0.0,0.0
206.984915882,0.0,0.0
206.98909527,0.0,0.0
206.997560765,0.0,0.0
207.005188122,0.0,0.0
207.015104956,0.0,0.0
207.0233326,0.0,0.0
207.03116458,0.0,0.0
207.037154959,0.0,0.0
207.047509252,0.0,0.0
207.052939539,0.0,0.0
207.060766518,0.0,0.0
207.070360886,0.0,0.0
207.080838499,0.0,0.0
207.089853572,0.0,0.0
207.097140763,0.0,0.0
207.103172749,0.0,0.0
207.114739339,0.0,0.0
207.119962593,0.0,0.0
207.135455925,0.0,0.0
207.141561823,0.0,0.0
207.148757099,0.0,0.0
207.156923833,0.0,0.0
207.166029922,0.0,0.0
207.172100514,0.0,0.0
207.183207029,0.0,0.0
207.189627178,0.0,0.0
207.202132122,0.0,0.0
207.20970606,0.0,0.0
207.222930021,0.0,0.0
207.227790915,0.0,0.0
207.235968852,0.0,0.0
207.246569484,0.0,0.0
207.255277508,0.0,0.0
207.265467673,0.0,0.0
207.274591664,0.0,0.0
207.278844659,0.0,0.0
207.29004909,0.0,0.0
207.295380662,0.0,0.0
207.305945388,0.0,0.0
207.31256537,0.0,0.0
207.32125119,0.0,0.0
207.332592243,0.0,0.0
207.342139304,0.0,0.0
207.352984676,0.0,0.0
207.362805981,0.0,0.0
207.368724041,0.0,0.0
207.380246408,0.0,0.0
207.386680151,0.0,0.0
207.398793814,0.0,0.0
207.403927546,0.0,0.0
207.41394137,0.0,0.0
207.424031505,0.0,0.0
207.434959276,0.0,0.0
207.444204375,0.0,0.0
207.452994099,0.0,0.0
207.458109028,0.0,0.0
207.469975852,0.0,0.0
207.475408832,0.0,0.0
207.487389574,0.0,0.0
207.492204254,0.0,0.0
207.500865758,0.0,0.0
207.510708754,0.0,0.0
207.519911045,0.0,0.0
207.529701932,0.0,0.0
207.538488556,0.0,0.0
207.545991172,0.0,0.0
207.558446091,0.0,0.0
207.563283475,0.0,0.0
207.575941727,0.0,0.0
207.582662516,0.0,0.0
207.592054938,0.0,0.0
207.601020091,0.0,0.0
207.609593681,0.0,0.0
207.619262948,0.0,0.0
207.628273208,0.0,0.0
207.635022002,0.0,0.0
207.647510526,0.0,0.0
207.653290863,0.0,0.0
207.665825995,0.0,0.0
207.67233805,0.0,0.0
207.684725258,0.0,0.0
207.691972433,0.0,0.0
207.701885639,0.0,0.0
207.709996154,0.0,0.0
207.718379913,0.0,0.0
207.723340917,0.0,0.0
207.738838229,0.0,0.0
207.744163592,0.0,0.0
207.757680183,0.0,0.0
207.760868899,0.0,0.0
207.769164444,0.0,0.0
207.776486931,0.0,0.0
207.785374671,0.0,0.0
207.79659259,0.0,0.0
207.80461369,0.0,0.0
207.810198295,0.0,0.0
207.821144269,0.0,0.0
207.827298266,0.0,0.0
207.835051123,0.0,0.0
207.844344229,0.0,0.0
207.851955463,0.0,0.0
207.857731299,0.0,0.0
207.869366285,0.0,0.0
207.873784401,0.0,0.0
207.886509663,0.0,0.0
207.894221313,0.0,0.0
207.904738418,0.0,0.0
207.911143656,0.0,0.0
207.918243907,0.0,0.0
207.927838262,0.0,0.0
207.936024689,0.0,0.0
207.942807788,0.0,0.0
207.952744499,0.0,0.0
207.959955467,0.0,0.0
207.96996629,0.0,0.0
207.974484322,0.0,0.0
207.983369762,0.0,0.0
207.989687686,0.0,0.0
207.999749417,0.0,0.0
208.004471382,0.0,0.0
208.015893434,0.0,0.0
208.020705814,0.0,0.0
208.034831303,0.0,0.0
208.039639583,0.0,0.0
208.04659431,0.0,0.0
208.055401837,0.0,0.0
208.063173697,0.0,0.0
208.068441551,0.0,0.0
208.080761648,0.0,0.0
208.085160961,0.0,0.0
208.093639135,0.0,0.0
208.101738648,0.0,0.0
208.110087901,0.0,0.0
208.115375658,0.0,0.0
208.127308792,0.0,0.0
208.132504734,0.0,0.0
208.143102252,0.0,0.0
208.149721725,0.0,0.0
208.155638084,0.0,0.0
208.163717193,0.0,0.0
208.171602271,0.0,0.0
208.176420852,0.0,0.0
208.189756113,0.0,0.0
208.193904586,0.0,0.0
208.203285506,0.0,0.0
208.210117314,0.0,0.0
208.218479169,0.0,0.0
208.223321654,0.0,0.0
208.234438656,0.0,0.0
208.239989255,0.0,0.0
208.251268283,0.0,0.0
208.255772913,0.0,0.0
208.263160111,0.0,0.0
208.27192003,0.0,0.0
208.280666848,0.0,0.0
208.286778239,0.0,0.0
208.297059805,0.0,0.0
208.304407396,0.0,0.0
208.316984034,0.0,0.0
208.323477787,0.0,0.0
208.341864167,0.0,0.0
208.346166764,0.0,0.0
208.354119553,0.0,0.0
208.361786596,0.0,0.0
208.368322748,0.0,0.0
208.382249087,0.0,0.0
208.389993432,0.0,0.0
208.394921724,0.0,0.0
208.408927275,0.0,0.0
208.414787417,0.0,0.0
208.426113538,0.0,0.0
208.431246763,0.0,0.0
208.440944922,0.0,0.0
208.449100932,0.0,0.0
208.458224399,0.0,0.0
208.467455283,0.0,0.0
208.477271361,0.0,0.0
208.483281927,0.0,0.0
208.492870268,0.0,0.0
208.498743712,0.0,0.0
208.509200693,0.0,0.0
208.515367084,0.0,0.0
208.524270515,0.0,0.0
208.533721034,0.0,0.0
208.541859942,0.0,0.0
208.547301817,0.0,0.0
208.558450409,0.0,0.0
208.56436686,0.0,0.0
208.575663876,0.0,0.0
208.580139595,0.0,0.0
208.590099496,0.0,0.0
208.597519589,0.0,0.0
208.607577906,0.0,0.0
208.617024624,0.0,0.0
208.62452633,0.0,0.0
208.63192832,0.0,0.0
208.64885234,0.0,0.0
208.652923295,0.0,0.0
208.665069347,0.0,0.0
208.669411845,0.0,0.0
208.676334858,0.0,0.0
208.684507771,0.0,0.0
208.69233953,0.0,0.0
208.699205034,0.0,0.0
208.710552558,0.0,0.0
208.716267276,0.0,0.0
208.726970697,0.0,0.0
208.734363785,0.0,0.0
208.746394819,0.0,0.0
208.752163646,0.0,0.0
208.761430136,0.0,0.0
208.77284457,0.0,0.0
208.780605418,0.0,0.0
208.788609004,0.0,0.0
208.799481852,0.0,0.0
208.803225554,0.0,0.0
208.81558054,0.0,0.0
208.820648754,0.0,0.0
208.83231463,0.0,0.0
208.838286389,0.0,0.0
208.847989349,0.0,0.0
208.85739166,0.0,0.0
208.864739241,0.0,0.0
208.869563117,0.0,0.0
208.881502836,0.0,0.0
208.886276003,0.0,0.0
208.898520871,0.0,0.0
208.907526919,0.0,0.0
208.91518755,0.0,0.0
208.923819838,0.0,0.0
208.933712428,0.0,0.0
208.943250961,0.0,0.0
208.950099862,0.0,0.0
208.954656895,0.0,0.0
208.965600154,0.0,0.0
208.970934911,0.0,0.0
208.979299756,0.0,0.0
208.988611252,0.0,0.0
208.999841758,0.0,0.0
209.009733248,0.0,0.0
209.016091069,0.0,0.0
209.022034025,0.0,0.0
209.033169815,0.0,0.0
209.039286498,0.0,0.0
209.050262562,0.0,0.0
209.05553721,0.0,0.0
209.063297457,0.0,0.0
209.071967051,0.0,0.0
209.080583536,0.0,0.0
209.08540221,0.0,0.0
209.097435845,0.0,0.0
209.102652683,0.0,0.0
209.11009818,0.0,0.0
209.118754071,0.0,0.0
209.128267701,0.0,0.0
209.133419029,0.0,0.0
209.144331783,0.0,0.0
209.150267637,0.0,0.0
209.162258664,0.0,0.0
209.168175915,0.0,0.0
209.175094527,0.0,0.0
209.183468573,0.0,0.0
209.190698135,0.0,0.0
209.196841423,0.0,0.0
209.206660501,0.0,0.0
209.212114778,0.0,0.0
209.220753767,0.0,0.0
209.230020256,0.0,0.0
209.241332274,0.0,0.0
209.251362987,0.0,0.0
209.259165541,0.0,0.0
209.264411184,0.0,0.0
209.275909832,0.0,0.0
209.281261092,0.0,0.0
209.294720656,0.0,0.0
209.299309593,0.0,0.0
209.307194861,0.0,0.0
209.317373397,0.0,0.0
209.326208017,0.0,0.0
209.32996202,0.0,0.0
209.343329269,0.0,0.0
209.349787207,0.0,0.0
209.359160614,0.0,0.0
209.365193681,0.0,0.0
209.373047133,0.0,0.0
209.381992059,0.0,0.0
209.391192725,0.0,0.0
209.395908477,0.0,0.0
209.408010006,0.0,0.0
209.415418087,0.0,0.0
209.428162518,0.0,0.0
209.434691759,0.0,0.0
209.445199634,0.0,0.0
209.452482195,0.0,0.0
209.459597129,0.0,0.0
209.469174056,0.0,0.0
209.477476379,0.0,0.0
209.486352894,0.0,0.0
209.497983448,0.0,0.0
209.502738806,0.0,0.0
209.512725098,0.0,0.0
209.520036364,0.0,0.0
209.531198543,0.0,0.0
209.541012507,0.0,0.0
209.552285404,0.0,0.0
209.5572735,0.0,0.0
209.565925079,0.0,0.0
209.574705678,0.0,0.0
209.582787467,0.0,0.0
209.586935928,0.0,0.0
209.600635912,0.0,0.0
209.607078039,0.0,0.0
209.620405563,0.0,0.0
209.62784855,0.0,0.0
209.634699742,0.0,0.0
209.64290835,0.0,0.0
209.650780005,0.0,0.0
209.656059847,0.0,0.0
209.667464665,0.0,0.0
209.672973143,0.0,0.0
209.685006361,0.0,0.0
209.690808586,0.0,0.0
209.698253473,0.0,0.0
209.70620264,0.0,0.0
209.715097458,0.0,0.0
209.720589633,0.0,0.0
209.729721489,0.0,0.0
209.734830003,0.0,0.0
209.741683896,0.0,0.0
209.750850757,0.0,0.0
209.757998397,0.0,0.0
209.763721709,0.0,0.0
209.774271491,0.0,0.0
209.781992621,0.0,0.0
209.794581528,0.0,0.0
209.801295398,0.0,0.0
209.808095382,0.0,0.0
209.816014745,0.0,0.0
209.828537741,0.0,0.0
209.82865426,0.0,0.0
209.842296834,0.0,0.0
209.848500123,0.0,0.0
209.860252697,0.0,0.0
209.865971708,0.0,0.0
209.873282674,0.0,0.0
209.88185314,0.0,0.0
209.888494599,0.0,0.0
209.895219671,0.0,0.0
209.904902514,0.0,0.0
209.911863024,0.0,0.0
209.922225676,0.0,0.0
209.928362254,0.0,0.0
209.937302779,0.0,0.0
209.945930154,0.0,0.0
209.955329453,0.0,0.0
209.958743697,0.0,0.0
209.970733708,0.0,0.0
209.976128868,0.0,0.0
209.988891102,0.0,0.0
209.993318608,0.0,0.0
210.003628652,0.0,0.0
210.012739404,0.0,0.0
210.022526864,0.0,0.0
210.027676885,0.0,0.0
210.03724471,0.0,0.0
210.042784593,0.0,0.0
210.054541268,0.0,0.0
210.059266521,0.0,0.0
210.067621153,0.0,0.0
210.075261771,0.0,0.0
210.08372472,0.0,0.0
210.088633202,0.0,0.0
210.100104131,0.0,0.0
210.105064021,0.0,0.0
210.11339745,0.0,0.0
210.121307111,0.0,0.0
210.129325289,0.0,0.0
210.134878974,0.0,0.0
210.150131405,0.0,0.0
210.156462415,0.0,0.0
210.166369594,0.0,0.0
210.1726803,0.0,0.0
210.182601681,0.0,0.0
210.188513724,0.0,0.0
210.196996776,0.0,0.0
210.204952144,0.0,0.0
210.212878208,0.0,0.0
210.217273508,0.0,0.0
210.228783043,0.0,0.0
210.234027179,0.0,0.0
210.246621687,0.0,0.0
210.251231321,0.0,0.0
210.260824751,0.0,0.0
210.269222389,0.0,0.0
210.277994288,0.0,0.0
210.283811415,0.0,0.0
210.293911425,0.0,0.0
210.298858413,0.0,0.0
210.310198721,0.0,0.0
210.316855682,0.0,0.0
210.32499748,0.0,0.0
210.332630197,0.0,0.0
210.342155415,0.0,0.0
210.352196016,0.0,0.0
210.358311991,0.0,0.0
210.363875577,0.0,0.0
210.376903136,0.0,0.0
210.383537685,0.0,0.0
210.39514632,0.0,0.0
210.4007122,0.0,0.0
210.410312418,0.0,0.0
210.419887131,0.0,0.0
210.427492234,0.0,0.0
210.433123224,0.0,0.0
210.444208776,0.0,0.0
210.452025012,0.0,0.0
210.46327299,0.0,0.0
210.46909301,0.0,0.0
210.477198391,0.0,0.0
210.486313132,0.0,0.0
210.493897231,0.0,0.0
210.49869909,0.0,0.0
210.513378311,0.0,0.0
210.51741915,0.0,0.0
210.529137902,0.0,0.0
210.536156112,0.0,0.0
210.549385503,0.0,0.0
210.555831722,0.0,0.0
210.560809909,0.0,0.0
210.569879543,0.0,0.0
210.578461,0.0,0.0
210.583562706,0.0,0.0
210.595575105,0.0,0.0
210.601605358,0.0,0.0
210.61306317,0.0,0.0
210.618801077,0.0,0.0
210.628262373,0.0,0.0
210.636651099,0.0,0.0
210.645050527,0.0,0.0
210.650156034,0.0,0.0
210.660719104,0.0,0.0
210.66733755,0.0,0.0
210.678427203,0.0,0.0
210.683564415,0.0,0.0
210.692123968,0.0,0.0
210.700349569,0.0,0.0
210.707009321,0.0,0.0
210.712603806,0.0,0.0
210.723150973,0.0,0.0
210.728542325,0.0,0.0
210.736392867,0.0,0.0
210.744719183,0.0,0.0
210.754554238,0.0,0.0
210.763875211,0.0,0.0
210.771642139,0.0,0.0
210.777735102,0.0,0.0
210.789715796,0.0,0.0
210.794998431,0.0,0.0
210.807503008,0.0,0.0
210.813364335,0.0,0.0
210.825555862,0.0,0.0
210.83104943,0.0,0.0
210.839325539,0.0,0.0
210.846887634,0.0,0.0
210.854161084,0.0,0.0
210.859308398,0.0,0.0
210.869994287,0.0,0.0
210.875285023,0.0,0.0
210.883307492,0.0,0.0
210.891817337,0.0,0.0
210.899885913,0.0,0.0
210.905023425,0.0,0.0
210.916097775,0.0,0.0
210.922789033,0.0,0.0
210.932854824,0.0,0.0
210.937562069,0.0,0.0
210.946179931,0.0,0.0
210.954781991,0.0,0.0
210.964489325,0.0,0.0
210.96970695,0.0,0.0
210.980845711,0.0,0.0
210.986390988,0.0,0.0
210.996770329,0.0,0.0
211.002710368,0.0,0.0
211.011173106,0.0,0.0
211.019770165,0.0,0.0
211.028264807,0.0,0.0
211.034552301,0.0,0.0
211.044493173,0.0,0.0
211.053690227,0.0,0.0
211.06484559,0.0,0.0
211.069780671,0.0,0.0
211.076303702,0.0,0.0
211.084567708,0.0,0.0
211.092543369,0.0,0.0
211.098652235,0.0,0.0
211.109174098,0.0,0.0
211.11443653,0.0,0.0
211.12177509,0.0,0.0
211.129941281,0.0,0.0
211.137256138,0.0,0.0
211.141997687,0.0,0.0
211.15251545,0.0,0.0
211.158886357,0.0,0.0
211.170342768,0.0,0.0
211.175737821,0.0,0.0
211.183377029,0.0,0.0
211.191079746,0.0,0.0
211.201641016,0.0,0.0
211.204772611,0.0,0.0
211.214983525,0.0,0.0
211.219791985,0.0,0.0
211.228290929,0.0,0.0
211.237097621,0.0,0.0
211.246117947,0.0,0.0
211.251225355,0.0,0.0
211.261515681,0.0,0.0
211.268075218,0.0,0.0
211.280157728,0.0,0.0
211.28459513,0.0,0.0
211.293358015,0.0,0.0
211.301762544,0.0,0.0
211.310366204,0.0,0.0
211.315955087,0.0,0.0
211.326305024,0.0,0.0
211.334308089,0.0,0.0
211.341093361,0.0,0.0
211.349337965,0.0,0.0
211.360969804,0.0,0.0
211.369211999,0.0,0.0
211.377307268,0.0,0.0
211.382417069,0.0,0.0
211.394808811,0.0,0.0
211.399768889,0.0,0.0
211.407130543,0.0,0.0
211.414312169,0.0,0.0
211.42267208,0.0,0.0
211.427163484,0.0,0.0
211.438120902,0.0,0.0
211.443556054,0.0,0.0
211.455831178,0.0,0.0
211.461013591,0.0,0.0
211.468680193,0.0,0.0
211.478398016,0.0,0.0
211.485955201,0.0,0.0
211.490992791,0.0,0.0
211.501186589,0.0,0.0
211.508894797,0.0,0.0
211.515878592,0.0,0.0
211.52434492,0.0,0.0
211.533074988,0.0,0.0
211.537158729,0.0,0.0
211.548238866,0.0,0.0
211.553695521,0.0,0.0
211.564827466,0.0,0.0
211.570255017,0.0,0.0
211.577538959,0.0,0.0
211.585587621,0.0,0.0
211.593100299,0.0,0.0
211.599219458,0.0,0.0
211.608807461,0.0,0.0
211.613691627,0.0,0.0
211.62104678,0.0,0.0
211.629452198,0.0,0.0
211.638108955,0.0,0.0
211.643579513,0.0,0.0
211.662356757,0.0,0.0
211.670205987,0.0,0.0
211.681269022,0.0,0.0
211.686917807,0.0,0.0
211.699326753,0.0,0.0
211.704622683,0.0,0.0
211.71704563,0.0,0.0
211.721591743,0.0,0.0
211.735323696,0.0,0.0
211.741937233,0.0,0.0
211.749325791,0.0,0.0
211.75856814,0.0,0.0
211.767166788,0.0,0.0
211.77215387,0.0,0.0
211.782760833,0.0,0.0
211.787891337,0.0,0.0
211.798924967,0.0,0.0
211.803866842,0.0,0.0
211.812183046,0.0,0.0
211.820378631,0.0,0.0
211.828287771,0.0,0.0
211.833345163,0.0,0.0
211.844582125,0.0,0.0
211.849479693,0.0,0.0
211.857721285,0.0,0.0
211.866516364,0.0,0.0
211.874750455,0.0,0.0
211.881683542,0.0,0.0
211.893580607,0.0,0.0
211.898251739,0.0,0.0
211.908744784,0.0,0.0
211.913012253,0.0,0.0
211.920916593,0.0,0.0
211.929388521,0.0,0.0
211.937004415,0.0,0.0
211.942973751,0.0,0.0
211.952690674,0.0,0.0
211.960753938,0.0,0.0
211.972576192,0.0,0.0
211.97932745,0.0,0.0
211.986312945,0.0,0.0
211.996097379,0.0,0.0
212.005750392,0.0,0.0
212.01064596,0.0,0.0
212.022038646,0.0,0.0
212.027174051,0.0,0.0
212.039577996,0.0,0.0
212.044269831,0.0,0.0
212.052587935,0.0,0.0
212.062061221,0.0,0.0
212.070625663,0.0,0.0
212.075382209,0.0,0.0
212.086320524,0.0,0.0
212.092074726,0.0,0.0
212.099926257,0.0,0.0
212.108115841,0.0,0.0
212.115962271,0.0,0.0
212.12157115,0.0,0.0
212.133313891,0.0,0.0
212.138004127,0.0,0.0
212.148928939,0.0,0.0
212.154451405,0.0,0.0
212.164278546,0.0,0.0
212.174277113,0.0,0.0
212.181446837,0.0,0.0
212.190921823,0.0,0.0
212.199398752,0.0,0.0
212.204677879,0.0,0.0
212.216531538,0.0,0.0
212.220922526,0.0,0.0
212.228228172,0.0,0.0
212.24173829,0.0,0.0
212.252641799,0.0,0.0
212.260968605,0.0,0.0
212.2711481,0.0,0.0
212.279466805,0.0,0.0
212.287906528,0.0,0.0
212.293184555,0.0,0.0
212.304368008,0.0,0.0
212.30948021,0.0,0.0
212.320320309,0.0,0.0
212.325280287,0.0,0.0
212.332729055,0.0,0.0
212.343641266,0.0,0.0
212.351080132,0.0,0.0
212.356284648,0.0,0.0
212.368426944,0.0,0.0
212.373676761,0.0,0.0
212.38724267,0.0,0.0
212.392071221,0.0,0.0
212.4067321,0.0,0.0
212.408226732,0.0,0.0
212.41817878,0.0,0.0
212.427100067,0.0,0.0
212.435509174,0.0,0.0
212.444828323,0.0,0.0
212.450911069,0.0,0.0
212.457630814,0.0,0.0
212.469435049,0.0,0.0
212.475182542,0.0,0.0
212.483716769,0.0,0.0
212.492733471,0.0,0.0
212.499998001,0.0,0.0
212.504699131,0.0,0.0
212.517016347,0.0,0.0
212.522170748,0.0,0.0
212.533885069,0.0,0.0
212.539434632,0.0,0.0
212.547510588,0.0,0.0
212.555318402,0.0,0.0
212.56347647,0.0,0.0
212.575258702,0.0,0.0
212.583550691,0.0,0.0
212.589559625,0.0,0.0
212.600001549,0.0,0.0
212.605150949,0.0,0.0
212.614025829,0.0,0.0
212.622176796,0.0,0.0
212.629229993,0.0,0.0
212.635170617,0.0,0.0
212.646105117,0.0,0.0
212.651470151,0.0,0.0
212.662289233,0.0,0.0
212.667991119,0.0,0.0
212.678568164,0.0,0.0
212.684057917,0.0,0.0
212.692507731,0.0,0.0
212.699005941,0.0,0.0
212.710858484,0.0,0.0
212.715699537,0.0,0.0
212.728964999,0.0,0.0
212.734067793,0.0,0.0
212.742134847,0.0,0.0
212.749853547,0.0,0.0
212.757863993,0.0,0.0
212.763198322,0.0,0.0
212.774405664,0.0,0.0
212.780477808,0.0,0.0
212.792138121,0.0,0.0
212.798698341,0.0,0.0
212.810857332,0.0,0.0
212.818717954,0.0,0.0
212.828460969,0.0,0.0
212.838789074,0.0,0.0
212.845813467,0.0,0.0
212.854668843,0.0,0.0
212.861286772,0.0,0.0
212.870307975,0.0,0.0
212.882487969,0.0,0.0
212.886498992,0.0,0.0
212.898229616,0.0,0.0
212.905239806,0.0,0.0
212.91176542,0.0,0.0
212.922495389,0.0,0.0
212.928754962,0.0,0.0
212.934450847,0.0,0.0
212.947297145,0.0,0.0
212.953045238,0.0,0.0
212.967193938,0.0,0.0
212.968978116,0.0,0.0
212.978360474,0.0,0.0
212.985547592,0.0,0.0
212.992470768,0.0,0.0
212.998342181,0.0,0.0
213.009307586,0.0,0.0
213.01415764,0.0,0.0
213.025050033,0.0,0.0
213.029961997,0.0,0.0
213.037243429,0.0,0.0
213.04528658,0.0,0.0
213.053320229,0.0,0.0
213.059090726,0.0,0.0
213.070523503,0.0,0.0
213.075954748,0.0,0.0
213.08361954,0.0,0.0
213.094184782,0.0,0.0
213.103420318,0.0,0.0
213.108338383,0.0,0.0
213.118690092,0.0,0.0
213.123795686,0.0,0.0
213.134673277,0.0,0.0
213.139442819,0.0,0.0
213.147677099,0.0,0.0
213.156353748,0.0,0.0
213.163534164,0.0,0.0
213.172201812,0.0,0.0
213.18453973,0.0,0.0
213.189507103,0.0,0.0
213.201019192,0.0,0.0
213.207091436,0.0,0.0
213.214417576,0.0,0.0
213.223684716,0.0,0.0
213.231291599,0.0,0.0
213.242668768,0.0,0.0
213.249324903,0.0,0.0
213.254282474,0.0,0.0
213.265376798,0.0,0.0
213.270794941,0.0,0.0
213.27812128,0.0,0.0
213.289168497,0.0,0.0
213.294309397,0.0,0.0
213.300020585,0.0,0.0
213.309740096,0.0,0.0
213.315771834,0.0,0.0
213.327577969,0.0,0.0
213.332739172,0.0,0.0
213.341246094,0.0,0.0
213.349510279,0.0,0.0
213.358642699,0.0,0.0
213.363632474,0.0,0.0
213.375439795,0.0,0.0
213.379942589,0.0,0.0
213.391050302,0.0,0.0
213.397002319,0.0,0.0
213.407111378,0.0,0.0
213.412705841,0.0,0.0
213.422924116,0.0,0.0
213.427884381,0.0,0.0
213.43897229,0.0,0.0
213.445312568,0.0,0.0
213.455219095,0.0,0.0
213.460905672,0.0,0.0
213.469640519,0.0,0.0
213.48008783,0.0,0.0
213.489761321,0.0,0.0
213.499314494,0.0,0.0
213.507602572,0.0,0.0
213.513053313,0.0,0.0
213.525464826,0.0,0.0
213.528959765,0.0,0.0
213.536331702,0.0,0.0
213.544420849,0.0,0.0
213.55292506,0.0,0.0
213.558616638,0.0,0.0
213.571241484,0.0,0.0
213.57626886,0.0,0.0
213.587804738,0.0,0.0
213.592183613,0.0,0.0
213.601698681,0.0,0.0
213.609358962,0.0,0.0
213.617157864,0.0,0.0
213.622758128,0.0,0.0
213.635276958,0.0,0.0
213.639978083,0.0,0.0
213.647980016,0.0,0.0
213.656539936,0.0,0.0
213.663358988,0.0,0.0
213.66856579,0.0,0.0
213.678586736,0.0,0.0
213.684465342,0.0,0.0
213.69593251,0.0,0.0
213.701436959,0.0,0.0
213.708634969,0.0,0.0
213.72323472,0.0,0.0
213.731697625,0.0,0.0
213.743102483,0.0,0.0
213.748804662,0.0,0.0
213.754268905,0.0,0.0
213.765809884,0.0,0.0
213.770989483,0.0,0.0
213.78504855,0.0,0.0
213.790678218,0.0,0.0
213.800346909,0.0,0.0
213.808381748,0.0,0.0
213.817755293,0.0,0.0
213.826907805,0.0,0.0
213.835985104,0.0,0.0
213.840840553,0.0,0.0
213.852411437,0.0,0.0
213.859236989,0.0,0.0
213.866527913,0.0,0.0
213.87383714,0.0,0.0
213.883416917,0.0,0.0
213.893556481,0.0,0.0
213.904676795,0.0,0.0
213.908289152,0.0,0.0
213.922180194,0.0,0.0
213.927504515,0.0,0.0
213.939182016,0.0,0.0
213.946903906,0.0,0.0
213.959170598,0.0,0.0
213.965571385,0.0,0.0
213.977047254,0.0,0.0
213.986145257,0.0,0.0
213.993801637,0.0,0.0
214.003458126,0.0,0.0
214.010472208,0.0,0.0
214.015968355,0.0,0.0
214.027449625,0.0,0.0
214.032159051,0.0,0.0
214.042812594,0.0,0.0
214.048562781,0.0,0.0
214.055934317,0.0,0.0
214.06470687,0.0,0.0
214.076357266,0.0,0.0
214.087265048,0.0,0.0
214.095037446,0.0,0.0
214.099265998,0.0,0.0
214.110479527,0.0,0.0
214.117331184,0.0,0.0
214.128802452,0.0,0.0
214.135071319,0.0,0.0
214.143214175,0.0,0.0
214.151805899,0.0,0.0
214.159300755,0.0,0.0
214.164614074,0.0,0.0
214.176029934,0.0,0.0
214.183358564,0.0,0.0
214.194695612,0.0,0.0
214.199942521,0.0,0.0
214.208376522,0.0,0.0
214.216823724,0.0,0.0
214.225042591,0.0,0.0
214.231425675,0.0,0.0
214.24176977,0.0,0.0
214.246805947,0.0,0.0
214.259562714,0.0,0.0
214.266336058,0.0,0.0
214.27393473,0.0,0.0
214.283141849,0.0,0.0
214.290787528,0.0,0.0
214.296653533,0.0,0.0
214.307421293,0.0,0.0
214.311411608,0.0,0.0
214.323720606,0.0,0.0
214.328559052,0.0,0.0
214.337878189,0.0,0.0
214.348136671,0.0,0.0
214.353196051,0.0,0.0
214.358135412,0.0,0.0
214.368941671,0.0,0.0
214.377661804,0.0,0.0
214.387395693,0.0,0.0
214.392391957,0.0,0.0
214.400383879,0.0,0.0
214.408118561,0.0,0.0
214.4201448,0.0,0.0
214.426149818,0.0,0.0
214.435202303,0.0,0.0
214.440036542,0.0,0.0
214.449915352,0.0,0.0
214.456495858,0.0,0.0
214.468123136,0.0,0.0
214.475304134,0.0,0.0
214.483660012,0.0,0.0
214.492756503,0.0,0.0
214.502422181,0.0,0.0
214.510661041,0.0,0.0
214.518158787,0.0,0.0
214.523314575,0.0,0.0
214.533441224,0.0,0.0
214.541484254,0.0,0.0
214.552306208,0.0,0.0
214.559374189,0.0,0.0
214.56709977,0.0,0.0
214.576714541,0.0,0.0
214.585027212,0.0,0.0
214.59469569,0.0,0.0
214.603241897,0.0,0.0
214.609426042,0.0,0.0
214.621654812,0.0,0.0
214.62818011,0.0,0.0
214.639582654,0.0,0.0
214.645712991,0.0,0.0
214.657460187,0.0,0.0
214.662086995,0.0,0.0
214.66951333,0.0,0.0
214.681131107,0.0,0.0
214.688628453,0.0,0.0
214.694910513,0.0,0.0
214.705836684,0.0,0.0
214.712175953,0.0,0.0
214.719343049,0.0,0.0
214.727728432,0.0,0.0
214.73674251,0.0,0.0
214.746050833,0.0,0.0
214.751161915,0.0,0.0
214.757706915,0.0,0.0
214.769199573,0.0,0.0
214.77650589,0.0,0.0
214.788644546,0.0,0.0
214.79501702,0.0,0.0
214.802383247,0.0,0.0
214.81064221,0.0,0.0
214.820149363,0.0,0.0
214.825240742,0.0,0.0
214.837334391,0.0,0.0
214.842382363,0.0,0.0
214.852989685,0.0,0.0
214.859250042,0.0,0.0
214.866596365,0.0,0.0
214.873717954,0.0,0.0
214.883348227,0.0,0.0
214.891951342,0.0,0.0
214.900621368,0.0,0.0
214.905700845,0.0,0.0
214.917659273,0.0,0.0
214.92319642,0.0,0.0
214.931445281,0.0,0.0
214.94078831,0.0,0.0
214.948996965,0.0,0.0
214.953615071,0.0,0.0
214.964260399,0.0,0.0
214.971320578,0.0,0.0
214.98375678,0.0,0.0
214.98970879,0.0,0.0
214.998820683,0.0,0.0
215.00815281,0.0,0.0
215.016405872,0.0,0.0
215.026312387,0.0,0.0
215.034564522,0.0,0.0
215.04069953,0.0,0.0
215.052575287,0.0,0.0
215.057797059,0.0,0.0
215.070157488,0.0,0.0
215.075825427,0.0,0.0
215.085273825,0.0,0.0
215.093663666,0.0,0.0
215.102521177,0.0,0.0
215.109205066,0.0,0.0
215.122718765,0.0,0.0
215.130087055,0.0,0.0
215.140269962,0.0,0.0
215.146643705,0.0,0.0
215.158348537,0.0,0.0
215.165687223,0.0,0.0
215.173380061,0.0,0.0
215.1824313,0.0,0.0
215.191591655,0.0,0.0
215.203831966,0.0,0.0
215.212633569,0.0,0.0
215.221556589,0.0,0.0
215.2283876,0.0,0.0
215.2351475,0.0,0.0
215.246176032,0.0,0.0
215.250109514,0.0,0.0
215.258004482,0.0,0.0
215.267204943,0.0,0.0
215.275146918,0.0,0.0
215.286637318,0.0,0.0
215.29449288,0.0,0.0
215.301291186,0.0,0.0
215.311313069,0.0,0.0
215.317543091,0.0,0.0
215.328056947,0.0,0.0
215.333615769,0.0,0.0
215.342241645,0.0,0.0
215.35044876,0.0,0.0
215.357958771,0.0,0.0
215.363208147,0.0,0.0
215.375012184,0.0,0.0
215.381172988,0.0,0.0
215.394172494,0.0,0.0
215.397796826,0.0,0.0
215.406770242,0.0,0.0
215.416800014,0.0,0.0
215.422891207,0.0,0.0
215.428354308,0.0,0.0
215.439282712,0.0,0.0
215.443980901,0.0,0.0
215.452318324,0.0,0.0
215.462500617,0.0,0.0
215.470133037,0.0,0.0
215.475597538,0.0,0.0
215.48883508,0.0,0.0
215.4930608,0.0,0.0
215.506305343,0.0,0.0
215.510178111,0.0,0.0
215.518580844,0.0,0.0
215.526904865,0.0,0.0
215.53444187,0.0,0.0
215.54064708,0.0,0.0
215.551800617,0.0,0.0
215.556696135,0.0,0.0
215.566743909,0.0,0.0
215.574655169,0.0,0.0
215.586517609,0.0,0.0
215.596346951,0.0,0.0
215.602696482,0.0,0.0
215.608479931,0.0,0.0
215.618309773,0.0,0.0
215.625965496,0.0,0.0
215.635786936,0.0,0.0
215.642539227,0.0,0.0
215.6512177,0.0,0.0
215.658479365,0.0,0.0
215.667318962,0.0,0.0
215.672569132,0.0,0.0
215.685390913,0.0,0.0
215.691465904,0.0,0.0
215.705263428,0.0,0.0
215.710046629,0.0,0.0
215.718159619,0.0,0.0
215.728410523,0.0,0.0
215.736200966,0.0,0.0
215.74509267,0.0,0.0
215.753647725,0.0,0.0
215.760175783,0.0,0.0
215.770390081,0.0,0.0
215.775890188,0.0,0.0
215.788544244,0.0,0.0
215.795330339,0.0,0.0
215.804043217,0.0,0.0
215.813288374,0.0,0.0
215.820840381,0.0,0.0
215.830491897,0.0,0.0
215.838169323,0.0,0.0
215.846766384,0.0,0.0
215.858009834,0.0,0.0
215.863424028,0.0,0.0
215.874385036,0.0,0.0
215.883246736,0.0,0.0
215.891293516,0.0,0.0
215.901296483,0.0,0.0
215.907157343,0.0,0.0
215.91293389,0.0,0.0
215.923548147,0.0,0.0
215.928430864,0.0,0.0
215.942356806,0.0,0.0
215.948030039,0.0,0.0
215.954896046,0.0,0.0
215.96487721,0.0,0.0
215.971923943,0.0,0.0
215.978619526,0.0,0.0
215.989984293,0.0,0.0
215.996196704,0.0,0.0
216.007448855,0.0,0.0
216.012611612,0.0,0.0
216.020284737,0.0,0.0
216.029211847,0.0,0.0
216.037943728,0.0,0.0
216.044090029,0.0,0.0
216.055313576,0.0,0.0
216.059894248,0.0,0.0
216.072271363,0.0,0.0
216.079267489,0.0,0.0
216.085314877,0.0,0.0
216.093848328,0.0,0.0
216.10244919,0.0,0.0
216.10824434,0.0,0.0
216.118120889,0.0,0.0
216.12555858,0.0,0.0
216.137554639,0.0,0.0
216.143544418,0.0,0.0
216.158186666,0.0,0.0
216.163302716,0.0,0.0
216.169817372,0.0,0.0
216.18166521,0.0,0.0
216.189889216,0.0,0.0
216.195338216,0.0,0.0
216.208266812,0.0,0.0
216.214325001,0.0,0.0
216.226686114,0.0,0.0
216.232851418,0.0,0.0
216.239595208,0.0,0.0
216.246992493,0.0,0.0
216.255738576,0.0,0.0
216.262480865,0.0,0.0
216.271596502,0.0,0.0
216.276640742,0.0,0.0
216.290138822,0.0,0.0
216.293116659,0.0,0.0
216.303682508,0.0,0.0
216.310552816,0.0,0.0
216.320365156,0.0,0.0
216.327459996,0.0,0.0
216.338283484,0.0,0.0
216.343101091,0.0,0.0
216.35318737,0.0,0.0
216.358415237,0.0,0.0
216.368816261,0.0,0.0
216.376628197,0.0,0.0
216.384168293,0.0,0.0
216.389839918,0.0,0.0
216.401933677,0.0,0.0
216.409168829,0.0,0.0
216.420711007,0.0,0.0
216.427624713,0.0,0.0
216.433305039,0.0,0.0
216.441669755,0.0,0.0
216.450176993,0.0,0.0
216.455714198,0.0,0.0
216.466174819,0.0,0.0
216.472633558,0.0,0.0
216.48495555,0.0,0.0
216.491490001,0.0,0.0
216.499490164,0.0,0.0
216.50805881,0.0,0.0
216.515403878,0.0,0.0
216.521486663,0.0,0.0
216.532170617,0.0,0.0
216.53804057,0.0,0.0
216.549541243,0.0,0.0
216.554345942,0.0,0.0
216.564539724,0.0,0.0
216.573402613,0.0,0.0
216.581455084,0.0,0.0
216.586738352,0.0,0.0
216.597013847,0.0,0.0
216.602111488,0.0,0.0
216.613927006,0.0,0.0
216.618963239,0.0,0.0
216.627351059,0.0,0.0
216.635728877,0.0,0.0
216.643721139,0.0,0.0
216.64977842,0.0,0.0
216.663647237,0.0,0.0
216.667474394,0.0,0.0
216.67934582,0.0,0.0
216.68498174,0.0,0.0
216.694049358,0.0,0.0
216.702668212,0.0,0.0
216.711722429,0.0,0.0
216.717619586,0.0,0.0
216.72713757,0.0,0.0
216.733225356,0.0,0.0
216.740601628,0.0,0.0
216.748306549,0.0,0.0
216.756899599,0.0,0.0
216.763254323,0.0,0.0
216.774180012,0.0,0.0
216.778801784,0.0,0.0
216.790661909,0.0,0.0
216.799000721,0.0,0.0
216.812544891,0.0,0.0
216.816624784,0.0,0.0
216.82381763,0.0,0.0
216.832793836,0.0,0.0
216.840951422,0.0,0.0
216.846471425,0.0,0.0
216.859350498,0.0,0.0
216.86589875,0.0,0.0
216.879830476,0.0,0.0
216.886481843,0.0,0.0
216.897421534,0.0,0.0
216.902116017,0.0,0.0
216.910500536,0.0,0.0
216.920456284,0.0,0.0
216.929125345,0.0,0.0
216.93445342,0.0,0.0
216.946504472,0.0,0.0
216.952397929,0.0,0.0
216.963219403,0.0,0.0
216.968776911,0.0,0.0
216.978358605,0.0,0.0
216.986246152,0.0,0.0
216.994775092,0.0,0.0
217.000471921,0.0,0.0
217.009492933,0.0,0.0
217.015275674,0.0,0.0
217.023805014,0.0,0.0
217.031318107,0.0,0.0
217.040198498,0.0,0.0
217.045665393,0.0,0.0
217.05629964,0.0,0.0
217.062154491,0.0,0.0
217.072889252,0.0,0.0
217.07809891,0.0,0.0
217.087156827,0.0,0.0
217.094840845,0.0,0.0
217.104911609,0.0,0.0
217.110985292,0.0,0.0
217.12217752,0.0,0.0
217.126669373,0.0,0.0
217.138378776,0.0,0.0
217.145794455,0.0,0.0
217.153838725,0.0,0.0
217.162182538,0.0,0.0
217.170854599,0.0,0.0
217.176521623,0.0,0.0
217.187146668,0.0,0.0
217.192338523,0.0,0.0
217.203623465,0.0,0.0
217.20847167,0.0,0.0
217.217127528,0.0,0.0
217.225748382,0.0,0.0
217.234613771,0.0,0.0
217.238945501,0.0,0.0
217.252402258,0.0,0.0
217.259176544,0.0,0.0
217.271027767,0.0,0.0
217.278353732,0.0,0.0
217.285914732,0.0,0.0
217.295220485,0.0,0.0
217.304253799,0.0,0.0
217.30921242,0.0,0.0
217.32241304,0.0,0.0
217.327581892,0.0,0.0
217.340044904,0.0,0.0
217.346843893,0.0,0.0
217.359638654,0.0,0.0
217.365236668,0.0,0.0
217.373218421,0.0,0.0
217.381237977,0.0,0.0
217.389710499,0.0,0.0
217.395529337,0.0,0.0
217.40872744,0.0,0.0
217.412799627,0.0,0.0
217.423439662,0.0,0.0
217.429700864,0.0,0.0
217.438067671,0.0,0.0
217.445531847,0.0,0.0
217.456128074,0.0,0.0
217.460237667,0.0,0.0
217.472108979,0.0,0.0
217.477742291,0.0,0.0
217.488807386,0.0,0.0
217.493859514,0.0,0.0
217.501516918,0.0,0.0
217.512314275,0.0,0.0
217.51740721,0.0,0.0
217.523764826,0.0,0.0
217.534649095,0.0,0.0
217.539863047,0.0,0.0
217.55090764,0.0,0.0
217.555931964,0.0,0.0
217.564705129,0.0,0.0
217.572806697,0.0,0.0
217.581198707,0.0,0.0
217.586943435,0.0,0.0
217.597599371,0.0,0.0
217.602921039,0.0,0.0
217.614147357,0.0,0.0
217.618750421,0.0,0.0
217.627176136,0.0,0.0
217.635385919,0.0,0.0
217.64398906,0.0,0.0
217.651846093,0.0,0.0
217.660505441,0.0,0.0
217.664706247,0.0,0.0
217.674400044,0.0,0.0
217.681540074,0.0,0.0
217.689979991,0.0,0.0
217.695635906,0.0,0.0
217.709469601,0.0,0.0
217.714500426,0.0,0.0
217.7254148,0.0,0.0
217.730007262,0.0,0.0
217.73741553,0.0,0.0
217.746689067,0.0,0.0
217.753689176,0.0,0.0
217.758586082,0.0,0.0
217.769131803,0.0,0.0
217.774751613,0.0,0.0
217.78902087,0.0,0.0
217.79567633,0.0,0.0
217.80684844,0.0,0.0
217.81204419,0.0,0.0
217.821671878,0.0,0.0
217.82716687,0.0,0.0
217.834978896,0.0,0.0
217.840710323,0.0,0.0
217.852742557,0.0,0.0
217.859783572,0.0,0.0
217.872742441,0.0,0.0
217.874921555,0.0,0.0
217.883920452,0.0,0.0
217.893394218,0.0,0.0
217.900765981,0.0,0.0
217.907857704,0.0,0.0
217.91705403,0.0,0.0
217.921417159,0.0,0.0
217.928836228,0.0,0.0
217.9376563,0.0,0.0
217.944062224,0.0,0.0
217.949435498,0.0,0.0
217.961373219,0.0,0.0
217.968308519,0.0,0.0
217.978357668,0.0,0.0
217.983811755,0.0,0.0
217.996442276,0.0,0.0
218.003070231,0.0,0.0
218.01825192,0.0,0.0
218.023014607,0.0,0.0
218.032901532,0.0,0.0
218.0410029,0.0,0.0
218.049260591,0.0,0.0
218.054627965,0.0,0.0
218.065051367,0.0,0.0
218.071638917,0.0,0.0
218.082654305,0.0,0.0
218.087581616,0.0,0.0
218.097122091,0.0,0.0
218.107806332,0.0,0.0
218.114596611,0.0,0.0
218.12402647,0.0,0.0
218.13262351,0.0,0.0
218.138131204,0.0,0.0
218.150359467,0.0,0.0
218.156102495,0.0,0.0
218.16778838,0.0,0.0
218.173551811,0.0,0.0
218.181181111,0.0,0.0
218.190915214,0.0,0.0
218.199518055,0.0,0.0
218.205291987,0.0,0.0
218.217026679,0.0,0.0
218.222172521,0.0,0.0
218.231885921,0.0,0.0
218.236822133,0.0,0.0
218.246424017,0.0,0.0
218.253690965,0.0,0.0
218.26440531,0.0,0.0
218.273997793,0.0,0.0
218.280698859,0.0,0.0
218.285825598,0.0,0.0
218.297541687,0.0,0.0
218.303919707,0.0,0.0
218.317360845,0.0,0.0
218.324074413,0.0,0.0
218.334545723,0.0,0.0
218.339099079,0.0,0.0
218.347600405,0.0,0.0
218.355234705,0.0,0.0
218.363230058,0.0,0.0
218.368228377,0.0,0.0
218.381727807,0.0,0.0
218.387740966,0.0,0.0
218.399208706,0.0,0.0
218.404109506,0.0,0.0
218.411828309,0.0,0.0
218.420957514,0.0,0.0
218.430100121,0.0,0.0
218.434762488,0.0,0.0
218.446435056,0.0,0.0
218.453545772,0.0,0.0
218.46724293,0.0,0.0
218.473268091,0.0,0.0
218.485255605,0.0,0.0
218.489645032,0.0,0.0
218.498902656,0.0,0.0
218.507279553,0.0,0.0
218.519843949,0.0,0.0
218.52740953,0.0,0.0
218.535609902,0.0,0.0
218.543241793,0.0,0.0
218.553877313,0.0,0.0
218.559074056,0.0,0.0
218.57302295,0.0,0.0
218.577333966,0.0,0.0
218.585709063,0.0,0.0
218.593708207,0.0,0.0
218.602978932,0.0,0.0
218.607147228,0.0,0.0
218.621595893,0.0,0.0
218.626020125,0.0,0.0
218.636598637,0.0,0.0
218.642239244,0.0,0.0
218.651916827,0.0,0.0
218.660485952,0.0,0.0
218.669196997,0.0,0.0
218.673166464,0.0,0.0
218.68496155,0.0,0.0
218.691242448,0.0,0.0
218.702284426,0.0,0.0
218.707705201,0.0,0.0
218.716266925,0.0,0.0
218.724981971,0.0,0.0
218.734092473,0.0,0.0
218.743222678,0.0,0.0
218.75275174,0.0,0.0
218.75792938,0.0,0.0
218.769914493,0.0,0.0
218.775686818,0.0,0.0
218.786709194,0.0,0.0
218.792074461,0.0,0.0
218.798913938,0.0,0.0
218.807136714,0.0,0.0
218.815221469,0.0,0.0
218.820448716,0.0,0.0
218.831604511,0.0,0.0
218.83740604,0.0,0.0
218.845220057,0.0,0.0
218.853630959,0.0,0.0
218.863880824,0.0,0.0
218.873169052,0.0,0.0
218.883034962,0.0,0.0
218.8888983,0.0,0.0
218.899474412,0.0,0.0
218.904892787,0.0,0.0
218.917671813,0.0,0.0
218.9224738,0.0,0.0
218.931195446,0.0,0.0
218.939605848,0.0,0.0
218.946790875,0.0,0.0
218.951827495,0.0,0.0
218.964996678,0.0,0.0
218.968395363,0.0,0.0
218.978947572,0.0,0.0
218.984925426,0.0,0.0
218.992742244,0.0,0.0
219.00097142,0.0,0.0
219.009617256,0.0,0.0
219.015571107,0.0,0.0
219.026180923,0.0,0.0
219.02993876,0.0,0.0
219.039260693,0.0,0.0
219.04771,0.0,0.0
219.055606729,0.0,0.0
219.060635048,0.0,0.0
219.071166753,0.0,0.0
219.076338093,0.0,0.0
219.08947617,0.0,0.0
219.094884744,0.0,0.0
219.102303004,0.0,0.0
219.109907891,0.0,0.0
219.119225723,0.0,0.0
219.124544683,0.0,0.0
219.13508719,0.0,0.0
219.141783947,0.0,0.0
219.149994121,0.0,0.0
219.156525454,0.0,0.0
219.163696079,0.0,0.0
219.169391393,0.0,0.0
219.179967405,0.0,0.0
219.184856304,0.0,0.0
219.197777451,0.0,0.0
219.201144132,0.0,0.0
219.210501069,0.0,0.0
219.220150049,0.0,0.0
219.230468523,0.0,0.0
219.239202272,0.0,0.0
219.247950222,0.0,0.0
219.253483613,0.0,0.0
219.267723349,0.0,0.0
219.275092402,0.0,0.0
219.289549868,0.0,0.0
219.29760692,0.0,0.0
219.312477046,0.0,0.0
219.319271717,0.0,0.0
219.332156959,0.0,0.0
219.337439514,0.0,0.0
219.3471389,0.0,0.0
219.35651274,0.0,0.0
219.36246079,0.0,0.0
219.37399353,0.0,0.0
219.382396221,0.0,0.0
219.387952208,0.0,0.0
219.400626204,0.0,0.0
219.405975062,0.0,0.0
219.417711325,0.0,0.0
219.424347665,0.0,0.0
219.432436612,0.0,0.0
219.44088901,0.0,0.0
219.450123218,0.0,0.0
219.45804334,0.0,0.0
219.465336274,0.0,0.0
219.470268973,0.0,0.0
219.488572767,0.0,0.0
219.492918382,0.0,0.0
219.508380974,0.0,0.0
219.517136414,0.0,0.0
219.528315998,0.0,0.0
219.536893914,0.0,0.0
219.550672266,0.0,0.0
219.556778832,0.0,0.0
219.570863828,0.0,0.0
219.575914744,0.0,0.0
219.586103287,0.0,0.0
219.59487453,0.0,0.0
219.603231915,0.0,0.0
219.6073647,0.0,0.0
219.619094262,0.0,0.0
219.623147837,0.0,0.0
219.634970612,0.0,0.0
219.64511655,0.0,0.0
219.656864315,0.0,0.0
219.662245777,0.0,0.0
219.672108075,0.0,0.0
219.678972247,0.0,0.0
219.687777695,0.0,0.0
219.693404493,0.0,0.0
219.705165059,0.0,0.0
219.710483213,0.0,0.0
219.721456868,0.0,0.0
219.727658747,0.0,0.0
219.73615435,0.0,0.0
219.74476217,0.0,0.0
219.753564118,0.0,0.0
219.759415547,0.0,0.0
219.771379542,0.0,0.0
219.776928828,0.0,0.0
219.78893933,0.0,0.0
219.79344907,0.0,0.0
219.803566403,0.0,0.0
219.812257535,0.0,0.0
219.823737762,0.0,0.0
219.831634181,0.0,0.0
219.840757373,0.0,0.0
219.845466941,0.0,0.0
219.858988357,0.0,0.0
219.862120101,0.0,0.0
219.875345475,0.0,0.0
219.877747615,0.0,0.0
219.885538019,0.0,0.0
219.893968114,0.0,0.0
219.901221242,0.0,0.0
219.9058668,0.0,0.0
219.91877993,0.0,0.0
219.922738091,0.0,0.0
219.931190488,0.0,0.0
219.938886279,0.0,0.0
219.94672499,0.0,0.0
219.95194973,0.0,0.0
219.961818329,0.0,0.0
219.967258299,0.0,0.0
219.979004064,0.0,0.0
219.984422632,0.0,0.0
219.992281645,0.0,0.0
220.000392095,0.0,0.0
220.009275553,0.0,0.0
220.014198851,0.0,0.0
220.024699239,0.0,0.0
220.030747696,0.0,0.0
220.043011734,0.0,0.0
220.0477102,0.0,0.0
220.056083887,0.0,0.0
220.065046457,0.0,0.0
220.071691298,0.0,0.0
220.077216881,0.0,0.0
220.088911338,0.0,0.0
220.094367612,0.0,0.0
220.102690691,0.0,0.0
220.110786938,0.0,0.0
220.12004105,0.0,0.0
220.128545955,0.0,0.0
220.137974291,0.0,0.0
220.14340476,0.0,0.0
220.153690618,0.0,0.0
220.158244463,0.0,0.0
220.166523236,0.0,0.0
220.174489565,0.0,0.0
220.181735992,0.0,0.0
220.187959074,0.0,0.0
220.19929438,0.0,0.0
220.20317393,0.0,0.0
220.215103321,0.0,0.0
220.219245808,0.0,0.0
220.227262344,0.0,0.0
220.236135301,0.0,0.0
220.244648407,0.0,0.0
220.249345773,0.0,0.0
220.261415483,0.0,0.0
220.266522707,0.0,0.0
220.274845686,0.0,0.0
220.282604286,0.0,0.0
220.290524208,0.0,0.0
220.296844204,0.0,0.0
220.308503956,0.0,0.0
220.313804007,0.0,0.0
220.324988092,0.0,0.0
220.331906872,0.0,0.0
220.339823094,0.0,0.0
220.347814927,0.0,0.0
220.35722336,0.0,0.0
220.36379009,0.0,0.0
220.376488378,0.0,0.0
220.380703771,0.0,0.0
220.395485347,0.0,0.0
220.400724083,0.0,0.0
220.408497075,0.0,0.0
220.416695027,0.0,0.0
220.429507927,0.0,0.0
220.436844558,0.0,0.0
220.445254639,0.0,0.0
220.450726308,0.0,0.0
220.462030296,0.0,0.0
220.466503824,0.0,0.0
220.473314381,0.0,0.0
220.482147822,0.0,0.0
220.490922055,0.0,0.0
220.496102882,0.0,0.0
220.509044101,0.0,0.0
220.513821172,0.0,0.0
220.525527316,0.0,0.0
220.5318206,0.0,0.0
220.540124867,0.0,0.0
220.549119331,0.0,0.0
220.556703996,0.0,0.0
220.562830657,0.0,0.0
220.573976823,0.0,0.0
220.579311872,0.0,0.0
220.588708192,0.0,0.0
220.594699234,0.0,0.0
220.604744245,0.0,0.0
220.614759952,0.0,0.0
220.623178235,0.0,0.0
220.632169598,0.0,0.0
220.640649289,0.0,0.0
220.646391896,0.0,0.0
220.660102422,0.0,0.0
220.666061559,0.0,0.0
220.678274575,0.0,0.0
220.68471598,0.0,0.0
220.693169567,0.0,0.0
220.702816523,0.0,0.0
220.71283473,0.0,0.0
220.721668071,0.0,0.0
220.732928153,0.0,0.0
220.742848647,0.0,0.0
220.752735136,0.0,0.0
220.757793046,0.0,0.0
220.769462485,0.0,0.0
220.775653755,0.0,0.0
220.787256385,0.0,0.0
220.795614259,0.0,0.0
220.804047944,0.0,0.0
220.814025346,0.0,0.0
220.824676942,0.0,0.0
220.831544807,0.0,0.0
220.841804448,0.0,0.0
220.847150299,0.0,0.0
220.857467749,0.0,0.0
220.863259563,0.0,0.0
220.876617139,0.0,0.0
220.881902482,0.0,0.0
220.895971258,0.0,0.0
220.902149526,0.0,0.0
220.911128687,0.0,0.0
220.922161937,0.0,0.0
220.930878562,0.0,0.0
220.938254098,0.0,0.0
220.951145309,0.0,0.0
220.960712953,0.0,0.0
220.970395814,0.0,0.0
220.980820378,0.0,0.0
220.990636757,0.0,0.0
220.99656679,0.0,0.0
221.010902404,0.0,0.0
221.01720989,0.0,0.0
221.03300641,0.0,0.0
221.040656784,0.0,0.0
221.052741482,0.0,0.0
221.05977287,0.0,0.0
221.079643661,0.0,0.0
221.091696155,0.0,0.0
221.100739425,0.0,0.0
221.106914993,0.0,0.0
221.117779719,0.0,0.0
221.125311177,0.0,0.0
221.137778828,0.0,0.0
221.145994483,0.0,0.0
221.15736698,0.0,0.0
221.164709112,0.0,0.0
221.181672595,0.0,0.0
221.188672778,0.0,0.0
221.197220279,0.0,0.0
221.205996312,0.0,0.0
221.217963593,0.0,0.0
221.226917451,0.0,0.0
221.237284808,0.0,0.0
221.247286613,0.0,0.0
221.255120213,0.0,0.0
221.259676253,0.0,0.0
221.272426144,0.0,0.0
221.279048175,0.0,0.0
221.293929065,0.0,0.0
221.297726699,0.0,0.0
221.307712402,0.0,0.0
221.316213496,0.0,0.0
221.327849031,0.0,0.0
221.336273414,0.0,0.0
221.346199008,0.0,0.0
221.35553312,0.0,0.0
221.364553087,0.0,0.0
221.370938379,0.0,0.0
221.382463484,0.0,0.0
221.388107971,0.0,0.0
221.401571746,0.0,0.0
221.406967397,0.0,0.0
221.419816387,0.0,0.0
221.426369399,0.0,0.0
221.434472928,0.0,0.0
221.443422474,0.0,0.0
221.452971804,0.0,0.0
221.459083156,0.0,0.0
221.470573656,0.0,0.0
221.477150972,0.0,0.0
221.489217752,0.0,0.0
221.494336265,0.0,0.0
221.506237023,0.0,0.0
221.511685882,0.0,0.0
221.520700537,0.0,0.0
221.530828748,0.0,0.0
221.539433546,0.0,0.0
221.544953515,0.0,0.0
221.55834398,0.0,0.0
221.564116284,0.0,0.0
221.580215926,0.0,0.0
221.585435853,0.0,0.0
221.597342811,0.0,0.0
221.603198527,0.0,0.0
221.613140812,0.0,0.0
221.622234078,0.0,0.0
221.634636705,0.0,0.0
221.644048516,0.0,0.0
221.655812555,0.0,0.0
221.664160617,0.0,0.0
221.672523082,0.0,0.0
221.677745809,0.0,0.0
221.692295036,0.0,0.0
221.69828267,0.0,0.0
221.712698677,0.0,0.0
221.718877738,0.0,0.0
221.734665637,0.0,0.0
221.740630768,0.0,0.0
221.75608702,0.0,0.0
221.761669498,0.0,0.0
221.777291874,0.0,0.0
221.782657621,0.0,0.0
221.79220075,0.0,0.0
221.802761121,0.0,0.0
221.814915814,0.0,0.0
221.829095989,0.0,0.0
221.836204179,0.0,0.0
221.849020864,0.0,0.0
221.858982851,0.0,0.0
221.871157547,0.0,0.0
221.882146277,0.0,0.0
221.892374001,0.0,0.0
221.901486071,0.0,0.0
221.908144198,0.0,0.0
221.921323333,0.0,0.0
221.930012544,0.0,0.0
221.943253788,0.0,0.0
221.950822442,0.0,0.0
221.963435498,0.0,0.0
221.969400929,0.0,0.0
221.982394139,0.0,0.0
221.987350529,0.0,0.0
221.997575553,0.0,0.0
222.005840804,0.0,0.0
222.015256516,0.0,0.0
222.024536508,0.0,0.0
222.033876409,0.0,0.0
222.039457686,0.0,0.0
222.050854574,0.0,0.0
222.058125286,0.0,0.0
222.07007215,0.0,0.0
222.076145196,0.0,0.0
222.087930237,0.0,0.0
222.092293145,0.0,0.0
222.101379911,0.0,0.0
222.110012213,0.0,0.0
222.121615929,0.0,0.0
222.125322245,0.0,0.0
222.138750515,0.0,0.0
222.144841064,0.0,0.0
222.156990556,0.0,0.0
222.162508624,0.0,0.0
222.175020167,0.0,0.0
222.180407417,0.0,0.0
222.190679148,0.0,0.0
222.199724607,0.0,0.0
222.208061568,0.0,0.0
222.212963451,0.0,0.0
222.225596211,0.0,0.0
222.233342189,0.0,0.0
222.245775921,0.0,0.0
222.251415006,0.0,0.0
222.26386554,0.0,0.0
222.269708654,0.0,0.0
222.281546303,0.0,0.0
222.286702821,0.0,0.0
222.29509509,0.0,0.0
222.303554068,0.0,0.0
222.313795294,0.0,0.0
222.321955231,0.0,0.0
222.334467874,0.0,0.0
222.339368856,0.0,0.0
222.350272975,0.0,0.0
222.355959267,0.0,0.0
222.36474549,0.0,0.0
222.374252106,0.0,0.0
222.382189302,0.0,0.0
222.387651456,0.0,0.0
222.398970719,0.0,0.0
222.40354485,0.0,0.0
222.411043586,0.0,0.0
222.420110438,0.0,0.0
222.429725265,0.0,0.0
222.438646797,0.0,0.0
222.447248484,0.0,0.0
222.452860559,0.0,0.0
222.464981733,0.0,0.0
222.471020067,0.0,0.0
222.482188709,0.0,0.0
222.486777842,0.0,0.0
222.495197005,0.0,0.0
222.503226213,0.0,0.0
222.511829601,0.0,0.0
222.517646704,0.0,0.0
222.527589577,0.0,0.0
222.534813075,0.0,0.0
222.546109734,0.0,0.0
222.550749275,0.0,0.0
222.55904222,0.0,0.0
222.569283434,0.0,0.0
222.57692799,0.0,0.0
222.582787199,0.0,0.0
222.5936596,0.0,0.0
222.599590319,0.0,0.0
222.607810754,0.0,0.0
222.61560693,0.0,0.0
222.624743191,0.0,0.0
222.630574997,0.0,0.0
222.641301278,0.0,0.0
222.647176589,0.0,0.0
222.662504005,0.0,0.0
222.666731689,0.0,0.0
222.677900331,0.0,0.0
222.684470938,0.0,0.0
222.693367166,0.0,0.0
222.701900645,0.0,0.0
222.712633727,0.0,0.0
222.720432503,0.0,0.0
222.728825562,0.0,0.0
222.73445534,0.0,0.0
222.74930699,0.0,0.0
222.753442361,0.0,0.0
222.767157355,0.0,0.0
222.772947154,0.0,0.0
222.786719256,0.0,0.0
222.792451747,0.0,0.0
222.800677083,0.0,0.0
222.810561448,0.0,0.0
222.818005375,0.0,0.0
222.82390569,0.0,0.0
222.839357424,0.0,0.0
222.844479731,0.0,0.0
222.856905446,0.0,0.0
222.862298491,0.0,0.0
222.874380059,0.0,0.0
222.880060043,0.0,0.0
222.889347626,0.0,0.0
222.900946627,0.0,0.0
222.912812266,0.0,0.0
222.92211755,0.0,0.0
222.935190455,0.0,0.0
222.946373399,0.0,0.0
222.956337275,0.0,0.0
222.966385663,0.0,0.0
222.977289568,0.0,0.0
222.985828447,0.0,0.0
222.99389156,0.0,0.0
223.000381256,0.0,0.0
223.010829599,0.0,0.0
223.016228544,0.0,0.0
223.02488774,0.0,0.0
223.032609106,0.0,0.0
223.041577944,0.0,0.0
223.046607323,0.0,0.0
223.057957736,0.0,0.0
223.062795091,0.0,0.0
223.074228484,0.0,0.0
223.080796329,0.0,0.0
223.088710056,0.0,0.0
223.097160056,0.0,0.0
223.10588589,0.0,0.0
223.112745766,0.0,0.0
223.12620148,0.0,0.0
223.129672559,0.0,0.0
223.142921822,0.0,0.0
223.148791333,0.0,0.0
223.157199342,0.0,0.0
223.165492279,0.0,0.0
223.172947014,0.0,0.0
223.180005243,0.0,0.0
223.192568769,0.0,0.0
223.197098097,0.0,0.0
223.20532015,0.0,0.0
223.215390966,0.0,0.0
223.222019997,0.0,0.0
223.227561985,0.0,0.0
223.239852475,0.0,0.0
223.2448157,0.0,0.0
223.256969723,0.0,0.0
223.262074814,0.0,0.0
223.269617829,0.0,0.0
223.278929324,0.0,0.0
223.287277248,0.0,0.0
223.293518871,0.0,0.0
223.304384698,0.0,0.0
223.31109321,0.0,0.0
223.323717122,0.0,0.0
223.327419945,0.0,0.0
223.333719754,0.0,0.0
223.342083973,0.0,0.0
223.350434497,0.0,0.0
223.354885243,0.0,0.0
223.367761194,0.0,0.0
223.373119319,0.0,0.0
223.381890432,0.0,0.0
223.389282373,0.0,0.0
223.400535096,0.0,0.0
223.403107784,0.0,0.0
223.414729419,0.0,0.0
223.42182873,0.0,0.0
223.433129241,0.0,0.0
223.442443425,0.0,0.0
223.455153101,0.0,0.0
223.459244027,0.0,0.0
223.466685157,0.0,0.0
223.474890105,0.0,0.0
223.485104574,0.0,0.0
223.488953759,0.0,0.0
223.498694841,0.0,0.0
223.503597075,0.0,0.0
223.512935553,0.0,0.0
223.52110151,0.0,0.0
223.528438064,0.0,0.0
223.533756999,0.0,0.0
223.544824365,0.0,0.0
223.549575335,0.0,0.0
223.560442849,0.0,0.0
223.56543986,0.0,0.0
223.572717029,0.0,0.0
223.581606014,0.0,0.0
223.592461431,0.0,0.0
223.595651872,0.0,0.0
223.607129541,0.0,0.0
223.612424181,0.0,0.0
223.619559484,0.0,0.0
223.627905998,0.0,0.0
223.63626031,0.0,0.0
223.641562049,0.0,0.0
223.652298894,0.0,0.0
223.659106374,0.0,0.0
223.670968252,0.0,0.0
223.676981621,0.0,0.0
223.685260452,0.0,0.0
223.692924828,0.0,0.0
223.703095808,0.0,0.0
223.712811796,0.0,0.0
223.721484933,0.0,0.0
223.727501701,0.0,0.0
223.740880818,0.0,0.0
223.748263361,0.0,0.0
223.758628995,0.0,0.0
223.763631205,0.0,0.0
223.77520975,0.0,0.0
223.779812855,0.0,0.0
223.78823985,0.0,0.0
223.796810811,0.0,0.0
223.806583785,0.0,0.0
223.812276731,0.0,0.0
223.824141608,0.0,0.0
223.828516367,0.0,0.0
223.839712403,0.0,0.0
223.845055432,0.0,0.0
223.852744802,0.0,0.0
223.861282671,0.0,0.0
223.871070942,0.0,0.0
223.879453847,0.0,0.0
223.88797472,0.0,0.0
223.893180981,0.0,0.0
223.904440202,0.0,0.0
223.909685054,0.0,0.0
223.917791426,0.0,0.0
223.926454365,0.0,0.0
223.934426968,0.0,0.0
223.939037671,0.0,0.0
223.95047405,0.0,0.0
223.955374184,0.0,0.0
223.96762107,0.0,0.0
223.97203202,0.0,0.0
223.980080205,0.0,0.0
223.988562387,0.0,0.0
223.997826583,0.0,0.0
224.003981219,0.0,0.0
224.017406824,0.0,0.0
224.024769373,0.0,0.0
224.037189118,0.0,0.0
224.046901107,0.0,0.0
224.06029472,0.0,0.0
224.066008161,0.0,0.0
224.080413833,0.0,0.0
224.086119875,0.0,0.0
224.098113822,0.0,0.0
224.105905768,0.0,0.0
224.11556417,0.0,0.0
224.123595159,0.0,0.0
224.132021154,0.0,0.0
224.136223954,0.0,0.0
224.147143056,0.0,0.0
224.152457692,0.0,0.0
224.162729448,0.0,0.0
224.168046283,0.0,0.0
224.177354368,0.0,0.0
224.185613603,0.0,0.0
224.194548977,0.0,0.0
224.200443175,0.0,0.0
224.215153375,0.0,0.0
224.219438055,0.0,0.0
224.230998105,0.0,0.0
224.236372126,0.0,0.0
224.245006272,0.0,0.0
224.25324961,0.0,0.0
224.262772845,0.0,0.0
224.267642986,0.0,0.0
224.278086401,0.0,0.0
224.283750054,0.0,0.0
224.294449908,0.0,0.0
224.299271361,0.0,0.0
224.3079317,0.0,0.0
224.317066427,0.0,0.0
224.326345419,0.0,0.0
224.332538245,0.0,0.0
224.345984946,0.0,0.0
224.351316877,0.0,0.0
224.363249838,0.0,0.0
224.36878012,0.0,0.0
224.380434234,0.0,0.0
224.384790592,0.0,0.0
224.394735214,0.0,0.0
224.402416078,0.0,0.0
224.410932741,0.0,0.0
224.415936745,0.0,0.0
224.428359674,0.0,0.0
224.434036517,0.0,0.0
224.444859229,0.0,0.0
224.449649983,0.0,0.0
224.456555432,0.0,0.0
224.465056799,0.0,0.0
224.473464689,0.0,0.0
224.47948235,0.0,0.0
224.491220043,0.0,0.0
224.496018396,0.0,0.0
224.509108566,0.0,0.0
224.515358172,0.0,0.0
224.522414484,0.0,0.0
224.530591829,0.0,0.0
224.539349535,0.0,0.0
224.545115156,0.0,0.0
224.556837253,0.0,0.0
224.561713587,0.0,0.0
224.573373899,0.0,0.0
224.580702447,0.0,0.0
224.587817945,0.0,0.0
224.595625779,0.0,0.0
224.604098153,0.0,0.0
224.609978047,0.0,0.0
224.621384619,0.0,0.0
224.626974783,0.0,0.0
224.639038098,0.0,0.0
224.647500775,0.0,0.0
224.655125251,0.0,0.0
224.664649574,0.0,0.0
224.672730742,0.0,0.0
224.681378074,0.0,0.0
224.690204364,0.0,0.0
224.696016874,0.0,0.0
224.716164056,0.0,0.0
224.716802604,0.0,0.0
224.73070138,0.0,0.0
224.73429992,0.0,0.0
224.742818583,0.0,0.0
224.753347865,0.0,0.0
224.762705727,0.0,0.0
224.771254883,0.0,0.0
224.779601687,0.0,0.0
224.784996897,0.0,0.0
224.796962536,0.0,0.0
224.802714861,0.0,0.0
224.813738425,0.0,0.0
224.819510545,0.0,0.0
224.829017571,0.0,0.0
224.837509541,0.0,0.0
224.846747332,0.0,0.0
224.851753235,0.0,0.0
224.862770501,0.0,0.0
224.867939665,0.0,0.0
224.876666178,0.0,0.0
224.884388931,0.0,0.0
224.893244714,0.0,0.0
224.898934253,0.0,0.0
224.910626558,0.0,0.0
224.917067018,0.0,0.0
224.92977158,0.0,0.0
224.937612605,0.0,0.0
224.94499304,0.0,0.0
224.953933902,0.0,0.0
224.96243237,0.0,0.0
224.967393984,0.0,0.0
224.979624959,0.0,0.0
224.983447945,0.0,0.0
224.99459478,0.0,0.0
225.000418787,0.0,0.0
225.00989812,0.0,0.0
225.018212132,0.0,0.0
225.02784153,0.0,0.0
225.034602413,0.0,0.0
225.045439222,0.0,0.0
225.051957064,0.0,0.0
225.061980467,0.0,0.0
225.066382714,0.0,0.0
225.074962563,0.0,0.0
225.083222688,0.0,0.0
225.092922868,0.0,0.0
225.099216363,0.0,0.0
225.111334766,0.0,0.0
225.116974417,0.0,0.0
225.129316966,0.0,0.0
225.135686943,0.0,0.0
225.14740694,0.0,0.0
225.152930819,0.0,0.0
225.164541243,0.0,0.0
225.175237985,0.0,0.0
225.184661132,0.0,0.0
225.194096876,0.0,0.0
225.201171684,0.0,0.0
225.207775405,0.0,0.0
225.220697715,0.0,0.0
225.226163509,0.0,0.0
225.239444633,0.0,0.0
225.243761501,0.0,0.0
225.254338372,0.0,0.0
225.262787051,0.0,0.0
225.271095265,0.0,0.0
225.28065108,0.0,0.0
225.28951506,0.0,0.0
225.294542358,0.0,0.0
225.307475466,0.0,0.0
225.311607078,0.0,0.0
225.323498834,0.0,0.0
225.329865412,0.0,0.0
225.338106042,0.0,0.0
225.347558281,0.0,0.0
225.356236506,0.0,0.0
225.361751488,0.0,0.0
225.372862824,0.0,0.0
225.377676167,0.0,0.0
225.388294816,0.0,0.0
225.39414451,0.0,0.0
225.401898147,0.0,0.0
225.409842838,0.0,0.0
225.417301846,0.0,0.0
225.42265386,0.0,0.0
225.434480618,0.0,0.0
225.439644877,0.0,0.0
225.451293578,0.0,0.0
225.457753826,0.0,0.0
225.46589197,0.0,0.0
225.475017877,0.0,0.0
225.483209809,0.0,0.0
225.488833158,0.0,0.0
225.499378024,0.0,0.0
225.504850909,0.0,0.0
225.516786141,0.0,0.0
225.522717416,0.0,0.0
225.531717853,0.0,0.0
225.540027656,0.0,0.0
225.551304646,0.0,0.0
225.558629386,0.0,0.0
225.566316739,0.0,0.0
225.573163894,0.0,0.0
225.58424833,0.0,0.0
225.591175366,0.0,0.0
225.599381794,0.0,0.0
225.607456854,0.0,0.0
225.612220409,0.0,0.0
225.616945674,0.0,0.0
225.632247197,0.0,0.0
225.637848951,0.0,0.0
225.650016327,0.0,0.0
225.654738193,0.0,0.0
225.663564772,0.0,0.0
225.671126655,0.0,0.0
225.680081303,0.0,0.0
225.685538292,0.0,0.0
225.697648682,0.0,0.0
225.705307141,0.0,0.0
225.714161214,0.0,0.0
225.720092389,0.0,0.0
225.732144593,0.0,0.0
225.737155289,0.0,0.0
225.745228049,0.0,0.0
225.753580342,0.0,0.0
225.763662919,0.0,0.0
225.767244858,0.0,0.0
225.778739297,0.0,0.0
225.784164893,0.0,0.0
225.791938725,0.0,0.0
225.800244729,0.0,0.0
225.809334145,0.0,0.0
225.812983568,0.0,0.0
225.823995722,0.0,0.0
225.831135006,0.0,0.0
225.843400259,0.0,0.0
225.850849169,0.0,0.0
225.862022784,0.0,0.0
225.866981593,0.0,0.0
225.874617658,0.0,0.0
225.883134312,0.0,0.0
225.891637668,0.0,0.0
225.898161401,0.0,0.0
225.910718683,0.0,0.0
225.916293844,0.0,0.0
225.924290922,0.0,0.0
225.932942143,0.0,0.0
225.941465995,0.0,0.0
225.948502804,0.0,0.0
225.959661023,0.0,0.0
225.964387887,0.0,0.0
225.975683673,0.0,0.0
225.980946908,0.0,0.0
225.989748293,0.0,0.0
225.997060936,0.0,0.0
226.005444122,0.0,0.0
226.011460176,0.0,0.0
226.023039294,0.0,0.0
226.030572184,0.0,0.0
226.042335157,0.0,0.0
226.04694275,0.0,0.0
226.053039585,0.0,0.0
226.059113626,0.0,0.0
226.069321873,0.0,0.0
226.075428306,0.0,0.0
226.087796134,0.0,0.0
226.095588961,0.0,0.0
226.102926298,0.0,0.0
226.112867109,0.0,0.0
226.121598611,0.0,0.0
226.126606008,0.0,0.0
226.137350026,0.0,0.0
226.143895154,0.0,0.0
226.156827046,0.0,0.0
226.161835743,0.0,0.0
226.169240064,0.0,0.0
226.179253857,0.0,0.0
226.187001596,0.0,0.0
226.192708225,0.0,0.0
226.203323474,0.0,0.0
226.210470457,0.0,0.0
226.22290037,0.0,0.0
226.228986007,0.0,0.0
226.237310207,0.0,0.0
226.244567763,0.0,0.0
226.253561902,0.0,0.0
226.263834434,0.0,0.0
226.274897875,0.0,0.0
226.285233692,0.0,0.0
226.294574447,0.0,0.0
226.30026568,0.0,0.0
226.311888987,0.0,0.0
226.319362891,0.0,0.0
226.330689969,0.0,0.0
226.335249973,0.0,0.0
226.344397875,0.0,0.0
226.3546974,0.0,0.0
226.361140152,0.0,0.0
226.367249484,0.0,0.0
226.379947318,0.0,0.0
226.384280372,0.0,0.0
226.394134293,0.0,0.0
226.400062461,0.0,0.0
226.407547054,0.0,0.0
226.41572478,0.0,0.0
226.423132391,0.0,0.0
226.428093993,0.0,0.0
226.439639405,0.0,0.0
226.444177509,0.0,0.0
226.454727862,0.0,0.0
226.462257044,0.0,0.0
226.472333511,0.0,0.0
226.482065761,0.0,0.0
226.489355501,0.0,0.0
226.495430734,0.0,0.0
226.50741774,0.0,0.0
226.513409193,0.0,0.0
226.527652954,0.0,0.0
226.53251418,0.0,0.0
226.539188369,0.0,0.0
226.547928658,0.0,0.0
226.555715378,0.0,0.0
226.561234346,0.0,0.0
226.572989507,0.0,0.0
226.577634486,0.0,0.0
226.588752201,0.0,0.0
226.594362247,0.0,0.0
226.601806549,0.0,0.0
226.610732794,0.0,0.0
226.61907338,0.0,0.0
226.623943204,0.0,0.0
226.636033685,0.0,0.0
226.642170803,0.0,0.0
226.649676891,0.0,0.0
226.658812785,0.0,0.0
226.666406851,0.0,0.0
226.672112973,0.0,0.0
226.683523218,0.0,0.0
226.689831395,0.0,0.0
226.700416839,0.0,0.0
226.708086288,0.0,0.0
226.714048048,0.0,0.0
226.722574889,0.0,0.0
226.729017834,0.0,0.0
226.734982293,0.0,0.0
226.745238817,0.0,0.0
226.757882564,0.0,0.0
226.768138988,0.0,0.0
226.773538284,0.0,0.0
226.784174416,0.0,0.0
226.789702581,0.0,0.0
226.79852775,0.0,0.0
226.807228149,0.0,0.0
226.816348847,0.0,0.0
226.821682659,0.0,0.0
226.833921004,0.0,0.0
226.840250776,0.0,0.0
226.855478099,0.0,0.0
226.855616466,0.0,0.0
226.863584942,0.0,0.0
226.872576871,0.0,0.0
226.879215068,0.0,0.0
226.884057199,0.0,0.0
226.8960614,0.0,0.0
226.901010305,0.0,0.0
226.913263447,0.0,0.0
226.91975018,0.0,0.0
226.933328302,0.0,0.0
226.939781644,0.0,0.0
226.948717886,0.0,0.0
226.956705257,0.0,0.0
226.964707025,0.0,0.0
226.969695221,0.0,0.0
226.980598888,0.0,0.0
226.985697157,0.0,0.0
226.99657893,0.0,0.0
227.002147885,0.0,0.0
227.011213696,0.0,0.0
227.018728582,0.0,0.0
227.026625075,0.0,0.0
227.031654161,0.0,0.0
227.042152726,0.0,0.0
227.047456745,0.0,0.0
227.06019227,0.0,0.0
227.065400013,0.0,0.0
227.072931794,0.0,0.0
227.08131337,0.0,0.0
227.088938729,0.0,0.0
227.094431903,0.0,0.0
227.106298637,0.0,0.0
227.111459991,0.0,0.0
227.119453661,0.0,0.0
227.127224785,0.0,0.0
227.13445054,0.0,0.0
227.139827342,0.0,0.0
227.150491967,0.0,0.0
227.159601667,0.0,0.0
227.167421679,0.0,0.0
227.174221337,0.0,0.0
227.179643728,0.0,0.0
227.189831268,0.0,0.0
227.196383386,0.0,0.0
227.201107945,0.0,0.0
227.213948045,0.0,0.0
227.219695357,0.0,0.0
227.226840832,0.0,0.0
227.236670759,0.0,0.0
227.244014685,0.0,0.0
227.248807828,0.0,0.0
227.261483068,0.0,0.0
227.267861327,0.0,0.0
227.280001396,0.0,0.0
227.285215337,0.0,0.0
227.292728623,0.0,0.0
227.302856778,0.0,0.0
227.30972322,0.0,0.0
227.318883708,0.0,0.0
227.327643293,0.0,0.0
227.332941614,0.0,0.0
227.346673698,0.0,0.0
227.353400574,0.0,0.0
227.367872079,0.0,0.0
227.374670429,0.0,0.0
227.386156243,0.0,0.0
227.39165051,0.0,0.0
227.40125268,0.0,0.0
227.410411458,0.0,0.0
227.41860437,0.0,0.0
227.423277637,0.0,0.0
227.435296321,0.0,0.0
227.441464724,0.0,0.0
227.454390388,0.0,0.0
227.45883511,0.0,0.0
227.467937402,0.0,0.0
227.476090923,0.0,0.0
227.484011002,0.0,0.0
227.488861525,0.0,0.0
227.501126949,0.0,0.0
227.505761425,0.0,0.0
227.517388004,0.0,0.0
227.522866075,0.0,0.0
227.531403904,0.0,0.0
227.539105435,0.0,0.0
227.547425817,0.0,0.0
227.553212913,0.0,0.0
227.564678531,0.0,0.0
227.57008162,0.0,0.0
227.581396675,0.0,0.0
227.58627989,0.0,0.0
227.595026068,0.0,0.0
227.603251673,0.0,0.0
227.611107267,0.0,0.0
227.616508457,0.0,0.0
227.628355882,0.0,0.0
227.631748359,0.0,0.0
227.643709657,0.0,0.0
227.648806421,0.0,0.0
227.662747538,0.0,0.0
227.66900782,0.0,0.0
227.677329701,0.0,0.0
227.686974061,0.0,0.0
227.694245497,0.0,0.0
227.703843568,0.0,0.0
227.713296175,0.0,0.0
227.719692923,0.0,0.0
227.729781075,0.0,0.0
227.736010764,0.0,0.0
227.74736091,0.0,0.0
227.753770455,0.0,0.0
227.760514719,0.0,0.0
227.768442496,0.0,0.0
227.777562783,0.0,0.0
227.784467008,0.0,0.0
227.793977801,0.0,0.0
227.799912961,0.0,0.0
227.809896938,0.0,0.0
227.815229945,0.0,0.0
227.822417601,0.0,0.0
227.831187773,0.0,0.0
227.838723045,0.0,0.0
227.84397807,0.0,0.0
227.854634285,0.0,0.0
227.859962692,0.0,0.0
227.867255723,0.0,0.0
227.875540712,0.0,0.0
227.885088196,0.0,0.0
227.890192458,0.0,0.0
227.901315059,0.0,0.0
227.906838319,0.0,0.0
227.917399757,0.0,0.0
227.923292427,0.0,0.0
227.932247955,0.0,0.0
227.941265867,0.0,0.0
227.950431143,0.0,0.0
227.959209014,0.0,0.0
227.970153358,0.0,0.0
227.980935443,0.0,0.0
227.990840939,0.0,0.0
227.995685464,0.0,0.0
228.007541688,0.0,0.0
228.012315729,0.0,0.0
228.023847032,0.0,0.0
228.028810927,0.0,0.0
228.037311665,0.0,0.0
228.046291886,0.0,0.0
228.052126471,0.0,0.0
228.057155451,0.0,0.0
228.068129788,0.0,0.0
228.073129075,0.0,0.0
228.081218313,0.0,0.0
228.088920544,0.0,0.0
228.097035375,0.0,0.0
228.102427167,0.0,0.0
228.11317306,0.0,0.0
228.118091267,0.0,0.0
228.130087457,0.0,0.0
228.135346781,0.0,0.0
228.143456313,0.0,0.0
228.153186652,0.0,0.0
228.15937945,0.0,0.0
228.164710457,0.0,0.0
228.175925836,0.0,0.0
228.18209294,0.0,0.0
228.194426247,0.0,0.0
228.199124707,0.0,0.0
228.21024281,0.0,0.0
228.216942585,0.0,0.0
228.225242271,0.0,0.0
228.230376525,0.0,0.0
228.241748366,0.0,0.0
228.247851286,0.0,0.0
228.264209617,0.0,0.0
228.271071252,0.0,0.0
228.282594157,0.0,0.0
228.288142211,0.0,0.0
228.295991506,0.0,0.0
228.304597419,0.0,0.0
228.31271065,0.0,0.0
228.317751427,0.0,0.0
228.329891382,0.0,0.0
228.334565148,0.0,0.0
228.345906497,0.0,0.0
228.352675754,0.0,0.0
228.360883563,0.0,0.0
228.366860608,0.0,0.0
228.374230512,0.0,0.0
228.380554371,0.0,0.0
228.391984384,0.0,0.0
228.397410962,0.0,0.0
228.405503289,0.0,0.0
228.412558869,0.0,0.0
228.42195038,0.0,0.0
228.430463905,0.0,0.0
228.441016832,0.0,0.0
228.447377282,0.0,0.0
228.455545991,0.0,0.0
228.462507594,0.0,0.0
228.468017351,0.0,0.0
228.476711631,0.0,0.0
228.484139021,0.0,0.0
228.490968456,0.0,0.0
228.503270057,0.0,0.0
228.508660244,0.0,0.0
228.521218082,0.0,0.0
228.530485723,0.0,0.0
228.54055207,0.0,0.0
228.546986101,0.0,0.0
228.554813493,0.0,0.0
228.569116062,0.0,0.0
228.575121578,0.0,0.0
228.585027824,0.0,0.0
228.594557218,0.0,0.0
228.599910045,0.0,0.0
228.609694374,0.0,0.0
228.615515464,0.0,0.0
228.628200587,0.0,0.0
228.632937131,0.0,0.0
228.641064434,0.0,0.0
228.650302789,0.0,0.0
228.658218664,0.0,0.0
228.664018052,0.0,0.0
228.674440167,0.0,0.0
228.680462085,0.0,0.0
228.688847324,0.0,0.0
228.698087879,0.0,0.0
228.707106804,0.0,0.0
228.717343995,0.0,0.0
228.721847806,0.0,0.0
228.727243639,0.0,0.0
228.739449897,0.0,0.0
228.742674735,0.0,0.0
228.750563506,0.0,0.0
228.76126366,0.0,0.0
228.768946603,0.0,0.0
228.778307274,0.0,0.0
228.785452845,0.0,0.0
228.791199225,0.0,0.0
228.80294082,0.0,0.0
228.807171195,0.0,0.0
228.813636973,0.0,0.0
228.822859425,0.0,0.0
228.832639954,0.0,0.0
228.837921271,0.0,0.0
228.846473033,0.0,0.0
228.852311726,0.0,0.0
228.862757744,0.0,0.0
228.870894049,0.0,0.0
228.879008352,0.0,0.0
228.886723299,0.0,0.0
228.89666725,0.0,0.0
228.899851982,0.0,0.0
228.910855077,0.0,0.0
228.919139902,0.0,0.0
228.927837283,0.0,0.0
228.934327765,0.0,0.0
228.942519678,0.0,0.0
228.950678586,0.0,0.0
228.959727415,0.0,0.0
228.970060218,0.0,0.0
228.979590012,0.0,0.0
228.98303118,0.0,0.0
228.994043775,0.0,0.0
228.999918973,0.0,0.0
229.006601581,0.0,0.0
229.014010087,0.0,0.0
229.023469572,0.0,0.0
229.026392569,0.0,0.0
229.039004482,0.0,0.0
229.044162082,0.0,0.0
229.052213476,0.0,0.0
229.060650122,0.0,0.0
229.067678476,0.0,0.0
229.073682992,0.0,0.0
229.084901116,0.0,0.0
229.089999008,0.0,0.0
229.101319946,0.0,0.0
229.106813892,0.0,0.0
229.115018306,0.0,0.0
229.121789926,0.0,0.0
229.130478306,0.0,0.0
229.136224286,0.0,0.0
229.147180374,0.0,0.0
229.152868647,0.0,0.0
229.160270452,0.0,0.0
229.170878493,0.0,0.0
229.178631546,0.0,0.0
229.183382291,0.0,0.0
229.196683798,0.0,0.0
229.199143132,0.0,0.0
229.209852386,0.0,0.0
229.215500453,0.0,0.0
229.223902895,0.0,0.0
229.232184219,0.0,0.0
229.240222711,0.0,0.0
229.244606606,0.0,0.0
229.256275991,0.0,0.0
229.260874616,0.0,0.0
229.268094397,0.0,0.0
229.277154627,0.0,0.0
229.287365914,0.0,0.0
229.297752025,0.0,0.0
229.305549484,0.0,0.0
229.311073634,0.0,0.0
229.323155575,0.0,0.0
229.329907892,0.0,0.0
229.338977224,0.0,0.0
229.344231437,0.0,0.0
229.35168385,0.0,0.0
229.361733915,0.0,0.0
229.368092072,0.0,0.0
229.373576511,0.0,0.0
229.385727047,0.0,0.0
229.389557363,0.0,0.0
229.39791969,0.0,0.0
229.407732111,0.0,0.0
229.415113905,0.0,0.0
229.420625148,0.0,0.0
229.433357262,0.0,0.0
229.437858369,0.0,0.0
229.449251803,0.0,0.0
229.45531632,0.0,0.0
229.465021927,0.0,0.0
229.474161058,0.0,0.0
229.480607426,0.0,0.0
229.485184342,0.0,0.0
229.496028603,0.0,0.0
229.502490073,0.0,0.0
229.513211517,0.0,0.0
229.518299802,0.0,0.0
229.526296979,0.0,0.0
229.534356865,0.0,0.0
229.542660883,0.0,0.0
229.548001603,0.0,0.0
229.561250687,0.0,0.0
229.56624916,0.0,0.0
229.577722305,0.0,0.0
229.583438175,0.0,0.0
229.591516663,0.0,0.0
229.600295546,0.0,0.0
229.607560324,0.0,0.0
229.614678083,0.0,0.0
229.625363422,0.0,0.0
229.631596361,0.0,0.0
229.641480292,0.0,0.0
229.650562216,0.0,0.0
229.658563693,0.0,0.0
229.667568606,0.0,0.0
229.676242474,0.0,0.0
229.683589764,0.0,0.0
229.695448661,0.0,0.0
229.701238341,0.0,0.0
229.713866341,0.0,0.0
229.71987245,0.0,0.0
229.728179569,0.0,0.0
229.736611205,0.0,0.0
229.747543377,0.0,0.0
229.75127978,0.0,0.0
229.76137384,0.0,0.0
229.770041207,0.0,0.0
229.780850763,0.0,0.0
229.786236188,0.0,0.0
229.796411459,0.0,0.0
229.802668401,0.0,0.0
229.811207751,0.0,0.0
229.818543639,0.0,0.0
229.828216942,0.0,0.0
229.833094899,0.0,0.0
229.846174761,0.0,0.0
229.85174021,0.0,0.0
229.863089639,0.0,0.0
229.870322813,0.0,0.0
229.878780752,0.0,0.0
229.88522742,0.0,0.0
229.893070777,0.0,0.0
229.901466407,0.0,0.0
229.911635377,0.0,0.0
229.916972396,0.0,0.0
229.928273418,0.0,0.0
229.934193915,0.0,0.0
229.941519802,0.0,0.0
229.950103058,0.0,0.0
229.95828866,0.0,0.0
229.963759197,0.0,0.0
229.978471479,0.0,0.0
229.982423211,0.0,0.0
229.994638456,0.0,0.0
229.999903165,0.0,0.0
230.01018845,0.0,0.0
230.017521438,0.0,0.0
230.023599956,0.0,0.0
230.028789255,0.0,0.0
230.040043271,0.0,0.0
230.046516443,0.0,0.0
230.053945843,0.0,0.0
230.062841041,0.0,0.0
230.075429637,0.0,0.0
230.083298297,0.0,0.0
230.089310406,0.0,0.0
230.094818148,0.0,0.0
230.106066463,0.0,0.0
230.112216591,0.0,0.0
230.11955838,0.0,0.0
230.129054859,0.0,0.0
230.137112844,0.0,0.0
230.143633723,0.0,0.0
230.153567261,0.0,0.0
230.161935188,0.0,0.0
230.169776844,0.0,0.0
230.176588861,0.0,0.0
230.182640576,0.0,0.0
230.194566782,0.0,0.0
230.197680902,0.0,0.0
230.202534856,0.0,0.0
230.216939496,0.0,0.0
230.219299413,0.0,0.0
230.227806859,0.0,0.0
230.235851943,0.0,0.0
230.243470269,0.0,0.0
230.2489033,0.0,0.0
230.261631515,0.0,0.0
230.268157994,0.0,0.0
230.279890874,0.0,0.0
230.287235963,0.0,0.0
230.293710935,0.0,0.0
230.304755123,0.0,0.0
230.3112716,0.0,0.0
230.31824964,0.0,0.0
230.327184843,0.0,0.0
230.333181351,0.0,0.0
230.343685166,0.0,0.0
230.348634332,0.0,0.0
230.357309801,0.0,0.0
230.367533377,0.0,0.0
230.376294147,0.0,0.0
230.385875427,0.0,0.0
230.395024549,0.0,0.0
230.400022416,0.0,0.0
230.410728746,0.0,0.0
230.415836428,0.0,0.0
230.425179176,0.0,0.0
230.432876104,0.0,0.0
230.440468118,0.0,0.0
230.445761124,0.0,0.0
230.457250159,0.0,0.0
230.462257528,0.0,0.0
230.472880346,0.0,0.0
230.477268432,0.0,0.0
230.485342911,0.0,0.0
230.494855581,0.0,0.0
230.501473665,0.0,0.0
230.507107117,0.0,0.0
230.517154759,0.0,0.0
230.52300224,0.0,0.0
230.531602589,0.0,0.0
230.539208805,0.0,0.0
230.547312687,0.0,0.0
230.552919936,0.0,0.0
230.564219245,0.0,0.0
230.568559924,0.0,0.0
230.580529823,0.0,0.0
230.586804961,0.0,0.0
230.594373372,0.0,0.0
230.602693783,0.0,0.0
230.610950286,0.0,0.0
230.618875144,0.0,0.0
230.630271266,0.0,0.0
230.635216026,0.0,0.0
230.645672223,0.0,0.0
230.651892554,0.0,0.0
230.660123053,0.0,0.0
230.668362753,0.0,0.0
230.679762276,0.0,0.0
230.688521445,0.0,0.0
230.69701268,0.0,0.0
230.702673736,0.0,0.0
230.714326292,0.0,0.0
230.720382001,0.0,0.0
230.731942644,0.0,0.0
230.740024824,0.0,0.0
230.754377641,0.0,0.0
230.759980489,0.0,0.0
230.768718856,0.0,0.0
230.777324505,0.0,0.0
230.785165852,0.0,0.0
230.790995131,0.0,0.0
230.804356015,0.0,0.0
230.810235901,0.0,0.0
230.823005606,0.0,0.0
230.827411794,0.0,0.0
230.840743875,0.0,0.0
230.845906364,0.0,0.0
230.854062954,0.0,0.0
230.864200108,0.0,0.0
230.873809991,0.0,0.0
230.881311093,0.0,0.0
230.890692746,0.0,0.0
230.895103935,0.0,0.0
230.908869773,0.0,0.0
230.914302699,0.0,0.0
230.92696389,0.0,0.0
230.932369612,0.0,0.0
230.941618447,0.0,0.0
230.949824743,0.0,0.0
230.959182593,0.0,0.0
230.967451797,0.0,0.0
230.977913394,0.0,0.0
230.98222657,0.0,0.0
230.994787048,0.0,0.0
230.999096123,0.0,0.0
231.009731544,0.0,0.0
231.014783218,0.0,0.0
231.025200109,0.0,0.0
231.034515553,0.0,0.0
231.042048059,0.0,0.0
231.047124737,0.0,0.0
231.058260045,0.0,0.0
231.063583582,0.0,0.0
231.074333617,0.0,0.0
231.078764682,0.0,0.0
231.088154679,0.0,0.0
231.095794119,0.0,0.0
231.104406467,0.0,0.0
231.109895163,0.0,0.0
231.122502905,0.0,0.0
231.128910286,0.0,0.0
231.140342385,0.0,0.0
231.146091625,0.0,0.0
231.155690637,0.0,0.0
231.1630789,0.0,0.0
231.17205067,0.0,0.0
231.178967081,0.0,0.0
231.188036431,0.0,0.0
231.193674835,0.0,0.0
231.204678937,0.0,0.0
231.210167732,0.0,0.0
231.219021389,0.0,0.0
231.22711444,0.0,0.0
231.23662275,0.0,0.0
231.2405705,0.0,0.0
231.250602292,0.0,0.0
231.255575378,0.0,0.0
231.263016169,0.0,0.0
231.270014413,0.0,0.0
231.282240706,0.0,0.0
231.290852955,0.0,0.0
231.297982567,0.0,0.0
231.302808835,0.0,0.0
231.313493884,0.0,0.0
231.318376667,0.0,0.0
231.32847205,0.0,0.0
231.335296663,0.0,0.0
231.341999974,0.0,0.0
231.347978562,0.0,0.0
231.360983002,0.0,0.0
231.367688501,0.0,0.0
231.379529345,0.0,0.0
231.385746743,0.0,0.0
231.395998003,0.0,0.0
231.402147025,0.0,0.0
231.410267777,0.0,0.0
231.417801555,0.0,0.0
231.426655401,0.0,0.0
231.432087077,0.0,0.0
231.443515076,0.0,0.0
231.448875187,0.0,0.0
231.46077733,0.0,0.0
231.467486414,0.0,0.0
231.473006999,0.0,0.0
231.481568105,0.0,0.0
231.4894626,0.0,0.0
231.495303832,0.0,0.0
231.506562187,0.0,0.0
231.51072114,0.0,0.0
231.522779371,0.0,0.0
231.52837172,0.0,0.0
231.535177486,0.0,0.0
231.543124907,0.0,0.0
231.555072999,0.0,0.0
231.557518475,0.0,0.0
231.568045231,0.0,0.0
231.573489366,0.0,0.0
231.586687656,0.0,0.0
231.59242463,0.0,0.0
231.600744529,0.0,0.0
231.609088249,0.0,0.0
231.617350337,0.0,0.0
231.622168725,0.0,0.0
231.633470239,0.0,0.0
231.637789964,0.0,0.0
231.650164557,0.0,0.0
231.656702503,0.0,0.0
231.665638579,0.0,0.0
231.672855497,0.0,0.0
231.682132554,0.0,0.0
231.686383903,0.0,0.0
231.698101652,0.0,0.0
231.70330398,0.0,0.0
231.716306612,0.0,0.0
231.7219176,0.0,0.0
231.728862012,0.0,0.0
231.73726125,0.0,0.0
231.744874367,0.0,0.0
231.751408127,0.0,0.0
231.762169214,0.0,0.0
231.768584263,0.0,0.0
231.776022156,0.0,0.0
231.784595124,0.0,0.0
231.793864407,0.0,0.0
231.802095995,0.0,0.0
231.810522643,0.0,0.0
231.816555147,0.0,0.0
231.828220866,0.0,0.0
231.8331169,0.0,0.0
231.842209363,0.0,0.0
231.85326628,0.0,0.0
231.858458741,0.0,0.0
231.864868607,0.0,0.0
231.880828036,0.0,0.0
231.885027456,0.0,0.0
231.897487667,0.0,0.0
231.903483692,0.0,0.0
231.9151221,0.0,0.0
231.922124621,0.0,0.0
231.929230005,0.0,0.0
231.939332354,0.0,0.0
231.946157258,0.0,0.0
231.953122402,0.0,0.0
231.965641222,0.0,0.0
231.971625285,0.0,0.0
231.983064946,0.0,0.0
231.988201192,0.0,0.0
231.996926958,0.0,0.0
232.004995082,0.0,0.0
232.0139796,0.0,0.0
232.023109141,0.0,0.0
232.032116284,0.0,0.0
232.036797922,0.0,0.0
232.051126801,0.0,0.0
232.056371561,0.0,0.0
232.067521173,0.0,0.0
232.07365144,0.0,0.0
232.080600895,0.0,0.0
232.090576079,0.0,0.0
232.098765469,0.0,0.0
232.104581201,0.0,0.0
232.115387276,0.0,0.0
232.120181897,0.0,0.0
232.128801834,0.0,0.0
232.137649095,0.0,0.0
232.146730982,0.0,0.0
232.150894235,0.0,0.0
232.162585106,0.0,0.0
232.168540053,0.0,0.0
232.179696065,0.0,0.0
232.18728169,0.0,0.0
232.19454778,0.0,0.0
232.203345536,0.0,0.0
232.211336504,0.0,0.0
232.217303353,0.0,0.0
232.228036119,0.0,0.0
232.233182379,0.0,0.0
232.245561524,0.0,0.0
232.251102127,0.0,0.0
232.258948679,0.0,0.0
232.26990117,0.0,0.0
232.277648612,0.0,0.0
232.2821429,0.0,0.0
232.292487925,0.0,0.0
232.297864909,0.0,0.0
232.311366177,0.0,0.0
232.315319206,0.0,0.0
232.324447398,0.0,0.0
232.334832327,0.0,0.0
232.34139364,0.0,0.0
232.351887081,0.0,0.0
232.361962776,0.0,0.0
232.36789722,0.0,0.0
232.379569076,0.0,0.0
232.387215898,0.0,0.0
232.401041285,0.0,0.0
232.40712244,0.0,0.0
232.421012334,0.0,0.0
232.427727356,0.0,0.0
232.442081801,0.0,0.0
232.447310963,0.0,0.0
232.456465748,0.0,0.0
232.46540521,0.0,0.0
232.472928619,0.0,0.0
232.487420378,0.0,0.0
232.493646148,0.0,0.0
232.497920808,0.0,0.0
232.508418037,0.0,0.0
232.513438377,0.0,0.0
232.521021593,0.0,0.0
232.529048056,0.0,0.0
232.537046717,0.0,0.0
232.544014566,0.0,0.0
232.553123446,0.0,0.0
232.558653241,0.0,0.0
232.571856661,0.0,0.0
232.578285353,0.0,0.0
232.586892379,0.0,0.0
232.596789444,0.0,0.0
232.604111431,0.0,0.0
232.610337901,0.0,0.0
232.622149372,0.0,0.0
232.629283039,0.0,0.0
232.6409992,0.0,0.0
232.646849329,0.0,0.0
232.658832318,0.0,0.0
232.664608339,0.0,0.0
232.674446098,0.0,0.0
232.681368442,0.0,0.0
232.692568747,0.0,0.0
232.701418899,0.0,0.0
232.711485882,0.0,0.0
232.716182788,0.0,0.0
232.728827248,0.0,0.0
232.735662983,0.0,0.0
232.745382729,0.0,0.0
232.751655704,0.0,0.0
232.758283317,0.0,0.0
232.766914445,0.0,0.0
232.775545674,0.0,0.0
232.78731314,0.0,0.0
232.798571151,0.0,0.0
232.80339577,0.0,0.0
232.816331961,0.0,0.0
232.821436511,0.0,0.0
232.832343584,0.0,0.0
232.837708361,0.0,0.0
232.845710022,0.0,0.0
232.855186341,0.0,0.0
232.864601554,0.0,0.0
232.867783697,0.0,0.0
232.880001811,0.0,0.0
232.885313882,0.0,0.0
232.896239358,0.0,0.0
232.900561723,0.0,0.0
232.907348753,0.0,0.0
232.918995506,0.0,0.0
232.927052473,0.0,0.0
232.931886693,0.0,0.0
232.94329312,0.0,0.0
232.949157851,0.0,0.0
232.957722672,0.0,0.0
232.963476591,0.0,0.0
232.973771698,0.0,0.0
232.982769066,0.0,0.0
232.991747932,0.0,0.0
232.997385739,0.0,0.0
233.009881283,0.0,0.0
233.016964845,0.0,0.0
233.028859725,0.0,0.0
233.034478429,0.0,0.0
233.048302216,0.0,0.0
233.053251249,0.0,0.0
233.060495428,0.0,0.0
233.070531408,0.0,0.0
233.078739091,0.0,0.0
233.089296326,0.0,0.0
233.098404906,0.0,0.0
233.105295447,0.0,0.0
233.113342313,0.0,0.0
233.118721992,0.0,0.0
233.126927075,0.0,0.0
233.135224167,0.0,0.0
233.143227928,0.0,0.0
233.148981547,0.0,0.0
233.159836715,0.0,0.0
233.169840091,0.0,0.0
233.179522833,0.0,0.0
233.184968118,0.0,0.0
233.196529262,0.0,0.0
233.202187071,0.0,0.0
233.21045206,0.0,0.0
233.219325815,0.0,0.0
233.227627708,0.0,0.0
233.233313519,0.0,0.0
233.245132191,0.0,0.0
233.250587778,0.0,0.0
233.263852805,0.0,0.0
233.267701319,0.0,0.0
233.276192232,0.0,0.0
233.284864265,0.0,0.0
233.293169359,0.0,0.0
233.298634146,0.0,0.0
233.310231994,0.0,0.0
233.318786614,0.0,0.0
233.328768788,0.0,0.0
233.335208381,0.0,0.0
233.342605777,0.0,0.0
233.349786149,0.0,0.0
233.359664112,0.0,0.0
233.364618145,0.0,0.0
233.37806788,0.0,0.0
233.383109016,0.0,0.0
233.396359527,0.0,0.0
233.401130135,0.0,0.0
233.407903856,0.0,0.0
233.417230449,0.0,0.0
233.425006977,0.0,0.0
233.42916122,0.0,0.0
233.441418725,0.0,0.0
233.446922911,0.0,0.0
233.45884468,0.0,0.0
233.464281859,0.0,0.0
233.474266522,0.0,0.0
233.482066853,0.0,0.0
233.491370343,0.0,0.0
233.500119675,0.0,0.0
233.507453756,0.0,0.0
233.511974537,0.0,0.0
233.523142526,0.0,0.0
233.528133658,0.0,0.0
233.53547944,0.0,0.0
233.543327076,0.0,0.0
233.551312326,0.0,0.0
233.557783615,0.0,0.0
233.568515657,0.0,0.0
233.574001542,0.0,0.0
233.583798085,0.0,0.0
233.589995745,0.0,0.0
233.597408534,0.0,0.0
233.605618108,0.0,0.0
233.613833483,0.0,0.0
233.619289764,0.0,0.0
233.62948915,0.0,0.0
233.634593693,0.0,0.0
233.641895771,0.0,0.0
233.650947634,0.0,0.0
233.658881879,0.0,0.0
233.664783308,0.0,0.0
233.676929901,0.0,0.0
233.681250461,0.0,0.0
233.694503472,0.0,0.0
233.699035055,0.0,0.0
233.707328938,0.0,0.0
233.714540605,0.0,0.0
233.723051012,0.0,0.0
233.728695413,0.0,0.0
233.739343346,0.0,0.0
233.74585464,0.0,0.0
233.757846316,0.0,0.0
233.762791643,0.0,0.0
233.771439564,0.0,0.0
233.780932975,0.0,0.0
233.790837529,0.0,0.0
233.797108697,0.0,0.0
233.806233868,0.0,0.0
233.810671841,0.0,0.0
233.820975038,0.0,0.0
233.825990472,0.0,0.0
233.834112637,0.0,0.0
233.841924669,0.0,0.0
233.850407272,0.0,0.0
233.856605732,0.0,0.0
233.866323066,0.0,0.0
233.872593434,0.0,0.0
233.884137363,0.0,0.0
233.891458143,0.0,0.0
233.899931345,0.0,0.0
233.908298336,0.0,0.0
233.918017771,0.0,0.0
233.925502168,0.0,0.0
233.93351142,0.0,0.0
233.938143214,0.0,0.0
233.947981961,0.0,0.0
233.953263223,0.0,0.0
233.960525697,0.0,0.0
233.969059505,0.0,0.0
233.976781327,0.0,0.0
233.98244093,0.0,0.0
233.994973464,0.0,0.0
234.000257827,0.0,0.0
234.011045276,0.0,0.0
234.017364849,0.0,0.0
234.024661826,0.0,0.0
234.032669978,0.0,0.0
234.041812452,0.0,0.0
234.046478749,0.0,0.0
234.059131096,0.0,0.0
234.06640507,0.0,0.0
234.078362243,0.0,0.0
234.083034641,0.0,0.0
234.094380549,0.0,0.0
234.101947455,0.0,0.0
234.113087041,0.0,0.0
234.122173908,0.0,0.0
234.13139339,0.0,0.0
234.13787168,0.0,0.0
234.149165882,0.0,0.0
234.154823084,0.0,0.0
234.167202303,0.0,0.0
234.172942514,0.0,0.0
234.181793756,0.0,0.0
234.190008731,0.0,0.0
234.200037999,0.0,0.0
234.210601323,0.0,0.0
234.216235623,0.0,0.0
234.221762112,0.0,0.0
234.233540966,0.0,0.0
234.239942047,0.0,0.0
234.250977723,0.0,0.0
234.257099874,0.0,0.0
234.263939303,0.0,0.0
234.271959457,0.0,0.0
234.279211529,0.0,0.0
234.28682804,0.0,0.0
234.301437695,0.0,0.0
234.308082903,0.0,0.0
234.320117784,0.0,0.0
234.325520059,0.0,0.0
234.337224806,0.0,0.0
234.342762295,0.0,0.0
234.350220589,0.0,0.0
234.357726489,0.0,0.0
234.365589626,0.0,0.0
234.371427543,0.0,0.0
234.382869948,0.0,0.0
234.387451731,0.0,0.0
234.395801911,0.0,0.0
234.40499098,0.0,0.0
234.412278147,0.0,0.0
234.417001645,0.0,0.0
234.427992703,0.0,0.0
234.432288156,0.0,0.0
234.447720782,0.0,0.0
234.453431584,0.0,0.0
234.465943003,0.0,0.0
234.471741514,0.0,0.0
234.477961469,0.0,0.0
234.486617181,0.0,0.0
234.495090174,0.0,0.0
234.50045994,0.0,0.0
234.512586218,0.0,0.0
234.518642456,0.0,0.0
234.529068355,0.0,0.0
234.533795653,0.0,0.0
234.543800707,0.0,0.0
234.552624837,0.0,0.0
234.562167843,0.0,0.0
234.56725948,0.0,0.0
234.579276746,0.0,0.0
234.587139775,0.0,0.0
234.600411273,0.0,0.0
234.606424807,0.0,0.0
234.616305248,0.0,0.0
234.621946242,0.0,0.0
234.629653355,0.0,0.0
234.638350371,0.0,0.0
234.646717753,0.0,0.0
234.650510053,0.0,0.0
234.662355901,0.0,0.0
234.666766666,0.0,0.0
234.676397381,0.0,0.0
234.68540903,0.0,0.0
234.693740608,0.0,0.0
234.699886956,0.0,0.0
234.712390674,0.0,0.0
234.717707634,0.0,0.0
234.731700008,0.0,0.0
234.737591329,0.0,0.0
234.748494278,0.0,0.0
234.753599416,0.0,0.0
234.762995906,0.0,0.0
234.771221773,0.0,0.0
234.780031202,0.0,0.0
234.786761911,0.0,0.0
234.797532946,0.0,0.0
234.802770398,0.0,0.0
234.814061988,0.0,0.0
234.819384849,0.0,0.0
234.828816042,0.0,0.0
234.836202121,0.0,0.0
234.84502115,0.0,0.0
234.849880362,0.0,0.0
234.861608298,0.0,0.0
234.86741511,0.0,0.0
234.874001504,0.0,0.0
234.882327882,0.0,0.0
234.890561749,0.0,0.0
234.900795928,0.0,0.0
234.908226811,0.0,0.0
234.914063026,0.0,0.0
234.925249705,0.0,0.0
234.930557364,0.0,0.0
234.939116966,0.0,0.0
234.949460356,0.0,0.0
234.958920753,0.0,0.0
234.967232829,0.0,0.0
234.974499995,0.0,0.0
234.981036684,0.0,0.0
234.992638206,0.0,0.0
234.997182885,0.0,0.0
235.005312642,0.0,0.0
235.016072076,0.0,0.0
235.022588162,0.0,0.0
235.027641895,0.0,0.0
235.040620263,0.0,0.0
235.047180254,0.0,0.0
235.058177213,0.0,0.0
235.063747,0.0,0.0
235.070684131,0.0,0.0
235.080406255,0.0,0.0
235.086651413,0.0,0.0
235.091229496,0.0,0.0
235.102501584,0.0,0.0
235.107533514,0.0,0.0
235.11641395,0.0,0.0
235.12467652,0.0,0.0
235.132218615,0.0,0.0
235.136798298,0.0,0.0
235.148946378,0.0,0.0
235.154315244,0.0,0.0
235.167975083,0.0,0.0
235.171677073,0.0,0.0
235.178725316,0.0,0.0
235.187767069,0.0,0.0
235.196389678,0.0,0.0
235.208636868,0.0,0.0
235.218529611,0.0,0.0
235.227207525,0.0,0.0
235.241272407,0.0,0.0
235.246256633,0.0,0.0
235.259367614,0.0,0.0
235.26416762,0.0,0.0
235.272126159,0.0,0.0
235.280707963,0.0,0.0
235.289237062,0.0,0.0
235.298632852,0.0,0.0
235.307869425,0.0,0.0
235.314301203,0.0,0.0
235.325746709,0.0,0.0
235.330909753,0.0,0.0
235.342573183,0.0,0.0
235.347344185,0.0,0.0
235.356103608,0.0,0.0
235.36513456,0.0,0.0
235.373573442,0.0,0.0
235.378316437,0.0,0.0
235.390920151,0.0,0.0
235.399432439,0.0,0.0
235.408219156,0.0,0.0
235.412815835,0.0,0.0
235.420907479,0.0,0.0
235.429487774,0.0,0.0
235.43539709,0.0,0.0
235.440847159,0.0,0.0
235.45150497,0.0,0.0
235.456368377,0.0,0.0
235.464496525,0.0,0.0
235.472971409,0.0,0.0
235.482982453,0.0,0.0
235.487373111,0.0,0.0
235.499145939,0.0,0.0
235.506724329,0.0,0.0
235.517254427,0.0,0.0
235.523163144,0.0,0.0
235.530427801,0.0,0.0
235.53990599,0.0,0.0
235.548714409,0.0,0.0
235.555002764,0.0,0.0
235.563934696,0.0,0.0
235.57030466,0.0,0.0
235.580669841,0.0,0.0
235.58612481,0.0,0.0
235.594043636,0.0,0.0
235.602917162,0.0,0.0
235.610371339,0.0,0.0
235.616069733,0.0,0.0
235.628149393,0.0,0.0
235.636885404,0.0,0.0
235.64806467,0.0,0.0
235.653354722,0.0,0.0
235.661551577,0.0,0.0
235.670538214,0.0,0.0
235.678503945,0.0,0.0
235.68440096,0.0,0.0
235.694601924,0.0,0.0
235.70022011,0.0,0.0
235.710260857,0.0,0.0
235.716420699,0.0,0.0
235.723227209,0.0,0.0
235.731465269,0.0,0.0
235.738896244,0.0,0.0
235.745148496,0.0,0.0
235.756447674,0.0,0.0
235.762635019,0.0,0.0
235.772128009,0.0,0.0
235.780601593,0.0,0.0
235.789239994,0.0,0.0
235.794600853,0.0,0.0
235.807397388,0.0,0.0
235.813608236,0.0,0.0
235.82611874,0.0,0.0
235.831749728,0.0,0.0
235.842656765,0.0,0.0
235.847558977,0.0,0.0
235.854873839,0.0,0.0
235.863655255,0.0,0.0
235.87069799,0.0,0.0
235.875269167,0.0,0.0
235.888463043,0.0,0.0
235.895518779,0.0,0.0
235.90521909,0.0,0.0
235.912181116,0.0,0.0
235.918672093,0.0,0.0
235.927541318,0.0,0.0
235.936169318,0.0,0.0
235.942788609,0.0,0.0
235.951253791,0.0,0.0
235.956262614,0.0,0.0
235.964780902,0.0,0.0
235.973877051,0.0,0.0
235.98154345,0.0,0.0
235.987143234,0.0,0.0
235.998280896,0.0,0.0
236.004227416,0.0,0.0
236.015516394,0.0,0.0
236.022820455,0.0,0.0
236.030888897,0.0,0.0
236.0385855,0.0,0.0
236.046343809,0.0,0.0
236.05182378,0.0,0.0
236.063006947,0.0,0.0
236.068442714,0.0,0.0
236.077796489,0.0,0.0
236.085127954,0.0,0.0
236.093106286,0.0,0.0
236.0989986,0.0,0.0
236.113055967,0.0,0.0
236.117533834,0.0,0.0
236.131157154,0.0,0.0
236.138418112,0.0,0.0
236.145365736,0.0,0.0
236.154789019,0.0,0.0
236.16236901,0.0,0.0
236.170624071,0.0,0.0
236.178332975,0.0,0.0
236.184398207,0.0,0.0
236.1948778,0.0,0.0
236.200446181,0.0,0.0
236.213050295,0.0,0.0
236.218096722,0.0,0.0
236.226209868,0.0,0.0
236.235425229,0.0,0.0
236.244317656,0.0,0.0
236.249703018,0.0,0.0
236.260868983,0.0,0.0
236.26784261,0.0,0.0
236.281275411,0.0,0.0
236.287817893,0.0,0.0
236.298489506,0.0,0.0
236.30552804,0.0,0.0
236.312388856,0.0,0.0
236.320552207,0.0,0.0
236.328665954,0.0,0.0
236.333190325,0.0,0.0
236.345627123,0.0,0.0
236.351375122,0.0,0.0
236.363361472,0.0,0.0
236.37182695,0.0,0.0
236.377803567,0.0,0.0
236.386585573,0.0,0.0
236.396791227,0.0,0.0
236.405030677,0.0,0.0
236.416373948,0.0,0.0
236.422313361,0.0,0.0
236.434430712,0.0,0.0
236.441793572,0.0,0.0
236.450961918,0.0,0.0
236.455395376,0.0,0.0
236.462144272,0.0,0.0
236.471985188,0.0,0.0
236.482993624,0.0,0.0
236.491515404,0.0,0.0
236.500074087,0.0,0.0
236.504974193,0.0,0.0
236.519329075,0.0,0.0
236.522789632,0.0,0.0
236.530859165,0.0,0.0
236.53808261,0.0,0.0
236.545428169,0.0,0.0
236.550829226,0.0,0.0
236.561594337,0.0,0.0
236.566124805,0.0,0.0
236.578618294,0.0,0.0
236.584730125,0.0,0.0
236.593896071,0.0,0.0
236.601875695,0.0,0.0
236.610770313,0.0,0.0
236.617007557,0.0,0.0
236.628359229,0.0,0.0
236.63350776,0.0,0.0
236.645551803,0.0,0.0
236.65095106,0.0,0.0
236.661791479,0.0,0.0
236.669946021,0.0,0.0
236.67797475,0.0,0.0
236.683539324,0.0,0.0
236.695217029,0.0,0.0
236.700738299,0.0,0.0
236.712109273,0.0,0.0
236.718361118,0.0,0.0
236.727210832,0.0,0.0
236.735567294,0.0,0.0
236.745333702,0.0,0.0
236.75422012,0.0,0.0
236.762204544,0.0,0.0
236.767337374,0.0,0.0
236.778504426,0.0,0.0
236.784339629,0.0,0.0
236.793480672,0.0,0.0
236.801294179,0.0,0.0
236.810424121,0.0,0.0
236.815630158,0.0,0.0
236.825932122,0.0,0.0
236.831700417,0.0,0.0
236.843771863,0.0,0.0
236.850129419,0.0,0.0
236.856609688,0.0,0.0
236.864925646,0.0,0.0
236.874800366,0.0,0.0
236.879539755,0.0,0.0
236.892388881,0.0,0.0
236.896454001,0.0,0.0
236.907559147,0.0,0.0
236.912708078,0.0,0.0
236.920619795,0.0,0.0
236.929788141,0.0,0.0
236.938467237,0.0,0.0
236.944806992,0.0,0.0
236.954798623,0.0,0.0
236.96019128,0.0,0.0
236.968694057,0.0,0.0
236.977071522,0.0,0.0
236.985778221,0.0,0.0
236.991418103,0.0,0.0
237.002259322,0.0,0.0
237.0078661,0.0,0.0
237.021127469,0.0,0.0
237.02617279,0.0,0.0
237.035359438,0.0,0.0
237.042970024,0.0,0.0
237.052839742,0.0,0.0
237.057416215,0.0,0.0
237.068140222,0.0,0.0
237.074136841,0.0,0.0
237.084871049,0.0,0.0
237.089567233,0.0,0.0
237.097502052,0.0,0.0
237.10784682,0.0,0.0
237.11404916,0.0,0.0
237.119590232,0.0,0.0
237.130597268,0.0,0.0
237.135953021,0.0,0.0
237.144105063,0.0,0.0
237.153195001,0.0,0.0
237.161677576,0.0,0.0
237.170504888,0.0,0.0
237.182013175,0.0,0.0
237.185617147,0.0,0.0
237.197003923,0.0,0.0
237.202269466,0.0,0.0
237.214307509,0.0,0.0
237.22081148,0.0,0.0
237.227308451,0.0,0.0
237.23689504,0.0,0.0
237.247292713,0.0,0.0
237.249536945,0.0,0.0
237.261937325,0.0,0.0
237.26808436,0.0,0.0
237.279659554,0.0,0.0
237.285302737,0.0,0.0
237.293913726,0.0,0.0
237.302646027,0.0,0.0
237.312784473,0.0,0.0
237.323807411,0.0,0.0
237.333814744,0.0,0.0
237.34356175,0.0,0.0
237.353545081,0.0,0.0
237.360193867,0.0,0.0
237.374046989,0.0,0.0
237.380409639,0.0,0.0
237.391819705,0.0,0.0
237.397767012,0.0,0.0
237.410206083,0.0,0.0
237.417607239,0.0,0.0
237.433879301,0.0,0.0
237.437641885,0.0,0.0
237.447264468,0.0,0.0
237.457567821,0.0,0.0
237.468940383,0.0,0.0
237.480776792,0.0,0.0
237.490902726,0.0,0.0
237.501389097,0.0,0.0
237.510430621,0.0,0.0
237.517885882,0.0,0.0
237.529519371,0.0,0.0
237.534771107,0.0,0.0
237.545789333,0.0,0.0
237.550868251,0.0,0.0
237.559288512,0.0,0.0
237.568263928,0.0,0.0
237.576985819,0.0,0.0
237.583896525,0.0,0.0
237.59520418,0.0,0.0
237.600934166,0.0,0.0
237.612997198,0.0,0.0
237.620237437,0.0,0.0
237.627194748,0.0,0.0
237.636564405,0.0,0.0
237.644781145,0.0,0.0
237.649710448,0.0,0.0
237.661195121,0.0,0.0
237.668104627,0.0,0.0
237.679712913,0.0,0.0
237.685137467,0.0,0.0
237.693404011,0.0,0.0
237.702039593,0.0,0.0
237.710257333,0.0,0.0
237.715877407,0.0,0.0
237.726935737,0.0,0.0
237.732964752,0.0,0.0
237.744960578,0.0,0.0
237.750385832,0.0,0.0
237.757342543,0.0,0.0
237.765663392,0.0,0.0
237.774104655,0.0,0.0
237.780263384,0.0,0.0
237.789872665,0.0,0.0
237.795698061,0.0,0.0
237.809422362,0.0,0.0
237.813435772,0.0,0.0
237.822492197,0.0,0.0
237.831419009,0.0,0.0
237.838958079,0.0,0.0
237.844727369,0.0,0.0
237.856665488,0.0,0.0
237.862431877,0.0,0.0
237.874730634,0.0,0.0
237.879176188,0.0,0.0
237.886841871,0.0,0.0
237.896752883,0.0,0.0
237.902923213,0.0,0.0
237.909971633,0.0,0.0
237.922124275,0.0,0.0
237.928235199,0.0,0.0
237.939085907,0.0,0.0
237.945128925,0.0,0.0
237.953971228,0.0,0.0
237.964024255,0.0,0.0
237.97180975,0.0,0.0
237.975639941,0.0,0.0
237.986600261,0.0,0.0
237.99403252,0.0,0.0
238.003379875,0.0,0.0
238.011200574,0.0,0.0
238.021684145,0.0,0.0
238.027028291,0.0,0.0
238.033989602,0.0,0.0
238.042411062,0.0,0.0
238.051232163,0.0,0.0
238.05570852,0.0,0.0
238.067129387,0.0,0.0
238.074708461,0.0,0.0
238.082838292,0.0,0.0
238.090423566,0.0,0.0
238.098833425,0.0,0.0
238.105002756,0.0,0.0
238.116757056,0.0,0.0
238.121988191,0.0,0.0
238.13333785,0.0,0.0
238.139282557,0.0,0.0
238.146615406,0.0,0.0
238.154735736,0.0,0.0
238.164339917,0.0,0.0
238.17445125,0.0,0.0
238.182235345,0.0,0.0
238.188360471,0.0,0.0
238.198802037,0.0,0.0
238.204757145,0.0,0.0
238.215995093,0.0,0.0
238.223288638,0.0,0.0
238.231253152,0.0,0.0
238.241033751,0.0,0.0
238.249308196,0.0,0.0
238.254490726,0.0,0.0
238.2650084,0.0,0.0
238.27048576,0.0,0.0
238.282844522,0.0,0.0
238.28801015,0.0,0.0
238.297083276,0.0,0.0
238.308325225,0.0,0.0
238.314288334,0.0,0.0
238.32002462,0.0,0.0
238.330227062,0.0,0.0
238.335802032,0.0,0.0
238.348075185,0.0,0.0
238.35291628,0.0,0.0
238.360535758,0.0,0.0
238.373352961,0.0,0.0
238.379739306,0.0,0.0
238.385495388,0.0,0.0
238.39678903,0.0,0.0
238.402564514,0.0,0.0
238.408873951,0.0,0.0
238.417579732,0.0,0.0
238.425141196,0.0,0.0
238.431408529,0.0,0.0
238.442443245,0.0,0.0
238.448296437,0.0,0.0
238.459295549,0.0,0.0
238.46406273,0.0,0.0
238.471753708,0.0,0.0
238.480230665,0.0,0.0
238.488958347,0.0,0.0
238.494761234,0.0,0.0
238.505353905,0.0,0.0
238.511590535,0.0,0.0
238.519796965,0.0,0.0
238.529887785,0.0,0.0
238.536909594,0.0,0.0
238.547216936,0.0,0.0
238.558734101,0.0,0.0
238.56199673,0.0,0.0
238.573429086,0.0,0.0
238.57940299,0.0,0.0
238.590624024,0.0,0.0
238.598515422,0.0,0.0
238.610755759,0.0,0.0
238.618323724,0.0,0.0
238.635023413,0.0,0.0
238.642328851,0.0,0.0
238.654715703,0.0,0.0
238.660826721,0.0,0.0
238.670328382,0.0,0.0
238.678593317,0.0,0.0
238.686849252,0.0,0.0
238.696370814,0.0,0.0
238.703683153,0.0,0.0
238.709167408,0.0,0.0
238.720503454,0.0,0.0
238.729646078,0.0,0.0
238.733806198,0.0,0.0
238.743084336,0.0,0.0
238.749190554,0.0,0.0
238.754430283,0.0,0.0
238.765317584,0.0,0.0
238.771158374,0.0,0.0
238.781637834,0.0,0.0
238.787176194,0.0,0.0
238.795706456,0.0,0.0
238.806637061,0.0,0.0
238.812405144,0.0,0.0
238.818023012,0.0,0.0
238.831526977,0.0,0.0
238.836758506,0.0,0.0
238.84966091,0.0,0.0
238.855544605,0.0,0.0
238.864954556,0.0,0.0
238.871334301,0.0,0.0
238.878122987,0.0,0.0
238.887191104,0.0,0.0
238.895120605,0.0,0.0
238.900766876,0.0,0.0
238.908758884,0.0,0.0
238.915815897,0.0,0.0
238.924173842,0.0,0.0
238.929827414,0.0,0.0
238.940897833,0.0,0.0
238.946795629,0.0,0.0
238.958173079,0.0,0.0
238.965592029,0.0,0.0
238.97202838,0.0,0.0
238.980417328,0.0,0.0
238.989294725,0.0,0.0
238.995321735,0.0,0.0
239.006090023,0.0,0.0
239.01129955,0.0,0.0
239.023644798,0.0,0.0
239.029649405,0.0,0.0
239.037173065,0.0,0.0
239.052373102,0.0,0.0
239.054881355,0.0,0.0
239.061845659,0.0,0.0
239.0723729,0.0,0.0
239.078042292,0.0,0.0
239.089842339,0.0,0.0
239.094707168,0.0,0.0
239.104895893,0.0,0.0
239.112198582,0.0,0.0
239.119271139,0.0,0.0
239.133722196,0.0,0.0
239.13808551,0.0,0.0
239.144272499,0.0,0.0
239.154702942,0.0,0.0
239.160459732,0.0,0.0
239.168627513,0.0,0.0
239.176340723,0.0,0.0
239.184523985,0.0,0.0
239.191448814,0.0,0.0
239.203028418,0.0,0.0
239.209506767,0.0,0.0
239.213660526,0.0,0.0
239.222290467,0.0,0.0
239.229987396,0.0,0.0
239.235899805,0.0,0.0
239.246288797,0.0,0.0
239.252723597,0.0,0.0
239.264898207,0.0,0.0
239.268667913,0.0,0.0
239.27719088,0.0,0.0
239.288721041,0.0,0.0
239.293170954,0.0,0.0
239.298913062,0.0,0.0
239.310308281,0.0,0.0
239.316955433,0.0,0.0
239.329447074,0.0,0.0
239.333840953,0.0,0.0
239.34208015,0.0,0.0
239.350504831,0.0,0.0
239.357451634,0.0,0.0
239.369288036,0.0,0.0
239.378801837,0.0,0.0
239.384247385,0.0,0.0
239.395728591,0.0,0.0
239.401748368,0.0,0.0
239.409835135,0.0,0.0
239.417918505,0.0,0.0
239.42630642,0.0,0.0
239.434480883,0.0,0.0
239.444039433,0.0,0.0
239.452854749,0.0,0.0
239.461832775,0.0,0.0
239.468366853,0.0,0.0
239.477043731,0.0,0.0
239.485562693,0.0,0.0
239.492204345,0.0,0.0
239.497283919,0.0,0.0
239.508433512,0.0,0.0
239.514057351,0.0,0.0
239.52412251,0.0,0.0
239.531310924,0.0,0.0
239.53657728,0.0,0.0
239.545273036,0.0,0.0
239.551787436,0.0,0.0
239.557427756,0.0,0.0
239.56845689,0.0,0.0
239.575391101,0.0,0.0
239.582787372,0.0,0.0
239.591042642,0.0,0.0
239.598918454,0.0,0.0
239.610524815,0.0,0.0
239.617087858,0.0,0.0
239.621271877,0.0,0.0
239.63318478,0.0,0.0
239.638551419,0.0,0.0
239.647991107,0.0,0.0
239.657129247,0.0,0.0
239.665597568,0.0,0.0
239.66944438,0.0,0.0
239.681109272,0.0,0.0
239.690244915,0.0,0.0
239.701781856,0.0,0.0
239.705988349,0.0,0.0
239.718433231,0.0,0.0
239.724592746,0.0,0.0
239.741099989,0.0,0.0
239.745192914,0.0,0.0
239.755235398,0.0,0.0
239.763522231,0.0,0.0
239.771694997,0.0,0.0
239.78479921,0.0,0.0
239.790316574,0.0,0.0
239.797266766,0.0,0.0
239.807465668,0.0,0.0
239.811896099,0.0,0.0
239.820109018,0.0,0.0
239.828677922,0.0,0.0
239.837810568,0.0,0.0
239.843568651,0.0,0.0
239.85522735,0.0,0.0
239.861836041,0.0,0.0
239.866850591,0.0,0.0
239.874726603,0.0,0.0
239.882970386,0.0,0.0
239.888145549,0.0,0.0
239.897757036,0.0,0.0
239.904055488,0.0,0.0
239.916076565,0.0,0.0
239.922977414,0.0,0.0
239.934358438,0.0,0.0
239.942362301,0.0,0.0
239.947527075,0.0,0.0
239.956383144,0.0,0.0
239.964225096,0.0,0.0
239.969743758,0.0,0.0
239.981681332,0.0,0.0
239.98640572,0.0,0.0
239.999151551,0.0,0.0
240.004506504,0.0,0.0
240.01213131,0.0,0.0
240.024361342,0.0,0.0
240.029367802,0.0,0.0
240.040223538,0.0,0.0
240.049635957,0.0,0.0
240.055931313,0.0,0.0
240.066867037,0.0,0.0
240.073472028,0.0,0.0
240.083606161,0.0,0.0
240.089321566,0.0,0.0
240.097406833,0.0,0.0
240.110926409,0.0,0.0
240.116460118,0.0,0.0
240.124351787,0.0,0.0
240.132538452,0.0,0.0
240.138035661,0.0,0.0
240.151216044,0.0,0.0
240.158359726,0.0,0.0
240.164793619,0.0,0.0
240.172348995,0.0,0.0
240.180848954,0.0,0.0
240.19258496,0.0,0.0
240.199673743,0.0,0.0
240.205252351,0.0,0.0
240.219727512,0.0,0.0
240.226046608,0.0,0.0
240.237546018,0.0,0.0
240.243315922,0.0,0.0
240.252227875,0.0,0.0
240.259164361,0.0,0.0
240.26523176,0.0,0.0
240.273037031,0.0,0.0
240.281938384,0.0,0.0
240.287418594,0.0,0.0
240.299997086,0.0,0.0
240.304863206,0.0,0.0
240.31370686,0.0,0.0
240.323129804,0.0,0.0
240.332501549,0.0,0.0
240.340191922,0.0,0.0
240.349218173,0.0,0.0
240.356791948,0.0,0.0
240.365461505,0.0,0.0
240.371815795,0.0,0.0
240.379849554,0.0,0.0
240.388509302,0.0,0.0
240.396795856,0.0,0.0
240.407241773,0.0,0.0
240.417921385,0.0,0.0
240.419721253,0.0,0.0
240.433706908,0.0,0.0
240.441284275,0.0,0.0
240.450945605,0.0,0.0
240.456017016,0.0,0.0
240.463791479,0.0,0.0
240.471840438,0.0,0.0
240.479051111,0.0,0.0
240.484103323,0.0,0.0
240.49451334,0.0,0.0
240.500587833,0.0,0.0
240.508026603,0.0,0.0
240.51844922,0.0,0.0
240.525793491,0.0,0.0
240.529164531,0.0,0.0
240.540219837,0.0,0.0
240.546161933,0.0,0.0
240.558378818,0.0,0.0
240.561372266,0.0,0.0
240.569501723,0.0,0.0
240.578317868,0.0,0.0
240.586367427,0.0,0.0
240.598923906,0.0,0.0
240.605063398,0.0,0.0
240.610871196,0.0,0.0
240.622106599,0.0,0.0
240.627972596,0.0,0.0
240.643319626,0.0,0.0
240.649353521,0.0,0.0
240.657807372,0.0,0.0
240.666024028,0.0,0.0
240.673527896,0.0,0.0
240.682199344,0.0,0.0
240.691282784,0.0,0.0
240.697463876,0.0,0.0
240.708302685,0.0,0.0
240.714491077,0.0,0.0
240.722614134,0.0,0.0
240.731337681,0.0,0.0
240.740040628,0.0,0.0
240.745313435,0.0,0.0
240.757075029,0.0,0.0
240.765506381,0.0,0.0
240.774238027,0.0,0.0
240.779829129,0.0,0.0
240.789034567,0.0,0.0
240.797019627,0.0,0.0
240.805833172,0.0,0.0
240.812368158,0.0,0.0
240.824008753,0.0,0.0
240.830789734,0.0,0.0
240.842759324,0.0,0.0
240.852535752,0.0,0.0
240.863147866,0.0,0.0
240.866092314,0.0,0.0
240.875150855,0.0,0.0
240.884617489,0.0,0.0
240.891202473,0.0,0.0
240.898986336,0.0,0.0
240.90843747,0.0,0.0
240.917255215,0.0,0.0
240.929230905,0.0,0.0
240.940752003,0.0,0.0
240.945233724,0.0,0.0
240.95571424,0.0,0.0
240.96537817,0.0,0.0
240.973471228,0.0,0.0
240.982834464,0.0,0.0
240.987536481,0.0,0.0
241.001466937,0.0,0.0
241.009273599,0.0,0.0
241.020132709,0.0,0.0
241.029298948,0.0,0.0
241.038660383,0.0,0.0
241.044019389,0.0,0.0
241.051286962,0.0,0.0
241.059224422,0.0,0.0
241.066626192,0.0,0.0
241.071540906,0.0,0.0
241.083985487,0.0,0.0
241.089852884,0.0,0.0
241.098164538,0.0,0.0
241.108193362,0.0,0.0
241.114673748,0.0,0.0
241.118744677,0.0,0.0
241.130712467,0.0,0.0
241.134780395,0.0,0.0
241.146179295,0.0,0.0
241.151630599,0.0,0.0
241.159789256,0.0,0.0
241.168595301,0.0,0.0
241.178539027,0.0,0.0
241.189880427,0.0,0.0
241.19598782,0.0,0.0
241.2028112,0.0,0.0
241.212262434,0.0,0.0
241.217692539,0.0,0.0
241.227025775,0.0,0.0
241.235808121,0.0,0.0
241.245182456,0.0,0.0
241.250693759,0.0,0.0
241.261116276,0.0,0.0
241.269417231,0.0,0.0
241.280083443,0.0,0.0
241.284502866,0.0,0.0
241.29335791,0.0,0.0
241.301639765,0.0,0.0
241.310841303,0.0,0.0
241.320959725,0.0,0.0
241.329101582,0.0,0.0
241.335217375,0.0,0.0
241.347890352,0.0,0.0
241.35599601,0.0,0.0
241.365394645,0.0,0.0
241.370244357,0.0,0.0
241.378628801,0.0,0.0
241.387852929,0.0,0.0
241.396367471,0.0,0.0
241.404528319,0.0,0.0
241.413713848,0.0,0.0
241.420477122,0.0,0.0
241.432221704,0.0,0.0
241.43996486,0.0,0.0
241.449471283,0.0,0.0
241.454441491,0.0,0.0
241.464054012,0.0,0.0
241.471193579,0.0,0.0
241.478942635,0.0,0.0
241.484977223,0.0,0.0
241.495552726,0.0,0.0
241.501087223,0.0,0.0
241.512106518,0.0,0.0
241.520746057,0.0,0.0
241.524677284,0.0,0.0
241.535341086,0.0,0.0
241.544162922,0.0,0.0
241.549066331,0.0,0.0
241.563208368,0.0,0.0
241.568415971,0.0,0.0
241.581629525,0.0,0.0
241.586702831,0.0,0.0
241.594614584,0.0,0.0
241.606025271,0.0,0.0
241.61040569,0.0,0.0
241.615916587,0.0,0.0
241.627289076,0.0,0.0
241.632695575,0.0,0.0
241.64425166,0.0,0.0
241.650807938,0.0,0.0
241.659809371,0.0,0.0
241.667670625,0.0,0.0
241.677228647,0.0,0.0
241.68997721,0.0,0.0
241.694843819,0.0,0.0
241.69966033,0.0,0.0
241.711021119,0.0,0.0
241.716271421,0.0,0.0
241.724209373,0.0,0.0
241.732610917,0.0,0.0
241.742037942,0.0,0.0
241.750649282,0.0,0.0
241.759278021,0.0,0.0
241.767167774,0.0,0.0
241.77708689,0.0,0.0
241.781709904,0.0,0.0
241.790691837,0.0,0.0
241.798191797,0.0,0.0
241.807301228,0.0,0.0
241.810447269,0.0,0.0
241.821084572,0.0,0.0
241.826035279,0.0,0.0
241.833206246,0.0,0.0
241.846576097,0.0,0.0
241.85556493,0.0,0.0
241.862795196,0.0,0.0
241.873302,0.0,0.0
241.879890178,0.0,0.0
241.8894441,0.0,0.0
241.893932417,0.0,0.0
241.902801552,0.0,0.0
241.910890101,0.0,0.0
241.917857672,0.0,0.0
241.93029314,0.0,0.0
241.936957016,0.0,0.0
241.942758209,0.0,0.0
241.95665995,0.0,0.0
241.962412843,0.0,0.0
241.971348577,0.0,0.0
241.979626423,0.0,0.0
241.988838952,0.0,0.0
241.998800866,0.0,0.0
242.007160611,0.0,0.0
242.020736358,0.0,0.0
242.029358898,0.0,0.0
242.034305006,0.0,0.0
242.045505098,0.0,0.0
242.051551685,0.0,0.0
242.063514863,0.0,0.0
242.070253137,0.0,0.0
242.079754461,0.0,0.0
242.088206703,0.0,0.0
242.095784463,0.0,0.0
242.108906718,0.0,0.0
242.111793965,0.0,0.0
242.118219945,0.0,0.0
242.130672614,0.0,0.0
242.137168993,0.0,0.0
242.152051416,0.0,0.0
242.155997343,0.0,0.0
242.163213408,0.0,0.0
242.17226564,0.0,0.0
242.181730664,0.0,0.0
242.191839076,0.0,0.0
242.197679367,0.0,0.0
242.203377861,0.0,0.0
242.214708151,0.0,0.0
242.220188449,0.0,0.0
242.227854606,0.0,0.0
242.237914519,0.0,0.0
242.244906089,0.0,0.0
242.249474704,0.0,0.0
242.260349002,0.0,0.0
242.268619948,0.0,0.0
242.274852932,0.0,0.0
242.283240176,0.0,0.0
242.290229646,0.0,0.0
242.29591304,0.0,0.0
242.306651041,0.0,0.0
242.312724128,0.0,0.0
242.322700642,0.0,0.0
242.327863246,0.0,0.0
242.336155792,0.0,0.0
242.347258685,0.0,0.0
242.352349291,0.0,0.0
242.357694891,0.0,0.0
242.37049685,0.0,0.0
242.37712732,0.0,0.0
242.388695993,0.0,0.0
242.394653776,0.0,0.0
242.40153854,0.0,0.0
242.410450766,0.0,0.0
242.419255393,0.0,0.0
242.432970724,0.0,0.0
242.437907727,0.0,0.0
242.447789533,0.0,0.0
242.457553541,0.0,0.0
242.463973815,0.0,0.0
242.475176095,0.0,0.0
242.481136378,0.0,0.0
242.488451635,0.0,0.0
242.496730472,0.0,0.0
242.504652817,0.0,0.0
242.517259469,0.0,0.0
242.521058595,0.0,0.0
242.525976398,0.0,0.0
242.53860325,0.0,0.0
242.545124022,0.0,0.0
242.557291884,0.0,0.0
242.562250586,0.0,0.0
242.569866037,0.0,0.0
242.577530686,0.0,0.0
242.586420812,0.0,0.0
242.593706269,0.0,0.0
242.603918368,0.0,0.0
242.611195526,0.0,0.0
242.620680839,0.0,0.0
242.625652042,0.0,0.0
242.632745603,0.0,0.0
242.643298496,0.0,0.0
242.651445736,0.0,0.0
242.658398799,0.0,0.0
242.66955038,0.0,0.0
242.677147531,0.0,0.0
242.684899479,0.0,0.0
242.690174676,0.0,0.0
242.697814226,0.0,0.0
242.707041145,0.0,0.0
242.714597296,0.0,0.0
242.719740095,0.0,0.0
242.732374947,0.0,0.0
242.736577265,0.0,0.0
242.749959002,0.0,0.0
242.758591333,0.0,0.0
242.763504436,0.0,0.0
242.771129787,0.0,0.0
242.78015091,0.0,0.0
242.785893097,0.0,0.0
242.796482989,0.0,0.0
242.802147978,0.0,0.0
242.81068941,0.0,0.0
242.81936194,0.0,0.0
242.82750798,0.0,0.0
242.840154632,0.0,0.0
242.844092855,0.0,0.0
242.850240834,0.0,0.0
242.860905125,0.0,0.0
242.865100042,0.0,0.0
242.873139385,0.0,0.0
242.88204101,0.0,0.0
242.890844537,0.0,0.0
242.896173533,0.0,0.0
242.906680826,0.0,0.0
242.914957764,0.0,0.0
242.923789991,0.0,0.0
242.930264863,0.0,0.0
242.938228707,0.0,0.0
242.946894637,0.0,0.0
242.955136675,0.0,0.0
242.963685508,0.0,0.0
242.972281339,0.0,0.0
242.979228702,0.0,0.0
242.990750976,0.0,0.0
242.99872392,0.0,0.0
243.007182254,0.0,0.0
243.013379832,0.0,0.0
243.021541572,0.0,0.0
243.030090404,0.0,0.0
243.037912051,0.0,0.0
243.044198427,0.0,0.0
243.057271571,0.0,0.0
243.06289966,0.0,0.0
243.075101521,0.0,0.0
243.083563855,0.0,0.0
243.090013728,0.0,0.0
243.098655859,0.0,0.0
243.109577044,0.0,0.0
243.117847582,0.0,0.0
243.126966103,0.0,0.0
243.132037303,0.0,0.0
243.144785053,0.0,0.0
243.149465361,0.0,0.0
243.16226831,0.0,0.0
243.171484629,0.0,0.0
243.179921364,0.0,0.0
243.184632471,0.0,0.0
243.196244043,0.0,0.0
243.202576919,0.0,0.0
243.210612061,0.0,0.0
243.21732123,0.0,0.0
243.228052819,0.0,0.0
243.234682789,0.0,0.0
243.245628174,0.0,0.0
243.252623637,0.0,0.0
243.257926333,0.0,0.0
243.267021554,0.0,0.0
243.275181594,0.0,0.0
243.279546508,0.0,0.0
243.292436255,0.0,0.0
243.297251961,0.0,0.0
243.305257304,0.0,0.0
243.314206528,0.0,0.0
243.322152672,0.0,0.0
243.333528649,0.0,0.0
243.34315216,0.0,0.0
243.347267079,0.0,0.0
243.362316084,0.0,0.0
243.366196708,0.0,0.0
243.380363316,0.0,0.0
243.385774904,0.0,0.0
243.398729537,0.0,0.0
243.405433198,0.0,0.0
243.412936443,0.0,0.0
243.422882038,0.0,0.0
243.427933834,0.0,0.0
243.43343432,0.0,0.0
243.444791386,0.0,0.0
243.449542888,0.0,0.0
243.457037633,0.0,0.0
243.466194144,0.0,0.0
243.475447353,0.0,0.0
243.483468287,0.0,0.0
243.493084689,0.0,0.0
243.500431537,0.0,0.0
243.507912483,0.0,0.0
243.514000157,0.0,0.0
243.522037991,0.0,0.0
243.531939687,0.0,0.0
243.541500089,0.0,0.0
243.550301807,0.0,0.0
243.559619415,0.0,0.0
243.564607612,0.0,0.0
243.576648363,0.0,0.0
243.584895693,0.0,0.0
243.596549153,0.0,0.0
243.601638747,0.0,0.0
243.609152192,0.0,0.0
243.616694037,0.0,0.0
243.626098242,0.0,0.0
243.631637328,0.0,0.0
243.644084371,0.0,0.0
243.652054707,0.0,0.0
243.663647567,0.0,0.0
243.670486826,0.0,0.0
243.675312126,0.0,0.0
243.683764552,0.0,0.0
243.691905584,0.0,0.0
243.696647286,0.0,0.0
243.709233226,0.0,0.0
243.71435612,0.0,0.0
243.7250022,0.0,0.0
243.731121874,0.0,0.0
243.739307205,0.0,0.0
243.75503828,0.0,0.0
243.759643185,0.0,0.0
243.765506064,0.0,0.0
243.77490277,0.0,0.0
243.780685851,0.0,0.0
243.79331419,0.0,0.0
243.799789656,0.0,0.0
243.80639652,0.0,0.0
243.815719827,0.0,0.0
243.824766641,0.0,0.0
243.832700577,0.0,0.0
243.841493495,0.0,0.0
243.845357316,0.0,0.0
243.854398429,0.0,0.0
243.863037951,0.0,0.0
243.87129598,0.0,0.0
243.880342793,0.0,0.0
243.888465626,0.0,0.0
243.893167228,0.0,0.0
243.905146881,0.0,0.0
243.91295002,0.0,0.0
243.918838498,0.0,0.0
243.92698823,0.0,0.0
243.935840247,0.0,0.0
243.940837744,0.0,0.0
243.954015472,0.0,0.0
243.960740333,0.0,0.0
243.97254719,0.0,0.0
243.976370611,0.0,0.0
243.983830757,0.0,0.0
243.995865808,0.0,0.0
244.00159549,0.0,0.0
244.012138072,0.0,0.0
244.020235405,0.0,0.0
244.026915767,0.0,0.0
244.038239033,0.0,0.0
244.044288108,0.0,0.0
244.057549735,0.0,0.0
244.06554157,0.0,0.0
244.076504843,0.0,0.0
244.084291382,0.0,0.0
244.090445955,0.0,0.0
244.097840703,0.0,0.0
244.106289128,0.0,0.0
244.114569657,0.0,0.0
244.125340635,0.0,0.0
244.131356311,0.0,0.0
244.142099789,0.0,0.0
244.148454958,0.0,0.0
244.156972182,0.0,0.0
244.167836258,0.0,0.0
244.17499281,0.0,0.0
244.184516813,0.0,0.0
244.193157035,0.0,0.0
244.199650401,0.0,0.0
244.213430916,0.0,0.0
244.218831005,0.0,0.0
244.230601062,0.0,0.0
244.236779934,0.0,0.0
244.244343178,0.0,0.0
244.259417667,0.0,0.0
244.264696858,0.0,0.0
244.273220582,0.0,0.0
244.282218196,0.0,0.0
244.28736979,0.0,0.0
244.299577338,0.0,0.0
244.305376818,0.0,0.0
244.317984058,0.0,0.0
244.32271676,0.0,0.0
244.333804831,0.0,0.0
244.343223536,0.0,0.0
244.347650045,0.0,0.0
244.352671941,0.0,0.0
244.364732492,0.0,0.0
244.368546312,0.0,0.0
244.37789551,0.0,0.0
244.385133553,0.0,0.0
244.393047281,0.0,0.0
244.398472864,0.0,0.0
244.40879304,0.0,0.0
244.419468209,0.0,0.0
244.426210363,0.0,0.0
244.431308753,0.0,0.0
244.440149361,0.0,0.0
244.447225008,0.0,0.0
244.455402631,0.0,0.0
244.460299025,0.0,0.0
244.47207247,0.0,0.0
244.477746747,0.0,0.0
244.486304762,0.0,0.0
244.49655944,0.0,0.0
244.502294315,0.0,0.0
244.507978492,0.0,0.0
244.520197228,0.0,0.0
244.525323717,0.0,0.0
244.537238258,0.0,0.0
244.542584043,0.0,0.0
244.550132579,0.0,0.0
244.557840412,0.0,0.0
244.567532902,0.0,0.0
244.580321525,0.0,0.0
244.584897526,0.0,0.0
244.590829398,0.0,0.0
244.60135557,0.0,0.0
244.607481737,0.0,0.0
244.616320146,0.0,0.0
244.624092777,0.0,0.0
244.633792567,0.0,0.0
244.642875271,0.0,0.0
244.652908853,0.0,0.0
244.663895915,0.0,0.0
244.669746189,0.0,0.0
244.676343046,0.0,0.0
244.688200989,0.0,0.0
244.692689092,0.0,0.0
244.700474823,0.0,0.0
244.708155457,0.0,0.0
244.718650129,0.0,0.0
244.727175345,0.0,0.0
244.735585763,0.0,0.0
244.743225297,0.0,0.0
244.753483875,0.0,0.0
244.760446024,0.0,0.0
244.769971518,0.0,0.0
244.775315102,0.0,0.0
244.783116333,0.0,0.0
244.790626571,0.0,0.0
244.798003811,0.0,0.0
244.803348895,0.0,0.0
244.814050463,0.0,0.0
244.821451003,0.0,0.0
244.828221756,0.0,0.0
244.837404057,0.0,0.0
244.846124969,0.0,0.0
244.851281257,0.0,0.0
244.863486592,0.0,0.0
244.869942853,0.0,0.0
244.881231408,0.0,0.0
244.885395918,0.0,0.0
244.894498521,0.0,0.0
244.905581381,0.0,0.0
244.911367555,0.0,0.0
244.916281349,0.0,0.0
244.930060151,0.0,0.0
244.936252817,0.0,0.0
244.947006984,0.0,0.0
244.951748581,0.0,0.0
244.960530491,0.0,0.0
244.968327022,0.0,0.0
244.975882358,0.0,0.0
244.987995696,0.0,0.0
244.993921367,0.0,0.0
245.00117421,0.0,0.0
245.011636284,0.0,0.0
245.017135465,0.0,0.0
245.023886219,0.0,0.0
245.03351781,0.0,0.0
245.043798187,0.0,0.0
245.053167284,0.0,0.0
245.061625801,0.0,0.0
245.07367404,0.0,0.0
245.080097301,0.0,0.0
245.084981495,0.0,0.0
245.095639364,0.0,0.0
245.101635835,0.0,0.0
245.110497843,0.0,0.0
245.118422071,0.0,0.0
245.127111383,0.0,0.0
245.131721683,0.0,0.0
245.142663446,0.0,0.0
245.152568231,0.0,0.0
245.15773072,0.0,0.0
245.16462507,0.0,0.0
245.180244432,0.0,0.0
245.183905353,0.0,0.0
245.193085254,0.0,0.0
245.200311597,0.0,0.0
245.207201148,0.0,0.0
245.211308559,0.0,0.0
245.222758911,0.0,0.0
245.229944756,0.0,0.0
245.237251697,0.0,0.0
245.245822712,0.0,0.0
245.256229686,0.0,0.0
245.259665112,0.0,0.0
245.27084407,0.0,0.0
245.275875561,0.0,0.0
245.290163751,0.0,0.0
245.296569913,0.0,0.0
245.308934445,0.0,0.0
245.318987627,0.0,0.0
245.324555207,0.0,0.0
245.334726986,0.0,0.0
245.343567995,0.0,0.0
245.3525379,0.0,0.0
245.362109193,0.0,0.0
245.367437677,0.0,0.0
245.380019092,0.0,0.0
245.38628325,0.0,0.0
245.401693001,0.0,0.0
245.410366105,0.0,0.0
245.418734215,0.0,0.0
245.424729079,0.0,0.0
245.4370598,0.0,0.0
245.443316058,0.0,0.0
245.451931563,0.0,0.0
245.460135077,0.0,0.0
245.471490519,0.0,0.0
245.481147,0.0,0.0
245.489585109,0.0,0.0
245.503252999,0.0,0.0
245.51030074,0.0,0.0
245.515346525,0.0,0.0
245.528429829,0.0,0.0
245.534050802,0.0,0.0
245.541688428,0.0,0.0
245.551979395,0.0,0.0
245.560439803,0.0,0.0
245.564541311,0.0,0.0
245.576960629,0.0,0.0
245.586214819,0.0,0.0
245.595765603,0.0,0.0
245.60119428,0.0,0.0
245.613143809,0.0,0.0
245.618338991,0.0,0.0
245.628788355,0.0,0.0
245.637951747,0.0,0.0
245.647268536,0.0,0.0
245.655588147,0.0,0.0
245.664417647,0.0,0.0
245.671607784,0.0,0.0
245.678979317,0.0,0.0
245.685641766,0.0,0.0
245.692001522,0.0,0.0
245.70005334,0.0,0.0
245.70887484,0.0,0.0
245.713870326,0.0,0.0
245.72562576,0.0,0.0
245.73138283,0.0,0.0
245.742209484,0.0,0.0
245.751483674,0.0,0.0
245.756252866,0.0,0.0
245.764678475,0.0,0.0
245.776265512,0.0,0.0
245.784149834,0.0,0.0
245.79312033,0.0,0.0
245.797920922,0.0,0.0
245.808704977,0.0,0.0
245.814464647,0.0,0.0
245.825434598,0.0,0.0
245.835446171,0.0,0.0
245.840259562,0.0,0.0
245.848400878,0.0,0.0
245.857262877,0.0,0.0
245.862610456,0.0,0.0
245.87257873,0.0,0.0
245.878233102,0.0,0.0
245.888972658,0.0,0.0
245.895219117,0.0,0.0
245.902878343,0.0,0.0
245.913529502,0.0,0.0
245.919686262,0.0,0.0
245.926316712,0.0,0.0
245.937125567,0.0,0.0
245.941515167,0.0,0.0
245.953415398,0.0,0.0
245.957881397,0.0,0.0
245.964952736,0.0,0.0
245.969979622,0.0,0.0
245.984031404,0.0,0.0
245.99171863,0.0,0.0
245.998979765,0.0,0.0
246.005515417,0.0,0.0
246.014085023,0.0,0.0
246.022758426,0.0,0.0
246.032511805,0.0,0.0
246.039438448,0.0,0.0
246.050352901,0.0,0.0
246.055374987,0.0,0.0
246.066212541,0.0,0.0
246.076531508,0.0,0.0
246.081679191,0.0,0.0
246.090281596,0.0,0.0
246.097719827,0.0,0.0
246.102819512,0.0,0.0
246.11349007,0.0,0.0
246.119591132,0.0,0.0
246.130669181,0.0,0.0
246.136192956,0.0,0.0
246.144606765,0.0,0.0
246.155769712,0.0,0.0
246.16201577,0.0,0.0
246.168469024,0.0,0.0
246.179736069,0.0,0.0
246.184590959,0.0,0.0
246.196776283,0.0,0.0
246.200953088,0.0,0.0
246.208676213,0.0,0.0
246.216943226,0.0,0.0
246.225337035,0.0,0.0
246.237716655,0.0,0.0
246.243396426,0.0,0.0
246.24852611,0.0,0.0
246.260604936,0.0,0.0
246.265114634,0.0,0.0
246.273572242,0.0,0.0
246.280940575,0.0,0.0
246.289867673,0.0,0.0
246.295487746,0.0,0.0
246.306278101,0.0,0.0
246.315384095,0.0,0.0
246.320988668,0.0,0.0
246.329931265,0.0,0.0
246.337435995,0.0,0.0
246.343302062,0.0,0.0
246.353816424,0.0,0.0
246.360021183,0.0,0.0
246.372112404,0.0,0.0
246.379000241,0.0,0.0
246.388841308,0.0,0.0
246.400698528,0.0,0.0
246.409943109,0.0,0.0
246.416424456,0.0,0.0
246.423540487,0.0,0.0
246.42934345,0.0,0.0
246.444205798,0.0,0.0
246.450695145,0.0,0.0
246.46146999,0.0,0.0
246.467652144,0.0,0.0
246.475186465,0.0,0.0
246.486748692,0.0,0.0
246.491954769,0.0,0.0
246.498218721,0.0,0.0
246.510668526,0.0,0.0
246.515647408,0.0,0.0
246.527867619,0.0,0.0
246.534142871,0.0,0.0
246.542239579,0.0,0.0
246.550176391,0.0,0.0
246.560492847,0.0,0.0
246.570323215,0.0,0.0
246.576629165,0.0,0.0
246.582254932,0.0,0.0
246.594841635,0.0,0.0
246.600282306,0.0,0.0
246.608020623,0.0,0.0
246.616980011,0.0,0.0
246.624239039,0.0,0.0
246.628951928,0.0,0.0
246.640634751,0.0,0.0
246.64912815,0.0,0.0
246.656824168,0.0,0.0
246.662423436,0.0,0.0
246.670718539,0.0,0.0
246.680619205,0.0,0.0
246.689069505,0.0,0.0
246.694915167,0.0,0.0
246.703726659,0.0,0.0
246.709825214,0.0,0.0
246.721624935,0.0,0.0
246.730830117,0.0,0.0
246.735920197,0.0,0.0
246.745576268,0.0,0.0
246.754133266,0.0,0.0
246.762393971,0.0,0.0
246.772641528,0.0,0.0
246.779191773,0.0,0.0
246.790549704,0.0,0.0
246.795117696,0.0,0.0
246.805572249,0.0,0.0
246.812667681,0.0,0.0
246.822500449,0.0,0.0
246.834742559,0.0,0.0
246.84272957,0.0,0.0
246.851662159,0.0,0.0
246.859877564,0.0,0.0
246.865276037,0.0,0.0
246.876293076,0.0,0.0
246.882139838,0.0,0.0
246.888695082,0.0,0.0
246.900398706,0.0,0.0
246.905947374,0.0,0.0
246.911350146,0.0,0.0
246.922166691,0.0,0.0
246.92810325,0.0,0.0
246.942334213,0.0,0.0
246.944978451,0.0,0.0
246.951736191,0.0,0.0
246.960469684,0.0,0.0
246.96739952,0.0,0.0
246.982267769,0.0,0.0
246.989011609,0.0,0.0
246.993777296,0.0,0.0
247.005786912,0.0,0.0
247.010825093,0.0,0.0
247.018693407,0.0,0.0
247.02658902,0.0,0.0
247.03376895,0.0,0.0
247.040584889,0.0,0.0
247.053292188,0.0,0.0
247.061722389,0.0,0.0
247.069883096,0.0,0.0
247.076795032,0.0,0.0
247.089461813,0.0,0.0
247.09483163,0.0,0.0
247.103030355,0.0,0.0
247.112938986,0.0,0.0
247.122217715,0.0,0.0
247.131975245,0.0,0.0
247.138746066,0.0,0.0
247.147899394,0.0,0.0
247.155571018,0.0,0.0
247.161355636,0.0,0.0
247.168314658,0.0,0.0
247.176515283,0.0,0.0
247.183180204,0.0,0.0
247.190266526,0.0,0.0
247.202810365,0.0,0.0
247.208965684,0.0,0.0
247.218483613,0.0,0.0
247.228341844,0.0,0.0
247.233958161,0.0,0.0
247.241959486,0.0,0.0
247.250618013,0.0,0.0
247.256823032,0.0,0.0
247.269235071,0.0,0.0
247.278007998,0.0,0.0
247.288744931,0.0,0.0
247.293923347,0.0,0.0
247.304965682,0.0,0.0
247.312516905,0.0,0.0
247.319238426,0.0,0.0
247.326603549,0.0,0.0
247.334704574,0.0,0.0
247.33981249,0.0,0.0
247.350509523,0.0,0.0
247.357373544,0.0,0.0
247.369454479,0.0,0.0
247.374162389,0.0,0.0
247.382201506,0.0,0.0
247.39323823,0.0,0.0
247.400103244,0.0,0.0
247.405115755,0.0,0.0
247.416180378,0.0,0.0
247.423352093,0.0,0.0
247.433576515,0.0,0.0
247.44085413,0.0,0.0
247.452387755,0.0,0.0
247.458886569,0.0,0.0
247.466673385,0.0,0.0
247.477509708,0.0,0.0
247.482795319,0.0,0.0
247.488450331,0.0,0.0
247.500896857,0.0,0.0
247.509111075,0.0,0.0
247.519107496,0.0,0.0
247.526552812,0.0,0.0
247.53527913,0.0,0.0
247.545474852,0.0,0.0
247.556221474,0.0,0.0
247.569064802,0.0,0.0
247.579371623,0.0,0.0
247.59206005,0.0,0.0
247.597734862,0.0,0.0
247.603490574,0.0,0.0
247.615229299,0.0,0.0
247.621733513,0.0,0.0
247.633268137,0.0,0.0
247.639836051,0.0,0.0
247.652560578,0.0,0.0
247.659999594,0.0,0.0
247.665639806,0.0,0.0
247.673811023,0.0,0.0
247.681104738,0.0,0.0
247.688777655,0.0,0.0
247.699212777,0.0,0.0
247.704483488,0.0,0.0
247.714087908,0.0,0.0
247.721465624,0.0,0.0
247.728542539,0.0,0.0
247.739849263,0.0,0.0
247.746738077,0.0,0.0
247.751661088,0.0,0.0
247.763528413,0.0,0.0
247.768176723,0.0,0.0
247.782557253,0.0,0.0
247.787856264,0.0,0.0
247.794475378,0.0,0.0
247.803215497,0.0,0.0
247.811049513,0.0,0.0
247.824708742,0.0,0.0
247.831641157,0.0,0.0
247.836002166,0.0,0.0
247.84724859,0.0,0.0
247.850450697,0.0,0.0
247.858326013,0.0,0.0
247.868229334,0.0,0.0
247.876788652,0.0,0.0
247.883481266,0.0,0.0
247.893979289,0.0,0.0
247.902780007,0.0,0.0
247.910086423,0.0,0.0
247.915753335,0.0,0.0
247.923719452,0.0,0.0
247.932014669,0.0,0.0
247.940809788,0.0,0.0
247.945744598,0.0,0.0
247.961654232,0.0,0.0
247.966750943,0.0,0.0
247.978699768,0.0,0.0
247.985801583,0.0,0.0
247.991430195,0.0,0.0
248.001752117,0.0,0.0
248.009789534,0.0,0.0
248.019562354,0.0,0.0
248.027327271,0.0,0.0
248.033500284,0.0,0.0
248.042823203,0.0,0.0
248.049780218,0.0,0.0
248.057476834,0.0,0.0
248.070098261,0.0,0.0
248.076492975,0.0,0.0
248.084843892,0.0,0.0
248.09315701,0.0,0.0
248.098914122,0.0,0.0
248.111164248,0.0,0.0
248.117791062,0.0,0.0
248.127757783,0.0,0.0
248.133889596,0.0,0.0
248.142847415,0.0,0.0
248.155220941,0.0,0.0
248.160640953,0.0,0.0
248.165872764,0.0,0.0
248.177403488,0.0,0.0
248.185157004,0.0,0.0
248.196598329,0.0,0.0
248.202494541,0.0,0.0
248.209647056,0.0,0.0
248.218635875,0.0,0.0
248.227727294,0.0,0.0
248.241238223,0.0,0.0
248.246936035,0.0,0.0
248.252036246,0.0,0.0
248.261727066,0.0,0.0
248.26806028,0.0,0.0
248.279907005,0.0,0.0
248.284116414,0.0,0.0
248.293383533,0.0,0.0
248.302691353,0.0,0.0
248.311162471,0.0,0.0
248.3251143,0.0,0.0
248.331414314,0.0,0.0
248.336834725,0.0,0.0
248.347886049,0.0,0.0
248.353831461,0.0,0.0
248.361609578,0.0,0.0
248.370088293,0.0,0.0
248.378120802,0.0,0.0
248.383869908,0.0,0.0
248.396168022,0.0,0.0
248.404052031,0.0,0.0
248.412763641,0.0,0.0
248.418177847,0.0,0.0
248.426741657,0.0,0.0
248.435487767,0.0,0.0
248.444193377,0.0,0.0
248.449396383,0.0,0.0
248.460061595,0.0,0.0
248.466067201,0.0,0.0
248.476278113,0.0,0.0
248.489505728,0.0,0.0
248.495888535,0.0,0.0
248.502196542,0.0,0.0
248.510301752,0.0,0.0
248.521396064,0.0,0.0
248.529612573,0.0,0.0
248.538112683,0.0,0.0
248.546246092,0.0,0.0
248.551858599,0.0,0.0
248.562918411,0.0,0.0
248.574649325,0.0,0.0
248.581452032,0.0,0.0
248.586477438,0.0,0.0
248.594280147,0.0,0.0
248.603998858,0.0,0.0
248.611754167,0.0,0.0
248.617378073,0.0,0.0
248.628959286,0.0,0.0
248.634790993,0.0,0.0
248.647735607,0.0,0.0
248.655499016,0.0,0.0
248.664529426,0.0,0.0
248.671836335,0.0,0.0
248.680420245,0.0,0.0
248.690532756,0.0,0.0
248.699251966,0.0,0.0
248.704796272,0.0,0.0
248.715701985,0.0,0.0
248.721488091,0.0,0.0
248.733942005,0.0,0.0
248.742376615,0.0,0.0
248.74688132,0.0,0.0
248.757085331,0.0,0.0
248.765836841,0.0,0.0
248.770665947,0.0,0.0
248.785943764,0.0,0.0
248.79120427,0.0,0.0
248.801112181,0.0,0.0
248.806282187,0.0,0.0
248.814302096,0.0,0.0
248.825149909,0.0,0.0
248.830505215,0.0,0.0
248.835884021,0.0,0.0
248.847447434,0.0,0.0
248.854105142,0.0,0.0
248.864733054,0.0,0.0
248.869834659,0.0,0.0
248.885211477,0.0,0.0
248.889457482,0.0,0.0
248.89667919,0.0,0.0
248.907222702,0.0,0.0
248.913054308,0.0,0.0
248.919859016,0.0,0.0
248.931027629,0.0,0.0
248.936062034,0.0,0.0
248.946991847,0.0,0.0
248.952527753,0.0,0.0
248.960850663,0.0,0.0
248.969167072,0.0,0.0
248.978266882,0.0,0.0
248.990099696,0.0,0.0
248.996389603,0.0,0.0
249.00292871,0.0,0.0
249.013786523,0.0,0.0
249.018665028,0.0,0.0
249.028441739,0.0,0.0
249.035037247,0.0,0.0
249.043862557,0.0,0.0
249.049320963,0.0,0.0
249.061577077,0.0,0.0
249.071452588,0.0,0.0
249.078736796,0.0,0.0
249.085206604,0.0,0.0
249.092827012,0.0,0.0
249.101421322,0.0,0.0
249.110609332,0.0,0.0
249.116700039,0.0,0.0
249.125289449,0.0,0.0
249.132615357,0.0,0.0
249.143179169,0.0,0.0
249.15275348,0.0,0.0
249.160349989,0.0,0.0
249.171686202,0.0,0.0
249.180552212,0.0,0.0
249.18822322,0.0,0.0
249.19691673,0.0,0.0
249.202298536,0.0,0.0
249.21402105,0.0,0.0
249.219019555,0.0,0.0
249.229920768,0.0,0.0
249.239156778,0.0,0.0
249.245300485,0.0,0.0
249.255368097,0.0,0.0
249.264942207,0.0,0.0
249.273545217,0.0,0.0
249.281725226,0.0,0.0
249.286534832,0.0,0.0
249.297041344,0.0,0.0
249.301350849,0.0,0.0
249.309665758,0.0,0.0
249.322084772,0.0,0.0
249.328440179,0.0,0.0
249.336640289,0.0,0.0
249.344739398,0.0,0.0
249.349776704,0.0,0.0
249.362628518,0.0,0.0
249.368010323,0.0,0.0
249.380463625,0.0,0.0
249.388261827,0.0,0.0
249.401197629,0.0,0.0
249.40890363,0.0,0.0
249.414066431,0.0,0.0
249.423387632,0.0,0.0
249.436814135,0.0,0.0
249.444449036,0.0,0.0
249.451464237,0.0,0.0
249.456295538,0.0,0.0
249.467480939,0.0,0.0
249.47190734,0.0,0.0
249.479977641,0.0,0.0
249.490654943,0.0,0.0
249.496671944,0.0,0.0
249.501187245,0.0,0.0
249.513498547,0.0,0.0
249.517760648,0.0,0.0
249.526061749,0.0,0.0
249.53468795,0.0,0.0
249.543280552,0.0,0.0
249.548080252,0.0,0.0
249.558412354,0.0,0.0
249.565900155,0.0,0.0
249.573498057,0.0,0.0
249.578706457,0.0,0.0
249.589733559,0.0,0.0
249.59593316,0.0,0.0
249.603171161,0.0,0.0
249.606804762,0.0,0.0
249.619101964,0.0,0.0
249.625623565,0.0,0.0
249.637071467,0.0,0.0
249.648474069,0.0,0.0
249.650563969,0.0,0.0
249.65972967,0.0,0.0
249.667413972,0.0,0.0
249.673529473,0.0,0.0
249.684112074,0.0,0.0
249.693100076,0.0,0.0
249.702867977,0.0,0.0
249.708032778,0.0,0.0
249.71639138,0.0,0.0
249.728127881,0.0,0.0
249.733165782,0.0,0.0
249.739391183,0.0,0.0
249.750956385,0.0,0.0
249.756189386,0.0,0.0
249.767295688,0.0,0.0
249.771879689,0.0,0.0
249.77995699,0.0,0.0
249.788519391,0.0,0.0
249.797155693,0.0,0.0
249.811799195,0.0,0.0
249.816502096,0.0,0.0
249.824746797,0.0,0.0
249.835948499,0.0,0.0
249.8424511,0.0,0.0
249.853504402,0.0,0.0
249.859459503,0.0,0.0
249.868815204,0.0,0.0
249.877549106,0.0,0.0
249.886372607,0.0,0.0
249.897823009,0.0,0.0
249.90310651,0.0,0.0
249.909350211,0.0,0.0
249.918869912,0.0,0.0
249.923628913,0.0,0.0
249.932325614,0.0,0.0
249.941285816,0.0,0.0
249.948055817,0.0,0.0
249.954253618,0.0,0.0
249.96495972,0.0,0.0
249.973096121,0.0,0.0
249.983905223,0.0,0.0
249.991370524,0.0,0.0
250.000442525,0.0,0.0
250.009532127,0.0,0.0
250.019908529,0.0,0.0
250.02783893,0.0,0.0
250.035142431,0.0,0.0
250.041282032,0.0,0.0
250.052793234,0.0,0.0
250.054376834,0.0,0.0
250.061764435,0.0,0.0
250.070865837,0.0,0.0
250.079561538,0.0,0.0
250.083857539,0.0,0.0
250.098090741,0.0,0.0
250.102876142,0.0,0.0
250.113892044,0.0,0.0
250.119495245,0.0,0.0
250.132274047,0.0,0.0
250.136113047,0.0,0.0
250.143731448,0.0,0.0
250.15363765,0.0,0.0
250.161464851,0.0,0.0
250.167560852,0.0,0.0
250.177410954,0.0,0.0
250.183114855,0.0,0.0
250.192384456,0.0,0.0
250.200574558,0.0,0.0
250.208880459,0.0,0.0
250.21399186,0.0,0.0
250.224726562,0.0,0.0
250.231236263,0.0,0.0
250.241617364,0.0,0.0
250.247890365,0.0,0.0
250.258639967,0.0,0.0
250.266744868,0.0,0.0
250.27589967,0.0,0.0
250.285749171,0.0,0.0
250.296011373,0.0,0.0
250.301732274,0.0,0.0
250.317849377,0.0,0.0
250.321635777,0.0,0.0
250.333723379,0.0,0.0
250.33926208,0.0,0.0
250.350796282,0.0,0.0
250.357659983,0.0,0.0
250.371829181,0.0,0.0
250.377156776,0.0,0.0
250.387317768,0.0,0.0
250.39754836,0.0,0.0
250.405248754,0.0,0.0
250.416443545,0.0,0.0
250.425137738,0.0,0.0
250.430457934,0.0,0.0
250.441191825,0.0,0.0
250.44668292,0.0,0.0
250.455221014,0.0,0.0
250.464559006,0.0,0.0
250.473021199,0.0,0.0
250.482342292,0.0,0.0
250.490496085,0.0,0.0
250.497741979,0.0,0.0
250.50985517,0.0,0.0
250.515327665,0.0,0.0
250.527374756,0.0,0.0
250.532470851,0.0,0.0
250.541443744,0.0,0.0
250.551696136,0.0,0.0
250.562932027,0.0,0.0
250.574404018,0.0,0.0
250.58367131,0.0,0.0
250.591550504,0.0,0.0
250.602890695,0.0,0.0
250.606037792,0.0,0.0
250.619196782,0.0,0.0
250.624597277,0.0,0.0
250.636655568,0.0,0.0
250.643228662,0.0,0.0
250.654502953,0.0,0.0
250.661527348,0.0,0.0
250.669880541,0.0,0.0
250.677440635,0.0,0.0
250.686956027,0.0,0.0
250.692206123,0.0,0.0
250.705513012,0.0,0.0
250.710360508,0.0,0.0
250.728215494,0.0,0.0
250.732408491,0.0,0.0
250.742959482,0.0,0.0
250.754499973,0.0,0.0
250.767279663,0.0,0.0
250.777248555,0.0,0.0
250.788073646,0.0,0.0
250.798974137,0.0,0.0
250.812669626,0.0,0.0
250.825317016,0.0,0.0
250.835421408,0.0,0.0
250.848548597,0.0,0.0
250.859117389,0.0,0.0
250.875037776,0.0,0.0
250.886617867,0.0,0.0
250.902139754,0.0,0.0
250.912815046,0.0,0.0
250.924053237,0.0,0.0
250.935093528,0.0,0.0
250.946513718,0.0,0.0
250.956154211,0.0,0.0
250.968551601,0.0,0.0
250.979949992,0.0,0.0
250.992197682,0.0,0.0
251.002976973,0.0,0.0
251.015328363,0.0,0.0
251.029227052,0.0,0.0
251.040730443,0.0,0.0
251.053034033,0.0,0.0
251.062049626,0.0,0.0
251.072025118,0.0,0.0
251.08175361,0.0,0.0
251.0933541,0.0,0.0
251.104723591,0.0,0.0
251.111436786,0.0,0.0
251.123752776,0.0,0.0
251.134469067,0.0,0.0
251.147820857,0.0,0.0
251.158783948,0.0,0.0
251.170829238,0.0,0.0
251.178560032,0.0,0.0
251.186200226,0.0,0.0
251.203177612,0.0,0.0
251.209242007,0.0,0.0
251.225188394,0.0,0.0
251.231502189,0.0,0.0
251.249927874,0.0,0.0
251.254878471,0.0,0.0
251.26788706,0.0,0.0
251.276202653,0.0,0.0
251.287669144,0.0,0.0
251.29223124,0.0,0.0
251.303992131,0.0,0.0
251.313095624,0.0,0.0
251.324911014,0.0,0.0
251.336551905,0.0,0.0
251.35553359,0.0,0.0
251.361580985,0.0,0.0
251.382272554,0.0,0.0
251.38976964,0.0,0.0
251.405812212,0.0,0.0
251.4128998,0.0,0.0
251.430114369,0.0,0.0
251.437150957,0.0,0.0
251.454516726,0.0,0.0
251.461535914,0.0,0.0
251.476438288,0.0,0.0
251.483397875,0.0,0.0
251.499285347,0.0,0.0
251.52028251,0.0,0.0
251.533874186,0.0,0.0
251.547899362,0.0,0.0
251.557533445,0.0,0.0
251.57135912,0.0,0.0
251.582079601,0.0,0.0
251.595545778,0.0,0.0
251.60564886,0.0,0.0
251.61718774,0.0,0.0
251.627684221,0.0,0.0
251.638914001,0.0,0.0
251.655735972,0.0,0.0
251.667560151,0.0,0.0
251.682809324,0.0,0.0
251.700360393,0.0,0.0
251.714937267,0.0,0.0
251.721293556,0.0,0.0
251.737230328,0.0,0.0
251.742351919,0.0,0.0
251.752543601,0.0,0.0
251.762429684,0.0,0.0
251.770723669,0.0,0.0
251.78149405,0.0,0.0
251.790712734,0.0,0.0
251.796488724,0.0,0.0
251.812261496,0.0,0.0
251.818455685,0.0,0.0
251.836296754,0.0,0.0
251.840319346,0.0,0.0
251.854491621,0.0,0.0
251.859877812,0.0,0.0
251.876763482,0.0,0.0
251.884623468,0.0,0.0
251.896259048,0.0,0.0
251.903459735,0.0,0.0
251.916207613,0.0,0.0
251.922749801,0.0,0.0
251.933643582,0.0,0.0
251.943298565,0.0,0.0
251.953171948,0.0,0.0
251.964507628,0.0,0.0
251.976784206,0.0,0.0
251.986551089,0.0,0.0
251.99720837,0.0,0.0
252.008852249,0.0,0.0
252.020924528,0.0,0.0
252.032607908,0.0,0.0
252.045498585,0.0,0.0
252.057007465,0.0,0.0
252.068277045,0.0,0.0
252.079048226,0.0,0.0
252.0938297,0.0,0.0
252.10486678,0.0,0.0
252.121359851,0.0,0.0
252.137789722,0.0,0.0
252.156738289,0.0,0.0
252.166039272,0.0,0.0
252.183684041,0.0,0.0
252.191736827,0.0,0.0
252.208831697,0.0,0.0
252.21870908,0.0,0.0
252.231700357,0.0,0.0
252.239807543,0.0,0.0
252.254817816,0.0,0.0
252.262811002,0.0,0.0
252.277704976,0.0,0.0
252.285505262,0.0,0.0
252.302968731,0.0,0.0
252.313072313,0.0,0.0
252.330871982,0.0,0.0
252.339944566,0.0,0.0
252.357494835,0.0,0.0
252.364740222,0.0,0.0
252.381832678,0.0,0.0
252.38849686,0.0,0.0
252.402378903,0.0,0.0
252.408893216,0.0,0.0
252.422575121,0.0,0.0
252.42922633,0.0,0.0
252.443665414,0.0,0.0
252.449029159,0.0,0.0
252.458623883,0.0,0.0
252.467023141,0.0,0.0
252.475970983,0.0,0.0
252.480325158,0.0,0.0
252.492494407,0.0,0.0
252.49827884,0.0,0.0
252.50905313,0.0,0.0
252.516671211,0.0,0.0
252.527373802,0.0,0.0
252.533758218,0.0,0.0
252.54167339,0.0,0.0
252.550296442,0.0,0.0
252.560486748,0.0,0.0
252.570682254,0.0,0.0
252.58193963,0.0,0.0
252.58715898,0.0,0.0
252.598227161,0.0,0.0
252.603505309,0.0,0.0
252.617995191,0.0,0.0
252.623896221,0.0,0.0
252.630929119,0.0,0.0
252.640225451,0.0,0.0
252.647961728,0.0,0.0
252.653868058,0.0,0.0
252.666669889,0.0,0.0
252.672149331,0.0,0.0
252.680452192,0.0,0.0
252.690307708,0.0,0.0
252.699629239,0.0,0.0
252.708944271,0.0,0.0
252.721222517,0.0,0.0
252.723829742,0.0,0.0
252.735133617,0.0,0.0
252.739711885,0.0,0.0
252.751801036,0.0,0.0
252.757619169,0.0,0.0
252.76523045,0.0,0.0
252.773472112,0.0,0.0
252.782086364,0.0,0.0
252.787409011,0.0,0.0
252.799793554,0.0,0.0
252.805952476,0.0,0.0
252.816554371,0.0,0.0
252.821073341,0.0,0.0
252.829321503,0.0,0.0
252.838404741,0.0,0.0
252.847653275,0.0,0.0
252.855293055,0.0,0.0
252.875786964,0.0,0.0
252.891177321,0.0,0.0
252.89988497,0.0,0.0
252.91517353,0.0,0.0
252.926020417,0.0,0.0
252.936613412,0.0,0.0
252.949696235,0.0,0.0
252.962212774,0.0,0.0
252.973310055,0.0,0.0
252.983976647,0.0,0.0
252.996886875,0.0,0.0
253.009007026,0.0,0.0
253.028058577,0.0,0.0
253.03631434,0.0,0.0
253.052439875,0.0,0.0
253.062090297,0.0,0.0
253.079527895,0.0,0.0
253.089231815,0.0,0.0
253.102403735,0.0,0.0
253.11161357,0.0,0.0
253.122848846,0.0,0.0
253.12898237,0.0,0.0
253.142022394,0.0,0.0
253.147679731,0.0,0.0
253.157379852,0.0,0.0
253.170327479,0.0,0.0
253.179404017,0.0,0.0
253.190463298,0.0,0.0
253.20115339,0.0,0.0
253.21229307,0.0,0.0
253.221061517,0.0,0.0
253.232379491,0.0,0.0
253.24489783,0.0,0.0
253.249994783,0.0,0.0
253.263791486,0.0,0.0
253.269681716,0.0,0.0
253.281849466,0.0,0.0
253.2910682,0.0,0.0
253.30600907,0.0,0.0
253.318615106,0.0,0.0
253.336772583,0.0,0.0
253.344234168,0.0,0.0
253.357439288,0.0,0.0
253.365756348,0.0,0.0
253.379683435,0.0,0.0
253.384952178,0.0,0.0
253.398875664,0.0,0.0
253.407379211,0.0,0.0
253.418081393,0.0,0.0
253.425620468,0.0,0.0
253.434532103,0.0,0.0
253.447134928,0.0,0.0
253.456299056,0.0,0.0
253.465700176,0.0,0.0
253.478772687,0.0,0.0
253.48774132,0.0,0.0
253.499140381,0.0,0.0
253.510726136,0.0,0.0
253.523745849,0.0,0.0
253.526550065,0.0,0.0
253.542035505,0.0,0.0
253.549062496,0.0,0.0
253.560873944,0.0,0.0
253.567103059,0.0,0.0
253.579749383,0.0,0.0
253.584700035,0.0,0.0
253.59158613,0.0,0.0
253.600705159,0.0,0.0
253.607589854,0.0,0.0
253.613715072,0.0,0.0
253.626627988,0.0,0.0
253.632144124,0.0,0.0
253.645146037,0.0,0.0
253.649435109,0.0,0.0
253.66115506,0.0,0.0
253.666488702,0.0,0.0
253.675817324,0.0,0.0
253.68468356,0.0,0.0
253.693848788,0.0,0.0
253.698593247,0.0,0.0
253.712155643,0.0,0.0
253.717843774,0.0,0.0
253.730153508,0.0,0.0
253.736399622,0.0,0.0
253.750589399,0.0,0.0
253.755143864,0.0,0.0
253.764144896,0.0,0.0
253.770879496,0.0,0.0
253.779285646,0.0,0.0
253.785914348,0.0,0.0
253.796361438,0.0,0.0
253.801397688,0.0,0.0
253.807922094,0.0,0.0
253.816611735,0.0,0.0
253.824957887,0.0,0.0
253.835394476,0.0,0.0
253.842437167,0.0,0.0
253.848526486,0.0,0.0
253.859928046,0.0,0.0
253.86550118,0.0,0.0
253.873364447,0.0,0.0
253.88365944,0.0,0.0
253.893139758,0.0,0.0
253.902315685,0.0,0.0
253.910664537,0.0,0.0
253.915772185,0.0,0.0
253.930832037,0.0,0.0
253.936027482,0.0,0.0
253.947835131,0.0,0.0
253.953439664,0.0,0.0
253.961768316,0.0,0.0
253.970172666,0.0,0.0
253.977796639,0.0,0.0
253.983734063,0.0,0.0
253.996999068,0.0,0.0
254.003608771,0.0,0.0
254.015445319,0.0,0.0
254.021949126,0.0,0.0
254.033523581,0.0,0.0
254.041517043,0.0,0.0
254.055624524,0.0,0.0
254.06281741,0.0,0.0
254.069999096,0.0,0.0
254.082890512,0.0,0.0
254.092152837,0.0,0.0
254.101706853,0.0,0.0
254.11255453,0.0,0.0
254.123492304,0.0,0.0
254.13271613,0.0,0.0
254.14415349,0.0,0.0
254.152705435,0.0,0.0
254.158131074,0.0,0.0
254.169134746,0.0,0.0
254.177322503,0.0,0.0
254.189245848,0.0,0.0
254.194841582,0.0,0.0
254.205163274,0.0,0.0
254.214456898,0.0,0.0
254.223244237,0.0,0.0
254.228556878,0.0,0.0
254.242900852,0.0,0.0
254.248830575,0.0,0.0
254.26008634,0.0,0.0
254.265222888,0.0,0.0
254.273150252,0.0,0.0
254.28093772,0.0,0.0
254.289963851,0.0,0.0
254.298579295,0.0,0.0
254.30680035,0.0,0.0
254.312760973,0.0,0.0
254.323410256,0.0,0.0
254.329494875,0.0,0.0
254.336875856,0.0,0.0
254.34480732,0.0,0.0
254.355330107,0.0,0.0
254.367523443,0.0,0.0
254.376854157,0.0,0.0
254.385916679,0.0,0.0
254.395736277,0.0,0.0
254.403291646,0.0,0.0
254.41814749,0.0,0.0
254.421052601,0.0,0.0
254.435201466,0.0,0.0
254.440774995,0.0,0.0
254.454258881,0.0,0.0
254.46178685,0.0,0.0
254.469386017,0.0,0.0
254.479746199,0.0,0.0
254.489268007,0.0,0.0
254.497872343,0.0,0.0
254.508564415,0.0,0.0
254.514113745,0.0,0.0
254.524618922,0.0,0.0
254.533314855,0.0,0.0
254.545141892,0.0,0.0
254.554366409,0.0,0.0
254.562457561,0.0,0.0
254.569185755,0.0,0.0
254.577293706,0.0,0.0
254.586672418,0.0,0.0
254.594185087,0.0,0.0
254.604634467,0.0,0.0
254.613102407,0.0,0.0
254.61920032,0.0,0.0
254.630765465,0.0,0.0
254.637669553,0.0,0.0
254.6491627,0.0,0.0
254.654460038,0.0,0.0
254.666285575,0.0,0.0
254.67231259,0.0,0.0
254.681194517,0.0,0.0
254.689933749,0.0,0.0
254.698397789,0.0,0.0
254.703930619,0.0,0.0
254.720380315,0.0,0.0
254.725942044,0.0,0.0
254.738372162,0.0,0.0
254.74625522,0.0,0.0
254.756160916,0.0,0.0
254.762092534,0.0,0.0
254.770993261,0.0,0.0
254.779365104,0.0,0.0
254.789386097,0.0,0.0
254.798040631,0.0,0.0
254.806374076,0.0,0.0
254.81111623,0.0,0.0
254.822886769,0.0,0.0
254.826844347,0.0,0.0
254.836875639,0.0,0.0
254.844549004,0.0,0.0
254.853182239,0.0,0.0
254.858904163,0.0,0.0
254.870711901,0.0,0.0
254.876115235,0.0,0.0
254.886822907,0.0,0.0
254.891377067,0.0,0.0
254.900002102,0.0,0.0
254.908195751,0.0,0.0
254.915936513,0.0,0.0
254.92352758,0.0,0.0
254.934194753,0.0,0.0
254.940654455,0.0,0.0
254.95090094,0.0,0.0
254.955437801,0.0,0.0
254.964546421,0.0,0.0
254.972681272,0.0,0.0
254.981144912,0.0,0.0
254.986912235,0.0,0.0
254.996912428,0.0,0.0
255.002986642,0.0,0.0
255.010885299,0.0,0.0
255.020368908,0.0,0.0
255.027533888,0.0,0.0
255.033068119,0.0,0.0
255.043600195,0.0,0.0
255.049014729,0.0,0.0
255.061427848,0.0,0.0
255.066973678,0.0,0.0
255.075755709,0.0,0.0
255.085767301,0.0,0.0
255.096663619,0.0,0.0
255.104892825,0.0,0.0
255.114801414,0.0,0.0
255.123967967,0.0,0.0
255.131747551,0.0,0.0
255.140090963,0.0,0.0
255.150401372,0.0,0.0
255.158885491,0.0,0.0
255.169289305,0.0,0.0
255.174228449,0.0,0.0
255.182099637,0.0,0.0
255.192468349,0.0,0.0
255.200541148,0.0,0.0
255.210001715,0.0,0.0
255.219458182,0.0,0.0
255.224642838,0.0,0.0
255.237693182,0.0,0.0
255.243048546,0.0,0.0
255.256350303,0.0,0.0
255.261706668,0.0,0.0
255.273250338,0.0,0.0
255.280419592,0.0,0.0
255.288521192,0.0,0.0
255.298925105,0.0,0.0
255.308396573,0.0,0.0
255.318437669,0.0,0.0
255.327483215,0.0,0.0
255.332780977,0.0,0.0
255.344574159,0.0,0.0
255.349886921,0.0,0.0
255.358683656,0.0,0.0
255.368244427,0.0,0.0
255.377445273,0.0,0.0
255.387259348,0.0,0.0
255.396253684,0.0,0.0
255.40133973,0.0,0.0
255.414710278,0.0,0.0
255.422754268,0.0,0.0
255.43354449,0.0,0.0
255.442534726,0.0,0.0
255.454092186,0.0,0.0
255.459836664,0.0,0.0
255.473185011,0.0,0.0
255.478354961,0.0,0.0
255.494569747,0.0,0.0
255.501106963,0.0,0.0
255.515146844,0.0,0.0
255.522798214,0.0,0.0
255.535846546,0.0,0.0
255.541788134,0.0,0.0
255.550475955,0.0,0.0
255.559829308,0.0,0.0
255.570770438,0.0,0.0
255.575279157,0.0,0.0
255.58546585,0.0,0.0
255.592209477,0.0,0.0
255.606806084,0.0,0.0
255.611543714,0.0,0.0
255.625078969,0.0,0.0
255.629967706,0.0,0.0
255.637171055,0.0,0.0
255.645576862,0.0,0.0
255.654328886,0.0,0.0
255.659019414,0.0,0.0
255.672233654,0.0,0.0
255.676384255,0.0,0.0
255.692510736,0.0,0.0
255.692810251,0.0,0.0
255.701614477,0.0,0.0
255.710101088,0.0,0.0
255.718651202,0.0,0.0
255.725344427,0.0,0.0
255.739518113,0.0,0.0
255.746175536,0.0,0.0
255.758039511,0.0,0.0
255.767860086,0.0,0.0
255.779069329,0.0,0.0
255.785564244,0.0,0.0
255.797557225,0.0,0.0
255.803785627,0.0,0.0
255.812241637,0.0,0.0
255.821319576,0.0,0.0
255.832595223,0.0,0.0
255.84347425,0.0,0.0
255.85317522,0.0,0.0
255.861883041,0.0,0.0
255.870816474,0.0,0.0
255.877781612,0.0,0.0
255.893765586,0.0,0.0
255.898974838,0.0,0.0
255.913630648,0.0,0.0
255.922265167,0.0,0.0
255.937707315,0.0,0.0
255.94441044,0.0,0.0
255.958287712,0.0,0.0
255.964791327,0.0,0.0
255.977342335,0.0,0.0
255.98302121,0.0,0.0
255.996608068,0.0,0.0
256.003445099,0.0,0.0
256.020763639,0.0,0.0
256.028555016,0.0,0.0
256.042424488,0.0,0.0
256.050675288,0.0,0.0
256.062844777,0.0,0.0
256.067554605,0.0,0.0
256.076586643,0.0,0.0
256.086777237,0.0,0.0
256.095431656,0.0,0.0
256.105776057,0.0,0.0
256.113866749,0.0,0.0
256.120115452,0.0,0.0
256.133784114,0.0,0.0
256.139623497,0.0,0.0
256.154042995,0.0,0.0
256.162737917,0.0,0.0
256.176002559,0.0,0.0
256.183363216,0.0,0.0
256.195486403,0.0,0.0
256.202015619,0.0,0.0
256.214031201,0.0,0.0
256.219268755,0.0,0.0
256.226618311,0.0,0.0
256.235995866,0.0,0.0
256.243853246,0.0,0.0
256.249348412,0.0,0.0
256.261019178,0.0,0.0
256.26602392,0.0,0.0
256.27448183,0.0,0.0
256.283506067,0.0,0.0
256.292349696,0.0,0.0
256.297562448,0.0,0.0
256.310916395,0.0,0.0
256.316514666,0.0,0.0
256.328342839,0.0,0.0
256.335359079,0.0,0.0
256.350204899,0.0,0.0
256.356070783,0.0,0.0
256.364793505,0.0,0.0
256.373747933,0.0,0.0
256.38315178,0.0,0.0
256.390688238,0.0,0.0
256.399657564,0.0,0.0
256.405609347,0.0,0.0
256.417350305,0.0,0.0
256.424315436,0.0,0.0
256.43787318,0.0,0.0
256.445455541,0.0,0.0
256.461675912,0.0,0.0
256.46711247,0.0,0.0
256.474502321,0.0,0.0
256.484662704,0.0,0.0
256.490239069,0.0,0.0
256.496226254,0.0,0.0
256.507646596,0.0,0.0
256.513479474,0.0,0.0
256.524411793,0.0,0.0
256.531211116,0.0,0.0
256.542294543,0.0,0.0
256.551048759,0.0,0.0
256.557621571,0.0,0.0
256.564024476,0.0,0.0
256.577111898,0.0,0.0
256.583717712,0.0,0.0
256.595231359,0.0,0.0
256.601244045,0.0,0.0
256.613908546,0.0,0.0
256.621838523,0.0,0.0
256.629935108,0.0,0.0
256.640983133,0.0,0.0
256.652245668,0.0,0.0
256.661870926,0.0,0.0
256.670212022,0.0,0.0
256.679858081,0.0,0.0
256.688428888,0.0,0.0
256.695539326,0.0,0.0
256.710831053,0.0,0.0
256.716199908,0.0,0.0
256.727774358,0.0,0.0
256.733120412,0.0,0.0
256.74465836,0.0,0.0
256.750637345,0.0,0.0
256.760479212,0.0,0.0
256.769614946,0.0,0.0
256.777824137,0.0,0.0
256.789602996,0.0,0.0
256.799043745,0.0,0.0
256.812273974,0.0,0.0
256.822413956,0.0,0.0
256.827695207,0.0,0.0
256.838736831,0.0,0.0
256.845919473,0.0,0.0
256.857556426,0.0,0.0
256.863185393,0.0,0.0
256.876388121,0.0,0.0
256.881801078,0.0,0.0
256.889560347,0.0,0.0
256.898404767,0.0,0.0
256.906414548,0.0,0.0
256.913724095,0.0,0.0
256.926309293,0.0,0.0
256.932750599,0.0,0.0
256.946551555,0.0,0.0
256.952943759,0.0,0.0
256.965559959,0.0,0.0
256.97252579,0.0,0.0
256.980374063,0.0,0.0
256.989499396,0.0,0.0
256.998802538,0.0,0.0
257.002637421,0.0,0.0
257.016913099,0.0,0.0
257.023129095,0.0,0.0
257.036008107,0.0,0.0
257.041911987,0.0,0.0
257.058295366,0.0,0.0
257.065152892,0.0,0.0
257.078457924,0.0,0.0
257.084960833,0.0,0.0
257.093364533,0.0,0.0
257.10129781,0.0,0.0
257.109778313,0.0,0.0
257.115251073,0.0,0.0
257.126911627,0.0,0.0
257.132731003,0.0,0.0
257.14485978,0.0,0.0
257.149545503,0.0,0.0
257.159358869,0.0,0.0
257.167249144,0.0,0.0
257.175682145,0.0,0.0
257.180753986,0.0,0.0
257.19474205,0.0,0.0
257.200232811,0.0,0.0
257.211413443,0.0,0.0
257.218191365,0.0,0.0
257.225485412,0.0,0.0
257.233628399,0.0,0.0
257.241530174,0.0,0.0
257.247004134,0.0,0.0
257.261583527,0.0,0.0
257.267187893,0.0,0.0
257.277802898,0.0,0.0
257.28330756,0.0,0.0
257.292039975,0.0,0.0
257.301364518,0.0,0.0
257.310796666,0.0,0.0
257.318344025,0.0,0.0
257.327153643,0.0,0.0
257.331660057,0.0,0.0
257.344306358,0.0,0.0
257.354362236,0.0,0.0
257.361313167,0.0,0.0
257.368907126,0.0,0.0
257.376462378,0.0,0.0
257.386713456,0.0,0.0
257.395463564,0.0,0.0
257.400365692,0.0,0.0
257.411788925,0.0,0.0
257.421179462,0.0,0.0
257.43100662,0.0,0.0
257.436937997,0.0,0.0
257.44837133,0.0,0.0
257.455301953,0.0,0.0
257.465591633,0.0,0.0
257.473197587,0.0,0.0
257.481058753,0.0,0.0
257.486254796,0.0,0.0
257.497946041,0.0,0.0
257.503237887,0.0,0.0
257.513079946,0.0,0.0
257.518407794,0.0,0.0
257.526009349,0.0,0.0
257.538436128,0.0,0.0
257.546454902,0.0,0.0
257.55800984,0.0,0.0
257.565650196,0.0,0.0
257.570602927,0.0,0.0
257.583084909,0.0,0.0
257.588095843,0.0,0.0
257.603947581,0.0,0.0
257.61377574,0.0,0.0
257.626347025,0.0,0.0
257.631967287,0.0,0.0
257.639501239,0.0,0.0
257.648351551,0.0,0.0
257.65733167,0.0,0.0
257.663731668,0.0,0.0
257.679521204,0.0,0.0
257.685639789,0.0,0.0
257.696667303,0.0,0.0
257.701686237,0.0,0.0
257.713364881,0.0,0.0
257.7223348,0.0,0.0
257.731190012,0.0,0.0
257.740976669,0.0,0.0
257.751318951,0.0,0.0
257.759355325,0.0,0.0
257.770863062,0.0,0.0
257.777011148,0.0,0.0
257.791542325,0.0,0.0
257.797801217,0.0,0.0
257.812070082,0.0,0.0
257.816253077,0.0,0.0
257.830160725,0.0,0.0
257.834587532,0.0,0.0
257.842759513,0.0,0.0
257.84956013,0.0,0.0
257.861716196,0.0,0.0
257.868425709,0.0,0.0
257.880139955,0.0,0.0
257.887217285,0.0,0.0
257.899099939,0.0,0.0
257.90426908,0.0,0.0
257.915967225,0.0,0.0
257.921046562,0.0,0.0
257.930080883,0.0,0.0
257.938638182,0.0,0.0
257.946337541,0.0,0.0
257.952587632,0.0,0.0
257.964538289,0.0,0.0
257.970254355,0.0,0.0
257.982098807,0.0,0.0
257.990320791,0.0,0.0
258.008170823,0.0,0.0
258.016973033,0.0,0.0
258.030529065,0.0,0.0
258.035222084,0.0,0.0
258.043791783,0.0,0.0
258.051736653,0.0,0.0
258.060843878,0.0,0.0
258.065800009,0.0,0.0
258.078562504,0.0,0.0
258.081288331,0.0,0.0
258.093617405,0.0,0.0
258.098305424,0.0,0.0
258.105273349,0.0,0.0
258.11388395,0.0,0.0
258.121247693,0.0,0.0
258.127631791,0.0,0.0
258.13747715,0.0,0.0
258.145932244,0.0,0.0
258.152006627,0.0,0.0
258.163036041,0.0,0.0
258.171852152,0.0,0.0
258.181220989,0.0,0.0
258.188277881,0.0,0.0
258.192560569,0.0,0.0
258.204589554,0.0,0.0
258.21009551,0.0,0.0
258.222317791,0.0,0.0
258.228612026,0.0,0.0
258.238367571,0.0,0.0
258.247289437,0.0,0.0
258.256089007,0.0,0.0
258.266128444,0.0,0.0
258.275817591,0.0,0.0
258.281025655,0.0,0.0
258.293910618,0.0,0.0
258.299299977,0.0,0.0
258.310731477,0.0,0.0
258.317279306,0.0,0.0
258.325890981,0.0,0.0
258.334524655,0.0,0.0
258.344223701,0.0,0.0
258.352611382,0.0,0.0
258.36108026,0.0,0.0
258.366849809,0.0,0.0
258.377134931,0.0,0.0
258.384512731,0.0,0.0
258.395356138,0.0,0.0
258.400253505,0.0,0.0
258.409105466,0.0,0.0
258.417552937,0.0,0.0
258.426392898,0.0,0.0
258.431656355,0.0,0.0
258.44180618,0.0,0.0
258.447514526,0.0,0.0
258.458703023,0.0,0.0
258.466745605,0.0,0.0
258.480703827,0.0,0.0
258.486049283,0.0,0.0
258.494432056,0.0,0.0
258.502796429,0.0,0.0
258.510651917,0.0,0.0
258.517349335,0.0,0.0
258.540421411,0.0,0.0
258.553467858,0.0,0.0
258.561773433,0.0,0.0
258.567145787,0.0,0.0
258.57996884,0.0,0.0
258.58996977,0.0,0.0
258.611844277,0.0,0.0
258.625152117,0.0,0.0
258.634141174,0.0,0.0
258.640411704,0.0,0.0
258.65203009,0.0,0.0
258.658055926,0.0,0.0
258.66864354,0.0,0.0
258.676731321,0.0,0.0
258.688796394,0.0,0.0
258.694972027,0.0,0.0
258.704597267,0.0,0.0
258.715449073,0.0,0.0
258.727156356,0.0,0.0
258.735455731,0.0,0.0
258.744541485,0.0,0.0
258.749957639,0.0,0.0
258.759620777,0.0,0.0
258.769569208,0.0,0.0
258.781924973,0.0,0.0
258.787829314,0.0,0.0
258.801445545,0.0,0.0
258.806222016,0.0,0.0
258.814742485,0.0,0.0
258.823460049,0.0,0.0
258.832605901,0.0,0.0
258.838145751,0.0,0.0
258.851403993,0.0,0.0
258.856175263,0.0,0.0
258.869491603,0.0,0.0
258.875205148,0.0,0.0
258.888637885,0.0,0.0
258.894975413,0.0,0.0
258.904465156,0.0,0.0
258.91652553,0.0,0.0
258.925707881,0.0,0.0
258.935843407,0.0,0.0
258.946171627,0.0,0.0
258.956176156,0.0,0.0
258.967286256,0.0,0.0
258.976483207,0.0,0.0
258.984390793,0.0,0.0
258.990165136,0.0,0.0
259.002873092,0.0,0.0
259.008773033,0.0,0.0
259.01479487,0.0,0.0
259.022979748,0.0,0.0
259.031084129,0.0,0.0
259.036363386,0.0,0.0
259.048605254,0.0,0.0
259.055634864,0.0,0.0
259.070624558,0.0,0.0
259.07572642,0.0,0.0
259.086333633,0.0,0.0
259.091578191,0.0,0.0
259.099955464,0.0,0.0
259.10824994,0.0,0.0
259.117537388,0.0,0.0
259.121590679,0.0,0.0
259.133986343,0.0,0.0
259.14036807,0.0,0.0
259.153757708,0.0,0.0
259.159680148,0.0,0.0
259.166893052,0.0,0.0
259.176634489,0.0,0.0
259.183342907,0.0,0.0
259.189547239,0.0,0.0
259.203308466,0.0,0.0
259.211969332,0.0,0.0
259.216791802,0.0,0.0
259.22535957,0.0,0.0
259.234641218,0.0,0.0
259.243310384,0.0,0.0
259.250442491,0.0,0.0
259.256464228,0.0,0.0
259.270088059,0.0,0.0
259.272559492,0.0,0.0
259.280444978,0.0,0.0
259.290136016,0.0,0.0
259.298996976,0.0,0.0
259.30772804,0.0,0.0
259.316898392,0.0,0.0
259.324592083,0.0,0.0
259.334034828,0.0,0.0
259.340827144,0.0,0.0
259.351251762,0.0,0.0
259.356730813,0.0,0.0
259.364461504,0.0,0.0
259.377473443,0.0,0.0
259.385183527,0.0,0.0
259.394862956,0.0,0.0
259.403643211,0.0,0.0
259.409529146,0.0,0.0
259.420049252,0.0,0.0
259.428964502,0.0,0.0
259.441159261,0.0,0.0
259.446086023,0.0,0.0
259.456263339,0.0,0.0
259.464481009,0.0,0.0
259.472572583,0.0,0.0
259.47766454,0.0,0.0
259.488833928,0.0,0.0
259.494539068,0.0,0.0
259.507217614,0.0,0.0
259.512938354,0.0,0.0
259.523597955,0.0,0.0
259.534939138,0.0,0.0
259.545197351,0.0,0.0
259.55238575,0.0,0.0
259.563041652,0.0,0.0
259.571926504,0.0,0.0
259.579277098,0.0,0.0
259.583807471,0.0,0.0
259.595270951,0.0,0.0
259.600609901,0.0,0.0
259.611486697,0.0,0.0
259.61640516,0.0,0.0
259.624048146,0.0,0.0
259.6328227,0.0,0.0
259.642559228,0.0,0.0
259.646574316,0.0,0.0
259.659340559,0.0,0.0
259.663349247,0.0,0.0
259.67754705,0.0,0.0
259.685187636,0.0,0.0
259.692234539,0.0,0.0
259.700273514,0.0,0.0
259.709133766,0.0,0.0
259.715532687,0.0,0.0
259.72613809,0.0,0.0
259.731245448,0.0,0.0
259.739146527,0.0,0.0
259.747076705,0.0,0.0
259.757585111,0.0,0.0
259.760419932,0.0,0.0
259.772371597,0.0,0.0
259.777705248,0.0,0.0
259.790580588,0.0,0.0
259.796892112,0.0,0.0
259.806911631,0.0,0.0
259.813055359,0.0,0.0
259.821489624,0.0,0.0
259.830760564,0.0,0.0
259.839049632,0.0,0.0
259.844177989,0.0,0.0
259.856162354,0.0,0.0
259.86203309,0.0,0.0
259.869792473,0.0,0.0
259.877596954,0.0,0.0
259.885952621,0.0,0.0
259.891424267,0.0,0.0
259.903084141,0.0,0.0
259.908711084,0.0,0.0
259.920413457,0.0,0.0
259.924628739,0.0,0.0
259.933476391,0.0,0.0
259.942025652,0.0,0.0
259.949338448,0.0,0.0
259.954297609,0.0,0.0
259.965274102,0.0,0.0
259.973740165,0.0,0.0
259.986708402,0.0,0.0
259.993729306,0.0,0.0
