time_s,x_m,y_m,yaw_rad,front_distance_m,left_distance_m,right_distance_m
0.0,-0.550000011920929,0.0,0.0,0.23575903475284576,inf,inf
0.111016274,-0.550000011920929,0.0,0.0,0.23746125400066376,inf,inf
0.230717734,-0.550000011920929,0.0,0.0,0.23785017430782318,inf,inf
0.34250785,-0.550000011920929,0.0,0.0,0.23621010780334473,inf,inf
0.460809434,-0.550000011920929,0.0,0.0,0.23435796797275543,inf,inf
0.574806395,-0.550000011920929,0.0,0.0,0.2380087822675705,inf,inf
0.69320665,-0.550000011920929,0.0,0.0,0.23663917183876038,inf,inf
0.811183929,-0.550000011920929,0.0,0.0,0.23655711114406586,inf,inf
0.943545402,-0.550000011920929,0.0,0.0,0.23453021049499512,inf,inf
1.061916552,-0.550000011920929,0.0,0.0,0.23615804314613342,inf,inf
1.193418071,-0.550000011920929,0.0,0.0,0.2378789782524109,inf,inf
1.308133961,-0.550000011920929,0.0,0.0,0.23656028509140015,inf,inf
1.442868585,-0.550000011920929,0.0,0.0,0.23425276577472687,inf,inf
1.558628707,-0.550000011920929,0.0,0.0,0.22970087826251984,inf,inf
1.693687872,-0.550000011920929,0.0,0.0,0.23645266890525818,inf,inf
1.809410236,-0.550000011920929,0.0,0.0,0.23440241813659668,inf,inf
1.94603584,-0.550000011920929,0.0,0.0,0.23740707337856293,inf,inf
2.062585843,-0.550000011920929,0.0,0.0,0.23700791597366333,inf,inf
2.196324362,-0.550000011920929,0.0,0.0,0.23212458193302155,inf,inf
2.310717026,-0.550000011920929,0.0,0.0,0.23412178456783295,inf,inf
2.444282181,-0.550000011920929,0.0,0.0,0.2399832308292389,inf,inf
2.560219675,-0.550000011920929,0.0,0.0,0.23469021916389465,inf,inf
2.697786407,-0.550000011920929,0.0,0.0,0.24096029996871948,inf,inf
2.812813071,-0.550000011920929,0.0,0.0,0.23702622950077057,inf,inf
2.950270712,-0.550000011920929,0.0,0.0,0.23530331254005432,inf,inf
3.065454264,-0.550000011920929,0.0,0.0,0.2332776039838791,inf,inf
3.185627233,-0.550000011920929,0.0,0.0,0.23590508103370667,inf,inf
3.289993716,-0.550000011920929,0.0,0.0,0.23762165009975433,inf,inf
3.401116498,-0.550000011920929,0.0,0.0,0.23673023283481598,inf,inf
3.51581814,-0.550000011920929,0.0,0.0,0.23689651489257812,inf,inf
3.627939785,-0.550000011920929,0.0,0.0,0.2387646585702896,inf,inf
3.739476077,-0.550000011920929,0.0,0.0,0.2376040518283844,inf,inf
3.857909124,-0.550000011920929,0.0,0.0,0.23545606434345245,inf,inf
3.969023149,-0.550000011920929,0.0,0.0,0.23833933472633362,inf,inf
4.087292709,-0.550000011920929,0.0,0.0,0.23321977257728577,inf,inf
4.200339081,-0.550000011920929,0.0,0.0,0.23789267241954803,inf,inf
4.319407278,-0.550000011920929,0.0,0.0,0.2371879518032074,inf,inf
4.433667005,-0.550000011920929,0.0,0.0,0.2380065619945526,inf,inf
4.568084504,-0.550000011920929,0.0,0.0,0.2372884899377823,inf,inf
4.683000985,-0.550000011920929,0.0,0.0,0.23264531791210175,inf,inf
4.821642742,-0.550000011920929,0.0,0.0,0.23519796133041382,inf,inf
4.93659122,-0.550000011920929,0.0,0.0,0.2354806661605835,inf,inf
5.060032909,-0.550000011920929,0.0,0.0,0.23899787664413452,inf,inf
5.165649544,-0.550000011920929,0.0,0.0,0.23096658289432526,inf,inf
5.274440322,-0.550000011920929,0.0,0.0,0.23791976273059845,inf,inf
5.390244774,-0.550000011920929,0.0,0.0,0.23569786548614502,inf,inf
5.500633591,-0.550000011920929,0.0,0.0,0.23862595856189728,inf,inf
5.61401086,-0.550000011920929,0.0,0.0,0.23574374616146088,inf,inf
5.723101885,-0.550000011920929,0.0,0.0,0.23564760386943817,inf,inf
5.838670772,-0.550000011920929,0.0,0.0,0.23840530216693878,inf,inf
5.948347548,-0.550000011920929,0.0,0.0,0.23591671884059906,inf,inf
6.060499419,-0.550000011920929,0.0,0.0,0.2351977825164795,inf,inf
6.183859357,-0.550000011920929,0.0,0.0,0.23734118044376373,inf,inf
6.29887269,-0.550000011920929,0.0,0.0,0.2345079630613327,inf,inf
6.418343738,-0.550000011920929,0.0,0.0,0.23517243564128876,inf,inf
6.524379999,-0.550000011920929,0.0,0.0,0.23767517507076263,inf,inf
6.634755791,-0.550000011920929,0.0,0.0,0.2375815361738205,inf,inf
6.752109609,-0.550000011920929,0.0,0.0,0.2351318746805191,inf,inf
6.8681308,-0.550000011920929,0.0,0.0,0.2350682020187378,inf,inf
7.004143115,-0.550000011920929,0.0,0.0,0.23795334994792938,inf,inf
7.120466371,-0.550000011920929,0.0,0.0,0.23847216367721558,inf,inf
7.258273774,-0.550000011920929,0.0,0.0,0.2354280650615692,inf,inf
7.374862764,-0.550000011920929,0.0,0.0,0.23593446612358093,inf,inf
7.51239803,-0.550000011920929,0.0,0.0,0.23755280673503876,inf,inf
7.628325866,-0.550000011920929,0.0,0.0,0.23919163644313812,inf,inf
7.751206092,-0.550000011920929,0.0,0.0,0.23202301561832428,inf,inf
7.861765779,-0.550000011920929,0.0,0.0,0.2356361746788025,inf,inf
7.975678583,-0.550000011920929,0.0,0.0,0.23667839169502258,inf,inf
8.083262432,-0.550000011920929,0.0,0.0,0.23145918548107147,inf,inf
8.194382439,-0.550000011920929,0.0,0.0,0.23348519206047058,inf,inf
8.294597909,-0.550000011920929,0.0,0.0,0.23605534434318542,inf,inf
8.409402312,-0.550000011920929,0.0,0.0,0.23644351959228516,inf,inf
8.524121361,-0.550000011920929,0.0,0.0,0.23720639944076538,inf,inf
8.637892209,-0.550000011920929,0.0,0.0,0.237163245677948,inf,inf
8.738115181,-0.550000011920929,0.0,0.0,0.23373974859714508,inf,inf
8.843103865,-0.550000011920929,0.0,0.0,0.23634997010231018,inf,inf
8.957866423,-0.550000011920929,0.0,0.0,0.23406562209129333,inf,inf
9.062805997,-0.550000011920929,0.0,0.0,0.23603978753089905,inf,inf
9.178377727,-0.550000011920929,0.0,0.0,0.23468177020549774,inf,inf
9.299590158,-0.550000011920929,0.0,0.0,0.23763573169708252,inf,inf
9.409569169,-0.550000011920929,0.0,0.0,0.23621098697185516,inf,inf
9.521482325,-0.550000011920929,0.0,0.0,0.23240624368190765,inf,inf
9.640808014,-0.550000011920929,0.0,0.0,0.23428890109062195,inf,inf
9.750857187,-0.550000011920929,0.0,0.0,0.2361828237771988,inf,inf
9.867261561,-0.550000011920929,0.0,0.0,0.2330051213502884,inf,inf
9.980209052,-0.550000011920929,0.0,0.0,0.23495051264762878,inf,inf
10.104763612,-0.550000011920929,0.0,0.0,0.23581917583942413,inf,inf
10.2193506,-0.550000011920929,0.0,0.0,0.2322065681219101,inf,inf
10.353090282,-0.550000011920929,0.0,0.0,0.23674257099628448,inf,inf
10.469175771,-0.550000011920929,0.0,0.0,0.2355005294084549,inf,inf
10.604878567,-0.550000011920929,0.0,0.0,0.23956330120563507,inf,inf
10.718362305,-0.550000011920929,0.0,0.0,0.23398664593696594,inf,inf
10.840414087,-0.550000011920929,0.0,0.0,0.23390762507915497,inf,inf
10.946291519,-0.550000011920929,0.0,0.0,0.23468659818172455,inf,inf
11.058286153,-0.550000011920929,0.0,0.0,0.2366275191307068,inf,inf
11.172975213,-0.550000011920929,0.0,0.0,0.23448346555233002,inf,inf
11.285365522,-0.550000011920929,0.0,0.0,0.23794040083885193,inf,inf
11.403193402,-0.550000011920929,0.0,0.0,0.2352188527584076,inf,inf
11.518276617,-0.550000011920929,0.0,0.0,0.23926346004009247,inf,inf
11.653357198,-0.550000011920929,0.0,0.0,0.23575158417224884,inf,inf
11.767396383,-0.550000011920929,0.0,0.0,0.23706327378749847,inf,inf
11.890705049,-0.550000011920929,0.0,0.0,0.23588812351226807,inf,inf
12.009134041,-0.550000011920929,0.0,0.0,0.23457884788513184,inf,inf
12.112360248,-0.550000011920929,0.0,0.0,0.2386036515235901,inf,inf
12.227402566,-0.550000011920929,0.0,0.0,0.2395704835653305,inf,inf
12.364330821,-0.550000011920929,0.0,0.0,0.23374630510807037,inf,inf
12.480875721,-0.550000011920929,0.0,0.0,0.23408742249011993,inf,inf
12.616192432,-0.550000011920929,0.0,0.0,0.22981885075569153,inf,inf
12.731291231,-0.550000011920929,0.0,0.0,0.23616540431976318,inf,inf
12.867030013,-0.550000011920929,0.0,0.0,0.23247003555297852,inf,inf
12.983074147,-0.550000011920929,0.0,0.0,0.2386477291584015,inf,inf
13.121792825,-0.550000011920929,0.0,0.0,0.23568633198738098,inf,inf
13.237007416,-0.550000011920929,0.0,0.0,0.23537330329418182,inf,inf
13.358013509,-0.550000011920929,0.0,0.0,0.23452138900756836,inf,inf
13.463604876,-0.550000011920929,0.0,0.0,0.23945772647857666,inf,inf
13.573556126,-0.550000011920929,0.0,0.0,0.24181976914405823,inf,inf
13.681564113,-0.550000011920929,0.0,0.0,0.23926995694637299,inf,inf
13.796712496,-0.550000011920929,0.0,0.0,0.23836134374141693,inf,inf
13.897554588,-0.550000011920929,0.0,0.0,0.2354559749364853,inf,inf
14.013739498,-0.550000011920929,0.0,0.0,0.23981408774852753,inf,inf
14.146737224,-0.550000011920929,0.0,0.0,0.23658469319343567,inf,inf
14.261767416,-0.550000011920929,0.0,0.0,0.23685839772224426,inf,inf
14.387171333,-0.550000011920929,0.0,0.0,0.23311418294906616,inf,inf
14.50339373,-0.550000011920929,0.0,0.0,0.23550157248973846,inf,inf
14.625262818,-0.550000011920929,0.0,0.0,0.23542377352714539,inf,inf
14.73734695,-0.550000011920929,0.0,0.0,0.24055254459381104,inf,inf
14.850714055,-0.550000011920929,0.0,0.0,0.23274700343608856,inf,inf
14.968830573,-0.550000011920929,0.0,0.0,0.24015112221240997,inf,inf
15.077387059,-0.550000011920929,0.0,0.0,0.23621238768100739,inf,inf
15.188102723,-0.550000011920929,0.0,0.0,0.23537467420101166,inf,inf
15.299641593,-0.550000011920929,0.0,0.0,0.23874089121818542,inf,inf
15.417315656,-0.550000011920929,0.0,0.0,0.2327680140733719,inf,inf
15.531143018,-0.550000011920929,0.0,0.0,0.23518642783164978,inf,inf
15.65009003,-0.550000011920929,0.0,0.0,0.2350282222032547,inf,inf
15.765271064,-0.550000011920929,0.0,0.0,0.2289976179599762,inf,inf
15.898190152,-0.550000011920929,0.0,0.0,0.23597854375839233,inf,inf
16.013603915,-0.550000011920929,0.0,0.0,0.237147256731987,inf,inf
16.147422517,-0.550000011920929,0.0,0.0,0.23390653729438782,inf,inf
16.263249133,-0.550000011920929,0.0,0.0,0.2372215986251831,inf,inf
16.398035396,-0.550000011920929,0.0,0.0,0.23444965481758118,inf,inf
16.513149219,-0.550000011920929,0.0,0.0,0.23318320512771606,inf,inf
16.647305428,-0.550000011920929,0.0,0.0,0.235442653298378,inf,inf
16.761835278,-0.550000011920929,0.0,0.0,0.23627279698848724,inf,inf
16.897202038,-0.550000011920929,0.0,0.0,0.23434194922447205,inf,inf
17.012725113,-0.550000011920929,0.0,0.0,0.23699261248111725,inf,inf
17.149533754,-0.550000011920929,0.0,0.0,0.23879393935203552,inf,inf
17.264678681,-0.550000011920929,0.0,0.0,0.23343969881534576,inf,inf
17.398004633,-0.550000011920929,0.0,0.0,0.23660236597061157,inf,inf
17.513889852,-0.550000011920929,0.0,0.0,0.23740050196647644,inf,inf
17.639521976,-0.550000011920929,0.0,0.0,0.23807011544704437,inf,inf
17.749001997,-0.550000011920929,0.0,0.0,0.23607237637043,inf,inf
17.862556353,-0.550000011920929,0.0,0.0,0.2355930060148239,inf,inf
17.967874468,-0.550000011920929,0.0,0.0,0.23826512694358826,inf,inf
18.084631745,-0.550000011920929,0.0,0.0,0.2355232685804367,inf,inf
18.206211852,-0.550000011920929,0.0,0.0,0.23548153042793274,inf,inf
18.312073537,-0.550000011920929,0.0,0.0,0.2371062934398651,inf,inf
18.423532807,-0.550000011920929,0.0,0.0,0.23684726655483246,inf,inf
18.540279585,-0.550000011920929,0.0,0.0,0.23639193177223206,inf,inf
18.653338676,-0.550000011920929,0.0,0.0,0.23959481716156006,inf,inf
18.771698962,-0.550000011920929,0.0,0.0,0.23586124181747437,inf,inf
18.886824233,-0.550000011920929,0.0,0.0,0.23195107281208038,inf,inf
19.023905841,-0.550000011920929,0.0,0.0,0.2397775948047638,inf,inf
19.138249858,-0.550000011920929,0.0,0.0,0.23280470073223114,inf,inf
19.27437242,-0.550000011920929,0.0,0.0,0.23837533593177795,inf,inf
19.38776485,-0.550000011920929,0.0,0.0,0.23526346683502197,inf,inf
19.527466773,-0.550000011920929,0.0,0.0,0.23510383069515228,inf,inf
19.643779281,-0.550000011920929,0.0,0.0,0.239824578166008,inf,inf
19.77596045,-0.550000011920929,0.0,0.0,0.2374831587076187,inf,inf
19.892194563,-0.550000011920929,0.0,0.0,0.2351963371038437,inf,inf
20.02540477,-0.550000011920929,0.0,0.0,0.23446990549564362,inf,inf
20.139790993,-0.550000011920929,0.0,0.0,0.2378692626953125,inf,inf
20.239839165,-0.550000011920929,0.0,0.0,0.23576663434505463,inf,inf
20.344656054,-0.550000011920929,0.0,0.0,0.23732101917266846,inf,inf
20.457354021,-0.550000011920929,0.0,0.0,0.23607969284057617,inf,inf
20.565175455,-0.550000011920929,0.0,0.0,0.2356182187795639,inf,inf
20.680581427,-0.550000011920929,0.0,0.0,0.23318682610988617,inf,inf
20.801473664,-0.550000011920929,0.0,0.0,0.23528113961219788,inf,inf
20.907199325,-0.550000011920929,0.0,0.0,0.23232392966747284,inf,inf
21.020868803,-0.550000011920929,0.0,0.0,0.2355860471725464,inf,inf
21.137298812,-0.550000011920929,0.0,0.0,0.24106217920780182,inf,inf
21.250678907,-0.550000011920929,0.0,0.0,0.2383720725774765,inf,inf
21.365614704,-0.550000011920929,0.0,0.0,0.23811618983745575,inf,inf
21.479526681,-0.550000011920929,0.0,0.0,0.23557910323143005,inf,inf
21.622398449,-0.550000011920929,0.0,0.0,0.2346525639295578,inf,inf
21.737261767,-0.550000011920929,0.0,0.0,0.23826922476291656,inf,inf
21.858194806,-0.550000011920929,0.0,0.0,0.23883697390556335,inf,inf
21.960239925,-0.550000011920929,0.0,0.0,0.23478971421718597,inf,inf
22.070288344,-0.550000011920929,0.0,0.0,0.23721885681152344,inf,inf
22.185859718,-0.550000011920929,0.0,0.0,0.23263095319271088,inf,inf
22.297430443,-0.550000011920929,0.0,0.0,0.2361564189195633,inf,inf
22.413319516,-0.550000011920929,0.0,0.0,0.23639747500419617,inf,inf
22.531697526,-0.550000011920929,0.0,0.0,0.23576189577579498,inf,inf
22.642380128,-0.550000011920929,0.0,0.0,0.2374102771282196,inf,inf
22.753842554,-0.550000011920929,0.0,0.0,0.23966377973556519,inf,inf
22.863922064,-0.550000011920929,0.0,0.0,0.23302415013313293,inf,inf
22.980884037,-0.550000011920929,0.0,0.0,0.23560510575771332,inf,inf
23.097201238,-0.550000011920929,0.0,0.0,0.23487670719623566,inf,inf
23.211874058,-0.550000011920929,0.0,0.0,0.2366289645433426,inf,inf
23.32828677,-0.550000011920929,0.0,0.0,0.23616892099380493,inf,inf
23.46240609,-0.550000011920929,0.0,0.0,0.23747283220291138,inf,inf
23.577884617,-0.550000011920929,0.0,0.0,0.2333638221025467,inf,inf
23.712309715,-0.550000011920929,0.0,0.0,0.23807647824287415,inf,inf
23.829543334,-0.550000011920929,0.0,0.0,0.23418571054935455,inf,inf
23.949799083,-0.550000011920929,0.0,0.0,0.23473921418190002,inf,inf
24.054404821,-0.550000011920929,0.0,0.0,0.23839300870895386,inf,inf
24.166776308,-0.550000011920929,0.0,0.0,0.23289337754249573,inf,inf
24.274748114,-0.550000011920929,0.0,0.0,0.23917412757873535,inf,inf
24.389128081,-0.550000011920929,0.0,0.0,0.23618292808532715,inf,inf
24.506680953,-0.550000011920929,0.0,0.0,0.23425334692001343,inf,inf
24.623011092,-0.550000011920929,0.0,0.0,0.236176535487175,inf,inf
24.760037063,-0.550000011920929,0.0,0.0,0.23677405714988708,inf,inf
24.860690113,-0.550000011920929,0.0,0.0,0.23640327155590057,inf,inf
24.973478871,-0.550000011920929,0.0,0.0,0.23559311032295227,inf,inf
25.088739496,-0.550000011920929,0.0,0.0,0.2335304319858551,inf,inf
25.201940698,-0.550000011920929,0.0,0.0,0.23561598360538483,inf,inf
25.319112429,-0.550000011920929,0.0,0.0,0.23556028306484222,inf,inf
25.431312226,-0.550000011920929,0.0,0.0,0.23670202493667603,inf,inf
25.539523125,-0.550000011920929,0.0,0.0,0.23642323911190033,inf,inf
25.652684551,-0.550000011920929,0.0,0.0,0.23473796248435974,inf,inf
25.766642567,-0.550000011920929,0.0,0.0,0.23165984451770782,inf,inf
25.882627404,-0.550000011920929,0.0,0.0,0.2347790002822876,inf,inf
26.020741522,-0.550000011920929,0.0,0.0,0.23139213025569916,inf,inf
26.135908101,-0.550000011920929,0.0,0.0,0.23373447358608246,inf,inf
26.271334255,-0.550000011920929,0.0,0.0,0.23556926846504211,inf,inf
26.387147771,-0.550000011920929,0.0,0.0,0.23335961997509003,inf,inf
26.523172791,-0.550000011920929,0.0,0.0,0.2340163141489029,inf,inf
26.637767827,-0.550000011920929,0.0,0.0,0.23671549558639526,inf,inf
26.773858543,-0.550000011920929,0.0,0.0,0.24045035243034363,inf,inf
26.891790605,-0.550000011920929,0.0,0.0,0.2348688691854477,inf,inf
27.025868926,-0.550000011920929,0.0,0.0,0.2346491664648056,inf,inf
27.140249473,-0.550000011920929,0.0,0.0,0.2371119260787964,inf,inf
27.27480587,-0.550000011920929,0.0,0.0,0.23845623433589935,inf,inf
27.389002793,-0.550000011920929,0.0,0.0,0.2367609739303589,inf,inf
27.525029712,-0.550000011920929,0.0,0.0,0.23402808606624603,inf,inf
27.63865333,-0.550000011920929,0.0,0.0,0.2344844937324524,inf,inf
27.774605653,-0.550000011920929,0.0,0.0,0.2333933413028717,inf,inf
27.888980031,-0.550000011920929,0.0,0.0,0.2364889532327652,inf,inf
28.019458747,-0.550000011920929,0.0,0.0,0.23733700811862946,inf,inf
28.134052413,-0.550000011920929,0.0,0.0,0.23264682292938232,inf,inf
28.254316076,-0.550000011920929,0.0,0.0,0.23781004548072815,inf,inf
28.359087868,-0.550000011920929,0.0,0.0,0.23953877389431,inf,inf
28.467801797,-0.550000011920929,0.0,0.0,0.2399807870388031,inf,inf
28.584675071,-0.550000011920929,0.0,0.0,0.2335967719554901,inf,inf
28.701085071,-0.550000011920929,0.0,0.0,0.23308680951595306,inf,inf
28.814437338,-0.550000011920929,0.0,0.0,0.23657502233982086,inf,inf
28.926705766,-0.550000011920929,0.0,0.0,0.2342665046453476,inf,inf
29.05067755,-0.550000011920929,0.0,0.0,0.23587340116500854,inf,inf
29.159642959,-0.550000011920929,0.0,0.0,0.23843532800674438,inf,inf
29.27292173,-0.550000011920929,0.0,0.0,0.23781833052635193,inf,inf
29.379999319,-0.550000011920929,0.0,0.0,0.23867927491664886,inf,inf
29.494646551,-0.550000011920929,0.0,0.0,0.23927854001522064,inf,inf
29.629522243,-0.550000011920929,0.0,0.0,0.23899823427200317,inf,inf
29.74355191,-0.550000011920929,0.0,0.0,0.23628896474838257,inf,inf
29.877539651,-0.550000011920929,0.0,0.0,0.23313727974891663,inf,inf
29.99384589,-0.550000011920929,0.0,0.0,0.2338303029537201,inf,inf
30.113832521,-0.550000011920929,0.0,0.0,0.23650121688842773,inf,inf
30.216830711,-0.550000011920929,0.0,0.0,0.235973060131073,inf,inf
30.330018826,-0.550000011920929,0.0,0.0,0.236411452293396,inf,inf
30.4454053,-0.550000011920929,0.0,0.0,0.23736965656280518,inf,inf
30.556917453,-0.550000011920929,0.0,0.0,0.23853044211864471,inf,inf
30.673889589,-0.550000011920929,0.0,0.0,0.2379283457994461,inf,inf
30.791177444,-0.550000011920929,0.0,0.0,0.2343643307685852,inf,inf
30.925480858,-0.550000011920929,0.0,0.0,0.23615896701812744,inf,inf
31.043422242,-0.550000011920929,0.0,0.0,0.23382826149463654,inf,inf
31.176910664,-0.550000011920929,0.0,0.0,0.23332037031650543,inf,inf
31.29415557,-0.550000011920929,0.0,0.0,0.23361371457576752,inf,inf
31.423923692,-0.550000011920929,0.0,0.0,0.2386750727891922,inf,inf
31.53920622,-0.550000011920929,0.0,0.0,0.23675432801246643,inf,inf
31.657316859,-0.550000011920929,0.0,0.0,0.23422223329544067,inf,inf
31.762283247,-0.550000011920929,0.0,0.0,0.23536553978919983,inf,inf
31.874306615,-0.550000011920929,0.0,0.0,0.23902066051959991,inf,inf
31.991378439,-0.550000011920929,0.0,0.0,0.23656493425369263,inf,inf
32.105045288,-0.550000011920929,0.0,0.0,0.23506025969982147,inf,inf
32.222578364,-0.550000011920929,0.0,0.0,0.2336965799331665,inf,inf
32.337776982,-0.550000011920929,0.0,0.0,0.2384897917509079,inf,inf
32.438039448,-0.550000011920929,0.0,0.0,0.24191808700561523,inf,inf
32.549329583,-0.550000011920929,0.0,0.0,0.23449984192848206,inf,inf
32.66403839,-0.550000011920929,0.0,0.0,0.23573172092437744,inf,inf
32.785372819,-0.550000011920929,0.0,0.0,0.23409363627433777,inf,inf
32.890086037,-0.550000011920929,0.0,0.0,0.23288552463054657,inf,inf
33.018010185,-0.550000011920929,0.0,0.0,0.24017785489559174,inf,inf
33.132907413,-0.550000011920929,0.0,0.0,0.23539318144321442,inf,inf
33.251966894,-0.550000011920929,0.0,0.0,0.23572415113449097,inf,inf
33.355834319,-0.550000011920929,0.0,0.0,0.23594176769256592,inf,inf
33.46620192,-0.550000011920929,0.0,0.0,0.23416751623153687,inf,inf
33.576283075,-0.550000011920929,0.0,0.0,0.23243093490600586,inf,inf
33.682487526,-0.550000011920929,0.0,0.0,0.235782191157341,inf,inf
33.793165979,-0.550000011920929,0.0,0.0,0.23585574328899384,inf,inf
33.922762686,-0.550000011920929,0.0,0.0,0.23311465978622437,inf,inf
34.037144974,-0.550000011920929,0.0,0.0,0.23699980974197388,inf,inf
34.156101557,-0.550000011920929,0.0,0.0,0.23723697662353516,inf,inf
34.259205549,-0.550000011920929,0.0,0.0,0.23233221471309662,inf,inf
34.37050777,-0.550000011920929,0.0,0.0,0.23715978860855103,inf,inf
34.481679154,-0.550000011920929,0.0,0.0,0.23474441468715668,inf,inf
34.591485001,-0.550000011920929,0.0,0.0,0.23972085118293762,inf,inf
34.705823739,-0.550000011920929,0.0,0.0,0.23781323432922363,inf,inf
34.823518223,-0.550000011920929,0.0,0.0,0.23945555090904236,inf,inf
34.937897059,-0.550000011920929,0.0,0.0,0.23598800599575043,inf,inf
35.072441768,-0.550000011920929,0.0,0.0,0.23326365649700165,inf,inf
35.186352425,-0.550000011920929,0.0,0.0,0.23526068031787872,inf,inf
35.320699443,-0.550000011920929,0.0,0.0,0.24193830788135529,inf,inf
35.421587829,-0.550000011920929,0.0,0.0,0.2357441782951355,inf,inf
35.536233704,-0.550000011920929,0.0,0.0,0.24182628095149994,inf,inf
35.64894467,-0.550000011920929,0.0,0.0,0.23821817338466644,inf,inf
35.764379408,-0.550000011920929,0.0,0.0,0.23927189409732819,inf,inf
35.883577567,-0.550000011920929,0.0,0.0,0.23491725325584412,inf,inf
35.993750554,-0.550000011920929,0.0,0.0,0.23431256413459778,inf,inf
36.112136551,-0.550000011920929,0.0,0.0,0.23485039174556732,inf,inf
36.223020804,-0.550000011920929,0.0,0.0,0.2348073571920395,inf,inf
36.341800383,-0.550000011920929,0.0,0.0,0.23490169644355774,inf,inf
36.455215603,-0.550000011920929,0.0,0.0,0.23742684721946716,inf,inf
36.568590593,-0.550000011920929,0.0,0.0,0.23717960715293884,inf,inf
36.685258922,-0.550000011920929,0.0,0.0,0.23757600784301758,inf,inf
36.817944373,-0.550000011920929,0.0,0.0,0.23316174745559692,inf,inf
36.932544003,-0.550000011920929,0.0,0.0,0.23266839981079102,inf,inf
37.068932274,-0.550000011920929,0.0,0.0,0.24028174579143524,inf,inf
37.18032766,-0.550000011920929,0.0,0.0,0.2353525012731552,inf,inf
37.31509241,-0.550000011920929,0.0,0.0,0.2349187433719635,inf,inf
37.430332624,-0.550000011920929,0.0,0.0,0.2342306524515152,inf,inf
37.547911761,-0.550000011920929,0.0,0.0,0.2367631047964096,inf,inf
37.651155013,-0.550000011920929,0.0,0.0,0.23601122200489044,inf,inf
37.760846543,-0.550000011920929,0.0,0.0,0.23359447717666626,inf,inf
37.871815709,-0.550000011920929,0.0,0.0,0.2341543287038803,inf,inf
37.987872322,-0.550000011920929,0.0,0.0,0.23680296540260315,inf,inf
38.096975581,-0.550000011920929,0.0,0.0,0.23543818295001984,inf,inf
38.20267561,-0.550000011920929,0.0,0.0,0.2368827909231186,inf,inf
38.315044607,-0.550000011920929,0.0,0.0,0.23794515430927277,inf,inf
38.416896861,-0.550000011920929,0.0,0.0,0.23523905873298645,inf,inf
38.532891933,-0.550000011920929,0.0,0.0,0.23851262032985687,inf,inf
38.646114446,-0.550000011920929,0.0,0.0,0.2363172173500061,inf,inf
38.760639826,-0.550000011920929,0.0,0.0,0.2354467660188675,inf,inf
38.876916379,-0.550000011920929,0.0,0.0,0.23635423183441162,inf,inf
39.010141049,-0.550000011920929,0.0,0.0,0.23735769093036652,inf,inf
39.126349894,-0.550000011920929,0.0,0.0,0.23928558826446533,inf,inf
39.259020802,-0.550000011920929,0.0,0.0,0.2367001473903656,inf,inf
39.37476788,-0.550000011920929,0.0,0.0,0.23378819227218628,inf,inf
39.507559639,-0.550000011920929,0.0,0.0,0.23635505139827728,inf,inf
39.624708548,-0.550000011920929,0.0,0.0,0.23576423525810242,inf,inf
39.757771337,-0.550000011920929,0.0,0.0,0.2387208193540573,inf,inf
39.873011031,-0.550000011920929,0.0,0.0,0.2345484048128128,inf,inf
40.004801378,-0.550000011920929,0.0,0.0,0.23340332508087158,inf,inf
40.118810535,-0.550000011920929,0.0,0.0,0.23592761158943176,inf,inf
40.25326828,-0.550000011920929,0.0,0.0,0.23558767139911652,inf,inf
40.370738321,-0.550000011920929,0.0,0.0,0.2345138043165207,inf,inf
40.501120753,-0.550000011920929,0.0,0.0,0.23552051186561584,inf,inf
40.618163909,-0.550000011920929,0.0,0.0,0.23657768964767456,inf,inf
40.732712488,-0.550000011920929,0.0,0.0,0.23999114334583282,inf,inf
40.837828124,-0.550000011920929,0.0,0.0,0.2373238354921341,inf,inf
40.948926721,-0.550000011920929,0.0,0.0,0.23634114861488342,inf,inf
41.055504618,-0.550000011920929,0.0,0.0,0.233595609664917,inf,inf
41.170005993,-0.550000011920929,0.0,0.0,0.23490330576896667,inf,inf
41.284304745,-0.550000011920929,0.0,0.0,0.22960296273231506,inf,inf
41.399488556,-0.550000011920929,0.0,0.0,0.233754500746727,inf,inf
41.518475067,-0.550000011920929,0.0,0.0,0.23430469632148743,inf,inf
41.620233109,-0.550000011920929,0.0,0.0,0.23513124883174896,inf,inf
41.73125039,-0.550000011920929,0.0,0.0,0.23770304024219513,inf,inf
41.84743557,-0.550000011920929,0.0,0.0,0.2375369518995285,inf,inf
41.96027658,-0.550000011920929,0.0,0.0,0.23506978154182434,inf,inf
42.063073781,-0.550000011920929,0.0,0.0,0.23497945070266724,inf,inf
42.181470975,-0.550000011920929,0.0,0.0,0.23538824915885925,inf,inf
42.291974976,-0.550000011920929,0.0,0.0,0.2398482859134674,inf,inf
42.406760564,-0.550000011920929,0.0,0.0,0.23650005459785461,inf,inf
42.515489407,-0.550000011920929,0.0,0.0,0.2346777468919754,inf,inf
42.63246282,-0.550000011920929,0.0,0.0,0.23519685864448547,inf,inf
42.743046089,-0.550000011920929,0.0,0.0,0.23668770492076874,inf,inf
42.851786732,-0.550000011920929,0.0,0.0,0.23739777505397797,inf,inf
42.970995755,-0.550000011920929,0.0,0.0,0.23870018124580383,inf,inf
43.082853373,-0.550000011920929,0.0,0.0,0.2364809811115265,inf,inf
43.202353284,-0.550000011920929,0.0,0.0,0.2344224452972412,inf,inf
43.315317958,-0.550000011920929,0.0,0.0,0.23850135505199432,inf,inf
43.429299819,-0.550000011920929,0.0,0.0,0.23384426534175873,inf,inf
43.543459714,-0.550000011920929,0.0,0.0,0.23368476331233978,inf,inf
43.676859715,-0.550000011920929,0.0,0.0,0.237702414393425,inf,inf
43.794463968,-0.550000011920929,0.0,0.0,0.23525656759738922,inf,inf
43.926800513,-0.550000011920929,0.0,0.0,0.23722046613693237,inf,inf
44.041332192,-0.550000011920929,0.0,0.0,0.23491409420967102,inf,inf
44.174680196,-0.550000011920929,0.0,0.0,0.23501253128051758,inf,inf
44.289606059,-0.550000011920929,0.0,0.0,0.23348337411880493,inf,inf
44.423753565,-0.550000011920929,0.0,0.0,0.23523269593715668,inf,inf
44.539443766,-0.550000011920929,0.0,0.0,0.2353178858757019,inf,inf
44.654298902,-0.550000011920929,0.0,0.0,0.23243914544582367,inf,inf
44.758343896,-0.550000011920929,0.0,0.0,0.23662184178829193,inf,inf
44.870099063,-0.550000011920929,0.0,0.0,0.23770663142204285,inf,inf
44.985116792,-0.550000011920929,0.0,0.0,0.2356565296649933,inf,inf
45.09899997,-0.550000011920929,0.0,0.0,0.23459352552890778,inf,inf
45.209756879,-0.550000011920929,0.0,0.0,0.2320902794599533,inf,inf
45.325573874,-0.550000011920929,0.0,0.0,0.23734961450099945,inf,inf
45.455995152,-0.550000011920929,0.0,0.0,0.23363518714904785,inf,inf
45.571128048,-0.550000011920929,0.0,0.0,0.23453545570373535,inf,inf
45.670928711,-0.550000011920929,0.0,0.0,0.23570455610752106,inf,inf
45.784415678,-0.550000011920929,0.0,0.0,0.23445609211921692,inf,inf
45.896968087,-0.550000011920929,0.0,0.0,0.23453636467456818,inf,inf
46.016840777,-0.550000011920929,0.0,0.0,0.23501746356487274,inf,inf
46.130942118,-0.550000011920929,0.0,0.0,0.23457065224647522,inf,inf
46.24524115,-0.550000011920929,0.0,0.0,0.24061164259910583,inf,inf
46.36052454,-0.550000011920929,0.0,0.0,0.2324427217245102,inf,inf
46.493356428,-0.550000011920929,0.0,0.0,0.2337123155593872,inf,inf
46.608536996,-0.550000011920929,0.0,0.0,0.2352452427148819,inf,inf
46.743737572,-0.550000011920929,0.0,0.0,0.23654544353485107,inf,inf
46.857598575,-0.550000011920929,0.0,0.0,0.23632168769836426,inf,inf
46.990910338,-0.550000011920929,0.0,0.0,0.23371697962284088,inf,inf
47.105293403,-0.550000011920929,0.0,0.0,0.2381354570388794,inf,inf
47.240305828,-0.550000011920929,0.0,0.0,0.23667477071285248,inf,inf
47.358592764,-0.550000011920929,0.0,0.0,0.23955464363098145,inf,inf
47.489845699,-0.550000011920929,0.0,0.0,0.23725858330726624,inf,inf
47.606290434,-0.550000011920929,0.0,0.0,0.23440377414226532,inf,inf
47.732043344,-0.550000011920929,0.0,0.0,0.2358243465423584,inf,inf
47.832897715,-0.550000011920929,0.0,0.0,0.23964402079582214,inf,inf
47.947333862,-0.550000011920929,0.0,0.0,0.23814496397972107,inf,inf
48.053178202,-0.550000011920929,0.0,0.0,0.2364029437303543,inf,inf
48.167348024,-0.550000011920929,0.0,0.0,0.23608876764774323,inf,inf
48.285843052,-0.550000011920929,0.0,0.0,0.2359311729669571,inf,inf
48.397603915,-0.550000011920929,0.0,0.0,0.2378254383802414,inf,inf
48.515274641,-0.550000011920929,0.0,0.0,0.23701927065849304,inf,inf
48.627295942,-0.550000011920929,0.0,0.0,0.2355615347623825,inf,inf
48.743926571,-0.550000011920929,0.0,0.0,0.23893839120864868,inf,inf
48.857583224,-0.550000011920929,0.0,0.0,0.23990631103515625,inf,inf
48.973872722,-0.550000011920929,0.0,0.0,0.2415073812007904,inf,inf
49.086656194,-0.550000011920929,0.0,0.0,0.2333328276872635,inf,inf
49.220124386,-0.550000011920929,0.0,0.0,0.23295584321022034,inf,inf
49.334170775,-0.550000011920929,0.0,0.0,0.23795795440673828,inf,inf
49.453320448,-0.550000011920929,0.0,0.0,0.2325722724199295,inf,inf
49.557336397,-0.550000011920929,0.0,0.0,0.23545575141906738,inf,inf
49.669418952,-0.550000011920929,0.0,0.0,0.23738762736320496,inf,inf
49.786205227,-0.550000011920929,0.0,0.0,0.23802915215492249,inf,inf
49.89887034,-0.550000011920929,0.0,0.0,0.23444217443466187,inf,inf
50.02919536,-0.550000011920929,0.0,0.0,0.23839673399925232,inf,inf
50.138528885,-0.550000011920929,0.0,0.0,0.23590187728405,inf,inf
50.252156165,-0.550000011920929,0.0,0.0,0.23463638126850128,inf,inf
50.368432856,-0.550000011920929,0.0,0.0,0.2373659461736679,inf,inf
50.480628569,-0.550000011920929,0.0,0.0,0.23700852692127228,inf,inf
50.592916879,-0.550000011920929,0.0,0.0,0.2358163297176361,inf,inf
50.702990866,-0.550000011920929,0.0,0.0,0.231541246175766,inf,inf
50.816027551,-0.550000011920929,0.0,0.0,0.23752227425575256,inf,inf
50.920199342,-0.550000011920929,0.0,0.0,0.23486410081386566,inf,inf
51.036872901,-0.550000011920929,0.0,0.0,0.23754091560840607,inf,inf
51.16851974,-0.550000011920929,0.0,0.0,0.23819035291671753,inf,inf
51.283606254,-0.550000011920929,0.0,0.0,0.2353847771883011,inf,inf
51.403937048,-0.550000011920929,0.0,0.0,0.23774674534797668,inf,inf
51.508333626,-0.550000011920929,0.0,0.0,0.23814323544502258,inf,inf
51.619413066,-0.550000011920929,0.0,0.0,0.2375440001487732,inf,inf
51.734319269,-0.550000011920929,0.0,0.0,0.23445093631744385,inf,inf
51.848983481,-0.550000011920929,0.0,0.0,0.23746146261692047,inf,inf
51.970762039,-0.550000011920929,0.0,0.0,0.23348388075828552,inf,inf
52.070661377,-0.550000011920929,0.0,0.0,0.23429062962532043,inf,inf
52.184645013,-0.550000011920929,0.0,0.0,0.23822534084320068,inf,inf
52.309448264,-0.550000011920929,0.0,0.0,0.2363683134317398,inf,inf
52.421377219,-0.550000011920929,0.0,0.0,0.23423126339912415,inf,inf
52.534264882,-0.550000011920929,0.0,0.0,0.2342240959405899,inf,inf
52.641077867,-0.550000011920929,0.0,0.0,0.24132129549980164,inf,inf
52.754080826,-0.550000011920929,0.0,0.0,0.2368539571762085,inf,inf
52.860069341,-0.550000011920929,0.0,0.0,0.23537296056747437,inf,inf
52.97606789,-0.550000011920929,0.0,0.0,0.23535430431365967,inf,inf
53.093536785,-0.550000011920929,0.0,0.0,0.2356686145067215,inf,inf
53.198274946,-0.550000011920929,0.0,0.0,0.2352859228849411,inf,inf
53.311513196,-0.550000011920929,0.0,0.0,0.23348405957221985,inf,inf
53.425339167,-0.550000011920929,0.0,0.0,0.237497016787529,inf,inf
53.535154835,-0.550000011920929,0.0,0.0,0.2332136631011963,inf,inf
53.647906692,-0.550000011920929,0.0,0.0,0.23783442378044128,inf,inf
53.751241903,-0.550000011920929,0.0,0.0,0.2364872545003891,inf,inf
53.864739032,-0.550000011920929,0.0,0.0,0.23952509462833405,inf,inf
53.983068879,-0.550000011920929,0.0,0.0,0.23358607292175293,inf,inf
54.085738616,-0.550000011920929,0.0,0.0,0.2367304563522339,inf,inf
54.196017066,-0.550000011920929,0.0,0.0,0.23773090541362762,inf,inf
54.312228693,-0.550000011920929,0.0,0.0,0.2375229150056839,inf,inf
54.423943634,-0.550000011920929,0.0,0.0,0.23464401066303253,inf,inf
54.536073106,-0.550000011920929,0.0,0.0,0.2352989763021469,inf,inf
54.639836001,-0.550000011920929,0.0,0.0,0.2383633553981781,inf,inf
54.755005956,-0.550000011920929,0.0,0.0,0.23880504071712494,inf,inf
54.877478412,-0.550000011920929,0.0,0.0,0.23247790336608887,inf,inf
54.994046825,-0.550000011920929,0.0,0.0,0.23782925307750702,inf,inf
55.09516947,-0.550000011920929,0.0,0.0,0.2397356629371643,inf,inf
55.19648133,-0.550000011920929,0.0,0.0,0.23808220028877258,inf,inf
55.309070042,-0.550000011920929,0.0,0.0,0.2324468493461609,inf,inf
55.418561171,-0.550000011920929,0.0,0.0,0.23367950320243835,inf,inf
55.529963687,-0.550000011920929,0.0,0.0,0.23572862148284912,inf,inf
55.642058755,-0.550000011920929,0.0,0.0,0.2346917688846588,inf,inf
55.758476446,-0.550000011920929,0.0,0.0,0.2349632829427719,inf,inf
55.871724501,-0.550000011920929,0.0,0.0,0.23644106090068817,inf,inf
55.997304976,-0.550000011920929,0.0,0.0,0.23411205410957336,inf,inf
56.112241956,-0.550000011920929,0.0,0.0,0.23860619962215424,inf,inf
56.237347896,-0.550000011920929,0.0,0.0,0.23587344586849213,inf,inf
56.353021131,-0.550000011920929,0.0,0.0,0.23575244843959808,inf,inf
56.467121455,-0.550000011920929,0.0,0.0,0.23273225128650665,inf,inf
56.579855766,-0.550000011920929,0.0,0.0,0.23625092208385468,inf,inf
56.712661956,-0.550000011920929,0.0,0.0,0.236552894115448,inf,inf
56.828149669,-0.550000011920929,0.0,0.0,0.23518073558807373,inf,inf
56.963724564,-0.550000011920929,0.0,0.0,0.23697620630264282,inf,inf
57.080153546,-0.550000011920929,0.0,0.0,0.23723553121089935,inf,inf
57.214962484,-0.550000011920929,0.0,0.0,0.23917759954929352,inf,inf
57.327970815,-0.550000011920929,0.0,0.0,0.24030302464962006,inf,inf
57.461769391,-0.550000011920929,0.0,0.0,0.2367117702960968,inf,inf
57.576224523,-0.550000011920929,0.0,0.0,0.2326359748840332,inf,inf
57.709241557,-0.550000011920929,0.0,0.0,0.23456719517707825,inf,inf
57.823721665,-0.550000011920929,0.0,0.0,0.237409308552742,inf,inf
57.956999617,-0.550000011920929,0.0,0.0,0.2344023883342743,inf,inf
58.073505266,-0.550000011920929,0.0,0.0,0.23646190762519836,inf,inf
58.209631733,-0.550000011920929,0.0,0.0,0.24204067885875702,inf,inf
58.326600568,-0.550000011920929,0.0,0.0,0.2369362860918045,inf,inf
58.455917957,-0.550000011920929,0.0,0.0,0.23516522347927094,inf,inf
58.569898777,-0.550000011920929,0.0,0.0,0.2396455705165863,inf,inf
58.68869595,-0.550000011920929,0.0,0.0,0.23643025755882263,inf,inf
58.791764503,-0.550000011920929,0.0,0.0,0.23720769584178925,inf,inf
58.902870911,-0.550000011920929,0.0,0.0,0.23713137209415436,inf,inf
59.016319048,-0.550000011920929,0.0,0.0,0.2349831759929657,inf,inf
59.129500892,-0.550000011920929,0.0,0.0,0.23729519546031952,inf,inf
59.231794069,-0.550000011920929,0.0,0.0,0.23194670677185059,inf,inf
59.335802194,-0.550000011920929,0.0,0.0,0.23506960272789001,inf,inf
59.446088556,-0.550000011920929,0.0,0.0,0.23245729506015778,inf,inf
59.562570496,-0.550000011920929,0.0,0.0,0.23613213002681732,inf,inf
59.673977095,-0.550000011920929,0.0,0.0,0.2351197898387909,inf,inf
59.786240867,-0.550000011920929,0.0,0.0,0.23431828618049622,inf,inf
59.889487023,-0.550000011920929,0.0,0.0,0.23534944653511047,inf,inf
60.00446331,-0.550000011920929,0.0,0.0,0.23109370470046997,inf,inf
60.136019176,-0.550000011920929,0.0,0.0,0.2356044203042984,inf,inf
60.251079961,-0.550000011920929,0.0,0.0,0.23915605247020721,inf,inf
60.385146732,-0.550000011920929,0.0,0.0,0.23451641201972961,inf,inf
60.500846495,-0.550000011920929,0.0,0.0,0.23675690591335297,inf,inf
60.633849298,-0.550000011920929,0.0,0.0,0.23490633070468903,inf,inf
60.749689556,-0.550000011920929,0.0,0.0,0.2355872392654419,inf,inf
60.882807956,-0.550000011920929,0.0,0.0,0.2385423481464386,inf,inf
60.999994571,-0.550000011920929,0.0,0.0,0.23483780026435852,inf,inf
61.129060802,-0.550000011920929,0.0,0.0,0.23775610327720642,inf,inf
61.244365677,-0.550000011920929,0.0,0.0,0.23261411488056183,inf,inf
61.37263013,-0.550000011920929,0.0,0.0,0.2334730178117752,inf,inf
61.488803776,-0.550000011920929,0.0,0.0,0.23689408600330353,inf,inf
61.61202299,-0.550000011920929,0.0,0.0,0.23422817885875702,inf,inf
61.726481593,-0.550000011920929,0.0,0.0,0.23439259827136993,inf,inf
61.830832832,-0.550000011920929,0.0,0.0,0.23633801937103271,inf,inf
61.931434196,-0.550000011920929,0.0,0.0,0.23383669555187225,inf,inf
62.043381883,-0.550000011920929,0.0,0.0,0.23251791298389435,inf,inf
62.154951982,-0.550000011920929,0.0,0.0,0.23897796869277954,inf,inf
62.264084063,-0.550000011920929,0.0,0.0,0.23397758603096008,inf,inf
62.377484593,-0.550000011920929,0.0,0.0,0.23584012687206268,inf,inf
62.482754312,-0.550000011920929,0.0,0.0,0.2405388206243515,inf,inf
62.596629138,-0.550000011920929,0.0,0.0,0.23479215800762177,inf,inf
62.719240167,-0.550000011920929,0.0,0.0,0.23528440296649933,inf,inf
62.822035201,-0.550000011920929,0.0,0.0,0.23733967542648315,inf,inf
62.932297646,-0.550000011920929,0.0,0.0,0.2378815859556198,inf,inf
63.049131847,-0.550000011920929,0.0,0.0,0.23518799245357513,inf,inf
63.159978832,-0.550000011920929,0.0,0.0,0.2357604205608368,inf,inf
63.278921979,-0.550000011920929,0.0,0.0,0.23840293288230896,inf,inf
63.395256722,-0.550000011920929,0.0,0.0,0.237692728638649,inf,inf
63.528634758,-0.550000011920929,0.0,0.0,0.23645980656147003,inf,inf
63.643164903,-0.550000011920929,0.0,0.0,0.2336626499891281,inf,inf
63.778406467,-0.550000011920929,0.0,0.0,0.23609741032123566,inf,inf
63.895424182,-0.550000011920929,0.0,0.0,0.2391357272863388,inf,inf
64.01335266,-0.550000011920929,0.0,0.0,0.23850633203983307,inf,inf
64.131694666,-0.550000011920929,0.0,0.0,0.23306898772716522,inf,inf
64.243460222,-0.550000011920929,0.0,0.0,0.2365020215511322,inf,inf
64.358296488,-0.550000011920929,0.0,0.0,0.23603862524032593,inf,inf
64.468067324,-0.550000011920929,0.0,0.0,0.2374400943517685,inf,inf
64.580779951,-0.550000011920929,0.0,0.0,0.23780010640621185,inf,inf
64.699561189,-0.550000011920929,0.0,0.0,0.23679420351982117,inf,inf
64.817400464,-0.550000011920929,0.0,0.0,0.23667973279953003,inf,inf
64.946891327,-0.550000011920929,0.0,0.0,0.23919564485549927,inf,inf
65.063894445,-0.550000011920929,0.0,0.0,0.23403353989124298,inf,inf
65.19608279,-0.550000011920929,0.0,0.0,0.23656582832336426,inf,inf
65.310928662,-0.550000011920929,0.0,0.0,0.23603732883930206,inf,inf
65.448382698,-0.550000011920929,0.0,0.0,0.23891045153141022,inf,inf
65.563525897,-0.550000011920929,0.0,0.0,0.23809030652046204,inf,inf
65.695347084,-0.550000011920929,0.0,0.0,0.2365475744009018,inf,inf
65.813243195,-0.550000011920929,0.0,0.0,0.23558956384658813,inf,inf
65.94392997,-0.550000011920929,0.0,0.0,0.23645877838134766,inf,inf
66.060072226,-0.550000011920929,0.0,0.0,0.23564158380031586,inf,inf
66.188379864,-0.550000011920929,0.0,0.0,0.23645025491714478,inf,inf
66.304566019,-0.550000011920929,0.0,0.0,0.2364051342010498,inf,inf
66.42484682,-0.550000011920929,0.0,0.0,0.2366119921207428,inf,inf
66.5292829,-0.550000011920929,0.0,0.0,0.2360108196735382,inf,inf
66.639733817,-0.550000011920929,0.0,0.0,0.2315066009759903,inf,inf
66.759702977,-0.550000011920929,0.0,0.0,0.23524639010429382,inf,inf
66.872844722,-0.550000011920929,0.0,0.0,0.23864364624023438,inf,inf
66.982457062,-0.550000011920929,0.0,0.0,0.2331465631723404,inf,inf
67.100218981,-0.550000011920929,0.0,0.0,0.2386450171470642,inf,inf
67.224753918,-0.550000011920929,0.0,0.0,0.23454660177230835,inf,inf
67.340020105,-0.550000011920929,0.0,0.0,0.23321224749088287,inf,inf
67.477218813,-0.550000011920929,0.0,0.0,0.2339695543050766,inf,inf
67.594056466,-0.550000011920929,0.0,0.0,0.23274722695350647,inf,inf
67.72345417,-0.550000011920929,0.0,0.0,0.2364254891872406,inf,inf
67.842141871,-0.550000011920929,0.0,0.0,0.2348976582288742,inf,inf
67.97637424,-0.550000011920929,0.0,0.0,0.23654954135417938,inf,inf
68.085882397,-0.550000011920929,0.0,0.0,0.23494993150234222,inf,inf
68.207423219,-0.550000011920929,0.0,0.0,0.23278090357780457,inf,inf
68.309592679,-0.550000011920929,0.0,0.0,0.2384909838438034,inf,inf
68.418997898,-0.550000011920929,0.0,0.0,0.23541170358657837,inf,inf
68.53027412,-0.550000011920929,0.0,0.0,0.2364545315504074,inf,inf
68.642898202,-0.550000011920929,0.0,0.0,0.2393287569284439,inf,inf
68.754475215,-0.550000011920929,0.0,0.0,0.23823033273220062,inf,inf
68.861283463,-0.550000011920929,0.0,0.0,0.23321044445037842,inf,inf
68.976852062,-0.550000011920929,0.0,0.0,0.23292450606822968,inf,inf
69.112874776,-0.550000011920929,0.0,0.0,0.23735646903514862,inf,inf
69.226830421,-0.550000011920929,0.0,0.0,0.23790670931339264,inf,inf
69.347206882,-0.550000011920929,0.0,0.0,0.23385091125965118,inf,inf
69.466160208,-0.550000011920929,0.0,0.0,0.23307420313358307,inf,inf
69.576979558,-0.550000011920929,0.0,0.0,0.24031497538089752,inf,inf
69.703296153,-0.550000011920929,0.0,0.0,0.2338375598192215,inf,inf
69.81997843,-0.550000011920929,0.0,0.0,0.2353329211473465,inf,inf
69.949655227,-0.550000011920929,0.0,0.0,0.23626624047756195,inf,inf
70.063943175,-0.550000011920929,0.0,0.0,0.2390463948249817,inf,inf
70.18480533,-0.550000011920929,0.0,0.0,0.2341325730085373,inf,inf
70.287264225,-0.550000011920929,0.0,0.0,0.2384866178035736,inf,inf
70.397647764,-0.550000011920929,0.0,0.0,0.23332253098487854,inf,inf
70.515108431,-0.550000011920929,0.0,0.0,0.23127056658267975,inf,inf
70.628119931,-0.550000011920929,0.0,0.0,0.2331942468881607,inf,inf
70.739468582,-0.550000011920929,0.0,0.0,0.23595723509788513,inf,inf
70.854729848,-0.550000011920929,0.0,0.0,0.23731741309165955,inf,inf
70.987265615,-0.550000011920929,0.0,0.0,0.23193298280239105,inf,inf
71.103695387,-0.550000011920929,0.0,0.0,0.23676180839538574,inf,inf
71.237739839,-0.550000011920929,0.0,0.0,0.2368749976158142,inf,inf
71.351306651,-0.550000011920929,0.0,0.0,0.2377697080373764,inf,inf
71.468695102,-0.550000011920929,0.0,0.0,0.23476295173168182,inf,inf
71.573764665,-0.550000011920929,0.0,0.0,0.23788374662399292,inf,inf
71.684954363,-0.550000011920929,0.0,0.0,0.23400640487670898,inf,inf
71.800533602,-0.550000011920929,0.0,0.0,0.2388438731431961,inf,inf
71.911248075,-0.550000011920929,0.0,0.0,0.23700281977653503,inf,inf
72.027431047,-0.550000011920929,0.0,0.0,0.23580501973628998,inf,inf
72.142668368,-0.550000011920929,0.0,0.0,0.23396523296833038,inf,inf
72.276747522,-0.550000011920929,0.0,0.0,0.23848538100719452,inf,inf
72.390042019,-0.550000011920929,0.0,0.0,0.23166657984256744,inf,inf
72.527120238,-0.550000011920929,0.0,0.0,0.23732160031795502,inf,inf
72.641318419,-0.550000011920929,0.0,0.0,0.23946242034435272,inf,inf
72.778219228,-0.550000011920929,0.0,0.0,0.23487786948680878,inf,inf
72.891761573,-0.550000011920929,0.0,0.0,0.2371019870042801,inf,inf
73.024346848,-0.550000011920929,0.0,0.0,0.2360190600156784,inf,inf
73.141443986,-0.550000011920929,0.0,0.0,0.23128972947597504,inf,inf
73.272457376,-0.550000011920929,0.0,0.0,0.23799847066402435,inf,inf
73.389555798,-0.550000011920929,0.0,0.0,0.23447832465171814,inf,inf
73.513917939,-0.550000011920929,0.0,0.0,0.23625178635120392,inf,inf
73.627368298,-0.550000011920929,0.0,0.0,0.2361036092042923,inf,inf
73.757367362,-0.550000011920929,0.0,0.0,0.2353242039680481,inf,inf
73.87225788,-0.550000011920929,0.0,0.0,0.2356080710887909,inf,inf
74.007261128,-0.550000011920929,0.0,0.0,0.2351067215204239,inf,inf
74.120319489,-0.550000011920929,0.0,0.0,0.2330649048089981,inf,inf
74.254956746,-0.550000011920929,0.0,0.0,0.23708097636699677,inf,inf
74.36953387,-0.550000011920929,0.0,0.0,0.231331467628479,inf,inf
74.507238358,-0.550000011920929,0.0,0.0,0.23723694682121277,inf,inf
74.620422836,-0.550000011920929,0.0,0.0,0.2355693131685257,inf,inf
74.756849255,-0.550000011920929,0.0,0.0,0.23750104010105133,inf,inf
74.871869989,-0.550000011920929,0.0,0.0,0.23889055848121643,inf,inf
75.003331528,-0.550000011920929,0.0,0.0,0.2328367382287979,inf,inf
75.119615431,-0.550000011920929,0.0,0.0,0.23305001854896545,inf,inf
75.25315762,-0.550000011920929,0.0,0.0,0.23355108499526978,inf,inf
75.369383523,-0.550000011920929,0.0,0.0,0.23628243803977966,inf,inf
75.501993942,-0.550000011920929,0.0,0.0,0.2357873171567917,inf,inf
75.620228217,-0.550000011920929,0.0,0.0,0.24128666520118713,inf,inf
75.750890984,-0.550000011920929,0.0,0.0,0.23709169030189514,inf,inf
75.86704201,-0.550000011920929,0.0,0.0,0.2371080368757248,inf,inf
75.99636461,-0.550000011920929,0.0,0.0,0.2384512722492218,inf,inf
76.111738856,-0.550000011920929,0.0,0.0,0.23723104596138,inf,inf
76.23159069,-0.550000011920929,0.0,0.0,0.23209886252880096,inf,inf
76.350263154,-0.550000011920929,0.0,0.0,0.23940664529800415,inf,inf
76.461123047,-0.550000011920929,0.0,0.0,0.23549528419971466,inf,inf
76.580009024,-0.550000011920929,0.0,0.0,0.2324591428041458,inf,inf
76.691595087,-0.550000011920929,0.0,0.0,0.2347908318042755,inf,inf
76.806791558,-0.550000011920929,0.0,0.0,0.2390361726284027,inf,inf
76.922848507,-0.550000011920929,0.0,0.0,0.23322123289108276,inf,inf
77.057797576,-0.550000011920929,0.0,0.0,0.23727016150951385,inf,inf
77.172446261,-0.550000011920929,0.0,0.0,0.23472832143306732,inf,inf
77.307112537,-0.550000011920929,0.0,0.0,0.23564660549163818,inf,inf
77.424125324,-0.550000011920929,0.0,0.0,0.23609158396720886,inf,inf
77.55876241,-0.550000011920929,0.0,0.0,0.23673442006111145,inf,inf
77.674945778,-0.550000011920929,0.0,0.0,0.232387512922287,inf,inf
77.805454572,-0.550000011920929,0.0,0.0,0.2336258590221405,inf,inf
77.918743115,-0.550000011920929,0.0,0.0,0.23665112257003784,inf,inf
78.055267052,-0.550000011920929,0.0,0.0,0.23165161907672882,inf,inf
78.169139081,-0.550000011920929,0.0,0.0,0.23398631811141968,inf,inf
78.306464997,-0.550000011920929,0.0,0.0,0.2330673336982727,inf,inf
78.419769405,-0.550000011920929,0.0,0.0,0.2346184104681015,inf,inf
78.553159435,-0.550000011920929,0.0,0.0,0.23397134244441986,inf,inf
78.668748142,-0.550000011920929,0.0,0.0,0.23792795836925507,inf,inf
78.799617304,-0.550000011920929,0.0,0.0,0.23690880835056305,inf,inf
78.916054708,-0.550000011920929,0.0,0.0,0.23287883400917053,inf,inf
79.03318195,-0.550000011920929,0.0,0.0,0.2346625179052353,inf,inf
79.139375282,-0.550000011920929,0.0,0.0,0.2372002750635147,inf,inf
79.249352026,-0.550000011920929,0.0,0.0,0.23867544531822205,inf,inf
79.363985929,-0.550000011920929,0.0,0.0,0.23582910001277924,inf,inf
79.47680806,-0.550000011920929,0.0,0.0,0.23437915742397308,inf,inf
79.577473417,-0.550000011920929,0.0,0.0,0.23641270399093628,inf,inf
79.678831113,-0.550000011920929,0.0,0.0,0.2404206544160843,inf,inf
79.79179405,-0.550000011920929,0.0,0.0,0.23387619853019714,inf,inf
79.908779408,-0.550000011920929,0.0,0.0,0.23216745257377625,inf,inf
80.021562035,-0.550000011920929,0.0,0.0,0.2375842183828354,inf,inf
80.170873778,-0.550000011920929,0.0,0.0,0.23379680514335632,inf,inf
80.277906387,-0.550000011920929,0.0,0.0,0.2345396727323532,inf,inf
80.38925552,-0.550000011920929,0.0,0.0,0.23510830104351044,inf,inf
80.508280715,-0.550000011920929,0.0,0.0,0.23474693298339844,inf,inf
80.619457882,-0.550000011920929,0.0,0.0,0.24224433302879333,inf,inf
80.735407809,-0.550000011920929,0.0,0.0,0.2360742688179016,inf,inf
80.847247212,-0.550000011920929,0.0,0.0,0.2323145717382431,inf,inf
80.963696666,-0.550000011920929,0.0,0.0,0.23623763024806976,inf,inf
81.077988802,-0.550000011920929,0.0,0.0,0.22991806268692017,inf,inf
81.20951748,-0.550000011920929,0.0,0.0,0.23246344923973083,inf,inf
81.325753322,-0.550000011920929,0.0,0.0,0.23451003432273865,inf,inf
81.43832582,-0.550000011920929,0.0,0.0,0.2361983209848404,inf,inf
81.55382875,-0.550000011920929,0.0,0.0,0.23588444292545319,inf,inf
81.669792705,-0.550000011920929,0.0,0.0,0.23942135274410248,inf,inf
81.77457565,-0.550000011920929,0.0,0.0,0.23665569722652435,inf,inf
81.886018058,-0.550000011920929,0.0,0.0,0.23588795959949493,inf,inf
82.000338806,-0.550000011920929,0.0,0.0,0.23308689892292023,inf,inf
82.131652705,-0.550000011920929,0.0,0.0,0.23657600581645966,inf,inf
82.246255648,-0.550000011920929,0.0,0.0,0.23832334578037262,inf,inf
82.347898257,-0.550000011920929,0.0,0.0,0.23534388840198517,inf,inf
82.460095492,-0.550000011920929,0.0,0.0,0.23800036311149597,inf,inf
82.594169151,-0.550000011920929,0.0,0.0,0.23410160839557648,inf,inf
82.721004263,-0.550000011920929,0.0,0.0,0.23789578676223755,inf,inf
82.834780752,-0.550000011920929,0.0,0.0,0.23473308980464935,inf,inf
82.95333254,-0.550000011920929,0.0,0.0,0.23389668762683868,inf,inf
83.067390423,-0.550000011920929,0.0,0.0,0.23695462942123413,inf,inf
83.194177337,-0.550000011920929,0.0,0.0,0.23582398891448975,inf,inf
83.309270598,-0.550000011920929,0.0,0.0,0.23797014355659485,inf,inf
83.418776746,-0.550000011920929,0.0,0.0,0.23913352191448212,inf,inf
83.533886636,-0.550000011920929,0.0,0.0,0.23868843913078308,inf,inf
83.663293915,-0.550000011920929,0.0,0.0,0.23549054563045502,inf,inf
83.780673856,-0.550000011920929,0.0,0.0,0.23584109544754028,inf,inf
83.910215932,-0.550000011920929,0.0,0.0,0.23646004498004913,inf,inf
84.026597194,-0.550000011920929,0.0,0.0,0.2342478334903717,inf,inf
84.157282045,-0.550000011920929,0.0,0.0,0.23674625158309937,inf,inf
84.271014666,-0.550000011920929,0.0,0.0,0.24058209359645844,inf,inf
84.397909281,-0.550000011920929,0.0,0.0,0.2339605838060379,inf,inf
84.51444987,-0.550000011920929,0.0,0.0,0.23956534266471863,inf,inf
84.665660782,-0.550000011920929,0.0,0.0,0.23507091403007507,inf,inf
84.778526053,-0.550000011920929,0.0,0.0,0.23704202473163605,inf,inf
84.893938868,-0.550000011920929,0.0,0.0,0.2378906011581421,inf,inf
84.994680211,-0.550000011920929,0.0,0.0,0.24048252403736115,inf,inf
85.110966206,-0.550000011920929,0.0,0.0,0.23626373708248138,inf,inf
85.239897317,-0.550000011920929,0.0,0.0,0.23414869606494904,inf,inf
85.355944617,-0.550000011920929,0.0,0.0,0.23795360326766968,inf,inf
85.45960464,-0.550000011920929,0.0,0.0,0.23444226384162903,inf,inf
85.560247725,-0.550000011920929,0.0,0.0,0.23721222579479218,inf,inf
85.705414387,-0.550000011920929,0.0,0.0,0.23431426286697388,inf,inf
85.821133326,-0.550000011920929,0.0,0.0,0.2360653281211853,inf,inf
85.920144749,-0.550000011920929,0.0,0.0,0.23480632901191711,inf,inf
86.035002808,-0.550000011920929,0.0,0.0,0.23351891338825226,inf,inf
86.146413846,-0.550000011920929,0.0,0.0,0.24029478430747986,inf,inf
86.262517076,-0.550000011920929,0.0,0.0,0.2352932095527649,inf,inf
86.374605294,-0.550000011920929,0.0,0.0,0.23818083107471466,inf,inf
86.486681851,-0.550000011920929,0.0,0.0,0.2403842657804489,inf,inf
86.604339777,-0.550000011920929,0.0,0.0,0.23332560062408447,inf,inf
86.75389015,-0.550000011920929,0.0,0.0,0.2348812222480774,inf,inf
86.867017524,-0.550000011920929,0.0,0.0,0.23354896903038025,inf,inf
86.96872819,-0.550000011920929,0.0,0.0,0.23120920360088348,inf,inf
87.071043784,-0.550000011920929,0.0,0.0,0.23242023587226868,inf,inf
87.183035641,-0.550000011920929,0.0,0.0,0.2373872548341751,inf,inf
87.299932633,-0.550000011920929,0.0,0.0,0.2360711395740509,inf,inf
87.416121263,-0.550000011920929,0.0,0.0,0.23582275211811066,inf,inf
87.549553169,-0.550000011920929,0.0,0.0,0.23545140027999878,inf,inf
87.666621801,-0.550000011920929,0.0,0.0,0.23636791110038757,inf,inf
87.802316714,-0.550000011920929,0.0,0.0,0.23654553294181824,inf,inf
87.916238598,-0.550000011920929,0.0,0.0,0.2367350310087204,inf,inf
88.049216283,-0.550000011920929,0.0,0.0,0.2353685349225998,inf,inf
88.164489331,-0.550000011920929,0.0,0.0,0.23609508574008942,inf,inf
88.314508921,-0.550000011920929,0.0,0.0,0.23351243138313293,inf,inf
88.440776047,-0.550000011920929,0.0,0.0,0.2328835278749466,inf,inf
88.557756809,-0.550000011920929,0.0,0.0,0.2359015792608261,inf,inf
88.661922873,-0.550000011920929,0.0,0.0,0.235610693693161,inf,inf
88.788469882,-0.550000011920929,0.0,0.0,0.23327407240867615,inf,inf
88.904649708,-0.550000011920929,0.0,0.0,0.2358471155166626,inf,inf
89.036488864,-0.550000011920929,0.0,0.0,0.23427478969097137,inf,inf
89.152365375,-0.550000011920929,0.0,0.0,0.2366398125886917,inf,inf
89.287499585,-0.550000011920929,0.0,0.0,0.23412871360778809,inf,inf
89.405360367,-0.550000011920929,0.0,0.0,0.2383999228477478,inf,inf
89.536270207,-0.550000011920929,0.0,0.0,0.23957747220993042,inf,inf
89.653049913,-0.550000011920929,0.0,0.0,0.23821468651294708,inf,inf
89.786810214,-0.550000011920929,0.0,0.0,0.2320416122674942,inf,inf
89.886576725,-0.550000011920929,0.0,0.0,0.23818612098693848,inf,inf
89.999609298,-0.550000011920929,0.0,0.0,0.23303917050361633,inf,inf
90.114006947,-0.550000011920929,0.0,0.0,0.2333838790655136,inf,inf
90.227863005,-0.550000011920929,0.0,0.0,0.2354726493358612,inf,inf
90.328605498,-0.550000011920929,0.0,0.0,0.2378511279821396,inf,inf
90.439203876,-0.550000011920929,0.0,0.0,0.23947742581367493,inf,inf
90.578481002,-0.550000011920929,0.0,0.0,0.2380785495042801,inf,inf
90.691429014,-0.550000011920929,0.0,0.0,0.23522868752479553,inf,inf
90.806722484,-0.550000011920929,0.0,0.0,0.23420608043670654,inf,inf
90.920149587,-0.550000011920929,0.0,0.0,0.23389177024364471,inf,inf
91.03743272,-0.550000011920929,0.0,0.0,0.23589733242988586,inf,inf
91.149060957,-0.550000011920929,0.0,0.0,0.23580296337604523,inf,inf
91.283308776,-0.550000011920929,0.0,0.0,0.2312566190958023,inf,inf
91.415895399,-0.550000011920929,0.0,0.0,0.23556186258792877,inf,inf
91.549990149,-0.550000011920929,0.0,0.0,0.23403464257717133,inf,inf
91.662077417,-0.550000011920929,0.0,0.0,0.23506484925746918,inf,inf
91.774013288,-0.550000011920929,0.0,0.0,0.2425014078617096,inf,inf
91.890492972,-0.550000011920929,0.0,0.0,0.2367251217365265,inf,inf
92.001217466,-0.550000011920929,0.0,0.0,0.23333314061164856,inf,inf
92.148655562,-0.550000011920929,0.0,0.0,0.2343888282775879,inf,inf
92.259469155,-0.550000011920929,0.0,0.0,0.23824013769626617,inf,inf
92.361016523,-0.550000011920929,0.0,0.0,0.24044948816299438,inf,inf
92.482177558,-0.550000011920929,0.0,0.0,0.23376405239105225,inf,inf
92.591784115,-0.550000011920929,0.0,0.0,0.23572039604187012,inf,inf
92.718595435,-0.550000011920929,0.0,0.0,0.23818399012088776,inf,inf
92.833468989,-0.550000011920929,0.0,0.0,0.2349526584148407,inf,inf
92.950901794,-0.550000011920929,0.0,0.0,0.23609215021133423,inf,inf
93.08251222,-0.550000011920929,0.0,0.0,0.23485971987247467,inf,inf
93.201298798,-0.550000011920929,0.0,0.0,0.23765829205513,inf,inf
93.313845898,-0.550000011920929,0.0,0.0,0.23338423669338226,inf,inf
93.424985995,-0.550000011920929,0.0,0.0,0.23923631012439728,inf,inf
93.56021438,-0.550000011920929,0.0,0.0,0.23707692325115204,inf,inf
93.674760381,-0.550000011920929,0.0,0.0,0.2350008189678192,inf,inf
93.780091966,-0.550000011920929,0.0,0.0,0.23745280504226685,inf,inf
93.883576089,-0.550000011920929,0.0,0.0,0.239249587059021,inf,inf
93.994217868,-0.550000011920929,0.0,0.0,0.23533914983272552,inf,inf
94.11268699,-0.550000011920929,0.0,0.0,0.23729252815246582,inf,inf
94.223552865,-0.550000011920929,0.0,0.0,0.2348036766052246,inf,inf
94.340224923,-0.550000011920929,0.0,0.0,0.23477981984615326,inf,inf
94.453125612,-0.550000011920929,0.0,0.0,0.23610186576843262,inf,inf
94.57221456,-0.550000011920929,0.0,0.0,0.23792403936386108,inf,inf
94.68882906,-0.550000011920929,0.0,0.0,0.23529234528541565,inf,inf
94.818852851,-0.550000011920929,0.0,0.0,0.23591333627700806,inf,inf
94.935018523,-0.550000011920929,0.0,0.0,0.2332051694393158,inf,inf
95.069402759,-0.550000011920929,0.0,0.0,0.23955798149108887,inf,inf
95.182634408,-0.550000011920929,0.0,0.0,0.23390008509159088,inf,inf
95.318906324,-0.550000011920929,0.0,0.0,0.23808802664279938,inf,inf
95.433301888,-0.550000011920929,0.0,0.0,0.2366742491722107,inf,inf
95.565900382,-0.550000011920929,0.0,0.0,0.2396538257598877,inf,inf
95.701057482,-0.550000011920929,0.0,0.0,0.23497527837753296,inf,inf
95.833604975,-0.550000011920929,0.0,0.0,0.2368321269750595,inf,inf
95.947091577,-0.550000011920929,0.0,0.0,0.23540955781936646,inf,inf
96.078253912,-0.550000011920929,0.0,0.0,0.23884832859039307,inf,inf
96.190155448,-0.550000011920929,0.0,0.0,0.23634973168373108,inf,inf
96.303351138,-0.550000011920929,0.0,0.0,0.23468250036239624,inf,inf
96.406162279,-0.550000011920929,0.0,0.0,0.23692919313907623,inf,inf
96.521345794,-0.550000011920929,0.0,0.0,0.23371267318725586,inf,inf
96.640665979,-0.550000011920929,0.0,0.0,0.2346467673778534,inf,inf
96.762390462,-0.550000011920929,0.0,0.0,0.23193015158176422,inf,inf
96.87422804,-0.550000011920929,0.0,0.0,0.23475681245326996,inf,inf
96.99858223,-0.550000011920929,0.0,0.0,0.23794908821582794,inf,inf
97.112930411,-0.550000011920929,0.0,0.0,0.23297752439975739,inf,inf
97.233947065,-0.550000011920929,0.0,0.0,0.23783893883228302,inf,inf
97.355891857,-0.550000011920929,0.0,0.0,0.23437733948230743,inf,inf
97.467123362,-0.550000011920929,0.0,0.0,0.23676328361034393,inf,inf
97.587264721,-0.550000011920929,0.0,0.0,0.233009472489357,inf,inf
97.696178033,-0.550000011920929,0.0,0.0,0.23661166429519653,inf,inf
97.826965447,-0.550000011920929,0.0,0.0,0.23682892322540283,inf,inf
97.937595282,-0.550000011920929,0.0,0.0,0.23377633094787598,inf,inf
98.043933685,-0.550000011920929,0.0,0.0,0.2386465072631836,inf,inf
98.162912787,-0.550000011920929,0.0,0.0,0.23576079308986664,inf,inf
98.272556738,-0.550000011920929,0.0,0.0,0.23712040483951569,inf,inf
98.395385665,-0.550000011920929,0.0,0.0,0.2369486689567566,inf,inf
98.501397623,-0.550000011920929,0.0,0.0,0.2367394119501114,inf,inf
98.620420267,-0.550000011920929,0.0,0.0,0.23608209192752838,inf,inf
98.734343594,-0.550000011920929,0.0,0.0,0.23657847940921783,inf,inf
98.886362796,-0.550000011920929,0.0,0.0,0.23593559861183167,inf,inf
99.00045992,-0.550000011920929,0.0,0.0,0.23874756693840027,inf,inf
99.114962238,-0.550000011920929,0.0,0.0,0.23643364012241364,inf,inf
99.227797484,-0.550000011920929,0.0,0.0,0.23296956717967987,inf,inf
99.32966911,-0.550000011920929,0.0,0.0,0.23429079353809357,inf,inf
99.439089477,-0.550000011920929,0.0,0.0,0.23449930548667908,inf,inf
99.565918532,-0.550000011920929,0.0,0.0,0.23636743426322937,inf,inf
99.681823072,-0.550000011920929,0.0,0.0,0.2344607412815094,inf,inf
99.813701542,-0.550000011920929,0.0,0.0,0.2342875450849533,inf,inf
99.928585299,-0.550000011920929,0.0,0.0,0.23746131360530853,inf,inf
100.069230221,-0.550000011920929,0.0,0.0,0.23883181810379028,inf,inf
100.169010433,-0.550000011920929,0.0,0.0,0.23851172626018524,inf,inf
100.28690084,-0.550000011920929,0.0,0.0,0.2366243600845337,inf,inf
100.395202095,-0.550000011920929,0.0,0.0,0.2337101697921753,inf,inf
100.506696757,-0.550000011920929,0.0,0.0,0.23787274956703186,inf,inf
100.61126364,-0.550000011920929,0.0,0.0,0.23995819687843323,inf,inf
100.725293658,-0.550000011920929,0.0,0.0,0.23879402875900269,inf,inf
100.844254391,-0.5496231913566589,0.0,0.0,0.23344598710536957,inf,inf
100.958713202,-0.5489951968193054,0.0,0.0,0.23512619733810425,inf,inf
101.070869152,-0.5477392077445984,0.0,0.0,0.2342703491449356,inf,inf
101.188461509,-0.5458552241325378,0.0,0.0,0.2282816767692566,inf,inf
101.303259814,-0.544096827507019,0.0,0.0,0.23023976385593414,inf,inf
101.40488043,-0.5425896048545837,0.0,0.0,0.22883878648281097,inf,inf
101.517407023,-0.5413336157798767,0.0,0.0,0.22748245298862457,inf,inf
101.629713619,-0.5395752191543579,0.0,0.0,0.22791409492492676,inf,inf
101.737994688,-0.5380679965019226,0.0,0.0,0.22468368709087372,inf,inf
101.849519198,-0.5363095998764038,0.0,0.0,0.22234667837619781,inf,inf
101.950823691,-0.5348023772239685,0.0,0.0,0.2228865921497345,inf,inf
102.071276842,-0.5335463881492615,0.0,0.0,0.22074177861213684,inf,inf
102.181858569,-0.5317879915237427,0.0,0.0,0.2132144570350647,inf,inf
102.294875653,-0.5302808284759521,0.0,0.0,0.21759387850761414,inf,inf
102.397508108,-0.5285223722457886,0.0,0.0,0.21339063346385956,inf,inf
102.500215429,-0.5188512206077576,0.0,0.0,0.20726223289966583,inf,inf
102.603328743,-0.5101848244667053,0.0,0.0,0.19440452754497528,inf,inf
102.707009046,-0.5006392002105713,0.0,0.0,0.1884865015745163,inf,inf
102.808685286,-0.4924752116203308,0.0,0.0,0.17814700305461884,inf,inf
102.908810668,-0.485883504152298,-0.0001145934293163009,-0.06838075071573257,0.17262576520442963,inf,inf
103.009913482,-0.48002076148986816,-0.0011405391851440072,-0.29999297857284546,1.2591031789779663,inf,inf
103.113628873,-0.476427286863327,-0.0026246998459100723,-0.48969441652297974,1.3540843725204468,inf,inf
103.215050584,-0.47343119978904724,-0.0045747337862849236,-0.66395503282547,1.181154727935791,inf,inf
103.316846492,-0.47087207436561584,-0.006980275269597769,-0.8448331356048584,0.9464010000228882,inf,inf
103.424321225,-0.46864190697669983,-0.010010546073317528,-1.030122995376587,0.8304703235626221,inf,inf
103.531592937,-0.4670862555503845,-0.013229208067059517,-1.208795189857483,0.7503010630607605,inf,inf
103.635989675,-0.4660834074020386,-0.016920315101742744,-1.4007024765014648,0.7151600122451782,inf,inf
103.736707347,-0.46580132842063904,-0.02073490433394909,-1.5926097631454468,0.6974749565124512,inf,inf
103.839548,-0.4661874771118164,-0.024225914850831032,-1.7690762281417847,0.7067095637321472,inf,inf
103.941947657,-0.46706581115722656,-0.02730236016213894,-1.9301018714904785,0.7409037947654724,inf,inf
104.044644011,-0.46876612305641174,-0.030799120664596558,-2.102156639099121,0.5139517188072205,inf,inf
104.145618581,-0.4714621901512146,-0.035260073840618134,-2.1175975799560547,0.4939526617527008,inf,inf
104.247601942,-0.4745559096336365,-0.040361255407333374,-2.115391731262207,0.49315202236175537,inf,inf
104.349111107,-0.477877676486969,-0.045838262885808945,-2.115391731262207,0.48146602511405945,inf,inf
104.448646554,-0.4808730185031891,-0.050778765231370926,-2.115391731262207,0.48491570353507996,inf,inf
104.551540361,-0.48399895429611206,-0.055933840572834015,-2.115391731262207,0.4726852774620056,inf,inf
104.654027372,-0.48751604557037354,-0.06173306331038475,-2.115391731262207,0.467778742313385,inf,inf
104.754167706,-0.4906424880027771,-0.06688785552978516,-2.115391731262207,0.4652319848537445,inf,inf
104.857805006,-0.4938342273235321,-0.07214992493391037,-2.115391731262207,0.45648661255836487,inf,inf
104.95894393,-0.4971555173397064,-0.07762721925973892,-2.115391731262207,0.4534348249435425,inf,inf
105.061229943,-0.4997604489326477,-0.08192314207553864,-2.115391731262207,0.4439499080181122,inf,inf
105.164202149,-0.5029834508895874,-0.08723968267440796,-2.1175975799560547,0.4422125816345215,inf,inf
105.263300093,-0.5062071084976196,-0.09255587309598923,-2.115391731262207,0.4317706525325775,inf,inf
105.363244428,-0.5095280408859253,-0.0980333760380745,-2.115391731262207,0.4272334575653076,inf,inf
105.465873095,-0.5126209259033203,-0.10335284471511841,-2.053628444671631,0.47963759303092957,inf,inf
105.568469461,-0.5150622129440308,-0.10865560919046402,-1.9499543905258179,0.5909682512283325,inf,inf
105.674144095,-0.5169667601585388,-0.11430638283491135,-1.8418686389923096,0.6196675300598145,inf,inf
105.77680186,-0.5183249115943909,-0.12056271731853485,-1.7271654605865479,0.6032707095146179,inf,inf
105.879473825,-0.5189297795295715,-0.12636899948120117,-1.6234914064407349,0.5827693343162537,inf,inf
105.979463617,-0.5188987851142883,-0.1325828582048416,-1.5109940767288208,0.5821031928062439,inf,inf
106.082532278,-0.518152117729187,-0.13887812197208405,-1.3940850496292114,0.5843101143836975,inf,inf
106.18245947,-0.5169552564620972,-0.1441424936056137,-1.2970284223556519,0.5950283408164978,inf,inf
106.283350953,-0.515021800994873,-0.14984974265098572,-1.1911485195159912,0.6009537577629089,inf,inf
106.385190418,-0.5127749443054199,-0.15475864708423615,-1.0940920114517212,0.6393215656280518,inf,inf
106.484790772,-0.5097519755363464,-0.1598987579345703,-0.9860063195228577,0.6619905829429626,inf,inf
106.587151696,-0.5059129595756531,-0.16502204537391663,-0.871303141117096,0.7218047380447388,inf,inf
106.689327422,-0.5017837882041931,-0.16941072046756744,-0.7610116004943848,0.7967879176139832,inf,inf
106.790516459,-0.49725326895713806,-0.17328797280788422,-0.6529259085655212,0.9123480319976807,inf,inf
106.892481787,-0.49195706844329834,-0.17688468098640442,-0.5382226705551147,1.1022862195968628,inf,inf
106.992872932,-0.4862821400165558,-0.17984804511070251,-0.423519492149353,1.2991362810134888,inf,inf
107.093535775,-0.48084184527397156,-0.18196511268615723,-0.31984543800354004,1.2612440586090088,inf,inf
107.198283574,-0.474717915058136,-0.18360376358032227,-0.20293642580509186,1.2008767127990723,inf,inf
107.298526221,-0.4689505994319916,-0.18451060354709625,-0.10808570683002472,1.2147990465164185,inf,inf
107.404255094,-0.46337902545928955,-0.18494611978530884,-0.05293993651866913,1.1860014200210571,inf,inf
107.5043469,-0.4567890465259552,-0.18516805768013,-0.019852476194500923,1.1499898433685303,inf,inf
107.606341686,-0.4473068118095398,-0.18526315689086914,-0.00441166153177619,1.1703386306762695,inf,inf
107.709963953,-0.43801242113113403,-0.1852678656578064,-1.0231399061311208e-14,1.1509238481521606,inf,inf
107.809751363,-0.4292832314968109,-0.18525852262973785,0.002205830765888095,1.144652009010315,inf,inf
107.914428019,-0.419674813747406,-0.18525221943855286,-1.0231399061311208e-14,1.134539246559143,inf,inf
108.014292728,-0.410694420337677,-0.18525256216526031,-0.002205830765888095,1.112868070602417,inf,inf
108.116969706,-0.401714026927948,-0.1852484792470932,-1.0231399061311208e-14,1.1042859554290771,inf,inf
108.215974724,-0.3921056389808655,-0.18523482978343964,0.002205830765888095,1.1129848957061768,inf,inf
108.318458204,-0.3831252455711365,-0.1852281093597412,-1.0231399061311208e-14,1.099788784980774,inf,inf
108.423150037,-0.37533804774284363,-0.18522880971431732,-1.0231399061311208e-14,1.0966616868972778,inf,inf
108.523830495,-0.3699372410774231,-0.18522880971431732,-1.0231399061311208e-14,1.0892326831817627,inf,inf
108.624350255,-0.3611452579498291,-0.18522880971431732,-1.0231399061311208e-14,1.0899487733840942,inf,inf
108.729880158,-0.35185083746910095,-0.18522977828979492,-1.0231399061311208e-14,1.0837867259979248,inf,inf
108.830499317,-0.3420540392398834,-0.18523143231868744,-1.0231399061311208e-14,1.0548182725906372,inf,inf
108.931745869,-0.33389005064964294,-0.18523213267326355,-1.0231399061311208e-14,1.047317385673523,inf,inf
109.032247929,-0.3243444561958313,-0.18523213267326355,-1.0231399061311208e-14,1.047241449356079,inf,inf
109.134759067,-0.3155524432659149,-0.18523213267326355,-1.0231399061311208e-14,1.0360230207443237,inf,inf
109.233336149,-0.3090212643146515,-0.18523281812667847,-1.0231399061311208e-14,1.0335466861724854,inf,inf
109.33382201,-0.2999780476093292,-0.1852342039346695,-1.0231399061311208e-14,1.0049993991851807,inf,inf
109.435265131,-0.2904324531555176,-0.1852349042892456,-1.0231399061311208e-14,1.0132763385772705,inf,inf
109.540629094,-0.2807612419128418,-0.1852349042892456,-1.0231399061311208e-14,0.98646479845047,inf,inf
109.642606896,-0.27184364199638367,-0.1852349042892456,-1.0231399061311208e-14,0.9780722260475159,inf,inf
109.74271862,-0.2625492513179779,-0.18523629009723663,-1.0231399061311208e-14,0.9808571338653564,inf,inf
109.847643888,-0.25325486063957214,-0.18523767590522766,-1.0231399061311208e-14,0.9761442542076111,inf,inf
109.94957699,-0.24358364939689636,-0.18523767590522766,-1.0231399061311208e-14,0.9475100636482239,inf,inf
110.052118686,-0.23403805494308472,-0.18523767590522766,-1.0231399061311208e-14,0.9429683685302734,inf,inf
110.15561947,-0.22524605691432953,-0.18523864448070526,-1.0231399061311208e-14,0.9432979226112366,inf,inf
110.256862081,-0.21570046246051788,-0.1852400302886963,-1.0231399061311208e-14,0.9330196380615234,inf,inf
110.359361177,-0.20615485310554504,-0.1852407157421112,-1.0231399061311208e-14,0.9219224452972412,inf,inf
110.461693037,-0.19711165130138397,-0.1852407157421112,-1.0231399061311208e-14,0.915674090385437,inf,inf
110.560960431,-0.18750326335430145,-0.18524105846881866,-0.002205830765888095,0.8943000435829163,inf,inf
110.660972216,-0.17877405881881714,-0.18523891270160675,-1.0231399061311208e-14,0.9018223285675049,inf,inf
110.76521605,-0.1701076626777649,-0.1852274239063263,-1.0231399061311208e-14,0.8850542902946472,inf,inf
110.865205676,-0.16112728416919708,-0.18521668016910553,0.002205830765888095,0.8781916499137878,inf,inf
110.96636689,-0.15151888132095337,-0.1852102428674698,-1.0231399061311208e-14,0.8651435375213623,inf,inf
111.069980377,-0.1433548927307129,-0.18521231412887573,-1.0231399061311208e-14,0.8508096933364868,inf,inf
111.171382588,-0.1350024938583374,-0.18521571159362793,-0.002205830765888095,0.8508415222167969,inf,inf
111.274115385,-0.1275292932987213,-0.1852150857448578,-1.0231399061311208e-14,0.8467930555343628,inf,inf
111.379627347,-0.11999329179525375,-0.18520954251289368,-1.0231399061311208e-14,0.841842532157898,inf,inf
111.481771011,-0.11252009868621826,-0.18520407378673553,0.002205830765888095,0.8271283507347107,inf,inf
111.585555455,-0.10441890358924866,-0.18519999086856842,-1.0231399061311208e-14,0.8284614682197571,inf,inf
111.684706952,-0.09719689935445786,-0.18520310521125793,-0.002205830765888095,0.8002509474754333,inf,inf
111.788072601,-0.08972370624542236,-0.18520179390907288,-1.0231399061311208e-14,0.8001530766487122,inf,inf
111.889601171,-0.0830669105052948,-0.1851973533630371,-1.0231399061311208e-14,0.7988123893737793,inf,inf
111.991138941,-0.07471451163291931,-0.18519119918346405,0.002205830765888095,0.7865048050880432,inf,inf
112.091655422,-0.06479211896657944,-0.1851900815963745,-0.002205830765888095,0.7781394124031067,inf,inf
112.192630698,-0.05606291815638542,-0.1851925104856491,-1.0231399061311208e-14,0.7535752654075623,inf,inf
112.297146635,-0.04651731997728348,-0.18518918752670288,-1.0231399061311208e-14,0.7668637037277222,inf,inf
112.397837202,-0.03722292184829712,-0.18518613278865814,-1.0231399061311208e-14,0.759662389755249,inf,inf
112.498518643,-0.02792852558195591,-0.18518267571926117,-1.0231399061311208e-14,0.7486593723297119,inf,inf
112.601554056,-0.018885327503085136,-0.18518058955669403,-1.0231399061311208e-14,0.7261211276054382,inf,inf
112.70448487,-0.009339729323983192,-0.18517754971981049,-1.0231399061311208e-14,0.7196264863014221,inf,inf
112.804827515,-0.009339729323983192,-0.18517754971981049,-1.0231399061311208e-14,0.7368510365486145,inf,inf
112.905409556,-0.009339729323983192,-0.18517754971981049,-1.0231399061311208e-14,0.7160382270812988,inf,inf
113.007986375,-0.009339729323983192,-0.18517754971981049,-1.0231399061311208e-14,0.7220437526702881,inf,inf
113.111033488,-0.009339729323983192,-0.18517754971981049,-1.0231399061311208e-14,0.7243258357048035,inf,inf
113.211186234,-0.009339729323983192,-0.18517754971981049,-1.0231399061311208e-14,0.7382204532623291,inf,inf
113.31140338,-0.009339729323983192,-0.18517754971981049,-1.0231399061311208e-14,0.727371335029602,inf,inf
113.411615909,-0.009339729323983192,-0.18517754971981049,-1.0231399061311208e-14,0.7412354350090027,inf,inf
113.512443409,-0.009339729323983192,-0.18517754971981049,-1.0231399061311208e-14,0.7343578934669495,inf,inf
113.616962765,-0.009339729323983192,-0.18517754971981049,-1.0231399061311208e-14,0.7159648537635803,inf,inf
113.718004263,-0.009339729323983192,-0.18517754971981049,-1.0231399061311208e-14,0.7197133898735046,inf,inf
113.820495344,-0.009339729323983192,-0.18517754971981049,-1.0231399061311208e-14,0.7241545915603638,inf,inf
113.924703204,-0.009339729323983192,-0.18517754971981049,-1.0231399061311208e-14,0.7297135591506958,inf,inf
114.028249671,-0.009339729323983192,-0.18517754971981049,-1.0231399061311208e-14,0.7193490862846375,inf,inf
114.128002284,-0.009339729323983192,-0.18517754971981049,-1.0231399061311208e-14,0.7210870981216431,inf,inf
114.228636487,-0.009339729323983192,-0.18517754971981049,-1.0231399061311208e-14,0.7387769222259521,inf,inf
114.331096868,-0.009339729323983192,-0.18517754971981049,-1.0231399061311208e-14,0.71377032995224,inf,inf
114.434535112,-0.009339729323983192,-0.18517754971981049,-1.0231399061311208e-14,0.7286161184310913,inf,inf
114.53728955,-0.009339729323983192,-0.18517754971981049,-1.0231399061311208e-14,0.7180956602096558,inf,inf
114.638828004,-0.009339729323983192,-0.18517754971981049,-1.0231399061311208e-14,0.7302756905555725,inf,inf
114.740450257,-0.009339729323983192,-0.18517754971981049,-1.0231399061311208e-14,0.7226930260658264,inf,inf
114.845413268,-0.009339729323983192,-0.18517754971981049,-1.0231399061311208e-14,0.7230809330940247,inf,inf
114.945769836,-0.009339729323983192,-0.18517754971981049,-1.0231399061311208e-14,0.725922167301178,inf,inf
115.059861536,-0.009339729323983192,-0.18517754971981049,-1.0231399061311208e-14,0.7238425016403198,inf,inf
115.162027282,-0.009339729323983192,-0.18517754971981049,-1.0231399061311208e-14,0.7215038537979126,inf,inf
115.263088441,-0.009339729323983192,-0.18517754971981049,-1.0231399061311208e-14,0.7205340266227722,inf,inf
115.368131252,-0.009339729323983192,-0.18517754971981049,-1.0231399061311208e-14,0.7298024892807007,inf,inf
115.469561069,-0.009339729323983192,-0.18517754971981049,-1.0231399061311208e-14,0.7211635112762451,inf,inf
115.572029974,-0.009339729323983192,-0.18517754971981049,-1.0231399061311208e-14,0.7269653081893921,inf,inf
115.677924335,-0.009339729323983192,-0.18517754971981049,-1.0231399061311208e-14,0.7174956798553467,inf,inf
115.777074381,-0.009339729323983192,-0.18517754971981049,-1.0231399061311208e-14,0.7203966379165649,inf,inf
115.877293114,-0.009339729323983192,-0.18517754971981049,-1.0231399061311208e-14,0.725660502910614,inf,inf
115.984092663,-0.009339729323983192,-0.18517754971981049,-1.0231399061311208e-14,0.7211570143699646,inf,inf
116.084523893,-0.009339729323983192,-0.18517754971981049,-1.0231399061311208e-14,0.7197801470756531,inf,inf
116.186743201,-0.009339729323983192,-0.18517754971981049,-1.0231399061311208e-14,0.7294496893882751,inf,inf
116.287566126,-0.009339729323983192,-0.18517754971981049,-1.0231399061311208e-14,0.7242091298103333,inf,inf
116.389513629,-0.009339729323983192,-0.18517754971981049,-1.0231399061311208e-14,0.7191826105117798,inf,inf
116.492885584,-0.009339729323983192,-0.18517754971981049,-1.0231399061311208e-14,0.7234296798706055,inf,inf
116.593416877,-0.009339729323983192,-0.18517754971981049,-1.0231399061311208e-14,0.7261020541191101,inf,inf
116.69384287,-0.009339729323983192,-0.18517754971981049,-1.0231399061311208e-14,0.716509997844696,inf,inf
116.794463761,-0.009339729323983192,-0.18517754971981049,-1.0231399061311208e-14,0.7186682224273682,inf,inf
116.896401435,-0.009339729323983192,-0.18517754971981049,-1.0231399061311208e-14,0.7305153012275696,inf,inf
116.998373009,-0.009339729323983192,-0.18517754971981049,-1.0231399061311208e-14,0.7341349124908447,inf,inf
117.10128877,-0.009339729323983192,-0.18517754971981049,-1.0231399061311208e-14,0.7418786883354187,inf,inf
117.202911248,-0.009339729323983192,-0.18517754971981049,-1.0231399061311208e-14,0.7301955223083496,inf,inf
117.306264804,-0.009339729323983192,-0.18517754971981049,-1.0231399061311208e-14,0.723243236541748,inf,inf
117.408078565,-0.009339729323983192,-0.18517754971981049,-1.0231399061311208e-14,0.7146686911582947,inf,inf
117.51318896,-0.009339729323983192,-0.18517754971981049,-1.0231399061311208e-14,0.7315141558647156,inf,inf
117.611635244,-0.009339729323983192,-0.18517754971981049,-1.0231399061311208e-14,0.7349110245704651,inf,inf
117.712078002,-0.009339729323983192,-0.18517754971981049,-1.0231399061311208e-14,0.7290109395980835,inf,inf
117.813631844,-0.009339729323983192,-0.18517754971981049,-1.0231399061311208e-14,0.7224854230880737,inf,inf
117.915468583,-0.009339729323983192,-0.18517754971981049,-1.0231399061311208e-14,0.7310041785240173,inf,inf
118.016849428,-0.009339729323983192,-0.18517754971981049,-1.0231399061311208e-14,0.73065584897995,inf,inf
118.11694799,-0.009339729323983192,-0.18517754971981049,-1.0231399061311208e-14,0.7248437404632568,inf,inf
118.217159651,-0.009339729323983192,-0.18517754971981049,-1.0231399061311208e-14,0.7202463150024414,inf,inf
118.317691207,-0.009339729323983192,-0.18517754971981049,-1.0231399061311208e-14,0.7381691336631775,inf,inf
118.417694753,-0.009339729323983192,-0.18517754971981049,-1.0231399061311208e-14,0.7246420979499817,inf,inf
118.521081134,-0.009339729323983192,-0.18517754971981049,-1.0231399061311208e-14,0.7243683934211731,inf,inf
118.624978109,-0.009339729323983192,-0.18517754971981049,-1.0231399061311208e-14,0.732637345790863,inf,inf
118.730956855,-0.009339729323983192,-0.18517754971981049,-1.0231399061311208e-14,0.728037416934967,inf,inf
118.832458563,-0.009339729323983192,-0.18517754971981049,-1.0231399061311208e-14,0.7259448766708374,inf,inf
118.934148644,-0.009339729323983192,-0.18517754971981049,-1.0231399061311208e-14,0.727570116519928,inf,inf
119.036724599,-0.009339729323983192,-0.18517754971981049,-1.0231399061311208e-14,0.7386276125907898,inf,inf
119.140301852,-0.009339729323983192,-0.18517754971981049,-1.0231399061311208e-14,0.7277909517288208,inf,inf
119.240878509,-0.009339729323983192,-0.18517754971981049,-1.0231399061311208e-14,0.7226442098617554,inf,inf
119.341306651,-0.009339729323983192,-0.18517754971981049,-1.0231399061311208e-14,0.7307851314544678,inf,inf
119.446351022,-0.009339729323983192,-0.18517754971981049,-1.0231399061311208e-14,0.7264816761016846,inf,inf
119.546074859,-0.009339729323983192,-0.18517754971981049,-1.0231399061311208e-14,0.7297756671905518,inf,inf
119.648903303,-0.009339729323983192,-0.18517754971981049,-1.0231399061311208e-14,0.7276455760002136,inf,inf
119.750634039,-0.009339729323983192,-0.18517754971981049,-1.0231399061311208e-14,0.7264503240585327,inf,inf
119.855035837,-0.009339729323983192,-0.18517754971981049,-1.0231399061311208e-14,0.7234219908714294,inf,inf
119.961842074,-0.009339729323983192,-0.18517754971981049,-1.0231399061311208e-14,0.7218595743179321,inf,inf
120.061933447,-0.009339729323983192,-0.18517754971981049,-1.0231399061311208e-14,0.7196595668792725,inf,inf
120.163392256,-0.009339729323983192,-0.18517754971981049,-1.0231399061311208e-14,0.7369282245635986,inf,inf
120.269253499,-0.009339729323983192,-0.18517754971981049,-1.0231399061311208e-14,0.7323474287986755,inf,inf
120.368694008,-0.009339729323983192,-0.18517754971981049,-1.0231399061311208e-14,0.7171170115470886,inf,inf
120.469986265,-0.009339729323983192,-0.18517754971981049,-1.0231399061311208e-14,0.7360182404518127,inf,inf
120.574038694,-0.009339729323983192,-0.18517754971981049,-1.0231399061311208e-14,0.7225716710090637,inf,inf
120.678087223,-0.009339729323983192,-0.18517754971981049,-1.0231399061311208e-14,0.7161015272140503,inf,inf
120.780627203,-0.009339729323983192,-0.18517754971981049,-1.0231399061311208e-14,0.7233952283859253,inf,inf
120.882545322,-0.009339729323983192,-0.18517754971981049,-1.0231399061311208e-14,0.7104811072349548,inf,inf
120.982101209,-0.009339729323983192,-0.18517754971981049,-1.0231399061311208e-14,0.7370989918708801,inf,inf
121.083692596,-0.009339729323983192,-0.18517754971981049,-1.0231399061311208e-14,0.7244405746459961,inf,inf
121.187557007,-0.009339729323983192,-0.18517754971981049,-1.0231399061311208e-14,0.7345758080482483,inf,inf
121.289358714,-0.009339729323983192,-0.18517754971981049,-1.0231399061311208e-14,0.71403968334198,inf,inf
121.390666133,-0.009339729323983192,-0.18517754971981049,-1.0231399061311208e-14,0.7286548018455505,inf,inf
121.49769973,-0.009339729323983192,-0.18517754971981049,-1.0231399061311208e-14,0.72420734167099,inf,inf
121.596827746,-0.009339729323983192,-0.18517754971981049,-1.0231399061311208e-14,0.7245716452598572,inf,inf
121.696772649,-0.009339729323983192,-0.18517754971981049,-1.0231399061311208e-14,0.7209247350692749,inf,inf
121.79820913,-0.009339729323983192,-0.18517754971981049,-1.0231399061311208e-14,0.7301287651062012,inf,inf
121.899545213,-0.009339729323983192,-0.18517754971981049,-1.0231399061311208e-14,0.7214065194129944,inf,inf
122.003868551,-0.009339729323983192,-0.18517754971981049,-1.0231399061311208e-14,0.7260382175445557,inf,inf
122.103549258,-0.009339729323983192,-0.18517754971981049,-1.0231399061311208e-14,0.7360506653785706,inf,inf
122.205240335,-0.009339729323983192,-0.18517754971981049,-1.0231399061311208e-14,0.7229306101799011,inf,inf
122.306357521,-0.009339729323983192,-0.18517754971981049,-1.0231399061311208e-14,0.7220653295516968,inf,inf
122.407009101,-0.009339729323983192,-0.18517754971981049,-1.0231399061311208e-14,0.7269905209541321,inf,inf
122.508846242,-0.009339729323983192,-0.18517754971981049,-1.0231399061311208e-14,0.7159678339958191,inf,inf
122.607979525,-0.009339729323983192,-0.18517754971981049,-1.0231399061311208e-14,0.7266894578933716,inf,inf
122.709871266,-0.009339729323983192,-0.18517754971981049,-1.0231399061311208e-14,0.7172094583511353,inf,inf
122.813797575,-0.009339729323983192,-0.18517754971981049,-1.0231399061311208e-14,0.720718264579773,inf,inf
122.916973796,-0.009339729323983192,-0.18517754971981049,-1.0231399061311208e-14,0.7331922650337219,inf,inf
123.017195162,-0.009339729323983192,-0.18517754971981049,-1.0231399061311208e-14,0.7189785838127136,inf,inf
123.117859422,-0.009339729323983192,-0.18517754971981049,-1.0231399061311208e-14,0.7216387987136841,inf,inf
123.219988459,-0.009339729323983192,-0.18517754971981049,-1.0231399061311208e-14,0.7282203435897827,inf,inf
123.320127226,-0.009339729323983192,-0.18517754971981049,-1.0231399061311208e-14,0.7326576709747314,inf,inf
123.422297844,-0.009339729323983192,-0.18517754971981049,-1.0231399061311208e-14,0.7241244316101074,inf,inf
123.528486384,-0.009339729323983192,-0.18517754971981049,-1.0231399061311208e-14,0.7257082462310791,inf,inf
123.630825185,-0.009339729323983192,-0.18517754971981049,-1.0231399061311208e-14,0.7315930724143982,inf,inf
123.731500711,-0.009339729323983192,-0.18517754971981049,-1.0231399061311208e-14,0.7250147461891174,inf,inf
123.831454449,-0.009339729323983192,-0.18517754971981049,-1.0231399061311208e-14,0.7306020855903625,inf,inf
123.932156875,-0.009339729323983192,-0.18517754971981049,-1.0231399061311208e-14,0.7255422472953796,inf,inf
124.035688957,-0.009339729323983192,-0.18517754971981049,-1.0231399061311208e-14,0.7348261475563049,inf,inf
124.137289969,-0.009339729323983192,-0.18517754971981049,-1.0231399061311208e-14,0.7108978629112244,inf,inf
124.246769357,-0.009339729323983192,-0.18517754971981049,-1.0231399061311208e-14,0.7236211895942688,inf,inf
124.349024359,-0.009339729323983192,-0.18517754971981049,-1.0231399061311208e-14,0.7318427562713623,inf,inf
124.454840277,-0.009339729323983192,-0.18517754971981049,-1.0231399061311208e-14,0.7234060764312744,inf,inf
124.556554554,-0.009339729323983192,-0.18517754971981049,-1.0231399061311208e-14,0.7319124341011047,inf,inf
124.657232548,-0.009339729323983192,-0.18517754971981049,-1.0231399061311208e-14,0.7260096073150635,inf,inf
124.763481654,-0.009339729323983192,-0.18517754971981049,-1.0231399061311208e-14,0.724323034286499,inf,inf
124.863286362,-0.009339729323983192,-0.18517754971981049,-1.0231399061311208e-14,0.7247205972671509,inf,inf
124.965688528,-0.009339729323983192,-0.18517754971981049,-1.0231399061311208e-14,0.7213075160980225,inf,inf
125.067864698,-0.009339729323983192,-0.18517754971981049,-1.0231399061311208e-14,0.7305911183357239,inf,inf
125.171534345,-0.009339729323983192,-0.18517754971981049,-1.0231399061311208e-14,0.7301016449928284,inf,inf
125.274862597,-0.009339729323983192,-0.18517754971981049,-1.0231399061311208e-14,0.710195779800415,inf,inf
125.37539839,-0.009339729323983192,-0.18517754971981049,-1.0231399061311208e-14,0.7263045907020569,inf,inf
125.480314284,-0.009339729323983192,-0.18517754971981049,-1.0231399061311208e-14,0.7330416440963745,inf,inf
125.5837934,-0.009339729323983192,-0.18517754971981049,-1.0231399061311208e-14,0.7336805462837219,inf,inf
125.686791125,-0.009339729323983192,-0.18517754971981049,-1.0231399061311208e-14,0.7370458841323853,inf,inf
125.787711483,-0.009339729323983192,-0.18517754971981049,-1.0231399061311208e-14,0.7143246531486511,inf,inf
125.894688043,-0.009339729323983192,-0.18517754971981049,-1.0231399061311208e-14,0.7219721674919128,inf,inf
125.994657217,-0.009339729323983192,-0.18517754971981049,-1.0231399061311208e-14,0.7206613421440125,inf,inf
126.096913653,-0.009339729323983192,-0.18517754971981049,-1.0231399061311208e-14,0.7246715426445007,inf,inf
126.200829363,-0.009339729323983192,-0.18517754971981049,-1.0231399061311208e-14,0.7152588963508606,inf,inf
126.299839852,-0.009339729323983192,-0.18517754971981049,-1.0231399061311208e-14,0.729828953742981,inf,inf
126.40017161,-0.009339729323983192,-0.18517754971981049,-1.0231399061311208e-14,0.7331258654594421,inf,inf
126.503099804,-0.009339729323983192,-0.18517754971981049,-1.0231399061311208e-14,0.7254757285118103,inf,inf
126.605031814,-0.009339729323983192,-0.18517754971981049,-1.0231399061311208e-14,0.7250086069107056,inf,inf
126.704863959,-0.009339729323983192,-0.18517754971981049,-1.0231399061311208e-14,0.7375763058662415,inf,inf
126.80735166,-0.009339729323983192,-0.18517754971981049,-1.0231399061311208e-14,0.7317035794258118,inf,inf
126.910140329,-0.009339729323983192,-0.18517754971981049,-1.0231399061311208e-14,0.7207200527191162,inf,inf
127.014197546,-0.009339729323983192,-0.18517754971981049,-1.0231399061311208e-14,0.7260351777076721,inf,inf
127.11544743,-0.009339729323983192,-0.18517754971981049,-1.0231399061311208e-14,0.7235181927680969,inf,inf
127.21659251,-0.009339729323983192,-0.18517754971981049,-1.0231399061311208e-14,0.7237196564674377,inf,inf
127.316808245,-0.009339729323983192,-0.18517754971981049,-1.0231399061311208e-14,0.7273913025856018,inf,inf
127.418434531,-0.009339729323983192,-0.18517754971981049,-1.0231399061311208e-14,0.7158700227737427,inf,inf
127.521023047,-0.009339729323983192,-0.18517754971981049,-1.0231399061311208e-14,0.7183950543403625,inf,inf
127.623760271,-0.009339729323983192,-0.18517754971981049,-1.0231399061311208e-14,0.7161078453063965,inf,inf
127.727785554,-0.009339729323983192,-0.18517754971981049,-1.0231399061311208e-14,0.7225362658500671,inf,inf
127.831193409,-0.009339729323983192,-0.18517754971981049,-1.0231399061311208e-14,0.7174079418182373,inf,inf
127.931495117,-0.009339729323983192,-0.18517754971981049,-1.0231399061311208e-14,0.7224129438400269,inf,inf
128.034292643,-0.009339729323983192,-0.18517754971981049,-1.0231399061311208e-14,0.7275627851486206,inf,inf
128.136640748,-0.009339729323983192,-0.18517754971981049,-1.0231399061311208e-14,0.7226209044456482,inf,inf
128.240338116,-0.009339729323983192,-0.18517754971981049,-1.0231399061311208e-14,0.7251818180084229,inf,inf
128.34116605,-0.009339729323983192,-0.18517754971981049,-1.0231399061311208e-14,0.7291201949119568,inf,inf
128.442865101,-0.009339729323983192,-0.18517754971981049,-1.0231399061311208e-14,0.724671483039856,inf,inf
128.542333741,-0.009339729323983192,-0.18517754971981049,-1.0231399061311208e-14,0.7289117574691772,inf,inf
128.642545415,-0.009339729323983192,-0.18517754971981049,-1.0231399061311208e-14,0.7300283908843994,inf,inf
128.744464069,-0.009339729323983192,-0.18517754971981049,-1.0231399061311208e-14,0.7200955748558044,inf,inf
128.846659536,-0.009339729323983192,-0.18517754971981049,-1.0231399061311208e-14,0.725774884223938,inf,inf
128.94792206,-0.009339729323983192,-0.18517754971981049,-1.0231399061311208e-14,0.7233590483665466,inf,inf
129.052180623,-0.009339729323983192,-0.18517754971981049,-1.0231399061311208e-14,0.7389457821846008,inf,inf
129.152645409,-0.009339729323983192,-0.18517754971981049,-1.0231399061311208e-14,0.7319375872612,inf,inf
129.253416209,-0.009339729323983192,-0.18517754971981049,-1.0231399061311208e-14,0.7270311117172241,inf,inf
129.355397166,-0.009339729323983192,-0.18517754971981049,-1.0231399061311208e-14,0.7217136025428772,inf,inf
129.456842672,-0.009339729323983192,-0.18517754971981049,-1.0231399061311208e-14,0.732826292514801,inf,inf
129.558545885,-0.009339729323983192,-0.18517754971981049,-1.0231399061311208e-14,0.7228699922561646,inf,inf
129.658870035,-0.009339729323983192,-0.18517754971981049,-1.0231399061311208e-14,0.7286745309829712,inf,inf
129.760968669,-0.009339729323983192,-0.18517754971981049,-1.0231399061311208e-14,0.7330953478813171,inf,inf
129.86410861,-0.009339729323983192,-0.18517754971981049,-1.0231399061311208e-14,0.7219440937042236,inf,inf
129.967222151,-0.009339729323983192,-0.18517754971981049,-1.0231399061311208e-14,0.7356967329978943,inf,inf
130.068202316,-0.009339729323983192,-0.18517754971981049,-1.0231399061311208e-14,0.7211942672729492,inf,inf
130.170233169,-0.009339729323983192,-0.18517754971981049,-1.0231399061311208e-14,0.7323481440544128,inf,inf
130.272910515,-0.009339729323983192,-0.18517754971981049,-1.0231399061311208e-14,0.7247429490089417,inf,inf
130.373571382,-0.009339729323983192,-0.18517754971981049,-1.0231399061311208e-14,0.7321075797080994,inf,inf
130.476742292,-0.009339729323983192,-0.18517754971981049,-1.0231399061311208e-14,0.7247978448867798,inf,inf
130.579556707,-0.009339729323983192,-0.18517754971981049,-1.0231399061311208e-14,0.7316818833351135,inf,inf
130.680174946,-0.009339729323983192,-0.18517754971981049,-1.0231399061311208e-14,0.7101923227310181,inf,inf
130.781542077,-0.009339729323983192,-0.18517754971981049,-1.0231399061311208e-14,0.7224373817443848,inf,inf
130.884876986,-0.009339729323983192,-0.18517754971981049,-1.0231399061311208e-14,0.728655219078064,inf,inf
130.988067896,-0.009339729323983192,-0.18517754971981049,-1.0231399061311208e-14,0.7235827445983887,inf,inf
131.090200318,-0.009339729323983192,-0.18517754971981049,-1.0231399061311208e-14,0.7259852290153503,inf,inf
131.192536638,-0.009339729323983192,-0.18517754971981049,-1.0231399061311208e-14,0.7329816818237305,inf,inf
131.294470663,-0.009339729323983192,-0.18517754971981049,-1.0231399061311208e-14,0.7282967567443848,inf,inf
131.395630788,-0.009339729323983192,-0.18517754971981049,-1.0231399061311208e-14,0.7297521829605103,inf,inf
131.499334062,-0.009339729323983192,-0.18517754971981049,-1.0231399061311208e-14,0.7235114574432373,inf,inf
131.600717164,-0.009339729323983192,-0.18517754971981049,-1.0231399061311208e-14,0.7256720662117004,inf,inf
131.700788681,-0.009339729323983192,-0.18517754971981049,-1.0231399061311208e-14,0.7235785126686096,inf,inf
131.804794552,-0.009339729323983192,-0.18517754971981049,-1.0231399061311208e-14,0.7289597988128662,inf,inf
131.908772023,-0.009339729323983192,-0.18517754971981049,-1.0231399061311208e-14,0.7358838319778442,inf,inf
132.009568032,-0.009339729323983192,-0.18517754971981049,-1.0231399061311208e-14,0.7257190346717834,inf,inf
132.113290106,-0.009339729323983192,-0.18517754971981049,-1.0231399061311208e-14,0.720108151435852,inf,inf
132.216756084,-0.009339729323983192,-0.18517754971981049,-1.0231399061311208e-14,0.7252396941184998,inf,inf
132.32111045,-0.009339729323983192,-0.18517754971981049,-1.0231399061311208e-14,0.737642228603363,inf,inf
132.424853708,-0.009339729323983192,-0.18517754971981049,-1.0231399061311208e-14,0.7222187519073486,inf,inf
132.525011996,-0.009339729323983192,-0.18517754971981049,-1.0231399061311208e-14,0.7295602560043335,inf,inf
132.629154136,-0.009339729323983192,-0.18517754971981049,-1.0231399061311208e-14,0.7292449474334717,inf,inf
132.72963042,-0.009339729323983192,-0.18517754971981049,-1.0231399061311208e-14,0.7231650352478027,inf,inf
132.832607273,-0.009339729323983192,-0.18517754971981049,-1.0231399061311208e-14,0.7245625257492065,inf,inf
132.938101397,-0.009339729323983192,-0.18517754971981049,-1.0231399061311208e-14,0.7224078178405762,inf,inf
133.03780209,-0.009339729323983192,-0.18517754971981049,-1.0231399061311208e-14,0.729381263256073,inf,inf
133.138893267,-0.009339729323983192,-0.18517754971981049,-1.0231399061311208e-14,0.7326579093933105,inf,inf
133.240015343,-0.009339729323983192,-0.18517754971981049,-1.0231399061311208e-14,0.7286677360534668,inf,inf
133.34604326,-0.009339729323983192,-0.18517754971981049,-1.0231399061311208e-14,0.7227503657341003,inf,inf
133.445417536,-0.009339729323983192,-0.18517754971981049,-1.0231399061311208e-14,0.7345572710037231,inf,inf
133.546285187,-0.009339729323983192,-0.18517754971981049,-1.0231399061311208e-14,0.7213473320007324,inf,inf
133.647960129,-0.009339729323983192,-0.18517754971981049,-1.0231399061311208e-14,0.7150269150733948,inf,inf
133.750278862,-0.009339729323983192,-0.18517754971981049,-1.0231399061311208e-14,0.7180026173591614,inf,inf
133.852070302,-0.009339729323983192,-0.18517754971981049,-1.0231399061311208e-14,0.7262240648269653,inf,inf
133.952233662,-0.009339729323983192,-0.18517754971981049,-1.0231399061311208e-14,0.7226533889770508,inf,inf
134.055257686,-0.009339729323983192,-0.18517754971981049,-1.0231399061311208e-14,0.7368437647819519,inf,inf
134.156157937,-0.009339729323983192,-0.18517754971981049,-1.0231399061311208e-14,0.7307133078575134,inf,inf
134.262284623,-0.009339729323983192,-0.18517754971981049,-1.0231399061311208e-14,0.7299919128417969,inf,inf
134.362376284,-0.009339729323983192,-0.18517754971981049,-1.0231399061311208e-14,0.7220262885093689,inf,inf
134.465128186,-0.009339729323983192,-0.18517754971981049,-1.0231399061311208e-14,0.732088029384613,inf,inf
134.56590751,-0.009339729323983192,-0.18517754971981049,-1.0231399061311208e-14,0.7194072604179382,inf,inf
134.667367327,-0.009339729323983192,-0.18517754971981049,-1.0231399061311208e-14,0.7186706066131592,inf,inf
134.76746626,-0.009339729323983192,-0.18517754971981049,-1.0231399061311208e-14,0.717212975025177,inf,inf
134.872746228,-0.009339729323983192,-0.18517754971981049,-1.0231399061311208e-14,0.7337656617164612,inf,inf
134.97617771,-0.009339729323983192,-0.18517754971981049,-1.0231399061311208e-14,0.7379597425460815,inf,inf
135.077549561,-0.009339729323983192,-0.18517754971981049,-1.0231399061311208e-14,0.7135418057441711,inf,inf
135.178719308,-0.009339729323983192,-0.18517754971981049,-1.0231399061311208e-14,0.7330955862998962,inf,inf
135.281184381,-0.009339729323983192,-0.18517754971981049,-1.0231399061311208e-14,0.722456157207489,inf,inf
135.386244601,-0.009339729323983192,-0.18517754971981049,-1.0231399061311208e-14,0.7210860848426819,inf,inf
135.494023253,-0.009339729323983192,-0.18517754971981049,-1.0231399061311208e-14,0.7237594723701477,inf,inf
135.592507619,-0.009339729323983192,-0.18517754971981049,-1.0231399061311208e-14,0.7255562543869019,inf,inf
135.692432214,-0.009339729323983192,-0.18517754971981049,-1.0231399061311208e-14,0.732824981212616,inf,inf
135.797502011,-0.009339729323983192,-0.18517754971981049,-1.0231399061311208e-14,0.7237920761108398,inf,inf
135.898062119,-0.009339729323983192,-0.18517754971981049,-1.0231399061311208e-14,0.7278991341590881,inf,inf
135.999384241,-0.009339729323983192,-0.18517754971981049,-1.0231399061311208e-14,0.7183683514595032,inf,inf
136.101065171,-0.009339729323983192,-0.18517754971981049,-1.0231399061311208e-14,0.7299602031707764,inf,inf
136.202019787,-0.009339729323983192,-0.18517754971981049,-1.0231399061311208e-14,0.7283604145050049,inf,inf
136.302544293,-0.009339729323983192,-0.18517754971981049,-1.0231399061311208e-14,0.7324950695037842,inf,inf
136.404157112,-0.009339729323983192,-0.18517754971981049,-1.0231399061311208e-14,0.7207767367362976,inf,inf
136.504754593,-0.009339729323983192,-0.18517754971981049,-1.0231399061311208e-14,0.7271662950515747,inf,inf
136.606762503,-0.009339729323983192,-0.18517754971981049,-1.0231399061311208e-14,0.72647625207901,inf,inf
136.707556888,-0.009339729323983192,-0.18517754971981049,-1.0231399061311208e-14,0.7254615426063538,inf,inf
136.808272172,-0.009339729323983192,-0.18517754971981049,-1.0231399061311208e-14,0.7289917469024658,inf,inf
136.909935574,-0.009339729323983192,-0.18517754971981049,-1.0231399061311208e-14,0.7248455286026001,inf,inf
137.012819801,-0.009339729323983192,-0.18517754971981049,-1.0231399061311208e-14,0.7286330461502075,inf,inf
137.115586525,-0.009339729323983192,-0.18517754971981049,-1.0231399061311208e-14,0.7257199883460999,inf,inf
137.216899921,-0.009339729323983192,-0.18517754971981049,-1.0231399061311208e-14,0.7305330634117126,inf,inf
137.317034893,-0.009339729323983192,-0.18517754971981049,-1.0231399061311208e-14,0.7199122905731201,inf,inf
137.423085467,-0.009339729323983192,-0.18517754971981049,-1.0231399061311208e-14,0.7225603461265564,inf,inf
137.52406723,-0.009339729323983192,-0.18517754971981049,-1.0231399061311208e-14,0.7295505404472351,inf,inf
137.624294978,-0.009339729323983192,-0.18517754971981049,-1.0231399061311208e-14,0.718422532081604,inf,inf
137.725501745,-0.009339729323983192,-0.18517754971981049,-1.0231399061311208e-14,0.7220566272735596,inf,inf
137.829229861,-0.009339729323983192,-0.18517754971981049,-1.0231399061311208e-14,0.7360426783561707,inf,inf
137.929951919,-0.009339729323983192,-0.18517754971981049,-1.0231399061311208e-14,0.7187862396240234,inf,inf
138.033113524,-0.009339729323983192,-0.18517754971981049,-1.0231399061311208e-14,0.7253789305686951,inf,inf
138.133376873,-0.009339729323983192,-0.18517754971981049,-1.0231399061311208e-14,0.7159063816070557,inf,inf
138.236697781,-0.009339729323983192,-0.18517754971981049,-1.0231399061311208e-14,0.7298593521118164,inf,inf
138.338147652,-0.009339729323983192,-0.18517754971981049,-1.0231399061311208e-14,0.7307139039039612,inf,inf
138.438007374,-0.009339729323983192,-0.18517754971981049,-1.0231399061311208e-14,0.7312468886375427,inf,inf
138.538379232,-0.009339729323983192,-0.18517754971981049,-1.0231399061311208e-14,0.7232166528701782,inf,inf
138.639777979,-0.009339729323983192,-0.18517754971981049,-1.0231399061311208e-14,0.7238014936447144,inf,inf
138.74175142,-0.009339729323983192,-0.18517754971981049,-1.0231399061311208e-14,0.7130694389343262,inf,inf
138.841346385,-0.009339729323983192,-0.18517754971981049,-1.0231399061311208e-14,0.7211539149284363,inf,inf
138.941782042,-0.009339729323983192,-0.18517754971981049,-1.0231399061311208e-14,0.7309820652008057,inf,inf
139.044476475,-0.009339729323983192,-0.18517754971981049,-1.0231399061311208e-14,0.7233555316925049,inf,inf
139.146910911,-0.009339729323983192,-0.18517754971981049,-1.0231399061311208e-14,0.7265087962150574,inf,inf
139.249505346,-0.009339729323983192,-0.18517754971981049,-1.0231399061311208e-14,0.7274176478385925,inf,inf
139.351657585,-0.009339729323983192,-0.18517754971981049,-1.0231399061311208e-14,0.7216191291809082,inf,inf
139.455047689,-0.009339729323983192,-0.18517754971981049,-1.0231399061311208e-14,0.7156615257263184,inf,inf
139.556811806,-0.009339729323983192,-0.18517754971981049,-1.0231399061311208e-14,0.7247774600982666,inf,inf
139.657677733,-0.009339729323983192,-0.18517754971981049,-1.0231399061311208e-14,0.7338330745697021,inf,inf
139.758180163,-0.009339729323983192,-0.18517754971981049,-1.0231399061311208e-14,0.7253168225288391,inf,inf
139.860744072,-0.009339729323983192,-0.18517754971981049,-1.0231399061311208e-14,0.7303104996681213,inf,inf
139.962601488,-0.009339729323983192,-0.18517754971981049,-1.0231399061311208e-14,0.7170527577400208,inf,inf
140.065792991,-0.009339729323983192,-0.18517754971981049,-1.0231399061311208e-14,0.7290768027305603,inf,inf
140.167831105,-0.009339729323983192,-0.18517754971981049,-1.0231399061311208e-14,0.727777361869812,inf,inf
140.269887119,-0.009339729323983192,-0.18517754971981049,-1.0231399061311208e-14,0.7305058836936951,inf,inf
140.370475748,-0.009339729323983192,-0.18517754971981049,-1.0231399061311208e-14,0.7180528044700623,inf,inf
140.472758834,-0.009339729323983192,-0.18517754971981049,-1.0231399061311208e-14,0.7323817610740662,inf,inf
140.572932043,-0.009339729323983192,-0.18517754971981049,-1.0231399061311208e-14,0.7135425806045532,inf,inf
140.673047153,-0.009339729323983192,-0.18517754971981049,-1.0231399061311208e-14,0.7181784510612488,inf,inf
140.773693657,-0.009339729323983192,-0.18517754971981049,-1.0231399061311208e-14,0.726709246635437,inf,inf
140.876213141,-0.009339729323983192,-0.18517754971981049,-1.0231399061311208e-14,0.7230610251426697,inf,inf
140.979210619,-0.009339729323983192,-0.18517754971981049,-1.0231399061311208e-14,0.7184489369392395,inf,inf
141.084415974,-0.009339729323983192,-0.18517754971981049,-1.0231399061311208e-14,0.7381610870361328,inf,inf
141.184991379,-0.009339729323983192,-0.18517754971981049,-1.0231399061311208e-14,0.7286086678504944,inf,inf
141.288896647,-0.009339729323983192,-0.18517754971981049,-1.0231399061311208e-14,0.7194750308990479,inf,inf
141.389532246,-0.009339729323983192,-0.18517754971981049,-1.0231399061311208e-14,0.7263354063034058,inf,inf
141.491631509,-0.009339729323983192,-0.18517754971981049,-1.0231399061311208e-14,0.7280622720718384,inf,inf
141.595406654,-0.009339729323983192,-0.18517754971981049,-1.0231399061311208e-14,0.7390376925468445,inf,inf
141.697124621,-0.009339729323983192,-0.18517754971981049,-1.0231399061311208e-14,0.734929084777832,inf,inf
141.798267295,-0.009339729323983192,-0.18517754971981049,-1.0231399061311208e-14,0.7290051579475403,inf,inf
141.899869264,-0.009339729323983192,-0.18517754971981049,-1.0231399061311208e-14,0.7247112393379211,inf,inf
142.002278224,-0.009339729323983192,-0.18517754971981049,-1.0231399061311208e-14,0.719081699848175,inf,inf
142.103350498,-0.009339729323983192,-0.18517754971981049,-1.0231399061311208e-14,0.7294053435325623,inf,inf
142.204717969,-0.009339729323983192,-0.18517754971981049,-1.0231399061311208e-14,0.727571964263916,inf,inf
142.305450848,-0.009339729323983192,-0.18517754971981049,-1.0231399061311208e-14,0.7391924262046814,inf,inf
142.408420991,-0.009339729323983192,-0.18517754971981049,-1.0231399061311208e-14,0.7209843397140503,inf,inf
142.508274555,-0.009339729323983192,-0.18517754971981049,-1.0231399061311208e-14,0.7231074571609497,inf,inf
142.612242473,-0.009339729323983192,-0.18517754971981049,-1.0231399061311208e-14,0.7276915311813354,inf,inf
142.712421933,-0.009339729323983192,-0.18517754971981049,-1.0231399061311208e-14,0.7368773818016052,inf,inf
142.81293599,-0.009339729323983192,-0.18517754971981049,-1.0231399061311208e-14,0.7265951633453369,inf,inf
142.913499882,-0.009339729323983192,-0.18517754971981049,-1.0231399061311208e-14,0.7195804119110107,inf,inf
143.015611184,-0.009339729323983192,-0.18517754971981049,-1.0231399061311208e-14,0.7322586178779602,inf,inf
143.119370839,-0.009339729323983192,-0.18517754971981049,-1.0231399061311208e-14,0.7168077826499939,inf,inf
143.220774175,-0.009339729323983192,-0.18517754971981049,-1.0231399061311208e-14,0.7141173481941223,inf,inf
143.32517429,-0.009339729323983192,-0.18517754971981049,-1.0231399061311208e-14,0.7208034992218018,inf,inf
143.427173667,-0.009339729323983192,-0.18517754971981049,-1.0231399061311208e-14,0.7350068092346191,inf,inf
143.527285058,-0.009339729323983192,-0.18517754971981049,-1.0231399061311208e-14,0.7284438610076904,inf,inf
143.630044096,-0.009339729323983192,-0.18517754971981049,-1.0231399061311208e-14,0.7351691722869873,inf,inf
143.733345984,-0.009339729323983192,-0.18517754971981049,-1.0231399061311208e-14,0.7317522168159485,inf,inf
143.83975176,-0.009339729323983192,-0.18517754971981049,-1.0231399061311208e-14,0.7314988970756531,inf,inf
143.941122669,-0.009339729323983192,-0.18517754971981049,-1.0231399061311208e-14,0.7189433574676514,inf,inf
144.041682802,-0.009339729323983192,-0.18517754971981049,-1.0231399061311208e-14,0.7269463539123535,inf,inf
144.150318505,-0.009339729323983192,-0.18517754971981049,-1.0231399061311208e-14,0.7301777601242065,inf,inf
144.250351408,-0.009339729323983192,-0.18517754971981049,-1.0231399061311208e-14,0.7260196208953857,inf,inf
144.352032202,-0.009339729323983192,-0.18517754971981049,-1.0231399061311208e-14,0.7300475239753723,inf,inf
144.453550275,-0.009339729323983192,-0.18517754971981049,-1.0231399061311208e-14,0.7244167327880859,inf,inf
144.559951915,-0.009339729323983192,-0.18517754971981049,-1.0231399061311208e-14,0.7175880074501038,inf,inf
144.662641479,-0.009339729323983192,-0.18517754971981049,-1.0231399061311208e-14,0.7301799058914185,inf,inf
144.763280654,-0.009339729323983192,-0.18517754971981049,-1.0231399061311208e-14,0.7281262278556824,inf,inf
144.864777125,-0.009339729323983192,-0.18517754971981049,-1.0231399061311208e-14,0.7206483483314514,inf,inf
144.97194416,-0.009339729323983192,-0.18517754971981049,-1.0231399061311208e-14,0.7258691787719727,inf,inf
145.08159688,-0.009339729323983192,-0.18517754971981049,-1.0231399061311208e-14,0.7237897515296936,inf,inf
145.180294468,-0.009339729323983192,-0.18517754971981049,-1.0231399061311208e-14,0.7308454513549805,inf,inf
145.280943444,-0.009339729323983192,-0.18517754971981049,-1.0231399061311208e-14,0.724242091178894,inf,inf
145.381476417,-0.009339729323983192,-0.18517754971981049,-1.0231399061311208e-14,0.7270093560218811,inf,inf
145.481857771,-0.009339729323983192,-0.18517754971981049,-1.0231399061311208e-14,0.725046694278717,inf,inf
145.58455471,-0.009339729323983192,-0.18517754971981049,-1.0231399061311208e-14,0.7253408432006836,inf,inf
145.686901452,-0.009339729323983192,-0.18517754971981049,-1.0231399061311208e-14,0.7267208695411682,inf,inf
145.788763897,-0.009339729323983192,-0.18517754971981049,-1.0231399061311208e-14,0.7275779247283936,inf,inf
145.892139032,-0.009339729323983192,-0.18517754971981049,-1.0231399061311208e-14,0.7353761196136475,inf,inf
145.996349161,-0.009339729323983192,-0.18517754971981049,-1.0231399061311208e-14,0.7326417565345764,inf,inf
146.102610778,-0.009339729323983192,-0.18517754971981049,-1.0231399061311208e-14,0.7215927839279175,inf,inf
146.204029925,-0.009339729323983192,-0.18517754971981049,-1.0231399061311208e-14,0.7262366414070129,inf,inf
146.308789052,-0.009339729323983192,-0.18517754971981049,-1.0231399061311208e-14,0.7338550090789795,inf,inf
146.414514061,-0.009339729323983192,-0.18517754971981049,-1.0231399061311208e-14,0.7244343161582947,inf,inf
146.51517799,-0.009339729323983192,-0.18517754971981049,-1.0231399061311208e-14,0.7317078709602356,inf,inf
146.620075992,-0.009339729323983192,-0.18517754971981049,-1.0231399061311208e-14,0.7262569069862366,inf,inf
146.723587802,-0.009339729323983192,-0.18517754971981049,-1.0231399061311208e-14,0.7199226021766663,inf,inf
146.827199712,-0.009339729323983192,-0.18517754971981049,-1.0231399061311208e-14,0.7216914892196655,inf,inf
146.930575724,-0.009339729323983192,-0.18517754971981049,-1.0231399061311208e-14,0.732262909412384,inf,inf
147.03022086,-0.009339729323983192,-0.18517754971981049,-1.0231399061311208e-14,0.7357448935508728,inf,inf
147.134190468,-0.009339729323983192,-0.18517754971981049,-1.0231399061311208e-14,0.7151222825050354,inf,inf
147.236276188,-0.009339729323983192,-0.18517754971981049,-1.0231399061311208e-14,0.7189242839813232,inf,inf
147.336135123,-0.009339729323983192,-0.18517754971981049,-1.0231399061311208e-14,0.7268300652503967,inf,inf
147.443910688,-0.009339729323983192,-0.18517754971981049,-1.0231399061311208e-14,0.7254154086112976,inf,inf
147.544645995,-0.009339729323983192,-0.18517754971981049,-1.0231399061311208e-14,0.7240654826164246,inf,inf
147.645546,-0.009339729323983192,-0.18517754971981049,-1.0231399061311208e-14,0.7269824147224426,inf,inf
147.749478685,-0.009339729323983192,-0.18517754971981049,-1.0231399061311208e-14,0.7136707305908203,inf,inf
147.853961066,-0.009339729323983192,-0.18517754971981049,-1.0231399061311208e-14,0.7138492465019226,inf,inf
147.954180776,-0.009339729323983192,-0.18517754971981049,-1.0231399061311208e-14,0.7222461700439453,inf,inf
148.055532879,-0.009339729323983192,-0.18517754971981049,-1.0231399061311208e-14,0.7291526198387146,inf,inf
148.158787068,-0.009339729323983192,-0.18517754971981049,-1.0231399061311208e-14,0.7206312417984009,inf,inf
148.258832779,-0.009339729323983192,-0.18517754971981049,-1.0231399061311208e-14,0.7086177468299866,inf,inf
148.360050783,-0.009339729323983192,-0.18517754971981049,-1.0231399061311208e-14,0.7245783805847168,inf,inf
148.462463457,-0.009339729323983192,-0.18517754971981049,-1.0231399061311208e-14,0.7233687043190002,inf,inf
148.56763191,-0.009339729323983192,-0.18517754971981049,-1.0231399061311208e-14,0.7250999808311462,inf,inf
148.667802898,-0.009339729323983192,-0.18517754971981049,-1.0231399061311208e-14,0.7282765507698059,inf,inf
148.770638568,-0.009339729323983192,-0.18517754971981049,-1.0231399061311208e-14,0.7281613349914551,inf,inf
148.871881349,-0.009339729323983192,-0.18517754971981049,-1.0231399061311208e-14,0.7303134799003601,inf,inf
148.973206929,-0.009339729323983192,-0.18517754971981049,-1.0231399061311208e-14,0.720287561416626,inf,inf
149.082018856,-0.009339729323983192,-0.18517754971981049,-1.0231399061311208e-14,0.7164249420166016,inf,inf
149.183448536,-0.009339729323983192,-0.18517754971981049,-1.0231399061311208e-14,0.73336261510849,inf,inf
149.286538704,-0.009339729323983192,-0.18517754971981049,-1.0231399061311208e-14,0.7248579859733582,inf,inf
149.392878843,-0.009339729323983192,-0.18517754971981049,-1.0231399061311208e-14,0.7271245121955872,inf,inf
149.494533799,-0.009339729323983192,-0.18517754971981049,-1.0231399061311208e-14,0.7177163362503052,inf,inf
149.596379753,-0.009339729323983192,-0.18517754971981049,-1.0231399061311208e-14,0.7330416440963745,inf,inf
149.697400914,-0.009339729323983192,-0.18517754971981049,-1.0231399061311208e-14,0.7247517704963684,inf,inf
149.805696422,-0.009339729323983192,-0.18517754971981049,-1.0231399061311208e-14,0.7436233758926392,inf,inf
149.905873088,-0.009339729323983192,-0.18517754971981049,-1.0231399061311208e-14,0.7199866771697998,inf,inf
150.006489052,-0.009339729323983192,-0.18517754971981049,-1.0231399061311208e-14,0.7289106845855713,inf,inf
150.108006209,-0.009339729323983192,-0.18517754971981049,-1.0231399061311208e-14,0.7266402244567871,inf,inf
150.208288575,-0.009339729323983192,-0.18517754971981049,-1.0231399061311208e-14,0.7231018543243408,inf,inf
150.310563626,-0.009339729323983192,-0.18517754971981049,-1.0231399061311208e-14,0.7203043699264526,inf,inf
150.413796061,-0.009339729323983192,-0.18517754971981049,-1.0231399061311208e-14,0.7361578941345215,inf,inf
150.515760193,-0.009339729323983192,-0.18517754971981049,-1.0231399061311208e-14,0.7217282652854919,inf,inf
150.617993923,-0.009339729323983192,-0.18517754971981049,-1.0231399061311208e-14,0.7272115349769592,inf,inf
150.722961932,-0.009339729323983192,-0.18517754971981049,-1.0231399061311208e-14,0.7324878573417664,inf,inf
150.819595805,-0.009339729323983192,-0.18517754971981049,-1.0231399061311208e-14,0.7288083434104919,inf,inf
150.920346732,-0.009339729323983192,-0.18517754971981049,-1.0231399061311208e-14,0.7225204706192017,inf,inf
151.021451982,-0.009339729323983192,-0.18517754971981049,-1.0231399061311208e-14,0.7244887948036194,inf,inf
151.123038834,-0.009339729323983192,-0.18517754971981049,-1.0231399061311208e-14,0.7188454866409302,inf,inf
151.224480986,-0.009339729323983192,-0.18517754971981049,-1.0231399061311208e-14,0.7108189463615417,inf,inf
151.323909928,-0.009339729323983192,-0.18517754971981049,-1.0231399061311208e-14,0.7285025715827942,inf,inf
151.424713865,-0.009339729323983192,-0.18517754971981049,-1.0231399061311208e-14,0.7266578078269958,inf,inf
151.527102799,-0.009339729323983192,-0.18517754971981049,-1.0231399061311208e-14,0.7109742164611816,inf,inf
151.632076944,-0.009339729323983192,-0.18517754971981049,-1.0231399061311208e-14,0.7225279808044434,inf,inf
151.73235897,-0.009339729323983192,-0.18517754971981049,-1.0231399061311208e-14,0.7302048206329346,inf,inf
151.834993205,-0.009339729323983192,-0.18517754971981049,-1.0231399061311208e-14,0.7213640213012695,inf,inf
151.935626832,-0.009339729323983192,-0.18517754971981049,-1.0231399061311208e-14,0.7172513008117676,inf,inf
152.035796057,-0.009339729323983192,-0.18517754971981049,-1.0231399061311208e-14,0.7198287844657898,inf,inf
152.136977686,-0.009339729323983192,-0.18517754971981049,-1.0231399061311208e-14,0.7203171253204346,inf,inf
152.238443816,-0.009339729323983192,-0.18517754971981049,-1.0231399061311208e-14,0.7256677150726318,inf,inf
152.340345749,-0.009339729323983192,-0.18517754971981049,-1.0231399061311208e-14,0.7305870056152344,inf,inf
152.441862264,-0.009339729323983192,-0.18517754971981049,-1.0231399061311208e-14,0.7201148867607117,inf,inf
152.54505548,-0.009339729323983192,-0.18517754971981049,-1.0231399061311208e-14,0.72673499584198,inf,inf
152.646166388,-0.009339729323983192,-0.18517754971981049,-1.0231399061311208e-14,0.7221099734306335,inf,inf
152.748000799,-0.009339729323983192,-0.18517754971981049,-1.0231399061311208e-14,0.7405678033828735,inf,inf
152.850098811,-0.009339729323983192,-0.18517754971981049,-1.0231399061311208e-14,0.728522002696991,inf,inf
152.956605141,-0.009339729323983192,-0.18517754971981049,-1.0231399061311208e-14,0.7129170298576355,inf,inf
153.058462252,-0.009339729323983192,-0.18517754971981049,-1.0231399061311208e-14,0.7087005972862244,inf,inf
153.158329655,-0.009339729323983192,-0.18517754971981049,-1.0231399061311208e-14,0.7328206896781921,inf,inf
153.261371771,-0.009339729323983192,-0.18517754971981049,-1.0231399061311208e-14,0.7242204546928406,inf,inf
153.363360982,-0.009339729323983192,-0.18517754971981049,-1.0231399061311208e-14,0.7271773219108582,inf,inf
153.465920076,-0.009339729323983192,-0.18517754971981049,-1.0231399061311208e-14,0.7283322215080261,inf,inf
153.566308961,-0.009339729323983192,-0.18517754971981049,-1.0231399061311208e-14,0.7258911728858948,inf,inf
153.667242748,-0.009339729323983192,-0.18517754971981049,-1.0231399061311208e-14,0.735572874546051,inf,inf
153.769017038,-0.009339729323983192,-0.18517754971981049,-1.0231399061311208e-14,0.7272675633430481,inf,inf
153.872420834,-0.009339729323983192,-0.18517754971981049,-1.0231399061311208e-14,0.7195696234703064,inf,inf
153.974599125,-0.009339729323983192,-0.18517754971981049,-1.0231399061311208e-14,0.7239675521850586,inf,inf
154.080579632,-0.009339729323983192,-0.18517754971981049,-1.0231399061311208e-14,0.7311629056930542,inf,inf
154.180456814,-0.009339729323983192,-0.18517754971981049,-1.0231399061311208e-14,0.7371760010719299,inf,inf
154.280755499,-0.009339729323983192,-0.18517754971981049,-1.0231399061311208e-14,0.718800961971283,inf,inf
154.380595679,-0.009339729323983192,-0.18517754971981049,-1.0231399061311208e-14,0.7275891304016113,inf,inf
154.483769253,-0.009339729323983192,-0.18517754971981049,-1.0231399061311208e-14,0.719350278377533,inf,inf
154.587949732,-0.009339729323983192,-0.18517754971981049,-1.0231399061311208e-14,0.726577877998352,inf,inf
154.689588801,-0.009339729323983192,-0.18517754971981049,-1.0231399061311208e-14,0.7267087697982788,inf,inf
154.790962969,-0.009339729323983192,-0.18517754971981049,-1.0231399061311208e-14,0.7182531356811523,inf,inf
154.891571435,-0.009339729323983192,-0.18517754971981049,-1.0231399061311208e-14,0.7317036986351013,inf,inf
154.993790106,-0.009339729323983192,-0.18517754971981049,-1.0231399061311208e-14,0.7258884310722351,inf,inf
155.099378389,-0.009339729323983192,-0.18517754971981049,-1.0231399061311208e-14,0.7323783040046692,inf,inf
155.206097277,-0.009339729323983192,-0.18517754971981049,-1.0231399061311208e-14,0.734054446220398,inf,inf
155.308583649,-0.009339729323983192,-0.18517754971981049,-1.0231399061311208e-14,0.7243309617042542,inf,inf
155.410676654,-0.009339729323983192,-0.18517754971981049,-1.0231399061311208e-14,0.7296358942985535,inf,inf
155.511432556,-0.009339729323983192,-0.18517754971981049,-1.0231399061311208e-14,0.7228297591209412,inf,inf
155.612520657,-0.009339729323983192,-0.18517754971981049,-1.0231399061311208e-14,0.7374641299247742,inf,inf
155.714884349,-0.009339729323983192,-0.18517754971981049,-1.0231399061311208e-14,0.7178845405578613,inf,inf
155.817170141,-0.009339729323983192,-0.18517754971981049,-1.0231399061311208e-14,0.7332907319068909,inf,inf
155.919487633,-0.009339729323983192,-0.18517754971981049,-1.0231399061311208e-14,0.7352045774459839,inf,inf
156.02251302,-0.009339729323983192,-0.18517754971981049,-1.0231399061311208e-14,0.720230221748352,inf,inf
156.124247216,-0.009339729323983192,-0.18517754971981049,-1.0231399061311208e-14,0.7182488441467285,inf,inf
156.231315475,-0.009339729323983192,-0.18517754971981049,-1.0231399061311208e-14,0.7205018401145935,inf,inf
156.335891251,-0.009339729323983192,-0.18517754971981049,-1.0231399061311208e-14,0.7212151288986206,inf,inf
156.434857953,-0.009339729323983192,-0.18517754971981049,-1.0231399061311208e-14,0.731406569480896,inf,inf
156.535718436,-0.009339729323983192,-0.18517754971981049,-1.0231399061311208e-14,0.7369559407234192,inf,inf
156.637405212,-0.009339729323983192,-0.18517754971981049,-1.0231399061311208e-14,0.7264888882637024,inf,inf
156.738745792,-0.009339729323983192,-0.18517754971981049,-1.0231399061311208e-14,0.723474383354187,inf,inf
156.837577388,-0.009339729323983192,-0.18517754971981049,-1.0231399061311208e-14,0.7296550869941711,inf,inf
156.943239737,-0.009339729323983192,-0.18517754971981049,-1.0231399061311208e-14,0.7110475301742554,inf,inf
157.042673729,-0.009339729323983192,-0.18517754971981049,-1.0231399061311208e-14,0.7217798829078674,inf,inf
157.146063694,-0.009339729323983192,-0.18517754971981049,-1.0231399061311208e-14,0.7212240695953369,inf,inf
157.249556958,-0.009339729323983192,-0.18517754971981049,-1.0231399061311208e-14,0.7337255477905273,inf,inf
157.34904555,-0.009339729323983192,-0.18517754971981049,-1.0231399061311208e-14,0.7312102913856506,inf,inf
157.450970809,-0.009339729323983192,-0.18517754971981049,-1.0231399061311208e-14,0.7197145819664001,inf,inf
157.55209087,-0.009339729323983192,-0.18517754971981049,-1.0231399061311208e-14,0.7189179062843323,inf,inf
157.654342124,-0.009339729323983192,-0.18517754971981049,-1.0231399061311208e-14,0.7320486903190613,inf,inf
157.756615076,-0.009339729323983192,-0.18517754971981049,-1.0231399061311208e-14,0.7208170294761658,inf,inf
157.856621446,-0.009339729323983192,-0.18517754971981049,-1.0231399061311208e-14,0.7248561382293701,inf,inf
157.960743485,-0.009339729323983192,-0.18517754971981049,-1.0231399061311208e-14,0.7288829684257507,inf,inf
158.066593312,-0.009339729323983192,-0.18517754971981049,-1.0231399061311208e-14,0.7176303863525391,inf,inf
158.171781144,-0.009339729323983192,-0.18517754971981049,-1.0231399061311208e-14,0.7228420376777649,inf,inf
158.271324617,-0.009339729323983192,-0.18517754971981049,-1.0231399061311208e-14,0.7271555066108704,inf,inf
158.371373385,-0.009339729323983192,-0.18517754971981049,-1.0231399061311208e-14,0.7201216220855713,inf,inf
158.475284607,-0.009339729323983192,-0.18517754971981049,-1.0231399061311208e-14,0.7261266112327576,inf,inf
158.579229928,-0.009339729323983192,-0.18517754971981049,-1.0231399061311208e-14,0.7247097492218018,inf,inf
158.680905166,-0.009339729323983192,-0.18517754971981049,-1.0231399061311208e-14,0.726075291633606,inf,inf
158.780291722,-0.009339729323983192,-0.18517754971981049,-1.0231399061311208e-14,0.7291246056556702,inf,inf
158.881656662,-0.009339729323983192,-0.18517754971981049,-1.0231399061311208e-14,0.7236531972885132,inf,inf
158.982334499,-0.009339729323983192,-0.18517754971981049,-1.0231399061311208e-14,0.7217307090759277,inf,inf
159.084762034,-0.009339729323983192,-0.18517754971981049,-1.0231399061311208e-14,0.7197107076644897,inf,inf
159.191839039,-0.009339729323983192,-0.18517754971981049,-1.0231399061311208e-14,0.7288236618041992,inf,inf
159.293401562,-0.009339729323983192,-0.18517754971981049,-1.0231399061311208e-14,0.7165811061859131,inf,inf
159.394017065,-0.009339729323983192,-0.18517754971981049,-1.0231399061311208e-14,0.7203354835510254,inf,inf
159.495695771,-0.009339729323983192,-0.18517754971981049,-1.0231399061311208e-14,0.7248677015304565,inf,inf
159.600280319,-0.009339729323983192,-0.18517754971981049,-1.0231399061311208e-14,0.7321639657020569,inf,inf
159.701421017,-0.009339729323983192,-0.18517754971981049,-1.0231399061311208e-14,0.7368466854095459,inf,inf
159.804063136,-0.009339729323983192,-0.18517754971981049,-1.0231399061311208e-14,0.7280266284942627,inf,inf
159.907434567,-0.009339729323983192,-0.18517754971981049,-1.0231399061311208e-14,0.7306105494499207,inf,inf
160.015204263,-0.009339729323983192,-0.18517754971981049,-1.0231399061311208e-14,0.7371790409088135,inf,inf
160.114685036,-0.009339729323983192,-0.18517754971981049,-1.0231399061311208e-14,0.7272093892097473,inf,inf
160.215568229,-0.009339729323983192,-0.18517754971981049,-1.0231399061311208e-14,0.7235169410705566,inf,inf
160.321536398,-0.009339729323983192,-0.18517754971981049,-1.0231399061311208e-14,0.7213375568389893,inf,inf
160.421881074,-0.009339729323983192,-0.18517754971981049,-1.0231399061311208e-14,0.7261212468147278,inf,inf
160.529009641,-0.009339729323983192,-0.18517754971981049,-1.0231399061311208e-14,0.7339422106742859,inf,inf
160.63015122,-0.009339729323983192,-0.18517754971981049,-1.0231399061311208e-14,0.7230077385902405,inf,inf
160.732146511,-0.009339729323983192,-0.18517754971981049,-1.0231399061311208e-14,0.7210640907287598,inf,inf
160.836591739,-0.009339729323983192,-0.18517754971981049,-1.0231399061311208e-14,0.7157885432243347,inf,inf
160.936856005,-0.009339729323983192,-0.18517754971981049,-1.0231399061311208e-14,0.731477677822113,inf,inf
161.038820896,-0.009339729323983192,-0.18517754971981049,-1.0231399061311208e-14,0.7255959510803223,inf,inf
161.143113321,-0.009339729323983192,-0.18517754971981049,-1.0231399061311208e-14,0.7271973490715027,inf,inf
161.245896725,-0.009339729323983192,-0.18517754971981049,-1.0231399061311208e-14,0.7215431928634644,inf,inf
161.344420565,-0.009339729323983192,-0.18517754971981049,-1.0231399061311208e-14,0.7292822003364563,inf,inf
161.446435243,-0.009339729323983192,-0.18517754971981049,-1.0231399061311208e-14,0.7216917872428894,inf,inf
161.549636734,-0.009339729323983192,-0.18517754971981049,-1.0231399061311208e-14,0.7283965349197388,inf,inf
161.649954683,-0.009339729323983192,-0.18517754971981049,-1.0231399061311208e-14,0.7165816426277161,inf,inf
161.751080744,-0.009339729323983192,-0.18517754971981049,-1.0231399061311208e-14,0.7188838124275208,inf,inf
161.86025455,-0.009339729323983192,-0.18517754971981049,-1.0231399061311208e-14,0.7112430930137634,inf,inf
161.963824448,-0.009339729323983192,-0.18517754971981049,-1.0231399061311208e-14,0.7223012447357178,inf,inf
162.067326946,-0.009339729323983192,-0.18517754971981049,-1.0231399061311208e-14,0.7317016124725342,inf,inf
162.167779061,-0.009339729323983192,-0.18517754971981049,-1.0231399061311208e-14,0.7218976616859436,inf,inf
162.268243077,-0.009339729323983192,-0.18517754971981049,-1.0231399061311208e-14,0.7248335480690002,inf,inf
162.369174389,-0.009339729323983192,-0.18517754971981049,-1.0231399061311208e-14,0.7231085300445557,inf,inf
162.471720175,-0.009339729323983192,-0.18517754971981049,-1.0231399061311208e-14,0.7240314483642578,inf,inf
162.572351272,-0.009339729323983192,-0.18517754971981049,-1.0231399061311208e-14,0.7178367376327515,inf,inf
162.673636565,-0.009339729323983192,-0.18517754971981049,-1.0231399061311208e-14,0.7262700796127319,inf,inf
162.778153738,-0.009339729323983192,-0.18517754971981049,-1.0231399061311208e-14,0.7324861288070679,inf,inf
162.885681094,-0.009339729323983192,-0.18517754971981049,-1.0231399061311208e-14,0.7247717380523682,inf,inf
162.993307749,-0.009339729323983192,-0.18517754971981049,-1.0231399061311208e-14,0.7266945838928223,inf,inf
163.093579848,-0.009339729323983192,-0.18517754971981049,-1.0231399061311208e-14,0.7328716516494751,inf,inf
163.197447925,-0.009339729323983192,-0.18517754971981049,-1.0231399061311208e-14,0.7180671691894531,inf,inf
163.298648519,-0.009339729323983192,-0.18517754971981049,-1.0231399061311208e-14,0.7148191332817078,inf,inf
163.404542578,-0.009339729323983192,-0.18517754971981049,-1.0231399061311208e-14,0.7233701944351196,inf,inf
163.507603342,-0.009339729323983192,-0.18517754971981049,-1.0231399061311208e-14,0.7152535915374756,inf,inf
163.607838024,-0.009339729323983192,-0.18517754971981049,-1.0231399061311208e-14,0.7327635288238525,inf,inf
163.708868001,-0.009339729323983192,-0.18517754971981049,-1.0231399061311208e-14,0.7320983409881592,inf,inf
163.813192957,-0.009339729323983192,-0.18517754971981049,-1.0231399061311208e-14,0.7175920009613037,inf,inf
163.915281628,-0.009339729323983192,-0.18517754971981049,-1.0231399061311208e-14,0.7159982323646545,inf,inf
164.019534485,-0.009339729323983192,-0.18517754971981049,-1.0231399061311208e-14,0.7379112839698792,inf,inf
164.121055159,-0.009339729323983192,-0.18517754971981049,-1.0231399061311208e-14,0.7182074189186096,inf,inf
164.224159923,-0.009339729323983192,-0.18517754971981049,-1.0231399061311208e-14,0.7158135771751404,inf,inf
164.324741003,-0.009339729323983192,-0.18517754971981049,-1.0231399061311208e-14,0.7270141243934631,inf,inf
164.425406272,-0.009339729323983192,-0.18517754971981049,-1.0231399061311208e-14,0.7183880805969238,inf,inf
164.52981531,-0.009339729323983192,-0.18517754971981049,-1.0231399061311208e-14,0.72762131690979,inf,inf
164.628951482,-0.009339729323983192,-0.18517754971981049,-1.0231399061311208e-14,0.7248238325119019,inf,inf
164.733737218,-0.009339729323983192,-0.18517754971981049,-1.0231399061311208e-14,0.7097277641296387,inf,inf
164.839856545,-0.009339729323983192,-0.18517754971981049,-1.0231399061311208e-14,0.7310100793838501,inf,inf
164.940455608,-0.009339729323983192,-0.18517754971981049,-1.0231399061311208e-14,0.709787130355835,inf,inf
165.040805672,-0.009339729323983192,-0.18517754971981049,-1.0231399061311208e-14,0.7207117080688477,inf,inf
165.143395422,-0.009339729323983192,-0.18517754971981049,-1.0231399061311208e-14,0.7334822416305542,inf,inf
165.243605987,-0.009339729323983192,-0.18517754971981049,-1.0231399061311208e-14,0.7268159985542297,inf,inf
165.344382948,-0.009339729323983192,-0.18517754971981049,-1.0231399061311208e-14,0.7339034676551819,inf,inf
165.445012897,-0.009339729323983192,-0.18517754971981049,-1.0231399061311208e-14,0.717470645904541,inf,inf
165.547369831,-0.009339729323983192,-0.18517754971981049,-1.0231399061311208e-14,0.7180558443069458,inf,inf
165.649860364,-0.009339729323983192,-0.18517754971981049,-1.0231399061311208e-14,0.7206769585609436,inf,inf
165.751852001,-0.009339729323983192,-0.18517754971981049,-1.0231399061311208e-14,0.7172278761863708,inf,inf
165.853930737,-0.009339729323983192,-0.18517754971981049,-1.0231399061311208e-14,0.729381799697876,inf,inf
165.952049998,-0.009339729323983192,-0.18517754971981049,-1.0231399061311208e-14,0.7244879007339478,inf,inf
166.052204547,-0.009339729323983192,-0.18517754971981049,-1.0231399061311208e-14,0.7146141529083252,inf,inf
166.155041378,-0.009339729323983192,-0.18517754971981049,-1.0231399061311208e-14,0.7176280617713928,inf,inf
166.258841302,-0.009339729323983192,-0.18517754971981049,-1.0231399061311208e-14,0.7138269543647766,inf,inf
166.361320536,-0.009339729323983192,-0.18517754971981049,-1.0231399061311208e-14,0.729301929473877,inf,inf
166.461528168,-0.009339729323983192,-0.18517754971981049,-1.0231399061311208e-14,0.7224852442741394,inf,inf
166.563938985,-0.009339729323983192,-0.18517754971981049,-1.0231399061311208e-14,0.7299801111221313,inf,inf
166.663909218,-0.009339729323983192,-0.18517754971981049,-1.0231399061311208e-14,0.7326257228851318,inf,inf
166.767660526,-0.009339729323983192,-0.18517754971981049,-1.0231399061311208e-14,0.7224351763725281,inf,inf
166.872659725,-0.009339729323983192,-0.18517754971981049,-1.0231399061311208e-14,0.723168671131134,inf,inf
166.974263596,-0.009339729323983192,-0.18517754971981049,-1.0231399061311208e-14,0.7312206029891968,inf,inf
167.077071158,-0.009339729323983192,-0.18517754971981049,-1.0231399061311208e-14,0.7234218120574951,inf,inf
167.18235635,-0.009339729323983192,-0.18517754971981049,-1.0231399061311208e-14,0.724359929561615,inf,inf
167.284732106,-0.009339729323983192,-0.18517754971981049,-1.0231399061311208e-14,0.7305238842964172,inf,inf
167.385656141,-0.009339729323983192,-0.18517754971981049,-1.0231399061311208e-14,0.7229286432266235,inf,inf
167.486864267,-0.009339729323983192,-0.18517754971981049,-1.0231399061311208e-14,0.7326796054840088,inf,inf
167.588967903,-0.009339729323983192,-0.18517754971981049,-1.0231399061311208e-14,0.7244694828987122,inf,inf
167.690125828,-0.009339729323983192,-0.18517754971981049,-1.0231399061311208e-14,0.7235246300697327,inf,inf
167.792439167,-0.009339729323983192,-0.18517754971981049,-1.0231399061311208e-14,0.7266708612442017,inf,inf
167.896346525,-0.009339729323983192,-0.18517754971981049,-1.0231399061311208e-14,0.7195260524749756,inf,inf
168.001279595,-0.009339729323983192,-0.18517754971981049,-1.0231399061311208e-14,0.7400136590003967,inf,inf
168.101914214,-0.009339729323983192,-0.18517754971981049,-1.0231399061311208e-14,0.7191635966300964,inf,inf
168.203675946,-0.009339729323983192,-0.18517754971981049,-1.0231399061311208e-14,0.7270097732543945,inf,inf
168.306504691,-0.009339729323983192,-0.18517754971981049,-1.0231399061311208e-14,0.7249423265457153,inf,inf
168.407396106,-0.009339729323983192,-0.18517754971981049,-1.0231399061311208e-14,0.7204984426498413,inf,inf
168.507759705,-0.009339729323983192,-0.18517754971981049,-1.0231399061311208e-14,0.7310346961021423,inf,inf
168.612383255,-0.009339729323983192,-0.18517754971981049,-1.0231399061311208e-14,0.7300825119018555,inf,inf
168.71243535,-0.009339729323983192,-0.18517754971981049,-1.0231399061311208e-14,0.7243690490722656,inf,inf
168.820535242,-0.009339729323983192,-0.18517754971981049,-1.0231399061311208e-14,0.7267791628837585,inf,inf
168.919402223,-0.009339729323983192,-0.18517754971981049,-1.0231399061311208e-14,0.7374167442321777,inf,inf
169.019767422,-0.009339729323983192,-0.18517754971981049,-1.0231399061311208e-14,0.7211320996284485,inf,inf
169.124079169,-0.009339729323983192,-0.18517754971981049,-1.0231399061311208e-14,0.7380542159080505,inf,inf
169.225270078,-0.009339729323983192,-0.18517754971981049,-1.0231399061311208e-14,0.7256600856781006,inf,inf
169.32593358,-0.009339729323983192,-0.18517754971981049,-1.0231399061311208e-14,0.7272849082946777,inf,inf
169.42711128,-0.009339729323983192,-0.18517754971981049,-1.0231399061311208e-14,0.7261242866516113,inf,inf
169.535044552,-0.009339729323983192,-0.18517754971981049,-1.0231399061311208e-14,0.7309654355049133,inf,inf
169.634519725,-0.009339729323983192,-0.18517754971981049,-1.0231399061311208e-14,0.7111520767211914,inf,inf
169.738037856,-0.009339729323983192,-0.18517754971981049,-1.0231399061311208e-14,0.7284255027770996,inf,inf
169.847051892,-0.009339729323983192,-0.18517754971981049,-1.0231399061311208e-14,0.7214182615280151,inf,inf
169.952226248,-0.009339729323983192,-0.18517754971981049,-1.0231399061311208e-14,0.7342153787612915,inf,inf
170.056809607,-0.009339729323983192,-0.18517754971981049,-1.0231399061311208e-14,0.719798743724823,inf,inf
170.15860858,-0.009339729323983192,-0.18517754971981049,-1.0231399061311208e-14,0.7284948825836182,inf,inf
170.260867551,-0.009339729323983192,-0.18517754971981049,-1.0231399061311208e-14,0.729658305644989,inf,inf
170.362613425,-0.009339729323983192,-0.18517754971981049,-1.0231399061311208e-14,0.7320999503135681,inf,inf
170.465971275,-0.009339729323983192,-0.18517754971981049,-1.0231399061311208e-14,0.7227808833122253,inf,inf
170.57203281,-0.009339729323983192,-0.18517754971981049,-1.0231399061311208e-14,0.7202510237693787,inf,inf
170.673172571,-0.009339729323983192,-0.18517754971981049,-1.0231399061311208e-14,0.7224811315536499,inf,inf
170.775373126,-0.009339729323983192,-0.18517754971981049,-1.0231399061311208e-14,0.7265908122062683,inf,inf
170.877221483,-0.009339729323983192,-0.18517754971981049,-1.0231399061311208e-14,0.7221046090126038,inf,inf
170.977499449,-0.009339729323983192,-0.18517754971981049,-1.0231399061311208e-14,0.735630452632904,inf,inf
171.083100686,-0.009339729323983192,-0.18517754971981049,-1.0231399061311208e-14,0.7179406881332397,inf,inf
171.185261541,-0.009339729323983192,-0.18517754971981049,-1.0231399061311208e-14,0.7282986640930176,inf,inf
171.285957605,-0.009339729323983192,-0.18517754971981049,-1.0231399061311208e-14,0.721601128578186,inf,inf
171.386769265,-0.009339729323983192,-0.18517754971981049,-1.0231399061311208e-14,0.7264429926872253,inf,inf
171.489416902,-0.009339729323983192,-0.18517754971981049,-1.0231399061311208e-14,0.716472327709198,inf,inf
171.592164538,-0.009339729323983192,-0.18517754971981049,-1.0231399061311208e-14,0.7337878346443176,inf,inf
171.692552688,-0.009339729323983192,-0.18517754971981049,-1.0231399061311208e-14,0.7209067940711975,inf,inf
171.792964138,-0.009339729323983192,-0.18517754971981049,-1.0231399061311208e-14,0.7310283184051514,inf,inf
171.895475276,-0.009339729323983192,-0.18517754971981049,-1.0231399061311208e-14,0.7258206605911255,inf,inf
171.995386228,-0.009339729323983192,-0.18517754971981049,-1.0231399061311208e-14,0.72514808177948,inf,inf
172.099531157,-0.009339729323983192,-0.18517754971981049,-1.0231399061311208e-14,0.7210949659347534,inf,inf
172.198201116,-0.009339729323983192,-0.18517754971981049,-1.0231399061311208e-14,0.7205512523651123,inf,inf
172.301319851,-0.009339729323983192,-0.18517754971981049,-1.0231399061311208e-14,0.7181137204170227,inf,inf
172.405597473,-0.009339729323983192,-0.18517754971981049,-1.0231399061311208e-14,0.7289990782737732,inf,inf
172.511905974,-0.009339729323983192,-0.18517754971981049,-1.0231399061311208e-14,0.7312206029891968,inf,inf
172.611813412,-0.009339729323983192,-0.18517754971981049,-1.0231399061311208e-14,0.715031623840332,inf,inf
172.712497344,-0.009339729323983192,-0.18517754971981049,-1.0231399061311208e-14,0.7271541357040405,inf,inf
172.813308377,-0.009339729323983192,-0.18517754971981049,-1.0231399061311208e-14,0.7330086827278137,inf,inf
172.913707011,-0.009339729323983192,-0.18517754971981049,-1.0231399061311208e-14,0.7225100994110107,inf,inf
173.015611337,-0.009339729323983192,-0.18517754971981049,-1.0231399061311208e-14,0.7270203232765198,inf,inf
173.115386975,-0.009339729323983192,-0.18517754971981049,-1.0231399061311208e-14,0.7325668931007385,inf,inf
173.216050308,-0.009339729323983192,-0.18517754971981049,-1.0231399061311208e-14,0.7175840735435486,inf,inf
173.32047702,-0.009339729323983192,-0.18517754971981049,-1.0231399061311208e-14,0.7326943874359131,inf,inf
173.418637259,-0.009339729323983192,-0.18517754971981049,-1.0231399061311208e-14,0.7204306721687317,inf,inf
173.518002685,-0.009339729323983192,-0.18517754971981049,-1.0231399061311208e-14,0.7305788397789001,inf,inf
173.621955784,-0.009339729323983192,-0.18517754971981049,-1.0231399061311208e-14,0.7189355492591858,inf,inf
173.724297392,-0.009339729323983192,-0.18517754971981049,-1.0231399061311208e-14,0.7204727530479431,inf,inf
173.823846917,-0.009339729323983192,-0.18517754971981049,-1.0231399061311208e-14,0.7344141006469727,inf,inf
173.924817633,-0.009339729323983192,-0.18517754971981049,-1.0231399061311208e-14,0.7299516201019287,inf,inf
174.029973525,-0.009339729323983192,-0.18517754971981049,-1.0231399061311208e-14,0.7211284041404724,inf,inf
174.132124234,-0.009339729323983192,-0.18517754971981049,-1.0231399061311208e-14,0.7380998730659485,inf,inf
174.233732147,-0.009339729323983192,-0.18517754971981049,-1.0231399061311208e-14,0.7303952574729919,inf,inf
174.339276637,-0.009339729323983192,-0.18517754971981049,-1.0231399061311208e-14,0.7284986972808838,inf,inf
174.443821421,-0.009339729323983192,-0.18517754971981049,-1.0231399061311208e-14,0.728017270565033,inf,inf
174.549237696,-0.009339729323983192,-0.18517754971981049,-1.0231399061311208e-14,0.7210915088653564,inf,inf
174.652944182,-0.009339729323983192,-0.18517754971981049,-1.0231399061311208e-14,0.7388160824775696,inf,inf
174.753316387,-0.009339729323983192,-0.18517754971981049,-1.0231399061311208e-14,0.7235010266304016,inf,inf
174.857211271,-0.009339729323983192,-0.18517754971981049,-1.0231399061311208e-14,0.7270076274871826,inf,inf
174.961078801,-0.009339729323983192,-0.18517754971981049,-1.0231399061311208e-14,0.7185964584350586,inf,inf
175.068811434,-0.009339729323983192,-0.18517754971981049,-1.0231399061311208e-14,0.7216396331787109,inf,inf
175.173814138,-0.009339729323983192,-0.18517754971981049,-1.0231399061311208e-14,0.7193307280540466,inf,inf
175.272827479,-0.009339729323983192,-0.18517754971981049,-1.0231399061311208e-14,0.7236758470535278,inf,inf
175.374671048,-0.009339729323983192,-0.18517754971981049,-1.0231399061311208e-14,0.727154016494751,inf,inf
175.476717906,-0.009339729323983192,-0.18517754971981049,-1.0231399061311208e-14,0.7345853447914124,inf,inf
175.585588935,-0.009339729323983192,-0.18517754971981049,-1.0231399061311208e-14,0.7373715043067932,inf,inf
175.685904975,-0.009339729323983192,-0.18517754971981049,-1.0231399061311208e-14,0.7247170209884644,inf,inf
175.786567519,-0.009339729323983192,-0.18517754971981049,-1.0231399061311208e-14,0.7281279563903809,inf,inf
175.891978312,-0.009339729323983192,-0.18517754971981049,-1.0231399061311208e-14,0.7251554131507874,inf,inf
175.992865058,-0.009339729323983192,-0.18517754971981049,-1.0231399061311208e-14,0.7180903553962708,inf,inf
176.094480512,-0.009339729323983192,-0.18517754971981049,-1.0231399061311208e-14,0.7284241914749146,inf,inf
176.196239167,-0.009339729323983192,-0.18517754971981049,-1.0231399061311208e-14,0.7354304194450378,inf,inf
176.303045874,-0.009339729323983192,-0.18517754971981049,-1.0231399061311208e-14,0.7118361592292786,inf,inf
176.40338701,-0.009339729323983192,-0.18517754971981049,-1.0231399061311208e-14,0.7277675867080688,inf,inf
176.509079991,-0.009339729323983192,-0.18517754971981049,-1.0231399061311208e-14,0.7220429182052612,inf,inf
176.611539439,-0.009339729323983192,-0.18517754971981049,-1.0231399061311208e-14,0.7224341630935669,inf,inf
176.716348011,-0.009339729323983192,-0.18517754971981049,-1.0231399061311208e-14,0.7237048149108887,inf,inf
176.816314533,-0.009339729323983192,-0.18517754971981049,-1.0231399061311208e-14,0.7348889708518982,inf,inf
176.922965724,-0.009339729323983192,-0.18517754971981049,-1.0231399061311208e-14,0.7216193675994873,inf,inf
177.030410123,-0.009339729323983192,-0.18517754971981049,-1.0231399061311208e-14,0.7223005890846252,inf,inf
177.131969161,-0.009339729323983192,-0.18517754971981049,-1.0231399061311208e-14,0.7241472601890564,inf,inf
177.233741302,-0.009339729323983192,-0.18517754971981049,-1.0231399061311208e-14,0.7239423990249634,inf,inf
177.334586834,-0.009339729323983192,-0.18517754971981049,-1.0231399061311208e-14,0.7236219048500061,inf,inf
177.437941481,-0.009339729323983192,-0.18517754971981049,-1.0231399061311208e-14,0.7262222766876221,inf,inf
177.5389456,-0.009339729323983192,-0.18517754971981049,-1.0231399061311208e-14,0.7326351404190063,inf,inf
177.643347553,-0.009339729323983192,-0.18517754971981049,-1.0231399061311208e-14,0.7257152795791626,inf,inf
177.74412467,-0.009339729323983192,-0.18517754971981049,-1.0231399061311208e-14,0.7213321328163147,inf,inf
177.846836306,-0.009339729323983192,-0.18517754971981049,-1.0231399061311208e-14,0.7256944179534912,inf,inf
177.948088013,-0.009339729323983192,-0.18517754971981049,-1.0231399061311208e-14,0.7140147686004639,inf,inf
178.055420402,-0.009339729323983192,-0.18517754971981049,-1.0231399061311208e-14,0.7260929942131042,inf,inf
178.159795406,-0.009339729323983192,-0.18517754971981049,-1.0231399061311208e-14,0.7218709588050842,inf,inf
178.259459832,-0.009339729323983192,-0.18517754971981049,-1.0231399061311208e-14,0.7343299984931946,inf,inf
178.361442547,-0.009339729323983192,-0.18517754971981049,-1.0231399061311208e-14,0.7302677631378174,inf,inf
178.462332254,-0.009339729323983192,-0.18517754971981049,-1.0231399061311208e-14,0.7368910312652588,inf,inf
178.562560163,-0.009339729323983192,-0.18517754971981049,-1.0231399061311208e-14,0.7211551070213318,inf,inf
178.665823158,-0.009339729323983192,-0.18517754971981049,-1.0231399061311208e-14,0.7336413264274597,inf,inf
178.767195962,-0.009339729323983192,-0.18517754971981049,-1.0231399061311208e-14,0.7166300415992737,inf,inf
178.875391232,-0.009339729323983192,-0.18517754971981049,-1.0231399061311208e-14,0.7313083410263062,inf,inf
178.978185629,-0.009339729323983192,-0.18517754971981049,-1.0231399061311208e-14,0.7378417253494263,inf,inf
179.083233415,-0.009339729323983192,-0.18517754971981049,-1.0231399061311208e-14,0.72694993019104,inf,inf
179.181797433,-0.009339729323983192,-0.18517754971981049,-1.0231399061311208e-14,0.7139050960540771,inf,inf
179.284961228,-0.009339729323983192,-0.18517754971981049,-1.0231399061311208e-14,0.7266169786453247,inf,inf
179.384923936,-0.009339729323983192,-0.18517754971981049,-1.0231399061311208e-14,0.7326292991638184,inf,inf
179.486371526,-0.009339729323983192,-0.18517754971981049,-1.0231399061311208e-14,0.7201878428459167,inf,inf
179.58696472,-0.009339729323983192,-0.18517754971981049,-1.0231399061311208e-14,0.733977735042572,inf,inf
179.691705893,-0.009339729323983192,-0.18517754971981049,-1.0231399061311208e-14,0.7318938374519348,inf,inf
179.795513771,-0.009339729323983192,-0.18517754971981049,-1.0231399061311208e-14,0.7198121547698975,inf,inf
179.903372829,-0.009339729323983192,-0.18517754971981049,-1.0231399061311208e-14,0.7301186919212341,inf,inf
180.003800624,-0.009339729323983192,-0.18517754971981049,-1.0231399061311208e-14,0.7241742014884949,inf,inf
180.105868011,-0.009339729323983192,-0.18517754971981049,-1.0231399061311208e-14,0.7171820998191833,inf,inf
180.210689284,-0.009339729323983192,-0.18517754971981049,-1.0231399061311208e-14,0.7392898797988892,inf,inf
180.314247063,-0.009339729323983192,-0.18517754971981049,-1.0231399061311208e-14,0.7221960425376892,inf,inf
180.415746946,-0.009339729323983192,-0.18517754971981049,-1.0231399061311208e-14,0.7283350825309753,inf,inf
180.519289411,-0.009339729323983192,-0.18517754971981049,-1.0231399061311208e-14,0.7182034254074097,inf,inf
180.620745888,-0.009339729323983192,-0.18517754971981049,-1.0231399061311208e-14,0.7253652811050415,inf,inf
180.720131775,-0.009339729323983192,-0.18517754971981049,-1.0231399061311208e-14,0.7263394594192505,inf,inf
180.826452026,-0.009339729323983192,-0.18517754971981049,-1.0231399061311208e-14,0.7329694032669067,inf,inf
180.926896508,-0.009339729323983192,-0.18517754971981049,-1.0231399061311208e-14,0.7284180521965027,inf,inf
181.030029675,-0.009339729323983192,-0.18517754971981049,-1.0231399061311208e-14,0.7321562170982361,inf,inf
181.130348158,-0.009339729323983192,-0.18517754971981049,-1.0231399061311208e-14,0.7381775975227356,inf,inf
181.237525404,-0.009339729323983192,-0.18517754971981049,-1.0231399061311208e-14,0.7099168300628662,inf,inf
181.336243895,-0.009339729323983192,-0.18517754971981049,-1.0231399061311208e-14,0.7314073443412781,inf,inf
181.43811886,-0.009339729323983192,-0.18517754971981049,-1.0231399061311208e-14,0.7257930636405945,inf,inf
181.53827653,-0.009339729323983192,-0.18517754971981049,-1.0231399061311208e-14,0.7307454943656921,inf,inf
181.641006386,-0.009339729323983192,-0.18517754971981049,-1.0231399061311208e-14,0.7251558899879456,inf,inf
181.744305839,-0.009339729323983192,-0.18517754971981049,-1.0231399061311208e-14,0.7218729257583618,inf,inf
181.851282473,-0.009339729323983192,-0.18517754971981049,-1.0231399061311208e-14,0.7289233803749084,inf,inf
181.954492627,-0.009339729323983192,-0.18517754971981049,-1.0231399061311208e-14,0.7277958989143372,inf,inf
182.058096479,-0.009339729323983192,-0.18517754971981049,-1.0231399061311208e-14,0.7337711453437805,inf,inf
182.157427553,-0.009339729323983192,-0.18517754971981049,-1.0231399061311208e-14,0.7339288592338562,inf,inf
182.258694417,-0.009339729323983192,-0.18517754971981049,-1.0231399061311208e-14,0.7396401166915894,inf,inf
182.362834366,-0.009339729323983192,-0.18517754971981049,-1.0231399061311208e-14,0.7140231728553772,inf,inf
182.466197906,-0.009339729323983192,-0.18517754971981049,-1.0231399061311208e-14,0.7329413294792175,inf,inf
182.569128348,-0.009339729323983192,-0.18517754971981049,-1.0231399061311208e-14,0.7101839184761047,inf,inf
182.669912802,-0.009339729323983192,-0.18517754971981049,-1.0231399061311208e-14,0.7190382480621338,inf,inf
182.777010321,-0.009339729323983192,-0.18517754971981049,-1.0231399061311208e-14,0.7368530631065369,inf,inf
182.877296978,-0.009339729323983192,-0.18517754971981049,-1.0231399061311208e-14,0.7318670153617859,inf,inf
182.982444137,-0.009339729323983192,-0.18517754971981049,-1.0231399061311208e-14,0.7307905554771423,inf,inf
183.084351477,-0.009339729323983192,-0.18517754971981049,-1.0231399061311208e-14,0.7196317315101624,inf,inf
183.186705724,-0.009339729323983192,-0.18517754971981049,-1.0231399061311208e-14,0.7208037972450256,inf,inf
183.287371949,-0.009339729323983192,-0.18517754971981049,-1.0231399061311208e-14,0.7209504246711731,inf,inf
183.388041672,-0.009339729323983192,-0.18517754971981049,-1.0231399061311208e-14,0.7141358852386475,inf,inf
183.489418293,-0.009339729323983192,-0.18517754971981049,-1.0231399061311208e-14,0.7163092494010925,inf,inf
183.594868764,-0.009339729323983192,-0.18517754971981049,-1.0231399061311208e-14,0.7268909811973572,inf,inf
183.6974869,-0.009339729323983192,-0.18517754971981049,-1.0231399061311208e-14,0.7212920188903809,inf,inf
183.800044136,-0.009339729323983192,-0.18517754971981049,-1.0231399061311208e-14,0.7365478277206421,inf,inf
183.902054465,-0.009339729323983192,-0.18517754971981049,-1.0231399061311208e-14,0.7075605392456055,inf,inf
184.004211496,-0.009339729323983192,-0.18517754971981049,-1.0231399061311208e-14,0.7168331146240234,inf,inf
184.106159124,-0.009339729323983192,-0.18517754971981049,-1.0231399061311208e-14,0.7203237414360046,inf,inf
184.209799473,-0.009339729323983192,-0.18517754971981049,-1.0231399061311208e-14,0.7276597023010254,inf,inf
184.313243619,-0.009339729323983192,-0.18517754971981049,-1.0231399061311208e-14,0.7205454111099243,inf,inf
184.414104028,-0.009339729323983192,-0.18517754971981049,-1.0231399061311208e-14,0.7327081561088562,inf,inf
184.515935543,-0.009339729323983192,-0.18517754971981049,-1.0231399061311208e-14,0.7429095506668091,inf,inf
184.617133249,-0.009339729323983192,-0.18517754971981049,-1.0231399061311208e-14,0.7258819341659546,inf,inf
184.716918039,-0.009339729323983192,-0.18517754971981049,-1.0231399061311208e-14,0.7125446796417236,inf,inf
184.821928491,-0.009339729323983192,-0.18517754971981049,-1.0231399061311208e-14,0.7280579209327698,inf,inf
184.922605392,-0.009339729323983192,-0.18517754971981049,-1.0231399061311208e-14,0.7386367917060852,inf,inf
185.024230903,-0.009339729323983192,-0.18517754971981049,-1.0231399061311208e-14,0.7262988090515137,inf,inf
185.126563723,-0.009339729323983192,-0.18517754971981049,-1.0231399061311208e-14,0.7310400009155273,inf,inf
185.230738566,-0.009339729323983192,-0.18517754971981049,-1.0231399061311208e-14,0.7256864309310913,inf,inf
185.338716653,-0.009339729323983192,-0.18517754971981049,-1.0231399061311208e-14,0.7193592190742493,inf,inf
185.439724848,-0.009339729323983192,-0.18517754971981049,-1.0231399061311208e-14,0.7322860360145569,inf,inf
185.542647363,-0.009339729323983192,-0.18517754971981049,-1.0231399061311208e-14,0.7295593023300171,inf,inf
185.646533589,-0.009339729323983192,-0.18517754971981049,-1.0231399061311208e-14,0.7319074273109436,inf,inf
185.749445303,-0.009339729323983192,-0.18517754971981049,-1.0231399061311208e-14,0.7239494323730469,inf,inf
185.85000739,-0.009339729323983192,-0.18517754971981049,-1.0231399061311208e-14,0.7134904861450195,inf,inf
185.954384559,-0.009339729323983192,-0.18517754971981049,-1.0231399061311208e-14,0.7293887138366699,inf,inf
186.059289826,-0.009339729323983192,-0.18517754971981049,-1.0231399061311208e-14,0.7300267219543457,inf,inf
186.163536696,-0.009339729323983192,-0.18517754971981049,-1.0231399061311208e-14,0.730438768863678,inf,inf
186.264098481,-0.009339729323983192,-0.18517754971981049,-1.0231399061311208e-14,0.7263083457946777,inf,inf
186.366357459,-0.009339729323983192,-0.18517754971981049,-1.0231399061311208e-14,0.7281259298324585,inf,inf
186.470036319,-0.009339729323983192,-0.18517754971981049,-1.0231399061311208e-14,0.7292791604995728,inf,inf
186.575419671,-0.009339729323983192,-0.18517754971981049,-1.0231399061311208e-14,0.7127602696418762,inf,inf
186.683268713,-0.009339729323983192,-0.18517754971981049,-1.0231399061311208e-14,0.726441502571106,inf,inf
186.784694283,-0.009339729323983192,-0.18517754971981049,-1.0231399061311208e-14,0.7175828814506531,inf,inf
186.891903027,-0.009339729323983192,-0.18517754971981049,-1.0231399061311208e-14,0.7386661171913147,inf,inf
186.993973194,-0.009339729323983192,-0.18517754971981049,-1.0231399061311208e-14,0.7199793457984924,inf,inf
187.094892565,-0.009339729323983192,-0.18517754971981049,-1.0231399061311208e-14,0.7379946112632751,inf,inf
187.196314935,-0.009339729323983192,-0.18517754971981049,-1.0231399061311208e-14,0.7193117737770081,inf,inf
187.297404806,-0.009339729323983192,-0.18517754971981049,-1.0231399061311208e-14,0.7245519757270813,inf,inf
187.404461246,-0.009339729323983192,-0.18517754971981049,-1.0231399061311208e-14,0.7284857034683228,inf,inf
187.506381502,-0.009339729323983192,-0.18517754971981049,-1.0231399061311208e-14,0.7238256931304932,inf,inf
187.605407269,-0.009339729323983192,-0.18517754971981049,-1.0231399061311208e-14,0.7305387854576111,inf,inf
187.708577419,-0.009339729323983192,-0.18517754971981049,-1.0231399061311208e-14,0.7296188473701477,inf,inf
187.80901808,-0.009339729323983192,-0.18517754971981049,-1.0231399061311208e-14,0.7222007513046265,inf,inf
187.910939635,-0.009339729323983192,-0.18517754971981049,-1.0231399061311208e-14,0.7291125655174255,inf,inf
188.01525478,-0.009339729323983192,-0.18517754971981049,-1.0231399061311208e-14,0.7314924597740173,inf,inf
188.114261548,-0.009339729323983192,-0.18517754971981049,-1.0231399061311208e-14,0.7243608832359314,inf,inf
188.217862996,-0.009339729323983192,-0.18517754971981049,-1.0231399061311208e-14,0.7314115762710571,inf,inf
188.318222857,-0.009339729323983192,-0.18517754971981049,-1.0231399061311208e-14,0.7248064875602722,inf,inf
188.418768812,-0.009339729323983192,-0.18517754971981049,-1.0231399061311208e-14,0.7205641269683838,inf,inf
188.51967866,-0.009339729323983192,-0.18517754971981049,-1.0231399061311208e-14,0.7278815507888794,inf,inf
188.626598281,-0.009339729323983192,-0.18517754971981049,-1.0231399061311208e-14,0.7292500734329224,inf,inf
188.731172812,-0.009339729323983192,-0.18517754971981049,-1.0231399061311208e-14,0.720015823841095,inf,inf
188.827209582,-0.009339729323983192,-0.18517754971981049,-1.0231399061311208e-14,0.7228474617004395,inf,inf
188.928680627,-0.009339729323983192,-0.18517754971981049,-1.0231399061311208e-14,0.7283035516738892,inf,inf
189.031126368,-0.009339729323983192,-0.18517754971981049,-1.0231399061311208e-14,0.7181313633918762,inf,inf
189.13765979,-0.009339729323983192,-0.18517754971981049,-1.0231399061311208e-14,0.7255941033363342,inf,inf
189.237658342,-0.009339729323983192,-0.18517754971981049,-1.0231399061311208e-14,0.7403640151023865,inf,inf
189.337881093,-0.009339729323983192,-0.18517754971981049,-1.0231399061311208e-14,0.7333787679672241,inf,inf
189.439748128,-0.009339729323983192,-0.18517754971981049,-1.0231399061311208e-14,0.7225086688995361,inf,inf
189.541752959,-0.009339729323983192,-0.18517754971981049,-1.0231399061311208e-14,0.7286645174026489,inf,inf
189.646929975,-0.009339729323983192,-0.18517754971981049,-1.0231399061311208e-14,0.7222214937210083,inf,inf
189.7502029,-0.009339729323983192,-0.18517754971981049,-1.0231399061311208e-14,0.726540744304657,inf,inf
189.849291445,-0.009339729323983192,-0.18517754971981049,-1.0231399061311208e-14,0.7285709977149963,inf,inf
189.953678365,-0.009339729323983192,-0.18517754971981049,-1.0231399061311208e-14,0.7276301383972168,inf,inf
190.057878586,-0.009339729323983192,-0.18517754971981049,-1.0231399061311208e-14,0.7236082553863525,inf,inf
190.157550427,-0.009339729323983192,-0.18517754971981049,-1.0231399061311208e-14,0.7255933880805969,inf,inf
190.260990352,-0.009339729323983192,-0.18517754971981049,-1.0231399061311208e-14,0.7295173406600952,inf,inf
190.360994092,-0.009339729323983192,-0.18517754971981049,-1.0231399061311208e-14,0.7209279537200928,inf,inf
190.463002212,-0.009339729323983192,-0.18517754971981049,-1.0231399061311208e-14,0.7242394089698792,inf,inf
190.566640224,-0.009339729323983192,-0.18517754971981049,-1.0231399061311208e-14,0.7307798862457275,inf,inf
190.668645943,-0.009339729323983192,-0.18517754971981049,-1.0231399061311208e-14,0.7218748331069946,inf,inf
190.771475059,-0.009339729323983192,-0.18517754971981049,-1.0231399061311208e-14,0.7271272540092468,inf,inf
190.870454993,-0.009339729323983192,-0.18517754971981049,-1.0231399061311208e-14,0.7278714776039124,inf,inf
190.973700106,-0.009339729323983192,-0.18517754971981049,-1.0231399061311208e-14,0.7281898856163025,inf,inf
191.073556553,-0.009339729323983192,-0.18517754971981049,-1.0231399061311208e-14,0.7249305844306946,inf,inf
191.178924423,-0.009339729323983192,-0.18517754971981049,-1.0231399061311208e-14,0.7309353947639465,inf,inf
191.284736195,-0.009339729323983192,-0.18517754971981049,-1.0231399061311208e-14,0.7396920323371887,inf,inf
191.38981856,-0.009339729323983192,-0.18517754971981049,-1.0231399061311208e-14,0.7400118112564087,inf,inf
191.499111849,-0.009339729323983192,-0.18517754971981049,-1.0231399061311208e-14,0.7138681411743164,inf,inf
191.599518666,-0.009339729323983192,-0.18517754971981049,-1.0231399061311208e-14,0.7310755848884583,inf,inf
191.702992208,-0.009339729323983192,-0.18517754971981049,-1.0231399061311208e-14,0.7288522720336914,inf,inf
191.807382458,-0.009339729323983192,-0.18517754971981049,-1.0231399061311208e-14,0.7338718771934509,inf,inf
191.909473288,-0.009339729323983192,-0.18517754971981049,-1.0231399061311208e-14,0.7243878245353699,inf,inf
192.01782987,-0.009339729323983192,-0.18517754971981049,-1.0231399061311208e-14,0.7276510000228882,inf,inf
192.119711599,-0.009339729323983192,-0.18517754971981049,-1.0231399061311208e-14,0.7278523445129395,inf,inf
192.22054002,-0.009339729323983192,-0.18517754971981049,-1.0231399061311208e-14,0.7267163395881653,inf,inf
192.326709384,-0.009339729323983192,-0.18517754971981049,-1.0231399061311208e-14,0.7191545963287354,inf,inf
192.42910451,-0.009339729323983192,-0.18517754971981049,-1.0231399061311208e-14,0.7290315628051758,inf,inf
192.529898119,-0.009339729323983192,-0.18517754971981049,-1.0231399061311208e-14,0.7273478507995605,inf,inf
192.632385442,-0.009339729323983192,-0.18517754971981049,-1.0231399061311208e-14,0.7311459183692932,inf,inf
192.738471594,-0.009339729323983192,-0.18517754971981049,-1.0231399061311208e-14,0.7296903729438782,inf,inf
192.843296535,-0.009339729323983192,-0.18517754971981049,-1.0231399061311208e-14,0.7300093173980713,inf,inf
192.944406247,-0.009339729323983192,-0.18517754971981049,-1.0231399061311208e-14,0.721470296382904,inf,inf
193.054059027,-0.009339729323983192,-0.18517754971981049,-1.0231399061311208e-14,0.7259467840194702,inf,inf
193.153469525,-0.009339729323983192,-0.18517754971981049,-1.0231399061311208e-14,0.722605288028717,inf,inf
193.25502004,-0.009339729323983192,-0.18517754971981049,-1.0231399061311208e-14,0.7206985950469971,inf,inf
193.357180161,-0.009339729323983192,-0.18517754971981049,-1.0231399061311208e-14,0.724057137966156,inf,inf
193.459826575,-0.009339729323983192,-0.18517754971981049,-1.0231399061311208e-14,0.716341495513916,inf,inf
193.562634289,-0.009339729323983192,-0.18517754971981049,-1.0231399061311208e-14,0.7153533697128296,inf,inf
193.665665705,-0.009339729323983192,-0.18517754971981049,-1.0231399061311208e-14,0.71978759765625,inf,inf
193.767677413,-0.009339729323983192,-0.18517754971981049,-1.0231399061311208e-14,0.7283434271812439,inf,inf
193.870308825,-0.009339729323983192,-0.18517754971981049,-1.0231399061311208e-14,0.7234316468238831,inf,inf
193.974668452,-0.009339729323983192,-0.18517754971981049,-1.0231399061311208e-14,0.7289050817489624,inf,inf
194.076596204,-0.009339729323983192,-0.18517754971981049,-1.0231399061311208e-14,0.7292810082435608,inf,inf
194.17772395,-0.009339729323983192,-0.18517754971981049,-1.0231399061311208e-14,0.7198385000228882,inf,inf
194.279632893,-0.009339729323983192,-0.18517754971981049,-1.0231399061311208e-14,0.723659098148346,inf,inf
194.381307349,-0.009339729323983192,-0.18517754971981049,-1.0231399061311208e-14,0.7290545105934143,inf,inf
194.483747075,-0.009339729323983192,-0.18517754971981049,-1.0231399061311208e-14,0.7274684309959412,inf,inf
194.587670667,-0.009339729323983192,-0.18517754971981049,-1.0231399061311208e-14,0.739258348941803,inf,inf
194.689116114,-0.009339729323983192,-0.18517754971981049,-1.0231399061311208e-14,0.7314004302024841,inf,inf
194.793295352,-0.009339729323983192,-0.18517754971981049,-1.0231399061311208e-14,0.7315656542778015,inf,inf
194.897066517,-0.009339729323983192,-0.18517754971981049,-1.0231399061311208e-14,0.7349575757980347,inf,inf
195.00060384,-0.009339729323983192,-0.18517754971981049,-1.0231399061311208e-14,0.7203536033630371,inf,inf
195.102578282,-0.009339729323983192,-0.18517754971981049,-1.0231399061311208e-14,0.7216693162918091,inf,inf
195.205402877,-0.009339729323983192,-0.18517754971981049,-1.0231399061311208e-14,0.7272444367408752,inf,inf
195.310064802,-0.009339729323983192,-0.18517754971981049,-1.0231399061311208e-14,0.7213067412376404,inf,inf
195.412824117,-0.009339729323983192,-0.18517754971981049,-1.0231399061311208e-14,0.739250659942627,inf,inf
195.513310842,-0.009339729323983192,-0.18517754971981049,-1.0231399061311208e-14,0.7220000624656677,inf,inf
195.619314151,-0.009339729323983192,-0.18517754971981049,-1.0231399061311208e-14,0.7198408842086792,inf,inf
195.721318946,-0.009339729323983192,-0.18517754971981049,-1.0231399061311208e-14,0.7332231998443604,inf,inf
195.822903567,-0.009339729323983192,-0.18517754971981049,-1.0231399061311208e-14,0.7328341007232666,inf,inf
195.925515171,-0.009339729323983192,-0.18517754971981049,-1.0231399061311208e-14,0.7197263836860657,inf,inf
196.027153702,-0.009339729323983192,-0.18517754971981049,-1.0231399061311208e-14,0.7202928066253662,inf,inf
196.128346152,-0.009339729323983192,-0.18517754971981049,-1.0231399061311208e-14,0.7231717705726624,inf,inf
196.228185462,-0.009339729323983192,-0.18517754971981049,-1.0231399061311208e-14,0.7245491147041321,inf,inf
196.332324238,-0.009339729323983192,-0.18517754971981049,-1.0231399061311208e-14,0.7191351056098938,inf,inf
196.432426998,-0.009339729323983192,-0.18517754971981049,-1.0231399061311208e-14,0.7328715920448303,inf,inf
196.535183177,-0.009339729323983192,-0.18517754971981049,-1.0231399061311208e-14,0.7241041660308838,inf,inf
196.638631777,-0.009339729323983192,-0.18517754971981049,-1.0231399061311208e-14,0.7163061499595642,inf,inf
196.738786996,-0.009339729323983192,-0.18517754971981049,-1.0231399061311208e-14,0.7177491784095764,inf,inf
196.839267671,-0.009339729323983192,-0.18517754971981049,-1.0231399061311208e-14,0.7271351218223572,inf,inf
196.940712018,-0.009339729323983192,-0.18517754971981049,-1.0231399061311208e-14,0.7194380164146423,inf,inf
197.043168043,-0.009339729323983192,-0.18517754971981049,-1.0231399061311208e-14,0.7283363342285156,inf,inf
197.146905995,-0.009339729323983192,-0.18517754971981049,-1.0231399061311208e-14,0.7204898595809937,inf,inf
197.248676799,-0.009339729323983192,-0.18517754971981049,-1.0231399061311208e-14,0.7201260924339294,inf,inf
197.351797642,-0.009339729323983192,-0.18517754971981049,-1.0231399061311208e-14,0.7096527218818665,inf,inf
197.455927533,-0.009339729323983192,-0.18517754971981049,-1.0231399061311208e-14,0.7337834239006042,inf,inf
197.559780253,-0.009339729323983192,-0.18517754971981049,-1.0231399061311208e-14,0.7258118987083435,inf,inf
197.661364076,-0.009339729323983192,-0.18517754971981049,-1.0231399061311208e-14,0.7355287671089172,inf,inf
197.764702406,-0.009339729323983192,-0.18517754971981049,-1.0231399061311208e-14,0.7303587198257446,inf,inf
197.866957146,-0.009339729323983192,-0.18517754971981049,-1.0231399061311208e-14,0.7250491380691528,inf,inf
197.969595953,-0.009339729323983192,-0.18517754971981049,-1.0231399061311208e-14,0.729469895362854,inf,inf
198.069454573,-0.009339729323983192,-0.18517754971981049,-1.0231399061311208e-14,0.7199639081954956,inf,inf
198.173560438,-0.009339729323983192,-0.18517754971981049,-1.0231399061311208e-14,0.7300130128860474,inf,inf
198.276259356,-0.009339729323983192,-0.18517754971981049,-1.0231399061311208e-14,0.7157183885574341,inf,inf
198.378764923,-0.009339729323983192,-0.18517754971981049,-1.0231399061311208e-14,0.732669472694397,inf,inf
198.479938226,-0.009339729323983192,-0.18517754971981049,-1.0231399061311208e-14,0.7245874404907227,inf,inf
198.587363618,-0.009339729323983192,-0.18517754971981049,-1.0231399061311208e-14,0.7220696210861206,inf,inf
198.68760966,-0.009339729323983192,-0.18517754971981049,-1.0231399061311208e-14,0.7286889553070068,inf,inf
198.78755415,-0.009339729323983192,-0.18517754971981049,-1.0231399061311208e-14,0.733076274394989,inf,inf
198.891733976,-0.009339729323983192,-0.18517754971981049,-1.0231399061311208e-14,0.7199265360832214,inf,inf
198.991940112,-0.009339729323983192,-0.18517754971981049,-1.0231399061311208e-14,0.7197794318199158,inf,inf
199.09333444,-0.009339729323983192,-0.18517754971981049,-1.0231399061311208e-14,0.7272992730140686,inf,inf
199.195145156,-0.009339729323983192,-0.18517754971981049,-1.0231399061311208e-14,0.7187866568565369,inf,inf
199.297707004,-0.009339729323983192,-0.18517754971981049,-1.0231399061311208e-14,0.7324767112731934,inf,inf
199.402906164,-0.009339729323983192,-0.18517754971981049,-1.0231399061311208e-14,0.7385126948356628,inf,inf
199.50320607,-0.009339729323983192,-0.18517754971981049,-1.0231399061311208e-14,0.7251554727554321,inf,inf
199.605003636,-0.009339729323983192,-0.18517754971981049,-1.0231399061311208e-14,0.7266356945037842,inf,inf
199.705018492,-0.009339729323983192,-0.18517754971981049,-1.0231399061311208e-14,0.715212345123291,inf,inf
199.806779553,-0.009339729323983192,-0.18517754971981049,-1.0231399061311208e-14,0.7286147475242615,inf,inf
199.906549365,-0.009339729323983192,-0.18517754971981049,-1.0231399061311208e-14,0.734008252620697,inf,inf
200.007582599,-0.009339729323983192,-0.18517754971981049,-1.0231399061311208e-14,0.721892774105072,inf,inf
200.108612532,-0.009339729323983192,-0.18517754971981049,-1.0231399061311208e-14,0.7186176776885986,inf,inf
200.20933251,-0.009339729323983192,-0.18517754971981049,-1.0231399061311208e-14,0.7204657196998596,inf,inf
200.309628215,-0.009339729323983192,-0.18517754971981049,-1.0231399061311208e-14,0.7216211557388306,inf,inf
200.415901993,-0.009339729323983192,-0.18517754971981049,-1.0231399061311208e-14,0.7492374181747437,inf,inf
200.516075434,-0.009339729323983192,-0.18517754971981049,-1.0231399061311208e-14,0.7222859263420105,inf,inf
200.618505665,-0.009339729323983192,-0.18517754971981049,-1.0231399061311208e-14,0.7182350158691406,inf,inf
200.718241529,-0.009339729323983192,-0.18517754971981049,-1.0231399061311208e-14,0.7285315990447998,inf,inf
200.820275592,-0.009339729323983192,-0.18517754971981049,-1.0231399061311208e-14,0.7197331190109253,inf,inf
200.924677164,-0.009339729323983192,-0.18517754971981049,-1.0231399061311208e-14,0.7259979248046875,inf,inf
201.025327787,-0.009339729323983192,-0.18517754971981049,-1.0231399061311208e-14,0.7124993801116943,inf,inf
201.131347539,-0.009339729323983192,-0.18517754971981049,-1.0231399061311208e-14,0.7303270101547241,inf,inf
201.229884596,-0.009339729323983192,-0.18517754971981049,-1.0231399061311208e-14,0.7112517952919006,inf,inf
201.336700486,-0.009339729323983192,-0.18517754971981049,-1.0231399061311208e-14,0.725302517414093,inf,inf
201.442423474,-0.009339729323983192,-0.18517754971981049,-1.0231399061311208e-14,0.7356154322624207,inf,inf
201.542675086,-0.009339729323983192,-0.18517754971981049,-1.0231399061311208e-14,0.7203024625778198,inf,inf
201.643994781,-0.009339729323983192,-0.18517754971981049,-1.0231399061311208e-14,0.7154935002326965,inf,inf
201.747282214,-0.009339729323983192,-0.18517754971981049,-1.0231399061311208e-14,0.7109526991844177,inf,inf
201.851571119,-0.009339729323983192,-0.18517754971981049,-1.0231399061311208e-14,0.7240642309188843,inf,inf
201.959929123,-0.009339729323983192,-0.18517754971981049,-1.0231399061311208e-14,0.7236987352371216,inf,inf
202.062880198,-0.009339729323983192,-0.18517754971981049,-1.0231399061311208e-14,0.7125796675682068,inf,inf
202.163652699,-0.009339729323983192,-0.18517754971981049,-1.0231399061311208e-14,0.727259635925293,inf,inf
202.266838414,-0.009339729323983192,-0.18517754971981049,-1.0231399061311208e-14,0.732764720916748,inf,inf
202.3699046,-0.009339729323983192,-0.18517754971981049,-1.0231399061311208e-14,0.720173716545105,inf,inf
202.471135837,-0.009339729323983192,-0.18517754971981049,-1.0231399061311208e-14,0.7158485651016235,inf,inf
202.570999942,-0.009339729323983192,-0.18517754971981049,-1.0231399061311208e-14,0.7225446701049805,inf,inf
202.674601183,-0.009339729323983192,-0.18517754971981049,-1.0231399061311208e-14,0.7100987434387207,inf,inf
202.777562715,-0.009339729323983192,-0.18517754971981049,-1.0231399061311208e-14,0.7289950251579285,inf,inf
202.879291638,-0.009339729323983192,-0.18517754971981049,-1.0231399061311208e-14,0.7177765369415283,inf,inf
202.981482239,-0.009339729323983192,-0.18517754971981049,-1.0231399061311208e-14,0.7232831716537476,inf,inf
203.083372588,-0.009339729323983192,-0.18517754971981049,-1.0231399061311208e-14,0.7326304912567139,inf,inf
203.189461953,-0.009339729323983192,-0.18517754971981049,-1.0231399061311208e-14,0.7282209396362305,inf,inf
203.29115757,-0.009339729323983192,-0.18517754971981049,-1.0231399061311208e-14,0.7259491682052612,inf,inf
203.392617105,-0.009339729323983192,-0.18517754971981049,-1.0231399061311208e-14,0.7254260182380676,inf,inf
203.494414397,-0.009339729323983192,-0.18517754971981049,-1.0231399061311208e-14,0.7276397347450256,inf,inf
203.601060308,-0.009339729323983192,-0.18517754971981049,-1.0231399061311208e-14,0.7297551035881042,inf,inf
203.701370148,-0.009339729323983192,-0.18517754971981049,-1.0231399061311208e-14,0.7344896793365479,inf,inf
203.803689328,-0.009339729323983192,-0.18517754971981049,-1.0231399061311208e-14,0.7139686346054077,inf,inf
203.908376408,-0.009339729323983192,-0.18517754971981049,-1.0231399061311208e-14,0.7239779829978943,inf,inf
204.014049755,-0.009339729323983192,-0.18517754971981049,-1.0231399061311208e-14,0.7330784797668457,inf,inf
204.114660947,-0.009339729323983192,-0.18517754971981049,-1.0231399061311208e-14,0.723808228969574,inf,inf
204.21747391,-0.009339729323983192,-0.18517754971981049,-1.0231399061311208e-14,0.722000002861023,inf,inf
204.318108706,-0.009339729323983192,-0.18517754971981049,-1.0231399061311208e-14,0.7262330651283264,inf,inf
204.419820504,-0.009339729323983192,-0.18517754971981049,-1.0231399061311208e-14,0.7218557596206665,inf,inf
204.521087267,-0.009339729323983192,-0.18517754971981049,-1.0231399061311208e-14,0.7225171327590942,inf,inf
204.623184268,-0.009339729323983192,-0.18517754971981049,-1.0231399061311208e-14,0.7214181423187256,inf,inf
204.723753913,-0.009339729323983192,-0.18517754971981049,-1.0231399061311208e-14,0.7248122692108154,inf,inf
204.825119392,-0.009339729323983192,-0.18517754971981049,-1.0231399061311208e-14,0.7263408303260803,inf,inf
204.926071101,-0.009339729323983192,-0.18517754971981049,-1.0231399061311208e-14,0.7270147204399109,inf,inf
205.028018277,-0.009339729323983192,-0.18517754971981049,-1.0231399061311208e-14,0.7273340821266174,inf,inf
205.130209494,-0.009339729323983192,-0.18517754971981049,-1.0231399061311208e-14,0.7360019683837891,inf,inf
205.23328676,-0.009339729323983192,-0.18517754971981049,-1.0231399061311208e-14,0.7235044836997986,inf,inf
205.33585524,-0.009339729323983192,-0.18517754971981049,-1.0231399061311208e-14,0.7260141968727112,inf,inf
205.440217414,-0.009339729323983192,-0.18517754971981049,-1.0231399061311208e-14,0.7236782312393188,inf,inf
205.542307274,-0.009339729323983192,-0.18517754971981049,-1.0231399061311208e-14,0.7156916856765747,inf,inf
205.645415803,-0.009339729323983192,-0.18517754971981049,-1.0231399061311208e-14,0.7167781591415405,inf,inf
205.746205947,-0.009339729323983192,-0.18517754971981049,-1.0231399061311208e-14,0.724463164806366,inf,inf
205.849792556,-0.009339729323983192,-0.18517754971981049,-1.0231399061311208e-14,0.7256810069084167,inf,inf
205.949844477,-0.009339729323983192,-0.18517754971981049,-1.0231399061311208e-14,0.7303459644317627,inf,inf
206.053316166,-0.009339729323983192,-0.18517754971981049,-1.0231399061311208e-14,0.7201388478279114,inf,inf
206.154866836,-0.009339729323983192,-0.18517754971981049,-1.0231399061311208e-14,0.7164610624313354,inf,inf
206.256460314,-0.009339729323983192,-0.18517754971981049,-1.0231399061311208e-14,0.7195879817008972,inf,inf
206.357544906,-0.009339729323983192,-0.18517754971981049,-1.0231399061311208e-14,0.7138984799385071,inf,inf
206.458185096,-0.009339729323983192,-0.18517754971981049,-1.0231399061311208e-14,0.726867139339447,inf,inf
206.559633911,-0.009339729323983192,-0.18517754971981049,-1.0231399061311208e-14,0.7038750052452087,inf,inf
206.664343763,-0.009339729323983192,-0.18517754971981049,-1.0231399061311208e-14,0.7285146713256836,inf,inf
206.762494735,-0.009339729323983192,-0.18517754971981049,-1.0231399061311208e-14,0.7160956859588623,inf,inf
206.862968489,-0.009339729323983192,-0.18517754971981049,-1.0231399061311208e-14,0.7273756265640259,inf,inf
206.96445521,-0.009339729323983192,-0.18517754971981049,-1.0231399061311208e-14,0.7251659035682678,inf,inf
207.067439409,-0.009339729323983192,-0.18517754971981049,-1.0231399061311208e-14,0.7165042161941528,inf,inf
207.168791973,-0.009339729323983192,-0.18517754971981049,-1.0231399061311208e-14,0.7215033173561096,inf,inf
207.27279247,-0.009339729323983192,-0.18517754971981049,-1.0231399061311208e-14,0.7238081097602844,inf,inf
207.376110438,-0.009339729323983192,-0.18517754971981049,-1.0231399061311208e-14,0.7142724990844727,inf,inf
207.47780392,-0.009339729323983192,-0.18517754971981049,-1.0231399061311208e-14,0.7297095656394958,inf,inf
207.578314611,-0.009339729323983192,-0.18517754971981049,-1.0231399061311208e-14,0.7172847986221313,inf,inf
207.685063913,-0.009339729323983192,-0.18517754971981049,-1.0231399061311208e-14,0.7229594588279724,inf,inf
207.787841771,-0.009339729323983192,-0.18517754971981049,-1.0231399061311208e-14,0.7224478721618652,inf,inf
207.890348485,-0.009339729323983192,-0.18517754971981049,-1.0231399061311208e-14,0.7297175526618958,inf,inf
207.992037567,-0.009339729323983192,-0.18517754971981049,-1.0231399061311208e-14,0.7298479080200195,inf,inf
208.093636034,-0.009339729323983192,-0.18517754971981049,-1.0231399061311208e-14,0.7260459661483765,inf,inf
208.195933615,-0.009339729323983192,-0.18517754971981049,-1.0231399061311208e-14,0.7318853735923767,inf,inf
208.297046403,-0.009339729323983192,-0.18517754971981049,-1.0231399061311208e-14,0.7194198966026306,inf,inf
208.398058428,-0.009339729323983192,-0.18517754971981049,-1.0231399061311208e-14,0.717693567276001,inf,inf
208.501125595,-0.009339729323983192,-0.18517754971981049,-1.0231399061311208e-14,0.7393194437026978,inf,inf
208.602203342,-0.009339729323983192,-0.18517754971981049,-1.0231399061311208e-14,0.7098715305328369,inf,inf
208.70409912,-0.009339729323983192,-0.18517754971981049,-1.0231399061311208e-14,0.7284295558929443,inf,inf
208.805720455,-0.009339729323983192,-0.18517754971981049,-1.0231399061311208e-14,0.7306155562400818,inf,inf
208.906196505,-0.009339729323983192,-0.18517754971981049,-1.0231399061311208e-14,0.730643630027771,inf,inf
209.009729547,-0.009339729323983192,-0.18517754971981049,-1.0231399061311208e-14,0.7276449799537659,inf,inf
209.110094279,-0.009339729323983192,-0.18517754971981049,-1.0231399061311208e-14,0.7260416746139526,inf,inf
209.210668445,-0.009339729323983192,-0.18517754971981049,-1.0231399061311208e-14,0.724210262298584,inf,inf
209.313355851,-0.009339729323983192,-0.18517754971981049,-1.0231399061311208e-14,0.7217808365821838,inf,inf
209.414147284,-0.009339729323983192,-0.18517754971981049,-1.0231399061311208e-14,0.7171065807342529,inf,inf
209.515093776,-0.009339729323983192,-0.18517754971981049,-1.0231399061311208e-14,0.7273709177970886,inf,inf
209.617093735,-0.009339729323983192,-0.18517754971981049,-1.0231399061311208e-14,0.7264168858528137,inf,inf
209.719451752,-0.009339729323983192,-0.18517754971981049,-1.0231399061311208e-14,0.7245141267776489,inf,inf
209.821938789,-0.009339729323983192,-0.18517754971981049,-1.0231399061311208e-14,0.7283111810684204,inf,inf
209.922222375,-0.009339729323983192,-0.18517754971981049,-1.0231399061311208e-14,0.7203534841537476,inf,inf
210.025273102,-0.009339729323983192,-0.18517754971981049,-1.0231399061311208e-14,0.7206182479858398,inf,inf
210.126773982,-0.009339729323983192,-0.18517754971981049,-1.0231399061311208e-14,0.7219156622886658,inf,inf
210.226664405,-0.009339729323983192,-0.18517754971981049,-1.0231399061311208e-14,0.7290876507759094,inf,inf
210.331077149,-0.009339729323983192,-0.18517754971981049,-1.0231399061311208e-14,0.7284522652626038,inf,inf
210.433120023,-0.009339729323983192,-0.18517754971981049,-1.0231399061311208e-14,0.733021080493927,inf,inf
210.53614641,-0.009339729323983192,-0.18517754971981049,-1.0231399061311208e-14,0.7317062616348267,inf,inf
210.640235865,-0.009339729323983192,-0.18517754971981049,-1.0231399061311208e-14,0.7289450764656067,inf,inf
210.742748971,-0.009339729323983192,-0.18517754971981049,-1.0231399061311208e-14,0.7242798209190369,inf,inf
210.846951944,-0.009339729323983192,-0.18517754971981049,-1.0231399061311208e-14,0.7362270951271057,inf,inf
210.949689486,-0.009339729323983192,-0.18517754971981049,-1.0231399061311208e-14,0.7171364426612854,inf,inf
211.053686726,-0.009339729323983192,-0.18517754971981049,-1.0231399061311208e-14,0.7227711081504822,inf,inf
211.156831732,-0.009339729323983192,-0.18517754971981049,-1.0231399061311208e-14,0.7230203151702881,inf,inf
211.256933357,-0.009339729323983192,-0.18517754971981049,-1.0231399061311208e-14,0.7255491018295288,inf,inf
211.358001734,-0.009339729323983192,-0.18517754971981049,-1.0231399061311208e-14,0.7201686501502991,inf,inf
211.46100989,-0.009339729323983192,-0.18517754971981049,-1.0231399061311208e-14,0.723595917224884,inf,inf
211.564053845,-0.009339729323983192,-0.18517754971981049,-1.0231399061311208e-14,0.7234025597572327,inf,inf
211.670029059,-0.009339729323983192,-0.18517754971981049,-1.0231399061311208e-14,0.7268493175506592,inf,inf
211.771369647,-0.009339729323983192,-0.18517754971981049,-1.0231399061311208e-14,0.7088407874107361,inf,inf
211.872733739,-0.009339729323983192,-0.18517754971981049,-1.0231399061311208e-14,0.7237478494644165,inf,inf
211.972561989,-0.009339729323983192,-0.18517754971981049,-1.0231399061311208e-14,0.717357873916626,inf,inf
212.074928438,-0.009339729323983192,-0.18517754971981049,-1.0231399061311208e-14,0.7114972472190857,inf,inf
212.17559462,-0.009339729323983192,-0.18517754971981049,-1.0231399061311208e-14,0.7305633425712585,inf,inf
212.279463204,-0.009339729323983192,-0.18517754971981049,-1.0231399061311208e-14,0.7283313274383545,inf,inf
212.382785677,-0.009339729323983192,-0.18517754971981049,-1.0231399061311208e-14,0.7296157479286194,inf,inf
212.483704267,-0.009339729323983192,-0.18517754971981049,-1.0231399061311208e-14,0.7208090424537659,inf,inf
212.584821489,-0.009339729323983192,-0.18517754971981049,-1.0231399061311208e-14,0.7291610240936279,inf,inf
212.685049272,-0.009339729323983192,-0.18517754971981049,-1.0231399061311208e-14,0.7195599675178528,inf,inf
212.785424578,-0.009339729323983192,-0.18517754971981049,-1.0231399061311208e-14,0.7192279100418091,inf,inf
212.886876651,-0.009339729323983192,-0.18517754971981049,-1.0231399061311208e-14,0.7213018536567688,inf,inf
212.988345227,-0.009339729323983192,-0.18517754971981049,-1.0231399061311208e-14,0.7157173156738281,inf,inf
213.091877223,-0.009339729323983192,-0.18517754971981049,-1.0231399061311208e-14,0.7174837589263916,inf,inf
213.192215224,-0.009339729323983192,-0.18517754971981049,-1.0231399061311208e-14,0.7195462584495544,inf,inf
213.295001704,-0.009339729323983192,-0.18517754971981049,-1.0231399061311208e-14,0.714292585849762,inf,inf
213.396968114,-0.009339729323983192,-0.18517754971981049,-1.0231399061311208e-14,0.720403790473938,inf,inf
213.498337144,-0.009339729323983192,-0.18517754971981049,-1.0231399061311208e-14,0.7246041893959045,inf,inf
213.600625115,-0.009339729323983192,-0.18517754971981049,-1.0231399061311208e-14,0.7250630855560303,inf,inf
213.701468264,-0.009339729323983192,-0.18517754971981049,-1.0231399061311208e-14,0.7236895561218262,inf,inf
213.806336433,-0.009339729323983192,-0.18517754971981049,-1.0231399061311208e-14,0.7267844676971436,inf,inf
213.907904093,-0.009339729323983192,-0.18517754971981049,-1.0231399061311208e-14,0.7195925116539001,inf,inf
214.009162906,-0.009339729323983192,-0.18517754971981049,-1.0231399061311208e-14,0.7148014307022095,inf,inf
214.111507986,-0.009339729323983192,-0.18517754971981049,-1.0231399061311208e-14,0.7232615351676941,inf,inf
214.216820424,-0.009339729323983192,-0.18517754971981049,-1.0231399061311208e-14,0.7243251204490662,inf,inf
214.317654971,-0.009339729323983192,-0.18517754971981049,-1.0231399061311208e-14,0.7252547740936279,inf,inf
214.4201408,-0.009339729323983192,-0.18517754971981049,-1.0231399061311208e-14,0.726056694984436,inf,inf
214.520118687,-0.009339729323983192,-0.18517754971981049,-1.0231399061311208e-14,0.7246251702308655,inf,inf
214.622157289,-0.009339729323983192,-0.18517754971981049,-1.0231399061311208e-14,0.715220034122467,inf,inf
214.72483959,-0.009339729323983192,-0.18517754971981049,-1.0231399061311208e-14,0.7281048893928528,inf,inf
214.825237941,-0.009339729323983192,-0.18517754971981049,-1.0231399061311208e-14,0.7167696356773376,inf,inf
214.926593039,-0.009339729323983192,-0.18517754971981049,-1.0231399061311208e-14,0.7206918597221375,inf,inf
215.026307986,-0.009339729323983192,-0.18517754971981049,-1.0231399061311208e-14,0.732205331325531,inf,inf
215.128028551,-0.009339729323983192,-0.18517754971981049,-1.0231399061311208e-14,0.7226690053939819,inf,inf
215.228473612,-0.009339729323983192,-0.18517754971981049,-1.0231399061311208e-14,0.7212803363800049,inf,inf
215.328805757,-0.009339729323983192,-0.18517754971981049,-1.0231399061311208e-14,0.7221346497535706,inf,inf
215.433048997,-0.009339729323983192,-0.18517754971981049,-1.0231399061311208e-14,0.713217556476593,inf,inf
215.534477375,-0.009339729323983192,-0.18517754971981049,-1.0231399061311208e-14,0.7282443046569824,inf,inf
215.635782036,-0.009339729323983192,-0.18517754971981049,-1.0231399061311208e-14,0.7201929092407227,inf,inf
215.737967825,-0.009339729323983192,-0.18517754971981049,-1.0231399061311208e-14,0.7223889827728271,inf,inf
215.838156221,-0.009339729323983192,-0.18517754971981049,-1.0231399061311208e-14,0.7217561602592468,inf,inf
215.940149883,-0.009339729323983192,-0.18517754971981049,-1.0231399061311208e-14,0.7310750484466553,inf,inf
216.043238204,-0.009339729323983192,-0.18517754971981049,-1.0231399061311208e-14,0.7303079962730408,inf,inf
216.143541718,-0.009339729323983192,-0.18517754971981049,-1.0231399061311208e-14,0.7307615280151367,inf,inf
216.245440265,-0.009339729323983192,-0.18517754971981049,-1.0231399061311208e-14,0.7226921916007996,inf,inf
216.345535648,-0.009339729323983192,-0.18517754971981049,-1.0231399061311208e-14,0.7223140001296997,inf,inf
216.44740639,-0.009339729323983192,-0.18517754971981049,-1.0231399061311208e-14,0.7224017381668091,inf,inf
216.549528741,-0.009339729323983192,-0.18517754971981049,-1.0231399061311208e-14,0.7221131324768066,inf,inf
216.651949636,-0.009339729323983192,-0.18517754971981049,-1.0231399061311208e-14,0.7337532043457031,inf,inf
216.754352228,-0.009339729323983192,-0.18517754971981049,-1.0231399061311208e-14,0.7213843464851379,inf,inf
216.85483014,-0.009339729323983192,-0.18517754971981049,-1.0231399061311208e-14,0.7244434952735901,inf,inf
216.957657694,-0.009339729323983192,-0.18517754971981049,-1.0231399061311208e-14,0.7185513973236084,inf,inf
217.058990431,-0.009339729323983192,-0.18517754971981049,-1.0231399061311208e-14,0.7193553447723389,inf,inf
217.159587561,-0.009339729323983192,-0.18517754971981049,-1.0231399061311208e-14,0.7293417453765869,inf,inf
217.259967059,-0.009339729323983192,-0.18517754971981049,-1.0231399061311208e-14,0.7347989082336426,inf,inf
217.362049604,-0.009339729323983192,-0.18517754971981049,-1.0231399061311208e-14,0.723030149936676,inf,inf
217.466427859,-0.009339729323983192,-0.18517754971981049,-1.0231399061311208e-14,0.7142990231513977,inf,inf
217.570339641,-0.009339729323983192,-0.18517754971981049,-1.0231399061311208e-14,0.7309379577636719,inf,inf
217.671296197,-0.009339729323983192,-0.18517754971981049,-1.0231399061311208e-14,0.7200759053230286,inf,inf
217.772274956,-0.009339729323983192,-0.18517754971981049,-1.0231399061311208e-14,0.7182973027229309,inf,inf
217.873132897,-0.009339729323983192,-0.18517754971981049,-1.0231399061311208e-14,0.7194945216178894,inf,inf
217.975756993,-0.009339729323983192,-0.18517754971981049,-1.0231399061311208e-14,0.7291051745414734,inf,inf
218.07700189,-0.009339729323983192,-0.18517754971981049,-1.0231399061311208e-14,0.7273892164230347,inf,inf
218.179419857,-0.009339729323983192,-0.18517754971981049,-1.0231399061311208e-14,0.725609540939331,inf,inf
218.280987501,-0.009339729323983192,-0.18517754971981049,-1.0231399061311208e-14,0.7147483229637146,inf,inf
218.383742395,-0.009339729323983192,-0.18517754971981049,-1.0231399061311208e-14,0.7246981263160706,inf,inf
218.485124186,-0.009339729323983192,-0.18517754971981049,-1.0231399061311208e-14,0.7189965844154358,inf,inf
218.585703863,-0.009339729323983192,-0.18517754971981049,-1.0231399061311208e-14,0.7253419160842896,inf,inf
218.688590169,-0.009339729323983192,-0.18517754971981049,-1.0231399061311208e-14,0.7242802381515503,inf,inf
218.789218953,-0.009339729323983192,-0.18517754971981049,-1.0231399061311208e-14,0.7305233478546143,inf,inf
218.893668082,-0.009339729323983192,-0.18517754971981049,-1.0231399061311208e-14,0.7191309332847595,inf,inf
218.995259803,-0.009339729323983192,-0.18517754971981049,-1.0231399061311208e-14,0.724518358707428,inf,inf
219.09730929,-0.009339729323983192,-0.18517754971981049,-1.0231399061311208e-14,0.7162948250770569,inf,inf
219.199079437,-0.009339729323983192,-0.18517754971981049,-1.0231399061311208e-14,0.7319502234458923,inf,inf
219.300415622,-0.009339729323983192,-0.18517754971981049,-1.0231399061311208e-14,0.7260251641273499,inf,inf
219.400929747,-0.009339729323983192,-0.18517754971981049,-1.0231399061311208e-14,0.7156515717506409,inf,inf
219.504585136,-0.009339729323983192,-0.18517754971981049,-1.0231399061311208e-14,0.7274491786956787,inf,inf
219.605515738,-0.009339729323983192,-0.18517754971981049,-1.0231399061311208e-14,0.7248936295509338,inf,inf
219.708622949,-0.009339729323983192,-0.18517754971981049,-1.0231399061311208e-14,0.7340420484542847,inf,inf
219.809429134,-0.009339729323983192,-0.18517754971981049,-1.0231399061311208e-14,0.7251889705657959,inf,inf
219.910125203,-0.009339729323983192,-0.18517754971981049,-1.0231399061311208e-14,0.7214722633361816,inf,inf
220.012030744,-0.009339729323983192,-0.18517754971981049,-1.0231399061311208e-14,0.7323623895645142,inf,inf
220.11348312,-0.009339729323983192,-0.18517754971981049,-1.0231399061311208e-14,0.7264456152915955,inf,inf
220.214486733,-0.009339729323983192,-0.18517754971981049,-1.0231399061311208e-14,0.7281454205513,inf,inf
220.314737539,-0.009339729323983192,-0.18517754971981049,-1.0231399061311208e-14,0.7257326245307922,inf,inf
220.416691726,-0.009339729323983192,-0.18517754971981049,-1.0231399061311208e-14,0.72161865234375,inf,inf
220.519672594,-0.009339729323983192,-0.18517754971981049,-1.0231399061311208e-14,0.7241814732551575,inf,inf
220.62029483,-0.009339729323983192,-0.18517754971981049,-1.0231399061311208e-14,0.7277902364730835,inf,inf
220.721664571,-0.009339729323983192,-0.18517754971981049,-1.0231399061311208e-14,0.7202984690666199,inf,inf
220.822498336,-0.009339729323983192,-0.18517754971981049,-1.0231399061311208e-14,0.7217079401016235,inf,inf
220.925146057,-0.009339729323983192,-0.18517754971981049,-1.0231399061311208e-14,0.7257044315338135,inf,inf
221.029157669,-0.009339729323983192,-0.18517754971981049,-1.0231399061311208e-14,0.7277436852455139,inf,inf
221.136086091,-0.009339729323983192,-0.18517754971981049,-1.0231399061311208e-14,0.7315475940704346,inf,inf
221.237280707,-0.009339729323983192,-0.18517754971981049,-1.0231399061311208e-14,0.7266457080841064,inf,inf
221.342068928,-0.009339729323983192,-0.18517754971981049,-1.0231399061311208e-14,0.7207034230232239,inf,inf
221.443417074,-0.009339729323983192,-0.18517754971981049,-1.0231399061311208e-14,0.7190383672714233,inf,inf
221.54707231,-0.009339729323983192,-0.18517754971981049,-1.0231399061311208e-14,0.7232875227928162,inf,inf
221.650072555,-0.009339729323983192,-0.18517754971981049,-1.0231399061311208e-14,0.7254778146743774,inf,inf
221.754713129,-0.009339729323983192,-0.18517754971981049,-1.0231399061311208e-14,0.7168046832084656,inf,inf
221.855985534,-0.009339729323983192,-0.18517754971981049,-1.0231399061311208e-14,0.7302881479263306,inf,inf
221.960581001,-0.009339729323983192,-0.18517754971981049,-1.0231399061311208e-14,0.7173364162445068,inf,inf
222.061638276,-0.009339729323983192,-0.18517754971981049,-1.0231399061311208e-14,0.7251575589179993,inf,inf
222.163181718,-0.009339729323983192,-0.18517754971981049,-1.0231399061311208e-14,0.7227392792701721,inf,inf
222.264141679,-0.009339729323983192,-0.18517754971981049,-1.0231399061311208e-14,0.7148981094360352,inf,inf
222.367157326,-0.009339729323983192,-0.18517754971981049,-1.0231399061311208e-14,0.7217881679534912,inf,inf
222.47256398,-0.009339729323983192,-0.18517754971981049,-1.0231399061311208e-14,0.7273690700531006,inf,inf
222.573801558,-0.009339729323983192,-0.18517754971981049,-1.0231399061311208e-14,0.7229766249656677,inf,inf
222.678280183,-0.009339729323983192,-0.18517754971981049,-1.0231399061311208e-14,0.7278164029121399,inf,inf
222.779752394,-0.009339729323983192,-0.18517754971981049,-1.0231399061311208e-14,0.7325895428657532,inf,inf
222.882004212,-0.009339729323983192,-0.18517754971981049,-1.0231399061311208e-14,0.7216631770133972,inf,inf
222.985252868,-0.009339729323983192,-0.18517754971981049,-1.0231399061311208e-14,0.726601779460907,inf,inf
223.08611567,-0.009339729323983192,-0.18517754971981049,-1.0231399061311208e-14,0.734656810760498,inf,inf
223.1899018,-0.009339729323983192,-0.18517754971981049,-1.0231399061311208e-14,0.719782292842865,inf,inf
223.288570442,-0.009339729323983192,-0.18517754971981049,-1.0231399061311208e-14,0.7363429069519043,inf,inf
223.391931943,-0.009339729323983192,-0.18517754971981049,-1.0231399061311208e-14,0.7231733202934265,inf,inf
223.49159483,-0.009339729323983192,-0.18517754971981049,-1.0231399061311208e-14,0.7251754999160767,inf,inf
223.593229149,-0.009339729323983192,-0.18517754971981049,-1.0231399061311208e-14,0.7273283004760742,inf,inf
223.693034702,-0.009339729323983192,-0.18517754971981049,-1.0231399061311208e-14,0.7185574769973755,inf,inf
223.796803012,-0.009339729323983192,-0.18517754971981049,-1.0231399061311208e-14,0.7252140641212463,inf,inf
223.901439216,-0.009339729323983192,-0.18517754971981049,-1.0231399061311208e-14,0.7304258942604065,inf,inf
224.00397752,-0.009339729323983192,-0.18517754971981049,-1.0231399061311208e-14,0.7240613698959351,inf,inf
224.104359136,-0.009339729323983192,-0.18517754971981049,-1.0231399061311208e-14,0.7220506072044373,inf,inf
224.207810122,-0.009339729323983192,-0.18517754971981049,-1.0231399061311208e-14,0.7151647806167603,inf,inf
224.311183826,-0.009339729323983192,-0.18517754971981049,-1.0231399061311208e-14,0.7166144847869873,inf,inf
224.413200799,-0.009339729323983192,-0.18517754971981049,-1.0231399061311208e-14,0.7275100946426392,inf,inf
224.515583118,-0.009339729323983192,-0.18517754971981049,-1.0231399061311208e-14,0.7286846041679382,inf,inf
224.618040419,-0.009339729323983192,-0.18517754971981049,-1.0231399061311208e-14,0.7251608967781067,inf,inf
224.719727304,-0.009339729323983192,-0.18517754971981049,-1.0231399061311208e-14,0.7300642728805542,inf,inf
224.82296032,-0.009339729323983192,-0.18517754971981049,-1.0231399061311208e-14,0.7238218188285828,inf,inf
224.927489126,-0.009339729323983192,-0.18517754971981049,-1.0231399061311208e-14,0.7294608354568481,inf,inf
225.027837831,-0.009339729323983192,-0.18517754971981049,-1.0231399061311208e-14,0.7211795449256897,inf,inf
225.129016738,-0.009339729323983192,-0.18517754971981049,-1.0231399061311208e-14,0.7245512008666992,inf,inf
225.229455121,-0.009339729323983192,-0.18517754971981049,-1.0231399061311208e-14,0.7210184931755066,inf,inf
225.329862013,-0.009339729323983192,-0.18517754971981049,-1.0231399061311208e-14,0.7103677988052368,inf,inf
225.43168149,-0.009339729323983192,-0.18517754971981049,-1.0231399061311208e-14,0.7285624742507935,inf,inf
225.531714854,-0.009339729323983192,-0.18517754971981049,-1.0231399061311208e-14,0.7271148562431335,inf,inf
225.635779848,-0.009339729323983192,-0.18517754971981049,-1.0231399061311208e-14,0.7297316193580627,inf,inf
225.734540617,-0.009339729323983192,-0.18517754971981049,-1.0231399061311208e-14,0.728695809841156,inf,inf
225.839447609,-0.009339729323983192,-0.18517754971981049,-1.0231399061311208e-14,0.7223508954048157,inf,inf
225.94132183,-0.009339729323983192,-0.18517754971981049,-1.0231399061311208e-14,0.7269704937934875,inf,inf
226.041813183,-0.009339729323983192,-0.18517754971981049,-1.0231399061311208e-14,0.7211602926254272,inf,inf
226.144082009,-0.009339729323983192,-0.18517754971981049,-1.0231399061311208e-14,0.73056960105896,inf,inf
226.245304986,-0.009339729323983192,-0.18517754971981049,-1.0231399061311208e-14,0.7309824228286743,inf,inf
226.350406631,-0.009339729323983192,-0.18517754971981049,-1.0231399061311208e-14,0.7293393015861511,inf,inf
226.451414162,-0.009339729323983192,-0.18517754971981049,-1.0231399061311208e-14,0.728503406047821,inf,inf
226.553974399,-0.009339729323983192,-0.18517754971981049,-1.0231399061311208e-14,0.7270500063896179,inf,inf
226.656377673,-0.009339729323983192,-0.18517754971981049,-1.0231399061311208e-14,0.7137216925621033,inf,inf
226.757868767,-0.009339729323983192,-0.18517754971981049,-1.0231399061311208e-14,0.7171697616577148,inf,inf
226.858919568,-0.009339729323983192,-0.18517754971981049,-1.0231399061311208e-14,0.7239516973495483,inf,inf
226.959274137,-0.009339729323983192,-0.18517754971981049,-1.0231399061311208e-14,0.7265368700027466,inf,inf
227.060188271,-0.009339729323983192,-0.18517754971981049,-1.0231399061311208e-14,0.7251046895980835,inf,inf
227.162342305,-0.009339729323983192,-0.18517754971981049,-1.0231399061311208e-14,0.7321656942367554,inf,inf
227.264576821,-0.009339729323983192,-0.18517754971981049,-1.0231399061311208e-14,0.7223203778266907,inf,inf
227.367868379,-0.009339729323983192,-0.18517754971981049,-1.0231399061311208e-14,0.727694571018219,inf,inf
227.467959696,-0.009339729323983192,-0.18517754971981049,-1.0231399061311208e-14,0.7241171598434448,inf,inf
227.572600109,-0.009339729323983192,-0.18517754971981049,-1.0231399061311208e-14,0.7249579429626465,inf,inf
227.675078047,-0.009339729323983192,-0.18517754971981049,-1.0231399061311208e-14,0.722582221031189,inf,inf
227.776925438,-0.009339729323983192,-0.18517754971981049,-1.0231399061311208e-14,0.7261923551559448,inf,inf
227.880031923,-0.009339729323983192,-0.18517754971981049,-1.0231399061311208e-14,0.7229451537132263,inf,inf
227.980955338,-0.009339729323983192,-0.18517754971981049,-1.0231399061311208e-14,0.7407848834991455,inf,inf
228.08679366,-0.009339729323983192,-0.18517754971981049,-1.0231399061311208e-14,0.7227626442909241,inf,inf
228.18856167,-0.009339729323983192,-0.18517754971981049,-1.0231399061311208e-14,0.7303711771965027,inf,inf
228.290863151,-0.009339729323983192,-0.18517754971981049,-1.0231399061311208e-14,0.722750723361969,inf,inf
228.391981285,-0.009339729323983192,-0.18517754971981049,-1.0231399061311208e-14,0.7199275493621826,inf,inf
228.495928647,-0.009339729323983192,-0.18517754971981049,-1.0231399061311208e-14,0.7152324914932251,inf,inf
228.599907044,-0.009339729323983192,-0.18517754971981049,-1.0231399061311208e-14,0.7205082178115845,inf,inf
228.698697962,-0.009339729323983192,-0.18517754971981049,-1.0231399061311208e-14,0.7162902355194092,inf,inf
228.799351333,-0.009339729323983192,-0.18517754971981049,-1.0231399061311208e-14,0.73188316822052,inf,inf
228.900282241,-0.009339729323983192,-0.18517754971981049,-1.0231399061311208e-14,0.7277089953422546,inf,inf
229.002342303,-0.009339729323983192,-0.18517754971981049,-1.0231399061311208e-14,0.727791965007782,inf,inf
229.103434233,-0.009339729323983192,-0.18517754971981049,-1.0231399061311208e-14,0.7194783091545105,inf,inf
229.206406318,-0.009339729323983192,-0.18517754971981049,-1.0231399061311208e-14,0.7204474210739136,inf,inf
229.308158838,-0.009339729323983192,-0.18517754971981049,-1.0231399061311208e-14,0.7286543250083923,inf,inf
229.409098495,-0.009339729323983192,-0.18517754971981049,-1.0231399061311208e-14,0.7264096140861511,inf,inf
229.513200816,-0.009339729323983192,-0.18517754971981049,-1.0231399061311208e-14,0.7178574800491333,inf,inf
229.614714588,-0.009339729323983192,-0.18517754971981049,-1.0231399061311208e-14,0.7315978407859802,inf,inf
229.717105878,-0.009339729323983192,-0.18517754971981049,-1.0231399061311208e-14,0.7293685078620911,inf,inf
229.82255858,-0.009339729323983192,-0.18517754971981049,-1.0231399061311208e-14,0.7344652414321899,inf,inf
229.929831428,-0.009339729323983192,-0.18517754971981049,-1.0231399061311208e-14,0.7226466536521912,inf,inf
230.028865366,-0.009339729323983192,-0.18517754971981049,-1.0231399061311208e-14,0.7233157157897949,inf,inf
230.129052059,-0.009339729323983192,-0.18517754971981049,-1.0231399061311208e-14,0.7269548773765564,inf,inf
230.233177182,-0.009339729323983192,-0.18517754971981049,-1.0231399061311208e-14,0.7224496603012085,inf,inf
230.335632581,-0.009339729323983192,-0.18517754971981049,-1.0231399061311208e-14,0.7281919717788696,inf,inf
230.435999721,-0.009339729323983192,-0.18517754971981049,-1.0231399061311208e-14,0.7185654640197754,inf,inf
230.539205604,-0.009339729323983192,-0.18517754971981049,-1.0231399061311208e-14,0.7276202440261841,inf,inf
230.637292504,-0.009339729323983192,-0.18517754971981049,-1.0231399061311208e-14,0.7200812697410583,inf,inf
230.739303728,-0.009339729323983192,-0.18517754971981049,-1.0231399061311208e-14,0.7244271636009216,inf,inf
230.840740675,-0.009339729323983192,-0.18517754971981049,-1.0231399061311208e-14,0.729129433631897,inf,inf
230.941615647,-0.009339729323983192,-0.18517754971981049,-1.0231399061311208e-14,0.7230967283248901,inf,inf
231.045087465,-0.009339729323983192,-0.18517754971981049,-1.0231399061311208e-14,0.716212809085846,inf,inf
231.146087339,-0.009339729323983192,-0.18517754971981049,-1.0231399061311208e-14,0.7422831654548645,inf,inf
231.245765757,-0.009339729323983192,-0.18517754971981049,-1.0231399061311208e-14,0.7343657612800598,inf,inf
231.347617048,-0.009339729323983192,-0.18517754971981049,-1.0231399061311208e-14,0.7278119325637817,inf,inf
231.449091477,-0.009339729323983192,-0.18517754971981049,-1.0231399061311208e-14,0.7244396805763245,inf,inf
231.553472651,-0.009339729323983192,-0.18517754971981049,-1.0231399061311208e-14,0.7231442928314209,inf,inf
231.654128449,-0.009339729323983192,-0.18517754971981049,-1.0231399061311208e-14,0.7221284508705139,inf,inf
231.75471049,-0.009339729323983192,-0.18517754971981049,-1.0231399061311208e-14,0.7282441854476929,inf,inf
231.856375876,-0.009339729323983192,-0.18517754971981049,-1.0231399061311208e-14,0.7320196032524109,inf,inf
231.96116202,-0.009339729323983192,-0.18517754971981049,-1.0231399061311208e-14,0.7252287864685059,inf,inf
232.061675238,-0.009339729323983192,-0.18517754971981049,-1.0231399061311208e-14,0.726425051689148,inf,inf
232.163195272,-0.009339729323983192,-0.18517754971981049,-1.0231399061311208e-14,0.7242329120635986,inf,inf
232.266337782,-0.009339729323983192,-0.18517754971981049,-1.0231399061311208e-14,0.7268090844154358,inf,inf
232.369125052,-0.009339729323983192,-0.18517754971981049,-1.0231399061311208e-14,0.7125018239021301,inf,inf
232.469787981,-0.009339729323983192,-0.18517754971981049,-1.0231399061311208e-14,0.7340742349624634,inf,inf
232.572181696,-0.009339729323983192,-0.18517754971981049,-1.0231399061311208e-14,0.7110793590545654,inf,inf
232.673159459,-0.009339729323983192,-0.18517754971981049,-1.0231399061311208e-14,0.7268461585044861,inf,inf
232.773100111,-0.009339729323983192,-0.18517754971981049,-1.0231399061311208e-14,0.7170472741127014,inf,inf
232.875240299,-0.009339729323983192,-0.18517754971981049,-1.0231399061311208e-14,0.7283879518508911,inf,inf
232.976093948,-0.009339729323983192,-0.18517754971981049,-1.0231399061311208e-14,0.72532057762146,inf,inf
233.078341548,-0.009339729323983192,-0.18517754971981049,-1.0231399061311208e-14,0.732075572013855,inf,inf
233.179519032,-0.009339729323983192,-0.18517754971981049,-1.0231399061311208e-14,0.7365139126777649,inf,inf
233.279037838,-0.009339729323983192,-0.18517754971981049,-1.0231399061311208e-14,0.7252629995346069,inf,inf
233.38145424,-0.009339729323983192,-0.18517754971981049,-1.0231399061311208e-14,0.7266377210617065,inf,inf
233.482061752,-0.009339729323983192,-0.18517754971981049,-1.0231399061311208e-14,0.7190925478935242,inf,inf
233.58356586,-0.009339729323983192,-0.18517754971981049,-1.0231399061311208e-14,0.7244347333908081,inf,inf
233.685580122,-0.009339729323983192,-0.18517754971981049,-1.0231399061311208e-14,0.7312296628952026,inf,inf
233.790814427,-0.009339729323983192,-0.18517754971981049,-1.0231399061311208e-14,0.7215335965156555,inf,inf
233.891454942,-0.009339729323983192,-0.18517754971981049,-1.0231399061311208e-14,0.7190655469894409,inf,inf
233.990769317,-0.009339729323983192,-0.18517754971981049,-1.0231399061311208e-14,0.7178738117218018,inf,inf
234.094366347,-0.009339729323983192,-0.18517754971981049,-1.0231399061311208e-14,0.7235162258148193,inf,inf
234.193186969,-0.009339729323983192,-0.18517754971981049,-1.0231399061311208e-14,0.7309058308601379,inf,inf
234.297603787,-0.009339729323983192,-0.18517754971981049,-1.0231399061311208e-14,0.7231638431549072,inf,inf
234.401324993,-0.009339729323983192,-0.18517754971981049,-1.0231399061311208e-14,0.7273766994476318,inf,inf
234.507333064,-0.009339729323983192,-0.18517754971981049,-1.0231399061311208e-14,0.7139227986335754,inf,inf
234.608907768,-0.009339729323983192,-0.18517754971981049,-1.0231399061311208e-14,0.7219617962837219,inf,inf
234.712386973,-0.009339729323983192,-0.18517754971981049,-1.0231399061311208e-14,0.7310900092124939,inf,inf
234.814210903,-0.009339729323983192,-0.18517754971981049,-1.0231399061311208e-14,0.733468234539032,inf,inf
234.918490492,-0.009339729323983192,-0.18517754971981049,-1.0231399061311208e-14,0.7331429719924927,inf,inf
235.018757659,-0.009339729323983192,-0.18517754971981049,-1.0231399061311208e-14,0.725109338760376,inf,inf
235.121876125,-0.009339729323983192,-0.18517754971981049,-1.0231399061311208e-14,0.7271329164505005,inf,inf
235.222669447,-0.009339729323983192,-0.18517754971981049,-1.0231399061311208e-14,0.7211155295372009,inf,inf
235.322695788,-0.009339729323983192,-0.18517754971981049,-1.0231399061311208e-14,0.7222508192062378,inf,inf
235.429472072,-0.009339729323983192,-0.18517754971981049,-1.0231399061311208e-14,0.7248063683509827,inf,inf
235.530930554,-0.009339729323983192,-0.18517754971981049,-1.0231399061311208e-14,0.7227111458778381,inf,inf
235.632042899,-0.009339729323983192,-0.18517754971981049,-1.0231399061311208e-14,0.7171490788459778,inf,inf
235.733215751,-0.009339729323983192,-0.18517754971981049,-1.0231399061311208e-14,0.7174174785614014,inf,inf
235.834094872,-0.009339729323983192,-0.18517754971981049,-1.0231399061311208e-14,0.7295317053794861,inf,inf
235.936162917,-0.009339729323983192,-0.18517754971981049,-1.0231399061311208e-14,0.7241610884666443,inf,inf
236.03514054,-0.009339729323983192,-0.18517754971981049,-1.0231399061311208e-14,0.7256565690040588,inf,inf
236.136949959,-0.009339729323983192,-0.18517754971981049,-1.0231399061311208e-14,0.7167699337005615,inf,inf
236.238931295,-0.009339729323983192,-0.18517754971981049,-1.0231399061311208e-14,0.7150421738624573,inf,inf
236.342832231,-0.009339729323983192,-0.18517754971981049,-1.0231399061311208e-14,0.725526750087738,inf,inf
236.444600961,-0.009339729323983192,-0.18517754971981049,-1.0231399061311208e-14,0.7356151342391968,inf,inf
236.545418568,-0.009339729323983192,-0.18517754971981049,-1.0231399061311208e-14,0.7209841012954712,inf,inf
236.64833099,-0.009339729323983192,-0.18517754971981049,-1.0231399061311208e-14,0.7351357936859131,inf,inf
236.749505833,-0.009339729323983192,-0.18517754971981049,-1.0231399061311208e-14,0.7280519008636475,inf,inf
236.852104723,-0.009339729323983192,-0.18517754971981049,-1.0231399061311208e-14,0.7283532619476318,inf,inf
236.952959533,-0.009339729323983192,-0.18517754971981049,-1.0231399061311208e-14,0.7297977209091187,inf,inf
237.053419602,-0.009339729323983192,-0.18517754971981049,-1.0231399061311208e-14,0.7292106747627258,inf,inf
237.155499239,-0.009339729323983192,-0.18517754971981049,-1.0231399061311208e-14,0.7221929430961609,inf,inf
237.257362453,-0.009339729323983192,-0.18517754971981049,-1.0231399061311208e-14,0.7221543788909912,inf,inf
237.359031747,-0.009339729323983192,-0.18517754971981049,-1.0231399061311208e-14,0.7341410517692566,inf,inf
237.461610034,-0.009339729323983192,-0.18517754971981049,-1.0231399061311208e-14,0.7238491177558899,inf,inf
237.563206912,-0.009339729323983192,-0.18517754971981049,-1.0231399061311208e-14,0.7387897968292236,inf,inf
237.668076124,-0.009339729323983192,-0.18517754971981049,-1.0231399061311208e-14,0.73788982629776,inf,inf
237.769200154,-0.009339729323983192,-0.18517754971981049,-1.0231399061311208e-14,0.7233797311782837,inf,inf
237.873679026,-0.009339729323983192,-0.18517754971981049,-1.0231399061311208e-14,0.7179384827613831,inf,inf
237.975416319,-0.009339729323983192,-0.18517754971981049,-1.0231399061311208e-14,0.7262625098228455,inf,inf
238.077079003,-0.009339729323983192,-0.18517754971981049,-1.0231399061311208e-14,0.7258713841438293,inf,inf
238.176920002,-0.009339729323983192,-0.18517754971981049,-1.0231399061311208e-14,0.7262098789215088,inf,inf
238.280680901,-0.009339729323983192,-0.18517754971981049,-1.0231399061311208e-14,0.7241190075874329,inf,inf
238.385384477,-0.009339729323983192,-0.18517754971981049,-1.0231399061311208e-14,0.7226923108100891,inf,inf
238.484053251,-0.009339729323983192,-0.18517754971981049,-1.0231399061311208e-14,0.7163556814193726,inf,inf
238.589304691,-0.009339729323983192,-0.18517754971981049,-1.0231399061311208e-14,0.7206459045410156,inf,inf
238.690523423,-0.009339729323983192,-0.18517754971981049,-1.0231399061311208e-14,0.7207189202308655,inf,inf
238.793345717,-0.009339729323983192,-0.18517754971981049,-1.0231399061311208e-14,0.7191214561462402,inf,inf
238.895553349,-0.009339729323983192,-0.18517754971981049,-1.0231399061311208e-14,0.7199734449386597,inf,inf
239.003644076,-0.009339729323983192,-0.18517754971981049,-1.0231399061311208e-14,0.7276632785797119,inf,inf
239.103672619,-0.009339729323983192,-0.18517754971981049,-1.0231399061311208e-14,0.7230522036552429,inf,inf
239.207213939,-0.009339729323983192,-0.18517754971981049,-1.0231399061311208e-14,0.7265059351921082,inf,inf
239.307859035,-0.009339729323983192,-0.18517754971981049,-1.0231399061311208e-14,0.7229927778244019,inf,inf
239.409380465,-0.009339729323983192,-0.18517754971981049,-1.0231399061311208e-14,0.7276400923728943,inf,inf
239.511306061,-0.009339729323983192,-0.18517754971981049,-1.0231399061311208e-14,0.7173060178756714,inf,inf
239.61097439,-0.009339729323983192,-0.18517754971981049,-1.0231399061311208e-14,0.7232879400253296,inf,inf
239.712232964,-0.009339729323983192,-0.18517754971981049,-1.0231399061311208e-14,0.7221900820732117,inf,inf
239.813743544,-0.009339729323983192,-0.18517754971981049,-1.0231399061311208e-14,0.7317396402359009,inf,inf
239.913590365,-0.009339729323983192,-0.18517754971981049,-1.0231399061311208e-14,0.7310872673988342,inf,inf
240.020633991,-0.009339729323983192,-0.18517754971981049,-1.0231399061311208e-14,0.7224234342575073,inf,inf
240.124729981,-0.009339729323983192,-0.18517754971981049,-1.0231399061311208e-14,0.709442138671875,inf,inf
240.226043308,-0.009339729323983192,-0.18517754971981049,-1.0231399061311208e-14,0.7241413593292236,inf,inf
240.327577831,-0.009339729323983192,-0.18517754971981049,-1.0231399061311208e-14,0.7219492197036743,inf,inf
240.428747695,-0.009339729323983192,-0.18517754971981049,-1.0231399061311208e-14,0.7345632910728455,inf,inf
240.531431292,-0.009339729323983192,-0.18517754971981049,-1.0231399061311208e-14,0.7164155840873718,inf,inf
240.635562063,-0.009339729323983192,-0.18517754971981049,-1.0231399061311208e-14,0.727661669254303,inf,inf
240.738171761,-0.009339729323983192,-0.18517754971981049,-1.0231399061311208e-14,0.7324313521385193,inf,inf
240.840960555,-0.009339729323983192,-0.18517754971981049,-1.0231399061311208e-14,0.725863516330719,inf,inf
240.942471973,-0.009339729323983192,-0.18517754971981049,-1.0231399061311208e-14,0.7215012311935425,inf,inf
241.043658796,-0.009339729323983192,-0.18517754971981049,-1.0231399061311208e-14,0.7197477221488953,inf,inf
241.146176395,-0.009339729323983192,-0.18517754971981049,-1.0231399061311208e-14,0.7305269241333008,inf,inf
241.247415917,-0.009339729323983192,-0.18517754971981049,-1.0231399061311208e-14,0.7280151844024658,inf,inf
241.35256127,-0.009339729323983192,-0.18517754971981049,-1.0231399061311208e-14,0.7254241704940796,inf,inf
241.454437791,-0.009339729323983192,-0.18517754971981049,-1.0231399061311208e-14,0.7163697481155396,inf,inf
241.558912948,-0.009339729323983192,-0.18517754971981049,-1.0231399061311208e-14,0.726833701133728,inf,inf
241.659796671,-0.009339729323983192,-0.18517754971981049,-1.0231399061311208e-14,0.7291069626808167,inf,inf
241.764402526,-0.009339729323983192,-0.18517754971981049,-1.0231399061311208e-14,0.7299138307571411,inf,inf
241.865380348,-0.009339729323983192,-0.18517754971981049,-1.0231399061311208e-14,0.7345679402351379,inf,inf
241.967103856,-0.009339729323983192,-0.18517754971981049,-1.0231399061311208e-14,0.7238208651542664,inf,inf
242.067905581,-0.009339729323983192,-0.18517754971981049,-1.0231399061311208e-14,0.7179146409034729,inf,inf
242.169493792,-0.009339729323983192,-0.18517754971981049,-1.0231399061311208e-14,0.7336833477020264,inf,inf
242.269982223,-0.009339729323983192,-0.18517754971981049,-1.0231399061311208e-14,0.7358695864677429,inf,inf
242.374082279,-0.009339729323983192,-0.18517754971981049,-1.0231399061311208e-14,0.7264564633369446,inf,inf
242.476324673,-0.009339729323983192,-0.18517754971981049,-1.0231399061311208e-14,0.7337263822555542,inf,inf
242.577526586,-0.009339729323983192,-0.18517754971981049,-1.0231399061311208e-14,0.7240310311317444,inf,inf
242.680506765,-0.009339729323983192,-0.18517754971981049,-1.0231399061311208e-14,0.7235002517700195,inf,inf
242.786416087,-0.009339729323983192,-0.18517754971981049,-1.0231399061311208e-14,0.7212600111961365,inf,inf
242.890865737,-0.009339729323983192,-0.18517754971981049,-1.0231399061311208e-14,0.7257859706878662,inf,inf
242.995566682,-0.009339729323983192,-0.18517754971981049,-1.0231399061311208e-14,0.7160091400146484,inf,inf
243.095844414,-0.009339729323983192,-0.18517754971981049,-1.0231399061311208e-14,0.7281580567359924,inf,inf
243.195840851,-0.009339729323983192,-0.18517754971981049,-1.0231399061311208e-14,0.7319554090499878,inf,inf
243.297672353,-0.009339729323983192,-0.18517754971981049,-1.0231399061311208e-14,0.7210136651992798,inf,inf
243.398717337,-0.009339729323983192,-0.18517754971981049,-1.0231399061311208e-14,0.7303895354270935,inf,inf
243.499664053,-0.009339729323983192,-0.18517754971981049,-1.0231399061311208e-14,0.7258487343788147,inf,inf
243.602805923,-0.009339729323983192,-0.18517754971981049,-1.0231399061311208e-14,0.7357706427574158,inf,inf
243.705734898,-0.009339729323983192,-0.18517754971981049,-1.0231399061311208e-14,0.7212042808532715,inf,inf
243.807635094,-0.009339729323983192,-0.18517754971981049,-1.0231399061311208e-14,0.7280868291854858,inf,inf
243.911359753,-0.009339729323983192,-0.18517754971981049,-1.0231399061311208e-14,0.7265580892562866,inf,inf
244.013133052,-0.009339729323983192,-0.18517754971981049,-1.0231399061311208e-14,0.7197161912918091,inf,inf
244.114566757,-0.009339729323983192,-0.18517754971981049,-1.0231399061311208e-14,0.7312381267547607,inf,inf
244.213083723,-0.009339729323983192,-0.18517754971981049,-1.0231399061311208e-14,0.7256308197975159,inf,inf
244.317453668,-0.009339729323983192,-0.18517754971981049,-1.0231399061311208e-14,0.7178354263305664,inf,inf
244.419463009,-0.009339729323983192,-0.18517754971981049,-1.0231399061311208e-14,0.7118695378303528,inf,inf
244.521351803,-0.009339729323983192,-0.18517754971981049,-1.0231399061311208e-14,0.7316553592681885,inf,inf
244.624083178,-0.009339729323983192,-0.18517754971981049,-1.0231399061311208e-14,0.7373703122138977,inf,inf
244.727170545,-0.009339729323983192,-0.18517754971981049,-1.0231399061311208e-14,0.7262194752693176,inf,inf
244.827840765,-0.009339729323983192,-0.18517754971981049,-1.0231399061311208e-14,0.7241702079772949,inf,inf
244.930055051,-0.009339729323983192,-0.18517754971981049,-1.0231399061311208e-14,0.7102294564247131,inf,inf
245.029601295,-0.009339729323983192,-0.18517754971981049,-1.0231399061311208e-14,0.7186118960380554,inf,inf
245.129791725,-0.009339729323983192,-0.18517754971981049,-1.0231399061311208e-14,0.7132559418678284,inf,inf
245.230502044,-0.009339729323983192,-0.18517754971981049,-1.0231399061311208e-14,0.7152934074401855,inf,inf
245.332161542,-0.009339729323983192,-0.18517754971981049,-1.0231399061311208e-14,0.7270522713661194,inf,inf
245.437528989,-0.009339729323983192,-0.18517754971981049,-1.0231399061311208e-14,0.7280870676040649,inf,inf
245.53942198,-0.009339729323983192,-0.18517754971981049,-1.0231399061311208e-14,0.725891649723053,inf,inf
245.640962179,-0.009339729323983192,-0.18517754971981049,-1.0231399061311208e-14,0.7237368822097778,inf,inf
245.742206084,-0.009339729323983192,-0.18517754971981049,-1.0231399061311208e-14,0.7249463796615601,inf,inf
245.846059431,-0.009339729323983192,-0.18517754971981049,-1.0231399061311208e-14,0.7278909087181091,inf,inf
245.946543153,-0.009339729323983192,-0.18517754971981049,-1.0231399061311208e-14,0.7212399244308472,inf,inf
246.047194072,-0.009339729323983192,-0.18517754971981049,-1.0231399061311208e-14,0.7224324941635132,inf,inf
246.153510363,-0.009339729323983192,-0.18517754971981049,-1.0231399061311208e-14,0.7226689457893372,inf,inf
246.254728269,-0.009339729323983192,-0.18517754971981049,-1.0231399061311208e-14,0.7284348011016846,inf,inf
246.356846655,-0.009339729323983192,-0.18517754971981049,-1.0231399061311208e-14,0.7372604608535767,inf,inf
246.459311641,-0.009339729323983192,-0.18517754971981049,-1.0231399061311208e-14,0.71296226978302,inf,inf
246.56078824,-0.009339729323983192,-0.18517754971981049,-1.0231399061311208e-14,0.7313889265060425,inf,inf
246.663133519,-0.009339729323983192,-0.18517754971981049,-1.0231399061311208e-14,0.7243996858596802,inf,inf
246.770236485,-0.009339729323983192,-0.18517754971981049,-1.0231399061311208e-14,0.7188243269920349,inf,inf
246.873367245,-0.009339729323983192,-0.18517754971981049,-1.0231399061311208e-14,0.7180417776107788,inf,inf
246.975936118,-0.009339729323983192,-0.18517754971981049,-1.0231399061311208e-14,0.7243014574050903,inf,inf
247.076938129,-0.009339729323983192,-0.18517754971981049,-1.0231399061311208e-14,0.7214635014533997,inf,inf
247.181515899,-0.009339729323983192,-0.18517754971981049,-1.0231399061311208e-14,0.7300170063972473,inf,inf
247.284274117,-0.009339729323983192,-0.18517754971981049,-1.0231399061311208e-14,0.7134579420089722,inf,inf
247.389844023,-0.009339729323983192,-0.18517754971981049,-1.0231399061311208e-14,0.7262830138206482,inf,inf
247.492213639,-0.009339729323983192,-0.18517754971981049,-1.0231399061311208e-14,0.7267917394638062,inf,inf
247.592294651,-0.009339729323983192,-0.18517754971981049,-1.0231399061311208e-14,0.7219918370246887,inf,inf
247.696338171,-0.009339729323983192,-0.18517754971981049,-1.0231399061311208e-14,0.7188457250595093,inf,inf
247.797532685,-0.009339729323983192,-0.18517754971981049,-1.0231399061311208e-14,0.7232432961463928,inf,inf
247.900049301,-0.009339729323983192,-0.18517754971981049,-1.0231399061311208e-14,0.7276961207389832,inf,inf
248.005111224,-0.009339729323983192,-0.18517754971981049,-1.0231399061311208e-14,0.7205454111099243,inf,inf
248.108330042,-0.009339729323983192,-0.18517754971981049,-1.0231399061311208e-14,0.7324715256690979,inf,inf
248.209642756,-0.009339729323983192,-0.18517754971981049,-1.0231399061311208e-14,0.7222894430160522,inf,inf
248.311155871,-0.009339729323983192,-0.18517754971981049,-1.0231399061311208e-14,0.7206941843032837,inf,inf
248.412760141,-0.009339729323983192,-0.18517754971981049,-1.0231399061311208e-14,0.7302681803703308,inf,inf
248.517057659,-0.009339729323983192,-0.18517754971981049,-1.0231399061311208e-14,0.7258880138397217,inf,inf
248.618865875,-0.009339729323983192,-0.18517754971981049,-1.0231399061311208e-14,0.7172441482543945,inf,inf
248.718538588,-0.009339729323983192,-0.18517754971981049,-1.0231399061311208e-14,0.7360413074493408,inf,inf
248.822342205,-0.009339729323983192,-0.18517754971981049,-1.0231399061311208e-14,0.7192726135253906,inf,inf
248.925073422,-0.009339729323983192,-0.18517754971981049,-1.0231399061311208e-14,0.7391691207885742,inf,inf
249.027550438,-0.009339729323983192,-0.18517754971981049,-1.0231399061311208e-14,0.7200771570205688,inf,inf
249.129677254,-0.009339729323983192,-0.18517754971981049,-1.0231399061311208e-14,0.7231170535087585,inf,inf
249.230737469,-0.009339729323983192,-0.18517754971981049,-1.0231399061311208e-14,0.7114219069480896,inf,inf
249.330872482,-0.009339729323983192,-0.18517754971981049,-1.0231399061311208e-14,0.7331206202507019,inf,inf
249.431804634,-0.009339729323983192,-0.18517754971981049,-1.0231399061311208e-14,0.7222563624382019,inf,inf
249.53171355,-0.009339729323983192,-0.18517754971981049,-1.0231399061311208e-14,0.7168133854866028,inf,inf
249.637922467,-0.009339729323983192,-0.18517754971981049,-1.0231399061311208e-14,0.7199826836585999,inf,inf
249.739387483,-0.009339729323983192,-0.18517754971981049,-1.0231399061311208e-14,0.7318799495697021,inf,inf
249.8417879,-0.009339729323983192,-0.18517754971981049,-1.0231399061311208e-14,0.7248561978340149,inf,inf
249.943745316,-0.009339729323983192,-0.18517754971981049,-1.0231399061311208e-14,0.7258180379867554,inf,inf
250.043582632,-0.009339729323983192,-0.18517754971981049,-1.0231399061311208e-14,0.7269027829170227,inf,inf
250.144451849,-0.009339729323983192,-0.18517754971981049,-1.0231399061311208e-14,0.7369759678840637,inf,inf
250.246266765,-0.009339729323983192,-0.18517754971981049,-1.0231399061311208e-14,0.7296750545501709,inf,inf
250.350951682,-0.009339729323983192,-0.18517754971981049,-1.0231399061311208e-14,0.7244912385940552,inf,inf
250.452361516,-0.009339729323983192,-0.18517754971981049,-1.0231399061311208e-14,0.7181225419044495,inf,inf
250.555736833,-0.009339729323983192,-0.18517754971981049,-1.0231399061311208e-14,0.7269583940505981,inf,inf
250.660576448,-0.009339729323983192,-0.18517754971981049,-1.0231399061311208e-14,0.7178605198860168,inf,inf
250.763253466,-0.009339729323983192,-0.18517754971981049,-1.0231399061311208e-14,0.7239314317703247,inf,inf
250.872924378,-0.009339729323983192,-0.18517754971981049,-1.0231399061311208e-14,0.7251685857772827,inf,inf
250.975400795,-0.009339729323983192,-0.18517754971981049,-1.0231399061311208e-14,0.7099631428718567,inf,inf
251.075376015,-0.009339729323983192,-0.18517754971981049,-1.0231399061311208e-14,0.7321636080741882,inf,inf
251.176819233,-0.009339729323983192,-0.18517754971981049,-1.0231399061311208e-14,0.710877001285553,inf,inf
251.278567451,-0.009339729323983192,-0.18517754971981049,-1.0231399061311208e-14,0.7116266489028931,inf,inf
251.381112156,-0.009339729323983192,-0.18517754971981049,-1.0231399061311208e-14,0.7251551747322083,inf,inf
251.482056478,-0.009339729323983192,-0.18517754971981049,-1.0231399061311208e-14,0.7243805527687073,inf,inf
251.587006093,-0.009339729323983192,-0.18517754971981049,-1.0231399061311208e-14,0.7300119996070862,inf,inf
251.693311105,-0.009339729323983192,-0.18517754971981049,-1.0231399061311208e-14,0.7286592125892639,inf,inf
251.796418024,-0.009339729323983192,-0.18517754971981049,-1.0231399061311208e-14,0.7298213839530945,inf,inf
251.896221248,-0.009339729323983192,-0.18517754971981049,-1.0231399061311208e-14,0.7252539396286011,inf,inf
251.999270666,-0.009339729323983192,-0.18517754971981049,-1.0231399061311208e-14,0.7291682958602905,inf,inf
252.099970989,-0.009339729323983192,-0.18517754971981049,-1.0231399061311208e-14,0.7163780331611633,inf,inf
252.205644403,-0.009339729323983192,-0.18517754971981049,-1.0231399061311208e-14,0.7277450561523438,inf,inf
252.307942522,-0.009339729323983192,-0.18517754971981049,-1.0231399061311208e-14,0.7221325039863586,inf,inf
252.408826618,-0.009339729323983192,-0.18517754971981049,-1.0231399061311208e-14,0.7265589833259583,inf,inf
252.510423391,-0.009339729323983192,-0.18517754971981049,-1.0231399061311208e-14,0.7202782034873962,inf,inf
252.617981092,-0.009339729323983192,-0.18517754971981049,-1.0231399061311208e-14,0.7285797595977783,inf,inf
252.721219117,-0.009339729323983192,-0.18517754971981049,-1.0231399061311208e-14,0.7116515636444092,inf,inf
252.820572655,-0.009339729323983192,-0.18517754971981049,-1.0231399061311208e-14,0.7378906011581421,inf,inf
252.921890536,-0.009339729323983192,-0.18517754971981049,-1.0231399061311208e-14,0.7273282408714294,inf,inf
253.027837384,-0.009339729323983192,-0.18517754971981049,-1.0231399061311208e-14,0.7235231399536133,inf,inf
253.132034782,-0.009339729323983192,-0.18517754971981049,-1.0231399061311208e-14,0.7319468855857849,inf,inf
253.23240389,-0.009339729323983192,-0.18517754971981049,-1.0231399061311208e-14,0.7170288562774658,inf,inf
253.336769283,-0.009339729323983192,-0.18517754971981049,-1.0231399061311208e-14,0.7081621885299683,inf,inf
253.4379932,-0.009339729323983192,-0.18517754971981049,-1.0231399061311208e-14,0.7212153077125549,inf,inf
253.538722903,-0.009339729323983192,-0.18517754971981049,-1.0231399061311208e-14,0.7173017859458923,inf,inf
253.641216554,-0.009339729323983192,-0.18517754971981049,-1.0231399061311208e-14,0.7277289032936096,inf,inf
253.743576808,-0.009339729323983192,-0.18517754971981049,-1.0231399061311208e-14,0.7219442129135132,inf,inf
253.844927193,-0.009339729323983192,-0.18517754971981049,-1.0231399061311208e-14,0.7237812280654907,inf,inf
253.944916718,-0.009339729323983192,-0.18517754971981049,-1.0231399061311208e-14,0.7180946469306946,inf,inf
254.048531835,-0.009339729323983192,-0.18517754971981049,-1.0231399061311208e-14,0.7274723052978516,inf,inf
254.149270237,-0.009339729323983192,-0.18517754971981049,-1.0231399061311208e-14,0.7235419154167175,inf,inf
254.250509925,-0.009339729323983192,-0.18517754971981049,-1.0231399061311208e-14,0.73470139503479,inf,inf
254.352247998,-0.009339729323983192,-0.18517754971981049,-1.0231399061311208e-14,0.7213912010192871,inf,inf
254.454841664,-0.009339729323983192,-0.18517754971981049,-1.0231399061311208e-14,0.7202660441398621,inf,inf
254.556234852,-0.009339729323983192,-0.18517754971981049,-1.0231399061311208e-14,0.7142981290817261,inf,inf
254.656474776,-0.009339729323983192,-0.18517754971981049,-1.0231399061311208e-14,0.7355533838272095,inf,inf
254.758770536,-0.009339729323983192,-0.18517754971981049,-1.0231399061311208e-14,0.7227659821510315,inf,inf
254.86487458,-0.009339729323983192,-0.18517754971981049,-1.0231399061311208e-14,0.7218738198280334,inf,inf
254.967459932,-0.009339729323983192,-0.18517754971981049,-1.0231399061311208e-14,0.7289546728134155,inf,inf
255.0695127,-0.009339729323983192,-0.18517754971981049,-1.0231399061311208e-14,0.7269039154052734,inf,inf
255.169286305,-0.009339729323983192,-0.18517754971981049,-1.0231399061311208e-14,0.7260153293609619,inf,inf
255.273270839,-0.009339729323983192,-0.18517754971981049,-1.0231399061311208e-14,0.7181017398834229,inf,inf
255.37512746,-0.009339729323983192,-0.18517754971981049,-1.0231399061311208e-14,0.7309187650680542,inf,inf
255.476011648,-0.009339729323983192,-0.18517754971981049,-1.0231399061311208e-14,0.7298956513404846,inf,inf
255.581796772,-0.009339729323983192,-0.18517754971981049,-1.0231399061311208e-14,0.7263413071632385,inf,inf
255.68288797,-0.009339729323983192,-0.18517754971981049,-1.0231399061311208e-14,0.7291215062141418,inf,inf
255.785561344,-0.009339729323983192,-0.18517754971981049,-1.0231399061311208e-14,0.7193395495414734,inf,inf
255.88600141,-0.009339729323983192,-0.18517754971981049,-1.0231399061311208e-14,0.7372767329216003,inf,inf
255.987848844,-0.009339729323983192,-0.18517754971981049,-1.0231399061311208e-14,0.7376928329467773,inf,inf
256.089845185,-0.009339729323983192,-0.18517754971981049,-1.0231399061311208e-14,0.7174828052520752,inf,inf
256.192796373,-0.009339729323983192,-0.18517754971981049,-1.0231399061311208e-14,0.7207300066947937,inf,inf
256.295615954,-0.009339729323983192,-0.18517754971981049,-1.0231399061311208e-14,0.726024329662323,inf,inf
256.396996838,-0.009339729323983192,-0.18517754971981049,-1.0231399061311208e-14,0.7261980175971985,inf,inf
256.497475013,-0.009339729323983192,-0.18517754971981049,-1.0231399061311208e-14,0.7260283827781677,inf,inf
256.59798629,-0.009339729323983192,-0.18517754971981049,-1.0231399061311208e-14,0.7218384742736816,inf,inf
256.701353602,-0.009339729323983192,-0.18517754971981049,-1.0231399061311208e-14,0.7244030237197876,inf,inf
256.805613757,-0.009339729323983192,-0.18517754971981049,-1.0231399061311208e-14,0.7256289720535278,inf,inf
256.906402547,-0.009339729323983192,-0.18517754971981049,-1.0231399061311208e-14,0.7178807258605957,inf,inf
257.009917767,-0.009339729323983192,-0.18517754971981049,-1.0231399061311208e-14,0.7255682945251465,inf,inf
257.112319033,-0.009339729323983192,-0.18517754971981049,-1.0231399061311208e-14,0.7276834845542908,inf,inf
257.217145715,-0.009339729323983192,-0.18517754971981049,-1.0231399061311208e-14,0.7221912741661072,inf,inf
257.31804151,-0.009339729323983192,-0.18517754971981049,-1.0231399061311208e-14,0.7273001074790955,inf,inf
257.419511685,-0.009339729323983192,-0.18517754971981049,-1.0231399061311208e-14,0.7222704887390137,inf,inf
257.521483238,-0.009339729323983192,-0.18517754971981049,-1.0231399061311208e-14,0.7365612387657166,inf,inf
257.621598304,-0.009339729323983192,-0.18517754971981049,-1.0231399061311208e-14,0.7214133739471436,inf,inf
257.721773673,-0.009339729323983192,-0.18517754971981049,-1.0231399061311208e-14,0.7306227087974548,inf,inf
257.823157099,-0.009339729323983192,-0.18517754971981049,-1.0231399061311208e-14,0.7401198744773865,inf,inf
257.923669284,-0.009339729323983192,-0.18517754971981049,-1.0231399061311208e-14,0.7259224057197571,inf,inf
258.028382265,-0.009339729323983192,-0.18517754971981049,-1.0231399061311208e-14,0.7308855652809143,inf,inf
258.130894543,-0.009339729323983192,-0.18517754971981049,-1.0231399061311208e-14,0.7237712740898132,inf,inf
258.231017963,-0.009339729323983192,-0.18517754971981049,-1.0231399061311208e-14,0.7154527306556702,inf,inf
258.332257314,-0.009339729323983192,-0.18517754971981049,-1.0231399061311208e-14,0.735758900642395,inf,inf
258.437301602,-0.009339729323983192,-0.18517754971981049,-1.0231399061311208e-14,0.7265671491622925,inf,inf
258.538342967,-0.009339729323983192,-0.18517754971981049,-1.0231399061311208e-14,0.7199655175209045,inf,inf
258.640396205,-0.009339729323983192,-0.18517754971981049,-1.0231399061311208e-14,0.7239143252372742,inf,inf
258.741984455,-0.009339729323983192,-0.18517754971981049,-1.0231399061311208e-14,0.7178664207458496,inf,inf
258.844026992,-0.009339729323983192,-0.18517754971981049,-1.0231399061311208e-14,0.7280289530754089,inf,inf
258.946168127,-0.009339729323983192,-0.18517754971981049,-1.0231399061311208e-14,0.7212019562721252,inf,inf
259.046214519,-0.009339729323983192,-0.18517754971981049,-1.0231399061311208e-14,0.7306352853775024,inf,inf
259.147194386,-0.009339729323983192,-0.18517754971981049,-1.0231399061311208e-14,0.7321871519088745,inf,inf
259.247933958,-0.009339729323983192,-0.18517754971981049,-1.0231399061311208e-14,0.7221109867095947,inf,inf
259.349045721,-0.009339729323983192,-0.18517754971981049,-1.0231399061311208e-14,0.7153339385986328,inf,inf
259.449656124,-0.009339729323983192,-0.18517754971981049,-1.0231399061311208e-14,0.7205721735954285,inf,inf
259.55238185,-0.009339729323983192,-0.18517754971981049,-1.0231399061311208e-14,0.7278993129730225,inf,inf
259.659336959,-0.009339729323983192,-0.18517754971981049,-1.0231399061311208e-14,0.7215484976768494,inf,inf
259.759920046,-0.009339729323983192,-0.18517754971981049,-1.0231399061311208e-14,0.7251647710800171,inf,inf
259.862707871,-0.009339729323983192,-0.18517754971981049,-1.0231399061311208e-14,0.7292760610580444,inf,inf
259.963815443,-0.009339729323983192,-0.18517754971981049,-1.0231399061311208e-14,0.7151430249214172,inf,inf
260.066379674,-0.009339729323983192,-0.18517754971981049,-1.0231399061311208e-14,0.7251093983650208,inf,inf
260.166842564,-0.009339729323983192,-0.18517754971981049,-1.0231399061311208e-14,0.7318937182426453,inf,inf
260.269014106,-0.009339729323983192,-0.18517754971981049,-1.0231399061311208e-14,0.7137290239334106,inf,inf
260.369500794,-0.009339729323983192,-0.18517754971981049,-1.0231399061311208e-14,0.7351873517036438,inf,inf
260.472696515,-0.009339729323983192,-0.18517754971981049,-1.0231399061311208e-14,0.7207751870155334,inf,inf
260.577785782,-0.009339729323983192,-0.18517754971981049,-1.0231399061311208e-14,0.7254111170768738,inf,inf
260.681597386,-0.009339729323983192,-0.18517754971981049,-1.0231399061311208e-14,0.724341630935669,inf,inf
260.781621699,-0.009339729323983192,-0.18517754971981049,-1.0231399061311208e-14,0.7314852476119995,inf,inf
260.881861606,-0.009339729323983192,-0.18517754971981049,-1.0231399061311208e-14,0.7282899618148804,inf,inf
260.984028257,-0.009339729323983192,-0.18517754971981049,-1.0231399061311208e-14,0.7421900629997253,inf,inf
261.085706022,-0.009339729323983192,-0.18517754971981049,-1.0231399061311208e-14,0.7211096882820129,inf,inf
261.187536083,-0.009339729323983192,-0.18517754971981049,-1.0231399061311208e-14,0.7197376489639282,inf,inf
261.291045296,-0.009339729323983192,-0.18517754971981049,-1.0231399061311208e-14,0.7269689440727234,inf,inf
261.390227013,-0.009339729323983192,-0.18517754971981049,-1.0231399061311208e-14,0.7431575655937195,inf,inf
261.492448872,-0.009339729323983192,-0.18517754971981049,-1.0231399061311208e-14,0.7282480001449585,inf,inf
261.593834156,-0.009339729323983192,-0.18517754971981049,-1.0231399061311208e-14,0.7184984683990479,inf,inf
261.693906779,-0.009339729323983192,-0.18517754971981049,-1.0231399061311208e-14,0.7194982171058655,inf,inf
261.794581184,-0.009339729323983192,-0.18517754971981049,-1.0231399061311208e-14,0.715319812297821,inf,inf
261.8948826,-0.009339729323983192,-0.18517754971981049,-1.0231399061311208e-14,0.7271325588226318,inf,inf
261.998208527,-0.009339729323983192,-0.18517754971981049,-1.0231399061311208e-14,0.7219598293304443,inf,inf
262.098456844,-0.009339729323983192,-0.18517754971981049,-1.0231399061311208e-14,0.7038183808326721,inf,inf
262.200590306,-0.009339729323983192,-0.18517754971981049,-1.0231399061311208e-14,0.7219193577766418,inf,inf
262.30334245,-0.009339729323983192,-0.18517754971981049,-1.0231399061311208e-14,0.728894829750061,inf,inf
262.408966171,-0.009339729323983192,-0.18517754971981049,-1.0231399061311208e-14,0.7252139449119568,inf,inf
262.50988118,-0.009339729323983192,-0.18517754971981049,-1.0231399061311208e-14,0.723555862903595,inf,inf
262.609775321,-0.009339729323983192,-0.18517754971981049,-1.0231399061311208e-14,0.7261810302734375,inf,inf
262.713706337,-0.009339729323983192,-0.18517754971981049,-1.0231399061311208e-14,0.726224958896637,inf,inf
262.817007574,-0.009339729323983192,-0.18517754971981049,-1.0231399061311208e-14,0.7174826264381409,inf,inf
262.918816656,-0.009339729323983192,-0.18517754971981049,-1.0231399061311208e-14,0.731025218963623,inf,inf
263.019530971,-0.009339729323983192,-0.18517754971981049,-1.0231399061311208e-14,0.7281402349472046,inf,inf
263.125530371,-0.009339729323983192,-0.18517754971981049,-1.0231399061311208e-14,0.7240428924560547,inf,inf
263.227390895,-0.009339729323983192,-0.18517754971981049,-1.0231399061311208e-14,0.7233275771141052,inf,inf
263.330203073,-0.009339729323983192,-0.18517754971981049,-1.0231399061311208e-14,0.7240538597106934,inf,inf
263.431327598,-0.009339729323983192,-0.18517754971981049,-1.0231399061311208e-14,0.7332541346549988,inf,inf
263.532374587,-0.009339729323983192,-0.18517754971981049,-1.0231399061311208e-14,0.7351492643356323,inf,inf
263.633993308,-0.009339729323983192,-0.18517754971981049,-1.0231399061311208e-14,0.7284783720970154,inf,inf
263.737420031,-0.009339729323983192,-0.18517754971981049,-1.0231399061311208e-14,0.7294004559516907,inf,inf
263.840444231,-0.009339729323983192,-0.18517754971981049,-1.0231399061311208e-14,0.7364259362220764,inf,inf
263.942741591,-0.009339729323983192,-0.18517754971981049,-1.0231399061311208e-14,0.725233256816864,inf,inf
264.043352055,-0.009339729323983192,-0.18517754971981049,-1.0231399061311208e-14,0.7356276512145996,inf,inf
264.144475048,-0.009339729323983192,-0.18517754971981049,-1.0231399061311208e-14,0.7260870933532715,inf,inf
264.245726249,-0.009339729323983192,-0.18517754971981049,-1.0231399061311208e-14,0.7248585224151611,inf,inf
264.347656788,-0.009339729323983192,-0.18517754971981049,-1.0231399061311208e-14,0.723300576210022,inf,inf
264.449923073,-0.009339729323983192,-0.18517754971981049,-1.0231399061311208e-14,0.7267537713050842,inf,inf
264.552333551,-0.009339729323983192,-0.18517754971981049,-1.0231399061311208e-14,0.7153531908988953,inf,inf
264.652323194,-0.009339729323983192,-0.18517754971981049,-1.0231399061311208e-14,0.7340283393859863,inf,inf
264.751562895,-0.009339729323983192,-0.18517754971981049,-1.0231399061311208e-14,0.7183423042297363,inf,inf
264.854253088,-0.009339729323983192,-0.18517754971981049,-1.0231399061311208e-14,0.7161237597465515,inf,inf
264.956283844,-0.009339729323983192,-0.18517754971981049,-1.0231399061311208e-14,0.7245660424232483,inf,inf
265.059161747,-0.009339729323983192,-0.18517754971981049,-1.0231399061311208e-14,0.7200871109962463,inf,inf
265.159174591,-0.009339729323983192,-0.18517754971981049,-1.0231399061311208e-14,0.7303762435913086,inf,inf
265.261724776,-0.009339729323983192,-0.18517754971981049,-1.0231399061311208e-14,0.7299841046333313,inf,inf
265.365041003,-0.009339729323983192,-0.18517754971981049,-1.0231399061311208e-14,0.7166680693626404,inf,inf
265.467686607,-0.009339729323983192,-0.18517754971981049,-1.0231399061311208e-14,0.7376523017883301,inf,inf
265.568555412,-0.009339729323983192,-0.18517754971981049,-1.0231399061311208e-14,0.727035403251648,inf,inf
265.669201305,-0.009339729323983192,-0.18517754971981049,-1.0231399061311208e-14,0.7232545018196106,inf,inf
265.771509989,-0.009339729323983192,-0.18517754971981049,-1.0231399061311208e-14,0.7329829931259155,inf,inf
265.875099343,-0.009339729323983192,-0.18517754971981049,-1.0231399061311208e-14,0.717849850654602,inf,inf
265.97592757,-0.009339729323983192,-0.18517754971981049,-1.0231399061311208e-14,0.7266924977302551,inf,inf
266.07654189,-0.009339729323983192,-0.18517754971981049,-1.0231399061311208e-14,0.7255352139472961,inf,inf
266.177263607,-0.009339729323983192,-0.18517754971981049,-1.0231399061311208e-14,0.719572126865387,inf,inf
266.282812104,-0.009339729323983192,-0.18517754971981049,-1.0231399061311208e-14,0.7199558019638062,inf,inf
266.382779727,-0.009339729323983192,-0.18517754971981049,-1.0231399061311208e-14,0.7121543288230896,inf,inf
266.486350885,-0.009339729323983192,-0.18517754971981049,-1.0231399061311208e-14,0.7251906991004944,inf,inf
266.586602128,-0.009339729323983192,-0.18517754971981049,-1.0231399061311208e-14,0.7239008545875549,inf,inf
266.688505829,-0.009339729323983192,-0.18517754971981049,-1.0231399061311208e-14,0.7146632671356201,inf,inf
266.789541552,-0.009339729323983192,-0.18517754971981049,-1.0231399061311208e-14,0.7259100079536438,inf,inf
266.892011939,-0.009339729323983192,-0.18517754971981049,-1.0231399061311208e-14,0.7223932147026062,inf,inf
266.999202005,-0.009339729323983192,-0.18517754971981049,-1.0231399061311208e-14,0.7161538600921631,inf,inf
267.101122106,-0.009339729323983192,-0.18517754971981049,-1.0231399061311208e-14,0.7282093167304993,inf,inf
267.202281026,-0.009339729323983192,-0.18517754971981049,-1.0231399061311208e-14,0.7304862141609192,inf,inf
267.303499244,-0.009339729323983192,-0.18517754971981049,-1.0231399061311208e-14,0.7196906208992004,inf,inf
267.405222418,-0.009339729323983192,-0.18517754971981049,-1.0231399061311208e-14,0.7187452912330627,inf,inf
267.506299155,-0.009339729323983192,-0.18517754971981049,-1.0231399061311208e-14,0.7279168367385864,inf,inf
267.610569907,-0.009339729323983192,-0.18517754971981049,-1.0231399061311208e-14,0.7315767407417297,inf,inf
267.712260928,-0.009339729323983192,-0.18517754971981049,-1.0231399061311208e-14,0.7314122915267944,inf,inf
267.814193242,-0.009339729323983192,-0.18517754971981049,-1.0231399061311208e-14,0.7229089736938477,inf,inf
267.915113383,-0.009339729323983192,-0.18517754971981049,-1.0231399061311208e-14,0.7310730814933777,inf,inf
268.019624129,-0.009339729323983192,-0.18517754971981049,-1.0231399061311208e-14,0.7244142293930054,inf,inf
268.121111155,-0.009339729323983192,-0.18517754971981049,-1.0231399061311208e-14,0.7240771651268005,inf,inf
268.221397012,-0.009339729323983192,-0.18517754971981049,-1.0231399061311208e-14,0.7314836382865906,inf,inf
268.322720343,-0.009339729323983192,-0.18517754971981049,-1.0231399061311208e-14,0.7319512963294983,inf,inf
268.423962327,-0.009339729323983192,-0.18517754971981049,-1.0231399061311208e-14,0.7245802879333496,inf,inf
268.52539367,-0.009339729323983192,-0.18517754971981049,-1.0231399061311208e-14,0.7257143259048462,inf,inf
268.628616263,-0.009339729323983192,-0.18517754971981049,-1.0231399061311208e-14,0.7376927733421326,inf,inf
268.732304544,-0.009339729323983192,-0.18517754971981049,-1.0231399061311208e-14,0.7351147532463074,inf,inf
268.834229873,-0.009339729323983192,-0.18517754971981049,-1.0231399061311208e-14,0.7285846471786499,inf,inf
268.93513503,-0.009339729323983192,-0.18517754971981049,-1.0231399061311208e-14,0.7229468822479248,inf,inf
269.036411476,-0.009339729323983192,-0.18517754971981049,-1.0231399061311208e-14,0.7265901565551758,inf,inf
269.139337178,-0.009339729323983192,-0.18517754971981049,-1.0231399061311208e-14,0.7232058048248291,inf,inf
269.239720749,-0.009339729323983192,-0.18517754971981049,-1.0231399061311208e-14,0.7244998216629028,inf,inf
269.341318987,-0.009339729323983192,-0.18517754971981049,-1.0231399061311208e-14,0.7221938967704773,inf,inf
