topic,time_s,linear_mps,angular_rps
/epuck1/cmd_vel,16.701518303,0.0,0.0
/epuck1/cmd_vel,16.760607559,0.0,0.0
/epuck1/cmd_vel,16.816958358,0.0,0.0
/epuck1/cmd_vel,16.877689185,0.0,0.0
/epuck1/cmd_vel,16.916243223,0.0,0.0
/epuck1/cmd_vel,16.969131789,0.0,0.0
/epuck1/cmd_vel,17.007341768,0.0,0.0
/epuck1/cmd_vel,17.081376043,0.0,0.0
/epuck1/cmd_vel,17.154550119,0.0,0.0
/epuck1/cmd_vel,17.191793124,0.0,0.0
/epuck1/cmd_vel,17.227628839,0.0,0.0
/epuck1/cmd_vel,17.284841741,0.0,0.0
/epuck1/cmd_vel,17.326650176,0.0,0.0
/epuck1/cmd_vel,17.409259105,0.0,0.0
/epuck1/cmd_vel,17.451427826,0.0,0.0
/epuck1/cmd_vel,17.505379899,0.0,0.0
/epuck1/cmd_vel,17.544293622,0.0,0.0
/epuck1/cmd_vel,17.602281322,0.0,0.0
/epuck1/cmd_vel,17.673838653,0.0,0.0
/epuck1/cmd_vel,17.727703749,0.0,0.0
/epuck1/cmd_vel,17.767357106,0.0,0.0
/epuck1/cmd_vel,17.822454658,0.0,0.0
/epuck1/cmd_vel,17.860081356,0.0,0.0
/epuck1/cmd_vel,17.922701404,0.0,0.0
/epuck1/cmd_vel,17.970612385,0.0,0.0
/epuck1/cmd_vel,18.04201552,0.0,0.0
/epuck1/cmd_vel,18.082634395,0.0,0.0
/epuck1/cmd_vel,18.136314959,0.0,0.0
/epuck1/cmd_vel,18.195083846,0.0,0.0
/epuck1/cmd_vel,18.237527024,0.0,0.0
/epuck1/cmd_vel,18.313083402,0.0,0.0
/epuck1/cmd_vel,18.373979374,0.0,0.0
/epuck1/cmd_vel,18.409817815,0.0,0.0
/epuck1/cmd_vel,18.46563047,0.0,0.0
/epuck1/cmd_vel,18.506456759,0.0,0.0
/epuck1/cmd_vel,18.58240136,0.0,0.0
/epuck1/cmd_vel,18.626293942,0.0,0.0
/epuck1/cmd_vel,18.680358614,0.0,0.0
/epuck1/cmd_vel,18.716255858,0.0,0.0
/epuck1/cmd_vel,18.773969471,0.0,0.0
/epuck1/cmd_vel,18.827092055,0.0,0.0
/epuck1/cmd_vel,18.886524288,0.0,0.0
/epuck1/cmd_vel,18.922551454,0.0,0.0
/epuck1/cmd_vel,18.97758424,0.0,0.0
/epuck1/cmd_vel,19.01894053,0.0,0.0
/epuck1/cmd_vel,19.09683557,0.0,0.0
/epuck1/cmd_vel,19.137190417,0.0,0.0
/epuck1/cmd_vel,19.19235943,0.0,0.0
/epuck1/cmd_vel,19.229901525,0.0,0.0
/epuck1/cmd_vel,19.292110576,0.0,0.0
/epuck1/cmd_vel,19.34786304,0.0,0.0
/epuck1/cmd_vel,19.409651594,0.0,0.0
/epuck1/cmd_vel,19.446117975,0.0,0.0
/epuck1/cmd_vel,19.498688955,0.0,0.0
/epuck1/cmd_vel,19.54153046,0.0,0.0
/epuck1/cmd_vel,19.615152173,0.0,0.0
/epuck1/cmd_vel,19.653825215,0.0,0.0
/epuck1/cmd_vel,19.709469809,0.0,0.0
/epuck1/cmd_vel,19.749276903,0.0,0.0
/epuck1/cmd_vel,19.827904335,0.0,0.0
/epuck1/cmd_vel,19.866481713,0.0,0.0
/epuck1/cmd_vel,19.924071397,0.0,0.0
/epuck1/cmd_vel,19.95963948,0.0,0.0
/epuck1/cmd_vel,20.017658048,0.0,0.0
/epuck1/cmd_vel,20.073158047,0.0,0.0
/epuck1/cmd_vel,20.132333482,0.0,0.0
/epuck1/cmd_vel,20.168414205,0.0,0.0
/epuck1/cmd_vel,20.223850261,0.0,0.0
/epuck1/cmd_vel,20.264804214,0.0,0.0
/epuck1/cmd_vel,20.346431036,0.0,0.0
/epuck1/cmd_vel,20.386084727,0.0,0.0
/epuck1/cmd_vel,20.439715386,0.0,0.0
/epuck1/cmd_vel,20.47605468,0.0,0.0
/epuck1/cmd_vel,20.535616824,0.0,0.0
/epuck1/cmd_vel,20.596616929,0.0,0.0
/epuck1/cmd_vel,20.654515736,0.0,0.0
/epuck1/cmd_vel,20.693358677,0.0,0.0
/epuck1/cmd_vel,20.745807106,0.0,0.0
/epuck1/cmd_vel,20.788655721,0.002135752950000125,0.0
/epuck1/cmd_vel,20.866889731,0.006008512200000382,0.0
/epuck1/cmd_vel,20.904081781,0.007873056750000273,0.0
/epuck1/cmd_vel,20.957224401,0.010566412900000443,0.0
/epuck1/cmd_vel,20.994692166,0.012428626500000206,0.0
/epuck1/cmd_vel,21.078473096,0.016513479400000364,0.0
/epuck1/cmd_vel,21.118931311,0.018643830100000258,0.0
/epuck1/cmd_vel,21.176559206,0.02153449370000047,0.0
/epuck1/cmd_vel,21.214786889,0.02343919505000045,0.0
/epuck1/cmd_vel,21.272438994,0.025,0.0
/epuck1/cmd_vel,21.327649457,0.025,0.0
/epuck1/cmd_vel,21.389143377,0.025,0.0
/epuck1/cmd_vel,21.424295103,0.025,0.0
/epuck1/cmd_vel,21.47919625,0.025,0.0
/epuck1/cmd_vel,21.51991148,0.025,0.0
/epuck1/cmd_vel,21.600681098,0.025,0.0
/epuck1/cmd_vel,21.639277075,0.025,0.0
/epuck1/cmd_vel,21.691731912,0.025,0.0
/epuck1/cmd_vel,21.705866008,0.025,0.0
/epuck1/cmd_vel,21.716608897,0.025,0.0
/epuck1/cmd_vel,21.722349755,0.025,0.0
/epuck1/cmd_vel,21.73704102,0.025,0.0
/epuck1/cmd_vel,21.743151392,0.025,0.0
/epuck1/cmd_vel,21.75453543,0.025,0.0
/epuck1/cmd_vel,21.75928262,0.025,0.0
/epuck1/cmd_vel,21.769488834,0.025,0.0
/epuck1/cmd_vel,21.779704946,0.025,0.0
/epuck1/cmd_vel,21.788693145,0.025,0.0
/epuck1/cmd_vel,21.801735896,0.025,0.0
/epuck1/cmd_vel,21.81001546,0.025,0.0
/epuck1/cmd_vel,21.814177487,0.025,0.0
/epuck1/cmd_vel,21.826494008,0.025,0.0
/epuck1/cmd_vel,21.830779506,0.025,0.0
/epuck1/cmd_vel,21.839247726,0.025,0.0
/epuck1/cmd_vel,21.848033272,0.025,0.0
/epuck1/cmd_vel,21.858898432,0.025,0.0
/epuck1/cmd_vel,21.867471228,0.025,0.0
/epuck1/cmd_vel,21.876848436,0.025,0.0
/epuck1/cmd_vel,21.882195186,0.025,0.0
/epuck1/cmd_vel,21.895750817,0.025,0.0
/epuck1/cmd_vel,21.903362837,0.025,0.0
/epuck1/cmd_vel,21.916306012,0.025,0.0
/epuck1/cmd_vel,21.920789863,0.025,0.0
/epuck1/cmd_vel,21.931182434,0.025,0.0
/epuck1/cmd_vel,21.936720339,0.025,0.0
/epuck1/cmd_vel,21.943643321,0.025,0.0
/epuck1/cmd_vel,21.953604492,0.025,0.0
/epuck1/cmd_vel,21.962397236,0.025,0.0
/epuck1/cmd_vel,21.968479015,0.025,0.0
/epuck1/cmd_vel,21.981454481,0.025,0.0
/epuck1/cmd_vel,21.986895509,0.025,0.0
/epuck1/cmd_vel,22.001125183,0.025,0.0
/epuck1/cmd_vel,22.00549786,0.025,0.0
/epuck1/cmd_vel,22.018918123,0.025,0.0
/epuck1/cmd_vel,22.025293533,0.025,0.0
/epuck1/cmd_vel,22.036734858,0.025,0.0
/epuck1/cmd_vel,22.043735421,0.025,0.0
/epuck1/cmd_vel,22.054113095,0.025,0.0
/epuck1/cmd_vel,22.062643701,0.025,0.0
/epuck1/cmd_vel,22.071624002,0.025,0.0
/epuck1/cmd_vel,22.078442807,0.025,0.0
/epuck1/cmd_vel,22.091403278,0.025,0.0
/epuck1/cmd_vel,22.096804015,0.025,0.0
/epuck1/cmd_vel,22.109269201,0.025,0.0
/epuck1/cmd_vel,22.113955805,0.025,0.0
/epuck1/cmd_vel,22.122822932,0.025,0.0
/epuck1/cmd_vel,22.135465577,0.025,0.0
/epuck1/cmd_vel,22.143769835,0.025,0.0
/epuck1/cmd_vel,22.151729674,0.025,0.0
/epuck1/cmd_vel,22.159334297,0.025,0.0
/epuck1/cmd_vel,22.164857605,0.025,0.0
/epuck1/cmd_vel,22.178496217,0.025,0.0
/epuck1/cmd_vel,22.184078912,0.025,0.0
/epuck1/cmd_vel,22.196737453,0.025,0.0
/epuck1/cmd_vel,22.201737584,0.025,0.0
/epuck1/cmd_vel,22.210297083,0.025,0.0
/epuck1/cmd_vel,22.219870745,0.025,0.0
/epuck1/cmd_vel,22.227826985,0.025,0.0
/epuck1/cmd_vel,22.236287207,0.025,0.0
/epuck1/cmd_vel,22.246713669,0.025,0.0
/epuck1/cmd_vel,22.254198119,0.025,0.0
/epuck1/cmd_vel,22.266237205,0.025,0.0
/epuck1/cmd_vel,22.27190508,0.025,0.0
/epuck1/cmd_vel,22.283842589,0.025,0.0
/epuck1/cmd_vel,22.289042074,0.025,0.0
/epuck1/cmd_vel,22.297560082,0.025,0.0
/epuck1/cmd_vel,22.310241618,0.025,0.0
/epuck1/cmd_vel,22.320207888,0.025,0.0
/epuck1/cmd_vel,22.329406737,0.025,0.0
/epuck1/cmd_vel,22.337770482,0.025,0.0
/epuck1/cmd_vel,22.346543331,0.025,0.0
/epuck1/cmd_vel,22.356666864,0.025,0.0
/epuck1/cmd_vel,22.362443714,0.025,0.0
/epuck1/cmd_vel,22.374948191,0.025,0.0
/epuck1/cmd_vel,22.381393184,0.025,0.0
/epuck1/cmd_vel,22.393196225,0.025,0.0
/epuck1/cmd_vel,22.399428768,0.025,0.0
/epuck1/cmd_vel,22.412676171,0.025,0.0
/epuck1/cmd_vel,22.418378737,0.025,0.0
/epuck1/cmd_vel,22.428425389,0.025,0.0
/epuck1/cmd_vel,22.437212635,0.025,0.0
/epuck1/cmd_vel,22.445777732,0.025,0.0
/epuck1/cmd_vel,22.453994411,0.025,0.0
/epuck1/cmd_vel,22.462505722,0.025,0.0
/epuck1/cmd_vel,22.470100246,0.025,0.0
/epuck1/cmd_vel,22.481983268,0.025,0.0
/epuck1/cmd_vel,22.488999728,0.025,0.0
/epuck1/cmd_vel,22.500673757,0.025,0.0
/epuck1/cmd_vel,22.507410916,0.025,0.0
/epuck1/cmd_vel,22.519104386,0.025,0.0
/epuck1/cmd_vel,22.524774695,0.025,0.0
/epuck1/cmd_vel,22.534855745,0.025,0.0
/epuck1/cmd_vel,22.541676269,0.025,0.0
/epuck1/cmd_vel,22.554239972,0.025,0.0
/epuck1/cmd_vel,22.563318844,0.025,0.0
/epuck1/cmd_vel,22.571574663,0.025,0.0
/epuck1/cmd_vel,22.577219683,0.025,0.0
/epuck1/cmd_vel,22.591388309,0.025,0.0
/epuck1/cmd_vel,22.596281046,0.025,0.0
/epuck1/cmd_vel,22.608252199,0.025,0.0
/epuck1/cmd_vel,22.615628289,0.025,0.0
/epuck1/cmd_vel,22.62444847,0.025,0.0
/epuck1/cmd_vel,22.631679521,0.025,0.0
/epuck1/cmd_vel,22.639611777,0.025,0.0
/epuck1/cmd_vel,22.650082462,0.025,0.0
/epuck1/cmd_vel,22.660648707,0.025,0.0
/epuck1/cmd_vel,22.664106649,0.025,0.0
/epuck1/cmd_vel,22.676700839,0.025,0.0
/epuck1/cmd_vel,22.682090966,0.025,0.0
/epuck1/cmd_vel,22.693269053,0.025,0.0
/epuck1/cmd_vel,22.700219623,0.025,0.0
/epuck1/cmd_vel,22.709836268,0.025,0.0
/epuck1/cmd_vel,22.718398358,0.025,0.0
/epuck1/cmd_vel,22.728589661,0.025,0.0
/epuck1/cmd_vel,22.736391872,0.025,0.0
/epuck1/cmd_vel,22.74680858,0.025,0.0
/epuck1/cmd_vel,22.752083456,0.025,0.0
/epuck1/cmd_vel,22.766599535,0.025,0.0
/epuck1/cmd_vel,22.770258692,0.025,0.0
/epuck1/cmd_vel,22.780746171,0.025,0.0
/epuck1/cmd_vel,22.786566616,0.025,0.0
/epuck1/cmd_vel,22.798811154,0.025,0.0
/epuck1/cmd_vel,22.805240043,0.025,0.0
/epuck1/cmd_vel,22.814632483,0.025,0.0
/epuck1/cmd_vel,22.824358982,0.025,0.0
/epuck1/cmd_vel,22.832291438,0.025,0.0
/epuck1/cmd_vel,22.842837191,0.025,0.0
/epuck1/cmd_vel,22.853989389,0.025,0.0
/epuck1/cmd_vel,22.858916112,0.025,0.0
/epuck1/cmd_vel,22.873399605,0.025,0.0
/epuck1/cmd_vel,22.877627723,0.025,0.0
/epuck1/cmd_vel,22.888596098,0.025,0.0
/epuck1/cmd_vel,22.896041259,0.025,0.0
/epuck1/cmd_vel,22.905163913,0.025,0.0
/epuck1/cmd_vel,22.912666049,0.025,0.0
/epuck1/cmd_vel,22.922849356,0.025,0.0
/epuck1/cmd_vel,22.931885146,0.025,0.0
/epuck1/cmd_vel,22.943467863,0.025,0.0
/epuck1/cmd_vel,22.954361869,0.023931920300000797,-0.03204239099997608
/epuck1/cmd_vel,22.961471172,0.023181056900000385,-0.054568292999988444
/epuck1/cmd_vel,22.968785788,0.02248175170000053,-0.07554744899998411
/epuck1/cmd_vel,22.980072429,0.02132257049999993,-0.1103228850000022
/epuck1/cmd_vel,22.986621668,0.020750041899999874,-0.12749874300000386
/epuck1/cmd_vel,22.998747355,0.019462584699999754,-0.16612245900000744
/epuck1/cmd_vel,23.00407181,0.01896158589999999,-0.18115242300000034
/epuck1/cmd_vel,23.014169953,0.017920015100000342,-0.21239954699998975
/epuck1/cmd_vel,23.025985771,0.016770899600000177,-0.24687301199999467
/epuck1/cmd_vel,23.033191133,0.016016357700000584,-0.2695092689999825
/epuck1/cmd_vel,23.042824471,0.015058861400000012,-0.29823415799999964
/epuck1/cmd_vel,23.051782194,0.014152393599999868,-0.32542819200000395
/epuck1/cmd_vel,23.061888133,0.01313580230000042,-0.35592593099998737
/epuck1/cmd_vel,23.072673086,0.012058156599999847,-0.3882553020000046
/epuck1/cmd_vel,23.07702765,0.011646330300000328,-0.4006100909999901
/epuck1/cmd_vel,23.089225307,0.010522933900000453,-0.4343119829999864
/epuck1/cmd_vel,23.096751934,0.009657548799999915,-0.46027353600000254
/epuck1/cmd_vel,23.109054247,0.008462572599999874,-0.4961228220000038
/epuck1/cmd_vel,23.115104396,0.007817484599999603,-0.5154754620000119
/epuck1/cmd_vel,23.127690489,0.006556646200000672,-0.5533006139999799
/epuck1/cmd_vel,23.134453538,0.006,-0.5721020850000116
/epuck1/cmd_vel,23.142904075,0.006,-0.5986939739999997
/epuck1/cmd_vel,23.152914954,0.006,-0.625079549999981
/epuck1/cmd_vel,23.161908662,0.006,-0.65
/epuck1/cmd_vel,23.171678443,0.006,-0.65
/epuck1/cmd_vel,23.181241411,0.006,-0.65
/epuck1/cmd_vel,23.186822857,0.006,-0.65
/epuck1/cmd_vel,23.198810703,0.006,-0.65
/epuck1/cmd_vel,23.206564034,0.006,-0.65
/epuck1/cmd_vel,23.222789193,0.006,-0.65
/epuck1/cmd_vel,23.224310052,0.006207572450000271,-0.6333942039999784
/epuck1/cmd_vel,23.235716842,0.006749289049999647,-0.5900568760000283
/epuck1/cmd_vel,23.242727087,0.007126125150000235,-0.5599099879999813
/epuck1/cmd_vel,23.252286956,0.007573111700000141,-0.5241510639999888
/epuck1/cmd_vel,23.262020852,0.008042009000000178,-0.4866392799999858
/epuck1/cmd_vel,23.270261277,0.00850411915000015,-0.449670467999988
/epuck1/cmd_vel,23.276695465,0.008814558299999704,-0.42483533600002377
/epuck1/cmd_vel,23.288307169,0.009368659649999729,-0.3805072280000218
/epuck1/cmd_vel,23.2941638,0.009661116349999816,-0.3571106920000148
/epuck1/cmd_vel,23.306594358,0.010248558649999979,-0.31011530800000175
/epuck1/cmd_vel,23.311892924,0.01056818890000008,-0.28454488799999356
/epuck1/cmd_vel,23.326060351,0.011266149599999891,-0.22870803200000867
/epuck1/cmd_vel,23.333843669,0.011648773299999731,-0.19809813600002146
/epuck1/cmd_vel,23.34176413,0.012,-0.16331320399998506
/epuck1/cmd_vel,23.350047937,0.012,-0.13032351199998404
/epuck1/cmd_vel,23.359973352,0.012,-0.09054308400001221
/epuck1/cmd_vel,23.369169075,0.012,-0.05683809600000134
/epuck1/cmd_vel,23.377949373,0.012,-0.018609412000012093
/epuck1/cmd_vel,23.38391036,0.012,0.005170960000020819
/epuck1/cmd_vel,23.395748169,0.012,0.039516378999982726
/epuck1/cmd_vel,23.40214787,0.012,0.05828666500000279
/epuck1/cmd_vel,23.416249825,0.012,0.10109241699998106
/epuck1/cmd_vel,23.423089541,0.012,0.12258195699999985
/epuck1/cmd_vel,23.439115784,0.012,0.1700015619999874
/epuck1/cmd_vel,23.4442944,0.012,0.18343350100001599
/epuck1/cmd_vel,23.458322886,0.012,0.22433175699999308
/epuck1/cmd_vel,23.465108325,0.012,0.24873156699999865
/epuck1/cmd_vel,23.478701193,0.012,0.2883250750000087
/epuck1/cmd_vel,23.483835929,0.012,0.30490688200000304
/epuck1/cmd_vel,23.493541736,0.012,0.33092661399998347
/epuck1/cmd_vel,23.502897796,0.012,0.35
/epuck1/cmd_vel,23.511587503,0.012,0.35
/epuck1/cmd_vel,23.520800504,0.012,0.35
/epuck1/cmd_vel,23.531365412,0.012,0.35
/epuck1/cmd_vel,23.536172295,0.012,0.35
/epuck1/cmd_vel,23.547907918,0.012,0.35
/epuck1/cmd_vel,23.553993351,0.012,0.35
/epuck1/cmd_vel,23.567842135,0.012,0.35
/epuck1/cmd_vel,23.571783525,0.012,0.35
/epuck1/cmd_vel,23.585527171,0.012,0.35
/epuck1/cmd_vel,23.59197799,0.012,0.35
/epuck1/cmd_vel,23.598109896,0.012,0.35
/epuck1/cmd_vel,23.607880071,0.012,0.35
/epuck1/cmd_vel,23.616443252,0.012,0.35
/epuck1/cmd_vel,23.62168538,0.012,0.35
/epuck1/cmd_vel,23.634816385,0.012,0.29845260800002504
/epuck1/cmd_vel,23.639893009,0.012,0.27752367600002115
/epuck1/cmd_vel,23.65550446,0.012,0.22058224400004744
/epuck1/cmd_vel,23.65913923,0.012,0.19940705600001818
/epuck1/cmd_vel,23.672811817,0.012,0.17865333795547483
/epuck1/cmd_vel,23.678240636,0.012,0.17865333795547483
/epuck1/cmd_vel,23.688411675,0.012,0.17865333795547483
/epuck1/cmd_vel,23.695379491,0.012,0.17865333795547483
/epuck1/cmd_vel,23.705431201,0.012,0.17865333795547483
/epuck1/cmd_vel,23.713809291,0.012,0.17865333795547483
/epuck1/cmd_vel,23.723364791,0.012,0.17865333795547483
/epuck1/cmd_vel,23.729225756,0.012,0.17865333795547483
/epuck1/cmd_vel,23.739795261,0.012,0.1347406739554708
/epuck1/cmd_vel,23.746506528,0.012,0.10557936195548562
/epuck1/cmd_vel,23.758349488,0.012,0.0605305619555247
/epuck1/cmd_vel,23.766138123,0.012,0.0271909019555005
/epuck1/cmd_vel,23.780225567,0.012,-0.02899217004450977
/epuck1/cmd_vel,23.785183561,0.012,-0.03972391247749331
/epuck1/cmd_vel,23.798942998,0.012,-0.03972391247749331
/epuck1/cmd_vel,23.806004659,0.012,-0.03972391247749331
/epuck1/cmd_vel,23.819696535,0.012,-0.03972391247749331
/epuck1/cmd_vel,23.827355047,0.012,-0.03972391247749331
/epuck1/cmd_vel,23.833292867,0.012,-0.03972391247749331
/epuck1/cmd_vel,23.844659206,0.012,-0.07253698247751063
/epuck1/cmd_vel,23.854907,0.012,-0.08339934110641482
/epuck1/cmd_vel,23.863458988,0.012,-0.08339934110641482
/epuck1/cmd_vel,23.874164614,0.012,-0.08339934110641482
/epuck1/cmd_vel,23.882409682,0.012,-0.08339934110641482
/epuck1/cmd_vel,23.893596726,0.012,-0.08339934110641482
/epuck1/cmd_vel,23.897643754,0.012,-0.08339934110641482
/epuck1/cmd_vel,23.908994502,0.012,-0.08339934110641482
/epuck1/cmd_vel,23.916784636,0.012,-0.08339934110641482
/epuck1/cmd_vel,23.930769141,0.012,-0.08339934110641482
/epuck1/cmd_vel,23.937336092,0.012,-0.08339934110641482
/epuck1/cmd_vel,23.949800987,0.012,-0.032537549106436955
/epuck1/cmd_vel,23.955071398,0.012,-0.01590096116065981
/epuck1/cmd_vel,23.970197933,0.012,-0.01590096116065981
/epuck1/cmd_vel,23.975041195,0.012,-0.01590096116065981
/epuck1/cmd_vel,23.984828959,0.012,-0.01590096116065981
/epuck1/cmd_vel,23.995073255,0.012,-0.01590096116065981
/epuck1/cmd_vel,24.005240397,0.012,-0.01590096116065981
/epuck1/cmd_vel,24.015516874,0.012,-0.01590096116065981
/epuck1/cmd_vel,24.024918864,0.012,-0.01590096116065981
/epuck1/cmd_vel,24.034545922,0.012,-0.01590096116065981
/epuck1/cmd_vel,24.042968486,0.012,0.015862991809844948
/epuck1/cmd_vel,24.049521545,0.012,0.01586299180984495
/epuck1/cmd_vel,24.064097203,0.012,0.01586299180984495
/epuck1/cmd_vel,24.070191832,0.012,0.01586299180984495
/epuck1/cmd_vel,24.08242896,0.012,0.01586299180984495
/epuck1/cmd_vel,24.088575258,0.012,0.01586299180984495
/epuck1/cmd_vel,24.10155725,0.012,0.01586299180984495
/epuck1/cmd_vel,24.107224828,0.012,0.01586299180984495
/epuck1/cmd_vel,24.117616038,0.012,0.01586299180984495
/epuck1/cmd_vel,24.126215998,0.012,0.01586299180984495
/epuck1/cmd_vel,24.134350031,0.012,0.01586299180984495
/epuck1/cmd_vel,24.143401727,0.012,0.01586299180984495
/epuck1/cmd_vel,24.154378893,0.012,0.003951516151428202
/epuck1/cmd_vel,24.164274094,0.012,0.003951516151428203
/epuck1/cmd_vel,24.174870684,0.012,0.003951516151428203
/epuck1/cmd_vel,24.181419446,0.012,0.003951516151428203
/epuck1/cmd_vel,24.195079141,0.012,0.003951516151428203
/epuck1/cmd_vel,24.202620321,0.012,0.003951516151428203
/epuck1/cmd_vel,24.215287598,0.012,0.003951516151428203
/epuck1/cmd_vel,24.220143452,0.012,0.003951516151428203
/epuck1/cmd_vel,24.231414546,0.012,0.003951516151428203
/epuck1/cmd_vel,24.239570767,0.012,0.003951516151428203
/epuck1/cmd_vel,24.245653901,0.012,-0.003989485502243063
/epuck1/cmd_vel,24.254744074,0.012,-0.003989485502243062
/epuck1/cmd_vel,24.263339837,0.012,-0.003989485502243062
/epuck1/cmd_vel,24.269931274,0.012,-0.003989485502243062
/epuck1/cmd_vel,24.281759042,0.012,-0.003989485502243062
/epuck1/cmd_vel,24.290580572,0.012,-0.003989485502243062
/epuck1/cmd_vel,24.301707351,0.012,-0.003989485502243062
/epuck1/cmd_vel,24.308341163,0.012,-0.003989485502243062
/epuck1/cmd_vel,24.320486246,0.012,-0.003989485502243062
/epuck1/cmd_vel,24.327399594,0.012,-0.003989485502243062
/epuck1/cmd_vel,24.339890474,0.012,-0.003989485502243062
/epuck1/cmd_vel,24.34605706,0.012,-0.003989485502243062
/epuck1/cmd_vel,24.354685503,0.012,-1.8957853317280553e-05
/epuck1/cmd_vel,24.364486859,0.012,-1.8957853317280726e-05
/epuck1/cmd_vel,24.371906011,0.012,-1.8957853317280726e-05
/epuck1/cmd_vel,24.377652543,0.012,-1.8957853317280726e-05
/epuck1/cmd_vel,24.391367006,0.012,-1.8957853317280726e-05
/epuck1/cmd_vel,24.394804991,0.012,-1.8957853317280726e-05
/epuck1/cmd_vel,24.406636157,0.012,-1.8957853317280726e-05
/epuck1/cmd_vel,24.414237802,0.012,-1.8957853317280726e-05
/epuck1/cmd_vel,24.428520832,0.012,-1.8957853317280726e-05
/epuck1/cmd_vel,24.435851735,0.012,-1.8957853317280726e-05
/epuck1/cmd_vel,24.447571867,0.012,-1.8957853317280726e-05
/epuck1/cmd_vel,24.453830099,0.012,-1.8957853317280726e-05
/epuck1/cmd_vel,24.463540708,0.012,-1.8957853317280726e-05
/epuck1/cmd_vel,24.473196549,0.012,-1.8957853317280726e-05
/epuck1/cmd_vel,24.483926061,0.012,-1.8957853317280726e-05
/epuck1/cmd_vel,24.491445754,0.012,-1.8957853317280726e-05
/epuck1/cmd_vel,24.501025444,0.012,-1.8957853317280726e-05
/epuck1/cmd_vel,24.508125162,0.012,-1.8957853317280726e-05
/epuck1/cmd_vel,24.522204284,0.012,-1.8957853317280726e-05
/epuck1/cmd_vel,24.529962022,0.012,-1.8957853317280726e-05
/epuck1/cmd_vel,24.544023757,0.012,-1.8957853317280726e-05
/epuck1/cmd_vel,24.552448307,0.012,-1.8957853317280726e-05
/epuck1/cmd_vel,24.564713354,0.012,0.003951516151428203
/epuck1/cmd_vel,24.571695058,0.012,0.003951516151428203
/epuck1/cmd_vel,24.586751467,0.012,0.003951516151428203
/epuck1/cmd_vel,24.593397316,0.012,0.003951516151428203
/epuck1/cmd_vel,24.605124855,0.012,0.003951516151428203
/epuck1/cmd_vel,24.613690702,0.012,0.003951516151428203
/epuck1/cmd_vel,24.623901349,0.012,0.003951516151428203
/epuck1/cmd_vel,24.630659316,0.012,0.003951516151428203
/epuck1/cmd_vel,24.638784884,0.012,0.003951516151428203
/epuck1/cmd_vel,24.647619535,0.012,0.003951516151428203
/epuck1/cmd_vel,24.656218458,0.012,-1.8957853317280553e-05
/epuck1/cmd_vel,24.666675825,0.012,-1.8957853317280726e-05
/epuck1/cmd_vel,24.675852826,0.012,-1.8957853317280726e-05
/epuck1/cmd_vel,24.685618897,0.012,-1.8957853317280726e-05
/epuck1/cmd_vel,24.694831472,0.012,-1.8957853317280726e-05
/epuck1/cmd_vel,24.701421961,0.012,-1.8957853317280726e-05
/epuck1/cmd_vel,24.71409561,0.012,-1.8957853317280726e-05
/epuck1/cmd_vel,24.720321865,0.012,-1.8957853317280726e-05
/epuck1/cmd_vel,24.731311043,0.012,-1.8957853317280726e-05
/epuck1/cmd_vel,24.736955123,0.012,-1.8957853317280726e-05
/epuck1/cmd_vel,24.744668992,0.012,-1.8957853317280726e-05
/epuck1/cmd_vel,24.753198965,0.012,-1.8957853317280726e-05
/epuck1/cmd_vel,24.761966665,0.012,-0.003989485502243062
/epuck1/cmd_vel,24.772386059,0.012,-0.003989485502243062
/epuck1/cmd_vel,24.781575751,0.012,-0.003989485502243062
/epuck1/cmd_vel,24.78860492,0.012,-0.003989485502243062
/epuck1/cmd_vel,24.801137572,0.012,-0.003989485502243062
/epuck1/cmd_vel,24.806877482,0.012,-0.003989485502243062
/epuck1/cmd_vel,24.820283096,0.012,-0.003989485502243062
/epuck1/cmd_vel,24.826448995,0.012,-0.003989485502243062
/epuck1/cmd_vel,24.83841546,0.012,-0.003989485502243062
/epuck1/cmd_vel,24.845653277,0.012,-0.003989485502243062
/epuck1/cmd_vel,24.854419877,0.012,-0.003989485502243062
/epuck1/cmd_vel,24.867024276,0.012,-1.8957853317280553e-05
/epuck1/cmd_vel,24.877457361,0.012,-1.8957853317280726e-05
/epuck1/cmd_vel,24.887720169,0.012,-1.8957853317280726e-05
/epuck1/cmd_vel,24.898917295,0.012,-1.8957853317280726e-05
/epuck1/cmd_vel,24.9089114,0.012,-1.8957853317280726e-05
/epuck1/cmd_vel,24.917005991,0.012,-1.8957853317280726e-05
/epuck1/cmd_vel,24.926902267,0.012,-1.8957853317280726e-05
/epuck1/cmd_vel,24.935867323,0.012,-1.8957853317280726e-05
/epuck1/cmd_vel,24.946918956,0.012,-1.8957853317280726e-05
/epuck1/cmd_vel,24.956089861,0.012,-1.8957853317280726e-05
/epuck1/cmd_vel,24.96314651,0.012,-1.8957853317280726e-05
/epuck1/cmd_vel,24.977108418,0.012,-1.8957853317280726e-05
/epuck1/cmd_vel,24.982310921,0.012,-1.8957853317280726e-05
/epuck1/cmd_vel,24.994401195,0.012,-1.8957853317280726e-05
/epuck1/cmd_vel,25.001250096,0.012,-1.8957853317280726e-05
/epuck1/cmd_vel,25.015214402,0.012,-1.8957853317280726e-05
/epuck1/cmd_vel,25.022193008,0.012,-1.8957853317280726e-05
/epuck1/cmd_vel,25.034456056,0.012,-1.8957853317280726e-05
/epuck1/cmd_vel,25.040667722,0.012,-1.8957853317280726e-05
/epuck1/cmd_vel,25.049825537,0.012,-1.8957853317280726e-05
/epuck1/cmd_vel,25.059216882,0.012,-1.8957853317280726e-05
/epuck1/cmd_vel,25.06958911,0.012,0.003951516151428203
/epuck1/cmd_vel,25.078402377,0.012,0.003951516151428203
/epuck1/cmd_vel,25.086011922,0.012,0.003951516151428203
/epuck1/cmd_vel,25.09194599,0.012,0.003951516151428203
/epuck1/cmd_vel,25.105596326,0.012,0.003951516151428203
/epuck1/cmd_vel,25.110512737,0.012,0.003951516151428203
/epuck1/cmd_vel,25.122635788,0.012,0.003951516151428203
/epuck1/cmd_vel,25.128058529,0.012,0.003951516151428203
/epuck1/cmd_vel,25.14079853,0.012,0.003951516151428203
/epuck1/cmd_vel,25.146767173,0.012,0.003951516151428203
/epuck1/cmd_vel,25.156302412,0.012,0.003951516151428203
/epuck1/cmd_vel,25.16571724,0.012,-1.8957853317280553e-05
/epuck1/cmd_vel,25.174469851,0.012,-1.8957853317280726e-05
/epuck1/cmd_vel,25.183184389,0.012,-1.8957853317280726e-05
/epuck1/cmd_vel,25.191925508,0.012,-1.8957853317280726e-05
/epuck1/cmd_vel,25.198705359,0.012,-1.8957853317280726e-05
/epuck1/cmd_vel,25.210790937,0.012,-1.8957853317280726e-05
/epuck1/cmd_vel,25.218214418,0.012,-1.8957853317280726e-05
/epuck1/cmd_vel,25.230246036,0.012,-1.8957853317280726e-05
/epuck1/cmd_vel,25.23408923,0.012,-1.8957853317280726e-05
/epuck1/cmd_vel,25.246697027,0.012,-1.8957853317280726e-05
/epuck1/cmd_vel,25.253881183,0.012,-1.8957853317280726e-05
/epuck1/cmd_vel,25.263441304,0.012,-1.8957853317280726e-05
/epuck1/cmd_vel,25.273343276,0.012,-1.8957853317280726e-05
/epuck1/cmd_vel,25.283258938,0.012,-1.8957853317280726e-05
/epuck1/cmd_vel,25.292138456,0.012,-1.8957853317280726e-05
/epuck1/cmd_vel,25.300854394,0.012,-1.8957853317280726e-05
/epuck1/cmd_vel,25.307841793,0.012,-1.8957853317280726e-05
/epuck1/cmd_vel,25.319349393,0.012,-1.8957853317280726e-05
/epuck1/cmd_vel,25.326030916,0.012,-1.8957853317280726e-05
/epuck1/cmd_vel,25.338816083,0.012,-1.8957853317280726e-05
/epuck1/cmd_vel,25.344523017,0.012,-1.8957853317280726e-05
/epuck1/cmd_vel,25.351842174,0.012,-1.8957853317280726e-05
/epuck1/cmd_vel,25.361591458,0.012,-1.8957853317280726e-05
/epuck1/cmd_vel,25.369995823,0.012,-0.003989485502243062
/epuck1/cmd_vel,25.374778631,0.012,-0.003989485502243062
/epuck1/cmd_vel,25.390704606,0.012,-0.003989485502243062
/epuck1/cmd_vel,25.395388287,0.012,-0.003989485502243062
/epuck1/cmd_vel,25.406149731,0.012,-0.003989485502243062
/epuck1/cmd_vel,25.413052093,0.012,-0.003989485502243062
/epuck1/cmd_vel,25.422282155,0.012,-0.003989485502243062
/epuck1/cmd_vel,25.430941934,0.012,-0.003989485502243062
/epuck1/cmd_vel,25.439424142,0.012,-0.003989485502243062
/epuck1/cmd_vel,25.450647749,0.012,-0.003989485502243062
/epuck1/cmd_vel,25.460378646,0.012,-0.003989485502243062
/epuck1/cmd_vel,25.465926696,0.012,-0.003989485502243062
/epuck1/cmd_vel,25.477251929,0.012,-1.8957853317280553e-05
/epuck1/cmd_vel,25.484111622,0.012,-1.8957853317280726e-05
/epuck1/cmd_vel,25.495452832,0.012,-1.8957853317280726e-05
/epuck1/cmd_vel,25.503263946,0.012,-1.8957853317280726e-05
/epuck1/cmd_vel,25.514585656,0.012,-1.8957853317280726e-05
/epuck1/cmd_vel,25.521627728,0.012,-1.8957853317280726e-05
/epuck1/cmd_vel,25.530558884,0.012,-1.8957853317280726e-05
/epuck1/cmd_vel,25.54114782,0.012,-1.8957853317280726e-05
/epuck1/cmd_vel,25.550804655,0.012,-1.8957853317280726e-05
/epuck1/cmd_vel,25.559883584,0.012,-1.8957853317280726e-05
/epuck1/cmd_vel,25.571791192,0.012,-1.8957853317280726e-05
/epuck1/cmd_vel,25.577393297,0.012,0.003951516151428203
/epuck1/cmd_vel,25.588832705,0.012,0.003951516151428203
/epuck1/cmd_vel,25.593929343,0.012,0.003951516151428203
/epuck1/cmd_vel,25.607661989,0.012,0.003951516151428203
/epuck1/cmd_vel,25.612354572,0.012,0.003951516151428203
/epuck1/cmd_vel,25.623005956,0.012,0.003951516151428203
/epuck1/cmd_vel,25.631448529,0.012,0.003951516151428203
/epuck1/cmd_vel,25.641271721,0.012,0.003951516151428203
/epuck1/cmd_vel,25.651575402,0.012,0.003951516151428203
/epuck1/cmd_vel,25.66095937,0.012,0.003951516151428203
/epuck1/cmd_vel,25.668415588,0.012,0.003951516151428203
/epuck1/cmd_vel,25.681074353,0.012,-1.8957853317280553e-05
/epuck1/cmd_vel,25.686445855,0.012,-1.8957853317280726e-05
/epuck1/cmd_vel,25.698628728,0.012,-1.8957853317280726e-05
/epuck1/cmd_vel,25.708800921,0.012,-1.8957853317280726e-05
/epuck1/cmd_vel,25.719165949,0.012,-1.8957853317280726e-05
/epuck1/cmd_vel,25.728436315,0.012,-1.8957853317280726e-05
/epuck1/cmd_vel,25.739080404,0.012,-1.8957853317280726e-05
/epuck1/cmd_vel,25.74635208,0.012,-1.8957853317280726e-05
/epuck1/cmd_vel,25.754965707,0.012,-1.8957853317280726e-05
/epuck1/cmd_vel,25.763815832,0.012,-1.8957853317280726e-05
/epuck1/cmd_vel,25.770750696,0.012,-1.8957853317280726e-05
/epuck1/cmd_vel,25.777836831,0.012,-1.8957853317280726e-05
/epuck1/cmd_vel,25.791105374,0.012,-0.003989485502243062
/epuck1/cmd_vel,25.79788657,0.012,-0.003989485502243062
/epuck1/cmd_vel,25.810977965,0.012,-0.003989485502243062
/epuck1/cmd_vel,25.8150261,0.012,-0.003989485502243062
/epuck1/cmd_vel,25.828797213,0.012,-0.003989485502243062
/epuck1/cmd_vel,25.835975169,0.012,-0.003989485502243062
/epuck1/cmd_vel,25.843443676,0.012,-0.003989485502243062
/epuck1/cmd_vel,25.852748312,0.012,-0.003989485502243062
/epuck1/cmd_vel,25.860900035,0.012,-0.003989485502243062
/epuck1/cmd_vel,25.866514729,0.012,-0.003989485502243062
/epuck1/cmd_vel,25.880992237,0.012,-1.8957853317280553e-05
/epuck1/cmd_vel,25.886862413,0.012,-1.8957853317280726e-05
/epuck1/cmd_vel,25.89908665,0.012,-1.8957853317280726e-05
/epuck1/cmd_vel,25.906124925,0.012,-1.8957853317280726e-05
/epuck1/cmd_vel,25.918428195,0.012,-1.8957853317280726e-05
/epuck1/cmd_vel,25.924603909,0.012,-1.8957853317280726e-05
/epuck1/cmd_vel,25.936808063,0.012,-1.8957853317280726e-05
/epuck1/cmd_vel,25.942603203,0.012,-1.8957853317280726e-05
/epuck1/cmd_vel,25.953757955,0.012,-1.8957853317280726e-05
/epuck1/cmd_vel,25.963347547,0.012,-1.8957853317280726e-05
/epuck1/cmd_vel,25.974313561,0.012,-1.8957853317280726e-05
/epuck1/cmd_vel,25.983032798,0.012,0.003951516151428203
/epuck1/cmd_vel,25.994333925,0.012,0.003951516151428203
/epuck1/cmd_vel,26.00236625,0.012,0.003951516151428203
/epuck1/cmd_vel,26.013186588,0.012,0.003951516151428203
/epuck1/cmd_vel,26.017434452,0.012,0.003951516151428203
/epuck1/cmd_vel,26.029265925,0.012,0.003951516151428203
/epuck1/cmd_vel,26.0344366,0.012,0.003951516151428203
/epuck1/cmd_vel,26.046402058,0.012,0.003951516151428203
/epuck1/cmd_vel,26.052328985,0.012,0.003951516151428203
/epuck1/cmd_vel,26.064579699,0.012,0.003951516151428203
/epuck1/cmd_vel,26.070016945,0.012,0.003951516151428203
/epuck1/cmd_vel,26.078786639,0.012,0.003951516151428203
/epuck1/cmd_vel,26.08970979,0.012,-1.8957853317280553e-05
/epuck1/cmd_vel,26.09551602,0.012,-1.8957853317280726e-05
/epuck1/cmd_vel,26.107542126,0.012,-1.8957853317280726e-05
/epuck1/cmd_vel,26.116590981,0.012,-1.8957853317280726e-05
/epuck1/cmd_vel,26.120112467,0.012,-1.8957853317280726e-05
/epuck1/cmd_vel,26.131841828,0.012,-1.8957853317280726e-05
/epuck1/cmd_vel,26.137955495,0.012,-1.8957853317280726e-05
/epuck1/cmd_vel,26.149626006,0.012,-1.8957853317280726e-05
/epuck1/cmd_vel,26.1558244,0.012,-1.8957853317280726e-05
/epuck1/cmd_vel,26.165581149,0.012,-1.8957853317280726e-05
/epuck1/cmd_vel,26.174154611,0.012,-1.8957853317280726e-05
/epuck1/cmd_vel,26.184937481,0.012,-1.8957853317280726e-05
/epuck1/cmd_vel,26.193906405,0.012,-0.003989485502243062
/epuck1/cmd_vel,26.204252449,0.012,-0.003989485502243062
/epuck1/cmd_vel,26.214940201,0.012,-0.003989485502243062
/epuck1/cmd_vel,26.223904129,0.012,-0.003989485502243062
/epuck1/cmd_vel,26.229899897,0.012,-0.003989485502243062
/epuck1/cmd_vel,26.242658876,0.012,-0.003989485502243062
/epuck1/cmd_vel,26.247920073,0.012,-0.003989485502243062
/epuck1/cmd_vel,26.259357483,0.012,-0.003989485502243062
/epuck1/cmd_vel,26.265333168,0.012,-0.003989485502243062
/epuck1/cmd_vel,26.277453494,0.012,-0.003989485502243062
/epuck1/cmd_vel,26.28427006,0.012,-0.003989485502243062
/epuck1/cmd_vel,26.292029518,0.012,-0.003989485502243062
/epuck1/cmd_vel,26.302610761,0.012,-1.8957853317280553e-05
/epuck1/cmd_vel,26.310215952,0.012,-1.8957853317280726e-05
/epuck1/cmd_vel,26.319802746,0.012,-1.8957853317280726e-05
/epuck1/cmd_vel,26.32781309,0.012,0.03121990614672766
/epuck1/cmd_vel,26.333927257,0.012,0.05044484814672158
/epuck1/cmd_vel,26.345776914,0.012,0.08444444814670872
/epuck1/cmd_vel,26.353651674,0.012,0.10788918114669967
/epuck1/cmd_vel,26.366158469,0.012,0.14538618714669493
/epuck1/cmd_vel,26.372178816,0.012,0.16375146714669253
/epuck1/cmd_vel,26.381792088,0.012,0.19401895914671397
/epuck1/cmd_vel,26.390122657,0.012,0.2187705731467099
/epuck1/cmd_vel,26.398400072,0.012,0.24330877014670815
/epuck1/cmd_vel,26.408311888,0.012,0.2735942501467258
/epuck1/cmd_vel,26.415087589,0.012,0.293228644146705
/epuck1/cmd_vel,26.422314703,0.012,0.3
/epuck1/cmd_vel,26.432457721,0.012,0.3
/epuck1/cmd_vel,26.438859941,0.012,0.3
/epuck1/cmd_vel,26.448119016,0.012,0.3
/epuck1/cmd_vel,26.456209491,0.012,0.3
/epuck1/cmd_vel,26.465068509,0.012,0.3
/epuck1/cmd_vel,26.475467208,0.012,0.3
/epuck1/cmd_vel,26.487104248,0.012,0.3
/epuck1/cmd_vel,26.491866971,0.012,0.3
/epuck1/cmd_vel,26.504530671,0.012,0.29911065101623535
/epuck1/cmd_vel,26.510680729,0.012,0.29911065101623535
/epuck1/cmd_vel,26.522558154,0.012,0.29911065101623535
/epuck1/cmd_vel,26.529242396,0.012,0.29911065101623535
/epuck1/cmd_vel,26.541097542,0.012,0.29911065101623535
/epuck1/cmd_vel,26.548048526,0.012,0.29911065101623535
/epuck1/cmd_vel,26.559963714,0.012,0.29911065101623535
/epuck1/cmd_vel,26.566810898,0.012,0.29911065101623535
/epuck1/cmd_vel,26.580518155,0.012,0.29911065101623535
/epuck1/cmd_vel,26.584832286,0.012,0.29911065101623535
/epuck1/cmd_vel,26.595277195,0.012,0.29911065101623535
/epuck1/cmd_vel,26.604906891,0.012,0.25483782701627433
/epuck1/cmd_vel,26.613470417,0.01243580395000049,0.21997351101623508
/epuck1/cmd_vel,26.622348439,0.012870194250000366,0.185222287016245
/epuck1/cmd_vel,26.630704166,0.013290857800000111,0.15156920301626542
/epuck1/cmd_vel,26.636251307,0.013578494900000038,0.12855823501627128
/epuck1/cmd_vel,26.648288277,0.014165118100000285,0.08162837901625153
/epuck1/cmd_vel,26.656018708,0.014549396850000108,0.07499824464321136
/epuck1/cmd_vel,26.668897365,0.01519105190000002,0.07499824464321136
/epuck1/cmd_vel,26.673236473,0.015402587500000465,0.07499824464321136
/epuck1/cmd_vel,26.685655773,0.016039457200000384,0.07499824464321136
/epuck1/cmd_vel,26.692454305,0.016365936750000542,0.07499824464321136
/epuck1/cmd_vel,26.700856287,0.016809578100000066,0.07499824464321136
/epuck1/cmd_vel,26.708432667,0.017171058850000063,0.0460797846432115
/epuck1/cmd_vel,26.716760821,0.017568215150000097,0.014307280643208742
/epuck1/cmd_vel,26.723182616,0.017924351050000353,-0.00882332306355238
/epuck1/cmd_vel,26.738730794,0.01869551595000044,-0.00882332306355238
/epuck1/cmd_vel,26.745122219,0.01900530165000046,-0.00882332306355238
/epuck1/cmd_vel,26.760938737,0.019786966449999964,-0.00882332306355238
/epuck1/cmd_vel,26.767341551,0.020093070700000024,-0.00882332306355238
/epuck1/cmd_vel,26.780945807,0.02081106200000019,-0.00882332306355238
/epuck1/cmd_vel,26.787115146,0.021107220850000174,-0.00882332306355238
/epuck1/cmd_vel,26.798406137,0.021672214950000324,-0.00882332306355238
/epuck1/cmd_vel,26.804891771,0.02200591255000032,-0.00882332306355238
/epuck1/cmd_vel,26.818231682,0.022652507849999892,-0.011029153130948544
/epuck1/cmd_vel,26.824927014,0.023006490850000005,-0.011029153130948544
/epuck1/cmd_vel,26.836303222,0.023497421500000372,-0.011029153130948544
/epuck1/cmd_vel,26.842853394,0.02390953334999989,-0.011029153130948544
/epuck1/cmd_vel,26.853152843,0.024395713600000136,-0.011029153130948544
/epuck1/cmd_vel,26.864904588,0.024994704850000004,-0.011029153130948544
/epuck1/cmd_vel,26.869505943,0.025,-0.011029153130948544
/epuck1/cmd_vel,26.874711213,0.025,-0.011029153130948544
/epuck1/cmd_vel,26.887118726,0.025,-0.011029153130948544
/epuck1/cmd_vel,26.8928376,0.025,-0.011029153130948544
/epuck1/cmd_vel,26.905368094,0.025,-0.011029153130948544
/epuck1/cmd_vel,26.911485383,0.025,-0.00441166153177619
/epuck1/cmd_vel,26.920512062,0.025,-0.00441166153177619
/epuck1/cmd_vel,26.930062135,0.025,-0.00441166153177619
/epuck1/cmd_vel,26.938867927,0.025,-0.00441166153177619
/epuck1/cmd_vel,26.953800899,0.025,-0.00441166153177619
/epuck1/cmd_vel,26.960264055,0.025,-0.00441166153177619
/epuck1/cmd_vel,26.965695207,0.025,-0.00441166153177619
/epuck1/cmd_vel,26.977700708,0.025,-0.00441166153177619
/epuck1/cmd_vel,26.983141351,0.025,-0.00441166153177619
/epuck1/cmd_vel,26.995753466,0.025,-0.00441166153177619
/epuck1/cmd_vel,27.002161175,0.025,-0.00441166153177619
/epuck1/cmd_vel,27.013977858,0.025,-0.002205830765888095
/epuck1/cmd_vel,27.019532391,0.025,-0.002205830765888095
/epuck1/cmd_vel,27.029216335,0.025,-0.002205830765888095
/epuck1/cmd_vel,27.038703469,0.025,-0.002205830765888095
/epuck1/cmd_vel,27.047296766,0.025,-0.002205830765888095
/epuck1/cmd_vel,27.059450224,0.025,-0.002205830765888095
/epuck1/cmd_vel,27.066610506,0.025,-0.002205830765888095
/epuck1/cmd_vel,27.072999433,0.025,-0.002205830765888095
/epuck1/cmd_vel,27.086244136,0.025,-0.002205830765888095
/epuck1/cmd_vel,27.093360261,0.025,-0.002205830765888095
/epuck1/cmd_vel,27.102840102,0.025,-0.002205830765888095
/epuck1/cmd_vel,27.109608262,0.0,0.0
/epuck1/cmd_vel,27.121209753,0.0,0.0
/epuck1/cmd_vel,27.126548795,0.0,0.0
/epuck1/cmd_vel,27.136774515,0.0,0.0
/epuck1/cmd_vel,27.145889708,0.0,0.0
/epuck1/cmd_vel,27.154632761,0.0,0.0
/epuck1/cmd_vel,27.159214035,0.0,0.0
/epuck1/cmd_vel,27.17243626,0.0,0.0
/epuck1/cmd_vel,27.180181377,0.0,0.0
/epuck1/cmd_vel,27.190936286,0.0,0.0
/epuck1/cmd_vel,27.195265303,0.0,0.0
/epuck1/cmd_vel,27.20842359,0.0,0.0
/epuck1/cmd_vel,27.215490762,0.0,0.0
/epuck1/cmd_vel,27.22529449,0.0,0.0
/epuck1/cmd_vel,27.234980431,0.0,0.0
/epuck1/cmd_vel,27.243581521,0.0,0.0
/epuck1/cmd_vel,27.252640669,0.0,0.0
/epuck1/cmd_vel,27.263458417,0.0,0.0
/epuck1/cmd_vel,27.269655629,0.0,0.0
/epuck1/cmd_vel,27.282728798,0.0,0.0
/epuck1/cmd_vel,27.286424827,0.0,0.0
/epuck1/cmd_vel,27.301680488,0.0,0.0
/epuck1/cmd_vel,27.309274051,0.0,0.0
/epuck1/cmd_vel,27.321422913,0.0,0.0
/epuck1/cmd_vel,27.326184513,0.0,0.0
/epuck1/cmd_vel,27.335293712,0.0,0.0
/epuck1/cmd_vel,27.345046489,0.0,0.0
/epuck1/cmd_vel,27.354263783,0.0,0.0
/epuck1/cmd_vel,27.362778357,0.0,0.0
/epuck1/cmd_vel,27.372409252,0.0,0.0
/epuck1/cmd_vel,27.377235489,0.0,0.0
/epuck1/cmd_vel,27.391017373,0.0,0.0
/epuck1/cmd_vel,27.398712638,0.0,0.0
/epuck1/cmd_vel,27.410435312,0.0,0.0
/epuck1/cmd_vel,27.417384598,0.0,0.0
/epuck1/cmd_vel,27.42772141,0.0,0.0
/epuck1/cmd_vel,27.433479947,0.0,0.0
/epuck1/cmd_vel,27.446459906,0.0,0.0
/epuck1/cmd_vel,27.45234472,0.0,0.0
/epuck1/cmd_vel,27.460652793,0.0,0.0
/epuck1/cmd_vel,27.47167884,0.0,0.0
/epuck1/cmd_vel,27.479570915,0.0,0.0
/epuck1/cmd_vel,27.489041565,0.0,0.0
/epuck1/cmd_vel,27.49758128,0.0,0.0
/epuck1/cmd_vel,27.501686218,0.0,0.0
/epuck1/cmd_vel,27.515683943,0.0,0.0
/epuck1/cmd_vel,27.522356453,0.0,0.0
/epuck1/cmd_vel,27.536356675,0.0,0.0
/epuck1/cmd_vel,27.541035603,0.0,0.0
/epuck1/cmd_vel,27.549522684,0.0,0.0
/epuck1/cmd_vel,27.558967248,0.0,0.0
/epuck1/cmd_vel,27.567916938,0.0,0.0
/epuck1/cmd_vel,27.578318584,0.0,0.0
/epuck1/cmd_vel,27.587525201,0.0,0.0
/epuck1/cmd_vel,27.59287082,0.0,0.0
/epuck1/cmd_vel,27.606030936,0.0,0.0
/epuck1/cmd_vel,27.612271604,0.0,0.0
/epuck1/cmd_vel,27.624022417,0.0,0.0
/epuck1/cmd_vel,27.631404073,0.0,0.0
/epuck1/cmd_vel,27.643868927,0.0,0.0
/epuck1/cmd_vel,27.649377074,0.0,0.0
/epuck1/cmd_vel,27.659846449,0.0,0.0
/epuck1/cmd_vel,27.669260744,0.0,0.0
/epuck1/cmd_vel,27.678021934,0.0,0.0
/epuck1/cmd_vel,27.688339171,0.0,0.0
/epuck1/cmd_vel,27.697457381,0.0,0.0
/epuck1/cmd_vel,27.704331776,0.0,0.0
/epuck1/cmd_vel,27.716098172,0.0,0.0
/epuck1/cmd_vel,27.722013986,0.0,0.0
/epuck1/cmd_vel,27.733700667,0.0,0.0
/epuck1/cmd_vel,27.741121082,0.0,0.0
/epuck1/cmd_vel,27.75425043,0.0,0.0
/epuck1/cmd_vel,27.758793602,0.0,0.0
/epuck1/cmd_vel,27.767158313,0.0,0.0
/epuck1/cmd_vel,27.776311586,0.0,0.0
/epuck1/cmd_vel,27.786286287,0.0,0.0
/epuck1/cmd_vel,27.791312845,0.0,0.0
/epuck1/cmd_vel,27.803577312,0.0,0.0
/epuck1/cmd_vel,27.809317712,0.0,0.0
/epuck1/cmd_vel,27.822350263,0.0,0.0
/epuck1/cmd_vel,27.828452878,0.0,0.0
/epuck1/cmd_vel,27.844042412,0.0,0.0
/epuck1/cmd_vel,27.847196261,0.0,0.0
/epuck1/cmd_vel,27.857711686,0.0,0.0
/epuck1/cmd_vel,27.868180562,0.0,0.0
/epuck1/cmd_vel,27.878792085,0.0,0.0
/epuck1/cmd_vel,27.888491478,0.0,0.0
/epuck1/cmd_vel,27.899475406,0.0,0.0
/epuck1/cmd_vel,27.908231501,0.0,0.0
/epuck1/cmd_vel,27.916172463,0.0,0.0
/epuck1/cmd_vel,27.923418663,0.0,0.0
/epuck1/cmd_vel,27.936296678,0.0,0.0
/epuck1/cmd_vel,27.941581062,0.0,0.0
/epuck1/cmd_vel,27.953777002,0.0,0.0
/epuck1/cmd_vel,27.959558558,0.0,0.0
/epuck1/cmd_vel,27.96712272,0.0,0.0
/epuck1/cmd_vel,27.97610997,0.0,0.0
/epuck1/cmd_vel,27.982846811,0.0,0.0
/epuck1/cmd_vel,27.987677078,0.0,0.0
/epuck1/cmd_vel,28.002257484,0.0,0.0
/epuck1/cmd_vel,28.008640601,0.0,0.0
/epuck1/cmd_vel,28.021518916,0.0,0.0
/epuck1/cmd_vel,28.027275898,0.0,0.0
/epuck1/cmd_vel,28.043716727,0.0,0.0
/epuck1/cmd_vel,28.051340926,0.0,0.0
/epuck1/cmd_vel,28.062197988,0.0,0.0
/epuck1/cmd_vel,28.06861417,0.0,0.0
/epuck1/cmd_vel,28.081375409,0.0,0.0
/epuck1/cmd_vel,28.089262828,0.0,0.0
/epuck1/cmd_vel,28.101590528,0.0,0.0
/epuck1/cmd_vel,28.108057955,0.0,0.0
/epuck1/cmd_vel,28.117166676,0.0,0.0
/epuck1/cmd_vel,28.125207931,0.0,0.0
/epuck1/cmd_vel,28.135203609,0.0,0.0
/epuck1/cmd_vel,28.143779995,0.0,0.0
/epuck1/cmd_vel,28.152794615,0.0,0.0
/epuck1/cmd_vel,28.159100814,0.0,0.0
/epuck1/cmd_vel,28.171100862,0.0,0.0
/epuck1/cmd_vel,28.177013479,0.0,0.0
/epuck1/cmd_vel,28.189958024,0.0,0.0
/epuck1/cmd_vel,28.19773486,0.0,0.0
/epuck1/cmd_vel,28.210148968,0.0,0.0
/epuck1/cmd_vel,28.216954436,0.0,0.0
/epuck1/cmd_vel,28.225891339,0.0,0.0
/epuck1/cmd_vel,28.235867438,0.0,0.0
/epuck1/cmd_vel,28.244113775,0.0,0.0
/epuck1/cmd_vel,28.252921915,0.0,0.0
/epuck1/cmd_vel,28.263655709,0.0,0.0
/epuck1/cmd_vel,28.269531165,0.0,0.0
/epuck1/cmd_vel,28.282922235,0.0,0.0
/epuck1/cmd_vel,28.289349905,0.0,0.0
/epuck1/cmd_vel,28.303176112,0.0,0.0
/epuck1/cmd_vel,28.306384303,0.0,0.0
/epuck1/cmd_vel,28.31529893,0.0,0.0
/epuck1/cmd_vel,28.325012607,0.0,0.0
/epuck1/cmd_vel,28.334782026,0.0,0.0
/epuck1/cmd_vel,28.343438727,0.0,0.0
/epuck1/cmd_vel,28.351381087,0.0,0.0
/epuck1/cmd_vel,28.356562681,0.0,0.0
/epuck1/cmd_vel,28.367837899,0.0,0.0
/epuck1/cmd_vel,28.375725917,0.0,0.0
/epuck1/cmd_vel,28.387135992,0.0,0.0
/epuck1/cmd_vel,28.393615107,0.0,0.0
/epuck1/cmd_vel,28.40556301,0.0,0.0
/epuck1/cmd_vel,28.410694258,0.0,0.0
/epuck1/cmd_vel,28.420057308,0.0,0.0
/epuck1/cmd_vel,28.430718679,0.0,0.0
/epuck1/cmd_vel,28.436274375,0.0,0.0
/epuck1/cmd_vel,28.446157672,0.0,0.0
/epuck1/cmd_vel,28.45606884,0.0,0.0
/epuck1/cmd_vel,28.461659399,0.0,0.0
/epuck1/cmd_vel,28.475000722,0.0,0.0
/epuck1/cmd_vel,28.48011229,0.0,0.0
/epuck1/cmd_vel,28.493743305,0.0,0.0
/epuck1/cmd_vel,28.498531421,0.0,0.0
/epuck1/cmd_vel,28.510612363,0.0,0.0
/epuck1/cmd_vel,28.516039638,0.0,0.0
/epuck1/cmd_vel,28.525219208,0.0,0.0
/epuck1/cmd_vel,28.535325116,0.0,0.0
/epuck1/cmd_vel,28.545341526,0.0,0.0
/epuck1/cmd_vel,28.558902071,0.0,0.0
/epuck1/cmd_vel,28.57180457,0.0,0.0
/epuck1/cmd_vel,28.580273356,0.0,0.0
/epuck1/cmd_vel,28.58854337,0.0,0.0
/epuck1/cmd_vel,28.599493209,0.0,0.0
/epuck1/cmd_vel,28.60729516,0.0,0.0
/epuck1/cmd_vel,28.613470975,0.0,0.0
/epuck1/cmd_vel,28.625066774,0.0,0.0
/epuck1/cmd_vel,28.631368046,0.0,0.0
/epuck1/cmd_vel,28.643800185,0.0,0.0
/epuck1/cmd_vel,28.650119137,0.0,0.0
/epuck1/cmd_vel,28.657448329,0.0,0.0
/epuck1/cmd_vel,28.667635644,0.0,0.0
/epuck1/cmd_vel,28.676694552,0.0,0.0
/epuck1/cmd_vel,28.685734782,0.0,0.0
/epuck1/cmd_vel,28.697664098,0.0,0.0
/epuck1/cmd_vel,28.700555182,0.0,0.0
/epuck1/cmd_vel,28.71464452,0.0,0.0
/epuck1/cmd_vel,28.7203284,0.0,0.0
/epuck1/cmd_vel,28.734685032,0.0,0.0
/epuck1/cmd_vel,28.739893058,0.0,0.0
/epuck1/cmd_vel,28.751149346,0.0,0.0
/epuck1/cmd_vel,28.757725702,0.0,0.0
/epuck1/cmd_vel,28.772796115,0.0,0.0
/epuck1/cmd_vel,28.778056881,0.0,0.0
/epuck1/cmd_vel,28.787850347,0.0,0.0
/epuck1/cmd_vel,28.796161513,0.0,0.0
/epuck1/cmd_vel,28.80985081,0.0,0.0
/epuck1/cmd_vel,28.818293625,0.0,0.0
/epuck1/cmd_vel,28.827456515,0.0,0.0
/epuck1/cmd_vel,28.836109589,0.0,0.0
/epuck1/cmd_vel,28.846076356,0.0,0.0
/epuck1/cmd_vel,28.849428411,0.0,0.0
/epuck1/cmd_vel,28.861352033,0.0,0.0
/epuck1/cmd_vel,28.867252965,0.0,0.0
/epuck1/cmd_vel,28.882179043,0.0,0.0
/epuck1/cmd_vel,28.888343272,0.0,0.0
/epuck1/cmd_vel,28.902208268,0.0,0.0
/epuck1/cmd_vel,28.90764583,0.0,0.0
/epuck1/cmd_vel,28.919243427,0.0,0.0
/epuck1/cmd_vel,28.924462041,0.0,0.0
/epuck1/cmd_vel,28.933672376,0.0,0.0
/epuck1/cmd_vel,28.943511489,0.0,0.0
/epuck1/cmd_vel,28.951244519,0.0,0.0
/epuck1/cmd_vel,28.961845658,0.0,0.0
/epuck1/cmd_vel,28.972911665,0.0,0.0
/epuck1/cmd_vel,28.982189922,0.0,0.0
/epuck1/cmd_vel,28.992496199,0.0,0.0
/epuck1/cmd_vel,28.998647943,0.0,0.0
/epuck1/cmd_vel,29.010704013,0.0,0.0
/epuck1/cmd_vel,29.017625374,0.0,0.0
/epuck1/cmd_vel,29.029604633,0.0,0.0
/epuck1/cmd_vel,29.036836737,0.0,0.0
/epuck1/cmd_vel,29.048274816,0.0,0.0
/epuck1/cmd_vel,29.055703495,0.0,0.0
/epuck1/cmd_vel,29.062602981,0.0,0.0
/epuck1/cmd_vel,29.072104481,0.0,0.0
/epuck1/cmd_vel,29.080563179,0.0,0.0
/epuck1/cmd_vel,29.089267893,0.0,0.0
/epuck1/cmd_vel,29.097670155,0.0,0.0
/epuck1/cmd_vel,29.102997544,0.0,0.0
/epuck1/cmd_vel,29.114859338,0.0,0.0
/epuck1/cmd_vel,29.123042851,0.0,0.0
/epuck1/cmd_vel,29.135987002,0.0,0.0
/epuck1/cmd_vel,29.140991662,0.0,0.0
/epuck1/cmd_vel,29.153700683,0.0,0.0
/epuck1/cmd_vel,29.163189998,0.0,0.0
/epuck1/cmd_vel,29.174778205,0.0,0.0
/epuck1/cmd_vel,29.181409998,0.0,0.0
/epuck1/cmd_vel,29.189740942,0.0,0.0
/epuck1/cmd_vel,29.203147663,0.0,0.0
/epuck1/cmd_vel,29.212228746,0.0,0.0
/epuck1/cmd_vel,29.22086434,0.0,0.0
/epuck1/cmd_vel,29.227568251,0.0,0.0
/epuck1/cmd_vel,29.234519976,0.0,0.0
/epuck1/cmd_vel,29.247072278,0.0,0.0
/epuck1/cmd_vel,29.252593844,0.0,0.0
/epuck1/cmd_vel,29.265955017,0.0,0.0
/epuck1/cmd_vel,29.272809854,0.0,0.0
/epuck1/cmd_vel,29.285589095,0.0,0.0
/epuck1/cmd_vel,29.292716819,0.0,0.0
/epuck1/cmd_vel,29.304317669,0.0,0.0
/epuck1/cmd_vel,29.310215031,0.0,0.0
/epuck1/cmd_vel,29.320276282,0.0,0.0
/epuck1/cmd_vel,29.329650371,0.0,0.0
/epuck1/cmd_vel,29.33839348,0.0,0.0
/epuck1/cmd_vel,29.343525444,0.0,0.0
/epuck1/cmd_vel,29.352569024,0.0,0.0
/epuck1/cmd_vel,29.358593819,0.0,0.0
/epuck1/cmd_vel,29.382088168,0.0,0.0
/epuck1/cmd_vel,29.418192136,0.0,0.0
/epuck1/cmd_vel,29.430191432,0.0,0.0
/epuck1/cmd_vel,29.432002244,0.0,0.0
/epuck1/cmd_vel,29.446202636,0.0,0.0
/epuck1/cmd_vel,29.453813114,0.0,0.0
/epuck1/cmd_vel,29.474137594,0.0,0.0
/epuck1/cmd_vel,29.491996232,0.0,0.0
/epuck1/cmd_vel,29.505081504,0.0,0.0
/epuck1/cmd_vel,29.514578233,0.0,0.0
/epuck1/cmd_vel,29.525038874,0.0,0.0
/epuck1/cmd_vel,29.533428202,0.0,0.0
/epuck1/cmd_vel,29.541491636,0.0,0.0
/epuck1/cmd_vel,29.548310066,0.0,0.0
/epuck1/cmd_vel,29.560255691,0.0,0.0
/epuck1/cmd_vel,29.56681149,0.0,0.0
/epuck1/cmd_vel,29.581463652,0.0,0.0
/epuck1/cmd_vel,29.587209107,0.0,0.0
/epuck1/cmd_vel,29.600942459,0.0,0.0
/epuck1/cmd_vel,29.606649996,0.0,0.0
/epuck1/cmd_vel,29.618050401,0.0,0.0
/epuck1/cmd_vel,29.625395292,0.0,0.0
/epuck1/cmd_vel,29.634317864,0.0,0.0
/epuck1/cmd_vel,29.64340548,0.0,0.0
/epuck1/cmd_vel,29.652315879,0.0,0.0
/epuck1/cmd_vel,29.660936007,0.0,0.0
/epuck1/cmd_vel,29.672247804,0.0,0.0
/epuck1/cmd_vel,29.677321913,0.0,0.0
/epuck1/cmd_vel,29.689457426,0.0,0.0
/epuck1/cmd_vel,29.695444957,0.0,0.0
/epuck1/cmd_vel,29.709311221,0.0,0.0
/epuck1/cmd_vel,29.713243104,0.0,0.0
/epuck1/cmd_vel,29.727340069,0.0,0.0
/epuck1/cmd_vel,29.732778788,0.0,0.0
/epuck1/cmd_vel,29.739648408,0.0,0.0
/epuck1/cmd_vel,29.748064278,0.0,0.0
/epuck1/cmd_vel,29.757372016,0.0,0.0
/epuck1/cmd_vel,29.764124689,0.0,0.0
/epuck1/cmd_vel,29.777004191,0.0,0.0
/epuck1/cmd_vel,29.783201267,0.0,0.0
/epuck1/cmd_vel,29.795376694,0.0,0.0
/epuck1/cmd_vel,29.808468237,0.0,0.0
/epuck1/cmd_vel,29.819521095,0.0,0.0
/epuck1/cmd_vel,29.825499445,0.0,0.0
/epuck1/cmd_vel,29.835751937,0.0,0.0
/epuck1/cmd_vel,29.842889377,0.0,0.0
/epuck1/cmd_vel,29.851598013,0.0,0.0
/epuck1/cmd_vel,29.860396954,0.0,0.0
/epuck1/cmd_vel,29.872765263,0.0,0.0
/epuck1/cmd_vel,29.882480119,0.0,0.0
/epuck1/cmd_vel,29.891639978,0.0,0.0
/epuck1/cmd_vel,29.901937473,0.0,0.0
/epuck1/cmd_vel,29.908282229,0.0,0.0
/epuck1/cmd_vel,29.914187837,0.0,0.0
/epuck1/cmd_vel,29.925319824,0.0,0.0
/epuck1/cmd_vel,29.930999621,0.0,0.0
/epuck1/cmd_vel,29.938759313,0.0,0.0
/epuck1/cmd_vel,29.94776301,0.0,0.0
/epuck1/cmd_vel,29.955940596,0.0,0.0
/epuck1/cmd_vel,29.96761401,0.0,0.0
/epuck1/cmd_vel,29.975697002,0.0,0.0
/epuck1/cmd_vel,29.979948393,0.0,0.0
/epuck1/cmd_vel,29.992675026,0.0,0.0
/epuck1/cmd_vel,29.99807443,0.0,0.0
/epuck1/cmd_vel,30.011909661,0.0,0.0
/epuck1/cmd_vel,30.017334311,0.0,0.0
/epuck1/cmd_vel,30.031300359,0.0,0.0
/epuck1/cmd_vel,30.037155077,0.0,0.0
/epuck1/cmd_vel,30.046406338,0.0,0.0
/epuck1/cmd_vel,30.056523623,0.0,0.0
/epuck1/cmd_vel,30.069693196,0.0,0.0
/epuck1/cmd_vel,30.075907735,0.0,0.0
/epuck1/cmd_vel,30.086319282,0.0,0.0
/epuck1/cmd_vel,30.094683365,0.0,0.0
/epuck1/cmd_vel,30.106293716,0.0,0.0
/epuck1/cmd_vel,30.116730309,0.0,0.0
/epuck1/cmd_vel,30.125563475,0.0,0.0
/epuck1/cmd_vel,30.132131947,0.0,0.0
/epuck1/cmd_vel,30.146074247,0.0,0.0
/epuck1/cmd_vel,30.151469161,0.0,0.0
/epuck1/cmd_vel,30.165293316,0.0,0.0
/epuck1/cmd_vel,30.172126914,0.0,0.0
/epuck1/cmd_vel,30.184457205,0.0,0.0
/epuck1/cmd_vel,30.188864858,0.0,0.0
/epuck1/cmd_vel,30.197796511,0.0,0.0
/epuck1/cmd_vel,30.206736446,0.0,0.0
/epuck1/cmd_vel,30.216008362,0.0,0.0
/epuck1/cmd_vel,30.225053071,0.0,0.0
/epuck1/cmd_vel,30.23821067,0.0,0.0
/epuck1/cmd_vel,30.240059864,0.0,0.0
/epuck1/cmd_vel,30.251824581,0.0,0.0
/epuck1/cmd_vel,30.257651659,0.0,0.0
/epuck1/cmd_vel,30.269821098,0.0,0.0
/epuck1/cmd_vel,30.276473788,0.0,0.0
/epuck1/cmd_vel,30.28959307,0.0,0.0
/epuck1/cmd_vel,30.295247323,0.0,0.0
/epuck1/cmd_vel,30.30461543,0.0,0.0
/epuck1/cmd_vel,30.313556064,0.0,0.0
/epuck1/cmd_vel,30.322989929,0.0,0.0
/epuck1/cmd_vel,30.332460615,0.0,0.0
/epuck1/cmd_vel,30.34076343,0.0,0.0
/epuck1/cmd_vel,30.353771852,0.0,0.0
/epuck1/cmd_vel,30.362123861,0.0,0.0
/epuck1/cmd_vel,30.367160751,0.0,0.0
/epuck1/cmd_vel,30.378247436,0.0,0.0
/epuck1/cmd_vel,30.385577159,0.0,0.0
/epuck1/cmd_vel,30.398807101,0.0,0.0
/epuck1/cmd_vel,30.407855402,0.0,0.0
/epuck1/cmd_vel,30.41857568,0.0,0.0
/epuck1/cmd_vel,30.426690902,0.0,0.0
/epuck1/cmd_vel,30.439152609,0.0,0.0
/epuck1/cmd_vel,30.445237628,0.0,0.0
/epuck1/cmd_vel,30.454112205,0.0,0.0
/epuck1/cmd_vel,30.463724982,0.0,0.0
/epuck1/cmd_vel,30.47167576,0.0,0.0
/epuck1/cmd_vel,30.479106465,0.0,0.0
/epuck1/cmd_vel,30.489009214,0.0,0.0
/epuck1/cmd_vel,30.497941153,0.0,0.0
/epuck1/cmd_vel,30.507909515,0.0,0.0
/epuck1/cmd_vel,30.515027935,0.0,0.0
/epuck1/cmd_vel,30.527984829,0.0,0.0
/epuck1/cmd_vel,30.53406726,0.0,0.0
/epuck1/cmd_vel,30.543346758,0.0,0.0
/epuck1/cmd_vel,30.552555515,0.0,0.0
/epuck1/cmd_vel,30.560432043,0.0,0.0
/epuck1/cmd_vel,30.566409109,0.0,0.0
/epuck1/cmd_vel,30.578640123,0.0,0.0
/epuck1/cmd_vel,30.585096918,0.0,0.0
/epuck1/cmd_vel,30.595270921,0.0,0.0
/epuck1/cmd_vel,30.602917961,0.0,0.0
/epuck1/cmd_vel,30.61112156,0.0,0.0
/epuck1/cmd_vel,30.620345782,0.0,0.0
/epuck1/cmd_vel,30.627756948,0.0,0.0
/epuck1/cmd_vel,30.635039202,0.0,0.0
/epuck1/cmd_vel,30.644685782,0.0,0.0
/epuck1/cmd_vel,30.651415369,0.0,0.0
/epuck1/cmd_vel,30.663659055,0.0,0.0
/epuck1/cmd_vel,30.669918091,0.0,0.0
/epuck1/cmd_vel,30.683627607,0.0,0.0
/epuck1/cmd_vel,30.687241046,0.0,0.0
/epuck1/cmd_vel,30.697420337,0.0,0.0
/epuck1/cmd_vel,30.705309437,0.0,0.0
/epuck1/cmd_vel,30.714697892,0.0,0.0
/epuck1/cmd_vel,30.724835277,0.0,0.0
/epuck1/cmd_vel,30.732898788,0.0,0.0
/epuck1/cmd_vel,30.738459682,0.0,0.0
/epuck1/cmd_vel,30.750999009,0.0,0.0
/epuck1/cmd_vel,30.756132456,0.0,0.0
/epuck1/cmd_vel,30.767374277,0.0,0.0
/epuck1/cmd_vel,30.774983202,0.0,0.0
/epuck1/cmd_vel,30.7884318,0.0,0.0
/epuck1/cmd_vel,30.793364196,0.0,0.0
/epuck1/cmd_vel,30.801596032,0.0,0.0
/epuck1/cmd_vel,30.811138145,0.0,0.0
/epuck1/cmd_vel,30.82165169,0.0,0.0
/epuck1/cmd_vel,30.83102009,0.0,0.0
/epuck1/cmd_vel,30.840985458,0.0,0.0
/epuck1/cmd_vel,30.845612137,0.0,0.0
/epuck1/cmd_vel,30.858105665,0.0,0.0
/epuck1/cmd_vel,30.863650695,0.0,0.0
/epuck1/cmd_vel,30.874179506,0.0,0.0
/epuck1/cmd_vel,30.880232503,0.0,0.0
/epuck1/cmd_vel,30.894720481,0.0,0.0
/epuck1/cmd_vel,30.901947459,0.0,0.0
/epuck1/cmd_vel,30.910661718,0.0,0.0
/epuck1/cmd_vel,30.919237287,0.0,0.0
/epuck1/cmd_vel,30.928905818,0.0,0.0
/epuck1/cmd_vel,30.938066581,0.0,0.0
/epuck1/cmd_vel,30.947261768,0.0,0.0
/epuck1/cmd_vel,30.953766456,0.0,0.0
/epuck1/cmd_vel,30.966809259,0.0,0.0
/epuck1/cmd_vel,30.972440796,0.0,0.0
/epuck1/cmd_vel,30.984945898,0.0,0.0
/epuck1/cmd_vel,30.99313473,0.0,0.0
/epuck1/cmd_vel,31.004575607,0.0,0.0
/epuck1/cmd_vel,31.012429286,0.0,0.0
/epuck1/cmd_vel,31.021931687,0.0,0.0
/epuck1/cmd_vel,31.032623535,0.0,0.0
/epuck1/cmd_vel,31.043819158,0.0,0.0
/epuck1/cmd_vel,31.052861785,0.0,0.0
/epuck1/cmd_vel,31.062412479,0.0,0.0
/epuck1/cmd_vel,31.072324067,0.0,0.0
/epuck1/cmd_vel,31.079645434,0.0,0.0
/epuck1/cmd_vel,31.08486459,0.0,0.0
/epuck1/cmd_vel,31.09774326,0.0,0.0
/epuck1/cmd_vel,31.102331125,0.0,0.0
/epuck1/cmd_vel,31.11435091,0.0,0.0
/epuck1/cmd_vel,31.120123532,0.0,0.0
/epuck1/cmd_vel,31.12864532,0.0,0.0
/epuck1/cmd_vel,31.138286512,0.0,0.0
/epuck1/cmd_vel,31.147571398,0.0,0.0
/epuck1/cmd_vel,31.156150759,0.0,0.0
/epuck1/cmd_vel,31.167539552,0.0,0.0
/epuck2/cmd_vel,18.40982943,0.0,0.0
/epuck2/cmd_vel,18.464419641,0.0,0.0
/epuck2/cmd_vel,18.506460162,0.0,0.0
/epuck2/cmd_vel,18.582437094,0.0,0.0
/epuck2/cmd_vel,18.626296544,0.0,0.0
/epuck2/cmd_vel,18.680964586,0.0,0.0
/epuck2/cmd_vel,18.716266568,0.0,0.0
/epuck2/cmd_vel,18.775332756,0.0,0.0
/epuck2/cmd_vel,18.827104667,0.0,0.0
/epuck2/cmd_vel,18.888606051,0.0,0.0
/epuck2/cmd_vel,18.923371828,0.0,0.0
/epuck2/cmd_vel,18.977588143,0.0,0.0
/epuck2/cmd_vel,19.018954944,0.0,0.0
/epuck2/cmd_vel,19.097868644,0.0,0.0
/epuck2/cmd_vel,19.13793642,0.0,0.0
/epuck2/cmd_vel,19.193036469,0.0,0.0
/epuck2/cmd_vel,19.229904428,0.0,0.0
/epuck2/cmd_vel,19.291832414,0.0,0.0
/epuck2/cmd_vel,19.34913604,0.0,0.0
/epuck2/cmd_vel,19.409654597,0.0,0.0
/epuck2/cmd_vel,19.443511817,0.0,0.0
/epuck2/cmd_vel,19.498518141,0.0,0.0
/epuck2/cmd_vel,19.541542168,0.0,0.0
/epuck2/cmd_vel,19.615167984,0.0,0.0
/epuck2/cmd_vel,19.653736056,0.0,0.0
/epuck2/cmd_vel,19.709481617,0.0,0.0
/epuck2/cmd_vel,19.749280005,0.0,0.0
/epuck2/cmd_vel,19.827917944,0.0,0.0
/epuck2/cmd_vel,19.867222204,0.0,0.0
/epuck2/cmd_vel,19.925590705,0.0,0.0
/epuck2/cmd_vel,19.959542115,0.0,0.0
/epuck2/cmd_vel,20.018795803,0.0,0.0
/epuck2/cmd_vel,20.073169054,0.0,0.0
/epuck2/cmd_vel,20.134169599,0.0,0.0
/epuck2/cmd_vel,20.168315439,0.0,0.0
/epuck2/cmd_vel,20.224084916,0.0,0.0
/epuck2/cmd_vel,20.265594338,0.0,0.0
/epuck2/cmd_vel,20.348235432,0.0,0.0
/epuck2/cmd_vel,20.385478225,0.0,0.0
/epuck2/cmd_vel,20.440093937,0.0,0.0
/epuck2/cmd_vel,20.476418522,0.0,0.0
/epuck2/cmd_vel,20.536558418,0.0,0.0
/epuck2/cmd_vel,20.59592714,0.0,0.0
/epuck2/cmd_vel,20.65433366,0.0,0.0
/epuck2/cmd_vel,20.693363579,0.0,0.0
/epuck2/cmd_vel,20.74576949,0.0,0.0
/epuck2/cmd_vel,20.790359333,0.0,0.0
/epuck2/cmd_vel,20.866893133,0.0,0.0
/epuck2/cmd_vel,20.904096188,0.0018865888000000554,-8.742278012618954e-08
/epuck2/cmd_vel,20.95748491,0.004587773149999919,-8.742278012618954e-08
/epuck2/cmd_vel,20.995445781,0.006486647100000198,-8.742278012618954e-08
/epuck2/cmd_vel,21.078477397,0.010517862550000246,-8.742278012618954e-08
/epuck2/cmd_vel,21.119496548,0.012689735650000245,-8.742278012618954e-08
/epuck2/cmd_vel,21.178012714,0.015617689850000005,-8.742278012618954e-08
/epuck2/cmd_vel,21.21479019,0.01744964080000031,-8.742278012618954e-08
/epuck2/cmd_vel,21.271337733,0.02027618259999997,-8.742278012618954e-08
/epuck2/cmd_vel,21.327653057,0.02307922330000025,-8.742278012618954e-08
/epuck2/cmd_vel,21.388123797,0.025,-8.742278012618954e-08
/epuck2/cmd_vel,21.424708395,0.025,-8.742278012618954e-08
/epuck2/cmd_vel,21.479358247,0.025,-8.742278012618954e-08
/epuck2/cmd_vel,21.517635013,0.025,-8.742278012618954e-08
/epuck2/cmd_vel,21.599351209,0.025,-8.742278012618954e-08
/epuck2/cmd_vel,21.639288672,0.025,-8.742278012618954e-08
/epuck2/cmd_vel,21.69204154,0.025,-8.742278012618954e-08
/epuck2/cmd_vel,21.707342063,0.025,-8.742278012618954e-08
/epuck2/cmd_vel,21.716621794,0.025,-8.742278012618954e-08
/epuck2/cmd_vel,21.722661082,0.025,-8.742278012618954e-08
/epuck2/cmd_vel,21.737044419,0.025,-8.742278012618954e-08
/epuck2/cmd_vel,21.742625215,0.025,-8.742278012618954e-08
/epuck2/cmd_vel,21.75436667,0.025,-8.742278012618954e-08
/epuck2/cmd_vel,21.759294118,0.025,-8.742278012618954e-08
/epuck2/cmd_vel,21.768588945,0.025,-8.742278012618954e-08
/epuck2/cmd_vel,21.779708045,0.025,-8.742278012618954e-08
/epuck2/cmd_vel,21.788696344,0.025,-8.742278012618954e-08
/epuck2/cmd_vel,21.80176109,0.025,-8.742278012618954e-08
/epuck2/cmd_vel,21.810018159,0.025,-8.742278012618954e-08
/epuck2/cmd_vel,21.816060347,0.025,-8.742278012618954e-08
/epuck2/cmd_vel,21.826114197,0.025,-8.742278012618954e-08
/epuck2/cmd_vel,21.830790603,0.025,-8.742278012618954e-08
/epuck2/cmd_vel,21.839250726,0.025,-8.742278012618954e-08
/epuck2/cmd_vel,21.8504827,0.025,-8.742278012618954e-08
/epuck2/cmd_vel,21.859707543,0.025,-8.742278012618954e-08
/epuck2/cmd_vel,21.869457764,0.025,-8.742278012618954e-08
/epuck2/cmd_vel,21.878282201,0.025,-8.742278012618954e-08
/epuck2/cmd_vel,21.882209883,0.025,-8.742278012618954e-08
/epuck2/cmd_vel,21.896415462,0.025,-8.742278012618954e-08
/epuck2/cmd_vel,21.903109297,0.025,-8.742278012618954e-08
/epuck2/cmd_vel,21.917000849,0.025,-8.742278012618954e-08
/epuck2/cmd_vel,21.920801861,0.025,-8.742278012618954e-08
/epuck2/cmd_vel,21.931464168,0.025,-8.742278012618954e-08
/epuck2/cmd_vel,21.936152972,0.025,-8.742278012618954e-08
/epuck2/cmd_vel,21.943193026,0.025,-8.742278012618954e-08
/epuck2/cmd_vel,21.953607591,0.025,-8.742278012618954e-08
/epuck2/cmd_vel,21.962400436,0.025,-8.742278012618954e-08
/epuck2/cmd_vel,21.968482114,0.025,-8.742278012618954e-08
/epuck2/cmd_vel,21.98145808,0.025,-8.742278012618954e-08
/epuck2/cmd_vel,21.986908606,0.025,-8.742278012618954e-08
/epuck2/cmd_vel,22.00113758,0.025,-8.742278012618954e-08
/epuck2/cmd_vel,22.0057564,0.025,-8.742278012618954e-08
/epuck2/cmd_vel,22.018920722,0.025,-8.742278012618954e-08
/epuck2/cmd_vel,22.025307129,0.025,-8.742278012618954e-08
/epuck2/cmd_vel,22.036763851,0.025,-8.742278012618954e-08
/epuck2/cmd_vel,22.043182051,0.025,-8.742278012618954e-08
/epuck2/cmd_vel,22.054125192,0.025,-8.742278012618954e-08
/epuck2/cmd_vel,22.062742478,0.025,-8.742278012618954e-08
/epuck2/cmd_vel,22.071636998,0.025,-8.742278012618954e-08
/epuck2/cmd_vel,22.079179735,0.025,-8.742278012618954e-08
/epuck2/cmd_vel,22.091415375,0.025,-8.742278012618954e-08
/epuck2/cmd_vel,22.096807114,0.025,-8.742278012618954e-08
/epuck2/cmd_vel,22.1092721,0.025,-8.742278012618954e-08
/epuck2/cmd_vel,22.115670804,0.025,-8.742278012618954e-08
/epuck2/cmd_vel,22.123439088,0.025,-8.742278012618954e-08
/epuck2/cmd_vel,22.136412955,0.025,-8.742278012618954e-08
/epuck2/cmd_vel,22.142473238,0.025,-8.742278012618954e-08
/epuck2/cmd_vel,22.151741572,0.025,-8.742278012618954e-08
/epuck2/cmd_vel,22.160310668,0.025,-8.742278012618954e-08
/epuck2/cmd_vel,22.165981943,0.025,-8.742278012618954e-08
/epuck2/cmd_vel,22.178509214,0.025,-8.742278012618954e-08
/epuck2/cmd_vel,22.184405536,0.025,-8.742278012618954e-08
/epuck2/cmd_vel,22.198426758,0.025,-8.742278012618954e-08
/epuck2/cmd_vel,22.201750781,0.025,-8.742278012618954e-08
/epuck2/cmd_vel,22.21030818,0.025,-8.742278012618954e-08
/epuck2/cmd_vel,22.219660394,0.025,-8.742278012618954e-08
/epuck2/cmd_vel,22.22788737,0.025,-8.742278012618954e-08
/epuck2/cmd_vel,22.236836478,0.025,-8.742278012618954e-08
/epuck2/cmd_vel,22.246725866,0.025,-8.742278012618954e-08
/epuck2/cmd_vel,22.254210217,0.025,-8.742278012618954e-08
/epuck2/cmd_vel,22.266249402,0.025,-8.742278012618954e-08
/epuck2/cmd_vel,22.271908179,0.025,-8.742278012618954e-08
/epuck2/cmd_vel,22.285451413,0.025,-8.742278012618954e-08
/epuck2/cmd_vel,22.289054071,0.025,-8.742278012618954e-08
/epuck2/cmd_vel,22.297615469,0.025,-8.742278012618954e-08
/epuck2/cmd_vel,22.310923658,0.025,-8.742278012618954e-08
/epuck2/cmd_vel,22.320221085,0.025,-8.742278012618954e-08
/epuck2/cmd_vel,22.330148564,0.025,-8.742278012618954e-08
/epuck2/cmd_vel,22.338135097,0.025,-8.742278012618954e-08
/epuck2/cmd_vel,22.346619713,0.025,-8.742278012618954e-08
/epuck2/cmd_vel,22.356503503,0.025,-8.742278012618954e-08
/epuck2/cmd_vel,22.3637849,0.025,-8.742278012618954e-08
/epuck2/cmd_vel,22.374984582,0.025,-8.742278012618954e-08
/epuck2/cmd_vel,22.381941556,0.025,-8.742278012618954e-08
/epuck2/cmd_vel,22.393199524,0.025,-8.742278012618954e-08
/epuck2/cmd_vel,22.399450662,0.025,-8.742278012618954e-08
/epuck2/cmd_vel,22.41267887,0.025,-8.742278012618954e-08
/epuck2/cmd_vel,22.419345711,0.025,-8.742278012618954e-08
/epuck2/cmd_vel,22.428428088,0.025,-8.742278012618954e-08
/epuck2/cmd_vel,22.436388827,0.025,-8.742278012618954e-08
/epuck2/cmd_vel,22.445791029,0.025,-8.742278012618954e-08
/epuck2/cmd_vel,22.453978515,0.025,-8.742278012618954e-08
/epuck2/cmd_vel,22.462508321,0.025,-8.742278012618954e-08
/epuck2/cmd_vel,22.469157966,0.025,-8.742278012618954e-08
/epuck2/cmd_vel,22.481986467,0.025,-8.742278012618954e-08
/epuck2/cmd_vel,22.489012325,0.025,-8.742278012618954e-08
/epuck2/cmd_vel,22.50016807,0.025,-8.742278012618954e-08
/epuck2/cmd_vel,22.507280071,0.025,-8.742278012618954e-08
/epuck2/cmd_vel,22.518299325,0.025,-8.742278012618954e-08
/epuck2/cmd_vel,22.526307949,0.025,-8.742278012618954e-08
/epuck2/cmd_vel,22.534778977,0.025,-8.742278012618954e-08
/epuck2/cmd_vel,22.541688564,0.025,-8.742278012618954e-08
/epuck2/cmd_vel,22.553091056,0.025,-8.742278012618954e-08
/epuck2/cmd_vel,22.563689788,0.025,-8.742278012618954e-08
/epuck2/cmd_vel,22.57025422,0.025,-8.742278012618954e-08
/epuck2/cmd_vel,22.577589127,0.025,-8.742278012618954e-08
/epuck2/cmd_vel,22.590186316,0.025,-8.742278012618954e-08
/epuck2/cmd_vel,22.595790753,0.025,-8.742278012618954e-08
/epuck2/cmd_vel,22.608263594,0.025,-8.742278012618954e-08
/epuck2/cmd_vel,22.614171303,0.025,-8.742278012618954e-08
/epuck2/cmd_vel,22.623559545,0.025,-8.742278012618954e-08
/epuck2/cmd_vel,22.633494556,0.025,-8.742278012618954e-08
/epuck2/cmd_vel,22.639614276,0.025,-8.742278012618954e-08
/epuck2/cmd_vel,22.649520099,0.025,-8.742278012618954e-08
/epuck2/cmd_vel,22.660695687,0.025,-8.742278012618954e-08
/epuck2/cmd_vel,22.664109348,0.025,-8.742278012618954e-08
/epuck2/cmd_vel,22.676704238,0.025,-8.742278012618954e-08
/epuck2/cmd_vel,22.682094065,0.025,-8.742278012618954e-08
/epuck2/cmd_vel,22.693272552,0.025,-8.742278012618954e-08
/epuck2/cmd_vel,22.700782685,0.025,-8.742278012618954e-08
/epuck2/cmd_vel,22.709164251,0.025,-8.742278012618954e-08
/epuck2/cmd_vel,22.720654107,0.025,-8.742278012618954e-08
/epuck2/cmd_vel,22.726842098,0.025,-8.742278012618954e-08
/epuck2/cmd_vel,22.736403966,0.025,-8.742278012618954e-08
/epuck2/cmd_vel,22.745529919,0.025,-8.742278012618954e-08
/epuck2/cmd_vel,22.751350665,0.025,-8.742278012618954e-08
/epuck2/cmd_vel,22.764683243,0.025,-8.742278012618954e-08
/epuck2/cmd_vel,22.768682657,0.025,-8.742278012618954e-08
/epuck2/cmd_vel,22.780758066,0.025,-8.742278012618954e-08
/epuck2/cmd_vel,22.786590706,0.025,-8.742278012618954e-08
/epuck2/cmd_vel,22.798815152,0.025,-8.742278012618954e-08
/epuck2/cmd_vel,22.805243042,0.025,-8.742278012618954e-08
/epuck2/cmd_vel,22.814635782,0.025,-8.742278012618954e-08
/epuck2/cmd_vel,22.824060708,0.025,-8.742278012618954e-08
/epuck2/cmd_vel,22.832942363,0.025,-8.742278012618954e-08
/epuck2/cmd_vel,22.842354895,0.025,-8.742278012618954e-08
/epuck2/cmd_vel,22.854001484,0.025,-8.742278012618954e-08
/epuck2/cmd_vel,22.858512282,0.025,-8.742278012618954e-08
/epuck2/cmd_vel,22.873404203,0.025,-8.742278012618954e-08
/epuck2/cmd_vel,22.877053865,0.025,-8.742278012618954e-08
/epuck2/cmd_vel,22.888172477,0.025,-8.742278012618954e-08
/epuck2/cmd_vel,22.896053354,0.025,-8.742278012618954e-08
/epuck2/cmd_vel,22.904607747,0.025,-8.742278012618954e-08
/epuck2/cmd_vel,22.912669648,0.025,-8.742278012618954e-08
/epuck2/cmd_vel,22.92286375,0.025,-8.742278012618954e-08
/epuck2/cmd_vel,22.931944721,0.025,-8.742278012618954e-08
/epuck2/cmd_vel,22.943470262,0.025,-8.742278012618954e-08
/epuck2/cmd_vel,22.953159077,0.024022622100000036,-0.029321424422779074
/epuck2/cmd_vel,22.961592221,0.023216142200000435,-0.05351582142276712
/epuck2/cmd_vel,22.967943943,0.02254157659999976,-0.0737527894227874
/epuck2/cmd_vel,22.979604127,0.021383045000000322,-0.10850873742277045
/epuck2/cmd_vel,22.986632763,0.02070090259999944,-0.128973009422797
/epuck2/cmd_vel,22.998762549,0.01945847650000019,-0.16624579242277449
/epuck2/cmd_vel,23.004075309,0.018954119100000357,-0.18137651442276947
/epuck2/cmd_vel,23.012378208,0.018135404299999894,-0.2059379584227834
/epuck2/cmd_vel,23.021655197,0.017169151699999934,-0.23492553642278224
/epuck2/cmd_vel,23.033421636,0.01602238520000015,-0.2693285314227758
/epuck2/cmd_vel,23.04282797,0.01506541870000007,-0.29803752642277814
/epuck2/cmd_vel,23.05181628,0.014181221500000167,-0.32456344242277524
/epuck2/cmd_vel,23.061859645,0.013192708299999372,-0.3542188384227991
/epuck2/cmd_vel,23.072484366,0.012124508700000551,-0.3862648264227637
/epuck2/cmd_vel,23.077663382,0.01161537339999939,-0.4015388854227986
/epuck2/cmd_vel,23.088115675,0.010587606699999702,-0.43237188642278923
/epuck2/cmd_vel,23.096874382,0.009651011600000464,-0.46046973942276637
/epuck2/cmd_vel,23.109067041,0.00847759629999985,-0.49567219842278476
/epuck2/cmd_vel,23.116544989,0.007697425300000309,-0.519077328422771
/epuck2/cmd_vel,23.127395614,0.006595459899999417,-0.5521362904227978
/epuck2/cmd_vel,23.134465233,0.006018223300000619,-0.5694533884227617
/epuck2/cmd_vel,23.142943158,0.006,-0.5988739834227665
/epuck2/cmd_vel,23.152917553,0.006,-0.624630126422776
/epuck2/cmd_vel,23.161910861,0.006,-0.65
/epuck2/cmd_vel,23.171729221,0.006,-0.65
/epuck2/cmd_vel,23.181255205,0.006,-0.65
/epuck2/cmd_vel,23.188149198,0.006,-0.65
/epuck2/cmd_vel,23.200396235,0.006,-0.65
/epuck2/cmd_vel,23.206548441,0.006,-0.65
/epuck2/cmd_vel,23.219436806,0.006,-0.65
/epuck2/cmd_vel,23.226057215,0.006,-0.65
/epuck2/cmd_vel,23.235729137,0.006,-0.65
/epuck2/cmd_vel,23.242741481,0.006,-0.65
/epuck2/cmd_vel,23.252298851,0.006,-0.65
/epuck2/cmd_vel,23.262032747,0.006473595300000085,-0.6121123759999932
/epuck2/cmd_vel,23.269414435,0.006874871149999734,-0.5800103080000213
/epuck2/cmd_vel,23.275715578,0.007190093249999791,-0.5547925400000168
/epuck2/cmd_vel,23.28946648,0.007849655150000018,-0.5020275879999986
/epuck2/cmd_vel,23.294166998,0.008073385799999984,-0.4841291360000014
/epuck2/cmd_vel,23.306597657,0.00871805900000004,-0.4325552799999969
/epuck2/cmd_vel,23.311907718,0.008974320949999766,-0.41205432400001885
/epuck2/cmd_vel,23.326030564,0.009678683949999595,-0.35570528400003243
/epuck2/cmd_vel,23.334210815,0.010095708149999666,-0.32234334800002673
/epuck2/cmd_vel,23.341565714,0.010451328199999693,-0.29389374400002455
/epuck2/cmd_vel,23.349427299,0.01086721784999986,-0.26062257200001115
/epuck2/cmd_vel,23.359787931,0.011395120250000218,-0.21839037999998256
/epuck2/cmd_vel,23.36922955,0.01183537965000005,-0.18316962799999603
/epuck2/cmd_vel,23.377379713,0.012,-0.14793968400001634
/epuck2/cmd_vel,23.383324607,0.012,-0.12446997600002307
/epuck2/cmd_vel,23.395762663,0.012,-0.07733824800001232
/epuck2/cmd_vel,23.401517636,0.012,-0.05309367200001136
/epuck2/cmd_vel,23.416254823,0.012,0.006425631999979919
/epuck2/cmd_vel,23.423487173,0.012,0.028561398999974563
/epuck2/cmd_vel,23.437592726,0.012,0.06931991499998558
/epuck2/cmd_vel,23.444297599,0.012,0.08902340799997999
/epuck2/cmd_vel,23.459516582,0.012,0.13688982699999597
/epuck2/cmd_vel,23.465686581,0.012,0.15544330300000408
/epuck2/cmd_vel,23.479926477,0.012,0.19719529899997779
/epuck2/cmd_vel,23.484914074,0.012,0.21190709499999227
/epuck2/cmd_vel,23.493544835,0.012,0.2373603639999885
/epuck2/cmd_vel,23.502602769,0.012,0.2662651509999904
/epuck2/cmd_vel,23.511340448,0.012,0.2921783650000037
/epuck2/cmd_vel,23.520815995,0.012,0.3194644719999843
/epuck2/cmd_vel,23.531378105,0.012,0.35
/epuck2/cmd_vel,23.537798242,0.012,0.35
/epuck2/cmd_vel,23.54792121,0.012,0.35
/epuck2/cmd_vel,23.554870737,0.012,0.35
/epuck2/cmd_vel,23.5668781,0.012,0.35
/epuck2/cmd_vel,23.573129536,0.012,0.35
/epuck2/cmd_vel,23.584933019,0.012,0.35
/epuck2/cmd_vel,23.591981288,0.012,0.35
/epuck2/cmd_vel,23.600129513,0.012,0.35
/epuck2/cmd_vel,23.607904556,0.012,0.35
/epuck2/cmd_vel,23.618508542,0.012,0.35
/epuck2/cmd_vel,23.622249649,0.012,0.35
/epuck2/cmd_vel,23.634951006,0.012,0.35
/epuck2/cmd_vel,23.639896307,0.012,0.35
/epuck2/cmd_vel,23.655507758,0.012,0.35
/epuck2/cmd_vel,23.660089573,0.012,0.35
/epuck2/cmd_vel,23.674321333,0.012,0.35
/epuck2/cmd_vel,23.678121306,0.012,0.35
/epuck2/cmd_vel,23.688423968,0.012,0.35
/epuck2/cmd_vel,23.695383789,0.012,0.35
/epuck2/cmd_vel,23.704876925,0.012,0.35
/epuck2/cmd_vel,23.713812289,0.012,0.35
/epuck2/cmd_vel,23.723377483,0.012,0.35
/epuck2/cmd_vel,23.729237449,0.012,0.35
/epuck2/cmd_vel,23.74063357,0.012,0.35
/epuck2/cmd_vel,23.746493036,0.012,0.35
/epuck2/cmd_vel,23.758357883,0.012,0.35
/epuck2/cmd_vel,23.767179413,0.012,0.35
/epuck2/cmd_vel,23.779614925,0.012,0.2999585240000101
/epuck2/cmd_vel,23.78673845,0.012,0.27250301600000737
/epuck2/cmd_vel,23.798954891,0.012,0.22360247599997363
/epuck2/cmd_vel,23.805925606,0.012,0.19478816000000732
/epuck2/cmd_vel,23.819699733,0.012,0.14222696400000812
/epuck2/cmd_vel,23.825716407,0.012,0.11661997200000085
/epuck2/cmd_vel,23.833724714,0.012,0.08350977600000531
/epuck2/cmd_vel,23.844672598,0.012,0.04155316399996989
/epuck2/cmd_vel,23.854579592,0.012,0.00014863199996850707
/epuck2/cmd_vel,23.864300295,0.012,-1.8954281780914067e-05
/epuck2/cmd_vel,23.874179305,0.012,-0.026630460281804068
/epuck2/cmd_vel,23.882677425,0.012,-0.0556006802817949
/epuck2/cmd_vel,23.893610917,0.012,-0.08520623128179797
/epuck2/cmd_vel,23.898206424,0.012,-0.10198350028178585
/epuck2/cmd_vel,23.909678501,0.012,-0.13655174128178818
/epuck2/cmd_vel,23.919592291,0.012,-0.15822933628181649
/epuck2/cmd_vel,23.930780134,0.012,-0.17472088337418817
/epuck2/cmd_vel,23.93733919,0.012,-0.17472088337418817
/epuck2/cmd_vel,23.9499499,0.012,-0.17472088337418817
/epuck2/cmd_vel,23.956933907,0.012,-0.17472088337418817
/epuck2/cmd_vel,23.970566417,0.012,-0.17472088337418817
/epuck2/cmd_vel,23.975784759,0.012,-0.15356648337418782
/epuck2/cmd_vel,23.984831957,0.012,-0.12129219537419139
/epuck2/cmd_vel,23.995082849,0.012,-0.0787155513741839
/epuck2/cmd_vel,24.005243695,0.012,-0.06751749516007681
/epuck2/cmd_vel,24.015519972,0.012,-0.06751749516007681
/epuck2/cmd_vel,24.026144945,0.012,-0.06751749516007681
/epuck2/cmd_vel,24.03454862,0.012,-0.06751749516007681
/epuck2/cmd_vel,24.042979479,0.012,-0.06751749516007681
/epuck2/cmd_vel,24.04965067,0.012,-0.06751749516007681
/epuck2/cmd_vel,24.064108597,0.012,-0.06751749516007681
/epuck2/cmd_vel,24.070205124,0.012,-0.06751749516007681
/epuck2/cmd_vel,24.082431758,0.012,-0.014316671160033143
/epuck2/cmd_vel,24.089221079,0.012,0.009589716839967191
/epuck2/cmd_vel,24.101560248,0.012,0.031744837756182955
/epuck2/cmd_vel,24.108209351,0.012,0.031744837756182955
/epuck2/cmd_vel,24.117514898,0.012,0.031744837756182955
/epuck2/cmd_vel,24.126218897,0.012,0.031744837756182955
/epuck2/cmd_vel,24.134701925,0.012,0.031744837756182955
/epuck2/cmd_vel,24.143454296,0.012,0.031744837756182955
/epuck2/cmd_vel,24.155553805,0.012,0.031744837756182955
/epuck2/cmd_vel,24.164276993,0.012,0.031744837756182955
/epuck2/cmd_vel,24.174427744,0.012,0.031744837756182955
/epuck2/cmd_vel,24.181422145,0.012,0.015863156313922207
/epuck2/cmd_vel,24.194853773,0.012,0.015863156313922207
/epuck2/cmd_vel,24.202038063,0.012,0.015863156313922207
/epuck2/cmd_vel,24.215226134,0.012,0.015863156313922207
/epuck2/cmd_vel,24.220130659,0.012,0.015863156313922207
/epuck2/cmd_vel,24.231452224,0.012,0.015863156313922207
/epuck2/cmd_vel,24.238618824,0.012,0.015863156313922207
/epuck2/cmd_vel,24.246200681,0.012,0.015863156313922207
/epuck2/cmd_vel,24.254746373,0.012,0.015863156313922207
/epuck2/cmd_vel,24.263377015,0.012,0.015863156313922207
/epuck2/cmd_vel,24.270369817,0.012,0.015863156313922207
/epuck2/cmd_vel,24.28178013,0.012,-1.8954281780912685e-05
/epuck2/cmd_vel,24.28949171,0.012,-1.8954281780914074e-05
/epuck2/cmd_vel,24.301710449,0.012,-1.8954281780914074e-05
/epuck2/cmd_vel,24.308538248,0.012,-1.8954281780914074e-05
/epuck2/cmd_vel,24.321273684,0.012,-1.8954281780914074e-05
/epuck2/cmd_vel,24.327413086,0.012,-1.8954281780914074e-05
/epuck2/cmd_vel,24.339892573,0.012,-1.8954281780914074e-05
/epuck2/cmd_vel,24.346059459,0.012,-1.8954281780914074e-05
/epuck2/cmd_vel,24.354697996,0.012,-1.8954281780914074e-05
/epuck2/cmd_vel,24.364503649,0.012,-1.8954281780914074e-05
/epuck2/cmd_vel,24.371918004,0.012,-1.8954281780914074e-05
/epuck2/cmd_vel,24.377668134,0.012,-0.003989481930706695
/epuck2/cmd_vel,24.390396375,0.012,-0.003989481930706695
/epuck2/cmd_vel,24.394816684,0.012,-0.003989481930706695
/epuck2/cmd_vel,24.406569197,0.012,-0.003989481930706695
/epuck2/cmd_vel,24.4142414,0.012,-0.003989481930706695
/epuck2/cmd_vel,24.426898483,0.012,-0.003989481930706695
/epuck2/cmd_vel,24.434782362,0.012,-0.003989481930706695
/epuck2/cmd_vel,24.447584759,0.012,-0.003989481930706695
/epuck2/cmd_vel,24.453843791,0.012,-0.003989481930706695
/epuck2/cmd_vel,24.463191913,0.012,-0.003989481930706695
/epuck2/cmd_vel,24.473207643,0.012,-0.003989481930706695
/epuck2/cmd_vel,24.48392926,0.012,-1.895428178091442e-05
/epuck2/cmd_vel,24.491458447,0.012,-1.8954281780914074e-05
/epuck2/cmd_vel,24.501028442,0.012,-1.8954281780914074e-05
/epuck2/cmd_vel,24.508172427,0.012,-1.8954281780914074e-05
/epuck2/cmd_vel,24.522216975,0.012,-1.8954281780914074e-05
/epuck2/cmd_vel,24.529976111,0.012,-1.8954281780914074e-05
/epuck2/cmd_vel,24.544648901,0.012,-1.8954281780914074e-05
/epuck2/cmd_vel,24.551515288,0.012,-1.8954281780914074e-05
/epuck2/cmd_vel,24.564902416,0.012,-1.8954281780914074e-05
/epuck2/cmd_vel,24.571706849,0.012,-1.8954281780914074e-05
/epuck2/cmd_vel,24.585272547,0.012,-1.8954281780914074e-05
/epuck2/cmd_vel,24.593717182,0.012,-1.8954281780914074e-05
/epuck2/cmd_vel,24.605127853,0.012,-1.8954281780914074e-05
/epuck2/cmd_vel,24.612558329,0.012,-1.8954281780914074e-05
/epuck2/cmd_vel,24.625046613,0.012,-1.8954281780914074e-05
/epuck2/cmd_vel,24.629813333,0.012,-1.8954281780914074e-05
/epuck2/cmd_vel,24.638795476,0.012,-1.8954281780914074e-05
/epuck2/cmd_vel,24.647633925,0.012,-1.8954281780914074e-05
/epuck2/cmd_vel,24.655320114,0.012,-1.8954281780914074e-05
/epuck2/cmd_vel,24.666689115,0.012,-1.8954281780914074e-05
/epuck2/cmd_vel,24.675855724,0.012,-1.8954281780914074e-05
/epuck2/cmd_vel,24.685479598,0.012,-1.8954281780914074e-05
/epuck2/cmd_vel,24.69646398,0.012,-1.8954281780914074e-05
/epuck2/cmd_vel,24.701434252,0.012,-1.8954281780914074e-05
/epuck2/cmd_vel,24.713856784,0.012,-1.8954281780914074e-05
/epuck2/cmd_vel,24.720181067,0.012,-1.8954281780914074e-05
/epuck2/cmd_vel,24.733704396,0.012,-1.8954281780914074e-05
/epuck2/cmd_vel,24.736967114,0.012,-1.8954281780914074e-05
/epuck2/cmd_vel,24.743887962,0.012,-1.8954281780914074e-05
/epuck2/cmd_vel,24.755044818,0.012,-1.8954281780914074e-05
/epuck2/cmd_vel,24.763141608,0.012,-1.8954281780914074e-05
/epuck2/cmd_vel,24.772397951,0.012,-1.8954281780914074e-05
/epuck2/cmd_vel,24.780609856,0.012,-1.8954281780914074e-05
/epuck2/cmd_vel,24.789032208,0.012,-1.8954281780914074e-05
/epuck2/cmd_vel,24.799227766,0.012,-1.8954281780914074e-05
/epuck2/cmd_vel,24.807241316,0.012,-1.8954281780914074e-05
/epuck2/cmd_vel,24.819581908,0.012,-1.8954281780914074e-05
/epuck2/cmd_vel,24.825059909,0.012,-1.8954281780914074e-05
/epuck2/cmd_vel,24.838418957,0.012,-1.8954281780914074e-05
/epuck2/cmd_vel,24.845666367,0.012,-1.8954281780914074e-05
/epuck2/cmd_vel,24.854434766,0.012,-1.8954281780914074e-05
/epuck2/cmd_vel,24.867063548,0.012,-1.8954281780914074e-05
/epuck2/cmd_vel,24.87747135,0.012,-1.8954281780914074e-05
/epuck2/cmd_vel,24.88773246,0.012,0.003951573367144867
/epuck2/cmd_vel,24.898929786,0.012,0.003951573367144867
/epuck2/cmd_vel,24.908241789,0.012,0.003951573367144867
/epuck2/cmd_vel,24.916905764,0.012,0.003951573367144867
/epuck2/cmd_vel,24.926225961,0.012,0.003951573367144867
/epuck2/cmd_vel,24.937799713,0.012,0.003951573367144867
/epuck2/cmd_vel,24.946930148,0.012,0.003951573367144867
/epuck2/cmd_vel,24.95710582,0.012,0.003951573367144867
/epuck2/cmd_vel,24.963824115,0.012,0.003951573367144867
/epuck2/cmd_vel,24.977123607,0.012,0.003951573367144867
/epuck2/cmd_vel,24.982314718,0.012,0.003951573367144867
/epuck2/cmd_vel,24.994404293,0.012,-0.0039894819307066945
/epuck2/cmd_vel,25.001252694,0.012,-0.003989481930706695
/epuck2/cmd_vel,25.015226893,0.012,-0.003989481930706695
/epuck2/cmd_vel,25.021470735,0.012,-0.003989481930706695
/epuck2/cmd_vel,25.034467248,0.012,-0.003989481930706695
/epuck2/cmd_vel,25.04067052,0.012,-0.003989481930706695
/epuck2/cmd_vel,25.050117424,0.012,-0.003989481930706695
/epuck2/cmd_vel,25.061818982,0.012,-0.003989481930706695
/epuck2/cmd_vel,25.068201823,0.012,-0.003989481930706695
/epuck2/cmd_vel,25.077823999,0.012,-0.003989481930706695
/epuck2/cmd_vel,25.086023913,0.012,-0.003989481930706695
/epuck2/cmd_vel,25.092067602,0.012,-1.895428178091442e-05
/epuck2/cmd_vel,25.105610116,0.012,-1.8954281780914074e-05
/epuck2/cmd_vel,25.110516135,0.012,-1.8954281780914074e-05
/epuck2/cmd_vel,25.122638686,0.012,-1.8954281780914074e-05
/epuck2/cmd_vel,25.128070621,0.012,-1.8954281780914074e-05
/epuck2/cmd_vel,25.141234411,0.012,-1.8954281780914074e-05
/epuck2/cmd_vel,25.14677067,0.012,-1.8954281780914074e-05
/epuck2/cmd_vel,25.156317102,0.012,-1.8954281780914074e-05
/epuck2/cmd_vel,25.165729431,0.012,-1.8954281780914074e-05
/epuck2/cmd_vel,25.17597785,0.012,-1.8954281780914074e-05
/epuck2/cmd_vel,25.18455389,0.012,-1.8954281780914074e-05
/epuck2/cmd_vel,25.194322259,0.012,-1.8954281780914074e-05
/epuck2/cmd_vel,25.200247534,0.012,-1.8954281780914074e-05
/epuck2/cmd_vel,25.210777747,0.012,-1.8954281780914074e-05
/epuck2/cmd_vel,25.21822561,0.012,-1.8954281780914074e-05
/epuck2/cmd_vel,25.230249533,0.012,-1.8954281780914074e-05
/epuck2/cmd_vel,25.234104319,0.012,-1.8954281780914074e-05
/epuck2/cmd_vel,25.246699925,0.012,-1.8954281780914074e-05
/epuck2/cmd_vel,25.254780526,0.012,-1.8954281780914074e-05
/epuck2/cmd_vel,25.264303175,0.012,-1.8954281780914074e-05
/epuck2/cmd_vel,25.275771803,0.012,-1.8954281780914074e-05
/epuck2/cmd_vel,25.283261736,0.012,-1.8954281780914074e-05
/epuck2/cmd_vel,25.292141454,0.012,-1.8954281780914074e-05
/epuck2/cmd_vel,25.300359555,0.012,-1.8954281780914074e-05
/epuck2/cmd_vel,25.307855483,0.012,-1.8954281780914074e-05
/epuck2/cmd_vel,25.319361084,0.012,-1.8954281780914074e-05
/epuck2/cmd_vel,25.326033414,0.012,-1.8954281780914074e-05
/epuck2/cmd_vel,25.339537656,0.012,-1.8954281780914074e-05
/epuck2/cmd_vel,25.344535808,0.012,-1.8954281780914074e-05
/epuck2/cmd_vel,25.353113846,0.012,-1.8954281780914074e-05
/epuck2/cmd_vel,25.361594655,0.012,-1.8954281780914074e-05
/epuck2/cmd_vel,25.371814495,0.012,-1.8954281780914074e-05
/epuck2/cmd_vel,25.374790123,0.012,-1.8954281780914074e-05
/epuck2/cmd_vel,25.390708003,0.012,-1.8954281780914074e-05
/epuck2/cmd_vel,25.394683401,0.012,-1.8954281780914074e-05
/epuck2/cmd_vel,25.406842526,0.012,-1.8954281780914074e-05
/epuck2/cmd_vel,25.413232061,0.012,-1.8954281780914074e-05
/epuck2/cmd_vel,25.421847472,0.012,-1.8954281780914074e-05
/epuck2/cmd_vel,25.430953825,0.012,-1.8954281780914074e-05
/epuck2/cmd_vel,25.439435134,0.012,-1.8954281780914074e-05
/epuck2/cmd_vel,25.45066054,0.012,-1.8954281780914074e-05
/epuck2/cmd_vel,25.459364686,0.012,-1.8954281780914074e-05
/epuck2/cmd_vel,25.467751464,0.012,-1.8954281780914074e-05
/epuck2/cmd_vel,25.479146146,0.012,-1.8954281780914074e-05
/epuck2/cmd_vel,25.483902674,0.012,-1.8954281780914074e-05
/epuck2/cmd_vel,25.495465821,0.012,0.003951573367144867
/epuck2/cmd_vel,25.501154052,0.012,0.003951573367144867
/epuck2/cmd_vel,25.515652043,0.012,0.003951573367144867
/epuck2/cmd_vel,25.522658646,0.012,0.003951573367144867
/epuck2/cmd_vel,25.531689016,0.012,0.003951573367144867
/epuck2/cmd_vel,25.541862409,0.012,0.003951573367144867
/epuck2/cmd_vel,25.550815446,0.012,0.003951573367144867
/epuck2/cmd_vel,25.559896173,0.012,0.003951573367144867
/epuck2/cmd_vel,25.571794189,0.012,0.003951573367144867
/epuck2/cmd_vel,25.576348991,0.012,0.003951573367144867
/epuck2/cmd_vel,25.588247806,0.012,0.003951573367144867
/epuck2/cmd_vel,25.593942132,0.012,0.003951573367144867
/epuck2/cmd_vel,25.606544146,0.012,-1.895428178091442e-05
/epuck2/cmd_vel,25.612366862,0.012,-1.8954281780914074e-05
/epuck2/cmd_vel,25.622094236,0.012,-1.8954281780914074e-05
/epuck2/cmd_vel,25.632675679,0.012,-1.8954281780914074e-05
/epuck2/cmd_vel,25.641283911,0.012,-1.8954281780914074e-05
/epuck2/cmd_vel,25.65158929,0.012,-1.8954281780914074e-05
/epuck2/cmd_vel,25.661935235,0.012,-1.8954281780914074e-05
/epuck2/cmd_vel,25.666939751,0.012,-1.8954281780914074e-05
/epuck2/cmd_vel,25.67959432,0.012,-1.8954281780914074e-05
/epuck2/cmd_vel,25.686002935,0.012,-1.8954281780914074e-05
/epuck2/cmd_vel,25.697839703,0.012,-1.8954281780914074e-05
/epuck2/cmd_vel,25.705965348,0.012,-0.003989481930706695
/epuck2/cmd_vel,25.719780224,0.012,-0.003989481930706695
/epuck2/cmd_vel,25.728228592,0.012,-0.003989481930706695
/epuck2/cmd_vel,25.739083701,0.012,-0.003989481930706695
/epuck2/cmd_vel,25.746117181,0.012,-0.003989481930706695
/epuck2/cmd_vel,25.754968505,0.012,-0.003989481930706695
/epuck2/cmd_vel,25.763801944,0.012,-0.003989481930706695
/epuck2/cmd_vel,25.770765284,0.012,-0.003989481930706695
/epuck2/cmd_vel,25.779023016,0.012,-0.003989481930706695
/epuck2/cmd_vel,25.791867222,0.012,-0.003989481930706695
/epuck2/cmd_vel,25.797889667,0.012,-0.003989481930706695
/epuck2/cmd_vel,25.809671683,0.012,-1.895428178091442e-05
/epuck2/cmd_vel,25.816150038,0.012,-1.8954281780914074e-05
/epuck2/cmd_vel,25.829497014,0.012,-1.8954281780914074e-05
/epuck2/cmd_vel,25.835978566,0.012,-1.8954281780914074e-05
/epuck2/cmd_vel,25.844057251,0.012,-1.8954281780914074e-05
/epuck2/cmd_vel,25.852752009,0.012,-1.8954281780914074e-05
/epuck2/cmd_vel,25.860903032,0.012,-1.8954281780914074e-05
/epuck2/cmd_vel,25.866125862,0.012,-1.8954281780914074e-05
/epuck2/cmd_vel,25.87969225,0.012,-1.8954281780914074e-05
/epuck2/cmd_vel,25.886872304,0.012,-1.8954281780914074e-05
/epuck2/cmd_vel,25.899090546,0.012,-1.8954281780914074e-05
/epuck2/cmd_vel,25.905415033,0.012,-1.8954281780914074e-05
/epuck2/cmd_vel,25.918440784,0.012,-1.8954281780914074e-05
/epuck2/cmd_vel,25.924311259,0.012,-1.8954281780914074e-05
/epuck2/cmd_vel,25.936819853,0.012,-1.8954281780914074e-05
/epuck2/cmd_vel,25.942623785,0.012,-1.8954281780914074e-05
/epuck2/cmd_vel,25.953773542,0.012,-1.8954281780914074e-05
/epuck2/cmd_vel,25.963361835,0.012,-1.8954281780914074e-05
/epuck2/cmd_vel,25.97432585,0.012,-1.8954281780914074e-05
/epuck2/cmd_vel,25.982943174,0.012,-1.8954281780914074e-05
/epuck2/cmd_vel,25.994346114,0.012,-1.8954281780914074e-05
/epuck2/cmd_vel,26.002767806,0.012,-1.8954281780914074e-05
/epuck2/cmd_vel,26.01057902,0.012,-1.8954281780914074e-05
/epuck2/cmd_vel,26.016801094,0.012,-1.8954281780914074e-05
/epuck2/cmd_vel,26.029277715,0.012,-1.8954281780914074e-05
/epuck2/cmd_vel,26.035155584,0.012,-1.8954281780914074e-05
/epuck2/cmd_vel,26.046078535,0.012,-1.8954281780914074e-05
/epuck2/cmd_vel,26.052333381,0.012,-1.8954281780914074e-05
/epuck2/cmd_vel,26.064583196,0.012,-1.8954281780914074e-05
/epuck2/cmd_vel,26.07162347,0.012,-1.8954281780914074e-05
/epuck2/cmd_vel,26.080480289,0.012,-1.8954281780914074e-05
/epuck2/cmd_vel,26.088403308,0.012,-1.8954281780914074e-05
/epuck2/cmd_vel,26.097177897,0.012,-1.8954281780914074e-05
/epuck2/cmd_vel,26.107545324,0.012,-1.8954281780914074e-05
/epuck2/cmd_vel,26.115051699,0.012,-1.8954281780914074e-05
/epuck2/cmd_vel,26.119963495,0.012,-1.8954281780914074e-05
/epuck2/cmd_vel,26.132284349,0.012,-1.8954281780914074e-05
/epuck2/cmd_vel,26.137957993,0.012,-1.8954281780914074e-05
/epuck2/cmd_vel,26.15018183,0.012,-1.8954281780914074e-05
/epuck2/cmd_vel,26.155484991,0.012,-1.8954281780914074e-05
/epuck2/cmd_vel,26.16559114,0.012,-1.8954281780914074e-05
/epuck2/cmd_vel,26.176103043,0.012,-1.8954281780914074e-05
/epuck2/cmd_vel,26.185949215,0.012,-1.8954281780914074e-05
/epuck2/cmd_vel,26.193918494,0.012,-1.8954281780914074e-05
/epuck2/cmd_vel,26.204254947,0.012,-1.8954281780914074e-05
/epuck2/cmd_vel,26.214028282,0.012,-1.8954281780914074e-05
/epuck2/cmd_vel,26.224238642,0.012,-1.8954281780914074e-05
/epuck2/cmd_vel,26.23056183,0.012,-1.8954281780914074e-05
/epuck2/cmd_vel,26.242386109,0.012,-1.8954281780914074e-05
/epuck2/cmd_vel,26.248126396,0.012,-1.8954281780914074e-05
/epuck2/cmd_vel,26.259370772,0.012,-1.8954281780914074e-05
/epuck2/cmd_vel,26.265345758,0.012,-1.8954281780914074e-05
/epuck2/cmd_vel,26.277420622,0.012,-1.8954281780914074e-05
/epuck2/cmd_vel,26.284282149,0.012,-1.8954281780914074e-05
/epuck2/cmd_vel,26.292490324,0.012,-1.8954281780914074e-05
/epuck2/cmd_vel,26.30229673,0.012,-1.8954281780914074e-05
/epuck2/cmd_vel,26.310227941,0.012,-1.8954281780914074e-05
/epuck2/cmd_vel,26.320304217,0.012,0.003951573367144867
/epuck2/cmd_vel,26.328733602,0.012,0.02630943636714118
/epuck2/cmd_vel,26.333931053,0.012,0.0443497923671556
/epuck2/cmd_vel,26.345789803,0.012,0.07954237236715596
/epuck2/cmd_vel,26.354586474,0.012,0.10656604236713303
/epuck2/cmd_vel,26.366170559,0.012,0.1403339373671441
/epuck2/cmd_vel,26.372205993,0.012,0.15870311436715506
/epuck2/cmd_vel,26.381143842,0.012,0.18654028836716757
/epuck2/cmd_vel,26.389169673,0.012,0.2106249753671376
/epuck2/cmd_vel,26.398403769,0.012,0.23805209736715777
/epuck2/cmd_vel,26.40778404,0.012,0.2667243573671369
/epuck2/cmd_vel,26.415090387,0.012,0.2881311333671716
/epuck2/cmd_vel,26.422671198,0.012,0.3
/epuck2/cmd_vel,26.434107209,0.012,0.3
/epuck2/cmd_vel,26.440257245,0.012,0.3
/epuck2/cmd_vel,26.447866932,0.012,0.3
/epuck2/cmd_vel,26.456221881,0.012,0.3
/epuck2/cmd_vel,26.4650789,0.012,0.3
/epuck2/cmd_vel,26.475478698,0.012,0.3
/epuck2/cmd_vel,26.485728925,0.012,0.3
/epuck2/cmd_vel,26.491881659,0.012,0.3
/epuck2/cmd_vel,26.504535866,0.012,0.3
/epuck2/cmd_vel,26.510042546,0.012,0.3
/epuck2/cmd_vel,26.522560951,0.012,0.2594056987730838
/epuck2/cmd_vel,26.529148586,0.012,0.2594056987730838
/epuck2/cmd_vel,26.541319327,0.012,0.2594056987730838
/epuck2/cmd_vel,26.548059915,0.012,0.2594056987730838
/epuck2/cmd_vel,26.55892172,0.012,0.2594056987730838
/epuck2/cmd_vel,26.566821588,0.012,0.2594056987730838
/epuck2/cmd_vel,26.5810919,0.012,0.2594056987730838
/epuck2/cmd_vel,26.58441459,0.012,0.2594056987730838
/epuck2/cmd_vel,26.593883042,0.012,0.2594056987730838
/epuck2/cmd_vel,26.60491828,0.012,0.2594056987730838
/epuck2/cmd_vel,26.613099475,0.012,0.2594056987730838
/epuck2/cmd_vel,26.622467924,0.012,0.22013403877302978
/epuck2/cmd_vel,26.631314776,0.012430808750000012,0.18566933877302888
/epuck2/cmd_vel,26.636254604,0.01267796994999938,0.1658964427730794
/epuck2/cmd_vel,26.648303962,0.01327497814999984,0.11813578677304265
/epuck2/cmd_vel,26.656264371,0.01368817389999987,0.08508012677304039
/epuck2/cmd_vel,26.668901261,0.014299782999999424,0.06838074524933901
/epuck2/cmd_vel,26.67324946,0.014517317799999575,0.06838074524933901
/epuck2/cmd_vel,26.685669161,0.015106978099999935,0.06838074524933901
/epuck2/cmd_vel,26.690941267,0.01541704849999971,0.06838074524933901
/epuck2/cmd_vel,26.700819423,0.015912120199999692,0.06838074524933901
/epuck2/cmd_vel,26.708445655,0.016250967799999474,0.06838074524933901
/epuck2/cmd_vel,26.716764817,0.016682465899999502,0.06838074524933901
/epuck2/cmd_vel,26.723196303,0.017019445349999787,0.04142238924931618
/epuck2/cmd_vel,26.738798429,0.01781654019999931,-0.004411609964915429
/epuck2/cmd_vel,26.745125316,0.018103043399999564,-0.004411609964915432
/epuck2/cmd_vel,26.760950426,0.018879707999999596,-0.004411609964915432
/epuck2/cmd_vel,26.767344148,0.019219539649999975,-0.004411609964915432
/epuck2/cmd_vel,26.779735876,0.01984222804999999,-0.004411609964915432
/epuck2/cmd_vel,26.787776108,0.020214997849999864,-0.004411609964915432
/epuck2/cmd_vel,26.798408735,0.020783313799999353,-0.004411609964915432
/epuck2/cmd_vel,26.804528322,0.021098164599999598,-0.004411609964915432
/epuck2/cmd_vel,26.820209571,0.021865568149999865,-0.004411609964915432
/epuck2/cmd_vel,26.824931709,0.02210132034999956,-0.008823307352610743
/epuck2/cmd_vel,26.836314711,0.0226892472999995,-0.008823307352610743
/epuck2/cmd_vel,26.845158167,0.023033509699999663,-0.008823307352610743
/epuck2/cmd_vel,26.853164831,0.023519969699999428,-0.008823307352610743
/epuck2/cmd_vel,26.862113785,0.023977292849999804,-0.008823307352610743
/epuck2/cmd_vel,26.86950854,0.024349907849999658,-0.008823307352610743
/epuck2/cmd_vel,26.877464054,0.02470356614999955,-0.008823307352610743
/epuck2/cmd_vel,26.88720754,0.025,-0.008823307352610743
/epuck2/cmd_vel,26.892851886,0.025,-0.008823307352610743
/epuck2/cmd_vel,26.905370991,0.025,-0.008823307352610743
/epuck2/cmd_vel,26.911500868,0.025,-0.008823307352610743
/epuck2/cmd_vel,26.920766416,0.025,-0.008823307352610743
/epuck2/cmd_vel,26.930065032,0.025,-0.008823307352610743
/epuck2/cmd_vel,26.938684005,0.025,-0.0022057612710677747
/epuck2/cmd_vel,26.949635823,0.025,-0.0022057612710677747
/epuck2/cmd_vel,26.959903103,0.025,-0.0022057612710677747
/epuck2/cmd_vel,26.964956121,0.025,-0.0022057612710677747
/epuck2/cmd_vel,26.977712197,0.025,-0.0022057612710677747
/epuck2/cmd_vel,26.983499006,0.025,-0.0022057612710677747
/epuck2/cmd_vel,26.996657093,0.025,-0.0022057612710677747
/epuck2/cmd_vel,27.002165071,0.025,-0.0022057612710677747
/epuck2/cmd_vel,27.013989447,0.025,-0.0022057612710677747
/epuck2/cmd_vel,27.019535388,0.025,-0.0022057612710677747
/epuck2/cmd_vel,27.031122693,0.025,-0.0022057612710677747
/epuck2/cmd_vel,27.039607695,0.025,8.742277988115985e-08
/epuck2/cmd_vel,27.047307755,0.025,8.742277988126017e-08
/epuck2/cmd_vel,27.05946401,0.025,8.742277988126017e-08
/epuck2/cmd_vel,27.067629221,0.025,8.742277988126017e-08
/epuck2/cmd_vel,27.073011421,0.025,8.742277988126017e-08
/epuck2/cmd_vel,27.086259022,0.025,8.742277988126017e-08
/epuck2/cmd_vel,27.093364657,0.025,8.742277988126017e-08
/epuck2/cmd_vel,27.102816225,0.025,8.742277988126017e-08
/epuck2/cmd_vel,27.108640198,0.025,8.742277988126017e-08
/epuck2/cmd_vel,27.121304562,0.025,8.742277988126017e-08
/epuck2/cmd_vel,27.12748549,0.0,0.0
/epuck2/cmd_vel,27.136786803,0.0,0.0
/epuck2/cmd_vel,27.146858173,0.0,0.0
/epuck2/cmd_vel,27.155590935,0.0,0.0
/epuck2/cmd_vel,27.160321165,0.0,0.0
/epuck2/cmd_vel,27.173179941,0.0,0.0
/epuck2/cmd_vel,27.178939576,0.0,0.0
/epuck2/cmd_vel,27.190948174,0.0,0.0
/epuck2/cmd_vel,27.195654627,0.0,0.0
/epuck2/cmd_vel,27.208447667,0.0,0.0
/epuck2/cmd_vel,27.215505048,0.0,0.0
/epuck2/cmd_vel,27.225306078,0.0,0.0
/epuck2/cmd_vel,27.235362562,0.0,0.0
/epuck2/cmd_vel,27.242804572,0.0,0.0
/epuck2/cmd_vel,27.253120105,0.0,0.0
/epuck2/cmd_vel,27.262613233,0.0,0.0
/epuck2/cmd_vel,27.269669416,0.0,0.0
/epuck2/cmd_vel,27.281323956,0.0,0.0
/epuck2/cmd_vel,27.287842058,0.0,0.0
/epuck2/cmd_vel,27.301683685,0.0,0.0
/epuck2/cmd_vel,27.311741567,0.0,0.0
/epuck2/cmd_vel,27.321517022,0.0,0.0
/epuck2/cmd_vel,27.327308726,0.0,0.0
/epuck2/cmd_vel,27.334085579,0.0,0.0
/epuck2/cmd_vel,27.344633188,0.0,0.0
/epuck2/cmd_vel,27.353106102,0.0,0.0
/epuck2/cmd_vel,27.362822614,0.0,0.0
/epuck2/cmd_vel,27.371941404,0.0,0.0
/epuck2/cmd_vel,27.377246778,0.0,0.0
/epuck2/cmd_vel,27.391036155,0.0,0.0
/epuck2/cmd_vel,27.397509101,0.0,0.0
/epuck2/cmd_vel,27.410120916,0.0,0.0
/epuck2/cmd_vel,27.417345136,0.0,0.0
/epuck2/cmd_vel,27.427345274,0.0,0.0
/epuck2/cmd_vel,27.434378878,0.0,0.0
/epuck2/cmd_vel,27.446884596,0.0,0.0
/epuck2/cmd_vel,27.452357508,0.0,0.0
/epuck2/cmd_vel,27.460656989,0.0,0.0
/epuck2/cmd_vel,27.471704515,0.0,0.0
/epuck2/cmd_vel,27.479169603,0.0,0.0
/epuck2/cmd_vel,27.489054053,0.0,0.0
/epuck2/cmd_vel,27.497595265,0.0,0.0
/epuck2/cmd_vel,27.501714488,0.0,0.0
/epuck2/cmd_vel,27.515697129,0.0,0.0
/epuck2/cmd_vel,27.523656771,0.0,0.0
/epuck2/cmd_vel,27.536359972,0.0,0.0
/epuck2/cmd_vel,27.540612253,0.0,0.0
/epuck2/cmd_vel,27.549535071,0.0,0.0
/epuck2/cmd_vel,27.558971644,0.0,0.0
/epuck2/cmd_vel,27.567938415,0.0,0.0
/epuck2/cmd_vel,27.578165747,0.0,0.0
/epuck2/cmd_vel,27.587537288,0.0,0.0
/epuck2/cmd_vel,27.592882408,0.0,0.0
/epuck2/cmd_vel,27.604608947,0.0,0.0
/epuck2/cmd_vel,27.612284391,0.0,0.0
/epuck2/cmd_vel,27.624630171,0.0,0.0
/epuck2/cmd_vel,27.631234154,0.0,0.0
/epuck2/cmd_vel,27.643881813,0.0,0.0
/epuck2/cmd_vel,27.649774152,0.0,0.0
/epuck2/cmd_vel,27.660019265,0.0,0.0
/epuck2/cmd_vel,27.66927433,0.0,0.0
/epuck2/cmd_vel,27.678462266,0.0,0.0
/epuck2/cmd_vel,27.688350858,0.0,0.0
/epuck2/cmd_vel,27.697827887,0.0,0.0
/epuck2/cmd_vel,27.704343464,0.0,0.0
/epuck2/cmd_vel,27.716956261,0.0,0.0
/epuck2/cmd_vel,27.720945921,0.0,0.0
/epuck2/cmd_vel,27.733711356,0.0,0.0
/epuck2/cmd_vel,27.74230812,0.0,0.0
/epuck2/cmd_vel,27.754253227,0.0,0.0
/epuck2/cmd_vel,27.758704097,0.0,0.0
/epuck2/cmd_vel,27.76716141,0.0,0.0
/epuck2/cmd_vel,27.775945276,0.0,0.0
/epuck2/cmd_vel,27.786297875,0.0,0.0
/epuck2/cmd_vel,27.791325632,0.0,0.0
/epuck2/cmd_vel,27.8035889,0.0,0.0
/epuck2/cmd_vel,27.8093295,0.0,0.0
/epuck2/cmd_vel,27.8222213,0.0,0.0
/epuck2/cmd_vel,27.828386749,0.0,0.0
/epuck2/cmd_vel,27.844045309,0.0,0.0
/epuck2/cmd_vel,27.847602529,0.0,0.0
/epuck2/cmd_vel,27.857714483,0.0,0.0
/epuck2/cmd_vel,27.869362006,0.0,0.0
/epuck2/cmd_vel,27.87880627,0.0,0.0
/epuck2/cmd_vel,27.888504764,0.0,0.0
/epuck2/cmd_vel,27.899478403,0.0,0.0
/epuck2/cmd_vel,27.908247085,0.0,0.0
/epuck2/cmd_vel,27.917673668,0.0,0.0
/epuck2/cmd_vel,27.923448331,0.0,0.0
/epuck2/cmd_vel,27.935479047,0.0,0.0
/epuck2/cmd_vel,27.940808583,0.0,0.0
/epuck2/cmd_vel,27.952962168,0.0,0.0
/epuck2/cmd_vel,27.959279055,0.0,0.0
/epuck2/cmd_vel,27.966943511,0.0,0.0
/epuck2/cmd_vel,27.975341986,0.0,0.0
/epuck2/cmd_vel,27.983999986,0.0,0.0
/epuck2/cmd_vel,27.987315762,0.0,0.0
/epuck2/cmd_vel,28.00227087,0.0,0.0
/epuck2/cmd_vel,28.008643898,0.0,0.0
/epuck2/cmd_vel,28.021594036,0.0,0.0
/epuck2/cmd_vel,28.027278995,0.0,0.0
/epuck2/cmd_vel,28.04334782,0.0,0.0
/epuck2/cmd_vel,28.050544872,0.0,0.0
/epuck2/cmd_vel,28.064666265,0.0,0.0
/epuck2/cmd_vel,28.068698081,0.0,0.0
/epuck2/cmd_vel,28.081398285,0.0,0.0
/epuck2/cmd_vel,28.089265025,0.0,0.0
/epuck2/cmd_vel,28.10132521,0.0,0.0
/epuck2/cmd_vel,28.108069942,0.0,0.0
/epuck2/cmd_vel,28.117177764,0.0,0.0
/epuck2/cmd_vel,28.125360668,0.0,0.0
/epuck2/cmd_vel,28.135205806,0.0,0.0
/epuck2/cmd_vel,28.144916287,0.0,0.0
/epuck2/cmd_vel,28.154630365,0.0,0.0
/epuck2/cmd_vel,28.159113001,0.0,0.0
/epuck2/cmd_vel,28.171260692,0.0,0.0
/epuck2/cmd_vel,28.176443785,0.0,0.0
/epuck2/cmd_vel,28.18996152,0.0,0.0
/epuck2/cmd_vel,28.197747047,0.0,0.0
/epuck2/cmd_vel,28.210132785,0.0,0.0
/epuck2/cmd_vel,28.216967322,0.0,0.0
/epuck2/cmd_vel,28.226834137,0.0,0.0
/epuck2/cmd_vel,28.235693323,0.0,0.0
/epuck2/cmd_vel,28.245367842,0.0,0.0
/epuck2/cmd_vel,28.253605189,0.0,0.0
/epuck2/cmd_vel,28.263658905,0.0,0.0
/epuck2/cmd_vel,28.269542053,0.0,0.0
/epuck2/cmd_vel,28.282926331,0.0,0.0
/epuck2/cmd_vel,28.289362291,0.0,0.0
/epuck2/cmd_vel,28.30317851,0.0,0.0
/epuck2/cmd_vel,28.307016531,0.0,0.0
/epuck2/cmd_vel,28.315323304,0.0,0.0
/epuck2/cmd_vel,28.324439516,0.0,0.0
/epuck2/cmd_vel,28.334795711,0.0,0.0
/epuck2/cmd_vel,28.343440925,0.0,0.0
/epuck2/cmd_vel,28.351392275,0.0,0.0
/epuck2/cmd_vel,28.355501109,0.0,0.0
/epuck2/cmd_vel,28.369164689,0.0,0.0
/epuck2/cmd_vel,28.376926341,0.0,0.0
/epuck2/cmd_vel,28.387138489,0.0,0.0
/epuck2/cmd_vel,28.39392248,0.0,0.0
/epuck2/cmd_vel,28.405588483,0.0,0.0
/epuck2/cmd_vel,28.41168051,0.0,0.0
/epuck2/cmd_vel,28.420068596,0.0,0.0
/epuck2/cmd_vel,28.430721975,0.0,0.0
/epuck2/cmd_vel,28.437446629,0.0,0.0
/epuck2/cmd_vel,28.44616906,0.0,0.0
/epuck2/cmd_vel,28.454603897,0.0,0.0
/epuck2/cmd_vel,28.461662196,0.0,0.0
/epuck2/cmd_vel,28.474286481,0.0,0.0
/epuck2/cmd_vel,28.480096008,0.0,0.0
/epuck2/cmd_vel,28.4937482,0.0,0.0
/epuck2/cmd_vel,28.498543308,0.0,0.0
/epuck2/cmd_vel,28.51061506,0.0,0.0
/epuck2/cmd_vel,28.516052423,0.0,0.0
/epuck2/cmd_vel,28.525230695,0.0,0.0
/epuck2/cmd_vel,28.534693041,0.0,0.0
/epuck2/cmd_vel,28.54477977,0.0,0.0
/epuck2/cmd_vel,28.558907764,0.0,0.0
/epuck2/cmd_vel,28.571957096,0.0,0.0
/epuck2/cmd_vel,28.580285542,0.0,0.0
/epuck2/cmd_vel,28.590022273,0.0,0.0
/epuck2/cmd_vel,28.599506394,0.0,0.0
/epuck2/cmd_vel,28.607308644,0.0,0.0
/epuck2/cmd_vel,28.613753851,0.0,0.0
/epuck2/cmd_vel,28.625069671,0.0,0.0
/epuck2/cmd_vel,28.631381131,0.0,0.0
/epuck2/cmd_vel,28.647580848,0.0,0.0
/epuck2/cmd_vel,28.650121534,0.0,0.0
/epuck2/cmd_vel,28.657462213,0.0,0.0
/epuck2/cmd_vel,28.667161587,0.0,0.0
/epuck2/cmd_vel,28.676698448,0.0,0.0
/epuck2/cmd_vel,28.685746669,0.0,0.0
/epuck2/cmd_vel,28.694881191,0.0,0.0
/epuck2/cmd_vel,28.700557979,0.0,0.0
/epuck2/cmd_vel,28.714647517,0.0,0.0
/epuck2/cmd_vel,28.720340387,0.0,0.0
/epuck2/cmd_vel,28.734698417,0.0,0.0
/epuck2/cmd_vel,28.739922824,0.0,0.0
/epuck2/cmd_vel,28.754036234,0.0,0.0
/epuck2/cmd_vel,28.757775745,0.0,0.0
/epuck2/cmd_vel,28.771673503,0.0,0.0
/epuck2/cmd_vel,28.778264043,0.0,0.0
/epuck2/cmd_vel,28.787862133,0.0,0.0
/epuck2/cmd_vel,28.796174698,0.0,0.0
/epuck2/cmd_vel,28.80986819,0.0,0.0
/epuck2/cmd_vel,28.818320894,0.0,0.0
/epuck2/cmd_vel,28.827469999,0.0,0.0
/epuck2/cmd_vel,28.836122075,0.0,0.0
/epuck2/cmd_vel,28.846079452,0.0,0.0
/epuck2/cmd_vel,28.849441396,0.0,0.0
/epuck2/cmd_vel,28.862036548,0.0,0.0
/epuck2/cmd_vel,28.867350453,0.0,0.0
/epuck2/cmd_vel,28.882149876,0.0,0.0
/epuck2/cmd_vel,28.887785612,0.0,0.0
/epuck2/cmd_vel,28.902219155,0.0,0.0
/epuck2/cmd_vel,28.907243791,0.0,0.0
/epuck2/cmd_vel,28.918339264,0.0,0.0
/epuck2/cmd_vel,28.92329458,0.0,0.0
/epuck2/cmd_vel,28.933809718,0.0,0.0
/epuck2/cmd_vel,28.943515085,0.0,0.0
/epuck2/cmd_vel,28.951718475,0.0,0.0
/epuck2/cmd_vel,28.961858344,0.0,0.0
/epuck2/cmd_vel,28.972533398,0.0,0.0
/epuck2/cmd_vel,28.982204105,0.0,0.0
/epuck2/cmd_vel,28.992510683,0.0,0.0
/epuck2/cmd_vel,28.998077197,0.0,0.0
/epuck2/cmd_vel,29.010707509,0.0,0.0
/epuck2/cmd_vel,29.017202459,0.0,0.0
/epuck2/cmd_vel,29.02961572,0.0,0.0
/epuck2/cmd_vel,29.036227735,0.0,0.0
/epuck2/cmd_vel,29.048288001,0.0,0.0
/epuck2/cmd_vel,29.05566424,0.0,0.0
/epuck2/cmd_vel,29.062606077,0.0,0.0
/epuck2/cmd_vel,29.07150457,0.0,0.0
/epuck2/cmd_vel,29.080576264,0.0,0.0
/epuck2/cmd_vel,29.089280179,0.0,0.0
/epuck2/cmd_vel,29.097307272,0.0,0.0
/epuck2/cmd_vel,29.103010929,0.0,0.0
/epuck2/cmd_vel,29.114870924,0.0,0.0
/epuck2/cmd_vel,29.123055836,0.0,0.0
/epuck2/cmd_vel,29.135998989,0.0,0.0
/epuck2/cmd_vel,29.141494685,0.0,0.0
/epuck2/cmd_vel,29.15371187,0.0,0.0
/epuck2/cmd_vel,29.16161061,0.0,0.0
/epuck2/cmd_vel,29.175791443,0.0,0.0
/epuck2/cmd_vel,29.181370344,0.0,0.0
/epuck2/cmd_vel,29.189744638,0.0,0.0
/epuck2/cmd_vel,29.203160349,0.0,0.0
/epuck2/cmd_vel,29.21168467,0.0,0.0
/epuck2/cmd_vel,29.220993892,0.0,0.0
/epuck2/cmd_vel,29.227580836,0.0,0.0
/epuck2/cmd_vel,29.233550588,0.0,0.0
/epuck2/cmd_vel,29.247084963,0.0,0.0
/epuck2/cmd_vel,29.25259694,0.0,0.0
/epuck2/cmd_vel,29.2659704,0.0,0.0
/epuck2/cmd_vel,29.27281365,0.0,0.0
/epuck2/cmd_vel,29.28449555,0.0,0.0
/epuck2/cmd_vel,29.292730803,0.0,0.0
/epuck2/cmd_vel,29.304329145,0.0,0.0
/epuck2/cmd_vel,29.310227505,0.0,0.0
/epuck2/cmd_vel,29.320279376,0.0,0.0
/epuck2/cmd_vel,29.330846968,0.0,0.0
/epuck2/cmd_vel,29.338396075,0.0,0.0
/epuck2/cmd_vel,29.343528038,0.0,0.0
/epuck2/cmd_vel,29.35310151,0.0,0.0
/epuck2/cmd_vel,29.359525171,0.0,0.0
/epuck2/cmd_vel,29.382090762,0.0,0.0
/epuck2/cmd_vel,29.417630211,0.0,0.0
/epuck2/cmd_vel,29.427170153,0.0,0.0
/epuck2/cmd_vel,29.433579544,0.0,0.0
/epuck2/cmd_vel,29.446216008,0.0,0.0
/epuck2/cmd_vel,29.454522729,0.0,0.0
/epuck2/cmd_vel,29.474764981,0.0,0.0
/epuck2/cmd_vel,29.49110839,0.0,0.0
/epuck2/cmd_vel,29.505094775,0.0,0.0
/epuck2/cmd_vel,29.514987047,0.0,0.0
/epuck2/cmd_vel,29.523533934,0.0,0.0
/epuck2/cmd_vel,29.533441174,0.0,0.0
/epuck2/cmd_vel,29.543629405,0.0,0.0
/epuck2/cmd_vel,29.548323637,0.0,0.0
/epuck2/cmd_vel,29.560266667,0.0,0.0
/epuck2/cmd_vel,29.566758006,0.0,0.0
/epuck2/cmd_vel,29.581478121,0.0,0.0
/epuck2/cmd_vel,29.589199196,0.0,0.0
/epuck2/cmd_vel,29.602579313,0.0,0.0
/epuck2/cmd_vel,29.606351243,0.0,0.0
/epuck2/cmd_vel,29.618447042,0.0,0.0
/epuck2/cmd_vel,29.625258089,0.0,0.0
/epuck2/cmd_vel,29.633728641,0.0,0.0
/epuck2/cmd_vel,29.64219121,0.0,0.0
/epuck2/cmd_vel,29.653458504,0.0,0.0
/epuck2/cmd_vel,29.660836522,0.0,0.0
/epuck2/cmd_vel,29.672250997,0.0,0.0
/epuck2/cmd_vel,29.676641786,0.0,0.0
/epuck2/cmd_vel,29.689093315,0.0,0.0
/epuck2/cmd_vel,29.695430588,0.0,0.0
/epuck2/cmd_vel,29.709314115,0.0,0.0
/epuck2/cmd_vel,29.714192448,0.0,0.0
/epuck2/cmd_vel,29.727066461,0.0,0.0
/epuck2/cmd_vel,29.732790662,0.0,0.0
/epuck2/cmd_vel,29.739659982,0.0,0.0
/epuck2/cmd_vel,29.749213588,0.0,0.0
/epuck2/cmd_vel,29.757375309,0.0,0.0
/epuck2/cmd_vel,29.764135366,0.0,0.0
/epuck2/cmd_vel,29.777017163,0.0,0.0
/epuck2/cmd_vel,29.783204161,0.0,0.0
/epuck2/cmd_vel,29.795456721,0.0,0.0
/epuck2/cmd_vel,29.808053635,0.0,0.0
/epuck2/cmd_vel,29.818977073,0.0,0.0
/epuck2/cmd_vel,29.824146975,0.0,0.0
/epuck2/cmd_vel,29.837162382,0.0,0.0
/epuck2/cmd_vel,29.843232933,0.0,0.0
/epuck2/cmd_vel,29.851609388,0.0,0.0
/epuck2/cmd_vel,29.859967484,0.0,0.0
/epuck2/cmd_vel,29.872776039,0.0,0.0
/epuck2/cmd_vel,29.882482913,0.0,0.0
/epuck2/cmd_vel,29.891608546,0.0,0.0
/epuck2/cmd_vel,29.901951243,0.0,0.0
/epuck2/cmd_vel,29.909295135,0.0,0.0
/epuck2/cmd_vel,29.914051732,0.0,0.0
/epuck2/cmd_vel,29.926105223,0.0,0.0
/epuck2/cmd_vel,29.931012194,0.0,0.0
/epuck2/cmd_vel,29.938766297,0.0,0.0
/epuck2/cmd_vel,29.947856407,0.0,0.0
/epuck2/cmd_vel,29.955949776,0.0,0.0
/epuck2/cmd_vel,29.967668991,0.0,0.0
/epuck2/cmd_vel,29.975069661,0.0,0.0
/epuck2/cmd_vel,29.979951686,0.0,0.0
/epuck2/cmd_vel,29.992324485,0.0,0.0
/epuck2/cmd_vel,29.9998885,0.0,0.0
/epuck2/cmd_vel,30.010540826,0.0,0.0
/epuck2/cmd_vel,30.017350077,0.0,0.0
/epuck2/cmd_vel,30.031303253,0.0,0.0
/epuck2/cmd_vel,30.036315296,0.0,0.0
/epuck2/cmd_vel,30.046824532,0.0,0.0
/epuck2/cmd_vel,30.05712532,0.0,0.0
/epuck2/cmd_vel,30.066938164,0.0,0.0
/epuck2/cmd_vel,30.075911227,0.0,0.0
/epuck2/cmd_vel,30.086591892,0.0,0.0
/epuck2/cmd_vel,30.096233108,0.0,0.0
/epuck2/cmd_vel,30.106348098,0.0,0.0
/epuck2/cmd_vel,30.116275594,0.0,0.0
/epuck2/cmd_vel,30.125566269,0.0,0.0
/epuck2/cmd_vel,30.13214472,0.0,0.0
/epuck2/cmd_vel,30.145138973,0.0,0.0
/epuck2/cmd_vel,30.151551183,0.0,0.0
/epuck2/cmd_vel,30.165306388,0.0,0.0
/epuck2/cmd_vel,30.172142381,0.0,0.0
/epuck2/cmd_vel,30.182959849,0.0,0.0
/epuck2/cmd_vel,30.188680457,0.0,0.0
/epuck2/cmd_vel,30.197799604,0.0,0.0
/epuck2/cmd_vel,30.206882729,0.0,0.0
/epuck2/cmd_vel,30.216726207,0.0,0.0
/epuck2/cmd_vel,30.225056763,0.0,0.0
/epuck2/cmd_vel,30.238214162,0.0,0.0
/epuck2/cmd_vel,30.240782898,0.0,0.0
/epuck2/cmd_vel,30.252615468,0.0,0.0
/epuck2/cmd_vel,30.257655251,0.0,0.0
/epuck2/cmd_vel,30.26982479,0.0,0.0
/epuck2/cmd_vel,30.276486461,0.0,0.0
/epuck2/cmd_vel,30.289268872,0.0,0.0
/epuck2/cmd_vel,30.296092292,0.0,0.0
/epuck2/cmd_vel,30.304627105,0.0,0.0
/epuck2/cmd_vel,30.313568736,0.0,0.0
/epuck2/cmd_vel,30.322992224,0.0,0.0
/epuck2/cmd_vel,30.33247219,0.0,0.0
/epuck2/cmd_vel,30.340513072,0.0,0.0
/epuck2/cmd_vel,30.353774746,0.0,0.0
/epuck2/cmd_vel,30.362142521,0.0,0.0
/epuck2/cmd_vel,30.367174521,0.0,0.0
/epuck2/cmd_vel,30.378519247,0.0,0.0
/epuck2/cmd_vel,30.385597415,0.0,0.0
/epuck2/cmd_vel,30.39779649,0.0,0.0
/epuck2/cmd_vel,30.407868374,0.0,0.0
/epuck2/cmd_vel,30.41950836,0.0,0.0
/epuck2/cmd_vel,30.426693896,0.0,0.0
/epuck2/cmd_vel,30.440221693,0.0,0.0
/epuck2/cmd_vel,30.445240921,0.0,0.0
/epuck2/cmd_vel,30.455521851,0.0,0.0
/epuck2/cmd_vel,30.464040699,0.0,0.0
/epuck2/cmd_vel,30.472243231,0.0,0.0
/epuck2/cmd_vel,30.479118938,0.0,0.0
/epuck2/cmd_vel,30.489012008,0.0,0.0
/epuck2/cmd_vel,30.49701023,0.0,0.0
/epuck2/cmd_vel,30.508912078,0.0,0.0
/epuck2/cmd_vel,30.514539424,0.0,0.0
/epuck2/cmd_vel,30.527997401,0.0,0.0
/epuck2/cmd_vel,30.534078934,0.0,0.0
/epuck2/cmd_vel,30.542981373,0.0,0.0
/epuck2/cmd_vel,30.552509417,0.0,0.0
/epuck2/cmd_vel,30.560434637,0.0,0.0
/epuck2/cmd_vel,30.567288746,0.0,0.0
/epuck2/cmd_vel,30.579110673,0.0,0.0
/epuck2/cmd_vel,30.584501347,0.0,0.0
/epuck2/cmd_vel,30.595375388,0.0,0.0
/epuck2/cmd_vel,30.601766131,0.0,0.0
/epuck2/cmd_vel,30.61111248,0.0,0.0
/epuck2/cmd_vel,30.620349174,0.0,0.0
/epuck2/cmd_vel,30.627768722,0.0,0.0
/epuck2/cmd_vel,30.635051275,0.0,0.0
/epuck2/cmd_vel,30.645502759,0.0,0.0
/epuck2/cmd_vel,30.651418163,0.0,0.0
/epuck2/cmd_vel,30.663673722,0.0,0.0
/epuck2/cmd_vel,30.669930264,0.0,0.0
/epuck2/cmd_vel,30.683630401,0.0,0.0
/epuck2/cmd_vel,30.687243839,0.0,0.0
/epuck2/cmd_vel,30.695230821,0.0,0.0
/epuck2/cmd_vel,30.703765182,0.0,0.0
/epuck2/cmd_vel,30.714711562,0.0,0.0
/epuck2/cmd_vel,30.724846352,0.0,0.0
/epuck2/cmd_vel,30.732911659,0.0,0.0
/epuck2/cmd_vel,30.738473751,0.0,0.0
/epuck2/cmd_vel,30.751010483,0.0,0.0
/epuck2/cmd_vel,30.75613515,0.0,0.0
/epuck2/cmd_vel,30.768718678,0.0,0.0
/epuck2/cmd_vel,30.775009743,0.0,0.0
/epuck2/cmd_vel,30.787080315,0.0,0.0
/epuck2/cmd_vel,30.793377367,0.0,0.0
/epuck2/cmd_vel,30.801196424,0.0,0.0
/epuck2/cmd_vel,30.811141337,0.0,0.0
/epuck2/cmd_vel,30.824293397,0.0,0.0
/epuck2/cmd_vel,30.830234742,0.0,0.0
/epuck2/cmd_vel,30.841046223,0.0,0.0
/epuck2/cmd_vel,30.845622214,0.0,0.0
/epuck2/cmd_vel,30.858091796,0.0,0.0
/epuck2/cmd_vel,30.863661271,0.0,0.0
/epuck2/cmd_vel,30.874557762,0.0,0.0
/epuck2/cmd_vel,30.88021125,0.0,0.0
/epuck2/cmd_vel,30.895309268,0.0,0.0
/epuck2/cmd_vel,30.901499458,0.0,0.0
/epuck2/cmd_vel,30.91067439,0.0,0.0
/epuck2/cmd_vel,30.919252852,0.0,0.0
/epuck2/cmd_vel,30.928918988,0.0,0.0
/epuck2/cmd_vel,30.938082346,0.0,0.0
/epuck2/cmd_vel,30.946974209,0.0,0.0
/epuck2/cmd_vel,30.953777831,0.0,0.0
/epuck2/cmd_vel,30.966821632,0.0,0.0
/epuck2/cmd_vel,30.972083194,0.0,0.0
/epuck2/cmd_vel,30.984956475,0.0,0.0
/epuck2/cmd_vel,30.993140118,0.0,0.0
/epuck2/cmd_vel,31.004579199,0.0,0.0
/epuck2/cmd_vel,31.012441858,0.0,0.0
/epuck2/cmd_vel,31.020773172,0.0,0.0
/epuck2/cmd_vel,31.032627426,0.0,0.0
/epuck2/cmd_vel,31.044917508,0.0,0.0
/epuck2/cmd_vel,31.052805611,0.0,0.0
/epuck2/cmd_vel,31.062424751,0.0,0.0
/epuck2/cmd_vel,31.072339932,0.0,0.0
/epuck2/cmd_vel,31.081064568,0.0,0.0
/epuck2/cmd_vel,31.087327895,0.0,0.0
/epuck2/cmd_vel,31.097640988,0.0,0.0
/epuck2/cmd_vel,31.103477068,0.0,0.0
/epuck2/cmd_vel,31.1143551,0.0,0.0
/epuck2/cmd_vel,31.12049161,0.0,0.0
/epuck2/cmd_vel,31.128621274,0.0,0.0
/epuck2/cmd_vel,31.138296989,0.0,0.0
/epuck2/cmd_vel,31.147585766,0.0,0.0
/epuck2/cmd_vel,31.156156646,0.0,0.0
/epuck2/cmd_vel,31.167723042,0.0,0.0
