topic,time_s,linear_mps,angular_rps
/epuck1/cmd_vel,4.134554937,0.0,0.0
/epuck1/cmd_vel,4.188990821,0.0,0.0
/epuck1/cmd_vel,4.229654289,0.0,0.0
/epuck1/cmd_vel,4.285863245,0.0,0.0
/epuck1/cmd_vel,4.322600227,0.0,0.0
/epuck1/cmd_vel,4.381480258,0.0,0.0
/epuck1/cmd_vel,4.439834251,0.0,0.0
/epuck1/cmd_vel,4.499881882,0.0,0.0
/epuck1/cmd_vel,4.535129614,0.0,0.0
/epuck1/cmd_vel,4.590601925,0.0,0.0
/epuck1/cmd_vel,4.630379511,0.0,0.0
/epuck1/cmd_vel,4.702948525,0.0,0.0
/epuck1/cmd_vel,4.742402394,0.0,0.0
/epuck1/cmd_vel,4.799595177,0.0,0.0
/epuck1/cmd_vel,4.835674994,0.0,0.0
/epuck1/cmd_vel,4.895502967,0.0,0.0
/epuck1/cmd_vel,4.949408535,0.0,0.0
/epuck1/cmd_vel,5.018469248,0.0,0.0
/epuck1/cmd_vel,5.055391133,0.0,0.0
/epuck1/cmd_vel,5.111684292,0.0,0.0
/epuck1/cmd_vel,5.150471015,0.0,0.0
/epuck1/cmd_vel,5.212417223,0.0,0.0
/epuck1/cmd_vel,5.274533561,0.0,0.0
/epuck1/cmd_vel,5.333922449,0.0,0.0
/epuck1/cmd_vel,5.369526683,0.0,0.0
/epuck1/cmd_vel,5.426294128,0.0,0.0
/epuck1/cmd_vel,5.462761273,0.0,0.0
/epuck1/cmd_vel,5.540400238,0.0,0.0
/epuck1/cmd_vel,5.57935709,0.0,0.0
/epuck1/cmd_vel,5.63330145,0.0,0.0
/epuck1/cmd_vel,5.670688947,0.0,0.0
/epuck1/cmd_vel,5.730028671,0.0,0.0
/epuck1/cmd_vel,5.79054729,0.0,0.0
/epuck1/cmd_vel,5.848351495,0.0,0.0
/epuck1/cmd_vel,5.885451395,0.0,0.0
/epuck1/cmd_vel,5.94118521,0.0,0.0
/epuck1/cmd_vel,5.982574873,0.0,0.0
/epuck1/cmd_vel,6.059039319,0.0,0.0
/epuck1/cmd_vel,6.096311635,0.0,0.0
/epuck1/cmd_vel,6.149925598,0.0,0.0
/epuck1/cmd_vel,6.189135977,0.0,0.0
/epuck1/cmd_vel,6.253597602,0.0,0.0
/epuck1/cmd_vel,6.330577601,0.0,0.0
/epuck1/cmd_vel,6.387284086,0.0,0.0
/epuck1/cmd_vel,6.426765105,0.0,0.0
/epuck1/cmd_vel,6.480197577,0.0,0.0
/epuck1/cmd_vel,6.521103797,0.0,0.0
/epuck1/cmd_vel,6.599708837,0.0,0.0
/epuck1/cmd_vel,6.638598316,0.0,0.0
/epuck1/cmd_vel,6.689869153,0.0,0.0
/epuck1/cmd_vel,6.729369917,0.0,0.0
/epuck1/cmd_vel,6.790030008,0.0,0.0
/epuck1/cmd_vel,6.84074176,0.0,0.0
/epuck1/cmd_vel,6.898122169,0.0,0.0
/epuck1/cmd_vel,6.934948727,0.0,0.0
/epuck1/cmd_vel,6.991959087,0.0,0.0
/epuck1/cmd_vel,7.034105941,0.0,0.0
/epuck1/cmd_vel,7.106303687,0.0,0.0
/epuck1/cmd_vel,7.1449426,0.0,0.0
/epuck1/cmd_vel,7.198824242,0.0,0.0
/epuck1/cmd_vel,7.236043983,0.0,0.0
/epuck1/cmd_vel,7.313094055,0.0,0.0
/epuck1/cmd_vel,7.351946062,0.0,0.0
/epuck1/cmd_vel,7.407993157,0.0,0.0
/epuck1/cmd_vel,7.443197021,0.0,0.0
/epuck1/cmd_vel,7.500490178,0.0,0.0
/epuck1/cmd_vel,7.55873972,0.0,0.0
/epuck1/cmd_vel,7.617034933,0.0,0.0
/epuck1/cmd_vel,7.653938372,0.0,0.0
/epuck1/cmd_vel,7.707243251,0.0,0.0
/epuck1/cmd_vel,7.746532019,0.0,0.0
/epuck1/cmd_vel,7.825280453,0.0,0.0
/epuck1/cmd_vel,7.865804549,0.0,0.0
/epuck1/cmd_vel,7.920919306,0.0,0.0
/epuck1/cmd_vel,7.956992864,0.0,0.0
/epuck1/cmd_vel,8.017274904,0.0,0.0
/epuck1/cmd_vel,8.073051663,0.0,0.0
/epuck1/cmd_vel,8.132143216,0.0,0.0
/epuck1/cmd_vel,8.169702813,0.0,0.0
/epuck1/cmd_vel,8.224913096,0.0,0.0
/epuck1/cmd_vel,8.267003899,0.0,0.0
/epuck1/cmd_vel,8.342449357,0.0,0.0
/epuck1/cmd_vel,8.381358983,0.0,0.0
/epuck1/cmd_vel,8.432984845,0.0,0.0
/epuck1/cmd_vel,8.470595694,0.0,0.0
/epuck1/cmd_vel,8.533805738,0.0,0.0
/epuck1/cmd_vel,8.596784345,0.0,0.0
/epuck1/cmd_vel,8.656518955,0.0,0.0
/epuck1/cmd_vel,8.691872577,0.0,0.0
/epuck1/cmd_vel,8.746058996,0.0,0.0
/epuck1/cmd_vel,8.786296215,0.0,0.0
/epuck1/cmd_vel,8.862432316,0.0,0.0
/epuck1/cmd_vel,8.911513393,0.0,0.0
/epuck1/cmd_vel,8.970450832,0.0,0.0
/epuck1/cmd_vel,9.006590115,0.0,0.0
/epuck1/cmd_vel,9.06356137,0.0,0.0
/epuck1/cmd_vel,9.105701688,0.0,0.0
/epuck1/cmd_vel,9.203820022,0.0,0.0
/epuck1/cmd_vel,9.243776769,0.0,0.0
/epuck1/cmd_vel,9.301198753,0.0,0.0
/epuck1/cmd_vel,9.33767053,0.0,0.0
/epuck1/cmd_vel,9.395707924,0.0030000000000001137,0.0
/epuck1/cmd_vel,9.451088704,0.005000000000000071,0.0
/epuck1/cmd_vel,9.514378442,0.008000000000000007,0.0
/epuck1/cmd_vel,9.552028839,0.010000000000000142,0.0
/epuck1/cmd_vel,9.607772706,0.01300000000000008,0.0
/epuck1/cmd_vel,9.649306499,0.015000000000000038,0.0
/epuck1/cmd_vel,9.725444028,0.01800000000000015,0.0
/epuck1/cmd_vel,9.762194784,0.020000000000000108,0.0
/epuck1/cmd_vel,9.817255153,0.023000000000000045,0.0
/epuck1/cmd_vel,9.857315236,0.025,0.0
/epuck1/cmd_vel,9.916076932,0.025,0.0
/epuck1/cmd_vel,9.974369861,0.025,0.0
/epuck1/cmd_vel,10.033162607,0.025,0.0
/epuck1/cmd_vel,10.071221908,0.025,0.0
/epuck1/cmd_vel,10.128473266,0.025,0.0
/epuck1/cmd_vel,10.168145329,0.025,0.0
/epuck1/cmd_vel,10.247842797,0.025,0.0
/epuck1/cmd_vel,10.28558011,0.025,0.0
/epuck1/cmd_vel,10.341816106,0.025,0.0
/epuck1/cmd_vel,10.38040819,0.025,0.0
/epuck1/cmd_vel,10.457745588,0.025,0.0
/epuck1/cmd_vel,10.49737753,0.025,0.0
/epuck1/cmd_vel,10.554160724,0.025,0.0
/epuck1/cmd_vel,10.590830759,0.025,0.0
/epuck1/cmd_vel,10.650535334,0.025,0.0
/epuck1/cmd_vel,10.706415672,0.025,0.0
/epuck1/cmd_vel,10.76769702,0.025,0.0
/epuck1/cmd_vel,10.805547834,0.025,0.0
/epuck1/cmd_vel,10.858613695,0.025,0.0
/epuck1/cmd_vel,10.899467993,0.025,0.0
/epuck1/cmd_vel,10.978925694,0.025,0.0
/epuck1/cmd_vel,11.019400968,0.025,0.0
/epuck1/cmd_vel,11.072898706,0.025,0.0
/epuck1/cmd_vel,11.110902211,0.025,0.0
/epuck1/cmd_vel,11.173421959,0.025,0.0
/epuck1/cmd_vel,11.225116181,0.025,0.0
/epuck1/cmd_vel,11.298749778,0.025,0.0
/epuck1/cmd_vel,11.337141066,0.025,0.0
/epuck1/cmd_vel,11.391672391,0.025,0.0
/epuck1/cmd_vel,11.430818106,0.025,0.0
/epuck1/cmd_vel,11.506078743,0.025,0.0
/epuck1/cmd_vel,11.54954877,0.025,0.0
/epuck1/cmd_vel,11.604211268,0.025,0.0
/epuck1/cmd_vel,11.641716453,0.025,0.0
/epuck1/cmd_vel,11.699691723,0.025,0.0
/epuck1/cmd_vel,11.742344001,0.025,0.0
/epuck1/cmd_vel,11.825664062,0.025,0.0
/epuck1/cmd_vel,11.865667444,0.025,0.0
/epuck1/cmd_vel,11.91810799,0.025,0.0
/epuck1/cmd_vel,11.953425704,0.025,0.0
/epuck1/cmd_vel,12.014913919,0.025,0.0
/epuck1/cmd_vel,12.084271374,0.0,-0.11999999999999744
/epuck1/cmd_vel,12.155385011,0.0,-0.2999999999999936
/epuck1/cmd_vel,12.195370897,0.0,-0.4200000000000017
/epuck1/cmd_vel,12.249677325,0.0,-0.45
/epuck1/cmd_vel,12.287554706,0.0,-0.45
/epuck1/cmd_vel,12.367228954,0.0,-0.45
/epuck1/cmd_vel,12.410889693,0.0,-0.45
/epuck1/cmd_vel,12.465042281,0.0,-0.45
/epuck1/cmd_vel,12.502473846,0.0,-0.45
/epuck1/cmd_vel,12.558520832,0.0,-0.45
/epuck1/cmd_vel,12.615105258,0.0,-0.45
/epuck1/cmd_vel,12.67729366,0.0,-0.45
/epuck1/cmd_vel,12.712985829,0.0,-0.45
/epuck1/cmd_vel,12.767018387,0.0,-0.45
/epuck1/cmd_vel,12.808841018,0.0,-0.45
/epuck1/cmd_vel,12.886983094,0.0,-0.45
/epuck1/cmd_vel,12.928115837,0.0,-0.45
/epuck1/cmd_vel,12.983634909,0.0,-0.45
/epuck1/cmd_vel,13.019611181,0.0,-0.45
/epuck1/cmd_vel,13.081760031,0.0,-0.45
/epuck1/cmd_vel,13.135988806,0.0,-0.45
/epuck1/cmd_vel,13.194052717,0.0,-0.45
/epuck1/cmd_vel,13.232438027,0.0,-0.45
/epuck1/cmd_vel,13.287141699,0.0,-0.45
/epuck1/cmd_vel,13.328707755,0.0,-0.45
/epuck1/cmd_vel,13.40733869,0.0,-0.45
/epuck1/cmd_vel,13.445124252,0.0,-0.45
/epuck1/cmd_vel,13.498950851,0.0,-0.45
/epuck1/cmd_vel,13.536143394,0.0,-0.45
/epuck1/cmd_vel,13.616539825,0.0,-0.45
/epuck1/cmd_vel,13.657026917,0.0,-0.45
/epuck1/cmd_vel,13.715067023,0.0,-0.45
/epuck1/cmd_vel,13.750647848,0.0,-0.45
/epuck1/cmd_vel,13.809639019,0.0,-0.45
/epuck1/cmd_vel,13.867355473,0.0,-0.45
/epuck1/cmd_vel,13.928935305,0.0,-0.45
/epuck1/cmd_vel,13.965785062,0.0,-0.45
/epuck1/cmd_vel,14.017476396,0.0,-0.45
/epuck1/cmd_vel,14.056572791,0.0,-0.45
/epuck1/cmd_vel,14.135135671,0.0,-0.45
/epuck1/cmd_vel,14.18434304,0.0,-0.45
/epuck1/cmd_vel,14.243792239,0.0,-0.45
/epuck1/cmd_vel,14.2807864,0.0,-0.45
/epuck1/cmd_vel,14.336150547,0.0,-0.45
/epuck1/cmd_vel,14.378310429,0.0,-0.45
/epuck1/cmd_vel,14.456742654,0.0,-0.20999999999999092
/epuck1/cmd_vel,14.492697389,0.0019999999999999575,-0.04999999999999433
/epuck1/cmd_vel,14.54857272,0.004999999999999893,0.0
/epuck1/cmd_vel,14.585715298,0.006999999999999851,0.0
/epuck1/cmd_vel,14.664317114,0.009999999999999964,0.0
/epuck1/cmd_vel,14.704676917,0.01,0.0
/epuck1/cmd_vel,14.760884105,0.01,0.0
/epuck1/cmd_vel,14.795546121,0.01,0.0
/epuck1/cmd_vel,14.855273141,0.01,0.0
/epuck1/cmd_vel,14.898031756,0.01,0.0
/epuck1/cmd_vel,14.980089329,0.01,0.0
/epuck1/cmd_vel,15.01866455,0.01,0.0
/epuck1/cmd_vel,15.071516474,0.01,0.0
/epuck1/cmd_vel,15.109421902,0.01,0.0
/epuck1/cmd_vel,15.170440178,0.01,0.0
/epuck1/cmd_vel,15.226551623,0.01,0.0
/epuck1/cmd_vel,15.289568747,0.01,0.0
/epuck1/cmd_vel,15.326114537,0.01,0.0
/epuck1/cmd_vel,15.378488582,0.01,0.0
/epuck1/cmd_vel,15.418240151,0.01,0.0
/epuck1/cmd_vel,15.489650433,0.01,0.0
/epuck1/cmd_vel,15.541006053,0.01,0.0
/epuck1/cmd_vel,15.598258351,0.01,0.0
/epuck1/cmd_vel,15.634705477,0.01,0.0
/epuck1/cmd_vel,15.694002246,0.01,0.0
/epuck1/cmd_vel,15.734870002,0.01,0.0
/epuck1/cmd_vel,15.811068284,0.01,0.0
/epuck1/cmd_vel,15.848589758,0.01,0.0
/epuck1/cmd_vel,15.903007809,0.01,0.0
/epuck1/cmd_vel,15.94196871,0.01,0.0
/epuck1/cmd_vel,16.021192167,0.01,0.0
/epuck1/cmd_vel,16.05979787,0.01,0.0
/epuck1/cmd_vel,16.116294702,0.01,0.0
/epuck1/cmd_vel,16.149897181,0.01,0.0
/epuck1/cmd_vel,16.209215554,0.01,0.0
/epuck1/cmd_vel,16.27158612,0.01,0.0
/epuck1/cmd_vel,16.332376784,0.01,0.0
/epuck1/cmd_vel,16.369302288,0.01,0.0
/epuck1/cmd_vel,16.423242801,0.01,0.0
/epuck1/cmd_vel,16.461309946,0.01,0.0
/epuck1/cmd_vel,16.540482403,0.01,0.0
/epuck1/cmd_vel,16.590858618,0.01,0.0
/epuck1/cmd_vel,16.647413865,0.01,0.0
/epuck1/cmd_vel,16.68500177,0.01,0.0
/epuck1/cmd_vel,16.739574624,0.01,0.0
/epuck1/cmd_vel,16.78052453,0.01,0.0
/epuck1/cmd_vel,16.881706322,0.01,0.0
/epuck1/cmd_vel,16.921698788,0.01,0.0
/epuck1/cmd_vel,16.981074316,0.01,0.0
/epuck1/cmd_vel,17.016477635,0.01,0.0
/epuck1/cmd_vel,17.074969179,0.01,0.0
/epuck1/cmd_vel,17.130403127,0.01,0.0
/epuck1/cmd_vel,17.190523853,0.01,0.0
/epuck1/cmd_vel,17.227740902,0.01,0.0
/epuck1/cmd_vel,17.280297997,0.01,0.0
/epuck1/cmd_vel,17.32252075,0.01,0.0
/epuck1/cmd_vel,17.398006857,0.01,0.0
/epuck1/cmd_vel,17.439368456,0.01,0.0
/epuck1/cmd_vel,17.490581151,0.01,0.0
/epuck1/cmd_vel,17.5289929,0.01,0.0
/epuck1/cmd_vel,17.587423362,0.01,0.0
/epuck1/cmd_vel,17.648966693,0.01,0.0
/epuck1/cmd_vel,17.709280578,0.01,0.0
/epuck1/cmd_vel,17.745005027,0.01,0.0
/epuck1/cmd_vel,17.801604363,0.01,0.0
/epuck1/cmd_vel,17.84118844,0.01,0.0
/epuck1/cmd_vel,17.915359733,0.01,0.0
/epuck1/cmd_vel,17.953959029,0.01,0.0
/epuck1/cmd_vel,18.010296485,0.01,0.0
/epuck1/cmd_vel,18.046308931,0.01,0.0
/epuck1/cmd_vel,18.125719677,0.01,0.0
/epuck1/cmd_vel,18.166837169,0.01,0.0
/epuck1/cmd_vel,18.223517598,0.01,0.0
/epuck1/cmd_vel,18.259940168,0.01,0.0
/epuck1/cmd_vel,18.319022901,0.01,0.0
/epuck1/cmd_vel,18.373295221,0.01,0.0
/epuck1/cmd_vel,18.43493468,0.01,0.0
/epuck1/cmd_vel,18.471792896,0.01,0.0
/epuck1/cmd_vel,18.527184703,0.01,0.0
/epuck1/cmd_vel,18.567138373,0.01,0.0
/epuck1/cmd_vel,18.636538683,0.01,0.0
/epuck1/cmd_vel,18.691232737,0.01,0.0
/epuck1/cmd_vel,18.749560672,0.01,0.0
/epuck1/cmd_vel,18.785312711,0.01,0.0
/epuck1/cmd_vel,18.84457438,0.01,0.0
/epuck1/cmd_vel,18.883893217,0.01,0.0
/epuck1/cmd_vel,18.967778637,0.01,0.0
/epuck1/cmd_vel,19.007074868,0.01,0.0
/epuck1/cmd_vel,19.064080254,0.01,0.0
/epuck1/cmd_vel,19.100199487,0.01,0.0
/epuck1/cmd_vel,19.160810805,0.01,0.0
/epuck1/cmd_vel,19.197645663,0.01,0.0
/epuck1/cmd_vel,19.282266215,0.01,0.0
/epuck1/cmd_vel,19.323040708,0.01,0.0
/epuck1/cmd_vel,19.377654245,0.01,0.0
/epuck1/cmd_vel,19.413679448,0.01,0.0
/epuck1/cmd_vel,19.476901585,0.01,0.0
/epuck1/cmd_vel,19.530759485,0.01,0.0
/epuck1/cmd_vel,19.587590917,0.01,0.0
/epuck1/cmd_vel,19.624073264,0.01,0.0
/epuck1/cmd_vel,19.677990981,0.01,0.0
/epuck1/cmd_vel,19.72209582,0.01,0.0
/epuck1/cmd_vel,19.797801577,0.01,0.0
/epuck1/cmd_vel,19.834781271,0.01,0.0
/epuck1/cmd_vel,19.888980545,0.01,0.0
/epuck1/cmd_vel,19.926739857,0.01,0.0
/epuck1/cmd_vel,20.003609637,0.01,0.0
/epuck1/cmd_vel,20.045859373,0.01,0.0
/epuck1/cmd_vel,20.101302817,0.01,0.0
/epuck1/cmd_vel,20.139145019,0.01,0.0
/epuck1/cmd_vel,20.193502877,0.01,0.0
/epuck1/cmd_vel,20.269959901,0.01,0.0
/epuck1/cmd_vel,20.310463122,0.01,0.0
/epuck1/cmd_vel,20.346779486,0.01,0.0
/epuck1/cmd_vel,20.403090737,0.01,0.0
/epuck1/cmd_vel,20.442280398,0.01,0.0
/epuck1/cmd_vel,20.519170248,0.01,0.0
/epuck1/cmd_vel,20.561189987,0.01,0.0
/epuck1/cmd_vel,20.611618612,0.01,0.0
/epuck1/cmd_vel,20.650299492,0.01,0.0
/epuck1/cmd_vel,20.708667667,0.01,0.0
/epuck1/cmd_vel,20.795991187,0.01,0.0
/epuck1/cmd_vel,20.835231081,0.01,0.0
/epuck1/cmd_vel,20.873370125,0.01,0.0
/epuck1/cmd_vel,20.929180039,0.01,0.0
/epuck1/cmd_vel,20.964986049,0.01,0.0
/epuck1/cmd_vel,21.029428851,0.01,0.0
/epuck1/cmd_vel,21.090542415,0.01,0.0
/epuck1/cmd_vel,21.149846185,0.01,0.0
/epuck1/cmd_vel,21.185676182,0.01,0.0
/epuck1/cmd_vel,21.240801039,0.01,0.0
/epuck1/cmd_vel,21.300937393,0.01,0.0
/epuck1/cmd_vel,21.35379988,0.01,0.0
/epuck1/cmd_vel,21.40697791,0.01,0.0
/epuck1/cmd_vel,21.466969036,0.01,0.0
/epuck1/cmd_vel,21.503960353,0.01,0.0
/epuck1/cmd_vel,21.560098104,0.01,0.0
/epuck1/cmd_vel,21.59843415,0.01,0.0
/epuck1/cmd_vel,21.696418492,0.01,0.0
/epuck1/cmd_vel,21.736575728,0.01,0.0
/epuck1/cmd_vel,21.794731755,0.01,0.0
/epuck1/cmd_vel,21.846538009,0.01,0.0
/epuck1/cmd_vel,21.885348636,0.01,0.0
/epuck1/cmd_vel,21.943717801,0.01,0.0
/epuck1/cmd_vel,22.00276371,0.01,0.0
/epuck1/cmd_vel,22.040070372,0.01,0.0
/epuck1/cmd_vel,22.094338305,0.01,0.0
/epuck1/cmd_vel,22.134061782,0.01,0.0
/epuck1/cmd_vel,22.212581498,0.01,0.0
/epuck1/cmd_vel,22.255565098,0.01,0.0
/epuck1/cmd_vel,22.306241381,0.01,0.0
/epuck1/cmd_vel,22.344057025,0.01,0.0
/epuck1/cmd_vel,22.404562735,0.01,0.0
/epuck1/cmd_vel,22.462396239,0.01,0.0
/epuck1/cmd_vel,22.518283842,0.01,0.0
/epuck1/cmd_vel,22.553680972,0.01,0.0
/epuck1/cmd_vel,22.60986673,0.01,0.0
/epuck1/cmd_vel,22.651557092,0.01,0.0
/epuck1/cmd_vel,22.72833324,0.01,0.0
/epuck1/cmd_vel,22.76583744,0.01,0.0
/epuck1/cmd_vel,22.820878472,0.01,0.0
/epuck1/cmd_vel,22.858959476,0.01,0.0
/epuck1/cmd_vel,22.93678375,0.01,0.0
/epuck1/cmd_vel,22.978447203,0.01,0.0
/epuck1/cmd_vel,23.036804945,0.01,0.0
/epuck1/cmd_vel,23.071878566,0.01,0.0
/epuck1/cmd_vel,23.130501715,0.01,0.0
/epuck1/cmd_vel,23.183611545,0.01,0.0
/epuck1/cmd_vel,23.243169963,0.01,0.0
/epuck1/cmd_vel,23.28103061,0.01,0.0
/epuck1/cmd_vel,23.33315163,0.01,0.0
/epuck1/cmd_vel,23.372724389,0.01,0.0
/epuck1/cmd_vel,23.450122334,0.01,0.0
/epuck1/cmd_vel,23.490548851,0.01,0.0
/epuck1/cmd_vel,23.54642453,0.01,0.0
/epuck1/cmd_vel,23.580460895,0.01,0.0
/epuck1/cmd_vel,23.638941501,0.01,0.0
/epuck1/cmd_vel,23.685332541,0.01,0.0
/epuck1/cmd_vel,23.746620152,0.01,0.0
/epuck1/cmd_vel,23.783253053,0.01,0.0
/epuck1/cmd_vel,23.83673769,0.01,0.0
/epuck1/cmd_vel,23.878898801,0.01,0.0
/epuck1/cmd_vel,23.967443327,0.01,0.0
/epuck1/cmd_vel,24.008207124,0.01,0.0
/epuck1/cmd_vel,24.063751177,0.01,0.0
/epuck1/cmd_vel,24.099037365,0.01,0.0
/epuck1/cmd_vel,24.157034309,0.01,0.0
/epuck1/cmd_vel,24.196659941,0.01,0.0
/epuck1/cmd_vel,24.279824826,0.01,0.0
/epuck1/cmd_vel,24.321187514,0.01,0.0
/epuck1/cmd_vel,24.377460185,0.01,0.0
/epuck1/cmd_vel,24.411860867,0.01,0.0
/epuck1/cmd_vel,24.469268606,0.01,0.0
/epuck1/cmd_vel,24.52378984,0.01,0.0
/epuck1/cmd_vel,24.598994165,0.01,0.0
/epuck1/cmd_vel,24.632820124,0.01,0.0
/epuck1/cmd_vel,24.686660776,0.01,0.0
/epuck1/cmd_vel,24.724719722,0.01,0.0
/epuck1/cmd_vel,24.792262864,0.01,0.0
/epuck1/cmd_vel,24.832977841,0.01,0.0
/epuck1/cmd_vel,24.889614,0.01,0.0
/epuck1/cmd_vel,24.924987436,0.01,0.0
/epuck1/cmd_vel,24.982191007,0.01,0.0
/epuck1/cmd_vel,25.022847675,0.01,0.0
/epuck1/cmd_vel,25.10444926,0.01,0.0
/epuck1/cmd_vel,25.145473652,0.01,0.0
/epuck1/cmd_vel,25.200946831,0.01,0.0
/epuck1/cmd_vel,25.236281728,0.01,0.0
/epuck1/cmd_vel,25.296821876,0.01,0.0
/epuck1/cmd_vel,25.354861039,0.01,0.0
/epuck1/cmd_vel,25.412923964,0.01,0.0
/epuck1/cmd_vel,25.448508471,0.01,0.0
/epuck1/cmd_vel,25.504837909,0.01,0.0
/epuck1/cmd_vel,25.54668761,0.01,0.0
/epuck1/cmd_vel,25.622980803,0.01,0.0
/epuck1/cmd_vel,25.660736112,0.01,0.0
/epuck1/cmd_vel,25.714877975,0.01,0.0
/epuck1/cmd_vel,25.751214005,0.01,0.0
/epuck1/cmd_vel,25.829644755,0.01,0.0
/epuck1/cmd_vel,25.872696443,0.01,0.0
/epuck1/cmd_vel,25.926912947,0.01,0.0
/epuck1/cmd_vel,25.961343157,0.01,0.0
/epuck1/cmd_vel,26.020735483,0.01,0.0
/epuck1/cmd_vel,26.079474056,0.01,0.0
/epuck1/cmd_vel,26.139330767,0.01,0.0
/epuck1/cmd_vel,26.176898074,0.01,0.0
/epuck1/cmd_vel,26.230756007,0.01,0.0
/epuck1/cmd_vel,26.270385897,0.01,0.0
/epuck1/cmd_vel,26.346788886,0.01,0.0
/epuck1/cmd_vel,26.388437634,0.01,0.0
/epuck1/cmd_vel,26.441948177,0.01,0.0
/epuck1/cmd_vel,26.477669722,0.01,0.0
/epuck1/cmd_vel,26.537945398,0.01,0.0
/epuck1/cmd_vel,26.597648579,0.01,0.0
/epuck1/cmd_vel,26.65665059,0.01,0.0
/epuck1/cmd_vel,26.693264369,0.01,0.0
/epuck1/cmd_vel,26.748428611,0.01,0.0
/epuck1/cmd_vel,26.790124776,0.01,0.0
/epuck1/cmd_vel,26.863058435,0.01,0.0
/epuck1/cmd_vel,26.901740691,0.01,0.0
/epuck1/cmd_vel,26.955004659,0.01,0.0
/epuck1/cmd_vel,26.995428672,0.01,0.0
/epuck1/cmd_vel,27.069686247,0.01,0.0
/epuck1/cmd_vel,27.110464879,0.01,0.0
/epuck1/cmd_vel,27.16896909,0.01,0.0
/epuck1/cmd_vel,27.203966618,0.01,0.0
/epuck1/cmd_vel,27.26294951,0.01,0.0
/epuck1/cmd_vel,27.304103521,0.01,0.0
/epuck1/cmd_vel,27.385129505,0.01,0.0
/epuck1/cmd_vel,27.425894963,0.01,0.0
/epuck1/cmd_vel,27.479342279,0.01,0.0
/epuck1/cmd_vel,27.517254812,0.01,0.0
/epuck1/cmd_vel,27.577290584,0.01,0.0
/epuck1/cmd_vel,27.627232927,0.01,0.0
/epuck1/cmd_vel,27.713179168,0.01,0.0
/epuck1/cmd_vel,27.751408593,0.01,0.0
/epuck1/cmd_vel,27.803545275,0.01,0.0
/epuck1/cmd_vel,27.842261462,0.01,0.0
/epuck1/cmd_vel,27.906411952,0.01,0.0
/epuck1/cmd_vel,27.959712737,0.01,0.0
/epuck1/cmd_vel,28.01628427,0.01,0.0
/epuck1/cmd_vel,28.056419928,0.01,0.0
/epuck1/cmd_vel,28.109796257,0.01,0.0
/epuck1/cmd_vel,28.148776799,0.01,0.0
/epuck1/cmd_vel,28.226084631,0.01,0.0
/epuck1/cmd_vel,28.263648298,0.01,0.0
/epuck1/cmd_vel,28.316758176,0.01,0.0
/epuck1/cmd_vel,28.354184227,0.01,0.0
/epuck1/cmd_vel,28.430559285,0.01,0.0
/epuck1/cmd_vel,28.473086007,0.01,0.0
/epuck1/cmd_vel,28.526542598,0.01,0.0
/epuck1/cmd_vel,28.564329271,0.01,0.0
/epuck1/cmd_vel,28.620064793,0.01,0.0
/epuck1/cmd_vel,28.674828888,0.01,0.0
/epuck1/cmd_vel,28.735651031,0.01,0.0
/epuck1/cmd_vel,28.772207855,0.01,0.0
/epuck1/cmd_vel,28.828855443,0.01,0.0
/epuck1/cmd_vel,28.868690287,0.01,0.0
/epuck1/cmd_vel,28.944011652,0.01,0.0
/epuck1/cmd_vel,28.983305375,0.01,0.0
/epuck1/cmd_vel,29.038248907,0.01,0.0
/epuck1/cmd_vel,29.074641886,0.01,0.0
/epuck1/cmd_vel,29.133262427,0.01,0.0
/epuck1/cmd_vel,29.200604852,0.01,0.0
/epuck1/cmd_vel,29.257214646,0.01,0.0
/epuck1/cmd_vel,29.295628947,0.01,0.0
/epuck1/cmd_vel,29.351293076,0.01,0.0
/epuck1/cmd_vel,29.393922115,0.01,0.0
/epuck1/cmd_vel,29.473220879,0.01,0.0
/epuck1/cmd_vel,29.511373499,0.01,0.0
/epuck1/cmd_vel,29.564944575,0.01,0.0
/epuck1/cmd_vel,29.603283056,0.01,0.0
/epuck1/cmd_vel,29.680282954,0.01,0.0
/epuck1/cmd_vel,29.722230105,0.01,0.0
/epuck1/cmd_vel,29.780509552,0.01,0.0
/epuck1/cmd_vel,29.814509304,0.01,0.0
/epuck1/cmd_vel,29.875087699,0.01,0.0
/epuck1/cmd_vel,29.925137248,0.01,0.0
/epuck1/cmd_vel,29.984649881,0.01,0.0
/epuck1/cmd_vel,30.02180015,0.01,0.0
/epuck1/cmd_vel,30.075906561,0.01,0.0
/epuck1/cmd_vel,30.114880717,0.01,0.0
/epuck1/cmd_vel,30.192583836,0.01,0.0
/epuck1/cmd_vel,30.233427466,0.01,0.0
/epuck1/cmd_vel,30.288193844,0.01,0.0
/epuck1/cmd_vel,30.327090591,0.01,0.0
/epuck1/cmd_vel,30.38573597,0.01,0.0
/epuck1/cmd_vel,30.443279076,0.01,0.0
/epuck1/cmd_vel,30.503125283,0.01,0.0
/epuck1/cmd_vel,30.538920805,0.01,0.0
/epuck1/cmd_vel,30.593269117,0.01,0.0
/epuck1/cmd_vel,30.635269684,0.01,0.0
/epuck1/cmd_vel,30.712621872,0.01,0.0
/epuck1/cmd_vel,30.751462159,0.01,0.0
/epuck1/cmd_vel,30.804448285,0.01,0.0
/epuck1/cmd_vel,30.842449161,0.01,0.0
/epuck1/cmd_vel,30.905796257,0.01,0.0
/epuck1/cmd_vel,30.967926981,0.01,0.0
/epuck1/cmd_vel,31.028177441,0.01,0.0
/epuck1/cmd_vel,31.064528161,0.01,0.0
/epuck1/cmd_vel,31.120331157,0.01,0.0
/epuck1/cmd_vel,31.159476191,0.01,0.0
/epuck1/cmd_vel,31.231618869,0.01,0.0
/epuck1/cmd_vel,31.284582666,0.01,0.0
/epuck1/cmd_vel,31.342363876,0.01,0.0
/epuck1/cmd_vel,31.376036782,0.01,0.0
/epuck1/cmd_vel,31.433050764,0.01,0.0
/epuck1/cmd_vel,31.47261901,0.01,0.0
/epuck1/cmd_vel,31.557680765,0.01,0.0
/epuck1/cmd_vel,31.599163388,0.01,0.0
/epuck1/cmd_vel,31.657047931,0.01,0.0
/epuck1/cmd_vel,31.693186696,0.01,0.0
/epuck1/cmd_vel,31.749223691,0.01,0.0
/epuck1/cmd_vel,31.7916062,0.01,0.0
/epuck1/cmd_vel,31.87425968,0.01,0.0
/epuck1/cmd_vel,31.915576221,0.01,0.0
/epuck1/cmd_vel,31.970232823,0.01,0.0
/epuck1/cmd_vel,32.007589782,0.01,0.0
/epuck1/cmd_vel,32.065601173,0.01,0.0
/epuck1/cmd_vel,32.11865982,0.01,0.0
/epuck1/cmd_vel,32.186029649,0.01,0.0
/epuck1/cmd_vel,32.225412227,0.01,0.0
/epuck1/cmd_vel,32.277193867,0.01,0.0
/epuck1/cmd_vel,32.317440949,0.01,0.0
/epuck1/cmd_vel,32.397579158,0.01,0.0
/epuck1/cmd_vel,32.436238857,0.01,0.0
/epuck1/cmd_vel,32.49151641,0.01,0.0
/epuck1/cmd_vel,32.527151045,0.01,0.0
/epuck1/cmd_vel,32.585833253,0.01,0.0
/epuck1/cmd_vel,32.644291256,0.01,0.0
/epuck1/cmd_vel,32.703788599,0.01,0.0
/epuck1/cmd_vel,32.741827647,0.01,0.0
/epuck1/cmd_vel,32.798205022,0.01,0.0
/epuck1/cmd_vel,32.836388547,0.01,0.0
/epuck1/cmd_vel,32.914645039,0.01,0.0
/epuck1/cmd_vel,32.953641145,0.01,0.0
/epuck1/cmd_vel,33.006634826,0.01,0.0
/epuck1/cmd_vel,33.045882545,0.01,0.0
/epuck1/cmd_vel,33.103751313,0.01,0.0
/epuck1/cmd_vel,33.158001363,0.01,0.0
/epuck1/cmd_vel,33.217981564,0.01,0.0
/epuck1/cmd_vel,33.253189316,0.01,0.0
/epuck1/cmd_vel,33.310880369,0.01,0.0
/epuck1/cmd_vel,33.350943362,0.01,0.0
/epuck1/cmd_vel,33.427302734,0.01,0.0
/epuck1/cmd_vel,33.466811441,0.01,0.0
/epuck1/cmd_vel,33.518979177,0.01,0.0
/epuck1/cmd_vel,33.55661101,0.01,0.0
/epuck1/cmd_vel,33.636273561,0.01,0.0
/epuck1/cmd_vel,33.676902508,0.01,0.0
/epuck1/cmd_vel,33.734876289,0.01,0.0
/epuck1/cmd_vel,33.769954595,0.01,0.0
/epuck1/cmd_vel,33.828503062,0.01,0.0
/epuck1/cmd_vel,33.887846144,0.01,0.0
/epuck1/cmd_vel,33.94731966,0.01,0.0
/epuck1/cmd_vel,33.984666242,0.01,0.0
/epuck1/cmd_vel,34.038288518,0.01,0.0
/epuck1/cmd_vel,34.079960606,0.01,0.0
/epuck1/cmd_vel,34.157534715,0.01,0.0
/epuck1/cmd_vel,34.19542747,0.01,0.0
/epuck1/cmd_vel,34.252043476,0.01,0.0
/epuck1/cmd_vel,34.28532971,0.01,0.0
/epuck1/cmd_vel,34.347793765,0.01,0.0
/epuck1/cmd_vel,34.4048646,0.01,0.0
/epuck1/cmd_vel,34.464361152,0.01,0.0
/epuck1/cmd_vel,34.499442068,0.01,0.0
/epuck1/cmd_vel,34.55545506,0.01,0.0
/epuck1/cmd_vel,34.597682994,0.01,0.0
/epuck1/cmd_vel,34.67349822,0.01,0.0
/epuck1/cmd_vel,34.710398151,0.01,0.0
/epuck1/cmd_vel,34.765031999,0.01,0.0
/epuck1/cmd_vel,34.80461479,0.01,0.0
/epuck1/cmd_vel,34.878973057,0.01,0.0
/epuck1/cmd_vel,34.920454716,0.01,0.0
/epuck1/cmd_vel,34.974297212,0.01,0.0
/epuck1/cmd_vel,35.01134512,0.01,0.0
/epuck1/cmd_vel,35.067925006,0.01,0.0
/epuck1/cmd_vel,35.111365876,0.01,0.0
/epuck1/cmd_vel,35.191684539,0.01,0.0
/epuck1/cmd_vel,35.234666119,0.01,0.0
/epuck1/cmd_vel,35.293850874,0.01,0.0
/epuck1/cmd_vel,35.33011083,0.01,0.0
/epuck1/cmd_vel,35.391453129,0.01,0.0
/epuck1/cmd_vel,35.44210074,0.01,0.0
/epuck1/cmd_vel,35.499789163,0.01,0.0
/epuck1/cmd_vel,35.536572925,0.01,0.0
/epuck1/cmd_vel,35.594202516,0.01,0.0
/epuck1/cmd_vel,35.634093513,0.01,0.0
/epuck1/cmd_vel,35.717508643,0.01,0.0
/epuck1/cmd_vel,35.760038013,0.01,0.0
/epuck1/cmd_vel,35.815648757,0.012,0.1799999999999855
/epuck1/cmd_vel,35.850671199,0.012,0.18
/epuck1/cmd_vel,35.909275191,0.012,0.18
/epuck1/cmd_vel,35.950131898,0.012,0.18
/epuck1/cmd_vel,36.033335786,0.012,0.18
/epuck1/cmd_vel,36.072967049,0.012,0.18
/epuck1/cmd_vel,36.126749537,0.012,0.18
/epuck1/cmd_vel,36.167506334,0.012,0.18
/epuck1/cmd_vel,36.223790859,0.012,0.18
/epuck1/cmd_vel,36.278956631,0.012,0.18
/epuck1/cmd_vel,36.335501002,0.012,0.18
/epuck1/cmd_vel,36.372371579,0.012,0.18
/epuck1/cmd_vel,36.427415406,0.012,0.18
/epuck1/cmd_vel,36.469038688,0.012,0.18
/epuck1/cmd_vel,36.541076083,0.012,0.18
/epuck1/cmd_vel,36.577769559,0.012,0.18
/epuck1/cmd_vel,36.631625818,0.012,0.18
/epuck1/cmd_vel,36.669623553,0.012,0.18
/epuck1/cmd_vel,36.742213889,0.012,0.18
/epuck1/cmd_vel,36.783026852,0.012,0.18
/epuck1/cmd_vel,36.836207508,0.012,0.18
/epuck1/cmd_vel,36.872740551,0.012,0.18
/epuck1/cmd_vel,36.930545766,0.012,0.18
/epuck1/cmd_vel,36.987115578,0.012,0.18
/epuck1/cmd_vel,37.048574356,0.012,0.18
/epuck1/cmd_vel,37.085184176,0.012,0.18
/epuck1/cmd_vel,37.138100723,0.012,0.18
/epuck1/cmd_vel,37.178314351,0.012,0.18
/epuck1/cmd_vel,37.257465723,0.012,0.18
/epuck1/cmd_vel,37.297199448,0.012,0.18
/epuck1/cmd_vel,37.352550807,0.012,0.18
/epuck1/cmd_vel,37.3876585,0.012,0.18
/epuck1/cmd_vel,37.448540557,0.012,0.18
/epuck1/cmd_vel,37.504184265,0.012,0.18
/epuck1/cmd_vel,37.565543932,0.012,0.18
/epuck1/cmd_vel,37.598366976,0.012,0.18
/epuck1/cmd_vel,37.655649911,0.012,0.18
/epuck1/cmd_vel,37.696200858,0.012,0.18
/epuck1/cmd_vel,37.771599753,0.012,0.18
/epuck1/cmd_vel,37.809808592,0.012,0.18
/epuck1/cmd_vel,37.863403619,0.012,0.18
/epuck1/cmd_vel,37.900141465,0.012,0.18
/epuck1/cmd_vel,37.976851917,0.012,0.18
/epuck1/cmd_vel,38.017593753,0.012,0.18
/epuck1/cmd_vel,38.075229463,0.012,0.18
/epuck1/cmd_vel,38.112124545,0.012,0.18
/epuck1/cmd_vel,38.171210977,0.012,0.18
/epuck1/cmd_vel,38.210273666,0.012,0.18
/epuck1/cmd_vel,38.294302133,0.012,0.18
/epuck1/cmd_vel,38.331605711,0.012,0.18
/epuck1/cmd_vel,38.387322879,0.012,0.18
/epuck1/cmd_vel,38.424873528,0.012,0.18
/epuck1/cmd_vel,38.483408585,0.012,0.18
/epuck1/cmd_vel,38.53488536,0.012,0.18
/epuck1/cmd_vel,38.607331888,0.012,0.18
/epuck1/cmd_vel,38.643549368,0.012,0.18
/epuck1/cmd_vel,38.697822695,0.012,0.18
/epuck1/cmd_vel,38.736876511,0.012,0.18
/epuck1/cmd_vel,38.813944322,0.012,0.18
/epuck1/cmd_vel,38.854663167,0.012,0.18
/epuck1/cmd_vel,38.911658763,0.012,0.18
/epuck1/cmd_vel,38.945331525,0.012,0.18
/epuck1/cmd_vel,39.003832231,0.012,0.18
/epuck1/cmd_vel,39.063078813,0.012,0.18
/epuck1/cmd_vel,39.126055767,0.012,0.18
/epuck1/cmd_vel,39.160394543,0.012,0.18
/epuck1/cmd_vel,39.214393377,0.012,0.18
/epuck1/cmd_vel,39.255255096,0.012,0.18
/epuck1/cmd_vel,39.328261635,0.012,0.18
/epuck1/cmd_vel,39.394662776,0.012,0.18
/epuck1/cmd_vel,39.453426398,0.012,0.18
/epuck1/cmd_vel,39.488515236,0.012,0.18
/epuck1/cmd_vel,39.545661881,0.012,0.18
/epuck1/cmd_vel,39.587273564,0.012,0.18
/epuck1/cmd_vel,39.664438898,0.012,0.18
/epuck1/cmd_vel,39.701241923,0.012,0.18
/epuck1/cmd_vel,39.754408739,0.012,0.18
/epuck1/cmd_vel,39.792442206,0.012,0.18
/epuck1/cmd_vel,39.8705991,0.012,0.18
/epuck1/cmd_vel,39.910305306,0.012,0.18
/epuck1/cmd_vel,39.965698164,0.012,0.18
/epuck1/cmd_vel,40.002330528,0.012,0.18
/epuck1/cmd_vel,40.061039698,0.012,0.18
/epuck1/cmd_vel,40.121553133,0.012,0.18
/epuck1/cmd_vel,40.180567484,0.012,0.18
/epuck1/cmd_vel,40.219143594,0.012,0.18
/epuck1/cmd_vel,40.274122998,0.012,0.18
/epuck1/cmd_vel,40.313588628,0.012,0.18
/epuck1/cmd_vel,40.391280921,0.012,0.1782311201095581
/epuck1/cmd_vel,40.42896771,0.012,0.1782311201095581
/epuck1/cmd_vel,40.482223804,0.012,0.1623491406440735
/epuck1/cmd_vel,40.517998153,0.012,0.1623491406440735
/epuck1/cmd_vel,40.580380958,0.012,0.14999648332595825
/epuck1/cmd_vel,40.63493923,0.012,0.14999648332595825
/epuck1/cmd_vel,40.691813327,0.012,0.14999648332595825
/epuck1/cmd_vel,40.726864653,0.012,0.13411450386047363
/epuck1/cmd_vel,40.786276108,0.012,0.12352651357650757
/epuck1/cmd_vel,40.824928849,0.012,0.12352651357650757
/epuck1/cmd_vel,40.913759329,0.012,0.12352651357650757
/epuck1/cmd_vel,40.951230121,0.012,0.11117386817932132
/epuck1/cmd_vel,41.007249896,0.012,0.11117386817932132
/epuck1/cmd_vel,41.043269863,0.012,0.10058587789535522
/epuck1/cmd_vel,41.102196336,0.012,0.10058587789535522
/epuck1/cmd_vel,41.146646254,0.012,0.09352722167968752
/epuck1/cmd_vel,41.231527775,0.012,0.09352722167968752
/epuck1/cmd_vel,41.271258144,0.012,0.09352722167968752
/epuck1/cmd_vel,41.324991993,0.012,0.08293923139572144
/epuck1/cmd_vel,41.361911772,0.012,0.08293923139572144
/epuck1/cmd_vel,41.424393278,0.012,0.07588057518005371
/epuck1/cmd_vel,41.477454867,0.012,0.07588057518005371
/epuck1/cmd_vel,41.550805601,0.012,0.068821918964386
/epuck1/cmd_vel,41.588916247,0.012,0.068821918964386
/epuck1/cmd_vel,41.642468679,0.012,0.061763256788253784
/epuck1/cmd_vel,41.682922997,0.013999999999999957,0.07720407098531723
/epuck1/cmd_vel,41.745749265,0.01700000000000007,0.07058658450841904
/epuck1/cmd_vel,41.809155723,0.019000000000000027,0.07058658450841904
/epuck1/cmd_vel,41.867398659,0.02200000000000014,0.06396909058094025
/epuck1/cmd_vel,41.906263233,0.024000000000000098,0.06396909058094025
/epuck1/cmd_vel,41.958632506,0.025,0.05514576658606529
/epuck1/cmd_vel,42.000015963,0.025,0.05514576658606529
/epuck1/cmd_vel,42.074467339,0.025,0.050734106451272964
/epuck1/cmd_vel,42.12514506,0.025,0.050734106451272964
/epuck1/cmd_vel,42.186027934,0.025,0.044116612523794174
/epuck1/cmd_vel,42.221048668,0.025,0.044116612523794174
/epuck1/cmd_vel,42.279312972,0.025,0.044116612523794174
/epuck1/cmd_vel,42.32112602,0.025,0.039704952389001846
/epuck1/cmd_vel,42.403890213,0.025,0.039704952389001846
/epuck1/cmd_vel,42.444695305,0.025,0.03529329225420952
/epuck1/cmd_vel,42.501785341,0.025,0.03529329225420952
/epuck1/cmd_vel,42.538702544,0.025,0.02867579832673073
/epuck1/cmd_vel,42.599090915,0.025,0.02867579832673073
/epuck1/cmd_vel,42.640005672,0.025,0.026469968259334564
/epuck1/cmd_vel,42.724697379,0.025,0.026469968259334564
/epuck1/cmd_vel,42.762618104,0.025,0.0242641381919384
/epuck1/cmd_vel,42.820354834,0.025,0.0242641381919384
/epuck1/cmd_vel,42.856187799,0.025,0.0242641381919384
/epuck1/cmd_vel,42.917995069,0.025,0.01985247619450092
/epuck1/cmd_vel,42.969880366,0.025,0.01985247619450092
/epuck1/cmd_vel,43.041428428,0.025,0.017646646127104763
/epuck1/cmd_vel,43.077980379,0.025,0.017646646127104763
/epuck1/cmd_vel,43.132931862,0.025,0.01544081512838602
/epuck1/cmd_vel,43.172083458,0.025,0.01544081512838602
/epuck1/cmd_vel,43.246868519,0.025,0.013234984129667282
/epuck1/cmd_vel,43.28778049,0.025,0.013234984129667282
/epuck1/cmd_vel,43.346172801,0.025,0.013234984129667282
/epuck1/cmd_vel,43.38221664,0.025,0.013234984129667282
/epuck1/cmd_vel,43.442463741,0.025,0.011029153130948544
/epuck1/cmd_vel,43.496977571,0.025,0.011029153130948544
/epuck1/cmd_vel,43.558642311,0.025,0.00882332306355238
/epuck1/cmd_vel,43.594139991,0.025,0.00882332306355238
/epuck1/cmd_vel,43.650948478,0.025,0.00882332306355238
/epuck1/cmd_vel,43.690018643,0.025,0.00882332306355238
/epuck1/cmd_vel,43.767117084,0.025,0.006617492064833641
/epuck1/cmd_vel,43.806115577,0.025,0.006617492064833641
/epuck1/cmd_vel,43.861447783,0.025,0.006617492064833641
/epuck1/cmd_vel,43.896341126,0.025,0.006617492064833641
/epuck1/cmd_vel,43.956936287,0.025,0.006617492064833641
/epuck1/cmd_vel,44.014044126,0.025,0.006617492064833641
/epuck1/cmd_vel,44.08535199,0.025,0.006617492064833641
/epuck1/cmd_vel,44.124352549,0.025,0.006617492064833641
/epuck1/cmd_vel,44.176123539,0.025,0.006617492064833641
/epuck1/cmd_vel,44.214569351,0.025,0.00441166153177619
/epuck1/cmd_vel,44.277851485,0.025,0.00441166153177619
/epuck1/cmd_vel,44.340848204,0.025,0.00441166153177619
/epuck1/cmd_vel,44.402919205,0.025,0.00441166153177619
/epuck1/cmd_vel,44.43802588,0.025,0.00441166153177619
/epuck1/cmd_vel,44.495432003,0.025,0.00441166153177619
/epuck1/cmd_vel,44.533550777,0.025,0.00441166153177619
/epuck1/cmd_vel,44.605139827,0.025,0.00441166153177619
/epuck1/cmd_vel,44.657547523,0.025,0.00441166153177619
/epuck1/cmd_vel,44.713774031,0.025,0.002205830765888095
/epuck1/cmd_vel,44.748820877,0.025,0.002205830765888095
/epuck1/cmd_vel,44.807757636,0.025,0.002205830765888095
/epuck1/cmd_vel,44.848324614,0.025,0.002205830765888095
/epuck1/cmd_vel,44.920961822,0.025,0.002205830765888095
/epuck1/cmd_vel,44.963566087,0.025,0.002205830765888095
/epuck1/cmd_vel,45.016775597,0.025,0.002205830765888095
/epuck1/cmd_vel,45.054478421,0.025,0.002205830765888095
/epuck1/cmd_vel,45.112695329,0.025,0.002205830765888095
/epuck1/cmd_vel,45.170000505,0.025,0.002205830765888095
/epuck1/cmd_vel,45.22724773,0.025,0.002205830765888095
/epuck1/cmd_vel,45.263762932,0.025,0.002205830765888095
/epuck1/cmd_vel,45.31820767,0.025,1.0581813203458523e-15
/epuck1/cmd_vel,45.361207542,0.025,1.0581813203458523e-15
/epuck1/cmd_vel,45.436738531,0.025,1.0581813203458523e-15
/epuck1/cmd_vel,45.475678592,0.025,1.0581813203458523e-15
/epuck1/cmd_vel,45.52903855,0.025,1.0581813203458523e-15
/epuck1/cmd_vel,45.567557595,0.025,1.0581813203458523e-15
/epuck1/cmd_vel,45.641525844,0.025,1.0581813203458523e-15
/epuck1/cmd_vel,45.68256526,0.025,1.0581813203458523e-15
/epuck1/cmd_vel,45.737661206,0.025,1.0581813203458523e-15
/epuck1/cmd_vel,45.771943979,0.025,1.0581813203458523e-15
/epuck1/cmd_vel,45.832912936,0.025,1.0581813203458523e-15
/epuck1/cmd_vel,45.888131894,0.025,0.002205830765888095
/epuck1/cmd_vel,45.950771477,0.025,0.002205830765888095
/epuck1/cmd_vel,45.986546603,0.025,0.002205830765888095
/epuck1/cmd_vel,46.041099105,0.025,0.002205830765888095
/epuck1/cmd_vel,46.081042744,0.025,0.002205830765888095
/epuck1/cmd_vel,46.160495653,0.025,0.002205830765888095
/epuck1/cmd_vel,46.198366675,0.025,0.002205830765888095
/epuck1/cmd_vel,46.252808301,0.025,1.0581813203458523e-15
/epuck1/cmd_vel,46.289612512,0.025,1.0581813203458523e-15
/epuck1/cmd_vel,46.350641943,0.025,1.0581813203458523e-15
/epuck1/cmd_vel,46.408799852,0.025,1.0581813203458523e-15
/epuck1/cmd_vel,46.466465995,0.025,1.0581813203458523e-15
/epuck1/cmd_vel,46.503118291,0.025,1.0581813203458523e-15
/epuck1/cmd_vel,46.559331917,0.025,1.0581813203458523e-15
/epuck1/cmd_vel,46.600962468,0.025,1.0581813203458523e-15
/epuck1/cmd_vel,46.677415821,0.025,1.0581813203458523e-15
/epuck1/cmd_vel,46.714598613,0.025,1.0581813203458523e-15
/epuck1/cmd_vel,46.768288996,0.025,1.0581813203458523e-15
/epuck1/cmd_vel,46.809299226,0.025,1.0581813203458523e-15
/epuck1/cmd_vel,46.887203653,0.025,1.0581813203458523e-15
/epuck1/cmd_vel,46.926400496,0.025,1.0581813203458523e-15
/epuck1/cmd_vel,46.983709236,0.025,1.0581813203458523e-15
/epuck1/cmd_vel,47.017954741,0.025,1.0581813203458523e-15
/epuck1/cmd_vel,47.075631327,0.025,1.0581813203458523e-15
/epuck1/cmd_vel,47.12100466,0.025,0.002205830765888095
/epuck1/cmd_vel,47.201847046,0.025,0.002205830765888095
/epuck1/cmd_vel,47.241687946,0.025,1.0581813203458523e-15
/epuck1/cmd_vel,47.297411107,0.025,1.0581813203458523e-15
/epuck1/cmd_vel,47.337342138,0.025,1.0581813203458523e-15
/epuck1/cmd_vel,47.397586431,0.025,1.0581813203458523e-15
/epuck1/cmd_vel,47.451437876,0.025,1.0581813203458523e-15
/epuck1/cmd_vel,47.511681867,0.025,1.0581813203458523e-15
/epuck1/cmd_vel,47.548855405,0.025,1.0581813203458523e-15
/epuck1/cmd_vel,47.605071634,0.025,1.0581813203458523e-15
/epuck1/cmd_vel,47.646459714,0.025,1.0581813203458523e-15
/epuck1/cmd_vel,47.722465256,0.025,1.0581813203458523e-15
/epuck1/cmd_vel,47.763384931,0.025,1.0581813203458523e-15
/epuck1/cmd_vel,47.819046901,0.025,1.0581813203458523e-15
/epuck1/cmd_vel,47.854427818,0.025,1.0581813203458523e-15
/epuck1/cmd_vel,47.931732323,0.025,1.0581813203458523e-15
/epuck1/cmd_vel,47.973414662,0.025,1.0581813203458523e-15
/epuck1/cmd_vel,48.027592245,0.025,1.0581813203458523e-15
/epuck1/cmd_vel,48.064822001,0.025,1.0581813203458523e-15
/epuck1/cmd_vel,48.124261974,0.025,1.0581813203458523e-15
/epuck1/cmd_vel,48.176446249,0.025,1.0581813203458523e-15
/epuck1/cmd_vel,48.237660823,0.025,0.002205830765888095
/epuck1/cmd_vel,48.273995915,0.025,0.002205830765888095
/epuck1/cmd_vel,48.328411941,0.025,1.0581813203458523e-15
/epuck1/cmd_vel,48.36775002,0.025,1.0581813203458523e-15
/epuck1/cmd_vel,48.439539465,0.025,1.0581813203458523e-15
/epuck1/cmd_vel,48.480760546,0.025,1.0581813203458523e-15
/epuck1/cmd_vel,48.535412913,0.025,1.0581813203458523e-15
/epuck1/cmd_vel,48.572190227,0.025,1.0581813203458523e-15
/epuck1/cmd_vel,48.631514485,0.025,1.0581813203458523e-15
/epuck1/cmd_vel,48.693240009,0.025,1.0581813203458523e-15
/epuck1/cmd_vel,48.752467987,0.025,1.0581813203458523e-15
/epuck1/cmd_vel,48.790028759,0.025,1.0581813203458523e-15
/epuck1/cmd_vel,48.848443958,0.025,1.0581813203458523e-15
/epuck1/cmd_vel,48.887332323,0.025,1.0581813203458523e-15
/epuck1/cmd_vel,48.964280428,0.025,1.0581813203458523e-15
/epuck1/cmd_vel,49.003502606,0.025,1.0581813203458523e-15
/epuck1/cmd_vel,49.058881353,0.025,1.0581813203458523e-15
/epuck1/cmd_vel,49.096261053,0.025,1.0581813203458523e-15
/epuck1/cmd_vel,49.172033606,0.025,1.0581813203458523e-15
/epuck1/cmd_vel,49.213652245,0.025,1.0581813203458523e-15
/epuck1/cmd_vel,49.271024356,0.025,1.0581813203458523e-15
/epuck1/cmd_vel,49.308316948,0.025,1.0581813203458523e-15
/epuck1/cmd_vel,49.365182032,0.025,-0.002205830765888095
/epuck1/cmd_vel,49.419021576,0.025,-0.002205830765888095
/epuck1/cmd_vel,49.47885553,0.025,1.0581813203458523e-15
/epuck1/cmd_vel,49.516766987,0.025,1.0581813203458523e-15
/epuck1/cmd_vel,49.571995848,0.025,1.0581813203458523e-15
/epuck1/cmd_vel,49.613362477,0.025,1.0581813203458523e-15
/epuck1/cmd_vel,49.683418964,0.025,1.0581813203458523e-15
/epuck1/cmd_vel,49.733515482,0.025,1.0581813203458523e-15
/epuck1/cmd_vel,49.792601812,0.025,1.0581813203458523e-15
/epuck1/cmd_vel,49.827907988,0.025,1.0581813203458523e-15
/epuck1/cmd_vel,49.882641705,0.025,1.0581813203458523e-15
/epuck1/cmd_vel,49.923377176,0.025,1.0581813203458523e-15
/epuck1/cmd_vel,50.000175798,0.025,1.0581813203458523e-15
/epuck1/cmd_vel,50.037473399,0.025,1.0581813203458523e-15
/epuck1/cmd_vel,50.093311177,0.025,1.0581813203458523e-15
/epuck1/cmd_vel,50.129582972,0.025,1.0581813203458523e-15
/epuck1/cmd_vel,50.209702883,0.025,1.0581813203458523e-15
/epuck1/cmd_vel,50.251439243,0.025,1.0581813203458523e-15
/epuck1/cmd_vel,50.306408823,0.025,1.0581813203458523e-15
/epuck1/cmd_vel,50.342182675,0.025,1.0581813203458523e-15
/epuck1/cmd_vel,50.402466316,0.025,1.0581813203458523e-15
/epuck1/cmd_vel,50.458503631,0.025,1.0581813203458523e-15
/epuck1/cmd_vel,50.518018743,0.025,1.0581813203458523e-15
/epuck1/cmd_vel,50.556083574,0.025,1.0581813203458523e-15
/epuck1/cmd_vel,50.612504754,0.025,1.0581813203458523e-15
/epuck1/cmd_vel,50.651227337,0.025,1.0581813203458523e-15
/epuck1/cmd_vel,50.726405643,0.025,1.0581813203458523e-15
/epuck1/cmd_vel,50.765189869,0.025,1.0581813203458523e-15
/epuck1/cmd_vel,50.817076171,0.025,1.0581813203458523e-15
/epuck1/cmd_vel,50.855651275,0.025,1.0581813203458523e-15
/epuck1/cmd_vel,50.91331719,0.025,1.0581813203458523e-15
/epuck1/cmd_vel,50.968834554,0.025,1.0581813203458523e-15
/epuck1/cmd_vel,51.04182789,0.025,1.0581813203458523e-15
/epuck1/cmd_vel,51.079173136,0.025,1.0581813203458523e-15
/epuck1/cmd_vel,51.136479376,0.025,1.0581813203458523e-15
/epuck1/cmd_vel,51.172624469,0.025,1.0581813203458523e-15
/epuck1/cmd_vel,51.248906796,0.025,1.0581813203458523e-15
/epuck1/cmd_vel,51.289785184,0.025,1.0581813203458523e-15
/epuck1/cmd_vel,51.346048705,0.025,1.0581813203458523e-15
/epuck1/cmd_vel,51.382448152,0.025,1.0581813203458523e-15
/epuck1/cmd_vel,51.442150595,0.025,1.0581813203458523e-15
/epuck1/cmd_vel,51.501933155,0.025,1.0581813203458523e-15
/epuck1/cmd_vel,51.564597921,0.025,1.0581813203458523e-15
/epuck1/cmd_vel,51.599977554,0.025,1.0581813203458523e-15
/epuck1/cmd_vel,51.65478817,0.025,1.0581813203458523e-15
/epuck1/cmd_vel,51.693284157,0.025,1.0581813203458523e-15
/epuck1/cmd_vel,51.769874749,0.025,1.0581813203458523e-15
/epuck1/cmd_vel,51.808729296,0.025,1.0581813203458523e-15
/epuck1/cmd_vel,51.864409936,0.025,1.0581813203458523e-15
/epuck1/cmd_vel,51.900633251,0.025,1.0581813203458523e-15
/epuck1/cmd_vel,51.960753361,0.025,1.0581813203458523e-15
/epuck1/cmd_vel,52.014258956,0.025,1.0581813203458523e-15
/epuck1/cmd_vel,52.087026718,0.025,1.0581813203458523e-15
/epuck1/cmd_vel,52.125094346,0.025,1.0581813203458523e-15
/epuck1/cmd_vel,52.180478048,0.025,1.0581813203458523e-15
/epuck1/cmd_vel,52.219903492,0.025,1.0581813203458523e-15
/epuck1/cmd_vel,52.296727304,0.025,1.0581813203458523e-15
/epuck1/cmd_vel,52.336793813,0.025,1.0581813203458523e-15
/epuck1/cmd_vel,52.393615814,0.025,1.0581813203458523e-15
/epuck1/cmd_vel,52.429438412,0.025,1.0581813203458523e-15
/epuck1/cmd_vel,52.485826504,0.025,1.0581813203458523e-15
/epuck1/cmd_vel,52.527709733,0.025,1.0581813203458523e-15
/epuck1/cmd_vel,52.609982351,0.025,1.0581813203458523e-15
/epuck1/cmd_vel,52.650409196,0.025,1.0581813203458523e-15
/epuck1/cmd_vel,52.705686229,0.025,1.0581813203458523e-15
/epuck1/cmd_vel,52.74058622,0.025,1.0581813203458523e-15
/epuck1/cmd_vel,52.802515875,0.025,1.0581813203458523e-15
/epuck1/cmd_vel,52.854800968,0.025,1.0581813203458523e-15
/epuck1/cmd_vel,52.912617282,0.025,1.0581813203458523e-15
/epuck1/cmd_vel,52.950201858,0.025,1.0581813203458523e-15
/epuck1/cmd_vel,53.004584583,0.025,1.0581813203458523e-15
/epuck1/cmd_vel,53.046005924,0.025,1.0581813203458523e-15
/epuck1/cmd_vel,53.122358019,0.025,1.0581813203458523e-15
/epuck1/cmd_vel,53.159337932,0.025,1.0581813203458523e-15
/epuck1/cmd_vel,53.212895316,0.025,1.0581813203458523e-15
/epuck1/cmd_vel,53.25109605,0.025,1.0581813203458523e-15
/epuck1/cmd_vel,53.328714639,0.025,1.0581813203458523e-15
/epuck1/cmd_vel,53.387145211,0.025,1.0581813203458523e-15
/epuck1/cmd_vel,53.425063302,0.025,1.0581813203458523e-15
/epuck1/cmd_vel,53.462430799,0.025,1.0581813203458523e-15
/epuck1/cmd_vel,53.51996587,0.025,1.0581813203458523e-15
/epuck1/cmd_vel,53.577798674,0.025,1.0581813203458523e-15
/epuck1/cmd_vel,53.637615574,0.025,1.0581813203458523e-15
/epuck1/cmd_vel,53.675091211,0.025,1.0581813203458523e-15
/epuck1/cmd_vel,53.728965519,0.025,1.0581813203458523e-15
/epuck1/cmd_vel,53.767879755,0.025,1.0581813203458523e-15
/epuck1/cmd_vel,53.838288033,0.025,1.0581813203458523e-15
/epuck1/cmd_vel,53.90791068,0.025,1.0581813203458523e-15
/epuck1/cmd_vel,53.950165965,0.025,1.0581813203458523e-15
/epuck1/cmd_vel,53.982770827,0.025,1.0581813203458523e-15
/epuck1/cmd_vel,54.037672304,0.025,1.0581813203458523e-15
/epuck1/cmd_vel,54.079366882,0.025,1.0581813203458523e-15
/epuck1/cmd_vel,54.15569444,0.025,1.0581813203458523e-15
/epuck1/cmd_vel,54.191707008,0.025,1.0581813203458523e-15
/epuck1/cmd_vel,54.247118538,0.025,1.0581813203458523e-15
/epuck1/cmd_vel,54.286072822,0.025,1.0581813203458523e-15
/epuck1/cmd_vel,54.361587294,0.025,1.0581813203458523e-15
/epuck1/cmd_vel,54.424788881,0.025,1.0581813203458523e-15
/epuck1/cmd_vel,54.458614471,0.025,1.0581813203458523e-15
/epuck1/cmd_vel,54.495096527,0.025,1.0581813203458523e-15
/epuck1/cmd_vel,54.552625896,0.025,1.0581813203458523e-15
/epuck1/cmd_vel,54.612295385,0.025,1.0581813203458523e-15
/epuck1/cmd_vel,54.67051315,0.025,1.0581813203458523e-15
/epuck1/cmd_vel,54.711999011,0.025,1.0581813203458523e-15
/epuck1/cmd_vel,54.764517381,0.025,0.002205830765888095
/epuck1/cmd_vel,54.803653021,0.025,0.002205830765888095
/epuck1/cmd_vel,54.878308624,0.025,1.0581813203458523e-15
/epuck1/cmd_vel,54.938994331,0.025,1.0581813203458523e-15
/epuck1/cmd_vel,54.973320713,0.025,1.0581813203458523e-15
/epuck1/cmd_vel,55.008869279,0.025,1.0581813203458523e-15
/epuck1/cmd_vel,55.072006942,0.025,1.0581813203458523e-15
/epuck1/cmd_vel,55.129488365,0.025,1.0581813203458523e-15
/epuck1/cmd_vel,55.187785144,0.025,1.0581813203458523e-15
/epuck1/cmd_vel,55.224874322,0.025,1.0581813203458523e-15
/epuck1/cmd_vel,55.278534079,0.019000000000001196,-0.2399999999999512
/epuck1/cmd_vel,55.320935695,0.015000000000000572,-0.35999999999996996
/epuck1/cmd_vel,55.399561192,0.009000000000000345,-0.5399999999999767
/epuck1/cmd_vel,55.45289303,0.006,-0.65
/epuck1/cmd_vel,55.487618649,0.006,-0.65
/epuck1/cmd_vel,55.527975537,0.006,-0.65
/epuck1/cmd_vel,55.589834184,0.006,-0.65
/epuck1/cmd_vel,55.648784404,0.006,-0.65
/epuck1/cmd_vel,55.710034456,0.006,-0.65
/epuck1/cmd_vel,55.749102139,0.006,-0.65
/epuck1/cmd_vel,55.801685311,0.006,-0.65
/epuck1/cmd_vel,55.841535762,0.006,-0.65
/epuck1/cmd_vel,55.916017903,0.006,-0.65
/epuck1/cmd_vel,55.986636278,0.006,-0.65
/epuck1/cmd_vel,56.025032374,0.006,-0.65
/epuck1/cmd_vel,56.060574884,0.008000000000000312,-0.489999999999975
/epuck1/cmd_vel,56.118353019,0.011000000000000426,-0.24999999999996592
/epuck1/cmd_vel,56.159422655,0.012,-0.08999999999999775
/epuck1/cmd_vel,56.242608155,0.012,0.007922043800353981
/epuck1/cmd_vel,56.282441829,0.012,0.007922043800353985
/epuck1/cmd_vel,56.339978404,0.012,0.06747947573661803
/epuck1/cmd_vel,56.375294132,0.012,0.06747947573661803
/epuck1/cmd_vel,56.433515744,0.012,0.05953847408294676
/epuck1/cmd_vel,56.507274103,0.012,0.05953847408294676
/epuck1/cmd_vel,56.556392518,0.012,0.05953847408294676
/epuck1/cmd_vel,56.598506984,0.012,0.04762699842453002
/epuck1/cmd_vel,56.651703963,0.012,0.04762699842453002
/epuck1/cmd_vel,56.688879076,0.012,0.039685996770858746
/epuck1/cmd_vel,56.748595385,0.012,0.039685996770858746
/epuck1/cmd_vel,56.818949851,0.012,0.039685996770858746
/epuck1/cmd_vel,56.8891894,0.012,0.027774521112441997
/epuck1/cmd_vel,56.927410494,0.012,0.027774521112441997
/epuck1/cmd_vel,56.981121557,0.012,0.01586299180984495
/epuck1/cmd_vel,57.038552885,0.012,0.01586299180984495
/epuck1/cmd_vel,57.096380171,0.012,0.01586299180984495
/epuck1/cmd_vel,57.1393257,0.012,0.011892517805099468
/epuck1/cmd_vel,57.193434318,0.012,0.011892517805099468
/epuck1/cmd_vel,57.228551148,0.012,0.007922043800353985
/epuck1/cmd_vel,57.286109569,0.012,0.007922043800353985
/epuck1/cmd_vel,57.333692375,0.012,0.007922043800353985
/epuck1/cmd_vel,57.420446333,0.012,0.003951516151428203
/epuck1/cmd_vel,57.457451798,0.012,0.003951516151428203
/epuck1/cmd_vel,57.512116315,0.012,0.007922043800353985
/epuck1/cmd_vel,57.573433339,0.012,0.007922043800353985
/epuck1/cmd_vel,57.617697029,0.012,0.003951516151428203
/epuck1/cmd_vel,57.656352318,0.012,0.003951516151428203
/epuck1/cmd_vel,57.712855751,0.012,0.003951516151428203
/epuck1/cmd_vel,57.75389637,0.012,0.003951516151428203
/epuck1/cmd_vel,57.823962453,0.012,0.003951516151428203
/epuck1/cmd_vel,57.864371163,0.012,0.003951516151428203
/epuck1/cmd_vel,57.916610146,0.012,-1.8957853317280553e-05
/epuck1/cmd_vel,57.953631292,0.012,-1.8957853317280726e-05
/epuck1/cmd_vel,58.013213674,0.012,0.003951516151428203
/epuck1/cmd_vel,58.070267236,0.012,0.003951516151428203
/epuck1/cmd_vel,58.14275694,0.012,0.003951516151428203
/epuck1/cmd_vel,58.182290735,0.012,-1.8957853317280553e-05
/epuck1/cmd_vel,58.235114758,0.012,-1.8957853317280726e-05
/epuck1/cmd_vel,58.273022598,0.012,-1.8957853317280726e-05
/epuck1/cmd_vel,58.334958018,0.012,-1.8957853317280726e-05
/epuck1/cmd_vel,58.398726718,0.012,-1.8957853317280726e-05
/epuck1/cmd_vel,58.458053962,0.012,-1.8957853317280726e-05
/epuck1/cmd_vel,58.494037687,0.012,-1.8957853317280726e-05
/epuck1/cmd_vel,58.550574286,0.012,-1.8957853317280726e-05
/epuck1/cmd_vel,58.589494592,0.012,-1.8957853317280726e-05
/epuck1/cmd_vel,58.65803465,0.012,-1.8957853317280726e-05
/epuck1/cmd_vel,58.709396621,0.012,-1.8957853317280726e-05
/epuck1/cmd_vel,58.767869812,0.012,-1.8957853317280726e-05
/epuck1/cmd_vel,58.806104399,0.012,-1.8957853317280726e-05
/epuck1/cmd_vel,58.862429068,0.012,-1.8957853317280726e-05
/epuck1/cmd_vel,58.906166317,0.012,-1.8957853317280726e-05
/epuck1/cmd_vel,58.987756146,0.012,-1.8957853317280726e-05
/epuck1/cmd_vel,59.025580283,0.012,-1.8957853317280726e-05
/epuck1/cmd_vel,59.082925335,0.012,-1.8957853317280726e-05
/epuck1/cmd_vel,59.116600073,0.012,-1.8957853317280726e-05
/epuck1/cmd_vel,59.177453091,0.012,-1.8957853317280726e-05
/epuck1/cmd_vel,59.233406194,0.012,-1.8957853317280726e-05
/epuck1/cmd_vel,59.292482923,0.012,-1.8957853317280726e-05
/epuck1/cmd_vel,59.328762712,0.012,-1.8957853317280726e-05
/epuck1/cmd_vel,59.385894785,0.012,-1.8957853317280726e-05
/epuck1/cmd_vel,59.426257604,0.012,-1.8957853317280726e-05
/epuck1/cmd_vel,59.500364524,0.012,-1.8957853317280726e-05
/epuck1/cmd_vel,59.542704335,0.012,-1.8957853317280726e-05
/epuck1/cmd_vel,59.598276391,0.012,-1.8957853317280726e-05
/epuck1/cmd_vel,59.633585399,0.012,-1.8957853317280726e-05
/epuck1/cmd_vel,59.695399417,0.012,-1.8957853317280726e-05
/epuck1/cmd_vel,59.746444921,0.012,-1.8957853317280726e-05
/epuck1/cmd_vel,59.805635258,0.012,-1.8957853317280726e-05
/epuck1/cmd_vel,59.840222586,0.012,-1.8957853317280726e-05
/epuck1/cmd_vel,59.896917118,0.012,-1.8957853317280726e-05
/epuck1/cmd_vel,59.938004658,0.012,-1.8957853317280726e-05
/epuck1/cmd_vel,60.016551533,0.012,-1.8957853317280726e-05
/epuck1/cmd_vel,60.050960839,0.012,-1.8957853317280726e-05
/epuck1/cmd_vel,60.106296853,0.012,-1.8957853317280726e-05
/epuck1/cmd_vel,60.143660392,0.012,-1.8957853317280726e-05
/epuck1/cmd_vel,60.207207487,0.012,-1.8957853317280726e-05
/epuck1/cmd_vel,60.269902091,0.012,-1.8957853317280726e-05
/epuck1/cmd_vel,60.332642796,0.012,-1.8957853317280726e-05
/epuck1/cmd_vel,60.368145583,0.012,-1.8957853317280726e-05
/epuck1/cmd_vel,60.419364031,0.012,-1.8957853317280726e-05
/epuck1/cmd_vel,60.460376729,0.012,-1.8957853317280726e-05
/epuck1/cmd_vel,60.53468819,0.012,-1.8957853317280726e-05
/epuck1/cmd_vel,60.584509653,0.012,-1.8957853317280726e-05
/epuck1/cmd_vel,60.64485643,0.012,-1.8957853317280726e-05
/epuck1/cmd_vel,60.680940647,0.012,-1.8957853317280726e-05
/epuck1/cmd_vel,60.73493511,0.012,-1.8957853317280726e-05
/epuck1/cmd_vel,60.777683758,0.012,-1.8957853317280726e-05
/epuck1/cmd_vel,60.858805224,0.012,-1.8957853317280726e-05
/epuck1/cmd_vel,60.900391544,0.012,-1.8957853317280726e-05
/epuck1/cmd_vel,60.957269997,0.012,-1.8957853317280726e-05
/epuck1/cmd_vel,60.991839046,0.012,-1.8957853317280726e-05
/epuck1/cmd_vel,61.051379542,0.012,-1.8957853317280726e-05
/epuck1/cmd_vel,61.105195377,0.012,-1.8957853317280726e-05
/epuck1/cmd_vel,61.16519142,0.012,-1.8957853317280726e-05
/epuck1/cmd_vel,61.203367527,0.012,-1.8957853317280726e-05
/epuck1/cmd_vel,61.25661378,0.012,-1.8957853317280726e-05
/epuck1/cmd_vel,61.296848426,0.012,-1.8957853317280726e-05
/epuck1/cmd_vel,61.373271077,0.012,-1.8957853317280726e-05
/epuck1/cmd_vel,61.414110624,0.012,-1.8957853317280726e-05
/epuck1/cmd_vel,61.471965518,0.012,-1.8957853317280726e-05
/epuck1/cmd_vel,61.504402299,0.012,-1.8957853317280726e-05
/epuck1/cmd_vel,61.567019679,0.012,-1.8957853317280726e-05
/epuck1/cmd_vel,61.621881895,0.012,-1.8957853317280726e-05
/epuck1/cmd_vel,61.682929605,0.012,-1.8957853317280726e-05
/epuck1/cmd_vel,61.71984383,0.012,-1.8957853317280726e-05
/epuck1/cmd_vel,61.775293986,0.012,-1.8957853317280726e-05
/epuck1/cmd_vel,61.81563442,0.012,-1.8957853317280726e-05
/epuck1/cmd_vel,61.888530943,0.012,-1.8957853317280726e-05
/epuck1/cmd_vel,61.926979955,0.012,-1.8957853317280726e-05
/epuck1/cmd_vel,61.981066268,0.012,-1.8957853317280726e-05
/epuck1/cmd_vel,62.022168151,0.012,-1.8957853317280726e-05
/epuck1/cmd_vel,62.093658183,0.012,-1.8957853317280726e-05
/epuck1/cmd_vel,62.133816951,0.012,-1.8957853317280726e-05
/epuck1/cmd_vel,62.19027312,0.012,-1.8957853317280726e-05
/epuck1/cmd_vel,62.226116248,0.012,0.15998104214665088
/epuck1/cmd_vel,62.286068245,0.012,0.3
/epuck1/cmd_vel,62.327574348,0.012,0.3
/epuck1/cmd_vel,62.412662223,0.012,0.3
/epuck1/cmd_vel,62.451610126,0.012,0.3
/epuck1/cmd_vel,62.504716115,0.012,0.3
/epuck1/cmd_vel,62.544088091,0.012,0.3
/epuck1/cmd_vel,62.602032154,0.012,0.3
/epuck1/cmd_vel,62.663866488,0.012,0.3
/epuck1/cmd_vel,62.722946697,0.012,0.3
/epuck1/cmd_vel,62.757785559,0.012,0.3
/epuck1/cmd_vel,62.813487124,0.012,0.3
/epuck1/cmd_vel,62.854928562,0.012,0.3
/epuck1/cmd_vel,62.932329956,0.012,0.3
/epuck1/cmd_vel,62.967726531,0.012,0.3
/epuck1/cmd_vel,63.021343778,0.012,0.3
/epuck1/cmd_vel,63.061021262,0.012,0.3
/epuck1/cmd_vel,63.140118481,0.012,0.2699936807155609
/epuck1/cmd_vel,63.181974075,0.012,0.2699936807155609
/epuck1/cmd_vel,63.237168147,0.012,0.22764172554016113
/epuck1/cmd_vel,63.272826363,0.012,0.22764172554016113
/epuck1/cmd_vel,63.332490666,0.012,0.22764172554016113
/epuck1/cmd_vel,63.390667818,0.012,0.19323077201843264
/epuck1/cmd_vel,63.449937716,0.012,0.19323077201843264
/epuck1/cmd_vel,63.487579133,0.012,0.16676080226898196
/epuck1/cmd_vel,63.541540412,0.012,0.16676080226898196
/epuck1/cmd_vel,63.580842842,0.012,0.14029083251953126
/epuck1/cmd_vel,63.655045598,0.012,0.14029083251953126
/epuck1/cmd_vel,63.695571444,0.012,0.12176185548305511
/epuck1/cmd_vel,63.748301427,0.012,0.12176185548305511
/epuck1/cmd_vel,63.788111477,0.012,0.12176185548305511
/epuck1/cmd_vel,63.846858113,0.012,0.10058587789535521
/epuck1/cmd_vel,63.897849547,0.012,0.10058587789535521
/epuck1/cmd_vel,63.970351633,0.012,0.08735089302062989
/epuck1/cmd_vel,64.00753744,0.013999999999999603,0.0727924108505249
/epuck1/cmd_vel,64.06239899,0.016999999999999717,0.061763260513544076
/epuck1/cmd_vel,64.095770237,0.01900000000000003,0.061763260513544076
/epuck1/cmd_vel,64.160954989,0.021999999999999433,0.05514576658606529
/epuck1/cmd_vel,64.2228165,0.023999999999999747,0.05514576658606529
/epuck1/cmd_vel,64.283115383,0.025,0.04632244631648064
/epuck1/cmd_vel,64.318730981,0.025,0.04632244631648064
/epuck1/cmd_vel,64.373525905,0.025,0.04632244631648064
/epuck1/cmd_vel,64.413480498,0.025,0.04191078245639801
/epuck1/cmd_vel,64.489817092,0.025,0.04191078245639801
/epuck1/cmd_vel,64.528973864,0.025,0.03749912232160568
/epuck1/cmd_vel,64.5811928,0.025,0.03749912232160568
/epuck1/cmd_vel,64.618975153,0.025,0.03088163025677204
/epuck1/cmd_vel,64.678622333,0.025,0.03088163025677204
/epuck1/cmd_vel,64.737598164,0.025,0.026469968259334564
/epuck1/cmd_vel,64.795186377,0.025,0.026469968259334564
/epuck1/cmd_vel,64.83335379,0.025,0.026469968259334564
/epuck1/cmd_vel,64.890522679,0.025,0.0242641381919384
/epuck1/cmd_vel,64.931905973,0.025,0.0242641381919384
/epuck1/cmd_vel,65.004233638,0.025,0.022058306261897087
/epuck1/cmd_vel,65.044619505,0.025,0.022058306261897087
/epuck1/cmd_vel,65.095684852,0.025,0.017646646127104763
/epuck1/cmd_vel,65.134435701,0.025,0.017646646127104763
/epuck1/cmd_vel,65.211878157,0.025,0.017646646127104763
/epuck1/cmd_vel,65.252890845,0.025,0.017646646127104763
/epuck1/cmd_vel,65.307360767,0.025,0.01544081512838602
/epuck1/cmd_vel,65.34268101,0.025,0.01544081512838602
/epuck1/cmd_vel,65.401538175,0.025,0.01544081512838602
/epuck1/cmd_vel,65.448752741,0.025,0.013234984129667282
/epuck1/cmd_vel,65.519693024,0.025,0.013234984129667282
/epuck1/cmd_vel,65.556908986,0.025,0.011029153130948544
/epuck1/cmd_vel,65.612864029,0.025,0.011029153130948544
/epuck1/cmd_vel,65.652034553,0.025,0.011029153130948544
/epuck1/cmd_vel,65.728896266,0.025,0.011029153130948544
/epuck1/cmd_vel,65.767041139,0.025,0.00882332306355238
/epuck1/cmd_vel,65.824624487,0.025,0.00882332306355238
/epuck1/cmd_vel,65.862063317,0.025,0.00882332306355238
/epuck1/cmd_vel,65.91763228,0.025,0.006617492064833641
/epuck1/cmd_vel,65.977054466,0.025,0.006617492064833641
/epuck1/cmd_vel,66.034961809,0.025,0.006617492064833641
/epuck1/cmd_vel,66.072422978,0.025,0.006617492064833641
/epuck1/cmd_vel,66.125783303,0.025,0.00441166153177619
/epuck1/cmd_vel,66.165503471,0.025,0.00441166153177619
/epuck1/cmd_vel,66.242043967,0.025,0.00441166153177619
/epuck1/cmd_vel,66.282905302,0.025,0.00441166153177619
/epuck1/cmd_vel,66.336919333,0.025,0.00441166153177619
/epuck1/cmd_vel,66.374043925,0.025,0.00441166153177619
/epuck1/cmd_vel,66.435730994,0.025,0.00441166153177619
/epuck1/cmd_vel,66.484836299,0.025,0.00441166153177619
/epuck1/cmd_vel,66.556706415,0.025,0.00441166153177619
/epuck1/cmd_vel,66.59407783,0.025,0.002205830765888095
/epuck1/cmd_vel,66.64946928,0.025,0.002205830765888095
/epuck1/cmd_vel,66.685903468,0.025,0.002205830765888095
/epuck1/cmd_vel,66.749122531,0.025,0.002205830765888095
/epuck1/cmd_vel,66.809856452,0.025,0.002205830765888095
/epuck1/cmd_vel,66.87175023,0.025,0.002205830765888095
/epuck1/cmd_vel,66.906586621,0.025,0.002205830765888095
/epuck1/cmd_vel,66.961357756,0.025,0.002205830765888095
/epuck1/cmd_vel,67.00191781,0.025,0.002205830765888095
/epuck1/cmd_vel,67.074218728,0.025,0.002205830765888095
/epuck1/cmd_vel,67.126636058,0.025,0.002205830765888095
/epuck1/cmd_vel,67.184918056,0.025,0.002205830765888095
/epuck1/cmd_vel,67.221275784,0.025,0.002205830765888095
/epuck1/cmd_vel,67.274734596,0.025,1.0720591081536668e-15
/epuck1/cmd_vel,67.316131106,0.025,1.0720591081536668e-15
/epuck1/cmd_vel,67.403375553,0.025,0.002205830765888095
/epuck1/cmd_vel,67.445844857,0.025,0.002205830765888095
/epuck1/cmd_vel,67.50157321,0.025,0.002205830765888095
/epuck1/cmd_vel,67.536229406,0.025,0.002205830765888095
/epuck1/cmd_vel,67.594013798,0.025,0.002205830765888095
/epuck1/cmd_vel,67.63681567,0.025,0.002205830765888095
/epuck1/cmd_vel,67.718764256,0.025,0.002205830765888095
/epuck1/cmd_vel,67.760744929,0.025,0.002205830765888095
/epuck1/cmd_vel,67.81057585,0.025,0.002205830765888095
/epuck1/cmd_vel,67.848472578,0.025,0.002205830765888095
/epuck1/cmd_vel,67.906761154,0.025,0.002205830765888095
/epuck1/cmd_vel,67.965926131,0.025,0.002205830765888095
/epuck1/cmd_vel,68.023193021,0.025,1.0720591081536668e-15
/epuck1/cmd_vel,68.058997117,0.025,1.0720591081536668e-15
/epuck1/cmd_vel,68.116355944,0.025,1.0720591081536668e-15
/epuck1/cmd_vel,68.157081306,0.025,1.0720591081536668e-15
/epuck1/cmd_vel,68.233599097,0.025,1.0720591081536668e-15
/epuck1/cmd_vel,68.271666938,0.025,1.0720591081536668e-15
/epuck1/cmd_vel,68.326441236,0.025,1.0720591081536668e-15
/epuck1/cmd_vel,68.365607643,0.025,1.0720591081536668e-15
/epuck1/cmd_vel,68.442894142,0.025,1.0720591081536668e-15
/epuck1/cmd_vel,68.487402815,0.025,1.0720591081536668e-15
/epuck1/cmd_vel,68.540483343,0.025,1.0720591081536668e-15
/epuck1/cmd_vel,68.576063777,0.025,1.0720591081536668e-15
/epuck1/cmd_vel,68.635180697,0.025,1.0720591081536668e-15
/epuck1/cmd_vel,68.689460043,0.025,1.0720591081536668e-15
/epuck1/cmd_vel,68.748945972,0.025,1.0720591081536668e-15
/epuck1/cmd_vel,68.788060405,0.025,0.002205830765888095
/epuck1/cmd_vel,68.841880345,0.025,0.002205830765888095
/epuck1/cmd_vel,68.880389985,0.025,0.002205830765888095
/epuck1/cmd_vel,68.959686218,0.025,0.002205830765888095
/epuck1/cmd_vel,68.99864389,0.025,0.002205830765888095
/epuck1/cmd_vel,69.054016974,0.025,1.0720591081536668e-15
/epuck1/cmd_vel,69.093224638,0.025,1.0720591081536668e-15
/epuck1/cmd_vel,69.14963628,0.025,1.0720591081536668e-15
/epuck1/cmd_vel,69.20454438,0.025,1.0720591081536668e-15
/epuck1/cmd_vel,69.264169024,0.025,1.0720591081536668e-15
/epuck1/cmd_vel,69.30039543,0.025,1.0720591081536668e-15
/epuck1/cmd_vel,69.357688377,0.025,1.0720591081536668e-15
/epuck1/cmd_vel,69.398687667,0.025,1.0720591081536668e-15
/epuck1/cmd_vel,69.476796363,0.025,1.0720591081536668e-15
/epuck1/cmd_vel,69.51780024,0.025,1.0720591081536668e-15
/epuck1/cmd_vel,69.569289224,0.025,1.0720591081536668e-15
/epuck1/cmd_vel,69.607238751,0.025,1.0720591081536668e-15
/epuck1/cmd_vel,69.685660859,0.025,1.0720591081536668e-15
/epuck1/cmd_vel,69.726929387,0.025,1.0720591081536668e-15
/epuck1/cmd_vel,69.780969545,0.025,1.0720591081536668e-15
/epuck1/cmd_vel,69.816895357,0.025,1.0720591081536668e-15
/epuck1/cmd_vel,69.877162183,0.025,1.0720591081536668e-15
/epuck1/cmd_vel,69.933542963,0.025,1.0720591081536668e-15
/epuck1/cmd_vel,69.995791102,0.025,1.0720591081536668e-15
/epuck1/cmd_vel,70.031568815,0.025,1.0720591081536668e-15
/epuck1/cmd_vel,70.084659837,0.025,1.0720591081536668e-15
/epuck1/cmd_vel,70.125863277,0.025,1.0720591081536668e-15
/epuck1/cmd_vel,70.202551771,0.025,1.0720591081536668e-15
/epuck1/cmd_vel,70.242967672,0.025,1.0720591081536668e-15
/epuck1/cmd_vel,70.296595453,0.025,1.0720591081536668e-15
/epuck1/cmd_vel,70.333140862,0.025,1.0720591081536668e-15
/epuck1/cmd_vel,70.393884919,0.025,1.0720591081536668e-15
/epuck1/cmd_vel,70.450727074,0.025,1.0720591081536668e-15
/epuck1/cmd_vel,70.509205732,0.025,1.0720591081536668e-15
/epuck1/cmd_vel,70.542886264,0.025,1.0720591081536668e-15
/epuck1/cmd_vel,70.598692293,0.025,1.0720591081536668e-15
/epuck1/cmd_vel,70.641556268,0.025,1.0720591081536668e-15
/epuck1/cmd_vel,70.725291536,0.025,1.0720591081536668e-15
/epuck1/cmd_vel,70.764064752,0.025,1.0720591081536668e-15
/epuck1/cmd_vel,70.82186401,0.025,1.0720591081536668e-15
/epuck1/cmd_vel,70.856959411,0.025,1.0720591081536668e-15
/epuck1/cmd_vel,70.915203099,0.025,1.0720591081536668e-15
/epuck1/cmd_vel,70.957791543,0.025,-0.002205830765888095
/epuck1/cmd_vel,71.037295802,0.025,-0.002205830765888095
/epuck1/cmd_vel,71.077326074,0.025,-0.002205830765888095
/epuck1/cmd_vel,71.131147403,0.025,1.0720591081536668e-15
/epuck1/cmd_vel,71.167626585,0.025,1.0720591081536668e-15
/epuck1/cmd_vel,71.22787276,0.025,1.0720591081536668e-15
/epuck1/cmd_vel,71.282690995,0.025,1.0720591081536668e-15
/epuck1/cmd_vel,71.352919685,0.025,1.0720591081536668e-15
/epuck1/cmd_vel,71.394073395,0.025,1.0720591081536668e-15
/epuck1/cmd_vel,71.445534078,0.025,1.0720591081536668e-15
/epuck1/cmd_vel,71.485272697,0.025,1.0720591081536668e-15
/epuck1/cmd_vel,71.561206921,0.025,1.0720591081536668e-15
/epuck1/cmd_vel,71.600437315,0.025,1.0720591081536668e-15
/epuck1/cmd_vel,71.657059512,0.025,1.0720591081536668e-15
/epuck1/cmd_vel,71.692675102,0.025,1.0720591081536668e-15
/epuck1/cmd_vel,71.753155995,0.025,1.0720591081536668e-15
/epuck1/cmd_vel,71.811249698,0.025,1.0720591081536668e-15
/epuck1/cmd_vel,71.86730281,0.025,1.0720591081536668e-15
/epuck1/cmd_vel,71.907181457,0.025,1.0720591081536668e-15
/epuck1/cmd_vel,71.958155366,0.025,1.0720591081536668e-15
/epuck1/cmd_vel,71.998830377,0.025,0.002205830765888095
/epuck1/cmd_vel,72.06497978,0.025,0.002205830765888095
/epuck1/cmd_vel,72.104892528,0.025,0.002205830765888095
/epuck1/cmd_vel,72.160241405,0.025,1.0720591081536668e-15
/epuck1/cmd_vel,72.198250336,0.025,1.0720591081536668e-15
/epuck1/cmd_vel,72.278080816,0.025,1.0720591081536668e-15
/epuck1/cmd_vel,72.318822632,0.025,1.0720591081536668e-15
/epuck1/cmd_vel,72.375685071,0.025,1.0720591081536668e-15
/epuck1/cmd_vel,72.410126065,0.025,1.0720591081536668e-15
/epuck1/cmd_vel,72.468052783,0.025,1.0720591081536668e-15
/epuck1/cmd_vel,72.52449286,0.025,1.0720591081536668e-15
/epuck1/cmd_vel,72.58469311,0.025,1.0720591081536668e-15
/epuck1/cmd_vel,72.623081029,0.025,1.0720591081536668e-15
/epuck1/cmd_vel,72.676007711,0.025,1.0720591081536668e-15
/epuck1/cmd_vel,72.71751558,0.025,1.0720591081536668e-15
/epuck1/cmd_vel,72.794082015,0.025,1.0720591081536668e-15
/epuck1/cmd_vel,72.832904268,0.025,1.0720591081536668e-15
/epuck1/cmd_vel,72.887341927,0.025,1.0720591081536668e-15
/epuck1/cmd_vel,72.923826396,0.025,1.0720591081536668e-15
/epuck1/cmd_vel,72.981927816,0.025,1.0720591081536668e-15
/epuck1/cmd_vel,73.040727073,0.025,1.0720591081536668e-15
/epuck1/cmd_vel,73.097526046,0.025,1.0720591081536668e-15
/epuck1/cmd_vel,73.133057634,0.025,1.0720591081536668e-15
/epuck1/cmd_vel,73.19015333,0.025,1.0720591081536668e-15
/epuck1/cmd_vel,73.230080415,0.025,1.0720591081536668e-15
/epuck1/cmd_vel,73.306506725,0.025,1.0720591081536668e-15
/epuck1/cmd_vel,73.343551138,0.025,1.0720591081536668e-15
/epuck1/cmd_vel,73.397421874,0.025,1.0720591081536668e-15
/epuck1/cmd_vel,73.43578359,0.025,1.0720591081536668e-15
/epuck1/cmd_vel,73.498123771,0.025,1.0720591081536668e-15
/epuck1/cmd_vel,73.557934136,0.025,1.0720591081536668e-15
/epuck1/cmd_vel,73.618026467,0.025,1.0720591081536668e-15
/epuck1/cmd_vel,73.655775595,0.025,1.0720591081536668e-15
/epuck1/cmd_vel,73.709585012,0.025,1.0720591081536668e-15
/epuck1/cmd_vel,73.749920688,0.025,1.0720591081536668e-15
/epuck1/cmd_vel,73.815391185,0.025,1.0720591081536668e-15
/epuck1/cmd_vel,73.855752414,0.025,1.0720591081536668e-15
/epuck1/cmd_vel,73.91313702,0.025,1.0720591081536668e-15
/epuck1/cmd_vel,73.950134696,0.025,1.0720591081536668e-15
/epuck1/cmd_vel,74.030320413,0.025,1.0720591081536668e-15
/epuck1/cmd_vel,74.078711979,0.025,1.0720591081536668e-15
/epuck1/cmd_vel,74.138925416,0.025,1.0720591081536668e-15
/epuck1/cmd_vel,74.173626863,0.025,1.0720591081536668e-15
/epuck1/cmd_vel,74.230919268,0.025,-0.002205830765888095
/epuck1/cmd_vel,74.272906278,0.025,-0.002205830765888095
/epuck1/cmd_vel,74.360099642,0.025,1.0720591081536668e-15
/epuck1/cmd_vel,74.401474068,0.025,1.0720591081536668e-15
/epuck1/cmd_vel,74.458452103,0.025,1.0720591081536668e-15
/epuck1/cmd_vel,74.494106054,0.025,1.0720591081536668e-15
/epuck1/cmd_vel,74.554177201,0.025,1.0720591081536668e-15
/epuck1/cmd_vel,74.595715628,0.025,1.0720591081536668e-15
/epuck1/cmd_vel,74.679955444,0.025,1.0720591081536668e-15
/epuck1/cmd_vel,74.71893932,0.025,1.0720591081536668e-15
/epuck1/cmd_vel,74.771388418,0.025,1.0720591081536668e-15
/epuck1/cmd_vel,74.809064582,0.025,1.0720591081536668e-15
/epuck1/cmd_vel,74.868902919,0.025,1.0720591081536668e-15
/epuck1/cmd_vel,74.93135794,0.025,1.0720591081536668e-15
/epuck1/cmd_vel,74.989054775,0.025,1.0720591081536668e-15
/epuck1/cmd_vel,75.025123854,0.025,1.0720591081536668e-15
/epuck1/cmd_vel,75.082710892,0.025,1.0720591081536668e-15
/epuck1/cmd_vel,75.1252441,0.025,1.0720591081536668e-15
/epuck1/cmd_vel,75.200262296,0.025,1.0720591081536668e-15
/epuck1/cmd_vel,75.24152976,0.025,1.0720591081536668e-15
/epuck1/cmd_vel,75.293885645,0.025,0.002205830765888095
/epuck1/cmd_vel,75.331262512,0.025,0.002205830765888095
/epuck1/cmd_vel,75.409382054,0.025,1.0720591081536668e-15
/epuck1/cmd_vel,75.449215296,0.025,1.0720591081536668e-15
/epuck1/cmd_vel,75.506455096,0.025,1.0720591081536668e-15
/epuck1/cmd_vel,75.542697391,0.025,1.0720591081536668e-15
/epuck1/cmd_vel,75.600602024,0.025,1.0720591081536668e-15
/epuck1/cmd_vel,75.661814793,0.025,1.0720591081536668e-15
/epuck1/cmd_vel,75.720098121,0.025,1.0720591081536668e-15
/epuck1/cmd_vel,75.757618562,0.025,1.0720591081536668e-15
/epuck1/cmd_vel,75.812087551,0.025,1.0720591081536668e-15
/epuck1/cmd_vel,75.850793501,0.025,1.0720591081536668e-15
/epuck1/cmd_vel,75.929912967,0.025,1.0720591081536668e-15
/epuck1/cmd_vel,75.969185757,0.025,1.0720591081536668e-15
/epuck1/cmd_vel,76.025185938,0.025,1.0720591081536668e-15
/epuck1/cmd_vel,76.060145314,0.025,1.0720591081536668e-15
/epuck1/cmd_vel,76.121287119,0.025,1.0720591081536668e-15
/epuck1/cmd_vel,76.176338575,0.025,1.0720591081536668e-15
/epuck1/cmd_vel,76.247885956,0.025,1.0720591081536668e-15
/epuck1/cmd_vel,76.285727049,0.025,1.0720591081536668e-15
/epuck1/cmd_vel,76.338253001,0.025,1.0720591081536668e-15
/epuck1/cmd_vel,76.377778904,0.025,1.0720591081536668e-15
/epuck1/cmd_vel,76.441727419,0.025,1.0720591081536668e-15
/epuck1/cmd_vel,76.503691796,0.025,1.0720591081536668e-15
/epuck1/cmd_vel,76.564516252,0.025,1.0720591081536668e-15
/epuck1/cmd_vel,76.601744292,0.025,1.0720591081536668e-15
/epuck1/cmd_vel,76.655586322,0.025,1.0720591081536668e-15
/epuck1/cmd_vel,76.696092769,0.025,1.0720591081536668e-15
/epuck1/cmd_vel,76.76954804,0.025,1.0720591081536668e-15
/epuck1/cmd_vel,76.822921983,0.025,1.0720591081536668e-15
/epuck1/cmd_vel,76.878839732,0.025,1.0720591081536668e-15
/epuck1/cmd_vel,76.915504467,0.025,1.0720591081536668e-15
/epuck1/cmd_vel,76.969592186,0.025,1.0720591081536668e-15
/epuck1/cmd_vel,77.009956097,0.025,1.0720591081536668e-15
/epuck1/cmd_vel,77.112550441,0.025,1.0720591081536668e-15
/epuck1/cmd_vel,77.155510262,0.025,1.0720591081536668e-15
/epuck1/cmd_vel,77.212606799,0.025,1.0720591081536668e-15
/epuck1/cmd_vel,77.247806244,0.025,1.0720591081536668e-15
/epuck1/cmd_vel,77.305328259,0.025,1.0720591081536668e-15
/epuck1/cmd_vel,77.35215429,0.025,1.0720591081536668e-15
/epuck1/cmd_vel,77.423325497,0.025,1.0720591081536668e-15
/epuck1/cmd_vel,77.464897561,0.025,1.0720591081536668e-15
/epuck1/cmd_vel,77.51950579,0.025,-0.002205830765888095
/epuck1/cmd_vel,77.555969803,0.025,-0.002205830765888095
/epuck1/cmd_vel,77.628868867,0.025,1.0720591081536668e-15
/epuck1/cmd_vel,77.669381107,0.025,1.0720591081536668e-15
/epuck1/cmd_vel,77.725531657,0.025,1.0720591081536668e-15
/epuck1/cmd_vel,77.760856,0.025,1.0720591081536668e-15
/epuck1/cmd_vel,77.822039387,0.025,1.0720591081536668e-15
/epuck1/cmd_vel,77.880014199,0.025,1.0720591081536668e-15
/epuck1/cmd_vel,77.940642384,0.025,1.0720591081536668e-15
/epuck1/cmd_vel,77.977131742,0.025,1.0720591081536668e-15
/epuck1/cmd_vel,78.03221169,0.025,1.0720591081536668e-15
/epuck1/cmd_vel,78.071432474,0.025,1.0720591081536668e-15
/epuck1/cmd_vel,78.149142742,0.025,1.0720591081536668e-15
/epuck1/cmd_vel,78.18956786,0.025,1.0720591081536668e-15
/epuck1/cmd_vel,78.245474941,0.025,1.0720591081536668e-15
/epuck1/cmd_vel,78.281960984,0.025,1.0720591081536668e-15
/epuck1/cmd_vel,78.343670448,0.025,1.0720591081536668e-15
/epuck1/cmd_vel,78.40174511,0.025,1.0720591081536668e-15
/epuck1/cmd_vel,78.461237771,0.025,1.0720591081536668e-15
/epuck1/cmd_vel,78.497746818,0.025,1.0720591081536668e-15
/epuck1/cmd_vel,78.552493563,0.025,1.0720591081536668e-15
/epuck1/cmd_vel,78.593293473,0.025,1.0720591081536668e-15
/epuck1/cmd_vel,78.672054683,0.025,1.0720591081536668e-15
/epuck1/cmd_vel,78.714735781,0.025,1.0720591081536668e-15
/epuck1/cmd_vel,78.765935219,0.025,1.0720591081536668e-15
/epuck1/cmd_vel,78.803329537,0.025,1.0720591081536668e-15
/epuck1/cmd_vel,78.876935183,0.025,1.0720591081536668e-15
/epuck1/cmd_vel,78.921341938,0.025,1.0720591081536668e-15
/epuck1/cmd_vel,78.975970769,0.025,1.0720591081536668e-15
/epuck1/cmd_vel,79.012067773,0.025,1.0720591081536668e-15
/epuck1/cmd_vel,79.069811418,0.025,1.0720591081536668e-15
/epuck1/cmd_vel,79.127208125,0.025,1.0720591081536668e-15
/epuck1/cmd_vel,79.189683555,0.025,1.0720591081536668e-15
/epuck1/cmd_vel,79.226426865,0.025,1.0720591081536668e-15
/epuck1/cmd_vel,79.281815206,0.025,1.0720591081536668e-15
/epuck1/cmd_vel,79.320805233,0.025,1.0720591081536668e-15
/epuck1/cmd_vel,79.395141084,0.025,1.0720591081536668e-15
/epuck1/cmd_vel,79.444759937,0.025,1.0720591081536668e-15
/epuck1/cmd_vel,79.503740496,0.025,1.0720591081536668e-15
/epuck1/cmd_vel,79.542520674,0.025,1.0720591081536668e-15
/epuck1/cmd_vel,79.599296366,0.025,1.0720591081536668e-15
/epuck2/cmd_vel,3.559702598,0.0,0.0
/epuck2/cmd_vel,3.619575504,0.0,0.0
/epuck2/cmd_vel,3.657160971,0.0,0.0
/epuck2/cmd_vel,3.71483548,0.0,0.0
/epuck2/cmd_vel,3.771920799,0.0,0.0
/epuck2/cmd_vel,3.807112828,0.0,0.0
/epuck2/cmd_vel,3.865620893,0.0,0.0
/epuck2/cmd_vel,3.904246027,0.0,0.0
/epuck2/cmd_vel,3.982807849,0.0,0.0
/epuck2/cmd_vel,4.021921724,0.0,0.0
/epuck2/cmd_vel,4.077228288,0.0,0.0
/epuck2/cmd_vel,4.132679949,0.0,0.0
/epuck2/cmd_vel,4.189051453,0.0,0.0
/epuck2/cmd_vel,4.230464238,0.0,0.0
/epuck2/cmd_vel,4.286249072,0.0,0.0
/epuck2/cmd_vel,4.322589258,0.0,0.0
/epuck2/cmd_vel,4.381477266,0.0,0.0
/epuck2/cmd_vel,4.43983106,0.0,0.0
/epuck2/cmd_vel,4.500532708,0.0,0.0
/epuck2/cmd_vel,4.535822326,0.0,0.0
/epuck2/cmd_vel,4.591013503,0.0,0.0
/epuck2/cmd_vel,4.63135595,0.0,0.0
/epuck2/cmd_vel,4.705317668,0.0,0.0
/epuck2/cmd_vel,4.742689611,0.0,0.0
/epuck2/cmd_vel,4.798234743,0.0,0.0
/epuck2/cmd_vel,4.835671304,0.0,0.0
/epuck2/cmd_vel,4.895499875,0.0,0.0
/epuck2/cmd_vel,4.948628195,0.0,0.0
/epuck2/cmd_vel,5.018463264,0.0,0.0
/epuck2/cmd_vel,5.057540683,0.0,0.0
/epuck2/cmd_vel,5.111227756,0.0,0.0
/epuck2/cmd_vel,5.15046553,0.0,0.0
/epuck2/cmd_vel,5.212413833,0.0,0.0
/epuck2/cmd_vel,5.27345036,0.0,0.0
/epuck2/cmd_vel,5.333240437,0.0,0.0
/epuck2/cmd_vel,5.371179308,0.0,0.0
/epuck2/cmd_vel,5.422934629,0.0,0.0
/epuck2/cmd_vel,5.462565215,0.0,0.0
/epuck2/cmd_vel,5.540397146,0.0,0.0
/epuck2/cmd_vel,5.5793533,0.0,0.0
/epuck2/cmd_vel,5.632536069,0.0,0.0
/epuck2/cmd_vel,5.669907012,0.0,0.0
/epuck2/cmd_vel,5.730024782,0.0,0.0
/epuck2/cmd_vel,5.789181513,0.0,0.0
/epuck2/cmd_vel,5.848348802,0.0,0.0
/epuck2/cmd_vel,5.885447606,0.0,0.0
/epuck2/cmd_vel,5.941182218,0.0,0.0
/epuck2/cmd_vel,5.982302637,0.0,0.0
/epuck2/cmd_vel,6.059036427,0.0,0.0
/epuck2/cmd_vel,6.097665736,0.0,0.0
/epuck2/cmd_vel,6.150284092,0.0,0.0
/epuck2/cmd_vel,6.189132786,0.0,0.0
/epuck2/cmd_vel,6.253585635,0.0,0.0
/epuck2/cmd_vel,6.330575108,0.0,0.0
/epuck2/cmd_vel,6.388329453,0.0,0.0
/epuck2/cmd_vel,6.426873302,0.0,0.0
/epuck2/cmd_vel,6.480194386,0.0,0.0
/epuck2/cmd_vel,6.520057533,0.0,0.0
/epuck2/cmd_vel,6.598293109,0.0,0.0
/epuck2/cmd_vel,6.636417934,0.0,0.0
/epuck2/cmd_vel,6.690205609,0.0,0.0
/epuck2/cmd_vel,6.729441316,0.0,0.0
/epuck2/cmd_vel,6.79001505,0.0,0.0
/epuck2/cmd_vel,6.842244294,0.0,0.0
/epuck2/cmd_vel,6.898668917,0.0,0.0
/epuck2/cmd_vel,6.934944838,0.0,0.0
/epuck2/cmd_vel,6.990440198,0.0,0.0
/epuck2/cmd_vel,7.033395358,0.0,0.0
/epuck2/cmd_vel,7.106301194,0.0,0.0
/epuck2/cmd_vel,7.144939509,0.0,0.0
/epuck2/cmd_vel,7.198214373,0.0,0.0
/epuck2/cmd_vel,7.23604139,0.0,0.0
/epuck2/cmd_vel,7.311601791,0.0,0.0
/epuck2/cmd_vel,7.351933498,0.0,0.0
/epuck2/cmd_vel,7.40836191,0.0,0.0
/epuck2/cmd_vel,7.443426968,0.0,0.0
/epuck2/cmd_vel,7.501149606,0.0,0.0
/epuck2/cmd_vel,7.558737127,0.0,0.0
/epuck2/cmd_vel,7.619972693,0.0,0.0
/epuck2/cmd_vel,7.653436197,0.0,0.0
/epuck2/cmd_vel,7.706360756,0.0,0.0
/epuck2/cmd_vel,7.746528927,0.0,0.0
/epuck2/cmd_vel,7.825277262,0.0,0.0
/epuck2/cmd_vel,7.865859292,0.0,0.0
/epuck2/cmd_vel,7.920915716,0.0,0.0
/epuck2/cmd_vel,7.956940514,0.0,0.0
/epuck2/cmd_vel,8.017271813,0.0,0.0
/epuck2/cmd_vel,8.072748831,0.0,0.0
/epuck2/cmd_vel,8.132139327,0.0,0.0
/epuck2/cmd_vel,8.170207167,0.0,0.0
/epuck2/cmd_vel,8.224909905,0.0,0.0
/epuck2/cmd_vel,8.267000808,0.0,0.0
/epuck2/cmd_vel,8.344601486,0.0,0.0
/epuck2/cmd_vel,8.381520021,0.0,0.0
/epuck2/cmd_vel,8.433013363,0.0,0.0
/epuck2/cmd_vel,8.470592204,0.0,0.0
/epuck2/cmd_vel,8.534013841,0.0,0.0
/epuck2/cmd_vel,8.596781453,0.0,0.0
/epuck2/cmd_vel,8.656515764,0.0,0.0
/epuck2/cmd_vel,8.693083106,0.0,0.0
/epuck2/cmd_vel,8.746055905,0.0,0.0
/epuck2/cmd_vel,8.785420825,0.0,0.0
/epuck2/cmd_vel,8.862429085,0.0,0.0
/epuck2/cmd_vel,8.912261983,0.0,0.0
/epuck2/cmd_vel,8.970434071,0.0,0.0
/epuck2/cmd_vel,9.006573253,0.0,0.0
/epuck2/cmd_vel,9.063045213,0.0,0.0
/epuck2/cmd_vel,9.105041043,0.0,0.0
/epuck2/cmd_vel,9.207287827,0.0,0.0
/epuck2/cmd_vel,9.243773942,0.0,0.0
/epuck2/cmd_vel,9.303631113,0.0,0.0
/epuck2/cmd_vel,9.337666289,0.0,0.0
/epuck2/cmd_vel,9.395483569,0.0,0.0
/epuck2/cmd_vel,9.453215631,0.0,0.0
/epuck2/cmd_vel,9.514374606,0.0,0.0
/epuck2/cmd_vel,9.552025406,0.0,0.0
/epuck2/cmd_vel,9.607769374,0.0,0.0
/epuck2/cmd_vel,9.648239047,0.0,0.0
/epuck2/cmd_vel,9.725440595,0.0,0.0
/epuck2/cmd_vel,9.762191654,0.0,0.0
/epuck2/cmd_vel,9.817250213,0.0,0.0
/epuck2/cmd_vel,9.85686663,0.0,0.0
/epuck2/cmd_vel,9.916170686,0.0,0.0
/epuck2/cmd_vel,9.973887786,0.0,0.0
/epuck2/cmd_vel,10.033159583,0.0,0.0
/epuck2/cmd_vel,10.069207316,0.0,0.0
/epuck2/cmd_vel,10.125659349,0.0,0.0
/epuck2/cmd_vel,10.166882378,0.0,0.0
/epuck2/cmd_vel,10.246530146,0.0,0.0
/epuck2/cmd_vel,10.28655182,0.0,0.0
/epuck2/cmd_vel,10.340723626,0.0,0.0
/epuck2/cmd_vel,10.378304582,0.0,0.0
/epuck2/cmd_vel,10.456967636,0.0,0.0
/epuck2/cmd_vel,10.500190438,0.0,0.0
/epuck2/cmd_vel,10.556885726,0.0,0.0
/epuck2/cmd_vel,10.590826928,0.0,0.0
/epuck2/cmd_vel,10.649668366,0.0,0.0
/epuck2/cmd_vel,10.706412849,0.0,0.0
/epuck2/cmd_vel,10.76769329,0.0,0.0
/epuck2/cmd_vel,10.803443514,0.0,0.0
/epuck2/cmd_vel,10.858795909,0.0,0.0
/epuck2/cmd_vel,10.899461148,0.0,0.0
/epuck2/cmd_vel,10.978950258,0.0,0.0
/epuck2/cmd_vel,11.018941003,0.0,0.0
/epuck2/cmd_vel,11.072895283,0.0,0.0
/epuck2/cmd_vel,11.110898989,0.0,0.0
/epuck2/cmd_vel,11.171293075,0.0,0.0
/epuck2/cmd_vel,11.22511296,0.0,0.0
/epuck2/cmd_vel,11.298745952,0.0,0.0
/epuck2/cmd_vel,11.337137644,0.0,0.0
/epuck2/cmd_vel,11.391191084,0.0,0.0
/epuck2/cmd_vel,11.430814582,0.0,0.0
/epuck2/cmd_vel,11.506988504,0.0,0.0
/epuck2/cmd_vel,11.549586219,0.0,0.0
/epuck2/cmd_vel,11.606067737,0.0,0.0
/epuck2/cmd_vel,11.641713735,0.0,0.0
/epuck2/cmd_vel,11.699648737,0.0,0.0
/epuck2/cmd_vel,11.742341183,0.0,0.0
/epuck2/cmd_vel,11.825686183,0.0,0.0
/epuck2/cmd_vel,11.865722645,0.0,0.0
/epuck2/cmd_vel,11.917027293,0.0,0.0
/epuck2/cmd_vel,11.956107839,0.0,0.0
/epuck2/cmd_vel,12.014937247,0.0,0.0
/epuck2/cmd_vel,12.084250359,0.0,0.0
/epuck2/cmd_vel,12.155370331,0.0,0.0
/epuck2/cmd_vel,12.196766311,0.0,0.0
/epuck2/cmd_vel,12.249941566,0.0,0.0
/epuck2/cmd_vel,12.287551086,0.0,0.0
/epuck2/cmd_vel,12.367225234,0.0,0.0
/epuck2/cmd_vel,12.410886274,0.0,0.0
/epuck2/cmd_vel,12.465469814,0.0,0.0
/epuck2/cmd_vel,12.502129964,0.0,0.0
/epuck2/cmd_vel,12.558883517,0.0,0.0
/epuck2/cmd_vel,12.615089573,0.0,0.0
/epuck2/cmd_vel,12.677289437,0.0,0.0
/epuck2/cmd_vel,12.712982209,0.0,0.0
/epuck2/cmd_vel,12.766512921,0.0,0.0
/epuck2/cmd_vel,12.806961216,0.0,0.0
/epuck2/cmd_vel,12.88697988,0.0,0.0
/epuck2/cmd_vel,12.928112522,0.0,0.0
/epuck2/cmd_vel,12.983661728,0.0,0.0
/epuck2/cmd_vel,13.020386405,0.0,0.0
/epuck2/cmd_vel,13.081756717,0.0,0.0
/epuck2/cmd_vel,13.136276677,0.0,0.0
/epuck2/cmd_vel,13.194049402,0.0,0.0
/epuck2/cmd_vel,13.232606873,0.0,0.0
/epuck2/cmd_vel,13.287137581,0.0,0.0
/epuck2/cmd_vel,13.328009371,0.0,0.0
/epuck2/cmd_vel,13.407335075,0.0,0.0
/epuck2/cmd_vel,13.444585071,0.0,0.0
/epuck2/cmd_vel,13.498946934,0.0,0.0
/epuck2/cmd_vel,13.535926938,0.0,0.0
/epuck2/cmd_vel,13.615772436,0.0,0.0
/epuck2/cmd_vel,13.657147549,0.0,0.0
/epuck2/cmd_vel,13.715448105,0.0,0.0
/epuck2/cmd_vel,13.750609478,0.0,0.0
/epuck2/cmd_vel,13.808959147,0.0,0.0
/epuck2/cmd_vel,13.86815446,0.0,0.0
/epuck2/cmd_vel,13.927743648,0.0,0.0
/epuck2/cmd_vel,13.963917848,0.0,0.0
/epuck2/cmd_vel,14.016943838,0.0,0.0
/epuck2/cmd_vel,14.057638408,0.0,0.0
/epuck2/cmd_vel,14.135132761,0.0,0.0
/epuck2/cmd_vel,14.183635873,0.0,0.0
/epuck2/cmd_vel,14.242043639,0.0,0.0
/epuck2/cmd_vel,14.280783489,0.0,0.0
/epuck2/cmd_vel,14.335822703,0.0,0.0
/epuck2/cmd_vel,14.378306817,0.0,0.0
/epuck2/cmd_vel,14.455174483,0.0,0.0
/epuck2/cmd_vel,14.493733604,0.0,0.0
/epuck2/cmd_vel,14.547276497,0.0,0.0
/epuck2/cmd_vel,14.586365165,0.0,0.0
/epuck2/cmd_vel,14.664313803,0.0,0.0
/epuck2/cmd_vel,14.704673906,0.0,0.0
/epuck2/cmd_vel,14.761444661,0.0,0.0
/epuck2/cmd_vel,14.796662609,0.0,0.0
/epuck2/cmd_vel,14.854561537,0.0,0.0
/epuck2/cmd_vel,14.898026943,0.0,0.0
/epuck2/cmd_vel,14.978982467,0.0,0.0
/epuck2/cmd_vel,15.019204896,0.0,0.0
/epuck2/cmd_vel,15.073661814,0.0,0.0
/epuck2/cmd_vel,15.109418894,0.0,0.0
/epuck2/cmd_vel,15.169946557,0.0,0.0
/epuck2/cmd_vel,15.225721301,0.0,0.0
/epuck2/cmd_vel,15.289566039,0.0,0.0
/epuck2/cmd_vel,15.326211196,0.0,0.0
/epuck2/cmd_vel,15.378483669,0.0,0.0
/epuck2/cmd_vel,15.418702187,0.0,0.0
/epuck2/cmd_vel,15.489646021,0.0,0.0
/epuck2/cmd_vel,15.541305353,0.0,0.0
/epuck2/cmd_vel,15.598255744,0.0,0.0
/epuck2/cmd_vel,15.636108933,0.0,0.0
/epuck2/cmd_vel,15.693999639,0.0,0.0
/epuck2/cmd_vel,15.734858671,0.0,0.0
/epuck2/cmd_vel,15.813320507,0.0,0.0
/epuck2/cmd_vel,15.848586953,0.0,0.0
/epuck2/cmd_vel,15.903004503,0.0,0.0
/epuck2/cmd_vel,15.94195839,0.0,0.0
/epuck2/cmd_vel,16.020100223,0.0,0.0
/epuck2/cmd_vel,16.059153605,0.0,0.0
/epuck2/cmd_vel,16.116289392,0.0,0.0
/epuck2/cmd_vel,16.150881915,0.0,0.0
/epuck2/cmd_vel,16.209168862,0.0,0.0
/epuck2/cmd_vel,16.271574096,0.0,0.0
/epuck2/cmd_vel,16.330972627,0.0,0.0
/epuck2/cmd_vel,16.369299282,0.0,0.0
/epuck2/cmd_vel,16.423239995,0.0,0.0
/epuck2/cmd_vel,16.462823418,0.0,0.0
/epuck2/cmd_vel,16.540478495,0.0,0.0
/epuck2/cmd_vel,16.58956097,0.0,0.0
/epuck2/cmd_vel,16.647306454,0.0,0.0
/epuck2/cmd_vel,16.683503127,0.0,0.0
/epuck2/cmd_vel,16.739571318,0.0,0.0
/epuck2/cmd_vel,16.780521524,0.0,0.0
/epuck2/cmd_vel,16.881701816,0.0,0.0
/epuck2/cmd_vel,16.922736077,0.0,0.0
/epuck2/cmd_vel,16.979694768,0.0,0.0
/epuck2/cmd_vel,17.015745855,0.0,0.0
/epuck2/cmd_vel,17.07340258,0.0,0.0
/epuck2/cmd_vel,17.130389409,0.0,0.0
/epuck2/cmd_vel,17.190521049,0.0,0.0
/epuck2/cmd_vel,17.228936503,0.0,0.0
/epuck2/cmd_vel,17.281042594,0.0,0.0
/epuck2/cmd_vel,17.322622787,0.0,0.0
/epuck2/cmd_vel,17.398004053,0.0,0.0
/epuck2/cmd_vel,17.436567204,0.0,0.0
/epuck2/cmd_vel,17.490578648,0.0,0.0
/epuck2/cmd_vel,17.528988894,0.0,0.0
/epuck2/cmd_vel,17.587882577,0.0,0.0
/epuck2/cmd_vel,17.649736624,0.0,0.0
/epuck2/cmd_vel,17.709276773,0.0,0.0
/epuck2/cmd_vel,17.747518594,0.0,0.0
/epuck2/cmd_vel,17.801684727,0.0,0.0
/epuck2/cmd_vel,17.841185538,0.0,0.0
/epuck2/cmd_vel,17.91535683,0.0,0.0
/epuck2/cmd_vel,17.954651378,0.0,0.0
/epuck2/cmd_vel,18.00931871,0.0,0.0
/epuck2/cmd_vel,18.04584056,0.0,0.0
/epuck2/cmd_vel,18.127991678,0.0,0.0
/epuck2/cmd_vel,18.167348675,0.0,0.0
/epuck2/cmd_vel,18.223513995,0.0,0.0
/epuck2/cmd_vel,18.259896033,0.0,0.0
/epuck2/cmd_vel,18.319020299,0.0,0.0
/epuck2/cmd_vel,18.373291918,0.0,0.0
/epuck2/cmd_vel,18.434930977,0.0,0.0
/epuck2/cmd_vel,18.470909596,0.0,0.0
/epuck2/cmd_vel,18.5271815,0.0,0.0
/epuck2/cmd_vel,18.567433006,0.0,0.0
/epuck2/cmd_vel,18.636853833,0.0,0.0
/epuck2/cmd_vel,18.690866647,0.0,0.0
/epuck2/cmd_vel,18.749557769,0.0,0.0
/epuck2/cmd_vel,18.786101836,0.0,0.0
/epuck2/cmd_vel,18.844568378,0.0,0.0
/epuck2/cmd_vel,18.884772793,0.0,0.0
/epuck2/cmd_vel,18.967775837,0.0,0.0
/epuck2/cmd_vel,19.008147504,0.0,0.0
/epuck2/cmd_vel,19.064077253,0.0,0.0
/epuck2/cmd_vel,19.100195086,0.0,0.0
/epuck2/cmd_vel,19.158048439,0.0,0.0
/epuck2/cmd_vel,19.198511435,0.0,0.0
/epuck2/cmd_vel,19.281312515,0.0,0.0
/epuck2/cmd_vel,19.323030205,0.0,0.0
/epuck2/cmd_vel,19.377649943,0.0,0.0
/epuck2/cmd_vel,19.413675647,0.0,0.0
/epuck2/cmd_vel,19.475936883,0.0,0.0
/epuck2/cmd_vel,19.529653938,0.0,0.0
/epuck2/cmd_vel,19.587132773,0.0,0.0
/epuck2/cmd_vel,19.623380646,0.0,0.0
/epuck2/cmd_vel,19.677988381,0.0,0.0
/epuck2/cmd_vel,19.719251128,0.0,0.0
/epuck2/cmd_vel,19.798187836,0.0,0.0
/epuck2/cmd_vel,19.833817373,0.0,0.0
/epuck2/cmd_vel,19.889060337,0.0,0.0
/epuck2/cmd_vel,19.927018327,0.0,0.0
/epuck2/cmd_vel,20.004098085,0.0,0.0
/epuck2/cmd_vel,20.045406821,0.0,0.0
/epuck2/cmd_vel,20.101299617,0.0,0.0
/epuck2/cmd_vel,20.13914152,0.0,0.0
/epuck2/cmd_vel,20.196248587,0.0,0.0
/epuck2/cmd_vel,20.271509737,0.0,0.0
/epuck2/cmd_vel,20.310529215,0.0,0.0
/epuck2/cmd_vel,20.346776186,0.0,0.0
/epuck2/cmd_vel,20.403087438,0.0,0.0
/epuck2/cmd_vel,20.443174003,0.0,0.0
/epuck2/cmd_vel,20.519167049,0.0,0.0
/epuck2/cmd_vel,20.559108762,0.0,0.0
/epuck2/cmd_vel,20.611602814,0.0,0.0
/epuck2/cmd_vel,20.650339587,0.0,0.0
/epuck2/cmd_vel,20.709635539,0.0,0.0
/epuck2/cmd_vel,20.793716823,0.0,0.0
/epuck2/cmd_vel,20.835224784,0.0,0.0
/epuck2/cmd_vel,20.873848686,0.0,0.0
/epuck2/cmd_vel,20.929476092,0.0,0.0
/epuck2/cmd_vel,20.967712387,0.0,0.0
/epuck2/cmd_vel,21.028025252,0.0,0.0
/epuck2/cmd_vel,21.092861757,0.0,0.0
/epuck2/cmd_vel,21.149842686,0.0,0.0
/epuck2/cmd_vel,21.186590026,0.0,0.0
/epuck2/cmd_vel,21.240798341,0.0,0.0
/epuck2/cmd_vel,21.300933295,0.0,0.0
/epuck2/cmd_vel,21.354747806,0.0,0.0
/epuck2/cmd_vel,21.406841378,0.0,0.0
/epuck2/cmd_vel,21.466963938,0.0,0.0
/epuck2/cmd_vel,21.503040812,0.0,0.0
/epuck2/cmd_vel,21.560095206,0.0,0.0
/epuck2/cmd_vel,21.598420556,0.0,0.0
/epuck2/cmd_vel,21.697098053,0.0,0.0
/epuck2/cmd_vel,21.73657143,0.0,0.0
/epuck2/cmd_vel,21.794728757,0.0,0.0
/epuck2/cmd_vel,21.844837406,0.0,0.0
/epuck2/cmd_vel,21.885569655,0.0,0.0
/epuck2/cmd_vel,21.943400661,0.0,0.0
/epuck2/cmd_vel,22.003513194,0.0,0.0
/epuck2/cmd_vel,22.039620042,0.0,0.0
/epuck2/cmd_vel,22.094335107,0.0,0.0
/epuck2/cmd_vel,22.134057885,0.0,0.0
/epuck2/cmd_vel,22.21305371,0.0,0.0
/epuck2/cmd_vel,22.253264288,0.0,0.0
/epuck2/cmd_vel,22.306198716,0.0,0.0
/epuck2/cmd_vel,22.344053727,0.0,0.0
/epuck2/cmd_vel,22.404549945,0.0,0.0
/epuck2/cmd_vel,22.461164151,0.0,0.0
/epuck2/cmd_vel,22.521750795,0.0,0.0
/epuck2/cmd_vel,22.553677775,0.0,0.0
/epuck2/cmd_vel,22.609864132,0.0,0.0
/epuck2/cmd_vel,22.655181415,0.0,0.0
/epuck2/cmd_vel,22.728652678,0.0,0.0
/epuck2/cmd_vel,22.76580057,0.0,0.0
/epuck2/cmd_vel,22.820270343,0.0,0.0
/epuck2/cmd_vel,22.858956479,0.0,0.0
/epuck2/cmd_vel,22.936739599,0.0,0.0
/epuck2/cmd_vel,22.979682341,0.0,0.0
/epuck2/cmd_vel,23.036190423,0.0,0.0
/epuck2/cmd_vel,23.07233736,0.0,0.0
/epuck2/cmd_vel,23.130498719,0.0,0.0
/epuck2/cmd_vel,23.184270618,0.0,0.0
/epuck2/cmd_vel,23.243165468,0.0,0.0
/epuck2/cmd_vel,23.281027514,0.0,0.0
/epuck2/cmd_vel,23.333591845,0.0,0.0
/epuck2/cmd_vel,23.372996988,0.0,0.0
/epuck2/cmd_vel,23.450476543,0.0,0.0
/epuck2/cmd_vel,23.490545454,0.0,0.0
/epuck2/cmd_vel,23.546421434,0.0,0.0
/epuck2/cmd_vel,23.581448206,0.0,0.0
/epuck2/cmd_vel,23.638210907,0.0,0.0
/epuck2/cmd_vel,23.686462195,0.0,0.0
/epuck2/cmd_vel,23.746616955,0.0,0.0
/epuck2/cmd_vel,23.783249357,0.0,0.0
/epuck2/cmd_vel,23.838731999,0.0,0.0
/epuck2/cmd_vel,23.878958022,0.0,0.0
/epuck2/cmd_vel,23.967439932,0.0,0.0
/epuck2/cmd_vel,24.008148303,0.0,0.0
/epuck2/cmd_vel,24.063747083,0.0,0.0
/epuck2/cmd_vel,24.099034769,0.0,0.0
/epuck2/cmd_vel,24.157031712,0.0,0.0
/epuck2/cmd_vel,24.196656746,0.0,0.0
/epuck2/cmd_vel,24.280159274,0.0,0.0
/epuck2/cmd_vel,24.320512525,0.0,0.0
/epuck2/cmd_vel,24.373810809,0.0,0.0
/epuck2/cmd_vel,24.411566964,0.0,0.0
/epuck2/cmd_vel,24.469255724,0.0,0.0
/epuck2/cmd_vel,24.523785546,0.0,0.0
/epuck2/cmd_vel,24.598979785,0.0,0.0
/epuck2/cmd_vel,24.632816928,0.0,0.0
/epuck2/cmd_vel,24.687263862,0.0,0.0
/epuck2/cmd_vel,24.724716526,0.0,0.0
/epuck2/cmd_vel,24.792260069,0.0,0.0
/epuck2/cmd_vel,24.832954278,0.0,0.0
/epuck2/cmd_vel,24.889611404,0.0,0.0
/epuck2/cmd_vel,24.924958981,0.0,0.0
/epuck2/cmd_vel,24.980677376,0.0,0.0
/epuck2/cmd_vel,25.02236523,0.0,0.0
/epuck2/cmd_vel,25.104446364,0.0,0.0
/epuck2/cmd_vel,25.14626082,0.0,0.0
/epuck2/cmd_vel,25.200943636,0.0,0.0
/epuck2/cmd_vel,25.235798385,0.0,0.0
/epuck2/cmd_vel,25.295987283,0.0,0.0
/epuck2/cmd_vel,25.35384433,0.0,0.0
/epuck2/cmd_vel,25.411710763,0.0,0.0
/epuck2/cmd_vel,25.449294141,0.0,0.0
/epuck2/cmd_vel,25.505501072,0.0,0.0
/epuck2/cmd_vel,25.547585405,0.0,0.0
/epuck2/cmd_vel,25.623833169,0.0,0.0
/epuck2/cmd_vel,25.661751124,0.0,0.0
/epuck2/cmd_vel,25.714537208,0.0,0.0
/epuck2/cmd_vel,25.754124849,0.0,0.0
/epuck2/cmd_vel,25.831303746,0.0,0.0
/epuck2/cmd_vel,25.870573766,0.0,0.0
/epuck2/cmd_vel,25.926289541,0.0,0.0
/epuck2/cmd_vel,25.960405901,0.0,0.0
/epuck2/cmd_vel,26.021391532,0.0,0.0
/epuck2/cmd_vel,26.080760898,0.0,0.0
/epuck2/cmd_vel,26.13963124,0.0,0.0
/epuck2/cmd_vel,26.177939747,0.0,0.0
/epuck2/cmd_vel,26.229246954,0.0,0.0
/epuck2/cmd_vel,26.27145602,0.0,0.0
/epuck2/cmd_vel,26.345580506,0.0,0.0
/epuck2/cmd_vel,26.388434141,0.0,0.0
/epuck2/cmd_vel,26.442063375,0.0,0.0
/epuck2/cmd_vel,26.478503459,0.0,0.0
/epuck2/cmd_vel,26.538943747,0.0,0.0
/epuck2/cmd_vel,26.598627662,0.0,0.0
/epuck2/cmd_vel,26.658410303,0.0,0.0
/epuck2/cmd_vel,26.692862274,0.0,0.0
/epuck2/cmd_vel,26.749177498,0.0,0.0
/epuck2/cmd_vel,26.789799347,0.0,0.0
/epuck2/cmd_vel,26.864017095,0.0,0.0
/epuck2/cmd_vel,26.902187633,0.0,0.0
/epuck2/cmd_vel,26.95538992,0.0,0.0
/epuck2/cmd_vel,26.998318226,0.0,0.0
/epuck2/cmd_vel,27.069236011,0.0,0.0
/epuck2/cmd_vel,27.110684358,0.0,0.0
/epuck2/cmd_vel,27.169351955,0.0,0.0
/epuck2/cmd_vel,27.203963524,0.0,0.0
/epuck2/cmd_vel,27.262937832,0.0,0.0
/epuck2/cmd_vel,27.304100527,0.0,0.0
/epuck2/cmd_vel,27.385154956,0.0,0.0
/epuck2/cmd_vel,27.426214749,0.0,0.0
/epuck2/cmd_vel,27.479337988,0.0,0.0
/epuck2/cmd_vel,27.517251718,0.0,0.0
/epuck2/cmd_vel,27.577286691,0.0,0.0
/epuck2/cmd_vel,27.627229933,0.0,0.0
/epuck2/cmd_vel,27.712924956,0.0,0.0
/epuck2/cmd_vel,27.75055014,0.0,0.0
/epuck2/cmd_vel,27.803541981,0.0,0.0
/epuck2/cmd_vel,27.84225797,0.0,0.0
/epuck2/cmd_vel,27.905464308,0.0,0.0
/epuck2/cmd_vel,27.957799486,0.0,0.0
/epuck2/cmd_vel,28.016275788,0.0,0.0
/epuck2/cmd_vel,28.053228416,0.0,0.0
/epuck2/cmd_vel,28.109792664,0.0,0.0
/epuck2/cmd_vel,28.149698297,0.0,0.0
/epuck2/cmd_vel,28.226081637,0.0,0.0
/epuck2/cmd_vel,28.262439094,0.0,0.0
/epuck2/cmd_vel,28.316754384,0.0,0.0
/epuck2/cmd_vel,28.354180036,0.0,0.0
/epuck2/cmd_vel,28.430556091,0.0,0.0
/epuck2/cmd_vel,28.473082714,0.0,0.0
/epuck2/cmd_vel,28.52670733,0.0,0.0
/epuck2/cmd_vel,28.564325579,0.0,0.0
/epuck2/cmd_vel,28.620041245,0.0,0.0
/epuck2/cmd_vel,28.674815917,0.0,0.0
/epuck2/cmd_vel,28.736251687,0.0,0.0
/epuck2/cmd_vel,28.77426186,0.0,0.0
/epuck2/cmd_vel,28.828852251,0.0,0.0
/epuck2/cmd_vel,28.870400445,0.0,0.0
/epuck2/cmd_vel,28.944554968,0.0,0.0
/epuck2/cmd_vel,28.984726716,0.0,0.0
/epuck2/cmd_vel,29.038244617,0.0,0.0
/epuck2/cmd_vel,29.075520809,0.0,0.0
/epuck2/cmd_vel,29.132813887,0.0,0.0
/epuck2/cmd_vel,29.200601959,0.0,0.0
/epuck2/cmd_vel,29.257211752,0.0,0.0
/epuck2/cmd_vel,29.295484588,0.0,0.0
/epuck2/cmd_vel,29.35127861,0.0,0.0
/epuck2/cmd_vel,29.394419439,0.0,0.0
/epuck2/cmd_vel,29.473210204,0.0,0.0
/epuck2/cmd_vel,29.512926329,0.0,0.0
/epuck2/cmd_vel,29.56407094,0.0,0.0
/epuck2/cmd_vel,29.603236067,0.0,0.0
/epuck2/cmd_vel,29.68028056,0.0,0.0
/epuck2/cmd_vel,29.722227611,0.0,0.0
/epuck2/cmd_vel,29.780503965,0.0,0.0
/epuck2/cmd_vel,29.814054629,0.0,0.0
/epuck2/cmd_vel,29.874116103,0.0,0.0
/epuck2/cmd_vel,29.925134256,0.0,0.0
/epuck2/cmd_vel,29.984856569,0.0,0.0
/epuck2/cmd_vel,30.020370289,0.0,0.0
/epuck2/cmd_vel,30.075360612,0.0,0.0
/epuck2/cmd_vel,30.115984985,0.0,0.0
/epuck2/cmd_vel,30.193973797,0.0,0.0
/epuck2/cmd_vel,30.23342188,0.0,0.0
/epuck2/cmd_vel,30.288832563,0.0,0.0
/epuck2/cmd_vel,30.327085404,0.0,0.0
/epuck2/cmd_vel,30.385732379,0.0,0.0
/epuck2/cmd_vel,30.444868344,0.0,0.0
/epuck2/cmd_vel,30.503121493,0.0,0.0
/epuck2/cmd_vel,30.538915718,0.0,0.0
/epuck2/cmd_vel,30.595774917,0.0,0.0
/epuck2/cmd_vel,30.634961447,0.0,0.0
/epuck2/cmd_vel,30.71439259,0.0,0.0
/epuck2/cmd_vel,30.750722191,0.0,0.0
/epuck2/cmd_vel,30.803527353,0.0,0.0
/epuck2/cmd_vel,30.842446269,0.0,0.0
/epuck2/cmd_vel,30.905786183,0.0,0.0
/epuck2/cmd_vel,30.96792349,0.0,0.0
/epuck2/cmd_vel,31.028174249,0.0,0.0
/epuck2/cmd_vel,31.065281224,0.0,0.0
/epuck2/cmd_vel,31.120327167,0.0,0.0
/epuck2/cmd_vel,31.15854728,0.0,0.0
/epuck2/cmd_vel,31.230926848,0.0,0.0
/epuck2/cmd_vel,31.285007574,0.0,0.0
/epuck2/cmd_vel,31.340707635,0.0,0.0
/epuck2/cmd_vel,31.378222661,0.0,0.0
/epuck2/cmd_vel,31.432648998,0.0,0.0
/epuck2/cmd_vel,31.472472886,0.0,0.0
/epuck2/cmd_vel,31.557677373,0.0,0.0
/epuck2/cmd_vel,31.599113217,0.0,0.0
/epuck2/cmd_vel,31.657042146,0.0,0.0
/epuck2/cmd_vel,31.689863143,0.0,0.0
/epuck2/cmd_vel,31.749221098,0.0,0.0
/epuck2/cmd_vel,31.791880594,0.0,0.0
/epuck2/cmd_vel,31.877358248,0.0,0.0
/epuck2/cmd_vel,31.91559537,0.0,0.0
/epuck2/cmd_vel,31.970229133,0.0,0.0
/epuck2/cmd_vel,32.007586391,0.0,0.0
/epuck2/cmd_vel,32.06574509,0.0,0.0
/epuck2/cmd_vel,32.11693939,0.0,0.0
/epuck2/cmd_vel,32.186023665,0.0,0.0
/epuck2/cmd_vel,32.225397068,0.0,0.0
/epuck2/cmd_vel,32.278033736,0.0,0.0
/epuck2/cmd_vel,32.315519154,0.0,0.0
/epuck2/cmd_vel,32.395958164,0.0,0.0
/epuck2/cmd_vel,32.435477978,0.0,0.0
/epuck2/cmd_vel,32.491512819,0.0,0.0
/epuck2/cmd_vel,32.527148053,0.0,0.0
/epuck2/cmd_vel,32.584458006,0.0,0.0
/epuck2/cmd_vel,32.643662527,0.0,0.0
/epuck2/cmd_vel,32.702890784,0.0,0.0
/epuck2/cmd_vel,32.740935217,0.0,0.0
/epuck2/cmd_vel,32.796436252,0.0,0.0
/epuck2/cmd_vel,32.83638386,0.0,0.0
/epuck2/cmd_vel,32.914641648,0.0,0.0
/epuck2/cmd_vel,32.953592578,0.0,0.0
/epuck2/cmd_vel,33.006631834,0.0,0.0
/epuck2/cmd_vel,33.045879454,0.0,0.0
/epuck2/cmd_vel,33.103179774,0.0,0.0
/epuck2/cmd_vel,33.157998271,0.0,0.0
/epuck2/cmd_vel,33.217674204,0.0,0.0
/epuck2/cmd_vel,33.252754105,0.0,0.0
/epuck2/cmd_vel,33.310868402,0.0,0.0
/epuck2/cmd_vel,33.351494856,0.0,0.0
/epuck2/cmd_vel,33.427551754,0.0,0.0
/epuck2/cmd_vel,33.464367415,0.0,0.0
/epuck2/cmd_vel,33.518596323,0.0,0.0
/epuck2/cmd_vel,33.557127399,0.0,0.0
/epuck2/cmd_vel,33.636318339,0.0,0.0
/epuck2/cmd_vel,33.678539239,0.0,0.0
/epuck2/cmd_vel,33.733893673,0.0,0.0
/epuck2/cmd_vel,33.769284325,0.0,0.0
/epuck2/cmd_vel,33.828499472,0.0,0.0
/epuck2/cmd_vel,33.888167744,0.0,0.0
/epuck2/cmd_vel,33.947315671,0.0,0.0
/epuck2/cmd_vel,33.985442173,0.0,0.0
/epuck2/cmd_vel,34.037663067,0.0,0.0
/epuck2/cmd_vel,34.07995572,0.0,0.0
/epuck2/cmd_vel,34.15529049,0.0,0.0
/epuck2/cmd_vel,34.195422783,0.0,0.0
/epuck2/cmd_vel,34.252038091,0.0,0.0
/epuck2/cmd_vel,34.286101452,0.0,0.0
/epuck2/cmd_vel,34.347603996,0.0,0.0
/epuck2/cmd_vel,34.403535815,0.0,0.0
/epuck2/cmd_vel,34.464349983,0.0,0.0
/epuck2/cmd_vel,34.499542089,0.0,0.0
/epuck2/cmd_vel,34.555452068,0.0,0.0
/epuck2/cmd_vel,34.597680002,0.0,0.0
/epuck2/cmd_vel,34.673063536,0.0,0.0
/epuck2/cmd_vel,34.710392467,0.0,0.0
/epuck2/cmd_vel,34.76502801,0.0,0.0
/epuck2/cmd_vel,34.804610502,0.0,0.0
/epuck2/cmd_vel,34.879777462,0.0,0.0
/epuck2/cmd_vel,34.918033623,0.0,0.0
/epuck2/cmd_vel,34.974261613,0.0,0.0
/epuck2/cmd_vel,35.011341729,0.0,0.0
/epuck2/cmd_vel,35.067820105,0.0,0.0
/epuck2/cmd_vel,35.108281874,0.0,0.0
/epuck2/cmd_vel,35.192061065,0.0,0.0
/epuck2/cmd_vel,35.233424361,0.0,0.0
/epuck2/cmd_vel,35.295122346,0.0,0.0
/epuck2/cmd_vel,35.330106043,0.0,0.0
/epuck2/cmd_vel,35.392978877,0.0,0.0
/epuck2/cmd_vel,35.444252601,0.0,0.0
/epuck2/cmd_vel,35.50017935,0.0,0.0
/epuck2/cmd_vel,35.53769642,0.0,0.0
/epuck2/cmd_vel,35.593091985,0.0,0.0
/epuck2/cmd_vel,35.634089425,0.0,0.0
/epuck2/cmd_vel,35.720388228,0.0,0.0
/epuck2/cmd_vel,35.760336162,0.0,0.0
/epuck2/cmd_vel,35.815645965,0.0,0.0
/epuck2/cmd_vel,35.850659333,0.0,0.0
/epuck2/cmd_vel,35.910694472,0.0,0.0
/epuck2/cmd_vel,35.951160413,0.0,0.0
/epuck2/cmd_vel,36.033329504,0.0,0.0
/epuck2/cmd_vel,36.071395411,0.0,0.0
/epuck2/cmd_vel,36.127629682,0.0,0.0
/epuck2/cmd_vel,36.167071097,0.0,0.0
/epuck2/cmd_vel,36.223786671,0.0,0.0
/epuck2/cmd_vel,36.278938484,0.0,0.0
/epuck2/cmd_vel,36.335498111,0.0,0.0
/epuck2/cmd_vel,36.372391621,0.0,0.0
/epuck2/cmd_vel,36.430361155,0.0,0.0
/epuck2/cmd_vel,36.4690344,0.0,0.0
/epuck2/cmd_vel,36.541072693,0.0,0.0
/epuck2/cmd_vel,36.57776587,0.0,0.0
/epuck2/cmd_vel,36.63314546,0.0,0.0
/epuck2/cmd_vel,36.669443569,0.0,0.0
/epuck2/cmd_vel,36.742178989,0.0,0.0
/epuck2/cmd_vel,36.783008504,0.0,0.0
/epuck2/cmd_vel,36.83620342,0.0,0.0
/epuck2/cmd_vel,36.874578002,0.0,0.0
/epuck2/cmd_vel,36.930782078,0.0,0.0
/epuck2/cmd_vel,36.989177674,0.0,0.0
/epuck2/cmd_vel,37.048557106,0.0,0.0
/epuck2/cmd_vel,37.083712261,0.0,0.0
/epuck2/cmd_vel,37.137181798,0.0,0.0
/epuck2/cmd_vel,37.178590647,0.0,0.0
/epuck2/cmd_vel,37.256723683,0.0,0.0
/epuck2/cmd_vel,37.297195759,0.0,0.0
/epuck2/cmd_vel,37.351706864,0.0,0.0
/epuck2/cmd_vel,37.387880154,0.0,0.0
/epuck2/cmd_vel,37.449571057,0.0,0.0
/epuck2/cmd_vel,37.504754006,0.0,0.0
/epuck2/cmd_vel,37.563629106,0.0,0.0
/epuck2/cmd_vel,37.598346336,0.0,0.0
/epuck2/cmd_vel,37.655646422,0.0,0.0
/epuck2/cmd_vel,37.694763243,0.0,0.0
/epuck2/cmd_vel,37.770919733,0.0,0.0
/epuck2/cmd_vel,37.808299742,0.0,0.0
/epuck2/cmd_vel,37.864902598,0.0,0.0
/epuck2/cmd_vel,37.900777888,0.0,0.0
/epuck2/cmd_vel,37.978082786,0.0,0.0
/epuck2/cmd_vel,38.017059629,0.0,0.0
/epuck2/cmd_vel,38.075226173,0.0,0.0
/epuck2/cmd_vel,38.112119859,0.0,0.0
/epuck2/cmd_vel,38.171365222,0.0,0.0
/epuck2/cmd_vel,38.210270774,0.0,0.0
/epuck2/cmd_vel,38.29350648,0.0,0.0
/epuck2/cmd_vel,38.33160272,0.0,0.0
/epuck2/cmd_vel,38.387319888,0.0,0.0
/epuck2/cmd_vel,38.424870337,0.0,0.0
/epuck2/cmd_vel,38.483405993,0.0,0.0
/epuck2/cmd_vel,38.535436036,0.0,0.0
/epuck2/cmd_vel,38.607328597,0.0,0.0
/epuck2/cmd_vel,38.643926955,0.0,0.0
/epuck2/cmd_vel,38.698820353,0.0,0.0
/epuck2/cmd_vel,38.736874018,0.0,0.0
/epuck2/cmd_vel,38.814928785,0.0,0.0
/epuck2/cmd_vel,38.854475327,0.0,0.0
/epuck2/cmd_vel,38.911655572,0.0,0.0
/epuck2/cmd_vel,38.945328334,0.0,0.0
/epuck2/cmd_vel,39.006840458,0.0,0.0
/epuck2/cmd_vel,39.062779007,0.0,0.0
/epuck2/cmd_vel,39.126120973,0.0,0.0
/epuck2/cmd_vel,39.161199741,0.0,0.0
/epuck2/cmd_vel,39.214390486,0.0,0.0
/epuck2/cmd_vel,39.255252005,0.0,0.0
/epuck2/cmd_vel,39.329270027,0.0,0.0
/epuck2/cmd_vel,39.394660084,0.0,0.0
/epuck2/cmd_vel,39.453423806,0.0,0.0
/epuck2/cmd_vel,39.48851075,0.0,0.0
/epuck2/cmd_vel,39.546904076,0.0,0.0
/epuck2/cmd_vel,39.587308659,0.0,0.0
/epuck2/cmd_vel,39.662726605,0.0,0.0
/epuck2/cmd_vel,39.701238234,0.0,0.0
/epuck2/cmd_vel,39.755726409,0.0,0.0
/epuck2/cmd_vel,39.792439514,0.0,0.0
/epuck2/cmd_vel,39.871439269,0.0,0.0
/epuck2/cmd_vel,39.910301118,0.0,0.0
/epuck2/cmd_vel,39.968683771,0.0,0.0
/epuck2/cmd_vel,40.002326042,0.0,0.0
/epuck2/cmd_vel,40.059799035,0.0,0.0
/epuck2/cmd_vel,40.121128114,0.0,0.0
/epuck2/cmd_vel,40.183932449,0.0,0.0
/epuck2/cmd_vel,40.217460164,0.0,0.0
/epuck2/cmd_vel,40.273625795,0.0,0.0
/epuck2/cmd_vel,40.313272979,0.0,0.0
/epuck2/cmd_vel,40.388928507,0.0,0.0
/epuck2/cmd_vel,40.428965217,0.0,0.0
/epuck2/cmd_vel,40.481707858,0.0,0.0
/epuck2/cmd_vel,40.51833115,0.0,0.0
/epuck2/cmd_vel,40.580057033,0.0,0.0
/epuck2/cmd_vel,40.636375703,0.0,0.0
/epuck2/cmd_vel,40.693034748,0.0,0.0
/epuck2/cmd_vel,40.726856677,0.0,0.0
/epuck2/cmd_vel,40.78718507,0.0,0.0
/epuck2/cmd_vel,40.823962406,0.0,0.0
/epuck2/cmd_vel,40.911043536,0.0,0.0
/epuck2/cmd_vel,40.951227194,0.0,0.0
/epuck2/cmd_vel,41.007244041,0.0,0.0
/epuck2/cmd_vel,41.044978628,0.0,0.0
/epuck2/cmd_vel,41.101173762,0.0,0.0
/epuck2/cmd_vel,41.146642519,0.0,0.0
/epuck2/cmd_vel,41.230557395,0.0,0.0
/epuck2/cmd_vel,41.271254409,0.0,0.0
/epuck2/cmd_vel,41.324988863,0.0,0.0
/epuck2/cmd_vel,41.361197717,0.0,0.0
/epuck2/cmd_vel,41.42439025,0.0,0.0
/epuck2/cmd_vel,41.478953646,0.0,0.0
/epuck2/cmd_vel,41.55048093,0.0,0.0
/epuck2/cmd_vel,41.588910795,0.0,0.0
/epuck2/cmd_vel,41.642334409,0.0,0.0
/epuck2/cmd_vel,41.68324464,0.0,0.0
/epuck2/cmd_vel,41.748067698,0.0,0.0
/epuck2/cmd_vel,41.809290486,0.0,0.0
/epuck2/cmd_vel,41.868063104,0.0,0.0
/epuck2/cmd_vel,41.906259705,0.0,0.0
/epuck2/cmd_vel,41.958629482,0.0,0.0
/epuck2/cmd_vel,41.998270687,0.0,0.0
/epuck2/cmd_vel,42.07445474,0.0,0.0
/epuck2/cmd_vel,42.125129437,0.0,0.0
/epuck2/cmd_vel,42.185998603,0.0,0.0
/epuck2/cmd_vel,42.222164576,0.0,0.0
/epuck2/cmd_vel,42.279310049,0.0,0.0
/epuck2/cmd_vel,42.32112219,0.0,0.0
/epuck2/cmd_vel,42.403797078,0.0,0.0
/epuck2/cmd_vel,42.446559923,0.0,0.0
/epuck2/cmd_vel,42.501582741,0.0,0.0
/epuck2/cmd_vel,42.53861717,0.0,0.0
/epuck2/cmd_vel,42.599046968,0.0,0.0
/epuck2/cmd_vel,42.639988738,0.0,0.0
/epuck2/cmd_vel,42.722261552,0.0,0.0
/epuck2/cmd_vel,42.765116424,0.0,0.0
/epuck2/cmd_vel,42.818188111,0.0,0.0
/epuck2/cmd_vel,42.855095278,0.0,0.0
/epuck2/cmd_vel,42.915865287,0.0,0.0
/epuck2/cmd_vel,42.969876944,0.0,0.0
/epuck2/cmd_vel,43.040995405,0.0,0.0
/epuck2/cmd_vel,43.077779168,0.0,0.0
/epuck2/cmd_vel,43.133070365,0.0,0.0
/epuck2/cmd_vel,43.170606431,0.0,0.0
/epuck2/cmd_vel,43.2468655,0.0,0.0
/epuck2/cmd_vel,43.287808775,0.0,0.0
/epuck2/cmd_vel,43.34453885,0.0,0.0
/epuck2/cmd_vel,43.383011119,0.0,0.0
/epuck2/cmd_vel,43.441004429,0.0,0.0
/epuck2/cmd_vel,43.49643282,0.0,0.0
/epuck2/cmd_vel,43.558639392,0.0,0.0
/epuck2/cmd_vel,43.594051716,0.0,0.0
/epuck2/cmd_vel,43.649518054,0.0,0.0
/epuck2/cmd_vel,43.690014718,0.0,0.0
/epuck2/cmd_vel,43.769187982,0.0,0.0
/epuck2/cmd_vel,43.806093258,0.0,0.0
/epuck2/cmd_vel,43.859585491,0.0,0.0
/epuck2/cmd_vel,43.898393929,0.0,0.0
/epuck2/cmd_vel,43.95689165,0.0,0.0
/epuck2/cmd_vel,44.014040909,0.0,0.0
/epuck2/cmd_vel,44.083954869,0.0,0.0
/epuck2/cmd_vel,44.123624984,0.0,0.0
/epuck2/cmd_vel,44.176120724,0.0,0.0
/epuck2/cmd_vel,44.214566033,0.0,0.0
/epuck2/cmd_vel,44.277050028,0.0,0.0
/epuck2/cmd_vel,44.339620784,0.0,0.0
/epuck2/cmd_vel,44.400739125,0.0,0.0
/epuck2/cmd_vel,44.438051818,0.0,0.0
/epuck2/cmd_vel,44.495428886,0.0,0.0
/epuck2/cmd_vel,44.535442023,0.0,0.0
/epuck2/cmd_vel,44.605135806,0.0,0.0
/epuck2/cmd_vel,44.657544507,0.0,0.0
/epuck2/cmd_vel,44.713923132,0.0,0.0
/epuck2/cmd_vel,44.7488065,0.0,0.0
/epuck2/cmd_vel,44.806795888,0.0,0.0
/epuck2/cmd_vel,44.847814916,0.0,0.0
/epuck2/cmd_vel,44.92217405,0.0,0.0
/epuck2/cmd_vel,44.962043118,0.0,0.0
/epuck2/cmd_vel,45.017795295,0.0,0.0
/epuck2/cmd_vel,45.053273223,0.0,0.0
/epuck2/cmd_vel,45.113589888,0.0,0.0
/epuck2/cmd_vel,45.168011827,0.0,0.0
/epuck2/cmd_vel,45.226409816,0.0,0.0
/epuck2/cmd_vel,45.263759919,0.0,0.0
/epuck2/cmd_vel,45.318700194,0.0,0.0
/epuck2/cmd_vel,45.361204428,0.0,0.0
/epuck2/cmd_vel,45.436735719,0.0,0.0
/epuck2/cmd_vel,45.475675378,0.0,0.0
/epuck2/cmd_vel,45.529035136,0.0,0.0
/epuck2/cmd_vel,45.567544137,0.0,0.0
/epuck2/cmd_vel,45.641522429,0.0,0.0
/epuck2/cmd_vel,45.681113398,0.0,0.0
/epuck2/cmd_vel,45.737658294,0.0,0.0
/epuck2/cmd_vel,45.772063193,0.0,0.0
/epuck2/cmd_vel,45.835138471,0.0,0.0
/epuck2/cmd_vel,45.888628074,0.0,0.0
/epuck2/cmd_vel,45.950767865,0.0,0.0
/epuck2/cmd_vel,45.986236854,0.0,0.0
/epuck2/cmd_vel,46.040370137,0.0,0.0
/epuck2/cmd_vel,46.081039634,0.0,0.0
/epuck2/cmd_vel,46.159489145,0.0,0.0
/epuck2/cmd_vel,46.199939099,0.0,0.0
/epuck2/cmd_vel,46.252793953,0.0,0.0
/epuck2/cmd_vel,46.2896091,0.0,0.0
/epuck2/cmd_vel,46.350636625,0.0,0.0
/epuck2/cmd_vel,46.409914124,0.0,0.0
/epuck2/cmd_vel,46.466329533,0.0,0.0
/epuck2/cmd_vel,46.503114679,0.0,0.0
/epuck2/cmd_vel,46.559384395,0.0,0.0
/epuck2/cmd_vel,46.600959759,0.0,0.0
/epuck2/cmd_vel,46.677953341,0.0,0.0
/epuck2/cmd_vel,46.714274115,0.0,0.0
/epuck2/cmd_vel,46.767883423,0.0,0.0
/epuck2/cmd_vel,46.809294414,0.0,0.0
/epuck2/cmd_vel,46.887200144,0.0,0.0
/epuck2/cmd_vel,46.931179491,0.0,0.0
/epuck2/cmd_vel,46.984883457,0.0,0.0
/epuck2/cmd_vel,47.015960811,0.0,0.0
/epuck2/cmd_vel,47.075613782,0.0,0.0
/epuck2/cmd_vel,47.119185179,0.0,0.0
/epuck2/cmd_vel,47.201822683,0.0,0.0
/epuck2/cmd_vel,47.241680928,0.0,0.0
/epuck2/cmd_vel,47.297956811,0.0,0.0
/epuck2/cmd_vel,47.33878866,0.0019999999999999575,-8.742278012618954e-08
/epuck2/cmd_vel,47.397581117,0.005000000000000071,-8.742278012618954e-08
/epuck2/cmd_vel,47.451346441,0.007000000000000029,-8.742278012618954e-08
/epuck2/cmd_vel,47.513416731,0.010000000000000142,-8.742278012618954e-08
/epuck2/cmd_vel,47.550665161,0.0120000000000001,-8.742278012618954e-08
/epuck2/cmd_vel,47.605061909,0.015000000000000215,-8.742278012618954e-08
/epuck2/cmd_vel,47.645549372,0.01700000000000017,-8.742278012618954e-08
/epuck2/cmd_vel,47.722845033,0.01999999999999993,-8.742278012618954e-08
/epuck2/cmd_vel,47.764956274,0.022000000000000245,-8.742278012618954e-08
/epuck2/cmd_vel,47.819043795,0.025,-8.742278012618954e-08
/epuck2/cmd_vel,47.854424812,0.025,-8.742278012618954e-08
/epuck2/cmd_vel,47.931728215,0.025,-8.742278012618954e-08
/epuck2/cmd_vel,47.973410554,0.025,-8.742278012618954e-08
/epuck2/cmd_vel,48.029112172,0.025,-8.742278012618954e-08
/epuck2/cmd_vel,48.064818895,0.025,-8.742278012618954e-08
/epuck2/cmd_vel,48.123946988,0.025,-8.742278012618954e-08
/epuck2/cmd_vel,48.176442542,0.025,-8.742278012618954e-08
/epuck2/cmd_vel,48.239520282,0.025,-8.742278012618954e-08
/epuck2/cmd_vel,48.277114716,0.025,-8.742278012618954e-08
/epuck2/cmd_vel,48.330049388,0.025,-8.742278012618954e-08
/epuck2/cmd_vel,48.368338915,0.025,-8.742278012618954e-08
/epuck2/cmd_vel,48.439535157,0.025,-8.742278012618954e-08
/epuck2/cmd_vel,48.480757741,0.025,-8.742278012618954e-08
/epuck2/cmd_vel,48.535409106,0.025,-8.742278012618954e-08
/epuck2/cmd_vel,48.572212569,0.025,-8.742278012618954e-08
/epuck2/cmd_vel,48.632154475,0.025,-8.742278012618954e-08
/epuck2/cmd_vel,48.6932352,0.025,-8.742278012618954e-08
/epuck2/cmd_vel,48.751848234,0.025,-8.742278012618954e-08
/epuck2/cmd_vel,48.79002365,0.025,-8.742278012618954e-08
/epuck2/cmd_vel,48.848198254,0.025,-8.742278012618954e-08
/epuck2/cmd_vel,48.887413323,0.025,-8.742278012618954e-08
/epuck2/cmd_vel,48.964276223,0.025,-8.742278012618954e-08
/epuck2/cmd_vel,49.003499202,0.025,-8.742278012618954e-08
/epuck2/cmd_vel,49.058278608,0.025,-8.742278012618954e-08
/epuck2/cmd_vel,49.097769217,0.025,-8.742278012618954e-08
/epuck2/cmd_vel,49.172517404,0.025,-8.742278012618954e-08
/epuck2/cmd_vel,49.213648641,0.025,-8.742278012618954e-08
/epuck2/cmd_vel,49.268642512,0.025,-8.742278012618954e-08
/epuck2/cmd_vel,49.30912755,0.025,-8.742278012618954e-08
/epuck2/cmd_vel,49.365178428,0.025,-8.742278012618954e-08
/epuck2/cmd_vel,49.4196071,0.025,-8.742278012618954e-08
/epuck2/cmd_vel,49.482460285,0.025,-8.742278012618954e-08
/epuck2/cmd_vel,49.51668028,0.025,-8.742278012618954e-08
/epuck2/cmd_vel,49.571992144,0.025,-8.742278012618954e-08
/epuck2/cmd_vel,49.613359473,0.025,-8.742278012618954e-08
/epuck2/cmd_vel,49.68341546,0.025,-8.742278012618954e-08
/epuck2/cmd_vel,49.733503167,0.025,-8.742278012618954e-08
/epuck2/cmd_vel,49.792597706,0.025,-8.742278012618954e-08
/epuck2/cmd_vel,49.827904485,0.025,-8.742278012618954e-08
/epuck2/cmd_vel,49.882626494,0.025,-8.742278012618954e-08
/epuck2/cmd_vel,49.922219878,0.025,-8.742278012618954e-08
/epuck2/cmd_vel,50.002157463,0.025,-8.742278012618954e-08
/epuck2/cmd_vel,50.038942812,0.025,-8.742278012618954e-08
/epuck2/cmd_vel,50.093308075,0.025,-8.742278012618954e-08
/epuck2/cmd_vel,50.130337092,0.025,-8.742278012618954e-08
/epuck2/cmd_vel,50.20969828,0.025,-8.742278012618954e-08
/epuck2/cmd_vel,50.249859555,0.025,-8.742278012618954e-08
/epuck2/cmd_vel,50.308752538,0.025,-8.742278012618954e-08
/epuck2/cmd_vel,50.342179272,0.025,-8.742278012618954e-08
/epuck2/cmd_vel,50.402451406,0.025,-8.742278012618954e-08
/epuck2/cmd_vel,50.457113073,0.025,-8.742278012618954e-08
/epuck2/cmd_vel,50.51866629,0.025,-8.742278012618954e-08
/epuck2/cmd_vel,50.55446726,0.025,-8.742278012618954e-08
/epuck2/cmd_vel,50.612501451,0.025,-8.742278012618954e-08
/epuck2/cmd_vel,50.651224636,0.025,-8.742278012618954e-08
/epuck2/cmd_vel,50.724298591,0.025,-8.742278012618954e-08
/epuck2/cmd_vel,50.765367692,0.025,-8.742278012618954e-08
/epuck2/cmd_vel,50.81707147,0.025,-8.742278012618954e-08
/epuck2/cmd_vel,50.855648074,0.025,-8.742278012618954e-08
/epuck2/cmd_vel,50.913621054,0.025,-8.742278012618954e-08
/epuck2/cmd_vel,50.969251642,0.025,-8.742278012618954e-08
/epuck2/cmd_vel,51.041824789,0.025,-8.742278012618954e-08
/epuck2/cmd_vel,51.079169935,0.025,-8.742278012618954e-08
/epuck2/cmd_vel,51.136473474,0.025,-8.742278012618954e-08
/epuck2/cmd_vel,51.172621369,0.025,-8.742278012618954e-08
/epuck2/cmd_vel,51.248902995,0.025,-8.742278012618954e-08
/epuck2/cmd_vel,51.28862374,0.025,-8.742278012618954e-08
/epuck2/cmd_vel,51.346016898,0.025,-8.742278012618954e-08
/epuck2/cmd_vel,51.382445252,0.025,-8.742278012618954e-08
/epuck2/cmd_vel,51.440716594,0.025,-8.742278012618954e-08
/epuck2/cmd_vel,51.501929955,0.025,-8.742278012618954e-08
/epuck2/cmd_vel,51.562254929,0.025,-8.742278012618954e-08
/epuck2/cmd_vel,51.599930544,0.025,-8.742278012618954e-08
/epuck2/cmd_vel,51.657631467,0.025,-8.742278012618954e-08
/epuck2/cmd_vel,51.6939649,0.025,-8.742278012618954e-08
/epuck2/cmd_vel,51.770400459,0.025,-8.742278012618954e-08
/epuck2/cmd_vel,51.809199398,0.025,-8.742278012618954e-08
/epuck2/cmd_vel,51.865369935,0.025,-8.742278012618954e-08
/epuck2/cmd_vel,51.899853614,0.025,-8.742278012618954e-08
/epuck2/cmd_vel,51.960749462,0.025,-8.742278012618954e-08
/epuck2/cmd_vel,52.017330613,0.025,-8.742278012618954e-08
/epuck2/cmd_vel,52.087660385,0.025,-8.742278012618954e-08
/epuck2/cmd_vel,52.126913465,0.025,-8.742278012618954e-08
/epuck2/cmd_vel,52.180475248,0.025,-8.742278012618954e-08
/epuck2/cmd_vel,52.21995698,0.025,-8.742278012618954e-08
/epuck2/cmd_vel,52.295250413,0.025,-8.742278012618954e-08
/epuck2/cmd_vel,52.336789614,0.025,-8.742278012618954e-08
/epuck2/cmd_vel,52.392783688,0.025,-8.742278012618954e-08
/epuck2/cmd_vel,52.429435213,0.025,-8.742278012618954e-08
/epuck2/cmd_vel,52.485774315,0.025,-8.742278012618954e-08
/epuck2/cmd_vel,52.527178045,0.025,-8.742278012618954e-08
/epuck2/cmd_vel,52.609979252,0.025,-8.742278012618954e-08
/epuck2/cmd_vel,52.650358206,0.025,-8.742278012618954e-08
/epuck2/cmd_vel,52.705683729,0.025,-8.742278012618954e-08
/epuck2/cmd_vel,52.741292087,0.025,-8.742278012618954e-08
/epuck2/cmd_vel,52.802512677,0.025,-8.742278012618954e-08
/epuck2/cmd_vel,52.853657605,0.025,-8.742278012618954e-08
/epuck2/cmd_vel,52.914043988,0.025,-8.742278012618954e-08
/epuck2/cmd_vel,52.95019856,0.025,-8.742278012618954e-08
/epuck2/cmd_vel,53.004581685,0.025,-8.742278012618954e-08
/epuck2/cmd_vel,53.045498207,0.025,-8.742278012618954e-08
/epuck2/cmd_vel,53.120444884,0.025,-8.742278012618954e-08
/epuck2/cmd_vel,53.159130148,0.025,-8.742278012618954e-08
/epuck2/cmd_vel,53.211382059,0.025,-8.742278012618954e-08
/epuck2/cmd_vel,53.250243824,0.025,-8.742278012618954e-08
/epuck2/cmd_vel,53.329405355,0.025,-8.742278012618954e-08
/epuck2/cmd_vel,53.387121824,0.025,-8.742278012618954e-08
/epuck2/cmd_vel,53.426213262,0.025,-8.742278012618954e-08
/epuck2/cmd_vel,53.462427501,0.025,-8.742278012618954e-08
/epuck2/cmd_vel,53.519962771,0.025,-8.742278012618954e-08
/epuck2/cmd_vel,53.577795975,0.025,-8.742278012618954e-08
/epuck2/cmd_vel,53.638152175,0.025,-8.742278012618954e-08
/epuck2/cmd_vel,53.673778841,0.025,-8.742278012618954e-08
/epuck2/cmd_vel,53.728049829,0.025,-8.742278012618954e-08
/epuck2/cmd_vel,53.767877157,0.025,-8.742278012618954e-08
/epuck2/cmd_vel,53.838680688,0.025,-8.742278012618954e-08
/epuck2/cmd_vel,53.913730668,0.025,-8.742278012618954e-08
/epuck2/cmd_vel,53.950162668,0.025,-8.742278012618954e-08
/epuck2/cmd_vel,53.98276793,0.025,-8.742278012618954e-08
/epuck2/cmd_vel,54.040360743,0.025,-8.742278012618954e-08
/epuck2/cmd_vel,54.079603674,0.025,-8.742278012618954e-08
/epuck2/cmd_vel,54.155038616,0.025,-8.742278012618954e-08
/epuck2/cmd_vel,54.193528508,0.025,-8.742278012618954e-08
/epuck2/cmd_vel,54.245307029,0.025,-8.742278012618954e-08
/epuck2/cmd_vel,54.284176987,0.025,-8.742278012618954e-08
/epuck2/cmd_vel,54.361371784,0.025,-8.742278012618954e-08
/epuck2/cmd_vel,54.420136668,0.025,-8.742278012618954e-08
/epuck2/cmd_vel,54.458610374,0.025,-8.742278012618954e-08
/epuck2/cmd_vel,54.495091731,0.025,-8.742278012618954e-08
/epuck2/cmd_vel,54.552622898,0.025,-8.742278012618954e-08
/epuck2/cmd_vel,54.612292588,0.025,-8.742278012618954e-08
/epuck2/cmd_vel,54.671667236,0.025,-8.742278012618954e-08
/epuck2/cmd_vel,54.709642081,0.025,-8.742278012618954e-08
/epuck2/cmd_vel,54.766777696,0.025,-8.742278012618954e-08
/epuck2/cmd_vel,54.804546385,0.025,-8.742278012618954e-08
/epuck2/cmd_vel,54.878297137,0.025,-8.742278012618954e-08
/epuck2/cmd_vel,54.937883319,0.025,-8.742278012618954e-08
/epuck2/cmd_vel,54.973313921,0.025,-8.742278012618954e-08
/epuck2/cmd_vel,55.010470022,0.025,-8.742278012618954e-08
/epuck2/cmd_vel,55.072003246,0.025,-8.742278012618954e-08
/epuck2/cmd_vel,55.12948447,0.025,-8.742278012618954e-08
/epuck2/cmd_vel,55.18786615,0.025,-8.742278012618954e-08
/epuck2/cmd_vel,55.224871125,0.025,-8.742278012618954e-08
/epuck2/cmd_vel,55.278530882,0.019000000000001196,-0.18000008742274431
/epuck2/cmd_vel,55.320929901,0.015000000000000572,-0.3000000874227631
/epuck2/cmd_vel,55.399557696,0.009000000000000345,-0.4800000874227699
/epuck2/cmd_vel,55.452889534,0.006,-0.65
/epuck2/cmd_vel,55.486733676,0.006,-0.65
/epuck2/cmd_vel,55.529537126,0.006,-0.65
/epuck2/cmd_vel,55.589830688,0.006,-0.65
/epuck2/cmd_vel,55.650031158,0.006,-0.65
/epuck2/cmd_vel,55.710030461,0.006,-0.65
/epuck2/cmd_vel,55.750440387,0.006,-0.65
/epuck2/cmd_vel,55.800698399,0.006,-0.65
/epuck2/cmd_vel,55.841843529,0.006,-0.65
/epuck2/cmd_vel,55.916014907,0.006,-0.65
/epuck2/cmd_vel,55.988729534,0.006,-0.65
/epuck2/cmd_vel,56.025029578,0.006,-0.65
/epuck2/cmd_vel,56.060792078,0.008000000000000312,-0.489999999999975
/epuck2/cmd_vel,56.119017085,0.011000000000000426,-0.24999999999996592
/epuck2/cmd_vel,56.157426263,0.012,-0.08999999999999775
/epuck2/cmd_vel,56.242605059,0.012,-0.01590106487748405
/epuck2/cmd_vel,56.28247668,0.012,-0.015901064877484043
/epuck2/cmd_vel,56.339975108,0.012,0.047626948351886085
/epuck2/cmd_vel,56.375290937,0.012,0.04762694835188608
/epuck2/cmd_vel,56.433512249,0.012,0.04762694835188608
/epuck2/cmd_vel,56.507271107,0.012,0.04762694835188608
/epuck2/cmd_vel,56.557702376,0.012,0.04762694835188608
/epuck2/cmd_vel,56.598283498,0.012,0.03571536540510874
/epuck2/cmd_vel,56.651700767,0.012,0.03571536540510874
/epuck2/cmd_vel,56.688577101,0.012,0.031744837756182955
/epuck2/cmd_vel,56.748592589,0.012,0.031744837756182955
/epuck2/cmd_vel,56.820820017,0.012,0.031744837756182955
/epuck2/cmd_vel,56.891148023,0.012,0.019833683962847994
/epuck2/cmd_vel,56.930256576,0.012,0.019833683962847994
/epuck2/cmd_vel,56.98102122,0.012,0.015863156313922207
/epuck2/cmd_vel,57.038409318,0.012,0.015863156313922207
/epuck2/cmd_vel,57.097160006,0.012,0.015863156313922207
/epuck2/cmd_vel,57.139323004,0.012,0.007922101016070649
/epuck2/cmd_vel,57.193431722,0.012,0.007922101016070649
/epuck2/cmd_vel,57.228547753,0.012,0.007922101016070649
/epuck2/cmd_vel,57.288607717,0.012,0.007922101016070649
/epuck2/cmd_vel,57.333150055,0.012,0.003951573367144867
/epuck2/cmd_vel,57.419790197,0.012,0.003951573367144867
/epuck2/cmd_vel,57.458826468,0.012,0.003951573367144867
/epuck2/cmd_vel,57.513002976,0.012,0.003951573367144867
/epuck2/cmd_vel,57.573430643,0.012,0.003951573367144867
/epuck2/cmd_vel,57.616378967,0.012,0.003951573367144867
/epuck2/cmd_vel,57.655863211,0.012,0.003951573367144867
/epuck2/cmd_vel,57.713446493,0.012,0.003951573367144867
/epuck2/cmd_vel,57.753214077,0.012,0.003951573367144867
/epuck2/cmd_vel,57.823959359,0.012,0.003951573367144867
/epuck2/cmd_vel,57.861973207,0.012,0.003951573367144867
/epuck2/cmd_vel,57.916606752,0.012,-1.895428178091442e-05
/epuck2/cmd_vel,57.952026898,0.012,-1.8954281780914074e-05
/epuck2/cmd_vel,58.013209082,0.012,0.003951573367144867
/epuck2/cmd_vel,58.07025406,0.012,0.003951573367144867
/epuck2/cmd_vel,58.142615297,0.012,0.003951573367144867
/epuck2/cmd_vel,58.182286842,0.012,-1.895428178091442e-05
/epuck2/cmd_vel,58.235111963,0.012,-1.8954281780914074e-05
/epuck2/cmd_vel,58.273696677,0.012,-1.8954281780914074e-05
/epuck2/cmd_vel,58.334954225,0.012,-1.8954281780914074e-05
/epuck2/cmd_vel,58.398723424,0.012,-1.8954281780914074e-05
/epuck2/cmd_vel,58.458050069,0.012,-1.8954281780914074e-05
/epuck2/cmd_vel,58.494290829,0.012,-1.8954281780914074e-05
/epuck2/cmd_vel,58.54916404,0.012,-1.8954281780914074e-05
/epuck2/cmd_vel,58.589491098,0.012,-1.8954281780914074e-05
/epuck2/cmd_vel,58.658258844,0.012,-1.8954281780914074e-05
/epuck2/cmd_vel,58.710929445,0.012,-1.8954281780914074e-05
/epuck2/cmd_vel,58.768374199,0.012,-0.003989481930706695
/epuck2/cmd_vel,58.804358251,0.012,-0.003989481930706695
/epuck2/cmd_vel,58.862426074,0.012,-1.895428178091442e-05
/epuck2/cmd_vel,58.906163223,0.012,-1.8954281780914074e-05
/epuck2/cmd_vel,58.986334756,0.012,0.003951573367144867
/epuck2/cmd_vel,59.027719754,0.012,0.003951573367144867
/epuck2/cmd_vel,59.082959068,0.012,-1.895428178091442e-05
/epuck2/cmd_vel,59.118368977,0.012,-1.8954281780914074e-05
/epuck2/cmd_vel,59.176388096,0.012,-1.8954281780914074e-05
/epuck2/cmd_vel,59.2334033,0.012,-1.8954281780914074e-05
/epuck2/cmd_vel,59.293158388,0.012,-1.8954281780914074e-05
/epuck2/cmd_vel,59.329943179,0.012,-1.8954281780914074e-05
/epuck2/cmd_vel,59.385973729,0.012,-1.8954281780914074e-05
/epuck2/cmd_vel,59.426254909,0.012,-1.8954281780914074e-05
/epuck2/cmd_vel,59.501014439,0.012,-1.8954281780914074e-05
/epuck2/cmd_vel,59.542701341,0.012,-1.8954281780914074e-05
/epuck2/cmd_vel,59.596613578,0.012,-1.8954281780914074e-05
/epuck2/cmd_vel,59.633181897,0.012,-1.8954281780914074e-05
/epuck2/cmd_vel,59.697226207,0.012,-1.8954281780914074e-05
/epuck2/cmd_vel,59.746442426,0.012,-1.8954281780914074e-05
/epuck2/cmd_vel,59.805632164,0.012,-1.8954281780914074e-05
/epuck2/cmd_vel,59.840219693,0.012,-1.8954281780914074e-05
/epuck2/cmd_vel,59.896906341,0.012,0.003951573367144867
/epuck2/cmd_vel,59.93754623,0.012,0.003951573367144867
/epuck2/cmd_vel,60.016546244,0.012,-1.895428178091442e-05
/epuck2/cmd_vel,60.050957446,0.012,-1.8954281780914074e-05
/epuck2/cmd_vel,60.106294258,0.012,-1.8954281780914074e-05
/epuck2/cmd_vel,60.142590861,0.012,-1.8954281780914074e-05
/epuck2/cmd_vel,60.206969891,0.012,-1.8954281780914074e-05
/epuck2/cmd_vel,60.267905027,0.012,-1.8954281780914074e-05
/epuck2/cmd_vel,60.333356083,0.012,-0.003989481930706695
/epuck2/cmd_vel,60.368142889,0.012,-0.003989481930706695
/epuck2/cmd_vel,60.419347267,0.012,-0.003989481930706695
/epuck2/cmd_vel,60.459117301,0.012,-1.895428178091442e-05
/epuck2/cmd_vel,60.534685196,0.012,-1.8954281780914074e-05
/epuck2/cmd_vel,60.583463939,0.012,-1.8954281780914074e-05
/epuck2/cmd_vel,60.644853237,0.012,-1.8954281780914074e-05
/epuck2/cmd_vel,60.679980246,0.012,-1.8954281780914074e-05
/epuck2/cmd_vel,60.734932217,0.012,-1.8954281780914074e-05
/epuck2/cmd_vel,60.777672882,0.012,-1.8954281780914074e-05
/epuck2/cmd_vel,60.860676097,0.012,-1.8954281780914074e-05
/epuck2/cmd_vel,60.900814366,0.012,-1.8954281780914074e-05
/epuck2/cmd_vel,60.957267203,0.012,-1.8954281780914074e-05
/epuck2/cmd_vel,60.991836452,0.012,-1.8954281780914074e-05
/epuck2/cmd_vel,61.052612091,0.012,-1.8954281780914074e-05
/epuck2/cmd_vel,61.104953637,0.012,-1.8954281780914074e-05
/epuck2/cmd_vel,61.166155291,0.012,-1.8954281780914074e-05
/epuck2/cmd_vel,61.204012036,0.012,-1.8954281780914074e-05
/epuck2/cmd_vel,61.256611186,0.012,-1.8954281780914074e-05
/epuck2/cmd_vel,61.296808917,0.012,0.003951573367144867
/epuck2/cmd_vel,61.373256012,0.012,0.003951573367144867
/epuck2/cmd_vel,61.413435486,0.012,-1.895428178091442e-05
/epuck2/cmd_vel,61.468804928,0.012,-1.8954281780914074e-05
/epuck2/cmd_vel,61.506048891,0.012,-1.8954281780914074e-05
/epuck2/cmd_vel,61.567007607,0.012,-1.8954281780914074e-05
/epuck2/cmd_vel,61.623036923,0.012,-1.8954281780914074e-05
/epuck2/cmd_vel,61.682925813,0.012,-1.8954281780914074e-05
/epuck2/cmd_vel,61.719840837,0.012,-1.8954281780914074e-05
/epuck2/cmd_vel,61.775290793,0.012,-1.8954281780914074e-05
/epuck2/cmd_vel,61.815631726,0.012,-1.8954281780914074e-05
/epuck2/cmd_vel,61.88852775,0.012,-1.8954281780914074e-05
/epuck2/cmd_vel,61.927518051,0.012,-1.8954281780914074e-05
/epuck2/cmd_vel,61.981058587,0.012,-1.8954281780914074e-05
/epuck2/cmd_vel,62.019943243,0.012,-1.8954281780914074e-05
/epuck2/cmd_vel,62.094065595,0.012,-1.8954281780914074e-05
/epuck2/cmd_vel,62.134465779,0.012,-1.8954281780914074e-05
/epuck2/cmd_vel,62.19006263,0.012,-1.8954281780914074e-05
/epuck2/cmd_vel,62.226111261,0.012,0.15998104571818725
/epuck2/cmd_vel,62.28434572,0.012,0.3
/epuck2/cmd_vel,62.328595772,0.012,0.3
/epuck2/cmd_vel,62.41113682,0.012,0.3
/epuck2/cmd_vel,62.452191019,0.012,0.3
/epuck2/cmd_vel,62.504046738,0.012,0.3
/epuck2/cmd_vel,62.54464534,0.012,0.3
/epuck2/cmd_vel,62.60289606,0.012,0.3
/epuck2/cmd_vel,62.662656221,0.012,0.3
/epuck2/cmd_vel,62.720132019,0.012,0.3
/epuck2/cmd_vel,62.757329365,0.012,0.3
/epuck2/cmd_vel,62.811747908,0.012,0.3
/epuck2/cmd_vel,62.85492567,0.012,0.3
/epuck2/cmd_vel,62.93232048,0.012,0.3
/epuck2/cmd_vel,62.969600807,0.012,0.3
/epuck2/cmd_vel,63.020955955,0.012,0.3
/epuck2/cmd_vel,63.061017771,0.012,0.3
/epuck2/cmd_vel,63.140115488,0.012,0.2699937725035525
/epuck2/cmd_vel,63.181971082,0.012,0.2699937725035525
/epuck2/cmd_vel,63.237165453,0.012,0.22764176368397246
/epuck2/cmd_vel,63.272816188,0.012,0.22764176368397246
/epuck2/cmd_vel,63.331440413,0.012,0.22764176368397246
/epuck2/cmd_vel,63.389521208,0.012,0.19323081016224392
/epuck2/cmd_vel,63.449935023,0.012,0.19323081016224392
/epuck2/cmd_vel,63.4875524,0.012,0.16940793037098414
/epuck2/cmd_vel,63.539991716,0.012,0.16940793037098414
/epuck2/cmd_vel,63.580360757,0.012,0.1402907276121951
/epuck2/cmd_vel,63.65443005,0.012,0.1402907276121951
/epuck2/cmd_vel,63.695567853,0.012,0.1217618846861697
/epuck2/cmd_vel,63.749004954,0.012,0.1217618846861697
/epuck2/cmd_vel,63.788107986,0.012,0.1217618846861697
/epuck2/cmd_vel,63.846854921,0.012,0.10323275565784941
/epuck2/cmd_vel,63.897845657,0.012,0.10323275565784941
/epuck2/cmd_vel,63.970346247,0.012,0.084703912731824
/epuck2/cmd_vel,64.007534647,0.013999999999999603,0.07058659394318667
/epuck2/cmd_vel,64.062382733,0.016999999999999717,0.05955735047394838
/epuck2/cmd_vel,64.098120214,0.01900000000000003,0.05955735047394838
/epuck2/cmd_vel,64.160951598,0.021999999999999433,0.05294004281098452
/epuck2/cmd_vel,64.222813408,0.023999999999999747,0.05294004281098452
/epuck2/cmd_vel,64.282324444,0.025,0.046322496729441553
/epuck2/cmd_vel,64.318727789,0.025,0.046322496729441553
/epuck2/cmd_vel,64.372751523,0.025,0.046322496729441553
/epuck2/cmd_vel,64.412936615,0.025,0.04191079934174624
/epuck2/cmd_vel,64.490494028,0.0,0.0
/epuck2/cmd_vel,64.528968677,0.0,0.0
/epuck2/cmd_vel,64.581918409,0.0,0.0
/epuck2/cmd_vel,64.618038094,0.0,0.0
/epuck2/cmd_vel,64.680365292,0.0,0.0
/epuck2/cmd_vel,64.737594872,0.0,0.0
/epuck2/cmd_vel,64.795154762,0.0,0.0
/epuck2/cmd_vel,64.835292095,0.0,0.0
/epuck2/cmd_vel,64.891208641,0.0,0.0
/epuck2/cmd_vel,64.931903081,0.0,0.0
/epuck2/cmd_vel,65.004230446,0.0,0.0
/epuck2/cmd_vel,65.044616114,0.0,0.0
/epuck2/cmd_vel,65.095613144,0.0,0.0
/epuck2/cmd_vel,65.134424132,0.0,0.0
/epuck2/cmd_vel,65.211875365,0.0,0.0
/epuck2/cmd_vel,65.252887952,0.0,0.0
/epuck2/cmd_vel,65.307357476,0.0,0.0
/epuck2/cmd_vel,65.34267722,0.0,0.0
/epuck2/cmd_vel,65.401534684,0.0,0.0
/epuck2/cmd_vel,65.44734292,0.0,0.0
/epuck2/cmd_vel,65.522133683,0.0,0.0
/epuck2/cmd_vel,65.556904698,0.0,0.0
/epuck2/cmd_vel,65.6119793,0.0,0.0
/epuck2/cmd_vel,65.652058389,0.0,0.0
/epuck2/cmd_vel,65.727021391,0.0,0.0
/epuck2/cmd_vel,65.7676527,0.0,0.0
/epuck2/cmd_vel,65.824620598,0.0,0.0
/epuck2/cmd_vel,65.862060725,0.0,0.0
/epuck2/cmd_vel,65.917574937,0.0,0.0
/epuck2/cmd_vel,65.977050975,0.0,0.0
/epuck2/cmd_vel,66.036469371,0.0,0.0
/epuck2/cmd_vel,66.073186682,0.0,0.0
/epuck2/cmd_vel,66.127717494,0.0,0.0
/epuck2/cmd_vel,66.165487814,0.0,0.0
/epuck2/cmd_vel,66.242041174,0.0,0.0
/epuck2/cmd_vel,66.282869999,0.0,0.0
/epuck2/cmd_vel,66.336867974,0.0,0.0
/epuck2/cmd_vel,66.374040934,0.0,0.0
/epuck2/cmd_vel,66.435727105,0.0,0.0
/epuck2/cmd_vel,66.484833307,0.0,0.0
/epuck2/cmd_vel,66.555822242,0.0,0.0
/epuck2/cmd_vel,66.594051602,0.0,0.0
/epuck2/cmd_vel,66.649390796,0.0,0.0
/epuck2/cmd_vel,66.687257651,0.0,0.0
/epuck2/cmd_vel,66.748969252,0.0,0.0
/epuck2/cmd_vel,66.809853361,0.0,0.0
/epuck2/cmd_vel,66.87174684,0.0,0.0
/epuck2/cmd_vel,66.90871067,0.0,0.0
/epuck2/cmd_vel,66.961354166,0.0,0.0
/epuck2/cmd_vel,67.001913023,0.0,0.0
/epuck2/cmd_vel,67.074034943,0.0,0.0
/epuck2/cmd_vel,67.1292978,0.0,0.0
/epuck2/cmd_vel,67.183723204,0.0,0.0
/epuck2/cmd_vel,67.221258133,0.0,0.0
/epuck2/cmd_vel,67.275363235,0.0,0.0
/epuck2/cmd_vel,67.315198419,0.0,0.0
/epuck2/cmd_vel,67.403371365,0.0,0.0
/epuck2/cmd_vel,67.445842165,0.0,0.0
/epuck2/cmd_vel,67.501597642,0.0,0.0
/epuck2/cmd_vel,67.537497652,0.0,0.0
/epuck2/cmd_vel,67.592663083,0.0,0.0
/epuck2/cmd_vel,67.636812579,0.0,0.0
/epuck2/cmd_vel,67.718758273,0.0,0.0
/epuck2/cmd_vel,67.758319924,0.0,0.0
/epuck2/cmd_vel,67.812660704,0.0,0.0
/epuck2/cmd_vel,67.848469886,0.0,0.0
/epuck2/cmd_vel,67.907352169,0.0,0.0
/epuck2/cmd_vel,67.965922442,0.0,0.0
/epuck2/cmd_vel,68.02581963,0.0,0.0
/epuck2/cmd_vel,68.061308126,0.0,0.0
/epuck2/cmd_vel,68.116333109,0.0,0.0
/epuck2/cmd_vel,68.156511332,0.0,0.0
/epuck2/cmd_vel,68.233595408,0.0,0.0
/epuck2/cmd_vel,68.27165567,0.0,0.0
/epuck2/cmd_vel,68.326438244,0.0,0.0
/epuck2/cmd_vel,68.363871394,0.0,0.0
/epuck2/cmd_vel,68.441830176,0.0,0.0
/epuck2/cmd_vel,68.487398527,0.0,0.0
/epuck2/cmd_vel,68.54025629,0.0,0.0
/epuck2/cmd_vel,68.576060785,0.0,0.0
/epuck2/cmd_vel,68.632887092,0.0,0.0
/epuck2/cmd_vel,68.690515101,0.0,0.0
/epuck2/cmd_vel,68.751138758,0.0,0.0
/epuck2/cmd_vel,68.788203805,0.0,0.0
/epuck2/cmd_vel,68.841872866,0.0,0.0
/epuck2/cmd_vel,68.880371139,0.0,0.0
/epuck2/cmd_vel,68.959682828,0.0,0.0
/epuck2/cmd_vel,69.001491127,0.0,0.0
/epuck2/cmd_vel,69.054884417,0.0,0.0
/epuck2/cmd_vel,69.093217159,0.0,0.0
/epuck2/cmd_vel,69.150271481,0.0,0.0
/epuck2/cmd_vel,69.205488906,0.0,0.0
/epuck2/cmd_vel,69.263865284,0.0,0.0
/epuck2/cmd_vel,69.298123564,0.0,0.0
/epuck2/cmd_vel,69.356249951,0.0,0.0
/epuck2/cmd_vel,69.398053363,0.0,0.0
/epuck2/cmd_vel,69.476793073,0.0,0.0
/epuck2/cmd_vel,69.517453722,0.0,0.0
/epuck2/cmd_vel,69.569286232,0.0,0.0
/epuck2/cmd_vel,69.607638618,0.0,0.0
/epuck2/cmd_vel,69.685949043,0.0,0.0
/epuck2/cmd_vel,69.726926096,0.0,0.0
/epuck2/cmd_vel,69.780495687,0.0,0.0
/epuck2/cmd_vel,69.816892067,0.0,0.0
/epuck2/cmd_vel,69.877306968,0.0,0.0
/epuck2/cmd_vel,69.933540271,0.0,0.0
/epuck2/cmd_vel,69.993602584,0.0,0.0
/epuck2/cmd_vel,70.031565425,0.0,0.0
/epuck2/cmd_vel,70.085098079,0.0,0.0
/epuck2/cmd_vel,70.125894288,0.0,0.0
/epuck2/cmd_vel,70.202548879,0.0,0.0
/epuck2/cmd_vel,70.241992471,0.0,0.0
/epuck2/cmd_vel,70.295104931,0.0,0.0
/epuck2/cmd_vel,70.332756067,0.0,0.0
/epuck2/cmd_vel,70.394341109,0.0,0.0
/epuck2/cmd_vel,70.45150554,0.0,0.0
/epuck2/cmd_vel,70.508918058,0.0,0.0
/epuck2/cmd_vel,70.54382856,0.0,0.0
/epuck2/cmd_vel,70.599172615,0.0,0.0
/epuck2/cmd_vel,70.641553077,0.0,0.0
/epuck2/cmd_vel,70.723043489,0.0,0.0
/epuck2/cmd_vel,70.764329692,0.0,0.0
/epuck2/cmd_vel,70.821449115,0.0,0.0
/epuck2/cmd_vel,70.858600446,0.0,0.0
/epuck2/cmd_vel,70.915280574,0.0,0.0
/epuck2/cmd_vel,70.957788552,0.0,0.0
/epuck2/cmd_vel,71.03838833,0.0,0.0
/epuck2/cmd_vel,71.077320191,0.0,0.0
/epuck2/cmd_vel,71.131144511,0.0,0.0
/epuck2/cmd_vel,71.167623395,0.0,0.0
/epuck2/cmd_vel,71.228241888,0.0,0.0
/epuck2/cmd_vel,71.282688203,0.0,0.0
/epuck2/cmd_vel,71.352916295,0.0,0.0
/epuck2/cmd_vel,71.393247593,0.0,0.0
/epuck2/cmd_vel,71.445565786,0.0,0.0
/epuck2/cmd_vel,71.483474717,0.0,0.0
/epuck2/cmd_vel,71.561192563,0.0,0.0
/epuck2/cmd_vel,71.601520171,0.0,0.0
/epuck2/cmd_vel,71.659415372,0.0,0.0
/epuck2/cmd_vel,71.692497218,0.0,0.0
/epuck2/cmd_vel,71.753153004,0.0,0.0
/epuck2/cmd_vel,71.811247006,0.0,0.0
/epuck2/cmd_vel,71.867737934,0.0,0.0
/epuck2/cmd_vel,71.907155733,0.0,0.0
/epuck2/cmd_vel,71.959615683,0.0,0.0
/epuck2/cmd_vel,71.998826888,0.0,0.0
/epuck2/cmd_vel,72.064976988,0.0,0.0
/epuck2/cmd_vel,72.10477916,0.0,0.0
/epuck2/cmd_vel,72.159992037,0.0,0.0
/epuck2/cmd_vel,72.199248608,0.0,0.0
/epuck2/cmd_vel,72.278058382,0.0,0.0
/epuck2/cmd_vel,72.3175036,0.0,0.0
/epuck2/cmd_vel,72.375682279,0.0,0.0
/epuck2/cmd_vel,72.410122775,0.0,0.0
/epuck2/cmd_vel,72.468888831,0.0,0.0
/epuck2/cmd_vel,72.524489869,0.0,0.0
/epuck2/cmd_vel,72.584678852,0.0,0.0
/epuck2/cmd_vel,72.62180567,0.0,0.0
/epuck2/cmd_vel,72.675959552,0.0,0.0
/epuck2/cmd_vel,72.717513087,0.0,0.0
/epuck2/cmd_vel,72.79254227,0.0,0.0
/epuck2/cmd_vel,72.832901376,0.0,0.0
/epuck2/cmd_vel,72.888772196,0.0,0.0
/epuck2/cmd_vel,72.923823505,0.0,0.0
/epuck2/cmd_vel,72.983702566,0.0,0.0
/epuck2/cmd_vel,73.040723683,0.0,0.0
/epuck2/cmd_vel,73.098490194,0.0,0.0
/epuck2/cmd_vel,73.133046667,0.0,0.0
/epuck2/cmd_vel,73.188916688,0.0,0.0
/epuck2/cmd_vel,73.229916899,0.0,0.0
/epuck2/cmd_vel,73.306504033,0.0,0.0
/epuck2/cmd_vel,73.343232082,0.0,0.0
/epuck2/cmd_vel,73.397418085,0.0,0.0
/epuck2/cmd_vel,73.437303294,0.0,0.0
/epuck2/cmd_vel,73.49790761,0.0,0.0
/epuck2/cmd_vel,73.557967039,0.0,0.0
/epuck2/cmd_vel,73.618601167,0.0,0.0
/epuck2/cmd_vel,73.656625481,0.0,0.0
/epuck2/cmd_vel,73.712363094,0.0,0.0
/epuck2/cmd_vel,73.748471775,0.0,0.0
/epuck2/cmd_vel,73.815919949,0.0,0.0
/epuck2/cmd_vel,73.855727875,0.0,0.0
/epuck2/cmd_vel,73.912000015,0.0,0.0
/epuck2/cmd_vel,73.950132172,0.0,0.0
/epuck2/cmd_vel,74.030379995,0.0,0.0
/epuck2/cmd_vel,74.079693062,0.0,0.0
/epuck2/cmd_vel,74.138922386,0.0,0.0
/epuck2/cmd_vel,74.174410517,0.0,0.0
/epuck2/cmd_vel,74.230429484,0.0,0.0
/epuck2/cmd_vel,74.272903551,0.0,0.0
/epuck2/cmd_vel,74.358870436,0.0,0.0
/epuck2/cmd_vel,74.401050531,0.0,0.0
/epuck2/cmd_vel,74.459453181,0.0,0.0
/epuck2/cmd_vel,74.492707392,0.0,0.0
/epuck2/cmd_vel,74.553440606,0.0,0.0
/epuck2/cmd_vel,74.596439398,0.0,0.0
/epuck2/cmd_vel,74.679952313,0.0,0.0
/epuck2/cmd_vel,74.719766499,0.0,0.0
/epuck2/cmd_vel,74.773055198,0.0,0.0
/epuck2/cmd_vel,74.809146955,0.0,0.0
/epuck2/cmd_vel,74.869881718,0.0,0.0
/epuck2/cmd_vel,74.931354412,0.0,0.0
/epuck2/cmd_vel,74.989785043,0.0,0.0
/epuck2/cmd_vel,75.026407041,0.0,0.0
/epuck2/cmd_vel,75.084484688,0.0,0.0
/epuck2/cmd_vel,75.124525527,0.0,0.0
/epuck2/cmd_vel,75.200259372,0.0,0.0
/epuck2/cmd_vel,75.238739153,0.0,0.0
/epuck2/cmd_vel,75.295214908,0.0,0.0
/epuck2/cmd_vel,75.332233346,0.0,0.0
/epuck2/cmd_vel,75.409008098,0.0,0.0
/epuck2/cmd_vel,75.450185929,0.0,0.0
/epuck2/cmd_vel,75.507185667,0.0,0.0
/epuck2/cmd_vel,75.54269366,0.0,0.0
/epuck2/cmd_vel,75.599484491,0.0,0.0
/epuck2/cmd_vel,75.659592532,0.0,0.0
/epuck2/cmd_vel,75.72008693,0.0,0.0
/epuck2/cmd_vel,75.757615436,0.0,0.0
/epuck2/cmd_vel,75.812084531,0.0,0.0
/epuck2/cmd_vel,75.850769036,0.0,0.0
/epuck2/cmd_vel,75.930848,0.0,0.0
/epuck2/cmd_vel,75.968058824,0.0,0.0
/epuck2/cmd_vel,76.024183348,0.0,0.0
/epuck2/cmd_vel,76.059911128,0.0,0.0
/epuck2/cmd_vel,76.121284602,0.0,0.0
/epuck2/cmd_vel,76.176334045,0.0,0.0
/epuck2/cmd_vel,76.247882533,0.0,0.0
/epuck2/cmd_vel,76.285723727,0.0,0.0
/epuck2/cmd_vel,76.338249577,0.0,0.0
/epuck2/cmd_vel,76.376422014,0.0,0.0
/epuck2/cmd_vel,76.442291439,0.0,0.0
/epuck2/cmd_vel,76.503688473,0.0,0.0
/epuck2/cmd_vel,76.564512627,0.0,0.0
/epuck2/cmd_vel,76.60187679,0.0,0.0
/epuck2/cmd_vel,76.655222844,0.0,0.0
/epuck2/cmd_vel,76.696212787,0.0,0.0
/epuck2/cmd_vel,76.768188974,0.0,0.0
/epuck2/cmd_vel,76.820906317,0.0,0.0
/epuck2/cmd_vel,76.879851185,0.0,0.0
/epuck2/cmd_vel,76.915500846,0.0,0.0
/epuck2/cmd_vel,76.969580219,0.0,0.0
/epuck2/cmd_vel,77.01109436,0.0,0.0
/epuck2/cmd_vel,77.112494227,0.0,0.0
/epuck2/cmd_vel,77.155100975,0.0,0.0
/epuck2/cmd_vel,77.212604185,0.0,0.0
/epuck2/cmd_vel,77.247801719,0.0,0.0
/epuck2/cmd_vel,77.307195597,0.0,0.0
/epuck2/cmd_vel,77.352150871,0.0,0.0
/epuck2/cmd_vel,77.423322279,0.0,0.0
/epuck2/cmd_vel,77.464946736,0.0,0.0
/epuck2/cmd_vel,77.519441028,0.0,0.0
/epuck2/cmd_vel,77.556100131,0.0,0.0
/epuck2/cmd_vel,77.628863235,0.0,0.0
/epuck2/cmd_vel,77.670522386,0.0,0.0
/epuck2/cmd_vel,77.728748135,0.0,0.0
/epuck2/cmd_vel,77.761247186,0.0,0.0
/epuck2/cmd_vel,77.820173769,0.0,0.0
/epuck2/cmd_vel,77.878056364,0.0,0.0
/epuck2/cmd_vel,77.940635754,0.0,0.0
/epuck2/cmd_vel,77.97711577,0.0,0.0
/epuck2/cmd_vel,78.033599754,0.0,0.0
/epuck2/cmd_vel,78.071971808,0.0,0.0
/epuck2/cmd_vel,78.149130788,0.0,0.0
/epuck2/cmd_vel,78.189564847,0.0,0.0
/epuck2/cmd_vel,78.245472028,0.0,0.0
/epuck2/cmd_vel,78.281958272,0.0,0.0
/epuck2/cmd_vel,78.343667736,0.0,0.0
/epuck2/cmd_vel,78.4010557,0.0,0.0
/epuck2/cmd_vel,78.461233854,0.0,0.0
/epuck2/cmd_vel,78.497743503,0.0,0.0
/epuck2/cmd_vel,78.552516567,0.0,0.0
/epuck2/cmd_vel,78.593290359,0.0,0.0
/epuck2/cmd_vel,78.672051569,0.0,0.0
/epuck2/cmd_vel,78.711459799,0.0,0.0
/epuck2/cmd_vel,78.768428771,0.0,0.0
/epuck2/cmd_vel,78.804696515,0.0,0.0
/epuck2/cmd_vel,78.877998176,0.0,0.0
/epuck2/cmd_vel,78.921338626,0.0,0.0
/epuck2/cmd_vel,78.975966855,0.0,0.0
/epuck2/cmd_vel,79.012389621,0.0,0.0
/epuck2/cmd_vel,79.070642584,0.0,0.0
/epuck2/cmd_vel,79.126971983,0.0,0.0
/epuck2/cmd_vel,79.18979987,0.0,0.0
/epuck2/cmd_vel,79.226423653,0.0,0.0
/epuck2/cmd_vel,79.28387355,0.0,0.0
/epuck2/cmd_vel,79.322134376,0.0,0.0
/epuck2/cmd_vel,79.394019983,0.0,0.0
/epuck2/cmd_vel,79.444210075,0.0,0.0
/epuck2/cmd_vel,79.505336792,0.0,0.0
/epuck2/cmd_vel,79.541316277,0.0,0.0
/epuck2/cmd_vel,79.597230996,0.0,0.0
