topic,time_s,linear_mps,angular_rps
/epuck1/cmd_vel,3.626787417,0.0,0.0
/epuck1/cmd_vel,3.665535746,0.0,0.0
/epuck1/cmd_vel,3.72000733,0.0,0.0
/epuck1/cmd_vel,3.757444121,0.0,0.0
/epuck1/cmd_vel,3.816359067,0.0,0.0
/epuck1/cmd_vel,3.868694341,0.0,0.0
/epuck1/cmd_vel,3.94133823,0.0,0.0
/epuck1/cmd_vel,3.975574755,0.0,0.0
/epuck1/cmd_vel,4.030988513,0.0,0.0
/epuck1/cmd_vel,4.069243444,0.0,0.0
/epuck1/cmd_vel,4.129088214,0.0,0.0
/epuck1/cmd_vel,4.192065326,0.0,0.0
/epuck1/cmd_vel,4.24959969,0.0,0.0
/epuck1/cmd_vel,4.286208563,0.0,0.0
/epuck1/cmd_vel,4.341284678,0.0,0.0
/epuck1/cmd_vel,4.381249993,0.0,0.0
/epuck1/cmd_vel,4.468251035,0.0,0.0
/epuck1/cmd_vel,4.521029569,0.0,0.0
/epuck1/cmd_vel,4.579690105,0.0,0.0
/epuck1/cmd_vel,4.614232557,0.0,0.0
/epuck1/cmd_vel,4.670315138,0.0,0.0
/epuck1/cmd_vel,4.713600804,0.0,0.0
/epuck1/cmd_vel,4.788182343,0.0,0.0
/epuck1/cmd_vel,4.824736533,0.0,0.0
/epuck1/cmd_vel,4.880831442,0.0,0.0
/epuck1/cmd_vel,4.917421126,0.0,0.0
/epuck1/cmd_vel,4.991408242,0.0,0.0
/epuck1/cmd_vel,5.033131816,0.0,0.0
/epuck1/cmd_vel,5.090418054,0.0,0.0
/epuck1/cmd_vel,5.12366822,0.0,0.0
/epuck1/cmd_vel,5.183759145,0.0,0.0
/epuck1/cmd_vel,5.237517506,0.0,0.0
/epuck1/cmd_vel,5.296364046,0.0,0.0
/epuck1/cmd_vel,5.331933194,0.0,0.0
/epuck1/cmd_vel,5.384918163,0.0,0.0
/epuck1/cmd_vel,5.425453418,0.0,0.0
/epuck1/cmd_vel,5.493915163,0.0,0.0
/epuck1/cmd_vel,5.53196801,0.0,0.0
/epuck1/cmd_vel,5.584978726,0.0,0.0
/epuck1/cmd_vel,5.622037,0.0,0.0
/epuck1/cmd_vel,5.682793956,0.0,0.0
/epuck1/cmd_vel,5.736217114,0.0,0.0
/epuck1/cmd_vel,5.805669257,0.0,0.0
/epuck1/cmd_vel,5.841861889,0.0,0.0
/epuck1/cmd_vel,5.895596988,0.0,0.0
/epuck1/cmd_vel,5.932472352,0.0,0.0
/epuck1/cmd_vel,5.99828596,0.0,0.0
/epuck1/cmd_vel,6.060408287,0.0,0.0
/epuck1/cmd_vel,6.118723339,0.0,0.0
/epuck1/cmd_vel,6.157377234,0.0,0.0
/epuck1/cmd_vel,6.208505728,0.0,0.0
/epuck1/cmd_vel,6.248865615,0.0,0.0
/epuck1/cmd_vel,6.323009306,0.0,0.0
/epuck1/cmd_vel,6.372210358,0.0,0.0
/epuck1/cmd_vel,6.430838104,0.0,0.0
/epuck1/cmd_vel,6.466911043,0.0019999999999999575,0.0
/epuck1/cmd_vel,6.522141613,0.004999999999999893,0.0
/epuck1/cmd_vel,6.564300724,0.006999999999999851,0.0
/epuck1/cmd_vel,6.639252585,0.009999999999999964,0.0
/epuck1/cmd_vel,6.675401859,0.01199999999999992,0.0
/epuck1/cmd_vel,6.731951879,0.014999999999999857,0.0
/epuck1/cmd_vel,6.768144886,0.01699999999999999,0.0
/epuck1/cmd_vel,6.833339371,0.019999999999999928,0.0
/epuck1/cmd_vel,6.894938291,0.021999999999999884,0.0
/epuck1/cmd_vel,6.954517783,0.024999999999999998,0.0
/epuck1/cmd_vel,6.991265851,0.025,0.0
/epuck1/cmd_vel,7.045707687,0.025,0.0
/epuck1/cmd_vel,7.082950973,0.025,0.0
/epuck1/cmd_vel,7.172348102,0.025,0.0
/epuck1/cmd_vel,7.223081083,0.025,0.0
/epuck1/cmd_vel,7.281790941,0.025,0.0
/epuck1/cmd_vel,7.319144909,0.025,0.0
/epuck1/cmd_vel,7.37369034,0.025,0.0
/epuck1/cmd_vel,7.415496425,0.025,0.0
/epuck1/cmd_vel,7.493441029,0.025,0.0
/epuck1/cmd_vel,7.53171916,0.025,0.0
/epuck1/cmd_vel,7.584137956,0.025,0.0
/epuck1/cmd_vel,7.622872779,0.025,0.0
/epuck1/cmd_vel,7.698953782,0.025,0.0
/epuck1/cmd_vel,7.740483457,0.025,0.0
/epuck1/cmd_vel,7.798124707,0.025,0.0
/epuck1/cmd_vel,7.831974079,0.025,0.0
/epuck1/cmd_vel,7.893245203,0.025,0.0
/epuck1/cmd_vel,7.947814656,0.025,0.0
/epuck1/cmd_vel,8.007685723,0.025,0.0
/epuck1/cmd_vel,8.044304058,0.025,0.0
/epuck1/cmd_vel,8.100054264,0.025,0.0
/epuck1/cmd_vel,8.139599302,0.025,0.0
/epuck1/cmd_vel,8.216901037,0.025,0.0
/epuck1/cmd_vel,8.253527556,0.025,0.0
/epuck1/cmd_vel,8.309723126,0.025,0.0
/epuck1/cmd_vel,8.346498465,0.025,0.0
/epuck1/cmd_vel,8.40831458,0.025,0.0
/epuck1/cmd_vel,8.468637599,0.025,0.0
/epuck1/cmd_vel,8.524917411,0.025,0.0
/epuck1/cmd_vel,8.561534148,0.025,0.0
/epuck1/cmd_vel,8.616965653,0.025,0.0
/epuck1/cmd_vel,8.657312586,0.025,0.0
/epuck1/cmd_vel,8.735203913,0.025,0.0
/epuck1/cmd_vel,8.773707507,0.025,0.0
/epuck1/cmd_vel,8.829094795,0.025,0.0
/epuck1/cmd_vel,8.864836875,0.025,0.0
/epuck1/cmd_vel,8.945245741,0.025,0.0
/epuck1/cmd_vel,8.985490081,0.025,0.0
/epuck1/cmd_vel,9.043839817,0.025,0.0
/epuck1/cmd_vel,9.079793917,0.0,-0.11999999999999744
/epuck1/cmd_vel,9.136410371,0.0,-0.2999999999999936
/epuck1/cmd_vel,9.194391834,0.0,-0.41999999999999105
/epuck1/cmd_vel,9.253808467,0.0,-0.45
/epuck1/cmd_vel,9.292295372,0.0,-0.45
/epuck1/cmd_vel,9.345898269,0.0,-0.45
/epuck1/cmd_vel,9.384927106,0.0,-0.45
/epuck1/cmd_vel,9.461816982,0.0,-0.45
/epuck1/cmd_vel,9.501870398,0.0,-0.45
/epuck1/cmd_vel,9.555353531,0.0,-0.45
/epuck1/cmd_vel,9.593291319,0.0,-0.45
/epuck1/cmd_vel,9.654540338,0.0,-0.45
/epuck1/cmd_vel,9.709562537,0.0,-0.45
/epuck1/cmd_vel,9.770419928,0.0,-0.45
/epuck1/cmd_vel,9.805740477,0.0,-0.45
/epuck1/cmd_vel,9.860747106,0.0,-0.45
/epuck1/cmd_vel,9.902076905,0.0,-0.45
/epuck1/cmd_vel,9.978761164,0.0,-0.45
/epuck1/cmd_vel,10.01497517,0.0,-0.45
/epuck1/cmd_vel,10.068353516,0.0,-0.45
/epuck1/cmd_vel,10.106307947,0.0,-0.45
/epuck1/cmd_vel,10.173002338,0.0,-0.45
/epuck1/cmd_vel,10.222111554,0.0,-0.45
/epuck1/cmd_vel,10.284893683,0.0,-0.45
/epuck1/cmd_vel,10.317816051,0.0,-0.45
/epuck1/cmd_vel,10.375325311,0.0,-0.45
/epuck1/cmd_vel,10.41633756,0.0,-0.45
/epuck1/cmd_vel,10.497059834,0.0,-0.45
/epuck1/cmd_vel,10.537344079,0.0,-0.45
/epuck1/cmd_vel,10.597058909,0.0,-0.45
/epuck1/cmd_vel,10.628985722,0.0,-0.45
/epuck1/cmd_vel,10.686518134,0.0,-0.45
/epuck1/cmd_vel,10.728614357,0.0,-0.45
/epuck1/cmd_vel,10.824466949,0.0,-0.45
/epuck1/cmd_vel,10.864496769,0.0,-0.45
/epuck1/cmd_vel,10.916846218,0.0,-0.45
/epuck1/cmd_vel,10.955370526,0.0,-0.45
/epuck1/cmd_vel,11.014038939,0.0,-0.45
/epuck1/cmd_vel,11.070109949,0.0,-0.45
/epuck1/cmd_vel,11.129638045,0.0,-0.45
/epuck1/cmd_vel,11.164386667,0.0,-0.45
/epuck1/cmd_vel,11.222288069,0.0,-0.45
/epuck1/cmd_vel,11.260478515,0.0,-0.45
/epuck1/cmd_vel,11.33875005,0.0,-0.45
/epuck1/cmd_vel,11.377765264,0.0,-0.2900000000000034
/epuck1/cmd_vel,11.431997603,0.0029999999999999363,-0.05000000000000854
/epuck1/cmd_vel,11.469161876,0.005000000000000071,0.0
/epuck1/cmd_vel,11.546750493,0.008000000000000007,0.0
/epuck1/cmd_vel,11.587159375,0.009999999999999964,0.0
/epuck1/cmd_vel,11.643198763,0.01,0.0
/epuck1/cmd_vel,11.677524227,0.01,0.0
/epuck1/cmd_vel,11.735084868,0.01,0.0
/epuck1/cmd_vel,11.792914148,0.01,0.0
/epuck1/cmd_vel,11.853019323,0.01,0.0
/epuck1/cmd_vel,11.890199956,0.01,0.0
/epuck1/cmd_vel,11.94429688,0.01,0.0
/epuck1/cmd_vel,11.987218965,0.01,0.0
/epuck1/cmd_vel,12.058437279,0.01,0.0
/epuck1/cmd_vel,12.109743088,0.01,0.0
/epuck1/cmd_vel,12.170239882,0.01,0.0
/epuck1/cmd_vel,12.203381271,0.01,0.0
/epuck1/cmd_vel,12.258737849,0.01,0.0
/epuck1/cmd_vel,12.299364831,0.01,0.0
/epuck1/cmd_vel,12.384041051,0.01,0.0
/epuck1/cmd_vel,12.426938399,0.01,0.0
/epuck1/cmd_vel,12.48378212,0.01,0.0
/epuck1/cmd_vel,12.5231433,0.01,0.0
/epuck1/cmd_vel,12.578785256,0.01,0.0
/epuck1/cmd_vel,12.630531453,0.01,0.0
/epuck1/cmd_vel,12.689348789,0.01,0.0
/epuck1/cmd_vel,12.728475561,0.01,0.0
/epuck1/cmd_vel,12.780115526,0.01,0.0
/epuck1/cmd_vel,12.820201275,0.01,0.0
/epuck1/cmd_vel,12.89643881,0.01,0.0
/epuck1/cmd_vel,12.936898112,0.01,0.0
/epuck1/cmd_vel,12.989784909,0.01,0.0
/epuck1/cmd_vel,13.028134626,0.01,0.0
/epuck1/cmd_vel,13.086489209,0.01,0.0
/epuck1/cmd_vel,13.145310788,0.01,0.0
/epuck1/cmd_vel,13.203249644,0.01,0.0
/epuck1/cmd_vel,13.237952973,0.01,0.0
/epuck1/cmd_vel,13.291914595,0.01,0.0
/epuck1/cmd_vel,13.33420913,0.01,0.0
/epuck1/cmd_vel,13.414505182,0.01,0.0
/epuck1/cmd_vel,13.449946705,0.01,0.0
/epuck1/cmd_vel,13.501912079,0.01,0.0
/epuck1/cmd_vel,13.540475046,0.01,0.0
/epuck1/cmd_vel,13.620508475,0.01,0.0
/epuck1/cmd_vel,13.660814144,0.01,0.0
/epuck1/cmd_vel,13.719514136,0.01,0.0
/epuck1/cmd_vel,13.75546305,0.01,0.0
/epuck1/cmd_vel,13.811326064,0.01,0.0
/epuck1/cmd_vel,13.866586534,0.01,0.0
/epuck1/cmd_vel,13.930165134,0.01,0.0
/epuck1/cmd_vel,13.965504154,0.01,0.0
/epuck1/cmd_vel,14.018585983,0.01,0.0
/epuck1/cmd_vel,14.059547679,0.01,0.0
/epuck1/cmd_vel,14.129006048,0.01,0.0
/epuck1/cmd_vel,14.179814255,0.01,0.0
/epuck1/cmd_vel,14.237906509,0.01,0.0
/epuck1/cmd_vel,14.274542081,0.01,0.0
/epuck1/cmd_vel,14.331310616,0.01,0.0
/epuck1/cmd_vel,14.373123275,0.01,0.0
/epuck1/cmd_vel,14.454326362,0.01,0.0
/epuck1/cmd_vel,14.496660151,0.01,0.0
/epuck1/cmd_vel,14.552353513,0.01,0.0
/epuck1/cmd_vel,14.585728059,0.01,0.0
/epuck1/cmd_vel,14.645381509,0.01,0.0
/epuck1/cmd_vel,14.702817389,0.01,0.0
/epuck1/cmd_vel,14.761254137,0.01,0.0
/epuck1/cmd_vel,14.797144668,0.01,0.0
/epuck1/cmd_vel,14.850548649,0.01,0.0
/epuck1/cmd_vel,14.890278585,0.01,0.0
/epuck1/cmd_vel,14.971763969,0.01,0.0
/epuck1/cmd_vel,15.010823915,0.01,0.0
/epuck1/cmd_vel,15.065318127,0.01,0.0
/epuck1/cmd_vel,15.102472264,0.01,0.0
/epuck1/cmd_vel,15.161766352,0.01,0.0
/epuck1/cmd_vel,15.230194935,0.01,0.0
/epuck1/cmd_vel,15.300368856,0.01,0.0
/epuck1/cmd_vel,15.339800609,0.01,0.0
/epuck1/cmd_vel,15.392648019,0.01,0.0
/epuck1/cmd_vel,15.431295168,0.01,0.0
/epuck1/cmd_vel,15.50817996,0.01,0.0
/epuck1/cmd_vel,15.550483939,0.01,0.0
/epuck1/cmd_vel,15.608090435,0.01,0.0
/epuck1/cmd_vel,15.645378116,0.01,0.0
/epuck1/cmd_vel,15.700454571,0.01,0.0
/epuck1/cmd_vel,15.756719053,0.01,0.0
/epuck1/cmd_vel,15.816991028,0.01,0.0
/epuck1/cmd_vel,15.852745904,0.01,0.0
/epuck1/cmd_vel,15.907315514,0.01,0.0
/epuck1/cmd_vel,15.945573943,0.01,0.0
/epuck1/cmd_vel,16.02706641,0.01,0.0
/epuck1/cmd_vel,16.064136401,0.01,0.0
/epuck1/cmd_vel,16.118931482,0.01,0.0
/epuck1/cmd_vel,16.154680052,0.01,0.0
/epuck1/cmd_vel,16.214643234,0.01,0.0
/epuck1/cmd_vel,16.268315157,0.01,0.0
/epuck1/cmd_vel,16.32488483,0.01,0.0
/epuck1/cmd_vel,16.360059056,0.01,0.0
/epuck1/cmd_vel,16.417110226,0.01,0.0
/epuck1/cmd_vel,16.459649802,0.01,0.0
/epuck1/cmd_vel,16.526612823,0.01,0.0
/epuck1/cmd_vel,16.565270315,0.01,0.0
/epuck1/cmd_vel,16.620283205,0.01,0.0
/epuck1/cmd_vel,16.656825525,0.01,0.0
/epuck1/cmd_vel,16.719191698,0.01,0.0
/epuck1/cmd_vel,16.778280249,0.01,0.0
/epuck1/cmd_vel,16.838463136,0.01,0.0
/epuck1/cmd_vel,16.87724898,0.01,0.0
/epuck1/cmd_vel,16.928214333,0.01,0.0
/epuck1/cmd_vel,16.967679453,0.01,0.0
/epuck1/cmd_vel,17.04226252,0.01,0.0
/epuck1/cmd_vel,17.094504924,0.01,0.0
/epuck1/cmd_vel,17.150433324,0.01,0.0
/epuck1/cmd_vel,17.185190754,0.01,0.0
/epuck1/cmd_vel,17.241335262,0.01,0.0
/epuck1/cmd_vel,17.282615612,0.01,0.0
/epuck1/cmd_vel,17.371108054,0.01,0.0
/epuck1/cmd_vel,17.428350253,0.01,0.0
/epuck1/cmd_vel,17.467108517,0.01,0.0
/epuck1/cmd_vel,17.502490734,0.01,0.0
/epuck1/cmd_vel,17.563483453,0.01,0.0
/epuck1/cmd_vel,17.601028043,0.01,0.0
/epuck1/cmd_vel,17.700339929,0.01,0.0
/epuck1/cmd_vel,17.737973675,0.01,0.0
/epuck1/cmd_vel,17.792104203,0.01,0.0
/epuck1/cmd_vel,17.828054563,0.01,0.0
/epuck1/cmd_vel,17.888528105,0.01,0.0
/epuck1/cmd_vel,17.965050967,0.01,0.0
/epuck1/cmd_vel,18.005546322,0.01,0.0
/epuck1/cmd_vel,18.041879802,0.01,0.0
/epuck1/cmd_vel,18.0967314,0.01,0.0
/epuck1/cmd_vel,18.137751103,0.01,0.0
/epuck1/cmd_vel,18.211389175,0.01,0.0
/epuck1/cmd_vel,18.261692669,0.01,0.0
/epuck1/cmd_vel,18.319302628,0.01,0.0
/epuck1/cmd_vel,18.353884758,0.01,0.0
/epuck1/cmd_vel,18.4101651,0.01,0.0
/epuck1/cmd_vel,18.48749794,0.01,0.0
/epuck1/cmd_vel,18.527234496,0.01,0.0
/epuck1/cmd_vel,18.567061901,0.01,0.0
/epuck1/cmd_vel,18.620648901,0.01,0.0
/epuck1/cmd_vel,18.658317883,0.01,0.0
/epuck1/cmd_vel,18.735642746,0.01,0.0
/epuck1/cmd_vel,18.777053765,0.01,0.0
/epuck1/cmd_vel,18.835193956,0.01,0.0
/epuck1/cmd_vel,18.871535967,0.01,0.0
/epuck1/cmd_vel,18.92924642,0.01,0.0
/epuck1/cmd_vel,19.006389008,0.01,0.0
/epuck1/cmd_vel,19.047587514,0.01,0.0
/epuck1/cmd_vel,19.084140602,0.01,0.0
/epuck1/cmd_vel,19.140365171,0.01,0.0
/epuck1/cmd_vel,19.179297452,0.01,0.0
/epuck1/cmd_vel,19.273246886,0.01,0.0
/epuck1/cmd_vel,19.325040463,0.01,0.0
/epuck1/cmd_vel,19.385502999,0.01,0.0
/epuck1/cmd_vel,19.418455949,0.01,0.0
/epuck1/cmd_vel,19.477091412,0.01,0.0
/epuck1/cmd_vel,19.518167764,0.01,0.0
/epuck1/cmd_vel,19.595173405,0.01,0.0
/epuck1/cmd_vel,19.632301226,0.01,0.0
/epuck1/cmd_vel,19.688974437,0.01,0.0
/epuck1/cmd_vel,19.72555569,0.01,0.0
/epuck1/cmd_vel,19.805662148,0.01,0.0
/epuck1/cmd_vel,19.847059737,0.01,0.0
/epuck1/cmd_vel,19.90437845,0.01,0.0
/epuck1/cmd_vel,19.942677838,0.01,0.0
/epuck1/cmd_vel,20.000521914,0.01,0.0
/epuck1/cmd_vel,20.055106207,0.01,0.0
/epuck1/cmd_vel,20.115888807,0.01,0.0
/epuck1/cmd_vel,20.153008086,0.01,0.0
/epuck1/cmd_vel,20.209367024,0.01,0.0
/epuck1/cmd_vel,20.250191134,0.01,0.0
/epuck1/cmd_vel,20.329102237,0.01,0.0
/epuck1/cmd_vel,20.367727117,0.01,0.0
/epuck1/cmd_vel,20.422108492,0.01,0.0
/epuck1/cmd_vel,20.461450891,0.01,0.0
/epuck1/cmd_vel,20.523535066,0.01,0.0
/epuck1/cmd_vel,20.580695392,0.01,0.0
/epuck1/cmd_vel,20.639504058,0.01,0.0
/epuck1/cmd_vel,20.674939817,0.01,0.0
/epuck1/cmd_vel,20.730235783,0.01,0.0
/epuck1/cmd_vel,20.772193731,0.01,0.0
/epuck1/cmd_vel,20.850224012,0.01,0.0
/epuck1/cmd_vel,20.890063675,0.01,0.0
/epuck1/cmd_vel,20.944044707,0.01,0.0
/epuck1/cmd_vel,20.982796762,0.01,0.0
/epuck1/cmd_vel,21.058835598,0.01,0.0
/epuck1/cmd_vel,21.099921014,0.01,0.0
/epuck1/cmd_vel,21.15743198,0.01,0.0
/epuck1/cmd_vel,21.190940966,0.01,0.0
/epuck1/cmd_vel,21.251905464,0.01,0.0
/epuck1/cmd_vel,21.297493913,0.01,0.0
/epuck1/cmd_vel,21.369270321,0.01,0.0
/epuck1/cmd_vel,21.407517206,0.01,0.0
/epuck1/cmd_vel,21.462905414,0.01,0.0
/epuck1/cmd_vel,21.500302935,0.01,0.0
/epuck1/cmd_vel,21.580754602,0.01,0.0
/epuck1/cmd_vel,21.620728304,0.01,0.0
/epuck1/cmd_vel,21.680980451,0.01,0.0
/epuck1/cmd_vel,21.71391551,0.01,0.0
/epuck1/cmd_vel,21.772190169,0.01,0.0
/epuck1/cmd_vel,21.829082609,0.01,0.0
/epuck1/cmd_vel,21.889881705,0.01,0.0
/epuck1/cmd_vel,21.926597579,0.01,0.0
/epuck1/cmd_vel,21.981112096,0.01,0.0
/epuck1/cmd_vel,22.020498614,0.01,0.0
/epuck1/cmd_vel,22.09618338,0.01,0.0
/epuck1/cmd_vel,22.148265476,0.01,0.0
/epuck1/cmd_vel,22.2069558,0.01,0.0
/epuck1/cmd_vel,22.242380619,0.01,0.0
/epuck1/cmd_vel,22.299874631,0.01,0.0
/epuck1/cmd_vel,22.339745124,0.01,0.0
/epuck1/cmd_vel,22.423182746,0.01,0.0
/epuck1/cmd_vel,22.462418229,0.01,0.0
/epuck1/cmd_vel,22.520171775,0.01,0.0
/epuck1/cmd_vel,22.556875765,0.01,0.0
/epuck1/cmd_vel,22.615676802,0.01,0.0
/epuck1/cmd_vel,22.658740245,0.01,0.0
/epuck1/cmd_vel,22.742308086,0.01,0.0
/epuck1/cmd_vel,22.784228008,0.01,0.0
/epuck1/cmd_vel,22.835449346,0.01,0.0
/epuck1/cmd_vel,22.874829127,0.01,0.0
/epuck1/cmd_vel,22.934474531,0.01,0.0
/epuck1/cmd_vel,22.987521371,0.01,0.0
/epuck1/cmd_vel,23.060255207,0.01,0.0
/epuck1/cmd_vel,23.099449926,0.01,0.0
/epuck1/cmd_vel,23.150346112,0.01,0.0
/epuck1/cmd_vel,23.188436532,0.01,0.0
/epuck1/cmd_vel,23.269482092,0.01,0.0
/epuck1/cmd_vel,23.309136893,0.01,0.0
/epuck1/cmd_vel,23.366407133,0.01,0.0
/epuck1/cmd_vel,23.400186639,0.01,0.0
/epuck1/cmd_vel,23.459196352,0.01,0.0
/epuck1/cmd_vel,23.516403405,0.01,0.0
/epuck1/cmd_vel,23.577756927,0.01,0.0
/epuck1/cmd_vel,23.613807915,0.01,0.0
/epuck1/cmd_vel,23.670921646,0.01,0.0
/epuck1/cmd_vel,23.709007646,0.01,0.0
/epuck1/cmd_vel,23.788776527,0.01,0.0
/epuck1/cmd_vel,23.827098596,0.01,0.0
/epuck1/cmd_vel,23.88216526,0.01,0.0
/epuck1/cmd_vel,23.921224164,0.01,0.0
/epuck1/cmd_vel,23.980133339,0.01,0.0
/epuck1/cmd_vel,24.038636915,0.01,0.0
/epuck1/cmd_vel,24.096622501,0.01,0.0
/epuck1/cmd_vel,24.133413951,0.01,0.0
/epuck1/cmd_vel,24.190200562,0.01,0.0
/epuck1/cmd_vel,24.230070545,0.01,0.0
/epuck1/cmd_vel,24.307766352,0.01,0.0
/epuck1/cmd_vel,24.344875662,0.01,0.0
/epuck1/cmd_vel,24.400113622,0.01,0.0
/epuck1/cmd_vel,24.436739468,0.01,0.0
/epuck1/cmd_vel,24.512582213,0.01,0.0
/epuck1/cmd_vel,24.554732417,0.01,0.0
/epuck1/cmd_vel,24.611111942,0.01,0.0
/epuck1/cmd_vel,24.649320664,0.01,0.0
/epuck1/cmd_vel,24.70665146,0.01,0.0
/epuck1/cmd_vel,24.748275243,0.01,0.0
/epuck1/cmd_vel,24.831085412,0.01,0.0
/epuck1/cmd_vel,24.870269091,0.01,0.0
/epuck1/cmd_vel,24.925150952,0.01,0.0
/epuck1/cmd_vel,24.962405129,0.01,0.0
/epuck1/cmd_vel,25.021739897,0.01,0.0
/epuck1/cmd_vel,25.078148939,0.01,0.0
/epuck1/cmd_vel,25.152006228,0.01,0.0
/epuck1/cmd_vel,25.188209182,0.01,0.0
/epuck1/cmd_vel,25.24470337,0.01,0.0
/epuck1/cmd_vel,25.281095669,0.01,0.0
/epuck1/cmd_vel,25.36198541,0.01,0.0
/epuck1/cmd_vel,25.401507121,0.01,0.0
/epuck1/cmd_vel,25.460109781,0.01,0.0
/epuck1/cmd_vel,25.495017906,0.01,0.0
/epuck1/cmd_vel,25.553338854,0.01,0.0
/epuck1/cmd_vel,25.594428581,0.01,0.0
/epuck1/cmd_vel,25.67659911,0.01,0.0
/epuck1/cmd_vel,25.719151248,0.01,0.0
/epuck1/cmd_vel,25.771408535,0.01,0.0
/epuck1/cmd_vel,25.808951849,0.01,0.0
/epuck1/cmd_vel,25.870859025,0.01,0.0
/epuck1/cmd_vel,25.933280117,0.01,0.0
/epuck1/cmd_vel,26.005408709,0.01,0.0
/epuck1/cmd_vel,26.046247988,0.01,0.0
/epuck1/cmd_vel,26.097373454,0.01,0.0
/epuck1/cmd_vel,26.135522299,0.01,0.0
/epuck1/cmd_vel,26.214596411,0.01,0.0
/epuck1/cmd_vel,26.25552639,0.01,0.0
/epuck1/cmd_vel,26.31158193,0.01,0.0
/epuck1/cmd_vel,26.345065485,0.01,0.0
/epuck1/cmd_vel,26.405202828,0.01,0.0
/epuck1/cmd_vel,26.46302687,0.01,0.0
/epuck1/cmd_vel,26.525152399,0.01,0.0
/epuck1/cmd_vel,26.561636973,0.01,0.0
/epuck1/cmd_vel,26.616155523,0.01,0.0
/epuck1/cmd_vel,26.6542282,0.01,0.0
/epuck1/cmd_vel,26.732746586,0.01,0.0
/epuck1/cmd_vel,26.772869084,0.01,0.0
/epuck1/cmd_vel,26.825607307,0.01,0.0
/epuck1/cmd_vel,26.86579555,0.01,0.0
/epuck1/cmd_vel,26.923449269,0.01,0.0
/epuck1/cmd_vel,26.978846357,0.01,0.0
/epuck1/cmd_vel,27.035884589,0.01,0.0
/epuck1/cmd_vel,27.07333577,0.01,0.0
/epuck1/cmd_vel,27.128276333,0.01,0.0
/epuck1/cmd_vel,27.17178187,0.01,0.0
/epuck1/cmd_vel,27.253154396,0.01,0.0
/epuck1/cmd_vel,27.292244975,0.01,0.0
/epuck1/cmd_vel,27.351252788,0.01,0.0
/epuck1/cmd_vel,27.387803752,0.01,0.0
/epuck1/cmd_vel,27.445100162,0.01,0.0
/epuck1/cmd_vel,27.486368526,0.01,0.0
/epuck1/cmd_vel,27.597940526,0.01,0.0
/epuck1/cmd_vel,27.638806102,0.01,0.0
/epuck1/cmd_vel,27.691887946,0.01,0.0
/epuck1/cmd_vel,27.731790513,0.01,0.0
/epuck1/cmd_vel,27.788827242,0.01,0.0
/epuck1/cmd_vel,27.8472503,0.01,0.0
/epuck1/cmd_vel,27.903138649,0.01,0.0
/epuck1/cmd_vel,27.938002769,0.01,0.0
/epuck1/cmd_vel,27.996242121,0.01,0.0
/epuck1/cmd_vel,28.036111009,0.01,0.0
/epuck1/cmd_vel,28.113140123,0.01,0.0
/epuck1/cmd_vel,28.155176359,0.01,0.0
/epuck1/cmd_vel,28.205813526,0.01,0.0
/epuck1/cmd_vel,28.244321427,0.01,0.0
/epuck1/cmd_vel,28.323172163,0.01,0.0
/epuck1/cmd_vel,28.361296401,0.01,0.0
/epuck1/cmd_vel,28.418234224,0.01,0.0
/epuck1/cmd_vel,28.456900374,0.01,0.0
/epuck1/cmd_vel,28.515264645,0.01,0.0
/epuck1/cmd_vel,28.571018148,0.01,0.0
/epuck1/cmd_vel,28.632001695,0.01,0.0
/epuck1/cmd_vel,28.66792195,0.01,0.0
/epuck1/cmd_vel,28.722236292,0.01,0.0
/epuck1/cmd_vel,28.761465775,0.01,0.0
/epuck1/cmd_vel,28.838922694,0.01,0.0
/epuck1/cmd_vel,28.877344413,0.01,0.0
/epuck1/cmd_vel,28.932042218,0.01,0.0
/epuck1/cmd_vel,28.969196049,0.01,0.0
/epuck1/cmd_vel,29.029396472,0.01,0.0
/epuck1/cmd_vel,29.083913799,0.01,0.0
/epuck1/cmd_vel,29.154278724,0.01,0.0
/epuck1/cmd_vel,29.190640116,0.01,0.0
/epuck1/cmd_vel,29.245989453,0.01,0.0
/epuck1/cmd_vel,29.282879005,0.01,0.0
/epuck1/cmd_vel,29.345701919,0.01,0.0
/epuck1/cmd_vel,29.410056786,0.01,0.0
/epuck1/cmd_vel,29.469991979,0.01,0.0
/epuck1/cmd_vel,29.508723038,0.01,0.0
/epuck1/cmd_vel,29.565069765,0.01,0.0
/epuck1/cmd_vel,29.624691503,0.01,0.0
/epuck1/cmd_vel,29.68867959,0.01,0.0
/epuck1/cmd_vel,29.724032386,0.01,0.0
/epuck1/cmd_vel,29.779959807,0.01,0.0
/epuck1/cmd_vel,29.81762214,0.01,0.0
/epuck1/cmd_vel,29.891929405,0.01,0.0
/epuck1/cmd_vel,29.932452445,0.01,0.0
/epuck1/cmd_vel,29.990188438,0.01,0.0
/epuck1/cmd_vel,30.024311786,0.01,0.0
/epuck1/cmd_vel,30.085563916,0.01,0.0
/epuck1/cmd_vel,30.141954384,0.01,0.0
/epuck1/cmd_vel,30.202416339,0.01,0.0
/epuck1/cmd_vel,30.237551683,0.01,0.0
/epuck1/cmd_vel,30.292749837,0.01,0.0
/epuck1/cmd_vel,30.335157673,0.01,0.0
/epuck1/cmd_vel,30.413205302,0.01,0.0
/epuck1/cmd_vel,30.453200309,0.01,0.0
/epuck1/cmd_vel,30.507671694,0.01,0.0
/epuck1/cmd_vel,30.54545129,0.01,0.0
/epuck1/cmd_vel,30.621647342,0.01,0.0
/epuck1/cmd_vel,30.665841649,0.01,0.0
/epuck1/cmd_vel,30.720338436,0.01,0.0
/epuck1/cmd_vel,30.755006236,0.01,0.0
/epuck1/cmd_vel,30.815437788,0.01,0.0
/epuck1/cmd_vel,30.870275907,0.01,0.0
/epuck1/cmd_vel,30.931608745,0.01,0.0
/epuck1/cmd_vel,30.967555815,0.01,0.0
/epuck1/cmd_vel,31.021975582,0.01,0.0
/epuck1/cmd_vel,31.062731797,0.01,0.0
/epuck1/cmd_vel,31.142054379,0.01,0.0
/epuck1/cmd_vel,31.180677032,0.01,0.0
/epuck1/cmd_vel,31.234593026,0.01,0.0
/epuck1/cmd_vel,31.275661262,0.01,0.0
/epuck1/cmd_vel,31.33308987,0.01,0.0
/epuck1/cmd_vel,31.390138873,0.01,0.0
/epuck1/cmd_vel,31.446376181,0.01,0.0
/epuck1/cmd_vel,31.481752354,0.01,0.0
/epuck1/cmd_vel,31.53855102,0.01,0.0
/epuck1/cmd_vel,31.580392261,0.01,0.0
/epuck1/cmd_vel,31.661343732,0.01,0.0
/epuck1/cmd_vel,31.697426027,0.01,0.0
/epuck1/cmd_vel,31.750625901,0.01,0.0
/epuck1/cmd_vel,31.788262703,0.01,0.0
/epuck1/cmd_vel,31.853008864,0.01,0.0
/epuck1/cmd_vel,31.91452534,0.01,0.0
/epuck1/cmd_vel,31.973069454,0.01,0.0
/epuck1/cmd_vel,32.009462396,0.01,0.0
/epuck1/cmd_vel,32.064590309,0.01,0.0
/epuck1/cmd_vel,32.104665301,0.01,0.0
/epuck1/cmd_vel,32.178649517,0.012,0.18
/epuck1/cmd_vel,32.231215456,0.012,0.18
/epuck1/cmd_vel,32.291022864,0.012,0.18
/epuck1/cmd_vel,32.327176939,0.012,0.18
/epuck1/cmd_vel,32.38333218,0.012,0.18
/epuck1/cmd_vel,32.426115064,0.012,0.18
/epuck1/cmd_vel,32.500981689,0.012,0.18
/epuck1/cmd_vel,32.537582416,0.012,0.18
/epuck1/cmd_vel,32.593329384,0.012,0.18
/epuck1/cmd_vel,32.630617727,0.012,0.18
/epuck1/cmd_vel,32.693399579,0.012,0.18
/epuck1/cmd_vel,32.753660935,0.012,0.18
/epuck1/cmd_vel,32.814781412,0.012,0.18
/epuck1/cmd_vel,32.85168337,0.012,0.18
/epuck1/cmd_vel,32.908062486,0.012,0.18
/epuck1/cmd_vel,32.945725398,0.012,0.18
/epuck1/cmd_vel,33.0182575,0.012,0.18
/epuck1/cmd_vel,33.070848414,0.012,0.18
/epuck1/cmd_vel,33.127707715,0.012,0.18
/epuck1/cmd_vel,33.162572819,0.012,0.18
/epuck1/cmd_vel,33.219947795,0.012,0.18
/epuck1/cmd_vel,33.25832351,0.012,0.18
/epuck1/cmd_vel,33.340672731,0.012,0.18
/epuck1/cmd_vel,33.378341827,0.012,0.18
/epuck1/cmd_vel,33.434218636,0.012,0.18
/epuck1/cmd_vel,33.474893458,0.012,0.18
/epuck1/cmd_vel,33.54596706,0.012,0.18
/epuck1/cmd_vel,33.58461565,0.012,0.18
/epuck1/cmd_vel,33.641085971,0.012,0.18
/epuck1/cmd_vel,33.679977061,0.012,0.18
/epuck1/cmd_vel,33.736410013,0.012,0.18
/epuck1/cmd_vel,33.793223252,0.012,0.18
/epuck1/cmd_vel,33.853144933,0.012,0.18
/epuck1/cmd_vel,33.889395096,0.012,0.18
/epuck1/cmd_vel,33.940659356,0.012,0.18
/epuck1/cmd_vel,33.981622387,0.012,0.18
/epuck1/cmd_vel,34.06304648,0.012,0.18
/epuck1/cmd_vel,34.103412741,0.012,0.18
/epuck1/cmd_vel,34.155983012,0.012,0.18
/epuck1/cmd_vel,34.195154036,0.012,0.18
/epuck1/cmd_vel,34.252344925,0.012,0.18
/epuck1/cmd_vel,34.312161741,0.012,0.18
/epuck1/cmd_vel,34.369671494,0.012,0.18
/epuck1/cmd_vel,34.405098373,0.012,0.18
/epuck1/cmd_vel,34.464200444,0.012,0.18
/epuck1/cmd_vel,34.502969093,0.012,0.18
/epuck1/cmd_vel,34.583947456,0.012,0.18
/epuck1/cmd_vel,34.618560195,0.012,0.18
/epuck1/cmd_vel,34.672757048,0.012,0.18
/epuck1/cmd_vel,34.709976833,0.012,0.18
/epuck1/cmd_vel,34.787764966,0.012,0.18
/epuck1/cmd_vel,34.827679804,0.012,0.18
/epuck1/cmd_vel,34.882586415,0.012,0.18
/epuck1/cmd_vel,34.920224824,0.012,0.18
/epuck1/cmd_vel,34.978001658,0.012,0.18
/epuck1/cmd_vel,35.020801928,0.012,0.18
/epuck1/cmd_vel,35.103151109,0.012,0.18
/epuck1/cmd_vel,35.14113955,0.012,0.18
/epuck1/cmd_vel,35.194865915,0.012,0.18
/epuck1/cmd_vel,35.23302987,0.012,0.18
/epuck1/cmd_vel,35.292018275,0.012,0.18
/epuck1/cmd_vel,35.342914358,0.012,0.18
/epuck1/cmd_vel,35.414700547,0.012,0.18
/epuck1/cmd_vel,35.450836757,0.012,0.18
/epuck1/cmd_vel,35.504517422,0.012,0.18
/epuck1/cmd_vel,35.543712013,0.012,0.18
/epuck1/cmd_vel,35.610087489,0.012,0.18
/epuck1/cmd_vel,35.662755479,0.012,0.18
/epuck1/cmd_vel,35.720514484,0.012,0.18
/epuck1/cmd_vel,35.758189913,0.012,0.18
/epuck1/cmd_vel,35.813514267,0.012,0.18
/epuck1/cmd_vel,35.853701677,0.012,0.18
/epuck1/cmd_vel,35.935263421,0.012,0.18
/epuck1/cmd_vel,35.976886923,0.012,0.18
/epuck1/cmd_vel,36.032088663,0.012,0.18
/epuck1/cmd_vel,36.068400486,0.012,0.18
/epuck1/cmd_vel,36.123361897,0.012,0.18
/epuck1/cmd_vel,36.16985064,0.012,0.18
/epuck1/cmd_vel,36.267160431,0.012,0.18
/epuck1/cmd_vel,36.30819184,0.012,0.18
/epuck1/cmd_vel,36.358568345,0.012,0.18
/epuck1/cmd_vel,36.395816144,0.012,0.18
/epuck1/cmd_vel,36.456968445,0.012,0.18
/epuck1/cmd_vel,36.516468273,0.012,0.18
/epuck1/cmd_vel,36.573138025,0.012,0.18
/epuck1/cmd_vel,36.608577421,0.012,0.18
/epuck1/cmd_vel,36.664022184,0.012,0.18
/epuck1/cmd_vel,36.706625757,0.012,0.16764312982559204
/epuck1/cmd_vel,36.793667246,0.012,0.16764312982559204
/epuck1/cmd_vel,36.836803554,0.012,0.15529048442840576
/epuck1/cmd_vel,36.889876153,0.012,0.15529048442840576
/epuck1/cmd_vel,36.926648082,0.012,0.1411731600761414
/epuck1/cmd_vel,36.983003309,0.012,0.1411731600761414
/epuck1/cmd_vel,37.030375129,0.012,0.1411731600761414
/epuck1/cmd_vel,37.112262331,0.012,0.1270558476448059
/epuck1/cmd_vel,37.150165932,0.012,0.1270558476448059
/epuck1/cmd_vel,37.206010094,0.012,0.11646785736083985
/epuck1/cmd_vel,37.242831735,0.012,0.11646785736083985
/epuck1/cmd_vel,37.301928459,0.012,0.10411521196365357
/epuck1/cmd_vel,37.355350655,0.012,0.10411521196365357
/epuck1/cmd_vel,37.426128395,0.012,0.09705654978752137
/epuck1/cmd_vel,37.463876988,0.012,0.09705654978752137
/epuck1/cmd_vel,37.517720517,0.012,0.08646856546401978
/epuck1/cmd_vel,37.556868466,0.012,0.08646856546401978
/epuck1/cmd_vel,37.631039511,0.012,0.07764524221420288
/epuck1/cmd_vel,37.673112951,0.012,0.07764524221420288
/epuck1/cmd_vel,37.729482183,0.012,0.07235124707221983
/epuck1/cmd_vel,37.763452944,0.012,0.07235124707221983
/epuck1/cmd_vel,37.820896256,0.012,0.0670572519302368
/epuck1/cmd_vel,37.876903006,0.012,0.0670572519302368
/epuck1/cmd_vel,37.938232888,0.012,0.05999859571456909
/epuck1/cmd_vel,37.972342918,0.013999999999999957,0.07499824464321136
/epuck1/cmd_vel,38.027899987,0.01700000000000007,0.07499824464321136
/epuck1/cmd_vel,38.069405771,0.019000000000000027,0.06617492437362671
/epuck1/cmd_vel,38.145143958,0.02200000000000014,0.06617492437362671
/epuck1/cmd_vel,38.182205907,0.024000000000000098,0.05955743044614792
/epuck1/cmd_vel,38.236195759,0.025,0.05955743044614792
/epuck1/cmd_vel,38.274808867,0.025,0.05293993651866913
/epuck1/cmd_vel,38.332380556,0.025,0.05293993651866913
/epuck1/cmd_vel,38.387100061,0.025,0.04632244631648064
/epuck1/cmd_vel,38.458595177,0.025,0.04632244631648064
/epuck1/cmd_vel,38.498188667,0.025,0.04191078245639801
/epuck1/cmd_vel,38.55218221,0.025,0.04191078245639801
/epuck1/cmd_vel,38.588122154,0.025,0.04191078245639801
/epuck1/cmd_vel,38.650953302,0.025,0.03529329225420952
/epuck1/cmd_vel,38.714835942,0.025,0.03529329225420952
/epuck1/cmd_vel,38.7759776,0.025,0.033087462186813354
/epuck1/cmd_vel,38.81108008,0.025,0.033087462186813354
/epuck1/cmd_vel,38.86466651,0.025,0.02867579832673073
/epuck1/cmd_vel,38.904858303,0.025,0.02867579832673073
/epuck1/cmd_vel,38.980243374,0.025,0.0242641381919384
/epuck1/cmd_vel,39.033217978,0.025,0.0242641381919384
/epuck1/cmd_vel,39.091871837,0.025,0.022058306261897087
/epuck1/cmd_vel,39.125716412,0.025,0.022058306261897087
/epuck1/cmd_vel,39.183934587,0.025,0.01985247619450092
/epuck1/cmd_vel,39.220745187,0.025,0.01985247619450092
/epuck1/cmd_vel,39.288836217,0.025,0.017646646127104763
/epuck1/cmd_vel,39.328278076,0.025,0.017646646127104763
/epuck1/cmd_vel,39.382867375,0.025,0.013234984129667282
/epuck1/cmd_vel,39.420962492,0.025,0.013234984129667282
/epuck1/cmd_vel,39.497672775,0.025,0.013234984129667282
/epuck1/cmd_vel,39.537666594,0.025,0.013234984129667282
/epuck1/cmd_vel,39.594905002,0.025,0.013234984129667282
/epuck1/cmd_vel,39.633268869,0.025,0.013234984129667282
/epuck1/cmd_vel,39.689521826,0.025,0.013234984129667282
/epuck1/cmd_vel,39.745593689,0.025,0.011029153130948544
/epuck1/cmd_vel,39.806383688,0.025,0.011029153130948544
/epuck1/cmd_vel,39.841750716,0.025,0.00882332306355238
/epuck1/cmd_vel,39.899168324,0.025,0.00882332306355238
/epuck1/cmd_vel,39.940178791,0.025,0.006617492064833641
/epuck1/cmd_vel,40.014335507,0.025,0.006617492064833641
/epuck1/cmd_vel,40.053626758,0.025,0.006617492064833641
/epuck1/cmd_vel,40.109116116,0.025,0.006617492064833641
/epuck1/cmd_vel,40.145148701,0.025,0.006617492064833641
/epuck1/cmd_vel,40.206721646,0.025,0.006617492064833641
/epuck1/cmd_vel,40.262128642,0.025,0.006617492064833641
/epuck1/cmd_vel,40.320418293,0.025,0.006617492064833641
/epuck1/cmd_vel,40.354062592,0.025,0.006617492064833641
/epuck1/cmd_vel,40.409300179,0.025,0.00441166153177619
/epuck1/cmd_vel,40.449506481,0.025,0.00441166153177619
/epuck1/cmd_vel,40.534267796,0.025,0.00441166153177619
/epuck1/cmd_vel,40.574694859,0.025,0.00441166153177619
/epuck1/cmd_vel,40.631155604,0.025,0.00441166153177619
/epuck1/cmd_vel,40.665283005,0.025,0.00441166153177619
/epuck1/cmd_vel,40.722934005,0.025,0.00441166153177619
/epuck1/cmd_vel,40.768355808,0.025,0.00441166153177619
/epuck1/cmd_vel,40.850275449,0.025,0.002205830765888095
/epuck1/cmd_vel,40.887900823,0.025,0.002205830765888095
/epuck1/cmd_vel,40.942778072,0.025,0.002205830765888095
/epuck1/cmd_vel,40.980880163,0.025,0.002205830765888095
/epuck1/cmd_vel,41.041275663,0.025,0.002205830765888095
/epuck1/cmd_vel,41.109320316,0.025,0.002205830765888095
/epuck1/cmd_vel,41.199686595,0.025,0.002205830765888095
/epuck1/cmd_vel,41.235063027,0.025,0.002205830765888095
/epuck1/cmd_vel,41.288895232,0.025,0.002205830765888095
/epuck1/cmd_vel,41.326450156,0.025,0.002205830765888095
/epuck1/cmd_vel,41.406736045,0.025,0.002205830765888095
/epuck1/cmd_vel,41.447105961,0.025,0.002205830765888095
/epuck1/cmd_vel,41.503483464,0.025,0.002205830765888095
/epuck1/cmd_vel,41.538905459,0.025,-2.42861286636753e-17
/epuck1/cmd_vel,41.594953246,0.025,-2.42861286636753e-17
/epuck1/cmd_vel,41.641667014,0.025,-2.42861286636753e-17
/epuck1/cmd_vel,41.723904972,0.025,-2.42861286636753e-17
/epuck1/cmd_vel,41.762473968,0.025,-2.42861286636753e-17
/epuck1/cmd_vel,41.817093421,0.025,-2.42861286636753e-17
/epuck1/cmd_vel,41.85626382,0.025,0.002205830765888095
/epuck1/cmd_vel,41.912910519,0.025,0.002205830765888095
/epuck1/cmd_vel,41.966202287,0.025,0.002205830765888095
/epuck1/cmd_vel,42.037227521,0.025,0.002205830765888095
/epuck1/cmd_vel,42.07660264,0.025,0.002205830765888095
/epuck1/cmd_vel,42.128816876,0.025,0.002205830765888095
/epuck1/cmd_vel,42.167534811,0.025,0.002205830765888095
/epuck1/cmd_vel,42.232235645,0.025,0.002205830765888095
/epuck1/cmd_vel,42.294518995,0.025,0.002205830765888095
/epuck1/cmd_vel,42.355628346,0.025,-2.42861286636753e-17
/epuck1/cmd_vel,42.394645164,0.025,-2.42861286636753e-17
/epuck1/cmd_vel,42.448911505,0.025,-2.42861286636753e-17
/epuck1/cmd_vel,42.489097437,0.025,-2.42861286636753e-17
/epuck1/cmd_vel,42.56056003,0.025,-2.42861286636753e-17
/epuck1/cmd_vel,42.598544515,0.025,-2.42861286636753e-17
/epuck1/cmd_vel,42.654217641,0.025,-2.42861286636753e-17
/epuck1/cmd_vel,42.690797833,0.025,-2.42861286636753e-17
/epuck1/cmd_vel,42.750635884,0.025,-2.42861286636753e-17
/epuck1/cmd_vel,42.807916279,0.025,-2.42861286636753e-17
/epuck1/cmd_vel,42.866470966,0.025,-2.42861286636753e-17
/epuck1/cmd_vel,42.901554027,0.025,-2.42861286636753e-17
/epuck1/cmd_vel,42.957927519,0.025,-2.42861286636753e-17
/epuck1/cmd_vel,42.997905668,0.025,-2.42861286636753e-17
/epuck1/cmd_vel,43.071956913,0.025,-2.42861286636753e-17
/epuck1/cmd_vel,43.10946307,0.025,-2.42861286636753e-17
/epuck1/cmd_vel,43.164170142,0.025,-2.42861286636753e-17
/epuck1/cmd_vel,43.199375557,0.025,0.002205830765888095
/epuck1/cmd_vel,43.262717895,0.025,0.002205830765888095
/epuck1/cmd_vel,43.326042081,0.025,0.002205830765888095
/epuck1/cmd_vel,43.387506264,0.025,-2.42861286636753e-17
/epuck1/cmd_vel,43.421822319,0.025,-2.42861286636753e-17
/epuck1/cmd_vel,43.476527297,0.025,-2.42861286636753e-17
/epuck1/cmd_vel,43.519913574,0.025,-2.42861286636753e-17
/epuck1/cmd_vel,43.589886556,0.025,-2.42861286636753e-17
/epuck1/cmd_vel,43.641558518,0.025,-2.42861286636753e-17
/epuck1/cmd_vel,43.698611415,0.025,-2.42861286636753e-17
/epuck1/cmd_vel,43.735096859,0.025,-2.42861286636753e-17
/epuck1/cmd_vel,43.792590495,0.025,-2.42861286636753e-17
/epuck1/cmd_vel,43.834532375,0.025,-2.42861286636753e-17
/epuck1/cmd_vel,43.913606296,0.025,-2.42861286636753e-17
/epuck1/cmd_vel,43.95439545,0.025,-2.42861286636753e-17
/epuck1/cmd_vel,44.012203898,0.025,-2.42861286636753e-17
/epuck1/cmd_vel,44.048340436,0.025,-2.42861286636753e-17
/epuck1/cmd_vel,44.107033501,0.025,-2.42861286636753e-17
/epuck1/cmd_vel,44.149513349,0.025,-2.42861286636753e-17
/epuck1/cmd_vel,44.232336401,0.025,-2.42861286636753e-17
/epuck1/cmd_vel,44.272528712,0.025,-2.42861286636753e-17
/epuck1/cmd_vel,44.326603719,0.025,-2.42861286636753e-17
/epuck1/cmd_vel,44.364967755,0.025,-2.42861286636753e-17
/epuck1/cmd_vel,44.422259895,0.025,-2.42861286636753e-17
/epuck1/cmd_vel,44.474620122,0.025,-2.42861286636753e-17
/epuck1/cmd_vel,44.548560207,0.025,-2.42861286636753e-17
/epuck1/cmd_vel,44.586287759,0.025,-2.42861286636753e-17
/epuck1/cmd_vel,44.640622466,0.025,-2.42861286636753e-17
/epuck1/cmd_vel,44.677723007,0.025,-2.42861286636753e-17
/epuck1/cmd_vel,44.7420099,0.025,-2.42861286636753e-17
/epuck1/cmd_vel,44.803441387,0.025,-2.42861286636753e-17
/epuck1/cmd_vel,44.862708505,0.025,-2.42861286636753e-17
/epuck1/cmd_vel,44.898410015,0.025,-2.42861286636753e-17
/epuck1/cmd_vel,44.951852421,0.025,-2.42861286636753e-17
/epuck1/cmd_vel,44.994135421,0.025,-2.42861286636753e-17
/epuck1/cmd_vel,45.067972505,0.025,-2.42861286636753e-17
/epuck1/cmd_vel,45.119211792,0.025,-2.42861286636753e-17
/epuck1/cmd_vel,45.174920894,0.025,-2.42861286636753e-17
/epuck1/cmd_vel,45.210015748,0.025,-2.42861286636753e-17
/epuck1/cmd_vel,45.267758662,0.025,-2.42861286636753e-17
/epuck1/cmd_vel,45.30763368,0.025,-2.42861286636753e-17
/epuck1/cmd_vel,45.407830822,0.025,-2.42861286636753e-17
/epuck1/cmd_vel,45.448969467,0.025,-2.42861286636753e-17
/epuck1/cmd_vel,45.506682463,0.025,-2.42861286636753e-17
/epuck1/cmd_vel,45.541296837,0.025,-2.42861286636753e-17
/epuck1/cmd_vel,45.59646742,0.025,-2.42861286636753e-17
/epuck1/cmd_vel,45.646157664,0.025,-2.42861286636753e-17
/epuck1/cmd_vel,45.705263831,0.025,-2.42861286636753e-17
/epuck1/cmd_vel,45.740371949,0.025,-2.42861286636753e-17
/epuck1/cmd_vel,45.798977093,0.025,-2.42861286636753e-17
/epuck1/cmd_vel,45.837565646,0.025,-2.42861286636753e-17
/epuck1/cmd_vel,45.914970625,0.025,-2.42861286636753e-17
/epuck1/cmd_vel,45.95585808,0.025,-2.42861286636753e-17
/epuck1/cmd_vel,46.010126982,0.025,-2.42861286636753e-17
/epuck1/cmd_vel,46.046395999,0.025,-2.42861286636753e-17
/epuck1/cmd_vel,46.123357868,0.025,-2.42861286636753e-17
/epuck1/cmd_vel,46.163435738,0.025,-2.42861286636753e-17
/epuck1/cmd_vel,46.221221111,0.025,-2.42861286636753e-17
/epuck1/cmd_vel,46.255036088,0.025,-2.42861286636753e-17
/epuck1/cmd_vel,46.314670791,0.025,-2.42861286636753e-17
/epuck1/cmd_vel,46.371277059,0.025,-2.42861286636753e-17
/epuck1/cmd_vel,46.432225889,0.025,-2.42861286636753e-17
/epuck1/cmd_vel,46.470689172,0.025,-2.42861286636753e-17
/epuck1/cmd_vel,46.524854664,0.025,-0.002205830765888095
/epuck1/cmd_vel,46.562353144,0.025,-0.002205830765888095
/epuck1/cmd_vel,46.642341453,0.025,-2.42861286636753e-17
/epuck1/cmd_vel,46.681731944,0.025,-2.42861286636753e-17
/epuck1/cmd_vel,46.736909507,0.025,-2.42861286636753e-17
/epuck1/cmd_vel,46.773079899,0.025,-2.42861286636753e-17
/epuck1/cmd_vel,46.832083467,0.025,-2.42861286636753e-17
/epuck1/cmd_vel,46.887539949,0.025,-2.42861286636753e-17
/epuck1/cmd_vel,46.94603278,0.025,-2.42861286636753e-17
/epuck1/cmd_vel,46.982422159,0.025,-2.42861286636753e-17
/epuck1/cmd_vel,47.037110532,0.025,-2.42861286636753e-17
/epuck1/cmd_vel,47.08042068,0.025,-2.42861286636753e-17
/epuck1/cmd_vel,47.156025722,0.025,-2.42861286636753e-17
/epuck1/cmd_vel,47.195443312,0.025,-2.42861286636753e-17
/epuck1/cmd_vel,47.247404322,0.025,-2.42861286636753e-17
/epuck1/cmd_vel,47.286142339,0.025,-2.42861286636753e-17
/epuck1/cmd_vel,47.362569848,0.025,-2.42861286636753e-17
/epuck1/cmd_vel,47.403470331,0.025,-2.42861286636753e-17
/epuck1/cmd_vel,47.46004984,0.025,-2.42861286636753e-17
/epuck1/cmd_vel,47.495231745,0.025,-2.42861286636753e-17
/epuck1/cmd_vel,47.553471245,0.025,-2.42861286636753e-17
/epuck1/cmd_vel,47.593679392,0.025,0.002205830765888095
/epuck1/cmd_vel,47.67832838,0.025,0.002205830765888095
/epuck1/cmd_vel,47.715951061,0.025,-2.42861286636753e-17
/epuck1/cmd_vel,47.769838407,0.025,-2.42861286636753e-17
/epuck1/cmd_vel,47.805388168,0.025,-2.42861286636753e-17
/epuck1/cmd_vel,47.867375038,0.025,-2.42861286636753e-17
/epuck1/cmd_vel,47.91720958,0.025,-2.42861286636753e-17
/epuck1/cmd_vel,48.005472208,0.025,-2.42861286636753e-17
/epuck1/cmd_vel,48.042411593,0.025,-2.42861286636753e-17
/epuck1/cmd_vel,48.097349176,0.025,-2.42861286636753e-17
/epuck1/cmd_vel,48.133463931,0.025,-2.42861286636753e-17
/epuck1/cmd_vel,48.212942217,0.025,-2.42861286636753e-17
/epuck1/cmd_vel,48.253972849,0.025,-2.42861286636753e-17
/epuck1/cmd_vel,48.30885908,0.025,-2.42861286636753e-17
/epuck1/cmd_vel,48.345327419,0.025,-2.42861286636753e-17
/epuck1/cmd_vel,48.402254586,0.025,-2.42861286636753e-17
/epuck1/cmd_vel,48.461710988,0.025,-2.42861286636753e-17
/epuck1/cmd_vel,48.519601987,0.025,-2.42861286636753e-17
/epuck1/cmd_vel,48.556262573,0.025,-2.42861286636753e-17
/epuck1/cmd_vel,48.609204389,0.025,-2.42861286636753e-17
/epuck1/cmd_vel,48.650242899,0.025,-2.42861286636753e-17
/epuck1/cmd_vel,48.72815299,0.025,-2.42861286636753e-17
/epuck1/cmd_vel,48.767073983,0.025,-2.42861286636753e-17
/epuck1/cmd_vel,48.821732568,0.025,-2.42861286636753e-17
/epuck1/cmd_vel,48.857392229,0.025,-2.42861286636753e-17
/epuck1/cmd_vel,48.919313052,0.025,-2.42861286636753e-17
/epuck1/cmd_vel,48.97470412,0.025,-2.42861286636753e-17
/epuck1/cmd_vel,49.03439576,0.025,-2.42861286636753e-17
/epuck1/cmd_vel,49.071566008,0.025,-2.42861286636753e-17
/epuck1/cmd_vel,49.125334052,0.025,-2.42861286636753e-17
/epuck1/cmd_vel,49.163260305,0.025,-2.42861286636753e-17
/epuck1/cmd_vel,49.245517409,0.025,-2.42861286636753e-17
/epuck1/cmd_vel,49.280391127,0.025,-2.42861286636753e-17
/epuck1/cmd_vel,49.33559181,0.025,-2.42861286636753e-17
/epuck1/cmd_vel,49.371553269,0.025,-2.42861286636753e-17
/epuck1/cmd_vel,49.435354075,0.025,-2.42861286636753e-17
/epuck1/cmd_vel,49.495495609,0.025,-2.42861286636753e-17
/epuck1/cmd_vel,49.553205405,0.025,-2.42861286636753e-17
/epuck1/cmd_vel,49.589850877,0.025,-2.42861286636753e-17
/epuck1/cmd_vel,49.645263345,0.025,-2.42861286636753e-17
/epuck1/cmd_vel,49.683657638,0.025,-2.42861286636753e-17
/epuck1/cmd_vel,49.759444135,0.025,-2.42861286636753e-17
/epuck1/cmd_vel,49.808809166,0.025,-2.42861286636753e-17
/epuck1/cmd_vel,49.86710526,0.025,-2.42861286636753e-17
/epuck1/cmd_vel,49.903003502,0.025,-2.42861286636753e-17
/epuck1/cmd_vel,49.959804113,0.025,-2.42861286636753e-17
/epuck1/cmd_vel,50.001079199,0.025,-2.42861286636753e-17
/epuck1/cmd_vel,50.096828671,0.025,-2.42861286636753e-17
/epuck1/cmd_vel,50.137716791,0.025,-2.42861286636753e-17
/epuck1/cmd_vel,50.193472421,0.025,-2.42861286636753e-17
/epuck1/cmd_vel,50.228147856,0.025,-2.42861286636753e-17
/epuck1/cmd_vel,50.284202709,0.025,-2.42861286636753e-17
/epuck1/cmd_vel,50.342932918,0.025,-2.42861286636753e-17
/epuck1/cmd_vel,50.403324257,0.025,-2.42861286636753e-17
/epuck1/cmd_vel,50.442359409,0.025,-2.42861286636753e-17
/epuck1/cmd_vel,50.494002796,0.025,-2.42861286636753e-17
/epuck1/cmd_vel,50.534416607,0.025,-2.42861286636753e-17
/epuck1/cmd_vel,50.612230365,0.025,-2.42861286636753e-17
/epuck1/cmd_vel,50.651372105,0.025,-2.42861286636753e-17
/epuck1/cmd_vel,50.705433004,0.025,-2.42861286636753e-17
/epuck1/cmd_vel,50.762242743,0.025,-2.42861286636753e-17
/epuck1/cmd_vel,50.804462759,0.025,-2.42861286636753e-17
/epuck1/cmd_vel,50.853579952,0.025,-2.42861286636753e-17
/epuck1/cmd_vel,50.914542187,0.025,-2.42861286636753e-17
/epuck1/cmd_vel,50.949086057,0.025,-2.42861286636753e-17
/epuck1/cmd_vel,51.00600775,0.025,-2.42861286636753e-17
/epuck1/cmd_vel,51.046952428,0.025,-2.42861286636753e-17
/epuck1/cmd_vel,51.129712215,0.025,-2.42861286636753e-17
/epuck1/cmd_vel,51.171564681,0.025,-2.42861286636753e-17
/epuck1/cmd_vel,51.229592763,0.025,-2.42861286636753e-17
/epuck1/cmd_vel,51.282373119,0.025,-2.42861286636753e-17
/epuck1/cmd_vel,51.323871598,0.025,-2.42861286636753e-17
/epuck1/cmd_vel,51.37757408,0.025,-2.42861286636753e-17
/epuck1/cmd_vel,51.441735867,0.025,-2.42861286636753e-17
/epuck1/cmd_vel,51.477533685,0.025,-2.42861286636753e-17
/epuck1/cmd_vel,51.534288379,0.025,-2.42861286636753e-17
/epuck1/cmd_vel,51.573481695,0.025,-2.42861286636753e-17
/epuck1/cmd_vel,51.649608801,0.025,-2.42861286636753e-17
/epuck1/cmd_vel,51.690065408,0.025,-2.42861286636753e-17
/epuck1/cmd_vel,51.746852815,0.025,-2.42861286636753e-17
/epuck1/cmd_vel,51.803523102,0.025,-2.42861286636753e-17
/epuck1/cmd_vel,51.847022632,0.025,-2.42861286636753e-17
/epuck1/cmd_vel,51.903154768,0.025,-0.002205830765888095
/epuck1/cmd_vel,51.960704691,0.025,-0.002205830765888095
/epuck1/cmd_vel,51.995231841,0.021000000000000796,-0.12220583076586422
/epuck1/cmd_vel,52.049302476,0.015000000000000568,-0.30220583076587104
/epuck1/cmd_vel,52.092364862,0.010999999999999944,-0.4222058307658898
/epuck1/cmd_vel,52.177179481,0.006,-0.602205830765854
/epuck1/cmd_vel,52.218789167,0.006,-0.65
/epuck1/cmd_vel,52.27765139,0.006,-0.65
/epuck1/cmd_vel,52.331482799,0.006,-0.65
/epuck1/cmd_vel,52.37144522,0.006,-0.65
/epuck1/cmd_vel,52.429613454,0.006,-0.65
/epuck1/cmd_vel,52.492155712,0.006,-0.65
/epuck1/cmd_vel,52.526776617,0.006,-0.65
/epuck1/cmd_vel,52.581935113,0.006,-0.65
/epuck1/cmd_vel,52.621696717,0.006,-0.65
/epuck1/cmd_vel,52.695351162,0.006,-0.65
/epuck1/cmd_vel,52.747329751,0.006,-0.65
/epuck1/cmd_vel,52.805836208,0.009000000000000114,-0.4099999999999909
/epuck1/cmd_vel,52.858470174,0.012,-0.16999999999998183
/epuck1/cmd_vel,52.897879541,0.012,-0.1111928200721741
/epuck1/cmd_vel,52.941830175,0.012,0.0039515161514282054
/epuck1/cmd_vel,53.025115148,0.012,0.003951516151428203
/epuck1/cmd_vel,53.064509322,0.012,0.023803993463516217
/epuck1/cmd_vel,53.121170552,0.012,0.023803993463516217
/epuck1/cmd_vel,53.1572726,0.012,0.023803993463516217
/epuck1/cmd_vel,53.217968547,0.012,0.019833519458770734
/epuck1/cmd_vel,53.27239556,0.012,0.019833519458770734
/epuck1/cmd_vel,53.331984366,0.012,0.011892517805099468
/epuck1/cmd_vel,53.387717659,0.012,0.011892517805099468
/epuck1/cmd_vel,53.425327642,0.012,0.011892517805099468
/epuck1/cmd_vel,53.465168116,0.012,0.007922043800353985
/epuck1/cmd_vel,53.545323252,0.012,0.007922043800353985
/epuck1/cmd_vel,53.584001616,0.012,0.011892517805099468
/epuck1/cmd_vel,53.639925791,0.012,0.011892517805099468
/epuck1/cmd_vel,53.678475188,0.012,0.011892517805099468
/epuck1/cmd_vel,53.737302074,0.012,0.007922043800353985
/epuck1/cmd_vel,53.791816071,0.012,0.007922043800353985
/epuck1/cmd_vel,53.851199396,0.012,0.003951516151428203
/epuck1/cmd_vel,53.906003041,0.012,0.003951516151428203
/epuck1/cmd_vel,53.945334316,0.012,0.003951516151428203
/epuck1/cmd_vel,53.985532931,0.012,0.003951516151428203
/epuck1/cmd_vel,54.063744424,0.012,0.003951516151428203
/epuck1/cmd_vel,54.102228719,0.012,0.003951516151428203
/epuck1/cmd_vel,54.156855953,0.012,0.003951516151428203
/epuck1/cmd_vel,54.192028157,0.012,0.003951516151428203
/epuck1/cmd_vel,54.273091787,0.012,-1.8957853317280553e-05
/epuck1/cmd_vel,54.314972039,0.012,-1.8957853317280726e-05
/epuck1/cmd_vel,54.370473226,0.012,-1.8957853317280726e-05
/epuck1/cmd_vel,54.422878623,0.012,-1.8957853317280726e-05
/epuck1/cmd_vel,54.461704213,0.012,-1.8957853317280726e-05
/epuck1/cmd_vel,54.52275572,0.012,-1.8957853317280726e-05
/epuck1/cmd_vel,54.583648344,0.012,-1.8957853317280726e-05
/epuck1/cmd_vel,54.619777462,0.012,-1.8957853317280726e-05
/epuck1/cmd_vel,54.672571416,0.012,-1.8957853317280726e-05
/epuck1/cmd_vel,54.71394405,0.012,-1.8957853317280726e-05
/epuck1/cmd_vel,54.790311201,0.012,0.003951516151428203
/epuck1/cmd_vel,54.839000965,0.012,0.003951516151428203
/epuck1/cmd_vel,54.898339963,0.012,-1.8957853317280553e-05
/epuck1/cmd_vel,54.951893166,0.012,-1.8957853317280726e-05
/epuck1/cmd_vel,54.99299649,0.012,-1.8957853317280726e-05
/epuck1/cmd_vel,55.033688955,0.012,-1.8957853317280726e-05
/epuck1/cmd_vel,55.118654196,0.012,-1.8957853317280726e-05
/epuck1/cmd_vel,55.15853388,0.012,-1.8957853317280726e-05
/epuck1/cmd_vel,55.216681987,0.012,-1.8957853317280726e-05
/epuck1/cmd_vel,55.250348536,0.012,-1.8957853317280726e-05
/epuck1/cmd_vel,55.309476079,0.012,-1.8957853317280726e-05
/epuck1/cmd_vel,55.353247385,0.012,-1.8957853317280726e-05
/epuck1/cmd_vel,55.433772922,0.012,-1.8957853317280726e-05
/epuck1/cmd_vel,55.47426317,0.012,-1.8957853317280726e-05
/epuck1/cmd_vel,55.529642138,0.012,-1.8957853317280726e-05
/epuck1/cmd_vel,55.565100501,0.012,-1.8957853317280726e-05
/epuck1/cmd_vel,55.626699435,0.012,-1.8957853317280726e-05
/epuck1/cmd_vel,55.679101523,0.012,-1.8957853317280726e-05
/epuck1/cmd_vel,55.752985084,0.012,-1.8957853317280726e-05
/epuck1/cmd_vel,55.788931155,0.012,-1.8957853317280726e-05
/epuck1/cmd_vel,55.844489636,0.012,-1.8957853317280726e-05
/epuck1/cmd_vel,55.881506255,0.012,-1.8957853317280726e-05
/epuck1/cmd_vel,55.957492908,0.012,-1.8957853317280726e-05
/epuck1/cmd_vel,55.997871783,0.012,-1.8957853317280726e-05
/epuck1/cmd_vel,56.055277765,0.012,-1.8957853317280726e-05
/epuck1/cmd_vel,56.09131237,0.012,-1.8957853317280726e-05
/epuck1/cmd_vel,56.149847049,0.012,-1.8957853317280726e-05
/epuck1/cmd_vel,56.207068763,0.012,-1.8957853317280726e-05
/epuck1/cmd_vel,56.267248313,0.012,-1.8957853317280726e-05
/epuck1/cmd_vel,56.304799925,0.012,-1.8957853317280726e-05
/epuck1/cmd_vel,56.356717183,0.012,-1.8957853317280726e-05
/epuck1/cmd_vel,56.395953109,0.012,-1.8957853317280726e-05
/epuck1/cmd_vel,56.477169422,0.012,-1.8957853317280726e-05
/epuck1/cmd_vel,56.514639236,0.012,-1.8957853317280726e-05
/epuck1/cmd_vel,56.570396434,0.012,-1.8957853317280726e-05
/epuck1/cmd_vel,56.60943695,0.012,-1.8957853317280726e-05
/epuck1/cmd_vel,56.669145691,0.012,-1.8957853317280726e-05
/epuck1/cmd_vel,56.724103788,0.012,-1.8957853317280726e-05
/epuck1/cmd_vel,56.783146712,0.012,-1.8957853317280726e-05
/epuck1/cmd_vel,56.819256189,0.012,-1.8957853317280726e-05
/epuck1/cmd_vel,56.874439001,0.012,-1.8957853317280726e-05
/epuck1/cmd_vel,56.916249873,0.012,-1.8957853317280726e-05
/epuck1/cmd_vel,57.004183982,0.012,-1.8957853317280726e-05
/epuck1/cmd_vel,57.045484386,0.012,-1.8957853317280726e-05
/epuck1/cmd_vel,57.101947192,0.012,-1.8957853317280726e-05
/epuck1/cmd_vel,57.138459987,0.012,-1.8957853317280726e-05
/epuck1/cmd_vel,57.196417943,0.012,-1.8957853317280726e-05
/epuck1/cmd_vel,57.251560897,0.012,-1.8957853317280726e-05
/epuck1/cmd_vel,57.310902085,0.012,-1.8957853317280726e-05
/epuck1/cmd_vel,57.347268564,0.012,-1.8957853317280726e-05
/epuck1/cmd_vel,57.401122855,0.012,-1.8957853317280726e-05
/epuck1/cmd_vel,57.439804213,0.012,-1.8957853317280726e-05
/epuck1/cmd_vel,57.517734445,0.012,-1.8957853317280726e-05
/epuck1/cmd_vel,57.57067223,0.012,-1.8957853317280726e-05
/epuck1/cmd_vel,57.628077515,0.012,-1.8957853317280726e-05
/epuck1/cmd_vel,57.666021077,0.012,-1.8957853317280726e-05
/epuck1/cmd_vel,57.721479728,0.012,-1.8957853317280726e-05
/epuck1/cmd_vel,57.76187185,0.012,-1.8957853317280726e-05
/epuck1/cmd_vel,57.837718358,0.012,-1.8957853317280726e-05
/epuck1/cmd_vel,57.877950425,0.012,-1.8957853317280726e-05
/epuck1/cmd_vel,57.933353808,0.012,-1.8957853317280726e-05
/epuck1/cmd_vel,57.969855689,0.012,-1.8957853317280726e-05
/epuck1/cmd_vel,58.0328492,0.012,-1.8957853317280726e-05
/epuck1/cmd_vel,58.093863852,0.012,-1.8957853317280726e-05
/epuck1/cmd_vel,58.152570534,0.012,-1.8957853317280726e-05
/epuck1/cmd_vel,58.192201952,0.012,-1.8957853317280726e-05
/epuck1/cmd_vel,58.24483526,0.012,-1.8957853317280726e-05
/epuck1/cmd_vel,58.283086006,0.012,-1.8957853317280726e-05
/epuck1/cmd_vel,58.361000038,0.012,-1.8957853317280726e-05
/epuck1/cmd_vel,58.400174973,0.012,-1.8957853317280726e-05
/epuck1/cmd_vel,58.453018835,0.012,-1.8957853317280726e-05
/epuck1/cmd_vel,58.49236133,0.012,-1.8957853317280726e-05
/epuck1/cmd_vel,58.550839922,0.012,-1.8957853317280726e-05
/epuck1/cmd_vel,58.611444691,0.012,-1.8957853317280726e-05
/epuck1/cmd_vel,58.67224468,0.012,-1.8957853317280726e-05
/epuck1/cmd_vel,58.707671847,0.012,-1.8957853317280726e-05
/epuck1/cmd_vel,58.762655615,0.012,-1.8957853317280726e-05
/epuck1/cmd_vel,58.804425537,0.012,-1.8957853317280726e-05
/epuck1/cmd_vel,58.880541097,0.012,-1.8957853317280726e-05
/epuck1/cmd_vel,58.917029248,0.012,-1.8957853317280726e-05
/epuck1/cmd_vel,58.97020919,0.012,-1.8957853317280726e-05
/epuck1/cmd_vel,59.007191948,0.012,-1.8957853317280726e-05
/epuck1/cmd_vel,59.088246005,0.012,-1.8957853317280726e-05
/epuck1/cmd_vel,59.130095063,0.012,-1.8957853317280726e-05
/epuck1/cmd_vel,59.184064604,0.012,-1.8957853317280726e-05
/epuck1/cmd_vel,59.220428359,0.012,-1.8957853317280726e-05
/epuck1/cmd_vel,59.276197826,0.012,-1.8957853317280726e-05
/epuck1/cmd_vel,59.337237383,0.012,-1.8957853317280726e-05
/epuck1/cmd_vel,59.39830488,0.012,-1.8957853317280726e-05
/epuck1/cmd_vel,59.43727694,0.012,0.15998104214670772
/epuck1/cmd_vel,59.492974002,0.012,0.3
/epuck1/cmd_vel,59.530698442,0.012,0.3
/epuck1/cmd_vel,59.609131676,0.012,0.3
/epuck1/cmd_vel,59.648303928,0.012,0.3
/epuck1/cmd_vel,59.700929709,0.012,0.3
/epuck1/cmd_vel,59.739636582,0.012,0.3
/epuck1/cmd_vel,59.799146306,0.012,0.3
/epuck1/cmd_vel,59.855853943,0.012,0.3
/epuck1/cmd_vel,59.915884627,0.012,0.3
/epuck1/cmd_vel,59.952304952,0.012,0.3
/epuck1/cmd_vel,60.008002618,0.012,0.3
/epuck1/cmd_vel,60.050724323,0.012,0.3
/epuck1/cmd_vel,60.128592295,0.012,0.3
/epuck1/cmd_vel,60.165167188,0.012,0.3
/epuck1/cmd_vel,60.219711682,0.012,0.3
/epuck1/cmd_vel,60.258107167,0.012,0.3
/epuck1/cmd_vel,60.321908264,0.012,0.27528766393661497
/epuck1/cmd_vel,60.383763954,0.012,0.27528766393661497
/epuck1/cmd_vel,60.444728314,0.012,0.2355827271938324
/epuck1/cmd_vel,60.479884589,0.012,0.2355827271938324
/epuck1/cmd_vel,60.535091198,0.012,0.19587777256965636
/epuck1/cmd_vel,60.575288558,0.012,0.19587777256965636
/epuck1/cmd_vel,60.656458298,0.012,0.16411380171775816
/epuck1/cmd_vel,60.696585493,0.012,0.16411380171775816
/epuck1/cmd_vel,60.751260408,0.012,0.16411380171775816
/epuck1/cmd_vel,60.78849091,0.012,0.142937833070755
/epuck1/cmd_vel,60.847821453,0.012,0.142937833070755
/epuck1/cmd_vel,60.905069159,0.012,0.12440884709358214
/epuck1/cmd_vel,60.963769731,0.012,0.12440884709358214
/epuck1/cmd_vel,61.002143597,0.012,0.10587987005710602
/epuck1/cmd_vel,61.055106654,0.012,0.10587987005710602
/epuck1/cmd_vel,61.099565652,0.012,0.09264488518238068
/epuck1/cmd_vel,61.173770599,0.015000000000000114,0.07720407098531723
/epuck1/cmd_vel,61.211504767,0.016999999999999717,0.07720407098531723
/epuck1/cmd_vel,61.266595115,0.01999999999999983,0.06396909058094025
/epuck1/cmd_vel,61.304789897,0.022000000000000144,0.06396909058094025
/epuck1/cmd_vel,61.383895825,0.025,0.05735159665346145
/epuck1/cmd_vel,61.424574363,0.025,0.05735159665346145
/epuck1/cmd_vel,61.479779965,0.025,0.04632244631648064
/epuck1/cmd_vel,61.514833484,0.025,0.04632244631648064
/epuck1/cmd_vel,61.575881506,0.025,0.04191078245639801
/epuck1/cmd_vel,61.615001118,0.025,0.04191078245639801
/epuck1/cmd_vel,61.699100772,0.025,0.03749912232160568
/epuck1/cmd_vel,61.738414775,0.025,0.03749912232160568
/epuck1/cmd_vel,61.795147187,0.025,0.03749912232160568
/epuck1/cmd_vel,61.829566411,0.025,0.033087462186813354
/epuck1/cmd_vel,61.892808354,0.025,0.033087462186813354
/epuck1/cmd_vel,61.943899727,0.025,0.02867579832673073
/epuck1/cmd_vel,62.014690728,0.025,0.02867579832673073
/epuck1/cmd_vel,62.051338302,0.025,0.026469968259334564
/epuck1/cmd_vel,62.106089251,0.025,0.026469968259334564
/epuck1/cmd_vel,62.144025302,0.025,0.022058306261897087
/epuck1/cmd_vel,62.208662138,0.025,0.022058306261897087
/epuck1/cmd_vel,62.271955393,0.025,0.022058306261897087
/epuck1/cmd_vel,62.330504767,0.025,0.017646646127104763
/epuck1/cmd_vel,62.368913246,0.025,0.017646646127104763
/epuck1/cmd_vel,62.4237487,0.025,0.017646646127104763
/epuck1/cmd_vel,62.463165539,0.025,0.017646646127104763
/epuck1/cmd_vel,62.538359401,0.025,0.01544081512838602
/epuck1/cmd_vel,62.589265822,0.025,0.01544081512838602
/epuck1/cmd_vel,62.648342927,0.025,0.013234984129667282
/epuck1/cmd_vel,62.681653404,0.025,0.013234984129667282
/epuck1/cmd_vel,62.737745832,0.025,0.011029153130948544
/epuck1/cmd_vel,62.779349101,0.025,0.011029153130948544
/epuck1/cmd_vel,62.864674264,0.025,0.011029153130948544
/epuck1/cmd_vel,62.905823405,0.025,0.011029153130948544
/epuck1/cmd_vel,62.964631911,0.025,0.011029153130948544
/epuck1/cmd_vel,63.00232454,0.025,0.00882332306355238
/epuck1/cmd_vel,63.056333033,0.025,0.00882332306355238
/epuck1/cmd_vel,63.098157637,0.025,0.00882332306355238
/epuck1/cmd_vel,63.18175796,0.025,0.00882332306355238
/epuck1/cmd_vel,63.223601759,0.025,0.00882332306355238
/epuck1/cmd_vel,63.274711111,0.025,0.00882332306355238
/epuck1/cmd_vel,63.312865503,0.025,0.00882332306355238
/epuck1/cmd_vel,63.373864924,0.025,0.00441166153177619
/epuck1/cmd_vel,63.425935291,0.025,0.00441166153177619
/epuck1/cmd_vel,63.499604857,0.025,0.00441166153177619
/epuck1/cmd_vel,63.53492379,0.025,0.00441166153177619
/epuck1/cmd_vel,63.590270786,0.025,0.00441166153177619
/epuck1/cmd_vel,63.626618913,0.025,0.00441166153177619
/epuck1/cmd_vel,63.69090406,0.025,0.00441166153177619
/epuck1/cmd_vel,63.765434171,0.025,0.00441166153177619
/epuck1/cmd_vel,63.829294745,0.025,0.002205830765888095
/epuck1/cmd_vel,63.86308563,0.025,0.002205830765888095
/epuck1/cmd_vel,63.919872299,0.025,0.002205830765888095
/epuck1/cmd_vel,63.960991765,0.025,0.002205830765888095
/epuck1/cmd_vel,64.036638984,0.025,0.002205830765888095
/epuck1/cmd_vel,64.074999967,0.025,0.002205830765888095
/epuck1/cmd_vel,64.127342851,0.025,0.002205830765888095
/epuck1/cmd_vel,64.165662359,0.025,0.002205830765888095
/epuck1/cmd_vel,64.226979588,0.025,0.002205830765888095
/epuck1/cmd_vel,64.281091996,0.025,0.00441166153177619
/epuck1/cmd_vel,64.339849681,0.025,0.00441166153177619
/epuck1/cmd_vel,64.376038484,0.025,0.00441166153177619
/epuck1/cmd_vel,64.432828865,0.025,0.002205830765888095
/epuck1/cmd_vel,64.47483923,0.025,0.002205830765888095
/epuck1/cmd_vel,64.548607491,0.025,0.002205830765888095
/epuck1/cmd_vel,64.586483868,0.025,0.002205830765888095
/epuck1/cmd_vel,64.639818649,0.025,0.002205830765888095
/epuck1/cmd_vel,64.675906214,0.025,0.002205830765888095
/epuck1/cmd_vel,64.739134881,0.025,0.002205830765888095
/epuck1/cmd_vel,64.800372059,0.025,0.002205830765888095
/epuck1/cmd_vel,64.862779725,0.025,0.002205830765888095
/epuck1/cmd_vel,64.898305532,0.025,0.002205830765888095
/epuck1/cmd_vel,64.953904983,0.025,0.002205830765888095
/epuck1/cmd_vel,64.991417353,0.025,0.002205830765888095
/epuck1/cmd_vel,65.07815288,0.025,0.002205830765888095
/epuck1/cmd_vel,65.131399995,0.025,3.8163916471489756e-17
/epuck1/cmd_vel,65.187979476,0.025,3.8163916471489756e-17
/epuck1/cmd_vel,65.221887119,0.025,3.8163916471489756e-17
/epuck1/cmd_vel,65.280980386,0.025,3.8163916471489756e-17
/epuck1/cmd_vel,65.3194643,0.025,3.8163916471489756e-17
/epuck1/cmd_vel,65.397296068,0.025,3.8163916471489756e-17
/epuck1/cmd_vel,65.433616387,0.025,3.8163916471489756e-17
/epuck1/cmd_vel,65.488132584,0.025,3.8163916471489756e-17
/epuck1/cmd_vel,65.525425147,0.025,3.8163916471489756e-17
/epuck1/cmd_vel,65.606055551,0.025,3.8163916471489756e-17
/epuck1/cmd_vel,65.647237189,0.025,3.8163916471489756e-17
/epuck1/cmd_vel,65.704173955,0.025,3.8163916471489756e-17
/epuck1/cmd_vel,65.739369265,0.025,3.8163916471489756e-17
/epuck1/cmd_vel,65.797645152,0.025,3.8163916471489756e-17
/epuck1/cmd_vel,65.855258022,0.025,3.8163916471489756e-17
/epuck1/cmd_vel,65.915193648,0.025,0.002205830765888095
/epuck1/cmd_vel,65.952088545,0.025,0.002205830765888095
/epuck1/cmd_vel,66.007749148,0.025,0.002205830765888095
/epuck1/cmd_vel,66.04708622,0.025,0.002205830765888095
/epuck1/cmd_vel,66.119699048,0.025,0.002205830765888095
/epuck1/cmd_vel,66.161456012,0.025,3.8163916471489756e-17
/epuck1/cmd_vel,66.214423928,0.025,3.8163916471489756e-17
/epuck1/cmd_vel,66.249757282,0.025,3.8163916471489756e-17
/epuck1/cmd_vel,66.311856877,0.025,3.8163916471489756e-17
/epuck1/cmd_vel,66.36581968,0.025,3.8163916471489756e-17
/epuck1/cmd_vel,66.436630026,0.025,3.8163916471489756e-17
/epuck1/cmd_vel,66.474270297,0.025,3.8163916471489756e-17
/epuck1/cmd_vel,66.525997302,0.025,3.8163916471489756e-17
/epuck1/cmd_vel,66.567147944,0.025,3.8163916471489756e-17
/epuck1/cmd_vel,66.630146533,0.025,3.8163916471489756e-17
/epuck1/cmd_vel,66.692196285,0.025,3.8163916471489756e-17
/epuck1/cmd_vel,66.751304328,0.025,3.8163916471489756e-17
/epuck1/cmd_vel,66.787065203,0.025,3.8163916471489756e-17
/epuck1/cmd_vel,66.840144794,0.025,3.8163916471489756e-17
/epuck1/cmd_vel,66.880775619,0.025,3.8163916471489756e-17
/epuck1/cmd_vel,66.956231172,0.025,3.8163916471489756e-17
/epuck1/cmd_vel,67.005358181,0.025,3.8163916471489756e-17
/epuck1/cmd_vel,67.066013989,0.025,3.8163916471489756e-17
/epuck1/cmd_vel,67.099184465,0.025,3.8163916471489756e-17
/epuck1/cmd_vel,67.156059161,0.025,3.8163916471489756e-17
/epuck1/cmd_vel,67.197565652,0.025,3.8163916471489756e-17
/epuck1/cmd_vel,67.294323197,0.025,3.8163916471489756e-17
/epuck1/cmd_vel,67.335487311,0.025,3.8163916471489756e-17
/epuck1/cmd_vel,67.393395225,0.025,3.8163916471489756e-17
/epuck1/cmd_vel,67.427317931,0.025,3.8163916471489756e-17
/epuck1/cmd_vel,67.484155594,0.025,3.8163916471489756e-17
/epuck1/cmd_vel,67.53977847,0.025,3.8163916471489756e-17
/epuck1/cmd_vel,67.60158089,0.025,3.8163916471489756e-17
/epuck1/cmd_vel,67.637733234,0.025,3.8163916471489756e-17
/epuck1/cmd_vel,67.693920682,0.025,3.8163916471489756e-17
/epuck1/cmd_vel,67.732312646,0.025,3.8163916471489756e-17
/epuck1/cmd_vel,67.808268384,0.025,3.8163916471489756e-17
/epuck1/cmd_vel,67.849454359,0.025,3.8163916471489756e-17
/epuck1/cmd_vel,67.902843205,0.025,3.8163916471489756e-17
/epuck1/cmd_vel,67.941416933,0.025,3.8163916471489756e-17
/epuck1/cmd_vel,68.00041376,0.025,3.8163916471489756e-17
/epuck1/cmd_vel,68.056306211,0.025,3.8163916471489756e-17
/epuck1/cmd_vel,68.113953544,0.025,3.8163916471489756e-17
/epuck1/cmd_vel,68.150305469,0.025,3.8163916471489756e-17
/epuck1/cmd_vel,68.207691027,0.025,3.8163916471489756e-17
/epuck1/cmd_vel,68.247228166,0.025,3.8163916471489756e-17
/epuck1/cmd_vel,68.323120423,0.025,3.8163916471489756e-17
/epuck1/cmd_vel,68.362914546,0.025,3.8163916471489756e-17
/epuck1/cmd_vel,68.415209409,0.025,3.8163916471489756e-17
/epuck1/cmd_vel,68.453317713,0.025,3.8163916471489756e-17
/epuck1/cmd_vel,68.517132681,0.025,3.8163916471489756e-17
/epuck1/cmd_vel,68.577210143,0.025,3.8163916471489756e-17
/epuck1/cmd_vel,68.635814457,0.025,3.8163916471489756e-17
/epuck1/cmd_vel,68.675547903,0.025,3.8163916471489756e-17
/epuck1/cmd_vel,68.729221202,0.025,3.8163916471489756e-17
/epuck1/cmd_vel,68.767868026,0.025,3.8163916471489756e-17
/epuck1/cmd_vel,68.843688427,0.025,3.8163916471489756e-17
/epuck1/cmd_vel,68.893263942,0.025,3.8163916471489756e-17
/epuck1/cmd_vel,68.95195891,0.025,3.8163916471489756e-17
/epuck1/cmd_vel,68.988546797,0.025,3.8163916471489756e-17
/epuck1/cmd_vel,69.04376495,0.025,3.8163916471489756e-17
/epuck1/cmd_vel,69.0860517,0.025,3.8163916471489756e-17
/epuck1/cmd_vel,69.169066772,0.025,3.8163916471489756e-17
/epuck1/cmd_vel,69.206937782,0.025,3.8163916471489756e-17
/epuck1/cmd_vel,69.264943101,0.025,3.8163916471489756e-17
/epuck1/cmd_vel,69.298442774,0.025,3.8163916471489756e-17
/epuck1/cmd_vel,69.36009819,0.025,3.8163916471489756e-17
/epuck1/cmd_vel,69.414081417,0.025,3.8163916471489756e-17
/epuck1/cmd_vel,69.473935633,0.025,3.8163916471489756e-17
/epuck1/cmd_vel,69.513709422,0.025,3.8163916471489756e-17
/epuck1/cmd_vel,69.566599216,0.025,3.8163916471489756e-17
/epuck1/cmd_vel,69.606476382,0.025,3.8163916471489756e-17
/epuck1/cmd_vel,69.681551146,0.025,3.8163916471489756e-17
/epuck1/cmd_vel,69.723525272,0.025,3.8163916471489756e-17
/epuck1/cmd_vel,69.778225247,0.025,3.8163916471489756e-17
/epuck1/cmd_vel,69.813425937,0.025,3.8163916471489756e-17
/epuck1/cmd_vel,69.873545978,0.025,3.8163916471489756e-17
/epuck1/cmd_vel,69.932010303,0.025,3.8163916471489756e-17
/epuck1/cmd_vel,69.989130793,0.025,3.8163916471489756e-17
/epuck1/cmd_vel,70.025538364,0.025,3.8163916471489756e-17
/epuck1/cmd_vel,70.082709867,0.025,3.8163916471489756e-17
/epuck1/cmd_vel,70.122383908,0.025,3.8163916471489756e-17
/epuck1/cmd_vel,70.201372517,0.025,3.8163916471489756e-17
/epuck1/cmd_vel,70.237195635,0.025,3.8163916471489756e-17
/epuck1/cmd_vel,70.289465539,0.025,3.8163916471489756e-17
/epuck1/cmd_vel,70.325808957,0.025,3.8163916471489756e-17
/epuck1/cmd_vel,70.407836561,0.025,3.8163916471489756e-17
/epuck1/cmd_vel,70.448639299,0.025,3.8163916471489756e-17
/epuck1/cmd_vel,70.503266867,0.025,3.8163916471489756e-17
/epuck1/cmd_vel,70.540646397,0.025,3.8163916471489756e-17
/epuck1/cmd_vel,70.596694391,0.025,3.8163916471489756e-17
/epuck1/cmd_vel,70.638782766,0.025,3.8163916471489756e-17
/epuck1/cmd_vel,70.722682853,0.025,3.8163916471489756e-17
/epuck1/cmd_vel,70.76317381,0.025,3.8163916471489756e-17
/epuck1/cmd_vel,70.816209349,0.025,3.8163916471489756e-17
/epuck1/cmd_vel,70.852457487,0.025,3.8163916471489756e-17
/epuck1/cmd_vel,70.913313896,0.025,3.8163916471489756e-17
/epuck1/cmd_vel,70.969859036,0.025,3.8163916471489756e-17
/epuck1/cmd_vel,71.02644205,0.025,3.8163916471489756e-17
/epuck1/cmd_vel,71.062643251,0.025,3.8163916471489756e-17
/epuck1/cmd_vel,71.120648412,0.025,3.8163916471489756e-17
/epuck1/cmd_vel,71.163034596,0.025,3.8163916471489756e-17
/epuck1/cmd_vel,71.242524291,0.025,3.8163916471489756e-17
/epuck1/cmd_vel,71.283690437,0.025,3.8163916471489756e-17
/epuck1/cmd_vel,71.338904774,0.025,3.8163916471489756e-17
/epuck1/cmd_vel,71.376827994,0.025,3.8163916471489756e-17
/epuck1/cmd_vel,71.43332332,0.025,3.8163916471489756e-17
/epuck1/cmd_vel,71.475662319,0.025,3.8163916471489756e-17
/epuck1/cmd_vel,71.559264329,0.025,3.8163916471489756e-17
/epuck1/cmd_vel,71.598602215,0.025,3.8163916471489756e-17
/epuck1/cmd_vel,71.653375023,0.025,3.8163916471489756e-17
/epuck1/cmd_vel,71.689688951,0.025,3.8163916471489756e-17
/epuck1/cmd_vel,71.747524823,0.025,3.8163916471489756e-17
/epuck1/cmd_vel,71.802924409,0.025,3.8163916471489756e-17
/epuck1/cmd_vel,71.873910452,0.025,3.8163916471489756e-17
/epuck1/cmd_vel,71.910648051,0.025,3.8163916471489756e-17
/epuck1/cmd_vel,71.964843361,0.025,3.8163916471489756e-17
/epuck1/cmd_vel,72.005515637,0.025,3.8163916471489756e-17
/epuck1/cmd_vel,72.066609732,0.025,3.8163916471489756e-17
/epuck1/cmd_vel,72.143458382,0.025,3.8163916471489756e-17
/epuck1/cmd_vel,72.206556296,0.025,3.8163916471489756e-17
/epuck1/cmd_vel,72.240249866,0.025,3.8163916471489756e-17
/epuck1/cmd_vel,72.298126918,0.025,3.8163916471489756e-17
/epuck1/cmd_vel,72.334903172,0.025,3.8163916471489756e-17
/epuck1/cmd_vel,72.411746336,0.025,3.8163916471489756e-17
/epuck1/cmd_vel,72.452243555,0.025,3.8163916471489756e-17
/epuck1/cmd_vel,72.509004437,0.025,3.8163916471489756e-17
/epuck1/cmd_vel,72.543874224,0.025,3.8163916471489756e-17
/epuck1/cmd_vel,72.603786417,0.025,3.8163916471489756e-17
/epuck1/cmd_vel,72.661143487,0.025,3.8163916471489756e-17
/epuck1/cmd_vel,72.720731102,0.025,3.8163916471489756e-17
/epuck1/cmd_vel,72.75724542,0.025,3.8163916471489756e-17
/epuck1/cmd_vel,72.812927837,0.025,3.8163916471489756e-17
/epuck1/cmd_vel,72.853711829,0.025,3.8163916471489756e-17
/epuck1/cmd_vel,72.928567631,0.025,3.8163916471489756e-17
/epuck1/cmd_vel,72.96463243,0.025,3.8163916471489756e-17
/epuck1/cmd_vel,73.019257391,0.025,3.8163916471489756e-17
/epuck1/cmd_vel,73.058520646,0.025,3.8163916471489756e-17
/epuck1/cmd_vel,73.133865025,0.025,3.8163916471489756e-17
/epuck1/cmd_vel,73.173080805,0.025,3.8163916471489756e-17
/epuck1/cmd_vel,73.230188637,0.025,3.8163916471489756e-17
/epuck1/cmd_vel,73.26693511,0.025,3.8163916471489756e-17
/epuck1/cmd_vel,73.32650457,0.025,3.8163916471489756e-17
/epuck1/cmd_vel,73.379827055,0.025,3.8163916471489756e-17
/epuck1/cmd_vel,73.441600719,0.025,3.8163916471489756e-17
/epuck1/cmd_vel,73.477882115,0.025,3.8163916471489756e-17
/epuck1/cmd_vel,73.531951138,0.025,3.8163916471489756e-17
/epuck1/cmd_vel,73.571410976,0.025,3.8163916471489756e-17
/epuck1/cmd_vel,73.644017653,0.025,3.8163916471489756e-17
/epuck1/cmd_vel,73.69435439,0.025,3.8163916471489756e-17
/epuck1/cmd_vel,73.755435275,0.025,3.8163916471489756e-17
/epuck1/cmd_vel,73.788860382,0.025,3.8163916471489756e-17
/epuck1/cmd_vel,73.845479101,0.025,3.8163916471489756e-17
/epuck1/cmd_vel,73.8869692,0.025,3.8163916471489756e-17
/epuck1/cmd_vel,73.969055728,0.025,3.8163916471489756e-17
/epuck1/cmd_vel,74.010109098,0.025,3.8163916471489756e-17
/epuck1/cmd_vel,74.064546871,0.025,3.8163916471489756e-17
/epuck1/cmd_vel,74.10068866,0.025,3.8163916471489756e-17
/epuck1/cmd_vel,74.161481698,0.025,3.8163916471489756e-17
/epuck1/cmd_vel,74.203237562,0.025,3.8163916471489756e-17
/epuck1/cmd_vel,74.28540015,0.025,3.8163916471489756e-17
/epuck1/cmd_vel,74.326720595,0.025,3.8163916471489756e-17
/epuck1/cmd_vel,74.378821405,0.025,3.8163916471489756e-17
/epuck1/cmd_vel,74.418069171,0.025,3.8163916471489756e-17
/epuck1/cmd_vel,74.478192127,0.025,3.8163916471489756e-17
/epuck1/cmd_vel,74.531887413,0.025,3.8163916471489756e-17
/epuck1/cmd_vel,74.591529971,0.025,3.8163916471489756e-17
/epuck1/cmd_vel,74.625336693,0.025,3.8163916471489756e-17
/epuck1/cmd_vel,74.680804472,0.025,3.8163916471489756e-17
/epuck1/cmd_vel,74.72323401,0.025,3.8163916471489756e-17
/epuck1/cmd_vel,74.798549366,0.025,3.8163916471489756e-17
/epuck1/cmd_vel,74.837684936,0.025,3.8163916471489756e-17
/epuck1/cmd_vel,74.889637449,0.025,3.8163916471489756e-17
/epuck1/cmd_vel,74.928368516,0.025,3.8163916471489756e-17
/epuck1/cmd_vel,75.004120562,0.025,3.8163916471489756e-17
/epuck1/cmd_vel,75.045246082,0.025,3.8163916471489756e-17
/epuck1/cmd_vel,75.100605016,0.025,3.8163916471489756e-17
/epuck1/cmd_vel,75.138841089,0.025,3.8163916471489756e-17
/epuck1/cmd_vel,75.195127302,0.025,3.8163916471489756e-17
/epuck1/cmd_vel,75.25232424,0.025,3.8163916471489756e-17
/epuck1/cmd_vel,75.313960313,0.025,3.8163916471489756e-17
/epuck1/cmd_vel,75.349195642,0.025,3.8163916471489756e-17
/epuck1/cmd_vel,75.402914733,0.025,3.8163916471489756e-17
/epuck1/cmd_vel,75.442896761,0.025,3.8163916471489756e-17
/epuck1/cmd_vel,75.516010936,0.025,3.8163916471489756e-17
/epuck1/cmd_vel,75.568967898,0.025,3.8163916471489756e-17
/epuck1/cmd_vel,75.6297467,0.025,3.8163916471489756e-17
/epuck1/cmd_vel,75.664281135,0.025,3.8163916471489756e-17
/epuck1/cmd_vel,75.721630758,0.025,3.8163916471489756e-17
/epuck1/cmd_vel,75.76196473,0.025,3.8163916471489756e-17
/epuck1/cmd_vel,75.83838053,0.025,3.8163916471489756e-17
/epuck1/cmd_vel,75.875136826,0.025,3.8163916471489756e-17
/epuck1/cmd_vel,75.929146327,0.025,3.8163916471489756e-17
/epuck1/cmd_vel,75.965153645,0.025,3.8163916471489756e-17
/epuck1/cmd_vel,76.027830638,0.025,3.8163916471489756e-17
/epuck1/cmd_vel,76.089557473,0.025,3.8163916471489756e-17
/epuck1/cmd_vel,76.151346536,0.025,3.8163916471489756e-17
/epuck1/cmd_vel,76.188782924,0.025,3.8163916471489756e-17
/epuck1/cmd_vel,76.240572794,0.025,3.8163916471489756e-17
/epuck1/cmd_vel,76.28421632,0.025,3.8163916471489756e-17
/epuck1/cmd_vel,76.3542334,0.025,3.8163916471489756e-17
/epuck1/cmd_vel,76.407020597,0.025,3.8163916471489756e-17
/epuck1/cmd_vel,76.462670632,0.025,3.8163916471489756e-17
/epuck1/cmd_vel,76.499271145,0.025,3.8163916471489756e-17
/epuck1/cmd_vel,76.558410177,0.025,3.8163916471489756e-17
/epuck1/cmd_vel,76.598813613,0.025,3.8163916471489756e-17
/epuck1/cmd_vel,76.679062538,0.025,3.8163916471489756e-17
/epuck2/cmd_vel,0.651985624,0.0,0.0
/epuck2/cmd_vel,0.710636972,0.0,0.0
/epuck2/cmd_vel,0.747565502,0.0,0.0
/epuck2/cmd_vel,0.800820334,0.0,0.0
/epuck2/cmd_vel,0.878251381,0.0,0.0
/epuck2/cmd_vel,0.919311293,0.0,0.0
/epuck2/cmd_vel,0.957711511,0.0,0.0
/epuck2/cmd_vel,1.011435006,0.0,0.0
/epuck2/cmd_vel,1.052232779,0.0,0.0
/epuck2/cmd_vel,1.124659596,0.0,0.0
/epuck2/cmd_vel,1.166481013,0.0,0.0
/epuck2/cmd_vel,1.220892667,0.0,0.0
/epuck2/cmd_vel,1.257045714,0.0,0.0
/epuck2/cmd_vel,1.318616483,0.0,0.0
/epuck2/cmd_vel,1.390222026,0.0,0.0
/epuck2/cmd_vel,1.442270693,0.0,0.0
/epuck2/cmd_vel,1.482560791,0.0,0.0
/epuck2/cmd_vel,1.536765377,0.0,0.0
/epuck2/cmd_vel,1.574545183,0.0,0.0
/epuck2/cmd_vel,1.63472944,0.0,0.0
/epuck2/cmd_vel,1.685091187,0.0,0.0
/epuck2/cmd_vel,1.758826766,0.0,0.0
/epuck2/cmd_vel,1.795529761,0.0,0.0
/epuck2/cmd_vel,1.850536734,0.0,0.0
/epuck2/cmd_vel,1.886111052,0.0,0.0
/epuck2/cmd_vel,1.954052726,0.0,0.0
/epuck2/cmd_vel,2.003809271,0.0,0.0
/epuck2/cmd_vel,2.065260333,0.0,0.0
/epuck2/cmd_vel,2.101283055,0.0,0.0
/epuck2/cmd_vel,2.153554289,0.0,0.0
/epuck2/cmd_vel,2.197356671,0.0,0.0
/epuck2/cmd_vel,2.280105404,0.0,0.0
/epuck2/cmd_vel,2.320520164,0.0,0.0
/epuck2/cmd_vel,2.378264385,0.0,0.0
/epuck2/cmd_vel,2.41426193,0.0,0.0
/epuck2/cmd_vel,2.47079032,0.0,0.0
/epuck2/cmd_vel,2.515778259,0.0,0.0
/epuck2/cmd_vel,2.594180514,0.0,0.0
/epuck2/cmd_vel,2.637365838,0.0,0.0
/epuck2/cmd_vel,2.691070811,0.0,0.0
/epuck2/cmd_vel,2.727783727,0.0,0.0
/epuck2/cmd_vel,2.789875725,0.0,0.0
/epuck2/cmd_vel,2.840612194,0.0,0.0
/epuck2/cmd_vel,2.911540588,0.0,0.0
/epuck2/cmd_vel,2.949123033,0.0,0.0
/epuck2/cmd_vel,3.002820462,0.0,0.0
/epuck2/cmd_vel,3.0417632,0.0,0.0
/epuck2/cmd_vel,3.117395721,0.0,0.0
/epuck2/cmd_vel,3.159184387,0.0,0.0
/epuck2/cmd_vel,3.216021097,0.0,0.0
/epuck2/cmd_vel,3.252870086,0.0,0.0
/epuck2/cmd_vel,3.306669742,0.0,0.0
/epuck2/cmd_vel,3.361810073,0.0,0.0
/epuck2/cmd_vel,3.421229985,0.0,0.0
/epuck2/cmd_vel,3.45895456,0.0,0.0
/epuck2/cmd_vel,3.513564369,0.0,0.0
/epuck2/cmd_vel,3.550056859,0.0,0.0
/epuck2/cmd_vel,3.628815136,0.0,0.0
/epuck2/cmd_vel,3.666910232,0.0,0.0
/epuck2/cmd_vel,3.720935521,0.0,0.0
/epuck2/cmd_vel,3.757441038,0.0,0.0
/epuck2/cmd_vel,3.81635499,0.0,0.0
/epuck2/cmd_vel,3.868689866,0.0,0.0
/epuck2/cmd_vel,3.941334352,0.0,0.0
/epuck2/cmd_vel,3.97708341,0.0,0.0
/epuck2/cmd_vel,4.030228917,0.0,0.0
/epuck2/cmd_vel,4.068151772,0.0,0.0
/epuck2/cmd_vel,4.129085629,0.0,0.0
/epuck2/cmd_vel,4.192061946,0.0,0.0
/epuck2/cmd_vel,4.251885042,0.0,0.0
/epuck2/cmd_vel,4.285932364,0.0,0.0
/epuck2/cmd_vel,4.340040292,0.0,0.0
/epuck2/cmd_vel,4.381247309,0.0,0.0
/epuck2/cmd_vel,4.47080314,0.0,0.0
/epuck2/cmd_vel,4.520845636,0.0,0.0
/epuck2/cmd_vel,4.579687122,0.0,0.0
/epuck2/cmd_vel,4.614205912,0.0,0.0
/epuck2/cmd_vel,4.670213527,0.0,0.0
/epuck2/cmd_vel,4.713597821,0.0,0.0
/epuck2/cmd_vel,4.788155201,0.0,0.0
/epuck2/cmd_vel,4.824231262,0.0,0.0
/epuck2/cmd_vel,4.880828957,0.0,0.0
/epuck2/cmd_vel,4.917949364,0.0,0.0
/epuck2/cmd_vel,4.991574451,0.0,0.0
/epuck2/cmd_vel,5.03289453,0.0,0.0
/epuck2/cmd_vel,5.090414972,0.0,0.0
/epuck2/cmd_vel,5.12366494,0.0,0.0
/epuck2/cmd_vel,5.183754871,0.0,0.0
/epuck2/cmd_vel,5.237514325,0.0,0.0
/epuck2/cmd_vel,5.29766569,0.0,0.0
/epuck2/cmd_vel,5.331930013,0.0,0.0
/epuck2/cmd_vel,5.384914683,0.0,0.0
/epuck2/cmd_vel,5.425450833,0.0,0.0
/epuck2/cmd_vel,5.493904029,0.0,0.0
/epuck2/cmd_vel,5.531955485,0.0,0.0
/epuck2/cmd_vel,5.584975047,0.0,0.0
/epuck2/cmd_vel,5.62203352,0.0,0.0
/epuck2/cmd_vel,5.682791372,0.0,0.0
/epuck2/cmd_vel,5.734935849,0.0,0.0
/epuck2/cmd_vel,5.804748046,0.0,0.0
/epuck2/cmd_vel,5.841804432,0.0,0.0
/epuck2/cmd_vel,5.895593807,0.0,0.0
/epuck2/cmd_vel,5.932707153,0.0,0.0
/epuck2/cmd_vel,5.998282481,0.0,0.0
/epuck2/cmd_vel,6.06056185,0.0,0.0
/epuck2/cmd_vel,6.119647999,0.0,0.0
/epuck2/cmd_vel,6.157373755,0.0,0.0
/epuck2/cmd_vel,6.209218778,0.0,0.0
/epuck2/cmd_vel,6.250395383,0.0,0.0
/epuck2/cmd_vel,6.322797797,0.0,0.0
/epuck2/cmd_vel,6.372206482,0.0,0.0
/epuck2/cmd_vel,6.429196717,0.0,0.0
/epuck2/cmd_vel,6.467730643,0.0,0.0
/epuck2/cmd_vel,6.52213883,0.0,0.0
/epuck2/cmd_vel,6.563688658,0.0,0.0
/epuck2/cmd_vel,6.636753033,0.0,0.0
/epuck2/cmd_vel,6.675398777,0.0,0.0
/epuck2/cmd_vel,6.731949493,0.0,0.0
/epuck2/cmd_vel,6.768141407,0.0,0.0
/epuck2/cmd_vel,6.832796384,0.0,0.0
/epuck2/cmd_vel,6.894041462,0.0,0.0
/epuck2/cmd_vel,6.954514304,0.0,0.0
/epuck2/cmd_vel,6.992375742,0.0,0.0
/epuck2/cmd_vel,7.045705004,0.0,0.0
/epuck2/cmd_vel,7.08373867,0.0,0.0
/epuck2/cmd_vel,7.172344908,0.0,0.0
/epuck2/cmd_vel,7.22280607,0.0,0.0
/epuck2/cmd_vel,7.282979936,0.0,0.0
/epuck2/cmd_vel,7.319759221,0.0,0.0
/epuck2/cmd_vel,7.373676963,0.0,0.0
/epuck2/cmd_vel,7.415493131,0.0,0.0
/epuck2/cmd_vel,7.493088054,0.0,0.0
/epuck2/cmd_vel,7.531715766,0.0,0.0
/epuck2/cmd_vel,7.584903601,0.0,0.0
/epuck2/cmd_vel,7.622136981,0.0,0.0
/epuck2/cmd_vel,7.699102619,0.0,0.0
/epuck2/cmd_vel,7.742253723,0.0,0.0
/epuck2/cmd_vel,7.798121413,0.0,0.0
/epuck2/cmd_vel,7.831970885,0.0,0.0
/epuck2/cmd_vel,7.893242008,0.0,0.0
/epuck2/cmd_vel,7.9483767,0.0,0.0
/epuck2/cmd_vel,8.008893156,0.0,0.0
/epuck2/cmd_vel,8.045270443,0.0,0.0
/epuck2/cmd_vel,8.10005107,0.0,0.0
/epuck2/cmd_vel,8.139101238,0.0,0.0
/epuck2/cmd_vel,8.216898242,0.0,0.0
/epuck2/cmd_vel,8.255228062,0.0,0.0
/epuck2/cmd_vel,8.309720531,0.0,0.0
/epuck2/cmd_vel,8.346706574,0.0,0.0
/epuck2/cmd_vel,8.408447131,0.0,0.0
/epuck2/cmd_vel,8.468634206,0.0,0.0
/epuck2/cmd_vel,8.523804501,0.0,0.0
/epuck2/cmd_vel,8.561520873,0.0,0.0
/epuck2/cmd_vel,8.61695657,0.0,0.0
/epuck2/cmd_vel,8.657309491,0.0,0.0
/epuck2/cmd_vel,8.73520022,0.0,0.0
/epuck2/cmd_vel,8.773310852,0.0,0.0
/epuck2/cmd_vel,8.829138613,0.0,0.0
/epuck2/cmd_vel,8.864169029,0.0,0.0
/epuck2/cmd_vel,8.946178901,0.0,0.0
/epuck2/cmd_vel,8.985690086,0.0,0.0
/epuck2/cmd_vel,9.043835426,0.0,0.0
/epuck2/cmd_vel,9.079791222,0.0,0.0
/epuck2/cmd_vel,9.137444233,0.0,0.0
/epuck2/cmd_vel,9.194388241,0.0,0.0
/epuck2/cmd_vel,9.253347875,0.0,0.0
/epuck2/cmd_vel,9.292144669,0.0,0.0
/epuck2/cmd_vel,9.344340641,0.0,0.0
/epuck2/cmd_vel,9.384912435,0.0,0.0
/epuck2/cmd_vel,9.461813888,0.0,0.0
/epuck2/cmd_vel,9.501839559,0.0,0.0
/epuck2/cmd_vel,9.55534884,0.0,0.0
/epuck2/cmd_vel,9.593288125,0.0,0.0
/epuck2/cmd_vel,9.654535847,0.0,0.0
/epuck2/cmd_vel,9.709086176,0.0,0.0
/epuck2/cmd_vel,9.770416934,0.0,0.0
/epuck2/cmd_vel,9.805222998,0.0,0.0
/epuck2/cmd_vel,9.860530533,0.0,0.0
/epuck2/cmd_vel,9.902544883,0.0,0.0
/epuck2/cmd_vel,9.979662512,0.0,0.0
/epuck2/cmd_vel,10.014971877,0.0,0.0
/epuck2/cmd_vel,10.068574362,0.0,0.0
/epuck2/cmd_vel,10.106291381,0.0,0.0
/epuck2/cmd_vel,10.172989864,0.0,0.0
/epuck2/cmd_vel,10.222798443,0.0,0.0
/epuck2/cmd_vel,10.282745496,0.0,0.0
/epuck2/cmd_vel,10.319439017,0.0,0.0
/epuck2/cmd_vel,10.375322317,0.0,0.0
/epuck2/cmd_vel,10.416314109,0.0,0.0
/epuck2/cmd_vel,10.496589101,0.0,0.0
/epuck2/cmd_vel,10.537341086,0.0,0.0
/epuck2/cmd_vel,10.596799242,0.0,0.0
/epuck2/cmd_vel,10.629010272,0.0,0.0
/epuck2/cmd_vel,10.68722608,0.0,0.0
/epuck2/cmd_vel,10.728600685,0.0,0.0
/epuck2/cmd_vel,10.825070809,0.0,0.0
/epuck2/cmd_vel,10.866420669,0.0,0.0
/epuck2/cmd_vel,10.918144514,0.0,0.0
/epuck2/cmd_vel,10.955367234,0.0,0.0
/epuck2/cmd_vel,11.015488868,0.0,0.0
/epuck2/cmd_vel,11.0726471,0.0,0.0
/epuck2/cmd_vel,11.128525884,0.0,0.0
/epuck2/cmd_vel,11.165740034,0.0,0.0
/epuck2/cmd_vel,11.219200074,0.0,0.0
/epuck2/cmd_vel,11.260473926,0.0,0.0
/epuck2/cmd_vel,11.338746758,0.0,0.0
/epuck2/cmd_vel,11.377691147,0.0,0.0
/epuck2/cmd_vel,11.431992515,0.0,0.0
/epuck2/cmd_vel,11.469150204,0.0,0.0
/epuck2/cmd_vel,11.546323744,0.0,0.0
/epuck2/cmd_vel,11.588388448,0.0,0.0
/epuck2/cmd_vel,11.6420872,0.0,0.0
/epuck2/cmd_vel,11.677302473,0.0,0.0
/epuck2/cmd_vel,11.736878152,0.0,0.0
/epuck2/cmd_vel,11.793993291,0.0,0.0
/epuck2/cmd_vel,11.852162234,0.0,0.0
/epuck2/cmd_vel,11.89170465,0.0,0.0
/epuck2/cmd_vel,11.944292791,0.0,0.0
/epuck2/cmd_vel,11.987203205,0.0,0.0
/epuck2/cmd_vel,12.058434286,0.0,0.0
/epuck2/cmd_vel,12.109444342,0.0,0.0
/epuck2/cmd_vel,12.168326714,0.0,0.0
/epuck2/cmd_vel,12.203378478,0.0,0.0
/epuck2/cmd_vel,12.258735056,0.0,0.0
/epuck2/cmd_vel,12.299847711,0.0,0.0
/epuck2/cmd_vel,12.384059006,0.0,0.0
/epuck2/cmd_vel,12.426933312,0.0,0.0
/epuck2/cmd_vel,12.483023835,0.0,0.0
/epuck2/cmd_vel,12.523139908,0.0,0.0
/epuck2/cmd_vel,12.578759122,0.0,0.0
/epuck2/cmd_vel,12.630528061,0.0,0.0
/epuck2/cmd_vel,12.690022088,0.0,0.0
/epuck2/cmd_vel,12.728472169,0.0,0.0
/epuck2/cmd_vel,12.780085402,0.0,0.0
/epuck2/cmd_vel,12.820173246,0.0,0.0
/epuck2/cmd_vel,12.896107547,0.0,0.0
/epuck2/cmd_vel,12.936894921,0.0,0.0
/epuck2/cmd_vel,12.989832885,0.0,0.0
/epuck2/cmd_vel,13.028131434,0.0,0.0
/epuck2/cmd_vel,13.086475545,0.0,0.0
/epuck2/cmd_vel,13.145304205,0.0,0.0
/epuck2/cmd_vel,13.202090636,0.0,0.0
/epuck2/cmd_vel,13.237949482,0.0,0.0
/epuck2/cmd_vel,13.293110408,0.0,0.0
/epuck2/cmd_vel,13.33419756,0.0,0.0
/epuck2/cmd_vel,13.414502189,0.0,0.0
/epuck2/cmd_vel,13.4500261,0.0,0.0
/epuck2/cmd_vel,13.502799888,0.0,0.0
/epuck2/cmd_vel,13.539765577,0.0,0.0
/epuck2/cmd_vel,13.620504585,0.0,0.0
/epuck2/cmd_vel,13.660810853,0.0,0.0
/epuck2/cmd_vel,13.719510745,0.0,0.0
/epuck2/cmd_vel,13.753504306,0.0,0.0
/epuck2/cmd_vel,13.811131068,0.0,0.0
/epuck2/cmd_vel,13.866512425,0.0,0.0
/epuck2/cmd_vel,13.928771232,0.0,0.0
/epuck2/cmd_vel,13.965500364,0.0,0.0
/epuck2/cmd_vel,14.018582791,0.0,0.0
/epuck2/cmd_vel,14.060457986,0.0,0.0
/epuck2/cmd_vel,14.129002956,0.0,0.0
/epuck2/cmd_vel,14.17824548,0.0,0.0
/epuck2/cmd_vel,14.237902519,0.0,0.0
/epuck2/cmd_vel,14.274539089,0.0,0.0
/epuck2/cmd_vel,14.331298148,0.0,0.0
/epuck2/cmd_vel,14.373110608,0.0,0.0
/epuck2/cmd_vel,14.454321276,0.0,0.0
/epuck2/cmd_vel,14.496159767,0.0,0.0
/epuck2/cmd_vel,14.552350321,0.0,0.0
/epuck2/cmd_vel,14.585723571,0.0,0.0
/epuck2/cmd_vel,14.64537722,0.0,0.0
/epuck2/cmd_vel,14.702802428,0.0,0.0
/epuck2/cmd_vel,14.760454839,0.0,0.0
/epuck2/cmd_vel,14.797131702,0.0,0.0
/epuck2/cmd_vel,14.850605599,0.0,0.0
/epuck2/cmd_vel,14.890351294,0.0,0.0
/epuck2/cmd_vel,14.971760379,0.0,0.0
/epuck2/cmd_vel,15.010988376,0.0,0.0
/epuck2/cmd_vel,15.063825415,0.0,0.0
/epuck2/cmd_vel,15.102450123,0.0,0.0
/epuck2/cmd_vel,15.161752888,0.0,0.0
/epuck2/cmd_vel,15.230775285,0.0,0.0
/epuck2/cmd_vel,15.301929287,0.0,0.0
/epuck2/cmd_vel,15.340488471,0.0,0.0
/epuck2/cmd_vel,15.395106052,0.0,0.0
/epuck2/cmd_vel,15.431291877,0.0,0.0
/epuck2/cmd_vel,15.510207742,0.0,0.0
/epuck2/cmd_vel,15.550480847,0.0,0.0
/epuck2/cmd_vel,15.608072084,0.0,0.0
/epuck2/cmd_vel,15.643518883,0.0,0.0
/epuck2/cmd_vel,15.700479106,0.0,0.0
/epuck2/cmd_vel,15.756231356,0.0,0.0
/epuck2/cmd_vel,15.816975769,0.0,0.0
/epuck2/cmd_vel,15.852559801,0.0,0.0
/epuck2/cmd_vel,15.907597461,0.0,0.0
/epuck2/cmd_vel,15.946792044,0.0,0.0
/epuck2/cmd_vel,16.027240439,0.0,0.0
/epuck2/cmd_vel,16.06656632,0.0,0.0
/epuck2/cmd_vel,16.118920212,0.0,0.0
/epuck2/cmd_vel,16.154667187,0.0,0.0
/epuck2/cmd_vel,16.214629671,0.0,0.0
/epuck2/cmd_vel,16.268303887,0.0,0.0
/epuck2/cmd_vel,16.32488134,0.0,0.0
/epuck2/cmd_vel,16.360055865,0.0,0.0
/epuck2/cmd_vel,16.418969689,0.0,0.0
/epuck2/cmd_vel,16.459697472,0.0,0.0
/epuck2/cmd_vel,16.526598562,0.0,0.0
/epuck2/cmd_vel,16.562710548,0.0,0.0
/epuck2/cmd_vel,16.618682341,0.0,0.0
/epuck2/cmd_vel,16.65600804,0.0,0.0
/epuck2/cmd_vel,16.71761846,0.0,0.0
/epuck2/cmd_vel,16.778310567,0.0,0.0
/epuck2/cmd_vel,16.83848388,0.0,0.0
/epuck2/cmd_vel,16.876925157,0.0,0.0
/epuck2/cmd_vel,16.928211441,0.0,0.0
/epuck2/cmd_vel,16.967676062,0.0,0.0
/epuck2/cmd_vel,17.042327941,0.0,0.0
/epuck2/cmd_vel,17.094501932,0.0,0.0
/epuck2/cmd_vel,17.151599727,0.0,0.0
/epuck2/cmd_vel,17.18521419,0.0,0.0
/epuck2/cmd_vel,17.241518759,0.0,0.0
/epuck2/cmd_vel,17.282583101,0.0,0.0
/epuck2/cmd_vel,17.371101572,0.0,0.0
/epuck2/cmd_vel,17.429505886,0.0,0.0
/epuck2/cmd_vel,17.467806404,0.0,0.0
/epuck2/cmd_vel,17.502467398,0.0,0.0
/epuck2/cmd_vel,17.560194468,0.0,0.0
/epuck2/cmd_vel,17.60102545,0.0,0.0
/epuck2/cmd_vel,17.701640963,0.0,0.0
/epuck2/cmd_vel,17.736710737,0.0,0.0
/epuck2/cmd_vel,17.792328987,0.0,0.0
/epuck2/cmd_vel,17.828089268,0.0,0.0
/epuck2/cmd_vel,17.888523617,0.0,0.0
/epuck2/cmd_vel,17.96742589,0.0,0.0
/epuck2/cmd_vel,18.005540139,0.0,0.0
/epuck2/cmd_vel,18.043531129,0.0,0.0
/epuck2/cmd_vel,18.096686325,0.0,0.0
/epuck2/cmd_vel,18.137747812,0.0,0.0
/epuck2/cmd_vel,18.211386383,0.0,0.0
/epuck2/cmd_vel,18.261689278,0.0,0.0
/epuck2/cmd_vel,18.318613237,0.0,0.0
/epuck2/cmd_vel,18.354140251,0.0,0.0
/epuck2/cmd_vel,18.410137676,0.0,0.0
/epuck2/cmd_vel,18.48748348,0.0,0.0
/epuck2/cmd_vel,18.527876618,0.0,0.0
/epuck2/cmd_vel,18.56667218,0.0,0.0
/epuck2/cmd_vel,18.620630452,0.0,0.0
/epuck2/cmd_vel,18.658314892,0.0,0.0
/epuck2/cmd_vel,18.735639754,0.0,0.0
/epuck2/cmd_vel,18.777050275,0.0,0.0
/epuck2/cmd_vel,18.835189967,0.0,0.0
/epuck2/cmd_vel,18.872024624,0.0,0.0
/epuck2/cmd_vel,18.927903563,0.0,0.0
/epuck2/cmd_vel,19.006851581,0.0,0.0
/epuck2/cmd_vel,19.048242305,0.0,0.0
/epuck2/cmd_vel,19.084702817,0.0,0.0
/epuck2/cmd_vel,19.140361839,0.0,0.0
/epuck2/cmd_vel,19.179807877,0.0,0.0
/epuck2/cmd_vel,19.273243555,0.0,0.0
/epuck2/cmd_vel,19.325036627,0.0,0.0
/epuck2/cmd_vel,19.385500374,0.0,0.0
/epuck2/cmd_vel,19.419086915,0.0,0.0
/epuck2/cmd_vel,19.476649433,0.0,0.0
/epuck2/cmd_vel,19.518164836,0.0,0.0
/epuck2/cmd_vel,19.595169973,0.0,0.0
/epuck2/cmd_vel,19.632977924,0.0,0.0
/epuck2/cmd_vel,19.690155503,0.0,0.0
/epuck2/cmd_vel,19.728129322,0.0,0.0
/epuck2/cmd_vel,19.80632027,0.0,0.0
/epuck2/cmd_vel,19.847054083,0.0,0.0
/epuck2/cmd_vel,19.905137123,0.0,0.0
/epuck2/cmd_vel,19.941324853,0.0,0.0
/epuck2/cmd_vel,20.001056173,0.0,0.0
/epuck2/cmd_vel,20.055102477,0.0,0.0
/epuck2/cmd_vel,20.115885077,0.0,0.0
/epuck2/cmd_vel,20.153004557,0.0,0.0
/epuck2/cmd_vel,20.209361682,0.0,0.0
/epuck2/cmd_vel,20.249007802,0.0,0.0
/epuck2/cmd_vel,20.32913903,0.0,0.0
/epuck2/cmd_vel,20.367829835,0.0,0.0
/epuck2/cmd_vel,20.422453542,0.0,0.0
/epuck2/cmd_vel,20.461583851,0.0,0.0
/epuck2/cmd_vel,20.522665736,0.0,0.0
/epuck2/cmd_vel,20.579996925,0.0,0.0
/epuck2/cmd_vel,20.638656804,0.0,0.0
/epuck2/cmd_vel,20.674936995,0.0,0.0
/epuck2/cmd_vel,20.729582475,0.0,0.0
/epuck2/cmd_vel,20.769923031,0.0,0.0
/epuck2/cmd_vel,20.850639625,0.0,0.0
/epuck2/cmd_vel,20.890060651,0.0,0.0
/epuck2/cmd_vel,20.944029808,0.0,0.0
/epuck2/cmd_vel,20.982789614,0.0,0.0
/epuck2/cmd_vel,21.060592817,0.0,0.0
/epuck2/cmd_vel,21.100428096,0.0,0.0
/epuck2/cmd_vel,21.156027311,0.0,0.0
/epuck2/cmd_vel,21.191631974,0.0,0.0
/epuck2/cmd_vel,21.252282177,0.0,0.0
/epuck2/cmd_vel,21.297490591,0.0,0.0
/epuck2/cmd_vel,21.369264885,0.0,0.0
/epuck2/cmd_vel,21.407238145,0.0,0.0
/epuck2/cmd_vel,21.462891723,0.0,0.0
/epuck2/cmd_vel,21.502957237,0.0,0.0
/epuck2/cmd_vel,21.580751481,0.0,0.0
/epuck2/cmd_vel,21.620779948,0.0,0.0
/epuck2/cmd_vel,21.679093265,0.0,0.0
/epuck2/cmd_vel,21.714382826,0.0,0.0
/epuck2/cmd_vel,21.771281307,0.0,0.0
/epuck2/cmd_vel,21.829078985,0.0,0.0
/epuck2/cmd_vel,21.890016604,0.0,0.0
/epuck2/cmd_vel,21.927380098,0.0,0.0
/epuck2/cmd_vel,21.981107772,0.0,0.0
/epuck2/cmd_vel,22.02113634,0.0,0.0
/epuck2/cmd_vel,22.097059724,0.0,0.0
/epuck2/cmd_vel,22.148262459,0.0,0.0
/epuck2/cmd_vel,22.206953186,0.0,0.0
/epuck2/cmd_vel,22.242376999,0.0,0.0
/epuck2/cmd_vel,22.299871011,0.0,0.0
/epuck2/cmd_vel,22.339741806,0.0,0.0
/epuck2/cmd_vel,22.423179628,0.0,0.0
/epuck2/cmd_vel,22.462965554,0.0,0.0
/epuck2/cmd_vel,22.519762312,0.0,0.0
/epuck2/cmd_vel,22.558384505,0.0,0.0
/epuck2/cmd_vel,22.61509036,0.0,0.0
/epuck2/cmd_vel,22.658737731,0.0,0.0
/epuck2/cmd_vel,22.742304768,0.0,0.0
/epuck2/cmd_vel,22.784224489,0.0,0.0
/epuck2/cmd_vel,22.835608928,0.0,0.0
/epuck2/cmd_vel,22.8748243,0.0,0.0
/epuck2/cmd_vel,22.93455025,0.0,0.0
/epuck2/cmd_vel,22.987518357,0.0,0.0
/epuck2/cmd_vel,23.06025139,0.0,0.0
/epuck2/cmd_vel,23.099338019,0.0,0.0
/epuck2/cmd_vel,23.152001405,0.0,0.0
/epuck2/cmd_vel,23.189851236,0.0,0.0
/epuck2/cmd_vel,23.269432468,0.0,0.0
/epuck2/cmd_vel,23.309106857,0.0,0.0
/epuck2/cmd_vel,23.366403717,0.0,0.0
/epuck2/cmd_vel,23.401403748,0.0,0.0
/epuck2/cmd_vel,23.460301354,0.0,0.0
/epuck2/cmd_vel,23.516220678,0.0,0.0
/epuck2/cmd_vel,23.577754315,0.0,0.0
/epuck2/cmd_vel,23.61380229,0.0,0.0
/epuck2/cmd_vel,23.670469198,0.0,0.0
/epuck2/cmd_vel,23.709580941,0.0,0.0
/epuck2/cmd_vel,23.788773614,0.0,0.0
/epuck2/cmd_vel,23.828854243,0.0,0.0
/epuck2/cmd_vel,23.881832454,0.0,0.0
/epuck2/cmd_vel,23.919998315,0.0,0.0
/epuck2/cmd_vel,23.980605562,0.0,0.0
/epuck2/cmd_vel,24.038625373,0.0,0.0
/epuck2/cmd_vel,24.096314577,0.0,0.0
/epuck2/cmd_vel,24.134605499,0.0,0.0
/epuck2/cmd_vel,24.190196547,0.0,0.0
/epuck2/cmd_vel,24.229516523,0.0,0.0
/epuck2/cmd_vel,24.307762739,0.0,0.0
/epuck2/cmd_vel,24.346214849,0.0,0.0
/epuck2/cmd_vel,24.398972859,0.0,0.0
/epuck2/cmd_vel,24.436181632,0.0,0.0
/epuck2/cmd_vel,24.514613525,0.0,0.0
/epuck2/cmd_vel,24.554729105,0.0,0.0
/epuck2/cmd_vel,24.61114135,0.0,0.0
/epuck2/cmd_vel,24.649317352,0.0,0.0
/epuck2/cmd_vel,24.70727634,0.0,0.0
/epuck2/cmd_vel,24.748271128,0.0,0.0
/epuck2/cmd_vel,24.831080695,0.0,0.0
/epuck2/cmd_vel,24.869572349,0.0,0.0
/epuck2/cmd_vel,24.925093342,0.0,0.0
/epuck2/cmd_vel,24.962402521,0.0,0.0
/epuck2/cmd_vel,25.024127171,0.0,0.0
/epuck2/cmd_vel,25.07844459,0.0,0.0
/epuck2/cmd_vel,25.152000511,0.0,0.0
/epuck2/cmd_vel,25.188206173,0.0,0.0
/epuck2/cmd_vel,25.244110462,0.0,0.0
/epuck2/cmd_vel,25.281091658,0.0,0.0
/epuck2/cmd_vel,25.361982802,0.0,0.0
/epuck2/cmd_vel,25.400650053,0.0,0.0
/epuck2/cmd_vel,25.460202447,0.0,0.0
/epuck2/cmd_vel,25.495014797,0.0,0.0
/epuck2/cmd_vel,25.552435052,0.0,0.0
/epuck2/cmd_vel,25.594425773,0.0,0.0
/epuck2/cmd_vel,25.67838395,0.0,0.0
/epuck2/cmd_vel,25.716500615,0.0,0.0
/epuck2/cmd_vel,25.771070662,0.0,0.0
/epuck2/cmd_vel,25.80894884,0.0,0.0
/epuck2/cmd_vel,25.870856317,0.0,0.0
/epuck2/cmd_vel,25.935113961,0.0,0.0
/epuck2/cmd_vel,26.005933768,0.0,0.0
/epuck2/cmd_vel,26.046244781,0.0,0.0
/epuck2/cmd_vel,26.097365036,0.0,0.0
/epuck2/cmd_vel,26.138026021,0.0,0.0
/epuck2/cmd_vel,26.214593505,0.0,0.0
/epuck2/cmd_vel,26.253763802,0.0,0.0
/epuck2/cmd_vel,26.311606084,0.0,0.0
/epuck2/cmd_vel,26.345062177,0.0,0.0
/epuck2/cmd_vel,26.405642799,0.0,0.0
/epuck2/cmd_vel,26.463023062,0.0,0.0
/epuck2/cmd_vel,26.525149092,0.0,0.0
/epuck2/cmd_vel,26.561567519,0.0,0.0
/epuck2/cmd_vel,26.615923812,0.0,0.0
/epuck2/cmd_vel,26.654290938,0.0,0.0
/epuck2/cmd_vel,26.73229479,0.0,0.0
/epuck2/cmd_vel,26.772898348,0.0,0.0
/epuck2/cmd_vel,26.825593878,0.0,0.0
/epuck2/cmd_vel,26.865792042,0.0,0.0
/epuck2/cmd_vel,26.923569917,0.0,0.0
/epuck2/cmd_vel,26.978764437,0.0,0.0
/epuck2/cmd_vel,27.035881585,0.0,0.0
/epuck2/cmd_vel,27.073330763,0.0,0.0
/epuck2/cmd_vel,27.128272127,0.0,0.0
/epuck2/cmd_vel,27.171777564,0.0,0.0
/epuck2/cmd_vel,27.252153532,0.0,0.0
/epuck2/cmd_vel,27.294198633,0.0,0.0
/epuck2/cmd_vel,27.352502416,0.0,0.0
/epuck2/cmd_vel,27.388491058,0.0,0.0
/epuck2/cmd_vel,27.444514405,0.0,0.0
/epuck2/cmd_vel,27.485840153,0.0,0.0
/epuck2/cmd_vel,27.597913887,0.0,0.0
/epuck2/cmd_vel,27.638801895,0.0,0.0
/epuck2/cmd_vel,27.691914986,0.0,0.0
/epuck2/cmd_vel,27.730359019,0.0,0.0
/epuck2/cmd_vel,27.788821334,0.0,0.0
/epuck2/cmd_vel,27.846985813,0.0,0.0
/epuck2/cmd_vel,27.902386549,0.0,0.0
/epuck2/cmd_vel,27.939004716,0.0,0.0
/epuck2/cmd_vel,27.996212794,0.0,0.0
/epuck2/cmd_vel,28.036108206,0.0,0.0
/epuck2/cmd_vel,28.113108293,0.0,0.0
/epuck2/cmd_vel,28.152115866,0.0,0.0
/epuck2/cmd_vel,28.205810223,0.0,0.0
/epuck2/cmd_vel,28.244318324,0.0,0.0
/epuck2/cmd_vel,28.323160252,0.0,0.0
/epuck2/cmd_vel,28.362804527,0.0,0.0
/epuck2/cmd_vel,28.419776582,0.0,0.0
/epuck2/cmd_vel,28.457032399,0.0,0.0
/epuck2/cmd_vel,28.51539707,0.0,0.0
/epuck2/cmd_vel,28.570155733,0.0,0.0
/epuck2/cmd_vel,28.630721885,0.0,0.0
/epuck2/cmd_vel,28.667823957,0.0,0.0
/epuck2/cmd_vel,28.722233289,0.0,0.0
/epuck2/cmd_vel,28.761462372,0.0,0.0
/epuck2/cmd_vel,28.83891889,0.0,0.0
/epuck2/cmd_vel,28.876964054,0.0,0.0
/epuck2/cmd_vel,28.932029606,0.0,0.0
/epuck2/cmd_vel,28.969169036,0.0,0.0
/epuck2/cmd_vel,29.030725326,0.0,0.0
/epuck2/cmd_vel,29.083909897,0.0,0.0
/epuck2/cmd_vel,29.154275422,0.0,0.0
/epuck2/cmd_vel,29.190636915,0.0,0.0
/epuck2/cmd_vel,29.245528726,0.0,0.0
/epuck2/cmd_vel,29.282875103,0.0,0.0
/epuck2/cmd_vel,29.347409959,0.0,0.0
/epuck2/cmd_vel,29.410071293,0.0,0.0
/epuck2/cmd_vel,29.469391784,0.0,0.0
/epuck2/cmd_vel,29.508743948,0.0,0.0
/epuck2/cmd_vel,29.565066363,0.0,0.0
/epuck2/cmd_vel,29.624688001,0.0,0.0
/epuck2/cmd_vel,29.686818274,0.0,0.0
/epuck2/cmd_vel,29.724028384,0.0,0.0
/epuck2/cmd_vel,29.779993824,0.0,0.0
/epuck2/cmd_vel,29.817657157,0.0,0.0
/epuck2/cmd_vel,29.891711998,0.0,0.0
/epuck2/cmd_vel,29.932175008,0.0,0.0
/epuck2/cmd_vel,29.987597892,0.0,0.0
/epuck2/cmd_vel,30.024308386,0.0,0.0
/epuck2/cmd_vel,30.085560016,0.0,0.0
/epuck2/cmd_vel,30.141951583,0.0,0.0
/epuck2/cmd_vel,30.202413338,0.0,0.0
/epuck2/cmd_vel,30.237007531,0.0,0.0
/epuck2/cmd_vel,30.292746537,0.0,0.0
/epuck2/cmd_vel,30.335284285,0.0,0.0
/epuck2/cmd_vel,30.413190801,0.0,0.0
/epuck2/cmd_vel,30.453157805,0.0,0.0
/epuck2/cmd_vel,30.507667693,0.0,0.0
/epuck2/cmd_vel,30.545332578,0.0,0.0
/epuck2/cmd_vel,30.621644242,0.0,0.0
/epuck2/cmd_vel,30.665837548,0.0,0.0
/epuck2/cmd_vel,30.718245437,0.0,0.0
/epuck2/cmd_vel,30.755815613,0.0,0.0
/epuck2/cmd_vel,30.815435088,0.0,0.0
/epuck2/cmd_vel,30.870272907,0.0,0.0
/epuck2/cmd_vel,30.931579242,0.0,0.0
/epuck2/cmd_vel,30.967552816,0.0,0.0
/epuck2/cmd_vel,31.021972982,0.0,0.0
/epuck2/cmd_vel,31.061042823,0.0,0.0
/epuck2/cmd_vel,31.14205158,0.0,0.0
/epuck2/cmd_vel,31.182214544,0.0,0.0
/epuck2/cmd_vel,31.234838364,0.0,0.0
/epuck2/cmd_vel,31.275658363,0.0,0.0
/epuck2/cmd_vel,31.333085271,0.0,0.0
/epuck2/cmd_vel,31.39011258,0.0,0.0
/epuck2/cmd_vel,31.447256259,0.0,0.0
/epuck2/cmd_vel,31.481587095,0.0,0.0
/epuck2/cmd_vel,31.539399806,0.0,0.0
/epuck2/cmd_vel,31.580387162,0.0,0.0
/epuck2/cmd_vel,31.661328736,0.0,0.0
/epuck2/cmd_vel,31.696440275,0.0,0.0
/epuck2/cmd_vel,31.750621702,0.0,0.0
/epuck2/cmd_vel,31.788259304,0.0,0.0
/epuck2/cmd_vel,31.853004465,0.0,0.0
/epuck2/cmd_vel,31.911856014,0.0,0.0
/epuck2/cmd_vel,31.973066556,0.0,0.0
/epuck2/cmd_vel,32.009459198,0.0,0.0
/epuck2/cmd_vel,32.06458741,0.0,0.0
/epuck2/cmd_vel,32.104661503,0.0,0.0
/epuck2/cmd_vel,32.181611368,0.0,0.0
/epuck2/cmd_vel,32.232409991,0.0,0.0
/epuck2/cmd_vel,32.291019566,0.0,0.0
/epuck2/cmd_vel,32.327172741,0.0,0.0
/epuck2/cmd_vel,32.383328881,0.0,0.0
/epuck2/cmd_vel,32.426521438,0.0,0.0
/epuck2/cmd_vel,32.501129907,0.0,0.0
/epuck2/cmd_vel,32.537579817,0.0,0.0
/epuck2/cmd_vel,32.593293004,0.0,0.0
/epuck2/cmd_vel,32.631915405,0.0,0.0
/epuck2/cmd_vel,32.693394382,0.0,0.0
/epuck2/cmd_vel,32.753658236,0.0,0.0
/epuck2/cmd_vel,32.813984155,0.0,0.0
/epuck2/cmd_vel,32.851679672,0.0,0.0
/epuck2/cmd_vel,32.908058189,0.0,0.0
/epuck2/cmd_vel,32.94708368,0.0,0.0
/epuck2/cmd_vel,33.020376755,0.0,0.0
/epuck2/cmd_vel,33.0694071,0.0,0.0
/epuck2/cmd_vel,33.127704318,0.0,0.0
/epuck2/cmd_vel,33.162569521,0.0,0.0
/epuck2/cmd_vel,33.219940801,0.0,0.0
/epuck2/cmd_vel,33.258320212,0.0,0.0
/epuck2/cmd_vel,33.340669533,0.0,0.0
/epuck2/cmd_vel,33.378338429,0.0,0.0
/epuck2/cmd_vel,33.43421474,0.0,0.0
/epuck2/cmd_vel,33.471795009,0.0,0.0
/epuck2/cmd_vel,33.544650344,0.0,0.0
/epuck2/cmd_vel,33.587149464,0.0,0.0
/epuck2/cmd_vel,33.641103257,0.0,0.0
/epuck2/cmd_vel,33.679972365,0.0,0.0
/epuck2/cmd_vel,33.737291787,0.0,0.0
/epuck2/cmd_vel,33.793220055,0.0,0.0
/epuck2/cmd_vel,33.853141935,0.0,0.0
/epuck2/cmd_vel,33.889392199,0.0,0.0
/epuck2/cmd_vel,33.940864839,0.0,0.0
/epuck2/cmd_vel,33.980430546,0.0,0.0
/epuck2/cmd_vel,34.063043683,0.0,0.0
/epuck2/cmd_vel,34.103447005,0.0,0.0
/epuck2/cmd_vel,34.154746318,0.0,0.0
/epuck2/cmd_vel,34.195114777,0.0,0.0
/epuck2/cmd_vel,34.254174093,0.0,0.0
/epuck2/cmd_vel,34.313955347,0.0,0.0
/epuck2/cmd_vel,34.368089965,0.0,0.0
/epuck2/cmd_vel,34.405163604,0.0,0.0
/epuck2/cmd_vel,34.464196648,0.0,0.0
/epuck2/cmd_vel,34.502966496,0.0,0.0
/epuck2/cmd_vel,34.58394436,0.0,0.0
/epuck2/cmd_vel,34.619368741,0.0,0.0
/epuck2/cmd_vel,34.67448722,0.0,0.0
/epuck2/cmd_vel,34.711383247,0.0,0.0
/epuck2/cmd_vel,34.787762069,0.0,0.0
/epuck2/cmd_vel,34.827676607,0.0,0.0
/epuck2/cmd_vel,34.884153593,0.0,0.0
/epuck2/cmd_vel,34.920218337,0.0,0.0
/epuck2/cmd_vel,34.977713391,0.0,0.0
/epuck2/cmd_vel,35.020120525,0.0,0.0
/epuck2/cmd_vel,35.101761762,0.0,0.0
/epuck2/cmd_vel,35.141126579,0.0,0.0
/epuck2/cmd_vel,35.194862922,0.0,0.0
/epuck2/cmd_vel,35.233065293,0.0,0.0
/epuck2/cmd_vel,35.292015182,0.0,0.0
/epuck2/cmd_vel,35.343233657,0.0,0.0
/epuck2/cmd_vel,35.414696954,0.0,0.0
/epuck2/cmd_vel,35.452717225,0.0,0.0
/epuck2/cmd_vel,35.50537853,0.0,0.0
/epuck2/cmd_vel,35.542770082,0.0,0.0
/epuck2/cmd_vel,35.610083497,0.0,0.0
/epuck2/cmd_vel,35.661118874,0.0,0.0
/epuck2/cmd_vel,35.720511092,0.0,0.0
/epuck2/cmd_vel,35.758228728,0.0,0.0
/epuck2/cmd_vel,35.813510575,0.0,0.0
/epuck2/cmd_vel,35.853643405,0.0,0.0
/epuck2/cmd_vel,35.935252048,0.0,0.0
/epuck2/cmd_vel,35.976883332,0.0,0.0
/epuck2/cmd_vel,36.032085171,0.0,0.0
/epuck2/cmd_vel,36.066695337,0.0,0.0
/epuck2/cmd_vel,36.123358904,0.0,0.0
/epuck2/cmd_vel,36.169847547,0.0,0.0
/epuck2/cmd_vel,36.268171828,0.0,0.0
/epuck2/cmd_vel,36.308189046,0.0,0.0
/epuck2/cmd_vel,36.358565352,0.0,0.0
/epuck2/cmd_vel,36.397397885,0.0,0.0
/epuck2/cmd_vel,36.455812791,0.0,0.0
/epuck2/cmd_vel,36.516464682,0.0,0.0
/epuck2/cmd_vel,36.573133336,0.0,0.0
/epuck2/cmd_vel,36.60857363,0.0,0.0
/epuck2/cmd_vel,36.66500425,0.0,0.0
/epuck2/cmd_vel,36.706622266,0.0,0.0
/epuck2/cmd_vel,36.79365727,0.0,0.0
/epuck2/cmd_vel,36.836734618,0.0,0.0
/epuck2/cmd_vel,36.890517828,0.0,0.0
/epuck2/cmd_vel,36.926644591,0.0,0.0
/epuck2/cmd_vel,36.984990974,0.0,0.0
/epuck2/cmd_vel,37.029877389,0.0,0.0
/epuck2/cmd_vel,37.112259438,0.0,0.0
/epuck2/cmd_vel,37.149889731,0.0,0.0
/epuck2/cmd_vel,37.206006204,0.0,0.0
/epuck2/cmd_vel,37.242817171,0.0,0.0
/epuck2/cmd_vel,37.302623798,0.0,0.0
/epuck2/cmd_vel,37.355346964,0.0,0.0
/epuck2/cmd_vel,37.426177869,0.0,0.0
/epuck2/cmd_vel,37.465207418,0.0,0.0
/epuck2/cmd_vel,37.517698173,0.0,0.0
/epuck2/cmd_vel,37.556865773,0.0,0.0
/epuck2/cmd_vel,37.632221118,0.0,0.0
/epuck2/cmd_vel,37.672491325,0.0,0.0
/epuck2/cmd_vel,37.729588214,0.0,0.0
/epuck2/cmd_vel,37.763563664,0.0,0.0
/epuck2/cmd_vel,37.820893563,0.0,0.0
/epuck2/cmd_vel,37.876899116,0.0,0.0
/epuck2/cmd_vel,37.938255927,0.0,0.0
/epuck2/cmd_vel,37.972339826,0.0,0.0
/epuck2/cmd_vel,38.027111193,0.0,0.0
/epuck2/cmd_vel,38.069402878,0.0,0.0
/epuck2/cmd_vel,38.145140866,0.0,0.0
/epuck2/cmd_vel,38.182201917,0.0,0.0
/epuck2/cmd_vel,38.235972256,0.0,0.0
/epuck2/cmd_vel,38.273896303,0.0,0.0
/epuck2/cmd_vel,38.331919088,0.0,0.0
/epuck2/cmd_vel,38.387096969,0.0,0.0
/epuck2/cmd_vel,38.459217316,0.0,0.0
/epuck2/cmd_vel,38.498211605,0.0,0.0
/epuck2/cmd_vel,38.552169743,0.0,0.0
/epuck2/cmd_vel,38.589994455,0.0,0.0
/epuck2/cmd_vel,38.652734945,0.0,0.0
/epuck2/cmd_vel,38.714832052,0.0,0.0
/epuck2/cmd_vel,38.774914439,0.0,0.0
/epuck2/cmd_vel,38.810928186,0.0,0.0
/epuck2/cmd_vel,38.866330567,0.0,0.0
/epuck2/cmd_vel,38.904338989,0.0,0.0
/epuck2/cmd_vel,38.981282674,0.0,0.0
/epuck2/cmd_vel,39.032396968,0.0,0.0
/epuck2/cmd_vel,39.091868546,0.0,0.0
/epuck2/cmd_vel,39.127780354,0.0,0.0
/epuck2/cmd_vel,39.183931495,0.0,0.0
/epuck2/cmd_vel,39.224633738,0.0,0.0
/epuck2/cmd_vel,39.287964349,0.0,0.0
/epuck2/cmd_vel,39.329060095,0.0,0.0
/epuck2/cmd_vel,39.383595444,0.0,0.0
/epuck2/cmd_vel,39.4209595,0.0,0.0
/epuck2/cmd_vel,39.497666991,0.0,0.0
/epuck2/cmd_vel,39.537663602,0.0,0.0
/epuck2/cmd_vel,39.595640849,0.0,0.0
/epuck2/cmd_vel,39.63204638,0.0,0.0
/epuck2/cmd_vel,39.689518536,0.0,0.0
/epuck2/cmd_vel,39.744845776,0.0,0.0
/epuck2/cmd_vel,39.805847185,0.0,0.0
/epuck2/cmd_vel,39.843411184,0.0,0.0
/epuck2/cmd_vel,39.899184878,0.0,0.0
/epuck2/cmd_vel,39.940176099,0.0,0.0
/epuck2/cmd_vel,40.014028595,0.0,0.0
/epuck2/cmd_vel,40.052880917,0.0,0.0
/epuck2/cmd_vel,40.109109834,0.0,0.0
/epuck2/cmd_vel,40.14514541,0.0,0.0
/epuck2/cmd_vel,40.205895538,0.0,0.0
/epuck2/cmd_vel,40.261978278,0.0,0.0
/epuck2/cmd_vel,40.320414604,0.0,0.0
/epuck2/cmd_vel,40.354059202,0.0,0.0
/epuck2/cmd_vel,40.409286419,0.0,0.0
/epuck2/cmd_vel,40.449775901,0.0,0.0
/epuck2/cmd_vel,40.534264206,0.0,0.0
/epuck2/cmd_vel,40.574691967,0.0,0.0
/epuck2/cmd_vel,40.631152613,0.0,0.0
/epuck2/cmd_vel,40.665272236,0.0,0.0
/epuck2/cmd_vel,40.724463078,0.0,0.0
/epuck2/cmd_vel,40.768352816,0.0,0.0
/epuck2/cmd_vel,40.851003841,0.0,0.0
/epuck2/cmd_vel,40.887897533,0.0,0.0
/epuck2/cmd_vel,40.942770395,0.0,0.0
/epuck2/cmd_vel,40.980876474,0.0,0.0
/epuck2/cmd_vel,41.039524294,0.0,0.0
/epuck2/cmd_vel,41.109317225,0.0,0.0
/epuck2/cmd_vel,41.197998039,0.0,0.0
/epuck2/cmd_vel,41.235872409,0.0,0.0
/epuck2/cmd_vel,41.290216784,0.0,0.0
/epuck2/cmd_vel,41.328821772,0.0,0.0
/epuck2/cmd_vel,41.406732855,0.0,0.0
/epuck2/cmd_vel,41.447102771,0.0,0.0
/epuck2/cmd_vel,41.503480672,0.0,0.0
/epuck2/cmd_vel,41.538902867,0.0,0.0
/epuck2/cmd_vel,41.596871417,0.0,0.0
/epuck2/cmd_vel,41.640810373,0.0,0.0
/epuck2/cmd_vel,41.724018632,0.0,0.0
/epuck2/cmd_vel,41.762471076,0.0,0.0
/epuck2/cmd_vel,41.819100526,0.0,0.0
/epuck2/cmd_vel,41.854870283,0.0,0.0
/epuck2/cmd_vel,41.914668866,0.0,0.0
/epuck2/cmd_vel,41.966778619,0.0,0.0
/epuck2/cmd_vel,42.038036938,0.0,0.0
/epuck2/cmd_vel,42.076021423,0.0,0.0
/epuck2/cmd_vel,42.131450598,0.0,0.0
/epuck2/cmd_vel,42.167523845,0.0,0.0
/epuck2/cmd_vel,42.232231658,0.0,0.0
/epuck2/cmd_vel,42.292668073,0.0,0.0
/epuck2/cmd_vel,42.356659084,0.0,0.0
/epuck2/cmd_vel,42.394642173,0.0,0.0
/epuck2/cmd_vel,42.448012264,0.0,0.0
/epuck2/cmd_vel,42.486616547,0.0,0.0
/epuck2/cmd_vel,42.560556441,0.0,0.0
/epuck2/cmd_vel,42.59853973,0.0,0.0
/epuck2/cmd_vel,42.654214949,0.0,0.0
/epuck2/cmd_vel,42.690791852,0.0,0.0
/epuck2/cmd_vel,42.750632494,0.0,0.0
/epuck2/cmd_vel,42.807913189,0.0,0.0
/epuck2/cmd_vel,42.866467377,0.0,0.0
/epuck2/cmd_vel,42.901550237,0.0,0.0
/epuck2/cmd_vel,42.957924028,0.0,0.0
/epuck2/cmd_vel,42.997902875,0.0,0.0
/epuck2/cmd_vel,43.073295289,0.0,0.0
/epuck2/cmd_vel,43.111080611,0.0,0.0
/epuck2/cmd_vel,43.165774618,0.0,0.0
/epuck2/cmd_vel,43.200800206,0.0,0.0
/epuck2/cmd_vel,43.262714803,0.0,0.0
/epuck2/cmd_vel,43.326038291,0.0,0.0
/epuck2/cmd_vel,43.388063995,0.0,0.0
/epuck2/cmd_vel,43.422459941,0.0,0.0
/epuck2/cmd_vel,43.476573476,0.0,0.0
/epuck2/cmd_vel,43.519910582,0.0,0.0
/epuck2/cmd_vel,43.590724948,0.0,0.0
/epuck2/cmd_vel,43.641555526,0.0,0.0
/epuck2/cmd_vel,43.699987293,0.0,0.0
/epuck2/cmd_vel,43.735093069,0.0,0.0
/epuck2/cmd_vel,43.792587104,0.0,0.0
/epuck2/cmd_vel,43.833057956,0.0,0.0
/epuck2/cmd_vel,43.913275268,0.0,0.0
/epuck2/cmd_vel,43.955463871,0.0,0.0
/epuck2/cmd_vel,44.012178566,0.0,0.0
/epuck2/cmd_vel,44.048336647,0.0,0.0
/epuck2/cmd_vel,44.10703031,0.0,0.0
/epuck2/cmd_vel,44.14950936,0.0,0.0
/epuck2/cmd_vel,44.232333409,0.0,0.0
/epuck2/cmd_vel,44.272526019,0.0,0.0
/epuck2/cmd_vel,44.327684008,0.0,0.0
/epuck2/cmd_vel,44.364964065,0.0,0.0
/epuck2/cmd_vel,44.424902275,0.0,0.0
/epuck2/cmd_vel,44.476407307,0.0,0.0
/epuck2/cmd_vel,44.550279475,0.0029999999999997585,-8.742278012618954e-08
/epuck2/cmd_vel,44.586284168,0.005000000000000071,-8.742278012618954e-08
/epuck2/cmd_vel,44.639726979,0.00799999999999983,-8.742278012618954e-08
/epuck2/cmd_vel,44.677711837,0.009999999999999787,-8.742278012618954e-08
/epuck2/cmd_vel,44.743376518,0.0129999999999999,-8.742278012618954e-08
/epuck2/cmd_vel,44.803437398,0.014999999999999857,-8.742278012618954e-08
/epuck2/cmd_vel,44.863477334,0.01799999999999997,-8.742278012618954e-08
/epuck2/cmd_vel,44.898406824,0.019999999999999928,-8.742278012618954e-08
/epuck2/cmd_vel,44.952373588,0.02300000000000004,-8.742278012618954e-08
/epuck2/cmd_vel,44.994132828,0.024999999999999998,-8.742278012618954e-08
/epuck2/cmd_vel,45.067968416,0.025,-8.742278012618954e-08
/epuck2/cmd_vel,45.119209099,0.025,-8.742278012618954e-08
/epuck2/cmd_vel,45.174909227,0.025,-8.742278012618954e-08
/epuck2/cmd_vel,45.210012557,0.025,-8.742278012618954e-08
/epuck2/cmd_vel,45.269324758,0.025,-8.742278012618954e-08
/epuck2/cmd_vel,45.307630289,0.025,-8.742278012618954e-08
/epuck2/cmd_vel,45.41022225,0.025,-8.742278012618954e-08
/epuck2/cmd_vel,45.448966775,0.025,-8.742278012618954e-08
/epuck2/cmd_vel,45.506666208,0.025,-8.742278012618954e-08
/epuck2/cmd_vel,45.541284571,0.025,-8.742278012618954e-08
/epuck2/cmd_vel,45.597485722,0.025,-8.742278012618954e-08
/epuck2/cmd_vel,45.644692391,0.025,-8.742278012618954e-08
/epuck2/cmd_vel,45.705259842,0.025,-8.742278012618954e-08
/epuck2/cmd_vel,45.742127424,0.025,-8.742278012618954e-08
/epuck2/cmd_vel,45.798973702,0.025,-8.742278012618954e-08
/epuck2/cmd_vel,45.837561258,0.025,-8.742278012618954e-08
/epuck2/cmd_vel,45.915370925,0.025,-8.742278012618954e-08
/epuck2/cmd_vel,45.955845216,0.025,-8.742278012618954e-08
/epuck2/cmd_vel,46.010118107,0.025,-8.742278012618954e-08
/epuck2/cmd_vel,46.046080481,0.025,-8.742278012618954e-08
/epuck2/cmd_vel,46.123354776,0.025,-8.742278012618954e-08
/epuck2/cmd_vel,46.164094297,0.025,-8.742278012618954e-08
/epuck2/cmd_vel,46.22121782,0.025,-8.742278012618954e-08
/epuck2/cmd_vel,46.255033196,0.025,-8.742278012618954e-08
/epuck2/cmd_vel,46.314667201,0.025,-8.742278012618954e-08
/epuck2/cmd_vel,46.372082109,0.025,-8.742278012618954e-08
/epuck2/cmd_vel,46.432223296,0.025,-8.742278012618954e-08
/epuck2/cmd_vel,46.470686081,0.025,-8.742278012618954e-08
/epuck2/cmd_vel,46.523999354,0.025,-8.742278012618954e-08
/epuck2/cmd_vel,46.564788437,0.025,-8.742278012618954e-08
/epuck2/cmd_vel,46.64228142,0.025,-8.742278012618954e-08
/epuck2/cmd_vel,46.681727956,0.025,-8.742278012618954e-08
/epuck2/cmd_vel,46.736905717,0.025,-8.742278012618954e-08
/epuck2/cmd_vel,46.773076708,0.025,-8.742278012618954e-08
/epuck2/cmd_vel,46.83207888,0.025,-8.742278012618954e-08
/epuck2/cmd_vel,46.888930263,0.025,-8.742278012618954e-08
/epuck2/cmd_vel,46.946030187,0.025,-8.742278012618954e-08
/epuck2/cmd_vel,46.982418769,0.025,-8.742278012618954e-08
/epuck2/cmd_vel,47.037106843,0.025,-8.742278012618954e-08
/epuck2/cmd_vel,47.078743837,0.025,-8.742278012618954e-08
/epuck2/cmd_vel,47.156022033,0.025,-8.742278012618954e-08
/epuck2/cmd_vel,47.195440121,0.025,-8.742278012618954e-08
/epuck2/cmd_vel,47.247894332,0.025,-8.742278012618954e-08
/epuck2/cmd_vel,47.286128777,0.025,-8.742278012618954e-08
/epuck2/cmd_vel,47.362556486,0.025,-8.742278012618954e-08
/epuck2/cmd_vel,47.40342157,0.025,-8.742278012618954e-08
/epuck2/cmd_vel,47.460046649,0.025,-8.742278012618954e-08
/epuck2/cmd_vel,47.495228354,0.025,-8.742278012618954e-08
/epuck2/cmd_vel,47.553467954,0.025,-8.742278012618954e-08
/epuck2/cmd_vel,47.593675503,0.025,-8.742278012618954e-08
/epuck2/cmd_vel,47.677044123,0.025,-8.742278012618954e-08
/epuck2/cmd_vel,47.715057297,0.025,-8.742278012618954e-08
/epuck2/cmd_vel,47.769804303,0.025,-8.742278012618954e-08
/epuck2/cmd_vel,47.806001827,0.025,-8.742278012618954e-08
/epuck2/cmd_vel,47.869103037,0.025,-8.742278012618954e-08
/epuck2/cmd_vel,47.917205392,0.025,-8.742278012618954e-08
/epuck2/cmd_vel,48.00545765,0.025,-8.742278012618954e-08
/epuck2/cmd_vel,48.04255887,0.025,-8.742278012618954e-08
/epuck2/cmd_vel,48.096254521,0.025,-8.742278012618954e-08
/epuck2/cmd_vel,48.135245812,0.025,-8.742278012618954e-08
/epuck2/cmd_vel,48.21330647,0.025,-8.742278012618954e-08
/epuck2/cmd_vel,48.252475451,0.025,-8.742278012618954e-08
/epuck2/cmd_vel,48.308890589,0.025,-8.742278012618954e-08
/epuck2/cmd_vel,48.345323829,0.025,-8.742278012618954e-08
/epuck2/cmd_vel,48.4026676,0.025,-8.742278012618954e-08
/epuck2/cmd_vel,48.460259557,0.025,-8.742278012618954e-08
/epuck2/cmd_vel,48.518698682,0.025,-8.742278012618954e-08
/epuck2/cmd_vel,48.555443925,0.025,-8.742278012618954e-08
/epuck2/cmd_vel,48.609048138,0.025,-8.742278012618954e-08
/epuck2/cmd_vel,48.650229438,0.025,-8.742278012618954e-08
/epuck2/cmd_vel,48.7281497,0.025,-8.742278012618954e-08
/epuck2/cmd_vel,48.767070493,0.025,-8.742278012618954e-08
/epuck2/cmd_vel,48.821902579,0.025,-8.742278012618954e-08
/epuck2/cmd_vel,48.85920582,0.025,-8.742278012618954e-08
/epuck2/cmd_vel,48.919309462,0.025,-8.742278012618954e-08
/epuck2/cmd_vel,48.976733726,0.025,-8.742278012618954e-08
/epuck2/cmd_vel,49.034390875,0.025,-8.742278012618954e-08
/epuck2/cmd_vel,49.071563117,0.025,-8.742278012618954e-08
/epuck2/cmd_vel,49.125329865,0.025,-8.742278012618954e-08
/epuck2/cmd_vel,49.164710693,0.025,-8.742278012618954e-08
/epuck2/cmd_vel,49.245663086,0.025,-8.742278012618954e-08
/epuck2/cmd_vel,49.280388036,0.025,-8.742278012618954e-08
/epuck2/cmd_vel,49.33558862,0.025,-8.742278012618954e-08
/epuck2/cmd_vel,49.371509596,0.025,-8.742278012618954e-08
/epuck2/cmd_vel,49.435340315,0.025,-8.742278012618954e-08
/epuck2/cmd_vel,49.49549182,0.025,-8.742278012618954e-08
/epuck2/cmd_vel,49.553189651,0.025,-8.742278012618954e-08
/epuck2/cmd_vel,49.589482148,0.025,-8.742278012618954e-08
/epuck2/cmd_vel,49.645259556,0.025,-8.742278012618954e-08
/epuck2/cmd_vel,49.683654049,0.025,-8.742278012618954e-08
/epuck2/cmd_vel,49.759263859,0.025,-8.742278012618954e-08
/epuck2/cmd_vel,49.808803383,0.025,-8.742278012618954e-08
/epuck2/cmd_vel,49.867732438,0.025,-8.742278012618954e-08
/epuck2/cmd_vel,49.90329346,0.025,-8.742278012618954e-08
/epuck2/cmd_vel,49.959800823,0.025,-8.742278012618954e-08
/epuck2/cmd_vel,50.001064143,0.025,-8.742278012618954e-08
/epuck2/cmd_vel,50.097451944,0.025,-8.742278012618954e-08
/epuck2/cmd_vel,50.137708914,0.025,-8.742278012618954e-08
/epuck2/cmd_vel,50.193457665,0.025,-8.742278012618954e-08
/epuck2/cmd_vel,50.228144865,0.025,-8.742278012618954e-08
/epuck2/cmd_vel,50.283984948,0.025,-8.742278012618954e-08
/epuck2/cmd_vel,50.342928631,0.025,-8.742278012618954e-08
/epuck2/cmd_vel,50.402593499,0.025,-8.742278012618954e-08
/epuck2/cmd_vel,50.442734011,0.025,-8.742278012618954e-08
/epuck2/cmd_vel,50.494000004,0.025,-8.742278012618954e-08
/epuck2/cmd_vel,50.534410624,0.025,-8.742278012618954e-08
/epuck2/cmd_vel,50.611185827,0.025,-8.742278012618954e-08
/epuck2/cmd_vel,50.651369313,0.025,-8.742278012618954e-08
/epuck2/cmd_vel,50.70572415,0.025,-8.742278012618954e-08
/epuck2/cmd_vel,50.762855248,0.025,-8.742278012618954e-08
/epuck2/cmd_vel,50.804459668,0.025,-8.742278012618954e-08
/epuck2/cmd_vel,50.853553828,0.025,-8.742278012618954e-08
/epuck2/cmd_vel,50.913042451,0.025,-8.742278012618954e-08
/epuck2/cmd_vel,50.94908111,0.025,-8.742278012618954e-08
/epuck2/cmd_vel,51.006005024,0.025,-8.742278012618954e-08
/epuck2/cmd_vel,51.046948995,0.025,-8.742278012618954e-08
/epuck2/cmd_vel,51.129707974,0.025,-8.742278012618954e-08
/epuck2/cmd_vel,51.17156145,0.025,-8.742278012618954e-08
/epuck2/cmd_vel,51.229581354,0.025,-8.742278012618954e-08
/epuck2/cmd_vel,51.282346363,0.025,-8.742278012618954e-08
/epuck2/cmd_vel,51.323847164,0.025,-8.742278012618954e-08
/epuck2/cmd_vel,51.37837545,0.025,-8.742278012618954e-08
/epuck2/cmd_vel,51.440778403,0.025,-8.742278012618954e-08
/epuck2/cmd_vel,51.477487745,0.025,-8.742278012618954e-08
/epuck2/cmd_vel,51.532606482,0.025,-8.742278012618954e-08
/epuck2/cmd_vel,51.57426166,0.025,-8.742278012618954e-08
/epuck2/cmd_vel,51.649605166,0.025,-8.742278012618954e-08
/epuck2/cmd_vel,51.691674609,0.025,-8.742278012618954e-08
/epuck2/cmd_vel,51.746849988,0.025,-8.742278012618954e-08
/epuck2/cmd_vel,51.803509572,0.025,-8.742278012618954e-08
/epuck2/cmd_vel,51.847018492,0.025,-8.742278012618954e-08
/epuck2/cmd_vel,51.900795689,0.025,-8.742278012618954e-08
/epuck2/cmd_vel,51.960700356,0.025,-8.742278012618954e-08
/epuck2/cmd_vel,51.993896991,0.021000000000000796,-0.12000008742275625
/epuck2/cmd_vel,52.049287758,0.015000000000000568,-0.3000000874227631
/epuck2/cmd_vel,52.090963879,0.010999999999999944,-0.42000008742278183
/epuck2/cmd_vel,52.177176658,0.006,-0.600000087422746
/epuck2/cmd_vel,52.218785437,0.006,-0.65
/epuck2/cmd_vel,52.277648164,0.006,-0.65
/epuck2/cmd_vel,52.33359511,0.006,-0.65
/epuck2/cmd_vel,52.373249248,0.006,-0.65
/epuck2/cmd_vel,52.429609724,0.006,-0.65
/epuck2/cmd_vel,52.492508957,0.006,-0.65
/epuck2/cmd_vel,52.526773693,0.006,-0.65
/epuck2/cmd_vel,52.581931585,0.006,-0.65
/epuck2/cmd_vel,52.623946132,0.006,-0.65
/epuck2/cmd_vel,52.694264915,0.006,-0.65
/epuck2/cmd_vel,52.747325819,0.006,-0.65
/epuck2/cmd_vel,52.803961007,0.009000000000000114,-0.4099999999999909
/epuck2/cmd_vel,52.859517911,0.012,-0.16999999999998183
/epuck2/cmd_vel,52.897876013,0.012,-0.08736970425126332
/epuck2/cmd_vel,52.941827054,0.012,-0.003989481930706695
/epuck2/cmd_vel,53.025111926,0.012,-0.003989481930706695
/epuck2/cmd_vel,53.064506302,0.012,0.011892628664996428
/epuck2/cmd_vel,53.121164612,0.012,0.01189262866499643
/epuck2/cmd_vel,53.157268875,0.012,0.01189262866499643
/epuck2/cmd_vel,53.217954452,0.012,0.015863156313922207
/epuck2/cmd_vel,53.274073639,0.012,0.015863156313922207
/epuck2/cmd_vel,53.331948022,0.012,0.01189262866499643
/epuck2/cmd_vel,53.387695309,0.012,0.01189262866499643
/epuck2/cmd_vel,53.425323514,0.012,0.01189262866499643
/epuck2/cmd_vel,53.464321426,0.012,0.007922101016070649
/epuck2/cmd_vel,53.545320031,0.012,0.007922101016070649
/epuck2/cmd_vel,53.584746522,0.012,0.003951573367144867
/epuck2/cmd_vel,53.639910791,0.012,0.003951573367144867
/epuck2/cmd_vel,53.676806775,0.012,0.003951573367144867
/epuck2/cmd_vel,53.737298852,0.012,0.003951573367144867
/epuck2/cmd_vel,53.792856564,0.012,0.003951573367144867
/epuck2/cmd_vel,53.851195067,0.012,-1.895428178091442e-05
/epuck2/cmd_vel,53.905229542,0.012,-1.8954281780914074e-05
/epuck2/cmd_vel,53.945330998,0.012,-1.8954281780914074e-05
/epuck2/cmd_vel,53.985530316,0.012,0.003951573367144867
/epuck2/cmd_vel,54.065818239,0.012,0.003951573367144867
/epuck2/cmd_vel,54.100168077,0.012,-1.895428178091442e-05
/epuck2/cmd_vel,54.156842176,0.012,-1.8954281780914074e-05
/epuck2/cmd_vel,54.191408013,0.012,-1.8954281780914074e-05
/epuck2/cmd_vel,54.273120144,0.012,-1.8954281780914074e-05
/epuck2/cmd_vel,54.314968721,0.012,-1.8954281780914074e-05
/epuck2/cmd_vel,54.370470109,0.012,-1.8954281780914074e-05
/epuck2/cmd_vel,54.423557291,0.012,-1.8954281780914074e-05
/epuck2/cmd_vel,54.462703663,0.012,-1.8954281780914074e-05
/epuck2/cmd_vel,54.522751698,0.012,-1.8954281780914074e-05
/epuck2/cmd_vel,54.583645227,0.012,-1.8954281780914074e-05
/epuck2/cmd_vel,54.619612345,0.012,-1.8954281780914074e-05
/epuck2/cmd_vel,54.672567896,0.012,-1.8954281780914074e-05
/epuck2/cmd_vel,54.715198616,0.012,-1.8954281780914074e-05
/epuck2/cmd_vel,54.790307279,0.012,-1.8954281780914074e-05
/epuck2/cmd_vel,54.839177747,0.012,-1.8954281780914074e-05
/epuck2/cmd_vel,54.900726917,0.012,0.003951573367144867
/epuck2/cmd_vel,54.951216401,0.012,0.003951573367144867
/epuck2/cmd_vel,54.99298976,0.012,0.003951573367144867
/epuck2/cmd_vel,55.033686343,0.012,-1.895428178091442e-05
/epuck2/cmd_vel,55.118682624,0.012,-1.8954281780914074e-05
/epuck2/cmd_vel,55.158725447,0.012,0.003951573367144867
/epuck2/cmd_vel,55.214980583,0.012,0.003951573367144867
/epuck2/cmd_vel,55.25229053,0.012,0.003951573367144867
/epuck2/cmd_vel,55.311257144,0.012,-1.895428178091442e-05
/epuck2/cmd_vel,55.35167627,0.012,-1.8954281780914074e-05
/epuck2/cmd_vel,55.43400879,0.012,-1.8954281780914074e-05
/epuck2/cmd_vel,55.476417224,0.012,-1.8954281780914074e-05
/epuck2/cmd_vel,55.531491914,0.012,-1.8954281780914074e-05
/epuck2/cmd_vel,55.566257842,0.012,-1.8954281780914074e-05
/epuck2/cmd_vel,55.626725754,0.012,-1.8954281780914074e-05
/epuck2/cmd_vel,55.678909754,0.012,-1.8954281780914074e-05
/epuck2/cmd_vel,55.752981869,0.012,-1.8954281780914074e-05
/epuck2/cmd_vel,55.788928443,0.012,-1.8954281780914074e-05
/epuck2/cmd_vel,55.844486421,0.012,-1.8954281780914074e-05
/epuck2/cmd_vel,55.88050914,0.012,-1.8954281780914074e-05
/epuck2/cmd_vel,55.957489998,0.012,-1.8954281780914074e-05
/epuck2/cmd_vel,55.99786817,0.012,-1.8954281780914074e-05
/epuck2/cmd_vel,56.054816792,0.012,-1.8954281780914074e-05
/epuck2/cmd_vel,56.090292668,0.012,-1.8954281780914074e-05
/epuck2/cmd_vel,56.149841931,0.012,-1.8954281780914074e-05
/epuck2/cmd_vel,56.206021461,0.012,-1.8954281780914074e-05
/epuck2/cmd_vel,56.268158216,0.012,-1.8954281780914074e-05
/epuck2/cmd_vel,56.304781257,0.012,-1.8954281780914074e-05
/epuck2/cmd_vel,56.356712968,0.012,-1.8954281780914074e-05
/epuck2/cmd_vel,56.395949696,0.012,-1.8954281780914074e-05
/epuck2/cmd_vel,56.476745182,0.012,-1.8954281780914074e-05
/epuck2/cmd_vel,56.514636225,0.012,-1.8954281780914074e-05
/epuck2/cmd_vel,56.570392921,0.012,-1.8954281780914074e-05
/epuck2/cmd_vel,56.609434039,0.012,-1.8954281780914074e-05
/epuck2/cmd_vel,56.669140472,0.012,-1.8954281780914074e-05
/epuck2/cmd_vel,56.724099974,0.012,-1.8954281780914074e-05
/epuck2/cmd_vel,56.783142898,0.012,-1.8954281780914074e-05
/epuck2/cmd_vel,56.819253278,0.012,-1.8954281780914074e-05
/epuck2/cmd_vel,56.876312301,0.012,-1.8954281780914074e-05
/epuck2/cmd_vel,56.91624606,0.012,-1.8954281780914074e-05
/epuck2/cmd_vel,57.004178868,0.012,-1.8954281780914074e-05
/epuck2/cmd_vel,57.044406121,0.012,-1.8954281780914074e-05
/epuck2/cmd_vel,57.10194298,0.012,-1.8954281780914074e-05
/epuck2/cmd_vel,57.138456778,0.012,-1.8954281780914074e-05
/epuck2/cmd_vel,57.197916503,0.012,-1.8954281780914074e-05
/epuck2/cmd_vel,57.251558089,0.012,-1.8954281780914074e-05
/epuck2/cmd_vel,57.31105863,0.012,-1.8954281780914074e-05
/epuck2/cmd_vel,57.348431871,0.012,-1.8954281780914074e-05
/epuck2/cmd_vel,57.401216421,0.012,-1.8954281780914074e-05
/epuck2/cmd_vel,57.439710948,0.012,-1.8954281780914074e-05
/epuck2/cmd_vel,57.517098035,0.012,-1.8954281780914074e-05
/epuck2/cmd_vel,57.570666915,0.012,-1.8954281780914074e-05
/epuck2/cmd_vel,57.628073403,0.012,-1.8954281780914074e-05
/epuck2/cmd_vel,57.666018269,0.012,-1.8954281780914074e-05
/epuck2/cmd_vel,57.720278915,0.012,-1.8954281780914074e-05
/epuck2/cmd_vel,57.761002679,0.012,-0.003989481930706695
/epuck2/cmd_vel,57.839518475,0.012,-0.003989481930706695
/epuck2/cmd_vel,57.877946313,0.012,-1.895428178091442e-05
/epuck2/cmd_vel,57.933350702,0.012,-1.8954281780914074e-05
/epuck2/cmd_vel,57.969851981,0.012,-1.8954281780914074e-05
/epuck2/cmd_vel,58.031997968,0.012,-1.8954281780914074e-05
/epuck2/cmd_vel,58.094056466,0.012,-1.8954281780914074e-05
/epuck2/cmd_vel,58.151632515,0.012,-1.8954281780914074e-05
/epuck2/cmd_vel,58.191288285,0.012,-1.8954281780914074e-05
/epuck2/cmd_vel,58.244815618,0.012,0.003951573367144867
/epuck2/cmd_vel,58.2830831,0.012,0.003951573367144867
/epuck2/cmd_vel,58.362337317,0.012,-1.895428178091442e-05
/epuck2/cmd_vel,58.402182395,0.012,-1.8954281780914074e-05
/epuck2/cmd_vel,58.453014826,0.012,-1.8954281780914074e-05
/epuck2/cmd_vel,58.492349505,0.012,-1.8954281780914074e-05
/epuck2/cmd_vel,58.552696519,0.012,-1.8954281780914074e-05
/epuck2/cmd_vel,58.612631747,0.012,-1.8954281780914074e-05
/epuck2/cmd_vel,58.672241373,0.012,-1.8954281780914074e-05
/epuck2/cmd_vel,58.70766854,0.012,-1.8954281780914074e-05
/epuck2/cmd_vel,58.763659176,0.012,-1.8954281780914074e-05
/epuck2/cmd_vel,58.803165324,0.012,-1.8954281780914074e-05
/epuck2/cmd_vel,58.88053749,0.012,-1.8954281780914074e-05
/epuck2/cmd_vel,58.917060616,0.012,-0.003989481930706695
/epuck2/cmd_vel,58.970206286,0.012,-0.003989481930706695
/epuck2/cmd_vel,59.007188843,0.012,-1.895428178091442e-05
/epuck2/cmd_vel,59.089883695,0.012,-1.8954281780914074e-05
/epuck2/cmd_vel,59.129332651,0.012,-1.8954281780914074e-05
/epuck2/cmd_vel,59.184060398,0.012,-1.8954281780914074e-05
/epuck2/cmd_vel,59.220424754,0.012,-1.8954281780914074e-05
/epuck2/cmd_vel,59.276195323,0.012,-1.8954281780914074e-05
/epuck2/cmd_vel,59.337233177,0.012,-1.8954281780914074e-05
/epuck2/cmd_vel,59.401025449,0.012,-1.8954281780914074e-05
/epuck2/cmd_vel,59.43638594,0.012,0.1599810457182441
/epuck2/cmd_vel,59.490910792,0.012,0.3
/epuck2/cmd_vel,59.529967475,0.012,0.3
/epuck2/cmd_vel,59.60912807,0.012,0.3
/epuck2/cmd_vel,59.648301124,0.012,0.3
/epuck2/cmd_vel,59.700926804,0.012,0.3
/epuck2/cmd_vel,59.739630974,0.012,0.3
/epuck2/cmd_vel,59.798348042,0.012,0.3
/epuck2/cmd_vel,59.858849112,0.012,0.3
/epuck2/cmd_vel,59.915881523,0.012,0.3
/epuck2/cmd_vel,59.951380092,0.012,0.3
/epuck2/cmd_vel,60.007999214,0.012,0.3
/epuck2/cmd_vel,60.050721521,0.012,0.3
/epuck2/cmd_vel,60.12854445,0.012,0.3
/epuck2/cmd_vel,60.16731128,0.012,0.3
/epuck2/cmd_vel,60.219708479,0.012,0.3
/epuck2/cmd_vel,60.258103464,0.012,0.3
/epuck2/cmd_vel,60.321847007,0.012,0.2832285785643435
/epuck2/cmd_vel,60.38376065,0.012,0.2832285785643435
/epuck2/cmd_vel,60.444715402,0.012,0.23293580054920682
/epuck2/cmd_vel,60.479873078,0.012,0.23293580054920682
/epuck2/cmd_vel,60.534424779,0.012,0.2011718654600955
/epuck2/cmd_vel,60.573098923,0.012,0.2011718654600955
/epuck2/cmd_vel,60.657381156,0.012,0.16940793037098414
/epuck2/cmd_vel,60.696204338,0.012,0.16940793037098414
/epuck2/cmd_vel,60.752066557,0.012,0.1402907276121951
/epuck2/cmd_vel,60.79008279,0.012,0.1402907276121951
/epuck2/cmd_vel,60.84781795,0.012,0.1402907276121951
/epuck2/cmd_vel,60.905049741,0.012,0.1217618846861697
/epuck2/cmd_vel,60.962418402,0.012,0.1217618846861697
/epuck2/cmd_vel,61.000039617,0.012,0.10323275565784941
/epuck2/cmd_vel,61.056316818,0.012,0.10323275565784941
/epuck2/cmd_vel,61.099562251,0.012,0.09529198646229275
/epuck2/cmd_vel,61.173767598,0.015000000000000114,0.0794099887185773
/epuck2/cmd_vel,61.211499764,0.016999999999999717,0.0794099887185773
/epuck2/cmd_vel,61.267913728,0.01999999999999983,0.06176319916779604
/epuck2/cmd_vel,61.305466812,0.022000000000000144,0.06176319916779604
/epuck2/cmd_vel,61.383892323,0.025,0.05514565308625308
/epuck2/cmd_vel,61.424571762,0.025,0.05514565308625308
/epuck2/cmd_vel,61.479776263,0.025,0.050734194117136866
/epuck2/cmd_vel,61.514420592,0.025,0.050734194117136866
/epuck2/cmd_vel,61.575878404,0.025,0.04191079934174624
/epuck2/cmd_vel,61.615638615,0.0,0.0
/epuck2/cmd_vel,61.699387805,0.0,0.0
/epuck2/cmd_vel,61.73840427,0.0,0.0
/epuck2/cmd_vel,61.792303763,0.0,0.0
/epuck2/cmd_vel,61.829528994,0.0,0.0
/epuck2/cmd_vel,61.892804852,0.0,0.0
/epuck2/cmd_vel,61.943896527,0.0,0.0
/epuck2/cmd_vel,62.014765432,0.0,0.0
/epuck2/cmd_vel,62.050507853,0.0,0.0
/epuck2/cmd_vel,62.106526777,0.0,0.0
/epuck2/cmd_vel,62.145294078,0.0,0.0
/epuck2/cmd_vel,62.208067602,0.0,0.0
/epuck2/cmd_vel,62.271942092,0.0,0.0
/epuck2/cmd_vel,62.330500267,0.0,0.0
/epuck2/cmd_vel,62.368144401,0.0,0.0
/epuck2/cmd_vel,62.423743,0.0,0.0
/epuck2/cmd_vel,62.462375392,0.0,0.0
/epuck2/cmd_vel,62.538387103,0.0,0.0
/epuck2/cmd_vel,62.589261821,0.0,0.0
/epuck2/cmd_vel,62.648376029,0.0,0.0
/epuck2/cmd_vel,62.681950721,0.0,0.0
/epuck2/cmd_vel,62.737725831,0.0,0.0
/epuck2/cmd_vel,62.780630877,0.0,0.0
/epuck2/cmd_vel,62.864649362,0.0,0.0
/epuck2/cmd_vel,62.906726959,0.0,0.0
/epuck2/cmd_vel,62.964626913,0.0,0.0
/epuck2/cmd_vel,63.001542372,0.0,0.0
/epuck2/cmd_vel,63.056329534,0.0,0.0
/epuck2/cmd_vel,63.098154438,0.0,0.0
/epuck2/cmd_vel,63.181754961,0.0,0.0
/epuck2/cmd_vel,63.225401825,0.0,0.0
/epuck2/cmd_vel,63.273944638,0.0,0.0
/epuck2/cmd_vel,63.312798623,0.0,0.0
/epuck2/cmd_vel,63.373860125,0.0,0.0
/epuck2/cmd_vel,63.426128934,0.0,0.0
/epuck2/cmd_vel,63.499601158,0.0,0.0
/epuck2/cmd_vel,63.53492089,0.0,0.0
/epuck2/cmd_vel,63.590267887,0.0,0.0
/epuck2/cmd_vel,63.626672797,0.0,0.0
/epuck2/cmd_vel,63.690892264,0.0,0.0
/epuck2/cmd_vel,63.766402784,0.0,0.0
/epuck2/cmd_vel,63.827806686,0.0,0.0
/epuck2/cmd_vel,63.863062437,0.0,0.0
/epuck2/cmd_vel,63.919602179,0.0,0.0
/epuck2/cmd_vel,63.960987967,0.0,0.0
/epuck2/cmd_vel,64.036636485,0.0,0.0
/epuck2/cmd_vel,64.07499457,0.0,0.0
/epuck2/cmd_vel,64.127275692,0.0,0.0
/epuck2/cmd_vel,64.165687643,0.0,0.0
/epuck2/cmd_vel,64.223896262,0.0,0.0
/epuck2/cmd_vel,64.281088898,0.0,0.0
/epuck2/cmd_vel,64.341862758,0.0,0.0
/epuck2/cmd_vel,64.376035486,0.0,0.0
/epuck2/cmd_vel,64.433625981,0.0,0.0
/epuck2/cmd_vel,64.474835932,0.0,0.0
/epuck2/cmd_vel,64.5485925,0.0,0.0
/epuck2/cmd_vel,64.58648077,0.0,0.0
/epuck2/cmd_vel,64.639807156,0.0,0.0
/epuck2/cmd_vel,64.676681843,0.0,0.0
/epuck2/cmd_vel,64.739132183,0.0,0.0
/epuck2/cmd_vel,64.800559345,0.0,0.0
/epuck2/cmd_vel,64.862777027,0.0,0.0
/epuck2/cmd_vel,64.8981933,0.0,0.0
/epuck2/cmd_vel,64.952412797,0.0,0.0
/epuck2/cmd_vel,64.991414555,0.0,0.0
/epuck2/cmd_vel,65.078149583,0.0,0.0
/epuck2/cmd_vel,65.130658348,0.0,0.0
/epuck2/cmd_vel,65.186617375,0.0,0.0
/epuck2/cmd_vel,65.224186894,0.0,0.0
/epuck2/cmd_vel,65.279662746,0.0,0.0
/epuck2/cmd_vel,65.319451811,0.0,0.0
/epuck2/cmd_vel,65.397438442,0.0,0.0
/epuck2/cmd_vel,65.433571327,0.0,0.0
/epuck2/cmd_vel,65.48836478,0.0,0.0
/epuck2/cmd_vel,65.525418953,0.0,0.0
/epuck2/cmd_vel,65.606052853,0.0,0.0
/epuck2/cmd_vel,65.647232893,0.0,0.0
/epuck2/cmd_vel,65.704140684,0.0,0.0
/epuck2/cmd_vel,65.739265756,0.0,0.0
/epuck2/cmd_vel,65.797642354,0.0,0.0
/epuck2/cmd_vel,65.855199174,0.0,0.0
/epuck2/cmd_vel,65.916172886,0.0,0.0
/epuck2/cmd_vel,65.952989137,0.0,0.0
/epuck2/cmd_vel,66.007745651,0.0,0.0
/epuck2/cmd_vel,66.047302877,0.0,0.0
/epuck2/cmd_vel,66.119695952,0.0,0.0
/epuck2/cmd_vel,66.16165439,0.0,0.0
/epuck2/cmd_vel,66.214409544,0.0,0.0
/epuck2/cmd_vel,66.250486965,0.0,0.0
/epuck2/cmd_vel,66.311853481,0.0,0.0
/epuck2/cmd_vel,66.365816683,0.0,0.0
/epuck2/cmd_vel,66.436626729,0.0,0.0
/epuck2/cmd_vel,66.473589359,0.0,0.0
/epuck2/cmd_vel,66.526327832,0.0,0.0
/epuck2/cmd_vel,66.563355589,0.0,0.0
/epuck2/cmd_vel,66.630143836,0.0,0.0
/epuck2/cmd_vel,66.692192489,0.0,0.0
/epuck2/cmd_vel,66.749429027,0.0,0.0
/epuck2/cmd_vel,66.787060109,0.0,0.0
/epuck2/cmd_vel,66.840141498,0.0,0.0
/epuck2/cmd_vel,66.880772322,0.0,0.0
/epuck2/cmd_vel,66.956218694,0.0,0.0
/epuck2/cmd_vel,67.005355685,0.0,0.0
/epuck2/cmd_vel,67.066010196,0.0,0.0
/epuck2/cmd_vel,67.099179275,0.0,0.0
/epuck2/cmd_vel,67.157018314,0.0,0.0
/epuck2/cmd_vel,67.196384803,0.0,0.0
/epuck2/cmd_vel,67.294319803,0.0,0.0
/epuck2/cmd_vel,67.337949526,0.0,0.0
/epuck2/cmd_vel,67.393391432,0.0,0.0
/epuck2/cmd_vel,67.427074774,0.0,0.0
/epuck2/cmd_vel,67.485919381,0.0,0.0
/epuck2/cmd_vel,67.539574342,0.0,0.0
/epuck2/cmd_vel,67.601577796,0.0,0.0
/epuck2/cmd_vel,67.637720957,0.0,0.0
/epuck2/cmd_vel,67.69333974,0.0,0.0
/epuck2/cmd_vel,67.732309552,0.0,0.0
/epuck2/cmd_vel,67.80826499,0.0,0.0
/epuck2/cmd_vel,67.849988885,0.0,0.0
/epuck2/cmd_vel,67.902839611,0.0,0.0
/epuck2/cmd_vel,67.941402562,0.0,0.0
/epuck2/cmd_vel,68.000408471,0.0,0.0
/epuck2/cmd_vel,68.058932247,0.0,0.0
/epuck2/cmd_vel,68.113950151,0.0,0.0
/epuck2/cmd_vel,68.150031318,0.0,0.0
/epuck2/cmd_vel,68.207687134,0.0,0.0
/epuck2/cmd_vel,68.246425774,0.0,0.0
/epuck2/cmd_vel,68.325311929,0.0,0.0
/epuck2/cmd_vel,68.362235907,0.0,0.0
/epuck2/cmd_vel,68.415205717,0.0,0.0
/epuck2/cmd_vel,68.453313821,0.0,0.0
/epuck2/cmd_vel,68.516907633,0.0,0.0
/epuck2/cmd_vel,68.5771815,0.0,0.0
/epuck2/cmd_vel,68.637364949,0.0,0.0
/epuck2/cmd_vel,68.675541915,0.0,0.0
/epuck2/cmd_vel,68.727617917,0.0,0.0
/epuck2/cmd_vel,68.767803655,0.0,0.0
/epuck2/cmd_vel,68.841554206,0.0,0.0
/epuck2/cmd_vel,68.893261048,0.0,0.0
/epuck2/cmd_vel,68.953365066,0.0,0.0
/epuck2/cmd_vel,68.988534624,0.0,0.0
/epuck2/cmd_vel,69.04375587,0.0,0.0
/epuck2/cmd_vel,69.08603773,0.0,0.0
/epuck2/cmd_vel,69.167422033,0.0,0.0
/epuck2/cmd_vel,69.207865773,0.0,0.0
/epuck2/cmd_vel,69.263987769,0.0,0.0
/epuck2/cmd_vel,69.29899438,0.0,0.0
/epuck2/cmd_vel,69.358607617,0.0,0.0
/epuck2/cmd_vel,69.414078024,0.0,0.0
/epuck2/cmd_vel,69.473932639,0.0,0.0
/epuck2/cmd_vel,69.515032358,0.0,0.0
/epuck2/cmd_vel,69.567723083,0.0,0.0
/epuck2/cmd_vel,69.605494209,0.0,0.0
/epuck2/cmd_vel,69.682756237,0.0,0.0
/epuck2/cmd_vel,69.725200844,0.0,0.0
/epuck2/cmd_vel,69.776906202,0.0,0.0
/epuck2/cmd_vel,69.813422644,0.0,0.0
/epuck2/cmd_vel,69.873543184,0.0,0.0
/epuck2/cmd_vel,69.932007608,0.0,0.0
/epuck2/cmd_vel,69.990232354,0.0,0.0
/epuck2/cmd_vel,70.025534472,0.0,0.0
/epuck2/cmd_vel,70.082706874,0.0,0.0
/epuck2/cmd_vel,70.123100456,0.0,0.0
/epuck2/cmd_vel,70.201369325,0.0,0.0
/epuck2/cmd_vel,70.237192842,0.0,0.0
/epuck2/cmd_vel,70.289462545,0.0,0.0
/epuck2/cmd_vel,70.325806064,0.0,0.0
/epuck2/cmd_vel,70.407833368,0.0,0.0
/epuck2/cmd_vel,70.448627227,0.0,0.0
/epuck2/cmd_vel,70.5054217,0.0,0.0
/epuck2/cmd_vel,70.540631731,0.0,0.0
/epuck2/cmd_vel,70.594746981,0.0,0.0
/epuck2/cmd_vel,70.638779972,0.0,0.0
/epuck2/cmd_vel,70.722679361,0.0,0.0
/epuck2/cmd_vel,70.763170318,0.0,0.0
/epuck2/cmd_vel,70.817656014,0.0,0.0
/epuck2/cmd_vel,70.852452498,0.0,0.0
/epuck2/cmd_vel,70.915989328,0.0,0.0
/epuck2/cmd_vel,70.969855944,0.0,0.0
/epuck2/cmd_vel,71.025485373,0.0,0.0
/epuck2/cmd_vel,71.06263956,0.0,0.0
/epuck2/cmd_vel,71.12064492,0.0,0.0
/epuck2/cmd_vel,71.162435451,0.0,0.0
/epuck2/cmd_vel,71.242521398,0.0,0.0
/epuck2/cmd_vel,71.283687245,0.0,0.0
/epuck2/cmd_vel,71.338890708,0.0,0.0
/epuck2/cmd_vel,71.376100959,0.0,0.0
/epuck2/cmd_vel,71.433320228,0.0,0.0
/epuck2/cmd_vel,71.475659326,0.0,0.0
/epuck2/cmd_vel,71.558335484,0.0,0.0
/epuck2/cmd_vel,71.59859573,0.0,0.0
/epuck2/cmd_vel,71.654124005,0.0,0.0
/epuck2/cmd_vel,71.689297103,0.0,0.0
/epuck2/cmd_vel,71.747512153,0.0,0.0
/epuck2/cmd_vel,71.802920619,0.0,0.0
/epuck2/cmd_vel,71.874504409,0.0,0.0
/epuck2/cmd_vel,71.91063598,0.0,0.0
/epuck2/cmd_vel,71.96451659,0.0,0.0
/epuck2/cmd_vel,72.006609762,0.0,0.0
/epuck2/cmd_vel,72.066605842,0.0,0.0
/epuck2/cmd_vel,72.142473778,0.0,0.0
/epuck2/cmd_vel,72.206552606,0.0,0.0
/epuck2/cmd_vel,72.241009241,0.0,0.0
/epuck2/cmd_vel,72.296523484,0.0,0.0
/epuck2/cmd_vel,72.334899481,0.0,0.0
/epuck2/cmd_vel,72.411743044,0.0,0.0
/epuck2/cmd_vel,72.452280661,0.0,0.0
/epuck2/cmd_vel,72.509001046,0.0,0.0
/epuck2/cmd_vel,72.543508551,0.0,0.0
/epuck2/cmd_vel,72.60389923,0.0,0.0
/epuck2/cmd_vel,72.662044403,0.0,0.0
/epuck2/cmd_vel,72.720719931,0.0,0.0
/epuck2/cmd_vel,72.758039507,0.0,0.0
/epuck2/cmd_vel,72.812078291,0.0,0.0
/epuck2/cmd_vel,72.852334521,0.0,0.0
/epuck2/cmd_vel,72.927693448,0.0,0.0
/epuck2/cmd_vel,72.96462864,0.0,0.0
/epuck2/cmd_vel,73.019254399,0.0,0.0
/epuck2/cmd_vel,73.058516956,0.0,0.0
/epuck2/cmd_vel,73.133862332,0.0,0.0
/epuck2/cmd_vel,73.173076915,0.0,0.0
/epuck2/cmd_vel,73.229758169,0.0,0.0
/epuck2/cmd_vel,73.26693132,0.0,0.0
/epuck2/cmd_vel,73.326501079,0.0,0.0
/epuck2/cmd_vel,73.378643368,0.0,0.0
/epuck2/cmd_vel,73.440084605,0.0,0.0
/epuck2/cmd_vel,73.476209314,0.0,0.0
/epuck2/cmd_vel,73.529118087,0.0,0.0
/epuck2/cmd_vel,73.57041679,0.0,0.0
/epuck2/cmd_vel,73.644006183,0.0,0.0
/epuck2/cmd_vel,73.694905142,0.0,0.0
/epuck2/cmd_vel,73.753267476,0.0,0.0
/epuck2/cmd_vel,73.788857191,0.0,0.0
/epuck2/cmd_vel,73.844168148,0.0,0.0
/epuck2/cmd_vel,73.886966108,0.0,0.0
/epuck2/cmd_vel,73.969052138,0.0,0.0
/epuck2/cmd_vel,74.009231877,0.0,0.0
/epuck2/cmd_vel,74.063984496,0.0,0.0
/epuck2/cmd_vel,74.100676891,0.0,0.0
/epuck2/cmd_vel,74.161479005,0.0,0.0
/epuck2/cmd_vel,74.20323457,0.0,0.0
/epuck2/cmd_vel,74.285417702,0.0,0.0
/epuck2/cmd_vel,74.326717603,0.0,0.0
/epuck2/cmd_vel,74.380331709,0.0,0.0
/epuck2/cmd_vel,74.417360892,0.0,0.0
/epuck2/cmd_vel,74.480564992,0.0,0.0
/epuck2/cmd_vel,74.53187375,0.0,0.0
/epuck2/cmd_vel,74.590253034,0.0,0.0
/epuck2/cmd_vel,74.625332704,0.0,0.0
/epuck2/cmd_vel,74.680162015,0.0,0.0
/epuck2/cmd_vel,74.723228026,0.0,0.0
/epuck2/cmd_vel,74.798546773,0.0,0.0
/epuck2/cmd_vel,74.837681545,0.0,0.0
/epuck2/cmd_vel,74.890430498,0.0,0.0
/epuck2/cmd_vel,74.928364128,0.0,0.0
/epuck2/cmd_vel,75.004729207,0.0,0.0
/epuck2/cmd_vel,75.045242791,0.0,0.0
/epuck2/cmd_vel,75.100601625,0.0,0.0
/epuck2/cmd_vel,75.138591169,0.0,0.0
/epuck2/cmd_vel,75.19512072,0.0,0.0
/epuck2/cmd_vel,75.253389146,0.0,0.0
/epuck2/cmd_vel,75.31327677,0.0,0.0
/epuck2/cmd_vel,75.349602736,0.0,0.0
/epuck2/cmd_vel,75.402911342,0.0,0.0
/epuck2/cmd_vel,75.442892573,0.0,0.0
/epuck2/cmd_vel,75.516007645,0.0,0.0
/epuck2/cmd_vel,75.569372797,0.0,0.0
/epuck2/cmd_vel,75.629539164,0.0,0.0
/epuck2/cmd_vel,75.664278043,0.0,0.0
/epuck2/cmd_vel,75.721627567,0.0,0.0
/epuck2/cmd_vel,75.76203444,0.0,0.0
/epuck2/cmd_vel,75.838377439,0.0,0.0
/epuck2/cmd_vel,75.875133734,0.0,0.0
/epuck2/cmd_vel,75.92913416,0.0,0.0
/epuck2/cmd_vel,75.965150853,0.0,0.0
/epuck2/cmd_vel,76.027524589,0.0,0.0
/epuck2/cmd_vel,76.089544809,0.0,0.0
/epuck2/cmd_vel,76.151343345,0.0,0.0
/epuck2/cmd_vel,76.188650193,0.0,0.0
/epuck2/cmd_vel,76.240569803,0.0,0.0
/epuck2/cmd_vel,76.284211434,0.0,0.0
/epuck2/cmd_vel,76.354676667,0.0,0.0
/epuck2/cmd_vel,76.40563505,0.0,0.0
/epuck2/cmd_vel,76.463078797,0.0,0.0
/epuck2/cmd_vel,76.501119803,0.0,0.0
/epuck2/cmd_vel,76.558405589,0.0,0.0
/epuck2/cmd_vel,76.598807032,0.0,0.0
/epuck2/cmd_vel,76.679055857,0.0,0.0
