topic,time_s,linear_mps,angular_rps
/epuck1/cmd_vel,3.564385021,0.0029999999999999363,0.0
/epuck1/cmd_vel,3.599797539,0.005000000000000071,0.0
/epuck1/cmd_vel,3.652932317,0.008000000000000007,0.0
/epuck1/cmd_vel,3.687943782,0.009999999999999964,0.0
/epuck1/cmd_vel,3.747752015,0.013000000000000077,0.0
/epuck1/cmd_vel,3.801584032,0.015000000000000034,0.0
/epuck1/cmd_vel,3.870260807,0.01799999999999997,0.0
/epuck1/cmd_vel,3.908618877,0.019999999999999928,0.0
/epuck1/cmd_vel,3.960186,0.02300000000000004,0.0
/epuck1/cmd_vel,3.997311501,0.024999999999999998,0.0
/epuck1/cmd_vel,4.062168406,0.025,0.0
/epuck1/cmd_vel,4.122399833,0.025,0.0
/epuck1/cmd_vel,4.180772957,0.025,0.0
/epuck1/cmd_vel,4.537194212,0.025,0.0
/epuck1/cmd_vel,4.585882741,0.025,0.0
/epuck1/cmd_vel,4.61719165,0.025,0.0
/epuck1/cmd_vel,4.663126042,0.025,0.0
/epuck1/cmd_vel,4.697081751,0.025,0.0
/epuck1/cmd_vel,4.750994089,0.025,0.0
/epuck1/cmd_vel,4.791740418,0.025,0.0
/epuck1/cmd_vel,4.865397732,0.025,0.0
/epuck1/cmd_vel,4.904965202,0.025,0.0
/epuck1/cmd_vel,4.961210217,0.025,0.0
/epuck1/cmd_vel,4.998683434,0.025,0.0
/epuck1/cmd_vel,5.059383956,0.025,0.0
/epuck1/cmd_vel,5.114109763,0.025,0.0
/epuck1/cmd_vel,5.17349741,0.025,0.0
/epuck1/cmd_vel,5.208997309,0.025,0.0
/epuck1/cmd_vel,5.265334227,0.025,0.0
/epuck1/cmd_vel,5.30673666,0.025,0.0
/epuck1/cmd_vel,5.385872802,0.025,0.0
/epuck1/cmd_vel,5.425507548,0.025,0.0
/epuck1/cmd_vel,5.476949965,0.025,0.0
/epuck1/cmd_vel,5.514704798,0.025,0.0
/epuck1/cmd_vel,5.595938598,0.025,0.0
/epuck1/cmd_vel,5.636538329,0.025,0.0
/epuck1/cmd_vel,5.695180037,0.025,0.0
/epuck1/cmd_vel,5.729558976,0.025,0.0
/epuck1/cmd_vel,5.788876945,0.025,0.0
/epuck1/cmd_vel,5.850241367,0.025,0.0
/epuck1/cmd_vel,5.911560378,0.025,0.0
/epuck1/cmd_vel,5.948554064,0.025,0.0
/epuck1/cmd_vel,6.000150513,0.025,0.0
/epuck1/cmd_vel,6.040444344,0.025,0.0
/epuck1/cmd_vel,6.119036244,0.025,0.0
/epuck1/cmd_vel,6.157551727,0.025,0.0
/epuck1/cmd_vel,6.212582053,0.025,0.0
/epuck1/cmd_vel,6.248160346,0.025,0.0
/epuck1/cmd_vel,6.309143327,0.025,0.0
/epuck1/cmd_vel,6.371207371,0.025,0.0
/epuck1/cmd_vel,6.428988703,0.025,0.0
/epuck1/cmd_vel,6.467063351,0.025,0.0
/epuck1/cmd_vel,6.522694568,0.025,0.0
/epuck1/cmd_vel,6.562322044,0.025,0.0
/epuck1/cmd_vel,6.636698298,0.025,0.0
/epuck1/cmd_vel,6.677278712,0.0,-0.11999999999999744
/epuck1/cmd_vel,6.730091456,0.0,-0.2999999999999936
/epuck1/cmd_vel,6.770707805,0.0,-0.41999999999999105
/epuck1/cmd_vel,6.845246719,0.0,-0.45
/epuck1/cmd_vel,6.887317631,0.0,-0.45
/epuck1/cmd_vel,6.943494283,0.0,-0.45
/epuck1/cmd_vel,6.981548738,0.0,-0.45
/epuck1/cmd_vel,7.04043222,0.0,-0.45
/epuck1/cmd_vel,7.09644273,0.0,-0.45
/epuck1/cmd_vel,7.157259176,0.0,-0.45
/epuck1/cmd_vel,7.192716195,0.0,-0.45
/epuck1/cmd_vel,7.249136557,0.0,-0.45
/epuck1/cmd_vel,7.288742047,0.0,-0.45
/epuck1/cmd_vel,7.365504818,0.0,-0.45
/epuck1/cmd_vel,7.406191438,0.0,-0.45
/epuck1/cmd_vel,7.457422034,0.0,-0.45
/epuck1/cmd_vel,7.498199332,0.0,-0.45
/epuck1/cmd_vel,7.556124389,0.0,-0.45
/epuck1/cmd_vel,7.615629006,0.0,-0.45
/epuck1/cmd_vel,7.673056936,0.0,-0.45
/epuck1/cmd_vel,7.708644667,0.0,-0.45
/epuck1/cmd_vel,7.768712869,0.0,-0.45
/epuck1/cmd_vel,7.807528079,0.0,-0.45
/epuck1/cmd_vel,7.886911255,0.0,-0.45
/epuck1/cmd_vel,7.924773774,0.0,-0.45
/epuck1/cmd_vel,7.977780299,0.0,-0.45
/epuck1/cmd_vel,8.018519184,0.0,-0.45
/epuck1/cmd_vel,8.094277246,0.0,-0.45
/epuck1/cmd_vel,8.135828744,0.0,-0.45
/epuck1/cmd_vel,8.195303341,0.0,-0.45
/epuck1/cmd_vel,8.228894942,0.0,-0.45
/epuck1/cmd_vel,8.288618527,0.0,-0.45
/epuck1/cmd_vel,8.344830167,0.0,-0.45
/epuck1/cmd_vel,8.402721571,0.0,-0.45
/epuck1/cmd_vel,8.440661448,0.0,-0.45
/epuck1/cmd_vel,8.49280062,0.0,-0.45
/epuck1/cmd_vel,8.533071353,0.0,-0.45
/epuck1/cmd_vel,8.604195024,0.0,-0.45
/epuck1/cmd_vel,8.65697648,0.0,-0.45
/epuck1/cmd_vel,8.715345044,0.0,-0.45
/epuck1/cmd_vel,8.753632283,0.0,-0.45
/epuck1/cmd_vel,8.811736748,0.0,-0.45
/epuck1/cmd_vel,8.85164843,0.0,-0.45
/epuck1/cmd_vel,8.935757568,0.0,-0.45
/epuck1/cmd_vel,8.978476325,0.0,-0.2900000000000034
/epuck1/cmd_vel,9.031960778,0.0029999999999999363,-0.05000000000000854
/epuck1/cmd_vel,9.067638194,0.005000000000000071,0.0
/epuck1/cmd_vel,9.124814781,0.008000000000000007,0.0
/epuck1/cmd_vel,9.18201008,0.009999999999999964,0.0
/epuck1/cmd_vel,9.243521123,0.01,0.0
/epuck1/cmd_vel,9.278813285,0.01,0.0
/epuck1/cmd_vel,9.334145156,0.01,0.0
/epuck1/cmd_vel,9.373934982,0.01,0.0
/epuck1/cmd_vel,9.450443811,0.01,0.0
/epuck1/cmd_vel,9.492365243,0.01,0.0
/epuck1/cmd_vel,9.548504445,0.01,0.0
/epuck1/cmd_vel,9.5822688,0.01,0.0
/epuck1/cmd_vel,9.644756487,0.01,0.0
/epuck1/cmd_vel,9.702195147,0.01,0.0
/epuck1/cmd_vel,9.76232478,0.01,0.0
/epuck1/cmd_vel,9.799549916,0.01,0.0
/epuck1/cmd_vel,9.852952371,0.01,0.0
/epuck1/cmd_vel,9.895104284,0.01,0.0
/epuck1/cmd_vel,9.973408148,0.01,0.0
/epuck1/cmd_vel,10.011584968,0.01,0.0
/epuck1/cmd_vel,10.068216232,0.01,0.0
/epuck1/cmd_vel,10.106682819,0.01,0.0
/epuck1/cmd_vel,10.181044209,0.01,0.0
/epuck1/cmd_vel,10.221687323,0.01,0.0
/epuck1/cmd_vel,10.277241688,0.01,0.0
/epuck1/cmd_vel,10.315206266,0.01,0.0
/epuck1/cmd_vel,10.373319207,0.01,0.0
/epuck1/cmd_vel,10.427054573,0.01,0.0
/epuck1/cmd_vel,10.485194276,0.01,0.0
/epuck1/cmd_vel,10.524103969,0.01,0.0
/epuck1/cmd_vel,10.580318124,0.01,0.0
/epuck1/cmd_vel,10.621513404,0.01,0.0
/epuck1/cmd_vel,10.694062133,0.01,0.0
/epuck1/cmd_vel,10.734738993,0.01,0.0
/epuck1/cmd_vel,10.789707684,0.01,0.0
/epuck1/cmd_vel,10.826789923,0.01,0.0
/epuck1/cmd_vel,10.885991001,0.01,0.0
/epuck1/cmd_vel,10.939995341,0.01,0.0
/epuck1/cmd_vel,11.003142957,0.01,0.0
/epuck1/cmd_vel,11.038723663,0.01,0.0
/epuck1/cmd_vel,11.092954614,0.01,0.0
/epuck1/cmd_vel,11.132845031,0.01,0.0
/epuck1/cmd_vel,11.209040159,0.01,0.0
/epuck1/cmd_vel,11.245851415,0.01,0.0
/epuck1/cmd_vel,11.299529266,0.01,0.0
/epuck1/cmd_vel,11.337166792,0.01,0.0
/epuck1/cmd_vel,11.400758181,0.01,0.0
/epuck1/cmd_vel,11.464583843,0.01,0.0
/epuck1/cmd_vel,11.524257866,0.01,0.0
/epuck1/cmd_vel,11.561428936,0.01,0.0
/epuck1/cmd_vel,11.613630624,0.01,0.0
/epuck1/cmd_vel,11.65257868,0.01,0.0
/epuck1/cmd_vel,11.728410512,0.01,0.0
/epuck1/cmd_vel,11.772650233,0.01,0.0
/epuck1/cmd_vel,11.824881764,0.01,0.0
/epuck1/cmd_vel,11.859849914,0.01,0.0
/epuck1/cmd_vel,11.919319813,0.01,0.0
/epuck1/cmd_vel,11.964453767,0.01,0.0
/epuck1/cmd_vel,12.043643846,0.01,0.0
/epuck1/cmd_vel,12.081973697,0.01,0.0
/epuck1/cmd_vel,12.13526786,0.01,0.0
/epuck1/cmd_vel,12.173676991,0.01,0.0
/epuck1/cmd_vel,12.232003257,0.01,0.0
/epuck1/cmd_vel,12.284753107,0.01,0.0
/epuck1/cmd_vel,12.357882638,0.01,0.0
/epuck1/cmd_vel,12.392815412,0.01,0.0
/epuck1/cmd_vel,12.446799713,0.01,0.0
/epuck1/cmd_vel,12.483097445,0.01,0.0
/epuck1/cmd_vel,12.549768739,0.01,0.0
/epuck1/cmd_vel,12.591015117,0.01,0.0
/epuck1/cmd_vel,12.646711237,0.01,0.0
/epuck1/cmd_vel,12.688233751,0.01,0.0
/epuck1/cmd_vel,12.748235428,0.01,0.0
/epuck1/cmd_vel,12.798727755,0.01,0.0
/epuck1/cmd_vel,12.869133583,0.01,0.0
/epuck1/cmd_vel,12.909653056,0.01,0.0
/epuck1/cmd_vel,12.962779841,0.01,0.0
/epuck1/cmd_vel,12.999163188,0.01,0.0
/epuck1/cmd_vel,13.060638814,0.01,0.0
/epuck1/cmd_vel,13.123172269,0.01,0.0
/epuck1/cmd_vel,13.187050117,0.01,0.0
/epuck1/cmd_vel,13.219555355,0.01,0.0
/epuck1/cmd_vel,13.27539241,0.01,0.0
/epuck1/cmd_vel,13.314903588,0.01,0.0
/epuck1/cmd_vel,13.389465558,0.01,0.0
/epuck1/cmd_vel,13.427983561,0.01,0.0
/epuck1/cmd_vel,13.482498205,0.01,0.0
/epuck1/cmd_vel,13.517212898,0.01,0.0
/epuck1/cmd_vel,13.578472254,0.01,0.0
/epuck1/cmd_vel,13.650002599,0.01,0.0
/epuck1/cmd_vel,13.719644613,0.01,0.0
/epuck1/cmd_vel,13.758408094,0.01,0.0
/epuck1/cmd_vel,13.815845192,0.01,0.0
/epuck1/cmd_vel,13.851688428,0.01,0.0
/epuck1/cmd_vel,13.930137558,0.01,0.0
/epuck1/cmd_vel,13.972472975,0.01,0.0
/epuck1/cmd_vel,14.030433876,0.01,0.0
/epuck1/cmd_vel,14.066350922,0.01,0.0
/epuck1/cmd_vel,14.121858494,0.01,0.0
/epuck1/cmd_vel,14.168631211,0.01,0.0
/epuck1/cmd_vel,14.228148539,0.01,0.0
/epuck1/cmd_vel,14.269177014,0.01,0.0
/epuck1/cmd_vel,14.324597556,0.01,0.0
/epuck1/cmd_vel,14.363682374,0.01,0.0
/epuck1/cmd_vel,14.449170084,0.01,0.0
/epuck1/cmd_vel,14.497055878,0.01,0.0
/epuck1/cmd_vel,14.555778037,0.01,0.0
/epuck1/cmd_vel,14.591445399,0.01,0.0
/epuck1/cmd_vel,14.647388317,0.01,0.0
/epuck1/cmd_vel,14.691140113,0.01,0.0
/epuck1/cmd_vel,14.767297268,0.01,0.0
/epuck1/cmd_vel,14.804033392,0.01,0.0
/epuck1/cmd_vel,14.85876451,0.01,0.0
/epuck1/cmd_vel,14.897547087,0.01,0.0
/epuck1/cmd_vel,14.973077537,0.01,0.0
/epuck1/cmd_vel,15.015012647,0.01,0.0
/epuck1/cmd_vel,15.070526375,0.01,0.0
/epuck1/cmd_vel,15.107058785,0.01,0.0
/epuck1/cmd_vel,15.166063046,0.01,0.0
/epuck1/cmd_vel,15.21987457,0.01,0.0
/epuck1/cmd_vel,15.280483805,0.01,0.0
/epuck1/cmd_vel,15.318012311,0.01,0.0
/epuck1/cmd_vel,15.372475527,0.01,0.0
/epuck1/cmd_vel,15.41415206,0.01,0.0
/epuck1/cmd_vel,15.489705818,0.01,0.0
/epuck1/cmd_vel,15.526777888,0.01,0.0
/epuck1/cmd_vel,15.582277212,0.01,0.0
/epuck1/cmd_vel,15.619315972,0.01,0.0
/epuck1/cmd_vel,15.677481485,0.01,0.0
/epuck1/cmd_vel,15.732435847,0.01,0.0
/epuck1/cmd_vel,15.805285404,0.01,0.0
/epuck1/cmd_vel,15.842955694,0.01,0.0
/epuck1/cmd_vel,15.89565304,0.01,0.0
/epuck1/cmd_vel,15.935494956,0.01,0.0
/epuck1/cmd_vel,15.997189631,0.01,0.0
/epuck1/cmd_vel,16.059915274,0.01,0.0
/epuck1/cmd_vel,16.120888262,0.01,0.0
/epuck1/cmd_vel,16.15803198,0.01,0.0
/epuck1/cmd_vel,16.212001555,0.01,0.0
/epuck1/cmd_vel,16.248791481,0.01,0.0
/epuck1/cmd_vel,16.324624817,0.01,0.0
/epuck1/cmd_vel,16.377097505,0.01,0.0
/epuck1/cmd_vel,16.437933457,0.01,0.0
/epuck1/cmd_vel,16.469312483,0.01,0.0
/epuck1/cmd_vel,16.525045514,0.01,0.0
/epuck1/cmd_vel,16.569059111,0.01,0.0
/epuck1/cmd_vel,16.641887069,0.01,0.0
/epuck1/cmd_vel,16.67939048,0.01,0.0
/epuck1/cmd_vel,16.732574151,0.01,0.0
/epuck1/cmd_vel,16.773262687,0.01,0.0
/epuck1/cmd_vel,16.851568886,0.01,0.0
/epuck1/cmd_vel,16.890804276,0.01,0.0
/epuck1/cmd_vel,16.947642954,0.01,0.0
/epuck1/cmd_vel,16.983364248,0.01,0.0
/epuck1/cmd_vel,17.043639505,0.01,0.0
/epuck1/cmd_vel,17.10205274,0.01,0.0
/epuck1/cmd_vel,17.164494288,0.01,0.0
/epuck1/cmd_vel,17.199402298,0.01,0.0
/epuck1/cmd_vel,17.253523061,0.01,0.0
/epuck1/cmd_vel,17.294006933,0.01,0.0
/epuck1/cmd_vel,17.370075569,0.01,0.0
/epuck1/cmd_vel,17.408579993,0.01,0.0
/epuck1/cmd_vel,17.462483907,0.01,0.0
/epuck1/cmd_vel,17.50058604,0.01,0.0
/epuck1/cmd_vel,17.561105252,0.01,0.0
/epuck1/cmd_vel,17.622105174,0.01,0.0
/epuck1/cmd_vel,17.678694496,0.01,0.0
/epuck1/cmd_vel,17.715709182,0.01,0.0
/epuck1/cmd_vel,17.773114589,0.01,0.0
/epuck1/cmd_vel,17.815339957,0.01,0.0
/epuck1/cmd_vel,17.887742744,0.01,0.0
/epuck1/cmd_vel,17.928507226,0.01,0.0
/epuck1/cmd_vel,17.9778083,0.01,0.0
/epuck1/cmd_vel,18.017938857,0.01,0.0
/epuck1/cmd_vel,18.096124558,0.01,0.0
/epuck1/cmd_vel,18.156717571,0.01,0.0
/epuck1/cmd_vel,18.193221709,0.01,0.0
/epuck1/cmd_vel,18.228034549,0.01,0.0
/epuck1/cmd_vel,18.287514082,0.01,0.0
/epuck1/cmd_vel,18.348618397,0.01,0.0
/epuck1/cmd_vel,18.409133117,0.01,0.0
/epuck1/cmd_vel,18.446915858,0.01,0.0
/epuck1/cmd_vel,18.498523433,0.01,0.0
/epuck1/cmd_vel,18.537728832,0.01,0.0
/epuck1/cmd_vel,18.616164097,0.01,0.0
/epuck1/cmd_vel,18.677244845,0.01,0.0
/epuck1/cmd_vel,18.712176277,0.01,0.0
/epuck1/cmd_vel,18.751414231,0.01,0.0
/epuck1/cmd_vel,18.810830351,0.01,0.0
/epuck1/cmd_vel,18.863674322,0.01,0.0
/epuck1/cmd_vel,18.923925704,0.01,0.0
/epuck1/cmd_vel,18.956185579,0.01,0.0
/epuck1/cmd_vel,19.013683287,0.01,0.0
/epuck1/cmd_vel,19.055852494,0.01,0.0
/epuck1/cmd_vel,19.139624894,0.01,0.0
/epuck1/cmd_vel,19.202306699,0.01,0.0
/epuck1/cmd_vel,19.238652197,0.01,0.0
/epuck1/cmd_vel,19.275614838,0.01,0.0
/epuck1/cmd_vel,19.332617834,0.01,0.0
/epuck1/cmd_vel,19.390991624,0.01,0.0
/epuck1/cmd_vel,19.452081541,0.01,0.0
/epuck1/cmd_vel,19.487132438,0.01,0.0
/epuck1/cmd_vel,19.543928421,0.01,0.0
/epuck1/cmd_vel,19.580731384,0.01,0.0
/epuck1/cmd_vel,19.654590658,0.01,0.0
/epuck1/cmd_vel,19.72587481,0.01,0.0
/epuck1/cmd_vel,19.765050177,0.01,0.0
/epuck1/cmd_vel,19.801214327,0.01,0.0
/epuck1/cmd_vel,19.857878799,0.01,0.0
/epuck1/cmd_vel,19.898435465,0.01,0.0
/epuck1/cmd_vel,19.981563452,0.01,0.0
/epuck1/cmd_vel,20.023044013,0.01,0.0
/epuck1/cmd_vel,20.080793315,0.01,0.0
/epuck1/cmd_vel,20.119708297,0.01,0.0
/epuck1/cmd_vel,20.175492872,0.01,0.0
/epuck1/cmd_vel,20.235698209,0.01,0.0
/epuck1/cmd_vel,20.294515704,0.01,0.0
/epuck1/cmd_vel,20.328944317,0.01,0.0
/epuck1/cmd_vel,20.382183784,0.01,0.0
/epuck1/cmd_vel,20.425579842,0.01,0.0
/epuck1/cmd_vel,20.49663936,0.01,0.0
/epuck1/cmd_vel,20.549933051,0.01,0.0
/epuck1/cmd_vel,20.608936283,0.01,0.0
/epuck1/cmd_vel,20.644813452,0.01,0.0
/epuck1/cmd_vel,20.701164128,0.01,0.0
/epuck1/cmd_vel,20.743235955,0.01,0.0
/epuck1/cmd_vel,20.825659537,0.01,0.0
/epuck1/cmd_vel,20.866494091,0.01,0.0
/epuck1/cmd_vel,20.92225683,0.01,0.0
/epuck1/cmd_vel,20.959587366,0.01,0.0
/epuck1/cmd_vel,21.016027771,0.01,0.0
/epuck1/cmd_vel,21.070195106,0.01,0.0
/epuck1/cmd_vel,21.132553623,0.01,0.0
/epuck1/cmd_vel,21.170921782,0.01,0.0
/epuck1/cmd_vel,21.22667464,0.01,0.0
/epuck1/cmd_vel,21.264667617,0.01,0.0
/epuck1/cmd_vel,21.340906549,0.01,0.0
/epuck1/cmd_vel,21.381170077,0.01,0.0
/epuck1/cmd_vel,21.436298002,0.01,0.0
/epuck1/cmd_vel,21.473658383,0.01,0.0
/epuck1/cmd_vel,21.536017908,0.01,0.0
/epuck1/cmd_vel,21.592275008,0.01,0.0
/epuck1/cmd_vel,21.654203997,0.01,0.0
/epuck1/cmd_vel,21.687328182,0.01,0.0
/epuck1/cmd_vel,21.745416826,0.01,0.0
/epuck1/cmd_vel,21.785235298,0.01,0.0
/epuck1/cmd_vel,21.865345566,0.01,0.0
/epuck1/cmd_vel,21.900592073,0.01,0.0
/epuck1/cmd_vel,21.954526137,0.01,0.0
/epuck1/cmd_vel,21.991331561,0.01,0.0
/epuck1/cmd_vel,22.071629433,0.01,0.0
/epuck1/cmd_vel,22.113789149,0.01,0.0
/epuck1/cmd_vel,22.168207504,0.01,0.0
/epuck1/cmd_vel,22.206769629,0.01,0.0
/epuck1/cmd_vel,22.262770163,0.01,0.0
/epuck1/cmd_vel,22.304758177,0.01,0.0
/epuck1/cmd_vel,22.387701977,0.01,0.0
/epuck1/cmd_vel,22.426473266,0.01,0.0
/epuck1/cmd_vel,22.480175204,0.01,0.0
/epuck1/cmd_vel,22.519336626,0.01,0.0
/epuck1/cmd_vel,22.578715415,0.01,0.0
/epuck1/cmd_vel,22.631702549,0.01,0.0
/epuck1/cmd_vel,22.706917327,0.01,0.0
/epuck1/cmd_vel,22.744322349,0.01,0.0
/epuck1/cmd_vel,22.799772731,0.01,0.0
/epuck1/cmd_vel,22.837465412,0.01,0.0
/epuck1/cmd_vel,22.898840155,0.01,0.0
/epuck1/cmd_vel,22.962254613,0.01,0.0
/epuck1/cmd_vel,23.023164293,0.01,0.0
/epuck1/cmd_vel,23.060197858,0.01,0.0
/epuck1/cmd_vel,23.114733781,0.01,0.0
/epuck1/cmd_vel,23.155265625,0.01,0.0
/epuck1/cmd_vel,23.227239221,0.01,0.0
/epuck1/cmd_vel,23.281924128,0.01,0.0
/epuck1/cmd_vel,23.339948169,0.01,0.0
/epuck1/cmd_vel,23.374363986,0.01,0.0
/epuck1/cmd_vel,23.431183774,0.01,0.0
/epuck1/cmd_vel,23.472790804,0.01,0.0
/epuck1/cmd_vel,23.574208184,0.01,0.0
/epuck1/cmd_vel,23.615653956,0.01,0.0
/epuck1/cmd_vel,23.672771915,0.01,0.0
/epuck1/cmd_vel,23.707016817,0.01,0.0
/epuck1/cmd_vel,23.766174592,0.01,0.0
/epuck1/cmd_vel,23.821703714,0.01,0.0
/epuck1/cmd_vel,23.881583363,0.01,0.0
/epuck1/cmd_vel,23.918747778,0.01,0.0
/epuck1/cmd_vel,23.973300873,0.01,0.0
/epuck1/cmd_vel,24.015179496,0.01,0.0
/epuck1/cmd_vel,24.092634482,0.01,0.0
/epuck1/cmd_vel,24.131148857,0.01,0.0
/epuck1/cmd_vel,24.184146262,0.01,0.0
/epuck1/cmd_vel,24.222411289,0.01,0.0
/epuck1/cmd_vel,24.283285741,0.01,0.0
/epuck1/cmd_vel,24.342682895,0.01,0.0
/epuck1/cmd_vel,24.399332891,0.01,0.0
/epuck1/cmd_vel,24.435282925,0.01,0.0
/epuck1/cmd_vel,24.491751111,0.01,0.0
/epuck1/cmd_vel,24.533132544,0.01,0.0
/epuck1/cmd_vel,24.612387031,0.01,0.0
/epuck1/cmd_vel,24.651933297,0.01,0.0
/epuck1/cmd_vel,24.708134971,0.01,0.0
/epuck1/cmd_vel,24.742796035,0.01,0.0
/epuck1/cmd_vel,24.823174692,0.01,0.0
/epuck1/cmd_vel,24.862366331,0.01,0.0
/epuck1/cmd_vel,24.921259187,0.01,0.0
/epuck1/cmd_vel,24.957896065,0.01,0.0
/epuck1/cmd_vel,25.016378667,0.01,0.0
/epuck1/cmd_vel,25.073954869,0.01,0.0
/epuck1/cmd_vel,25.133217949,0.01,0.0
/epuck1/cmd_vel,25.171007841,0.01,0.0
/epuck1/cmd_vel,25.223547148,0.01,0.0
/epuck1/cmd_vel,25.266048167,0.01,0.0
/epuck1/cmd_vel,25.342831959,0.01,0.0
/epuck1/cmd_vel,25.38561731,0.01,0.0
/epuck1/cmd_vel,25.436150106,0.01,0.0
/epuck1/cmd_vel,25.474829803,0.01,0.0
/epuck1/cmd_vel,25.532344854,0.01,0.0
/epuck1/cmd_vel,25.586712349,0.01,0.0
/epuck1/cmd_vel,25.675530781,0.01,0.0
/epuck1/cmd_vel,25.712123103,0.01,0.0
/epuck1/cmd_vel,25.766167444,0.01,0.0
/epuck1/cmd_vel,25.804853176,0.01,0.0
/epuck1/cmd_vel,25.869008625,0.01,0.0
/epuck1/cmd_vel,25.947614283,0.01,0.0
/epuck1/cmd_vel,26.006559985,0.01,0.0
/epuck1/cmd_vel,26.042808572,0.01,0.0
/epuck1/cmd_vel,26.098713499,0.01,0.0
/epuck1/cmd_vel,26.140947452,0.01,0.0
/epuck1/cmd_vel,26.211865996,0.01,0.0
/epuck1/cmd_vel,26.251050362,0.01,0.0
/epuck1/cmd_vel,26.306846565,0.01,0.0
/epuck1/cmd_vel,26.345415931,0.01,0.0
/epuck1/cmd_vel,26.403702207,0.01,0.0
/epuck1/cmd_vel,26.466379116,0.01,0.0
/epuck1/cmd_vel,26.523314012,0.01,0.0
/epuck1/cmd_vel,26.559518414,0.01,0.0
/epuck1/cmd_vel,26.61482599,0.01,0.0
/epuck1/cmd_vel,26.654677875,0.01,0.0
/epuck1/cmd_vel,26.736040193,0.01,0.0
/epuck1/cmd_vel,26.771838541,0.01,0.0
/epuck1/cmd_vel,26.829354344,0.01,0.0
/epuck1/cmd_vel,26.865067489,0.01,0.0
/epuck1/cmd_vel,26.945711545,0.01,0.0
/epuck1/cmd_vel,26.986341497,0.01,0.0
/epuck1/cmd_vel,27.041677815,0.01,0.0
/epuck1/cmd_vel,27.078301596,0.01,0.0
/epuck1/cmd_vel,27.135890361,0.01,0.0
/epuck1/cmd_vel,27.189846345,0.01,0.0
/epuck1/cmd_vel,27.252751798,0.01,0.0
/epuck1/cmd_vel,27.290660891,0.01,0.0
/epuck1/cmd_vel,27.342737719,0.01,0.0
/epuck1/cmd_vel,27.381133129,0.01,0.0
/epuck1/cmd_vel,27.455836944,0.01,0.0
/epuck1/cmd_vel,27.507446459,0.01,0.0
/epuck1/cmd_vel,27.565050627,0.01,0.0
/epuck1/cmd_vel,27.600521929,0.01,0.0
/epuck1/cmd_vel,27.654331477,0.01,0.0
/epuck1/cmd_vel,27.697148159,0.01,0.0
/epuck1/cmd_vel,27.779478423,0.01,0.0
/epuck1/cmd_vel,27.822010937,0.01,0.0
/epuck1/cmd_vel,27.876659742,0.01,0.0
/epuck1/cmd_vel,27.914062757,0.01,0.0
/epuck1/cmd_vel,27.971491069,0.01,0.0
/epuck1/cmd_vel,28.013058393,0.01,0.0
/epuck1/cmd_vel,28.097177338,0.01,0.0
/epuck1/cmd_vel,28.13545908,0.01,0.0
/epuck1/cmd_vel,28.18892372,0.01,0.0
/epuck1/cmd_vel,28.228608828,0.01,0.0
/epuck1/cmd_vel,28.288571355,0.01,0.0
/epuck1/cmd_vel,28.354495635,0.01,0.0
/epuck1/cmd_vel,28.427336473,0.01,0.0
/epuck1/cmd_vel,28.464507059,0.01,0.0
/epuck1/cmd_vel,28.521924675,0.01,0.0
/epuck1/cmd_vel,28.558476753,0.01,0.0
/epuck1/cmd_vel,28.632947286,0.01,0.0
/epuck1/cmd_vel,28.674910988,0.01,0.0
/epuck1/cmd_vel,28.729655131,0.01,0.0
/epuck1/cmd_vel,28.766739644,0.01,0.0
/epuck1/cmd_vel,28.826581309,0.01,0.0
/epuck1/cmd_vel,28.880158135,0.01,0.0
/epuck1/cmd_vel,28.939542216,0.01,0.0
/epuck1/cmd_vel,28.979244115,0.01,0.0
/epuck1/cmd_vel,29.029150716,0.01,0.0
/epuck1/cmd_vel,29.069502799,0.01,0.0
/epuck1/cmd_vel,29.147988125,0.01,0.0
/epuck1/cmd_vel,29.18710219,0.01,0.0
/epuck1/cmd_vel,29.241240734,0.01,0.0
/epuck1/cmd_vel,29.280730001,0.01,0.0
/epuck1/cmd_vel,29.340726097,0.01,0.0
/epuck1/cmd_vel,29.396860857,0.01,0.0
/epuck1/cmd_vel,29.456145817,0.01,0.0
/epuck1/cmd_vel,29.492037339,0.01,0.0
/epuck1/cmd_vel,29.547354848,0.01,0.0
/epuck1/cmd_vel,29.58823591,0.01,0.0
/epuck1/cmd_vel,29.669624333,0.01,0.0
/epuck1/cmd_vel,29.712736126,0.01,0.0
/epuck1/cmd_vel,29.767645758,0.01,0.0
/epuck1/cmd_vel,29.804503075,0.01,0.0
/epuck1/cmd_vel,29.864202787,0.01,0.0
/epuck1/cmd_vel,29.903437156,0.011999999999999959,0.11999999999999744
/epuck1/cmd_vel,29.986936236,0.012,0.18
/epuck1/cmd_vel,30.027449177,0.012,0.18
/epuck1/cmd_vel,30.082216178,0.012,0.18
/epuck1/cmd_vel,30.118926499,0.012,0.18
/epuck1/cmd_vel,30.17767575,0.012,0.18
/epuck1/cmd_vel,30.230813242,0.012,0.18
/epuck1/cmd_vel,30.317247082,0.012,0.18
/epuck1/cmd_vel,30.355203079,0.012,0.18
/epuck1/cmd_vel,30.411258882,0.012,0.18
/epuck1/cmd_vel,30.447784759,0.012,0.18
/epuck1/cmd_vel,30.521973166,0.012,0.18
/epuck1/cmd_vel,30.564419813,0.012,0.18
/epuck1/cmd_vel,30.619384597,0.012,0.18
/epuck1/cmd_vel,30.655738065,0.012,0.18
/epuck1/cmd_vel,30.711300212,0.012,0.18
/epuck1/cmd_vel,30.771920785,0.012,0.18
/epuck1/cmd_vel,30.831591779,0.012,0.18
/epuck1/cmd_vel,30.869636341,0.012,0.18
/epuck1/cmd_vel,30.925366883,0.012,0.18
/epuck1/cmd_vel,30.965033133,0.012,0.18
/epuck1/cmd_vel,31.044142959,0.012,0.18
/epuck1/cmd_vel,31.080417048,0.012,0.18
/epuck1/cmd_vel,31.136404152,0.012,0.18
/epuck1/cmd_vel,31.174143024,0.012,0.18
/epuck1/cmd_vel,31.234653912,0.012,0.18
/epuck1/cmd_vel,31.290943096,0.012,0.18
/epuck1/cmd_vel,31.349155347,0.012,0.18
/epuck1/cmd_vel,31.386282039,0.012,0.18
/epuck1/cmd_vel,31.441868909,0.012,0.18
/epuck1/cmd_vel,31.48394358,0.012,0.18
/epuck1/cmd_vel,31.568846167,0.012,0.18
/epuck1/cmd_vel,31.610707487,0.012,0.18
/epuck1/cmd_vel,31.669460836,0.012,0.18
/epuck1/cmd_vel,31.704074035,0.012,0.18
/epuck1/cmd_vel,31.76191232,0.012,0.18
/epuck1/cmd_vel,31.818015424,0.012,0.18
/epuck1/cmd_vel,31.879078222,0.012,0.18
/epuck1/cmd_vel,31.914990409,0.012,0.18
/epuck1/cmd_vel,31.967062126,0.012,0.18
/epuck1/cmd_vel,32.007176813,0.012,0.18
/epuck1/cmd_vel,32.085307242,0.012,0.18
/epuck1/cmd_vel,32.137048613,0.012,0.18
/epuck1/cmd_vel,32.19375581,0.012,0.18
/epuck1/cmd_vel,32.229940011,0.012,0.18
/epuck1/cmd_vel,32.289712739,0.012,0.18
/epuck1/cmd_vel,32.328350888,0.012,0.18
/epuck1/cmd_vel,32.410705065,0.012,0.18
/epuck1/cmd_vel,32.452479905,0.012,0.18
/epuck1/cmd_vel,32.506189125,0.012,0.18
/epuck1/cmd_vel,32.541511076,0.012,0.18
/epuck1/cmd_vel,32.602425284,0.012,0.18
/epuck1/cmd_vel,32.645104469,0.012,0.18
/epuck1/cmd_vel,32.718729612,0.012,0.18
/epuck1/cmd_vel,32.756537384,0.012,0.18
/epuck1/cmd_vel,32.813128318,0.012,0.18
/epuck1/cmd_vel,32.850092782,0.012,0.18
/epuck1/cmd_vel,32.922708063,0.012,0.18
/epuck1/cmd_vel,32.963951269,0.012,0.18
/epuck1/cmd_vel,33.020795945,0.012,0.18
/epuck1/cmd_vel,33.058650246,0.012,0.18
/epuck1/cmd_vel,33.112921731,0.012,0.18
/epuck1/cmd_vel,33.173200202,0.012,0.18
/epuck1/cmd_vel,33.23204694,0.012,0.18
/epuck1/cmd_vel,33.270172477,0.012,0.18
/epuck1/cmd_vel,33.321530798,0.012,0.18
/epuck1/cmd_vel,33.362101273,0.012,0.18
/epuck1/cmd_vel,33.441752476,0.012,0.18
/epuck1/cmd_vel,33.482907508,0.012,0.18
/epuck1/cmd_vel,33.535326427,0.012,0.18
/epuck1/cmd_vel,33.57264607,0.012,0.18
/epuck1/cmd_vel,33.633491262,0.012,0.18
/epuck1/cmd_vel,33.692797309,0.012,0.18
/epuck1/cmd_vel,33.752389922,0.012,0.18
/epuck1/cmd_vel,33.789165589,0.012,0.18
/epuck1/cmd_vel,33.844130403,0.012,0.18
/epuck1/cmd_vel,33.88554322,0.012,0.18
/epuck1/cmd_vel,33.960415881,0.012,0.18
/epuck1/cmd_vel,33.997840992,0.012,0.18
/epuck1/cmd_vel,34.053631208,0.012,0.18
/epuck1/cmd_vel,34.08991925,0.012,0.18
/epuck1/cmd_vel,34.172219173,0.012,0.18
/epuck1/cmd_vel,34.212179976,0.012,0.18
/epuck1/cmd_vel,34.266835371,0.012,0.18
/epuck1/cmd_vel,34.300385772,0.012,0.18
/epuck1/cmd_vel,34.360296506,0.012,0.18
/epuck1/cmd_vel,34.417204436,0.012,0.17470178604125977
/epuck1/cmd_vel,34.477161453,0.012,0.17470178604125977
/epuck1/cmd_vel,34.513367632,0.012,0.16058447360992434
/epuck1/cmd_vel,34.56507873,0.012,0.16058447360992434
/epuck1/cmd_vel,34.603922173,0.012,0.16058447360992434
/epuck1/cmd_vel,34.682470421,0.012,0.14823182821273803
/epuck1/cmd_vel,34.720703219,0.012,0.14823182821273803
/epuck1/cmd_vel,34.772678526,0.012,0.13234983682632448
/epuck1/cmd_vel,34.808685096,0.012,0.13234983682632448
/epuck1/cmd_vel,34.868283729,0.012,0.11999719142913819
/epuck1/cmd_vel,34.922692487,0.012,0.11999719142913819
/epuck1/cmd_vel,34.99229528,0.012,0.10764453411102295
/epuck1/cmd_vel,35.02988936,0.012,0.10764453411102295
/epuck1/cmd_vel,35.082963778,0.012,0.09882121682167054
/epuck1/cmd_vel,35.119555995,0.012,0.09882121682167054
/epuck1/cmd_vel,35.182100065,0.012,0.08999789357185364
/epuck1/cmd_vel,35.241119992,0.012,0.08999789357185364
/epuck1/cmd_vel,35.30167668,0.012,0.08117457032203675
/epuck1/cmd_vel,35.335475573,0.012,0.08117457032203675
/epuck1/cmd_vel,35.38991308,0.012,0.07588057518005371
/epuck1/cmd_vel,35.428132438,0.012,0.07588057518005371
/epuck1/cmd_vel,35.504721591,0.012,0.068821918964386
/epuck1/cmd_vel,35.55583255,0.012,0.068821918964386
/epuck1/cmd_vel,35.614249449,0.012,0.068821918964386
/epuck1/cmd_vel,35.647936106,0.012,0.061763256788253784
/epuck1/cmd_vel,35.704696722,0.015000000000000114,0.07058658450841904
/epuck1/cmd_vel,35.744330266,0.01700000000000007,0.07058658450841904
/epuck1/cmd_vel,35.818732176,0.01999999999999983,0.07058658450841904
/epuck1/cmd_vel,35.854086141,0.022000000000000144,0.061763260513544076
/epuck1/cmd_vel,35.907739166,0.024999999999999904,0.061763260513544076
/epuck1/cmd_vel,35.941432717,0.025,0.05735159665346145
/epuck1/cmd_vel,36.022598983,0.025,0.05735159665346145
/epuck1/cmd_vel,36.062465168,0.025,0.050734106451272964
/epuck1/cmd_vel,36.119267408,0.025,0.050734106451272964
/epuck1/cmd_vel,36.154234802,0.025,0.050734106451272964
/epuck1/cmd_vel,36.211450763,0.025,0.04191078245639801
/epuck1/cmd_vel,36.267454306,0.025,0.04191078245639801
/epuck1/cmd_vel,36.325295129,0.025,0.03749912232160568
/epuck1/cmd_vel,36.360720963,0.025,0.03749912232160568
/epuck1/cmd_vel,36.414140278,0.025,0.03529329225420952
/epuck1/cmd_vel,36.453908541,0.025,0.03529329225420952
/epuck1/cmd_vel,36.53620992,0.025,0.03088163025677204
/epuck1/cmd_vel,36.576455357,0.025,0.03088163025677204
/epuck1/cmd_vel,36.628961079,0.025,0.026469968259334564
/epuck1/cmd_vel,36.666265058,0.025,0.026469968259334564
/epuck1/cmd_vel,36.724460609,0.025,0.022058306261897087
/epuck1/cmd_vel,36.78791726,0.025,0.022058306261897087
/epuck1/cmd_vel,36.845083734,0.025,0.022058306261897087
/epuck1/cmd_vel,36.879722887,0.025,0.022058306261897087
/epuck1/cmd_vel,36.936033744,0.025,0.01985247619450092
/epuck1/cmd_vel,36.976072545,0.025,0.01985247619450092
/epuck1/cmd_vel,37.053852164,0.025,0.017646646127104763
/epuck1/cmd_vel,37.090798789,0.025,0.017646646127104763
/epuck1/cmd_vel,37.144877578,0.025,0.01544081512838602
/epuck1/cmd_vel,37.181353999,0.025,0.01544081512838602
/epuck1/cmd_vel,37.26185896,0.025,0.01544081512838602
/epuck1/cmd_vel,37.300826921,0.025,0.013234984129667282
/epuck1/cmd_vel,37.356992462,0.025,0.013234984129667282
/epuck1/cmd_vel,37.392936759,0.025,0.011029153130948544
/epuck1/cmd_vel,37.449518771,0.025,0.011029153130948544
/epuck1/cmd_vel,37.493567585,0.025,0.00882332306355238
/epuck1/cmd_vel,37.577100505,0.025,0.00882332306355238
/epuck1/cmd_vel,37.616197502,0.025,0.00882332306355238
/epuck1/cmd_vel,37.67143552,0.025,0.00882332306355238
/epuck1/cmd_vel,37.705809409,0.025,0.00882332306355238
/epuck1/cmd_vel,37.767304588,0.025,0.00882332306355238
/epuck1/cmd_vel,37.818763401,0.025,0.00882332306355238
/epuck1/cmd_vel,37.891000452,0.025,0.00882332306355238
/epuck1/cmd_vel,37.927543865,0.025,0.00882332306355238
/epuck1/cmd_vel,37.981609696,0.025,0.006617492064833641
/epuck1/cmd_vel,38.019487122,0.025,0.006617492064833641
/epuck1/cmd_vel,38.084680813,0.025,0.006617492064833641
/epuck1/cmd_vel,38.144901039,0.025,0.006617492064833641
/epuck1/cmd_vel,38.204856339,0.025,0.00441166153177619
/epuck1/cmd_vel,38.24106922,0.025,0.00441166153177619
/epuck1/cmd_vel,38.295476866,0.025,0.002205830765888095
/epuck1/cmd_vel,38.336681287,0.025,0.002205830765888095
/epuck1/cmd_vel,38.406934422,0.025,0.002205830765888095
/epuck1/cmd_vel,38.45923455,0.025,0.002205830765888095
/epuck1/cmd_vel,38.515299252,0.025,0.00441166153177619
/epuck1/cmd_vel,38.552310604,0.025,0.00441166153177619
/epuck1/cmd_vel,38.60710071,0.025,0.00441166153177619
/epuck1/cmd_vel,38.6480439,0.025,0.00441166153177619
/epuck1/cmd_vel,38.723984391,0.025,0.00441166153177619
/epuck1/cmd_vel,38.765781274,0.025,0.00441166153177619
/epuck1/cmd_vel,38.819095767,0.025,0.00441166153177619
/epuck1/cmd_vel,38.856684373,0.025,0.002205830765888095
/epuck1/cmd_vel,38.914037542,0.025,0.002205830765888095
/epuck1/cmd_vel,38.973132026,0.025,0.002205830765888095
/epuck1/cmd_vel,39.028578235,0.025,0.002205830765888095
/epuck1/cmd_vel,39.063764183,0.025,0.002205830765888095
/epuck1/cmd_vel,39.121121046,0.025,0.002205830765888095
/epuck1/cmd_vel,39.160372724,0.025,0.002205830765888095
/epuck1/cmd_vel,39.23887129,0.025,0.002205830765888095
/epuck1/cmd_vel,39.279638831,0.025,0.002205830765888095
/epuck1/cmd_vel,39.332725279,0.025,0.002205830765888095
/epuck1/cmd_vel,39.371500692,0.025,0.002205830765888095
/epuck1/cmd_vel,39.44414728,0.025,0.002205830765888095
/epuck1/cmd_vel,39.484881773,0.025,0.002205830765888095
/epuck1/cmd_vel,39.543190967,0.025,-9.020562075079397e-16
/epuck1/cmd_vel,39.577693369,0.025,-9.020562075079397e-16
/epuck1/cmd_vel,39.635159563,0.025,-9.020562075079397e-16
/epuck1/cmd_vel,39.695356547,0.025,-9.020562075079397e-16
/epuck1/cmd_vel,39.751418407,0.025,-9.020562075079397e-16
/epuck1/cmd_vel,39.788246922,0.025,-9.020562075079397e-16
/epuck1/cmd_vel,39.84147254,0.025,-9.020562075079397e-16
/epuck1/cmd_vel,39.883531498,0.025,-9.020562075079397e-16
/epuck1/cmd_vel,39.951888673,0.025,-9.020562075079397e-16
/epuck1/cmd_vel,40.00670274,0.025,-9.020562075079397e-16
/epuck1/cmd_vel,40.06186004,0.025,-9.020562075079397e-16
/epuck1/cmd_vel,40.097614822,0.025,-9.020562075079397e-16
/epuck1/cmd_vel,40.153890373,0.025,-9.020562075079397e-16
/epuck1/cmd_vel,40.195449157,0.025,-9.020562075079397e-16
/epuck1/cmd_vel,40.278762603,0.025,-9.020562075079397e-16
/epuck1/cmd_vel,40.320258491,0.025,-9.020562075079397e-16
/epuck1/cmd_vel,40.376708254,0.025,-9.020562075079397e-16
/epuck1/cmd_vel,40.409297669,0.025,0.002205830765888095
/epuck1/cmd_vel,40.46931723,0.025,0.002205830765888095
/epuck1/cmd_vel,40.525232976,0.025,-9.020562075079397e-16
/epuck1/cmd_vel,40.583734147,0.025,-9.020562075079397e-16
/epuck1/cmd_vel,40.621622701,0.025,-9.020562075079397e-16
/epuck1/cmd_vel,40.673562121,0.025,-9.020562075079397e-16
/epuck1/cmd_vel,40.713519554,0.025,-9.020562075079397e-16
/epuck1/cmd_vel,40.792121589,0.025,-9.020562075079397e-16
/epuck1/cmd_vel,40.833557886,0.025,-9.020562075079397e-16
/epuck1/cmd_vel,40.888182034,0.025,-9.020562075079397e-16
/epuck1/cmd_vel,40.924300087,0.025,-9.020562075079397e-16
/epuck1/cmd_vel,40.986483997,0.025,-9.020562075079397e-16
/epuck1/cmd_vel,41.040840014,0.025,-9.020562075079397e-16
/epuck1/cmd_vel,41.101193529,0.025,-9.020562075079397e-16
/epuck1/cmd_vel,41.136112283,0.025,-9.020562075079397e-16
/epuck1/cmd_vel,41.192411897,0.025,-9.020562075079397e-16
/epuck1/cmd_vel,41.233788242,0.025,-9.020562075079397e-16
/epuck1/cmd_vel,41.309925518,0.025,-9.020562075079397e-16
/epuck1/cmd_vel,41.345558721,0.025,-9.020562075079397e-16
/epuck1/cmd_vel,41.399567846,0.025,-9.020562075079397e-16
/epuck1/cmd_vel,41.436500772,0.025,-9.020562075079397e-16
/epuck1/cmd_vel,41.502896606,0.025,0.002205830765888095
/epuck1/cmd_vel,41.566689998,0.025,0.002205830765888095
/epuck1/cmd_vel,41.62677099,0.025,-9.020562075079397e-16
/epuck1/cmd_vel,41.664084051,0.025,-9.020562075079397e-16
/epuck1/cmd_vel,41.718274159,0.025,-9.020562075079397e-16
/epuck1/cmd_vel,41.75624946,0.025,-9.020562075079397e-16
/epuck1/cmd_vel,41.832230966,0.025,-9.020562075079397e-16
/epuck1/cmd_vel,41.872415565,0.025,-9.020562075079397e-16
/epuck1/cmd_vel,41.926797389,0.025,-9.020562075079397e-16
/epuck1/cmd_vel,41.962043058,0.025,-9.020562075079397e-16
/epuck1/cmd_vel,42.022165939,0.025,-9.020562075079397e-16
/epuck1/cmd_vel,42.076071638,0.025,-9.020562075079397e-16
/epuck1/cmd_vel,42.150446843,0.025,-9.020562075079397e-16
/epuck1/cmd_vel,42.184486927,0.025,-9.020562075079397e-16
/epuck1/cmd_vel,42.239451581,0.025,-9.020562075079397e-16
/epuck1/cmd_vel,42.278736686,0.025,-9.020562075079397e-16
/epuck1/cmd_vel,42.337509895,0.025,-9.020562075079397e-16
/epuck1/cmd_vel,42.404759894,0.025,-9.020562075079397e-16
/epuck1/cmd_vel,42.46112967,0.025,-9.020562075079397e-16
/epuck1/cmd_vel,42.496362614,0.025,-9.020562075079397e-16
/epuck1/cmd_vel,42.55094908,0.019000000000000485,-0.1799999999999864
/epuck1/cmd_vel,42.59275094,0.01499999999999986,-0.30000000000000515
/epuck1/cmd_vel,42.666628545,0.009000000000000345,-0.47999999999999066
/epuck1/cmd_vel,42.71788424,0.006,-0.5999999999999881
/epuck1/cmd_vel,42.777226467,0.006,-0.65
/epuck1/cmd_vel,42.812887597,0.006,-0.65
/epuck1/cmd_vel,42.867051539,0.006,-0.65
/epuck1/cmd_vel,42.909559677,0.006,-0.65
/epuck1/cmd_vel,42.983676683,0.006,-0.65
/epuck1/cmd_vel,43.023075064,0.006,-0.65
/epuck1/cmd_vel,43.075779564,0.006,-0.65
/epuck1/cmd_vel,43.112675887,0.006,-0.65
/epuck1/cmd_vel,43.191864975,0.006,-0.65
/epuck1/cmd_vel,43.233547344,0.006,-0.65
/epuck1/cmd_vel,43.289642646,0.009000000000000114,-0.4099999999999909
/epuck1/cmd_vel,43.327718939,0.011000000000000072,-0.24999999999999434
/epuck1/cmd_vel,43.38320714,0.012,-0.12707482337951662
/epuck1/cmd_vel,43.439073095,0.012,-0.031782910823822036
/epuck1/cmd_vel,43.501155371,0.012,-0.03178291082382204
/epuck1/cmd_vel,43.537560265,0.012,-0.011930433511734027
/epuck1/cmd_vel,43.590461077,0.012,-0.011930433511734029
/epuck1/cmd_vel,43.630808284,0.012,-0.003989485502243062
/epuck1/cmd_vel,43.710808569,0.012,-0.003989485502243062
/epuck1/cmd_vel,43.749755342,0.012,-0.007959959506988546
/epuck1/cmd_vel,43.802372215,0.012,-0.007959959506988546
/epuck1/cmd_vel,43.841780842,0.012,-0.003989485502243062
/epuck1/cmd_vel,43.902369802,0.012,-0.003989485502243062
/epuck1/cmd_vel,43.955548184,0.012,-0.003989485502243062
/epuck1/cmd_vel,44.014175248,0.012,-0.003989485502243062
/epuck1/cmd_vel,44.050271289,0.012,-0.003989485502243062
/epuck1/cmd_vel,44.104613496,0.012,-0.003989485502243062
/epuck1/cmd_vel,44.145607542,0.012,-0.003989485502243062
/epuck1/cmd_vel,44.226552164,0.012,-0.003989485502243062
/epuck1/cmd_vel,44.264641038,0.012,-0.003989485502243062
/epuck1/cmd_vel,44.3169963,0.012,-0.003989485502243062
/epuck1/cmd_vel,44.354402069,0.012,-0.003989485502243062
/epuck1/cmd_vel,44.413667829,0.012,-1.8957853317280553e-05
/epuck1/cmd_vel,44.476595517,0.012,-1.8957853317280726e-05
/epuck1/cmd_vel,44.536019155,0.012,-1.8957853317280726e-05
/epuck1/cmd_vel,44.570070269,0.012,-1.8957853317280726e-05
/epuck1/cmd_vel,44.623682067,0.012,-1.8957853317280726e-05
/epuck1/cmd_vel,44.663522168,0.012,-1.8957853317280726e-05
/epuck1/cmd_vel,44.742503296,0.012,-1.8957853317280726e-05
/epuck1/cmd_vel,44.783671686,0.012,-1.8957853317280726e-05
/epuck1/cmd_vel,44.836622986,0.012,-1.8957853317280726e-05
/epuck1/cmd_vel,44.872673854,0.012,-1.8957853317280726e-05
/epuck1/cmd_vel,44.932862284,0.012,-1.8957853317280726e-05
/epuck1/cmd_vel,44.990462743,0.012,-1.8957853317280726e-05
/epuck1/cmd_vel,45.049118588,0.012,-1.8957853317280726e-05
/epuck1/cmd_vel,45.083553347,0.012,-1.8957853317280726e-05
/epuck1/cmd_vel,45.144046237,0.012,-1.8957853317280726e-05
/epuck1/cmd_vel,45.18267859,0.012,-1.8957853317280726e-05
/epuck1/cmd_vel,45.259638135,0.012,-1.8957853317280726e-05
/epuck1/cmd_vel,45.296526546,0.012,-1.8957853317280726e-05
/epuck1/cmd_vel,45.351291953,0.012,-1.8957853317280726e-05
/epuck1/cmd_vel,45.38627536,0.012,-1.8957853317280726e-05
/epuck1/cmd_vel,45.463186906,0.012,-1.8957853317280726e-05
/epuck1/cmd_vel,45.506535365,0.012,-1.8957853317280726e-05
/epuck1/cmd_vel,45.562701732,0.012,-1.8957853317280726e-05
/epuck1/cmd_vel,45.598784833,0.012,-1.8957853317280726e-05
/epuck1/cmd_vel,45.654298171,0.012,-1.8957853317280726e-05
/epuck1/cmd_vel,45.696203357,0.012,-1.8957853317280726e-05
/epuck1/cmd_vel,45.779482943,0.012,-1.8957853317280726e-05
/epuck1/cmd_vel,45.817983273,0.012,-1.8957853317280726e-05
/epuck1/cmd_vel,45.87313294,0.012,-1.8957853317280726e-05
/epuck1/cmd_vel,45.908041056,0.012,-1.8957853317280726e-05
/epuck1/cmd_vel,45.968228471,0.012,-0.003989485502243062
/epuck1/cmd_vel,46.021155282,0.012,-0.003989485502243062
/epuck1/cmd_vel,46.090183606,0.012,-1.8957853317280553e-05
/epuck1/cmd_vel,46.127218852,0.012,-1.8957853317280726e-05
/epuck1/cmd_vel,46.183300686,0.012,-1.8957853317280726e-05
/epuck1/cmd_vel,46.219494141,0.012,-1.8957853317280726e-05
/epuck1/cmd_vel,46.286014851,0.012,-1.8957853317280726e-05
/epuck1/cmd_vel,46.336691495,0.012,-1.8957853317280726e-05
/epuck1/cmd_vel,46.391298198,0.012,-1.8957853317280726e-05
/epuck1/cmd_vel,46.428347614,0.012,-1.8957853317280726e-05
/epuck1/cmd_vel,46.484959808,0.012,-1.8957853317280726e-05
/epuck1/cmd_vel,46.52660605,0.012,-1.8957853317280726e-05
/epuck1/cmd_vel,46.604630051,0.012,-1.8957853317280726e-05
/epuck1/cmd_vel,46.64015085,0.012,-1.8957853317280726e-05
/epuck1/cmd_vel,46.694404411,0.012,-1.8957853317280726e-05
/epuck1/cmd_vel,46.731856862,0.012,-1.8957853317280726e-05
/epuck1/cmd_vel,46.809875774,0.012,-1.8957853317280726e-05
/epuck1/cmd_vel,46.851447061,0.012,-1.8957853317280726e-05
/epuck1/cmd_vel,46.908562269,0.012,-1.8957853317280726e-05
/epuck1/cmd_vel,46.944022144,0.012,-1.8957853317280726e-05
/epuck1/cmd_vel,47.001538473,0.012,-1.8957853317280726e-05
/epuck1/cmd_vel,47.056620938,0.012,-1.8957853317280726e-05
/epuck1/cmd_vel,47.114713404,0.012,-1.8957853317280726e-05
/epuck1/cmd_vel,47.152793236,0.012,-1.8957853317280726e-05
/epuck1/cmd_vel,47.207775221,0.012,-1.8957853317280726e-05
/epuck1/cmd_vel,47.246054017,0.012,-1.8957853317280726e-05
/epuck1/cmd_vel,47.325939515,0.012,-1.8957853317280726e-05
/epuck1/cmd_vel,47.363066935,0.012,-1.8957853317280726e-05
/epuck1/cmd_vel,47.417983562,0.012,-1.8957853317280726e-05
/epuck1/cmd_vel,47.456349867,0.012,-1.8957853317280726e-05
/epuck1/cmd_vel,47.51647418,0.012,-1.8957853317280726e-05
/epuck1/cmd_vel,47.572541485,0.012,-1.8957853317280726e-05
/epuck1/cmd_vel,47.63172057,0.012,-1.8957853317280726e-05
/epuck1/cmd_vel,47.666768847,0.012,-1.8957853317280726e-05
/epuck1/cmd_vel,47.722921765,0.012,-1.8957853317280726e-05
/epuck1/cmd_vel,47.76449464,0.012,-1.8957853317280726e-05
/epuck1/cmd_vel,47.83803466,0.012,-1.8957853317280726e-05
/epuck1/cmd_vel,47.876933105,0.012,-1.8957853317280726e-05
/epuck1/cmd_vel,47.929366363,0.012,-1.8957853317280726e-05
/epuck1/cmd_vel,47.965943785,0.012,-1.8957853317280726e-05
/epuck1/cmd_vel,48.044553462,0.012,-1.8957853317280726e-05
/epuck1/cmd_vel,48.085220762,0.012,-1.8957853317280726e-05
/epuck1/cmd_vel,48.142846539,0.012,-1.8957853317280726e-05
/epuck1/cmd_vel,48.176695845,0.012,-1.8957853317280726e-05
/epuck1/cmd_vel,48.23512064,0.012,-1.8957853317280726e-05
/epuck1/cmd_vel,48.292165214,0.012,-1.8957853317280726e-05
/epuck1/cmd_vel,48.353415408,0.012,-1.8957853317280726e-05
/epuck1/cmd_vel,48.38754878,0.012,-1.8957853317280726e-05
/epuck1/cmd_vel,48.443199462,0.012,-1.8957853317280726e-05
/epuck1/cmd_vel,48.48418615,0.012,-1.8957853317280726e-05
/epuck1/cmd_vel,48.561478864,0.012,-1.8957853317280726e-05
/epuck1/cmd_vel,48.603040669,0.012,-1.8957853317280726e-05
/epuck1/cmd_vel,48.656129864,0.012,-1.8957853317280726e-05
/epuck1/cmd_vel,48.692074497,0.012,-1.8957853317280726e-05
/epuck1/cmd_vel,48.750711618,0.012,-1.8957853317280726e-05
/epuck1/cmd_vel,48.806981919,0.012,-1.8957853317280726e-05
/epuck1/cmd_vel,48.864720099,0.012,-1.8957853317280726e-05
/epuck1/cmd_vel,48.899484795,0.012,-1.8957853317280726e-05
/epuck1/cmd_vel,48.953724403,0.012,-1.8957853317280726e-05
/epuck1/cmd_vel,48.995111008,0.012,-1.8957853317280726e-05
/epuck1/cmd_vel,49.075327806,0.012,-1.8957853317280726e-05
/epuck1/cmd_vel,49.119825269,0.012,-1.8957853317280726e-05
/epuck1/cmd_vel,49.17526486,0.012,-1.8957853317280726e-05
/epuck1/cmd_vel,49.211085267,0.012,-1.8957853317280726e-05
/epuck1/cmd_vel,49.26706703,0.012,-1.8957853317280726e-05
/epuck1/cmd_vel,49.310099509,0.012,-1.8957853317280726e-05
/epuck1/cmd_vel,49.393066382,0.012,-1.8957853317280726e-05
/epuck1/cmd_vel,49.431506158,0.012,-1.8957853317280726e-05
/epuck1/cmd_vel,49.488513999,0.012,-1.8957853317280726e-05
/epuck1/cmd_vel,49.523554072,0.012,-1.8957853317280726e-05
/epuck1/cmd_vel,49.58545304,0.012,-1.8957853317280726e-05
/epuck1/cmd_vel,49.641000387,0.012,-1.8957853317280726e-05
/epuck1/cmd_vel,49.700050703,0.012,-1.8957853317280726e-05
/epuck1/cmd_vel,49.734430771,0.012,-1.8957853317280726e-05
/epuck1/cmd_vel,49.788755486,0.012,-1.8957853317280726e-05
/epuck1/cmd_vel,49.828493922,0.012,0.15998104214670772
/epuck1/cmd_vel,49.905929402,0.012,0.3
/epuck1/cmd_vel,49.94210145,0.012,0.3
/epuck1/cmd_vel,49.999859893,0.012,0.3
/epuck1/cmd_vel,50.035525502,0.012,0.3
/epuck1/cmd_vel,50.112177417,0.012,0.3
/epuck1/cmd_vel,50.153760655,0.012,0.3
/epuck1/cmd_vel,50.209524972,0.012,0.3
/epuck1/cmd_vel,50.242994317,0.012,0.3
/epuck1/cmd_vel,50.301034139,0.012,0.3
/epuck1/cmd_vel,50.345232916,0.012,0.3
/epuck1/cmd_vel,50.424777198,0.012,0.3
/epuck1/cmd_vel,50.4658978,0.012,0.3
/epuck1/cmd_vel,50.520991284,0.012,0.3
/epuck1/cmd_vel,50.557183551,0.012,0.3
/epuck1/cmd_vel,50.617637337,0.012,0.29911065101623535
/epuck1/cmd_vel,50.671979696,0.012,0.29911065101623535
/epuck1/cmd_vel,50.729313777,0.012,0.2646996796131134
/epuck1/cmd_vel,50.764062794,0.012,0.2646996796131134
/epuck1/cmd_vel,50.819727409,0.012,0.21970074176788326
/epuck1/cmd_vel,50.862451471,0.012,0.21970074176788326
/epuck1/cmd_vel,50.939060966,0.012,0.19323077201843264
/epuck1/cmd_vel,50.976544578,0.012,0.19323077201843264
/epuck1/cmd_vel,51.028081375,0.012,0.16676080226898196
/epuck1/cmd_vel,51.066473822,0.012,0.16676080226898196
/epuck1/cmd_vel,51.140031675,0.012,0.16676080226898196
/epuck1/cmd_vel,51.182582356,0.012,0.142937833070755
/epuck1/cmd_vel,51.241756195,0.012,0.142937833070755
/epuck1/cmd_vel,51.29607959,0.012,0.12440884709358214
/epuck1/cmd_vel,51.33713415,0.012,0.12440884709358214
/epuck1/cmd_vel,51.393310553,0.012,0.10587987005710602
/epuck1/cmd_vel,51.453923811,0.012,0.10587987005710602
/epuck1/cmd_vel,51.492368766,0.012,0.10587987005710602
/epuck1/cmd_vel,51.54455225,0.012,0.08735089302062989
/epuck1/cmd_vel,51.581512663,0.014000000000000313,0.0727924108505249
/epuck1/cmd_vel,51.663178845,0.016999999999999717,0.061763260513544076
/epuck1/cmd_vel,51.702420928,0.01900000000000003,0.061763260513544076
/epuck1/cmd_vel,51.757734617,0.022000000000000144,0.05293993651866913
/epuck1/cmd_vel,51.811312997,0.025,0.05293993651866913
/epuck1/cmd_vel,51.852282215,0.025,0.05293993651866913
/epuck1/cmd_vel,51.908380991,0.025,0.04632244631648064
/epuck1/cmd_vel,51.965293047,0.025,0.04632244631648064
/epuck1/cmd_vel,52.000425021,0.025,0.04191078245639801
/epuck1/cmd_vel,52.059433218,0.025,0.04191078245639801
/epuck1/cmd_vel,52.099965367,0.025,0.04191078245639801
/epuck1/cmd_vel,52.177442325,0.025,0.03529329225420952
/epuck1/cmd_vel,52.219710842,0.025,0.03529329225420952
/epuck1/cmd_vel,52.274678892,0.025,0.03088163025677204
/epuck1/cmd_vel,52.331808169,0.025,0.03088163025677204
/epuck1/cmd_vel,52.371156384,0.025,0.03088163025677204
/epuck1/cmd_vel,52.427598859,0.025,0.026469968259334564
/epuck1/cmd_vel,52.4888166,0.025,0.026469968259334564
/epuck1/cmd_vel,52.525763207,0.025,0.022058306261897087
/epuck1/cmd_vel,52.57890744,0.025,0.022058306261897087
/epuck1/cmd_vel,52.620784041,0.025,0.022058306261897087
/epuck1/cmd_vel,52.70623528,0.025,0.01985247619450092
/epuck1/cmd_vel,52.758877689,0.025,0.01985247619450092
/epuck1/cmd_vel,52.817601682,0.025,0.01544081512838602
/epuck1/cmd_vel,52.873500862,0.025,0.01544081512838602
/epuck1/cmd_vel,52.90968958,0.025,0.01544081512838602
/epuck1/cmd_vel,52.951944391,0.025,0.01544081512838602
/epuck1/cmd_vel,53.064714824,0.025,0.01544081512838602
/epuck1/cmd_vel,53.106358612,0.025,0.013234984129667282
/epuck1/cmd_vel,53.164278769,0.025,0.013234984129667282
/epuck1/cmd_vel,53.200205749,0.025,0.013234984129667282
/epuck1/cmd_vel,53.258710974,0.025,0.011029153130948544
/epuck1/cmd_vel,53.302152689,0.025,0.011029153130948544
/epuck1/cmd_vel,53.397641927,0.025,0.00882332306355238
/epuck1/cmd_vel,53.455901984,0.025,0.00882332306355238
/epuck1/cmd_vel,53.494437659,0.025,0.00882332306355238
/epuck1/cmd_vel,53.52938467,0.025,0.00882332306355238
/epuck1/cmd_vel,53.590926433,0.025,0.00882332306355238
/epuck1/cmd_vel,53.645122065,0.025,0.006617492064833641
/epuck1/cmd_vel,53.702906462,0.025,0.006617492064833641
/epuck1/cmd_vel,53.737672292,0.025,0.006617492064833641
/epuck1/cmd_vel,53.792767535,0.025,0.006617492064833641
/epuck1/cmd_vel,53.835538003,0.025,0.006617492064833641
/epuck1/cmd_vel,53.910098367,0.025,0.006617492064833641
/epuck1/cmd_vel,53.968322667,0.025,0.006617492064833641
/epuck1/cmd_vel,54.002371118,0.025,0.006617492064833641
/epuck1/cmd_vel,54.042093081,0.025,0.00441166153177619
/epuck1/cmd_vel,54.119443475,0.025,0.00441166153177619
/epuck1/cmd_vel,54.16286827,0.025,0.00441166153177619
/epuck1/cmd_vel,54.219904463,0.025,0.00441166153177619
/epuck1/cmd_vel,54.255460678,0.025,0.00441166153177619
/epuck1/cmd_vel,54.315365402,0.025,0.00441166153177619
/epuck1/cmd_vel,54.366765969,0.025,0.00441166153177619
/epuck1/cmd_vel,54.424624644,0.025,0.00441166153177619
/epuck1/cmd_vel,54.480126907,0.025,0.00441166153177619
/epuck1/cmd_vel,54.520023348,0.025,0.00441166153177619
/epuck1/cmd_vel,54.557846563,0.025,0.002205830765888095
/epuck1/cmd_vel,54.636266455,0.025,0.002205830765888095
/epuck1/cmd_vel,54.676878387,0.025,0.002205830765888095
/epuck1/cmd_vel,54.731904801,0.025,0.002205830765888095
/epuck1/cmd_vel,54.768305521,0.025,0.002205830765888095
/epuck1/cmd_vel,54.831401478,0.025,0.002205830765888095
/epuck1/cmd_vel,54.88766394,0.025,0.002205830765888095
/epuck1/cmd_vel,54.944220762,0.025,0.002205830765888095
/epuck1/cmd_vel,54.997455399,0.025,0.002205830765888095
/epuck1/cmd_vel,55.036716648,0.025,0.002205830765888095
/epuck1/cmd_vel,55.077010676,0.025,0.002205830765888095
/epuck1/cmd_vel,55.156539523,0.025,0.002205830765888095
/epuck1/cmd_vel,55.194070125,0.025,0.002205830765888095
/epuck1/cmd_vel,55.25248147,0.025,0.002205830765888095
/epuck1/cmd_vel,55.288386943,0.025,0.002205830765888095
/epuck1/cmd_vel,55.348444803,0.025,-6.279698983036042e-16
/epuck1/cmd_vel,55.41108673,0.025,-6.279698983036042e-16
/epuck1/cmd_vel,55.472434405,0.025,-6.279698983036042e-16
/epuck1/cmd_vel,55.525873923,0.025,-6.279698983036042e-16
/epuck1/cmd_vel,55.567195183,0.025,-6.279698983036042e-16
/epuck1/cmd_vel,55.609901181,0.025,-6.279698983036042e-16
/epuck1/cmd_vel,55.682072863,0.025,-6.279698983036042e-16
/epuck1/cmd_vel,55.732545789,0.025,-6.279698983036042e-16
/epuck1/cmd_vel,55.790392828,0.025,-6.279698983036042e-16
/epuck1/cmd_vel,55.828192955,0.025,-6.279698983036042e-16
/epuck1/cmd_vel,55.884226288,0.025,-6.279698983036042e-16
/epuck1/cmd_vel,55.923277258,0.025,-6.279698983036042e-16
/epuck1/cmd_vel,56.007964915,0.025,-6.279698983036042e-16
/epuck1/cmd_vel,56.049530146,0.025,-6.279698983036042e-16
/epuck1/cmd_vel,56.106786507,0.025,-6.279698983036042e-16
/epuck1/cmd_vel,56.140728565,0.025,0.002205830765888095
/epuck1/cmd_vel,56.201424215,0.025,0.002205830765888095
/epuck1/cmd_vel,56.254831865,0.025,-6.279698983036042e-16
/epuck1/cmd_vel,56.315541619,0.025,-6.279698983036042e-16
/epuck1/cmd_vel,56.352396176,0.025,-6.279698983036042e-16
/epuck1/cmd_vel,56.408909754,0.025,-6.279698983036042e-16
/epuck1/cmd_vel,56.448001829,0.025,-6.279698983036042e-16
/epuck1/cmd_vel,56.52466233,0.025,-6.279698983036042e-16
/epuck1/cmd_vel,56.567591227,0.025,-6.279698983036042e-16
/epuck1/cmd_vel,56.622648656,0.025,-6.279698983036042e-16
/epuck1/cmd_vel,56.656971222,0.025,-6.279698983036042e-16
/epuck1/cmd_vel,56.717754217,0.025,-6.279698983036042e-16
/epuck1/cmd_vel,56.777814073,0.025,-6.279698983036042e-16
/epuck1/cmd_vel,56.83768089,0.025,-6.279698983036042e-16
/epuck1/cmd_vel,56.873317935,0.025,-6.279698983036042e-16
/epuck1/cmd_vel,56.930335697,0.025,-6.279698983036042e-16
/epuck1/cmd_vel,56.97053708,0.025,-6.279698983036042e-16
/epuck1/cmd_vel,57.048474588,0.025,-6.279698983036042e-16
/epuck1/cmd_vel,57.084289843,0.025,-6.279698983036042e-16
/epuck1/cmd_vel,57.140805778,0.025,-6.279698983036042e-16
/epuck1/cmd_vel,57.177737892,0.025,-6.279698983036042e-16
/epuck1/cmd_vel,57.256957487,0.025,-6.279698983036042e-16
/epuck1/cmd_vel,57.297751765,0.025,-6.279698983036042e-16
/epuck1/cmd_vel,57.355838991,0.025,-6.279698983036042e-16
/epuck1/cmd_vel,57.392183443,0.025,-6.279698983036042e-16
/epuck1/cmd_vel,57.452091514,0.025,-6.279698983036042e-16
/epuck1/cmd_vel,57.50913091,0.025,-6.279698983036042e-16
/epuck1/cmd_vel,57.567741698,0.025,-6.279698983036042e-16
/epuck1/cmd_vel,57.607494889,0.025,-6.279698983036042e-16
/epuck1/cmd_vel,57.660878508,0.025,-6.279698983036042e-16
/epuck1/cmd_vel,57.701587454,0.025,-6.279698983036042e-16
/epuck1/cmd_vel,57.781162062,0.025,-6.279698983036042e-16
/epuck1/cmd_vel,57.820285932,0.025,-6.279698983036042e-16
/epuck1/cmd_vel,57.873195001,0.025,-6.279698983036042e-16
/epuck1/cmd_vel,57.911816553,0.025,-6.279698983036042e-16
/epuck1/cmd_vel,57.971509223,0.025,-6.279698983036042e-16
/epuck1/cmd_vel,58.026258583,0.025,-6.279698983036042e-16
/epuck1/cmd_vel,58.114266393,0.025,-6.279698983036042e-16
/epuck1/cmd_vel,58.151035976,0.025,-6.279698983036042e-16
/epuck1/cmd_vel,58.201743432,0.025,-6.279698983036042e-16
/epuck1/cmd_vel,58.240102213,0.025,-6.279698983036042e-16
/epuck1/cmd_vel,58.297076607,0.025,-6.279698983036042e-16
/epuck1/cmd_vel,58.336873258,0.025,-6.279698983036042e-16
/epuck1/cmd_vel,58.418969327,0.025,-6.279698983036042e-16
/epuck1/cmd_vel,58.459603516,0.025,-6.279698983036042e-16
/epuck1/cmd_vel,58.518067258,0.025,-6.279698983036042e-16
/epuck1/cmd_vel,58.551823591,0.025,-6.279698983036042e-16
/epuck1/cmd_vel,58.613285587,0.025,-6.279698983036042e-16
/epuck1/cmd_vel,58.666597392,0.025,-6.279698983036042e-16
/epuck1/cmd_vel,58.726602163,0.025,-6.279698983036042e-16
/epuck1/cmd_vel,58.762760776,0.025,-6.279698983036042e-16
/epuck1/cmd_vel,58.817871454,0.025,-6.279698983036042e-16
/epuck1/cmd_vel,58.858686159,0.025,-6.279698983036042e-16
/epuck1/cmd_vel,58.940476814,0.025,-6.279698983036042e-16
/epuck1/cmd_vel,58.976349878,0.025,-6.279698983036042e-16
/epuck1/cmd_vel,59.032209492,0.025,-6.279698983036042e-16
/epuck1/cmd_vel,59.069738874,0.025,-6.279698983036042e-16
/epuck1/cmd_vel,59.147238543,0.025,-6.279698983036042e-16
/epuck1/cmd_vel,59.189606164,0.025,-6.279698983036042e-16
/epuck1/cmd_vel,59.244112251,0.025,-6.279698983036042e-16
/epuck1/cmd_vel,59.281196582,0.025,-6.279698983036042e-16
/epuck1/cmd_vel,59.338144779,0.025,-6.279698983036042e-16
/epuck1/cmd_vel,59.396118813,0.025,0.002205830765888095
/epuck1/cmd_vel,59.457262922,0.025,0.002205830765888095
/epuck1/cmd_vel,59.496195928,0.025,-6.279698983036042e-16
/epuck1/cmd_vel,59.549091578,0.025,-6.279698983036042e-16
/epuck1/cmd_vel,59.589827277,0.025,-6.279698983036042e-16
/epuck1/cmd_vel,59.667234382,0.025,-6.279698983036042e-16
/epuck1/cmd_vel,59.70668904,0.025,-6.279698983036042e-16
/epuck1/cmd_vel,59.758609152,0.025,-6.279698983036042e-16
/epuck1/cmd_vel,59.797948757,0.025,-6.279698983036042e-16
/epuck1/cmd_vel,59.856297633,0.025,-6.279698983036042e-16
/epuck1/cmd_vel,59.916261148,0.025,-6.279698983036042e-16
/epuck1/cmd_vel,59.972926344,0.025,-6.279698983036042e-16
/epuck1/cmd_vel,60.009547624,0.025,-6.279698983036042e-16
/epuck1/cmd_vel,60.065401557,0.025,-6.279698983036042e-16
/epuck1/cmd_vel,60.106128808,0.025,-6.279698983036042e-16
/epuck1/cmd_vel,60.188740565,0.025,-6.279698983036042e-16
/epuck1/cmd_vel,60.225313894,0.025,-6.279698983036042e-16
/epuck1/cmd_vel,60.281319406,0.025,-6.279698983036042e-16
/epuck1/cmd_vel,60.315353213,0.025,-6.279698983036042e-16
/epuck1/cmd_vel,60.380249409,0.025,-6.279698983036042e-16
/epuck1/cmd_vel,60.441866547,0.025,-6.279698983036042e-16
/epuck1/cmd_vel,60.504946807,0.025,-6.279698983036042e-16
/epuck1/cmd_vel,60.541560062,0.025,-6.279698983036042e-16
/epuck1/cmd_vel,60.595284769,0.025,-6.279698983036042e-16
/epuck1/cmd_vel,60.635953936,0.025,-6.279698983036042e-16
/epuck1/cmd_vel,60.714109015,0.025,-6.279698983036042e-16
/epuck1/cmd_vel,60.755355706,0.025,-6.279698983036042e-16
/epuck1/cmd_vel,60.808779062,0.025,-6.279698983036042e-16
/epuck1/cmd_vel,60.84716295,0.025,-6.279698983036042e-16
/epuck1/cmd_vel,60.907308025,0.025,-6.279698983036042e-16
/epuck1/cmd_vel,60.965488531,0.025,-6.279698983036042e-16
/epuck1/cmd_vel,61.02382352,0.025,-6.279698983036042e-16
/epuck1/cmd_vel,61.060140435,0.025,-6.279698983036042e-16
/epuck1/cmd_vel,61.116818117,0.025,-6.279698983036042e-16
/epuck1/cmd_vel,61.157657541,0.025,-6.279698983036042e-16
/epuck1/cmd_vel,61.243519659,0.025,-6.279698983036042e-16
/epuck1/cmd_vel,61.283484816,0.025,-6.279698983036042e-16
/epuck1/cmd_vel,61.340430261,0.025,-6.279698983036042e-16
/epuck1/cmd_vel,61.377588662,0.025,-6.279698983036042e-16
/epuck1/cmd_vel,61.435656188,0.025,-6.279698983036042e-16
/epuck1/cmd_vel,61.480873964,0.025,-6.279698983036042e-16
/epuck1/cmd_vel,61.540989366,0.025,-6.279698983036042e-16
/epuck1/cmd_vel,61.57975064,0.025,-6.279698983036042e-16
/epuck1/cmd_vel,61.636799541,0.025,-6.279698983036042e-16
/epuck1/cmd_vel,61.673440559,0.025,-6.279698983036042e-16
/epuck1/cmd_vel,61.760009128,0.025,-6.279698983036042e-16
/epuck1/cmd_vel,61.797229182,0.025,-6.279698983036042e-16
/epuck1/cmd_vel,61.853662215,0.025,-6.279698983036042e-16
/epuck1/cmd_vel,61.890865555,0.025,-6.279698983036042e-16
/epuck1/cmd_vel,61.965972053,0.025,-6.279698983036042e-16
/epuck1/cmd_vel,62.00891049,0.025,-6.279698983036042e-16
/epuck1/cmd_vel,62.064430414,0.025,-6.279698983036042e-16
/epuck1/cmd_vel,62.101287502,0.025,-6.279698983036042e-16
/epuck1/cmd_vel,62.160197708,0.025,-6.279698983036042e-16
/epuck1/cmd_vel,62.221537689,0.025,-6.279698983036042e-16
/epuck1/cmd_vel,62.283840983,0.025,-6.279698983036042e-16
/epuck1/cmd_vel,62.319622246,0.025,-6.279698983036042e-16
/epuck1/cmd_vel,62.373635232,0.025,-6.279698983036042e-16
/epuck1/cmd_vel,62.414435845,0.025,-6.279698983036042e-16
/epuck1/cmd_vel,62.491550523,0.025,-6.279698983036042e-16
/epuck1/cmd_vel,62.530498548,0.025,-6.279698983036042e-16
/epuck1/cmd_vel,62.586335769,0.025,-6.279698983036042e-16
/epuck1/cmd_vel,62.622677387,0.025,-0.002205830765888095
/epuck1/cmd_vel,62.683119777,0.025,-0.002205830765888095
/epuck1/cmd_vel,62.737966133,0.025,-6.279698983036042e-16
/epuck1/cmd_vel,62.798354221,0.025,-6.279698983036042e-16
/epuck1/cmd_vel,62.834220648,0.025,-6.279698983036042e-16
/epuck1/cmd_vel,62.893217518,0.025,-6.279698983036042e-16
/epuck1/cmd_vel,62.932198254,0.025,-6.279698983036042e-16
/epuck1/cmd_vel,63.009332201,0.025,-6.279698983036042e-16
/epuck1/cmd_vel,63.045915675,0.025,-6.279698983036042e-16
/epuck1/cmd_vel,63.099277778,0.025,-6.279698983036042e-16
/epuck1/cmd_vel,63.139336882,0.025,-6.279698983036042e-16
/epuck1/cmd_vel,63.216337046,0.025,-6.279698983036042e-16
/epuck1/cmd_vel,63.255675469,0.025,-6.279698983036042e-16
/epuck1/cmd_vel,63.311929006,0.025,-6.279698983036042e-16
/epuck1/cmd_vel,63.347860794,0.025,-6.279698983036042e-16
/epuck1/cmd_vel,63.404155187,0.025,-6.279698983036042e-16
/epuck1/cmd_vel,63.452124353,0.025,-6.279698983036042e-16
/epuck1/cmd_vel,63.534900876,0.025,-6.279698983036042e-16
/epuck1/cmd_vel,63.572827278,0.025,-6.279698983036042e-16
/epuck1/cmd_vel,63.628075748,0.025,-6.279698983036042e-16
/epuck1/cmd_vel,63.663961773,0.025,-6.279698983036042e-16
/epuck1/cmd_vel,63.723473043,0.025,-6.279698983036042e-16
/epuck1/cmd_vel,63.781022944,0.025,-6.279698983036042e-16
/epuck1/cmd_vel,63.839012683,0.025,-6.279698983036042e-16
/epuck1/cmd_vel,63.875705528,0.025,-6.279698983036042e-16
/epuck1/cmd_vel,63.930722026,0.025,-6.279698983036042e-16
/epuck1/cmd_vel,63.973680832,0.025,-6.279698983036042e-16
/epuck1/cmd_vel,64.058702234,0.025,-6.279698983036042e-16
/epuck1/cmd_vel,64.098559038,0.025,-6.279698983036042e-16
/epuck1/cmd_vel,64.1522069,0.025,-6.279698983036042e-16
/epuck1/cmd_vel,64.188736198,0.025,-6.279698983036042e-16
/epuck1/cmd_vel,64.245098512,0.025,-6.279698983036042e-16
/epuck1/cmd_vel,64.287555064,0.025,-6.279698983036042e-16
/epuck1/cmd_vel,64.372742116,0.025,-6.279698983036042e-16
/epuck1/cmd_vel,64.414013998,0.025,-6.279698983036042e-16
/epuck1/cmd_vel,64.467190734,0.025,-6.279698983036042e-16
/epuck1/cmd_vel,64.504773984,0.025,-6.279698983036042e-16
/epuck1/cmd_vel,64.567305971,0.025,-6.279698983036042e-16
/epuck1/cmd_vel,64.619563477,0.025,-6.279698983036042e-16
/epuck1/cmd_vel,64.694472644,0.025,-6.279698983036042e-16
/epuck1/cmd_vel,64.73274872,0.025,-6.279698983036042e-16
/epuck1/cmd_vel,64.789341042,0.025,-6.279698983036042e-16
/epuck1/cmd_vel,64.825001455,0.025,-6.279698983036042e-16
/epuck1/cmd_vel,64.887563259,0.025,-6.279698983036042e-16
/epuck1/cmd_vel,64.94877084,0.025,-6.279698983036042e-16
/epuck1/cmd_vel,65.010353409,0.025,-6.279698983036042e-16
/epuck1/cmd_vel,65.048164224,0.025,-6.279698983036042e-16
/epuck1/cmd_vel,65.100933962,0.025,-6.279698983036042e-16
/epuck1/cmd_vel,65.142910572,0.025,-6.279698983036042e-16
/epuck1/cmd_vel,65.222630662,0.025,-6.279698983036042e-16
/epuck1/cmd_vel,65.261654687,0.025,-6.279698983036042e-16
/epuck1/cmd_vel,65.317762104,0.025,-6.279698983036042e-16
/epuck1/cmd_vel,65.356118293,0.025,-6.279698983036042e-16
/epuck1/cmd_vel,65.415716764,0.025,-6.279698983036042e-16
/epuck1/cmd_vel,65.475006681,0.025,-6.279698983036042e-16
/epuck1/cmd_vel,65.534362331,0.025,-6.279698983036042e-16
/epuck1/cmd_vel,65.571245079,0.025,-6.279698983036042e-16
/epuck1/cmd_vel,65.630556706,0.025,-6.279698983036042e-16
/epuck1/cmd_vel,65.671577335,0.025,-6.279698983036042e-16
/epuck1/cmd_vel,65.742454179,0.025,-6.279698983036042e-16
/epuck1/cmd_vel,65.782402969,0.025,-6.279698983036042e-16
/epuck1/cmd_vel,65.837256723,0.025,-6.279698983036042e-16
/epuck1/cmd_vel,65.877214407,0.025,0.002205830765888095
/epuck1/cmd_vel,65.953907383,0.025,0.002205830765888095
/epuck1/cmd_vel,65.995799261,0.025,0.002205830765888095
/epuck1/cmd_vel,66.050479586,0.025,-6.279698983036042e-16
/epuck1/cmd_vel,66.087467918,0.025,-6.279698983036042e-16
/epuck1/cmd_vel,66.142897657,0.025,-6.279698983036042e-16
/epuck1/cmd_vel,66.203988758,0.025,-6.279698983036042e-16
/epuck1/cmd_vel,66.267600243,0.025,-6.279698983036042e-16
/epuck1/cmd_vel,66.303565856,0.025,-6.279698983036042e-16
/epuck1/cmd_vel,66.357347869,0.025,-6.279698983036042e-16
/epuck1/cmd_vel,66.399407922,0.025,-6.279698983036042e-16
/epuck1/cmd_vel,66.481905336,0.025,-6.279698983036042e-16
/epuck1/cmd_vel,66.522473595,0.025,-6.279698983036042e-16
/epuck1/cmd_vel,66.580957292,0.025,-6.279698983036042e-16
/epuck1/cmd_vel,66.614322976,0.025,-6.279698983036042e-16
/epuck1/cmd_vel,66.674039068,0.025,-6.279698983036042e-16
/epuck1/cmd_vel,66.713030333,0.025,-6.279698983036042e-16
/epuck1/cmd_vel,66.796038344,0.025,-6.279698983036042e-16
/epuck1/cmd_vel,66.837581657,0.025,-6.279698983036042e-16
/epuck1/cmd_vel,66.892574777,0.025,-6.279698983036042e-16
/epuck1/cmd_vel,66.927571207,0.025,-0.002205830765888095
/epuck1/cmd_vel,66.990742987,0.025,-0.002205830765888095
/epuck1/cmd_vel,67.043619265,0.025,-0.002205830765888095
/epuck1/cmd_vel,67.110099717,0.025,-6.279698983036042e-16
/epuck1/cmd_vel,67.148857479,0.025,-6.279698983036042e-16
/epuck1/cmd_vel,67.20497505,0.025,-6.279698983036042e-16
/epuck1/cmd_vel,67.240407945,0.025,-6.279698983036042e-16
/epuck1/cmd_vel,67.30427041,0.025,-6.279698983036042e-16
/epuck2/cmd_vel,4.754719974,0.0,0.0
/epuck2/cmd_vel,4.756327538,0.0,0.0
/epuck2/cmd_vel,4.757118454,0.0,0.0
/epuck2/cmd_vel,4.791473475,0.0,0.0
/epuck2/cmd_vel,4.865412148,0.0,0.0
/epuck2/cmd_vel,4.904979118,0.0,0.0
/epuck2/cmd_vel,4.960387092,0.0,0.0
/epuck2/cmd_vel,4.998701254,0.0,0.0
/epuck2/cmd_vel,5.059397171,0.0,0.0
/epuck2/cmd_vel,5.114123779,0.0,0.0
/epuck2/cmd_vel,5.174222124,0.0,0.0
/epuck2/cmd_vel,5.209012926,0.0,0.0
/epuck2/cmd_vel,5.26480323,0.0,0.0
/epuck2/cmd_vel,5.306643655,0.0,0.0
/epuck2/cmd_vel,5.385876306,0.0,0.0
/epuck2/cmd_vel,5.425271983,0.0,0.0
/epuck2/cmd_vel,5.476952668,0.0,0.0
/epuck2/cmd_vel,5.516202381,0.0,0.0
/epuck2/cmd_vel,5.595941201,0.0,0.0
/epuck2/cmd_vel,5.636376647,0.0,0.0
/epuck2/cmd_vel,5.692756814,0.0,0.0
/epuck2/cmd_vel,5.729575094,0.0,0.0
/epuck2/cmd_vel,5.788890159,0.0,0.0
/epuck2/cmd_vel,5.850255781,0.0,0.0
/epuck2/cmd_vel,5.911576194,0.0,0.0
/epuck2/cmd_vel,5.947000436,0.0,0.0
/epuck2/cmd_vel,6.002680501,0.0,0.0
/epuck2/cmd_vel,6.040581279,0.0,0.0
/epuck2/cmd_vel,6.119048556,0.0,0.0
/epuck2/cmd_vel,6.157276756,0.0,0.0
/epuck2/cmd_vel,6.21413498,0.0,0.0
/epuck2/cmd_vel,6.248172058,0.0,0.0
/epuck2/cmd_vel,6.310342807,0.0,0.0
/epuck2/cmd_vel,6.371220484,0.0,0.0
/epuck2/cmd_vel,6.428992206,0.0,0.0
/epuck2/cmd_vel,6.464125061,0.0,0.0
/epuck2/cmd_vel,6.520742148,0.0,0.0
/epuck2/cmd_vel,6.561992921,0.0,0.0
/epuck2/cmd_vel,6.637318208,0.0,0.0
/epuck2/cmd_vel,6.677290724,0.0,0.0
/epuck2/cmd_vel,6.730097462,0.0,0.0
/epuck2/cmd_vel,6.768790119,0.0,0.0
/epuck2/cmd_vel,6.845249622,0.0,0.0
/epuck2/cmd_vel,6.887321634,0.0,0.0
/epuck2/cmd_vel,6.943522207,0.0,0.0
/epuck2/cmd_vel,6.98155164,0.0,0.0
/epuck2/cmd_vel,7.040445232,0.0,0.0
/epuck2/cmd_vel,7.095509527,0.0,0.0
/epuck2/cmd_vel,7.15726358,0.0,0.0
/epuck2/cmd_vel,7.192719698,0.0,0.0
/epuck2/cmd_vel,7.24913926,0.0,0.0
/epuck2/cmd_vel,7.288758261,0.0,0.0
/epuck2/cmd_vel,7.365508221,0.0,0.0
/epuck2/cmd_vel,7.407330018,0.0,0.0
/epuck2/cmd_vel,7.460045992,0.0,0.0
/epuck2/cmd_vel,7.498214745,0.0,0.0
/epuck2/cmd_vel,7.556134698,0.0,0.0
/epuck2/cmd_vel,7.615642418,0.0,0.0
/epuck2/cmd_vel,7.672483442,0.0,0.0
/epuck2/cmd_vel,7.70864757,0.0,0.0
/epuck2/cmd_vel,7.768716172,0.0,0.0
/epuck2/cmd_vel,7.808282928,0.0,0.0
/epuck2/cmd_vel,7.886632545,0.0,0.0
/epuck2/cmd_vel,7.925944856,0.0,0.0
/epuck2/cmd_vel,7.977510396,0.0,0.0
/epuck2/cmd_vel,8.016359558,0.0,0.0
/epuck2/cmd_vel,8.094280949,0.0,0.0
/epuck2/cmd_vel,8.136271177,0.0,0.0
/epuck2/cmd_vel,8.195306943,0.0,0.0
/epuck2/cmd_vel,8.22903735,0.0,0.0
/epuck2/cmd_vel,8.2885822,0.0,0.0
/epuck2/cmd_vel,8.344848881,0.0,0.0
/epuck2/cmd_vel,8.402925025,0.0,0.0
/epuck2/cmd_vel,8.441248891,0.0,0.0
/epuck2/cmd_vel,8.492905699,0.0,0.0
/epuck2/cmd_vel,8.534772234,0.0,0.0
/epuck2/cmd_vel,8.60612798,0.0,0.0
/epuck2/cmd_vel,8.65699049,0.0,0.0
/epuck2/cmd_vel,8.717483555,0.0,0.0
/epuck2/cmd_vel,8.75248752,0.0,0.0
/epuck2/cmd_vel,8.811748557,0.0,0.0
/epuck2/cmd_vel,8.851624914,0.0,0.0
/epuck2/cmd_vel,8.934938528,0.0,0.0
/epuck2/cmd_vel,8.978479127,0.0,0.0
/epuck2/cmd_vel,9.031702008,0.0,0.0
/epuck2/cmd_vel,9.067168485,0.0,0.0
/epuck2/cmd_vel,9.124826689,0.0,0.0
/epuck2/cmd_vel,9.180274636,0.0,0.0
/epuck2/cmd_vel,9.242826265,0.0,0.0
/epuck2/cmd_vel,9.278816387,0.0,0.0
/epuck2/cmd_vel,9.334148458,0.0,0.0
/epuck2/cmd_vel,9.373828612,0.0,0.0
/epuck2/cmd_vel,9.451223325,0.0,0.0
/epuck2/cmd_vel,9.492368044,0.0,0.0
/epuck2/cmd_vel,9.547947278,0.0,0.0
/epuck2/cmd_vel,9.581883646,0.0,0.0
/epuck2/cmd_vel,9.643391888,0.0,0.0
/epuck2/cmd_vel,9.702197949,0.0,0.0
/epuck2/cmd_vel,9.762327982,0.0,0.0
/epuck2/cmd_vel,9.799553218,0.0,0.0
/epuck2/cmd_vel,9.852964779,0.0,0.0
/epuck2/cmd_vel,9.895116791,0.0,0.0
/epuck2/cmd_vel,9.973432362,0.0,0.0
/epuck2/cmd_vel,10.011336324,0.0,0.0
/epuck2/cmd_vel,10.067628293,0.0,0.0
/epuck2/cmd_vel,10.106697627,0.0,0.0
/epuck2/cmd_vel,10.181007688,0.0,0.0
/epuck2/cmd_vel,10.221726122,0.0,0.0
/epuck2/cmd_vel,10.277245369,0.0,0.0
/epuck2/cmd_vel,10.315210445,0.0,0.0
/epuck2/cmd_vel,10.37417369,0.0,0.0
/epuck2/cmd_vel,10.426764771,0.0,0.0
/epuck2/cmd_vel,10.48490905,0.0,0.0
/epuck2/cmd_vel,10.524319256,0.0,0.0
/epuck2/cmd_vel,10.580102936,0.0,0.0
/epuck2/cmd_vel,10.620774622,0.0,0.0
/epuck2/cmd_vel,10.692968684,0.0,0.0
/epuck2/cmd_vel,10.734741778,0.0,0.0
/epuck2/cmd_vel,10.789719125,0.0,0.0
/epuck2/cmd_vel,10.826806537,0.0,0.0
/epuck2/cmd_vel,10.886974446,0.0,0.0
/epuck2/cmd_vel,10.939672831,0.0,0.0
/epuck2/cmd_vel,11.003162156,0.0,0.0
/epuck2/cmd_vel,11.038726945,0.0,0.0
/epuck2/cmd_vel,11.092957997,0.0,0.0
/epuck2/cmd_vel,11.134356012,0.0,0.0
/epuck2/cmd_vel,11.2090515,0.0,0.0
/epuck2/cmd_vel,11.245458674,0.0,0.0
/epuck2/cmd_vel,11.299621085,0.0,0.0
/epuck2/cmd_vel,11.336723714,0.0,0.0
/epuck2/cmd_vel,11.400770815,0.0,0.0
/epuck2/cmd_vel,11.464479291,0.0,0.0
/epuck2/cmd_vel,11.524272588,0.0,0.0
/epuck2/cmd_vel,11.561441371,0.0,0.0
/epuck2/cmd_vel,11.613485584,0.0,0.0
/epuck2/cmd_vel,11.653608582,0.0,0.0
/epuck2/cmd_vel,11.728379276,0.0,0.0
/epuck2/cmd_vel,11.772670924,0.0,0.0
/epuck2/cmd_vel,11.824885744,0.0,0.0
/epuck2/cmd_vel,11.858613474,0.0,0.0
/epuck2/cmd_vel,11.918971362,0.0,0.0
/epuck2/cmd_vel,11.96326,0.0,0.0
/epuck2/cmd_vel,12.04545444,0.0,0.0
/epuck2/cmd_vel,12.081977477,0.0,0.0
/epuck2/cmd_vel,12.135270446,0.0,0.0
/epuck2/cmd_vel,12.173546085,0.0,0.0
/epuck2/cmd_vel,12.232015392,0.0,0.0
/epuck2/cmd_vel,12.28348583,0.0,0.0
/epuck2/cmd_vel,12.357886517,0.0,0.0
/epuck2/cmd_vel,12.392818197,0.0,0.0
/epuck2/cmd_vel,12.447400525,0.0,0.0
/epuck2/cmd_vel,12.483099932,0.0,0.0
/epuck2/cmd_vel,12.551192187,0.0,0.0
/epuck2/cmd_vel,12.591028049,0.0,0.0
/epuck2/cmd_vel,12.647566798,0.0,0.0
/epuck2/cmd_vel,12.688180831,0.0,0.0
/epuck2/cmd_vel,12.746386835,0.0,0.0
/epuck2/cmd_vel,12.798237754,0.0,0.0
/epuck2/cmd_vel,12.868593578,0.0,0.0
/epuck2/cmd_vel,12.909612474,0.0,0.0
/epuck2/cmd_vel,12.962791777,0.0,0.0
/epuck2/cmd_vel,12.999166271,0.0,0.0
/epuck2/cmd_vel,13.060681485,0.0,0.0
/epuck2/cmd_vel,13.123189278,0.0,0.0
/epuck2/cmd_vel,13.187362642,0.0,0.0
/epuck2/cmd_vel,13.219939993,0.0,0.0
/epuck2/cmd_vel,13.275407429,0.0,0.0
/epuck2/cmd_vel,13.314696697,0.0,0.0
/epuck2/cmd_vel,13.389469338,0.0,0.0
/epuck2/cmd_vel,13.428633875,0.0,0.0
/epuck2/cmd_vel,13.482510738,0.0,0.0
/epuck2/cmd_vel,13.517222547,0.0,0.0
/epuck2/cmd_vel,13.58050554,0.0,0.0
/epuck2/cmd_vel,13.649284821,0.0,0.0
/epuck2/cmd_vel,13.719658919,0.0,0.0
/epuck2/cmd_vel,13.758201415,0.0,0.0
/epuck2/cmd_vel,13.815319589,0.0,0.0
/epuck2/cmd_vel,13.852132578,0.0,0.0
/epuck2/cmd_vel,13.930097644,0.0,0.0
/epuck2/cmd_vel,13.972486279,0.0,0.0
/epuck2/cmd_vel,14.03044538,0.0,0.0
/epuck2/cmd_vel,14.066387335,0.0,0.0
/epuck2/cmd_vel,14.12161041,0.0,0.0
/epuck2/cmd_vel,14.168646517,0.0,0.0
/epuck2/cmd_vel,14.230644583,0.0,0.0
/epuck2/cmd_vel,14.267132723,0.0,0.0
/epuck2/cmd_vel,14.324615462,0.0,0.0
/epuck2/cmd_vel,14.363694578,0.0,0.0
/epuck2/cmd_vel,14.449172785,0.0,0.0
/epuck2/cmd_vel,14.497069082,0.0,0.0
/epuck2/cmd_vel,14.556069635,0.0,0.0
/epuck2/cmd_vel,14.591191013,0.0,0.0
/epuck2/cmd_vel,14.647399721,0.0,0.0
/epuck2/cmd_vel,14.691143214,0.0,0.0
/epuck2/cmd_vel,14.768221581,0.0,0.0
/epuck2/cmd_vel,14.804036493,0.0,0.0
/epuck2/cmd_vel,14.8594067,0.0,0.0
/epuck2/cmd_vel,14.899938794,0.0,0.0
/epuck2/cmd_vel,14.973651407,0.0,0.0
/epuck2/cmd_vel,15.01400925,0.0,0.0
/epuck2/cmd_vel,15.071551478,0.0,0.0
/epuck2/cmd_vel,15.107069888,0.0,0.0
/epuck2/cmd_vel,15.167094951,0.0,0.0
/epuck2/cmd_vel,15.220540567,0.0,0.0
/epuck2/cmd_vel,15.282442785,0.0,0.0
/epuck2/cmd_vel,15.317332909,0.0,0.0
/epuck2/cmd_vel,15.373494929,0.0,0.0
/epuck2/cmd_vel,15.414154961,0.0,0.0
/epuck2/cmd_vel,15.489328106,0.0,0.0
/epuck2/cmd_vel,15.526781189,0.0,0.0
/epuck2/cmd_vel,15.582279913,0.0,0.0
/epuck2/cmd_vel,15.617901054,0.0,0.0
/epuck2/cmd_vel,15.676764172,0.0,0.0
/epuck2/cmd_vel,15.733072435,0.0,0.0
/epuck2/cmd_vel,15.804328321,0.0,0.0
/epuck2/cmd_vel,15.844399368,0.0,0.0
/epuck2/cmd_vel,15.895668844,0.0,0.0
/epuck2/cmd_vel,15.93400267,0.0,0.0
/epuck2/cmd_vel,15.999301578,0.0,0.0
/epuck2/cmd_vel,16.059917974,0.0,0.0
/epuck2/cmd_vel,16.120899665,0.0,0.0
/epuck2/cmd_vel,16.158043983,0.0,0.0
/epuck2/cmd_vel,16.212005156,0.0,0.0
/epuck2/cmd_vel,16.248803584,0.0,0.0
/epuck2/cmd_vel,16.322867062,0.0,0.0
/epuck2/cmd_vel,16.377100905,0.0,0.0
/epuck2/cmd_vel,16.437952362,0.0,0.0
/epuck2/cmd_vel,16.469862025,0.0,0.0
/epuck2/cmd_vel,16.525175348,0.0,0.0
/epuck2/cmd_vel,16.569073615,0.0,0.0
/epuck2/cmd_vel,16.641899272,0.0,0.0
/epuck2/cmd_vel,16.681173242,0.0,0.0
/epuck2/cmd_vel,16.73295395,0.0,0.0
/epuck2/cmd_vel,16.771756797,0.0,0.0
/epuck2/cmd_vel,16.851469663,0.0,0.0
/epuck2/cmd_vel,16.890807677,0.0,0.0
/epuck2/cmd_vel,16.947655457,0.0,0.0
/epuck2/cmd_vel,16.982826826,0.0,0.0
/epuck2/cmd_vel,17.043642306,0.0,0.0
/epuck2/cmd_vel,17.102085348,0.0,0.0
/epuck2/cmd_vel,17.164498889,0.0,0.0
/epuck2/cmd_vel,17.199160143,0.0,0.0
/epuck2/cmd_vel,17.255079713,0.0,0.0
/epuck2/cmd_vel,17.294833221,0.0,0.0
/epuck2/cmd_vel,17.371253836,0.0,0.0
/epuck2/cmd_vel,17.409702748,0.0,0.0
/epuck2/cmd_vel,17.463544647,0.0,0.0
/epuck2/cmd_vel,17.500743876,0.0,0.0
/epuck2/cmd_vel,17.561115955,0.0,0.0
/epuck2/cmd_vel,17.622116076,0.0,0.0
/epuck2/cmd_vel,17.680085911,0.0,0.0
/epuck2/cmd_vel,17.713878968,0.0,0.0
/epuck2/cmd_vel,17.772200682,0.0,0.0
/epuck2/cmd_vel,17.815343657,0.0,0.0
/epuck2/cmd_vel,17.887745844,0.0,0.0
/epuck2/cmd_vel,17.927466919,0.0,0.0
/epuck2/cmd_vel,17.978186275,0.0,0.0
/epuck2/cmd_vel,18.017942057,0.0,0.0
/epuck2/cmd_vel,18.096137761,0.0,0.0
/epuck2/cmd_vel,18.159222468,0.0,0.0
/epuck2/cmd_vel,18.191802927,0.0,0.0
/epuck2/cmd_vel,18.227306442,0.0,0.0
/epuck2/cmd_vel,18.287517077,0.0,0.0
/epuck2/cmd_vel,18.349365777,0.0,0.0
/epuck2/cmd_vel,18.409136812,0.0,0.0
/epuck2/cmd_vel,18.446928041,0.0,0.0
/epuck2/cmd_vel,18.498526129,0.0,0.0
/epuck2/cmd_vel,18.537739617,0.0,0.0
/epuck2/cmd_vel,18.616136934,0.0,0.0
/epuck2/cmd_vel,18.677248041,0.0,0.0
/epuck2/cmd_vel,18.712187361,0.0,0.0
/epuck2/cmd_vel,18.74816876,0.0,0.0
/epuck2/cmd_vel,18.80934328,0.0,0.0
/epuck2/cmd_vel,18.863707576,0.0,0.0
/epuck2/cmd_vel,18.920968213,0.0,0.0
/epuck2/cmd_vel,18.958734038,0.0,0.0
/epuck2/cmd_vel,19.013701662,0.0,0.0
/epuck2/cmd_vel,19.05336525,0.0,0.0
/epuck2/cmd_vel,19.140734153,0.0,0.0
/epuck2/cmd_vel,19.201929922,0.0,0.0
/epuck2/cmd_vel,19.239052042,0.0,0.0
/epuck2/cmd_vel,19.27300147,0.0,0.0
/epuck2/cmd_vel,19.33262083,0.0,0.0
/epuck2/cmd_vel,19.390995219,0.0,0.0
/epuck2/cmd_vel,19.452086135,0.0,0.0
/epuck2/cmd_vel,19.487135934,0.0,0.0
/epuck2/cmd_vel,19.54307321,0.0,0.0
/epuck2/cmd_vel,19.580371784,0.0,0.0
/epuck2/cmd_vel,19.654604739,0.0,0.0
/epuck2/cmd_vel,19.725453596,0.0,0.0
/epuck2/cmd_vel,19.765524817,0.0,0.0
/epuck2/cmd_vel,19.801117063,0.0,0.0
/epuck2/cmd_vel,19.857881795,0.0,0.0
/epuck2/cmd_vel,19.898448047,0.0,0.0
/epuck2/cmd_vel,19.981623667,0.0,0.0
/epuck2/cmd_vel,20.023047109,0.0,0.0
/epuck2/cmd_vel,20.082442788,0.0,0.0
/epuck2/cmd_vel,20.117385975,0.0,0.0
/epuck2/cmd_vel,20.17553691,0.0,0.0
/epuck2/cmd_vel,20.232493232,0.0,0.0
/epuck2/cmd_vel,20.292579436,0.0,0.0
/epuck2/cmd_vel,20.328955301,0.0,0.0
/epuck2/cmd_vel,20.382197265,0.0,0.0
/epuck2/cmd_vel,20.425592724,0.0,0.0
/epuck2/cmd_vel,20.49665384,0.0,0.0
/epuck2/cmd_vel,20.549936645,0.0,0.0
/epuck2/cmd_vel,20.608940078,0.0,0.0
/epuck2/cmd_vel,20.644817447,0.0,0.0
/epuck2/cmd_vel,20.701383719,0.0,0.0
/epuck2/cmd_vel,20.741635015,0.0,0.0
/epuck2/cmd_vel,20.823459941,0.0,0.0
/epuck2/cmd_vel,20.866497317,0.0,0.0
/epuck2/cmd_vel,20.923205523,0.0,0.0
/epuck2/cmd_vel,20.957716902,0.0,0.0
/epuck2/cmd_vel,21.016030494,0.0,0.0
/epuck2/cmd_vel,21.070198534,0.0,0.0
/epuck2/cmd_vel,21.132556144,0.0,0.0
/epuck2/cmd_vel,21.169010281,0.0,0.0
/epuck2/cmd_vel,21.225616952,0.0,0.0
/epuck2/cmd_vel,21.26468738,0.0,0.0
/epuck2/cmd_vel,21.34091028,0.0,0.0
/epuck2/cmd_vel,21.38208479,0.0,0.0
/epuck2/cmd_vel,21.436300724,0.0,0.0
/epuck2/cmd_vel,21.473661609,0.0,0.0
/epuck2/cmd_vel,21.536022345,0.0,0.0
/epuck2/cmd_vel,21.590956276,0.0,0.0
/epuck2/cmd_vel,21.65421771,0.0,0.0
/epuck2/cmd_vel,21.688414808,0.0,0.0
/epuck2/cmd_vel,21.745435177,0.0,0.0
/epuck2/cmd_vel,21.786689543,0.0,0.0
/epuck2/cmd_vel,21.862169022,0.0,0.0
/epuck2/cmd_vel,21.900595296,0.0,0.0
/epuck2/cmd_vel,21.952926738,0.0,0.0
/epuck2/cmd_vel,21.991349386,0.0,0.0
/epuck2/cmd_vel,22.072634672,0.0,0.0
/epuck2/cmd_vel,22.113792372,0.0,0.0
/epuck2/cmd_vel,22.17101305,0.0,0.0
/epuck2/cmd_vel,22.20582723,0.0,0.0
/epuck2/cmd_vel,22.262772882,0.0,0.0
/epuck2/cmd_vel,22.304055859,0.0,0.0
/epuck2/cmd_vel,22.387633598,0.0,0.0
/epuck2/cmd_vel,22.4275206,0.0,0.0
/epuck2/cmd_vel,22.481188903,0.0,0.0
/epuck2/cmd_vel,22.519913062,0.0,0.0
/epuck2/cmd_vel,22.57961723,0.0,0.0
/epuck2/cmd_vel,22.631970324,0.0,0.0
/epuck2/cmd_vel,22.706920751,0.0,0.0
/epuck2/cmd_vel,22.743792539,0.0,0.0
/epuck2/cmd_vel,22.800646248,0.0,0.0
/epuck2/cmd_vel,22.837729883,0.0,0.0
/epuck2/cmd_vel,22.898843274,0.0,0.0
/epuck2/cmd_vel,22.962258234,0.0,0.0
/epuck2/cmd_vel,23.023175862,0.0,0.0
/epuck2/cmd_vel,23.059862869,0.0,0.0
/epuck2/cmd_vel,23.114737201,0.0,0.0
/epuck2/cmd_vel,23.156116579,0.0,0.0
/epuck2/cmd_vel,23.227242641,0.0,0.0
/epuck2/cmd_vel,23.281890931,0.0,0.0
/epuck2/cmd_vel,23.339273964,0.0,0.0
/epuck2/cmd_vel,23.374367205,0.0,0.0
/epuck2/cmd_vel,23.43067475,0.0,0.0
/epuck2/cmd_vel,23.471824062,0.0,0.0
/epuck2/cmd_vel,23.57154567,0.0,0.0
/epuck2/cmd_vel,23.61569329,0.0,0.0
/epuck2/cmd_vel,23.672109179,0.0,0.0
/epuck2/cmd_vel,23.707019734,0.0,0.0
/epuck2/cmd_vel,23.766187468,0.0,0.0
/epuck2/cmd_vel,23.819850305,0.0,0.0
/epuck2/cmd_vel,23.881231199,0.0,0.0
/epuck2/cmd_vel,23.918762351,0.0,0.0
/epuck2/cmd_vel,23.973303587,0.0,0.0
/epuck2/cmd_vel,24.01519216,0.0,0.0
/epuck2/cmd_vel,24.092646241,0.0,0.0
/epuck2/cmd_vel,24.12949206,0.0,0.0
/epuck2/cmd_vel,24.183771586,0.0,0.0
/epuck2/cmd_vel,24.221356708,0.0,0.0
/epuck2/cmd_vel,24.283264736,0.0,0.0
/epuck2/cmd_vel,24.343829236,0.0,0.0
/epuck2/cmd_vel,24.399335906,0.0,0.0
/epuck2/cmd_vel,24.434638699,0.0,0.0
/epuck2/cmd_vel,24.49321665,0.0,0.0
/epuck2/cmd_vel,24.53313576,0.0,0.0
/epuck2/cmd_vel,24.613316419,0.0,0.0
/epuck2/cmd_vel,24.65194598,0.0,0.0
/epuck2/cmd_vel,24.706224556,0.0,0.0
/epuck2/cmd_vel,24.741707604,0.0,0.0
/epuck2/cmd_vel,24.822019222,0.0,0.0
/epuck2/cmd_vel,24.862336058,0.0,0.0
/epuck2/cmd_vel,24.919772458,0.0,0.0
/epuck2/cmd_vel,24.957238291,0.0,0.0
/epuck2/cmd_vel,25.01639134,0.0,0.0
/epuck2/cmd_vel,25.073972169,0.0,0.0
/epuck2/cmd_vel,25.133184758,0.0,0.0
/epuck2/cmd_vel,25.171013474,0.0,0.0
/epuck2/cmd_vel,25.225518558,0.0,0.0
/epuck2/cmd_vel,25.26490682,0.0,0.0
/epuck2/cmd_vel,25.342780464,0.0,0.0
/epuck2/cmd_vel,25.384324493,0.0,0.0
/epuck2/cmd_vel,25.43616479,0.0,0.0
/epuck2/cmd_vel,25.474832921,0.0,0.0
/epuck2/cmd_vel,25.532348173,0.0,0.0
/epuck2/cmd_vel,25.585548371,0.0,0.0
/epuck2/cmd_vel,25.674471203,0.0,0.0
/epuck2/cmd_vel,25.711433849,0.0,0.0
/epuck2/cmd_vel,25.766210089,0.0,0.0
/epuck2/cmd_vel,25.804710558,0.0,0.0
/epuck2/cmd_vel,25.869011841,0.0,0.0
/epuck2/cmd_vel,25.945988718,0.0,0.0
/epuck2/cmd_vel,26.006572347,0.0,0.0
/epuck2/cmd_vel,26.042986868,0.0,0.0
/epuck2/cmd_vel,26.100101169,0.0,0.0
/epuck2/cmd_vel,26.140950568,0.0,0.0
/epuck2/cmd_vel,26.212611742,0.0,0.0
/epuck2/cmd_vel,26.25415277,0.0,0.0
/epuck2/cmd_vel,26.306850769,0.0,0.0
/epuck2/cmd_vel,26.344672182,0.0,0.0
/epuck2/cmd_vel,26.40370621,0.0,0.0
/epuck2/cmd_vel,26.466484908,0.0,0.0
/epuck2/cmd_vel,26.523316614,0.0,0.0
/epuck2/cmd_vel,26.558440072,0.0,0.0
/epuck2/cmd_vel,26.614005574,0.0,0.0
/epuck2/cmd_vel,26.654708101,0.0,0.0
/epuck2/cmd_vel,26.735395731,0.0,0.0
/epuck2/cmd_vel,26.771842344,0.0,0.0
/epuck2/cmd_vel,26.829357847,0.0,0.0
/epuck2/cmd_vel,26.865073191,0.0,0.0
/epuck2/cmd_vel,26.946459926,0.0,0.0
/epuck2/cmd_vel,26.985588614,0.0,0.0
/epuck2/cmd_vel,27.042230049,0.0,0.0
/epuck2/cmd_vel,27.078310498,0.0,0.0
/epuck2/cmd_vel,27.135908165,0.0,0.0
/epuck2/cmd_vel,27.192088788,0.0,0.0
/epuck2/cmd_vel,27.251951104,0.0,0.0
/epuck2/cmd_vel,27.290664592,0.0,0.0
/epuck2/cmd_vel,27.342752422,0.0,0.0
/epuck2/cmd_vel,27.381144632,0.0,0.0
/epuck2/cmd_vel,27.455851348,0.0,0.0
/epuck2/cmd_vel,27.507721526,0.0,0.0
/epuck2/cmd_vel,27.565054128,0.0,0.0
/epuck2/cmd_vel,27.600524929,0.0,0.0
/epuck2/cmd_vel,27.654669759,0.0,0.0
/epuck2/cmd_vel,27.697987263,0.0,0.0
/epuck2/cmd_vel,27.779068224,0.0,0.0
/epuck2/cmd_vel,27.820089771,0.0,0.0
/epuck2/cmd_vel,27.876662541,0.0,0.0
/epuck2/cmd_vel,27.912734168,0.0,0.0
/epuck2/cmd_vel,27.972053394,0.0,0.0
/epuck2/cmd_vel,28.01306989,0.0,0.0
/epuck2/cmd_vel,28.097180437,0.0,0.0
/epuck2/cmd_vel,28.135473476,0.0,0.0
/epuck2/cmd_vel,28.189704578,0.0,0.0
/epuck2/cmd_vel,28.228992809,0.0,0.0
/epuck2/cmd_vel,28.2874563,0.0,0.0
/epuck2/cmd_vel,28.354498634,0.0019999999999999575,-8.742278012618954e-08
/epuck2/cmd_vel,28.427296185,0.005000000000000071,-8.742278012618954e-08
/epuck2/cmd_vel,28.464509959,0.007000000000000029,-8.742278012618954e-08
/epuck2/cmd_vel,28.521937071,0.009999999999999787,-8.742278012618954e-08
/epuck2/cmd_vel,28.558479952,0.012000000000000099,-8.742278012618954e-08
/epuck2/cmd_vel,28.632951385,0.014999999999999857,-8.742278012618954e-08
/epuck2/cmd_vel,28.673427147,0.016999999999999814,-8.742278012618954e-08
/epuck2/cmd_vel,28.729112299,0.019999999999999928,-8.742278012618954e-08
/epuck2/cmd_vel,28.766751641,0.021999999999999884,-8.742278012618954e-08
/epuck2/cmd_vel,28.825828642,0.024999999999999998,-8.742278012618954e-08
/epuck2/cmd_vel,28.880955102,0.025,-8.742278012618954e-08
/epuck2/cmd_vel,28.939554407,0.025,-8.742278012618954e-08
/epuck2/cmd_vel,28.978172765,0.025,-8.742278012618954e-08
/epuck2/cmd_vel,29.030403822,0.025,-8.742278012618954e-08
/epuck2/cmd_vel,29.069346023,0.025,-8.742278012618954e-08
/epuck2/cmd_vel,29.147022291,0.025,-8.742278012618954e-08
/epuck2/cmd_vel,29.187990285,0.025,-8.742278012618954e-08
/epuck2/cmd_vel,29.242766023,0.025,-8.742278012618954e-08
/epuck2/cmd_vel,29.279164643,0.025,-8.742278012618954e-08
/epuck2/cmd_vel,29.340738487,0.025,-8.742278012618954e-08
/epuck2/cmd_vel,29.396864254,0.025,-8.742278012618954e-08
/epuck2/cmd_vel,29.455652309,0.025,-8.742278012618954e-08
/epuck2/cmd_vel,29.49204933,0.025,-8.742278012618954e-08
/epuck2/cmd_vel,29.547247533,0.025,-8.742278012618954e-08
/epuck2/cmd_vel,29.588297961,0.025,-8.742278012618954e-08
/epuck2/cmd_vel,29.671638335,0.025,-8.742278012618954e-08
/epuck2/cmd_vel,29.711737618,0.025,-8.742278012618954e-08
/epuck2/cmd_vel,29.766389754,0.025,-8.742278012618954e-08
/epuck2/cmd_vel,29.804470164,0.025,-8.742278012618954e-08
/epuck2/cmd_vel,29.864218835,0.025,-8.742278012618954e-08
/epuck2/cmd_vel,29.902822843,0.025,-8.742278012618954e-08
/epuck2/cmd_vel,29.988834437,0.025,-8.742278012618954e-08
/epuck2/cmd_vel,30.027452287,0.025,-8.742278012618954e-08
/epuck2/cmd_vel,30.082218986,0.025,-8.742278012618954e-08
/epuck2/cmd_vel,30.118929407,0.025,-8.742278012618954e-08
/epuck2/cmd_vel,30.177680063,0.025,-8.742278012618954e-08
/epuck2/cmd_vel,30.23082588,0.025,-8.742278012618954e-08
/epuck2/cmd_vel,30.317250292,0.025,-8.742278012618954e-08
/epuck2/cmd_vel,30.356811826,0.025,-8.742278012618954e-08
/epuck2/cmd_vel,30.409685239,0.025,-8.742278012618954e-08
/epuck2/cmd_vel,30.445394807,0.025,-8.742278012618954e-08
/epuck2/cmd_vel,30.521126769,0.025,-8.742278012618954e-08
/epuck2/cmd_vel,30.564423524,0.025,-8.742278012618954e-08
/epuck2/cmd_vel,30.619387606,0.025,-8.742278012618954e-08
/epuck2/cmd_vel,30.653939559,0.025,-8.742278012618954e-08
/epuck2/cmd_vel,30.713037338,0.025,-8.742278012618954e-08
/epuck2/cmd_vel,30.771924496,0.025,-8.742278012618954e-08
/epuck2/cmd_vel,30.831594988,0.025,-8.742278012618954e-08
/epuck2/cmd_vel,30.86963965,0.025,-8.742278012618954e-08
/epuck2/cmd_vel,30.925328784,0.025,-8.742278012618954e-08
/epuck2/cmd_vel,30.965053586,0.025,-8.742278012618954e-08
/epuck2/cmd_vel,31.044146367,0.025,-8.742278012618954e-08
/epuck2/cmd_vel,31.08116528,0.025,-8.742278012618954e-08
/epuck2/cmd_vel,31.13640746,0.025,-8.742278012618954e-08
/epuck2/cmd_vel,31.174146834,0.025,-8.742278012618954e-08
/epuck2/cmd_vel,31.233504945,0.025,-8.742278012618954e-08
/epuck2/cmd_vel,31.2885442,0.025,-8.742278012618954e-08
/epuck2/cmd_vel,31.348769651,0.025,-8.742278012618954e-08
/epuck2/cmd_vel,31.386035803,0.025,-8.742278012618954e-08
/epuck2/cmd_vel,31.441143335,0.025,-8.742278012618954e-08
/epuck2/cmd_vel,31.483995815,0.025,-8.742278012618954e-08
/epuck2/cmd_vel,31.56772066,0.025,-8.742278012618954e-08
/epuck2/cmd_vel,31.610914522,0.025,-8.742278012618954e-08
/epuck2/cmd_vel,31.66798362,0.025,-8.742278012618954e-08
/epuck2/cmd_vel,31.704087069,0.025,-8.742278012618954e-08
/epuck2/cmd_vel,31.763343617,0.025,-8.742278012618954e-08
/epuck2/cmd_vel,31.819770256,0.025,-8.742278012618954e-08
/epuck2/cmd_vel,31.878569272,0.025,-8.742278012618954e-08
/epuck2/cmd_vel,31.914966956,0.025,-8.742278012618954e-08
/epuck2/cmd_vel,31.967082172,0.025,-8.742278012618954e-08
/epuck2/cmd_vel,32.007183128,0.025,-8.742278012618954e-08
/epuck2/cmd_vel,32.083122603,0.025,-8.742278012618954e-08
/epuck2/cmd_vel,32.136473513,0.025,-8.742278012618954e-08
/epuck2/cmd_vel,32.195126108,0.025,-8.742278012618954e-08
/epuck2/cmd_vel,32.231345589,0.025,-8.742278012618954e-08
/epuck2/cmd_vel,32.288794263,0.025,-8.742278012618954e-08
/epuck2/cmd_vel,32.328160457,0.025,-8.742278012618954e-08
/epuck2/cmd_vel,32.412069349,0.025,-8.742278012618954e-08
/epuck2/cmd_vel,32.451670274,0.025,-8.742278012618954e-08
/epuck2/cmd_vel,32.506512155,0.025,-8.742278012618954e-08
/epuck2/cmd_vel,32.543285287,0.025,-8.742278012618954e-08
/epuck2/cmd_vel,32.602428091,0.025,-8.742278012618954e-08
/epuck2/cmd_vel,32.645107877,0.025,-8.742278012618954e-08
/epuck2/cmd_vel,32.718732318,0.025,-8.742278012618954e-08
/epuck2/cmd_vel,32.75657106,0.025,-8.742278012618954e-08
/epuck2/cmd_vel,32.811148543,0.025,-8.742278012618954e-08
/epuck2/cmd_vel,32.849866935,0.025,-8.742278012618954e-08
/epuck2/cmd_vel,32.922710968,0.025,-8.742278012618954e-08
/epuck2/cmd_vel,32.963974415,0.025,-8.742278012618954e-08
/epuck2/cmd_vel,33.020810174,0.025,-8.742278012618954e-08
/epuck2/cmd_vel,33.056559209,0.025,-8.742278012618954e-08
/epuck2/cmd_vel,33.112924437,0.025,-8.742278012618954e-08
/epuck2/cmd_vel,33.173553,0.025,-8.742278012618954e-08
/epuck2/cmd_vel,33.232059064,0.025,-8.742278012618954e-08
/epuck2/cmd_vel,33.270176285,0.025,-8.742278012618954e-08
/epuck2/cmd_vel,33.323318635,0.025,-8.742278012618954e-08
/epuck2/cmd_vel,33.362104379,0.025,-8.742278012618954e-08
/epuck2/cmd_vel,33.441755582,0.025,-8.742278012618954e-08
/epuck2/cmd_vel,33.48291893,0.025,-8.742278012618954e-08
/epuck2/cmd_vel,33.536754753,0.025,-8.742278012618954e-08
/epuck2/cmd_vel,33.572591562,0.025,-8.742278012618954e-08
/epuck2/cmd_vel,33.633152291,0.025,-8.742278012618954e-08
/epuck2/cmd_vel,33.69280803,0.025,-8.742278012618954e-08
/epuck2/cmd_vel,33.752402247,0.025,-8.742278012618954e-08
/epuck2/cmd_vel,33.789169296,0.025,-8.742278012618954e-08
/epuck2/cmd_vel,33.84303701,0.025,-8.742278012618954e-08
/epuck2/cmd_vel,33.885187504,0.025,-8.742278012618954e-08
/epuck2/cmd_vel,33.961396279,0.025,-8.742278012618954e-08
/epuck2/cmd_vel,33.99878633,0.025,-8.742278012618954e-08
/epuck2/cmd_vel,34.054201195,0.025,-8.742278012618954e-08
/epuck2/cmd_vel,34.091400615,0.025,-8.742278012618954e-08
/epuck2/cmd_vel,34.172222779,0.025,-8.742278012618954e-08
/epuck2/cmd_vel,34.212182981,0.025,-8.742278012618954e-08
/epuck2/cmd_vel,34.266839803,0.025,-8.742278012618954e-08
/epuck2/cmd_vel,34.300463666,0.025,-8.742278012618954e-08
/epuck2/cmd_vel,34.360780315,0.025,-8.742278012618954e-08
/epuck2/cmd_vel,34.417105862,0.025,-8.742278012618954e-08
/epuck2/cmd_vel,34.477787854,0.025,-8.742278012618954e-08
/epuck2/cmd_vel,34.512251514,0.025,-8.742278012618954e-08
/epuck2/cmd_vel,34.565082571,0.025,-8.742278012618954e-08
/epuck2/cmd_vel,34.606225508,0.025,-8.742278012618954e-08
/epuck2/cmd_vel,34.683212136,0.025,-8.742278012618954e-08
/epuck2/cmd_vel,34.720705977,0.025,-8.742278012618954e-08
/epuck2/cmd_vel,34.773073806,0.025,-8.742278012618954e-08
/epuck2/cmd_vel,34.808687755,0.025,-8.742278012618954e-08
/epuck2/cmd_vel,34.869390248,0.025,-8.742278012618954e-08
/epuck2/cmd_vel,34.922242456,0.025,-8.742278012618954e-08
/epuck2/cmd_vel,34.992297742,0.025,-8.742278012618954e-08
/epuck2/cmd_vel,35.030684766,0.025,-8.742278012618954e-08
/epuck2/cmd_vel,35.082977561,0.025,-8.742278012618954e-08
/epuck2/cmd_vel,35.11955944,0.025,-8.742278012618954e-08
/epuck2/cmd_vel,35.181993144,0.025,-8.742278012618954e-08
/epuck2/cmd_vel,35.241123635,0.025,-8.742278012618954e-08
/epuck2/cmd_vel,35.301679338,0.025,-8.742278012618954e-08
/epuck2/cmd_vel,35.335479118,0.025,-8.742278012618954e-08
/epuck2/cmd_vel,35.389924304,0.025,-8.742278012618954e-08
/epuck2/cmd_vel,35.427483137,0.025,-8.742278012618954e-08
/epuck2/cmd_vel,35.502759216,0.025,-8.742278012618954e-08
/epuck2/cmd_vel,35.554239966,0.025,-8.742278012618954e-08
/epuck2/cmd_vel,35.614486033,0.025,-8.742278012618954e-08
/epuck2/cmd_vel,35.647900368,0.025,-8.742278012618954e-08
/epuck2/cmd_vel,35.702832111,0.025,-8.742278012618954e-08
/epuck2/cmd_vel,35.744341687,0.025,-8.742278012618954e-08
/epuck2/cmd_vel,35.818745073,0.025,-8.742278012618954e-08
/epuck2/cmd_vel,35.854089094,0.025,-8.742278012618954e-08
/epuck2/cmd_vel,35.908367178,0.025,-8.742278012618954e-08
/epuck2/cmd_vel,35.942986703,0.025,-8.742278012618954e-08
/epuck2/cmd_vel,36.022420226,0.025,-8.742278012618954e-08
/epuck2/cmd_vel,36.062468022,0.025,-8.742278012618954e-08
/epuck2/cmd_vel,36.119270755,0.025,-8.742278012618954e-08
/epuck2/cmd_vel,36.154239034,0.025,-8.742278012618954e-08
/epuck2/cmd_vel,36.210159203,0.025,-8.742278012618954e-08
/epuck2/cmd_vel,36.267474485,0.025,-8.742278012618954e-08
/epuck2/cmd_vel,36.325190297,0.025,-8.742278012618954e-08
/epuck2/cmd_vel,36.361765811,0.025,-8.742278012618954e-08
/epuck2/cmd_vel,36.414152165,0.025,-8.742278012618954e-08
/epuck2/cmd_vel,36.455224291,0.025,-8.742278012618954e-08
/epuck2/cmd_vel,36.534947411,0.025,-8.742278012618954e-08
/epuck2/cmd_vel,36.576458154,0.025,-8.742278012618954e-08
/epuck2/cmd_vel,36.627967075,0.025,-8.742278012618954e-08
/epuck2/cmd_vel,36.66302523,0.025,-8.742278012618954e-08
/epuck2/cmd_vel,36.725068838,0.025,-8.742278012618954e-08
/epuck2/cmd_vel,36.787920656,0.025,-8.742278012618954e-08
/epuck2/cmd_vel,36.845097417,0.025,-8.742278012618954e-08
/epuck2/cmd_vel,36.881084359,0.025,-8.742278012618954e-08
/epuck2/cmd_vel,36.93603654,0.025,-8.742278012618954e-08
/epuck2/cmd_vel,36.976075941,0.025,-8.742278012618954e-08
/epuck2/cmd_vel,37.052550216,0.025,-8.742278012618954e-08
/epuck2/cmd_vel,37.090818864,0.025,-8.742278012618954e-08
/epuck2/cmd_vel,37.142744684,0.025,-8.742278012618954e-08
/epuck2/cmd_vel,37.182399772,0.025,-8.742278012618954e-08
/epuck2/cmd_vel,37.261199397,0.025,-8.742278012618954e-08
/epuck2/cmd_vel,37.301703608,0.025,-8.742278012618954e-08
/epuck2/cmd_vel,37.356998454,0.025,-8.742278012618954e-08
/epuck2/cmd_vel,37.392948344,0.025,-8.742278012618954e-08
/epuck2/cmd_vel,37.449544539,0.025,-8.742278012618954e-08
/epuck2/cmd_vel,37.495042314,0.025,-8.742278012618954e-08
/epuck2/cmd_vel,37.577116185,0.025,-8.742278012618954e-08
/epuck2/cmd_vel,37.616200598,0.025,-8.742278012618954e-08
/epuck2/cmd_vel,37.671447205,0.025,-8.742278012618954e-08
/epuck2/cmd_vel,37.705813304,0.025,-8.742278012618954e-08
/epuck2/cmd_vel,37.767308583,0.025,-8.742278012618954e-08
/epuck2/cmd_vel,37.818794761,0.025,-8.742278012618954e-08
/epuck2/cmd_vel,37.889570974,0.025,-8.742278012618954e-08
/epuck2/cmd_vel,37.92754766,0.025,-8.742278012618954e-08
/epuck2/cmd_vel,37.981261388,0.025,-8.742278012618954e-08
/epuck2/cmd_vel,38.01888088,0.025,-8.742278012618954e-08
/epuck2/cmd_vel,38.084609714,0.025,-8.742278012618954e-08
/epuck2/cmd_vel,38.144419819,0.025,-8.742278012618954e-08
/epuck2/cmd_vel,38.204368229,0.025,-8.742278012618954e-08
/epuck2/cmd_vel,38.24184692,0.025,-8.742278012618954e-08
/epuck2/cmd_vel,38.295479762,0.025,-8.742278012618954e-08
/epuck2/cmd_vel,38.338329855,0.025,-8.742278012618954e-08
/epuck2/cmd_vel,38.406942311,0.025,-8.742278012618954e-08
/epuck2/cmd_vel,38.459237445,0.025,-8.742278012618954e-08
/epuck2/cmd_vel,38.514835309,0.025,-8.742278012618954e-08
/epuck2/cmd_vel,38.551544288,0.025,-8.742278012618954e-08
/epuck2/cmd_vel,38.605981093,0.025,-8.742278012618954e-08
/epuck2/cmd_vel,38.648047495,0.025,-8.742278012618954e-08
/epuck2/cmd_vel,38.725486467,0.025,-8.742278012618954e-08
/epuck2/cmd_vel,38.765793756,0.025,-8.742278012618954e-08
/epuck2/cmd_vel,38.81834443,0.025,-8.742278012618954e-08
/epuck2/cmd_vel,38.856696954,0.025,-8.742278012618954e-08
/epuck2/cmd_vel,38.914078279,0.025,-8.742278012618954e-08
/epuck2/cmd_vel,38.973135221,0.025,-8.742278012618954e-08
/epuck2/cmd_vel,39.02858123,0.025,-8.742278012618954e-08
/epuck2/cmd_vel,39.063767178,0.025,-8.742278012618954e-08
/epuck2/cmd_vel,39.121134325,0.025,-8.742278012618954e-08
/epuck2/cmd_vel,39.161285517,0.025,-8.742278012618954e-08
/epuck2/cmd_vel,39.238874884,0.025,-8.742278012618954e-08
/epuck2/cmd_vel,39.279657103,0.025,-8.742278012618954e-08
/epuck2/cmd_vel,39.331813784,0.025,-8.742278012618954e-08
/epuck2/cmd_vel,39.371463649,0.025,-8.742278012618954e-08
/epuck2/cmd_vel,39.444535482,0.025,-8.742278012618954e-08
/epuck2/cmd_vel,39.485159744,0.025,-8.742278012618954e-08
/epuck2/cmd_vel,39.543153525,0.025,-8.742278012618954e-08
/epuck2/cmd_vel,39.577696764,0.025,-8.742278012618954e-08
/epuck2/cmd_vel,39.634592138,0.025,-8.742278012618954e-08
/epuck2/cmd_vel,39.695053415,0.025,-8.742278012618954e-08
/epuck2/cmd_vel,39.752262605,0.025,-8.742278012618954e-08
/epuck2/cmd_vel,39.78935062,0.025,-8.742278012618954e-08
/epuck2/cmd_vel,39.841925391,0.025,-8.742278012618954e-08
/epuck2/cmd_vel,39.883128963,0.025,-8.742278012618954e-08
/epuck2/cmd_vel,39.952882529,0.025,-8.742278012618954e-08
/epuck2/cmd_vel,40.006705536,0.025,-8.742278012618954e-08
/epuck2/cmd_vel,40.061862636,0.025,-8.742278012618954e-08
/epuck2/cmd_vel,40.097263003,0.025,-8.742278012618954e-08
/epuck2/cmd_vel,40.153902852,0.025,-8.742278012618954e-08
/epuck2/cmd_vel,40.195451553,0.025,-8.742278012618954e-08
/epuck2/cmd_vel,40.278728759,0.025,-8.742278012618954e-08
/epuck2/cmd_vel,40.320270871,0.025,-8.742278012618954e-08
/epuck2/cmd_vel,40.376711948,0.025,-8.742278012618954e-08
/epuck2/cmd_vel,40.409310448,0.025,-8.742278012618954e-08
/epuck2/cmd_vel,40.467433744,0.025,-8.742278012618954e-08
/epuck2/cmd_vel,40.525235772,0.025,-8.742278012618954e-08
/epuck2/cmd_vel,40.583751319,0.025,-8.742278012618954e-08
/epuck2/cmd_vel,40.619580976,0.025,-8.742278012618954e-08
/epuck2/cmd_vel,40.673565017,0.025,-8.742278012618954e-08
/epuck2/cmd_vel,40.713522349,0.025,-8.742278012618954e-08
/epuck2/cmd_vel,40.791917926,0.025,-8.742278012618954e-08
/epuck2/cmd_vel,40.83356118,0.025,-8.742278012618954e-08
/epuck2/cmd_vel,40.888185029,0.025,-8.742278012618954e-08
/epuck2/cmd_vel,40.924479773,0.025,-8.742278012618954e-08
/epuck2/cmd_vel,40.986497074,0.025,-8.742278012618954e-08
/epuck2/cmd_vel,41.040843308,0.025,-8.742278012618954e-08
/epuck2/cmd_vel,41.099046289,0.025,-8.742278012618954e-08
/epuck2/cmd_vel,41.136123663,0.025,-8.742278012618954e-08
/epuck2/cmd_vel,41.19137042,0.025,-8.742278012618954e-08
/epuck2/cmd_vel,41.232309831,0.025,-8.742278012618954e-08
/epuck2/cmd_vel,41.309929312,0.025,-8.742278012618954e-08
/epuck2/cmd_vel,41.345563413,0.025,-8.742278012618954e-08
/epuck2/cmd_vel,41.400320727,0.025,-8.742278012618954e-08
/epuck2/cmd_vel,41.436503967,0.025,-8.742278012618954e-08
/epuck2/cmd_vel,41.502899801,0.025,-8.742278012618954e-08
/epuck2/cmd_vel,41.566693392,0.025,-8.742278012618954e-08
/epuck2/cmd_vel,41.626774084,0.025,-8.742278012618954e-08
/epuck2/cmd_vel,41.66409573,0.025,-8.742278012618954e-08
/epuck2/cmd_vel,41.718277153,0.025,-8.742278012618954e-08
/epuck2/cmd_vel,41.756252255,0.025,-8.742278012618954e-08
/epuck2/cmd_vel,41.832234859,0.025,-8.742278012618954e-08
/epuck2/cmd_vel,41.872144662,0.025,-8.742278012618954e-08
/epuck2/cmd_vel,41.926800084,0.025,-8.742278012618954e-08
/epuck2/cmd_vel,41.962045953,0.025,-8.742278012618954e-08
/epuck2/cmd_vel,42.022168634,0.025,-8.742278012618954e-08
/epuck2/cmd_vel,42.076074433,0.025,-8.742278012618954e-08
/epuck2/cmd_vel,42.150458422,0.025,-8.742278012618954e-08
/epuck2/cmd_vel,42.184489821,0.025,-8.742278012618954e-08
/epuck2/cmd_vel,42.23943022,0.025,-8.742278012618954e-08
/epuck2/cmd_vel,42.279401822,0.025,-8.742278012618954e-08
/epuck2/cmd_vel,42.338371457,0.025,-8.742278012618954e-08
/epuck2/cmd_vel,42.401913404,0.025,-8.742278012618954e-08
/epuck2/cmd_vel,42.46209294,0.025,-8.742278012618954e-08
/epuck2/cmd_vel,42.497087537,0.025,-8.742278012618954e-08
/epuck2/cmd_vel,42.551295222,0.019000000000000485,-0.18000008742276563
/epuck2/cmd_vel,42.591869715,0.01499999999999986,-0.3000000874227844
/epuck2/cmd_vel,42.668780855,0.009000000000000345,-0.4800000874227699
/epuck2/cmd_vel,42.718306837,0.006,-0.6000000874227673
/epuck2/cmd_vel,42.778143325,0.006,-0.65
/epuck2/cmd_vel,42.812900373,0.006,-0.65
/epuck2/cmd_vel,42.867717922,0.006,-0.65
/epuck2/cmd_vel,42.90956367,0.006,-0.65
/epuck2/cmd_vel,42.983680476,0.006,-0.65
/epuck2/cmd_vel,43.022857594,0.006,-0.65
/epuck2/cmd_vel,43.076222589,0.006,-0.65
/epuck2/cmd_vel,43.112355719,0.006,-0.65
/epuck2/cmd_vel,43.191868567,0.006,-0.65
/epuck2/cmd_vel,43.233551037,0.006,-0.65
/epuck2/cmd_vel,43.289647337,0.006,-0.65
/epuck2/cmd_vel,43.327217629,0.006,-0.65
/epuck2/cmd_vel,43.382450135,0.009000000000000114,-0.4099999999999909
/epuck2/cmd_vel,43.439075789,0.011000000000000072,-0.24999999999999434
/epuck2/cmd_vel,43.501158365,0.012,-0.009999999999985243
/epuck2/cmd_vel,43.537809273,0.012,0.067479586596515
/epuck2/cmd_vel,43.59046427,0.012,0.09130232333662729
/epuck2/cmd_vel,43.630842716,0.012,0.09130232333662729
/epuck2/cmd_vel,43.708699036,0.012,0.07939074038984995
/epuck2/cmd_vel,43.750183896,0.012,0.07939074038984995
/epuck2/cmd_vel,43.802389081,0.012,0.06350905894758921
/epuck2/cmd_vel,43.840395968,0.012,0.06350905894758921
/epuck2/cmd_vel,43.900387946,0.012,0.06350905894758921
/epuck2/cmd_vel,43.955422441,0.012,0.05159747600081186
/epuck2/cmd_vel,44.013201335,0.012,0.05159747600081186
/epuck2/cmd_vel,44.048279753,0.012,0.03968589305403452
/epuck2/cmd_vel,44.105945478,0.012,0.03968589305403452
/epuck2/cmd_vel,44.145610137,0.012,0.027774310107257172
/epuck2/cmd_vel,44.22659308,0.012,0.027774310107257172
/epuck2/cmd_vel,44.2625526,0.012,0.019833683962847994
/epuck2/cmd_vel,44.317358561,0.012,0.019833683962847994
/epuck2/cmd_vel,44.35378393,0.012,0.019833683962847994
/epuck2/cmd_vel,44.414098251,0.012,0.019833683962847994
/epuck2/cmd_vel,44.476599409,0.012,0.019833683962847994
/epuck2/cmd_vel,44.533839503,0.012,0.01189262866499643
/epuck2/cmd_vel,44.57033433,0.012,0.01189262866499643
/epuck2/cmd_vel,44.62368526,0.012,0.01189262866499643
/epuck2/cmd_vel,44.663453009,0.012,0.01189262866499643
/epuck2/cmd_vel,44.742514872,0.012,0.007922101016070649
/epuck2/cmd_vel,44.781031474,0.012,0.007922101016070649
/epuck2/cmd_vel,44.83662618,0.012,0.003951573367144867
/epuck2/cmd_vel,44.872687825,0.012,0.003951573367144867
/epuck2/cmd_vel,44.933103678,0.012,-1.895428178091442e-05
/epuck2/cmd_vel,44.990465537,0.012,-1.8954281780914074e-05
/epuck2/cmd_vel,45.046542891,0.012,0.003951573367144867
/epuck2/cmd_vel,45.083144604,0.012,0.003951573367144867
/epuck2/cmd_vel,45.144061306,0.012,-1.895428178091442e-05
/epuck2/cmd_vel,45.18269296,0.012,-1.8954281780914074e-05
/epuck2/cmd_vel,45.25965011,0.012,0.003951573367144867
/epuck2/cmd_vel,45.29649601,0.012,0.003951573367144867
/epuck2/cmd_vel,45.350662274,0.012,-1.895428178091442e-05
/epuck2/cmd_vel,45.387117693,0.012,-1.8954281780914074e-05
/epuck2/cmd_vel,45.462754613,0.012,-1.8954281780914074e-05
/epuck2/cmd_vel,45.506538558,0.012,0.003951573367144867
/epuck2/cmd_vel,45.559856102,0.012,0.003951573367144867
/epuck2/cmd_vel,45.596510804,0.012,-1.895428178091442e-05
/epuck2/cmd_vel,45.654300965,0.012,-1.8954281780914074e-05
/epuck2/cmd_vel,45.696218226,0.012,-1.8954281780914074e-05
/epuck2/cmd_vel,45.779486037,0.012,-1.8954281780914074e-05
/epuck2/cmd_vel,45.817951439,0.012,-1.8954281780914074e-05
/epuck2/cmd_vel,45.873143518,0.012,-1.8954281780914074e-05
/epuck2/cmd_vel,45.9083933,0.012,-1.8954281780914074e-05
/epuck2/cmd_vel,45.968810521,0.012,-1.8954281780914074e-05
/epuck2/cmd_vel,46.020630309,0.012,-1.8954281780914074e-05
/epuck2/cmd_vel,46.088339766,0.012,-1.8954281780914074e-05
/epuck2/cmd_vel,46.127223342,0.012,-1.8954281780914074e-05
/epuck2/cmd_vel,46.183310964,0.012,-1.8954281780914074e-05
/epuck2/cmd_vel,46.218143043,0.012,-1.8954281780914074e-05
/epuck2/cmd_vel,46.286017745,0.012,-1.8954281780914074e-05
/epuck2/cmd_vel,46.335688949,0.012,-1.8954281780914074e-05
/epuck2/cmd_vel,46.392636822,0.012,-1.8954281780914074e-05
/epuck2/cmd_vel,46.428351106,0.012,-1.8954281780914074e-05
/epuck2/cmd_vel,46.484962802,0.012,-1.8954281780914074e-05
/epuck2/cmd_vel,46.5270485,0.012,-1.8954281780914074e-05
/epuck2/cmd_vel,46.604633843,0.012,-1.8954281780914074e-05
/epuck2/cmd_vel,46.640154143,0.012,-1.8954281780914074e-05
/epuck2/cmd_vel,46.694408103,0.012,-1.8954281780914074e-05
/epuck2/cmd_vel,46.731859656,0.012,-1.8954281780914074e-05
/epuck2/cmd_vel,46.809893136,0.012,-1.8954281780914074e-05
/epuck2/cmd_vel,46.850301571,0.012,-1.8954281780914074e-05
/epuck2/cmd_vel,46.907223204,0.012,-1.8954281780914074e-05
/epuck2/cmd_vel,46.944034517,0.012,-1.8954281780914074e-05
/epuck2/cmd_vel,47.003026113,0.012,-1.8954281780914074e-05
/epuck2/cmd_vel,47.056631614,0.012,-1.8954281780914074e-05
/epuck2/cmd_vel,47.115051263,0.012,-1.8954281780914074e-05
/epuck2/cmd_vel,47.15164206,0.012,0.003951573367144867
/epuck2/cmd_vel,47.20687669,0.012,0.003951573367144867
/epuck2/cmd_vel,47.244622654,0.012,-1.895428178091442e-05
/epuck2/cmd_vel,47.325942209,0.012,-1.8954281780914074e-05
/epuck2/cmd_vel,47.363069529,0.012,-1.8954281780914074e-05
/epuck2/cmd_vel,47.41802098,0.012,-1.8954281780914074e-05
/epuck2/cmd_vel,47.456353658,0.012,-1.8954281780914074e-05
/epuck2/cmd_vel,47.516477772,0.012,-1.8954281780914074e-05
/epuck2/cmd_vel,47.572556053,0.012,-1.8954281780914074e-05
/epuck2/cmd_vel,47.631740426,0.012,-0.003989481930706695
/epuck2/cmd_vel,47.66678112,0.012,-0.003989481930706695
/epuck2/cmd_vel,47.722925357,0.012,-1.895428178091442e-05
/epuck2/cmd_vel,47.764561394,0.012,-1.8954281780914074e-05
/epuck2/cmd_vel,47.839621322,0.012,0.003951573367144867
/epuck2/cmd_vel,47.877752478,0.012,0.003951573367144867
/epuck2/cmd_vel,47.929492881,0.012,-1.895428178091442e-05
/epuck2/cmd_vel,47.965946878,0.012,-1.8954281780914074e-05
/epuck2/cmd_vel,48.044557652,0.012,-1.8954281780914074e-05
/epuck2/cmd_vel,48.085225052,0.012,-1.8954281780914074e-05
/epuck2/cmd_vel,48.142849832,0.012,-1.8954281780914074e-05
/epuck2/cmd_vel,48.175262641,0.012,-1.8954281780914074e-05
/epuck2/cmd_vel,48.234478472,0.012,-1.8954281780914074e-05
/epuck2/cmd_vel,48.290420106,0.012,-1.8954281780914074e-05
/epuck2/cmd_vel,48.352518109,0.012,-1.8954281780914074e-05
/epuck2/cmd_vel,48.387551474,0.012,-1.8954281780914074e-05
/epuck2/cmd_vel,48.443202855,0.012,-1.8954281780914074e-05
/epuck2/cmd_vel,48.482810817,0.012,-1.8954281780914074e-05
/epuck2/cmd_vel,48.561295573,0.012,-1.8954281780914074e-05
/epuck2/cmd_vel,48.603043961,0.012,-1.8954281780914074e-05
/epuck2/cmd_vel,48.656132458,0.012,-1.8954281780914074e-05
/epuck2/cmd_vel,48.692078588,0.012,-1.8954281780914074e-05
/epuck2/cmd_vel,48.750727383,0.012,-1.8954281780914074e-05
/epuck2/cmd_vel,48.80411631,0.012,-1.8954281780914074e-05
/epuck2/cmd_vel,48.86359315,0.012,-1.8954281780914074e-05
/epuck2/cmd_vel,48.899734829,0.012,-1.8954281780914074e-05
/epuck2/cmd_vel,48.953727197,0.012,-1.8954281780914074e-05
/epuck2/cmd_vel,48.995113902,0.012,-1.8954281780914074e-05
/epuck2/cmd_vel,49.076408759,0.012,-1.8954281780914074e-05
/epuck2/cmd_vel,49.119928934,0.012,-1.8954281780914074e-05
/epuck2/cmd_vel,49.174745635,0.012,-1.8954281780914074e-05
/epuck2/cmd_vel,49.210753118,0.012,-1.8954281780914074e-05
/epuck2/cmd_vel,49.267210106,0.012,-1.8954281780914074e-05
/epuck2/cmd_vel,49.310102503,0.012,-1.8954281780914074e-05
/epuck2/cmd_vel,49.391104523,0.012,-1.8954281780914074e-05
/epuck2/cmd_vel,49.431161738,0.012,-1.8954281780914074e-05
/epuck2/cmd_vel,49.48707356,0.012,-1.8954281780914074e-05
/epuck2/cmd_vel,49.523556866,0.012,-1.8954281780914074e-05
/epuck2/cmd_vel,49.585456232,0.012,-1.8954281780914074e-05
/epuck2/cmd_vel,49.640145123,0.012,-1.8954281780914074e-05
/epuck2/cmd_vel,49.700070558,0.012,-1.8954281780914074e-05
/epuck2/cmd_vel,49.734435061,0.012,-1.8954281780914074e-05
/epuck2/cmd_vel,49.788760973,0.012,-1.8954281780914074e-05
/epuck2/cmd_vel,49.828496616,0.012,0.1599810457182441
/epuck2/cmd_vel,49.905932296,0.012,0.3
/epuck2/cmd_vel,49.943755456,0.012,0.3
/epuck2/cmd_vel,49.999872165,0.012,0.3
/epuck2/cmd_vel,50.034368755,0.012,0.3
/epuck2/cmd_vel,50.112187694,0.012,0.3
/epuck2/cmd_vel,50.154517819,0.012,0.3
/epuck2/cmd_vel,50.207823075,0.012,0.3
/epuck2/cmd_vel,50.243006489,0.012,0.3
/epuck2/cmd_vel,50.301047716,0.012,0.3
/epuck2/cmd_vel,50.345235612,0.012,0.3
/epuck2/cmd_vel,50.425797666,0.012,0.3
/epuck2/cmd_vel,50.465865355,0.012,0.3
/epuck2/cmd_vel,50.520026621,0.012,0.3
/epuck2/cmd_vel,50.555571288,0.012,0.3
/epuck2/cmd_vel,50.617640132,0.012,0.3
/epuck2/cmd_vel,50.67198349,0.012,0.3
/epuck2/cmd_vel,50.729316772,0.012,0.2699937725035525
/epuck2/cmd_vel,50.764081063,0.012,0.2699937725035525
/epuck2/cmd_vel,50.820955225,0.012,0.23558281898182404
/epuck2/cmd_vel,50.862486211,0.012,0.23558281898182404
/epuck2/cmd_vel,50.936968471,0.012,0.2011718654600955
/epuck2/cmd_vel,50.976520819,0.012,0.2011718654600955
/epuck2/cmd_vel,51.027950501,0.012,0.17205466270130643
/epuck2/cmd_vel,51.066476417,0.012,0.17205466270130643
/epuck2/cmd_vel,51.14003477,0.012,0.14823178291004666
/epuck2/cmd_vel,51.18426885,0.012,0.14823178291004666
/epuck2/cmd_vel,51.240622548,0.012,0.12440890311878691
/epuck2/cmd_vel,51.296090671,0.012,0.12440890311878691
/epuck2/cmd_vel,51.337137444,0.012,0.12440890311878691
/epuck2/cmd_vel,51.392854139,0.012,0.10852679252308377
/epuck2/cmd_vel,51.452672067,0.012,0.10852679252308377
/epuck2/cmd_vel,51.492381744,0.012,0.09264496802967556
/epuck2/cmd_vel,51.544555244,0.015000000000000114,0.07720414002472964
/epuck2/cmd_vel,51.582013401,0.017000000000000428,0.07720414002472964
/epuck2/cmd_vel,51.663191623,0.01999999999999983,0.06617489655549137
/epuck2/cmd_vel,51.703364701,0.022000000000000144,0.06617489655549137
/epuck2/cmd_vel,51.757752087,0.025,0.05514565308625308
/epuck2/cmd_vel,51.811315692,0.025,0.05514565308625308
/epuck2/cmd_vel,51.852294194,0.025,0.05514565308625308
/epuck2/cmd_vel,51.908384085,0.025,0.04411664803559389
/epuck2/cmd_vel,51.964782737,0.025,0.04411664803559389
/epuck2/cmd_vel,52.00109585,0.0,0.0
/epuck2/cmd_vel,52.059446994,0.0,0.0
/epuck2/cmd_vel,52.09996926,0.0,0.0
/epuck2/cmd_vel,52.177022658,0.0,0.0
/epuck2/cmd_vel,52.218963547,0.0,0.0
/epuck2/cmd_vel,52.275645804,0.0,0.0
/epuck2/cmd_vel,52.331820946,0.0,0.0
/epuck2/cmd_vel,52.371160776,0.0,0.0
/epuck2/cmd_vel,52.42760994,0.0,0.0
/epuck2/cmd_vel,52.489580965,0.0,0.0
/epuck2/cmd_vel,52.525193601,0.0,0.0
/epuck2/cmd_vel,52.579270107,0.0,0.0
/epuck2/cmd_vel,52.62073323,0.0,0.0
/epuck2/cmd_vel,52.708299776,0.0,0.0
/epuck2/cmd_vel,52.758836062,0.0,0.0
/epuck2/cmd_vel,52.81761466,0.0,0.0
/epuck2/cmd_vel,52.871274792,0.0,0.0
/epuck2/cmd_vel,52.909693074,0.0,0.0
/epuck2/cmd_vel,52.951957268,0.0,0.0
/epuck2/cmd_vel,53.064718617,0.0,0.0
/epuck2/cmd_vel,53.106662376,0.0,0.0
/epuck2/cmd_vel,53.165208927,0.0,0.0
/epuck2/cmd_vel,53.200209842,0.0,0.0
/epuck2/cmd_vel,53.258714468,0.0,0.0
/epuck2/cmd_vel,53.300386906,0.0,0.0
/epuck2/cmd_vel,53.39802555,0.0,0.0
/epuck2/cmd_vel,53.45513933,0.0,0.0
/epuck2/cmd_vel,53.493392305,0.0,0.0
/epuck2/cmd_vel,53.528092351,0.0,0.0
/epuck2/cmd_vel,53.590929428,0.0,0.0
/epuck2/cmd_vel,53.642980645,0.0,0.0
/epuck2/cmd_vel,53.702909357,0.0,0.0
/epuck2/cmd_vel,53.737675386,0.0,0.0
/epuck2/cmd_vel,53.792780213,0.0,0.0
/epuck2/cmd_vel,53.835540933,0.0,0.0
/epuck2/cmd_vel,53.910110389,0.0,0.0
/epuck2/cmd_vel,53.968031904,0.0,0.0
/epuck2/cmd_vel,54.002374553,0.0,0.0
/epuck2/cmd_vel,54.042096516,0.0,0.0
/epuck2/cmd_vel,54.119449031,0.0,0.0
/epuck2/cmd_vel,54.162871098,0.0,0.0
/epuck2/cmd_vel,54.219915577,0.0,0.0
/epuck2/cmd_vel,54.254119815,0.0,0.0
/epuck2/cmd_vel,54.314880561,0.0,0.0
/epuck2/cmd_vel,54.366769202,0.0,0.0
/epuck2/cmd_vel,54.424179104,0.0,0.0
/epuck2/cmd_vel,54.48001436,0.0,0.0
/epuck2/cmd_vel,54.519932119,0.0,0.0
/epuck2/cmd_vel,54.556861425,0.0,0.0
/epuck2/cmd_vel,54.636921934,0.0,0.0
/epuck2/cmd_vel,54.67689041,0.0,0.0
/epuck2/cmd_vel,54.731925007,0.0,0.0
/epuck2/cmd_vel,54.767425959,0.0,0.0
/epuck2/cmd_vel,54.831607771,0.0,0.0
/epuck2/cmd_vel,54.887678164,0.0,0.0
/epuck2/cmd_vel,54.944235792,0.0,0.0
/epuck2/cmd_vel,54.997157005,0.0,0.0
/epuck2/cmd_vel,55.036722801,0.0,0.0
/epuck2/cmd_vel,55.0770135,0.0,0.0
/epuck2/cmd_vel,55.156543558,0.0,0.0
/epuck2/cmd_vel,55.193331402,0.0,0.0
/epuck2/cmd_vel,55.251436686,0.0,0.0
/epuck2/cmd_vel,55.290075524,0.0,0.0
/epuck2/cmd_vel,55.3484905,0.0,0.0
/epuck2/cmd_vel,55.411063932,0.0,0.0
/epuck2/cmd_vel,55.473284294,0.0,0.0
/epuck2/cmd_vel,55.525878766,0.0,0.0
/epuck2/cmd_vel,55.568017835,0.0,0.0
/epuck2/cmd_vel,55.609555374,0.0,0.0
/epuck2/cmd_vel,55.682498866,0.0,0.0
/epuck2/cmd_vel,55.73156133,0.0,0.0
/epuck2/cmd_vel,55.790405337,0.0,0.0
/epuck2/cmd_vel,55.828198495,0.0,0.0
/epuck2/cmd_vel,55.884230015,0.0,0.0
/epuck2/cmd_vel,55.923838904,0.0,0.0
/epuck2/cmd_vel,56.00940424,0.0,0.0
/epuck2/cmd_vel,56.049532967,0.0,0.0
/epuck2/cmd_vel,56.106799403,0.0,0.0
/epuck2/cmd_vel,56.140678294,0.0,0.0
/epuck2/cmd_vel,56.201434591,0.0,0.0
/epuck2/cmd_vel,56.254836096,0.0,0.0
/epuck2/cmd_vel,56.315545044,0.0,0.0
/epuck2/cmd_vel,56.352399299,0.0,0.0
/epuck2/cmd_vel,56.408926176,0.0,0.0
/epuck2/cmd_vel,56.448728191,0.0,0.0
/epuck2/cmd_vel,56.524665654,0.0,0.0
/epuck2/cmd_vel,56.56759435,0.0,0.0
/epuck2/cmd_vel,56.623668182,0.0,0.0
/epuck2/cmd_vel,56.656980491,0.0,0.0
/epuck2/cmd_vel,56.718514227,0.0,0.0
/epuck2/cmd_vel,56.777827674,0.0,0.0
/epuck2/cmd_vel,56.836889559,0.0,0.0
/epuck2/cmd_vel,56.87170901,0.0,0.0
/epuck2/cmd_vel,56.930338917,0.0,0.0
/epuck2/cmd_vel,56.971256966,0.0,0.0
/epuck2/cmd_vel,57.04908972,0.0,0.0
/epuck2/cmd_vel,57.084292761,0.0,0.0
/epuck2/cmd_vel,57.140809702,0.0,0.0
/epuck2/cmd_vel,57.177740709,0.0,0.0
/epuck2/cmd_vel,57.257347819,0.0,0.0
/epuck2/cmd_vel,57.29770286,0.0,0.0
/epuck2/cmd_vel,57.354814407,0.0,0.0
/epuck2/cmd_vel,57.392186462,0.0,0.0
/epuck2/cmd_vel,57.452095136,0.0,0.0
/epuck2/cmd_vel,57.509825438,0.0,0.0
/epuck2/cmd_vel,57.567400774,0.0,0.0
/epuck2/cmd_vel,57.607499116,0.0,0.0
/epuck2/cmd_vel,57.660890482,0.0,0.0
/epuck2/cmd_vel,57.700902889,0.0,0.0
/epuck2/cmd_vel,57.778863741,0.0,0.0
/epuck2/cmd_vel,57.82015079,0.0,0.0
/epuck2/cmd_vel,57.873327191,0.0,0.0
/epuck2/cmd_vel,57.911723467,0.0,0.0
/epuck2/cmd_vel,57.972874351,0.0,0.0
/epuck2/cmd_vel,58.02627336,0.0,0.0
/epuck2/cmd_vel,58.114272224,0.0,0.0
/epuck2/cmd_vel,58.151038992,0.0,0.0
/epuck2/cmd_vel,58.202748279,0.0,0.0
/epuck2/cmd_vel,58.238705018,0.0,0.0
/epuck2/cmd_vel,58.29622058,0.0,0.0
/epuck2/cmd_vel,58.335227324,0.0,0.0
/epuck2/cmd_vel,58.419758632,0.0,0.0
/epuck2/cmd_vel,58.459606229,0.0,0.0
/epuck2/cmd_vel,58.518080522,0.0,0.0
/epuck2/cmd_vel,58.550824977,0.0,0.0
/epuck2/cmd_vel,58.6132883,0.0,0.0
/epuck2/cmd_vel,58.665965948,0.0,0.0
/epuck2/cmd_vel,58.72660578,0.0,0.0
/epuck2/cmd_vel,58.762763992,0.0,0.0
/epuck2/cmd_vel,58.819028532,0.0,0.0
/epuck2/cmd_vel,58.856679964,0.0,0.0
/epuck2/cmd_vel,58.93962466,0.0,0.0
/epuck2/cmd_vel,58.976364737,0.0,0.0
/epuck2/cmd_vel,59.032222141,0.0,0.0
/epuck2/cmd_vel,59.068662237,0.0,0.0
/epuck2/cmd_vel,59.147252498,0.0,0.0
/epuck2/cmd_vel,59.189577652,0.0,0.0
/epuck2/cmd_vel,59.244116267,0.0,0.0
/epuck2/cmd_vel,59.281208931,0.0,0.0
/epuck2/cmd_vel,59.338156425,0.0,0.0
/epuck2/cmd_vel,59.396956209,0.0,0.0
/epuck2/cmd_vel,59.459190206,0.0,0.0
/epuck2/cmd_vel,59.496209682,0.0,0.0
/epuck2/cmd_vel,59.548088029,0.0,0.0
/epuck2/cmd_vel,59.589840228,0.0,0.0
/epuck2/cmd_vel,59.667246831,0.0,0.0
/epuck2/cmd_vel,59.706701389,0.0,0.0
/epuck2/cmd_vel,59.758623408,0.0,0.0
/epuck2/cmd_vel,59.797653696,0.0,0.0
/epuck2/cmd_vel,59.855310214,0.0,0.0
/epuck2/cmd_vel,59.915345456,0.0,0.0
/epuck2/cmd_vel,59.97431172,0.0,0.0
/epuck2/cmd_vel,60.009550935,0.0,0.0
/epuck2/cmd_vel,60.064448046,0.0,0.0
/epuck2/cmd_vel,60.106132118,0.0,0.0
/epuck2/cmd_vel,60.188323547,0.0,0.0
/epuck2/cmd_vel,60.224660229,0.0,0.0
/epuck2/cmd_vel,60.284018833,0.0,0.0
/epuck2/cmd_vel,60.315366354,0.0,0.0
/epuck2/cmd_vel,60.382159442,0.0,0.0
/epuck2/cmd_vel,60.442364018,0.0,0.0
/epuck2/cmd_vel,60.504950719,0.0,0.0
/epuck2/cmd_vel,60.541528663,0.0,0.0
/epuck2/cmd_vel,60.59528828,0.0,0.0
/epuck2/cmd_vel,60.636946973,0.0,0.0
/epuck2/cmd_vel,60.712440244,0.0,0.0
/epuck2/cmd_vel,60.752975187,0.0,0.0
/epuck2/cmd_vel,60.80786678,0.0,0.0
/epuck2/cmd_vel,60.846842957,0.0,0.0
/epuck2/cmd_vel,60.906342131,0.0,0.0
/epuck2/cmd_vel,60.965674693,0.0,0.0
/epuck2/cmd_vel,61.023834748,0.0,0.0
/epuck2/cmd_vel,61.060177928,0.0,0.0
/epuck2/cmd_vel,61.115436592,0.0,0.0
/epuck2/cmd_vel,61.157027078,0.0,0.0
/epuck2/cmd_vel,61.243538205,0.0,0.0
/epuck2/cmd_vel,61.286382498,0.0,0.0
/epuck2/cmd_vel,61.339169235,0.0,0.0
/epuck2/cmd_vel,61.377602496,0.0,0.0
/epuck2/cmd_vel,61.435659095,0.0,0.0
/epuck2/cmd_vel,61.480060649,0.0,0.0
/epuck2/cmd_vel,61.542268737,0.0,0.0
/epuck2/cmd_vel,61.578869356,0.0,0.0
/epuck2/cmd_vel,61.636142412,0.0,0.0
/epuck2/cmd_vel,61.674528255,0.0,0.0
/epuck2/cmd_vel,61.760012938,0.0,0.0
/epuck2/cmd_vel,61.797232289,0.0,0.0
/epuck2/cmd_vel,61.853506823,0.0,0.0
/epuck2/cmd_vel,61.889728915,0.0,0.0
/epuck2/cmd_vel,61.966749316,0.0,0.0
/epuck2/cmd_vel,62.007845185,0.0,0.0
/epuck2/cmd_vel,62.066608214,0.0,0.0
/epuck2/cmd_vel,62.101290808,0.0,0.0
/epuck2/cmd_vel,62.160209531,0.0,0.0
/epuck2/cmd_vel,62.221540594,0.0,0.0
/epuck2/cmd_vel,62.283238649,0.0,0.0
/epuck2/cmd_vel,62.319635471,0.0,0.0
/epuck2/cmd_vel,62.373638438,0.0,0.0
/epuck2/cmd_vel,62.414450272,0.0,0.0
/epuck2/cmd_vel,62.49155423,0.0,0.0
/epuck2/cmd_vel,62.530183755,0.0,0.0
/epuck2/cmd_vel,62.586339175,0.0,0.0
/epuck2/cmd_vel,62.622901809,0.0,0.0
/epuck2/cmd_vel,62.682181711,0.0,0.0
/epuck2/cmd_vel,62.737978957,0.0,0.0
/epuck2/cmd_vel,62.798367847,0.0,0.0
/epuck2/cmd_vel,62.834233365,0.0,0.0
/epuck2/cmd_vel,62.892306378,0.0,0.0
/epuck2/cmd_vel,62.932211873,0.0,0.0
/epuck2/cmd_vel,63.009337107,0.0,0.0
/epuck2/cmd_vel,63.046281172,0.0,0.0
/epuck2/cmd_vel,63.100185513,0.0,0.0
/epuck2/cmd_vel,63.139039677,0.0,0.0
/epuck2/cmd_vel,63.213019733,0.0,0.0
/epuck2/cmd_vel,63.25354447,0.0,0.0
/epuck2/cmd_vel,63.313306681,0.0,0.0
/epuck2/cmd_vel,63.347863498,0.0,0.0
/epuck2/cmd_vel,63.403452932,0.0,0.0
/epuck2/cmd_vel,63.451242252,0.0,0.0
/epuck2/cmd_vel,63.535621156,0.0,0.0
/epuck2/cmd_vel,63.571974117,0.0,0.0
/epuck2/cmd_vel,63.628089166,0.0,0.0
/epuck2/cmd_vel,63.66397429,0.0,0.0
/epuck2/cmd_vel,63.725014741,0.0,0.0
/epuck2/cmd_vel,63.780891565,0.0,0.0
/epuck2/cmd_vel,63.839030198,0.0,0.0
/epuck2/cmd_vel,63.874237502,0.0,0.0
/epuck2/cmd_vel,63.930168126,0.0,0.0
/epuck2/cmd_vel,63.975750902,0.0,0.0
/epuck2/cmd_vel,64.058718749,0.0,0.0
/epuck2/cmd_vel,64.096682243,0.0,0.0
/epuck2/cmd_vel,64.152454023,0.0,0.0
/epuck2/cmd_vel,64.188746707,0.0,0.0
/epuck2/cmd_vel,64.245108821,0.0,0.0
/epuck2/cmd_vel,64.287559067,0.0,0.0
/epuck2/cmd_vel,64.372709186,0.0,0.0
/epuck2/cmd_vel,64.414749162,0.0,0.0
/epuck2/cmd_vel,64.46651072,0.0,0.0
/epuck2/cmd_vel,64.50400609,0.0,0.0
/epuck2/cmd_vel,64.567697224,0.0,0.0
/epuck2/cmd_vel,64.620779175,0.0,0.0
/epuck2/cmd_vel,64.693246336,0.0,0.0
/epuck2/cmd_vel,64.732371579,0.0,0.0
/epuck2/cmd_vel,64.786672931,0.0,0.0
/epuck2/cmd_vel,64.824937897,0.0,0.0
/epuck2/cmd_vel,64.887575265,0.0,0.0
/epuck2/cmd_vel,64.949770943,0.0,0.0
/epuck2/cmd_vel,65.010370918,0.0,0.0
/epuck2/cmd_vel,65.045835153,0.0,0.0
/epuck2/cmd_vel,65.102122259,0.0,0.0
/epuck2/cmd_vel,65.143486561,0.0,0.0
/epuck2/cmd_vel,65.222360727,0.0,0.0
/epuck2/cmd_vel,65.261667794,0.0,0.0
/epuck2/cmd_vel,65.31777471,0.0,0.0
/epuck2/cmd_vel,65.353223137,0.0,0.0
/epuck2/cmd_vel,65.415340875,0.0,0.0
/epuck2/cmd_vel,65.476334148,0.0,0.0
/epuck2/cmd_vel,65.536558135,0.0,0.0
/epuck2/cmd_vel,65.574023676,0.0,0.0
/epuck2/cmd_vel,65.629670961,0.0,0.0
/epuck2/cmd_vel,65.671588041,0.0,0.0
/epuck2/cmd_vel,65.742328416,0.0,0.0
/epuck2/cmd_vel,65.78240607,0.0,0.0
/epuck2/cmd_vel,65.837270125,0.0,0.0
/epuck2/cmd_vel,65.877673577,0.0,0.0
/epuck2/cmd_vel,65.954746411,0.0,0.0
/epuck2/cmd_vel,65.995803462,0.0,0.0
/epuck2/cmd_vel,66.050495189,0.0,0.0
/epuck2/cmd_vel,66.087470818,0.0,0.0
/epuck2/cmd_vel,66.144305872,0.0,0.0
/epuck2/cmd_vel,66.204005161,0.0,0.0
/epuck2/cmd_vel,66.267603144,0.0,0.0
/epuck2/cmd_vel,66.303569356,0.0,0.0
/epuck2/cmd_vel,66.357359569,0.0,0.0
/epuck2/cmd_vel,66.399410922,0.0,0.0
/epuck2/cmd_vel,66.483308631,0.0,0.0
/epuck2/cmd_vel,66.522479295,0.0,0.0
/epuck2/cmd_vel,66.580975491,0.0,0.0
/epuck2/cmd_vel,66.614327376,0.0,0.0
/epuck2/cmd_vel,66.674045668,0.0,0.0
/epuck2/cmd_vel,66.713045632,0.0,0.0
/epuck2/cmd_vel,66.796042944,0.0,0.0
/epuck2/cmd_vel,66.837584356,0.0,0.0
/epuck2/cmd_vel,66.892586373,0.0,0.0
/epuck2/cmd_vel,66.927523422,0.0,0.0
/epuck2/cmd_vel,66.989421997,0.0,0.0
/epuck2/cmd_vel,67.040547918,0.0,0.0
/epuck2/cmd_vel,67.110112013,0.0,0.0
/epuck2/cmd_vel,67.148282957,0.0,0.0
/epuck2/cmd_vel,67.203851699,0.0,0.0
/epuck2/cmd_vel,67.239741052,0.0,0.0
/epuck2/cmd_vel,67.304274309,0.0,0.0
