topic,time_s,linear_mps,angular_rps
/epuck1/cmd_vel,3.731100054,0.0,0.0
/epuck1/cmd_vel,3.79086607,0.0,0.0
/epuck1/cmd_vel,3.824048799,0.0,0.0
/epuck1/cmd_vel,3.881857501,0.0,0.0
/epuck1/cmd_vel,3.936594602,0.0,0.0
/epuck1/cmd_vel,3.994805574,0.0,0.0
/epuck1/cmd_vel,4.031894709,0.0,0.0
/epuck1/cmd_vel,4.087725419,0.0,0.0
/epuck1/cmd_vel,4.125153735,0.0,0.0
/epuck1/cmd_vel,4.212599135,0.0,0.0
/epuck1/cmd_vel,4.255486416,0.0,0.0
/epuck1/cmd_vel,4.310920415,0.0,0.0
/epuck1/cmd_vel,4.346832202,0.0,0.0
/epuck1/cmd_vel,4.404173648,0.0,0.0
/epuck1/cmd_vel,4.459443649,0.0,0.0
/epuck1/cmd_vel,4.518714913,0.0,0.0
/epuck1/cmd_vel,4.557347644,0.0,0.0
/epuck1/cmd_vel,4.613423551,0.0,0.0
/epuck1/cmd_vel,4.652006543,0.0,0.0
/epuck1/cmd_vel,4.727147924,0.0,0.0
/epuck1/cmd_vel,4.765811517,0.0,0.0
/epuck1/cmd_vel,4.823363303,0.0,0.0
/epuck1/cmd_vel,4.858479672,0.0,0.0
/epuck1/cmd_vel,4.919030593,0.0,0.0
/epuck1/cmd_vel,4.975849631,0.0,0.0
/epuck1/cmd_vel,5.032145938,0.0,0.0
/epuck1/cmd_vel,5.06973296,0.0,0.0
/epuck1/cmd_vel,5.125433643,0.0,0.0
/epuck1/cmd_vel,5.16710406,0.0,0.0
/epuck1/cmd_vel,5.245769769,0.0,0.0
/epuck1/cmd_vel,5.280556309,0.0,0.0
/epuck1/cmd_vel,5.337691582,0.0,0.0
/epuck1/cmd_vel,5.375036161,0.0,0.0
/epuck1/cmd_vel,5.447913782,0.0,0.0
/epuck1/cmd_vel,5.488649673,0.0,0.0
/epuck1/cmd_vel,5.5492162,0.0,0.0
/epuck1/cmd_vel,5.582709842,0.0,0.0
/epuck1/cmd_vel,5.640700357,0.0,0.0
/epuck1/cmd_vel,5.696266738,0.0,0.0
/epuck1/cmd_vel,5.759247015,0.0,0.0
/epuck1/cmd_vel,5.796046894,0.0,0.0
/epuck1/cmd_vel,5.849758502,0.0,0.0
/epuck1/cmd_vel,5.889064896,0.0,0.0
/epuck1/cmd_vel,5.960649082,0.0,0.0
/epuck1/cmd_vel,6.014933497,0.0,0.0
/epuck1/cmd_vel,6.072982296,0.0,0.0
/epuck1/cmd_vel,6.110878809,0.0,0.0
/epuck1/cmd_vel,6.166937048,0.0,0.0
/epuck1/cmd_vel,6.206781892,0.0,0.0
/epuck1/cmd_vel,6.290626208,0.0,0.0
/epuck1/cmd_vel,6.3331246,0.0,0.0
/epuck1/cmd_vel,6.388496391,0.0,0.0
/epuck1/cmd_vel,6.424168536,0.0,0.0
/epuck1/cmd_vel,6.484195016,0.0,0.0
/epuck1/cmd_vel,6.541354108,0.0,0.0
/epuck1/cmd_vel,6.599531591,0.0,0.0
/epuck1/cmd_vel,6.637135895,0.0,0.0
/epuck1/cmd_vel,6.692794504,0.0,0.0
/epuck1/cmd_vel,6.730154717,0.0,0.0
/epuck1/cmd_vel,6.803456822,0.0,0.0
/epuck1/cmd_vel,6.854072493,0.0,0.0
/epuck1/cmd_vel,6.911127134,0.0,0.0
/epuck1/cmd_vel,6.948700373,0.0,0.0
/epuck1/cmd_vel,7.004919036,0.0,0.0
/epuck1/cmd_vel,7.045680236,0.0,0.0
/epuck1/cmd_vel,7.131064135,0.0,0.0
/epuck1/cmd_vel,7.173014886,0.0,0.0
/epuck1/cmd_vel,7.226803167,0.0,0.0
/epuck1/cmd_vel,7.262300393,0.0,0.0
/epuck1/cmd_vel,7.323401784,0.0,0.0
/epuck1/cmd_vel,7.364460721,0.0,0.0
/epuck1/cmd_vel,7.4469358,0.0,0.0
/epuck1/cmd_vel,7.486044182,0.0,0.0
/epuck1/cmd_vel,7.540293736,0.0,0.0
/epuck1/cmd_vel,7.579126631,0.0,0.0
/epuck1/cmd_vel,7.637496906,0.0,0.0
/epuck1/cmd_vel,7.691418291,0.0,0.0
/epuck1/cmd_vel,7.763737293,0.0,0.0
/epuck1/cmd_vel,7.801372856,0.0,0.0
/epuck1/cmd_vel,7.857718341,0.0,0.0
/epuck1/cmd_vel,7.893721341,0.0,0.0
/epuck1/cmd_vel,7.953054932,0.0,0.0
/epuck1/cmd_vel,8.0170529,0.0,0.0
/epuck1/cmd_vel,8.075518871,0.0,0.0
/epuck1/cmd_vel,8.112396961,0.0,0.0
/epuck1/cmd_vel,8.168095137,0.0,0.0
/epuck1/cmd_vel,8.204097817,0.0,0.0
/epuck1/cmd_vel,8.295651124,0.0,0.0
/epuck1/cmd_vel,8.348908625,0.0,0.0
/epuck1/cmd_vel,8.404197478,0.0,0.0
/epuck1/cmd_vel,8.440403272,0.0,0.0
/epuck1/cmd_vel,8.496269946,0.0,0.0
/epuck1/cmd_vel,8.53686756,0.0,0.0
/epuck1/cmd_vel,8.603512711,0.0,0.0
/epuck1/cmd_vel,8.641998564,0.0,0.0
/epuck1/cmd_vel,8.695533403,0.0,0.0
/epuck1/cmd_vel,8.731894926,0.0,0.0
/epuck1/cmd_vel,8.810134108,0.0,0.0
/epuck1/cmd_vel,8.85500612,0.0,0.0
/epuck1/cmd_vel,8.906096924,0.0029999999999999363,0.0
/epuck1/cmd_vel,8.941417918,0.004999999999999893,0.0
/epuck1/cmd_vel,9.000898993,0.008000000000000007,0.0
/epuck1/cmd_vel,9.04794647,0.009999999999999964,0.0
/epuck1/cmd_vel,9.109073089,0.0129999999999999,0.0
/epuck1/cmd_vel,9.146675022,0.014999999999999857,0.0
/epuck1/cmd_vel,9.201071838,0.01799999999999997,0.0
/epuck1/cmd_vel,9.240921694,0.019999999999999928,0.0
/epuck1/cmd_vel,9.311188927,0.022999999999999864,0.0
/epuck1/cmd_vel,9.362154808,0.024999999999999998,0.0
/epuck1/cmd_vel,9.41928941,0.025,0.0
/epuck1/cmd_vel,9.45699917,0.025,0.0
/epuck1/cmd_vel,9.513411197,0.025,0.0
/epuck1/cmd_vel,9.554862508,0.025,0.0
/epuck1/cmd_vel,9.638742761,0.025,0.0
/epuck1/cmd_vel,9.68034918,0.025,0.0
/epuck1/cmd_vel,9.733994992,0.025,0.0
/epuck1/cmd_vel,9.769473289,0.025,0.0
/epuck1/cmd_vel,9.828027804,0.025,0.0
/epuck1/cmd_vel,9.872637438,0.025,0.0
/epuck1/cmd_vel,9.955122737,0.025,0.0
/epuck1/cmd_vel,9.993937382,0.025,0.0
/epuck1/cmd_vel,10.045905605,0.025,0.0
/epuck1/cmd_vel,10.085004797,0.025,0.0
/epuck1/cmd_vel,10.145829475,0.025,0.0
/epuck1/cmd_vel,10.200156554,0.025,0.0
/epuck1/cmd_vel,10.270860178,0.025,0.0
/epuck1/cmd_vel,10.308559676,0.025,0.0
/epuck1/cmd_vel,10.365543421,0.025,0.0
/epuck1/cmd_vel,10.400370722,0.025,0.0
/epuck1/cmd_vel,10.464334091,0.025,0.0
/epuck1/cmd_vel,10.540378078,0.025,0.0
/epuck1/cmd_vel,10.601699241,0.025,0.0
/epuck1/cmd_vel,10.636545691,0.025,0.0
/epuck1/cmd_vel,10.690536361,0.025,0.0
/epuck1/cmd_vel,10.73106427,0.025,0.0
/epuck1/cmd_vel,10.819977389,0.025,0.0
/epuck1/cmd_vel,10.871140344,0.025,0.0
/epuck1/cmd_vel,10.930367403,0.025,0.0
/epuck1/cmd_vel,10.96543543,0.025,0.0
/epuck1/cmd_vel,11.022123719,0.025,0.0
/epuck1/cmd_vel,11.063059787,0.025,0.0
/epuck1/cmd_vel,11.139924612,0.025,0.0
/epuck1/cmd_vel,11.175271571,0.025,0.0
/epuck1/cmd_vel,11.23111,0.025,0.0
/epuck1/cmd_vel,11.267216468,0.025,0.0
/epuck1/cmd_vel,11.342923481,0.025,0.0
/epuck1/cmd_vel,11.384704023,0.025,0.0
/epuck1/cmd_vel,11.441634944,0.025,0.0
/epuck1/cmd_vel,11.476555178,0.025,0.0
/epuck1/cmd_vel,11.534127133,0.0,-0.17999999999999616
/epuck1/cmd_vel,11.578071118,0.0,-0.2999999999999936
/epuck1/cmd_vel,11.659009624,0.0,-0.45
/epuck1/cmd_vel,11.701136114,0.0,-0.45
/epuck1/cmd_vel,11.755485443,0.0,-0.45
/epuck1/cmd_vel,11.792937705,0.0,-0.45
/epuck1/cmd_vel,11.852331443,0.0,-0.45
/epuck1/cmd_vel,11.909711974,0.0,-0.45
/epuck1/cmd_vel,11.967691002,0.0,-0.45
/epuck1/cmd_vel,12.004352523,0.0,-0.45
/epuck1/cmd_vel,12.058023417,0.0,-0.45
/epuck1/cmd_vel,12.098805008,0.0,-0.45
/epuck1/cmd_vel,12.180638519,0.0,-0.45
/epuck1/cmd_vel,12.216571714,0.0,-0.45
/epuck1/cmd_vel,12.271076035,0.0,-0.45
/epuck1/cmd_vel,12.311971801,0.0,-0.45
/epuck1/cmd_vel,12.385417394,0.0,-0.45
/epuck1/cmd_vel,12.425083161,0.0,-0.45
/epuck1/cmd_vel,12.482742001,0.0,-0.45
/epuck1/cmd_vel,12.518185589,0.0,-0.45
/epuck1/cmd_vel,12.575980242,0.0,-0.45
/epuck1/cmd_vel,12.616391088,0.0,-0.45
/epuck1/cmd_vel,12.702974876,0.0,-0.45
/epuck1/cmd_vel,12.742392749,0.0,-0.45
/epuck1/cmd_vel,12.797101887,0.0,-0.45
/epuck1/cmd_vel,12.832643397,0.0,-0.45
/epuck1/cmd_vel,12.89429098,0.0,-0.45
/epuck1/cmd_vel,12.944330914,0.0,-0.45
/epuck1/cmd_vel,13.017092218,0.0,-0.45
/epuck1/cmd_vel,13.053613757,0.0,-0.45
/epuck1/cmd_vel,13.109110424,0.0,-0.45
/epuck1/cmd_vel,13.145204117,0.0,-0.45
/epuck1/cmd_vel,13.209615774,0.0,-0.45
/epuck1/cmd_vel,13.271562551,0.0,-0.45
/epuck1/cmd_vel,13.328729526,0.0,-0.45
/epuck1/cmd_vel,13.366268087,0.0,-0.45
/epuck1/cmd_vel,13.419724329,0.0,-0.45
/epuck1/cmd_vel,13.460753667,0.0,-0.45
/epuck1/cmd_vel,13.53644838,0.0,-0.45
/epuck1/cmd_vel,13.586363892,0.0,-0.45
/epuck1/cmd_vel,13.644542006,0.0,-0.45
/epuck1/cmd_vel,13.681508742,0.0,-0.45
/epuck1/cmd_vel,13.735577391,0.0,-0.45
/epuck1/cmd_vel,13.774821258,0.0,-0.2900000000000034
/epuck1/cmd_vel,13.864627642,0.0029999999999999363,-0.05000000000000854
/epuck1/cmd_vel,13.9054516,0.004999999999999893,0.0
/epuck1/cmd_vel,13.958698553,0.008000000000000007,0.0
/epuck1/cmd_vel,13.996156376,0.009999999999999964,0.0
/epuck1/cmd_vel,14.055418782,0.01,0.0
/epuck1/cmd_vel,14.097018678,0.01,0.0
/epuck1/cmd_vel,14.179565528,0.01,0.0
/epuck1/cmd_vel,14.217903311,0.01,0.0
/epuck1/cmd_vel,14.274990543,0.01,0.0
/epuck1/cmd_vel,14.312267408,0.01,0.0
/epuck1/cmd_vel,14.369059725,0.01,0.0
/epuck1/cmd_vel,14.425570586,0.01,0.0
/epuck1/cmd_vel,14.483076761,0.01,0.0
/epuck1/cmd_vel,14.517876957,0.01,0.0
/epuck1/cmd_vel,14.574210351,0.01,0.0
/epuck1/cmd_vel,14.613018821,0.01,0.0
/epuck1/cmd_vel,14.694866868,0.01,0.0
/epuck1/cmd_vel,14.733761779,0.01,0.0
/epuck1/cmd_vel,14.789623289,0.01,0.0
/epuck1/cmd_vel,14.823592378,0.01,0.0
/epuck1/cmd_vel,14.902452688,0.01,0.0
/epuck1/cmd_vel,14.942040463,0.01,0.0
/epuck1/cmd_vel,14.999545748,0.01,0.0
/epuck1/cmd_vel,15.03347188,0.01,0.0
/epuck1/cmd_vel,15.09275697,0.01,0.0
/epuck1/cmd_vel,15.148925351,0.01,0.0
/epuck1/cmd_vel,15.208890324,0.01,0.0
/epuck1/cmd_vel,15.246054804,0.01,0.0
/epuck1/cmd_vel,15.302332476,0.01,0.0
/epuck1/cmd_vel,15.340226498,0.01,0.0
/epuck1/cmd_vel,15.416868235,0.01,0.0
/epuck1/cmd_vel,15.45592089,0.01,0.0
/epuck1/cmd_vel,15.512610002,0.01,0.0
/epuck1/cmd_vel,15.547767742,0.01,0.0
/epuck1/cmd_vel,15.608643147,0.01,0.0
/epuck1/cmd_vel,15.666530978,0.01,0.0
/epuck1/cmd_vel,15.726782143,0.01,0.0
/epuck1/cmd_vel,15.760828916,0.01,0.0
/epuck1/cmd_vel,15.816391007,0.01,0.0
/epuck1/cmd_vel,15.856385505,0.01,0.0
/epuck1/cmd_vel,15.939937119,0.01,0.0
/epuck1/cmd_vel,15.976767628,0.01,0.0
/epuck1/cmd_vel,16.030240987,0.01,0.0
/epuck1/cmd_vel,16.06660025,0.01,0.0
/epuck1/cmd_vel,16.145357615,0.01,0.0
/epuck1/cmd_vel,16.184383412,0.01,0.0
/epuck1/cmd_vel,16.242511289,0.01,0.0
/epuck1/cmd_vel,16.276426879,0.01,0.0
/epuck1/cmd_vel,16.33305068,0.01,0.0
/epuck1/cmd_vel,16.389873708,0.01,0.0
/epuck1/cmd_vel,16.451910247,0.01,0.0
/epuck1/cmd_vel,16.487165086,0.01,0.0
/epuck1/cmd_vel,16.539969069,0.01,0.0
/epuck1/cmd_vel,16.578417825,0.01,0.0
/epuck1/cmd_vel,16.654859349,0.01,0.0
/epuck1/cmd_vel,16.707883599,0.01,0.0
/epuck1/cmd_vel,16.765370319,0.01,0.0
/epuck1/cmd_vel,16.804689772,0.01,0.0
/epuck1/cmd_vel,16.857302007,0.01,0.0
/epuck1/cmd_vel,16.897694973,0.01,0.0
/epuck1/cmd_vel,16.982091527,0.01,0.0
/epuck1/cmd_vel,17.015530986,0.01,0.0
/epuck1/cmd_vel,17.071144831,0.01,0.0
/epuck1/cmd_vel,17.107596884,0.01,0.0
/epuck1/cmd_vel,17.185989149,0.01,0.0
/epuck1/cmd_vel,17.225601565,0.01,0.0
/epuck1/cmd_vel,17.281869697,0.01,0.0
/epuck1/cmd_vel,17.31687129,0.01,0.0
/epuck1/cmd_vel,17.375166397,0.01,0.0
/epuck1/cmd_vel,17.415880094,0.01,0.0
/epuck1/cmd_vel,17.500057749,0.01,0.0
/epuck1/cmd_vel,17.53888147,0.01,0.0
/epuck1/cmd_vel,17.593327228,0.01,0.0
/epuck1/cmd_vel,17.627890802,0.01,0.0
/epuck1/cmd_vel,17.690850076,0.01,0.0
/epuck1/cmd_vel,17.747171353,0.01,0.0
/epuck1/cmd_vel,17.818630682,0.01,0.0
/epuck1/cmd_vel,17.856725634,0.01,0.0
/epuck1/cmd_vel,17.91225353,0.01,0.0
/epuck1/cmd_vel,17.948049502,0.01,0.0
/epuck1/cmd_vel,18.026212565,0.01,0.0
/epuck1/cmd_vel,18.064225066,0.01,0.0
/epuck1/cmd_vel,18.122812467,0.01,0.0
/epuck1/cmd_vel,18.158642439,0.01,0.0
/epuck1/cmd_vel,18.217786589,0.01,0.0
/epuck1/cmd_vel,18.27258961,0.01,0.0
/epuck1/cmd_vel,18.331500552,0.01,0.0
/epuck1/cmd_vel,18.369130886,0.01,0.0
/epuck1/cmd_vel,18.421903127,0.01,0.0
/epuck1/cmd_vel,18.460939592,0.01,0.0
/epuck1/cmd_vel,18.535892772,0.01,0.0
/epuck1/cmd_vel,18.58685159,0.01,0.0
/epuck1/cmd_vel,18.647741764,0.01,0.0
/epuck1/cmd_vel,18.682535607,0.01,0.0
/epuck1/cmd_vel,18.741615249,0.01,0.0
/epuck1/cmd_vel,18.781975888,0.01,0.0
/epuck1/cmd_vel,18.864730837,0.01,0.0
/epuck1/cmd_vel,18.905262475,0.01,0.0
/epuck1/cmd_vel,18.959640863,0.01,0.0
/epuck1/cmd_vel,18.998058456,0.01,0.0
/epuck1/cmd_vel,19.056027866,0.01,0.0
/epuck1/cmd_vel,19.098342462,0.01,0.0
/epuck1/cmd_vel,19.182124996,0.01,0.0
/epuck1/cmd_vel,19.21999922,0.01,0.0
/epuck1/cmd_vel,19.276879598,0.01,0.0
/epuck1/cmd_vel,19.315327699,0.01,0.0
/epuck1/cmd_vel,19.374054735,0.01,0.0
/epuck1/cmd_vel,19.426859845,0.01,0.0
/epuck1/cmd_vel,19.497022358,0.01,0.0
/epuck1/cmd_vel,19.552715301,0.01,0.0
/epuck1/cmd_vel,19.589753633,0.01,0.0
/epuck1/cmd_vel,19.625578308,0.01,0.0
/epuck1/cmd_vel,19.688907731,0.01,0.0
/epuck1/cmd_vel,19.750261283,0.01,0.0
/epuck1/cmd_vel,19.812577147,0.01,0.0
/epuck1/cmd_vel,19.846084079,0.01,0.0
/epuck1/cmd_vel,19.901288388,0.01,0.0
/epuck1/cmd_vel,19.942524246,0.01,0.0
/epuck1/cmd_vel,20.015521012,0.01,0.0
/epuck1/cmd_vel,20.087080738,0.01,0.0
/epuck1/cmd_vel,20.12509612,0.01,0.0
/epuck1/cmd_vel,20.163417573,0.01,0.0
/epuck1/cmd_vel,20.218315442,0.01,0.0
/epuck1/cmd_vel,20.256676076,0.01,0.0
/epuck1/cmd_vel,20.342548884,0.01,0.0
/epuck1/cmd_vel,20.38017385,0.01,0.0
/epuck1/cmd_vel,20.441019377,0.01,0.0
/epuck1/cmd_vel,20.475146753,0.01,0.0
/epuck1/cmd_vel,20.531090848,0.01,0.0
/epuck1/cmd_vel,20.609513356,0.01,0.0
/epuck1/cmd_vel,20.649537444,0.01,0.0
/epuck1/cmd_vel,20.684496597,0.01,0.0
/epuck1/cmd_vel,20.739620879,0.01,0.0
/epuck1/cmd_vel,20.777119429,0.01,0.0
/epuck1/cmd_vel,20.853572411,0.01,0.0
/epuck1/cmd_vel,20.890759605,0.01,0.0
/epuck1/cmd_vel,20.946276935,0.01,0.0
/epuck1/cmd_vel,20.982408327,0.01,0.0
/epuck1/cmd_vel,21.045338843,0.01,0.0
/epuck1/cmd_vel,21.126913905,0.01,0.0
/epuck1/cmd_vel,21.164324572,0.01,0.0
/epuck1/cmd_vel,21.20146967,0.01,0.0
/epuck1/cmd_vel,21.255741835,0.01,0.0
/epuck1/cmd_vel,21.297207728,0.01,0.0
/epuck1/cmd_vel,21.381680317,0.01,0.0
/epuck1/cmd_vel,21.419028883,0.01,0.0
/epuck1/cmd_vel,21.474899712,0.01,0.0
/epuck1/cmd_vel,21.512633303,0.01,0.0
/epuck1/cmd_vel,21.589910189,0.01,0.0
/epuck1/cmd_vel,21.631645891,0.01,0.0
/epuck1/cmd_vel,21.688897981,0.01,0.0
/epuck1/cmd_vel,21.724020212,0.01,0.0
/epuck1/cmd_vel,21.781253217,0.01,0.0
/epuck1/cmd_vel,21.837542493,0.01,0.0
/epuck1/cmd_vel,21.899801918,0.01,0.0
/epuck1/cmd_vel,21.935825403,0.01,0.0
/epuck1/cmd_vel,21.991734858,0.01,0.0
/epuck1/cmd_vel,22.030656843,0.01,0.0
/epuck1/cmd_vel,22.104356348,0.01,0.0
/epuck1/cmd_vel,22.157617115,0.01,0.0
/epuck1/cmd_vel,22.216817644,0.01,0.0
/epuck1/cmd_vel,22.253658626,0.01,0.0
/epuck1/cmd_vel,22.310673708,0.01,0.0
/epuck1/cmd_vel,22.35249198,0.01,0.0
/epuck1/cmd_vel,22.428065921,0.01,0.0
/epuck1/cmd_vel,22.46724972,0.01,0.0
/epuck1/cmd_vel,22.523830899,0.01,0.0
/epuck1/cmd_vel,22.560300985,0.01,0.0
/epuck1/cmd_vel,22.62147495,0.01,0.0
/epuck1/cmd_vel,22.68473516,0.01,0.0
/epuck1/cmd_vel,22.743258824,0.01,0.0
/epuck1/cmd_vel,22.780501448,0.01,0.0
/epuck1/cmd_vel,22.83620615,0.01,0.0
/epuck1/cmd_vel,22.876644781,0.01,0.0
/epuck1/cmd_vel,22.951541706,0.01,0.0
/epuck1/cmd_vel,23.0184536,0.01,0.0
/epuck1/cmd_vel,23.076949889,0.01,0.0
/epuck1/cmd_vel,23.111467213,0.01,0.0
/epuck1/cmd_vel,23.168702914,0.01,0.0
/epuck1/cmd_vel,23.210228731,0.01,0.0
/epuck1/cmd_vel,23.274038197,0.01,0.0
/epuck1/cmd_vel,23.31390756,0.01,0.0
/epuck1/cmd_vel,23.368988552,0.01,0.0
/epuck1/cmd_vel,23.410440471,0.01,0.0
/epuck1/cmd_vel,23.47783105,0.01,0.0
/epuck1/cmd_vel,23.517243839,0.01,0.0
/epuck1/cmd_vel,23.571363155,0.01,0.0
/epuck1/cmd_vel,23.610827189,0.01,0.0
/epuck1/cmd_vel,23.67105383,0.01,0.0
/epuck1/cmd_vel,23.727699356,0.01,0.0
/epuck1/cmd_vel,23.798870391,0.01,0.0
/epuck1/cmd_vel,23.836186563,0.01,0.0
/epuck1/cmd_vel,23.890353097,0.01,0.0
/epuck1/cmd_vel,23.929703657,0.01,0.0
/epuck1/cmd_vel,23.995255202,0.01,0.0
/epuck1/cmd_vel,24.04807669,0.01,0.0
/epuck1/cmd_vel,24.105557922,0.01,0.0
/epuck1/cmd_vel,24.141386596,0.01,0.0
/epuck1/cmd_vel,24.1981358,0.01,0.0
/epuck1/cmd_vel,24.238401089,0.01,0.0
/epuck1/cmd_vel,24.325590109,0.01,0.0
/epuck1/cmd_vel,24.366492404,0.01,0.0
/epuck1/cmd_vel,24.421658797,0.01,0.0
/epuck1/cmd_vel,24.458604216,0.01,0.0
/epuck1/cmd_vel,24.516542162,0.01,0.0
/epuck1/cmd_vel,24.560471213,0.01,0.0
/epuck1/cmd_vel,24.643955949,0.01,0.0
/epuck1/cmd_vel,24.683805148,0.01,0.0
/epuck1/cmd_vel,24.739407038,0.01,0.0
/epuck1/cmd_vel,24.775915452,0.01,0.0
/epuck1/cmd_vel,24.837282368,0.01,0.0
/epuck1/cmd_vel,24.893988434,0.01,0.0
/epuck1/cmd_vel,24.950508114,0.01,0.0
/epuck1/cmd_vel,24.985271313,0.01,0.0
/epuck1/cmd_vel,25.044776474,0.01,0.0
/epuck1/cmd_vel,25.085846776,0.01,0.0
/epuck1/cmd_vel,25.169792165,0.01,0.0
/epuck1/cmd_vel,25.209329987,0.01,0.0
/epuck1/cmd_vel,25.268990435,0.01,0.0
/epuck1/cmd_vel,25.303806768,0.01,0.0
/epuck1/cmd_vel,25.360926476,0.01,0.0
/epuck1/cmd_vel,25.404493624,0.01,0.0
/epuck1/cmd_vel,25.486053961,0.01,0.0
/epuck1/cmd_vel,25.526867829,0.01,0.0
/epuck1/cmd_vel,25.582525468,0.01,0.0
/epuck1/cmd_vel,25.621309957,0.01,0.0
/epuck1/cmd_vel,25.681356915,0.01,0.0
/epuck1/cmd_vel,25.733631588,0.01,0.0
/epuck1/cmd_vel,25.792350872,0.01,0.0
/epuck1/cmd_vel,25.827935203,0.01,0.0
/epuck1/cmd_vel,25.883395168,0.01,0.0
/epuck1/cmd_vel,25.923086206,0.01,0.0
/epuck1/cmd_vel,26.003541837,0.01,0.0
/epuck1/cmd_vel,26.042646045,0.01,0.0
/epuck1/cmd_vel,26.097363255,0.01,0.0
/epuck1/cmd_vel,26.134413519,0.01,0.0
/epuck1/cmd_vel,26.211041036,0.01,0.0
/epuck1/cmd_vel,26.256103868,0.01,0.0
/epuck1/cmd_vel,26.310854595,0.01,0.0
/epuck1/cmd_vel,26.347485199,0.01,0.0
/epuck1/cmd_vel,26.404691768,0.01,0.0
/epuck1/cmd_vel,26.460338712,0.01,0.0
/epuck1/cmd_vel,26.520978823,0.01,0.0
/epuck1/cmd_vel,26.558114183,0.01,0.0
/epuck1/cmd_vel,26.613631376,0.01,0.0
/epuck1/cmd_vel,26.651184188,0.01,0.0
/epuck1/cmd_vel,26.725041469,0.01,0.0
/epuck1/cmd_vel,26.77450009,0.01,0.0
/epuck1/cmd_vel,26.834538207,0.01,0.0
/epuck1/cmd_vel,26.873000783,0.01,0.0
/epuck1/cmd_vel,26.926941929,0.01,0.0
/epuck1/cmd_vel,26.967163467,0.01,0.0
/epuck1/cmd_vel,27.044827882,0.01,0.0
/epuck1/cmd_vel,27.086962687,0.01,0.0
/epuck1/cmd_vel,27.137663783,0.01,0.0
/epuck1/cmd_vel,27.176872537,0.01,0.0
/epuck1/cmd_vel,27.235977392,0.01,0.0
/epuck1/cmd_vel,27.28917089,0.01,0.0
/epuck1/cmd_vel,27.362883437,0.01,0.0
/epuck1/cmd_vel,27.401123025,0.01,0.0
/epuck1/cmd_vel,27.459332709,0.01,0.0
/epuck1/cmd_vel,27.493915411,0.01,0.0
/epuck1/cmd_vel,27.568343353,0.01,0.0
/epuck1/cmd_vel,27.610117603,0.01,0.0
/epuck1/cmd_vel,27.666215995,0.01,0.0
/epuck1/cmd_vel,27.700635464,0.01,0.0
/epuck1/cmd_vel,27.75758501,0.01,0.0
/epuck1/cmd_vel,27.800859434,0.01,0.0
/epuck1/cmd_vel,27.884626614,0.01,0.0
/epuck1/cmd_vel,27.923962904,0.01,0.0
/epuck1/cmd_vel,27.98057952,0.01,0.0
/epuck1/cmd_vel,28.014998573,0.01,0.0
/epuck1/cmd_vel,28.079579798,0.01,0.0
/epuck1/cmd_vel,28.133951299,0.01,0.0
/epuck1/cmd_vel,28.20760456,0.01,0.0
/epuck1/cmd_vel,28.245546885,0.01,0.0
/epuck1/cmd_vel,28.300770123,0.01,0.0
/epuck1/cmd_vel,28.339283946,0.01,0.0
/epuck1/cmd_vel,28.402219007,0.01,0.0
/epuck1/cmd_vel,28.462787419,0.01,0.0
/epuck1/cmd_vel,28.521557975,0.01,0.0
/epuck1/cmd_vel,28.559407522,0.01,0.0
/epuck1/cmd_vel,28.613537559,0.01,0.0
/epuck1/cmd_vel,28.653241269,0.01,0.0
/epuck1/cmd_vel,28.724710232,0.01,0.0
/epuck1/cmd_vel,28.777895052,0.01,0.0
/epuck1/cmd_vel,28.836009548,0.01,0.0
/epuck1/cmd_vel,28.870196755,0.01,0.0
/epuck1/cmd_vel,28.927068665,0.01,0.0
/epuck1/cmd_vel,28.967330809,0.01,0.0
/epuck1/cmd_vel,29.047156,0.01,0.0
/epuck1/cmd_vel,29.084678924,0.01,0.0
/epuck1/cmd_vel,29.139332264,0.01,0.0
/epuck1/cmd_vel,29.176250911,0.01,0.0
/epuck1/cmd_vel,29.255454202,0.01,0.0
/epuck1/cmd_vel,29.296133883,0.01,0.0
/epuck1/cmd_vel,29.350632825,0.01,0.0
/epuck1/cmd_vel,29.38869404,0.01,0.0
/epuck1/cmd_vel,29.445928598,0.01,0.0
/epuck1/cmd_vel,29.501824234,0.01,0.0
/epuck1/cmd_vel,29.564313244,0.01,0.0
/epuck1/cmd_vel,29.601331019,0.01,0.0
/epuck1/cmd_vel,29.653873346,0.01,0.0
/epuck1/cmd_vel,29.694559235,0.01,0.0
/epuck1/cmd_vel,29.775722946,0.01,0.0
/epuck1/cmd_vel,29.81390752,0.01,0.0
/epuck1/cmd_vel,29.869642049,0.01,0.0
/epuck1/cmd_vel,29.906493138,0.01,0.0
/epuck1/cmd_vel,29.967212601,0.01,0.0
/epuck1/cmd_vel,30.02057261,0.01,0.0
/epuck1/cmd_vel,30.081790435,0.01,0.0
/epuck1/cmd_vel,30.116440437,0.01,0.0
/epuck1/cmd_vel,30.171223682,0.01,0.0
/epuck1/cmd_vel,30.212958237,0.01,0.0
/epuck1/cmd_vel,30.291242374,0.01,0.0
/epuck1/cmd_vel,30.330584288,0.01,0.0
/epuck1/cmd_vel,30.386604833,0.01,0.0
/epuck1/cmd_vel,30.42581275,0.01,0.0
/epuck1/cmd_vel,30.502940046,0.01,0.0
/epuck1/cmd_vel,30.544443333,0.01,0.0
/epuck1/cmd_vel,30.60197928,0.01,0.0
/epuck1/cmd_vel,30.635927671,0.01,0.0
/epuck1/cmd_vel,30.693288791,0.01,0.0
/epuck1/cmd_vel,30.749874947,0.01,0.0
/epuck1/cmd_vel,30.808818718,0.01,0.0
/epuck1/cmd_vel,30.845680729,0.01,0.0
/epuck1/cmd_vel,30.900619853,0.01,0.0
/epuck1/cmd_vel,30.940710522,0.01,0.0
/epuck1/cmd_vel,31.021326663,0.01,0.0
/epuck1/cmd_vel,31.061617512,0.01,0.0
/epuck1/cmd_vel,31.116638521,0.01,0.0
/epuck1/cmd_vel,31.154764515,0.01,0.0
/epuck1/cmd_vel,31.213238294,0.01,0.0
/epuck1/cmd_vel,31.269337619,0.01,0.0
/epuck1/cmd_vel,31.330500787,0.01,0.0
/epuck1/cmd_vel,31.366885194,0.01,0.0
/epuck1/cmd_vel,31.421805392,0.01,0.0
/epuck1/cmd_vel,31.462707484,0.01,0.0
/epuck1/cmd_vel,31.538627437,0.01,0.0
/epuck1/cmd_vel,31.580683953,0.01,0.0
/epuck1/cmd_vel,31.635031889,0.01,0.0
/epuck1/cmd_vel,31.673461116,0.01,0.0
/epuck1/cmd_vel,31.748936221,0.01,0.0
/epuck1/cmd_vel,31.790082039,0.01,0.0
/epuck1/cmd_vel,31.844994336,0.01,0.0
/epuck1/cmd_vel,31.882036614,0.01,0.0
/epuck1/cmd_vel,31.937673301,0.01,0.0
/epuck1/cmd_vel,31.980783176,0.01,0.0
/epuck1/cmd_vel,32.061884268,0.01,0.0
/epuck1/cmd_vel,32.101301828,0.01,0.0
/epuck1/cmd_vel,32.155635804,0.01,0.0
/epuck1/cmd_vel,32.195569098,0.01,0.0
/epuck1/cmd_vel,32.25615187,0.01,0.0
/epuck1/cmd_vel,32.307657053,0.01,0.0
/epuck1/cmd_vel,32.378940893,0.01,0.0
/epuck1/cmd_vel,32.416341999,0.01,0.0
/epuck1/cmd_vel,32.470560512,0.01,0.0
/epuck1/cmd_vel,32.510048549,0.01,0.0
/epuck1/cmd_vel,32.570627522,0.01,0.0
/epuck1/cmd_vel,32.635104146,0.01,0.0
/epuck1/cmd_vel,32.694036647,0.01,0.0
/epuck1/cmd_vel,32.731519227,0.01,0.0
/epuck1/cmd_vel,32.785537604,0.01,0.0
/epuck1/cmd_vel,32.82699231,0.01,0.0
/epuck1/cmd_vel,32.900587718,0.01,0.0
/epuck1/cmd_vel,32.954205924,0.01,0.0
/epuck1/cmd_vel,33.012168508,0.01,0.0
/epuck1/cmd_vel,33.047339645,0.01,0.0
/epuck1/cmd_vel,33.102168209,0.01,0.0
/epuck1/cmd_vel,33.143753085,0.01,0.0
/epuck1/cmd_vel,33.228024271,0.01,0.0
/epuck1/cmd_vel,33.26854109,0.01,0.0
/epuck1/cmd_vel,33.324905086,0.01,0.0
/epuck1/cmd_vel,33.359743554,0.01,0.0
/epuck1/cmd_vel,33.419027519,0.01,0.0
/epuck1/cmd_vel,33.47778635,0.01,0.0
/epuck1/cmd_vel,33.538776628,0.01,0.0
/epuck1/cmd_vel,33.574756503,0.01,0.0
/epuck1/cmd_vel,33.628141371,0.01,0.0
/epuck1/cmd_vel,33.668437643,0.01,0.0
/epuck1/cmd_vel,33.742834497,0.01,0.0
/epuck1/cmd_vel,33.808834691,0.01,0.0
/epuck1/cmd_vel,33.865862126,0.01,0.0
/epuck1/cmd_vel,33.905940396,0.01,0.0
/epuck1/cmd_vel,33.960561776,0.01,0.0
/epuck1/cmd_vel,34.002496444,0.01,0.0
/epuck1/cmd_vel,34.079933765,0.01,0.0
/epuck1/cmd_vel,34.116051089,0.01,0.0
/epuck1/cmd_vel,34.169864695,0.01,0.0
/epuck1/cmd_vel,34.208206242,0.01,0.0
/epuck1/cmd_vel,34.285213104,0.012,0.18
/epuck1/cmd_vel,34.326209433,0.012,0.18
/epuck1/cmd_vel,34.383567311,0.012,0.18
/epuck1/cmd_vel,34.418984052,0.012,0.18
/epuck1/cmd_vel,34.476121456,0.012,0.18
/epuck1/cmd_vel,34.534292402,0.012,0.18
/epuck1/cmd_vel,34.59506848,0.012,0.18
/epuck1/cmd_vel,34.629588639,0.012,0.18
/epuck1/cmd_vel,34.685316986,0.012,0.18
/epuck1/cmd_vel,34.724857105,0.012,0.18
/epuck1/cmd_vel,34.802865042,0.012,0.18
/epuck1/cmd_vel,34.844322898,0.012,0.18
/epuck1/cmd_vel,34.899534874,0.012,0.18
/epuck1/cmd_vel,34.934698574,0.012,0.18
/epuck1/cmd_vel,34.997878635,0.012,0.18
/epuck1/cmd_vel,35.051537979,0.012,0.18
/epuck1/cmd_vel,35.109947595,0.012,0.18
/epuck1/cmd_vel,35.147034667,0.012,0.18
/epuck1/cmd_vel,35.201444128,0.012,0.18
/epuck1/cmd_vel,35.244452337,0.012,0.18
/epuck1/cmd_vel,35.31773625,0.012,0.18
/epuck1/cmd_vel,35.356005573,0.012,0.18
/epuck1/cmd_vel,35.411505803,0.012,0.18
/epuck1/cmd_vel,35.447456166,0.012,0.18
/epuck1/cmd_vel,35.5147751,0.012,0.18
/epuck1/cmd_vel,35.577291231,0.012,0.18
/epuck1/cmd_vel,35.634489335,0.012,0.18
/epuck1/cmd_vel,35.672715415,0.012,0.18
/epuck1/cmd_vel,35.728773414,0.012,0.18
/epuck1/cmd_vel,35.767976911,0.012,0.18
/epuck1/cmd_vel,35.849324651,0.012,0.18
/epuck1/cmd_vel,35.887652198,0.012,0.18
/epuck1/cmd_vel,35.944543581,0.012,0.18
/epuck1/cmd_vel,35.98005838,0.012,0.18
/epuck1/cmd_vel,36.040564124,0.012,0.18
/epuck1/cmd_vel,36.094093171,0.012,0.18
/epuck1/cmd_vel,36.151199528,0.012,0.18
/epuck1/cmd_vel,36.188095668,0.012,0.18
/epuck1/cmd_vel,36.241331474,0.012,0.18
/epuck1/cmd_vel,36.28515379,0.012,0.18
/epuck1/cmd_vel,36.363983498,0.012,0.18
/epuck1/cmd_vel,36.405722171,0.012,0.18
/epuck1/cmd_vel,36.463735011,0.012,0.18
/epuck1/cmd_vel,36.500624861,0.012,0.18
/epuck1/cmd_vel,36.556956628,0.012,0.18
/epuck1/cmd_vel,36.599151987,0.012,0.18
/epuck1/cmd_vel,36.682461295,0.012,0.18
/epuck1/cmd_vel,36.723803887,0.012,0.18
/epuck1/cmd_vel,36.778002787,0.012,0.18
/epuck1/cmd_vel,36.814311945,0.012,0.18
/epuck1/cmd_vel,36.875308023,0.012,0.18
/epuck1/cmd_vel,36.928297877,0.012,0.18
/epuck1/cmd_vel,36.999486348,0.012,0.18
/epuck1/cmd_vel,37.03638925,0.012,0.18
/epuck1/cmd_vel,37.089850728,0.012,0.18
/epuck1/cmd_vel,37.129909902,0.012,0.18
/epuck1/cmd_vel,37.207594689,0.012,0.18
/epuck1/cmd_vel,37.248428882,0.012,0.18
/epuck1/cmd_vel,37.305195167,0.012,0.18
/epuck1/cmd_vel,37.33981474,0.012,0.18
/epuck1/cmd_vel,37.401561745,0.012,0.18
/epuck1/cmd_vel,37.451282393,0.012,0.18
/epuck1/cmd_vel,37.511598249,0.012,0.18
/epuck1/cmd_vel,37.54855795,0.012,0.18
/epuck1/cmd_vel,37.604716419,0.012,0.18
/epuck1/cmd_vel,37.642172834,0.012,0.18
/epuck1/cmd_vel,37.723506715,0.012,0.18
/epuck1/cmd_vel,37.761009747,0.012,0.18
/epuck1/cmd_vel,37.814385378,0.012,0.18
/epuck1/cmd_vel,37.851887611,0.012,0.18
/epuck1/cmd_vel,37.909083101,0.012,0.18
/epuck1/cmd_vel,37.971130807,0.012,0.18
/epuck1/cmd_vel,38.030515574,0.012,0.18
/epuck1/cmd_vel,38.067588525,0.012,0.18
/epuck1/cmd_vel,38.122193237,0.012,0.18
/epuck1/cmd_vel,38.162652498,0.012,0.18
/epuck1/cmd_vel,38.241280744,0.012,0.18
/epuck1/cmd_vel,38.280154736,0.012,0.18
/epuck1/cmd_vel,38.335005961,0.012,0.18
/epuck1/cmd_vel,38.373671566,0.012,0.18
/epuck1/cmd_vel,38.450798478,0.012,0.18
/epuck1/cmd_vel,38.491226201,0.012,0.18
/epuck1/cmd_vel,38.546925949,0.012,0.18
/epuck1/cmd_vel,38.583711269,0.012,0.18
/epuck1/cmd_vel,38.640127801,0.012,0.17646645307540895
/epuck1/cmd_vel,38.697982391,0.012,0.17646645307540895
/epuck1/cmd_vel,38.758359099,0.012,0.16058447360992434
/epuck1/cmd_vel,38.794645005,0.012,0.16058447360992434
/epuck1/cmd_vel,38.849935362,0.012,0.1447024941444397
/epuck1/cmd_vel,38.889923953,0.012,0.1447024941444397
/epuck1/cmd_vel,38.969299988,0.012,0.13234983682632448
/epuck1/cmd_vel,39.006396332,0.012,0.13234983682632448
/epuck1/cmd_vel,39.062605978,0.012,0.13234983682632448
/epuck1/cmd_vel,39.100370333,0.012,0.11823252439498902
/epuck1/cmd_vel,39.159637204,0.012,0.11823252439498902
/epuck1/cmd_vel,39.21055968,0.012,0.11117386817932132
/epuck1/cmd_vel,39.269496393,0.012,0.11117386817932132
/epuck1/cmd_vel,39.307248287,0.012,0.09705654978752137
/epuck1/cmd_vel,39.363974269,0.012,0.09705654978752137
/epuck1/cmd_vel,39.402605092,0.012,0.08999789357185364
/epuck1/cmd_vel,39.488598812,0.012,0.08999789357185364
/epuck1/cmd_vel,39.528273046,0.012,0.08293923139572144
/epuck1/cmd_vel,39.583042894,0.012,0.08293923139572144
/epuck1/cmd_vel,39.619427897,0.012,0.08293923139572144
/epuck1/cmd_vel,39.678620702,0.012,0.07588057518005371
/epuck1/cmd_vel,39.720308489,0.012,0.07588057518005371
/epuck1/cmd_vel,39.799844068,0.012,0.0670572519302368
/epuck1/cmd_vel,39.841243264,0.012,0.0670572519302368
/epuck1/cmd_vel,39.89569322,0.012,0.061763256788253784
/epuck1/cmd_vel,39.930868069,0.013999999999999957,0.07720407098531723
/epuck1/cmd_vel,39.991605814,0.01700000000000007,0.06838075071573256
/epuck1/cmd_vel,40.043376953,0.019000000000000027,0.06838075071573256
/epuck1/cmd_vel,40.115487165,0.02200000000000014,0.06396909058094025
/epuck1/cmd_vel,40.154414692,0.024000000000000098,0.06396909058094025
/epuck1/cmd_vel,40.207227093,0.025,0.05514576658606529
/epuck1/cmd_vel,40.244674106,0.025,0.05514576658606529
/epuck1/cmd_vel,40.308244304,0.025,0.04632244631648064
/epuck1/cmd_vel,40.371838621,0.025,0.04632244631648064
/epuck1/cmd_vel,40.429835812,0.025,0.04191078245639801
/epuck1/cmd_vel,40.46711747,0.025,0.04191078245639801
/epuck1/cmd_vel,40.521757939,0.025,0.03749912232160568
/epuck1/cmd_vel,40.56074756,0.025,0.03749912232160568
/epuck1/cmd_vel,40.637430681,0.025,0.03749912232160568
/epuck1/cmd_vel,40.678370267,0.025,0.033087462186813354
/epuck1/cmd_vel,40.732580655,0.025,0.033087462186813354
/epuck1/cmd_vel,40.770002251,0.025,0.02867579832673073
/epuck1/cmd_vel,40.82603642,0.025,0.02867579832673073
/epuck1/cmd_vel,40.869846532,0.025,0.026469968259334564
/epuck1/cmd_vel,40.952411503,0.025,0.026469968259334564
/epuck1/cmd_vel,40.993505955,0.025,0.022058306261897087
/epuck1/cmd_vel,41.047027582,0.025,0.022058306261897087
/epuck1/cmd_vel,41.084888823,0.025,0.022058306261897087
/epuck1/cmd_vel,41.145299921,0.025,0.022058306261897087
/epuck1/cmd_vel,41.197031787,0.025,0.022058306261897087
/epuck1/cmd_vel,41.258389638,0.025,0.017646646127104763
/epuck1/cmd_vel,41.292962458,0.025,0.017646646127104763
/epuck1/cmd_vel,41.34937806,0.025,0.017646646127104763
/epuck1/cmd_vel,41.385903881,0.025,0.017646646127104763
/epuck1/cmd_vel,41.460882215,0.025,0.01544081512838602
/epuck1/cmd_vel,41.513401381,0.025,0.01544081512838602
/epuck1/cmd_vel,41.572323386,0.025,0.011029153130948544
/epuck1/cmd_vel,41.610976013,0.025,0.011029153130948544
/epuck1/cmd_vel,41.665809042,0.025,0.011029153130948544
/epuck1/cmd_vel,41.706370422,0.025,0.011029153130948544
/epuck1/cmd_vel,41.780924312,0.025,0.011029153130948544
/epuck1/cmd_vel,41.817942245,0.025,0.011029153130948544
/epuck1/cmd_vel,41.870879178,0.025,0.00882332306355238
/epuck1/cmd_vel,41.908971615,0.025,0.00882332306355238
/epuck1/cmd_vel,41.974543877,0.025,0.00882332306355238
/epuck1/cmd_vel,42.05107172,0.025,0.00882332306355238
/epuck1/cmd_vel,42.112345412,0.025,0.006617492064833641
/epuck1/cmd_vel,42.149254334,0.025,0.006617492064833641
/epuck1/cmd_vel,42.202445166,0.025,0.006617492064833641
/epuck1/cmd_vel,42.241376024,0.025,0.00441166153177619
/epuck1/cmd_vel,42.319957292,0.025,0.00441166153177619
/epuck1/cmd_vel,42.369454212,0.025,0.00441166153177619
/epuck1/cmd_vel,42.426937933,0.025,0.00441166153177619
/epuck1/cmd_vel,42.463359183,0.025,0.00441166153177619
/epuck1/cmd_vel,42.519644152,0.025,0.00441166153177619
/epuck1/cmd_vel,42.562824752,0.025,0.00441166153177619
/epuck1/cmd_vel,42.638214029,0.025,0.00441166153177619
/epuck1/cmd_vel,42.673773932,0.025,0.002205830765888095
/epuck1/cmd_vel,42.726715447,0.025,0.002205830765888095
/epuck1/cmd_vel,42.767203189,0.025,0.002205830765888095
/epuck1/cmd_vel,42.84181801,0.025,0.002205830765888095
/epuck1/cmd_vel,42.883547353,0.025,0.002205830765888095
/epuck1/cmd_vel,42.939528443,0.025,0.002205830765888095
/epuck1/cmd_vel,42.976316942,0.025,0.002205830765888095
/epuck1/cmd_vel,43.034598155,0.025,0.002205830765888095
/epuck1/cmd_vel,43.089985807,0.025,0.002205830765888095
/epuck1/cmd_vel,43.149261198,0.025,0.00441166153177619
/epuck1/cmd_vel,43.186052686,0.025,0.00441166153177619
/epuck1/cmd_vel,43.239090397,0.025,0.00441166153177619
/epuck1/cmd_vel,43.279255696,0.025,0.00441166153177619
/epuck1/cmd_vel,43.357035087,0.025,0.002205830765888095
/epuck1/cmd_vel,43.398083668,0.025,0.002205830765888095
/epuck1/cmd_vel,43.451610498,0.025,0.002205830765888095
/epuck1/cmd_vel,43.488520853,0.025,0.002205830765888095
/epuck1/cmd_vel,43.54882151,0.025,0.002205830765888095
/epuck1/cmd_vel,43.61002169,0.025,0.002205830765888095
/epuck1/cmd_vel,43.666992176,0.025,0.002205830765888095
/epuck1/cmd_vel,43.702084952,0.025,0.002205830765888095
/epuck1/cmd_vel,43.759305727,0.025,0.002205830765888095
/epuck1/cmd_vel,43.799938124,0.025,0.002205830765888095
/epuck1/cmd_vel,43.878005366,0.025,0.002205830765888095
/epuck1/cmd_vel,43.914935685,0.025,0.002205830765888095
/epuck1/cmd_vel,43.971169173,0.025,0.002205830765888095
/epuck1/cmd_vel,44.007575701,0.025,1.547373340571312e-15
/epuck1/cmd_vel,44.083781805,0.025,1.547373340571312e-15
/epuck1/cmd_vel,44.12362163,0.025,1.547373340571312e-15
/epuck1/cmd_vel,44.179412767,0.025,1.547373340571312e-15
/epuck1/cmd_vel,44.216560133,0.025,1.547373340571312e-15
/epuck1/cmd_vel,44.275095238,0.025,1.547373340571312e-15
/epuck1/cmd_vel,44.332590918,0.025,1.547373340571312e-15
/epuck1/cmd_vel,44.392331228,0.025,1.547373340571312e-15
/epuck1/cmd_vel,44.430892322,0.025,1.547373340571312e-15
/epuck1/cmd_vel,44.482418465,0.025,1.547373340571312e-15
/epuck1/cmd_vel,44.51973769,0.025,1.547373340571312e-15
/epuck1/cmd_vel,44.597382428,0.025,1.547373340571312e-15
/epuck1/cmd_vel,44.649194206,0.025,1.547373340571312e-15
/epuck1/cmd_vel,44.709984998,0.025,1.547373340571312e-15
/epuck1/cmd_vel,44.744773262,0.025,1.547373340571312e-15
/epuck1/cmd_vel,44.800009867,0.025,1.547373340571312e-15
/epuck1/cmd_vel,44.840969715,0.025,1.547373340571312e-15
/epuck1/cmd_vel,44.917809809,0.025,0.002205830765888095
/epuck1/cmd_vel,44.956272846,0.025,0.002205830765888095
/epuck1/cmd_vel,45.011422982,0.025,1.547373340571312e-15
/epuck1/cmd_vel,45.048716668,0.025,1.547373340571312e-15
/epuck1/cmd_vel,45.125981751,0.025,1.547373340571312e-15
/epuck1/cmd_vel,45.166016606,0.025,1.547373340571312e-15
/epuck1/cmd_vel,45.221555961,0.025,1.547373340571312e-15
/epuck1/cmd_vel,45.259125896,0.025,1.547373340571312e-15
/epuck1/cmd_vel,45.317295443,0.025,1.547373340571312e-15
/epuck1/cmd_vel,45.374859893,0.025,1.547373340571312e-15
/epuck1/cmd_vel,45.43208583,0.025,1.547373340571312e-15
/epuck1/cmd_vel,45.468430229,0.025,1.547373340571312e-15
/epuck1/cmd_vel,45.52181309,0.025,1.547373340571312e-15
/epuck1/cmd_vel,45.564315954,0.025,1.547373340571312e-15
/epuck1/cmd_vel,45.635995093,0.025,1.547373340571312e-15
/epuck1/cmd_vel,45.690276635,0.025,1.547373340571312e-15
/epuck1/cmd_vel,45.749074092,0.025,1.547373340571312e-15
/epuck1/cmd_vel,45.781521819,0.025,1.547373340571312e-15
/epuck1/cmd_vel,45.839029385,0.025,1.547373340571312e-15
/epuck1/cmd_vel,45.881244941,0.025,1.547373340571312e-15
/epuck1/cmd_vel,45.964720665,0.025,1.547373340571312e-15
/epuck1/cmd_vel,46.004251509,0.025,1.547373340571312e-15
/epuck1/cmd_vel,46.05909646,0.025,1.547373340571312e-15
/epuck1/cmd_vel,46.096366756,0.025,1.547373340571312e-15
/epuck1/cmd_vel,46.153933269,0.025,1.547373340571312e-15
/epuck1/cmd_vel,46.194336934,0.025,1.547373340571312e-15
/epuck1/cmd_vel,46.281470369,0.025,1.547373340571312e-15
/epuck1/cmd_vel,46.318456765,0.025,1.547373340571312e-15
/epuck1/cmd_vel,46.372884651,0.025,1.547373340571312e-15
/epuck1/cmd_vel,46.413553621,0.025,1.547373340571312e-15
/epuck1/cmd_vel,46.471027745,0.025,1.547373340571312e-15
/epuck1/cmd_vel,46.519551067,0.025,1.547373340571312e-15
/epuck1/cmd_vel,46.608177832,0.025,1.547373340571312e-15
/epuck1/cmd_vel,46.644306333,0.025,1.547373340571312e-15
/epuck1/cmd_vel,46.697144752,0.025,1.547373340571312e-15
/epuck1/cmd_vel,46.734770587,0.025,1.547373340571312e-15
/epuck1/cmd_vel,46.814333466,0.025,1.547373340571312e-15
/epuck1/cmd_vel,46.855855863,0.025,1.547373340571312e-15
/epuck1/cmd_vel,46.913303644,0.025,1.547373340571312e-15
/epuck1/cmd_vel,46.948453027,0.025,1.547373340571312e-15
/epuck1/cmd_vel,47.005394226,0.025,1.547373340571312e-15
/epuck1/cmd_vel,47.063286841,0.025,0.002205830765888095
/epuck1/cmd_vel,47.123288706,0.025,0.002205830765888095
/epuck1/cmd_vel,47.159668558,0.025,1.547373340571312e-15
/epuck1/cmd_vel,47.213666277,0.025,1.547373340571312e-15
/epuck1/cmd_vel,47.251460242,0.025,1.547373340571312e-15
/epuck1/cmd_vel,47.334423144,0.025,1.547373340571312e-15
/epuck1/cmd_vel,47.373620849,0.025,1.547373340571312e-15
/epuck1/cmd_vel,47.42561938,0.025,1.547373340571312e-15
/epuck1/cmd_vel,47.464721335,0.025,1.547373340571312e-15
/epuck1/cmd_vel,47.522398461,0.025,1.547373340571312e-15
/epuck1/cmd_vel,47.581630035,0.025,1.547373340571312e-15
/epuck1/cmd_vel,47.639746915,0.025,1.547373340571312e-15
/epuck1/cmd_vel,47.674254049,0.025,1.547373340571312e-15
/epuck1/cmd_vel,47.730844408,0.025,1.547373340571312e-15
/epuck1/cmd_vel,47.772910036,0.025,1.547373340571312e-15
/epuck1/cmd_vel,47.851618131,0.025,1.547373340571312e-15
/epuck1/cmd_vel,47.888909507,0.025,1.547373340571312e-15
/epuck1/cmd_vel,47.9435786,0.025,1.547373340571312e-15
/epuck1/cmd_vel,47.980083371,0.025,1.547373340571312e-15
/epuck1/cmd_vel,48.056148493,0.025,1.547373340571312e-15
/epuck1/cmd_vel,48.098314418,0.025,1.547373340571312e-15
/epuck1/cmd_vel,48.153807519,0.025,1.547373340571312e-15
/epuck1/cmd_vel,48.191270245,0.025,1.547373340571312e-15
/epuck1/cmd_vel,48.247492109,0.025,1.547373340571312e-15
/epuck1/cmd_vel,48.304476747,0.025,1.547373340571312e-15
/epuck1/cmd_vel,48.368575275,0.025,1.547373340571312e-15
/epuck1/cmd_vel,48.403329899,0.025,1.547373340571312e-15
/epuck1/cmd_vel,48.457604938,0.025,1.547373340571312e-15
/epuck1/cmd_vel,48.498298875,0.025,1.547373340571312e-15
/epuck1/cmd_vel,48.573203082,0.025,1.547373340571312e-15
/epuck1/cmd_vel,48.614340341,0.025,1.547373340571312e-15
/epuck1/cmd_vel,48.665767749,0.025,1.547373340571312e-15
/epuck1/cmd_vel,48.705055723,0.025,1.547373340571312e-15
/epuck1/cmd_vel,48.764841316,0.025,1.547373340571312e-15
/epuck1/cmd_vel,48.824175109,0.025,1.547373340571312e-15
/epuck1/cmd_vel,48.879584533,0.025,1.547373340571312e-15
/epuck1/cmd_vel,48.915356689,0.025,1.547373340571312e-15
/epuck1/cmd_vel,48.976381076,0.025,1.547373340571312e-15
/epuck1/cmd_vel,49.017248136,0.025,1.547373340571312e-15
/epuck1/cmd_vel,49.093883735,0.025,1.547373340571312e-15
/epuck1/cmd_vel,49.129937803,0.025,1.547373340571312e-15
/epuck1/cmd_vel,49.184942457,0.025,-0.002205830765888095
/epuck1/cmd_vel,49.224460563,0.025,-0.002205830765888095
/epuck1/cmd_vel,49.296425484,0.025,1.547373340571312e-15
/epuck1/cmd_vel,49.335152428,0.025,1.547373340571312e-15
/epuck1/cmd_vel,49.395671082,0.025,1.547373340571312e-15
/epuck1/cmd_vel,49.430771526,0.025,1.547373340571312e-15
/epuck1/cmd_vel,49.486523461,0.025,1.547373340571312e-15
/epuck1/cmd_vel,49.528778271,0.025,1.547373340571312e-15
/epuck1/cmd_vel,49.623233614,0.025,1.547373340571312e-15
/epuck1/cmd_vel,49.662903809,0.025,1.547373340571312e-15
/epuck1/cmd_vel,49.717963116,0.025,1.547373340571312e-15
/epuck1/cmd_vel,49.752732255,0.025,1.547373340571312e-15
/epuck1/cmd_vel,49.815448071,0.025,1.547373340571312e-15
/epuck1/cmd_vel,49.873499592,0.025,1.547373340571312e-15
/epuck1/cmd_vel,49.931951294,0.025,1.547373340571312e-15
/epuck1/cmd_vel,49.967402511,0.025,1.547373340571312e-15
/epuck1/cmd_vel,50.022539364,0.025,1.547373340571312e-15
/epuck1/cmd_vel,50.063406634,0.025,1.547373340571312e-15
/epuck1/cmd_vel,50.140675017,0.025,1.547373340571312e-15
/epuck1/cmd_vel,50.176662963,0.025,1.547373340571312e-15
/epuck1/cmd_vel,50.233551913,0.025,1.547373340571312e-15
/epuck1/cmd_vel,50.270040885,0.025,1.547373340571312e-15
/epuck1/cmd_vel,50.347879805,0.025,1.547373340571312e-15
/epuck1/cmd_vel,50.390383888,0.025,1.547373340571312e-15
/epuck1/cmd_vel,50.447571818,0.025,1.547373340571312e-15
/epuck1/cmd_vel,50.482857389,0.025,1.547373340571312e-15
/epuck1/cmd_vel,50.541245031,0.025,1.547373340571312e-15
/epuck1/cmd_vel,50.594896057,0.025,1.547373340571312e-15
/epuck1/cmd_vel,50.655776265,0.025,1.547373340571312e-15
/epuck1/cmd_vel,50.692960831,0.025,1.547373340571312e-15
/epuck1/cmd_vel,50.749754841,0.025,1.547373340571312e-15
/epuck1/cmd_vel,50.786758801,0.025,1.547373340571312e-15
/epuck1/cmd_vel,50.862993718,0.025,1.547373340571312e-15
/epuck1/cmd_vel,50.905308929,0.025,1.547373340571312e-15
/epuck1/cmd_vel,50.958549767,0.025,1.547373340571312e-15
/epuck1/cmd_vel,50.993173275,0.025,1.547373340571312e-15
/epuck1/cmd_vel,51.054607773,0.025,1.547373340571312e-15
/epuck1/cmd_vel,51.111943447,0.025,1.547373340571312e-15
/epuck1/cmd_vel,51.172119637,0.025,1.547373340571312e-15
/epuck1/cmd_vel,51.204737411,0.025,1.547373340571312e-15
/epuck1/cmd_vel,51.26101552,0.025,1.547373340571312e-15
/epuck1/cmd_vel,51.300569843,0.025,1.547373340571312e-15
/epuck1/cmd_vel,51.385577417,0.025,1.547373340571312e-15
/epuck1/cmd_vel,51.427247069,0.025,1.547373340571312e-15
/epuck1/cmd_vel,51.483947206,0.025,1.547373340571312e-15
/epuck1/cmd_vel,51.519530949,0.025,1.547373340571312e-15
/epuck1/cmd_vel,51.581601881,0.025,1.547373340571312e-15
/epuck1/cmd_vel,51.62469209,0.025,1.547373340571312e-15
/epuck1/cmd_vel,51.685217412,0.025,1.547373340571312e-15
/epuck1/cmd_vel,51.720995216,0.025,1.547373340571312e-15
/epuck1/cmd_vel,51.777489624,0.025,1.547373340571312e-15
/epuck1/cmd_vel,51.81631138,0.025,1.547373340571312e-15
/epuck1/cmd_vel,51.902062491,0.025,1.547373340571312e-15
/epuck1/cmd_vel,51.941796151,0.025,1.547373340571312e-15
/epuck1/cmd_vel,52.001180171,0.025,1.547373340571312e-15
/epuck1/cmd_vel,52.036187571,0.025,1.547373340571312e-15
/epuck1/cmd_vel,52.094608093,0.025,1.547373340571312e-15
/epuck1/cmd_vel,52.148740943,0.025,1.547373340571312e-15
/epuck1/cmd_vel,52.209489436,0.025,1.547373340571312e-15
/epuck1/cmd_vel,52.246396905,0.025,1.547373340571312e-15
/epuck1/cmd_vel,52.299088897,0.025,1.547373340571312e-15
/epuck1/cmd_vel,52.337915783,0.025,1.547373340571312e-15
/epuck1/cmd_vel,52.412677366,0.025,1.547373340571312e-15
/epuck1/cmd_vel,52.462511475,0.025,1.547373340571312e-15
/epuck1/cmd_vel,52.522241325,0.025,1.547373340571312e-15
/epuck1/cmd_vel,52.558285516,0.025,1.547373340571312e-15
/epuck1/cmd_vel,52.613258709,0.025,1.547373340571312e-15
/epuck1/cmd_vel,52.655997222,0.025,1.547373340571312e-15
/epuck1/cmd_vel,52.729226504,0.025,1.547373340571312e-15
/epuck1/cmd_vel,52.785108647,0.025,1.547373340571312e-15
/epuck1/cmd_vel,52.820264231,0.025,1.547373340571312e-15
/epuck1/cmd_vel,52.857099902,0.025,1.547373340571312e-15
/epuck1/cmd_vel,52.938099863,0.025,1.547373340571312e-15
/epuck1/cmd_vel,52.977705232,0.025,1.547373340571312e-15
/epuck1/cmd_vel,53.035041303,0.025,1.547373340571312e-15
/epuck1/cmd_vel,53.070884623,0.025,1.547373340571312e-15
/epuck1/cmd_vel,53.127934903,0.025,1.547373340571312e-15
/epuck1/cmd_vel,53.187305812,0.025,1.547373340571312e-15
/epuck1/cmd_vel,53.247626133,0.025,1.547373340571312e-15
/epuck1/cmd_vel,53.300648716,0.025,1.547373340571312e-15
/epuck1/cmd_vel,53.339004224,0.025,1.547373340571312e-15
/epuck1/cmd_vel,53.377501829,0.025,1.547373340571312e-15
/epuck1/cmd_vel,53.456095814,0.025,1.547373340571312e-15
/epuck1/cmd_vel,53.494231644,0.025,1.547373340571312e-15
/epuck1/cmd_vel,53.553143154,0.025,1.547373340571312e-15
/epuck1/cmd_vel,53.589180824,0.025,1.547373340571312e-15
/epuck1/cmd_vel,53.648327967,0.025,1.547373340571312e-15
/epuck1/cmd_vel,53.701049801,0.025,1.547373340571312e-15
/epuck1/cmd_vel,53.758612231,0.025,1.547373340571312e-15
/epuck1/cmd_vel,53.814831363,0.025,1.547373340571312e-15
/epuck1/cmd_vel,53.852228285,0.025,1.547373340571312e-15
/epuck1/cmd_vel,53.893330018,0.025,1.547373340571312e-15
/epuck1/cmd_vel,53.973713493,0.025,1.547373340571312e-15
/epuck1/cmd_vel,54.011607567,0.025,1.547373340571312e-15
/epuck1/cmd_vel,54.067790952,0.025,1.547373340571312e-15
/epuck1/cmd_vel,54.104045363,0.025,1.547373340571312e-15
/epuck1/cmd_vel,54.186019107,0.025,1.547373340571312e-15
/epuck1/cmd_vel,54.22731123,0.025,1.547373340571312e-15
/epuck1/cmd_vel,54.28678284,0.025,1.547373340571312e-15
/epuck1/cmd_vel,54.336471484,0.025,1.547373340571312e-15
/epuck1/cmd_vel,54.379995567,0.025,1.547373340571312e-15
/epuck1/cmd_vel,54.435953035,0.020999999999999377,-0.16000000000002346
/epuck1/cmd_vel,54.501071946,0.01499999999999915,-0.3400000000000303
/epuck1/cmd_vel,54.531999121,0.010999999999999944,-0.4600000000000064
/epuck1/cmd_vel,54.589225523,0.006,-0.6400000000000132
/epuck1/cmd_vel,54.631138763,0.006,-0.65
/epuck1/cmd_vel,54.707193379,0.006,-0.65
/epuck1/cmd_vel,54.748498547,0.006,-0.65
/epuck1/cmd_vel,54.801433651,0.006,-0.65
/epuck1/cmd_vel,54.858579658,0.006,-0.65
/epuck1/cmd_vel,54.89875848,0.006,-0.65
/epuck1/cmd_vel,54.955992687,0.006,-0.65
/epuck1/cmd_vel,55.027958529,0.006,-0.65
/epuck1/cmd_vel,55.065557223,0.006,-0.65
/epuck1/cmd_vel,55.121153587,0.006,-0.65
/epuck1/cmd_vel,55.159541483,0.006,-0.65
/epuck1/cmd_vel,55.224592592,0.008999999999999404,-0.41000000000004777
/epuck1/cmd_vel,55.289415178,0.010999999999999717,-0.25000000000002276
/epuck1/cmd_vel,55.35070425,0.012,-0.010000000000013665
/epuck1/cmd_vel,55.402859802,0.012,0.011892517805099468
/epuck1/cmd_vel,55.443469431,0.012,0.011892517805099468
/epuck1/cmd_vel,55.481771025,0.012,0.039685996770858746
/epuck1/cmd_vel,55.562500635,0.012,0.039685996770858746
/epuck1/cmd_vel,55.605326243,0.012,0.03571546912193296
/epuck1/cmd_vel,55.66029936,0.012,0.03571546912193296
/epuck1/cmd_vel,55.697488221,0.012,0.03571546912193296
/epuck1/cmd_vel,55.757998561,0.012,0.027774521112441997
/epuck1/cmd_vel,55.815476541,0.012,0.027774521112441997
/epuck1/cmd_vel,55.874586173,0.012,0.019833519458770734
/epuck1/cmd_vel,55.92979558,0.012,0.019833519458770734
/epuck1/cmd_vel,55.97042355,0.012,0.019833519458770734
/epuck1/cmd_vel,56.011745804,0.012,0.01586299180984495
/epuck1/cmd_vel,56.089552202,0.012,0.01586299180984495
/epuck1/cmd_vel,56.126877065,0.012,0.011892517805099468
/epuck1/cmd_vel,56.18036836,0.012,0.011892517805099468
/epuck1/cmd_vel,56.21938524,0.012,0.011892517805099468
/epuck1/cmd_vel,56.297421017,0.012,0.007922043800353985
/epuck1/cmd_vel,56.339078973,0.012,0.007922043800353985
/epuck1/cmd_vel,56.396165842,0.012,0.003951516151428203
/epuck1/cmd_vel,56.448571318,0.012,0.003951516151428203
/epuck1/cmd_vel,56.489449227,0.012,0.003951516151428203
/epuck1/cmd_vel,56.547863386,0.012,0.003951516151428203
/epuck1/cmd_vel,56.611178137,0.012,0.003951516151428203
/epuck1/cmd_vel,56.648163166,0.012,0.003951516151428203
/epuck1/cmd_vel,56.704045698,0.012,0.003951516151428203
/epuck1/cmd_vel,56.745251952,0.012,0.003951516151428203
/epuck1/cmd_vel,56.820338969,0.012,0.003951516151428203
/epuck1/cmd_vel,56.861021462,0.012,0.003951516151428203
/epuck1/cmd_vel,56.914463588,0.012,-1.8957853317280553e-05
/epuck1/cmd_vel,56.970893394,0.012,-1.8957853317280726e-05
/epuck1/cmd_vel,57.012596557,0.012,-1.8957853317280726e-05
/epuck1/cmd_vel,57.071760781,0.012,0.003951516151428203
/epuck1/cmd_vel,57.133106882,0.012,-1.8957853317280553e-05
/epuck1/cmd_vel,57.16568388,0.012,-1.8957853317280726e-05
/epuck1/cmd_vel,57.223543144,0.012,-1.8957853317280726e-05
/epuck1/cmd_vel,57.265105505,0.012,-1.8957853317280726e-05
/epuck1/cmd_vel,57.344995907,0.012,-1.8957853317280726e-05
/epuck1/cmd_vel,57.384081199,0.012,-1.8957853317280726e-05
/epuck1/cmd_vel,57.439462589,0.012,-1.8957853317280726e-05
/epuck1/cmd_vel,57.475659578,0.012,-1.8957853317280726e-05
/epuck1/cmd_vel,57.556630401,0.012,-1.8957853317280726e-05
/epuck1/cmd_vel,57.596663767,0.012,-1.8957853317280726e-05
/epuck1/cmd_vel,57.653039929,0.012,-1.8957853317280726e-05
/epuck1/cmd_vel,57.68949326,0.012,-1.8957853317280726e-05
/epuck1/cmd_vel,57.746475505,0.012,-1.8957853317280726e-05
/epuck1/cmd_vel,57.788026493,0.012,-1.8957853317280726e-05
/epuck1/cmd_vel,57.871906353,0.012,-1.8957853317280726e-05
/epuck1/cmd_vel,57.913612387,0.012,-1.8957853317280726e-05
/epuck1/cmd_vel,57.967600291,0.012,-1.8957853317280726e-05
/epuck1/cmd_vel,58.005349945,0.012,-1.8957853317280726e-05
/epuck1/cmd_vel,58.066050927,0.012,-1.8957853317280726e-05
/epuck1/cmd_vel,58.117933832,0.012,-1.8957853317280726e-05
/epuck1/cmd_vel,58.192132645,0.012,-1.8957853317280726e-05
/epuck1/cmd_vel,58.230625985,0.012,-1.8957853317280726e-05
/epuck1/cmd_vel,58.286748946,0.012,-1.8957853317280726e-05
/epuck1/cmd_vel,58.324671101,0.012,-1.8957853317280726e-05
/epuck1/cmd_vel,58.402092955,0.012,-1.8957853317280726e-05
/epuck1/cmd_vel,58.443827934,0.012,-1.8957853317280726e-05
/epuck1/cmd_vel,58.500332891,0.012,-1.8957853317280726e-05
/epuck1/cmd_vel,58.536262434,0.012,-1.8957853317280726e-05
/epuck1/cmd_vel,58.593625877,0.012,-1.8957853317280726e-05
/epuck1/cmd_vel,58.636513478,0.012,-1.8957853317280726e-05
/epuck1/cmd_vel,58.719622952,0.012,-1.8957853317280726e-05
/epuck1/cmd_vel,58.759648398,0.012,-1.8957853317280726e-05
/epuck1/cmd_vel,58.813336134,0.012,-1.8957853317280726e-05
/epuck1/cmd_vel,58.850867447,0.012,-1.8957853317280726e-05
/epuck1/cmd_vel,58.913298394,0.012,-1.8957853317280726e-05
/epuck1/cmd_vel,58.962365067,0.012,-1.8957853317280726e-05
/epuck1/cmd_vel,59.033313316,0.012,-1.8957853317280726e-05
/epuck1/cmd_vel,59.074736365,0.012,-1.8957853317280726e-05
/epuck1/cmd_vel,59.129027225,0.012,-1.8957853317280726e-05
/epuck1/cmd_vel,59.163807744,0.012,-1.8957853317280726e-05
/epuck1/cmd_vel,59.245541882,0.012,-1.8957853317280726e-05
/epuck1/cmd_vel,59.284146021,0.012,-1.8957853317280726e-05
/epuck1/cmd_vel,59.340326197,0.012,-1.8957853317280726e-05
/epuck1/cmd_vel,59.377559492,0.012,-1.8957853317280726e-05
/epuck1/cmd_vel,59.435244472,0.012,-1.8957853317280726e-05
/epuck1/cmd_vel,59.482275416,0.012,-1.8957853317280726e-05
/epuck1/cmd_vel,59.553251683,0.012,-1.8957853317280726e-05
/epuck1/cmd_vel,59.594888126,0.012,-1.8957853317280726e-05
/epuck1/cmd_vel,59.646120874,0.012,-1.8957853317280726e-05
/epuck1/cmd_vel,59.68429973,0.012,-1.8957853317280726e-05
/epuck1/cmd_vel,59.749234585,0.012,-1.8957853317280726e-05
/epuck1/cmd_vel,59.809948456,0.012,-1.8957853317280726e-05
/epuck1/cmd_vel,59.873822868,0.012,-1.8957853317280726e-05
/epuck1/cmd_vel,59.910632308,0.012,-1.8957853317280726e-05
/epuck1/cmd_vel,59.965836571,0.012,-1.8957853317280726e-05
/epuck1/cmd_vel,60.005862925,0.012,-1.8957853317280726e-05
/epuck1/cmd_vel,60.081753274,0.012,-1.8957853317280726e-05
/epuck1/cmd_vel,60.119213708,0.012,-1.8957853317280726e-05
/epuck1/cmd_vel,60.173355183,0.012,-1.8957853317280726e-05
/epuck1/cmd_vel,60.210940727,0.012,-1.8957853317280726e-05
/epuck1/cmd_vel,60.270541117,0.012,-1.8957853317280726e-05
/epuck1/cmd_vel,60.328669577,0.012,-1.8957853317280726e-05
/epuck1/cmd_vel,60.389032971,0.012,-1.8957853317280726e-05
/epuck1/cmd_vel,60.426943482,0.012,-1.8957853317280726e-05
/epuck1/cmd_vel,60.482032166,0.012,-1.8957853317280726e-05
/epuck1/cmd_vel,60.523239696,0.012,-1.8957853317280726e-05
/epuck1/cmd_vel,60.60085932,0.012,-1.8957853317280726e-05
/epuck1/cmd_vel,60.638656258,0.012,-1.8957853317280726e-05
/epuck1/cmd_vel,60.692682054,0.012,-1.8957853317280726e-05
/epuck1/cmd_vel,60.731183303,0.012,-1.8957853317280726e-05
/epuck1/cmd_vel,60.810494578,0.012,-1.8957853317280726e-05
/epuck1/cmd_vel,60.851888721,0.012,-1.8957853317280726e-05
/epuck1/cmd_vel,60.909701097,0.012,-1.8957853317280726e-05
/epuck1/cmd_vel,60.942991251,0.012,-1.8957853317280726e-05
/epuck1/cmd_vel,61.002898271,0.012,-1.8957853317280726e-05
/epuck1/cmd_vel,61.058429414,0.012,-1.8957853317280726e-05
/epuck1/cmd_vel,61.118823344,0.012,-1.8957853317280726e-05
/epuck1/cmd_vel,61.15548488,0.012,-1.8957853317280726e-05
/epuck1/cmd_vel,61.207794213,0.012,-1.8957853317280726e-05
/epuck1/cmd_vel,61.248931575,0.012,-1.8957853317280726e-05
/epuck1/cmd_vel,61.329293743,0.012,-1.8957853317280726e-05
/epuck1/cmd_vel,61.37114528,0.012,-1.8957853317280726e-05
/epuck1/cmd_vel,61.426005956,0.012,-1.8957853317280726e-05
/epuck1/cmd_vel,61.46288002,0.012,-1.8957853317280726e-05
/epuck1/cmd_vel,61.519191402,0.012,-1.8957853317280726e-05
/epuck1/cmd_vel,61.580676445,0.012,-1.8957853317280726e-05
/epuck1/cmd_vel,61.638757125,0.012,-1.8957853317280726e-05
/epuck1/cmd_vel,61.675447432,0.012,-1.8957853317280726e-05
/epuck1/cmd_vel,61.732238105,0.012,-1.8957853317280726e-05
/epuck1/cmd_vel,61.769834464,0.012,-1.8957853317280726e-05
/epuck1/cmd_vel,61.852167031,0.012,-1.8957853317280726e-05
/epuck1/cmd_vel,61.888385465,0.012,-1.8957853317280726e-05
/epuck1/cmd_vel,61.944059411,0.012,-1.8957853317280726e-05
/epuck1/cmd_vel,61.983351183,0.012,-1.8957853317280726e-05
/epuck1/cmd_vel,62.059453989,0.012,-1.8957853317280726e-05
/epuck1/cmd_vel,62.101126919,0.012,-1.8957853317280726e-05
/epuck1/cmd_vel,62.156483823,0.012,0.2399810421466918
/epuck1/cmd_vel,62.193741256,0.012,0.3
/epuck1/cmd_vel,62.250370235,0.012,0.3
/epuck1/cmd_vel,62.306703083,0.012,0.3
/epuck1/cmd_vel,62.367417869,0.012,0.3
/epuck1/cmd_vel,62.405757738,0.012,0.3
/epuck1/cmd_vel,62.460113451,0.012,0.3
/epuck1/cmd_vel,62.499134338,0.012,0.3
/epuck1/cmd_vel,62.576585757,0.012,0.3
/epuck1/cmd_vel,62.616452958,0.012,0.3
/epuck1/cmd_vel,62.671711285,0.012,0.3
/epuck1/cmd_vel,62.70842755,0.012,0.3
/epuck1/cmd_vel,62.768236215,0.012,0.3
/epuck1/cmd_vel,62.823796883,0.012,0.3
/epuck1/cmd_vel,62.897230616,0.012,0.3
/epuck1/cmd_vel,62.931611027,0.012,0.3
/epuck1/cmd_vel,62.987156728,0.012,0.3
/epuck1/cmd_vel,63.025824157,0.012,0.2620526790618896
/epuck1/cmd_vel,63.090325435,0.012,0.2620526790618896
/epuck1/cmd_vel,63.15492364,0.012,0.23028872609138487
/epuck1/cmd_vel,63.214031898,0.012,0.23028872609138487
/epuck1/cmd_vel,63.251117298,0.012,0.23028872609138487
/epuck1/cmd_vel,63.306660959,0.012,0.19323077201843264
/epuck1/cmd_vel,63.34478837,0.012,0.19323077201843264
/epuck1/cmd_vel,63.423587801,0.012,0.16676080226898196
/epuck1/cmd_vel,63.463015697,0.012,0.16676080226898196
/epuck1/cmd_vel,63.519704878,0.012,0.13499684035778045
/epuck1/cmd_vel,63.559153395,0.012,0.13499684035778045
/epuck1/cmd_vel,63.62019291,0.012,0.11911485493183134
/epuck1/cmd_vel,63.669760205,0.012,0.11911485493183134
/epuck1/cmd_vel,63.734221365,0.012,0.10587987005710602
/epuck1/cmd_vel,63.768196152,0.012,0.10587987005710602
/epuck1/cmd_vel,63.826907387,0.012,0.10587987005710602
/epuck1/cmd_vel,63.867101699,0.012,0.08735089302062989
/epuck1/cmd_vel,63.943982704,0.015000000000000114,0.0727924108505249
/epuck1/cmd_vel,63.984784519,0.016999999999999717,0.05955743044614792
/epuck1/cmd_vel,64.037841425,0.01999999999999983,0.05955743044614792
/epuck1/cmd_vel,64.074182077,0.022000000000000144,0.050734106451272964
/epuck1/cmd_vel,64.153098182,0.024999999999999547,0.050734106451272964
/epuck1/cmd_vel,64.192183787,0.025,0.04632244631648064
/epuck1/cmd_vel,64.251347729,0.025,0.04632244631648064
/epuck1/cmd_vel,64.288434075,0.025,0.04632244631648064
/epuck1/cmd_vel,64.347211412,0.025,0.04191078245639801
/epuck1/cmd_vel,64.401123672,0.025,0.04191078245639801
/epuck1/cmd_vel,64.465463556,0.025,0.03529329225420952
/epuck1/cmd_vel,64.501256417,0.025,0.03529329225420952
/epuck1/cmd_vel,64.554391265,0.025,0.03088163025677204
/epuck1/cmd_vel,64.595573381,0.025,0.03088163025677204
/epuck1/cmd_vel,64.66539827,0.025,0.026469968259334564
/epuck1/cmd_vel,64.717699176,0.025,0.026469968259334564
/epuck1/cmd_vel,64.779743544,0.025,0.0242641381919384
/epuck1/cmd_vel,64.814622621,0.025,0.0242641381919384
/epuck1/cmd_vel,64.871016195,0.025,0.0242641381919384
/epuck1/cmd_vel,64.911350014,0.025,0.022058306261897087
/epuck1/cmd_vel,64.994391864,0.025,0.022058306261897087
/epuck1/cmd_vel,65.036157404,0.025,0.017646646127104763
/epuck1/cmd_vel,65.093175972,0.025,0.017646646127104763
/epuck1/cmd_vel,65.130856463,0.025,0.01544081512838602
/epuck1/cmd_vel,65.188973798,0.025,0.01544081512838602
/epuck1/cmd_vel,65.228082676,0.025,0.01544081512838602
/epuck1/cmd_vel,65.313683482,0.025,0.01544081512838602
/epuck1/cmd_vel,65.351589187,0.025,0.01544081512838602
/epuck1/cmd_vel,65.40458131,0.025,0.011029153130948544
/epuck1/cmd_vel,65.439903058,0.025,0.011029153130948544
/epuck1/cmd_vel,65.502785282,0.025,0.011029153130948544
/epuck1/cmd_vel,65.559120808,0.025,0.011029153130948544
/epuck1/cmd_vel,65.622365754,0.025,0.011029153130948544
/epuck1/cmd_vel,65.657365683,0.025,0.011029153130948544
/epuck1/cmd_vel,65.711496375,0.025,0.00882332306355238
/epuck1/cmd_vel,65.752795586,0.025,0.00882332306355238
/epuck1/cmd_vel,65.830565116,0.025,0.00882332306355238
/epuck1/cmd_vel,65.870627652,0.025,0.00882332306355238
/epuck1/cmd_vel,65.926986226,0.025,0.00882332306355238
/epuck1/cmd_vel,65.963020619,0.025,0.00441166153177619
/epuck1/cmd_vel,66.022148232,0.025,0.00441166153177619
/epuck1/cmd_vel,66.076231711,0.025,0.00441166153177619
/epuck1/cmd_vel,66.149364225,0.025,0.00441166153177619
/epuck1/cmd_vel,66.185927233,0.025,0.00441166153177619
/epuck1/cmd_vel,66.242344894,0.025,0.00441166153177619
/epuck1/cmd_vel,66.278918399,0.025,0.00441166153177619
/epuck1/cmd_vel,66.355472316,0.025,0.00441166153177619
/epuck1/cmd_vel,66.397528902,0.025,0.00441166153177619
/epuck1/cmd_vel,66.453150642,0.025,0.00441166153177619
/epuck1/cmd_vel,66.488064427,0.025,0.00441166153177619
/epuck1/cmd_vel,66.546929732,0.025,0.002205830765888095
/epuck1/cmd_vel,66.588586259,0.025,0.002205830765888095
/epuck1/cmd_vel,66.669735168,0.025,0.002205830765888095
/epuck1/cmd_vel,66.710134934,0.025,0.002205830765888095
/epuck1/cmd_vel,66.763975197,0.025,0.002205830765888095
/epuck1/cmd_vel,66.800164236,0.025,0.002205830765888095
/epuck1/cmd_vel,66.863295649,0.025,0.00441166153177619
/epuck1/cmd_vel,66.914814176,0.025,0.00441166153177619
/epuck1/cmd_vel,66.988098182,0.025,0.00441166153177619
/epuck1/cmd_vel,67.024132317,0.025,0.00441166153177619
/epuck1/cmd_vel,67.079402104,0.025,0.00441166153177619
/epuck1/cmd_vel,67.11660411,0.025,0.002205830765888095
/epuck1/cmd_vel,67.180766689,0.025,0.002205830765888095
/epuck1/cmd_vel,67.243471001,0.025,0.002205830765888095
/epuck1/cmd_vel,67.301817706,0.025,0.002205830765888095
/epuck1/cmd_vel,67.337165228,0.025,0.002205830765888095
/epuck1/cmd_vel,67.39190599,0.025,0.002205830765888095
/epuck1/cmd_vel,67.432565044,0.025,0.002205830765888095
/epuck1/cmd_vel,67.507362477,0.025,0.002205830765888095
/epuck1/cmd_vel,67.558964566,0.025,0.002205830765888095
/epuck1/cmd_vel,67.618315158,0.025,0.002205830765888095
/epuck1/cmd_vel,67.653713744,0.025,0.002205830765888095
/epuck1/cmd_vel,67.710933348,0.025,0.002205830765888095
/epuck1/cmd_vel,67.75002981,0.025,0.002205830765888095
/epuck1/cmd_vel,67.835002723,0.025,1.6826817716975029e-15
/epuck1/cmd_vel,67.876986637,0.025,1.6826817716975029e-15
/epuck1/cmd_vel,67.932789273,0.025,1.6826817716975029e-15
/epuck1/cmd_vel,67.96894144,0.025,1.6826817716975029e-15
/epuck1/cmd_vel,68.028342792,0.025,1.6826817716975029e-15
/epuck1/cmd_vel,68.083477315,0.025,1.6826817716975029e-15
/epuck1/cmd_vel,68.141394288,0.025,1.6826817716975029e-15
/epuck1/cmd_vel,68.178490088,0.025,1.6826817716975029e-15
/epuck1/cmd_vel,68.235302692,0.025,1.6826817716975029e-15
/epuck1/cmd_vel,68.274272074,0.025,1.6826817716975029e-15
/epuck1/cmd_vel,68.349598313,0.025,1.6826817716975029e-15
/epuck1/cmd_vel,68.389020731,0.025,1.6826817716975029e-15
/epuck1/cmd_vel,68.445141643,0.025,1.6826817716975029e-15
/epuck1/cmd_vel,68.48200688,0.025,1.6826817716975029e-15
/epuck1/cmd_vel,68.54259162,0.025,1.6826817716975029e-15
/epuck1/cmd_vel,68.59832403,0.025,1.6826817716975029e-15
/epuck1/cmd_vel,68.658929049,0.025,0.002205830765888095
/epuck1/cmd_vel,68.695343448,0.025,0.002205830765888095
/epuck1/cmd_vel,68.749256622,0.025,0.002205830765888095
/epuck1/cmd_vel,68.790898166,0.025,0.002205830765888095
/epuck1/cmd_vel,68.870634888,0.025,1.6826817716975029e-15
/epuck1/cmd_vel,68.910155566,0.025,1.6826817716975029e-15
/epuck1/cmd_vel,68.965311961,0.025,1.6826817716975029e-15
/epuck1/cmd_vel,69.00199597,0.025,1.6826817716975029e-15
/epuck1/cmd_vel,69.076219477,0.025,1.6826817716975029e-15
/epuck1/cmd_vel,69.118099132,0.025,1.6826817716975029e-15
/epuck1/cmd_vel,69.177369878,0.025,1.6826817716975029e-15
/epuck1/cmd_vel,69.210101626,0.025,1.6826817716975029e-15
/epuck1/cmd_vel,69.270055684,0.025,1.6826817716975029e-15
/epuck1/cmd_vel,69.327259417,0.025,1.6826817716975029e-15
/epuck1/cmd_vel,69.387033808,0.025,1.6826817716975029e-15
/epuck1/cmd_vel,69.423751474,0.025,1.6826817716975029e-15
/epuck1/cmd_vel,69.478556526,0.025,1.6826817716975029e-15
/epuck1/cmd_vel,69.52078263,0.025,1.6826817716975029e-15
/epuck1/cmd_vel,69.595896879,0.025,1.6826817716975029e-15
/epuck1/cmd_vel,69.635845345,0.025,1.6826817716975029e-15
/epuck1/cmd_vel,69.687774735,0.025,1.6826817716975029e-15
/epuck1/cmd_vel,69.724867513,0.025,1.6826817716975029e-15
/epuck1/cmd_vel,69.783586876,0.025,-0.002205830765888095
/epuck1/cmd_vel,69.847331007,0.025,-0.002205830765888095
/epuck1/cmd_vel,69.906140121,0.025,1.6826817716975029e-15
/epuck1/cmd_vel,69.942434478,0.025,1.6826817716975029e-15
/epuck1/cmd_vel,69.998515735,0.025,1.6826817716975029e-15
/epuck1/cmd_vel,70.040013172,0.025,1.6826817716975029e-15
/epuck1/cmd_vel,70.116386452,0.025,1.6826817716975029e-15
/epuck1/cmd_vel,70.153397404,0.025,1.6826817716975029e-15
/epuck1/cmd_vel,70.208142621,0.025,1.6826817716975029e-15
/epuck1/cmd_vel,70.245337789,0.025,1.6826817716975029e-15
/epuck1/cmd_vel,70.326950393,0.025,1.6826817716975029e-15
/epuck1/cmd_vel,70.368059229,0.025,1.6826817716975029e-15
/epuck1/cmd_vel,70.425207842,0.025,1.6826817716975029e-15
/epuck1/cmd_vel,70.460644121,0.025,1.6826817716975029e-15
/epuck1/cmd_vel,70.518829435,0.025,1.6826817716975029e-15
/epuck1/cmd_vel,70.574574711,0.025,1.6826817716975029e-15
/epuck1/cmd_vel,70.633959876,0.025,1.6826817716975029e-15
/epuck1/cmd_vel,70.670460415,0.025,1.6826817716975029e-15
/epuck1/cmd_vel,70.723089693,0.025,1.6826817716975029e-15
/epuck1/cmd_vel,70.761451064,0.025,1.6826817716975029e-15
/epuck1/cmd_vel,70.844413088,0.025,0.002205830765888095
/epuck1/cmd_vel,70.884846665,0.025,0.002205830765888095
/epuck1/cmd_vel,70.938946017,0.025,1.6826817716975029e-15
/epuck1/cmd_vel,70.976590239,0.025,1.6826817716975029e-15
/epuck1/cmd_vel,71.034595277,0.025,1.6826817716975029e-15
/epuck1/cmd_vel,71.094740863,0.025,1.6826817716975029e-15
/epuck1/cmd_vel,71.154444974,0.025,1.6826817716975029e-15
/epuck1/cmd_vel,71.189625223,0.025,1.6826817716975029e-15
/epuck1/cmd_vel,71.247829068,0.025,1.6826817716975029e-15
/epuck1/cmd_vel,71.285512881,0.025,1.6826817716975029e-15
/epuck1/cmd_vel,71.365843128,0.025,1.6826817716975029e-15
/epuck1/cmd_vel,71.400610506,0.025,1.6826817716975029e-15
/epuck1/cmd_vel,71.454828268,0.025,1.6826817716975029e-15
/epuck1/cmd_vel,71.491882448,0.025,1.6826817716975029e-15
/epuck1/cmd_vel,71.571272684,0.025,1.6826817716975029e-15
/epuck1/cmd_vel,71.612751466,0.025,1.6826817716975029e-15
/epuck1/cmd_vel,71.668759427,0.025,1.6826817716975029e-15
/epuck1/cmd_vel,71.705533071,0.025,1.6826817716975029e-15
/epuck1/cmd_vel,71.759764605,0.025,1.6826817716975029e-15
/epuck1/cmd_vel,71.819051472,0.025,1.6826817716975029e-15
/epuck1/cmd_vel,71.879150605,0.025,1.6826817716975029e-15
/epuck1/cmd_vel,71.917701004,0.025,1.6826817716975029e-15
/epuck1/cmd_vel,71.972168086,0.025,1.6826817716975029e-15
/epuck1/cmd_vel,72.009567551,0.025,1.6826817716975029e-15
/epuck1/cmd_vel,72.083949896,0.025,1.6826817716975029e-15
/epuck1/cmd_vel,72.136500288,0.025,1.6826817716975029e-15
/epuck1/cmd_vel,72.194477362,0.025,1.6826817716975029e-15
/epuck1/cmd_vel,72.230120185,0.025,1.6826817716975029e-15
/epuck1/cmd_vel,72.285713593,0.025,1.6826817716975029e-15
/epuck1/cmd_vel,72.327749376,0.025,1.6826817716975029e-15
/epuck1/cmd_vel,72.406088332,0.025,1.6826817716975029e-15
/epuck1/cmd_vel,72.446006965,0.025,1.6826817716975029e-15
/epuck1/cmd_vel,72.501376465,0.025,1.6826817716975029e-15
/epuck1/cmd_vel,72.539560008,0.025,1.6826817716975029e-15
/epuck1/cmd_vel,72.616433483,0.025,1.6826817716975029e-15
/epuck1/cmd_vel,72.657008474,0.025,1.6826817716975029e-15
/epuck1/cmd_vel,72.714926178,0.025,1.6826817716975029e-15
/epuck1/cmd_vel,72.750458344,0.025,1.6826817716975029e-15
/epuck1/cmd_vel,72.808513546,0.025,1.6826817716975029e-15
/epuck1/cmd_vel,72.860455973,0.025,1.6826817716975029e-15
/epuck1/cmd_vel,72.920397668,0.025,1.6826817716975029e-15
/epuck1/cmd_vel,72.957133241,0.025,1.6826817716975029e-15
/epuck1/cmd_vel,73.012773935,0.025,-0.002205830765888095
/epuck1/cmd_vel,73.050060409,0.025,-0.002205830765888095
/epuck1/cmd_vel,73.127510972,0.025,1.6826817716975029e-15
/epuck1/cmd_vel,73.178570967,0.025,1.6826817716975029e-15
/epuck1/cmd_vel,73.239052545,0.025,1.6826817716975029e-15
/epuck1/cmd_vel,73.274899514,0.025,1.6826817716975029e-15
/epuck1/cmd_vel,73.332578301,0.025,1.6826817716975029e-15
/epuck1/cmd_vel,73.373355145,0.025,1.6826817716975029e-15
/epuck1/cmd_vel,73.449687944,0.025,1.6826817716975029e-15
/epuck1/cmd_vel,73.484997081,0.025,1.6826817716975029e-15
/epuck1/cmd_vel,73.539765831,0.025,1.6826817716975029e-15
/epuck1/cmd_vel,73.576789924,0.025,1.6826817716975029e-15
/epuck1/cmd_vel,73.639106874,0.025,1.6826817716975029e-15
/epuck1/cmd_vel,73.701440285,0.025,1.6826817716975029e-15
/epuck1/cmd_vel,73.760715208,0.025,1.6826817716975029e-15
/epuck1/cmd_vel,73.796442858,0.025,1.6826817716975029e-15
/epuck1/cmd_vel,73.853663127,0.025,1.6826817716975029e-15
/epuck1/cmd_vel,73.893565233,0.025,1.6826817716975029e-15
/epuck1/cmd_vel,73.970082646,0.025,1.6826817716975029e-15
/epuck1/cmd_vel,74.017897914,0.025,1.6826817716975029e-15
/epuck1/cmd_vel,74.077788595,0.025,0.002205830765888095
/epuck1/cmd_vel,74.115088052,0.025,0.002205830765888095
/epuck1/cmd_vel,74.170825915,0.025,1.6826817716975029e-15
/epuck1/cmd_vel,74.210919087,0.025,1.6826817716975029e-15
/epuck1/cmd_vel,74.293579747,0.025,1.6826817716975029e-15
/epuck1/cmd_vel,74.334939054,0.025,1.6826817716975029e-15
/epuck1/cmd_vel,74.388864647,0.025,1.6826817716975029e-15
/epuck1/cmd_vel,74.425619665,0.025,1.6826817716975029e-15
/epuck1/cmd_vel,74.4828086,0.025,1.6826817716975029e-15
/epuck1/cmd_vel,74.525369104,0.025,1.6826817716975029e-15
/epuck1/cmd_vel,74.609378093,0.025,1.6826817716975029e-15
/epuck1/cmd_vel,74.650883336,0.025,1.6826817716975029e-15
/epuck1/cmd_vel,74.703680849,0.025,1.6826817716975029e-15
/epuck1/cmd_vel,74.738664994,0.025,1.6826817716975029e-15
/epuck1/cmd_vel,74.80243777,0.025,1.6826817716975029e-15
/epuck1/cmd_vel,74.857402266,0.025,1.6826817716975029e-15
/epuck1/cmd_vel,74.926065224,0.025,1.6826817716975029e-15
/epuck1/cmd_vel,74.966878333,0.025,1.6826817716975029e-15
/epuck1/cmd_vel,75.016234326,0.025,1.6826817716975029e-15
/epuck1/cmd_vel,75.055923584,0.025,1.6826817716975029e-15
/epuck1/cmd_vel,75.119015734,0.025,1.6826817716975029e-15
/epuck1/cmd_vel,75.18045961,0.025,1.6826817716975029e-15
/epuck1/cmd_vel,75.240946795,0.025,1.6826817716975029e-15
/epuck1/cmd_vel,75.277730776,0.025,1.6826817716975029e-15
/epuck1/cmd_vel,75.332893633,0.025,1.6826817716975029e-15
/epuck1/cmd_vel,75.369072801,0.025,1.6826817716975029e-15
/epuck1/cmd_vel,75.446049818,0.025,1.6826817716975029e-15
/epuck1/cmd_vel,75.496724351,0.025,1.6826817716975029e-15
/epuck1/cmd_vel,75.557380394,0.025,1.6826817716975029e-15
/epuck1/cmd_vel,75.594095556,0.025,1.6826817716975029e-15
/epuck1/cmd_vel,75.648299728,0.025,1.6826817716975029e-15
/epuck1/cmd_vel,75.69119607,0.025,1.6826817716975029e-15
/epuck1/cmd_vel,75.771824108,0.025,1.6826817716975029e-15
/epuck1/cmd_vel,75.812221607,0.025,1.6826817716975029e-15
/epuck1/cmd_vel,75.868577034,0.025,1.6826817716975029e-15
/epuck1/cmd_vel,75.905658216,0.025,1.6826817716975029e-15
/epuck1/cmd_vel,75.964633665,0.025,1.6826817716975029e-15
/epuck1/cmd_vel,76.005539489,0.025,1.6826817716975029e-15
/epuck1/cmd_vel,76.087845386,0.025,1.6826817716975029e-15
/epuck1/cmd_vel,76.129726146,0.025,1.6826817716975029e-15
/epuck1/cmd_vel,76.181344099,0.025,1.6826817716975029e-15
/epuck1/cmd_vel,76.219657307,0.025,1.6826817716975029e-15
/epuck1/cmd_vel,76.279727464,0.025,1.6826817716975029e-15
/epuck1/cmd_vel,76.338945051,0.025,1.6826817716975029e-15
/epuck1/cmd_vel,76.394052369,0.025,1.6826817716975029e-15
/epuck1/cmd_vel,76.429131016,0.025,1.6826817716975029e-15
/epuck1/cmd_vel,76.490011259,0.025,1.6826817716975029e-15
/epuck1/cmd_vel,76.525775233,0.025,1.6826817716975029e-15
/epuck1/cmd_vel,76.596192616,0.025,1.6826817716975029e-15
/epuck1/cmd_vel,76.631585504,0.025,1.6826817716975029e-15
/epuck1/cmd_vel,76.685150636,0.025,1.6826817716975029e-15
/epuck1/cmd_vel,76.725630923,0.025,1.6826817716975029e-15
/epuck1/cmd_vel,76.788574329,0.025,1.6826817716975029e-15
/epuck1/cmd_vel,76.856986092,0.025,1.6826817716975029e-15
/epuck1/cmd_vel,76.916887663,0.025,1.6826817716975029e-15
/epuck1/cmd_vel,76.953034556,0.025,1.6826817716975029e-15
/epuck1/cmd_vel,77.005825985,0.025,1.6826817716975029e-15
/epuck1/cmd_vel,77.045594737,0.025,1.6826817716975029e-15
/epuck1/cmd_vel,77.125567609,0.025,1.6826817716975029e-15
/epuck1/cmd_vel,77.162639387,0.025,1.6826817716975029e-15
/epuck1/cmd_vel,77.218893824,0.025,1.6826817716975029e-15
/epuck1/cmd_vel,77.253297346,0.025,1.6826817716975029e-15
/epuck1/cmd_vel,77.314126748,0.025,-0.002205830765888095
/epuck1/cmd_vel,77.375372672,0.025,-0.002205830765888095
/epuck1/cmd_vel,77.433908459,0.025,-0.002205830765888095
/epuck1/cmd_vel,77.469615695,0.025,1.6826817716975029e-15
/epuck1/cmd_vel,77.529232425,0.025,1.6826817716975029e-15
/epuck1/cmd_vel,77.568875432,0.025,1.6826817716975029e-15
/epuck1/cmd_vel,77.647829984,0.025,1.6826817716975029e-15
/epuck1/cmd_vel,77.682962046,0.025,1.6826817716975029e-15
/epuck1/cmd_vel,77.737518585,0.025,1.6826817716975029e-15
/epuck1/cmd_vel,77.77248671,0.025,1.6826817716975029e-15
/epuck1/cmd_vel,77.854743724,0.025,1.6826817716975029e-15
/epuck1/cmd_vel,77.894656269,0.025,1.6826817716975029e-15
/epuck1/cmd_vel,77.951529397,0.025,1.6826817716975029e-15
/epuck1/cmd_vel,77.989727712,0.025,1.6826817716975029e-15
/epuck1/cmd_vel,78.047468844,0.025,1.6826817716975029e-15
/epuck1/cmd_vel,78.098661437,0.025,1.6826817716975029e-15
/epuck1/cmd_vel,78.160610121,0.025,1.6826817716975029e-15
/epuck1/cmd_vel,78.195387993,0.025,1.6826817716975029e-15
/epuck1/cmd_vel,78.249762822,0.025,1.6826817716975029e-15
/epuck1/cmd_vel,78.292164503,0.025,1.6826817716975029e-15
/epuck1/cmd_vel,78.367925783,0.025,0.002205830765888095
/epuck1/cmd_vel,78.409444533,0.025,0.002205830765888095
/epuck1/cmd_vel,78.462615069,0.025,0.002205830765888095
/epuck1/cmd_vel,78.49855406,0.025,1.6826817716975029e-15
/epuck1/cmd_vel,78.557414334,0.025,1.6826817716975029e-15
/epuck1/cmd_vel,78.611140752,0.025,1.6826817716975029e-15
/epuck1/cmd_vel,78.681260552,0.025,1.6826817716975029e-15
/epuck1/cmd_vel,78.72141288,0.025,1.6826817716975029e-15
/epuck1/cmd_vel,78.775819617,0.025,1.6826817716975029e-15
/epuck1/cmd_vel,78.812452689,0.025,1.6826817716975029e-15
/epuck1/cmd_vel,78.874877886,0.025,1.6826817716975029e-15
/epuck1/cmd_vel,78.938668095,0.025,1.6826817716975029e-15
/epuck1/cmd_vel,79.000660241,0.025,1.6826817716975029e-15
/epuck1/cmd_vel,79.03750312,0.025,1.6826817716975029e-15
/epuck1/cmd_vel,79.092023558,0.025,1.6826817716975029e-15
/epuck1/cmd_vel,79.131255078,0.025,1.6826817716975029e-15
/epuck1/cmd_vel,79.202457167,0.025,1.6826817716975029e-15
/epuck1/cmd_vel,79.25242595,0.025,1.6826817716975029e-15
/epuck1/cmd_vel,79.309912855,0.025,1.6826817716975029e-15
/epuck1/cmd_vel,79.348400729,0.025,1.6826817716975029e-15
/epuck1/cmd_vel,79.404394261,0.025,1.6826817716975029e-15
/epuck1/cmd_vel,79.443842817,0.025,1.6826817716975029e-15
/epuck1/cmd_vel,79.526063622,0.025,1.6826817716975029e-15
/epuck2/cmd_vel,3.881492553,0.0,0.0
/epuck2/cmd_vel,3.936597798,0.0,0.0
/epuck2/cmd_vel,3.994832641,0.0,0.0
/epuck2/cmd_vel,4.03183708,0.0,0.0
/epuck2/cmd_vel,4.087730013,0.0,0.0
/epuck2/cmd_vel,4.127194617,0.0,0.0
/epuck2/cmd_vel,4.212611819,0.0,0.0
/epuck2/cmd_vel,4.254869177,0.0,0.0
/epuck2/cmd_vel,4.309410578,0.0,0.0
/epuck2/cmd_vel,4.346836098,0.0,0.0
/epuck2/cmd_vel,4.405025197,0.0,0.0
/epuck2/cmd_vel,4.459446745,0.0,0.0
/epuck2/cmd_vel,4.518839859,0.0,0.0
/epuck2/cmd_vel,4.557353537,0.0,0.0
/epuck2/cmd_vel,4.613436335,0.0,0.0
/epuck2/cmd_vel,4.652013134,0.0,0.0
/epuck2/cmd_vel,4.72721644,0.0,0.0
/epuck2/cmd_vel,4.767069664,0.0,0.0
/epuck2/cmd_vel,4.823374489,0.0,0.0
/epuck2/cmd_vel,4.857286544,0.0,0.0
/epuck2/cmd_vel,4.919033589,0.0,0.0
/epuck2/cmd_vel,4.975368738,0.0,0.0
/epuck2/cmd_vel,5.033735001,0.0,0.0
/epuck2/cmd_vel,5.071312537,0.0,0.0
/epuck2/cmd_vel,5.125447023,0.0,0.0
/epuck2/cmd_vel,5.166152559,0.0,0.0
/epuck2/cmd_vel,5.243844999,0.0,0.0
/epuck2/cmd_vel,5.281138753,0.0,0.0
/epuck2/cmd_vel,5.337695676,0.0,0.0
/epuck2/cmd_vel,5.375071808,0.0,0.0
/epuck2/cmd_vel,5.448718598,0.0,0.0
/epuck2/cmd_vel,5.488653368,0.0,0.0
/epuck2/cmd_vel,5.549228382,0.0,0.0
/epuck2/cmd_vel,5.58272482,0.0,0.0
/epuck2/cmd_vel,5.640704251,0.0,0.0
/epuck2/cmd_vel,5.697214444,0.0,0.0
/epuck2/cmd_vel,5.758367308,0.0,0.0
/epuck2/cmd_vel,5.795370888,0.0,0.0
/epuck2/cmd_vel,5.849709275,0.0,0.0
/epuck2/cmd_vel,5.88907568,0.0,0.0
/epuck2/cmd_vel,5.961184484,0.0,0.0
/epuck2/cmd_vel,6.013599735,0.0,0.0
/epuck2/cmd_vel,6.072987987,0.0,0.0
/epuck2/cmd_vel,6.110756015,0.0,0.0
/epuck2/cmd_vel,6.166939844,0.0,0.0
/epuck2/cmd_vel,6.208342873,0.0,0.0
/epuck2/cmd_vel,6.290668138,0.0,0.0
/epuck2/cmd_vel,6.333127395,0.0,0.0
/epuck2/cmd_vel,6.389446896,0.0,0.0
/epuck2/cmd_vel,6.424847896,0.0,0.0
/epuck2/cmd_vel,6.484215582,0.0,0.0
/epuck2/cmd_vel,6.540751819,0.0,0.0
/epuck2/cmd_vel,6.599253258,0.0,0.0
/epuck2/cmd_vel,6.637075696,0.0,0.0
/epuck2/cmd_vel,6.692808581,0.0,0.0
/epuck2/cmd_vel,6.73112409,0.0,0.0
/epuck2/cmd_vel,6.803460117,0.0,0.0
/epuck2/cmd_vel,6.85408048,0.0,0.0
/epuck2/cmd_vel,6.911342833,0.0,0.0
/epuck2/cmd_vel,6.949625652,0.0,0.0
/epuck2/cmd_vel,7.004922328,0.0,0.0
/epuck2/cmd_vel,7.045301181,0.0,0.0
/epuck2/cmd_vel,7.131066929,0.0,0.0
/epuck2/cmd_vel,7.171469628,0.0,0.0
/epuck2/cmd_vel,7.22680616,0.0,0.0
/epuck2/cmd_vel,7.262372533,0.0,0.0
/epuck2/cmd_vel,7.321132938,0.0,0.0
/epuck2/cmd_vel,7.364401653,0.0,0.0
/epuck2/cmd_vel,7.448847641,0.0,0.0
/epuck2/cmd_vel,7.484223138,0.0,0.0
/epuck2/cmd_vel,7.539395038,0.0,0.0
/epuck2/cmd_vel,7.5791409,0.0,0.0
/epuck2/cmd_vel,7.639384401,0.0,0.0
/epuck2/cmd_vel,7.691422382,0.0,0.0
/epuck2/cmd_vel,7.763740985,0.0,0.0
/epuck2/cmd_vel,7.801376647,0.0,0.0
/epuck2/cmd_vel,7.857722033,0.0,0.0
/epuck2/cmd_vel,7.893732216,0.0,0.0
/epuck2/cmd_vel,7.953758453,0.0,0.0
/epuck2/cmd_vel,8.017056392,0.0,0.0
/epuck2/cmd_vel,8.077243356,0.0,0.0
/epuck2/cmd_vel,8.112651254,0.0,0.0
/epuck2/cmd_vel,8.167874763,0.0,0.0
/epuck2/cmd_vel,8.204179621,0.0,0.0
/epuck2/cmd_vel,8.295665789,0.0,0.0
/epuck2/cmd_vel,8.348923689,0.0,0.0
/epuck2/cmd_vel,8.404202266,0.0,0.0
/epuck2/cmd_vel,8.440415443,0.0,0.0
/epuck2/cmd_vel,8.496149933,0.0,0.0
/epuck2/cmd_vel,8.53688023,0.0,0.0
/epuck2/cmd_vel,8.602870942,0.0,0.0
/epuck2/cmd_vel,8.641370862,0.0,0.0
/epuck2/cmd_vel,8.695536994,0.0,0.0
/epuck2/cmd_vel,8.732540186,0.0,0.0
/epuck2/cmd_vel,8.810139994,0.0,0.0
/epuck2/cmd_vel,8.852886878,0.0,0.0
/epuck2/cmd_vel,8.906100914,0.0,0.0
/epuck2/cmd_vel,8.941494225,0.0,0.0
/epuck2/cmd_vel,9.000543491,0.0,0.0
/epuck2/cmd_vel,9.047949462,0.0,0.0
/epuck2/cmd_vel,9.108132066,0.0,0.0
/epuck2/cmd_vel,9.146679112,0.0,0.0
/epuck2/cmd_vel,9.201358614,0.0,0.0
/epuck2/cmd_vel,9.238601952,0.0,0.0
/epuck2/cmd_vel,9.311192219,0.0,0.0
/epuck2/cmd_vel,9.362158499,0.0,0.0
/epuck2/cmd_vel,9.421428507,0.0,0.0
/epuck2/cmd_vel,9.45819505,0.0,0.0
/epuck2/cmd_vel,9.513414389,0.0,0.0
/epuck2/cmd_vel,9.55282236,0.0,0.0
/epuck2/cmd_vel,9.638745454,0.0,0.0
/epuck2/cmd_vel,9.680362746,0.0,0.0
/epuck2/cmd_vel,9.735293114,0.0,0.0
/epuck2/cmd_vel,9.77047057,0.0,0.0
/epuck2/cmd_vel,9.829247025,0.0,0.0
/epuck2/cmd_vel,9.872215803,0.0,0.0
/epuck2/cmd_vel,9.955126427,0.0,0.0
/epuck2/cmd_vel,9.993941072,0.0,0.0
/epuck2/cmd_vel,10.045800184,0.0,0.0
/epuck2/cmd_vel,10.0818686,0.0,0.0
/epuck2/cmd_vel,10.145842839,0.0,0.0
/epuck2/cmd_vel,10.200789378,0.0,0.0
/epuck2/cmd_vel,10.270259967,0.0,0.0
/epuck2/cmd_vel,10.308562269,0.0,0.0
/epuck2/cmd_vel,10.365546513,0.0,0.0
/epuck2/cmd_vel,10.400375111,0.0,0.0
/epuck2/cmd_vel,10.464876056,0.0,0.0
/epuck2/cmd_vel,10.539597145,0.0,0.0
/epuck2/cmd_vel,10.601702832,0.0,0.0
/epuck2/cmd_vel,10.636549481,0.0,0.0
/epuck2/cmd_vel,10.690518907,0.0,0.0
/epuck2/cmd_vel,10.731440076,0.0,0.0
/epuck2/cmd_vel,10.818668354,0.0,0.0
/epuck2/cmd_vel,10.871144234,0.0,0.0
/epuck2/cmd_vel,10.930385653,0.0,0.0
/epuck2/cmd_vel,10.967009994,0.0,0.0
/epuck2/cmd_vel,11.022763656,0.0,0.0
/epuck2/cmd_vel,11.06165685,0.0,0.0
/epuck2/cmd_vel,11.139927903,0.0,0.0
/epuck2/cmd_vel,11.174951453,0.0,0.0
/epuck2/cmd_vel,11.231123563,0.0,0.0
/epuck2/cmd_vel,11.267927709,0.0,0.0
/epuck2/cmd_vel,11.342926373,0.0,0.0
/epuck2/cmd_vel,11.384708112,0.0,0.0
/epuck2/cmd_vel,11.441118965,0.0,0.0
/epuck2/cmd_vel,11.475747004,0.0,0.0
/epuck2/cmd_vel,11.533163188,0.0,0.0
/epuck2/cmd_vel,11.578074807,0.0,0.0
/epuck2/cmd_vel,11.659012417,0.0,0.0
/epuck2/cmd_vel,11.701139903,0.0,0.0
/epuck2/cmd_vel,11.756231888,0.0,0.0
/epuck2/cmd_vel,11.792889538,0.0,0.0
/epuck2/cmd_vel,11.852334136,0.0,0.0
/epuck2/cmd_vel,11.909715963,0.0,0.0
/epuck2/cmd_vel,11.967702669,0.0,0.0
/epuck2/cmd_vel,12.001311083,0.0,0.0
/epuck2/cmd_vel,12.059023968,0.0,0.0
/epuck2/cmd_vel,12.098782771,0.0,0.0
/epuck2/cmd_vel,12.178247826,0.0,0.0
/epuck2/cmd_vel,12.216499919,0.0,0.0
/epuck2/cmd_vel,12.271818521,0.0,0.0
/epuck2/cmd_vel,12.311974493,0.0,0.0
/epuck2/cmd_vel,12.385420186,0.0,0.0
/epuck2/cmd_vel,12.425022434,0.0,0.0
/epuck2/cmd_vel,12.482758055,0.0,0.0
/epuck2/cmd_vel,12.51822408,0.0,0.0
/epuck2/cmd_vel,12.575983633,0.0,0.0
/epuck2/cmd_vel,12.61639408,0.0,0.0
/epuck2/cmd_vel,12.70197223,0.0,0.0
/epuck2/cmd_vel,12.741028234,0.0,0.0
/epuck2/cmd_vel,12.797115548,0.0,0.0
/epuck2/cmd_vel,12.832646588,0.0,0.0
/epuck2/cmd_vel,12.893409489,0.0,0.0
/epuck2/cmd_vel,12.943740742,0.0,0.0
/epuck2/cmd_vel,13.018496106,0.0,0.0
/epuck2/cmd_vel,13.054819127,0.0,0.0
/epuck2/cmd_vel,13.108779792,0.0,0.0
/epuck2/cmd_vel,13.145207307,0.0,0.0
/epuck2/cmd_vel,13.207645345,0.0,0.0
/epuck2/cmd_vel,13.271565642,0.0,0.0
/epuck2/cmd_vel,13.328578369,0.0,0.0
/epuck2/cmd_vel,13.365639328,0.0,0.0
/epuck2/cmd_vel,13.41972752,0.0,0.0
/epuck2/cmd_vel,13.461077718,0.0,0.0
/epuck2/cmd_vel,13.53512336,0.0,0.0
/epuck2/cmd_vel,13.586366884,0.0,0.0
/epuck2/cmd_vel,13.644549484,0.0,0.0
/epuck2/cmd_vel,13.68151273,0.0,0.0
/epuck2/cmd_vel,13.735502909,0.0,0.0
/epuck2/cmd_vel,13.774832225,0.0,0.0
/epuck2/cmd_vel,13.864640703,0.0,0.0
/epuck2/cmd_vel,13.904847412,0.0,0.0
/epuck2/cmd_vel,13.959724774,0.0,0.0
/epuck2/cmd_vel,13.99857472,0.0,0.0
/epuck2/cmd_vel,14.055423568,0.0,0.0
/epuck2/cmd_vel,14.097030442,0.0,0.0
/epuck2/cmd_vel,14.179687462,0.0,0.0
/epuck2/cmd_vel,14.217458744,0.0,0.0
/epuck2/cmd_vel,14.274994032,0.0,0.0
/epuck2/cmd_vel,14.310974288,0.0,0.0
/epuck2/cmd_vel,14.369063414,0.0,0.0
/epuck2/cmd_vel,14.425583348,0.0,0.0
/epuck2/cmd_vel,14.482245156,0.0,0.0
/epuck2/cmd_vel,14.517891813,0.0,0.0
/epuck2/cmd_vel,14.574755515,0.0,0.0
/epuck2/cmd_vel,14.613301473,0.0,0.0
/epuck2/cmd_vel,14.693895682,0.0,0.0
/epuck2/cmd_vel,14.73376477,0.0,0.0
/epuck2/cmd_vel,14.787945023,0.0,0.0
/epuck2/cmd_vel,14.823596366,0.0,0.0
/epuck2/cmd_vel,14.901958072,0.0,0.0
/epuck2/cmd_vel,14.942870721,0.0,0.0
/epuck2/cmd_vel,14.997214487,0.0,0.0
/epuck2/cmd_vel,15.032515877,0.0,0.0
/epuck2/cmd_vel,15.092760859,0.0,0.0
/epuck2/cmd_vel,15.148928642,0.0,0.0
/epuck2/cmd_vel,15.208893814,0.0,0.0
/epuck2/cmd_vel,15.246079235,0.0,0.0
/epuck2/cmd_vel,15.302395897,0.0,0.0
/epuck2/cmd_vel,15.338115951,0.0,0.0
/epuck2/cmd_vel,15.416881498,0.0,0.0
/epuck2/cmd_vel,15.455791156,0.0,0.0
/epuck2/cmd_vel,15.511898409,0.0,0.0
/epuck2/cmd_vel,15.547883017,0.0,0.0
/epuck2/cmd_vel,15.608646437,0.0,0.0
/epuck2/cmd_vel,15.666536363,0.0,0.0
/epuck2/cmd_vel,15.724585239,0.0,0.0
/epuck2/cmd_vel,15.760832506,0.0,0.0
/epuck2/cmd_vel,15.815414461,0.0,0.0
/epuck2/cmd_vel,15.856389494,0.0,0.0
/epuck2/cmd_vel,15.93995078,0.0,0.0
/epuck2/cmd_vel,15.974877961,0.0,0.0
/epuck2/cmd_vel,16.029413167,0.0,0.0
/epuck2/cmd_vel,16.06717061,0.0,0.0
/epuck2/cmd_vel,16.145361305,0.0,0.0
/epuck2/cmd_vel,16.1866485,0.0,0.0
/epuck2/cmd_vel,16.242516873,0.0,0.0
/epuck2/cmd_vel,16.275905976,0.0,0.0
/epuck2/cmd_vel,16.333907915,0.0,0.0
/epuck2/cmd_vel,16.390178731,0.0,0.0
/epuck2/cmd_vel,16.450172443,0.0,0.0
/epuck2/cmd_vel,16.487168476,0.0,0.0
/epuck2/cmd_vel,16.539608307,0.0,0.0
/epuck2/cmd_vel,16.578421016,0.0,0.0
/epuck2/cmd_vel,16.654863437,0.0,0.0
/epuck2/cmd_vel,16.707888485,0.0,0.0
/epuck2/cmd_vel,16.76654893,0.0,0.0
/epuck2/cmd_vel,16.804693461,0.0,0.0
/epuck2/cmd_vel,16.857307092,0.0,0.0
/epuck2/cmd_vel,16.897698563,0.0,0.0
/epuck2/cmd_vel,16.978341488,0.0,0.0
/epuck2/cmd_vel,17.015535174,0.0,0.0
/epuck2/cmd_vel,17.069600146,0.0,0.0
/epuck2/cmd_vel,17.107600972,0.0,0.0
/epuck2/cmd_vel,17.184373571,0.0,0.0
/epuck2/cmd_vel,17.225605254,0.0,0.0
/epuck2/cmd_vel,17.281298666,0.0,0.0
/epuck2/cmd_vel,17.316875178,0.0,0.0
/epuck2/cmd_vel,17.375169488,0.0,0.0
/epuck2/cmd_vel,17.415979703,0.0,0.0
/epuck2/cmd_vel,17.499173134,0.0,0.0
/epuck2/cmd_vel,17.538884261,0.0,0.0
/epuck2/cmd_vel,17.593690766,0.0,0.0
/epuck2/cmd_vel,17.629001156,0.0,0.0
/epuck2/cmd_vel,17.690852968,0.0,0.0
/epuck2/cmd_vel,17.746470601,0.0,0.0
/epuck2/cmd_vel,17.818634471,0.0,0.0
/epuck2/cmd_vel,17.856729921,0.0,0.0
/epuck2/cmd_vel,17.910750187,0.0,0.0
/epuck2/cmd_vel,17.948018793,0.0,0.0
/epuck2/cmd_vel,18.024920496,0.0,0.0
/epuck2/cmd_vel,18.065072354,0.0,0.0
/epuck2/cmd_vel,18.121956106,0.0,0.0
/epuck2/cmd_vel,18.158072728,0.0,0.0
/epuck2/cmd_vel,18.217350283,0.0,0.0
/epuck2/cmd_vel,18.272547036,0.0,0.0
/epuck2/cmd_vel,18.3307758,0.0,0.0
/epuck2/cmd_vel,18.369780061,0.0,0.0
/epuck2/cmd_vel,18.421906517,0.0,0.0
/epuck2/cmd_vel,18.460913171,0.0,0.0
/epuck2/cmd_vel,18.535903042,0.0,0.0
/epuck2/cmd_vel,18.586854781,0.0,0.0
/epuck2/cmd_vel,18.647745553,0.0,0.0
/epuck2/cmd_vel,18.683881617,0.0,0.0
/epuck2/cmd_vel,18.741618739,0.0,0.0
/epuck2/cmd_vel,18.781979577,0.0,0.0
/epuck2/cmd_vel,18.864742403,0.0,0.0
/epuck2/cmd_vel,18.905265267,0.0,0.0
/epuck2/cmd_vel,18.959644851,0.0,0.0
/epuck2/cmd_vel,18.998449283,0.0,0.0
/epuck2/cmd_vel,19.055650598,0.0,0.0
/epuck2/cmd_vel,19.096954827,0.0,0.0
/epuck2/cmd_vel,19.180756005,0.0,0.0
/epuck2/cmd_vel,19.221200315,0.0,0.0
/epuck2/cmd_vel,19.276882689,0.0,0.0
/epuck2/cmd_vel,19.315332784,0.0,0.0
/epuck2/cmd_vel,19.373937786,0.0,0.0
/epuck2/cmd_vel,19.426865628,0.0,0.0
/epuck2/cmd_vel,19.497026446,0.0,0.0
/epuck2/cmd_vel,19.552895161,0.0,0.0
/epuck2/cmd_vel,19.589757123,0.0,0.0
/epuck2/cmd_vel,19.625556574,0.0,0.0
/epuck2/cmd_vel,19.690279513,0.0,0.0
/epuck2/cmd_vel,19.749562082,0.0,0.0
/epuck2/cmd_vel,19.812580936,0.0,0.0
/epuck2/cmd_vel,19.846095844,0.0,0.0
/epuck2/cmd_vel,19.902334249,0.0,0.0
/epuck2/cmd_vel,19.942526937,0.0,0.0
/epuck2/cmd_vel,20.014945658,0.0,0.0
/epuck2/cmd_vel,20.086469692,0.0,0.0
/epuck2/cmd_vel,20.125099809,0.0,0.0
/epuck2/cmd_vel,20.162288996,0.0,0.0
/epuck2/cmd_vel,20.216859558,0.0,0.0
/epuck2/cmd_vel,20.256679765,0.0,0.0
/epuck2/cmd_vel,20.340602189,0.0,0.0
/epuck2/cmd_vel,20.382113167,0.0,0.0
/epuck2/cmd_vel,20.441030443,0.0,0.0
/epuck2/cmd_vel,20.473639325,0.0,0.0
/epuck2/cmd_vel,20.531094038,0.0,0.0
/epuck2/cmd_vel,20.610058502,0.0,0.0
/epuck2/cmd_vel,20.648432895,0.0,0.0
/epuck2/cmd_vel,20.685407534,0.0,0.0
/epuck2/cmd_vel,20.739624568,0.0,0.0
/epuck2/cmd_vel,20.779170008,0.0,0.0
/epuck2/cmd_vel,20.853588562,0.0,0.0
/epuck2/cmd_vel,20.890763294,0.0,0.0
/epuck2/cmd_vel,20.947399796,0.0,0.0
/epuck2/cmd_vel,20.984764114,0.0,0.0
/epuck2/cmd_vel,21.044914438,0.0,0.0
/epuck2/cmd_vel,21.126918752,0.0,0.0
/epuck2/cmd_vel,21.164328611,0.0,0.0
/epuck2/cmd_vel,21.201473709,0.0,0.0
/epuck2/cmd_vel,21.256463011,0.0,0.0
/epuck2/cmd_vel,21.297210757,0.0,0.0
/epuck2/cmd_vel,21.38069236,0.0,0.0
/epuck2/cmd_vel,21.420683387,0.0,0.0
/epuck2/cmd_vel,21.474903448,0.0,0.0
/epuck2/cmd_vel,21.512583117,0.0,0.0
/epuck2/cmd_vel,21.588802373,0.0,0.0
/epuck2/cmd_vel,21.63039388,0.0,0.0
/epuck2/cmd_vel,21.686786456,0.0,0.0
/epuck2/cmd_vel,21.724023544,0.0,0.0
/epuck2/cmd_vel,21.781256145,0.0,0.0
/epuck2/cmd_vel,21.838561349,0.0,0.0
/epuck2/cmd_vel,21.899804544,0.0,0.0
/epuck2/cmd_vel,21.935830343,0.0,0.0
/epuck2/cmd_vel,21.990782064,0.0,0.0
/epuck2/cmd_vel,22.030662892,0.0,0.0
/epuck2/cmd_vel,22.106546735,0.0,0.0
/epuck2/cmd_vel,22.159063797,0.0,0.0
/epuck2/cmd_vel,22.214605784,0.0,0.0
/epuck2/cmd_vel,22.252562676,0.0,0.0
/epuck2/cmd_vel,22.310689133,0.0,0.0
/epuck2/cmd_vel,22.352533717,0.0,0.0
/epuck2/cmd_vel,22.428069248,0.0,0.0
/epuck2/cmd_vel,22.467252543,0.0,0.0
/epuck2/cmd_vel,22.5238435,0.0,0.0
/epuck2/cmd_vel,22.560305018,0.0,0.0
/epuck2/cmd_vel,22.620422854,0.0,0.0
/epuck2/cmd_vel,22.684747157,0.0,0.0
/epuck2/cmd_vel,22.743262352,0.0,0.0
/epuck2/cmd_vel,22.781388713,0.0,0.0
/epuck2/cmd_vel,22.837160859,0.0,0.0
/epuck2/cmd_vel,22.876648007,0.0,0.0
/epuck2/cmd_vel,22.951739224,0.0,0.0
/epuck2/cmd_vel,23.019258922,0.0,0.0
/epuck2/cmd_vel,23.076962272,0.0,0.0
/epuck2/cmd_vel,23.111349622,0.0,0.0
/epuck2/cmd_vel,23.168048206,0.0,0.0
/epuck2/cmd_vel,23.20917866,0.0,0.0
/epuck2/cmd_vel,23.275722538,0.0,0.0
/epuck2/cmd_vel,23.313910882,0.0,0.0
/epuck2/cmd_vel,23.36899278,0.0,0.0
/epuck2/cmd_vel,23.410443894,0.0,0.0
/epuck2/cmd_vel,23.479644763,0.0,0.0
/epuck2/cmd_vel,23.518174103,0.0,0.0
/epuck2/cmd_vel,23.571220092,0.0,0.0
/epuck2/cmd_vel,23.61083182,0.0,0.0
/epuck2/cmd_vel,23.671057353,0.0,0.0
/epuck2/cmd_vel,23.726307786,0.0,0.0
/epuck2/cmd_vel,23.79887311,0.0,0.0
/epuck2/cmd_vel,23.836314625,0.0,0.0
/epuck2/cmd_vel,23.891797422,0.0,0.0
/epuck2/cmd_vel,23.927406414,0.0,0.0
/epuck2/cmd_vel,23.995259626,0.0,0.0
/epuck2/cmd_vel,24.048868447,0.0,0.0
/epuck2/cmd_vel,24.103601858,0.0,0.0
/epuck2/cmd_vel,24.142805605,0.0,0.0
/epuck2/cmd_vel,24.197382655,0.0,0.0
/epuck2/cmd_vel,24.237490879,0.0,0.0
/epuck2/cmd_vel,24.326167185,0.0,0.0
/epuck2/cmd_vel,24.367166413,0.0,0.0
/epuck2/cmd_vel,24.422194747,0.0,0.0
/epuck2/cmd_vel,24.458607132,0.0,0.0
/epuck2/cmd_vel,24.517999381,0.0,0.0
/epuck2/cmd_vel,24.560484285,0.0,0.0
/epuck2/cmd_vel,24.643960373,0.0,0.0
/epuck2/cmd_vel,24.685171869,0.0,0.0
/epuck2/cmd_vel,24.739577677,0.0,0.0
/epuck2/cmd_vel,24.775918368,0.0,0.0
/epuck2/cmd_vel,24.83936332,0.0,0.0
/epuck2/cmd_vel,24.893992557,0.0,0.0
/epuck2/cmd_vel,24.950134361,0.0,0.0
/epuck2/cmd_vel,24.985275431,0.0,0.0
/epuck2/cmd_vel,25.044790435,0.0,0.0
/epuck2/cmd_vel,25.084402185,0.0,0.0
/epuck2/cmd_vel,25.170391516,0.0,0.0
/epuck2/cmd_vel,25.209333603,0.0,0.0
/epuck2/cmd_vel,25.269901064,0.0,0.0
/epuck2/cmd_vel,25.303809882,0.0,0.0
/epuck2/cmd_vel,25.361575447,0.0,0.0
/epuck2/cmd_vel,25.403995521,0.0,0.0
/epuck2/cmd_vel,25.485597542,0.0,0.0
/epuck2/cmd_vel,25.526065982,0.0,0.0
/epuck2/cmd_vel,25.582528883,0.0,0.0
/epuck2/cmd_vel,25.62131498,0.0,0.0
/epuck2/cmd_vel,25.681184352,0.0,0.0
/epuck2/cmd_vel,25.733634902,0.0,0.0
/epuck2/cmd_vel,25.793098982,0.0,0.0
/epuck2/cmd_vel,25.825348861,0.0,0.0
/epuck2/cmd_vel,25.883362824,0.0,0.0
/epuck2/cmd_vel,25.924079862,0.0,0.0
/epuck2/cmd_vel,26.003556187,0.0,0.0
/epuck2/cmd_vel,26.042649557,0.0,0.0
/epuck2/cmd_vel,26.098332025,0.0,0.0
/epuck2/cmd_vel,26.133896822,0.0,0.0
/epuck2/cmd_vel,26.21153957,0.0,0.0
/epuck2/cmd_vel,26.256107781,0.0,0.0
/epuck2/cmd_vel,26.310858609,0.0,0.0
/epuck2/cmd_vel,26.347488611,0.0,0.0
/epuck2/cmd_vel,26.404788906,0.0,0.0
/epuck2/cmd_vel,26.461635222,0.0,0.0
/epuck2/cmd_vel,26.520983941,0.0,0.0
/epuck2/cmd_vel,26.558117093,0.0,0.0
/epuck2/cmd_vel,26.613635089,0.0,0.0
/epuck2/cmd_vel,26.651255335,0.0,0.0
/epuck2/cmd_vel,26.725044981,0.0,0.0
/epuck2/cmd_vel,26.774509021,0.0,0.0
/epuck2/cmd_vel,26.834541519,0.0,0.0
/epuck2/cmd_vel,26.873004095,0.0,0.0
/epuck2/cmd_vel,26.925912402,0.0,0.0
/epuck2/cmd_vel,26.967170686,0.0,0.0
/epuck2/cmd_vel,27.044831792,0.0,0.0
/epuck2/cmd_vel,27.088245886,0.0,0.0
/epuck2/cmd_vel,27.137667392,0.0,0.0
/epuck2/cmd_vel,27.17687715,0.0,0.0
/epuck2/cmd_vel,27.23598762,0.0,0.0
/epuck2/cmd_vel,27.289175502,0.0,0.0
/epuck2/cmd_vel,27.362887749,0.0,0.0
/epuck2/cmd_vel,27.400171204,0.0,0.0
/epuck2/cmd_vel,27.455750521,0.0,0.0
/epuck2/cmd_vel,27.492619779,0.0,0.0
/epuck2/cmd_vel,27.568353781,0.0,0.0
/epuck2/cmd_vel,27.611644548,0.0,0.0
/epuck2/cmd_vel,27.666793825,0.0,0.0
/epuck2/cmd_vel,27.701618668,0.0,0.0
/epuck2/cmd_vel,27.757558139,0.0,0.0
/epuck2/cmd_vel,27.800862643,0.0,0.0
/epuck2/cmd_vel,27.885026373,0.0,0.0
/epuck2/cmd_vel,27.92396611,0.0,0.0
/epuck2/cmd_vel,27.978948786,0.0,0.0
/epuck2/cmd_vel,28.015466873,0.0,0.0
/epuck2/cmd_vel,28.079584507,0.0,0.0
/epuck2/cmd_vel,28.133838783,0.0,0.0
/epuck2/cmd_vel,28.208550779,0.0,0.0
/epuck2/cmd_vel,28.245062253,0.0,0.0
/epuck2/cmd_vel,28.300772728,0.0,0.0
/epuck2/cmd_vel,28.337648002,0.0,0.0
/epuck2/cmd_vel,28.402237042,0.0,0.0
/epuck2/cmd_vel,28.462791927,0.0,0.0
/epuck2/cmd_vel,28.523030706,0.0,0.0
/epuck2/cmd_vel,28.559336585,0.0,0.0
/epuck2/cmd_vel,28.613377451,0.0,0.0
/epuck2/cmd_vel,28.65260685,0.0,0.0
/epuck2/cmd_vel,28.724713338,0.0,0.0
/epuck2/cmd_vel,28.777897858,0.0,0.0
/epuck2/cmd_vel,28.836022573,0.0,0.0
/epuck2/cmd_vel,28.869304941,0.0,0.0
/epuck2/cmd_vel,28.927071569,0.0,0.0
/epuck2/cmd_vel,28.966593562,0.0,0.0
/epuck2/cmd_vel,29.047159905,0.0,0.0
/epuck2/cmd_vel,29.084423596,0.0,0.0
/epuck2/cmd_vel,29.139336769,0.0,0.0
/epuck2/cmd_vel,29.175614593,0.0,0.0
/epuck2/cmd_vel,29.254529314,0.0,0.0
/epuck2/cmd_vel,29.294502987,0.0,0.0
/epuck2/cmd_vel,29.350643138,0.0,0.0
/epuck2/cmd_vel,29.386675646,0.0,0.0
/epuck2/cmd_vel,29.445684083,0.0,0.0
/epuck2/cmd_vel,29.501827538,0.0,0.0
/epuck2/cmd_vel,29.564316949,0.0,0.0
/epuck2/cmd_vel,29.601350144,0.0,0.0
/epuck2/cmd_vel,29.655015714,0.0,0.0
/epuck2/cmd_vel,29.694588272,0.0,0.0
/epuck2/cmd_vel,29.775726751,0.0,0.0
/epuck2/cmd_vel,29.814273691,0.0,0.0
/epuck2/cmd_vel,29.869645954,0.0,0.0
/epuck2/cmd_vel,29.90655148,0.0,0.0
/epuck2/cmd_vel,29.966123909,0.0,0.0
/epuck2/cmd_vel,30.020583719,0.0,0.0
/epuck2/cmd_vel,30.081803045,0.0,0.0
/epuck2/cmd_vel,30.11644414,0.0,0.0
/epuck2/cmd_vel,30.170635755,0.0,0.0
/epuck2/cmd_vel,30.212476486,0.0,0.0
/epuck2/cmd_vel,30.291246177,0.0,0.0
/epuck2/cmd_vel,30.330587791,0.0,0.0
/epuck2/cmd_vel,30.387367588,0.0,0.0
/epuck2/cmd_vel,30.424060676,0.0,0.0
/epuck2/cmd_vel,30.501455166,0.0,0.0
/epuck2/cmd_vel,30.542590985,0.0,0.0
/epuck2/cmd_vel,30.60199359,0.0,0.0
/epuck2/cmd_vel,30.635743437,0.0,0.0
/epuck2/cmd_vel,30.692239728,0.0,0.0
/epuck2/cmd_vel,30.74987825,0.0,0.0
/epuck2/cmd_vel,30.808822221,0.0,0.0
/epuck2/cmd_vel,30.845683631,0.0,0.0
/epuck2/cmd_vel,30.902649038,0.0,0.0
/epuck2/cmd_vel,30.940714423,0.0,0.0
/epuck2/cmd_vel,31.021330164,0.0,0.0
/epuck2/cmd_vel,31.061623013,0.0,0.0
/epuck2/cmd_vel,31.116484804,0.0,0.0
/epuck2/cmd_vel,31.154768516,0.0,0.0
/epuck2/cmd_vel,31.214285207,0.0,0.0
/epuck2/cmd_vel,31.269022185,0.0,0.0
/epuck2/cmd_vel,31.329298858,0.0,0.0
/epuck2/cmd_vel,31.367181326,0.0,0.0
/epuck2/cmd_vel,31.421195126,0.0,0.0
/epuck2/cmd_vel,31.463529272,0.0,0.0
/epuck2/cmd_vel,31.539918475,0.0,0.0
/epuck2/cmd_vel,31.580915178,0.0,0.0
/epuck2/cmd_vel,31.634930178,0.0,0.0
/epuck2/cmd_vel,31.671974056,0.0,0.0
/epuck2/cmd_vel,31.748948822,0.0,0.0
/epuck2/cmd_vel,31.788949918,0.0,0.0
/epuck2/cmd_vel,31.843510177,0.0,0.0
/epuck2/cmd_vel,31.879534845,0.0,0.0
/epuck2/cmd_vel,31.937104383,0.0,0.0
/epuck2/cmd_vel,31.97974141,0.0,0.0
/epuck2/cmd_vel,32.060201908,0.0,0.0
/epuck2/cmd_vel,32.100215176,0.0,0.0
/epuck2/cmd_vel,32.157252085,0.0,0.0
/epuck2/cmd_vel,32.193606827,0.0,0.0
/epuck2/cmd_vel,32.256155369,0.0,0.0
/epuck2/cmd_vel,32.306879102,0.0,0.0
/epuck2/cmd_vel,32.378253914,0.0,0.0
/epuck2/cmd_vel,32.416344698,0.0,0.0
/epuck2/cmd_vel,32.470500032,0.0,0.0
/epuck2/cmd_vel,32.509122846,0.0,0.0
/epuck2/cmd_vel,32.57063432,0.0,0.0
/epuck2/cmd_vel,32.635115042,0.0,0.0
/epuck2/cmd_vel,32.694132616,0.0,0.0
/epuck2/cmd_vel,32.731523526,0.0,0.0
/epuck2/cmd_vel,32.788133472,0.0,0.0
/epuck2/cmd_vel,32.826996609,0.0,0.0
/epuck2/cmd_vel,32.900591215,0.0,0.0
/epuck2/cmd_vel,32.954230507,0.0,0.0
/epuck2/cmd_vel,33.011795368,0.0,0.0
/epuck2/cmd_vel,33.047342943,0.0,0.0
/epuck2/cmd_vel,33.100849727,0.0,0.0
/epuck2/cmd_vel,33.142606783,0.0,0.0
/epuck2/cmd_vel,33.226954415,0.0,0.0
/epuck2/cmd_vel,33.268544487,0.0,0.0
/epuck2/cmd_vel,33.324119532,0.0,0.0
/epuck2/cmd_vel,33.35999368,0.0,0.0
/epuck2/cmd_vel,33.419814072,0.0,0.0
/epuck2/cmd_vel,33.477789847,0.0,0.0
/epuck2/cmd_vel,33.538790119,0.0,0.0
/epuck2/cmd_vel,33.572294016,0.0,0.0
/epuck2/cmd_vel,33.628145668,0.0,0.0
/epuck2/cmd_vel,33.668441141,0.0,0.0
/epuck2/cmd_vel,33.743325056,0.0,0.0
/epuck2/cmd_vel,33.810391508,0.0,0.0
/epuck2/cmd_vel,33.866292626,0.0,0.0
/epuck2/cmd_vel,33.903633857,0.0,0.0
/epuck2/cmd_vel,33.961174848,0.0,0.0
/epuck2/cmd_vel,34.002499441,0.0,0.0
/epuck2/cmd_vel,34.079936562,0.0,0.0
/epuck2/cmd_vel,34.11773986,0.0,0.0
/epuck2/cmd_vel,34.169876084,0.0,0.0
/epuck2/cmd_vel,34.207292677,0.0,0.0
/epuck2/cmd_vel,34.2852172,0.0,0.0
/epuck2/cmd_vel,34.326213429,0.0,0.0
/epuck2/cmd_vel,34.38282567,0.0,0.0
/epuck2/cmd_vel,34.417449123,0.0,0.0
/epuck2/cmd_vel,34.476124952,0.0,0.0
/epuck2/cmd_vel,34.533439874,0.0,0.0
/epuck2/cmd_vel,34.594797358,0.0,0.0
/epuck2/cmd_vel,34.629592835,0.0,0.0
/epuck2/cmd_vel,34.683452295,0.0,0.0
/epuck2/cmd_vel,34.724759305,0.0,0.0
/epuck2/cmd_vel,34.802869837,0.0,0.0
/epuck2/cmd_vel,34.844325696,0.0,0.0
/epuck2/cmd_vel,34.899538869,0.0,0.0
/epuck2/cmd_vel,34.933868363,0.0,0.0
/epuck2/cmd_vel,34.995397588,0.0,0.0
/epuck2/cmd_vel,35.051541674,0.0,0.0
/epuck2/cmd_vel,35.106975491,0.0,0.0
/epuck2/cmd_vel,35.143484123,0.0,0.0
/epuck2/cmd_vel,35.19989436,0.0,0.0
/epuck2/cmd_vel,35.242889985,0.0,0.0
/epuck2/cmd_vel,35.317519334,0.0,0.0
/epuck2/cmd_vel,35.356016358,0.0,0.0
/epuck2/cmd_vel,35.411508999,0.0,0.0
/epuck2/cmd_vel,35.446724326,0.0,0.0
/epuck2/cmd_vel,35.514777996,0.0,0.0
/epuck2/cmd_vel,35.577293928,0.0,0.0
/epuck2/cmd_vel,35.635756674,0.0,0.0
/epuck2/cmd_vel,35.673761343,0.0,0.0
/epuck2/cmd_vel,35.728182189,0.0,0.0
/epuck2/cmd_vel,35.768202116,0.0,0.0
/epuck2/cmd_vel,35.849328346,0.0,0.0
/epuck2/cmd_vel,35.886751479,0.0,0.0
/epuck2/cmd_vel,35.944548973,0.0,0.0
/epuck2/cmd_vel,35.980061775,0.0,0.0
/epuck2/cmd_vel,36.039870408,0.0,0.0
/epuck2/cmd_vel,36.093904566,0.0,0.0
/epuck2/cmd_vel,36.151212009,0.0,0.0
/epuck2/cmd_vel,36.188099063,0.0,0.0
/epuck2/cmd_vel,36.242243848,0.0,0.0
/epuck2/cmd_vel,36.285157285,0.0,0.0
/epuck2/cmd_vel,36.363947754,0.0,0.0
/epuck2/cmd_vel,36.404937597,0.0,0.0
/epuck2/cmd_vel,36.463749289,0.0,0.0
/epuck2/cmd_vel,36.498866609,0.0,0.0
/epuck2/cmd_vel,36.556960922,0.0,0.0
/epuck2/cmd_vel,36.599464699,0.0,0.0
/epuck2/cmd_vel,36.682465389,0.0,0.0
/epuck2/cmd_vel,36.723980211,0.0,0.0
/epuck2/cmd_vel,36.777010138,0.0,0.0
/epuck2/cmd_vel,36.81431474,0.0,0.0
/epuck2/cmd_vel,36.875311218,0.0,0.0
/epuck2/cmd_vel,36.928301571,0.0,0.0
/epuck2/cmd_vel,36.999500023,0.0,0.0
/epuck2/cmd_vel,37.036391945,0.0,0.0
/epuck2/cmd_vel,37.089822478,0.0,0.0
/epuck2/cmd_vel,37.129076388,0.0,0.0
/epuck2/cmd_vel,37.206532483,0.0,0.0
/epuck2/cmd_vel,37.248372283,0.0,0.0
/epuck2/cmd_vel,37.305018183,0.0,0.0
/epuck2/cmd_vel,37.340748675,0.0,0.0
/epuck2/cmd_vel,37.401565438,0.0,0.0
/epuck2/cmd_vel,37.45129507,0.0,0.0
/epuck2/cmd_vel,37.51265766,0.0,0.0
/epuck2/cmd_vel,37.548577315,0.0,0.0
/epuck2/cmd_vel,37.604720013,0.0,0.0
/epuck2/cmd_vel,37.642978098,0.0,0.0
/epuck2/cmd_vel,37.722840004,0.0,0.0
/epuck2/cmd_vel,37.76194498,0.0,0.0
/epuck2/cmd_vel,37.814389671,0.0,0.0
/epuck2/cmd_vel,37.851892802,0.0,0.0
/epuck2/cmd_vel,37.910445709,0.0,0.0
/epuck2/cmd_vel,37.971862461,0.0,0.0
/epuck2/cmd_vel,38.030521562,0.0,0.0
/epuck2/cmd_vel,38.067184424,0.0,0.0
/epuck2/cmd_vel,38.121667875,0.0,0.0
/epuck2/cmd_vel,38.164786282,0.0,0.0
/epuck2/cmd_vel,38.241284836,0.0,0.0
/epuck2/cmd_vel,38.280167511,0.0,0.0
/epuck2/cmd_vel,38.335025523,0.0,0.0
/epuck2/cmd_vel,38.372380017,0.0,0.0
/epuck2/cmd_vel,38.450810255,0.0,0.0
/epuck2/cmd_vel,38.491239475,0.0,0.0
/epuck2/cmd_vel,38.546938923,0.0,0.0
/epuck2/cmd_vel,38.583725141,0.0,0.0
/epuck2/cmd_vel,38.64095796,0.0,0.0
/epuck2/cmd_vel,38.697986284,0.0,0.0
/epuck2/cmd_vel,38.757972463,0.0,0.0
/epuck2/cmd_vel,38.793698475,0.0,0.0
/epuck2/cmd_vel,38.849939155,0.0,0.0
/epuck2/cmd_vel,38.889927246,0.0,0.0
/epuck2/cmd_vel,38.966998523,0.0,0.0
/epuck2/cmd_vel,39.007788946,0.0,0.0
/epuck2/cmd_vel,39.062610165,0.0,0.0
/epuck2/cmd_vel,39.100373423,0.0,0.0
/epuck2/cmd_vel,39.159640893,0.0,0.0
/epuck2/cmd_vel,39.211201158,0.0,0.0
/epuck2/cmd_vel,39.270013862,0.0,0.0
/epuck2/cmd_vel,39.307920269,0.0,0.0
/epuck2/cmd_vel,39.363941771,0.0,0.0
/epuck2/cmd_vel,39.403470962,0.0,0.0
/epuck2/cmd_vel,39.48862164,0.0,0.0
/epuck2/cmd_vel,39.52667,0.0,0.0
/epuck2/cmd_vel,39.584774336,0.0,0.0
/epuck2/cmd_vel,39.620041662,0.0,0.0
/epuck2/cmd_vel,39.67862449,0.0,0.0
/epuck2/cmd_vel,39.720315367,0.0,0.0
/epuck2/cmd_vel,39.80110589,0.0,0.0
/epuck2/cmd_vel,39.841436754,0.0,0.0
/epuck2/cmd_vel,39.896204708,0.0,0.0
/epuck2/cmd_vel,39.930871956,0.0,0.0
/epuck2/cmd_vel,39.991537739,0.0,0.0
/epuck2/cmd_vel,40.042973085,0.0,0.0
/epuck2/cmd_vel,40.115291013,0.0,0.0
/epuck2/cmd_vel,40.152399144,0.0,0.0
/epuck2/cmd_vel,40.207622289,0.0,0.0
/epuck2/cmd_vel,40.244676797,0.0,0.0
/epuck2/cmd_vel,40.311051937,0.0,0.0
/epuck2/cmd_vel,40.372904902,0.0,0.0
/epuck2/cmd_vel,40.429840098,0.0,0.0
/epuck2/cmd_vel,40.467120959,0.0,0.0
/epuck2/cmd_vel,40.521761726,0.0,0.0
/epuck2/cmd_vel,40.560751148,0.0,0.0
/epuck2/cmd_vel,40.63743397,0.0,0.0
/epuck2/cmd_vel,40.678399171,0.0,0.0
/epuck2/cmd_vel,40.733452677,0.0,0.0
/epuck2/cmd_vel,40.76896338,0.0,0.0
/epuck2/cmd_vel,40.82495768,0.0,0.0
/epuck2/cmd_vel,40.869850818,0.0,0.0
/epuck2/cmd_vel,40.950816474,0.0,0.0
/epuck2/cmd_vel,40.991947201,0.0,0.0
/epuck2/cmd_vel,41.04703107,0.0,0.0
/epuck2/cmd_vel,41.082512872,0.0,0.0
/epuck2/cmd_vel,41.144469469,0.0,0.0
/epuck2/cmd_vel,41.198223899,0.0,0.0
/epuck2/cmd_vel,41.258802223,0.0,0.0
/epuck2/cmd_vel,41.293022053,0.0,0.0
/epuck2/cmd_vel,41.349382544,0.0,0.0
/epuck2/cmd_vel,41.385906671,0.0,0.0
/epuck2/cmd_vel,41.46041422,0.0,0.0
/epuck2/cmd_vel,41.513715404,0.0,0.0
/epuck2/cmd_vel,41.572225223,0.0,0.0
/epuck2/cmd_vel,41.610980298,0.0,0.0
/epuck2/cmd_vel,41.665812231,0.0,0.0
/epuck2/cmd_vel,41.706375505,0.0,0.0
/epuck2/cmd_vel,41.781417421,0.0,0.0
/epuck2/cmd_vel,41.817374194,0.0,0.0
/epuck2/cmd_vel,41.87088177,0.0,0.0
/epuck2/cmd_vel,41.908941223,0.0,0.0
/epuck2/cmd_vel,41.975678955,0.0,0.0
/epuck2/cmd_vel,42.051074709,0.0,0.0
/epuck2/cmd_vel,42.112324087,0.0,0.0
/epuck2/cmd_vel,42.147233096,0.0,0.0
/epuck2/cmd_vel,42.201355627,0.0,0.0
/epuck2/cmd_vel,42.241794043,0.0,0.0
/epuck2/cmd_vel,42.317853047,0.0,0.0
/epuck2/cmd_vel,42.369466668,0.0,0.0
/epuck2/cmd_vel,42.427686779,0.0,0.0
/epuck2/cmd_vel,42.46336287,0.0,0.0
/epuck2/cmd_vel,42.519453627,0.0,0.0
/epuck2/cmd_vel,42.561477326,0.0,0.0
/epuck2/cmd_vel,42.638261362,0.0,0.0
/epuck2/cmd_vel,42.673778914,0.0,0.0
/epuck2/cmd_vel,42.726719333,0.0,0.0
/epuck2/cmd_vel,42.765872902,0.0,0.0
/epuck2/cmd_vel,42.840861898,0.0,0.0
/epuck2/cmd_vel,42.883550342,0.0,0.0
/epuck2/cmd_vel,42.940028821,0.0,0.0
/epuck2/cmd_vel,42.976321526,0.0,0.0
/epuck2/cmd_vel,43.032275216,0.0,0.0
/epuck2/cmd_vel,43.08999318,0.0,0.0
/epuck2/cmd_vel,43.149046181,0.0,0.0
/epuck2/cmd_vel,43.186056272,0.0,0.0
/epuck2/cmd_vel,43.239886398,0.0,0.0
/epuck2/cmd_vel,43.278140558,0.0,0.0
/epuck2/cmd_vel,43.357038076,0.0,0.0
/epuck2/cmd_vel,43.398088052,0.0,0.0
/epuck2/cmd_vel,43.451613288,0.0,0.0
/epuck2/cmd_vel,43.488523842,0.0,0.0
/epuck2/cmd_vel,43.546272893,0.0,0.0
/epuck2/cmd_vel,43.610026173,0.0,0.0
/epuck2/cmd_vel,43.667006524,0.0,0.0
/epuck2/cmd_vel,43.702088339,0.0,0.0
/epuck2/cmd_vel,43.759308815,0.0,0.0
/epuck2/cmd_vel,43.799941711,0.0,0.0
/epuck2/cmd_vel,43.876786108,0.0,0.0
/epuck2/cmd_vel,43.914891251,0.0,0.0
/epuck2/cmd_vel,43.970861819,0.0,0.0
/epuck2/cmd_vel,44.00757879,0.0,0.0
/epuck2/cmd_vel,44.083007592,0.0,0.0
/epuck2/cmd_vel,44.124980263,0.0,0.0
/epuck2/cmd_vel,44.179416055,0.0,0.0
/epuck2/cmd_vel,44.216563222,0.0,0.0
/epuck2/cmd_vel,44.275098127,0.0,0.0
/epuck2/cmd_vel,44.332594704,0.0,0.0
/epuck2/cmd_vel,44.392334815,0.0,0.0
/epuck2/cmd_vel,44.430904875,0.0,0.0
/epuck2/cmd_vel,44.482612939,0.0,0.0
/epuck2/cmd_vel,44.521069124,0.0,0.0
/epuck2/cmd_vel,44.597385915,0.0,0.0
/epuck2/cmd_vel,44.649226884,0.0,0.0
/epuck2/cmd_vel,44.709988883,0.0,0.0
/epuck2/cmd_vel,44.744900288,0.0,0.0
/epuck2/cmd_vel,44.801143739,0.0,0.0
/epuck2/cmd_vel,44.840917012,0.0,0.0
/epuck2/cmd_vel,44.917813196,0.0,0.0
/epuck2/cmd_vel,44.956275635,0.0,0.0
/epuck2/cmd_vel,45.011425871,0.0,0.0
/epuck2/cmd_vel,45.048720155,0.0,0.0
/epuck2/cmd_vel,45.127303222,0.0,0.0
/epuck2/cmd_vel,45.16602089,0.0,0.0
/epuck2/cmd_vel,45.221985328,0.0,0.0
/epuck2/cmd_vel,45.257961029,0.0,0.0
/epuck2/cmd_vel,45.316258788,0.0,0.0
/epuck2/cmd_vel,45.37486328,0.0,0.0
/epuck2/cmd_vel,45.432089815,0.0,0.0
/epuck2/cmd_vel,45.470064012,0.0,0.0
/epuck2/cmd_vel,45.521816577,0.0,0.0
/epuck2/cmd_vel,45.564318644,0.0,0.0
/epuck2/cmd_vel,45.635195635,0.0,0.0
/epuck2/cmd_vel,45.690279424,0.0,0.0
/epuck2/cmd_vel,45.749089733,0.0,0.0
/epuck2/cmd_vel,45.781525106,0.0,0.0
/epuck2/cmd_vel,45.839035163,0.0,0.0
/epuck2/cmd_vel,45.881252014,0.0,0.0
/epuck2/cmd_vel,45.964732121,0.0,0.0
/epuck2/cmd_vel,46.004456814,0.0,0.0
/epuck2/cmd_vel,46.059101042,0.0,0.0
/epuck2/cmd_vel,46.09637094,0.0,0.0
/epuck2/cmd_vel,46.151565039,0.0,0.0
/epuck2/cmd_vel,46.19434062,0.0,0.0
/epuck2/cmd_vel,46.280799168,0.0,0.0
/epuck2/cmd_vel,46.319428204,0.0,0.0
/epuck2/cmd_vel,46.375540463,0.0,0.0
/epuck2/cmd_vel,46.411419458,0.0,0.0
/epuck2/cmd_vel,46.471031434,0.0,0.0
/epuck2/cmd_vel,46.519556851,0.0,0.0
/epuck2/cmd_vel,46.609743976,0.0,0.0
/epuck2/cmd_vel,46.644187863,0.0,0.0
/epuck2/cmd_vel,46.697119921,0.0,0.0
/epuck2/cmd_vel,46.734773978,0.0,0.0
/epuck2/cmd_vel,46.814335959,0.0,0.0
/epuck2/cmd_vel,46.855486191,0.0,0.0
/epuck2/cmd_vel,46.913316807,0.0,0.0
/epuck2/cmd_vel,46.946621728,0.0,0.0
/epuck2/cmd_vel,47.005073039,0.0,0.0
/epuck2/cmd_vel,47.062119384,0.0,0.0
/epuck2/cmd_vel,47.122312252,0.0,0.0
/epuck2/cmd_vel,47.159672348,0.0,0.0
/epuck2/cmd_vel,47.213670466,0.0,0.0
/epuck2/cmd_vel,47.251464431,0.0,0.0
/epuck2/cmd_vel,47.334100684,0.0,0.0
/epuck2/cmd_vel,47.373625138,0.0,0.0
/epuck2/cmd_vel,47.426532101,0.0,0.0
/epuck2/cmd_vel,47.462462724,0.0,0.0
/epuck2/cmd_vel,47.523808685,0.0,0.0
/epuck2/cmd_vel,47.58164739,0.0,0.0
/epuck2/cmd_vel,47.639503848,0.0,0.0
/epuck2/cmd_vel,47.67425724,0.0,0.0
/epuck2/cmd_vel,47.730851191,0.0,0.0
/epuck2/cmd_vel,47.772914126,0.0019999999999999575,-8.742278012618954e-08
/epuck2/cmd_vel,47.851094197,0.005000000000000071,-8.742278012618954e-08
/epuck2/cmd_vel,47.888968952,0.007000000000000029,-8.742278012618954e-08
/epuck2/cmd_vel,47.942989166,0.010000000000000142,-8.742278012618954e-08
/epuck2/cmd_vel,47.979185657,0.0120000000000001,-8.742278012618954e-08
/epuck2/cmd_vel,48.056151884,0.015000000000000215,-8.742278012618954e-08
/epuck2/cmd_vel,48.09831731,0.01700000000000017,-8.742278012618954e-08
/epuck2/cmd_vel,48.153710777,0.01999999999999993,-8.742278012618954e-08
/epuck2/cmd_vel,48.191273935,0.022000000000000245,-8.742278012618954e-08
/epuck2/cmd_vel,48.24698406,0.025,-8.742278012618954e-08
/epuck2/cmd_vel,48.304490011,0.025,-8.742278012618954e-08
/epuck2/cmd_vel,48.368578566,0.025,-8.742278012618954e-08
/epuck2/cmd_vel,48.400971866,0.025,-8.742278012618954e-08
/epuck2/cmd_vel,48.456982991,0.025,-8.742278012618954e-08
/epuck2/cmd_vel,48.498302565,0.025,-8.742278012618954e-08
/epuck2/cmd_vel,48.573228315,0.025,-8.742278012618954e-08
/epuck2/cmd_vel,48.611891351,0.025,-8.742278012618954e-08
/epuck2/cmd_vel,48.665778421,0.025,-8.742278012618954e-08
/epuck2/cmd_vel,48.705219488,0.025,-8.742278012618954e-08
/epuck2/cmd_vel,48.764844706,0.025,-8.742278012618954e-08
/epuck2/cmd_vel,48.822536065,0.025,-8.742278012618954e-08
/epuck2/cmd_vel,48.880566323,0.025,-8.742278012618954e-08
/epuck2/cmd_vel,48.916486037,0.025,-8.742278012618954e-08
/epuck2/cmd_vel,48.975107617,0.025,-8.742278012618954e-08
/epuck2/cmd_vel,49.017208144,0.025,-8.742278012618954e-08
/epuck2/cmd_vel,49.09248312,0.025,-8.742278012618954e-08
/epuck2/cmd_vel,49.129940794,0.025,-8.742278012618954e-08
/epuck2/cmd_vel,49.183642969,0.025,-8.742278012618954e-08
/epuck2/cmd_vel,49.221978171,0.025,-8.742278012618954e-08
/epuck2/cmd_vel,49.296428576,0.025,-8.742278012618954e-08
/epuck2/cmd_vel,49.335157016,0.025,-8.742278012618954e-08
/epuck2/cmd_vel,49.391863671,0.025,-8.742278012618954e-08
/epuck2/cmd_vel,49.430774717,0.025,-8.742278012618954e-08
/epuck2/cmd_vel,49.487614313,0.025,-8.742278012618954e-08
/epuck2/cmd_vel,49.527223972,0.025,-8.742278012618954e-08
/epuck2/cmd_vel,49.621912983,0.025,-8.742278012618954e-08
/epuck2/cmd_vel,49.662130299,0.025,-8.742278012618954e-08
/epuck2/cmd_vel,49.716968903,0.025,-8.742278012618954e-08
/epuck2/cmd_vel,49.753497388,0.025,-8.742278012618954e-08
/epuck2/cmd_vel,49.815452759,0.025,-8.742278012618954e-08
/epuck2/cmd_vel,49.873508967,0.025,-8.742278012618954e-08
/epuck2/cmd_vel,49.931917387,0.025,-8.742278012618954e-08
/epuck2/cmd_vel,49.96696132,0.025,-8.742278012618954e-08
/epuck2/cmd_vel,50.021403378,0.025,-8.742278012618954e-08
/epuck2/cmd_vel,50.063410822,0.025,-8.742278012618954e-08
/epuck2/cmd_vel,50.140678607,0.025,-8.742278012618954e-08
/epuck2/cmd_vel,50.176666154,0.025,-8.742278012618954e-08
/epuck2/cmd_vel,50.231400311,0.025,-8.742278012618954e-08
/epuck2/cmd_vel,50.272032725,0.025,-8.742278012618954e-08
/epuck2/cmd_vel,50.347084684,0.025,-8.742278012618954e-08
/epuck2/cmd_vel,50.388759341,0.025,-8.742278012618954e-08
/epuck2/cmd_vel,50.445403761,0.025,-8.742278012618954e-08
/epuck2/cmd_vel,50.481850948,0.025,-8.742278012618954e-08
/epuck2/cmd_vel,50.541247923,0.025,-8.742278012618954e-08
/epuck2/cmd_vel,50.594911016,0.025,-8.742278012618954e-08
/epuck2/cmd_vel,50.654738709,0.025,-8.742278012618954e-08
/epuck2/cmd_vel,50.692963523,0.025,-8.742278012618954e-08
/epuck2/cmd_vel,50.749758331,0.025,-8.742278012618954e-08
/epuck2/cmd_vel,50.786046653,0.025,-8.742278012618954e-08
/epuck2/cmd_vel,50.862840139,0.025,-8.742278012618954e-08
/epuck2/cmd_vel,50.905311821,0.025,-8.742278012618954e-08
/epuck2/cmd_vel,50.958490133,0.025,-8.742278012618954e-08
/epuck2/cmd_vel,50.993176267,0.025,-8.742278012618954e-08
/epuck2/cmd_vel,51.054632105,0.025,-8.742278012618954e-08
/epuck2/cmd_vel,51.111946937,0.025,-8.742278012618954e-08
/epuck2/cmd_vel,51.172081842,0.025,-8.742278012618954e-08
/epuck2/cmd_vel,51.204749378,0.025,-8.742278012618954e-08
/epuck2/cmd_vel,51.261018511,0.025,-8.742278012618954e-08
/epuck2/cmd_vel,51.301754156,0.025,-8.742278012618954e-08
/epuck2/cmd_vel,51.385580309,0.025,-8.742278012618954e-08
/epuck2/cmd_vel,51.429020547,0.025,-8.742278012618954e-08
/epuck2/cmd_vel,51.48460538,0.025,-8.742278012618954e-08
/epuck2/cmd_vel,51.519533642,0.025,-8.742278012618954e-08
/epuck2/cmd_vel,51.579381842,0.025,-8.742278012618954e-08
/epuck2/cmd_vel,51.622975654,0.025,-8.742278012618954e-08
/epuck2/cmd_vel,51.685220802,0.025,-8.742278012618954e-08
/epuck2/cmd_vel,51.720998407,0.025,-8.742278012618954e-08
/epuck2/cmd_vel,51.776546442,0.025,-8.742278012618954e-08
/epuck2/cmd_vel,51.816314571,0.025,-8.742278012618954e-08
/epuck2/cmd_vel,51.90206638,0.025,-8.742278012618954e-08
/epuck2/cmd_vel,51.941799542,0.025,-8.742278012618954e-08
/epuck2/cmd_vel,52.00118416,0.025,-8.742278012618954e-08
/epuck2/cmd_vel,52.036191559,0.025,-8.742278012618954e-08
/epuck2/cmd_vel,52.094643594,0.025,-8.742278012618954e-08
/epuck2/cmd_vel,52.148744035,0.025,-8.742278012618954e-08
/epuck2/cmd_vel,52.209493026,0.025,-8.742278012618954e-08
/epuck2/cmd_vel,52.246399897,0.025,-8.742278012618954e-08
/epuck2/cmd_vel,52.299403914,0.025,-8.742278012618954e-08
/epuck2/cmd_vel,52.336662199,0.025,-8.742278012618954e-08
/epuck2/cmd_vel,52.411670192,0.025,-8.742278012618954e-08
/epuck2/cmd_vel,52.462515065,0.025,-8.742278012618954e-08
/epuck2/cmd_vel,52.522245015,0.025,-8.742278012618954e-08
/epuck2/cmd_vel,52.558222792,0.025,-8.742278012618954e-08
/epuck2/cmd_vel,52.613685113,0.025,-8.742278012618954e-08
/epuck2/cmd_vel,52.655073114,0.025,-8.742278012618954e-08
/epuck2/cmd_vel,52.729229994,0.025,-8.742278012618954e-08
/epuck2/cmd_vel,52.784095988,0.025,-8.742278012618954e-08
/epuck2/cmd_vel,52.820388382,0.025,-8.742278012618954e-08
/epuck2/cmd_vel,52.857103392,0.025,-8.742278012618954e-08
/epuck2/cmd_vel,52.938103553,0.025,-8.742278012618954e-08
/epuck2/cmd_vel,52.977772542,0.025,-8.742278012618954e-08
/epuck2/cmd_vel,53.035045092,0.025,-8.742278012618954e-08
/epuck2/cmd_vel,53.070888014,0.025,-8.742278012618954e-08
/epuck2/cmd_vel,53.127937894,0.025,-8.742278012618954e-08
/epuck2/cmd_vel,53.187308704,0.025,-8.742278012618954e-08
/epuck2/cmd_vel,53.247629922,0.025,-8.742278012618954e-08
/epuck2/cmd_vel,53.301118486,0.025,-8.742278012618954e-08
/epuck2/cmd_vel,53.339007913,0.025,-8.742278012618954e-08
/epuck2/cmd_vel,53.376709672,0.025,-8.742278012618954e-08
/epuck2/cmd_vel,53.456099205,0.025,-8.742278012618954e-08
/epuck2/cmd_vel,53.494413031,0.025,-8.742278012618954e-08
/epuck2/cmd_vel,53.553155419,0.025,-8.742278012618954e-08
/epuck2/cmd_vel,53.589184215,0.025,-8.742278012618954e-08
/epuck2/cmd_vel,53.647933983,0.025,-8.742278012618954e-08
/epuck2/cmd_vel,53.701054687,0.025,-8.742278012618954e-08
/epuck2/cmd_vel,53.758656605,0.025,-8.742278012618954e-08
/epuck2/cmd_vel,53.814834853,0.025,-8.742278012618954e-08
/epuck2/cmd_vel,53.852231875,0.025,-8.742278012618954e-08
/epuck2/cmd_vel,53.892506549,0.025,-8.742278012618954e-08
/epuck2/cmd_vel,53.971097556,0.025,-8.742278012618954e-08
/epuck2/cmd_vel,54.011611107,0.025,-8.742278012618954e-08
/epuck2/cmd_vel,54.066188403,0.025,-8.742278012618954e-08
/epuck2/cmd_vel,54.10398408,0.025,-8.742278012618954e-08
/epuck2/cmd_vel,54.186023759,0.025,-8.742278012618954e-08
/epuck2/cmd_vel,54.227314769,0.025,-8.742278012618954e-08
/epuck2/cmd_vel,54.286785772,0.025,-8.742278012618954e-08
/epuck2/cmd_vel,54.336475327,0.025,-8.742278012618954e-08
/epuck2/cmd_vel,54.379999713,0.025,-8.742278012618954e-08
/epuck2/cmd_vel,54.435026515,0.020999999999999377,-0.12000008742279888
/epuck2/cmd_vel,54.501078014,0.01499999999999915,-0.3000000874228057
/epuck2/cmd_vel,54.533145186,0.010999999999999944,-0.42000008742278183
/epuck2/cmd_vel,54.590849107,0.006,-0.6000000874227887
/epuck2/cmd_vel,54.627839313,0.006,-0.65
/epuck2/cmd_vel,54.707197222,0.006,-0.65
/epuck2/cmd_vel,54.746656934,0.006,-0.65
/epuck2/cmd_vel,54.801000021,0.006,-0.65
/epuck2/cmd_vel,54.860462429,0.006,-0.65
/epuck2/cmd_vel,54.902068852,0.006,-0.65
/epuck2/cmd_vel,54.955600807,0.006,-0.65
/epuck2/cmd_vel,55.027963677,0.006,-0.65
/epuck2/cmd_vel,55.065560454,0.006,-0.65
/epuck2/cmd_vel,55.121157322,0.006,-0.65
/epuck2/cmd_vel,55.159142579,0.006,-0.65
/epuck2/cmd_vel,55.226229796,0.006,-0.65
/epuck2/cmd_vel,55.287720339,0.006,-0.65
/epuck2/cmd_vel,55.35070849,0.009000000000000114,-0.4099999999999909
/epuck2/cmd_vel,55.40286283,0.012,-0.16999999999998183
/epuck2/cmd_vel,55.443482149,0.012,-0.010000000000013665
/epuck2/cmd_vel,55.479807793,0.012,0.12703707217695934
/epuck2/cmd_vel,55.562505177,0.012,0.12703707217695934
/epuck2/cmd_vel,55.60533028,0.012,0.12306654452803355
/epuck2/cmd_vel,55.66030259,0.012,0.12306654452803355
/epuck2/cmd_vel,55.696431811,0.012,0.12306654452803355
/epuck2/cmd_vel,55.759522917,0.012,0.09527285098555309
/epuck2/cmd_vel,55.815479872,0.012,0.09527285098555309
/epuck2/cmd_vel,55.874589908,0.012,0.06350905894758921
/epuck2/cmd_vel,55.929895555,0.012,0.06350905894758921
/epuck2/cmd_vel,55.967549469,0.012,0.06350905894758921
/epuck2/cmd_vel,56.011497478,0.012,0.04762694835188608
/epuck2/cmd_vel,56.088611106,0.012,0.03571536540510874
/epuck2/cmd_vel,56.126883616,0.012,0.03571536540510874
/epuck2/cmd_vel,56.179364477,0.012,0.03571536540510874
/epuck2/cmd_vel,56.219388768,0.012,0.03571536540510874
/epuck2/cmd_vel,56.297424444,0.012,0.023804211611773776
/epuck2/cmd_vel,56.339083105,0.012,0.023804211611773776
/epuck2/cmd_vel,56.396333441,0.012,0.015863156313922207
/epuck2/cmd_vel,56.451338874,0.012,0.015863156313922207
/epuck2/cmd_vel,56.489472104,0.012,0.015863156313922207
/epuck2/cmd_vel,56.547879209,0.012,0.015863156313922207
/epuck2/cmd_vel,56.610780756,0.012,0.015863156313922207
/epuck2/cmd_vel,56.648166189,0.012,0.01189262866499643
/epuck2/cmd_vel,56.704048822,0.012,0.01189262866499643
/epuck2/cmd_vel,56.745956817,0.012,0.007922101016070649
/epuck2/cmd_vel,56.820353683,0.012,0.007922101016070649
/epuck2/cmd_vel,56.861024888,0.012,0.007922101016070649
/epuck2/cmd_vel,56.914349256,0.012,0.007922101016070649
/epuck2/cmd_vel,56.970896917,0.012,0.007922101016070649
/epuck2/cmd_vel,57.012599979,0.012,0.007922101016070649
/epuck2/cmd_vel,57.071764907,0.012,0.003951573367144867
/epuck2/cmd_vel,57.13298631,0.012,-1.895428178091442e-05
/epuck2/cmd_vel,57.165633659,0.012,-1.8954281780914074e-05
/epuck2/cmd_vel,57.223665528,0.012,-1.8954281780914074e-05
/epuck2/cmd_vel,57.265109531,0.012,-1.8954281780914074e-05
/epuck2/cmd_vel,57.344648582,0.012,0.003951573367144867
/epuck2/cmd_vel,57.384084621,0.012,0.003951573367144867
/epuck2/cmd_vel,57.438896663,0.012,-1.895428178091442e-05
/epuck2/cmd_vel,57.475352712,0.012,-1.8954281780914074e-05
/epuck2/cmd_vel,57.556658581,0.012,-1.8954281780914074e-05
/epuck2/cmd_vel,57.59632248,0.012,-1.8954281780914074e-05
/epuck2/cmd_vel,57.653044458,0.012,-1.8954281780914074e-05
/epuck2/cmd_vel,57.689506243,0.012,-1.8954281780914074e-05
/epuck2/cmd_vel,57.746479129,0.012,-1.8954281780914074e-05
/epuck2/cmd_vel,57.788029513,0.012,-1.8954281780914074e-05
/epuck2/cmd_vel,57.871909171,0.012,-1.8954281780914074e-05
/epuck2/cmd_vel,57.912928915,0.012,-1.8954281780914074e-05
/epuck2/cmd_vel,57.968607252,0.012,-1.8954281780914074e-05
/epuck2/cmd_vel,58.005353162,0.012,-1.8954281780914074e-05
/epuck2/cmd_vel,58.066054446,0.012,-1.8954281780914074e-05
/epuck2/cmd_vel,58.117937753,0.012,-1.8954281780914074e-05
/epuck2/cmd_vel,58.192136565,0.012,-1.8954281780914074e-05
/epuck2/cmd_vel,58.229732315,0.012,-1.8954281780914074e-05
/epuck2/cmd_vel,58.286806547,0.012,-1.8954281780914074e-05
/epuck2/cmd_vel,58.324674418,0.012,-1.8954281780914074e-05
/epuck2/cmd_vel,58.40206702,0.012,-1.8954281780914074e-05
/epuck2/cmd_vel,58.444281806,0.012,-1.8954281780914074e-05
/epuck2/cmd_vel,58.501946221,0.012,-1.8954281780914074e-05
/epuck2/cmd_vel,58.536265249,0.012,-1.8954281780914074e-05
/epuck2/cmd_vel,58.592881185,0.012,-1.8954281780914074e-05
/epuck2/cmd_vel,58.637291142,0.012,-1.8954281780914074e-05
/epuck2/cmd_vel,58.719629386,0.012,-1.8954281780914074e-05
/epuck2/cmd_vel,58.759652319,0.012,-1.8954281780914074e-05
/epuck2/cmd_vel,58.816780833,0.012,-1.8954281780914074e-05
/epuck2/cmd_vel,58.852284552,0.012,-1.8954281780914074e-05
/epuck2/cmd_vel,58.913238945,0.012,-1.8954281780914074e-05
/epuck2/cmd_vel,58.96236828,0.012,-1.8954281780914074e-05
/epuck2/cmd_vel,59.033327174,0.012,-1.8954281780914074e-05
/epuck2/cmd_vel,59.07474008,0.012,-1.8954281780914074e-05
/epuck2/cmd_vel,59.129030539,0.012,-1.8954281780914074e-05
/epuck2/cmd_vel,59.163810556,0.012,-1.8954281780914074e-05
/epuck2/cmd_vel,59.245545698,0.012,0.003951573367144867
/epuck2/cmd_vel,59.284148833,0.012,0.003951573367144867
/epuck2/cmd_vel,59.340749169,0.012,-1.895428178091442e-05
/epuck2/cmd_vel,59.38008668,0.012,-1.8954281780914074e-05
/epuck2/cmd_vel,59.435247385,0.012,-1.8954281780914074e-05
/epuck2/cmd_vel,59.482279132,0.012,-1.8954281780914074e-05
/epuck2/cmd_vel,59.553254495,0.012,-1.8954281780914074e-05
/epuck2/cmd_vel,59.59489164,0.012,-1.8954281780914074e-05
/epuck2/cmd_vel,59.646123886,0.012,-1.8954281780914074e-05
/epuck2/cmd_vel,59.685558203,0.012,-1.8954281780914074e-05
/epuck2/cmd_vel,59.748156971,0.012,-1.8954281780914074e-05
/epuck2/cmd_vel,59.811205824,0.012,-1.8954281780914074e-05
/epuck2/cmd_vel,59.873826082,0.012,-1.8954281780914074e-05
/epuck2/cmd_vel,59.908872232,0.012,-1.8954281780914074e-05
/epuck2/cmd_vel,59.964069071,0.012,-1.8954281780914074e-05
/epuck2/cmd_vel,60.005866939,0.012,-1.8954281780914074e-05
/epuck2/cmd_vel,60.078991711,0.012,-1.8954281780914074e-05
/epuck2/cmd_vel,60.119217319,0.012,-1.8954281780914074e-05
/epuck2/cmd_vel,60.174018159,0.012,-1.8954281780914074e-05
/epuck2/cmd_vel,60.209420438,0.012,-1.8954281780914074e-05
/epuck2/cmd_vel,60.27054493,0.012,-1.8954281780914074e-05
/epuck2/cmd_vel,60.329486458,0.012,-1.8954281780914074e-05
/epuck2/cmd_vel,60.389905936,0.012,-1.8954281780914074e-05
/epuck2/cmd_vel,60.426947896,0.012,-1.8954281780914074e-05
/epuck2/cmd_vel,60.481770708,0.012,-1.8954281780914074e-05
/epuck2/cmd_vel,60.523244813,0.012,-1.8954281780914074e-05
/epuck2/cmd_vel,60.600872162,0.012,-1.8954281780914074e-05
/epuck2/cmd_vel,60.63865997,0.012,-1.8954281780914074e-05
/epuck2/cmd_vel,60.692685264,0.012,-1.8954281780914074e-05
/epuck2/cmd_vel,60.731186814,0.012,-1.8954281780914074e-05
/epuck2/cmd_vel,60.809071508,0.012,-1.8954281780914074e-05
/epuck2/cmd_vel,60.851892132,0.012,-1.8954281780914074e-05
/epuck2/cmd_vel,60.909719342,0.012,-1.8954281780914074e-05
/epuck2/cmd_vel,60.942993858,0.012,-1.8954281780914074e-05
/epuck2/cmd_vel,61.002902281,0.012,-1.8954281780914074e-05
/epuck2/cmd_vel,61.058440542,0.012,0.003951573367144867
/epuck2/cmd_vel,61.118827455,0.012,0.003951573367144867
/epuck2/cmd_vel,61.153975628,0.012,0.003951573367144867
/epuck2/cmd_vel,61.207799827,0.012,-1.895428178091442e-05
/epuck2/cmd_vel,61.248973379,0.012,-1.8954281780914074e-05
/epuck2/cmd_vel,61.329307879,0.012,-0.003989481930706695
/epuck2/cmd_vel,61.369080648,0.012,-0.003989481930706695
/epuck2/cmd_vel,61.426009665,0.012,-1.895428178091442e-05
/epuck2/cmd_vel,61.462010258,0.012,-1.8954281780914074e-05
/epuck2/cmd_vel,61.519194209,0.012,-1.8954281780914074e-05
/epuck2/cmd_vel,61.580680154,0.012,-1.8954281780914074e-05
/epuck2/cmd_vel,61.638759831,0.012,-1.8954281780914074e-05
/epuck2/cmd_vel,61.676177346,0.012,-1.8954281780914074e-05
/epuck2/cmd_vel,61.729644057,0.012,-1.8954281780914074e-05
/epuck2/cmd_vel,61.770423629,0.012,-1.8954281780914074e-05
/epuck2/cmd_vel,61.853000904,0.012,-1.8954281780914074e-05
/epuck2/cmd_vel,61.888388172,0.012,-1.8954281780914074e-05
/epuck2/cmd_vel,61.943404039,0.012,-1.8954281780914074e-05
/epuck2/cmd_vel,61.98394795,0.012,-1.8954281780914074e-05
/epuck2/cmd_vel,62.059846792,0.012,-1.8954281780914074e-05
/epuck2/cmd_vel,62.099996698,0.012,-1.8954281780914074e-05
/epuck2/cmd_vel,62.156499351,0.012,0.23998104571822818
/epuck2/cmd_vel,62.193743861,0.012,0.3
/epuck2/cmd_vel,62.250380553,0.012,0.3
/epuck2/cmd_vel,62.30670649,0.012,0.3
/epuck2/cmd_vel,62.367421075,0.012,0.3
/epuck2/cmd_vel,62.405761645,0.012,0.3
/epuck2/cmd_vel,62.458472717,0.012,0.3
/epuck2/cmd_vel,62.499137544,0.012,0.3
/epuck2/cmd_vel,62.576588462,0.012,0.3
/epuck2/cmd_vel,62.616456664,0.012,0.3
/epuck2/cmd_vel,62.671715592,0.012,0.3
/epuck2/cmd_vel,62.708837784,0.012,0.3
/epuck2/cmd_vel,62.769810831,0.012,0.3
/epuck2/cmd_vel,62.823801592,0.012,0.3
/epuck2/cmd_vel,62.897233421,0.012,0.3
/epuck2/cmd_vel,62.931622941,0.012,0.3
/epuck2/cmd_vel,62.987160032,0.012,0.3
/epuck2/cmd_vel,63.024805257,0.012,0.26205271720570095
/epuck2/cmd_vel,63.092324865,0.012,0.26205271720570095
/epuck2/cmd_vel,63.152907693,0.012,0.23558281898182404
/epuck2/cmd_vel,63.214091361,0.012,0.23558281898182404
/epuck2/cmd_vel,63.250560706,0.012,0.23558281898182404
/epuck2/cmd_vel,63.306664663,0.012,0.18528975486439236
/epuck2/cmd_vel,63.346799712,0.012,0.18528975486439236
/epuck2/cmd_vel,63.423625541,0.012,0.1614668750731326
/epuck2/cmd_vel,63.463019301,0.012,0.1614668750731326
/epuck2/cmd_vel,63.523076269,0.012,0.1376437091795779
/epuck2/cmd_vel,63.5591573,0.012,0.1376437091795779
/epuck2/cmd_vel,63.620369198,0.012,0.12440890311878691
/epuck2/cmd_vel,63.67058148,0.012,0.12440890311878691
/epuck2/cmd_vel,63.735108209,0.012,0.1005857372252322
/epuck2/cmd_vel,63.768210067,0.012,0.1005857372252322
/epuck2/cmd_vel,63.826915095,0.012,0.1005857372252322
/epuck2/cmd_vel,63.867109507,0.012,0.08735093116444119
/epuck2/cmd_vel,63.945823079,0.015000000000000114,0.07279244263703433
/epuck2/cmd_vel,63.983083818,0.016999999999999717,0.06176319916779604
/epuck2/cmd_vel,64.037848629,0.01999999999999983,0.06176319916779604
/epuck2/cmd_vel,64.074186879,0.022000000000000144,0.050734194117136866
/epuck2/cmd_vel,64.153105086,0.024999999999999547,0.050734194117136866
/epuck2/cmd_vel,64.192157874,0.025,0.046322496729441553
/epuck2/cmd_vel,64.250565515,0.025,0.046322496729441553
/epuck2/cmd_vel,64.288438178,0.025,0.046322496729441553
/epuck2/cmd_vel,64.346011577,0.025,0.03970495064789859
/epuck2/cmd_vel,64.401129175,0.0,0.0
/epuck2/cmd_vel,64.465469059,0.0,0.0
/epuck2/cmd_vel,64.501260519,0.0,0.0
/epuck2/cmd_vel,64.554397068,0.0,0.0
/epuck2/cmd_vel,64.595356366,0.0,0.0
/epuck2/cmd_vel,64.665402672,0.0,0.0
/epuck2/cmd_vel,64.717705079,0.0,0.0
/epuck2/cmd_vel,64.779748746,0.0,0.0
/epuck2/cmd_vel,64.814109749,0.0,0.0
/epuck2/cmd_vel,64.871021497,0.0,0.0
/epuck2/cmd_vel,64.911353314,0.0,0.0
/epuck2/cmd_vel,64.995277318,0.0,0.0
/epuck2/cmd_vel,65.036160104,0.0,0.0
/epuck2/cmd_vel,65.092544433,0.0,0.0
/epuck2/cmd_vel,65.130861964,0.0,0.0
/epuck2/cmd_vel,65.188814488,0.0,0.0
/epuck2/cmd_vel,65.228094777,0.0,0.0
/epuck2/cmd_vel,65.312977839,0.0,0.0
/epuck2/cmd_vel,65.351646791,0.0,0.0
/epuck2/cmd_vel,65.40458441,0.0,0.0
/epuck2/cmd_vel,65.43927352,0.0,0.0
/epuck2/cmd_vel,65.502788582,0.0,0.0
/epuck2/cmd_vel,65.560085467,0.0,0.0
/epuck2/cmd_vel,65.622369555,0.0,0.0
/epuck2/cmd_vel,65.657064965,0.0,0.0
/epuck2/cmd_vel,65.71323058,0.0,0.0
/epuck2/cmd_vel,65.751922633,0.0,0.0
/epuck2/cmd_vel,65.831027944,0.0,0.0
/epuck2/cmd_vel,65.870372637,0.0,0.0
/epuck2/cmd_vel,65.925937992,0.0,0.0
/epuck2/cmd_vel,65.963150773,0.0,0.0
/epuck2/cmd_vel,66.021579731,0.0,0.0
/epuck2/cmd_vel,66.07623491,0.0,0.0
/epuck2/cmd_vel,66.149367523,0.0,0.0
/epuck2/cmd_vel,66.185930332,0.0,0.0
/epuck2/cmd_vel,66.240808632,0.0,0.0
/epuck2/cmd_vel,66.278931494,0.0,0.0
/epuck2/cmd_vel,66.355474915,0.0,0.0
/epuck2/cmd_vel,66.3975327,0.0,0.0
/epuck2/cmd_vel,66.453179632,0.0,0.0
/epuck2/cmd_vel,66.488068326,0.0,0.0
/epuck2/cmd_vel,66.545467044,0.0,0.0
/epuck2/cmd_vel,66.588599954,0.0,0.0
/epuck2/cmd_vel,66.669738267,0.0,0.0
/epuck2/cmd_vel,66.710270486,0.0,0.0
/epuck2/cmd_vel,66.763475172,0.0,0.0
/epuck2/cmd_vel,66.800149541,0.0,0.0
/epuck2/cmd_vel,66.862144751,0.0,0.0
/epuck2/cmd_vel,66.914886125,0.0,0.0
/epuck2/cmd_vel,66.988170731,0.0,0.0
/epuck2/cmd_vel,67.024135715,0.0,0.0
/epuck2/cmd_vel,67.077574701,0.0,0.0
/epuck2/cmd_vel,67.116608307,0.0,0.0
/epuck2/cmd_vel,67.178273058,0.0,0.0
/epuck2/cmd_vel,67.243474499,0.0,0.0
/epuck2/cmd_vel,67.300136199,0.0,0.0
/epuck2/cmd_vel,67.33687923,0.0,0.0
/epuck2/cmd_vel,67.392587207,0.0,0.0
/epuck2/cmd_vel,67.432568641,0.0,0.0
/epuck2/cmd_vel,67.507372769,0.0,0.0
/epuck2/cmd_vel,67.558819069,0.0,0.0
/epuck2/cmd_vel,67.617046059,0.0,0.0
/epuck2/cmd_vel,67.654968354,0.0,0.0
/epuck2/cmd_vel,67.710351161,0.0,0.0
/epuck2/cmd_vel,67.750032408,0.0,0.0
/epuck2/cmd_vel,67.83500722,0.0,0.0
/epuck2/cmd_vel,67.877000427,0.0,0.0
/epuck2/cmd_vel,67.931084919,0.0,0.0
/epuck2/cmd_vel,67.968018785,0.0,0.0
/epuck2/cmd_vel,68.027162002,0.0,0.0
/epuck2/cmd_vel,68.082397222,0.0,0.0
/epuck2/cmd_vel,68.141397884,0.0,0.0
/epuck2/cmd_vel,68.178583093,0.0,0.0
/epuck2/cmd_vel,68.235305689,0.0,0.0
/epuck2/cmd_vel,68.27427567,0.0,0.0
/epuck2/cmd_vel,68.350440451,0.0,0.0
/epuck2/cmd_vel,68.389023728,0.0,0.0
/epuck2/cmd_vel,68.445145139,0.0,0.0
/epuck2/cmd_vel,68.482011275,0.0,0.0
/epuck2/cmd_vel,68.542594916,0.0,0.0
/epuck2/cmd_vel,68.598327626,0.0,0.0
/epuck2/cmd_vel,68.658140457,0.0,0.0
/epuck2/cmd_vel,68.695348043,0.0,0.0
/epuck2/cmd_vel,68.751305423,0.0,0.0
/epuck2/cmd_vel,68.792498926,0.0,0.0
/epuck2/cmd_vel,68.872999665,0.0,0.0
/epuck2/cmd_vel,68.908659111,0.0,0.0
/epuck2/cmd_vel,68.965328339,0.0,0.0
/epuck2/cmd_vel,69.002005758,0.0,0.0
/epuck2/cmd_vel,69.077067075,0.0,0.0
/epuck2/cmd_vel,69.118102728,0.0,0.0
/epuck2/cmd_vel,69.177372675,0.0,0.0
/epuck2/cmd_vel,69.212245339,0.0,0.0
/epuck2/cmd_vel,69.270060478,0.0,0.0
/epuck2/cmd_vel,69.326492814,0.0,0.0
/epuck2/cmd_vel,69.385618348,0.0,0.0
/epuck2/cmd_vel,69.422560722,0.0,0.0
/epuck2/cmd_vel,69.477567811,0.0,0.0
/epuck2/cmd_vel,69.520047486,0.0,0.0
/epuck2/cmd_vel,69.595900475,0.0,0.0
/epuck2/cmd_vel,69.63686482,0.0,0.0
/epuck2/cmd_vel,69.687150347,0.0,0.0
/epuck2/cmd_vel,69.724870909,0.0,0.0
/epuck2/cmd_vel,69.783591071,0.0,0.0
/epuck2/cmd_vel,69.847334003,0.0,0.0
/epuck2/cmd_vel,69.905854262,0.0,0.0
/epuck2/cmd_vel,69.942447258,0.0,0.0
/epuck2/cmd_vel,69.998526618,0.0,0.0
/epuck2/cmd_vel,70.040016267,0.0,0.0
/epuck2/cmd_vel,70.116221906,0.0,0.0
/epuck2/cmd_vel,70.153377135,0.0,0.0
/epuck2/cmd_vel,70.208146415,0.0,0.0
/epuck2/cmd_vel,70.245341683,0.0,0.0
/epuck2/cmd_vel,70.326962774,0.0,0.0
/epuck2/cmd_vel,70.368505541,0.0,0.0
/epuck2/cmd_vel,70.425210637,0.0,0.0
/epuck2/cmd_vel,70.460648514,0.0,0.0
/epuck2/cmd_vel,70.518802577,0.0,0.0
/epuck2/cmd_vel,70.574578305,0.0,0.0
/epuck2/cmd_vel,70.633964668,0.0,0.0
/epuck2/cmd_vel,70.670514731,0.0,0.0
/epuck2/cmd_vel,70.725002844,0.0,0.0
/epuck2/cmd_vel,70.761454858,0.0,0.0
/epuck2/cmd_vel,70.84442477,0.0,0.0
/epuck2/cmd_vel,70.883904217,0.0,0.0
/epuck2/cmd_vel,70.937896556,0.0,0.0
/epuck2/cmd_vel,70.976043697,0.0,0.0
/epuck2/cmd_vel,71.03459897,0.0,0.0
/epuck2/cmd_vel,71.094720898,0.0,0.0
/epuck2/cmd_vel,71.152704774,0.0,0.0
/epuck2/cmd_vel,71.189579514,0.0,0.0
/epuck2/cmd_vel,71.248670476,0.0,0.0
/epuck2/cmd_vel,71.286170459,0.0,0.0
/epuck2/cmd_vel,71.364190451,0.0,0.0
/epuck2/cmd_vel,71.398928389,0.0,0.0
/epuck2/cmd_vel,71.455183054,0.0,0.0
/epuck2/cmd_vel,71.491885941,0.0,0.0
/epuck2/cmd_vel,71.571286656,0.0,0.0
/epuck2/cmd_vel,71.613674609,0.0,0.0
/epuck2/cmd_vel,71.669999034,0.0,0.0
/epuck2/cmd_vel,71.705544348,0.0,0.0
/epuck2/cmd_vel,71.759750633,0.0,0.0
/epuck2/cmd_vel,71.819126022,0.0,0.0
/epuck2/cmd_vel,71.881619041,0.0,0.0
/epuck2/cmd_vel,71.917746304,0.0,0.0
/epuck2/cmd_vel,71.970965228,0.0,0.0
/epuck2/cmd_vel,72.00934504,0.0,0.0
/epuck2/cmd_vel,72.084839343,0.0,0.0
/epuck2/cmd_vel,72.135028919,0.0,0.0
/epuck2/cmd_vel,72.19389524,0.0,0.0
/epuck2/cmd_vel,72.228841393,0.0,0.0
/epuck2/cmd_vel,72.285716986,0.0,0.0
/epuck2/cmd_vel,72.328865126,0.0,0.0
/epuck2/cmd_vel,72.407702787,0.0,0.0
/epuck2/cmd_vel,72.446010357,0.0,0.0
/epuck2/cmd_vel,72.500485522,0.0,0.0
/epuck2/cmd_vel,72.538856054,0.0,0.0
/epuck2/cmd_vel,72.616448849,0.0,0.0
/epuck2/cmd_vel,72.657037211,0.0,0.0
/epuck2/cmd_vel,72.714930768,0.0,0.0
/epuck2/cmd_vel,72.750463233,0.0,0.0
/epuck2/cmd_vel,72.808517338,0.0,0.0
/epuck2/cmd_vel,72.860620312,0.0,0.0
/epuck2/cmd_vel,72.920415725,0.0,0.0
/epuck2/cmd_vel,72.956207824,0.0,0.0
/epuck2/cmd_vel,73.012776928,0.0,0.0
/epuck2/cmd_vel,73.05150191,0.0,0.0
/epuck2/cmd_vel,73.127702022,0.0,0.0
/epuck2/cmd_vel,73.17857386,0.0,0.0
/epuck2/cmd_vel,73.239056236,0.0,0.0
/epuck2/cmd_vel,73.274904004,0.0,0.0
/epuck2/cmd_vel,73.330470272,0.0,0.0
/epuck2/cmd_vel,73.372769127,0.0,0.0
/epuck2/cmd_vel,73.44810787,0.0,0.0
/epuck2/cmd_vel,73.485441433,0.0,0.0
/epuck2/cmd_vel,73.539771617,0.0,0.0
/epuck2/cmd_vel,73.576792418,0.0,0.0
/epuck2/cmd_vel,73.639111064,0.0,0.0
/epuck2/cmd_vel,73.702310134,0.0,0.0
/epuck2/cmd_vel,73.761542258,0.0,0.0
/epuck2/cmd_vel,73.79644665,0.0,0.0
/epuck2/cmd_vel,73.85366612,0.0,0.0
/epuck2/cmd_vel,73.892701869,0.0,0.0
/epuck2/cmd_vel,73.970086336,0.0,0.0
/epuck2/cmd_vel,74.02029173,0.0,0.0
/epuck2/cmd_vel,74.077792186,0.0,0.0
/epuck2/cmd_vel,74.11509284,0.0,0.0
/epuck2/cmd_vel,74.168458134,0.0,0.0
/epuck2/cmd_vel,74.21092188,0.0,0.0
/epuck2/cmd_vel,74.293583836,0.0,0.0
/epuck2/cmd_vel,74.334942346,0.0,0.0
/epuck2/cmd_vel,74.388869734,0.0,0.0
/epuck2/cmd_vel,74.425632832,0.0,0.0
/epuck2/cmd_vel,74.482812291,0.0,0.0
/epuck2/cmd_vel,74.524655289,0.0,0.0
/epuck2/cmd_vel,74.609381884,0.0,0.0
/epuck2/cmd_vel,74.64889341,0.0,0.0
/epuck2/cmd_vel,74.703239153,0.0,0.0
/epuck2/cmd_vel,74.738669582,0.0,0.0
/epuck2/cmd_vel,74.801319765,0.0,0.0
/epuck2/cmd_vel,74.855933538,0.0,0.0
/epuck2/cmd_vel,74.927541052,0.0,0.0
/epuck2/cmd_vel,74.96689459,0.0,0.0
/epuck2/cmd_vel,75.015803257,0.0,0.0
/epuck2/cmd_vel,75.05592897,0.0,0.0
/epuck2/cmd_vel,75.119018427,0.0,0.0
/epuck2/cmd_vel,75.1804634,0.0,0.0
/epuck2/cmd_vel,75.24095258,0.0,0.0
/epuck2/cmd_vel,75.277734566,0.0,0.0
/epuck2/cmd_vel,75.332898819,0.0,0.0
/epuck2/cmd_vel,75.369084171,0.0,0.0
/epuck2/cmd_vel,75.445537762,0.0,0.0
/epuck2/cmd_vel,75.496786089,0.0,0.0
/epuck2/cmd_vel,75.555449461,0.0,0.0
/epuck2/cmd_vel,75.592488373,0.0,0.0
/epuck2/cmd_vel,75.647972287,0.0,0.0
/epuck2/cmd_vel,75.687832596,0.0,0.0
/epuck2/cmd_vel,75.772510108,0.0,0.0
/epuck2/cmd_vel,75.812227591,0.0,0.0
/epuck2/cmd_vel,75.868580924,0.0,0.0
/epuck2/cmd_vel,75.905663203,0.0,0.0
/epuck2/cmd_vel,75.964648025,0.0,0.0
/epuck2/cmd_vel,76.005542381,0.0,0.0
/epuck2/cmd_vel,76.087857553,0.0,0.0
/epuck2/cmd_vel,76.129738911,0.0,0.0
/epuck2/cmd_vel,76.181278179,0.0,0.0
/epuck2/cmd_vel,76.219033212,0.0,0.0
/epuck2/cmd_vel,76.27973245,0.0,0.0
/epuck2/cmd_vel,76.338971678,0.0,0.0
/epuck2/cmd_vel,76.394056258,0.0,0.0
/epuck2/cmd_vel,76.429135703,0.0,0.0
/epuck2/cmd_vel,76.490014051,0.0,0.0
/epuck2/cmd_vel,76.525532796,0.0,0.0
/epuck2/cmd_vel,76.596196107,0.0,0.0
/epuck2/cmd_vel,76.633294634,0.0,0.0
/epuck2/cmd_vel,76.686039208,0.0,0.0
/epuck2/cmd_vel,76.723388949,0.0,0.0
/epuck2/cmd_vel,76.788577221,0.0,0.0
/epuck2/cmd_vel,76.856989982,0.0,0.0
/epuck2/cmd_vel,76.914288313,0.0,0.0
/epuck2/cmd_vel,76.953038345,0.0,0.0
/epuck2/cmd_vel,77.005829774,0.0,0.0
/epuck2/cmd_vel,77.045598925,0.0,0.0
/epuck2/cmd_vel,77.125138522,0.0,0.0
/epuck2/cmd_vel,77.162651054,0.0,0.0
/epuck2/cmd_vel,77.219812826,0.0,0.0
/epuck2/cmd_vel,77.253668397,0.0,0.0
/epuck2/cmd_vel,77.314190368,0.0,0.0
/epuck2/cmd_vel,77.376734022,0.0,0.0
/epuck2/cmd_vel,77.435304611,0.0,0.0
/epuck2/cmd_vel,77.469618786,0.0,0.0
/epuck2/cmd_vel,77.527529939,0.0,0.0
/epuck2/cmd_vel,77.566911884,0.0,0.0
/epuck2/cmd_vel,77.647833175,0.0,0.0
/epuck2/cmd_vel,77.683590968,0.0,0.0
/epuck2/cmd_vel,77.735727848,0.0,0.0
/epuck2/cmd_vel,77.772495186,0.0,0.0
/epuck2/cmd_vel,77.854747514,0.0,0.0
/epuck2/cmd_vel,77.89465966,0.0,0.0
/epuck2/cmd_vel,77.951659219,0.0,0.0
/epuck2/cmd_vel,77.989731701,0.0,0.0
/epuck2/cmd_vel,78.04747353,0.0,0.0
/epuck2/cmd_vel,78.098990479,0.0,0.0
/epuck2/cmd_vel,78.160613212,0.0,0.0
/epuck2/cmd_vel,78.195391781,0.0,0.0
/epuck2/cmd_vel,78.249766113,0.0,0.0
/epuck2/cmd_vel,78.290940366,0.0,0.0
/epuck2/cmd_vel,78.367928475,0.0,0.0
/epuck2/cmd_vel,78.409460288,0.0,0.0
/epuck2/cmd_vel,78.460126811,0.0,0.0
/epuck2/cmd_vel,78.498567222,0.0,0.0
/epuck2/cmd_vel,78.557524215,0.0,0.0
/epuck2/cmd_vel,78.611144242,0.0,0.0
/epuck2/cmd_vel,78.681645532,0.0,0.0
/epuck2/cmd_vel,78.719788708,0.0,0.0
/epuck2/cmd_vel,78.77521398,0.0,0.0
/epuck2/cmd_vel,78.81245578,0.0,0.0
/epuck2/cmd_vel,78.875738182,0.0,0.0
/epuck2/cmd_vel,78.938681455,0.0,0.0
/epuck2/cmd_vel,78.999584849,0.0,0.0
/epuck2/cmd_vel,79.037507607,0.0,0.0
/epuck2/cmd_vel,79.089511852,0.0,0.0
/epuck2/cmd_vel,79.132015326,0.0,0.0
/epuck2/cmd_vel,79.200592844,0.0,0.0
/epuck2/cmd_vel,79.252429639,0.0,0.0
/epuck2/cmd_vel,79.310127248,0.0,0.0
/epuck2/cmd_vel,79.348406014,0.0,0.0
/epuck2/cmd_vel,79.405906581,0.0,0.0
/epuck2/cmd_vel,79.443615161,0.0,0.0
/epuck2/cmd_vel,79.52608885,0.0,0.0
