topic,time_s,linear_mps,angular_rps
/epuck1/cmd_vel,17.203937834,0.0,0.0
/epuck1/cmd_vel,17.254450473,0.0,0.0
/epuck1/cmd_vel,17.295861006,0.0,0.0
/epuck1/cmd_vel,17.351514221,0.0,0.0
/epuck1/cmd_vel,17.3877103,0.0,0.0
/epuck1/cmd_vel,17.447727279,0.0,0.0
/epuck1/cmd_vel,17.502679656,0.0,0.0
/epuck1/cmd_vel,17.558904323,0.0,0.0
/epuck1/cmd_vel,17.596674193,0.0,0.0
/epuck1/cmd_vel,17.651402941,0.0,0.0
/epuck1/cmd_vel,17.692122718,0.0,0.0
/epuck1/cmd_vel,17.770036321,0.0,0.0
/epuck1/cmd_vel,17.809124205,0.0,0.0
/epuck1/cmd_vel,17.863252149,0.0,0.0
/epuck1/cmd_vel,17.89944124,0.0,0.0
/epuck1/cmd_vel,17.965711499,0.0,0.0
/epuck1/cmd_vel,18.034196415,0.0,0.0
/epuck1/cmd_vel,18.092088671,0.0,0.0
/epuck1/cmd_vel,18.128420395,0.0,0.0
/epuck1/cmd_vel,18.187942859,0.0,0.0
/epuck1/cmd_vel,18.228115434,0.0,0.0
/epuck1/cmd_vel,18.308100745,0.0,0.0
/epuck1/cmd_vel,18.367793896,0.0,0.0
/epuck1/cmd_vel,18.405690548,0.0,0.0
/epuck1/cmd_vel,18.440188836,0.0,0.0
/epuck1/cmd_vel,18.497660564,0.0,0.0
/epuck1/cmd_vel,18.546282732,0.0,0.0
/epuck1/cmd_vel,18.602176157,0.0,0.0
/epuck1/cmd_vel,18.643374749,0.0,0.0
/epuck1/cmd_vel,18.700086771,0.0,0.0
/epuck1/cmd_vel,18.747565038,0.0,0.0
/epuck1/cmd_vel,18.808441218,0.0,0.0
/epuck1/cmd_vel,18.863462343,0.0,0.0
/epuck1/cmd_vel,18.898656754,0.0,0.0
/epuck1/cmd_vel,18.936781174,0.0,0.0
/epuck1/cmd_vel,19.014385632,0.0,0.0
/epuck1/cmd_vel,19.05537935,0.0,0.0
/epuck1/cmd_vel,19.111696971,0.0,0.0
/epuck1/cmd_vel,19.148212101,0.0,0.0
/epuck1/cmd_vel,19.2055965,0.0,0.0
/epuck1/cmd_vel,19.24781977,0.0,0.0
/epuck1/cmd_vel,19.327349696,0.0,0.0
/epuck1/cmd_vel,19.385676319,0.0,0.0
/epuck1/cmd_vel,19.423327489,0.0,0.0
/epuck1/cmd_vel,19.458336118,0.0,0.0
/epuck1/cmd_vel,19.520758589,0.0,0.0
/epuck1/cmd_vel,19.575139665,0.0,0.0
/epuck1/cmd_vel,19.634024776,0.0,0.0
/epuck1/cmd_vel,19.669199874,0.0,0.0
/epuck1/cmd_vel,19.723867878,0.0,0.0
/epuck1/cmd_vel,19.764904909,0.0,0.0
/epuck1/cmd_vel,19.846359705,0.0,0.0
/epuck1/cmd_vel,19.90115256,0.0,0.0
/epuck1/cmd_vel,19.938325984,0.0,0.0
/epuck1/cmd_vel,19.975424523,0.0,0.0
/epuck1/cmd_vel,20.052212394,0.0,0.0
/epuck1/cmd_vel,20.092767486,0.0,0.0
/epuck1/cmd_vel,20.150952502,0.0,0.0
/epuck1/cmd_vel,20.185710217,0.0,0.0
/epuck1/cmd_vel,20.244888222,0.0,0.0
/epuck1/cmd_vel,20.30171682,0.0,0.0
/epuck1/cmd_vel,20.36096787,0.0,0.0
/epuck1/cmd_vel,20.411784149,0.0,0.0
/epuck1/cmd_vel,20.449876875,0.0,0.0
/epuck1/cmd_vel,20.491712644,0.0,0.0
/epuck1/cmd_vel,20.569311093,0.0,0.0
/epuck1/cmd_vel,20.607438545,0.0,0.0
/epuck1/cmd_vel,20.661692117,0.0,0.0
/epuck1/cmd_vel,20.700729934,0.0,0.0
/epuck1/cmd_vel,20.761599044,0.0,0.0
/epuck1/cmd_vel,20.817643111,0.0,0.0
/epuck1/cmd_vel,20.87750107,0.0,0.0
/epuck1/cmd_vel,20.93110682,0.0,0.0
/epuck1/cmd_vel,20.96866027,0.0,0.0
/epuck1/cmd_vel,21.008840076,0.0,0.0
/epuck1/cmd_vel,21.089583681,0.0,0.0
/epuck1/cmd_vel,21.124773797,0.0,0.0
/epuck1/cmd_vel,21.17912646,0.0,0.0
/epuck1/cmd_vel,21.217839138,0.0,0.0
/epuck1/cmd_vel,21.293444332,0.0,0.0
/epuck1/cmd_vel,21.335264865,0.0,0.0
/epuck1/cmd_vel,21.393174989,0.0,0.0
/epuck1/cmd_vel,21.446453244,0.0,0.0
/epuck1/cmd_vel,21.486254489,0.0,0.0
/epuck1/cmd_vel,21.545741275,0.0,0.0
/epuck1/cmd_vel,21.603825797,0.0,0.0
/epuck1/cmd_vel,21.642701406,0.0,0.0
/epuck1/cmd_vel,21.696383698,0.0,0.0
/epuck1/cmd_vel,21.73593586,0.0,0.0
/epuck1/cmd_vel,21.815921845,0.0,0.0
/epuck1/cmd_vel,21.855063987,0.0,0.0
/epuck1/cmd_vel,21.908752461,0.0,0.0
/epuck1/cmd_vel,21.963264566,0.0,0.0
/epuck1/cmd_vel,22.004517443,0.0,0.0
/epuck1/cmd_vel,22.063403933,0.0,0.0
/epuck1/cmd_vel,22.121046433,0.0,0.0
/epuck1/cmd_vel,22.159048304,0.0,0.0
/epuck1/cmd_vel,22.216327687,0.0,0.0
/epuck1/cmd_vel,22.255782725,0.0,0.0
/epuck1/cmd_vel,22.334639959,0.0,0.0
/epuck1/cmd_vel,22.371597445,0.0,0.0
/epuck1/cmd_vel,22.426009877,0.0030000000000001137,0.0
/epuck1/cmd_vel,22.482381667,0.006000000000000227,0.0
/epuck1/cmd_vel,22.543201491,0.00799999999999983,0.0
/epuck1/cmd_vel,22.584337417,0.010000000000000142,0.0
/epuck1/cmd_vel,22.641938739,0.013000000000000256,0.0
/epuck1/cmd_vel,22.678156033,0.014999999999999859,0.0
/epuck1/cmd_vel,22.734846372,0.017999999999999974,0.0
/epuck1/cmd_vel,22.79225796,0.02000000000000029,0.0
/epuck1/cmd_vel,22.850637263,0.02299999999999969,0.0
/epuck1/cmd_vel,22.888138228,0.025,0.0
/epuck1/cmd_vel,22.942377045,0.025,0.0
/epuck1/cmd_vel,22.980476259,0.025,0.0
/epuck1/cmd_vel,23.059017486,0.025,0.0
/epuck1/cmd_vel,23.101748765,0.025,0.0
/epuck1/cmd_vel,23.155363298,0.025,0.0
/epuck1/cmd_vel,23.191061789,0.025,0.0
/epuck1/cmd_vel,23.253638978,0.025,0.0
/epuck1/cmd_vel,23.30919295,0.025,0.0
/epuck1/cmd_vel,23.366239136,0.025,0.0
/epuck1/cmd_vel,23.403186191,0.025,0.0
/epuck1/cmd_vel,23.456809995,0.025,0.0
/epuck1/cmd_vel,23.496859017,0.025,0.0
/epuck1/cmd_vel,23.582550072,0.025,0.0
/epuck1/cmd_vel,23.621810517,0.025,0.0
/epuck1/cmd_vel,23.679544789,0.025,0.0
/epuck1/cmd_vel,23.713798321,0.025,0.0
/epuck1/cmd_vel,23.776356269,0.025,0.0
/epuck1/cmd_vel,23.814723958,0.025,0.0
/epuck1/cmd_vel,23.898935958,0.025,0.0
/epuck1/cmd_vel,23.939593775,0.025,0.0
/epuck1/cmd_vel,23.993502111,0.025,0.0
/epuck1/cmd_vel,24.031194074,0.025,0.0
/epuck1/cmd_vel,24.089836484,0.025,0.0
/epuck1/cmd_vel,24.138063831,0.025,0.0
/epuck1/cmd_vel,24.210803295,0.025,0.0
/epuck1/cmd_vel,24.247155682,0.025,0.0
/epuck1/cmd_vel,24.301504629,0.025,0.0
/epuck1/cmd_vel,24.340574946,0.025,0.0
/epuck1/cmd_vel,24.405555872,0.025,0.0
/epuck1/cmd_vel,24.459018413,0.025,0.0
/epuck1/cmd_vel,24.51461712,0.025,0.0
/epuck1/cmd_vel,24.550993032,0.025,0.0
/epuck1/cmd_vel,24.607226936,0.025,0.0
/epuck1/cmd_vel,24.647278061,0.025,0.0
/epuck1/cmd_vel,24.733110645,0.025,0.0
/epuck1/cmd_vel,24.773155291,0.025,0.0
/epuck1/cmd_vel,24.828550838,0.025,0.0
/epuck1/cmd_vel,24.863774982,0.025,0.0
/epuck1/cmd_vel,24.921949766,0.025,0.0
/epuck1/cmd_vel,24.963945993,0.025,0.0
/epuck1/cmd_vel,25.04765125,0.0,-0.18000000000000682
/epuck1/cmd_vel,25.088434524,0.0,-0.29999999999998295
/epuck1/cmd_vel,25.141920563,0.0,-0.45
/epuck1/cmd_vel,25.179230132,0.0,-0.45
/epuck1/cmd_vel,25.239755187,0.0,-0.45
/epuck1/cmd_vel,25.29054362,0.0,-0.45
/epuck1/cmd_vel,25.348900363,0.0,-0.45
/epuck1/cmd_vel,25.385275044,0.0,-0.45
/epuck1/cmd_vel,25.441258734,0.0,-0.45
/epuck1/cmd_vel,25.481517997,0.0,-0.45
/epuck1/cmd_vel,25.560505058,0.0,-0.45
/epuck1/cmd_vel,25.598401735,0.0,-0.45
/epuck1/cmd_vel,25.654126559,0.0,-0.45
/epuck1/cmd_vel,25.689563961,0.0,-0.45
/epuck1/cmd_vel,25.767658398,0.0,-0.45
/epuck1/cmd_vel,25.807046668,0.0,-0.45
/epuck1/cmd_vel,25.862924499,0.0,-0.45
/epuck1/cmd_vel,25.900074881,0.0,-0.45
/epuck1/cmd_vel,25.959169498,0.0,-0.45
/epuck1/cmd_vel,26.014540286,0.0,-0.45
/epuck1/cmd_vel,26.075542981,0.0,-0.45
/epuck1/cmd_vel,26.111495928,0.0,-0.45
/epuck1/cmd_vel,26.166425366,0.0,-0.45
/epuck1/cmd_vel,26.203151474,0.0,-0.45
/epuck1/cmd_vel,26.280518138,0.0,-0.45
/epuck1/cmd_vel,26.331834937,0.0,-0.45
/epuck1/cmd_vel,26.39087707,0.0,-0.45
/epuck1/cmd_vel,26.426482558,0.0,-0.45
/epuck1/cmd_vel,26.481008719,0.0,-0.45
/epuck1/cmd_vel,26.522243424,0.0,-0.45
/epuck1/cmd_vel,26.604237892,0.0,-0.45
/epuck1/cmd_vel,26.642188679,0.0,-0.45
/epuck1/cmd_vel,26.696869034,0.0,-0.45
/epuck1/cmd_vel,26.735591587,0.0,-0.45
/epuck1/cmd_vel,26.814629264,0.0,-0.45
/epuck1/cmd_vel,26.852475793,0.0,-0.45
/epuck1/cmd_vel,26.908998698,0.0,-0.45
/epuck1/cmd_vel,26.945041338,0.0,-0.45
/epuck1/cmd_vel,27.001197649,0.0,-0.45
/epuck1/cmd_vel,27.059079702,0.0,-0.45
/epuck1/cmd_vel,27.120699781,0.0,-0.45
/epuck1/cmd_vel,27.158239613,0.0,-0.45
/epuck1/cmd_vel,27.213781674,0.0,-0.20999999999999092
/epuck1/cmd_vel,27.251634263,0.0020000000000003127,-0.049999999999965905
/epuck1/cmd_vel,27.327446982,0.005000000000000426,0.0
/epuck1/cmd_vel,27.366799367,0.007000000000000029,0.0
/epuck1/cmd_vel,27.420368112,0.01,0.0
/epuck1/cmd_vel,27.459225847,0.01,0.0
/epuck1/cmd_vel,27.518715037,0.01,0.0
/epuck1/cmd_vel,27.578266319,0.01,0.0
/epuck1/cmd_vel,27.635087312,0.01,0.0
/epuck1/cmd_vel,27.671781766,0.01,0.0
/epuck1/cmd_vel,27.728971728,0.01,0.0
/epuck1/cmd_vel,27.769296767,0.01,0.0
/epuck1/cmd_vel,27.850928668,0.01,0.0
/epuck1/cmd_vel,27.886702992,0.01,0.0
/epuck1/cmd_vel,27.944255929,0.01,0.0
/epuck1/cmd_vel,27.980841936,0.01,0.0
/epuck1/cmd_vel,28.056064411,0.01,0.0
/epuck1/cmd_vel,28.097476089,0.01,0.0
/epuck1/cmd_vel,28.155237645,0.01,0.0
/epuck1/cmd_vel,28.188514748,0.01,0.0
/epuck1/cmd_vel,28.248819699,0.01,0.0
/epuck1/cmd_vel,28.306965854,0.01,0.0
/epuck1/cmd_vel,28.367013375,0.01,0.0
/epuck1/cmd_vel,28.407049807,0.01,0.0
/epuck1/cmd_vel,28.459673049,0.01,0.0
/epuck1/cmd_vel,28.499949369,0.01,0.0
/epuck1/cmd_vel,28.573338846,0.01,0.0
/epuck1/cmd_vel,28.614835537,0.01,0.0
/epuck1/cmd_vel,28.668448431,0.01,0.0
/epuck1/cmd_vel,28.703123603,0.01,0.0
/epuck1/cmd_vel,28.764921502,0.01,0.0
/epuck1/cmd_vel,28.812920591,0.01,0.0
/epuck1/cmd_vel,28.886963457,0.01,0.0
/epuck1/cmd_vel,28.925619061,0.01,0.0
/epuck1/cmd_vel,28.979694182,0.01,0.0
/epuck1/cmd_vel,29.01693949,0.01,0.0
/epuck1/cmd_vel,29.084222623,0.01,0.0
/epuck1/cmd_vel,29.126235182,0.01,0.0
/epuck1/cmd_vel,29.183134347,0.01,0.0
/epuck1/cmd_vel,29.216800551,0.01,0.0
/epuck1/cmd_vel,29.275810144,0.01,0.0
/epuck1/cmd_vel,29.329573292,0.01,0.0
/epuck1/cmd_vel,29.392479866,0.01,0.0
/epuck1/cmd_vel,29.42854636,0.01,0.0
/epuck1/cmd_vel,29.483194854,0.01,0.0
/epuck1/cmd_vel,29.523035242,0.01,0.0
/epuck1/cmd_vel,29.602300774,0.01,0.0
/epuck1/cmd_vel,29.642164502,0.01,0.0
/epuck1/cmd_vel,29.697792803,0.01,0.0
/epuck1/cmd_vel,29.735081087,0.01,0.0
/epuck1/cmd_vel,29.794225736,0.01,0.0
/epuck1/cmd_vel,29.854683144,0.01,0.0
/epuck1/cmd_vel,29.911282073,0.01,0.0
/epuck1/cmd_vel,29.947194937,0.01,0.0
/epuck1/cmd_vel,30.005635492,0.01,0.0
/epuck1/cmd_vel,30.04587383,0.01,0.0
/epuck1/cmd_vel,30.121598372,0.01,0.0
/epuck1/cmd_vel,30.15883426,0.01,0.0
/epuck1/cmd_vel,30.210637048,0.01,0.0
/epuck1/cmd_vel,30.249871178,0.01,0.0
/epuck1/cmd_vel,30.312579817,0.01,0.0
/epuck1/cmd_vel,30.373502964,0.01,0.0
/epuck1/cmd_vel,30.435150042,0.01,0.0
/epuck1/cmd_vel,30.470157183,0.01,0.0
/epuck1/cmd_vel,30.525308129,0.01,0.0
/epuck1/cmd_vel,30.564518919,0.01,0.0
/epuck1/cmd_vel,30.639119362,0.01,0.0
/epuck1/cmd_vel,30.690281105,0.01,0.0
/epuck1/cmd_vel,30.749140679,0.01,0.0
/epuck1/cmd_vel,30.784249856,0.01,0.0
/epuck1/cmd_vel,30.839878868,0.01,0.0
/epuck1/cmd_vel,30.880658708,0.01,0.0
/epuck1/cmd_vel,30.964190699,0.01,0.0
/epuck1/cmd_vel,31.004005686,0.01,0.0
/epuck1/cmd_vel,31.059722231,0.01,0.0
/epuck1/cmd_vel,31.096272447,0.01,0.0
/epuck1/cmd_vel,31.152593912,0.01,0.0
/epuck1/cmd_vel,31.197189509,0.01,0.0
/epuck1/cmd_vel,31.27920904,0.01,0.0
/epuck1/cmd_vel,31.31808119,0.01,0.0
/epuck1/cmd_vel,31.374271298,0.01,0.0
/epuck1/cmd_vel,31.409021217,0.01,0.0
/epuck1/cmd_vel,31.468935496,0.01,0.0
/epuck1/cmd_vel,31.523770644,0.01,0.0
/epuck1/cmd_vel,31.5943352,0.01,0.0
/epuck1/cmd_vel,31.631751951,0.01,0.0
/epuck1/cmd_vel,31.685776517,0.01,0.0
/epuck1/cmd_vel,31.724415077,0.01,0.0
/epuck1/cmd_vel,31.786455601,0.01,0.0
/epuck1/cmd_vel,31.850059043,0.01,0.0
/epuck1/cmd_vel,31.911683155,0.01,0.0
/epuck1/cmd_vel,31.949040589,0.01,0.0
/epuck1/cmd_vel,32.002989277,0.01,0.0
/epuck1/cmd_vel,32.042164265,0.01,0.0
/epuck1/cmd_vel,32.115306387,0.01,0.0
/epuck1/cmd_vel,32.165302609,0.01,0.0
/epuck1/cmd_vel,32.224515601,0.01,0.0
/epuck1/cmd_vel,32.259052732,0.01,0.0
/epuck1/cmd_vel,32.316003895,0.01,0.0
/epuck1/cmd_vel,32.357746504,0.01,0.0
/epuck1/cmd_vel,32.443314226,0.01,0.0
/epuck1/cmd_vel,32.482714718,0.01,0.0
/epuck1/cmd_vel,32.539043923,0.01,0.0
/epuck1/cmd_vel,32.574679254,0.01,0.0
/epuck1/cmd_vel,32.632948637,0.01,0.0
/epuck1/cmd_vel,32.675771196,0.01,0.0
/epuck1/cmd_vel,32.772364414,0.01,0.0
/epuck1/cmd_vel,32.812735643,0.01,0.0
/epuck1/cmd_vel,32.865064109,0.01,0.0
/epuck1/cmd_vel,32.900324231,0.01,0.0
/epuck1/cmd_vel,32.96355186,0.01,0.0
/epuck1/cmd_vel,33.019739237,0.01,0.0
/epuck1/cmd_vel,33.078404263,0.01,0.0
/epuck1/cmd_vel,33.114899836,0.01,0.0
/epuck1/cmd_vel,33.170954792,0.01,0.0
/epuck1/cmd_vel,33.215463666,0.01,0.0
/epuck1/cmd_vel,33.295136734,0.01,0.0
/epuck1/cmd_vel,33.334178993,0.01,0.0
/epuck1/cmd_vel,33.387208043,0.01,0.0
/epuck1/cmd_vel,33.426121414,0.01,0.0
/epuck1/cmd_vel,33.504379735,0.01,0.0
/epuck1/cmd_vel,33.545667402,0.01,0.0
/epuck1/cmd_vel,33.604558513,0.01,0.0
/epuck1/cmd_vel,33.639539317,0.01,0.0
/epuck1/cmd_vel,33.698227254,0.01,0.0
/epuck1/cmd_vel,33.753936118,0.01,0.0
/epuck1/cmd_vel,33.815225749,0.01,0.0
/epuck1/cmd_vel,33.851971933,0.01,0.0
/epuck1/cmd_vel,33.907736006,0.01,0.0
/epuck1/cmd_vel,33.950228102,0.01,0.0
/epuck1/cmd_vel,34.027864043,0.01,0.0
/epuck1/cmd_vel,34.066972006,0.01,0.0
/epuck1/cmd_vel,34.122541439,0.01,0.0
/epuck1/cmd_vel,34.159824997,0.01,0.0
/epuck1/cmd_vel,34.219606194,0.01,0.0
/epuck1/cmd_vel,34.283410193,0.01,0.0
/epuck1/cmd_vel,34.341016072,0.01,0.0
/epuck1/cmd_vel,34.376901822,0.01,0.0
/epuck1/cmd_vel,34.434222596,0.01,0.0
/epuck1/cmd_vel,34.476298304,0.01,0.0
/epuck1/cmd_vel,34.552149546,0.01,0.0
/epuck1/cmd_vel,34.591386405,0.01,0.0
/epuck1/cmd_vel,34.648343669,0.01,0.0
/epuck1/cmd_vel,34.68899708,0.01,0.0
/epuck1/cmd_vel,34.766184654,0.01,0.0
/epuck1/cmd_vel,34.807907332,0.01,0.0
/epuck1/cmd_vel,34.865529134,0.01,0.0
/epuck1/cmd_vel,34.902256088,0.01,0.0
/epuck1/cmd_vel,34.961216319,0.01,0.0
/epuck1/cmd_vel,35.014749983,0.01,0.0
/epuck1/cmd_vel,35.077412083,0.01,0.0
/epuck1/cmd_vel,35.114915882,0.01,0.0
/epuck1/cmd_vel,35.170758276,0.01,0.0
/epuck1/cmd_vel,35.210527225,0.01,0.0
/epuck1/cmd_vel,35.286842021,0.01,0.0
/epuck1/cmd_vel,35.325588301,0.01,0.0
/epuck1/cmd_vel,35.380250816,0.01,0.0
/epuck1/cmd_vel,35.416299267,0.01,0.0
/epuck1/cmd_vel,35.478847133,0.01,0.0
/epuck1/cmd_vel,35.534515509,0.01,0.0
/epuck1/cmd_vel,35.594512691,0.01,0.0
/epuck1/cmd_vel,35.628688413,0.01,0.0
/epuck1/cmd_vel,35.685468833,0.01,0.0
/epuck1/cmd_vel,35.724785577,0.01,0.0
/epuck1/cmd_vel,35.80400966,0.01,0.0
/epuck1/cmd_vel,35.843575102,0.01,0.0
/epuck1/cmd_vel,35.897927525,0.01,0.0
/epuck1/cmd_vel,35.936319143,0.01,0.0
/epuck1/cmd_vel,35.996743735,0.01,0.0
/epuck1/cmd_vel,36.055605281,0.01,0.0
/epuck1/cmd_vel,36.113689526,0.01,0.0
/epuck1/cmd_vel,36.150335565,0.01,0.0
/epuck1/cmd_vel,36.209464622,0.01,0.0
/epuck1/cmd_vel,36.248696605,0.01,0.0
/epuck1/cmd_vel,36.328522958,0.01,0.0
/epuck1/cmd_vel,36.365747349,0.01,0.0
/epuck1/cmd_vel,36.422349877,0.01,0.0
/epuck1/cmd_vel,36.460842358,0.01,0.0
/epuck1/cmd_vel,36.537736039,0.01,0.0
/epuck1/cmd_vel,36.576940376,0.01,0.0
/epuck1/cmd_vel,36.635461325,0.01,0.0
/epuck1/cmd_vel,36.670772522,0.01,0.0
/epuck1/cmd_vel,36.729026462,0.01,0.0
/epuck1/cmd_vel,36.787278693,0.01,0.0
/epuck1/cmd_vel,36.847645581,0.01,0.0
/epuck1/cmd_vel,36.885094557,0.01,0.0
/epuck1/cmd_vel,36.93838398,0.01,0.0
/epuck1/cmd_vel,36.980795965,0.01,0.0
/epuck1/cmd_vel,37.057439812,0.01,0.0
/epuck1/cmd_vel,37.097406517,0.01,0.0
/epuck1/cmd_vel,37.153904448,0.01,0.0
/epuck1/cmd_vel,37.190081687,0.01,0.0
/epuck1/cmd_vel,37.248459739,0.01,0.0
/epuck1/cmd_vel,37.302247408,0.01,0.0
/epuck1/cmd_vel,37.376855098,0.01,0.0
/epuck1/cmd_vel,37.412390298,0.01,0.0
/epuck1/cmd_vel,37.466862186,0.01,0.0
/epuck1/cmd_vel,37.503297225,0.01,0.0
/epuck1/cmd_vel,37.569308542,0.01,0.0
/epuck1/cmd_vel,37.633602934,0.01,0.0
/epuck1/cmd_vel,37.694456045,0.01,0.0
/epuck1/cmd_vel,37.732195047,0.01,0.0
/epuck1/cmd_vel,37.786383123,0.01,0.0
/epuck1/cmd_vel,37.825826898,0.01,0.0
/epuck1/cmd_vel,37.902929231,0.01,0.0
/epuck1/cmd_vel,37.952220697,0.01,0.0
/epuck1/cmd_vel,38.011479635,0.01,0.0
/epuck1/cmd_vel,38.049758373,0.01,0.0
/epuck1/cmd_vel,38.105374884,0.01,0.0
/epuck1/cmd_vel,38.14709256,0.01,0.0
/epuck1/cmd_vel,38.229203731,0.01,0.0
/epuck1/cmd_vel,38.262783869,0.01,0.0
/epuck1/cmd_vel,38.318044175,0.01,0.0
/epuck1/cmd_vel,38.354573593,0.01,0.0
/epuck1/cmd_vel,38.438413916,0.01,0.0
/epuck1/cmd_vel,38.478657102,0.01,0.0
/epuck1/cmd_vel,38.535662312,0.01,0.0
/epuck1/cmd_vel,38.572208287,0.01,0.0
/epuck1/cmd_vel,38.631392271,0.01,0.0
/epuck1/cmd_vel,38.68663,0.01,0.0
/epuck1/cmd_vel,38.745968807,0.01,0.0
/epuck1/cmd_vel,38.78322358,0.01,0.0
/epuck1/cmd_vel,38.835708795,0.01,0.0
/epuck1/cmd_vel,38.874991731,0.01,0.0
/epuck1/cmd_vel,38.951231187,0.01,0.0
/epuck1/cmd_vel,39.000392244,0.01,0.0
/epuck1/cmd_vel,39.059066239,0.01,0.0
/epuck1/cmd_vel,39.097396919,0.01,0.0
/epuck1/cmd_vel,39.153508624,0.01,0.0
/epuck1/cmd_vel,39.193898881,0.01,0.0
/epuck1/cmd_vel,39.280694701,0.01,0.0
/epuck1/cmd_vel,39.323899708,0.01,0.0
/epuck1/cmd_vel,39.378254025,0.01,0.0
/epuck1/cmd_vel,39.415959171,0.01,0.0
/epuck1/cmd_vel,39.476081648,0.01,0.0
/epuck1/cmd_vel,39.529557571,0.01,0.0
/epuck1/cmd_vel,39.59154582,0.01,0.0
/epuck1/cmd_vel,39.628554648,0.01,0.0
/epuck1/cmd_vel,39.681914769,0.01,0.0
/epuck1/cmd_vel,39.720072698,0.01,0.0
/epuck1/cmd_vel,39.794888138,0.01,0.0
/epuck1/cmd_vel,39.849226412,0.01,0.0
/epuck1/cmd_vel,39.90607053,0.01,0.0
/epuck1/cmd_vel,39.941043535,0.01,0.0
/epuck1/cmd_vel,40.000284878,0.01,0.0
/epuck1/cmd_vel,40.038748647,0.01,0.0
/epuck1/cmd_vel,40.121827979,0.01,0.0
/epuck1/cmd_vel,40.16381466,0.01,0.0
/epuck1/cmd_vel,40.219139229,0.01,0.0
/epuck1/cmd_vel,40.256749548,0.01,0.0
/epuck1/cmd_vel,40.316075253,0.01,0.0
/epuck1/cmd_vel,40.356585179,0.01,0.0
/epuck1/cmd_vel,40.438519197,0.01,0.0
/epuck1/cmd_vel,40.47805033,0.01,0.0
/epuck1/cmd_vel,40.534768894,0.01,0.0
/epuck1/cmd_vel,40.569496038,0.01,0.0
/epuck1/cmd_vel,40.628517355,0.01,0.0
/epuck1/cmd_vel,40.686013724,0.01,0.0
/epuck1/cmd_vel,40.744593587,0.01,0.0
/epuck1/cmd_vel,40.781601641,0.01,0.0
/epuck1/cmd_vel,40.836228962,0.01,0.0
/epuck1/cmd_vel,40.87789342,0.01,0.0
/epuck1/cmd_vel,40.956185577,0.01,0.0
/epuck1/cmd_vel,40.993445303,0.01,0.0
/epuck1/cmd_vel,41.048013721,0.01,0.0
/epuck1/cmd_vel,41.084699779,0.01,0.0
/epuck1/cmd_vel,41.162768186,0.01,0.0
/epuck1/cmd_vel,41.20425868,0.01,0.0
/epuck1/cmd_vel,41.260399606,0.01,0.0
/epuck1/cmd_vel,41.296027245,0.01,0.0
/epuck1/cmd_vel,41.353255327,0.01,0.0
/epuck1/cmd_vel,41.411295498,0.01,0.0
/epuck1/cmd_vel,41.471038149,0.01,0.0
/epuck1/cmd_vel,41.509253055,0.01,0.0
/epuck1/cmd_vel,41.56485596,0.01,0.0
/epuck1/cmd_vel,41.605673953,0.01,0.0
/epuck1/cmd_vel,41.679919538,0.01,0.0
/epuck1/cmd_vel,41.71872884,0.01,0.0
/epuck1/cmd_vel,41.77360437,0.01,0.0
/epuck1/cmd_vel,41.81073272,0.01,0.0
/epuck1/cmd_vel,41.870814326,0.01,0.0
/epuck1/cmd_vel,41.921190127,0.01,0.0
/epuck1/cmd_vel,41.994860734,0.01,0.0
/epuck1/cmd_vel,42.035520175,0.01,0.0
/epuck1/cmd_vel,42.087818861,0.01,0.0
/epuck1/cmd_vel,42.12486594,0.01,0.0
/epuck1/cmd_vel,42.186985679,0.01,0.0
/epuck1/cmd_vel,42.249097111,0.01,0.0
/epuck1/cmd_vel,42.311313629,0.01,0.0
/epuck1/cmd_vel,42.346771505,0.01,0.0
/epuck1/cmd_vel,42.402607791,0.01,0.0
/epuck1/cmd_vel,42.443667961,0.01,0.0
/epuck1/cmd_vel,42.514501546,0.01,0.0
/epuck1/cmd_vel,42.565990467,0.01,0.0
/epuck1/cmd_vel,42.62507802,0.01,0.0
/epuck1/cmd_vel,42.661139891,0.01,0.0
/epuck1/cmd_vel,42.71690612,0.01,0.0
/epuck1/cmd_vel,42.757764624,0.01,0.0
/epuck1/cmd_vel,42.844555194,0.01,0.0
/epuck1/cmd_vel,42.885768689,0.01,0.0
/epuck1/cmd_vel,42.940258678,0.01,0.0
/epuck1/cmd_vel,42.97668346,0.01,0.0
/epuck1/cmd_vel,43.036153745,0.01,0.0
/epuck1/cmd_vel,43.091507428,0.01,0.0
/epuck1/cmd_vel,43.155059901,0.01,0.0
/epuck1/cmd_vel,43.190804935,0.01,0.0
/epuck1/cmd_vel,43.245379834,0.01,0.0
/epuck1/cmd_vel,43.285060903,0.01,0.0
/epuck1/cmd_vel,43.362449321,0.01,0.0
/epuck1/cmd_vel,43.404477446,0.01,0.0
/epuck1/cmd_vel,43.456327252,0.01,0.0
/epuck1/cmd_vel,43.493650461,0.01,0.0
/epuck1/cmd_vel,43.553874721,0.01,0.0
/epuck1/cmd_vel,43.610309098,0.01,0.0
/epuck1/cmd_vel,43.66903091,0.01,0.0
/epuck1/cmd_vel,43.705233411,0.01,0.0
/epuck1/cmd_vel,43.762382049,0.01,0.0
/epuck1/cmd_vel,43.802506679,0.01,0.0
/epuck1/cmd_vel,43.890933923,0.01,0.0
/epuck1/cmd_vel,43.931468774,0.01,0.0
/epuck1/cmd_vel,43.98777025,0.01,0.0
/epuck1/cmd_vel,44.023289737,0.01,0.0
/epuck1/cmd_vel,44.08230162,0.01,0.0
/epuck1/cmd_vel,44.126461711,0.01,0.0
/epuck1/cmd_vel,44.207450344,0.01,0.0
/epuck1/cmd_vel,44.247232884,0.01,0.0
/epuck1/cmd_vel,44.300766055,0.01,0.0
/epuck1/cmd_vel,44.341229772,0.01,0.0
/epuck1/cmd_vel,44.403896531,0.01,0.0
/epuck1/cmd_vel,44.444175655,0.01,0.0
/epuck1/cmd_vel,44.504767784,0.01,0.0
/epuck1/cmd_vel,44.5481896,0.01,0.0
/epuck1/cmd_vel,44.620029945,0.01,0.0
/epuck1/cmd_vel,44.657261673,0.01,0.0
/epuck1/cmd_vel,44.711608916,0.01,0.0
/epuck1/cmd_vel,44.747939275,0.01,0.0
/epuck1/cmd_vel,44.816211942,0.01,0.0
/epuck1/cmd_vel,44.867503389,0.01,0.0
/epuck1/cmd_vel,44.926086787,0.01,0.0
/epuck1/cmd_vel,44.961129905,0.01,0.0
/epuck1/cmd_vel,45.016876786,0.01,0.0
/epuck1/cmd_vel,45.056441985,0.01,0.0
/epuck1/cmd_vel,45.141961904,0.01,0.0
/epuck1/cmd_vel,45.182776963,0.01,0.0
/epuck1/cmd_vel,45.237492102,0.01,0.0
/epuck1/cmd_vel,45.274726879,0.01,0.0
/epuck1/cmd_vel,45.332986121,0.01,0.0
/epuck1/cmd_vel,45.377102029,0.01,0.0
/epuck1/cmd_vel,45.460177593,0.01,0.0
/epuck1/cmd_vel,45.498913982,0.01,0.0
/epuck1/cmd_vel,45.553535776,0.01,0.0
/epuck1/cmd_vel,45.588588944,0.01,0.0
/epuck1/cmd_vel,45.650749179,0.01,0.0
/epuck1/cmd_vel,45.70288974,0.01,0.0
/epuck1/cmd_vel,45.774960213,0.01,0.0
/epuck1/cmd_vel,45.812267648,0.01,0.0
/epuck1/cmd_vel,45.865590909,0.01,0.0
/epuck1/cmd_vel,45.903728653,0.01,0.0
/epuck1/cmd_vel,45.971715435,0.01,0.0
/epuck1/cmd_vel,46.012461671,0.01,0.0
/epuck1/cmd_vel,46.071698416,0.01,0.0
/epuck1/cmd_vel,46.104749757,0.01,0.0
/epuck1/cmd_vel,46.163539503,0.01,0.0
/epuck1/cmd_vel,46.20342731,0.01,0.0
/epuck1/cmd_vel,46.284290847,0.01,0.0
/epuck1/cmd_vel,46.326209432,0.01,0.0
/epuck1/cmd_vel,46.380296697,0.01,0.0
/epuck1/cmd_vel,46.417846902,0.01,0.0
/epuck1/cmd_vel,46.475973143,0.01,0.0
/epuck1/cmd_vel,46.532171014,0.01,0.0
/epuck1/cmd_vel,46.591924694,0.01,0.0
/epuck1/cmd_vel,46.628098834,0.01,0.0
/epuck1/cmd_vel,46.683609621,0.01,0.0
/epuck1/cmd_vel,46.724334577,0.01,0.0
/epuck1/cmd_vel,46.801177023,0.01,0.0
/epuck1/cmd_vel,46.836416002,0.01,0.0
/epuck1/cmd_vel,46.892933786,0.01,0.0
/epuck1/cmd_vel,46.930118319,0.01,0.0
/epuck1/cmd_vel,47.007999294,0.012,0.18
/epuck1/cmd_vel,47.047771553,0.012,0.18
/epuck1/cmd_vel,47.106452182,0.012,0.18
/epuck1/cmd_vel,47.143749924,0.012,0.18
/epuck1/cmd_vel,47.200944884,0.012,0.18
/epuck1/cmd_vel,47.255845816,0.012,0.18
/epuck1/cmd_vel,47.316490256,0.012,0.18
/epuck1/cmd_vel,47.353745748,0.012,0.18
/epuck1/cmd_vel,47.409606762,0.012,0.18
/epuck1/cmd_vel,47.449167468,0.012,0.18
/epuck1/cmd_vel,47.527578008,0.012,0.18
/epuck1/cmd_vel,47.565567744,0.012,0.18
/epuck1/cmd_vel,47.620620699,0.012,0.18
/epuck1/cmd_vel,47.656986628,0.012,0.18
/epuck1/cmd_vel,47.717885172,0.012,0.18
/epuck1/cmd_vel,47.774297443,0.012,0.18
/epuck1/cmd_vel,47.832221154,0.012,0.18
/epuck1/cmd_vel,47.868411986,0.012,0.18
/epuck1/cmd_vel,47.924016998,0.012,0.18
/epuck1/cmd_vel,47.963093287,0.012,0.18
/epuck1/cmd_vel,48.046642452,0.012,0.18
/epuck1/cmd_vel,48.087859565,0.012,0.18
/epuck1/cmd_vel,48.143937279,0.012,0.18
/epuck1/cmd_vel,48.179490319,0.012,0.18
/epuck1/cmd_vel,48.238545566,0.012,0.18
/epuck1/cmd_vel,48.280594614,0.012,0.18
/epuck1/cmd_vel,48.363701398,0.012,0.18
/epuck1/cmd_vel,48.401380064,0.012,0.18
/epuck1/cmd_vel,48.457679567,0.012,0.18
/epuck1/cmd_vel,48.493298914,0.012,0.18
/epuck1/cmd_vel,48.553153342,0.012,0.18
/epuck1/cmd_vel,48.609108029,0.012,0.18
/epuck1/cmd_vel,48.681038156,0.012,0.18
/epuck1/cmd_vel,48.72052529,0.012,0.18
/epuck1/cmd_vel,48.772244703,0.012,0.18
/epuck1/cmd_vel,48.812727144,0.012,0.18
/epuck1/cmd_vel,48.87283362,0.012,0.18
/epuck1/cmd_vel,48.934830895,0.012,0.18
/epuck1/cmd_vel,48.994775694,0.012,0.18
/epuck1/cmd_vel,49.031360981,0.012,0.18
/epuck1/cmd_vel,49.08577226,0.012,0.18
/epuck1/cmd_vel,49.12737819,0.012,0.18
/epuck1/cmd_vel,49.202020103,0.012,0.18
/epuck1/cmd_vel,49.249977739,0.012,0.18
/epuck1/cmd_vel,49.309500116,0.012,0.18
/epuck1/cmd_vel,49.345198526,0.012,0.18
/epuck1/cmd_vel,49.399505873,0.012,0.18
/epuck1/cmd_vel,49.440486805,0.012,0.18
/epuck1/cmd_vel,49.519803616,0.012,0.18
/epuck1/cmd_vel,49.556121732,0.012,0.18
/epuck1/cmd_vel,49.608547597,0.012,0.18
/epuck1/cmd_vel,49.647258872,0.012,0.18
/epuck1/cmd_vel,49.725984831,0.012,0.18
/epuck1/cmd_vel,49.768238421,0.012,0.18
/epuck1/cmd_vel,49.825295455,0.012,0.18
/epuck1/cmd_vel,49.860053174,0.012,0.18
/epuck1/cmd_vel,49.918672101,0.012,0.18
/epuck1/cmd_vel,49.974568867,0.012,0.18
/epuck1/cmd_vel,50.035060422,0.012,0.18
/epuck1/cmd_vel,50.074055536,0.012,0.18
/epuck1/cmd_vel,50.126831858,0.012,0.18
/epuck1/cmd_vel,50.165330458,0.012,0.18
/epuck1/cmd_vel,50.239671599,0.012,0.18
/epuck1/cmd_vel,50.279527078,0.012,0.18
/epuck1/cmd_vel,50.336492624,0.012,0.18
/epuck1/cmd_vel,50.370549151,0.012,0.18
/epuck1/cmd_vel,50.430785362,0.012,0.18
/epuck1/cmd_vel,50.49103944,0.012,0.18
/epuck1/cmd_vel,50.548002191,0.012,0.18
/epuck1/cmd_vel,50.586149019,0.012,0.18
/epuck1/cmd_vel,50.643087414,0.012,0.18
/epuck1/cmd_vel,50.685435246,0.012,0.18
/epuck1/cmd_vel,50.758747522,0.012,0.18
/epuck1/cmd_vel,50.795623818,0.012,0.18
/epuck1/cmd_vel,50.850767116,0.012,0.18
/epuck1/cmd_vel,50.886414205,0.012,0.18
/epuck1/cmd_vel,50.951867822,0.012,0.18
/epuck1/cmd_vel,51.012972674,0.012,0.18
/epuck1/cmd_vel,51.071347526,0.012,0.18
/epuck1/cmd_vel,51.109035846,0.012,0.18
/epuck1/cmd_vel,51.162248323,0.012,0.18
/epuck1/cmd_vel,51.202790901,0.012,0.18
/epuck1/cmd_vel,51.275183934,0.012,0.18
/epuck1/cmd_vel,51.328248398,0.012,0.1623491406440735
/epuck1/cmd_vel,51.385205004,0.012,0.1623491406440735
/epuck1/cmd_vel,51.42044917,0.012,0.14999648332595825
/epuck1/cmd_vel,51.476779693,0.012,0.14999648332595825
/epuck1/cmd_vel,51.520331028,0.012,0.1358791708946228
/epuck1/cmd_vel,51.604455083,0.012,0.1358791708946228
/epuck1/cmd_vel,51.646388061,0.012,0.12352651357650757
/epuck1/cmd_vel,51.700716671,0.012,0.12352651357650757
/epuck1/cmd_vel,51.736816974,0.012,0.12352651357650757
/epuck1/cmd_vel,51.798025425,0.012,0.10940920114517212
/epuck1/cmd_vel,51.836139418,0.012,0.10940920114517212
/epuck1/cmd_vel,51.920173548,0.012,0.1023505449295044
/epuck1/cmd_vel,51.960799206,0.012,0.1023505449295044
/epuck1/cmd_vel,52.012137655,0.012,0.08999789357185364
/epuck1/cmd_vel,52.049684682,0.012,0.08999789357185364
/epuck1/cmd_vel,52.111279406,0.012,0.08117457032203675
/epuck1/cmd_vel,52.1653378,0.012,0.08117457032203675
/epuck1/cmd_vel,52.22538564,0.012,0.07411591410636902
/epuck1/cmd_vel,52.260824849,0.012,0.07411591410636902
/epuck1/cmd_vel,52.316558959,0.012,0.07411591410636902
/epuck1/cmd_vel,52.355806949,0.012,0.0670572519302368
/epuck1/cmd_vel,52.431091107,0.012,0.0670572519302368
/epuck1/cmd_vel,52.482159518,0.012,0.061763256788253784
/epuck1/cmd_vel,52.543505958,0.015000000000000114,0.07720407098531723
/epuck1/cmd_vel,52.578720834,0.017000000000000428,0.06838075071573256
/epuck1/cmd_vel,52.634741149,0.01999999999999983,0.06838075071573256
/epuck1/cmd_vel,52.678477705,0.022000000000000144,0.061763260513544076
/epuck1/cmd_vel,52.75477865,0.025,0.061763260513544076
/epuck1/cmd_vel,52.790696165,0.025,0.061763260513544076
/epuck1/cmd_vel,52.844026572,0.025,0.05514576658606529
/epuck1/cmd_vel,52.882009393,0.025,0.05514576658606529
/epuck1/cmd_vel,52.944393494,0.025,0.0485282763838768
/epuck1/cmd_vel,53.00846006,0.025,0.0485282763838768
/epuck1/cmd_vel,53.06710474,0.025,0.039704952389001846
/epuck1/cmd_vel,53.103525615,0.025,0.039704952389001846
/epuck1/cmd_vel,53.156962506,0.025,0.03529329225420952
/epuck1/cmd_vel,53.195655434,0.025,0.03529329225420952
/epuck1/cmd_vel,53.267944655,0.025,0.03088163025677204
/epuck1/cmd_vel,53.318708958,0.025,0.03088163025677204
/epuck1/cmd_vel,53.380647225,0.025,0.026469968259334564
/epuck1/cmd_vel,53.415130856,0.025,0.026469968259334564
/epuck1/cmd_vel,53.470383514,0.025,0.026469968259334564
/epuck1/cmd_vel,53.511727787,0.025,0.0242641381919384
/epuck1/cmd_vel,53.586975634,0.025,0.0242641381919384
/epuck1/cmd_vel,53.623081248,0.025,0.022058306261897087
/epuck1/cmd_vel,53.677750559,0.025,0.022058306261897087
/epuck1/cmd_vel,53.715931849,0.025,0.01985247619450092
/epuck1/cmd_vel,53.791748283,0.025,0.01985247619450092
/epuck1/cmd_vel,53.833777732,0.025,0.01985247619450092
/epuck1/cmd_vel,53.887535668,0.025,0.01544081512838602
/epuck1/cmd_vel,53.92497234,0.025,0.01544081512838602
/epuck1/cmd_vel,53.983196647,0.025,0.01544081512838602
/epuck1/cmd_vel,54.042455093,0.025,0.01544081512838602
/epuck1/cmd_vel,54.102905141,0.025,0.013234984129667282
/epuck1/cmd_vel,54.138707584,0.025,0.013234984129667282
/epuck1/cmd_vel,54.191816644,0.025,0.013234984129667282
/epuck1/cmd_vel,54.23148509,0.025,0.013234984129667282
/epuck1/cmd_vel,54.315904122,0.025,0.00882332306355238
/epuck1/cmd_vel,54.352429166,0.025,0.00882332306355238
/epuck1/cmd_vel,54.407281203,0.025,0.00882332306355238
/epuck1/cmd_vel,54.443250784,0.025,0.00882332306355238
/epuck1/cmd_vel,54.50152236,0.025,0.00882332306355238
/epuck1/cmd_vel,54.562428247,0.025,0.00882332306355238
/epuck1/cmd_vel,54.618927128,0.025,0.00882332306355238
/epuck1/cmd_vel,54.654975789,0.025,0.006617492064833641
/epuck1/cmd_vel,54.711061114,0.025,0.006617492064833641
/epuck1/cmd_vel,54.752853684,0.025,0.006617492064833641
/epuck1/cmd_vel,54.827223918,0.025,0.006617492064833641
/epuck1/cmd_vel,54.865725194,0.025,0.006617492064833641
/epuck1/cmd_vel,54.921834952,0.025,0.006617492064833641
/epuck1/cmd_vel,54.957596161,0.025,0.006617492064833641
/epuck1/cmd_vel,55.038330532,0.025,0.006617492064833641
/epuck1/cmd_vel,55.080430164,0.025,0.006617492064833641
/epuck1/cmd_vel,55.135727861,0.025,0.00441166153177619
/epuck1/cmd_vel,55.171593617,0.025,0.00441166153177619
/epuck1/cmd_vel,55.228108035,0.025,0.00441166153177619
/epuck1/cmd_vel,55.287195198,0.025,0.00441166153177619
/epuck1/cmd_vel,55.350144319,0.025,0.00441166153177619
/epuck1/cmd_vel,55.385535632,0.025,0.00441166153177619
/epuck1/cmd_vel,55.438592835,0.025,0.00441166153177619
/epuck1/cmd_vel,55.48071241,0.025,0.00441166153177619
/epuck1/cmd_vel,55.556921918,0.025,0.00441166153177619
/epuck1/cmd_vel,55.597588348,0.025,0.002205830765888095
/epuck1/cmd_vel,55.650893442,0.025,0.002205830765888095
/epuck1/cmd_vel,55.688123497,0.025,0.002205830765888095
/epuck1/cmd_vel,55.749231981,0.025,0.002205830765888095
/epuck1/cmd_vel,55.805077712,0.025,0.002205830765888095
/epuck1/cmd_vel,55.862457456,0.025,0.002205830765888095
/epuck1/cmd_vel,55.899687112,0.025,0.002205830765888095
/epuck1/cmd_vel,55.955966717,0.025,0.002205830765888095
/epuck1/cmd_vel,55.997178158,0.025,0.002205830765888095
/epuck1/cmd_vel,56.071555194,0.025,0.002205830765888095
/epuck1/cmd_vel,56.108934701,0.025,0.002205830765888095
/epuck1/cmd_vel,56.163501678,0.025,0.002205830765888095
/epuck1/cmd_vel,56.202045162,0.025,0.002205830765888095
/epuck1/cmd_vel,56.265399205,0.025,5.065392549852277e-16
/epuck1/cmd_vel,56.330098394,0.025,5.065392549852277e-16
/epuck1/cmd_vel,56.390849589,0.025,5.065392549852277e-16
/epuck1/cmd_vel,56.425413972,0.025,5.065392549852277e-16
/epuck1/cmd_vel,56.479098045,0.025,5.065392549852277e-16
/epuck1/cmd_vel,56.52103934,0.025,5.065392549852277e-16
/epuck1/cmd_vel,56.600145174,0.025,5.065392549852277e-16
/epuck1/cmd_vel,56.639938584,0.025,5.065392549852277e-16
/epuck1/cmd_vel,56.691630712,0.025,5.065392549852277e-16
/epuck1/cmd_vel,56.728273086,0.025,5.065392549852277e-16
/epuck1/cmd_vel,56.788087137,0.025,5.065392549852277e-16
/epuck1/cmd_vel,56.843006477,0.025,5.065392549852277e-16
/epuck1/cmd_vel,56.915355974,0.025,5.065392549852277e-16
/epuck1/cmd_vel,56.951454213,0.025,5.065392549852277e-16
/epuck1/cmd_vel,57.006053333,0.025,5.065392549852277e-16
/epuck1/cmd_vel,57.042100707,0.025,5.065392549852277e-16
/epuck1/cmd_vel,57.105871016,0.025,0.002205830765888095
/epuck1/cmd_vel,57.169296164,0.025,0.002205830765888095
/epuck1/cmd_vel,57.228476791,0.025,5.065392549852277e-16
/epuck1/cmd_vel,57.26357243,0.025,5.065392549852277e-16
/epuck1/cmd_vel,57.318055001,0.025,5.065392549852277e-16
/epuck1/cmd_vel,57.359993439,0.025,5.065392549852277e-16
/epuck1/cmd_vel,57.431716006,0.025,5.065392549852277e-16
/epuck1/cmd_vel,57.484852331,0.025,5.065392549852277e-16
/epuck1/cmd_vel,57.540877558,0.025,5.065392549852277e-16
/epuck1/cmd_vel,57.577515553,0.025,5.065392549852277e-16
/epuck1/cmd_vel,57.632656642,0.025,5.065392549852277e-16
/epuck1/cmd_vel,57.671928508,0.025,5.065392549852277e-16
/epuck1/cmd_vel,57.759525682,0.025,5.065392549852277e-16
/epuck1/cmd_vel,57.80144079,0.025,5.065392549852277e-16
/epuck1/cmd_vel,57.85771078,0.025,5.065392549852277e-16
/epuck1/cmd_vel,57.89160035,0.025,5.065392549852277e-16
/epuck1/cmd_vel,57.949506542,0.025,5.065392549852277e-16
/epuck1/cmd_vel,57.992540019,0.025,5.065392549852277e-16
/epuck1/cmd_vel,58.075184688,0.025,5.065392549852277e-16
/epuck1/cmd_vel,58.117122133,0.025,5.065392549852277e-16
/epuck1/cmd_vel,58.169611058,0.025,5.065392549852277e-16
/epuck1/cmd_vel,58.207828333,0.025,5.065392549852277e-16
/epuck1/cmd_vel,58.266607032,0.025,5.065392549852277e-16
/epuck1/cmd_vel,58.318085861,0.025,5.065392549852277e-16
/epuck1/cmd_vel,58.390830947,0.025,5.065392549852277e-16
/epuck1/cmd_vel,58.429196667,0.025,5.065392549852277e-16
/epuck1/cmd_vel,58.483562425,0.025,5.065392549852277e-16
/epuck1/cmd_vel,58.520574304,0.025,5.065392549852277e-16
/epuck1/cmd_vel,58.581294537,0.025,5.065392549852277e-16
/epuck1/cmd_vel,58.64462535,0.025,5.065392549852277e-16
/epuck1/cmd_vel,58.704784607,0.025,5.065392549852277e-16
/epuck1/cmd_vel,58.743144943,0.025,5.065392549852277e-16
/epuck1/cmd_vel,58.79728001,0.025,5.065392549852277e-16
/epuck1/cmd_vel,58.835522308,0.025,5.065392549852277e-16
/epuck1/cmd_vel,58.907700038,0.025,5.065392549852277e-16
/epuck1/cmd_vel,58.961072763,0.025,5.065392549852277e-16
/epuck1/cmd_vel,59.016661154,0.025,5.065392549852277e-16
/epuck1/cmd_vel,59.054062211,0.025,5.065392549852277e-16
/epuck1/cmd_vel,59.109733642,0.025,5.065392549852277e-16
/epuck1/cmd_vel,59.152466429,0.025,5.065392549852277e-16
/epuck1/cmd_vel,59.237134296,0.025,5.065392549852277e-16
/epuck1/cmd_vel,59.277262526,0.025,5.065392549852277e-16
/epuck1/cmd_vel,59.33294273,0.025,5.065392549852277e-16
/epuck1/cmd_vel,59.367578334,0.025,5.065392549852277e-16
/epuck1/cmd_vel,59.426763578,0.025,5.065392549852277e-16
/epuck1/cmd_vel,59.469252328,0.025,5.065392549852277e-16
/epuck1/cmd_vel,59.553677255,0.025,5.065392549852277e-16
/epuck1/cmd_vel,59.59144676,0.025,5.065392549852277e-16
/epuck1/cmd_vel,59.648291622,0.025,5.065392549852277e-16
/epuck1/cmd_vel,59.682207576,0.025,5.065392549852277e-16
/epuck1/cmd_vel,59.741516534,0.025,5.065392549852277e-16
/epuck1/cmd_vel,59.798008001,0.025,5.065392549852277e-16
/epuck1/cmd_vel,59.855718357,0.025,5.065392549852277e-16
/epuck1/cmd_vel,59.89294177,0.025,5.065392549852277e-16
/epuck1/cmd_vel,59.948224918,0.025,5.065392549852277e-16
/epuck1/cmd_vel,59.989949878,0.025,5.065392549852277e-16
/epuck1/cmd_vel,60.066980075,0.025,5.065392549852277e-16
/epuck1/cmd_vel,60.104052602,0.025,5.065392549852277e-16
/epuck1/cmd_vel,60.159474486,0.025,5.065392549852277e-16
/epuck1/cmd_vel,60.19775468,0.025,5.065392549852277e-16
/epuck1/cmd_vel,60.274348263,0.025,5.065392549852277e-16
/epuck1/cmd_vel,60.315530845,0.025,5.065392549852277e-16
/epuck1/cmd_vel,60.371220878,0.025,5.065392549852277e-16
/epuck1/cmd_vel,60.406231949,0.025,5.065392549852277e-16
/epuck1/cmd_vel,60.462038213,0.025,5.065392549852277e-16
/epuck1/cmd_vel,60.52212519,0.025,5.065392549852277e-16
/epuck1/cmd_vel,60.58237814,0.025,5.065392549852277e-16
/epuck1/cmd_vel,60.619849801,0.025,5.065392549852277e-16
/epuck1/cmd_vel,60.673992246,0.025,5.065392549852277e-16
/epuck1/cmd_vel,60.711924445,0.025,5.065392549852277e-16
/epuck1/cmd_vel,60.791604032,0.025,5.065392549852277e-16
/epuck1/cmd_vel,60.829893597,0.025,5.065392549852277e-16
/epuck1/cmd_vel,60.883145868,0.025,5.065392549852277e-16
/epuck1/cmd_vel,60.918933573,0.025,5.065392549852277e-16
/epuck1/cmd_vel,60.979975272,0.025,5.065392549852277e-16
/epuck1/cmd_vel,61.041712488,0.025,5.065392549852277e-16
/epuck1/cmd_vel,61.097375339,0.025,5.065392549852277e-16
/epuck1/cmd_vel,61.132696444,0.025,5.065392549852277e-16
/epuck1/cmd_vel,61.190331741,0.025,5.065392549852277e-16
/epuck1/cmd_vel,61.229984228,0.025,5.065392549852277e-16
/epuck1/cmd_vel,61.311266135,0.025,5.065392549852277e-16
/epuck1/cmd_vel,61.346974528,0.025,5.065392549852277e-16
/epuck1/cmd_vel,61.402161124,0.025,5.065392549852277e-16
/epuck1/cmd_vel,61.440353625,0.025,5.065392549852277e-16
/epuck1/cmd_vel,61.523305469,0.025,5.065392549852277e-16
/epuck1/cmd_vel,61.566049777,0.025,5.065392549852277e-16
/epuck1/cmd_vel,61.621013455,0.025,5.065392549852277e-16
/epuck1/cmd_vel,61.654781119,0.025,5.065392549852277e-16
/epuck1/cmd_vel,61.715712703,0.025,5.065392549852277e-16
/epuck1/cmd_vel,61.770173894,0.025,5.065392549852277e-16
/epuck1/cmd_vel,61.832058188,0.025,5.065392549852277e-16
/epuck1/cmd_vel,61.865774187,0.025,5.065392549852277e-16
/epuck1/cmd_vel,61.92219416,0.025,5.065392549852277e-16
/epuck1/cmd_vel,61.961216657,0.025,5.065392549852277e-16
/epuck1/cmd_vel,62.038501608,0.025,5.065392549852277e-16
/epuck1/cmd_vel,62.077983908,0.025,5.065392549852277e-16
/epuck1/cmd_vel,62.131898473,0.025,5.065392549852277e-16
/epuck1/cmd_vel,62.17151392,0.025,5.065392549852277e-16
/epuck1/cmd_vel,62.229515856,0.025,5.065392549852277e-16
/epuck1/cmd_vel,62.287466928,0.025,5.065392549852277e-16
/epuck1/cmd_vel,62.345389075,0.025,5.065392549852277e-16
/epuck1/cmd_vel,62.381828836,0.025,5.065392549852277e-16
/epuck1/cmd_vel,62.435448383,0.025,5.065392549852277e-16
/epuck1/cmd_vel,62.478712164,0.025,5.065392549852277e-16
/epuck1/cmd_vel,62.555868256,0.025,5.065392549852277e-16
/epuck1/cmd_vel,62.594684022,0.025,5.065392549852277e-16
/epuck1/cmd_vel,62.647943024,0.025,5.065392549852277e-16
/epuck1/cmd_vel,62.686476637,0.025,5.065392549852277e-16
/epuck1/cmd_vel,62.763963951,0.025,5.065392549852277e-16
/epuck1/cmd_vel,62.802548729,0.025,5.065392549852277e-16
/epuck1/cmd_vel,62.860608612,0.025,5.065392549852277e-16
/epuck1/cmd_vel,62.897111306,0.025,5.065392549852277e-16
/epuck1/cmd_vel,62.95287811,0.025,5.065392549852277e-16
/epuck1/cmd_vel,63.010365287,0.025,5.065392549852277e-16
/epuck1/cmd_vel,63.072297147,0.025,5.065392549852277e-16
/epuck1/cmd_vel,63.108545265,0.025,5.065392549852277e-16
/epuck1/cmd_vel,63.165201968,0.025,5.065392549852277e-16
/epuck1/cmd_vel,63.203179151,0.025,5.065392549852277e-16
/epuck1/cmd_vel,63.282399561,0.025,5.065392549852277e-16
/epuck1/cmd_vel,63.32331746,0.025,5.065392549852277e-16
/epuck1/cmd_vel,63.376154204,0.025,5.065392549852277e-16
/epuck1/cmd_vel,63.411707286,0.025,5.065392549852277e-16
/epuck1/cmd_vel,63.472022181,0.025,5.065392549852277e-16
/epuck1/cmd_vel,63.527561679,0.025,5.065392549852277e-16
/epuck1/cmd_vel,63.599773878,0.025,5.065392549852277e-16
/epuck1/cmd_vel,63.638239252,0.025,5.065392549852277e-16
/epuck1/cmd_vel,63.692093469,0.025,5.065392549852277e-16
/epuck1/cmd_vel,63.729827005,0.025,5.065392549852277e-16
/epuck1/cmd_vel,63.807976685,0.025,5.065392549852277e-16
/epuck1/cmd_vel,63.850170164,0.025,5.065392549852277e-16
/epuck1/cmd_vel,63.908126283,0.025,5.065392549852277e-16
/epuck1/cmd_vel,63.94441205,0.025,5.065392549852277e-16
/epuck1/cmd_vel,64.00193284,0.025,5.065392549852277e-16
/epuck1/cmd_vel,64.061921944,0.025,5.065392549852277e-16
/epuck1/cmd_vel,64.119226719,0.025,5.065392549852277e-16
/epuck1/cmd_vel,64.156671988,0.025,5.065392549852277e-16
/epuck1/cmd_vel,64.215086058,0.025,5.065392549852277e-16
/epuck1/cmd_vel,64.255016097,0.025,5.065392549852277e-16
/epuck1/cmd_vel,64.331482866,0.025,5.065392549852277e-16
/epuck1/cmd_vel,64.369284471,0.025,5.065392549852277e-16
/epuck1/cmd_vel,64.424696772,0.025,5.065392549852277e-16
/epuck1/cmd_vel,64.460142557,0.025,5.065392549852277e-16
/epuck1/cmd_vel,64.52062662,0.025,5.065392549852277e-16
/epuck1/cmd_vel,64.580131236,0.025,5.065392549852277e-16
/epuck1/cmd_vel,64.637343262,0.025,0.002205830765888095
/epuck1/cmd_vel,64.672039778,0.025,0.002205830765888095
/epuck1/cmd_vel,64.72803101,0.025,5.065392549852277e-16
/epuck1/cmd_vel,64.770738426,0.025,5.065392549852277e-16
/epuck1/cmd_vel,64.848548457,0.025,5.065392549852277e-16
/epuck1/cmd_vel,64.884420089,0.025,5.065392549852277e-16
/epuck1/cmd_vel,64.937131545,0.025,5.065392549852277e-16
/epuck1/cmd_vel,64.979306699,0.025,5.065392549852277e-16
/epuck1/cmd_vel,65.055642208,0.025,5.065392549852277e-16
/epuck1/cmd_vel,65.096512205,0.025,5.065392549852277e-16
/epuck1/cmd_vel,65.154838923,0.025,5.065392549852277e-16
/epuck1/cmd_vel,65.191927325,0.025,5.065392549852277e-16
/epuck1/cmd_vel,65.254576601,0.025,5.065392549852277e-16
/epuck1/cmd_vel,65.307362332,0.025,5.065392549852277e-16
/epuck1/cmd_vel,65.367551325,0.025,5.065392549852277e-16
/epuck1/cmd_vel,65.404854275,0.025,5.065392549852277e-16
/epuck1/cmd_vel,65.459972368,0.025,5.065392549852277e-16
/epuck1/cmd_vel,65.499957115,0.025,5.065392549852277e-16
/epuck1/cmd_vel,65.575778719,0.025,5.065392549852277e-16
/epuck1/cmd_vel,65.628461264,0.025,5.065392549852277e-16
/epuck1/cmd_vel,65.688077288,0.025,5.065392549852277e-16
/epuck1/cmd_vel,65.728085964,0.025,5.065392549852277e-16
/epuck1/cmd_vel,65.781539266,0.025,5.065392549852277e-16
/epuck1/cmd_vel,65.822807262,0.025,5.065392549852277e-16
/epuck1/cmd_vel,65.903259767,0.025,5.065392549852277e-16
/epuck1/cmd_vel,65.939704954,0.025,5.065392549852277e-16
/epuck1/cmd_vel,65.996196512,0.025,5.065392549852277e-16
/epuck1/cmd_vel,66.033797435,0.025,5.065392549852277e-16
/epuck1/cmd_vel,66.111073791,0.025,5.065392549852277e-16
/epuck1/cmd_vel,66.15351688,0.020999999999999377,-0.1600000000000245
/epuck1/cmd_vel,66.209108936,0.01500000000000057,-0.3399999999999887
/epuck1/cmd_vel,66.244463375,0.010999999999999944,-0.46000000000000746
/epuck1/cmd_vel,66.303107264,0.006,-0.6400000000000143
/epuck1/cmd_vel,66.346254792,0.006,-0.65
/epuck1/cmd_vel,66.431069296,0.006,-0.65
/epuck1/cmd_vel,66.471394631,0.006,-0.65
/epuck1/cmd_vel,66.525695752,0.006,-0.65
/epuck1/cmd_vel,66.562698588,0.006,-0.65
/epuck1/cmd_vel,66.622204276,0.006,-0.65
/epuck1/cmd_vel,66.677675969,0.006,-0.65
/epuck1/cmd_vel,66.750939801,0.006,-0.65
/epuck1/cmd_vel,66.787365718,0.006,-0.65
/epuck1/cmd_vel,66.841937607,0.006,-0.65
/epuck1/cmd_vel,66.880632086,0.006,-0.65
/epuck1/cmd_vel,66.946782072,0.006,-0.65
/epuck1/cmd_vel,67.008548738,0.008000000000000312,-0.489999999999975
/epuck1/cmd_vel,67.067331445,0.011000000000000426,-0.24999999999996592
/epuck1/cmd_vel,67.105783147,0.012,-0.08999999999999775
/epuck1/cmd_vel,67.160507948,0.012,0.047626998424530026
/epuck1/cmd_vel,67.198244591,0.012,0.11115490436553953
/epuck1/cmd_vel,67.271086766,0.012,0.11115490436553953
/epuck1/cmd_vel,67.323891992,0.012,0.09924342870712279
/epuck1/cmd_vel,67.382393125,0.012,0.09924342870712279
/epuck1/cmd_vel,67.419248402,0.012,0.09924342870712279
/epuck1/cmd_vel,67.477487894,0.012,0.07144994974136351
/epuck1/cmd_vel,67.51654432,0.012,0.07144994974136351
/epuck1/cmd_vel,67.601138607,0.012,0.05556794643402098
/epuck1/cmd_vel,67.643691704,0.012,0.05556794643402098
/epuck1/cmd_vel,67.701416974,0.012,0.039685996770858746
/epuck1/cmd_vel,67.734385283,0.012,0.039685996770858746
/epuck1/cmd_vel,67.794851192,0.012,0.03174499511718748
/epuck1/cmd_vel,67.852082172,0.012,0.03174499511718748
/epuck1/cmd_vel,67.913744343,0.012,0.023803993463516217
/epuck1/cmd_vel,67.949296882,0.012,0.023803993463516217
/epuck1/cmd_vel,68.00443581,0.012,0.023803993463516217
/epuck1/cmd_vel,68.043774204,0.012,0.019833519458770734
/epuck1/cmd_vel,68.121859959,0.012,0.019833519458770734
/epuck1/cmd_vel,68.161155016,0.012,0.01586299180984495
/epuck1/cmd_vel,68.219635927,0.012,0.01586299180984495
/epuck1/cmd_vel,68.255548882,0.012,0.011892517805099468
/epuck1/cmd_vel,68.313548258,0.012,0.011892517805099468
/epuck1/cmd_vel,68.370616642,0.012,0.007922043800353985
/epuck1/cmd_vel,68.431274661,0.012,0.007922043800353985
/epuck1/cmd_vel,68.464792716,0.012,0.007922043800353985
/epuck1/cmd_vel,68.522571385,0.012,0.003951516151428203
/epuck1/cmd_vel,68.562756712,0.012,0.003951516151428203
/epuck1/cmd_vel,68.64200372,0.012,0.007922043800353985
/epuck1/cmd_vel,68.678895229,0.012,0.007922043800353985
/epuck1/cmd_vel,68.735828975,0.012,0.003951516151428203
/epuck1/cmd_vel,68.77461545,0.012,0.003951516151428203
/epuck1/cmd_vel,68.853154887,0.012,-1.8957853317280553e-05
/epuck1/cmd_vel,68.892881807,0.012,-1.8957853317280726e-05
/epuck1/cmd_vel,68.952083368,0.012,0.003951516151428203
/epuck1/cmd_vel,68.985758191,0.012,0.003951516151428203
/epuck1/cmd_vel,69.04413347,0.012,0.003951516151428203
/epuck1/cmd_vel,69.100121383,0.012,-1.8957853317280553e-05
/epuck1/cmd_vel,69.159502258,0.012,-1.8957853317280726e-05
/epuck1/cmd_vel,69.198349193,0.012,0.003951516151428203
/epuck1/cmd_vel,69.251971939,0.012,0.003951516151428203
/epuck1/cmd_vel,69.291717659,0.012,-1.8957853317280553e-05
/epuck1/cmd_vel,69.371321698,0.012,-1.8957853317280726e-05
/epuck1/cmd_vel,69.408684854,0.012,0.003951516151428203
/epuck1/cmd_vel,69.465375401,0.012,0.003951516151428203
/epuck1/cmd_vel,69.503338216,0.012,0.003951516151428203
/epuck1/cmd_vel,69.5619766,0.012,-1.8957853317280553e-05
/epuck1/cmd_vel,69.614659077,0.012,-1.8957853317280726e-05
/epuck1/cmd_vel,69.691452756,0.012,-1.8957853317280726e-05
/epuck1/cmd_vel,69.730409276,0.012,-1.8957853317280726e-05
/epuck1/cmd_vel,69.786900641,0.012,-1.8957853317280726e-05
/epuck1/cmd_vel,69.826238854,0.012,-1.8957853317280726e-05
/epuck1/cmd_vel,69.898434546,0.012,-0.003989485502243062
/epuck1/cmd_vel,69.94181616,0.012,-0.003989485502243062
/epuck1/cmd_vel,69.995744135,0.012,-1.8957853317280553e-05
/epuck1/cmd_vel,70.033428387,0.012,-1.8957853317280726e-05
/epuck1/cmd_vel,70.092405047,0.012,-1.8957853317280726e-05
/epuck1/cmd_vel,70.134277052,0.012,-1.8957853317280726e-05
/epuck1/cmd_vel,70.218028086,0.012,-1.8957853317280726e-05
/epuck1/cmd_vel,70.254232023,0.012,-1.8957853317280726e-05
/epuck1/cmd_vel,70.312647105,0.012,-1.8957853317280726e-05
/epuck1/cmd_vel,70.349518092,0.012,-1.8957853317280726e-05
/epuck1/cmd_vel,70.409631055,0.012,-1.8957853317280726e-05
/epuck1/cmd_vel,70.46472293,0.012,-1.8957853317280726e-05
/epuck1/cmd_vel,70.538653369,0.012,-1.8957853317280726e-05
/epuck1/cmd_vel,70.576835675,0.012,-1.8957853317280726e-05
/epuck1/cmd_vel,70.629565831,0.012,0.003951516151428203
/epuck1/cmd_vel,70.668079304,0.012,0.003951516151428203
/epuck1/cmd_vel,70.746799616,0.012,-1.8957853317280553e-05
/epuck1/cmd_vel,70.790298452,0.012,-1.8957853317280726e-05
/epuck1/cmd_vel,70.846649563,0.012,-1.8957853317280726e-05
/epuck1/cmd_vel,70.884902117,0.012,-1.8957853317280726e-05
/epuck1/cmd_vel,70.942999241,0.012,-1.8957853317280726e-05
/epuck1/cmd_vel,70.998918282,0.012,-1.8957853317280726e-05
/epuck1/cmd_vel,71.060686358,0.012,-0.003989485502243062
/epuck1/cmd_vel,71.095670366,0.012,-0.003989485502243062
/epuck1/cmd_vel,71.150095437,0.012,-0.003989485502243062
/epuck1/cmd_vel,71.191821914,0.012,-1.8957853317280553e-05
/epuck1/cmd_vel,71.271161761,0.012,-1.8957853317280726e-05
/epuck1/cmd_vel,71.311182591,0.012,0.003951516151428203
/epuck1/cmd_vel,71.364976843,0.012,0.003951516151428203
/epuck1/cmd_vel,71.401245551,0.012,-1.8957853317280553e-05
/epuck1/cmd_vel,71.462205626,0.012,-1.8957853317280726e-05
/epuck1/cmd_vel,71.519675192,0.012,-1.8957853317280726e-05
/epuck1/cmd_vel,71.580724008,0.012,-1.8957853317280726e-05
/epuck1/cmd_vel,71.616361797,0.012,-1.8957853317280726e-05
/epuck1/cmd_vel,71.676247044,0.012,-1.8957853317280726e-05
/epuck1/cmd_vel,71.717145865,0.012,-1.8957853317280726e-05
/epuck1/cmd_vel,71.792607647,0.012,-1.8957853317280726e-05
/epuck1/cmd_vel,71.829283464,0.012,-1.8957853317280726e-05
/epuck1/cmd_vel,71.883566549,0.012,-1.8957853317280726e-05
/epuck1/cmd_vel,71.919749222,0.012,-1.8957853317280726e-05
/epuck1/cmd_vel,71.984442547,0.012,-0.003989485502243062
/epuck1/cmd_vel,72.05002603,0.012,-0.003989485502243062
/epuck1/cmd_vel,72.109346834,0.012,-1.8957853317280553e-05
/epuck1/cmd_vel,72.145729897,0.012,-1.8957853317280726e-05
/epuck1/cmd_vel,72.201533479,0.012,0.003951516151428203
/epuck1/cmd_vel,72.239659871,0.012,0.003951516151428203
/epuck1/cmd_vel,72.317524921,0.012,0.003951516151428203
/epuck1/cmd_vel,72.358872034,0.012,-1.8957853317280553e-05
/epuck1/cmd_vel,72.415558303,0.012,-1.8957853317280726e-05
/epuck1/cmd_vel,72.450399244,0.012,-1.8957853317280726e-05
/epuck1/cmd_vel,72.512217103,0.012,-1.8957853317280726e-05
/epuck1/cmd_vel,72.569861312,0.012,-1.8957853317280726e-05
/epuck1/cmd_vel,72.626163204,0.012,-1.8957853317280726e-05
/epuck1/cmd_vel,72.662071205,0.012,-1.8957853317280726e-05
/epuck1/cmd_vel,72.719897282,0.012,-1.8957853317280726e-05
/epuck1/cmd_vel,72.762001428,0.012,-1.8957853317280726e-05
/epuck1/cmd_vel,72.843709357,0.012,-1.8957853317280726e-05
/epuck1/cmd_vel,72.883642608,0.012,-1.8957853317280726e-05
/epuck1/cmd_vel,72.942276741,0.012,-0.003989485502243062
/epuck1/cmd_vel,72.976046511,0.012,-0.003989485502243062
/epuck1/cmd_vel,73.037041613,0.012,-1.8957853317280553e-05
/epuck1/cmd_vel,73.078583555,0.012,-1.8957853317280726e-05
/epuck1/cmd_vel,73.159792792,0.012,0.003951516151428203
/epuck1/cmd_vel,73.200066743,0.012,0.003951516151428203
/epuck1/cmd_vel,73.255117855,0.012,-1.8957853317280553e-05
/epuck1/cmd_vel,73.292032264,0.012,-1.8957853317280726e-05
/epuck1/cmd_vel,73.350140991,0.012,-1.8957853317280726e-05
/epuck1/cmd_vel,73.405499437,0.012,-1.8957853317280726e-05
/epuck1/cmd_vel,73.476465614,0.012,-1.8957853317280726e-05
/epuck1/cmd_vel,73.512473143,0.012,-1.8957853317280726e-05
/epuck1/cmd_vel,73.566483085,0.012,-1.8957853317280726e-05
/epuck1/cmd_vel,73.603318983,0.012,-1.8957853317280726e-05
/epuck1/cmd_vel,73.669876337,0.012,-1.8957853317280726e-05
/epuck1/cmd_vel,73.731492516,0.012,-1.8957853317280726e-05
/epuck1/cmd_vel,73.793734078,0.012,-1.8957853317280726e-05
/epuck1/cmd_vel,73.830387418,0.012,-1.8957853317280726e-05
/epuck1/cmd_vel,73.884214702,0.012,-1.8957853317280726e-05
/epuck1/cmd_vel,73.924990863,0.012,-1.8957853317280726e-05
/epuck1/cmd_vel,74.000368788,0.012,-1.8957853317280726e-05
/epuck1/cmd_vel,74.04019522,0.012,-1.8957853317280726e-05
/epuck1/cmd_vel,74.094495512,0.012,-1.8957853317280726e-05
/epuck1/cmd_vel,74.13296716,0.012,-1.8957853317280726e-05
/epuck1/cmd_vel,74.190592359,0.012,-1.8957853317280726e-05
/epuck1/cmd_vel,74.250217108,0.012,-1.8957853317280726e-05
/epuck1/cmd_vel,74.310729032,0.012,-1.8957853317280726e-05
/epuck1/cmd_vel,74.345905197,0.012,-1.8957853317280726e-05
/epuck1/cmd_vel,74.400654281,0.012,0.2399810421466918
/epuck1/cmd_vel,74.441715294,0.012,0.3
/epuck1/cmd_vel,74.52165531,0.012,0.3
/epuck1/cmd_vel,74.559296632,0.012,0.3
/epuck1/cmd_vel,74.61645172,0.012,0.3
/epuck1/cmd_vel,74.65325611,0.012,0.3
/epuck1/cmd_vel,74.727695015,0.012,0.3
/epuck1/cmd_vel,74.769426313,0.012,0.3
/epuck1/cmd_vel,74.824151476,0.012,0.3
/epuck1/cmd_vel,74.860826753,0.012,0.3
/epuck1/cmd_vel,74.919876098,0.012,0.3
/epuck1/cmd_vel,74.976859375,0.012,0.3
/epuck1/cmd_vel,75.037925561,0.012,0.3
/epuck1/cmd_vel,75.074900308,0.012,0.3
/epuck1/cmd_vel,75.127371519,0.012,0.3
/epuck1/cmd_vel,75.16871093,0.012,0.3
/epuck1/cmd_vel,75.247170948,0.012,0.2620526790618896
/epuck1/cmd_vel,75.287009253,0.012,0.2620526790618896
/epuck1/cmd_vel,75.339419239,0.012,0.2620526790618896
/epuck1/cmd_vel,75.377938911,0.012,0.22234774231910706
/epuck1/cmd_vel,75.435224969,0.012,0.22234774231910706
/epuck1/cmd_vel,75.496166404,0.012,0.19852475523948668
/epuck1/cmd_vel,75.553538897,0.012,0.19852475523948668
/epuck1/cmd_vel,75.588828263,0.012,0.16940780282020568
/epuck1/cmd_vel,75.645068498,0.012,0.16940780282020568
/epuck1/cmd_vel,75.687376001,0.012,0.14558482468128203
/epuck1/cmd_vel,75.768705078,0.012,0.14558482468128203
/epuck1/cmd_vel,75.806891115,0.012,0.12440884709358214
/epuck1/cmd_vel,75.859246079,0.012,0.12440884709358214
/epuck1/cmd_vel,75.899670021,0.012,0.103232878446579
/epuck1/cmd_vel,75.977695661,0.012,0.103232878446579
/epuck1/cmd_vel,76.017829653,0.012,0.103232878446579
/epuck1/cmd_vel,76.076469902,0.012,0.09264488518238068
/epuck1/cmd_vel,76.113440519,0.014000000000000313,0.07720407098531723
/epuck1/cmd_vel,76.170954277,0.016999999999999717,0.06617492437362671
/epuck1/cmd_vel,76.224602665,0.01900000000000003,0.06617492437362671
/epuck1/cmd_vel,76.284531905,0.022000000000000144,0.05514576658606529
/epuck1/cmd_vel,76.32156272,0.023999999999999747,0.05514576658606529
/epuck1/cmd_vel,76.376403099,0.025,0.05514576658606529
/epuck1/cmd_vel,76.415263501,0.025,0.0485282763838768
/epuck1/cmd_vel,76.492343009,0.025,0.0485282763838768
/epuck1/cmd_vel,76.533387994,0.025,0.04191078245639801
/epuck1/cmd_vel,76.590172658,0.025,0.04191078245639801
/epuck1/cmd_vel,76.62246261,0.025,0.03749912232160568
/epuck1/cmd_vel,76.682625248,0.025,0.03749912232160568
/epuck1/cmd_vel,76.741031399,0.025,0.033087462186813354
/epuck1/cmd_vel,76.803795717,0.025,0.033087462186813354
/epuck1/cmd_vel,76.839429444,0.025,0.033087462186813354
/epuck1/cmd_vel,76.892910233,0.025,0.03088163025677204
/epuck1/cmd_vel,76.932934126,0.025,0.03088163025677204
/epuck1/cmd_vel,77.011661826,0.025,0.026469968259334564
/epuck1/cmd_vel,77.051754756,0.025,0.026469968259334564
/epuck1/cmd_vel,77.107037331,0.025,0.022058306261897087
/epuck1/cmd_vel,77.142177591,0.025,0.022058306261897087
/epuck1/cmd_vel,77.204296158,0.025,0.022058306261897087
/epuck1/cmd_vel,77.257951249,0.025,0.022058306261897087
/epuck1/cmd_vel,77.314592203,0.025,0.017646646127104763
/epuck1/cmd_vel,77.351951572,0.025,0.017646646127104763
/epuck1/cmd_vel,77.408392242,0.025,0.017646646127104763
/epuck1/cmd_vel,77.447577649,0.025,0.01544081512838602
/epuck1/cmd_vel,77.531230791,0.025,0.01544081512838602
/epuck1/cmd_vel,77.572766931,0.025,0.01544081512838602
/epuck1/cmd_vel,77.630867635,0.025,0.01544081512838602
/epuck1/cmd_vel,77.665997302,0.025,0.011029153130948544
/epuck1/cmd_vel,77.724857665,0.025,0.011029153130948544
/epuck1/cmd_vel,77.770065269,0.025,0.011029153130948544
/epuck1/cmd_vel,77.840265336,0.025,0.011029153130948544
/epuck1/cmd_vel,77.879641532,0.025,0.011029153130948544
/epuck1/cmd_vel,77.933722874,0.025,0.011029153130948544
/epuck1/cmd_vel,77.972675952,0.025,0.011029153130948544
/epuck1/cmd_vel,78.046020015,0.025,0.00882332306355238
/epuck1/cmd_vel,78.085830679,0.025,0.00882332306355238
/epuck1/cmd_vel,78.142704927,0.025,0.00882332306355238
/epuck1/cmd_vel,78.176704607,0.025,0.00882332306355238
/epuck1/cmd_vel,78.234821539,0.025,0.00882332306355238
/epuck1/cmd_vel,78.295281467,0.025,0.00882332306355238
/epuck1/cmd_vel,78.35331967,0.025,0.006617492064833641
/epuck1/cmd_vel,78.389621684,0.025,0.006617492064833641
/epuck1/cmd_vel,78.442270224,0.025,0.006617492064833641
/epuck1/cmd_vel,78.483292301,0.025,0.00441166153177619
/epuck1/cmd_vel,78.564474528,0.025,0.00441166153177619
/epuck1/cmd_vel,78.603576828,0.025,0.00441166153177619
/epuck1/cmd_vel,78.658040939,0.025,0.00441166153177619
/epuck1/cmd_vel,78.694657471,0.025,0.002205830765888095
/epuck1/cmd_vel,78.752824657,0.025,0.002205830765888095
/epuck1/cmd_vel,78.811431949,0.025,0.002205830765888095
/epuck1/cmd_vel,78.868294407,0.025,0.002205830765888095
/epuck1/cmd_vel,78.905723509,0.025,0.002205830765888095
/epuck1/cmd_vel,78.961412137,0.025,0.002205830765888095
/epuck1/cmd_vel,79.003629162,0.025,0.002205830765888095
/epuck1/cmd_vel,79.081578727,0.025,0.002205830765888095
/epuck1/cmd_vel,79.119958858,0.025,0.002205830765888095
/epuck1/cmd_vel,79.175096311,0.025,0.00441166153177619
/epuck1/cmd_vel,79.212503584,0.025,0.00441166153177619
/epuck1/cmd_vel,79.286625743,0.025,0.00441166153177619
/epuck1/cmd_vel,79.329013069,0.025,0.00441166153177619
/epuck1/cmd_vel,79.384566034,0.025,0.002205830765888095
/epuck1/cmd_vel,79.420117686,0.025,0.002205830765888095
/epuck1/cmd_vel,79.480791338,0.025,0.002205830765888095
/epuck1/cmd_vel,79.536937007,0.025,0.002205830765888095
/epuck1/cmd_vel,79.597674683,0.025,0.002205830765888095
/epuck1/cmd_vel,79.634229658,0.025,0.002205830765888095
/epuck1/cmd_vel,79.687795356,0.025,0.002205830765888095
/epuck1/cmd_vel,79.727749139,0.025,0.002205830765888095
/epuck1/cmd_vel,79.810799015,0.025,0.002205830765888095
/epuck1/cmd_vel,79.849620827,0.025,0.002205830765888095
/epuck1/cmd_vel,79.905528476,0.025,0.002205830765888095
/epuck1/cmd_vel,79.943169905,0.025,1.7694179454963432e-16
/epuck1/cmd_vel,80.000106656,0.025,1.7694179454963432e-16
/epuck1/cmd_vel,80.062859169,0.025,1.7694179454963432e-16
/epuck1/cmd_vel,80.118514035,0.025,1.7694179454963432e-16
/epuck1/cmd_vel,80.154646255,0.025,1.7694179454963432e-16
/epuck1/cmd_vel,80.211190961,0.025,1.7694179454963432e-16
/epuck1/cmd_vel,80.2523926,0.025,1.7694179454963432e-16
/epuck1/cmd_vel,80.325785341,0.025,1.7694179454963432e-16
/epuck1/cmd_vel,80.364281113,0.025,1.7694179454963432e-16
/epuck1/cmd_vel,80.41848833,0.025,1.7694179454963432e-16
/epuck1/cmd_vel,80.455784202,0.025,1.7694179454963432e-16
/epuck1/cmd_vel,80.533192455,0.025,1.7694179454963432e-16
/epuck1/cmd_vel,80.572396923,0.025,1.7694179454963432e-16
/epuck1/cmd_vel,80.631499007,0.025,1.7694179454963432e-16
/epuck1/cmd_vel,80.666171394,0.025,1.7694179454963432e-16
/epuck1/cmd_vel,80.722890953,0.025,1.7694179454963432e-16
/epuck1/cmd_vel,80.783771617,0.025,0.002205830765888095
/epuck1/cmd_vel,80.845420793,0.025,0.002205830765888095
/epuck1/cmd_vel,80.881432284,0.025,0.002205830765888095
/epuck1/cmd_vel,80.93630756,0.025,0.002205830765888095
/epuck1/cmd_vel,80.975626829,0.025,0.002205830765888095
/epuck1/cmd_vel,81.051969008,0.025,1.7694179454963432e-16
/epuck1/cmd_vel,81.09311051,0.025,1.7694179454963432e-16
/epuck1/cmd_vel,81.146134761,0.025,1.7694179454963432e-16
/epuck1/cmd_vel,81.183851639,0.025,1.7694179454963432e-16
/epuck1/cmd_vel,81.243818484,0.025,1.7694179454963432e-16
/epuck1/cmd_vel,81.297563462,0.025,1.7694179454963432e-16
/epuck1/cmd_vel,81.369241436,0.025,1.7694179454963432e-16
/epuck1/cmd_vel,81.405159943,0.025,1.7694179454963432e-16
/epuck1/cmd_vel,81.462031628,0.025,1.7694179454963432e-16
/epuck1/cmd_vel,81.49961812,0.025,1.7694179454963432e-16
/epuck1/cmd_vel,81.560514152,0.025,1.7694179454963432e-16
/epuck1/cmd_vel,81.623771738,0.025,1.7694179454963432e-16
/epuck1/cmd_vel,81.683141455,0.025,1.7694179454963432e-16
/epuck1/cmd_vel,81.72267228,0.025,1.7694179454963432e-16
/epuck1/cmd_vel,81.774528334,0.025,1.7694179454963432e-16
/epuck1/cmd_vel,81.814057361,0.025,1.7694179454963432e-16
/epuck1/cmd_vel,81.886880271,0.025,1.7694179454963432e-16
/epuck1/cmd_vel,81.941278801,0.025,1.7694179454963432e-16
/epuck1/cmd_vel,82.00005907,0.025,1.7694179454963432e-16
/epuck1/cmd_vel,82.034611889,0.025,1.7694179454963432e-16
/epuck1/cmd_vel,82.091508675,0.025,1.7694179454963432e-16
/epuck1/cmd_vel,82.132049431,0.025,1.7694179454963432e-16
/epuck1/cmd_vel,82.215911799,0.025,1.7694179454963432e-16
/epuck1/cmd_vel,82.25688607,0.025,1.7694179454963432e-16
/epuck1/cmd_vel,82.314725845,0.025,1.7694179454963432e-16
/epuck1/cmd_vel,82.348260411,0.025,1.7694179454963432e-16
/epuck1/cmd_vel,82.405101897,0.025,1.7694179454963432e-16
/epuck1/cmd_vel,82.449800211,0.025,1.7694179454963432e-16
/epuck1/cmd_vel,82.530844192,0.025,1.7694179454963432e-16
/epuck1/cmd_vel,82.569897048,0.025,1.7694179454963432e-16
/epuck1/cmd_vel,82.62561068,0.025,1.7694179454963432e-16
/epuck1/cmd_vel,82.66347589,0.025,1.7694179454963432e-16
/epuck1/cmd_vel,82.724175976,0.025,1.7694179454963432e-16
/epuck1/cmd_vel,82.776711673,0.025,1.7694179454963432e-16
/epuck1/cmd_vel,82.850516786,0.025,1.7694179454963432e-16
/epuck1/cmd_vel,82.885664226,0.025,1.7694179454963432e-16
/epuck1/cmd_vel,82.939227591,0.025,1.7694179454963432e-16
/epuck1/cmd_vel,82.978702569,0.025,1.7694179454963432e-16
/epuck1/cmd_vel,83.038745693,0.025,1.7694179454963432e-16
/epuck1/cmd_vel,83.104773888,0.025,1.7694179454963432e-16
/epuck1/cmd_vel,83.162790718,0.025,1.7694179454963432e-16
/epuck1/cmd_vel,83.199936998,0.025,1.7694179454963432e-16
/epuck1/cmd_vel,83.254615226,0.025,1.7694179454963432e-16
/epuck1/cmd_vel,83.295410993,0.025,1.7694179454963432e-16
/epuck1/cmd_vel,83.368727782,0.025,1.7694179454963432e-16
/epuck1/cmd_vel,83.419868602,0.025,1.7694179454963432e-16
/epuck1/cmd_vel,83.477381428,0.025,1.7694179454963432e-16
/epuck1/cmd_vel,83.511727243,0.025,1.7694179454963432e-16
/epuck1/cmd_vel,83.56746877,0.025,1.7694179454963432e-16
/epuck1/cmd_vel,83.609926851,0.025,1.7694179454963432e-16
/epuck1/cmd_vel,83.69301363,0.025,1.7694179454963432e-16
/epuck1/cmd_vel,83.73262913,0.025,1.7694179454963432e-16
/epuck1/cmd_vel,83.790521206,0.025,1.7694179454963432e-16
/epuck1/cmd_vel,83.82707885,0.025,1.7694179454963432e-16
/epuck1/cmd_vel,83.883763213,0.025,1.7694179454963432e-16
/epuck1/cmd_vel,83.940183422,0.025,1.7694179454963432e-16
/epuck1/cmd_vel,83.999488972,0.025,1.7694179454963432e-16
/epuck1/cmd_vel,84.036151296,0.025,1.7694179454963432e-16
/epuck1/cmd_vel,84.09102793,0.025,1.7694179454963432e-16
/epuck1/cmd_vel,84.129281782,0.025,1.7694179454963432e-16
/epuck1/cmd_vel,84.220111742,0.025,1.7694179454963432e-16
/epuck1/cmd_vel,84.260773493,0.025,1.7694179454963432e-16
/epuck1/cmd_vel,84.317094367,0.025,1.7694179454963432e-16
/epuck1/cmd_vel,84.350925589,0.025,1.7694179454963432e-16
/epuck1/cmd_vel,84.411781255,0.025,1.7694179454963432e-16
/epuck1/cmd_vel,84.469768299,0.025,1.7694179454963432e-16
/epuck1/cmd_vel,84.526884588,0.025,1.7694179454963432e-16
/epuck1/cmd_vel,84.565359672,0.025,1.7694179454963432e-16
/epuck1/cmd_vel,84.618012417,0.025,1.7694179454963432e-16
/epuck1/cmd_vel,84.658121239,0.025,1.7694179454963432e-16
/epuck1/cmd_vel,84.73884541,0.025,1.7694179454963432e-16
/epuck1/cmd_vel,84.777773733,0.025,1.7694179454963432e-16
/epuck1/cmd_vel,84.830668865,0.025,1.7694179454963432e-16
/epuck1/cmd_vel,84.868208531,0.025,1.7694179454963432e-16
/epuck1/cmd_vel,84.926412715,0.025,1.7694179454963432e-16
/epuck1/cmd_vel,84.983532309,0.025,1.7694179454963432e-16
/epuck1/cmd_vel,85.040686007,0.025,1.7694179454963432e-16
/epuck1/cmd_vel,85.077567377,0.025,1.7694179454963432e-16
/epuck1/cmd_vel,85.131665704,0.025,1.7694179454963432e-16
/epuck1/cmd_vel,85.173246618,0.025,1.7694179454963432e-16
/epuck1/cmd_vel,85.254260527,0.025,1.7694179454963432e-16
/epuck1/cmd_vel,85.315473811,0.025,1.7694179454963432e-16
/epuck1/cmd_vel,85.348757672,0.025,1.7694179454963432e-16
/epuck1/cmd_vel,85.386266457,0.025,1.7694179454963432e-16
/epuck1/cmd_vel,85.445270584,0.025,1.7694179454963432e-16
/epuck1/cmd_vel,85.489515053,0.025,1.7694179454963432e-16
/epuck1/cmd_vel,85.570712776,0.025,1.7694179454963432e-16
/epuck1/cmd_vel,85.611160587,0.025,1.7694179454963432e-16
/epuck1/cmd_vel,85.664500298,0.025,1.7694179454963432e-16
/epuck1/cmd_vel,85.70092505,0.025,1.7694179454963432e-16
/epuck1/cmd_vel,85.759595959,0.025,1.7694179454963432e-16
/epuck1/cmd_vel,85.845302955,0.025,1.7694179454963432e-16
/epuck1/cmd_vel,85.885291979,0.025,1.7694179454963432e-16
/epuck1/cmd_vel,85.923306527,0.025,1.7694179454963432e-16
/epuck1/cmd_vel,85.977683387,0.025,1.7694179454963432e-16
/epuck1/cmd_vel,86.01492841,0.025,1.7694179454963432e-16
/epuck1/cmd_vel,86.076504523,0.025,1.7694179454963432e-16
/epuck1/cmd_vel,86.15450879,0.025,1.7694179454963432e-16
/epuck1/cmd_vel,86.214942948,0.025,1.7694179454963432e-16
/epuck1/cmd_vel,86.251642972,0.025,1.7694179454963432e-16
/epuck1/cmd_vel,86.306991636,0.025,1.7694179454963432e-16
/epuck1/cmd_vel,86.36497634,0.025,1.7694179454963432e-16
/epuck1/cmd_vel,86.421270201,0.025,1.7694179454963432e-16
/epuck1/cmd_vel,86.472345035,0.025,1.7694179454963432e-16
/epuck1/cmd_vel,86.530776509,0.025,1.7694179454963432e-16
/epuck1/cmd_vel,86.56722353,0.025,1.7694179454963432e-16
/epuck1/cmd_vel,86.62413489,0.025,1.7694179454963432e-16
/epuck1/cmd_vel,86.664360604,0.025,1.7694179454963432e-16
/epuck1/cmd_vel,86.76148601,0.025,1.7694179454963432e-16
/epuck1/cmd_vel,86.802098658,0.025,1.7694179454963432e-16
/epuck1/cmd_vel,86.858895833,0.025,1.7694179454963432e-16
/epuck1/cmd_vel,86.914549956,0.025,1.7694179454963432e-16
/epuck1/cmd_vel,86.95460481,0.025,1.7694179454963432e-16
/epuck1/cmd_vel,87.00968805,0.025,1.7694179454963432e-16
/epuck1/cmd_vel,87.070089636,0.025,1.7694179454963432e-16
/epuck1/cmd_vel,87.104484129,0.025,1.7694179454963432e-16
/epuck1/cmd_vel,87.160906952,0.025,1.7694179454963432e-16
/epuck1/cmd_vel,87.20185517,0.025,1.7694179454963432e-16
/epuck1/cmd_vel,87.277630548,0.025,1.7694179454963432e-16
/epuck1/cmd_vel,87.315940085,0.025,1.7694179454963432e-16
/epuck1/cmd_vel,87.372917827,0.025,1.7694179454963432e-16
/epuck1/cmd_vel,87.428034073,0.025,1.7694179454963432e-16
/epuck1/cmd_vel,87.468083951,0.025,1.7694179454963432e-16
/epuck1/cmd_vel,87.530865954,0.025,1.7694179454963432e-16
/epuck1/cmd_vel,87.589673183,0.025,1.7694179454963432e-16
/epuck1/cmd_vel,87.623672202,0.025,1.7694179454963432e-16
/epuck1/cmd_vel,87.678820557,0.025,1.7694179454963432e-16
/epuck1/cmd_vel,87.721065081,0.025,1.7694179454963432e-16
/epuck1/cmd_vel,87.797933246,0.025,1.7694179454963432e-16
/epuck1/cmd_vel,87.835201051,0.025,1.7694179454963432e-16
/epuck1/cmd_vel,87.888983697,0.025,1.7694179454963432e-16
/epuck1/cmd_vel,87.947598361,0.025,1.7694179454963432e-16
/epuck1/cmd_vel,88.003301484,0.025,1.7694179454963432e-16
/epuck1/cmd_vel,88.045041861,0.025,1.7694179454963432e-16
/epuck1/cmd_vel,88.101569167,0.025,1.7694179454963432e-16
/epuck1/cmd_vel,88.137769791,0.025,1.7694179454963432e-16
/epuck1/cmd_vel,88.194720456,0.025,1.7694179454963432e-16
/epuck1/cmd_vel,88.252950568,0.025,1.7694179454963432e-16
/epuck1/cmd_vel,88.314728973,0.025,1.7694179454963432e-16
/epuck1/cmd_vel,88.350244905,0.025,1.7694179454963432e-16
/epuck1/cmd_vel,88.406474186,0.025,1.7694179454963432e-16
/epuck1/cmd_vel,88.464679172,0.025,1.7694179454963432e-16
/epuck1/cmd_vel,88.521353347,0.025,1.7694179454963432e-16
/epuck1/cmd_vel,88.561844587,0.025,1.7694179454963432e-16
/epuck1/cmd_vel,88.614964787,0.025,1.7694179454963432e-16
/epuck1/cmd_vel,88.653263058,0.025,1.7694179454963432e-16
/epuck1/cmd_vel,88.716067853,0.025,1.7694179454963432e-16
/epuck1/cmd_vel,88.771349214,0.025,1.7694179454963432e-16
/epuck1/cmd_vel,88.830908527,0.025,1.7694179454963432e-16
/epuck1/cmd_vel,88.865632084,0.025,1.7694179454963432e-16
/epuck1/cmd_vel,88.924523855,0.025,1.7694179454963432e-16
/epuck1/cmd_vel,89.001025882,0.025,1.7694179454963432e-16
/epuck1/cmd_vel,89.041158941,0.025,1.7694179454963432e-16
/epuck1/cmd_vel,89.077324426,0.025,1.7694179454963432e-16
/epuck1/cmd_vel,89.131599971,0.025,1.7694179454963432e-16
/epuck1/cmd_vel,89.17037222,0.025,1.7694179454963432e-16
/epuck1/cmd_vel,89.24832868,0.025,1.7694179454963432e-16
/epuck1/cmd_vel,89.287748682,0.025,1.7694179454963432e-16
/epuck1/cmd_vel,89.343286134,0.025,1.7694179454963432e-16
/epuck1/cmd_vel,89.379023207,0.025,1.7694179454963432e-16
/epuck1/cmd_vel,89.436889159,0.025,1.7694179454963432e-16
/epuck1/cmd_vel,89.508536285,0.025,1.7694179454963432e-16
/epuck1/cmd_vel,89.560769669,0.025,1.7694179454963432e-16
/epuck1/cmd_vel,89.598734246,0.025,1.7694179454963432e-16
/epuck1/cmd_vel,89.654275586,0.025,1.7694179454963432e-16
/epuck1/cmd_vel,89.691302881,0.025,1.7694179454963432e-16
/epuck1/cmd_vel,89.751817073,0.025,1.7694179454963432e-16
/epuck1/cmd_vel,89.806072379,0.025,1.7694179454963432e-16
/epuck1/cmd_vel,89.879538038,0.025,1.7694179454963432e-16
/epuck1/cmd_vel,89.91589764,0.025,1.7694179454963432e-16
/epuck1/cmd_vel,89.972525442,0.025,1.7694179454963432e-16
/epuck1/cmd_vel,90.03103482,0.025,1.7694179454963432e-16
/epuck1/cmd_vel,90.087129511,0.025,1.7694179454963432e-16
/epuck1/cmd_vel,90.130077661,0.025,1.7694179454963432e-16
/epuck1/cmd_vel,90.184127429,0.025,1.7694179454963432e-16
/epuck1/cmd_vel,90.220891763,0.025,1.7694179454963432e-16
/epuck1/cmd_vel,90.278141707,0.025,1.7694179454963432e-16
/epuck1/cmd_vel,90.321824303,0.025,1.7694179454963432e-16
/epuck1/cmd_vel,90.404825092,0.025,1.7694179454963432e-16
/epuck1/cmd_vel,90.444992679,0.025,1.7694179454963432e-16
/epuck1/cmd_vel,90.497473962,0.025,1.7694179454963432e-16
/epuck1/cmd_vel,90.554359525,0.025,1.7694179454963432e-16
/epuck1/cmd_vel,90.592955636,0.025,1.7694179454963432e-16
/epuck1/cmd_vel,90.645522756,0.025,1.7694179454963432e-16
/epuck1/cmd_vel,90.718459043,0.025,1.7694179454963432e-16
/epuck1/cmd_vel,90.754047687,0.025,1.7694179454963432e-16
/epuck1/cmd_vel,90.808674883,0.025,1.7694179454963432e-16
/epuck1/cmd_vel,90.847343969,0.025,1.7694179454963432e-16
/epuck1/cmd_vel,90.906680209,0.025,1.7694179454963432e-16
/epuck1/cmd_vel,90.971607659,0.025,1.7694179454963432e-16
/epuck1/cmd_vel,91.032452961,0.025,1.7694179454963432e-16
/epuck1/cmd_vel,91.084391804,0.025,1.7694179454963432e-16
/epuck1/cmd_vel,91.120859209,0.025,1.7694179454963432e-16
/epuck1/cmd_vel,91.161818673,0.025,1.7694179454963432e-16
/epuck1/cmd_vel,91.236521458,0.025,1.7694179454963432e-16
/epuck1/cmd_vel,91.277926429,0.025,1.7694179454963432e-16
/epuck1/cmd_vel,91.33166375,0.025,1.7694179454963432e-16
/epuck1/cmd_vel,91.367247517,0.025,1.7694179454963432e-16
/epuck1/cmd_vel,91.429971447,0.025,1.7694179454963432e-16
/epuck1/cmd_vel,91.485544131,0.025,1.7694179454963432e-16
/epuck1/cmd_vel,91.542924763,0.025,1.7694179454963432e-16
/epuck1/cmd_vel,91.598951727,0.025,1.7694179454963432e-16
/epuck1/cmd_vel,91.63676672,0.025,1.7694179454963432e-16
/epuck1/cmd_vel,91.677336203,0.025,1.7694179454963432e-16
/epuck1/cmd_vel,91.751993629,0.025,1.7694179454963432e-16
/epuck1/cmd_vel,91.788995065,0.025,1.7694179454963432e-16
/epuck1/cmd_vel,91.843017296,0.025,1.7694179454963432e-16
/epuck1/cmd_vel,91.878521412,0.025,1.7694179454963432e-16
/epuck2/cmd_vel,15.027413721,0.0,0.0
/epuck2/cmd_vel,15.066758822,0.0,0.0
/epuck2/cmd_vel,15.132020074,0.0,0.0
/epuck2/cmd_vel,15.185163871,0.0,0.0
/epuck2/cmd_vel,15.24117106,0.0,0.0
/epuck2/cmd_vel,15.276801911,0.0,0.0
/epuck2/cmd_vel,15.332173279,0.0,0.0
/epuck2/cmd_vel,15.374462073,0.0,0.0
/epuck2/cmd_vel,15.457855013,0.0,0.0
/epuck2/cmd_vel,15.498335623,0.0,0.0
/epuck2/cmd_vel,15.555131446,0.0,0.0
/epuck2/cmd_vel,15.592594452,0.0,0.0
/epuck2/cmd_vel,15.6478188,0.0,0.0
/epuck2/cmd_vel,15.690212866,0.0,0.0
/epuck2/cmd_vel,15.772804088,0.0,0.0
/epuck2/cmd_vel,15.812772326,0.0,0.0
/epuck2/cmd_vel,15.867878519,0.0,0.0
/epuck2/cmd_vel,15.904703007,0.0,0.0
/epuck2/cmd_vel,15.963720369,0.0,0.0
/epuck2/cmd_vel,16.018531463,0.0,0.0
/epuck2/cmd_vel,16.092074083,0.0,0.0
/epuck2/cmd_vel,16.131596338,0.0,0.0
/epuck2/cmd_vel,16.183859542,0.0,0.0
/epuck2/cmd_vel,16.220532046,0.0,0.0
/epuck2/cmd_vel,16.284398056,0.0,0.0
/epuck2/cmd_vel,16.347685308,0.0,0.0
/epuck2/cmd_vel,16.409048961,0.0,0.0
/epuck2/cmd_vel,16.445057033,0.0,0.0
/epuck2/cmd_vel,16.499292365,0.0,0.0
/epuck2/cmd_vel,16.539061061,0.0,0.0
/epuck2/cmd_vel,16.611617518,0.0,0.0
/epuck2/cmd_vel,16.662560843,0.0,0.0
/epuck2/cmd_vel,16.720319745,0.0,0.0
/epuck2/cmd_vel,16.757298703,0.0,0.0
/epuck2/cmd_vel,16.812378406,0.0,0.0
/epuck2/cmd_vel,16.853721809,0.0,0.0
/epuck2/cmd_vel,16.936199402,0.0,0.0
/epuck2/cmd_vel,16.97880036,0.0,0.0
/epuck2/cmd_vel,17.034268982,0.0,0.0
/epuck2/cmd_vel,17.068740321,0.0,0.0
/epuck2/cmd_vel,17.127680385,0.0,0.0
/epuck2/cmd_vel,17.173036874,0.0,0.0
/epuck2/cmd_vel,17.25685279,0.0,0.0
/epuck2/cmd_vel,17.295849325,0.0,0.0
/epuck2/cmd_vel,17.351536983,0.0,0.0
/epuck2/cmd_vel,17.388900526,0.0,0.0
/epuck2/cmd_vel,17.447721189,0.0,0.0
/epuck2/cmd_vel,17.501938585,0.0,0.0
/epuck2/cmd_vel,17.558901528,0.0,0.0
/epuck2/cmd_vel,17.59653682,0.0,0.0
/epuck2/cmd_vel,17.651447067,0.0,0.0
/epuck2/cmd_vel,17.692119224,0.0,0.0
/epuck2/cmd_vel,17.770062877,0.0,0.0
/epuck2/cmd_vel,17.809114221,0.0,0.0
/epuck2/cmd_vel,17.862181424,0.0,0.0
/epuck2/cmd_vel,17.899437945,0.0,0.0
/epuck2/cmd_vel,17.965706807,0.0,0.0
/epuck2/cmd_vel,18.032932934,0.0,0.0
/epuck2/cmd_vel,18.091007355,0.0,0.0
/epuck2/cmd_vel,18.130701109,0.0,0.0
/epuck2/cmd_vel,18.184902339,0.0,0.0
/epuck2/cmd_vel,18.22811224,0.0,0.0
/epuck2/cmd_vel,18.308833999,0.0,0.0
/epuck2/cmd_vel,18.368649026,0.0,0.0
/epuck2/cmd_vel,18.405212026,0.0,0.0
/epuck2/cmd_vel,18.441040473,0.0,0.0
/epuck2/cmd_vel,18.497656671,0.0,0.0
/epuck2/cmd_vel,18.545467628,0.0,0.0
/epuck2/cmd_vel,18.602166574,0.0,0.0
/epuck2/cmd_vel,18.64336317,0.0,0.0
/epuck2/cmd_vel,18.699287937,0.0,0.0
/epuck2/cmd_vel,18.745752265,0.0,0.0
/epuck2/cmd_vel,18.808320739,0.0,0.0
/epuck2/cmd_vel,18.863602985,0.0,0.0
/epuck2/cmd_vel,18.898653361,0.0,0.0
/epuck2/cmd_vel,18.936770296,0.0,0.0
/epuck2/cmd_vel,19.01438154,0.0,0.0
/epuck2/cmd_vel,19.055376156,0.0,0.0
/epuck2/cmd_vel,19.111693977,0.0,0.0
/epuck2/cmd_vel,19.148208908,0.0,0.0
/epuck2/cmd_vel,19.204817849,0.0,0.0
/epuck2/cmd_vel,19.246998505,0.0,0.0
/epuck2/cmd_vel,19.327345904,0.0,0.0
/epuck2/cmd_vel,19.385664643,0.0,0.0
/epuck2/cmd_vel,19.423323297,0.0,0.0
/epuck2/cmd_vel,19.459064967,0.0,0.0
/epuck2/cmd_vel,19.520754498,0.0,0.0
/epuck2/cmd_vel,19.574441754,0.0,0.0
/epuck2/cmd_vel,19.634021982,0.0,0.0
/epuck2/cmd_vel,19.668411842,0.0,0.0
/epuck2/cmd_vel,19.723913886,0.0,0.0
/epuck2/cmd_vel,19.764801216,0.0,0.0
/epuck2/cmd_vel,19.846342239,0.0,0.0
/epuck2/cmd_vel,19.900030393,0.0,0.0
/epuck2/cmd_vel,19.94142769,0.0,0.0
/epuck2/cmd_vel,19.974754747,0.0,0.0
/epuck2/cmd_vel,20.052196129,0.0,0.0
/epuck2/cmd_vel,20.093971327,0.0,0.0
/epuck2/cmd_vel,20.151145491,0.0,0.0
/epuck2/cmd_vel,20.186928727,0.0,0.0
/epuck2/cmd_vel,20.244874251,0.0,0.0
/epuck2/cmd_vel,20.301741767,0.0,0.0
/epuck2/cmd_vel,20.360963978,0.0,0.0
/epuck2/cmd_vel,20.41232969,0.0,0.0
/epuck2/cmd_vel,20.4499122,0.0,0.0
/epuck2/cmd_vel,20.491699373,0.0,0.0
/epuck2/cmd_vel,20.570605641,0.0,0.0
/epuck2/cmd_vel,20.608544294,0.0,0.0
/epuck2/cmd_vel,20.663174866,0.0,0.0
/epuck2/cmd_vel,20.699045216,0.0,0.0
/epuck2/cmd_vel,20.761431301,0.0,0.0
/epuck2/cmd_vel,20.818016318,0.0,0.0
/epuck2/cmd_vel,20.878898101,0.0,0.0
/epuck2/cmd_vel,20.931094546,0.0,0.0
/epuck2/cmd_vel,20.968657276,0.0,0.0
/epuck2/cmd_vel,21.008835888,0.0,0.0
/epuck2/cmd_vel,21.087548938,0.0,0.0
/epuck2/cmd_vel,21.124213111,0.0,0.0
/epuck2/cmd_vel,21.180507884,0.0,0.0
/epuck2/cmd_vel,21.217827173,0.0,0.0
/epuck2/cmd_vel,21.294946908,0.0,0.0
/epuck2/cmd_vel,21.335260976,0.0,0.0
/epuck2/cmd_vel,21.393131913,0.0,0.0
/epuck2/cmd_vel,21.446441179,0.0,0.0
/epuck2/cmd_vel,21.488012329,0.0,0.0
/epuck2/cmd_vel,21.54447133,0.0,0.0
/epuck2/cmd_vel,21.602741817,0.0,0.0
/epuck2/cmd_vel,21.643508383,0.0,0.0
/epuck2/cmd_vel,21.695612218,0.0,0.0
/epuck2/cmd_vel,21.735562434,0.0,0.0
/epuck2/cmd_vel,21.815638959,0.0,0.0
/epuck2/cmd_vel,21.854176341,0.0,0.0
/epuck2/cmd_vel,21.908748971,0.0,0.0
/epuck2/cmd_vel,21.96397435,0.0,0.0
/epuck2/cmd_vel,22.007229455,0.0,0.0
/epuck2/cmd_vel,22.063399945,0.0,0.0
/epuck2/cmd_vel,22.12354877,0.0,0.0
/epuck2/cmd_vel,22.158309707,0.0,0.0
/epuck2/cmd_vel,22.215950711,0.0,0.0
/epuck2/cmd_vel,22.255855109,0.0,0.0
/epuck2/cmd_vel,22.334628692,0.0,0.0
/epuck2/cmd_vel,22.372127963,0.0,0.0
/epuck2/cmd_vel,22.426837908,0.0,0.0
/epuck2/cmd_vel,22.482378377,0.0,0.0
/epuck2/cmd_vel,22.543189527,0.0,0.0
/epuck2/cmd_vel,22.584334824,0.0,0.0
/epuck2/cmd_vel,22.641925678,0.0,0.0
/epuck2/cmd_vel,22.677540269,0.0,0.0
/epuck2/cmd_vel,22.734789143,0.0,0.0
/epuck2/cmd_vel,22.793236542,0.0,0.0
/epuck2/cmd_vel,22.850633873,0.0,0.0
/epuck2/cmd_vel,22.888126463,0.0,0.0
/epuck2/cmd_vel,22.942373456,0.0,0.0
/epuck2/cmd_vel,22.980473268,0.0,0.0
/epuck2/cmd_vel,23.060563735,0.0,0.0
/epuck2/cmd_vel,23.101745774,0.0,0.0
/epuck2/cmd_vel,23.154699039,0.0,0.0
/epuck2/cmd_vel,23.191058998,0.0,0.0
/epuck2/cmd_vel,23.253087772,0.0,0.0
/epuck2/cmd_vel,23.309563112,0.0,0.0
/epuck2/cmd_vel,23.367543827,0.0,0.0
/epuck2/cmd_vel,23.401608639,0.0,0.0
/epuck2/cmd_vel,23.457399184,0.0,0.0
/epuck2/cmd_vel,23.496855228,0.0,0.0
/epuck2/cmd_vel,23.582546882,0.0,0.0
/epuck2/cmd_vel,23.621798753,0.0,0.0
/epuck2/cmd_vel,23.680266172,0.0,0.0
/epuck2/cmd_vel,23.715202107,0.0,0.0
/epuck2/cmd_vel,23.775454041,0.0,0.0
/epuck2/cmd_vel,23.813980742,0.0,0.0
/epuck2/cmd_vel,23.898932967,0.0,0.0
/epuck2/cmd_vel,23.939589688,0.0,0.0
/epuck2/cmd_vel,23.991275232,0.0,0.0
/epuck2/cmd_vel,24.031181414,0.0,0.0
/epuck2/cmd_vel,24.091624646,0.0,0.0
/epuck2/cmd_vel,24.138060841,0.0,0.0
/epuck2/cmd_vel,24.210055154,0.0,0.0
/epuck2/cmd_vel,24.247142823,0.0,0.0
/epuck2/cmd_vel,24.301479408,0.0,0.0
/epuck2/cmd_vel,24.340880683,0.0,0.0
/epuck2/cmd_vel,24.405552084,0.0,0.0
/epuck2/cmd_vel,24.458998676,0.0,0.0
/epuck2/cmd_vel,24.514603662,0.0,0.0
/epuck2/cmd_vel,24.550989145,0.0,0.0
/epuck2/cmd_vel,24.607212382,0.0,0.0
/epuck2/cmd_vel,24.647460287,0.0,0.0
/epuck2/cmd_vel,24.733099381,0.0,0.0
/epuck2/cmd_vel,24.773152699,0.0,0.0
/epuck2/cmd_vel,24.827476724,0.0,0.0
/epuck2/cmd_vel,24.86367101,0.0,0.0
/epuck2/cmd_vel,24.921946776,0.0,0.0
/epuck2/cmd_vel,24.963558243,0.0,0.0
/epuck2/cmd_vel,25.048353886,0.0,0.0
/epuck2/cmd_vel,25.088431434,0.0,0.0
/epuck2/cmd_vel,25.144127352,0.0,0.0
/epuck2/cmd_vel,25.178812478,0.0,0.0
/epuck2/cmd_vel,25.239337932,0.0,0.0
/epuck2/cmd_vel,25.29115485,0.0,0.0
/epuck2/cmd_vel,25.348886408,0.0,0.0
/epuck2/cmd_vel,25.384224031,0.0,0.0
/epuck2/cmd_vel,25.441246573,0.0,0.0
/epuck2/cmd_vel,25.481514508,0.0,0.0
/epuck2/cmd_vel,25.560502068,0.0,0.0
/epuck2/cmd_vel,25.598398146,0.0,0.0
/epuck2/cmd_vel,25.656924443,0.0,0.0
/epuck2/cmd_vel,25.690899258,0.0,0.0
/epuck2/cmd_vel,25.768281989,0.0,0.0
/epuck2/cmd_vel,25.807249813,0.0,0.0
/epuck2/cmd_vel,25.863122262,0.0,0.0
/epuck2/cmd_vel,25.900760272,0.0,0.0
/epuck2/cmd_vel,25.957852423,0.0,0.0
/epuck2/cmd_vel,26.014536897,0.0,0.0
/epuck2/cmd_vel,26.075532217,0.0,0.0
/epuck2/cmd_vel,26.110337034,0.0,0.0
/epuck2/cmd_vel,26.166422276,0.0,0.0
/epuck2/cmd_vel,26.203147985,0.0,0.0
/epuck2/cmd_vel,26.280720673,0.0,0.0
/epuck2/cmd_vel,26.331831249,0.0,0.0
/epuck2/cmd_vel,26.391073625,0.0,0.0
/epuck2/cmd_vel,26.426470996,0.0,0.0
/epuck2/cmd_vel,26.480862599,0.0,0.0
/epuck2/cmd_vel,26.522239835,0.0,0.0
/epuck2/cmd_vel,26.604234503,0.0,0.0
/epuck2/cmd_vel,26.642161767,0.0,0.0
/epuck2/cmd_vel,26.696864349,0.0,0.0
/epuck2/cmd_vel,26.73593476,0.0,0.0
/epuck2/cmd_vel,26.814615908,0.0,0.0
/epuck2/cmd_vel,26.852472604,0.0,0.0
/epuck2/cmd_vel,26.90830996,0.0,0.0
/epuck2/cmd_vel,26.944271407,0.0,0.0
/epuck2/cmd_vel,27.002455851,0.0,0.0
/epuck2/cmd_vel,27.059103921,0.0,0.0
/epuck2/cmd_vel,27.118797728,0.0,0.0
/epuck2/cmd_vel,27.158236324,0.0,0.0
/epuck2/cmd_vel,27.212317261,0.0,0.0
/epuck2/cmd_vel,27.251631373,0.0,0.0
/epuck2/cmd_vel,27.327443594,0.0,0.0
/epuck2/cmd_vel,27.366439468,0.0,0.0
/epuck2/cmd_vel,27.420814622,0.0,0.0
/epuck2/cmd_vel,27.459210698,0.0,0.0
/epuck2/cmd_vel,27.517127734,0.0,0.0
/epuck2/cmd_vel,27.578253661,0.0,0.0
/epuck2/cmd_vel,27.635084621,0.0,0.0
/epuck2/cmd_vel,27.671778477,0.0,0.0
/epuck2/cmd_vel,27.729625147,0.0,0.0
/epuck2/cmd_vel,27.769293477,0.0,0.0
/epuck2/cmd_vel,27.849785582,0.0,0.0
/epuck2/cmd_vel,27.886685351,0.0,0.0
/epuck2/cmd_vel,27.944810054,0.0,0.0
/epuck2/cmd_vel,27.980836952,0.0,0.0
/epuck2/cmd_vel,28.056059826,0.0,0.0
/epuck2/cmd_vel,28.097471803,0.0,0.0
/epuck2/cmd_vel,28.155232164,0.0,0.0
/epuck2/cmd_vel,28.188510562,0.0,0.0
/epuck2/cmd_vel,28.251235724,0.0,0.0
/epuck2/cmd_vel,28.307024356,0.0,0.0
/epuck2/cmd_vel,28.367626301,0.0,0.0
/epuck2/cmd_vel,28.405382149,0.0,0.0
/epuck2/cmd_vel,28.459669461,0.0,0.0
/epuck2/cmd_vel,28.499944486,0.0,0.0
/epuck2/cmd_vel,28.573228918,0.0,0.0
/epuck2/cmd_vel,28.613370594,0.0,0.0
/epuck2/cmd_vel,28.667667872,0.0,0.0
/epuck2/cmd_vel,28.704773421,0.0,0.0
/epuck2/cmd_vel,28.764900274,0.0,0.0
/epuck2/cmd_vel,28.812750367,0.0,0.0
/epuck2/cmd_vel,28.887689202,0.0,0.0
/epuck2/cmd_vel,28.925605208,0.0,0.0
/epuck2/cmd_vel,28.980289044,0.0,0.0
/epuck2/cmd_vel,29.015227548,0.0,0.0
/epuck2/cmd_vel,29.082967518,0.0,0.0
/epuck2/cmd_vel,29.126307398,0.0,0.0
/epuck2/cmd_vel,29.181216928,0.0,0.0
/epuck2/cmd_vel,29.217402319,0.0,0.0
/epuck2/cmd_vel,29.275798673,0.0,0.0
/epuck2/cmd_vel,29.330311613,0.0,0.0
/epuck2/cmd_vel,29.390754956,0.0,0.0
/epuck2/cmd_vel,29.428542869,0.0,0.0
/epuck2/cmd_vel,29.482364667,0.0,0.0
/epuck2/cmd_vel,29.523023472,0.0,0.0
/epuck2/cmd_vel,29.599946068,0.0,0.0
/epuck2/cmd_vel,29.640610358,0.0,0.0
/epuck2/cmd_vel,29.697222754,0.0,0.0
/epuck2/cmd_vel,29.735045178,0.0,0.0
/epuck2/cmd_vel,29.793494597,0.0,0.0
/epuck2/cmd_vel,29.85402861,0.0,0.0
/epuck2/cmd_vel,29.913071818,0.0,0.0
/epuck2/cmd_vel,29.94717838,0.0,0.0
/epuck2/cmd_vel,30.003638946,0.0,0.0
/epuck2/cmd_vel,30.044624954,0.0,0.0
/epuck2/cmd_vel,30.121574634,0.0,0.0
/epuck2/cmd_vel,30.158793266,0.0,0.0
/epuck2/cmd_vel,30.210626875,0.0,0.0
/epuck2/cmd_vel,30.246706248,0.0,0.0
/epuck2/cmd_vel,30.311151803,0.0,0.0
/epuck2/cmd_vel,30.372885757,0.0,0.0
/epuck2/cmd_vel,30.433428685,0.0,0.0
/epuck2/cmd_vel,30.470153991,0.0,0.0
/epuck2/cmd_vel,30.52527671,0.0,0.0
/epuck2/cmd_vel,30.56405352,0.0,0.0
/epuck2/cmd_vel,30.63911647,0.0,0.0
/epuck2/cmd_vel,30.690277515,0.0,0.0
/epuck2/cmd_vel,30.75166227,0.0,0.0
/epuck2/cmd_vel,30.784246664,0.0,0.0
/epuck2/cmd_vel,30.841910025,0.0,0.0
/epuck2/cmd_vel,30.881694535,0.0,0.0
/epuck2/cmd_vel,30.964174741,0.0,0.0
/epuck2/cmd_vel,31.003356881,0.0,0.0
/epuck2/cmd_vel,31.060505585,0.0,0.0
/epuck2/cmd_vel,31.09525291,0.0,0.0
/epuck2/cmd_vel,31.152586531,0.0,0.0
/epuck2/cmd_vel,31.19718542,0.0,0.0
/epuck2/cmd_vel,31.279025819,0.0,0.0
/epuck2/cmd_vel,31.318070618,0.0,0.0
/epuck2/cmd_vel,31.372200807,0.0,0.0
/epuck2/cmd_vel,31.408829119,0.0,0.0
/epuck2/cmd_vel,31.468926519,0.0,0.0
/epuck2/cmd_vel,31.52376815,0.0,0.0
/epuck2/cmd_vel,31.595518807,0.0,0.0
/epuck2/cmd_vel,31.630348119,0.0,0.0
/epuck2/cmd_vel,31.685485178,0.0,0.0
/epuck2/cmd_vel,31.724411686,0.0,0.0
/epuck2/cmd_vel,31.786442136,0.0,0.0
/epuck2/cmd_vel,31.849841411,0.0,0.0
/epuck2/cmd_vel,31.910315428,0.0,0.0
/epuck2/cmd_vel,31.949036799,0.0,0.0
/epuck2/cmd_vel,32.002608482,0.0,0.0
/epuck2/cmd_vel,32.042160574,0.0,0.0
/epuck2/cmd_vel,32.115295416,0.0,0.0
/epuck2/cmd_vel,32.165292237,0.0,0.0
/epuck2/cmd_vel,32.224512909,0.0,0.0
/epuck2/cmd_vel,32.259047246,0.0,0.0
/epuck2/cmd_vel,32.316000304,0.0,0.0
/epuck2/cmd_vel,32.357743113,0.0,0.0
/epuck2/cmd_vel,32.443310336,0.0,0.0
/epuck2/cmd_vel,32.482711327,0.0,0.0
/epuck2/cmd_vel,32.539177869,0.0,0.0
/epuck2/cmd_vel,32.573848647,0.0,0.0
/epuck2/cmd_vel,32.632936071,0.0,0.0
/epuck2/cmd_vel,32.674539946,0.0,0.0
/epuck2/cmd_vel,32.772361322,0.0,0.0
/epuck2/cmd_vel,32.812732252,0.0,0.0
/epuck2/cmd_vel,32.865288816,0.0,0.0
/epuck2/cmd_vel,32.900314556,0.0,0.0
/epuck2/cmd_vel,32.963549236,0.0,0.0
/epuck2/cmd_vel,33.019885788,0.0,0.0
/epuck2/cmd_vel,33.078378627,0.0,0.0
/epuck2/cmd_vel,33.114895698,0.0,0.0
/epuck2/cmd_vel,33.170952066,0.0,0.0
/epuck2/cmd_vel,33.215460436,0.0,0.0
/epuck2/cmd_vel,33.295133,0.0,0.0
/epuck2/cmd_vel,33.334175259,0.0,0.0
/epuck2/cmd_vel,33.386913527,0.0,0.0
/epuck2/cmd_vel,33.426118285,0.0,0.0
/epuck2/cmd_vel,33.504370349,0.0,0.0
/epuck2/cmd_vel,33.54481817,0.0,0.0
/epuck2/cmd_vel,33.604544888,0.0,0.0
/epuck2/cmd_vel,33.639536491,0.0,0.0
/epuck2/cmd_vel,33.698214638,0.0,0.0
/epuck2/cmd_vel,33.753933292,0.0,0.0
/epuck2/cmd_vel,33.815223024,0.0,0.0
/epuck2/cmd_vel,33.851958005,0.0,0.0
/epuck2/cmd_vel,33.907705626,0.0,0.0
/epuck2/cmd_vel,33.950224474,0.0,0.0
/epuck2/cmd_vel,34.027860213,0.0,0.0
/epuck2/cmd_vel,34.067776022,0.0,0.0
/epuck2/cmd_vel,34.123560115,0.0,0.0
/epuck2/cmd_vel,34.162096962,0.0,0.0
/epuck2/cmd_vel,34.219804628,0.0,0.0
/epuck2/cmd_vel,34.283392456,0.0,0.0
/epuck2/cmd_vel,34.341003273,0.0,0.0
/epuck2/cmd_vel,34.376693713,0.0,0.0
/epuck2/cmd_vel,34.434548718,0.0,0.0
/epuck2/cmd_vel,34.475878659,0.0,0.0
/epuck2/cmd_vel,34.554882375,0.0,0.0
/epuck2/cmd_vel,34.591010902,0.0,0.0
/epuck2/cmd_vel,34.648340847,0.0,0.0
/epuck2/cmd_vel,34.68756269,0.0,0.0
/epuck2/cmd_vel,34.766181429,0.0,0.0
/epuck2/cmd_vel,34.806968171,0.0,0.0
/epuck2/cmd_vel,34.86533715,0.0,0.0
/epuck2/cmd_vel,34.903571256,0.0,0.0
/epuck2/cmd_vel,34.961204141,0.0,0.0
/epuck2/cmd_vel,35.014738409,0.0,0.0
/epuck2/cmd_vel,35.078967071,0.0,0.0
/epuck2/cmd_vel,35.114912863,0.0,0.0
/epuck2/cmd_vel,35.17075576,0.0,0.0
/epuck2/cmd_vel,35.210561848,0.0,0.0
/epuck2/cmd_vel,35.286836082,0.0,0.0
/epuck2/cmd_vel,35.324718816,0.0,0.0
/epuck2/cmd_vel,35.379860509,0.0,0.0
/epuck2/cmd_vel,35.417523229,0.0,0.0
/epuck2/cmd_vel,35.477864823,0.0,0.0
/epuck2/cmd_vel,35.534598241,0.0,0.0
/epuck2/cmd_vel,35.595525295,0.0,0.0
/epuck2/cmd_vel,35.628685092,0.0,0.0
/epuck2/cmd_vel,35.685464706,0.0,0.0
/epuck2/cmd_vel,35.725868634,0.0,0.0
/epuck2/cmd_vel,35.803928438,0.0,0.0
/epuck2/cmd_vel,35.842484798,0.0,0.0
/epuck2/cmd_vel,35.897924405,0.0,0.0
/epuck2/cmd_vel,35.934942279,0.0,0.0
/epuck2/cmd_vel,35.997660773,0.0,0.0
/epuck2/cmd_vel,36.055602667,0.0,0.0
/epuck2/cmd_vel,36.113770151,0.0,0.0
/epuck2/cmd_vel,36.152108419,0.0,0.0
/epuck2/cmd_vel,36.209461405,0.0,0.0
/epuck2/cmd_vel,36.249194633,0.0,0.0
/epuck2/cmd_vel,36.327727663,0.0,0.0
/epuck2/cmd_vel,36.367230374,0.0,0.0
/epuck2/cmd_vel,36.422347364,0.0,0.0
/epuck2/cmd_vel,36.460838538,0.0,0.0
/epuck2/cmd_vel,36.537732018,0.0,0.0
/epuck2/cmd_vel,36.576937762,0.0,0.0
/epuck2/cmd_vel,36.635458007,0.0,0.0
/epuck2/cmd_vel,36.670769607,0.0,0.0
/epuck2/cmd_vel,36.729091003,0.0,0.0
/epuck2/cmd_vel,36.787266931,0.0,0.0
/epuck2/cmd_vel,36.847642565,0.0,0.0
/epuck2/cmd_vel,36.885082192,0.0,0.0
/epuck2/cmd_vel,36.939562311,0.0,0.0
/epuck2/cmd_vel,36.978893442,0.0,0.0
/epuck2/cmd_vel,37.059556944,0.0,0.0
/epuck2/cmd_vel,37.097403203,0.0,0.0
/epuck2/cmd_vel,37.152572466,0.0,0.0
/epuck2/cmd_vel,37.19006582,0.0,0.0
/epuck2/cmd_vel,37.248457128,0.0,0.0
/epuck2/cmd_vel,37.301981172,0.0,0.0
/epuck2/cmd_vel,37.37684375,0.0,0.0
/epuck2/cmd_vel,37.412386984,0.0,0.0
/epuck2/cmd_vel,37.467073186,0.0,0.0
/epuck2/cmd_vel,37.50493461,0.0,0.0
/epuck2/cmd_vel,37.569280422,0.0,0.0
/epuck2/cmd_vel,37.63358807,0.0,0.0
/epuck2/cmd_vel,37.693925783,0.0,0.0
/epuck2/cmd_vel,37.730753597,0.0,0.0
/epuck2/cmd_vel,37.78638001,0.0,0.0
/epuck2/cmd_vel,37.824788568,0.0,0.0
/epuck2/cmd_vel,37.902918184,0.0,0.0
/epuck2/cmd_vel,37.952217788,0.0,0.0
/epuck2/cmd_vel,38.011273939,0.0,0.0
/epuck2/cmd_vel,38.048146318,0.0,0.0
/epuck2/cmd_vel,38.107163738,0.0,0.0
/epuck2/cmd_vel,38.147076405,0.0,0.0
/epuck2/cmd_vel,38.226164245,0.0,0.0
/epuck2/cmd_vel,38.262780458,0.0,0.0
/epuck2/cmd_vel,38.318041465,0.0,0.0
/epuck2/cmd_vel,38.354607307,0.0,0.0
/epuck2/cmd_vel,38.438401674,0.0,0.0
/epuck2/cmd_vel,38.478994343,0.0,0.0
/epuck2/cmd_vel,38.534548142,0.0,0.0
/epuck2/cmd_vel,38.571052977,0.0,0.0
/epuck2/cmd_vel,38.631388759,0.0,0.0
/epuck2/cmd_vel,38.686667025,0.0,0.0
/epuck2/cmd_vel,38.745955261,0.0,0.0
/epuck2/cmd_vel,38.783198496,0.0,0.0
/epuck2/cmd_vel,38.835705283,0.0,0.0
/epuck2/cmd_vel,38.874980092,0.0,0.0
/epuck2/cmd_vel,38.95088388,0.0,0.0
/epuck2/cmd_vel,38.999482669,0.0,0.0
/epuck2/cmd_vel,39.059063131,0.0,0.0
/epuck2/cmd_vel,39.097007302,0.0,0.0
/epuck2/cmd_vel,39.153505917,0.0,0.0
/epuck2/cmd_vel,39.193424844,0.0,0.0
/epuck2/cmd_vel,39.281631648,0.0,0.0
/epuck2/cmd_vel,39.323896199,0.0,0.0
/epuck2/cmd_vel,39.379572968,0.0,0.0
/epuck2/cmd_vel,39.415946037,0.0,0.0
/epuck2/cmd_vel,39.475042635,0.0,0.0
/epuck2/cmd_vel,39.53087852,0.0,0.0
/epuck2/cmd_vel,39.591543213,0.0,0.0
/epuck2/cmd_vel,39.62667083,0.0,0.0
/epuck2/cmd_vel,39.681528761,0.0,0.0
/epuck2/cmd_vel,39.72005836,0.0,0.0
/epuck2/cmd_vel,39.794815247,0.0,0.0
/epuck2/cmd_vel,39.849222302,0.0,0.0
/epuck2/cmd_vel,39.906396682,0.0,0.0
/epuck2/cmd_vel,39.941029108,0.0,0.0
/epuck2/cmd_vel,40.000271051,0.0,0.0
/epuck2/cmd_vel,40.039240498,0.0,0.0
/epuck2/cmd_vel,40.122178958,0.0,0.0
/epuck2/cmd_vel,40.163844217,0.0,0.0
/epuck2/cmd_vel,40.218755788,0.0,0.0
/epuck2/cmd_vel,40.256746242,0.0,0.0
/epuck2/cmd_vel,40.316071346,0.0,0.0
/epuck2/cmd_vel,40.356571853,0.0,0.0
/epuck2/cmd_vel,40.438507674,0.0,0.0
/epuck2/cmd_vel,40.478046923,0.0,0.0
/epuck2/cmd_vel,40.532720534,0.0,0.0
/epuck2/cmd_vel,40.569472994,0.0,0.0
/epuck2/cmd_vel,40.628513949,0.0,0.0
/epuck2/cmd_vel,40.686010217,0.0,0.0
/epuck2/cmd_vel,40.74458988,0.0,0.0
/epuck2/cmd_vel,40.781597533,0.0,0.0
/epuck2/cmd_vel,40.836225957,0.0,0.0
/epuck2/cmd_vel,40.879070095,0.0,0.0
/epuck2/cmd_vel,40.95621772,0.0,0.0
/epuck2/cmd_vel,40.993436091,0.0,0.0
/epuck2/cmd_vel,41.048000804,0.0,0.0
/epuck2/cmd_vel,41.085355057,0.0,0.0
/epuck2/cmd_vel,41.16275687,0.0,0.0
/epuck2/cmd_vel,41.204287219,0.0,0.0
/epuck2/cmd_vel,41.261982327,0.0,0.0
/epuck2/cmd_vel,41.298102225,0.0,0.0
/epuck2/cmd_vel,41.354349694,0.0,0.0
/epuck2/cmd_vel,41.411292694,0.0,0.0
/epuck2/cmd_vel,41.470318986,0.0,0.0
/epuck2/cmd_vel,41.50924895,0.0,0.0
/epuck2/cmd_vel,41.565170381,0.0,0.0
/epuck2/cmd_vel,41.604392637,0.0,0.0
/epuck2/cmd_vel,41.679916334,0.0,0.0
/epuck2/cmd_vel,41.718724535,0.0,0.0
/epuck2/cmd_vel,41.773592354,0.0,0.0
/epuck2/cmd_vel,41.810728815,0.0,0.0
/epuck2/cmd_vel,41.870810321,0.0,0.0
/epuck2/cmd_vel,41.920733815,0.0,0.0
/epuck2/cmd_vel,41.994857331,0.0,0.0
/epuck2/cmd_vel,42.034911576,0.0,0.0
/epuck2/cmd_vel,42.089707409,0.0,0.0
/epuck2/cmd_vel,42.125540293,0.0,0.0
/epuck2/cmd_vel,42.187021008,0.0,0.0
/epuck2/cmd_vel,42.249084701,0.0,0.0
/epuck2/cmd_vel,42.3100585,0.0,0.0
/epuck2/cmd_vel,42.346760096,0.0,0.0
/epuck2/cmd_vel,42.402604389,0.0,0.0
/epuck2/cmd_vel,42.443664859,0.0,0.0
/epuck2/cmd_vel,42.514448002,0.0,0.0
/epuck2/cmd_vel,42.566538116,0.0,0.0
/epuck2/cmd_vel,42.625706535,0.0,0.0
/epuck2/cmd_vel,42.661136888,0.0,0.0
/epuck2/cmd_vel,42.717546045,0.0,0.0
/epuck2/cmd_vel,42.757761221,0.0,0.0
/epuck2/cmd_vel,42.844543084,0.0,0.0
/epuck2/cmd_vel,42.884303588,0.0,0.0
/epuck2/cmd_vel,42.939075247,0.0,0.0
/epuck2/cmd_vel,42.976680859,0.0,0.0
/epuck2/cmd_vel,43.036150043,0.0,0.0
/epuck2/cmd_vel,43.092316423,0.0,0.0
/epuck2/cmd_vel,43.1550567,0.0,0.0
/epuck2/cmd_vel,43.190801434,0.0,0.0
/epuck2/cmd_vel,43.245375733,0.0,0.0
/epuck2/cmd_vel,43.28513393,0.0,0.0
/epuck2/cmd_vel,43.362441919,0.0,0.0
/epuck2/cmd_vel,43.404474145,0.0,0.0
/epuck2/cmd_vel,43.457049315,0.0,0.0
/epuck2/cmd_vel,43.493676571,0.0,0.0
/epuck2/cmd_vel,43.55387192,0.0,0.0
/epuck2/cmd_vel,43.610305097,0.0,0.0
/epuck2/cmd_vel,43.670129311,0.0,0.0
/epuck2/cmd_vel,43.705841032,0.0,0.0
/epuck2/cmd_vel,43.763531668,0.0,0.0
/epuck2/cmd_vel,43.802503278,0.0,0.0
/epuck2/cmd_vel,43.889844325,0.0,0.0
/epuck2/cmd_vel,43.929751477,0.0,0.0
/epuck2/cmd_vel,43.985755019,0.0,0.0
/epuck2/cmd_vel,44.023285837,0.0,0.0
/epuck2/cmd_vel,44.082320919,0.0,0.0
/epuck2/cmd_vel,44.126449712,0.0,0.0
/epuck2/cmd_vel,44.207447544,0.0,0.0
/epuck2/cmd_vel,44.247230284,0.0,0.0
/epuck2/cmd_vel,44.300753355,0.0,0.0
/epuck2/cmd_vel,44.341215773,0.0,0.0
/epuck2/cmd_vel,44.406618238,0.0,0.0
/epuck2/cmd_vel,44.445343015,0.0,0.0
/epuck2/cmd_vel,44.505857247,0.0,0.0
/epuck2/cmd_vel,44.5481857,0.0,0.0
/epuck2/cmd_vel,44.618350203,0.0,0.0
/epuck2/cmd_vel,44.656247008,0.0,0.0
/epuck2/cmd_vel,44.711605516,0.0,0.0
/epuck2/cmd_vel,44.746889511,0.0,0.0
/epuck2/cmd_vel,44.813899121,0.0,0.0
/epuck2/cmd_vel,44.867500489,0.0,0.0
/epuck2/cmd_vel,44.926074588,0.0,0.0
/epuck2/cmd_vel,44.961126007,0.0,0.0
/epuck2/cmd_vel,45.017915971,0.0,0.0
/epuck2/cmd_vel,45.056438487,0.0,0.0
/epuck2/cmd_vel,45.143197573,0.0,0.0
/epuck2/cmd_vel,45.182941866,0.0,0.0
/epuck2/cmd_vel,45.237053361,0.0,0.0
/epuck2/cmd_vel,45.274714287,0.0,0.0
/epuck2/cmd_vel,45.330411644,0.0,0.0
/epuck2/cmd_vel,45.377086738,0.0,0.0
/epuck2/cmd_vel,45.460163402,0.0,0.0
/epuck2/cmd_vel,45.499999341,0.0,0.0
/epuck2/cmd_vel,45.552684779,0.0,0.0
/epuck2/cmd_vel,45.589527189,0.0,0.0
/epuck2/cmd_vel,45.653106784,0.0,0.0
/epuck2/cmd_vel,45.703122502,0.0,0.0
/epuck2/cmd_vel,45.774956715,0.0,0.0
/epuck2/cmd_vel,45.812086255,0.0,0.0
/epuck2/cmd_vel,45.866648384,0.0,0.0
/epuck2/cmd_vel,45.903754038,0.0,0.0
/epuck2/cmd_vel,45.97273472,0.0,0.0
/epuck2/cmd_vel,46.01348825,0.0,0.0
/epuck2/cmd_vel,46.07169402,0.0,0.0
/epuck2/cmd_vel,46.104737768,0.0,0.0
/epuck2/cmd_vel,46.163535806,0.0,0.0
/epuck2/cmd_vel,46.203770102,0.0,0.0
/epuck2/cmd_vel,46.284129092,0.0,0.0
/epuck2/cmd_vel,46.326198442,0.0,0.0
/epuck2/cmd_vel,46.379633193,0.0,0.0
/epuck2/cmd_vel,46.417842706,0.0,0.0
/epuck2/cmd_vel,46.475969646,0.0,0.0
/epuck2/cmd_vel,46.532168216,0.0,0.0
/epuck2/cmd_vel,46.59101581,0.0,0.0
/epuck2/cmd_vel,46.625940071,0.0,0.0
/epuck2/cmd_vel,46.683606324,0.0,0.0
/epuck2/cmd_vel,46.723935136,0.0,0.0
/epuck2/cmd_vel,46.799985492,0.0,0.0
/epuck2/cmd_vel,46.838030853,0.0,0.0
/epuck2/cmd_vel,46.892921497,0.0,0.0
/epuck2/cmd_vel,46.93010593,0.0,0.0
/epuck2/cmd_vel,47.007995698,0.0,0.0
/epuck2/cmd_vel,47.047891713,0.0,0.0
/epuck2/cmd_vel,47.107521935,0.0,0.0
/epuck2/cmd_vel,47.143738338,0.0,0.0
/epuck2/cmd_vel,47.200892245,0.0,0.0
/epuck2/cmd_vel,47.255835328,0.0,0.0
/epuck2/cmd_vel,47.316477371,0.0,0.0
/epuck2/cmd_vel,47.352459547,0.0,0.0
/epuck2/cmd_vel,47.408085534,0.0,0.0
/epuck2/cmd_vel,47.449161674,0.0,0.0
/epuck2/cmd_vel,47.527574812,0.0,0.0
/epuck2/cmd_vel,47.567564318,0.0,0.0
/epuck2/cmd_vel,47.620584541,0.0,0.0
/epuck2/cmd_vel,47.656982333,0.0,0.0
/epuck2/cmd_vel,47.717881976,0.0,0.0
/epuck2/cmd_vel,47.774294347,0.0,0.0
/epuck2/cmd_vel,47.832218257,0.0,0.0
/epuck2/cmd_vel,47.866787379,0.0,0.0
/epuck2/cmd_vel,47.924013602,0.0,0.0
/epuck2/cmd_vel,47.963080206,0.0,0.0
/epuck2/cmd_vel,48.047890905,0.0,0.0
/epuck2/cmd_vel,48.086962421,0.0,0.0
/epuck2/cmd_vel,48.143428192,0.0,0.0
/epuck2/cmd_vel,48.179477537,0.0,0.0
/epuck2/cmd_vel,48.237529488,0.0,0.0
/epuck2/cmd_vel,48.280377718,0.0,0.0
/epuck2/cmd_vel,48.363512463,0.0,0.0
/epuck2/cmd_vel,48.402008184,0.0,0.0
/epuck2/cmd_vel,48.457668582,0.0,0.0
/epuck2/cmd_vel,48.493685573,0.0,0.0
/epuck2/cmd_vel,48.55350515,0.0,0.0
/epuck2/cmd_vel,48.609097344,0.0,0.0
/epuck2/cmd_vel,48.681034161,0.0,0.0
/epuck2/cmd_vel,48.71786741,0.0,0.0
/epuck2/cmd_vel,48.772241009,0.0,0.0
/epuck2/cmd_vel,48.81313028,0.0,0.0
/epuck2/cmd_vel,48.872827928,0.0,0.0
/epuck2/cmd_vel,48.934819314,0.0,0.0
/epuck2/cmd_vel,48.994762216,0.0,0.0
/epuck2/cmd_vel,49.031355789,0.0,0.0
/epuck2/cmd_vel,49.085624597,0.0,0.0
/epuck2/cmd_vel,49.126946383,0.0,0.0
/epuck2/cmd_vel,49.198318943,0.0,0.0
/epuck2/cmd_vel,49.251078573,0.0,0.0
/epuck2/cmd_vel,49.309463575,0.0,0.0
/epuck2/cmd_vel,49.345645309,0.0,0.0
/epuck2/cmd_vel,49.399500182,0.0,0.0
/epuck2/cmd_vel,49.440240101,0.0,0.0
/epuck2/cmd_vel,49.519800521,0.0,0.0
/epuck2/cmd_vel,49.556118137,0.0,0.0
/epuck2/cmd_vel,49.608544103,0.0,0.0
/epuck2/cmd_vel,49.64724769,0.0,0.0
/epuck2/cmd_vel,49.725982135,0.0,0.0
/epuck2/cmd_vel,49.768234727,0.0,0.0
/epuck2/cmd_vel,49.825292559,0.0,0.0
/epuck2/cmd_vel,49.861958816,0.0,0.0
/epuck2/cmd_vel,49.918658723,0.0,0.0
/epuck2/cmd_vel,49.974564974,0.0,0.0
/epuck2/cmd_vel,50.036138997,0.0,0.0
/epuck2/cmd_vel,50.074041162,0.0,0.0
/epuck2/cmd_vel,50.126820977,0.0,0.0
/epuck2/cmd_vel,50.165324669,0.0,0.0
/epuck2/cmd_vel,50.239668504,0.0,0.0
/epuck2/cmd_vel,50.279524382,0.0,0.0
/epuck2/cmd_vel,50.336474457,0.0,0.0
/epuck2/cmd_vel,50.370871177,0.0,0.0
/epuck2/cmd_vel,50.430772684,0.0,0.0
/epuck2/cmd_vel,50.490191852,0.0,0.0
/epuck2/cmd_vel,50.547990013,0.0,0.0
/epuck2/cmd_vel,50.586145426,0.0,0.0
/epuck2/cmd_vel,50.643084619,0.0,0.0
/epuck2/cmd_vel,50.683747358,0.0,0.0
/epuck2/cmd_vel,50.758744128,0.0,0.0
/epuck2/cmd_vel,50.795620424,0.0,0.0
/epuck2/cmd_vel,50.850763422,0.0,0.0
/epuck2/cmd_vel,50.886400828,0.0,0.0
/epuck2/cmd_vel,50.951856244,0.0,0.0
/epuck2/cmd_vel,51.012969879,0.0,0.0
/epuck2/cmd_vel,51.071344233,0.0,0.0
/epuck2/cmd_vel,51.109033251,0.0,0.0
/epuck2/cmd_vel,51.162245029,0.0,0.0
/epuck2/cmd_vel,51.202778924,0.0,0.0
/epuck2/cmd_vel,51.274350652,0.0,0.0
/epuck2/cmd_vel,51.328244306,0.0,0.0
/epuck2/cmd_vel,51.385226163,0.0,0.0
/epuck2/cmd_vel,51.4211549,0.0,0.0
/epuck2/cmd_vel,51.476931498,0.0,0.0
/epuck2/cmd_vel,51.520307773,0.0,0.0
/epuck2/cmd_vel,51.604444304,0.0,0.0
/epuck2/cmd_vel,51.644618797,0.0,0.0
/epuck2/cmd_vel,51.701510429,0.0,0.0
/epuck2/cmd_vel,51.736847116,0.0,0.0
/epuck2/cmd_vel,51.796140385,0.0,0.0
/epuck2/cmd_vel,51.836135825,0.0,0.0
/epuck2/cmd_vel,51.918959505,0.0,0.0
/epuck2/cmd_vel,51.960787031,0.0,0.0
/epuck2/cmd_vel,52.012134761,0.0,0.0
/epuck2/cmd_vel,52.051181869,0.0,0.0
/epuck2/cmd_vel,52.111276811,0.0,0.0
/epuck2/cmd_vel,52.1668285,0.0,0.0
/epuck2/cmd_vel,52.225382746,0.0,0.0
/epuck2/cmd_vel,52.262738271,0.0,0.0
/epuck2/cmd_vel,52.317687013,0.0,0.0
/epuck2/cmd_vel,52.355265076,0.0,0.0
/epuck2/cmd_vel,52.432132043,0.0,0.0
/epuck2/cmd_vel,52.482521366,0.0,0.0
/epuck2/cmd_vel,52.543494282,0.0,0.0
/epuck2/cmd_vel,52.578260192,0.0,0.0
/epuck2/cmd_vel,52.633925944,0.0,0.0
/epuck2/cmd_vel,52.676485448,0.0,0.0
/epuck2/cmd_vel,52.755656724,0.0,0.0
/epuck2/cmd_vel,52.788757296,0.0,0.0
/epuck2/cmd_vel,52.846053358,0.0,0.0
/epuck2/cmd_vel,52.881398863,0.0,0.0
/epuck2/cmd_vel,52.9443905,0.0,0.0
/epuck2/cmd_vel,53.008449583,0.0,0.0
/epuck2/cmd_vel,53.069330616,0.0,0.0
/epuck2/cmd_vel,53.103510355,0.0,0.0
/epuck2/cmd_vel,53.156101198,0.0,0.0
/epuck2/cmd_vel,53.195001176,0.0,0.0
/epuck2/cmd_vel,53.267941164,0.0,0.0
/epuck2/cmd_vel,53.318705667,0.0,0.0
/epuck2/cmd_vel,53.377641125,0.0,0.0
/epuck2/cmd_vel,53.415002697,0.0,0.0
/epuck2/cmd_vel,53.470380921,0.0,0.0
/epuck2/cmd_vel,53.509354902,0.0,0.0
/epuck2/cmd_vel,53.58540272,0.0,0.0
/epuck2/cmd_vel,53.623078455,0.0,0.0
/epuck2/cmd_vel,53.677241514,0.0,0.0
/epuck2/cmd_vel,53.716211106,0.0,0.0
/epuck2/cmd_vel,53.792490308,0.0,0.0
/epuck2/cmd_vel,53.833774141,0.0,0.0
/epuck2/cmd_vel,53.888584677,0.0,0.0
/epuck2/cmd_vel,53.92496865,0.0,0.0
/epuck2/cmd_vel,53.982373624,0.0,0.0
/epuck2/cmd_vel,54.042444422,0.0,0.0
/epuck2/cmd_vel,54.103162031,0.0,0.0
/epuck2/cmd_vel,54.138704892,0.0,0.0
/epuck2/cmd_vel,54.192075528,0.0,0.0
/epuck2/cmd_vel,54.231481401,0.0,0.0
/epuck2/cmd_vel,54.315892754,0.0,0.0
/epuck2/cmd_vel,54.352417,0.0,0.0
/epuck2/cmd_vel,54.407268837,0.0,0.0
/epuck2/cmd_vel,54.443247692,0.0,0.0
/epuck2/cmd_vel,54.500959417,0.0,0.0
/epuck2/cmd_vel,54.562417078,0.0,0.0
/epuck2/cmd_vel,54.618924335,0.0,0.0
/epuck2/cmd_vel,54.655953684,0.0,0.0
/epuck2/cmd_vel,54.711048948,0.0,0.0
/epuck2/cmd_vel,54.752888986,0.0,0.0
/epuck2/cmd_vel,54.828497794,0.0,0.0
/epuck2/cmd_vel,54.865675233,0.0,0.0
/epuck2/cmd_vel,54.919379944,0.0,0.0
/epuck2/cmd_vel,54.956881504,0.0,0.0
/epuck2/cmd_vel,55.038327241,0.0,0.0
/epuck2/cmd_vel,55.080426674,0.0,0.0
/epuck2/cmd_vel,55.135725269,0.0,0.0
/epuck2/cmd_vel,55.171234843,0.0,0.0
/epuck2/cmd_vel,55.227621128,0.0,0.0
/epuck2/cmd_vel,55.28842927,0.0,0.0
/epuck2/cmd_vel,55.350141029,0.0,0.0
/epuck2/cmd_vel,55.385811742,0.0,0.0
/epuck2/cmd_vel,55.439329528,0.0,0.0
/epuck2/cmd_vel,55.480699946,0.0,0.0
/epuck2/cmd_vel,55.556918827,0.0,0.0
/epuck2/cmd_vel,55.597574188,0.0,0.0
/epuck2/cmd_vel,55.650890351,0.0,0.0
/epuck2/cmd_vel,55.688111532,0.0,0.0
/epuck2/cmd_vel,55.749852008,0.0,0.0
/epuck2/cmd_vel,55.804803196,0.0,0.0
/epuck2/cmd_vel,55.862566744,0.0,0.0
/epuck2/cmd_vel,55.90081748,0.0,0.0
/epuck2/cmd_vel,55.955963427,0.0,0.0
/epuck2/cmd_vel,55.995873893,0.0,0.0
/epuck2/cmd_vel,56.07154293,0.0,0.0
/epuck2/cmd_vel,56.109648502,0.0,0.0
/epuck2/cmd_vel,56.1641743,0.0,0.0
/epuck2/cmd_vel,56.200896838,0.0,0.0
/epuck2/cmd_vel,56.265388038,0.0,0.0
/epuck2/cmd_vel,56.329150182,0.0,0.0
/epuck2/cmd_vel,56.390838123,0.0,0.0
/epuck2/cmd_vel,56.425410283,0.0,0.0
/epuck2/cmd_vel,56.480879208,0.0,0.0
/epuck2/cmd_vel,56.521029369,0.0,0.0
/epuck2/cmd_vel,56.600132411,0.0,0.0
/epuck2/cmd_vel,56.639934994,0.0,0.0
/epuck2/cmd_vel,56.690390159,0.0,0.0
/epuck2/cmd_vel,56.727757203,0.0,0.0
/epuck2/cmd_vel,56.787499564,0.0,0.0
/epuck2/cmd_vel,56.84294436,0.0,0.0
/epuck2/cmd_vel,56.913849005,0.0,0.0
/epuck2/cmd_vel,56.949521033,0.0,0.0
/epuck2/cmd_vel,57.004690337,0.0,0.0
/epuck2/cmd_vel,57.04405941,0.0,0.0
/epuck2/cmd_vel,57.105859451,0.0,0.0
/epuck2/cmd_vel,57.169292874,0.0,0.0
/epuck2/cmd_vel,57.228226146,0.0,0.0
/epuck2/cmd_vel,57.263559868,0.0,0.0
/epuck2/cmd_vel,57.31805211,0.0,0.0
/epuck2/cmd_vel,57.359990348,0.0,0.0
/epuck2/cmd_vel,57.432793163,0.0,0.0
/epuck2/cmd_vel,57.483955331,0.0,0.0
/epuck2/cmd_vel,57.540416645,0.0,0.0
/epuck2/cmd_vel,57.577485244,0.0,0.0
/epuck2/cmd_vel,57.631554759,0.0,0.0
/epuck2/cmd_vel,57.673726096,0.0,0.0
/epuck2/cmd_vel,57.759522392,0.0,0.0
/epuck2/cmd_vel,57.801436403,0.0,0.0
/epuck2/cmd_vel,57.8568406,0.0,0.0
/epuck2/cmd_vel,57.891588186,0.0,0.0
/epuck2/cmd_vel,57.949503152,0.0,0.0
/epuck2/cmd_vel,57.992535732,0.0,0.0
/epuck2/cmd_vel,58.0742695,0.0,0.0
/epuck2/cmd_vel,58.117118046,0.0,0.0
/epuck2/cmd_vel,58.169521334,0.0,0.0
/epuck2/cmd_vel,58.207817467,0.0,0.0
/epuck2/cmd_vel,58.26660444,0.0,0.0
/epuck2/cmd_vel,58.317541832,0.0,0.0
/epuck2/cmd_vel,58.391235803,0.0,0.0
/epuck2/cmd_vel,58.429184903,0.0,0.0
/epuck2/cmd_vel,58.481704533,0.0,0.0
/epuck2/cmd_vel,58.52126558,0.0,0.0
/epuck2/cmd_vel,58.581291347,0.0,0.0
/epuck2/cmd_vel,58.643296832,0.0,0.0
/epuck2/cmd_vel,58.70478052,0.0,0.0
/epuck2/cmd_vel,58.743132581,0.0,0.0
/epuck2/cmd_vel,58.795539657,0.0,0.0
/epuck2/cmd_vel,58.837097967,0.0020000000000003127,-8.742278012618954e-08
/epuck2/cmd_vel,58.909201026,0.0049999999999997165,-8.742278012618954e-08
/epuck2/cmd_vel,58.960853349,0.007000000000000029,-8.742278012618954e-08
/epuck2/cmd_vel,59.018129662,0.010000000000000142,-8.742278012618954e-08
/epuck2/cmd_vel,59.054059121,0.011999999999999745,-8.742278012618954e-08
/epuck2/cmd_vel,59.109730253,0.014999999999999859,-8.742278012618954e-08
/epuck2/cmd_vel,59.153874726,0.01700000000000017,-8.742278012618954e-08
/epuck2/cmd_vel,59.23712333,0.020000000000000285,-8.742278012618954e-08
/epuck2/cmd_vel,59.277258738,0.021999999999999888,-8.742278012618954e-08
/epuck2/cmd_vel,59.332925284,0.025,-8.742278012618954e-08
/epuck2/cmd_vel,59.366584641,0.025,-8.742278012618954e-08
/epuck2/cmd_vel,59.426760189,0.025,-8.742278012618954e-08
/epuck2/cmd_vel,59.468003134,0.025,-8.742278012618954e-08
/epuck2/cmd_vel,59.553663398,0.025,-8.742278012618954e-08
/epuck2/cmd_vel,59.591471981,0.025,-8.742278012618954e-08
/epuck2/cmd_vel,59.64625808,0.025,-8.742278012618954e-08
/epuck2/cmd_vel,59.683295674,0.025,-8.742278012618954e-08
/epuck2/cmd_vel,59.742409442,0.025,-8.742278012618954e-08
/epuck2/cmd_vel,59.79803701,0.025,-8.742278012618954e-08
/epuck2/cmd_vel,59.855919827,0.025,-8.742278012618954e-08
/epuck2/cmd_vel,59.894211699,0.025,-8.742278012618954e-08
/epuck2/cmd_vel,59.948221429,0.025,-8.742278012618954e-08
/epuck2/cmd_vel,59.989375401,0.025,-8.742278012618954e-08
/epuck2/cmd_vel,60.066976486,0.025,-8.742278012618954e-08
/epuck2/cmd_vel,60.106269465,0.025,-8.742278012618954e-08
/epuck2/cmd_vel,60.159463322,0.025,-8.742278012618954e-08
/epuck2/cmd_vel,60.196301393,0.025,-8.742278012618954e-08
/epuck2/cmd_vel,60.273642404,0.025,-8.742278012618954e-08
/epuck2/cmd_vel,60.314263268,0.025,-8.742278012618954e-08
/epuck2/cmd_vel,60.371211309,0.025,-8.742278012618954e-08
/epuck2/cmd_vel,60.404994377,0.025,-8.742278012618954e-08
/epuck2/cmd_vel,60.463317453,0.025,-8.742278012618954e-08
/epuck2/cmd_vel,60.522091896,0.025,-8.742278012618954e-08
/epuck2/cmd_vel,60.581292885,0.025,-8.742278012618954e-08
/epuck2/cmd_vel,60.617465469,0.025,-8.742278012618954e-08
/epuck2/cmd_vel,60.673171053,0.025,-8.742278012618954e-08
/epuck2/cmd_vel,60.711949266,0.025,-8.742278012618954e-08
/epuck2/cmd_vel,60.78902781,0.025,-8.742278012618954e-08
/epuck2/cmd_vel,60.829889908,0.025,-8.742278012618954e-08
/epuck2/cmd_vel,60.882837845,0.025,-8.742278012618954e-08
/epuck2/cmd_vel,60.918929985,0.025,-8.742278012618954e-08
/epuck2/cmd_vel,60.979971584,0.025,-8.742278012618954e-08
/epuck2/cmd_vel,61.041699921,0.025,-8.742278012618954e-08
/epuck2/cmd_vel,61.098789444,0.025,-8.742278012618954e-08
/epuck2/cmd_vel,61.132684675,0.025,-8.742278012618954e-08
/epuck2/cmd_vel,61.189401073,0.025,-8.742278012618954e-08
/epuck2/cmd_vel,61.229974054,0.025,-8.742278012618954e-08
/epuck2/cmd_vel,61.310727543,0.025,-8.742278012618954e-08
/epuck2/cmd_vel,61.346968145,0.025,-8.742278012618954e-08
/epuck2/cmd_vel,61.402149354,0.025,-8.742278012618954e-08
/epuck2/cmd_vel,61.440350533,0.025,-8.742278012618954e-08
/epuck2/cmd_vel,61.52106642,0.025,-8.742278012618954e-08
/epuck2/cmd_vel,61.563005931,0.025,-8.742278012618954e-08
/epuck2/cmd_vel,61.620998395,0.025,-8.742278012618954e-08
/epuck2/cmd_vel,61.654777628,0.025,-8.742278012618954e-08
/epuck2/cmd_vel,61.713549655,0.025,-8.742278012618954e-08
/epuck2/cmd_vel,61.769855526,0.025,-8.742278012618954e-08
/epuck2/cmd_vel,61.831541738,0.025,-8.742278012618954e-08
/epuck2/cmd_vel,61.866564622,0.025,-8.742278012618954e-08
/epuck2/cmd_vel,61.921249229,0.025,-8.742278012618954e-08
/epuck2/cmd_vel,61.961434779,0.025,-8.742278012618954e-08
/epuck2/cmd_vel,62.037784707,0.025,-8.742278012618954e-08
/epuck2/cmd_vel,62.07792646,0.025,-8.742278012618954e-08
/epuck2/cmd_vel,62.131894383,0.025,-8.742278012618954e-08
/epuck2/cmd_vel,62.17151033,0.025,-8.742278012618954e-08
/epuck2/cmd_vel,62.23076016,0.025,-8.742278012618954e-08
/epuck2/cmd_vel,62.2864583,0.025,-8.742278012618954e-08
/epuck2/cmd_vel,62.344901866,0.025,-8.742278012618954e-08
/epuck2/cmd_vel,62.381825844,0.025,-8.742278012618954e-08
/epuck2/cmd_vel,62.437441103,0.025,-8.742278012618954e-08
/epuck2/cmd_vel,62.47858181,0.025,-8.742278012618954e-08
/epuck2/cmd_vel,62.555864566,0.025,-8.742278012618954e-08
/epuck2/cmd_vel,62.594680432,0.025,-8.742278012618954e-08
/epuck2/cmd_vel,62.649256544,0.025,-8.742278012618954e-08
/epuck2/cmd_vel,62.68646437,0.025,-8.742278012618954e-08
/epuck2/cmd_vel,62.764826466,0.025,-8.742278012618954e-08
/epuck2/cmd_vel,62.802545538,0.025,-8.742278012618954e-08
/epuck2/cmd_vel,62.859013139,0.025,-8.742278012618954e-08
/epuck2/cmd_vel,62.897107716,0.025,-8.742278012618954e-08
/epuck2/cmd_vel,62.953577535,0.025,-8.742278012618954e-08
/epuck2/cmd_vel,63.010353219,0.025,-8.742278012618954e-08
/epuck2/cmd_vel,63.072293158,0.025,-8.742278012618954e-08
/epuck2/cmd_vel,63.109973436,0.025,-8.742278012618954e-08
/epuck2/cmd_vel,63.165188006,0.025,-8.742278012618954e-08
/epuck2/cmd_vel,63.20301938,0.025,-8.742278012618954e-08
/epuck2/cmd_vel,63.282386596,0.025,-8.742278012618954e-08
/epuck2/cmd_vel,63.323314268,0.025,-8.742278012618954e-08
/epuck2/cmd_vel,63.376186617,0.025,-8.742278012618954e-08
/epuck2/cmd_vel,63.41228035,0.025,-8.742278012618954e-08
/epuck2/cmd_vel,63.47201879,0.025,-8.742278012618954e-08
/epuck2/cmd_vel,63.527619125,0.025,-8.742278012618954e-08
/epuck2/cmd_vel,63.599735581,0.025,-8.742278012618954e-08
/epuck2/cmd_vel,63.636303043,0.025,-8.742278012618954e-08
/epuck2/cmd_vel,63.692090177,0.025,-8.742278012618954e-08
/epuck2/cmd_vel,63.729823714,0.025,-8.742278012618954e-08
/epuck2/cmd_vel,63.808492402,0.025,-8.742278012618954e-08
/epuck2/cmd_vel,63.849338793,0.025,-8.742278012618954e-08
/epuck2/cmd_vel,63.908122194,0.025,-8.742278012618954e-08
/epuck2/cmd_vel,63.944309528,0.025,-8.742278012618954e-08
/epuck2/cmd_vel,64.001917482,0.025,-8.742278012618954e-08
/epuck2/cmd_vel,64.061014801,0.025,-8.742278012618954e-08
/epuck2/cmd_vel,64.119222929,0.025,-8.742278012618954e-08
/epuck2/cmd_vel,64.156668896,0.025,-8.742278012618954e-08
/epuck2/cmd_vel,64.215080972,0.025,-8.742278012618954e-08
/epuck2/cmd_vel,64.25498169,0.025,-8.742278012618954e-08
/epuck2/cmd_vel,64.328857079,0.025,-8.742278012618954e-08
/epuck2/cmd_vel,64.369406939,0.025,-8.742278012618954e-08
/epuck2/cmd_vel,64.424106471,0.025,-8.742278012618954e-08
/epuck2/cmd_vel,64.458585475,0.025,-8.742278012618954e-08
/epuck2/cmd_vel,64.520623628,0.025,-8.742278012618954e-08
/epuck2/cmd_vel,64.581372674,0.025,-8.742278012618954e-08
/epuck2/cmd_vel,64.637339572,0.025,-8.742278012618954e-08
/epuck2/cmd_vel,64.672036885,0.025,-8.742278012618954e-08
/epuck2/cmd_vel,64.729193262,0.025,-8.742278012618954e-08
/epuck2/cmd_vel,64.770778518,0.025,-8.742278012618954e-08
/epuck2/cmd_vel,64.846769476,0.025,-8.742278012618954e-08
/epuck2/cmd_vel,64.884408919,0.025,-8.742278012618954e-08
/epuck2/cmd_vel,64.937128213,0.025,-8.742278012618954e-08
/epuck2/cmd_vel,64.977591124,0.025,-8.742278012618954e-08
/epuck2/cmd_vel,65.055638674,0.025,-8.742278012618954e-08
/epuck2/cmd_vel,65.097447129,0.025,-8.742278012618954e-08
/epuck2/cmd_vel,65.155979106,0.025,-8.742278012618954e-08
/epuck2/cmd_vel,65.191923691,0.025,-8.742278012618954e-08
/epuck2/cmd_vel,65.253860971,0.025,-8.742278012618954e-08
/epuck2/cmd_vel,65.307359303,0.025,-8.742278012618954e-08
/epuck2/cmd_vel,65.366807122,0.025,-8.742278012618954e-08
/epuck2/cmd_vel,65.4054226,0.025,-8.742278012618954e-08
/epuck2/cmd_vel,65.461313872,0.025,-8.742278012618954e-08
/epuck2/cmd_vel,65.499071865,0.025,-8.742278012618954e-08
/epuck2/cmd_vel,65.577563252,0.025,-8.742278012618954e-08
/epuck2/cmd_vel,65.630568578,0.025,-8.742278012618954e-08
/epuck2/cmd_vel,65.687227275,0.025,-8.742278012618954e-08
/epuck2/cmd_vel,65.724306288,0.025,-8.742278012618954e-08
/epuck2/cmd_vel,65.782261359,0.025,-8.742278012618954e-08
/epuck2/cmd_vel,65.821916661,0.025,-8.742278012618954e-08
/epuck2/cmd_vel,65.90103685,0.025,-8.742278012618954e-08
/epuck2/cmd_vel,65.939698805,0.025,-8.742278012618954e-08
/epuck2/cmd_vel,65.995310014,0.025,-8.742278012618954e-08
/epuck2/cmd_vel,66.032073937,0.025,-8.742278012618954e-08
/epuck2/cmd_vel,66.111060686,0.025,-8.742278012618954e-08
/epuck2/cmd_vel,66.15108239,0.020999999999999377,-0.12000008742279888
/epuck2/cmd_vel,66.207849755,0.01500000000000057,-0.3000000874227631
/epuck2/cmd_vel,66.242914072,0.010999999999999944,-0.42000008742278183
/epuck2/cmd_vel,66.303259583,0.006,-0.6000000874227887
/epuck2/cmd_vel,66.346242191,0.006,-0.65
/epuck2/cmd_vel,66.429978463,0.006,-0.65
/epuck2/cmd_vel,66.470969729,0.006,-0.65
/epuck2/cmd_vel,66.524730223,0.006,-0.65
/epuck2/cmd_vel,66.562228424,0.006,-0.65
/epuck2/cmd_vel,66.622193187,0.006,-0.65
/epuck2/cmd_vel,66.677487762,0.006,-0.65
/epuck2/cmd_vel,66.749919029,0.006,-0.65
/epuck2/cmd_vel,66.78810917,0.006,-0.65
/epuck2/cmd_vel,66.843602637,0.006,-0.65
/epuck2/cmd_vel,66.880622509,0.006,-0.65
/epuck2/cmd_vel,66.945121219,0.006,-0.65
/epuck2/cmd_vel,67.008510987,0.008000000000000312,-0.489999999999975
/epuck2/cmd_vel,67.067328123,0.011000000000000426,-0.24999999999996592
/epuck2/cmd_vel,67.103183546,0.012,-0.08999999999999775
/epuck2/cmd_vel,67.16049617,0.012,0.051597476000811854
/epuck2/cmd_vel,67.198428011,0.012,0.08733179568770151
/epuck2/cmd_vel,67.272085009,0.012,0.08733179568770151
/epuck2/cmd_vel,67.322569189,0.012,0.07542064189436654
/epuck2/cmd_vel,67.382389501,0.012,0.07542064189436654
/epuck2/cmd_vel,67.417852613,0.012,0.07542064189436654
/epuck2/cmd_vel,67.477474807,0.012,0.059538531298663426
/epuck2/cmd_vel,67.516541401,0.012,0.059538531298663426
/epuck2/cmd_vel,67.601126124,0.012,0.04762694835188608
/epuck2/cmd_vel,67.643679423,0.012,0.04762694835188608
/epuck2/cmd_vel,67.701411337,0.012,0.03571536540510874
/epuck2/cmd_vel,67.733838343,0.012,0.03571536540510874
/epuck2/cmd_vel,67.794839011,0.012,0.027774310107257172
/epuck2/cmd_vel,67.852106736,0.012,0.027774310107257172
/epuck2/cmd_vel,67.913731457,0.012,0.019833683962847994
/epuck2/cmd_vel,67.950867674,0.012,0.019833683962847994
/epuck2/cmd_vel,68.004460445,0.012,0.019833683962847994
/epuck2/cmd_vel,68.043875056,0.012,0.015863156313922207
/epuck2/cmd_vel,68.121856541,0.012,0.015863156313922207
/epuck2/cmd_vel,68.161150693,0.012,0.01189262866499643
/epuck2/cmd_vel,68.218370806,0.012,0.01189262866499643
/epuck2/cmd_vel,68.253753863,0.012,0.007922101016070649
/epuck2/cmd_vel,68.315061637,0.012,0.007922101016070649
/epuck2/cmd_vel,68.370604777,0.012,0.007922101016070649
/epuck2/cmd_vel,68.431271544,0.012,0.007922101016070649
/epuck2/cmd_vel,68.465072547,0.012,0.007922101016070649
/epuck2/cmd_vel,68.52256867,0.012,0.003951573367144867
/epuck2/cmd_vel,68.563006076,0.012,0.003951573367144867
/epuck2/cmd_vel,68.642881823,0.012,0.003951573367144867
/epuck2/cmd_vel,68.681860349,0.012,0.003951573367144867
/epuck2/cmd_vel,68.735916052,0.012,0.003951573367144867
/epuck2/cmd_vel,68.773947496,0.012,0.003951573367144867
/epuck2/cmd_vel,68.853151368,0.012,0.003951573367144867
/epuck2/cmd_vel,68.894335358,0.012,0.003951573367144867
/epuck2/cmd_vel,68.951091974,0.012,0.003951573367144867
/epuck2/cmd_vel,68.98574664,0.012,0.003951573367144867
/epuck2/cmd_vel,69.044130758,0.012,0.003951573367144867
/epuck2/cmd_vel,69.098882088,0.012,-1.895428178091442e-05
/epuck2/cmd_vel,69.159490406,0.012,-1.8954281780914074e-05
/epuck2/cmd_vel,69.198432262,0.012,-1.8954281780914074e-05
/epuck2/cmd_vel,69.251968926,0.012,-1.8954281780914074e-05
/epuck2/cmd_vel,69.291708117,0.012,-1.8954281780914074e-05
/epuck2/cmd_vel,69.37130874,0.012,-1.8954281780914074e-05
/epuck2/cmd_vel,69.411084995,0.012,-1.8954281780914074e-05
/epuck2/cmd_vel,69.465361942,0.012,-1.8954281780914074e-05
/epuck2/cmd_vel,69.503326665,0.012,-1.8954281780914074e-05
/epuck2/cmd_vel,69.561973185,0.012,-1.8954281780914074e-05
/epuck2/cmd_vel,69.615434013,0.012,-1.8954281780914074e-05
/epuck2/cmd_vel,69.691488012,0.012,-1.8954281780914074e-05
/epuck2/cmd_vel,69.730406062,0.012,-1.8954281780914074e-05
/epuck2/cmd_vel,69.786888688,0.012,-1.8954281780914074e-05
/epuck2/cmd_vel,69.826226298,0.012,-1.8954281780914074e-05
/epuck2/cmd_vel,69.898431332,0.012,-1.8954281780914074e-05
/epuck2/cmd_vel,69.942281499,0.012,-1.8954281780914074e-05
/epuck2/cmd_vel,69.996962426,0.012,-1.8954281780914074e-05
/epuck2/cmd_vel,70.032210798,0.012,-1.8954281780914074e-05
/epuck2/cmd_vel,70.09240033,0.012,-1.8954281780914074e-05
/epuck2/cmd_vel,70.134260694,0.012,-1.8954281780914074e-05
/epuck2/cmd_vel,70.216017603,0.012,-1.8954281780914074e-05
/epuck2/cmd_vel,70.255417098,0.012,-1.8954281780914074e-05
/epuck2/cmd_vel,70.312643291,0.012,-1.8954281780914074e-05
/epuck2/cmd_vel,70.349514479,0.012,-1.8954281780914074e-05
/epuck2/cmd_vel,70.409333106,0.012,-1.8954281780914074e-05
/epuck2/cmd_vel,70.464719117,0.012,-1.8954281780914074e-05
/epuck2/cmd_vel,70.538650258,0.012,-1.8954281780914074e-05
/epuck2/cmd_vel,70.575196802,0.012,-1.8954281780914074e-05
/epuck2/cmd_vel,70.630556019,0.012,-1.8954281780914074e-05
/epuck2/cmd_vel,70.668597028,0.012,-1.8954281780914074e-05
/epuck2/cmd_vel,70.748257953,0.012,-1.8954281780914074e-05
/epuck2/cmd_vel,70.789616951,0.012,-1.8954281780914074e-05
/epuck2/cmd_vel,70.846215032,0.012,-1.8954281780914074e-05
/epuck2/cmd_vel,70.884898002,0.012,-1.8954281780914074e-05
/epuck2/cmd_vel,70.941492937,0.012,-1.8954281780914074e-05
/epuck2/cmd_vel,70.999017352,0.012,-1.8954281780914074e-05
/epuck2/cmd_vel,71.059512861,0.012,-1.8954281780914074e-05
/epuck2/cmd_vel,71.095659236,0.012,-1.8954281780914074e-05
/epuck2/cmd_vel,71.149858291,0.012,-1.8954281780914074e-05
/epuck2/cmd_vel,71.191818705,0.012,-1.8954281780914074e-05
/epuck2/cmd_vel,71.269080591,0.012,-1.8954281780914074e-05
/epuck2/cmd_vel,71.311178179,0.012,-1.8954281780914074e-05
/epuck2/cmd_vel,71.364965312,0.012,-1.8954281780914074e-05
/epuck2/cmd_vel,71.401242944,0.012,-1.8954281780914074e-05
/epuck2/cmd_vel,71.462231396,0.012,-1.8954281780914074e-05
/epuck2/cmd_vel,71.520821615,0.012,-1.8954281780914074e-05
/epuck2/cmd_vel,71.580720799,0.012,-1.8954281780914074e-05
/epuck2/cmd_vel,71.617124776,0.012,-1.8954281780914074e-05
/epuck2/cmd_vel,71.676243634,0.012,-1.8954281780914074e-05
/epuck2/cmd_vel,71.717141954,0.012,-1.8954281780914074e-05
/epuck2/cmd_vel,71.792595615,0.012,-1.8954281780914074e-05
/epuck2/cmd_vel,71.828728151,0.012,-1.8954281780914074e-05
/epuck2/cmd_vel,71.883563039,0.012,-1.8954281780914074e-05
/epuck2/cmd_vel,71.921513829,0.012,-1.8954281780914074e-05
/epuck2/cmd_vel,71.984749368,0.012,-1.8954281780914074e-05
/epuck2/cmd_vel,72.050783163,0.012,-1.8954281780914074e-05
/epuck2/cmd_vel,72.109343527,0.012,-1.8954281780914074e-05
/epuck2/cmd_vel,72.145672981,0.012,-1.8954281780914074e-05
/epuck2/cmd_vel,72.202221572,0.012,-1.8954281780914074e-05
/epuck2/cmd_vel,72.240117097,0.012,-1.8954281780914074e-05
/epuck2/cmd_vel,72.31780639,0.012,-1.8954281780914074e-05
/epuck2/cmd_vel,72.359742596,0.012,0.003951573367144867
/epuck2/cmd_vel,72.41507733,0.012,0.003951573367144867
/epuck2/cmd_vel,72.450395336,0.012,-1.895428178091442e-05
/epuck2/cmd_vel,72.510929396,0.012,-1.8954281780914074e-05
/epuck2/cmd_vel,72.569858106,0.012,-1.8954281780914074e-05
/epuck2/cmd_vel,72.626159797,0.012,-1.8954281780914074e-05
/epuck2/cmd_vel,72.66141678,0.012,-1.8954281780914074e-05
/epuck2/cmd_vel,72.719710704,0.012,-1.8954281780914074e-05
/epuck2/cmd_vel,72.760511311,0.012,-1.8954281780914074e-05
/epuck2/cmd_vel,72.843424781,0.012,-1.8954281780914074e-05
/epuck2/cmd_vel,72.8836384,0.012,-1.8954281780914074e-05
/epuck2/cmd_vel,72.942273436,0.012,-1.8954281780914074e-05
/epuck2/cmd_vel,72.976042806,0.012,-1.8954281780914074e-05
/epuck2/cmd_vel,73.035977311,0.012,-1.8954281780914074e-05
/epuck2/cmd_vel,73.07858005,0.012,-1.8954281780914074e-05
/epuck2/cmd_vel,73.159943905,0.012,-1.8954281780914074e-05
/epuck2/cmd_vel,73.199112396,0.012,-1.8954281780914074e-05
/epuck2/cmd_vel,73.252859166,0.012,-1.8954281780914074e-05
/epuck2/cmd_vel,73.292013838,0.012,-1.8954281780914074e-05
/epuck2/cmd_vel,73.35352637,0.012,-1.8954281780914074e-05
/epuck2/cmd_vel,73.405202217,0.012,-1.8954281780914074e-05
/epuck2/cmd_vel,73.476453297,0.012,-1.8954281780914074e-05
/epuck2/cmd_vel,73.511274852,0.012,-1.8954281780914074e-05
/epuck2/cmd_vel,73.566478679,0.012,-1.8954281780914074e-05
/epuck2/cmd_vel,73.604526989,0.012,-1.8954281780914074e-05
/epuck2/cmd_vel,73.669863519,0.012,-1.8954281780914074e-05
/epuck2/cmd_vel,73.731341303,0.012,-1.8954281780914074e-05
/epuck2/cmd_vel,73.793348533,0.012,-1.8954281780914074e-05
/epuck2/cmd_vel,73.830375401,0.012,-1.8954281780914074e-05
/epuck2/cmd_vel,73.884211498,0.012,-1.8954281780914074e-05
/epuck2/cmd_vel,73.926033034,0.012,-1.8954281780914074e-05
/epuck2/cmd_vel,73.999821209,0.012,-1.8954281780914074e-05
/epuck2/cmd_vel,74.040191617,0.012,-1.8954281780914074e-05
/epuck2/cmd_vel,74.095369576,0.012,-1.8954281780914074e-05
/epuck2/cmd_vel,74.131293896,0.012,-1.8954281780914074e-05
/epuck2/cmd_vel,74.190589156,0.012,-1.8954281780914074e-05
/epuck2/cmd_vel,74.250206198,0.012,-1.8954281780914074e-05
/epuck2/cmd_vel,74.310724828,0.012,-1.8954281780914074e-05
/epuck2/cmd_vel,74.345866463,0.012,0.1599810457182441
/epuck2/cmd_vel,74.403896417,0.012,0.3
/epuck2/cmd_vel,74.442864899,0.012,0.3
/epuck2/cmd_vel,74.521690741,0.012,0.3
/epuck2/cmd_vel,74.559293629,0.012,0.3
/epuck2/cmd_vel,74.614822595,0.012,0.3
/epuck2/cmd_vel,74.654306128,0.012,0.3
/epuck2/cmd_vel,74.727508451,0.012,0.3
/epuck2/cmd_vel,74.769420108,0.012,0.3
/epuck2/cmd_vel,74.824140567,0.012,0.3
/epuck2/cmd_vel,74.86082325,0.012,0.3
/epuck2/cmd_vel,74.919861886,0.012,0.3
/epuck2/cmd_vel,74.976855573,0.012,0.3
/epuck2/cmd_vel,75.038417659,0.012,0.3
/epuck2/cmd_vel,75.074889203,0.012,0.3
/epuck2/cmd_vel,75.127367617,0.012,0.3
/epuck2/cmd_vel,75.168708329,0.012,0.3
/epuck2/cmd_vel,75.24650888,0.012,0.2541116619078494
/epuck2/cmd_vel,75.28527245,0.012,0.2541116619078494
/epuck2/cmd_vel,75.339386326,0.012,0.2541116619078494
/epuck2/cmd_vel,75.377638489,0.012,0.2144066715208865
/epuck2/cmd_vel,75.435195657,0.012,0.2144066715208865
/epuck2/cmd_vel,75.496163203,0.012,0.18528975486439236
/epuck2/cmd_vel,75.553535696,0.012,0.18528975486439236
/epuck2/cmd_vel,75.589544652,0.012,0.1588198566405154
/epuck2/cmd_vel,75.645064696,0.012,0.1588198566405154
/epuck2/cmd_vel,75.687172018,0.012,0.1376437091795779
/epuck2/cmd_vel,75.769509903,0.012,0.1376437091795779
/epuck2/cmd_vel,75.80670504,0.012,0.1376437091795779
/epuck2/cmd_vel,75.859233274,0.012,0.11911486625355251
/epuck2/cmd_vel,75.8988777,0.012,0.11911486625355251
/epuck2/cmd_vel,75.977681061,0.012,0.1005857372252322
/epuck2/cmd_vel,76.017825453,0.012,0.1005857372252322
/epuck2/cmd_vel,76.076465203,0.012,0.08735093116444119
/epuck2/cmd_vel,76.113504518,0.014000000000000313,0.07279244263703433
/epuck2/cmd_vel,76.171638972,0.016999999999999717,0.06176319916779604
/epuck2/cmd_vel,76.224590265,0.01900000000000003,0.06176319916779604
/epuck2/cmd_vel,76.285823795,0.022000000000000144,0.05294004281098452
/epuck2/cmd_vel,76.32155942,0.023999999999999747,0.05294004281098452
/epuck2/cmd_vel,76.375087209,0.025,0.05294004281098452
/epuck2/cmd_vel,76.415260701,0.025,0.04852834542328921
/epuck2/cmd_vel,76.492339909,0.025,0.04852834542328921
/epuck2/cmd_vel,76.533384794,0.025,0.04191079934174624
/epuck2/cmd_vel,76.588779769,0.0,0.0
/epuck2/cmd_vel,76.62245121,0.0,0.0
/epuck2/cmd_vel,76.684067437,0.0,0.0
/epuck2/cmd_vel,76.7410202,0.0,0.0
/epuck2/cmd_vel,76.802698226,0.0,0.0
/epuck2/cmd_vel,76.839416144,0.0,0.0
/epuck2/cmd_vel,76.892907133,0.0,0.0
/epuck2/cmd_vel,76.93243623,0.0,0.0
/epuck2/cmd_vel,77.011588153,0.0,0.0
/epuck2/cmd_vel,77.051703575,0.0,0.0
/epuck2/cmd_vel,77.107214328,0.0,0.0
/epuck2/cmd_vel,77.142174292,0.0,0.0
/epuck2/cmd_vel,77.204282766,0.0,0.0
/epuck2/cmd_vel,77.257947651,0.0,0.0
/epuck2/cmd_vel,77.314589004,0.0,0.0
/epuck2/cmd_vel,77.351939379,0.0,0.0
/epuck2/cmd_vel,77.408868965,0.0,0.0
/epuck2/cmd_vel,77.447571753,0.0,0.0
/epuck2/cmd_vel,77.531216,0.0,0.0
/epuck2/cmd_vel,77.572584437,0.0,0.0
/epuck2/cmd_vel,77.628226572,0.0,0.0
/epuck2/cmd_vel,77.665985009,0.0,0.0
/epuck2/cmd_vel,77.7229053,0.0,0.0
/epuck2/cmd_vel,77.770055374,0.0,0.0
/epuck2/cmd_vel,77.840262038,0.0,0.0
/epuck2/cmd_vel,77.879345004,0.0,0.0
/epuck2/cmd_vel,77.933709282,0.0,0.0
/epuck2/cmd_vel,77.972662364,0.0,0.0
/epuck2/cmd_vel,78.046016318,0.0,0.0
/epuck2/cmd_vel,78.086076459,0.0,0.0
/epuck2/cmd_vel,78.141256527,0.0,0.0
/epuck2/cmd_vel,78.176698513,0.0,0.0
/epuck2/cmd_vel,78.234818741,0.0,0.0
/epuck2/cmd_vel,78.295244101,0.0,0.0
/epuck2/cmd_vel,78.353316872,0.0,0.0
/epuck2/cmd_vel,78.390864568,0.0,0.0
/epuck2/cmd_vel,78.442298399,0.0,0.0
/epuck2/cmd_vel,78.483286107,0.0,0.0
/epuck2/cmd_vel,78.564471031,0.0,0.0
/epuck2/cmd_vel,78.603564739,0.0,0.0
/epuck2/cmd_vel,78.656733113,0.0,0.0
/epuck2/cmd_vel,78.694215268,0.0,0.0
/epuck2/cmd_vel,78.755239889,0.0,0.0
/epuck2/cmd_vel,78.811465818,0.0,0.0
/epuck2/cmd_vel,78.868459359,0.0,0.0
/epuck2/cmd_vel,78.905711919,0.0,0.0
/epuck2/cmd_vel,78.961334428,0.0,0.0
/epuck2/cmd_vel,79.002345469,0.0,0.0
/epuck2/cmd_vel,79.081575531,0.0,0.0
/epuck2/cmd_vel,79.119894433,0.0,0.0
/epuck2/cmd_vel,79.175308561,0.0,0.0
/epuck2/cmd_vel,79.212500388,0.0,0.0
/epuck2/cmd_vel,79.285648291,0.0,0.0
/epuck2/cmd_vel,79.329009473,0.0,0.0
/epuck2/cmd_vel,79.384563137,0.0,0.0
/epuck2/cmd_vel,79.419991934,0.0,0.0
/epuck2/cmd_vel,79.479029307,0.0,0.0
/epuck2/cmd_vel,79.536878675,0.0,0.0
/epuck2/cmd_vel,79.598382752,0.0,0.0
/epuck2/cmd_vel,79.634226162,0.0,0.0
/epuck2/cmd_vel,79.68779216,0.0,0.0
/epuck2/cmd_vel,79.727746342,0.0,0.0
/epuck2/cmd_vel,79.810795819,0.0,0.0
/epuck2/cmd_vel,79.849609241,0.0,0.0
/epuck2/cmd_vel,79.906158436,0.0,0.0
/epuck2/cmd_vel,79.940899721,0.0,0.0
/epuck2/cmd_vel,80.000101563,0.0,0.0
/epuck2/cmd_vel,80.062855774,0.0,0.0
/epuck2/cmd_vel,80.118503151,0.0,0.0
/epuck2/cmd_vel,80.15464246,0.0,0.0
/epuck2/cmd_vel,80.210637645,0.0,0.0
/epuck2/cmd_vel,80.253966271,0.0,0.0
/epuck2/cmd_vel,80.32499546,0.0,0.0
/epuck2/cmd_vel,80.364277518,0.0,0.0
/epuck2/cmd_vel,80.418485634,0.0,0.0
/epuck2/cmd_vel,80.457867351,0.0,0.0
/epuck2/cmd_vel,80.533188161,0.0,0.0
/epuck2/cmd_vel,80.572999669,0.0,0.0
/epuck2/cmd_vel,80.631961252,0.0,0.0
/epuck2/cmd_vel,80.666167799,0.0,0.0
/epuck2/cmd_vel,80.722858199,0.0,0.0
/epuck2/cmd_vel,80.784928079,0.0,0.0
/epuck2/cmd_vel,80.844516574,0.0,0.0
/epuck2/cmd_vel,80.881428589,0.0,0.0
/epuck2/cmd_vel,80.935246557,0.0,0.0
/epuck2/cmd_vel,80.975345687,0.0,0.0
/epuck2/cmd_vel,81.051645934,0.0,0.0
/epuck2/cmd_vel,81.093107315,0.0,0.0
/epuck2/cmd_vel,81.145144972,0.0,0.0
/epuck2/cmd_vel,81.183840557,0.0,0.0
/epuck2/cmd_vel,81.243805805,0.0,0.0
/epuck2/cmd_vel,81.297559668,0.0,0.0
/epuck2/cmd_vel,81.369226959,0.0,0.0
/epuck2/cmd_vel,81.405148262,0.0,0.0
/epuck2/cmd_vel,81.462020746,0.0,0.0
/epuck2/cmd_vel,81.499084588,0.0,0.0
/epuck2/cmd_vel,81.561903689,0.0,0.0
/epuck2/cmd_vel,81.623767944,0.0,0.0
/epuck2/cmd_vel,81.683137062,0.0,0.0
/epuck2/cmd_vel,81.721135283,0.0,0.0
/epuck2/cmd_vel,81.775325136,0.0,0.0
/epuck2/cmd_vel,81.814054366,0.0,0.0
/epuck2/cmd_vel,81.889107943,0.0,0.0
/epuck2/cmd_vel,81.941267422,0.0,0.0
/epuck2/cmd_vel,82.000123852,0.0,0.0
/epuck2/cmd_vel,82.036607868,0.0,0.0
/epuck2/cmd_vel,82.092164285,0.0,0.0
/epuck2/cmd_vel,82.131467088,0.0,0.0
/epuck2/cmd_vel,82.215908905,0.0,0.0
/epuck2/cmd_vel,82.256883075,0.0,0.0
/epuck2/cmd_vel,82.313065556,0.0,0.0
/epuck2/cmd_vel,82.347639537,0.0,0.0
/epuck2/cmd_vel,82.405090917,0.0,0.0
/epuck2/cmd_vel,82.449784639,0.0,0.0
/epuck2/cmd_vel,82.529573198,0.0,0.0
/epuck2/cmd_vel,82.571499441,0.0,0.0
/epuck2/cmd_vel,82.6242216,0.0,0.0
/epuck2/cmd_vel,82.663425681,0.0,0.0
/epuck2/cmd_vel,82.724161902,0.0,0.0
/epuck2/cmd_vel,82.776708179,0.0,0.0
/epuck2/cmd_vel,82.848918086,0.0,0.0
/epuck2/cmd_vel,82.885660433,0.0,0.0
/epuck2/cmd_vel,82.93959267,0.0,0.0
/epuck2/cmd_vel,82.978699974,0.0,0.0
/epuck2/cmd_vel,83.037271407,0.0,0.0
/epuck2/cmd_vel,83.102319939,0.0,0.0
/epuck2/cmd_vel,83.162776845,0.0,0.0
/epuck2/cmd_vel,83.199679008,0.0,0.0
/epuck2/cmd_vel,83.254611933,0.0,0.0
/epuck2/cmd_vel,83.295407301,0.0,0.0
/epuck2/cmd_vel,83.367102894,0.0,0.0
/epuck2/cmd_vel,83.419853532,0.0,0.0
/epuck2/cmd_vel,83.47737055,0.0,0.0
/epuck2/cmd_vel,83.511715367,0.0,0.0
/epuck2/cmd_vel,83.568276374,0.0,0.0
/epuck2/cmd_vel,83.609923758,0.0,0.0
/epuck2/cmd_vel,83.693010237,0.0,0.0
/epuck2/cmd_vel,83.732626335,0.0,0.0
/epuck2/cmd_vel,83.790516515,0.0,0.0
/epuck2/cmd_vel,83.827942343,0.0,0.0
/epuck2/cmd_vel,83.883752334,0.0,0.0
/epuck2/cmd_vel,83.940170749,0.0,0.0
/epuck2/cmd_vel,84.000590139,0.0,0.0
/epuck2/cmd_vel,84.039093563,0.0,0.0
/epuck2/cmd_vel,84.090214853,0.0,0.0
/epuck2/cmd_vel,84.1322471,0.0,0.0
/epuck2/cmd_vel,84.219258251,0.0,0.0
/epuck2/cmd_vel,84.260254293,0.0,0.0
/epuck2/cmd_vel,84.317091373,0.0,0.0
/epuck2/cmd_vel,84.350922296,0.0,0.0
/epuck2/cmd_vel,84.411403656,0.0,0.0
/epuck2/cmd_vel,84.468365671,0.0,0.0
/epuck2/cmd_vel,84.527862416,0.0,0.0
/epuck2/cmd_vel,84.565346799,0.0,0.0
/epuck2/cmd_vel,84.617008843,0.0,0.0
/epuck2/cmd_vel,84.657540669,0.0,0.0
/epuck2/cmd_vel,84.73884092,0.0,0.0
/epuck2/cmd_vel,84.77777044,0.0,0.0
/epuck2/cmd_vel,84.82950563,0.0,0.0
/epuck2/cmd_vel,84.867634746,0.0,0.0
/epuck2/cmd_vel,84.92809056,0.0,0.0
/epuck2/cmd_vel,84.98351854,0.0,0.0
/epuck2/cmd_vel,85.043009395,0.0,0.0
/epuck2/cmd_vel,85.077648096,0.0,0.0
/epuck2/cmd_vel,85.131661714,0.0,0.0
/epuck2/cmd_vel,85.173243925,0.0,0.0
/epuck2/cmd_vel,85.254256936,0.0,0.0
/epuck2/cmd_vel,85.313504221,0.0,0.0
/epuck2/cmd_vel,85.349398876,0.0,0.0
/epuck2/cmd_vel,85.384848208,0.0,0.0
/epuck2/cmd_vel,85.445253928,0.0,0.0
/epuck2/cmd_vel,85.488710381,0.0,0.0
/epuck2/cmd_vel,85.570740004,0.0,0.0
/epuck2/cmd_vel,85.610556286,0.0,0.0
/epuck2/cmd_vel,85.664487731,0.0,0.0
/epuck2/cmd_vel,85.70091368,0.0,0.0
/epuck2/cmd_vel,85.76024225,0.0,0.0
/epuck2/cmd_vel,85.845807221,0.0,0.0
/epuck2/cmd_vel,85.885215781,0.0,0.0
/epuck2/cmd_vel,85.922300388,0.0,0.0
/epuck2/cmd_vel,85.977679098,0.0,0.0
/epuck2/cmd_vel,86.013094161,0.0,0.0
/epuck2/cmd_vel,86.076481486,0.0,0.0
/epuck2/cmd_vel,86.154647309,0.0,0.0
/epuck2/cmd_vel,86.214904255,0.0,0.0
/epuck2/cmd_vel,86.252638231,0.0,0.0
/epuck2/cmd_vel,86.306987946,0.0,0.0
/epuck2/cmd_vel,86.364964772,0.0,0.0
/epuck2/cmd_vel,86.42126671,0.0,0.0
/epuck2/cmd_vel,86.472332171,0.0,0.0
/epuck2/cmd_vel,86.530773218,0.0,0.0
/epuck2/cmd_vel,86.566515978,0.0,0.0
/epuck2/cmd_vel,86.624132097,0.0,0.0
/epuck2/cmd_vel,86.664835795,0.0,0.0
/epuck2/cmd_vel,86.76151144,0.0,0.0
/epuck2/cmd_vel,86.802087788,0.0,0.0
/epuck2/cmd_vel,86.858892542,0.0,0.0
/epuck2/cmd_vel,86.91479897,0.0,0.0
/epuck2/cmd_vel,86.954592644,0.0,0.0
/epuck2/cmd_vel,87.009684261,0.0,0.0
/epuck2/cmd_vel,87.070085448,0.0,0.0
/epuck2/cmd_vel,87.104470268,0.0,0.0
/epuck2/cmd_vel,87.160952422,0.0,0.0
/epuck2/cmd_vel,87.20185168,0.0,0.0
/epuck2/cmd_vel,87.277617385,0.0,0.0
/epuck2/cmd_vel,87.315936196,0.0,0.0
/epuck2/cmd_vel,87.371386889,0.0,0.0
/epuck2/cmd_vel,87.428851145,0.0,0.0
/epuck2/cmd_vel,87.468067299,0.0,0.0
/epuck2/cmd_vel,87.528285806,0.0,0.0
/epuck2/cmd_vel,87.589725234,0.0,0.0
/epuck2/cmd_vel,87.62243064,0.0,0.0
/epuck2/cmd_vel,87.679574708,0.0,0.0
/epuck2/cmd_vel,87.721052218,0.0,0.0
/epuck2/cmd_vel,87.7975282,0.0,0.0
/epuck2/cmd_vel,87.834657899,0.0,0.0
/epuck2/cmd_vel,87.889928206,0.0,0.0
/epuck2/cmd_vel,87.947594871,0.0,0.0
/epuck2/cmd_vel,88.003290118,0.0,0.0
/epuck2/cmd_vel,88.045038471,0.0,0.0
/epuck2/cmd_vel,88.101677749,0.0,0.0
/epuck2/cmd_vel,88.13711222,0.0,0.0
/epuck2/cmd_vel,88.194717066,0.0,0.0
/epuck2/cmd_vel,88.253258963,0.0,0.0
/epuck2/cmd_vel,88.314251773,0.0,0.0
/epuck2/cmd_vel,88.350231545,0.0,0.0
/epuck2/cmd_vel,88.406470098,0.0,0.0
/epuck2/cmd_vel,88.464675582,0.0,0.0
/epuck2/cmd_vel,88.520675236,0.0,0.0
/epuck2/cmd_vel,88.562671362,0.0,0.0
/epuck2/cmd_vel,88.61512721,0.0,0.0
/epuck2/cmd_vel,88.651421759,0.0,0.0
/epuck2/cmd_vel,88.714942055,0.0,0.0
/epuck2/cmd_vel,88.770703009,0.0,0.0
/epuck2/cmd_vel,88.830794063,0.0,0.0
/epuck2/cmd_vel,88.867219029,0.0,0.0
/epuck2/cmd_vel,88.924454957,0.0,0.0
/epuck2/cmd_vel,89.001022592,0.0,0.0
/epuck2/cmd_vel,89.040308198,0.0,0.0
/epuck2/cmd_vel,89.076682555,0.0,0.0
/epuck2/cmd_vel,89.131596781,0.0,0.0
/epuck2/cmd_vel,89.169826261,0.0,0.0
/epuck2/cmd_vel,89.245848834,0.0,0.0
/epuck2/cmd_vel,89.287745192,0.0,0.0
/epuck2/cmd_vel,89.343274967,0.0,0.0
/epuck2/cmd_vel,89.379020116,0.0,0.0
/epuck2/cmd_vel,89.43552147,0.0,0.0
/epuck2/cmd_vel,89.508831896,0.0,0.0
/epuck2/cmd_vel,89.560580737,0.0,0.0
/epuck2/cmd_vel,89.601229645,0.0,0.0
/epuck2/cmd_vel,89.654272994,0.0,0.0
/epuck2/cmd_vel,89.691291415,0.0,0.0
/epuck2/cmd_vel,89.751805807,0.0,0.0
/epuck2/cmd_vel,89.805715851,0.0,0.0
/epuck2/cmd_vel,89.879527071,0.0,0.0
/epuck2/cmd_vel,89.915894848,0.0,0.0
/epuck2/cmd_vel,89.972522252,0.0,0.0
/epuck2/cmd_vel,90.031062236,0.0,0.0
/epuck2/cmd_vel,90.08744225,0.0,0.0
/epuck2/cmd_vel,90.130066096,0.0,0.0
/epuck2/cmd_vel,90.184596888,0.0,0.0
/epuck2/cmd_vel,90.220930843,0.0,0.0
/epuck2/cmd_vel,90.278138019,0.0,0.0
/epuck2/cmd_vel,90.320589394,0.0,0.0
/epuck2/cmd_vel,90.404773052,0.0,0.0
/epuck2/cmd_vel,90.44497932,0.0,0.0
/epuck2/cmd_vel,90.497462697,0.0,0.0
/epuck2/cmd_vel,90.554356135,0.0,0.0
/epuck2/cmd_vel,90.593748502,0.0,0.0
/epuck2/cmd_vel,90.645519067,0.0,0.0
/epuck2/cmd_vel,90.719673714,0.0,0.0
/epuck2/cmd_vel,90.755179213,0.0,0.0
/epuck2/cmd_vel,90.808671294,0.0,0.0
/epuck2/cmd_vel,90.847331209,0.0,0.0
/epuck2/cmd_vel,90.906669442,0.0,0.0
/epuck2/cmd_vel,90.971595098,0.0,0.0
/epuck2/cmd_vel,91.032130768,0.0,0.0
/epuck2/cmd_vel,91.08510308,0.0,0.0
/epuck2/cmd_vel,91.12085572,0.0,0.0
/epuck2/cmd_vel,91.161805614,0.0,0.0
/epuck2/cmd_vel,91.238061942,0.0,0.0
/epuck2/cmd_vel,91.277973182,0.0,0.0
/epuck2/cmd_vel,91.33166046,0.0,0.0
/epuck2/cmd_vel,91.367244925,0.0,0.0
/epuck2/cmd_vel,91.429959584,0.0,0.0
/epuck2/cmd_vel,91.484285864,0.0,0.0
/epuck2/cmd_vel,91.542921872,0.0,0.0
/epuck2/cmd_vel,91.599218991,0.0,0.0
/epuck2/cmd_vel,91.636349125,0.0,0.0
/epuck2/cmd_vel,91.679904076,0.0,0.0
/epuck2/cmd_vel,91.751979473,0.0,0.0
/epuck2/cmd_vel,91.788991676,0.0,0.0
/epuck2/cmd_vel,91.843010916,0.0,0.0
/epuck2/cmd_vel,91.880029199,0.0,0.0
