time_s,current_distance_m,closing_speed_mps,tcpa_s,dcpa_m,trigger_reason
7.6855e-05,1.0,0.0,0.0,1.0,NONE
0.112768881,1.0,0.0,0.0,1.0,NONE
0.114398092,1.0,0.0,0.0,1.0,NONE
0.222774444,1.0,0.0,0.0,1.0,NONE
0.22405599,1.0,0.0,0.0,1.0,NONE
0.341517233,1.0,0.0,0.0,1.0,NONE
0.343106399,1.0,0.0,0.0,1.0,NONE
0.436136253,1.0,0.0,0.0,1.0,NONE
0.436730257,1.0,0.0,0.0,1.0,NONE
0.574375775,1.0,0.0,0.0,1.0,NONE
0.575009622,1.0,0.0,0.0,1.0,NONE
0.669380281,1.0,0.0,0.0,1.0,NONE
0.670574254,1.0,0.0,0.0,1.0,NONE
0.769508342,1.0,0.0,0.0,1.0,NONE
0.770104266,1.0,0.0,0.0,1.0,NONE
0.903626449,1.0,0.0,0.0,1.0,NONE
0.904308025,1.0,0.0,0.0,1.0,NONE
0.99842756,1.0,0.0,0.0,1.0,NONE
0.998858025,1.0,0.0,0.0,1.0,NONE
1.143524869,1.0,0.0,0.0,1.0,NONE
1.144402255,1.0,0.0,0.0,1.0,NONE
1.239371249,1.0,0.0,0.0,1.0,NONE
1.239793638,1.0,0.0,0.0,1.0,NONE
1.338426836,1.0,0.0,0.0,1.0,NONE
1.340215327,1.0,0.0,0.0,1.0,NONE
1.479386065,1.0,0.0,0.0,1.0,NONE
1.48030141,1.0,0.0,0.0,1.0,NONE
1.576124974,1.0,0.0,0.0,1.0,NONE
1.5773137,1.0,0.0,0.0,1.0,NONE
1.701403513,1.0,0.0,0.0,1.0,NONE
1.702283524,1.0,0.0,0.0,1.0,NONE
1.816699375,1.0,0.0,0.0,1.0,NONE
1.816989212,1.0,0.0,0.0,1.0,NONE
1.915422725,1.0,0.0,0.0,1.0,NONE
1.915944452,1.0,0.0,0.0,1.0,NONE
2.043960532,1.0,0.0,0.0,1.0,NONE
2.045146391,1.0,0.0,0.0,1.0,NONE
2.155976691,1.0,0.0,0.0,1.0,NONE
2.156272752,1.0,0.0,0.0,1.0,NONE
2.268572976,1.0,0.0,0.0,1.0,NONE
2.268626503,1.0,0.0,0.0,1.0,NONE
2.376791746,1.0,0.0,0.0,1.0,NONE
2.377543442,1.0,0.0,0.0,1.0,NONE
2.490139727,1.0,0.0,0.0,1.0,NONE
2.491114603,1.0,0.0,0.0,1.0,NONE
2.618277272,1.0,0.0,0.0,1.0,NONE
2.618946813,1.0,0.0,0.0,1.0,NONE
2.733021792,1.0,0.0,0.0,1.0,NONE
2.733034494,1.0,0.0,0.0,1.0,NONE
2.834762795,1.0,0.0,0.0,1.0,NONE
2.834771464,1.0,0.0,0.0,1.0,NONE
2.956945823,1.0,0.0,0.0,1.0,NONE
2.957326771,1.0,0.0,0.0,1.0,NONE
3.067870606,1.0,0.0,0.0,1.0,NONE
3.067891747,1.0,0.0,0.0,1.0,NONE
3.196468489,1.0,0.0,0.0,1.0,NONE
3.196507248,1.0,0.0,0.0,1.0,NONE
3.294382151,1.0,0.0,0.0,1.0,NONE
3.294394433,1.0,0.0,0.0,1.0,NONE
3.410567819,1.0,0.0,0.0,1.0,NONE
3.411447704,1.0,0.0,0.0,1.0,NONE
3.522883706,1.0,0.0,0.0,1.0,NONE
3.523768322,1.0,0.0,0.0,1.0,NONE
3.617163162,1.0,0.0,0.0,1.0,NONE
3.618378389,1.0,0.0,0.0,1.0,NONE
3.75426935,1.0,0.0,0.0,1.0,NONE
3.755405448,1.0,0.0,0.0,1.0,NONE
3.849835109,1.0,0.0,0.0,1.0,NONE
3.850295287,1.0,0.0,0.0,1.0,NONE
3.964491156,1.0,0.0,0.0,1.0,NONE
3.964503726,1.0,0.0,0.0,1.0,NONE
4.074873004,1.0,0.0,0.0,1.0,NONE
4.076075991,1.0,0.0,0.0,1.0,NONE
4.194299727,1.0,0.0,0.0,1.0,NONE
4.194551728,1.0,0.0,0.0,1.0,NONE
4.311711652,1.0,0.0,0.0,1.0,NONE
4.311817037,1.0,0.0,0.0,1.0,NONE
4.41116596,1.0,0.0,0.0,1.0,NONE
4.411177625,1.0,0.0,0.0,1.0,NONE
4.527167444,1.0,0.0,0.0,1.0,NONE
4.528320051,1.0,0.0,0.0,1.0,NONE
4.640204652,1.0,0.0,0.0,1.0,NONE
4.640218932,1.0,0.0,0.0,1.0,NONE
4.757208609,1.0,0.0,0.0,1.0,NONE
4.758268198,1.0,0.0,0.0,1.0,NONE
4.849750193,1.0,0.0,0.0,1.0,NONE
4.850712341,1.0,0.0,0.0,1.0,NONE
4.988903253,1.0,0.0,0.0,1.0,NONE
4.988916411,1.0,0.0,0.0,1.0,NONE
5.080328341,1.0,0.0,0.0,1.0,NONE
5.080415727,1.0,0.0,0.0,1.0,NONE
5.185099874,1.0,0.0,0.0,1.0,NONE
5.185519427,1.0,0.0,0.0,1.0,NONE
5.314390901,1.0,0.0,0.0,1.0,NONE
5.314966945,1.0,0.0,0.0,1.0,NONE
5.409538128,1.0,0.0,0.0,1.0,NONE
5.409558217,1.0,0.0,0.0,1.0,NONE
5.523931458,1.0,0.0,0.0,1.0,NONE
5.524666504,1.0,0.0,0.0,1.0,NONE
5.635604674,1.0,0.0,0.0,1.0,NONE
5.636358603,1.0,0.0,0.0,1.0,NONE
5.760428169,1.0,0.0,0.0,1.0,NONE
5.762097843,1.0,0.0,0.0,1.0,NONE
5.875773202,1.0,0.0,0.0,1.0,NONE
5.877065308,1.0,0.0,0.0,1.0,NONE
5.974663883,1.0,0.0,0.0,1.0,NONE
5.974827062,1.0,0.0,0.0,1.0,NONE
6.085136028,1.0,0.0,0.0,1.0,NONE
6.085169146,1.0,0.0,0.0,1.0,NONE
6.197454825,1.0,0.0,0.0,1.0,NONE
6.197584887,1.0,0.0,0.0,1.0,NONE
6.316113013,1.0,0.0,0.0,1.0,NONE
6.316998254,1.0,0.0,0.0,1.0,NONE
6.409700654,1.0,0.0,0.0,1.0,NONE
6.409715105,1.0,0.0,0.0,1.0,NONE
6.545531168,1.0,0.0,0.0,1.0,NONE
6.545572314,1.0,0.0,0.0,1.0,NONE
6.640136318,1.0,0.0,0.0,1.0,NONE
6.641201397,1.0,0.0,0.0,1.0,NONE
6.751346181,1.0,0.0,0.0,1.0,NONE
6.753643732,1.0,0.0,0.0,1.0,NONE
6.865874517,1.0,0.0,0.0,1.0,NONE
6.866478761,1.0,0.0,0.0,1.0,NONE
6.96423442,1.0,0.0,0.0,1.0,NONE
6.964850236,1.0,0.0,0.0,1.0,NONE
7.080194951,1.0,0.0,0.0,1.0,NONE
7.080957676,1.0,0.0,0.0,1.0,NONE
7.19353889,1.0,0.0,0.0,1.0,NONE
7.193963172,1.0,0.0,0.0,1.0,NONE
7.320040193,1.0,0.0,0.0,1.0,NONE
7.321595728,1.0,0.0,0.0,1.0,NONE
7.431913936,1.0,0.0,0.0,1.0,NONE
7.433774822,1.0,0.0,0.0,1.0,NONE
7.551098351,1.0,0.0,0.0,1.0,NONE
7.552114883,1.0,0.0,0.0,1.0,NONE
7.647622922,1.0,0.0,0.0,1.0,NONE
7.648273334,1.0,0.0,0.0,1.0,NONE
7.763355819,1.0,0.0,0.0,1.0,NONE
7.764171491,1.0,0.0,0.0,1.0,NONE
7.881894834,1.0,0.0,0.0,1.0,NONE
7.882147639,1.0,0.0,0.0,1.0,NONE
7.973386647,1.0,0.0,0.0,1.0,NONE
7.973399073,1.0,0.0,0.0,1.0,NONE
8.120296211,1.0,0.0,0.0,1.0,NONE
8.120702171,1.0,0.0,0.0,1.0,NONE
8.210429341,1.0,0.0,0.0,1.0,NONE
8.210944533,1.0,0.0,0.0,1.0,NONE
8.325152788,1.0,0.0,0.0,1.0,NONE
8.326764104,1.0,0.0,0.0,1.0,NONE
8.439540424,1.0,0.0,0.0,1.0,NONE
8.439640737,1.0,0.0,0.0,1.0,NONE
8.551227637,1.0,0.0,0.0,1.0,NONE
8.552103393,1.0,0.0,0.0,1.0,NONE
8.648558221,1.0,0.0,0.0,1.0,NONE
8.649035032,1.0,0.0,0.0,1.0,NONE
8.764995902,1.0,0.0,0.0,1.0,NONE
8.767846845,1.0,0.0,0.0,1.0,NONE
8.885987434,1.0,0.0,0.0,1.0,NONE
8.886410231,1.0,0.0,0.0,1.0,NONE
8.998979668,1.0,0.0,0.0,1.0,NONE
9.000416474,1.0,0.0,0.0,1.0,NONE
9.107786581,1.0,0.0,0.0,1.0,NONE
9.108872949,1.0,0.0,0.0,1.0,NONE
9.221102215,1.0,0.0,0.0,1.0,NONE
9.221761327,1.0,0.0,0.0,1.0,NONE
9.332377316,1.0,0.0,0.0,1.0,NONE
9.333309347,1.0,0.0,0.0,1.0,NONE
9.448775181,1.0,0.0,0.0,1.0,NONE
9.449458029,1.0,0.0,0.0,1.0,NONE
9.540603032,1.0,0.0,0.0,1.0,NONE
9.540616252,1.0,0.0,0.0,1.0,NONE
9.6801961,1.0,0.0,0.0,1.0,NONE
9.680416238,1.0,0.0,0.0,1.0,NONE
9.774079005,1.0,0.0,0.0,1.0,NONE
9.774090623,1.0,0.0,0.0,1.0,NONE
9.885310239,1.0,0.0,0.0,1.0,NONE
9.887189624,1.0,0.0,0.0,1.0,NONE
10.001459832,1.0,0.0,0.0,1.0,NONE
10.002561959,1.0,0.0,0.0,1.0,NONE
10.098904815,1.0,0.0,0.0,1.0,NONE
10.101124486,1.0,0.0,0.0,1.0,NONE
10.214418482,1.0,0.0,0.0,1.0,NONE
10.214457922,1.0,0.0,0.0,1.0,NONE
10.328829621,1.0,0.0,0.0,1.0,NONE
10.329726138,1.0,0.0,0.0,1.0,NONE
10.437312295,1.0,0.0,0.0,1.0,NONE
10.437565254,1.0,0.0,0.0,1.0,NONE
10.54929495,1.0,0.0,0.0,1.0,NONE
10.54933399,1.0,0.0,0.0,1.0,NONE
10.678489512,1.0,0.0,0.0,1.0,NONE
10.678530754,1.0,0.0,0.0,1.0,NONE
10.775346794,1.0,0.0,0.0,1.0,NONE
10.775363911,1.0,0.0,0.0,1.0,NONE
10.894580366,1.0,0.0,0.0,1.0,NONE
10.896658292,1.0,0.0,0.0,1.0,NONE
11.012962903,1.0,0.0,0.0,1.0,NONE
11.013516121,1.0,0.0,0.0,1.0,NONE
11.107728851,1.0,0.0,0.0,1.0,NONE
11.107755166,1.0,0.0,0.0,1.0,NONE
11.252396371,1.0,0.0,0.0,1.0,NONE
11.252414081,1.0,0.0,0.0,1.0,NONE
11.378099494,1.0,0.0,0.0,1.0,NONE
11.378120706,1.0,0.0,0.0,1.0,NONE
11.468815916,1.0,0.0,0.0,1.0,NONE
11.469303896,1.0,0.0,0.0,1.0,NONE
11.596317273,1.0,0.0,0.0,1.0,NONE
11.596418131,1.0,0.0,0.0,1.0,NONE
11.686166496,1.0,0.0,0.0,1.0,NONE
11.686710909,1.0,0.0,0.0,1.0,NONE
11.801661354,1.0,0.0,0.0,1.0,NONE
11.802098505,1.0,0.0,0.0,1.0,NONE
11.930333384,1.0,0.0,0.0,1.0,NONE
11.930495877,1.0,0.0,0.0,1.0,NONE
12.023057566,1.0,0.0,0.0,1.0,NONE
12.023065067,1.0,0.0,0.0,1.0,NONE
12.172181386,1.0,0.0,0.0,1.0,NONE
12.172218593,1.0,0.0,0.0,1.0,NONE
12.264104204,1.0,0.0,0.0,1.0,NONE
12.264120007,1.0,0.0,0.0,1.0,NONE
12.366114056,1.0,0.0,0.0,1.0,NONE
12.366125658,1.0,0.0,0.0,1.0,NONE
12.493205769,1.0,0.0,0.0,1.0,NONE
12.494069726,1.0,0.0,0.0,1.0,NONE
12.588617121,1.0,0.0,0.0,1.0,NONE
12.590176605,1.0,0.0,0.0,1.0,NONE
12.696611462,1.0,0.0,0.0,1.0,NONE
12.696925519,1.0,0.0,0.0,1.0,NONE
12.809340563,1.0,0.0,0.0,1.0,NONE
12.809356966,1.0,0.0,0.0,1.0,NONE
12.928047252,1.0,0.0,0.0,1.0,NONE
12.928304699,1.0,0.0,0.0,1.0,NONE
13.023126669,1.0,0.0,0.0,1.0,NONE
13.023164444,1.0,0.0,0.0,1.0,NONE
13.154298418,1.0,0.0,0.0,1.0,NONE
13.155149757,1.0,0.0,0.0,1.0,NONE
13.249683581,1.0,0.0,0.0,1.0,NONE
13.250459769,1.0,0.0,0.0,1.0,NONE
13.350600494,1.0,0.0,0.0,1.0,NONE
13.351451532,1.0,0.0,0.0,1.0,NONE
13.482726714,1.0,0.0,0.0,1.0,NONE
13.483080181,1.0,0.0,0.0,1.0,NONE
13.577042582,1.0,0.0,0.0,1.0,NONE
13.577456309,1.0,0.0,0.0,1.0,NONE
13.714390257,1.0,0.0,0.0,1.0,NONE
13.714423735,1.0,0.0,0.0,1.0,NONE
13.807301652,1.0,0.0,0.0,1.0,NONE
13.808005888,1.0,0.0,0.0,1.0,NONE
13.928573734,1.0,0.0,0.0,1.0,NONE
13.92914076,1.0,0.0,0.0,1.0,NONE
14.03922474,1.0,0.0,0.0,1.0,NONE
14.039260006,1.0,0.0,0.0,1.0,NONE
14.150237935,1.0,0.0,0.0,1.0,NONE
14.15033684,1.0,0.0,0.0,1.0,NONE
14.247307733,1.0,0.0,0.0,1.0,NONE
14.247325016,1.0,0.0,0.0,1.0,NONE
14.370517005,1.0,0.0,0.0,1.0,NONE
14.370530792,1.0,0.0,0.0,1.0,NONE
14.477141618,1.0,0.0,0.0,1.0,NONE
14.47905388,1.0,0.0,0.0,1.0,NONE
14.571695933,1.0,0.0,0.0,1.0,NONE
14.57276021,1.0,0.0,0.0,1.0,NONE
14.711763002,1.0,0.0,0.0,1.0,NONE
14.711780185,1.0,0.0,0.0,1.0,NONE
14.804815561,1.0,0.0,0.0,1.0,NONE
14.807569513,1.0,0.0,0.0,1.0,NONE
14.916155342,1.0,0.0,0.0,1.0,NONE
14.91936126,1.0,0.0,0.0,1.0,NONE
15.027713354,1.0,0.0,0.0,1.0,NONE
15.029665862,1.0,0.0,0.0,1.0,NONE
15.132763863,1.0,0.0,0.0,1.0,NONE
15.132776847,1.0,0.0,0.0,1.0,NONE
15.259921889,1.0,0.0,0.0,1.0,NONE
15.259935772,1.0,0.0,0.0,1.0,NONE
15.356231207,1.0,0.0,0.0,1.0,NONE
15.35624509,1.0,0.0,0.0,1.0,NONE
15.478038987,1.0,0.0,0.0,1.0,NONE
15.478706569,1.0,0.0,0.0,1.0,NONE
15.592566886,1.0,0.0,0.0,1.0,NONE
15.592586562,1.0,0.0,0.0,1.0,NONE
15.690750607,1.0,0.0,0.0,1.0,NONE
15.691296339,1.0,0.0,0.0,1.0,NONE
15.813409146,1.0,0.0,0.0,1.0,NONE
15.813426624,1.0,0.0,0.0,1.0,NONE
15.925395957,1.0,0.0,0.0,1.0,NONE
15.925411339,1.0,0.0,0.0,1.0,NONE
16.052189656,1.0,0.0,0.0,1.0,NONE
16.052357411,1.0,0.0,0.0,1.0,NONE
16.149151977,1.0,0.0,0.0,1.0,NONE
16.149185927,1.0,0.0,0.0,1.0,NONE
16.261672844,1.0,0.0,0.0,1.0,NONE
16.261686923,1.0,0.0,0.0,1.0,NONE
16.39032732,1.0,0.0,0.0,1.0,NONE
16.390912468,1.0,0.0,0.0,1.0,NONE
16.480573221,1.0,0.0,0.0,1.0,NONE
16.482597873,1.0,0.0,0.0,1.0,NONE
16.611599743,1.0,0.0,0.0,1.0,NONE
16.612277157,1.0,0.0,0.0,1.0,NONE
16.720303469,1.0,0.0,0.0,1.0,NONE
16.72031605,1.0,0.0,0.0,1.0,NONE
16.83374879,1.0,0.0,0.0,1.0,NONE
16.834763113,1.0,0.0,0.0,1.0,NONE
16.958605947,1.0,0.0,0.0,1.0,NONE
16.96034077,1.0,0.0,0.0,1.0,NONE
17.052089232,1.0,0.0,0.0,1.0,NONE
17.052112393,1.0,0.0,0.0,1.0,NONE
17.173027191,1.0,0.0,0.0,1.0,NONE
17.173647063,1.0,0.0,0.0,1.0,NONE
17.296033819,1.0,0.0,0.0,1.0,NONE
17.297071299,1.0,0.0,0.0,1.0,NONE
17.387833595,1.0,0.0,0.0,1.0,NONE
17.38981451,1.0,0.0,0.0,1.0,NONE
17.523094404,1.0,0.0,0.0,1.0,NONE
17.523105585,1.0,0.0,0.0,1.0,NONE
17.613668113,1.0,0.0,0.0,1.0,NONE
17.615771126,1.0,0.0,0.0,1.0,NONE
17.731548542,1.0,0.0,0.0,1.0,NONE
17.731579291,1.0,0.0,0.0,1.0,NONE
17.845119217,1.0,0.0,0.0,1.0,NONE
17.845131597,1.0,0.0,0.0,1.0,NONE
17.940502961,1.0,0.0,0.0,1.0,NONE
17.94115237,1.0,0.0,0.0,1.0,NONE
18.072543141,1.0,0.0,0.0,1.0,NONE
18.074068541,1.0,0.0,0.0,1.0,NONE
18.185046973,1.0,0.0,0.0,1.0,NONE
18.186910753,1.0,0.0,0.0,1.0,NONE
18.309111689,1.0,0.0,0.0,1.0,NONE
18.31076236,1.0,0.0,0.0,1.0,NONE
18.422689052,1.0,0.0,0.0,1.0,NONE
18.422979718,1.0,0.0,0.0,1.0,NONE
18.545420714,1.0,0.0,0.0,1.0,NONE
18.545457647,1.0,0.0,0.0,1.0,NONE
18.642252808,1.0,0.0,0.0,1.0,NONE
18.642547966,1.0,0.0,0.0,1.0,NONE
18.788367657,1.0,0.0,0.0,1.0,NONE
18.788384526,1.0,0.0,0.0,1.0,NONE
18.89869179,1.0,0.0,0.0,1.0,NONE
18.899549516,1.0,0.0,0.0,1.0,NONE
19.014355292,1.0,0.0,0.0,1.0,NONE
19.015409195,1.0,0.0,0.0,1.0,NONE
19.148193738,1.0,0.0,0.0,1.0,NONE
19.148206013,1.0,0.0,0.0,1.0,NONE
19.306547695,1.0,0.0,0.0,1.0,NONE
19.307185525,1.0,0.0,0.0,1.0,NONE
19.423300742,1.0,0.0,0.0,1.0,NONE
19.423319904,1.0,0.0,0.0,1.0,NONE
19.52073833,1.0,0.0,0.0,1.0,NONE
19.520750805,1.0,0.0,0.0,1.0,NONE
19.668229205,1.0,0.0,0.0,1.0,NONE
19.669049074,1.0,0.0,0.0,1.0,NONE
19.824091621,1.0,0.0,0.0,1.0,NONE
19.825614789,1.0,0.0,0.0,1.0,NONE
19.938284372,1.0,0.0,0.0,1.0,NONE
19.94067509,1.0,0.0,0.0,1.0,NONE
20.052182857,1.0,0.0,0.0,1.0,NONE
20.053643652,1.0,0.0,0.0,1.0,NONE
20.185692953,1.0,0.0,0.0,1.0,NONE
20.186917451,1.0,0.0,0.0,1.0,NONE
20.341666599,1.0,0.0,0.0,1.0,NONE
20.341680669,1.0,0.0,0.0,1.0,NONE
20.451143283,1.0,0.0,0.0,1.0,NONE
20.451157752,1.0,0.0,0.0,1.0,NONE
20.569830289,1.0,0.0,0.0,1.0,NONE
20.571138907,1.0,0.0,0.0,1.0,NONE
20.700714767,1.0,0.0,0.0,1.0,NONE
20.700726342,1.0,0.0,0.0,1.0,NONE
20.858750229,1.0,0.0,0.0,1.0,NONE
20.860433351,1.0,0.0,0.0,1.0,NONE
20.968614273,1.0,0.0,0.0,1.0,NONE
20.970571879,1.0,0.0,0.0,1.0,NONE
21.087655331,1.0,0.0,0.0,1.0,NONE
21.087676271,1.0,0.0,0.0,1.0,NONE
21.219183768,1.0,0.0,0.0,1.0,NONE
21.220234145,1.0,0.0,0.0,1.0,NONE
21.372854974,1.0,0.0,0.0,1.0,NONE
21.372871127,1.0,0.0,0.0,1.0,NONE
21.487545872,1.0,0.0,0.0,1.0,NONE
21.489726496,1.0,0.0,0.0,1.0,NONE
21.602729353,1.0,0.0,0.0,1.0,NONE
21.602779708,1.0,0.0,0.0,1.0,NONE
21.735538802,1.0,0.0,0.0,1.0,NONE
21.735558545,1.0,0.0,0.0,1.0,NONE
21.891358225,1.0,0.0,0.0,1.0,NONE
21.89195421,1.0,0.0,0.0,1.0,NONE
22.005765621,1.0,0.0,0.0,1.0,NONE
22.007212207,1.0,0.0,0.0,1.0,NONE
22.121481834,1.0,0.0,0.0,1.0,NONE
22.124784086,1.0,0.0,0.0,1.0,NONE
22.257362514,1.0,0.0,0.0,1.0,NONE
22.258825651,1.0,0.0,0.0,1.0,NONE
22.409616864,1.0,0.0,0.0,1.0,NONE
22.409650265,1.0,0.0,0.0,1.0,NONE
22.543223725,1.0,0.0,0.0,1.0,NONE
22.544589153,0.9997487664222717,0.001256000017747283,4.0,0.9947247663512826,NONE
22.642782523,0.9997487664222717,0.001256000017747283,4.0,0.9947247663512826,NONE
22.644458724,0.9988695979118347,0.005652000196278095,4.0,0.9762615971267223,NONE
22.791542095,0.9988695979118347,0.005652000196278095,4.0,0.9762615971267223,NONE
22.791555156,0.9972367882728577,0.01130400039255619,4.0,0.9520207867026329,NONE
22.923334068,0.9938455820083618,0.021037999540567398,4.0,0.9096935838460922,NONE
22.92487916,0.9938455820083618,0.021037999540567398,4.0,0.9096935838460922,NONE
23.059839161,0.9938455820083618,0.021037999540567398,4.0,0.9096935838460922,NONE
23.062426311,0.9909567832946777,0.024806000292301178,4.0,0.891732782125473,NONE
23.15468887,0.9884448051452637,0.026062000542879105,4.0,0.8841968029737473,NONE
23.154722268,0.9884448051452637,0.026062000542879105,4.0,0.8841968029737473,NONE
23.288874193,0.9884448051452637,0.026062000542879105,4.0,0.8841968029737473,NONE
23.289555998,0.9854303598403931,0.02763199992477894,4.0,0.8749023601412773,NONE
23.386056633,0.982918381690979,0.025119999423623085,4.0,0.8824383839964867,NONE
23.387651432,0.982918381690979,0.025119999423623085,4.0,0.8824383839964867,NONE
23.498277158,0.9799039959907532,0.025119999423623085,4.0,0.8794239982962608,NONE
23.49895687,0.9799039959907532,0.025119999423623085,4.0,0.8794239982962608,NONE
23.623495937,0.9773920178413391,0.025119999423623085,4.0,0.8769120201468468,NONE
23.625376458,0.9773920178413391,0.025119999423623085,4.0,0.8769120201468468,NONE
23.733733058,0.9773920178413391,0.025119999423623085,4.0,0.8769120201468468,NONE
23.734928484,0.9743775725364685,0.02637599967420101,4.0,0.8688735738396645,NONE
23.845391012,0.9723680019378662,0.02637599967420101,4.0,0.8668640032410622,NONE
23.846197633,0.9723680019378662,0.02637599967420101,4.0,0.8668640032410622,NONE
23.974756014,0.9723680019378662,0.02637599967420101,4.0,0.8668640032410622,NONE
23.976164075,0.9688512086868286,0.03139999881386757,4.0,0.8432512134313583,NONE
24.091607799,0.9688512086868286,0.03139999881386757,4.0,0.8432512134313583,NONE
24.091621456,0.9659624099731445,0.029516000300645828,4.0,0.8478984087705612,NONE
24.211252679,0.9659624099731445,0.029516000300645828,4.0,0.8478984087705612,NONE
24.214669705,0.9634503722190857,0.027003999799489975,4.0,0.8554343730211258,NONE
24.321262137,0.9634503722190857,0.027003999799489975,4.0,0.8554343730211258,NONE
24.323354241,0.9604359865188599,0.02574799954891205,4.0,0.8574439883232117,NONE
24.436734371,0.9584264159202576,0.02763199992477894,4.0,0.8478984162211418,NONE
24.43837789,0.9584264159202576,0.02763199992477894,4.0,0.8478984162211418,NONE
24.551675182,0.9549095630645752,0.02763199992477894,4.0,0.8443815633654594,NONE
24.55171057,0.9549095630645752,0.02763199992477894,4.0,0.8443815633654594,NONE
24.648063186,0.9523975849151611,0.02763199992477894,4.0,0.8418695852160454,NONE
24.649491084,0.9523975849151611,0.02763199992477894,4.0,0.8418695852160454,NONE
24.791529759,0.9523975849151611,0.02763199992477894,4.0,0.8418695852160454,NONE
24.792222774,0.9493831992149353,0.02637599967420101,4.0,0.8438792005181313,NONE
24.88133442,0.9493831992149353,0.02637599967420101,4.0,0.8438792005181313,NONE
24.882659043,0.9473735988140106,0.02637599967420101,4.0,0.8418696001172066,NONE
25.026671658,0.9438567757606506,0.02637599967420101,4.0,0.8383527770638466,NONE
25.026703056,0.9438567757606506,0.02637599967420101,4.0,0.8383527770638466,NONE
25.143784158,0.9429147839546229,0.019778101198063273,4.0,0.8638038073481173,NONE
25.145424073,0.9429147839546229,0.019778101198063273,4.0,0.8638038073481173,NONE
25.240090008,0.9429147839546229,0.0072127075323009365,4.0,0.9140651277879193,NONE
25.241241498,0.9429147839546229,0.0072127075323009365,4.0,0.9140651277879193,NONE
25.365150197,0.9429147839546229,0.0072127075323009365,4.0,0.9140651277879193,NONE
25.367485073,0.9429145157392966,0.0001559283705932639,4.0,0.9422908051039763,NONE
25.462067377,0.9429145157392966,0.0001559283705932639,4.0,0.9422908051039763,NONE
25.462163667,0.9429145157392966,0.00015496903636779961,4.0,0.9422946449730217,NONE
25.598394159,0.9429145157392966,0.0,0.0,0.9429145157392966,NONE
25.599012666,0.9429145157392966,0.0,0.0,0.9429145157392966,NONE
25.690895968,0.9429145157392966,0.0,0.0,0.9429145157392966,NONE
25.691543282,0.9429145157392966,0.0,0.0,0.9429145157392966,NONE
25.827441644,0.9429145157392966,0.0,0.0,0.9429145157392966,NONE
25.828195216,0.9428544045685199,0.0002987204498325657,4.0,0.9416596023061773,NONE
25.920288342,0.9428544045685199,0.0002987204498325657,4.0,0.9416596023061773,NONE
25.920784543,0.9429137110885186,0.0,0.0,0.9429137110885186,NONE
26.056575462,0.9429137110885186,0.0,0.0,0.9429137110885186,NONE
26.056587622,0.9429137110885186,0.0,0.0,0.9429137110885186,NONE
26.166405232,0.9429137110885186,0.0,0.0,0.9429137110885186,NONE
26.166419086,0.9429137110885186,0.0,0.0,0.9429137110885186,NONE
26.280504383,0.9429137110885186,0.0,0.0,0.9429137110885186,NONE
26.282601397,0.9429137110885186,0.0,0.0,0.9429137110885186,NONE
26.408763539,0.9429137110885186,0.0,0.0,0.9429137110885186,NONE
26.408931089,0.9429122209909251,0.0,0.0,0.9429122209909251,NONE
26.502185684,0.9429122209909251,0.0,0.0,0.9429122209909251,NONE
26.502198442,0.9429122209909251,0.0,0.0,0.9429122209909251,NONE
26.642113027,0.9429122209909251,0.0,0.0,0.9429122209909251,NONE
26.643002806,0.9429122209909251,0.0,0.0,0.9429122209909251,NONE
26.735579526,0.9429122209909251,0.0,0.0,0.9429122209909251,NONE
26.735963067,0.9429122209909251,0.0,0.0,0.9429122209909251,NONE
26.874350068,0.9429122209909251,0.0,0.0,0.9429122209909251,NONE
26.875413377,0.9428658491580664,0.0002268934796062314,4.0,0.9419586753876559,NONE
26.96420818,0.9428658491580664,0.0002268934796062314,4.0,0.9419586753876559,NONE
26.964246253,0.9429101944537207,0.0,0.0,0.9429101944537207,NONE
27.099414707,0.9429101944537207,0.0,0.0,0.9429101944537207,NONE
27.100501381,0.9429101944537207,0.0,0.0,0.9429101944537207,NONE
27.212271115,0.9429101944537207,0.0,0.0,0.9429101944537207,NONE
27.213257722,0.9429101944537207,0.0,0.0,0.9429101944537207,NONE
27.328714852,0.9429101944537207,0.0,0.0,0.9429101944537207,NONE
27.328726911,0.9428728529419921,0.00018637944627087225,4.0,0.9421278774079104,NONE
27.439621167,0.9428728529419921,0.00018637944627087225,4.0,0.9421278774079104,NONE
27.441262689,0.9424641532718523,0.002042391935382347,4.0,0.9343610183270464,NONE
27.557077724,0.9424641532718523,0.002042391935382347,4.0,0.9343610183270464,NONE
27.557089086,0.9419809290484633,0.004186204050357114,4.0,0.9255161280331646,NONE
27.671775088,0.9412757009595699,0.006020171311015188,4.0,0.9177870612272088,NONE
27.672272528,0.9412757009595699,0.006020171311015188,4.0,0.9177870612272088,NONE
27.770118126,0.9412757009595699,0.006020171311015188,4.0,0.9177870612272088,NONE
27.770130883,0.9405711291269659,0.0062154461852525515,4.0,0.9163383025683932,NONE
27.909949121,0.9405711291269659,0.0062154461852525515,4.0,0.9163383025683932,NONE
27.909988091,0.9398678728257418,0.006465068638632464,4.0,0.9146986485250193,NONE
28.000688881,0.9398678728257418,0.006465068638632464,4.0,0.9146986485250193,NONE
28.000699844,0.9392764620392849,0.00590389266238895,4.0,0.9162382712772811,NONE
28.133166028,0.9386857244083265,0.005896852244130023,4.0,0.9156767759168928,NONE
28.135841574,0.9386857244083265,0.005896852244130023,4.0,0.9156767759168928,NONE
28.249563183,0.937874681324403,0.006439070194942349,4.0,0.9128138212847775,NONE
28.252162587,0.937874681324403,0.006439070194942349,4.0,0.9128138212847775,NONE
28.36760886,0.937874681324403,0.006439070194942349,4.0,0.9128138212847775,NONE
28.370081294,0.9372856483564276,0.0064313351889490585,4.0,0.9122570268032903,NONE
28.481127954,0.9366973228324763,0.005597695613617627,4.0,0.9148347421119729,NONE
28.482610537,0.9366973228324763,0.005597695613617627,4.0,0.9148347421119729,NONE
28.593572782,0.9361098261038451,0.005499274686822582,4.0,0.9146245067605457,NONE
28.593619923,0.9361098261038451,0.005499274686822582,4.0,0.9146245067605457,NONE
28.70452835,0.9361098261038451,0.005499274686822582,4.0,0.9146245067605457,NONE
28.704614459,0.9354126684771182,0.0057836381461194705,4.0,0.9128425182894244,NONE
28.814330221,0.9347162131097084,0.006580108912244633,4.0,0.9091394887330163,NONE
28.815860045,0.9347162131097084,0.006580108912244633,4.0,0.9091394887330163,NONE
28.943757547,0.9347162131097084,0.006580108912244633,4.0,0.9091394887330163,NONE
28.944150302,0.934021304435624,0.006316219214471194,4.0,0.9094380643162536,NONE
29.037448585,0.934021304435624,0.006316219214471194,4.0,0.9094380643162536,NONE
29.038292936,0.933546497276681,0.0055611832941192384,4.0,0.9118352810864783,NONE
29.161634374,0.9328536191377289,0.006118156879097573,4.0,0.9090255805752037,NONE
29.163785499,0.9328536191377289,0.006118156879097573,4.0,0.9090255805752037,NONE
29.277679486,0.9320163470215176,0.006270189197550746,4.0,0.9076237010089243,NONE
29.278392072,0.9320163470215176,0.006270189197550746,4.0,0.9076237010089243,NONE
29.392461911,0.9320163470215176,0.006270189197550746,4.0,0.9076237010089243,NONE
29.392475576,0.9315797954846395,0.006445939960819088,4.0,0.9065261968739261,NONE
29.503372592,0.9315797954846395,0.006445939960819088,4.0,0.9065261968739261,NONE
29.503433637,0.9307805240193398,0.005981765300845993,4.0,0.9074847852913619,NONE
29.620999278,0.9303089676978155,0.00581271543595225,4.0,0.9076503742712229,NONE
29.621589775,0.9303089676978155,0.00581271543595225,4.0,0.9076503742712229,NONE
29.735622409,0.9303089676978155,0.00581271543595225,4.0,0.9076503742712229,NONE
29.735634877,0.9294762346905703,0.00614571166542459,4.0,0.9055668716641996,NONE
29.854226905,0.9294762346905703,0.00614571166542459,4.0,0.9055668716641996,NONE
29.85650341,0.9290419345371296,0.005688459236368555,4.0,0.9068658603807938,NONE
29.966377624,0.9283557032595626,0.006059564525251733,4.0,0.9047713806166388,NONE
29.968442993,0.9283557032595626,0.006059564525251733,4.0,0.9047713806166388,NONE
30.080938024,0.9277783783731964,0.0063229258096983215,4.0,0.9032026407503766,NONE
30.080982908,0.9277783783731964,0.0063229258096983215,4.0,0.9032026407503766,NONE
30.193711935,0.9277783783731964,0.0063229258096983215,4.0,0.9032026407503766,NONE
30.193723505,0.9270937072032386,0.005754141763198098,4.0,0.9046773512658339,NONE
30.312563958,0.9270937072032386,0.005754141763198098,4.0,0.9046773512658339,NONE
30.312576426,0.9263743439586065,0.005744986850036529,4.0,0.9039959926129997,NONE
30.434780995,0.9258352091000772,0.005576405491474806,4.0,0.904093018541944,NONE
30.435133485,0.9258352091000772,0.005576405491474806,4.0,0.904093018541944,NONE
30.544199567,0.9251538078514088,0.005818897032814395,4.0,0.9025014362909679,NONE
30.545449939,0.9251538078514088,0.005818897032814395,4.0,0.9025014362909679,NONE
30.669584527,0.9251538078514088,0.005818897032814395,4.0,0.9025014362909679,NONE
30.671965082,0.9245808922310282,0.005900818901922535,4.0,0.9016215879229533,NONE
30.785159508,0.9245808922310282,0.005900818901922535,4.0,0.9016215879229533,NONE
30.785825688,0.9237578175688563,0.00716201864195215,4.0,0.8960607107351211,NONE
30.88064624,0.9232935027515187,0.006418553693114662,4.0,0.8983906208581269,NONE
30.883000264,0.9232935027515187,0.006418553693114662,4.0,0.8983906208581269,NONE
31.024591208,0.9226510751944741,0.0055190103416543086,4.0,0.9011459660190111,NONE
31.026739595,0.9226510751944741,0.0055190103416543086,4.0,0.9011459660190111,NONE
31.114214574,0.9226510751944741,0.0055190103416543086,4.0,0.9011459660190111,NONE
31.11422784,0.921938518877049,0.005865499889020778,4.0,0.8991259795600381,NONE
31.259990148,0.921938518877049,0.005865499889020778,4.0,0.8991259795600381,NONE
31.260074727,0.9212627655481491,0.006231297917797168,4.0,0.8970687057744314,NONE
31.374253145,0.9212627655481491,0.006231297917797168,4.0,0.8970687057744314,NONE
31.374267109,0.9205880627253054,0.00567005411747837,4.0,0.8985207315680175,NONE
31.468958436,0.9205880627253054,0.00567005411747837,4.0,0.8985207315680175,NONE
31.468961627,0.9200207469954961,0.005662576556640017,4.0,0.8979844478070479,NONE
31.614573329,0.9200207469954961,0.005662576556640017,4.0,0.8979844478070479,NONE
31.615255547,0.9193479853964421,0.005671988420389019,4.0,0.8972735737456748,NONE
31.706638816,0.9193479853964421,0.005671988420389019,4.0,0.8972735737456748,NONE
31.706651582,0.9187823077416669,0.005398968500993878,4.0,0.8977441828522014,NONE
31.850606712,0.9181111583729127,0.005901485704826323,4.0,0.8951830705586946,NONE
31.851932249,0.9181111583729127,0.005901485704826323,4.0,0.8951830705586946,NONE
31.949073901,0.9177583965313548,0.005720539482081373,4.0,0.8955144675377253,NONE
31.951373929,0.9177583965313548,0.005720539482081373,4.0,0.8955144675377253,NONE
32.061814293,0.9169837236415026,0.006237073358731804,4.0,0.8928005830560736,NONE
32.064026254,0.9169837236415026,0.006237073358731804,4.0,0.8928005830560736,NONE
32.186040566,0.9164209551330741,0.006755048951284663,4.0,0.8903043987760952,NONE
32.186384957,0.9164209551330741,0.006755048951284663,4.0,0.8903043987760952,NONE
32.296779044,0.9157538952614449,0.005887587928219776,4.0,0.8928846139079187,NONE
32.29682981,0.9157538952614449,0.005887587928219776,4.0,0.8928846139079187,NONE
32.44329747,0.9149831459384924,0.005876663960037269,4.0,0.8921592678596968,NONE
32.444131968,0.9149831459384924,0.005876663960037269,4.0,0.8921592678596968,NONE
32.540244055,0.9149831459384924,0.005876663960037269,4.0,0.8921592678596968,NONE
32.540801184,0.9145282793464904,0.005850928168928458,4.0,0.8918103213440891,NONE
32.65238114,0.9138646339506895,0.005860725441114198,4.0,0.8911069976187309,NONE
32.65318432,0.9138646339506895,0.005860725441114198,4.0,0.8911069976187309,NONE
32.791692592,0.9133063085277472,0.0058527352744493985,4.0,0.8905818786102018,NONE
32.793537721,0.9133063085277472,0.0058527352744493985,4.0,0.8905818786102018,NONE
32.901791158,0.9126446482120207,0.005476221087692702,4.0,0.891348872747821,NONE
32.902373022,0.9126446482120207,0.005476221087692702,4.0,0.891348872747821,NONE
33.02170113,0.9126446482120207,0.005476221087692702,4.0,0.891348872747821,NONE
33.022624243,0.9120883663514517,0.005729077516080896,4.0,0.8898425283086695,NONE
33.135021605,0.9114284532357827,0.006347356165851394,4.0,0.8868608738632114,NONE
33.136132551,0.9114284532357827,0.006347356165851394,4.0,0.8868608738632114,NONE
33.256124048,0.9107695020378278,0.006056297393605251,4.0,0.8873029019829256,NONE
33.257036967,0.9107695020378278,0.006056297393605251,4.0,0.8873029019829256,NONE
33.370487743,0.9107695020378278,0.006056297393605251,4.0,0.8873029019829256,NONE
33.372061356,0.9101113916509437,0.005806504199781691,4.0,0.8875790725160041,NONE
33.504402344,0.9094546171253852,0.005777520553166961,4.0,0.887041683557453,NONE
33.504520433,0.9094546171253852,0.005777520553166961,4.0,0.887041683557453,NONE
33.604584453,0.9094546171253852,0.005777520553166961,4.0,0.887041683557453,NONE
33.604605143,0.908902770075351,0.0056832893279919715,4.0,0.886847068504871,NONE
33.719308169,0.908902770075351,0.0056832893279919715,4.0,0.886847068504871,NONE
33.719326538,0.9083513587101867,0.005417309678184726,4.0,0.8872998005186383,NONE
33.832057072,0.9078005071141513,0.005753119032666219,4.0,0.8854889470866625,NONE
33.832625515,0.9078005071141513,0.005753119032666219,4.0,0.8854889470866625,NONE
33.95020835,0.9078005071141513,0.005753119032666219,4.0,0.8854889470866625,NONE
33.951058724,0.9070445639414466,0.005998991235065684,4.0,0.8838164422438421,NONE
34.067844854,0.9070445639414466,0.005998991235065684,4.0,0.8838164422438421,NONE
34.069049669,0.9064957811971858,0.00547697469475409,4.0,0.8852294406546818,NONE
34.180343434,0.9058110583048591,0.005467182203412042,4.0,0.8845853251530205,NONE
34.181923551,0.9058110583048591,0.005467182203412042,4.0,0.8845853251530205,NONE
34.303212091,0.9052972872863447,0.005735223922351611,4.0,0.8830611002618183,NONE
34.303383718,0.9052972872863447,0.005735223922351611,4.0,0.8830611002618183,NONE
34.414788038,0.9046486140957676,0.005705983149571086,4.0,0.8825328473759844,NONE
34.41481545,0.9046486140957676,0.005705983149571086,4.0,0.8825328473759844,NONE
34.553402735,0.9046486140957676,0.005705983149571086,4.0,0.8825328473759844,NONE
34.553418759,0.9039673578874693,0.006035708026728198,4.0,0.880622739616454,NONE
34.649312157,0.9034229921349858,0.006026947055020685,4.0,0.8801148402849445,NONE
34.650130484,0.9034229921349858,0.006026947055020685,4.0,0.8801148402849445,NONE
34.788129218,0.9034229921349858,0.006026947055020685,4.0,0.8801148402849445,NONE
34.788545235,0.9027772890481004,0.005441991733424835,4.0,0.8816569503938031,NONE
34.883494634,0.9022679687539574,0.005923659591480754,4.0,0.8793532525088275,NONE
34.884331706,0.9022679687539574,0.005923659591480754,4.0,0.8793532525088275,NONE
35.015578203,0.9022679687539574,0.005923659591480754,4.0,0.8793532525088275,NONE
35.017505382,0.9017260757892623,0.0052389761730145335,4.0,0.8813812775830034,NONE
35.1149031,0.9011847585807905,0.005653146446886955,4.0,0.8792884188190562,NONE
35.115810529,0.9011847585807905,0.005653146446886955,4.0,0.8792884188190562,NONE
35.232678108,0.9004087781831336,0.006252133176565475,4.0,0.8762761037630089,NONE
35.234043075,0.9004087781831336,0.006252133176565475,4.0,0.8762761037630089,NONE
35.344045658,0.9004087781831336,0.006252133176565475,4.0,0.8762761037630089,NONE
35.344058239,0.8998694033291091,0.005989816888646803,4.0,0.8767169492815452,NONE
35.459018568,0.8998694033291091,0.005989816888646803,4.0,0.8767169492815452,NONE
35.45903135,0.8992304915823086,0.005874592704722786,4.0,0.8765198546648411,NONE
35.594507357,0.8992304915823086,0.005874592704722786,4.0,0.8765198546648411,NONE
35.594586364,0.8985920215774534,0.005884662065885536,4.0,0.8758406361330834,NONE
35.685460882,0.8980555690711665,0.005624057297154784,4.0,0.8762810434024754,NONE
35.686097672,0.8980555690711665,0.005624057297154784,4.0,0.8762810434024754,NONE
35.823548263,0.8975199213520325,0.0053641912096189185,4.0,0.8767221101083366,NONE
35.823571613,0.8975199213520325,0.0053641912096189185,4.0,0.8767221101083366,NONE
35.916663976,0.8975199213520325,0.0053641912096189185,4.0,0.8767221101083366,NONE
35.916690949,0.8968851842909278,0.0055859697094666665,4.0,0.8752677508743817,NONE
36.055573915,0.8968851842909278,0.0055859697094666665,4.0,0.8752677508743817,NONE
36.055877014,0.8962512410013153,0.0058461268389230535,4.0,0.8736601062409419,NONE
36.150977351,0.8957180980707153,0.005587108908413273,4.0,0.8740969650953103,NONE
36.153157353,0.8957180980707153,0.005587108908413273,4.0,0.8740969650953103,NONE
36.286999888,0.8957180980707153,0.005587108908413273,4.0,0.8740969650953103,NONE
36.28715943,0.8951859859714937,0.005328834058362087,4.0,0.8745347139047709,NONE
36.386068461,0.8951859859714937,0.005328834058362087,4.0,0.8745347139047709,NONE
36.387961448,0.8945547349260082,0.0055488297588838185,4.0,0.8730914660013311,NONE
36.503418384,0.8945547349260082,0.0055488297588838185,4.0,0.8730914660013311,NONE
36.50343467,0.8939244396638739,0.006056183047400115,4.0,0.8705701671042116,NONE
36.635441621,0.8939244396638739,0.006056183047400115,4.0,0.8705701671042116,NONE
36.635453986,0.8932956101358784,0.006023644146307471,4.0,0.8700756061546434,NONE
36.729009372,0.8928662730509822,0.006202977514658999,4.0,0.8689770746326687,NONE
36.729480658,0.8928662730509822,0.006202977514658999,4.0,0.8689770746326687,NONE
36.867125756,0.8928662730509822,0.006202977514658999,4.0,0.8689770746326687,NONE
36.867139629,0.892239983089508,0.005511398879573293,4.0,0.8709320602534741,NONE
36.960357901,0.8916145029372132,0.005768159193918881,4.0,0.8693475187884345,NONE
36.960384615,0.8916145029372132,0.005768159193918881,4.0,0.8693475187884345,NONE
37.098338493,0.8916145029372132,0.005768159193918881,4.0,0.8693475187884345,NONE
37.100172015,0.8911872899922083,0.005002172040756931,4.0,0.8717908644962082,NONE
37.190417018,0.8911872899922083,0.005002172040756931,4.0,0.8717908644962082,NONE
37.190431078,0.8904657253088708,0.00548232038001333,4.0,0.8692784654528235,NONE
37.335351436,0.8904657253088708,0.00548232038001333,4.0,0.8692784654528235,NONE
37.335363789,0.8898439227875716,0.005409882018543867,4.0,0.8689237818107128,NONE
37.430115116,0.8894189721646291,0.005383438473696373,4.0,0.8686074984170598,NONE
37.431018369,0.8894189721646291,0.005383438473696373,4.0,0.8686074984170598,NONE
37.546852239,0.8894189721646291,0.005383438473696373,4.0,0.8686074984170598,NONE
37.546886384,0.888700895549376,0.005208901086499553,4.0,0.8685455878517327,NONE
37.696555401,0.888700895549376,0.005208901086499553,4.0,0.8685455878517327,NONE
37.697488783,0.8880820354331012,0.004810329927046237,4.0,0.8694175129102036,NONE
37.786542905,0.8876591080756033,0.005435653650347917,4.0,0.8666654614553677,NONE
37.787837026,0.8876591080756033,0.005435653650347917,4.0,0.8666654614553677,NONE
37.93274473,0.8876591080756033,0.005435653650347917,4.0,0.8666654614553677,NONE
37.933732243,0.8869448891772828,0.005666495324416272,4.0,0.8650992807842472,NONE
38.032315344,0.8869448891772828,0.005666495324416272,4.0,0.8650992807842472,NONE
38.032328188,0.886426168318531,0.005414895411361234,4.0,0.8655186316006375,NONE
38.147688577,0.886426168318531,0.005414895411361234,4.0,0.8655186316006375,NONE
38.147726104,0.8860056537362093,0.00518463251150276,4.0,0.8659517917414864,NONE
38.26316225,0.8854884195719761,0.005661533316626782,4.0,0.8636645444852693,NONE
38.265412063,0.8854884195719761,0.005661533316626782,4.0,0.8636645444852693,NONE
38.377473789,0.8854884195719761,0.005661533316626782,4.0,0.8636645444852693,NONE
38.37748884,0.8846816709750788,0.006108643028785535,4.0,0.8612235392792117,NONE
38.497409261,0.884263458426181,0.005881419073057383,4.0,0.8616366661583889,NONE
38.499499535,0.884263458426181,0.005881419073057383,4.0,0.8616366661583889,NONE
38.607901978,0.8835247116021435,0.0055255474160125035,4.0,0.8622284596789432,NONE
38.609187428,0.8835247116021435,0.0055255474160125035,4.0,0.8622284596789432,NONE
38.74622387,0.8830440749138853,0.005377041523917077,4.0,0.8622945614307839,NONE
38.748715904,0.8830440749138853,0.005377041523917077,4.0,0.8622945614307839,NONE
38.836367424,0.8825314592411021,0.005848921763653573,4.0,0.8600398765164272,NONE
38.838109318,0.8825314592411021,0.005848921763653573,4.0,0.8600398765164272,NONE
38.981019864,0.8819242742840226,0.006293672642899982,4.0,0.8578155015783058,NONE
38.981041921,0.8819242742840226,0.006293672642899982,4.0,0.8578155015783058,NONE
39.078885186,0.8819242742840226,0.006293672642899982,4.0,0.8578155015783058,NONE
39.078899523,0.8812872239558932,0.005644540597136345,4.0,0.859569408894815,NONE
39.193889858,0.8808097162653545,0.005258508539758258,4.0,0.8605171292427809,NONE
39.195482316,0.8808097162653545,0.005258508539758258,4.0,0.8605171292427809,NONE
39.323958862,0.8808097162653545,0.005258508539758258,4.0,0.8605171292427809,NONE
39.323964276,0.880205911020797,0.005149130059845371,4.0,0.8603315409643841,NONE
39.433097117,0.880205911020797,0.005149130059845371,4.0,0.8603315409643841,NONE
39.434746123,0.8795721364339287,0.005691620239833936,4.0,0.8576958116931513,NONE
39.550050277,0.8795721364339287,0.005691620239833936,4.0,0.8576958116931513,NONE
39.5503656,0.8790659271359098,0.0050506460622446285,4.0,0.8595658754593674,NONE
39.663202813,0.8785605745474978,0.0050420595119136285,4.0,0.8590960612442385,NONE
39.664541909,0.8785605745474978,0.0050420595119136285,4.0,0.8590960612442385,NONE
39.794780858,0.8785605745474978,0.0050420595119136285,4.0,0.8590960612442385,NONE
39.794805622,0.8779927943666661,0.004875121341718608,4.0,0.8591535298204632,NONE
39.907593105,0.8774889159499325,0.005023767389470519,4.0,0.8581001065843483,NONE
39.910497388,0.8774889159499325,0.005023767389470519,4.0,0.8581001065843483,NONE
40.018526047,0.8774889159499325,0.005023767389470519,4.0,0.8581001065843483,NONE
40.019909722,0.8767667240370374,0.005502165043932805,4.0,0.8556047266870498,NONE
40.142436526,0.8764844537886208,0.004771807355984444,4.0,0.8580403141794598,NONE
40.14275434,0.8764844537886208,0.004771807355984444,4.0,0.8580403141794598,NONE
40.25672971,0.8764844537886208,0.004771807355984444,4.0,0.8580403141794598,NONE
40.256742334,0.8756707156845337,0.0052264220154241,4.0,0.8555446185631773,NONE
40.355330352,0.8756707156845337,0.0052264220154241,4.0,0.8555446185631773,NONE
40.357428609,0.8751711904020238,0.0049837165522166275,4.0,0.8559481107160113,NONE
40.496329472,0.8751711904020238,0.0049837165522166275,4.0,0.8559481107160113,NONE
40.498065228,0.8745790847781056,0.00499262882840758,4.0,0.8553200467835862,NONE
40.589650407,0.8745790847781056,0.00499262882840758,4.0,0.8553200467835862,NONE
40.589676257,0.8740812064951434,0.005217543017311356,4.0,0.8539929126653141,NONE
40.726976224,0.8740812064951434,0.005217543017311356,4.0,0.8539929126653141,NONE
40.726989149,0.8734917485503756,0.005418753527587587,4.0,0.8526748645007708,NONE
40.838912351,0.8734917485503756,0.005418753527587587,4.0,0.8526748645007708,NONE
40.8389378,0.8729960361720654,0.005177358884750464,4.0,0.8530732433953105,NONE
40.956079435,0.8729960361720654,0.005177358884750464,4.0,0.8530732433953105,NONE
40.956179068,0.8724088215930769,0.005186655974221902,4.0,0.852448512392543,NONE
41.066882504,0.8718222329538535,0.005386381432122206,4.0,0.8511396776599683,NONE
41.067112012,0.8718222329538535,0.005386381432122206,4.0,0.8511396776599683,NONE
41.183352968,0.8714218536601517,0.005168272238456536,4.0,0.8515377112853674,NONE
41.183424764,0.8714218536601517,0.005168272238456536,4.0,0.8515377112853674,NONE
41.296659392,0.8714218536601517,0.005168272238456536,4.0,0.8515377112853674,NONE
41.297173481,0.8707452072718078,0.005155598200776348,4.0,0.8509135715770069,NONE
41.409750327,0.8703463942747134,0.00512784656393322,4.0,0.8506287166485531,NONE
41.411255344,0.8703463942747134,0.00512784656393322,4.0,0.8506287166485531,NONE
41.527478576,0.8696722448371588,0.005115110445892216,4.0,0.8500073214191899,NONE
41.528047238,0.8696722448371588,0.005115110445892216,4.0,0.8500073214191899,NONE
41.623491928,0.8696722448371588,0.005115110445892216,4.0,0.8500073214191899,NONE
41.62560506,0.8691833563793064,0.005334446700257049,4.0,0.8487162602566138,NONE
41.756629225,0.8687868351621133,0.0046601781321016665,4.0,0.8508045935475219,NONE
41.757082332,0.8687868351621133,0.0046601781321016665,4.0,0.8508045935475219,NONE
41.870767764,0.8687868351621133,0.0046601781321016665,4.0,0.8508045935475219,NONE
41.870797904,0.8682080133675066,0.004707572724799245,4.0,0.8500611435013461,NONE
41.996935135,0.8682080133675066,0.004707572724799245,4.0,0.8500611435013461,NONE
41.996950047,0.8675403044333476,0.004998641977644092,4.0,0.8483230101346101,NONE
42.107338267,0.8675403044333476,0.004998641977644092,4.0,0.8483230101346101,NONE
42.107350377,0.866964422332926,0.004704225408682911,4.0,0.8488322291242684,NONE
42.219465312,0.866964422332926,0.004704225408682911,4.0,0.8488322291242684,NONE
42.219478523,0.8664804874909344,0.00484703475417492,4.0,0.8478236513678505,NONE
42.347162626,0.8664804874909344,0.00484703475417492,4.0,0.8478236513678505,NONE
42.347224576,0.8659065717356634,0.0050427566673833515,4.0,0.8465412757627809,NONE
42.443655951,0.8655153045626627,0.0052063841307796194,4.0,0.8455440635622172,NONE
42.444680592,0.8655153045626627,0.0052063841307796194,4.0,0.8455440635622172,NONE
42.587682054,0.8655153045626627,0.0052063841307796194,4.0,0.8455440635622172,NONE
42.589514257,0.864943878642756,0.004948945826264215,4.0,0.8459322471617509,NONE
42.681673328,0.864943878642756,0.004948945826264215,4.0,0.8459322471617509,NONE
42.681684938,0.8643737230941543,0.0048077468985781,4.0,0.8458793113641887,NONE
42.811694047,0.863804609253345,0.005001495304847855,4.0,0.8446101320053575,NONE
42.81328345,0.863804609253345,0.005001495304847855,4.0,0.8446101320053575,NONE
42.940343109,0.863804609253345,0.005001495304847855,4.0,0.8446101320053575,NONE
42.941019556,0.8632071455216782,0.005362013925334986,4.0,0.842699728847586,NONE
43.036146142,0.8628491915357119,0.004982534311163933,4.0,0.8437331991897754,NONE
43.037108793,0.8628491915357119,0.004982534311163933,4.0,0.8437331991897754,NONE
43.172392521,0.8621945270125563,0.004598606398579859,4.0,0.8444976426143495,NONE
43.17241733,0.8621945270125563,0.004598606398579859,4.0,0.8444976426143495,NONE
43.263444121,0.8621945270125563,0.004598606398579859,4.0,0.8444976426143495,NONE
43.264489703,0.8617199149463024,0.004885904457338845,4.0,0.8429690974167452,NONE
43.404455738,0.8617199149463024,0.004885904457338845,4.0,0.8429690974167452,NONE
43.404470344,0.8612458550888106,0.004654845118977638,4.0,0.8433492778042168,NONE
43.493641058,0.860772477047719,0.004940834395993863,4.0,0.8418290639124809,NONE
43.494843196,0.860772477047719,0.004940834395993863,4.0,0.8418290639124809,NONE
43.632753082,0.860772477047719,0.004940834395993863,4.0,0.8418290639124809,NONE
43.632792597,0.8601232920447083,0.004559930855836083,4.0,0.8425860595362318,NONE
43.723214167,0.8601232920447083,0.004559930855836083,4.0,0.8425860595362318,NONE
43.724190823,0.859740241472729,0.004940370932319319,4.0,0.8407997305659212,NONE
43.859203753,0.859740241472729,0.004940370932319319,4.0,0.8407997305659212,NONE
43.859559182,0.8591822558760119,0.0051282426897850675,4.0,0.839570050409793,NONE
43.987755151,0.8591822558760119,0.0051282426897850675,4.0,0.839570050409793,NONE
43.98776705,0.8585961375800676,0.004750261625169645,4.0,0.8403720304133243,NONE
44.082270021,0.8585961375800676,0.004750261625169645,4.0,0.8403720304133243,NONE
44.08229422,0.8581285086687664,0.004959711959837738,4.0,0.8391421853757626,NONE
44.228496825,0.8576903884744659,0.004605830498945854,4.0,0.8399970833675611,NONE
44.229764881,0.8576903884744659,0.004605830498945854,4.0,0.8399970833675611,NONE
44.321131759,0.8576903884744659,0.004605830498945854,4.0,0.8399970833675611,NONE
44.321142859,0.8570207587780395,0.004791207069530286,4.0,0.8386615565308833,NONE
44.445328515,0.8570207587780395,0.004791207069530286,4.0,0.8386615565308833,NONE
44.447137553,0.8564687753997776,0.005091044111140897,4.0,0.8370117576401286,NONE
44.547475525,0.8560919385627477,0.004627472896003823,4.0,0.8383414973889117,NONE
44.548171001,0.8560919385627477,0.004627472896003823,4.0,0.8383414973889117,NONE
44.674522083,0.8555421586549267,0.004636108272365081,4.0,0.8377569417872974,NONE
44.677143194,0.8555421586549267,0.004636108272365081,4.0,0.8377569417872974,NONE
44.76796589,0.8555421586549267,0.004636108272365081,4.0,0.8377569417872974,NONE
44.76798899,0.8549936904155665,0.004605371659966256,4.0,0.8373345196931524,NONE
44.906805446,0.8549936904155665,0.004605371659966256,4.0,0.8373345196931524,NONE
44.906817646,0.8544465363705426,0.004613989749663051,4.0,0.8367526635402349,NONE
45.017498418,0.8544465363705426,0.004613989749663051,4.0,0.8367526635402349,NONE
45.01751251,0.8539006990461442,0.004583185357225772,4.0,0.836333138945241,NONE
45.141456303,0.8534418790917871,0.004788217039209529,4.0,0.8351297570478841,NONE
45.141482088,0.8534418790917871,0.004788217039209529,4.0,0.8351297570478841,NONE
45.256466879,0.8529842282478998,0.0044931175066604614,4.0,0.8357553090902471,NONE
45.257536447,0.8529842282478998,0.0044931175066604614,4.0,0.8357553090902471,NONE
45.353673686,0.8529842282478998,0.0044931175066604614,4.0,0.8357553090902471,NONE
45.353684779,0.8525278805529753,0.00441269258973531,4.0,0.8355981399885887,NONE
45.498902089,0.8519870690974465,0.004706227319169878,4.0,0.833980062183611,NONE
45.50092969,0.8519870690974465,0.004706227319169878,4.0,0.833980062183611,NONE
45.590245764,0.8519870690974465,0.004706227319169878,4.0,0.833980062183611,NONE
45.590681106,0.8514465989279479,0.004957596872795405,4.0,0.8325411464741027,NONE
45.733244187,0.8509934283888142,0.004523209634845997,4.0,0.8336734604596501,NONE
45.735330752,0.8509934283888142,0.004523209634845997,4.0,0.8336734604596501,NONE
45.829974475,0.8505412352984829,0.004654798683587927,4.0,0.8327457859008847,NONE
45.830379036,0.8505412352984829,0.004654798683587927,4.0,0.8327457859008847,NONE
45.944316421,0.8499203741802476,0.0045007077542095365,4.0,0.8326932770282666,NONE
45.946339605,0.8499203741802476,0.0045007077542095365,4.0,0.8326932770282666,NONE
46.071674937,0.8499203741802476,0.0045007077542095365,4.0,0.8326932770282666,NONE
46.071689723,0.8494700372938181,0.0042806827921771625,4.0,0.8330524310192343,NONE
46.163525515,0.8490210143158871,0.004691771273540358,4.0,0.8311075581438653,NONE
46.163942041,0.8490210143158871,0.004691771273540358,4.0,0.8311075581438653,NONE
46.306948815,0.8490210143158871,0.004691771273540358,4.0,0.8311075581438653,NONE
46.306954211,0.8484889210791594,0.004630530558121439,4.0,0.8307946526956282,NONE
46.399611365,0.8484889210791594,0.004630530558121439,4.0,0.8307946526956282,NONE
46.399633945,0.8481250984306417,0.004532346234457514,4.0,0.8308011086431843,NONE
46.5321862,0.8481250984306417,0.004532346234457514,4.0,0.8308011086431843,NONE
46.532191296,0.8475120027415818,0.005214218063900356,4.0,0.8277331125709346,NONE
46.626189447,0.8470667919668328,0.004856125058450326,4.0,0.8285812775894679,NONE
46.628086745,0.8470667919668328,0.004856125058450326,4.0,0.8285812775894679,NONE
46.760117767,0.8470667919668328,0.004856125058450326,4.0,0.8285812775894679,NONE
46.761880785,0.8465392993595069,0.004239856579018206,4.0,0.8302906999080474,NONE
46.855960464,0.8465392993595069,0.004239856579018206,4.0,0.8302906999080474,NONE
46.85684477,0.8460129263601777,0.004624123669651126,4.0,0.828378967674991,NONE
46.971755024,0.8460129263601777,0.004624123669651126,4.0,0.828378967674991,NONE
46.972775135,0.8454881440664181,0.004287246072766813,4.0,0.8290764066573301,NONE
47.106385759,0.8454881440664181,0.004287246072766813,4.0,0.8290764066573301,NONE
47.106423315,0.8449895197185487,0.004775069003225815,4.0,0.8267719480196586,NONE
47.202919583,0.8449895197185487,0.004775069003225815,4.0,0.8267719480196586,NONE
47.202935864,0.8443289698084435,0.005284570201580833,4.0,0.8241605246202569,NONE
47.336632987,0.8443289698084435,0.005284570201580833,4.0,0.8241605246202569,NONE
47.336646971,0.8436442187900557,0.0060744365240455326,4.0,0.820525636000917,NONE
47.428405858,0.8430267395197011,0.006722357486795177,4.0,0.8174802325769541,NONE
47.429674979,0.8430267395197011,0.006722357486795177,4.0,0.8174802325769541,NONE
47.56705651,0.8423270284180134,0.006557842290218298,4.0,0.8172585844390136,NONE
47.569151069,0.8423270284180134,0.006557842290218298,4.0,0.8172585844390136,NONE
47.656968649,0.8418355606469689,0.006383385130374028,4.0,0.8173342823702362,NONE
47.657992156,0.8418355606469689,0.006383385130374028,4.0,0.8173342823702362,NONE
47.793208709,0.8410630406158691,0.007509959315335899,4.0,0.8123486654362893,NONE
47.795507331,0.8410630406158691,0.007509959315335899,4.0,0.8123486654362893,NONE
47.886007884,0.8403704160223406,0.007524150405086522,4.0,0.8115138402375819,NONE
47.887486361,0.8403704160223406,0.007524150405086522,4.0,0.8115138402375819,NONE
48.018472878,0.8403704160223406,0.007524150405086522,4.0,0.8115138402375819,NONE
48.0199581,0.8394441246883465,0.007256379285657571,4.0,0.8114554185505891,NONE
48.144241553,0.8394441246883465,0.007256379285657571,4.0,0.8114554185505891,NONE
48.145569295,0.8387097371694631,0.00742385225156927,4.0,0.8100286558767241,NONE
48.237521499,0.8387097371694631,0.00742385225156927,4.0,0.8100286558767241,NONE
48.239370711,0.8378820754940253,0.0068691132984039106,4.0,0.811200840713329,NONE
48.383902325,0.8378820754940253,0.0068691132984039106,4.0,0.811200840713329,NONE
48.383914009,0.8369940073704146,0.007522411551255619,4.0,0.807791782594556,NONE
48.476503921,0.836242842437051,0.008498308139297209,4.0,0.8033046254288414,NONE
48.476851534,0.836242842437051,0.008498308139297209,4.0,0.8033046254288414,NONE
48.6097003,0.835312844253075,0.008278675065871946,4.0,0.8031269092464564,NONE
48.611233054,0.835312844253075,0.008278675065871946,4.0,0.8031269092464564,NONE
48.718375199,0.8346943301788914,0.00841862991272967,4.0,0.8019266282481939,NONE
48.720513506,0.8346943301788914,0.00841862991272967,4.0,0.8019266282481939,NONE
48.833289765,0.8346943301788914,0.00841862991272967,4.0,0.8019266282481939,NONE
48.833304544,0.8335572558739022,0.009272837354495552,4.0,0.7974755573774087,NONE
48.956670147,0.8335572558739022,0.009272837354495552,4.0,0.7974755573774087,NONE
48.956853553,0.8327390360112541,0.009133633165201962,4.0,0.7971132996720359,NONE
49.066861709,0.8327390360112541,0.009133633165201962,4.0,0.7971132996720359,NONE
49.06693579,0.8318624944676609,0.00862639673498452,4.0,0.7981145497800566,NONE
49.19933631,0.8318624944676609,0.00862639673498452,4.0,0.7981145497800566,NONE
49.202007922,0.8308794731407008,0.008580284226194203,4.0,0.7972485211115987,NONE
49.309494725,0.8308794731407008,0.008580284226194203,4.0,0.7972485211115987,NONE
49.309497421,0.8299698482124647,0.008487379592804494,4.0,0.7966526486971358,NONE
49.420591734,0.8299698482124647,0.008487379592804494,4.0,0.7966526486971358,NONE
49.42152843,0.8287169914721985,0.009603656072958548,4.0,0.791046134011467,NONE
49.537924934,0.8278674840232533,0.00903276840162711,4.0,0.7923503334546895,NONE
49.538384097,0.8278674840232533,0.00903276840162711,4.0,0.7923503334546895,NONE
49.647762564,0.8278674840232533,0.00903276840162711,4.0,0.7923503334546895,NONE
49.648573562,0.8267151455383535,0.0094355416156073,4.0,0.7895906044914539,NONE
49.768218254,0.8267151455383535,0.0094355416156073,4.0,0.7895906044914539,NONE
49.768230734,0.8259852104307608,0.009059709606771509,4.0,0.7902820544815976,NONE
49.880291995,0.8259852104307608,0.009059709606771509,4.0,0.7902820544815976,NONE
49.880326639,0.8248496792522814,0.010312897191186056,4.0,0.784245615435169,NONE
49.995893414,0.8248496792522814,0.010312897191186056,4.0,0.784245615435169,NONE
49.995927453,0.82389865574536,0.010210103942011172,4.0,0.7836452138214282,NONE
50.108606581,0.8225255509724588,0.010382167348447236,4.0,0.781549136115546,NONE
50.110595831,0.8225255509724588,0.010382167348447236,4.0,0.781549136115546,NONE
50.239695157,0.8225255509724588,0.010382167348447236,4.0,0.781549136115546,NONE
50.242418297,0.8213894266945343,0.010924992375786912,4.0,0.7782505881316835,NONE
50.336453993,0.8213894266945343,0.010924992375786912,4.0,0.7782505881316835,NONE
50.336468966,0.820343324890476,0.010258435227612018,4.0,0.779768614339239,NONE
50.468997373,0.8196038105580824,0.010077062556908599,4.0,0.7797145484986526,NONE
50.470313325,0.8196038105580824,0.010077062556908599,4.0,0.7797145484986526,NONE
50.566998593,0.8196038105580824,0.010077062556908599,4.0,0.7797145484986526,NONE
50.567780298,0.8181066310274965,0.012255955857143265,4.0,0.7696433741659567,NONE
50.684960793,0.8181066310274965,0.012255955857143265,4.0,0.7696433741659567,NONE
50.686229529,0.8169142689690532,0.011045267723123212,4.0,0.7731443473850074,NONE
50.79561094,0.8162581964813229,0.01096062130020021,4.0,0.7728052309661106,NONE
50.797534708,0.8162581964813229,0.01096062130020021,4.0,0.7728052309661106,NONE
50.907667678,0.8162581964813229,0.01096062130020021,4.0,0.7728052309661106,NONE
50.907682951,0.8146005710896792,0.011695328677892481,4.0,0.7682061523407265,NONE
51.031905911,0.8137068285634851,0.012332163762531823,4.0,0.7647841431501665,NONE
51.032679209,0.8137068285634851,0.012332163762531823,4.0,0.7647841431501665,NONE
51.146638932,0.8124670288152396,0.01076270849733843,4.0,0.7696920607485119,NONE
51.146665181,0.8124670288152396,0.01076270849733843,4.0,0.7696920607485119,NONE
51.27528893,0.8124670288152396,0.01076270849733843,4.0,0.7696920607485119,NONE
51.276857085,0.810929226932118,0.012311823820264077,4.0,0.7620045491543187,NONE
51.386383716,0.810929226932118,0.012311823820264077,4.0,0.7620045491543187,NONE
51.386397689,0.8100673282863533,0.012105207798150011,4.0,0.761934106781588,NONE
51.497228886,0.8086789563879642,0.010885739664638227,4.0,0.7653466637939319,NONE
51.498082229,0.8086789563879642,0.010885739664638227,4.0,0.7653466637939319,NONE
51.625102292,0.8075723083286748,0.011827476014977464,4.0,0.7604921103018314,NONE
51.626431112,0.8075723083286748,0.011827476014977464,4.0,0.7604921103018314,NONE
51.737394952,0.8060484318093958,0.012639705319880574,4.0,0.7557282720859984,NONE
51.739295062,0.8060484318093958,0.012639705319880574,4.0,0.7557282720859984,NONE
51.836476364,0.8051061695164219,0.012384231972364993,4.0,0.7557868384030452,NONE
51.837663259,0.8051061695164219,0.012384231972364993,4.0,0.7557868384030452,NONE
51.977852446,0.8035091251067411,0.011263994641734058,4.0,0.7586165672575513,NONE
51.979328477,0.8035091251067411,0.011263994641734058,4.0,0.7586165672575513,NONE
52.072089295,0.8035091251067411,0.011263994641734058,4.0,0.7586165672575513,NONE
52.074081453,0.8023803436959317,0.011156137930844572,4.0,0.7579056007573105,NONE
52.205814634,0.8010689514462602,0.012081907100169627,4.0,0.7529086885290583,NONE
52.206688018,0.8010689514462602,0.012081907100169627,4.0,0.7529086885290583,NONE
52.315945335,0.7998739745568023,0.012862398928742295,4.0,0.7486046045585302,NONE
52.319056765,0.7998739745568023,0.012862398928742295,4.0,0.7486046045585302,NONE
52.431085219,0.7998739745568023,0.012862398928742295,4.0,0.7486046045585302,NONE
52.431088513,0.7987361375915496,0.014086318470756478,4.0,0.7425996106408389,NONE
52.562053691,0.7987361375915496,0.014086318470756478,4.0,0.7425996106408389,NONE
52.562078739,0.7974158399041706,0.012620037764347537,4.0,0.7470926656429517,NONE
52.655520042,0.795912203336425,0.0133955301840562,4.0,0.7425003863568226,NONE
52.656755972,0.795912203336425,0.0133955301840562,4.0,0.7425003863568226,NONE
52.790679799,0.795912203336425,0.0133955301840562,4.0,0.7425003863568226,NONE
52.791323161,0.7935617386823851,0.01809191817842414,4.0,0.7215004714860385,NONE
52.88352584,0.7912075246111875,0.02204833569559471,4.0,0.7034611314237648,NONE
52.88480508,0.7912075246111875,0.02204833569559471,4.0,0.7034611314237648,NONE
53.028327835,0.7878212000540353,0.023911531699955357,4.0,0.6926785350151217,NONE
53.028868596,0.7878212000540353,0.023911531699955357,4.0,0.6926785350151217,NONE
53.120289103,0.7858836491970536,0.02545095012970692,4.0,0.6846402846083207,NONE
53.121277273,0.7858836491970536,0.02545095012970692,4.0,0.6846402846083207,NONE
53.237871387,0.7829748209986765,0.025171103624704025,4.0,0.6828253755064525,NONE
53.238172286,0.7829748209986765,0.025171103624704025,4.0,0.6828253755064525,NONE
53.37768421,0.7800631066664891,0.02549756027102727,4.0,0.6786102677558902,NONE
53.378459248,0.7800631066664891,0.02549756027102727,4.0,0.6786102677558902,NONE
53.470367357,0.7800631066664891,0.02549756027102727,4.0,0.6786102677558902,NONE
53.470378428,0.7772100507349612,0.026113157001514314,4.0,0.6733198752615275,NONE
53.604346904,0.7747200244324247,0.025514997463003047,4.0,0.6731911870591772,NONE
53.606525307,0.7747200244324247,0.025514997463003047,4.0,0.6731911870591772,NONE
53.697078722,0.7747200244324247,0.025514997463003047,4.0,0.6731911870591772,NONE
53.699589041,0.7718641666178157,0.0243078820907477,4.0,0.6751084775260546,NONE
53.833755491,0.7718641666178157,0.0243078820907477,4.0,0.6751084775260546,NONE
53.834505296,0.7689467780656797,0.024025335155504906,4.0,0.6732985351442754,NONE
53.925907551,0.7665140791013522,0.025540561852259246,4.0,0.6648739167829373,NONE
53.926251735,0.7665140791013522,0.025540561852259246,4.0,0.6648739167829373,NONE
54.062362513,0.7665140791013522,0.025540561852259246,4.0,0.6648739167829373,NONE
54.062512199,0.7636556715509815,0.02646119206045176,4.0,0.6583710505679082,NONE
54.154393186,0.7617092387715515,0.025240334326041114,4.0,0.6612580764119732,NONE
54.155074601,0.7617092387715515,0.025240334326041114,4.0,0.6612580764119732,NONE
54.294171851,0.7583019499158254,0.02434834086102748,4.0,0.661370487976119,NONE
54.29432762,0.7583019499158254,0.02434834086102748,4.0,0.661370487976119,NONE
54.407305835,0.7583019499158254,0.02434834086102748,4.0,0.661370487976119,NONE
54.408706958,0.7553805000073097,0.024037987491028992,4.0,0.6596836257769145,NONE
54.501489052,0.7553805000073097,0.024037987491028992,4.0,0.6596836257769145,NONE
54.501671347,0.7529465405894493,0.024337147721044432,4.0,0.6560702351481174,NONE
54.639832288,0.7529465405894493,0.024337147721044432,4.0,0.6560702351481174,NONE
54.639848742,0.7500865858680906,0.024040501965919364,4.0,0.6543818643345047,NONE
54.732139096,0.7500865858680906,0.024040501965919364,4.0,0.6543818643345047,NONE
54.73323995,0.7476523884011563,0.02403542916911672,4.0,0.6519726436697204,NONE
54.865720707,0.7452186782319691,0.02311776216776702,4.0,0.6531771737894289,NONE
54.867409534,0.7452186782319691,0.02311776216776702,4.0,0.6531771737894289,NONE
54.957619893,0.7452186782319691,0.02311776216776702,4.0,0.6531771737894289,NONE
54.959842438,0.7422988929131729,0.025544604429062243,4.0,0.6406597282960391,NONE
55.099859214,0.7399259411399101,0.02403264467049505,4.0,0.6442645287245226,NONE
55.100197347,0.7399259411399101,0.02403264467049505,4.0,0.6442645287245226,NONE
55.188917087,0.7399259411399101,0.02403264467049505,4.0,0.6442645287245226,NONE
55.190187754,0.7374925167844898,0.027677187990107724,4.0,0.6274273144786365,NONE
55.330204131,0.7374925167844898,0.027677187990107724,4.0,0.6274273144786365,NONE
55.330217692,0.7340866156118128,0.026756555909876585,4.0,0.627667556395435,NONE
55.440372945,0.7340866156118128,0.026756555909876585,4.0,0.627667556395435,NONE
55.441340778,0.7311680898847915,0.02431767013155951,4.0,0.6343978012557525,NONE
55.557273114,0.7292826973106288,0.022806891482179854,4.0,0.638486900358143,NONE
55.557305222,0.7292826973106288,0.022806891482179854,4.0,0.638486900358143,NONE
55.67067678,0.7292826973106288,0.022806891482179854,4.0,0.638486900358143,NONE
55.670682762,0.7258773970992031,0.025231765694551968,4.0,0.6254952392493806,NONE
55.783997782,0.7239319831742101,0.026746935326060838,4.0,0.617568020144026,NONE
55.785534388,0.7239319831742101,0.026746935326060838,4.0,0.617568020144026,NONE
55.899672055,0.7205283685202474,0.02673841379259327,4.0,0.614207850182302,NONE
55.899716927,0.7205283685202474,0.02673841379259327,4.0,0.614207850182302,NONE
55.995861529,0.7185839284865527,0.025518331101503595,4.0,0.6170878828250236,NONE
55.996097036,0.7185839284865527,0.025518331101503595,4.0,0.6170878828250236,NONE
56.130916576,0.7185839284865527,0.025518331101503595,4.0,0.6170878828250236,NONE
56.130934722,0.7156679598012711,0.024296389379238816,4.0,0.6190086261775211,NONE
56.222407997,0.7128121318353848,0.02643036620995238,4.0,0.6077190308875299,NONE
56.222446583,0.7128121318353848,0.02643036620995238,4.0,0.6077190308875299,NONE
56.369768167,0.7098960862823686,0.027637781198972082,4.0,0.6000470036031206,NONE
56.370787271,0.7098960862823686,0.027637781198972082,4.0,0.6000470036031206,NONE
56.480859865,0.7069808801812407,0.025504534761492947,4.0,0.6055603282981064,NONE
56.481537872,0.7069808801812407,0.025504534761492947,4.0,0.6055603282981064,NONE
56.598709594,0.7045521601800627,0.02428420226610664,4.0,0.6079589451865955,NONE
56.598985882,0.7045521601800627,0.02428420226610664,4.0,0.6079589451865955,NONE
56.710616296,0.7045521601800627,0.02428420226610664,4.0,0.6079589451865955,NONE
56.710628759,0.7021240406642152,0.02549222694121234,4.0,0.6007658604945144,NONE
56.810580607,0.7021240406642152,0.02549222694121234,4.0,0.6007658604945144,NONE
56.810854003,0.6992110708243645,0.0254847188492087,4.0,0.5978909891064299,NONE
56.951442149,0.6962989644326895,0.02547711634381996,4.0,0.5950174987305727,NONE
56.952372249,0.6962989644326895,0.02547711634381996,4.0,0.5950174987305727,NONE
57.042251253,0.6962989644326895,0.02547711634381996,4.0,0.5950174987305727,NONE
57.044044754,0.6939347993408495,0.02651630044032557,4.0,0.5885735690893626,NONE
57.189975306,0.6939347993408495,0.02651630044032557,4.0,0.5885735690893626,NONE
57.191460136,0.6910856291837669,0.02500848166793307,4.0,0.5916691921970035,NONE
57.282743313,0.6886608682469516,0.023941350620357193,4.0,0.5934639192241703,NONE
57.283513793,0.6886608682469516,0.023941350620357193,4.0,0.5934639192241703,NONE
57.40128642,0.6886608682469516,0.023941350620357193,4.0,0.5934639192241703,NONE
57.401298583,0.685751992836873,0.025448666685935727,4.0,0.584615342136506,NONE
57.5404651,0.685751992836873,0.025448666685935727,4.0,0.584615342136506,NONE
57.54084376,0.6828440327972499,0.025440606099284398,4.0,0.5817485181267706,NONE
57.631832723,0.6828440327972499,0.025440606099284398,4.0,0.5817485181267706,NONE
57.633268899,0.6809059071016735,0.02301277678863218,4.0,0.5893966545518519,NONE
57.779789475,0.6779994988761476,0.02542694064732738,4.0,0.5769738209681532,NONE
57.781970907,0.6779994988761476,0.02542694064732738,4.0,0.5769738209681532,NONE
57.873299647,0.6755782221864705,0.02663047378123644,4.0,0.5698198205970294,NONE
57.875061244,0.6755782221864705,0.02663047378123644,4.0,0.5698198205970294,NONE
57.994061145,0.6755782221864705,0.02663047378123644,4.0,0.5698198205970294,NONE
57.99429712,0.672189536100444,0.026620158049946604,4.0,0.5664846667265627,NONE
58.117097708,0.672189536100444,0.026620158049946604,4.0,0.5664846667265627,NONE
58.117114357,0.6702537408128033,0.02419472041360045,4.0,0.5741110450854929,NONE
58.226241159,0.6702537408128033,0.02419472041360045,4.0,0.5741110450854929,NONE
58.226978693,0.6674725277424288,0.0235821460554366,4.0,0.5737541517647028,NONE
58.350935528,0.6674725277424288,0.0235821460554366,4.0,0.5737541517647028,NONE
58.351184164,0.6650541843011413,0.024784382697117066,4.0,0.5666045891135023,NONE
58.467269585,0.6650541843011413,0.024784382697117066,4.0,0.5666045891135023,NONE
58.46728444,0.6616696932115378,0.02779556276676422,4.0,0.5513866119815912,NONE
58.581946235,0.6616696932115378,0.02779556276676422,4.0,0.5513866119815912,NONE
58.583246639,0.6587697978501285,0.024161505954380345,4.0,0.562795623072541,NONE
58.70480983,0.6587697978501285,0.024161505954380345,4.0,0.562795623072541,NONE
58.704815911,0.656837107069802,0.022947956855782464,4.0,0.5656520801462732,NONE
58.816108358,0.656837107069802,0.022947956855782464,4.0,0.5656520801462732,NONE
58.816124409,0.653938940247452,0.02535435653204699,4.0,0.5532862034997735,NONE
58.940866941,0.6538182186405349,0.025957637640281687,4.0,0.5507931624409788,NONE
58.941365482,0.6509211517037706,0.028361891345597107,4.0,0.5384669109350962,NONE
59.05495502,0.6485077391204732,0.02473356238840402,4.0,0.5503184408107444,NONE
59.055030185,0.6480251408053632,0.02684329000464508,4.0,0.5415452253179059,NONE
59.153862165,0.6465775555471573,0.03286931125624592,4.0,0.5165121184203542,NONE
59.154708718,0.6436831915983704,0.03406258363354483,4.0,0.5089867459271934,NONE
59.296995128,0.6413931953851343,0.03344948960694116,4.0,0.50910495126644,NONE
59.297021147,0.6393443311112811,0.04036935016466913,4.0,0.4802167088674884,NONE
59.387230786,0.6364527652962414,0.04035347579885047,4.0,0.4774240332661273,NONE
59.388119209,0.634164400679751,0.0445554608710312,4.0,0.45899339695575453,NONE
59.531484944,0.6313952719984282,0.04754758739512047,4.0,0.44482695643056497,NONE
59.532694961,0.6285068931235253,0.046926530147269746,4.0,0.44436769375896024,NONE
59.646247214,0.6256197032763394,0.04690707488817298,4.0,0.4416140903991524,NONE
59.648276868,0.6227337332583432,0.0486907085506137,4.0,0.43200391429204643,NONE
59.741503774,0.620329686539064,0.04867341883838821,4.0,0.42972228230190157,NONE
59.742396183,0.6179264843561841,0.049256617463466996,4.0,0.4251667898064269,NONE
59.876170309,0.6150438123214882,0.048034237365456936,4.0,0.42698773641879145,NONE
59.876186658,0.6126425351146347,0.046816098241816054,4.0,0.4292662633373893,NONE
59.968993595,0.6097621887601452,0.04919483736522883,4.0,0.4174471462960574,NONE
59.970158099,0.6073628868829238,0.04917619102739532,4.0,0.41518277462540426,NONE
60.104825848,0.6044849419060561,0.051551255072869645,4.0,0.4034553381712026,NONE
60.106301763,0.6016083192042873,0.051527137985152696,4.0,0.40076072044737787,NONE
60.197740924,0.5992122016069449,0.051506774860392276,4.0,0.3985187363116386,NONE
60.197751291,0.5972959759564823,0.04909540900178992,4.0,0.40570428613151477,NONE
60.334598921,0.5940643862343704,0.04847011868712141,4.0,0.40491774181302753,NONE
60.334643679,0.591192775574004,0.048446184065894835,4.0,0.40222068421617546,NONE
60.422832856,0.5892791703750049,0.04723422947865488,4.0,0.40491772846959767,NONE
60.423095024,0.5868880591838789,0.0472143220356636,4.0,0.4026698723347374,NONE
60.563212375,0.5846174583144479,0.045701665509464695,4.0,0.4061553637814522,NONE
60.563227028,0.5817506446172628,0.04597649417367265,4.0,0.40233296636400584,NONE
60.673230962,0.5784079323799276,0.0483351085331502,4.0,0.39025288068041064,NONE
60.673276917,0.5755443957297572,0.05099301527918915,4.0,0.37761108181973635,NONE
60.791591273,0.5731592899745191,0.05007567767294961,4.0,0.37871523308152044,NONE
60.791718369,0.5702986099566925,0.051239654057516314,4.0,0.3716653077436249,NONE
60.901516457,0.5674395215130398,0.04763806737013605,4.0,0.38225482742165673,NONE
60.90342181,0.5645820629445183,0.04761093414838613,4.0,0.3795992494509664,NONE
61.019509945,0.5626779909434417,0.046402799562351826,4.0,0.3822548405622607,NONE
61.021619063,0.5602989304535599,0.046380216747650145,4.0,0.3800414696587678,NONE
61.134694024,0.5574455919953353,0.046352734839424994,4.0,0.3773903552371146,NONE
61.13470719,0.5545939718706205,0.04751264428424269,4.0,0.37034792360775903,NONE
61.230005771,0.5522189637802242,0.047488453038313325,4.0,0.3681555501123125,NONE
61.230067111,0.549845151955001,0.04865054643446641,4.0,0.3616033201204374,NONE
61.366285069,0.5474725663338731,0.04981107917135841,4.0,0.3550901168518091,NONE
61.367397063,0.5446271226035858,0.05096457197158511,4.0,0.34818819840071236,NONE
61.460583364,0.5422573071888476,0.05093710918595033,4.0,0.3460414053626717,NONE
61.460608399,0.5395341276098415,0.05149694995087095,4.0,0.3414434925125254,NONE
61.601810433,0.5371671068288456,0.05028519049594042,4.0,0.34357952179883894,NONE
61.603212171,0.5339737248363525,0.04847348565639449,4.0,0.3471149723808618,NONE
61.714119765,0.5311372265946095,0.047849362771400415,4.0,0.3466857134240796,NONE
61.715142094,0.5283027126142134,0.04781584774194748,4.0,0.34411433088858834,NONE
61.831528173,0.5259421269885916,0.048377472848888096,4.0,0.33984484689751715,NONE
61.833466109,0.5231112944211354,0.0483425260886621,4.0,0.3372931394761314,NONE
61.940615735,0.5207538412545365,0.049491332826212736,4.0,0.3309479184417991,NONE
61.94276145,0.5179268294220609,0.049454450610609484,4.0,0.32842393511244944,NONE
62.058908843,0.5155725962804877,0.047069762251146105,4.0,0.33474913822310853,NONE
62.058923105,0.513690285840174,0.04704569635529752,4.0,0.3330574903029173,NONE
62.171493574,0.5103985850909577,0.04700293891909869,4.0,0.3301056910357572,NONE
62.171506739,0.5071098994947707,0.048133330348097414,4.0,0.3229841333773964,NONE
62.287452865,0.5047627144022094,0.048100878419100705,4.0,0.3209027344420246,NONE
62.288918382,0.5024171373272657,0.04689558118380299,4.0,0.3229841333773964,NONE
62.398745818,0.500073169823119,0.04686302358047226,4.0,0.3209027406062841,NONE
62.399014905,0.49726256093554916,0.04682334514427076,4.0,0.31841325680763966,NONE
62.515567225,0.4945720885674043,0.04619980423852528,4.0,0.3181038950967163,NONE
62.516616844,0.4922337296550352,0.046166095592108304,4.0,0.3160373015164367,NONE
62.631565712,0.48989706891839946,0.04613190297536938,4.0,0.3139771845210207,NONE
62.631603113,0.48709536608885096,0.04609022059369462,4.0,0.3115137867809686,NONE
62.763346288,0.48382996071891426,0.047789054105762306,4.0,0.30256673361808173,NONE
62.764106773,0.48115031612183573,0.04716375538791964,4.0,0.3022641779975523,NONE
62.860595746,0.47928764752122033,0.04713376524534952,4.0,0.30065337262677533,NONE
62.86060562,0.4778914273778227,0.04594780634980127,4.0,0.30347540418479046,NONE
62.974371586,0.47510102174933894,0.04590289501441844,4.0,0.3010556243644068,NONE
62.976367834,0.471849038240892,0.04759060902158494,4.0,0.2922777050839132,NONE
63.090972378,0.4695285183514264,0.04871006986286213,4.0,0.28638308095506193,NONE
63.090998708,0.4667465197698346,0.05097684168796121,4.0,0.2763547738207062,NONE
63.201864975,0.46396742462288315,0.050923134596218965,4.0,0.2740768525112698,NONE
63.202955252,0.4616537608734954,0.04856501567440021,4.0,0.27979777130807604,NONE
63.323310578,0.4593421877094796,0.04736566730254086,4.0,0.28172372681496394,NONE
63.323495083,0.45657110867364664,0.048467136468071936,4.0,0.27559390121667676,NONE
63.431600552,0.4542642249979611,0.04842155639645645,4.0,0.27369858377420997,NONE
63.432593789,0.45149886268495426,0.047214365947516726,4.0,0.27521404316200215,NONE
63.558616322,0.44873672166170103,0.046008842543506887,4.0,0.27673580858112695,NONE
63.558981144,0.4460935604591815,0.04882836553310332,4.0,0.265205766769152,NONE
63.673728306,0.4437969084812347,0.0487789077283268,4.0,0.2633686729417502,NONE
63.673744064,0.4415026122779063,0.047582119396497646,4.0,0.26520576403654783,NONE
63.808910182,0.43840908857835087,0.046942212096553866,4.0,0.2645615171347021,NONE
63.811893883,0.43520568027357903,0.047443215903483875,4.0,0.2601809148447099,NONE
63.908111922,0.4333773431316563,0.04740166731712296,4.0,0.25873545007359816,NONE
63.908152613,0.4315506180332278,0.04735958976333848,4.0,0.25729756078845256,NONE
64.021002086,0.4288135980283448,0.04501616304002142,4.0,0.2623630419629203,NONE
64.021952013,0.42562515211961344,0.046650175800357366,4.0,0.254445026508091,NONE
64.138122036,0.4228963397401754,0.047720330273029625,4.0,0.24883662331024864,NONE
64.138986594,0.4206252985792406,0.04766294283663133,4.0,0.247111513844154,NONE
64.255010113,0.4179037112013995,0.0475928405425048,4.0,0.2450593586977043,NONE
64.255013504,0.4151861555526845,0.0486528168917185,4.0,0.23968637858022318,NONE
64.369400656,0.4133767385184971,0.04973353002544744,4.0,0.23510977717375153,NONE
64.37257047,0.4111175822607043,0.04741146183906163,4.0,0.2400178262258504,NONE
64.478625192,0.4079597380669897,0.047323708410321755,4.0,0.23771028868831073,NONE
64.478637559,0.40570774585314195,0.04838500253510536,4.0,0.23286742340491295,NONE
64.601498059,0.40345881713151743,0.04831844282340079,4.0,0.23128516414757072,NONE
64.601509428,0.4008205486633988,0.049052990856207596,4.0,0.22732690349953275,NONE
64.710319686,0.39813044600495157,0.04672857947517953,4.0,0.23167032389914508,NONE
64.710324872,0.39594890873535515,0.045431074035572394,4.0,0.2335064752122914,NONE
64.846765487,0.3932673743937541,0.0464660446771228,4.0,0.22848072032712352,NONE
64.84719263,0.39070212600600013,0.04694174211605018,4.0,0.22520222013670918,NONE
64.938227909,0.38892028032923276,0.046883419091513646,4.0,0.22400330515123634,NONE
64.938726367,0.38625170530919567,0.047210984978705635,4.0,0.22113023695647466,NONE
65.076117642,0.38358826531363527,0.04656496804736636,4.0,0.2208396017678708,NONE
65.076133595,0.38137271225314584,0.046488019984779895,4.0,0.21939786339978323,NONE
65.172657094,0.37916085709368397,0.0475147138278638,4.0,0.21519066644880303,NONE
65.174258883,0.3765115866288311,0.04741664719572297,4.0,0.21355903785708774,NONE
65.305786895,0.3738678738597653,0.04731649163636782,4.0,0.2119577373502046,NONE
65.305799414,0.3712297977177754,0.04392017658051022,4.0,0.2185421156633815,NONE
65.405855431,0.3685974925914592,0.04601411302298231,4.0,0.21143082328752663,NONE
65.407058615,0.36640839665520897,0.045927367920264806,4.0,0.2101287751961566,NONE
65.519635542,0.36422347672441335,0.04693046214775584,4.0,0.206356867165212,NONE
65.52139544,0.3616071917560511,0.04681979654174517,4.0,0.204906281729553,NONE
65.649904435,0.35943170751744064,0.04889901303728305,4.0,0.19923972888430685,NONE
65.651173852,0.3576944953046566,0.04773409361945359,4.0,0.20054257238533513,NONE
65.763519874,0.35466127907114586,0.05083940745792944,4.0,0.19311887184754076,NONE
65.763530173,0.3521742605996138,0.04815152122953008,4.0,0.1965419700855101,NONE
65.901772875,0.3495880037205993,0.046948273605973596,4.0,0.19735174773223035,NONE
65.901830525,0.3470086689944815,0.04574800121829563,4.0,0.19817860155862474,NONE
65.996397521,0.3448646036601822,0.04363472495313019,4.0,0.20114813390278447,NONE
65.996561937,0.34283237762652197,0.041934519210465385,4.0,0.20348620582947452,NONE
66.131706471,0.34027190639483695,0.04181334398740761,4.0,0.20210493395531642,NONE
66.131745685,0.33729418802379474,0.04299549782555576,4.0,0.19786654634917689,PROXIMITY_FALLBACK
66.227111561,0.3353884470733498,0.04277097545359072,4.0,0.1978037678207386,PROXIMITY_FALLBACK
66.228045336,0.33343365785151136,0.04231614426884004,4.0,0.1979703280316092,PROXIMITY_FALLBACK
66.346921832,0.33229202487878934,0.03498146570639011,4.0,0.21485247990995604,PROXIMITY_FALLBACK
66.34761478,0.3311543982637565,0.02693306642012239,4.0,0.2370734486965982,PROXIMITY_FALLBACK
66.470368315,0.3306627581773669,0.019734878354379034,4.0,0.2590201214292997,PROXIMITY_FALLBACK
66.473239198,0.33021760681200946,0.013068496175363993,4.0,0.2814350244351872,PROXIMITY_FALLBACK
66.582339125,0.32979900223763126,0.010418473261144277,4.0,0.29051551070726495,PROXIMITY_FALLBACK
66.582365134,0.32924204206773106,0.008403650624647086,4.0,0.29746264849538184,PROXIMITY_FALLBACK
66.708938247,0.32880751456809315,0.008743241642970825,4.0,0.29614337977199556,PROXIMITY_FALLBACK
66.710043495,0.32841923158281217,0.008454308567857633,4.0,0.2970425428516636,PROXIMITY_FALLBACK
66.824846278,0.32794299461438065,0.008070127180287696,4.0,0.29825710809130135,PROXIMITY_FALLBACK
66.824860492,0.32750353514700675,0.007461687535507555,4.0,0.3002832940317057,PROXIMITY_FALLBACK
66.945100078,0.327112773745658,0.0070648365568829,4.0,0.3016153448901595,PROXIMITY_FALLBACK
66.945867787,0.32661686123985867,0.006632008641774195,4.0,0.3031065419252986,PROXIMITY_FALLBACK
67.067286345,0.3262698427822799,0.0064562426872681105,4.0,0.303727385819413,PROXIMITY_FALLBACK
67.06732017,0.32601900017076335,0.0065410754798438005,4.0,0.30366652470560684,PROXIMITY_FALLBACK
67.17699326,0.3253326912566109,0.0073778770429651684,4.0,0.3013671762145845,PROXIMITY_FALLBACK
67.178461733,0.3247267500192624,0.008639214612297427,4.0,0.29827967363693564,PROXIMITY_FALLBACK
67.302743546,0.32418541373523085,0.009784626040731964,4.0,0.29553183700923213,PROXIMITY_FALLBACK
67.302840189,0.3237701353153003,0.010278525270493733,4.0,0.294296425661634,PROXIMITY_FALLBACK
67.419714404,0.32301133995939724,0.010689036707923082,4.0,0.2927579606606993,PROXIMITY_FALLBACK
67.419824033,0.3223304705340076,0.01083734833949602,4.0,0.2918617914166735,PROXIMITY_FALLBACK
67.516531133,0.3218212588908191,0.011574511444547594,4.0,0.2902549012163355,PROXIMITY_FALLBACK
67.516570092,0.32128030616152836,0.011571275853941706,4.0,0.2897557390746424,PROXIMITY_FALLBACK
67.663315805,0.3206210962673368,0.011552005915329611,4.0,0.28921518525588386,PROXIMITY_FALLBACK
67.663327181,0.319944715812033,0.011490430469531087,4.0,0.28862501934352336,PROXIMITY_FALLBACK
67.754535385,0.31943496825311274,0.01076116280214576,4.0,0.28922413851290135,PROXIMITY_FALLBACK
67.755521346,0.31892518607742726,0.010600406636319367,4.0,0.2890346177897836,PROXIMITY_FALLBACK
67.893819742,0.3183612055489236,0.01071337524649716,4.0,0.28840927333986105,PROXIMITY_FALLBACK
67.894310508,0.31768543979560776,0.010810760082526854,4.0,0.28775313910638867,PROXIMITY_FALLBACK
68.004580904,0.31703814742524655,0.010746863635547116,4.0,0.2874178593511847,PROXIMITY_FALLBACK
68.005709075,0.3162893363526064,0.011080964369961492,4.0,0.28652545265735124,PROXIMITY_FALLBACK
68.121844374,0.3159847026346206,0.010647406326453704,4.0,0.2868522310817716,PROXIMITY_FALLBACK
68.123333621,0.31556932244386393,0.010475374457736393,4.0,0.28679291994272804,PROXIMITY_FALLBACK
68.235874356,0.3148282088762803,0.010668769577303141,4.0,0.28608371614412376,PROXIMITY_FALLBACK
68.236976083,0.3140911243192596,0.010721352280201412,4.0,0.28558496342739625,PROXIMITY_FALLBACK
68.352485156,0.3134687826128743,0.01065336994039767,4.0,0.2852929864087427,PROXIMITY_FALLBACK
68.353620869,0.3129858696104389,0.010312364501266501,4.0,0.2854686859879199,PROXIMITY_FALLBACK
68.466239028,0.31237084404935916,0.010512696949609894,4.0,0.28486848638684253,PROXIMITY_FALLBACK
68.466964899,0.31176280485150626,0.010705874431589525,4.0,0.28433204574460946,PROXIMITY_FALLBACK
68.564249277,0.3113411850714834,0.01090096181347491,4.0,0.28398878806451133,PROXIMITY_FALLBACK
68.564264058,0.31095005511984264,0.010549408958907361,4.0,0.28424887526731224,PROXIMITY_FALLBACK
68.700450141,0.3102747436952707,0.010050977229264008,4.0,0.2844637381330003,PROXIMITY_FALLBACK
68.700463414,0.3096839928756867,0.009469372596792723,4.0,0.28475016705430267,PROXIMITY_FALLBACK
68.795744031,0.3091742720330272,0.009390590489043586,4.0,0.2846061942058074,PROXIMITY_FALLBACK
68.795757906,0.3086932861406926,0.009591275407687685,4.0,0.28410787130551424,PROXIMITY_FALLBACK
68.931711996,0.30813957730690944,0.009501511454580829,4.0,0.28397095192325184,PROXIMITY_FALLBACK
68.931748558,0.30756835469767546,0.009876736557864436,4.0,0.2835354472460936,PROXIMITY_FALLBACK
69.044128046,0.307001596337817,0.010172110709368656,4.0,0.28308086901264345,PROXIMITY_FALLBACK
69.045497816,0.30644161385726953,0.010092134480953894,4.0,0.28290088027898996,PROXIMITY_FALLBACK
69.161221883,0.30605392529324177,0.00989864046100494,4.0,0.2829137951776606,PROXIMITY_FALLBACK
69.162334817,0.30550378351502666,0.009647086418470896,4.0,0.28302825314076435,PROXIMITY_FALLBACK
69.272736402,0.30488728136839216,0.00988440592792848,4.0,0.28280434466522925,PROXIMITY_FALLBACK
69.272748656,0.3043475834139147,0.009396516197347523,4.0,0.282792897987718,PROXIMITY_FALLBACK
69.391051473,0.3039993749518117,0.009302870978059428,4.0,0.28286728237026554,PROXIMITY_FALLBACK
69.393706545,0.30353806815634665,0.008982887427146025,4.0,0.2829193024396221,PROXIMITY_FALLBACK
69.502406686,0.3030362272011516,0.00888538473393721,4.0,0.28286280508743766,PROXIMITY_FALLBACK
69.502410202,0.3025172064159226,0.008584713364298195,4.0,0.2827942837846317,PROXIMITY_FALLBACK
69.615954722,0.30215956816267103,0.008514995350839166,4.0,0.28275332162448313,PROXIMITY_FALLBACK
69.616902022,0.30167258184718426,0.008968973538690793,4.0,0.2825582911350201,PROXIMITY_FALLBACK
69.747943618,0.3011046034101947,0.008847119749094514,4.0,0.28254398385048995,PROXIMITY_FALLBACK
69.747956575,0.3006727004637068,0.008377034166313137,4.0,0.28258067414618904,PROXIMITY_FALLBACK
69.845644191,0.30026649273996736,0.008637939877086769,4.0,0.2824193621312631,PROXIMITY_FALLBACK
69.846149431,0.29984363941765757,0.008543582362289286,3.9600991627709647,0.2824207292437633,PROXIMITY_FALLBACK
69.978383477,0.2992800064268893,0.008491016427188261,3.8331022100253636,0.2825382729478213,PROXIMITY_FALLBACK
69.978544344,0.29882814825031545,0.008384811899189952,3.779443368618914,0.2825392389705994,PROXIMITY_FALLBACK
70.092367615,0.29834073857162685,0.008268433680973148,3.7209070580664476,0.28253924201301966,PROXIMITY_FALLBACK
70.092956088,0.29789993877201404,0.00786267183787345,3.8065111618904037,0.28253924072591585,PROXIMITY_FALLBACK
70.216257247,0.2975829722043163,0.007688715365669578,3.8142871445127864,0.28253923442607864,PROXIMITY_FALLBACK
70.216291468,0.29730906246729943,0.007476768513760049,3.8524758742347895,0.28254020507556815,PROXIMITY_FALLBACK
70.331186314,0.29680581631411607,0.007357300430761596,3.784502036798008,0.28254117400743595,PROXIMITY_FALLBACK
70.332637727,0.29627197345252115,0.007605924876904752,3.526887020198363,0.2825411759980211,PROXIMITY_FALLBACK
70.43265717,0.2960095244024265,0.007678042415162091,3.4282241216482783,0.2825421401695708,PROXIMITY_FALLBACK
70.433800297,0.29563741952119443,0.0077631545923139865,3.29898073905753,0.28254214275957834,PROXIMITY_FALLBACK
70.577473723,0.2951246612859518,0.0072566572910266955,3.393929874438856,0.28254214306403674,PROXIMITY_FALLBACK
70.578400287,0.2947823783543871,0.006957755862164767,3.419186229058498,0.28263725547746915,PROXIMITY_FALLBACK
70.669896506,0.2945332668945893,0.006890531044881965,3.383289021914883,0.2826366783969911,PROXIMITY_FALLBACK
70.669913566,0.29426881001589367,0.006844930390436112,3.3578770661435042,0.2825429706740878,PROXIMITY_FALLBACK
70.809304505,0.2937478499433189,0.006785883742341214,3.23942295312146,0.2825429737511988,PROXIMITY_FALLBACK
70.810875941,0.29327170444324796,0.006648169187437654,3.1685369062643485,0.2825429757371746,PROXIMITY_FALLBACK
70.902866802,0.2929711741325663,0.006559277466807676,3.122967306878277,0.2825433904578184,PROXIMITY_FALLBACK
70.902881755,0.2926415662229089,0.0068690727842248825,2.889457248094487,0.2825433914253419,PROXIMITY_FALLBACK
71.040477102,0.29225266571684966,0.006742187072804473,2.832314150805562,0.2825433879864449,PROXIMITY_FALLBACK
71.041556843,0.2919497357027013,0.006433007081000577,2.903309437310457,0.2824568993571429,PROXIMITY_FALLBACK
71.152997544,0.29160586209553313,0.006320090127912264,2.848988733472956,0.28245948887666616,PROXIMITY_FALLBACK
71.153016997,0.2911908793511176,0.005620441220870355,3.0312757373451498,0.2825439399765674,PROXIMITY_FALLBACK
71.269440071,0.29096466258324233,0.00571116883957853,2.879941198807827,0.28262111994611094,PROXIMITY_FALLBACK
71.269673807,0.29066724448184084,0.005613215689835938,2.8276535501357034,0.2826197266081883,PROXIMITY_FALLBACK
71.382204678,0.2903469545215582,0.005505105729625734,2.7701374147519453,0.2826191645409193,PROXIMITY_FALLBACK
71.382210895,0.2900182520632412,0.005700975316880788,2.587756673494571,0.2825456132284511,PROXIMITY_FALLBACK
71.500586688,0.28973755826244085,0.005457869455867803,2.6027313138865282,0.2825456142018576,PROXIMITY_FALLBACK
71.500619377,0.2894620407585758,0.005356110259473564,2.5517758673883315,0.28254561349648116,PROXIMITY_FALLBACK
71.616328205,0.2891659119137855,0.005243824748240381,2.495724610513133,0.2825465786805917,PROXIMITY_FALLBACK
71.61635207,0.28887514595909425,0.0052292633106197405,2.393929950624367,0.2825465790093887,PROXIMITY_FALLBACK
71.717138946,0.28861629792154225,0.005124635903395606,2.3439298857640143,0.2825465799812569,PROXIMITY_FALLBACK
71.718677337,0.2883626867758874,0.005019729562411544,2.2939298531556056,0.2825465792759031,PROXIMITY_FALLBACK
71.846774816,0.2881389183624294,0.00480195266519332,2.306594858504692,0.28254656909366166,PROXIMITY_FALLBACK
71.848109452,0.28787164078434846,0.004688865787272737,2.2501849119753707,0.2825469892392469,PROXIMITY_FALLBACK
71.941158111,0.2876809615001369,0.00460642827086214,2.2091589152541777,0.2825469847861295,PROXIMITY_FALLBACK
71.941774559,0.2873666763073814,0.004552136460706731,2.1258800122940222,0.2824865913440849,PROXIMITY_FALLBACK
72.090920928,0.2870743222999848,0.004415682911997022,2.0600572927434064,0.2824894295161656,PROXIMITY_FALLBACK
72.091768744,0.28682215620716506,0.004320684149471245,1.9639298261835625,0.2825475429257724,PROXIMITY_FALLBACK
72.199781632,0.28656676566738654,0.004297227015950431,1.8574927774887855,0.2825475459693731,PROXIMITY_FALLBACK
72.199793456,0.286329730114916,0.004142186439854717,1.7889970679202194,0.28260026210508254,PROXIMITY_FALLBACK
72.318727355,0.28621884345861043,0.003980128402757182,1.7829708849293642,0.2826483464716883,PROXIMITY_FALLBACK
72.32108573,0.2860701677957721,0.003829463037919003,1.8030691319814565,0.2825966868925839,PROXIMITY_FALLBACK
72.432957831,0.28583828430743863,0.003892608239194427,1.6580377914179276,0.28259281363001054,PROXIMITY_FALLBACK
72.434299247,0.28555073745442466,0.004041470365883412,1.47769014089098,0.282548939077038,PROXIMITY_FALLBACK
72.548526216,0.28535420789216204,0.004040709940276863,1.3816785043045554,0.2825489377852156,PROXIMITY_FALLBACK
72.54956051,0.28519828299163397,0.0038430182037726443,1.3723820580930746,0.28254893280302273,PROXIMITY_FALLBACK
72.662041945,0.2850301990871649,0.0037207551737525693,1.327937557093501,0.28254893377488394,PROXIMITY_FALLBACK
72.662689156,0.2848675522992746,0.0033983748195713054,1.3589926944358193,0.28254893306731244,PROXIMITY_FALLBACK
72.760490569,0.2847258287964288,0.003371612031685754,1.286372252890131,0.2825489328911021,PROXIMITY_FALLBACK
72.761998221,0.2845885148859057,0.002926999820958729,1.3886461312059326,0.2825489227111096,PROXIMITY_FALLBACK
72.903549112,0.28441233380117675,0.0027990218787026823,1.3271079248100521,0.28254892743060406,PROXIMITY_FALLBACK
72.903563942,0.2842233426618154,0.0027156566380732083,1.2543584864172288,0.2825150051661224,PROXIMITY_FALLBACK
72.995768651,0.2840764908966887,0.0025313650399582982,1.2301268038956006,0.28251525073723505,PROXIMITY_FALLBACK
72.995780368,0.28395517585934715,0.002450803351554303,1.145406524019687,0.282548106594439,PROXIMITY_FALLBACK
73.138786539,0.2838092779318069,0.0023211614269849855,1.0842597376121248,0.2825481048326692,PROXIMITY_FALLBACK
73.13880877,0.2836771034669857,0.0021687954746199035,1.0126160519893654,0.282576891382485,PROXIMITY_FALLBACK
73.25400969,0.2835573177554524,0.002102544987750122,0.9331159881974298,0.28257465588653574,PROXIMITY_FALLBACK
73.254022208,0.28343944010539174,0.0019901357850509653,0.8939304689944503,0.2825485184016481,PROXIMITY_FALLBACK
73.350506908,0.2833427004988921,0.0018794633220864491,0.8439304041340968,0.2825485193734539,PROXIMITY_FALLBACK
73.353512951,0.28325149730370813,0.0017465721761252455,0.8039800925246128,0.2825485203455102,PROXIMITY_FALLBACK
73.495160504,0.28315757065707664,0.0016467000417120326,0.7389302127010383,0.2825485174344211,PROXIMITY_FALLBACK
73.495935398,0.28307035622007154,0.0014864872242432408,0.701466759297935,0.28254851452314533,PROXIMITY_FALLBACK
73.585296242,0.2829969039273153,0.00141350999994798,0.633930021267979,0.28254851549538823,PROXIMITY_FALLBACK
73.586079247,0.28292900836495155,0.0013348928179468245,0.569687759523538,0.2825485164668392,PROXIMITY_FALLBACK
73.731476093,0.282872660718732,0.0012022107213478864,0.538929953259628,0.2825485213216446,PROXIMITY_FALLBACK
73.732176181,0.28282081339183657,0.001102029848782185,0.49393007911939946,0.2825485194672072,PROXIMITY_FALLBACK
73.830709573,0.28275869716092505,0.0009441639067568928,0.4450562349657925,0.28254851602789055,PROXIMITY_FALLBACK
73.832140693,0.2827046030516776,0.0008137690779559245,0.3835178538850513,0.2825485124751207,PROXIMITY_FALLBACK
73.946353345,0.28266207809079746,0.0006941798882283909,0.3271079490202633,0.2825485194001113,PROXIMITY_FALLBACK
73.946366657,0.282626293875097,0.0005745405656937295,0.27069783639169964,0.28254851972998285,PROXIMITY_FALLBACK
74.059375796,0.2826045036596315,0.00048750283672791683,0.2296718396705067,0.2825485152768654,PROXIMITY_FALLBACK
74.059383703,0.28258629464879603,0.0004004469103269553,0.1886459845552583,0.2825485207733109,PROXIMITY_FALLBACK
74.170291904,0.28256666596193736,0.0002735237586386265,0.13571552543773596,0.28254810464199503,PROXIMITY_FALLBACK
74.170461452,0.2825526709017675,0.0001356336588992334,0.067294635312409,0.2825481071561052,PROXIMITY_FALLBACK
74.310701408,0.2825481274465706,8.33841138187528e-06,0.004137036002638211,0.282548110198416,PROXIMITY_FALLBACK
74.310720324,0.28255046773067305,0.0,0.0,0.28255046773067305,PROXIMITY_FALLBACK
74.400642371,0.2825588247665366,0.0,0.0,0.2825588247665366,PROXIMITY_FALLBACK
74.401660061,0.2825707453114819,0.0,0.0,0.2825707453114819,PROXIMITY_FALLBACK
74.542318883,0.28256116938355885,2.507754093794435e-05,0.011817347717443109,0.2825610212085094,PROXIMITY_FALLBACK
74.542343404,0.2825763268799221,0.0002936985861483682,0.13835469660941527,0.28255600886007065,PROXIMITY_FALLBACK
74.63456286,0.28254255508672227,0.0005323602934211478,0.25082811080332357,0.2824757817331077,PROXIMITY_FALLBACK
74.634580876,0.28252254132852084,0.0008073065156679759,0.3614573450953509,0.28237660019959837,PROXIMITY_FALLBACK
74.769471252,0.2824463554774491,0.0011473136160837733,0.5011870571946231,0.2821586996292741,PROXIMITY_FALLBACK
74.769476857,0.2823983663695724,0.00140982837672201,0.647044256429197,0.2819418867570911,PROXIMITY_FALLBACK
74.860781914,0.2823080085879674,0.0016556628045640432,0.7599277921170796,0.2816782140008961,PROXIMITY_FALLBACK
74.860813842,0.28224003568369554,0.0020126603866545507,0.8568707283054584,0.28137641952397113,PROXIMITY_FALLBACK
74.998222411,0.2821228748895271,0.0022725437728855205,0.9915891518989989,0.28099390110075445,PROXIMITY_FALLBACK
74.999366373,0.28197872538834784,0.002586205506399134,1.2157140234956867,0.28040227553240876,PROXIMITY_FALLBACK
75.091764325,0.28187141774422075,0.002729426075282787,1.3511039243453586,0.2800214779681263,PROXIMITY_FALLBACK
75.092757726,0.2817354413810496,0.0029094655095607915,1.4979165674014514,0.27954788032581956,PROXIMITY_FALLBACK
75.225353828,0.281489377199623,0.0034516392652842545,1.6000894610776002,0.2787142316002243,PROXIMITY_FALLBACK
75.22721418,0.2812670507289187,0.0038963602483659938,1.7152667283603777,0.27790531222429615,PROXIMITY_FALLBACK
75.339335305,0.2810194855771681,0.004213675053171361,1.8312148822310967,0.27713455996232333,PROXIMITY_FALLBACK
75.339375622,0.2807898002536205,0.004496714036504237,1.951875152357127,0.27636644694995904,PROXIMITY_FALLBACK
75.43587243,0.2805644543839986,0.00447946696842268,2.122754329496307,0.27576906926482725,PROXIMITY_FALLBACK
75.436928858,0.2803984380219672,0.0045292302875116035,2.259748019841409,0.27523340766628895,PROXIMITY_FALLBACK
75.57294024,0.2801163745454102,0.004759862681975246,2.310839471705825,0.27456166020423795,PROXIMITY_FALLBACK
75.573883221,0.27983994620181857,0.005031471105379555,2.3174722440559483,0.2739477674070451,PROXIMITY_FALLBACK
75.664249452,0.2795921350554553,0.005168667681673981,2.3785822028145382,0.273375982940902,PROXIMITY_FALLBACK
75.665706341,0.279327755196691,0.005447351048382695,2.3522034728189363,0.2728459100440759,PROXIMITY_FALLBACK
75.806701338,0.27900090062867694,0.005772391163664933,2.2877146075312713,0.27231807291828963,PROXIMITY_FALLBACK
75.806916525,0.2786863543709412,0.005630887332479204,2.3961838584028534,0.2718563390620115,PROXIMITY_FALLBACK
75.898844787,0.27841458282151105,0.005710923014420778,2.4280995312958584,0.2713926884735965,PROXIMITY_FALLBACK
75.898868397,0.2781105550476357,0.005748794428080401,2.502325055250429,0.2708223818418589,PROXIMITY_FALLBACK
76.039550086,0.27777558070989183,0.005682179550137076,2.5329956848704427,0.27048339506353986,PROXIMITY_FALLBACK
76.039555686,0.2774951330350499,0.005509832332422685,2.6155025476805176,0.2701935822819735,PROXIMITY_FALLBACK
76.131605279,0.27722082078630006,0.0055427546926802695,2.628545736633353,0.2698378157829985,PROXIMITY_FALLBACK
76.132361073,0.27694558819667736,0.005572252308311715,2.6398947829516692,0.26949015745269567,PROXIMITY_FALLBACK
76.265843748,0.2765049994760618,0.006034896353365647,2.398688579528054,0.2691697855328763,PROXIMITY_FALLBACK
76.266100346,0.27603975898830024,0.006616134665759749,2.141663835786266,0.26886166172270937,PROXIMITY_FALLBACK
76.37506431,0.2755566083483763,0.007449684965984037,1.8185555101519748,0.2686974052882178,PROXIMITY_FALLBACK
76.37507931,0.274969870122299,0.008618878813806873,1.4786187723526065,0.26852225894396625,PROXIMITY_FALLBACK
76.493035804,0.27433785887254847,0.009556475121518035,1.2474501806514973,0.2683110452918523,PROXIMITY_FALLBACK
76.494110895,0.27384030526025827,0.009940497610283691,1.134480393094119,0.268142375632928,PROXIMITY_FALLBACK
76.606385233,0.27333942218720286,0.00989557407599625,1.0649665975968619,0.26801840288959256,PROXIMITY_FALLBACK
76.607173827,0.27276064363787283,0.01008431806564145,0.9540622610940734,0.26790692452752685,PROXIMITY_FALLBACK
76.702913192,0.27276064363787283,0.008197194109304605,1.1737024813585553,0.2679069246441161,PROXIMITY_FALLBACK
76.703426288,0.27220830454681166,0.00790058848172512,1.1128778117244604,0.26777602505197445,PROXIMITY_FALLBACK
76.840095639,0.27220830454681166,0.005231064164688867,1.7063068987892946,0.2677082067141402,PROXIMITY_FALLBACK
76.840108339,0.27177297343237183,0.004542108920295082,1.8173977386002051,0.267613737548652,PROXIMITY_FALLBACK
76.933041025,0.27177297343237183,0.004119113179955241,2.0184972712063636,0.2675834725690937,PROXIMITY_FALLBACK
76.933260323,0.27125664009317313,0.004390919065137324,1.7535587114560367,0.26737905811349405,PROXIMITY_FALLBACK
77.069392727,0.27125664009317313,0.004390919065137324,1.7535587114560367,0.26737905811349405,PROXIMITY_FALLBACK
77.070524169,0.2707617963576033,0.00406968081319916,1.7462583074975537,0.2671848119508373,PROXIMITY_FALLBACK
77.161529234,0.2707617963576033,0.00406968081319916,1.7462583074975537,0.2671848119508373,PROXIMITY_FALLBACK
77.161612186,0.2704434829664662,0.0038878097727829165,1.6662581144148312,0.2671848031185665,PROXIMITY_FALLBACK
77.297514336,0.2699888602665932,0.00409587989812332,1.4483329828686138,0.2670062870131921,PROXIMITY_FALLBACK
77.298448493,0.2699888602665932,0.00409587989812332,1.4483329828686138,0.2670062870131921,PROXIMITY_FALLBACK
77.408366857,0.2699888602665932,0.00409587989812332,1.4483329828686138,0.2670062870131921,PROXIMITY_FALLBACK
77.408387645,0.2695666603021336,0.003991698373651983,1.317898122599449,0.26692337479452244,PROXIMITY_FALLBACK
77.532859144,0.26922723284118,0.003402200102525222,1.3485384751323728,0.2669233765857539,PROXIMITY_FALLBACK
77.5351702,0.26922723284118,0.003402200102525222,1.3485384751323728,0.2669233765857539,PROXIMITY_FALLBACK
77.648060835,0.2688482756796893,0.0029760387132797624,1.3866398505649382,0.2667769495345219,PROXIMITY_FALLBACK
77.648689769,0.2688482756796893,0.0029760387132797624,1.3866398505649382,0.2667769495345219,PROXIMITY_FALLBACK
77.745286182,0.2688482756796893,0.0029760387132797624,1.3866398505649382,0.2667769495345219,PROXIMITY_FALLBACK
77.745297975,0.26849147262496736,0.0029937359428436885,1.1417506533477777,0.26677694836351584,PROXIMITY_FALLBACK
77.880746789,0.26849147262496736,0.0029937359428436885,1.1417506533477777,0.26677694836351584,PROXIMITY_FALLBACK
77.881767195,0.2681680810332677,0.002938660593525213,0.9443251524158955,0.26677694719250983,PROXIMITY_FALLBACK
77.972701429,0.2681680810332677,0.002938660593525213,0.9443251524158955,0.26677694719250983,PROXIMITY_FALLBACK
77.972704326,0.26792512066905544,0.002472580962105713,0.9753229801890125,0.26671661259309526,PROXIMITY_FALLBACK
78.104993278,0.267698473723839,0.0022301164560673383,0.8789373873847327,0.2667166067075034,PROXIMITY_FALLBACK
78.105985887,0.267698473723839,0.0022301164560673383,0.8789373873847327,0.2667166067075034,PROXIMITY_FALLBACK
78.197571576,0.2675340063035041,0.0019621401784944144,0.8318974130718454,0.2667166079329672,PROXIMITY_FALLBACK
78.198882,0.2675340063035041,0.0019621401784944144,0.8318974130718454,0.2667166079329672,PROXIMITY_FALLBACK
78.33627437,0.2675340063035041,0.0019621401784944144,0.8318974130718454,0.2667166079329672,PROXIMITY_FALLBACK
78.33628626,0.26728148531025286,0.001927681634654162,0.6310476153634275,0.26667256223388247,PROXIMITY_FALLBACK
78.443940325,0.26728148531025286,0.001927681634654162,0.6310476153634275,0.26667256223388247,PROXIMITY_FALLBACK
78.446537693,0.2670566206857696,0.0014323958415347307,0.5913397216310232,0.26663276805280267,PROXIMITY_FALLBACK
78.564513294,0.2670566206857696,0.0014323958415347307,0.5913397216310232,0.26663276805280267,PROXIMITY_FALLBACK
78.565777858,0.2669509850232543,0.0012414971085314243,0.512327764241179,0.26663276864088564,PROXIMITY_FALLBACK
78.675689097,0.2669509850232543,0.0012414971085314243,0.512327764241179,0.26663276864088564,PROXIMITY_FALLBACK
78.676740753,0.26680088542217395,0.0010407691150332466,0.37208643370692357,0.26660718707518327,PROXIMITY_FALLBACK
78.79202447,0.26680088542217395,0.0010407691150332466,0.37208643370692357,0.26660718707518327,PROXIMITY_FALLBACK
78.792043153,0.26671699711129937,0.0007117350850945316,0.3085002916372994,0.2666071892666004,PROXIMITY_FALLBACK
78.906374325,0.2666475297178268,0.00045880374035471615,0.17585173473488486,0.26660718594899874,PROXIMITY_FALLBACK
78.907091081,0.2666475297178268,0.00045880374035471615,0.17585173473488486,0.26660718594899874,PROXIMITY_FALLBACK
79.004259621,0.2666475297178268,0.00045880374035471615,0.17585173473488486,0.26660718594899874,PROXIMITY_FALLBACK
79.004273305,0.2666156667861071,0.00022036584080056733,0.07694941144878163,0.2666071881404159,PROXIMITY_FALLBACK
79.13994319,0.2666156667861071,0.00022036584080056733,0.07694941144878163,0.2666071881404159,PROXIMITY_FALLBACK
79.139957773,0.26661229281487075,0.0,0.0,0.26661229281487075,PROXIMITY_FALLBACK
79.233148441,0.26661229281487075,0.0,0.0,0.26661229281487075,PROXIMITY_FALLBACK
79.234021915,0.26663964098740217,0.0,0.0,0.26663964098740217,PROXIMITY_FALLBACK
79.367556508,0.2666945103029762,0.0,0.0,0.2666945103029762,PROXIMITY_FALLBACK
79.369225148,0.2666945103029762,0.0,0.0,0.2666945103029762,PROXIMITY_FALLBACK
79.480775456,0.2667655688299368,0.0,0.0,0.2667655688299368,PROXIMITY_FALLBACK
79.481536263,0.2667655688299368,0.0,0.0,0.2667655688299368,PROXIMITY_FALLBACK
79.596358729,0.2667655688299368,0.0,0.0,0.2667655688299368,PROXIMITY_FALLBACK
79.596361825,0.26688201969159037,0.0,0.0,0.26688201969159037,PROXIMITY_FALLBACK
79.707799366,0.26703245067076187,0.0,0.0,0.26703245067076187,PROXIMITY_FALLBACK
79.709423359,0.26703245067076187,0.0,0.0,0.26703245067076187,PROXIMITY_FALLBACK
79.82952113,0.26703245067076187,0.0,0.0,0.26703245067076187,PROXIMITY_FALLBACK
79.829552193,0.2671515967750465,0.0,0.0,0.2671515967750465,PROXIMITY_FALLBACK
79.941752713,0.2671515967750465,0.0,0.0,0.2671515967750465,PROXIMITY_FALLBACK
79.941765994,0.2673904887204624,0.0,0.0,0.2673904887204624,PROXIMITY_FALLBACK
80.062843092,0.2673904887204624,0.0,0.0,0.2673904887204624,PROXIMITY_FALLBACK
80.06291479,0.26758733532159384,0.0,0.0,0.26758733532159384,PROXIMITY_FALLBACK
80.174536781,0.26758733532159384,0.0,0.0,0.26758733532159384,PROXIMITY_FALLBACK
80.174542273,0.26785445944259706,0.0,0.0,0.26785445944259706,PROXIMITY_FALLBACK
80.286014276,0.26805122761062705,0.0,0.0,0.26805122761062705,PROXIMITY_FALLBACK
80.286981007,0.26805122761062705,0.0,0.0,0.26805122761062705,PROXIMITY_FALLBACK
80.399410354,0.26805122761062705,0.0,0.0,0.26805122761062705,PROXIMITY_FALLBACK
80.399654807,0.2683743257944478,0.0,0.0,0.2683743257944478,PROXIMITY_FALLBACK
80.534047744,0.2687935130503219,0.0,0.0,0.2687935130503219,PROXIMITY_FALLBACK
80.536057797,0.2687935130503219,0.0,0.0,0.2687935130503219,PROXIMITY_FALLBACK
80.6332687,0.2687935130503219,0.0,0.0,0.2687935130503219,PROXIMITY_FALLBACK
80.633281482,0.26912066932076906,0.0,0.0,0.26912066932076906,PROXIMITY_FALLBACK
80.745245888,0.26912066932076906,0.0,0.0,0.26912066932076906,PROXIMITY_FALLBACK
80.74565381,0.2695371556080515,0.0,0.0,0.2695371556080515,PROXIMITY_FALLBACK
80.86145548,0.2695371556080515,0.0,0.0,0.2695371556080515,PROXIMITY_FALLBACK
80.861470858,0.26984140196210227,0.0,0.0,0.26984140196210227,PROXIMITY_FALLBACK
80.976010804,0.26984140196210227,0.0,0.0,0.26984140196210227,PROXIMITY_FALLBACK
80.97829139,0.2703946580750051,0.0,0.0,0.2703946580750051,PROXIMITY_FALLBACK
81.093324361,0.2703946580750051,0.0,0.0,0.2703946580750051,PROXIMITY_FALLBACK
81.093332947,0.2707341243271087,0.0,0.0,0.2707341243271087,PROXIMITY_FALLBACK
81.20176976,0.2707341243271087,0.0,0.0,0.2707341243271087,PROXIMITY_FALLBACK
81.202630059,0.2713629797106345,0.0,0.0,0.2713629797106345,PROXIMITY_FALLBACK
81.327969846,0.2713629797106345,0.0,0.0,0.2713629797106345,PROXIMITY_FALLBACK
81.328693367,0.27174210826240924,0.0,0.0,0.27174210826240924,PROXIMITY_FALLBACK
81.442222887,0.27174210826240924,0.0,0.0,0.27174210826240924,PROXIMITY_FALLBACK
81.442743938,0.272439986262134,0.0,0.0,0.272439986262134,PROXIMITY_FALLBACK
81.561887216,0.272439986262134,0.0,0.0,0.272439986262134,PROXIMITY_FALLBACK
81.561900194,0.27307279720171596,0.0,0.0,0.27307279720171596,PROXIMITY_FALLBACK
81.683990573,0.27307279720171596,0.0,0.0,0.27307279720171596,PROXIMITY_FALLBACK
81.684205423,0.27362438858466587,0.0,0.0,0.27362438858466587,PROXIMITY_FALLBACK
81.794675125,0.2741978876730812,0.0,0.0,0.2741978876730812,PROXIMITY_FALLBACK
81.795796898,0.2741978876730812,0.0,0.0,0.2741978876730812,PROXIMITY_FALLBACK
81.919676662,0.27479315051935005,0.0,0.0,0.27479315051935005,PROXIMITY_FALLBACK
81.920781663,0.27479315051935005,0.0,0.0,0.27479315051935005,PROXIMITY_FALLBACK
82.035354242,0.27479315051935005,0.0,0.0,0.27479315051935005,PROXIMITY_FALLBACK
82.036032212,0.27563103677031664,0.0,0.0,0.27563103677031664,PROXIMITY_FALLBACK
82.131455409,0.27563103677031664,0.0,0.0,0.27563103677031664,PROXIMITY_FALLBACK
82.132862556,0.2762768900765343,0.0,0.0,0.2762768900765343,PROXIMITY_FALLBACK
82.276292066,0.27694402682597036,0.0,0.0,0.27694402682597036,PROXIMITY_FALLBACK
82.278188725,0.27694402682597036,0.0,0.0,0.27694402682597036,PROXIMITY_FALLBACK
82.366461293,0.27694402682597036,0.0,0.0,0.27694402682597036,PROXIMITY_FALLBACK
82.368090637,0.2777724571996118,0.0,0.0,0.2777724571996118,PROXIMITY_FALLBACK
82.511855539,0.27848586440343587,0.0,0.0,0.27848586440343587,PROXIMITY_FALLBACK
82.512571939,0.27848586440343587,0.0,0.0,0.27848586440343587,PROXIMITY_FALLBACK
82.626529313,0.27951949854422226,0.0,0.0,0.27951949854422226,PROXIMITY_FALLBACK
82.628290219,0.27951949854422226,0.0,0.0,0.27951949854422226,PROXIMITY_FALLBACK
82.722487339,0.27951949854422226,0.0,0.0,0.27951949854422226,PROXIMITY_FALLBACK
82.72250371,0.27997483830064823,0.0,0.0,0.27997483830064823,PROXIMITY_FALLBACK
82.867970025,0.27997483830064823,0.0,0.0,0.27997483830064823,PROXIMITY_FALLBACK
82.86895953,0.2812249725144391,0.0,0.0,0.2812249725144391,PROXIMITY_FALLBACK
82.960229082,0.2812249725144391,0.0,0.0,0.2812249725144391,PROXIMITY_FALLBACK
82.960241557,0.2820325820579666,0.0,0.0,0.2820325820579666,PROXIMITY_FALLBACK
83.103053189,0.28298604788887255,0.0,0.0,0.28298604788887255,PROXIMITY_FALLBACK
83.104761313,0.28298604788887255,0.0,0.0,0.28298604788887255,PROXIMITY_FALLBACK
83.200609569,0.28383644800285696,0.0,0.0,0.28383644800285696,PROXIMITY_FALLBACK
83.201564382,0.28383644800285696,0.0,0.0,0.28383644800285696,PROXIMITY_FALLBACK
83.314620526,0.28383644800285696,0.0,0.0,0.28383644800285696,PROXIMITY_FALLBACK
83.31521016,0.2847064725254643,0.0,0.0,0.2847064725254643,PROXIMITY_FALLBACK
83.439589224,0.28577614495395487,0.0,0.0,0.28577614495395487,PROXIMITY_FALLBACK
83.4396521,0.28577614495395487,0.0,0.0,0.28577614495395487,PROXIMITY_FALLBACK
83.54978113,0.28577614495395487,0.0,0.0,0.28577614495395487,PROXIMITY_FALLBACK
83.551436658,0.28687351550214146,0.0,0.0,0.28687351550214146,PROXIMITY_FALLBACK
83.692997961,0.2879982459802118,0.0,0.0,0.2879982459802118,PROXIMITY_FALLBACK
83.694492407,0.2879982459802118,0.0,0.0,0.2879982459802118,PROXIMITY_FALLBACK
83.790504639,0.28895620680894,0.0,0.0,0.28895620680894,PROXIMITY_FALLBACK
83.790567115,0.28895620680894,0.0,0.0,0.28895620680894,PROXIMITY_FALLBACK
83.905857543,0.28895620680894,0.0,0.0,0.28895620680894,PROXIMITY_FALLBACK
83.905870019,0.29013028557620224,0.0,0.0,0.29013028557620224,PROXIMITY_FALLBACK
84.018541207,0.29092772840871745,0.0,0.0,0.29092772840871745,PROXIMITY_FALLBACK
84.019617327,0.29092772840871745,0.0,0.0,0.29092772840871745,PROXIMITY_FALLBACK
84.130093762,0.29092772840871745,0.0,0.0,0.29092772840871745,PROXIMITY_FALLBACK
84.130662258,0.2922998128985442,0.0,0.0,0.2922998128985442,PROXIMITY_FALLBACK
84.26060026,0.29312838159334215,0.0,0.0,0.29312838159334215,PROXIMITY_FALLBACK
84.262321713,0.29312838159334215,0.0,0.0,0.29312838159334215,PROXIMITY_FALLBACK
84.370787408,0.2946057527651309,0.0,0.0,0.2946057527651309,PROXIMITY_FALLBACK
84.372323354,0.2946057527651309,0.0,0.0,0.2946057527651309,PROXIMITY_FALLBACK
84.489342528,0.29546544421152676,0.0,0.0,0.29546544421152676,PROXIMITY_FALLBACK
84.489385936,0.29546544421152676,0.0,0.0,0.29546544421152676,PROXIMITY_FALLBACK
84.599109965,0.29546544421152676,0.0,0.0,0.29546544421152676,PROXIMITY_FALLBACK
84.600016345,0.2967758340856207,0.0,0.0,0.2967758340856207,PROXIMITY_FALLBACK
84.738781745,0.2967758340856207,0.0,0.0,0.2967758340856207,PROXIMITY_FALLBACK
84.738829544,0.2981109325918588,0.0,0.0,0.2981109325918588,PROXIMITY_FALLBACK
84.830656492,0.2990145736277153,0.0,0.0,0.2990145736277153,PROXIMITY_FALLBACK
84.831546406,0.2990145736277153,0.0,0.0,0.2990145736277153,PROXIMITY_FALLBACK
84.961722032,0.30062173219738353,0.0,0.0,0.30062173219738353,PROXIMITY_FALLBACK
84.963899847,0.30062173219738353,0.0,0.0,0.30062173219738353,PROXIMITY_FALLBACK
85.061478666,0.30062173219738353,0.0,0.0,0.30062173219738353,PROXIMITY_FALLBACK
85.061521271,0.30202509359400354,0.0,0.0,0.30202509359400354,PROXIMITY_FALLBACK
85.153901089,0.30202509359400354,0.0,0.0,0.30202509359400354,PROXIMITY_FALLBACK
85.153916548,0.3029737142037992,0.0,0.0,0.3029737142037992,PROXIMITY_FALLBACK
85.314265108,0.3043567544269577,0.0,0.0,0.3043567544269577,PROXIMITY_FALLBACK
85.316494012,0.3043567544269577,0.0,0.0,0.3043567544269577,PROXIMITY_FALLBACK
85.424699098,0.3063140788930706,0.0,0.0,0.3063140788930706,PROXIMITY_FALLBACK
85.425454899,0.3063140788930706,0.0,0.0,0.3063140788930706,PROXIMITY_FALLBACK
85.57062421,0.3063140788930706,0.0,0.0,0.3063140788930706,PROXIMITY_FALLBACK
85.570708487,0.3078083383556821,0.0,0.0,0.3078083383556821,PROXIMITY_FALLBACK
85.683607058,0.3078083383556821,0.0,0.0,0.3078083383556821,PROXIMITY_FALLBACK
85.683619027,0.30932477071660386,0.0,0.0,0.30932477071660386,PROXIMITY_FALLBACK
85.846890256,0.30932477071660386,0.0,0.0,0.30932477071660386,PROXIMITY_FALLBACK
85.846902324,0.31112150204280137,0.0,0.0,0.31112150204280137,PROXIMITY_FALLBACK
85.960828108,0.3126848336661001,0.0,0.0,0.3126848336661001,PROXIMITY_FALLBACK
85.960871488,0.3126848336661001,0.0,0.0,0.3126848336661001,PROXIMITY_FALLBACK
86.077059893,0.3142692871834389,0.0,0.0,0.3142692871834389,PROXIMITY_FALLBACK
86.078521966,0.3142692871834389,0.0,0.0,0.3142692871834389,PROXIMITY_FALLBACK
86.234412826,0.3142692871834389,0.0,0.0,0.3142692871834389,PROXIMITY_FALLBACK
86.234426588,0.3156055927008795,0.0,0.0,0.3156055927008795,PROXIMITY_FALLBACK
86.365865791,0.3177049961012386,0.0,0.0,0.3177049961012386,PROXIMITY_FALLBACK
86.366274465,0.3177049961012386,0.0,0.0,0.3177049961012386,PROXIMITY_FALLBACK
86.513443246,0.31935348060444496,0.0,0.0,0.31935348060444496,PROXIMITY_FALLBACK
86.514294003,0.31935348060444496,0.0,0.0,0.31935348060444496,PROXIMITY_FALLBACK
86.624119632,0.31935348060444496,0.0,0.0,0.31935348060444496,PROXIMITY_FALLBACK
86.624127311,0.3207423843504108,0.0,0.0,0.3207423843504108,PROXIMITY_FALLBACK
86.782431125,0.3207423843504108,0.0,0.0,0.3207423843504108,PROXIMITY_FALLBACK
86.782910704,0.3224269920716689,0.0,0.0,0.3224269920716689,PROXIMITY_FALLBACK
86.915349254,0.3224269920716689,0.0,0.0,0.3224269920716689,PROXIMITY_FALLBACK
86.917665774,0.32470308367969497,0.0,0.0,0.32470308367969497,PROXIMITY_FALLBACK
87.049358908,0.3261427315057935,0.0,0.0,0.3261427315057935,PROXIMITY_FALLBACK
87.050039568,0.3261427315057935,0.0,0.0,0.3261427315057935,PROXIMITY_FALLBACK
87.160893989,0.328179921627988,0.0,0.0,0.328179921627988,PROXIMITY_FALLBACK
87.160949032,0.328179921627988,0.0,0.0,0.328179921627988,PROXIMITY_FALLBACK
87.298042285,0.3299459034550457,0.0,0.0,0.3299459034550457,PROXIMITY_FALLBACK
87.298655238,0.3299459034550457,0.0,0.0,0.3299459034550457,PROXIMITY_FALLBACK
87.429707405,0.33195413619396275,0.0,0.0,0.33195413619396275,PROXIMITY_FALLBACK
87.429860469,0.33195413619396275,0.0,0.0,0.33195413619396275,PROXIMITY_FALLBACK
87.570980647,0.33375802102012847,0.0,0.0,0.33375802102012847,PROXIMITY_FALLBACK
87.571840098,0.33375802102012847,0.0,0.0,0.33375802102012847,PROXIMITY_FALLBACK
87.680116365,0.33557926919566594,0.0,0.0,0.33557926919566594,PROXIMITY_FALLBACK
87.681331901,0.33557926919566594,0.0,0.0,0.33557926919566594,PROXIMITY_FALLBACK
87.815749079,0.33557926919566594,0.0,0.0,0.33557926919566594,PROXIMITY_FALLBACK
87.816598958,0.3374176352778625,0.0,0.0,0.3374176352778625,PROXIMITY_FALLBACK
87.947591381,0.33896244739147846,0.0,0.0,0.33896244739147846,PROXIMITY_FALLBACK
87.948464919,0.33896244739147846,0.0,0.0,0.33896244739147846,PROXIMITY_FALLBACK
88.08393748,0.3411445404599374,0.0,0.0,0.3411445404599374,NONE
88.085989263,0.3411445404599374,0.0,0.0,0.3411445404599374,NONE
88.194667112,0.3411445404599374,0.0,0.0,0.3411445404599374,NONE
88.195416614,0.3433487693697962,0.0,0.0,0.3433487693697962,NONE
88.332850722,0.3433487693697962,0.0,0.0,0.3433487693697962,NONE
88.332862488,0.34525541446513475,0.0,0.0,0.34525541446513475,NONE
88.464665711,0.347177780538328,0.0,0.0,0.347177780538328,NONE
88.464704697,0.347177780538328,0.0,0.0,0.347177780538328,NONE
88.59875134,0.3490345320031819,0.0,0.0,0.3490345320031819,NONE
88.599534543,0.3490345320031819,0.0,0.0,0.3490345320031819,NONE
88.714835966,0.3490345320031819,0.0,0.0,0.3490345320031819,NONE
88.714931885,0.3509868807972111,0.0,0.0,0.3509868807972111,NONE
88.852095387,0.3509868807972111,0.0,0.0,0.3509868807972111,NONE
88.852108149,0.35295419430380837,0.0,0.0,0.35295419430380837,NONE
89.001017208,0.35295419430380837,0.0,0.0,0.35295419430380837,NONE
89.0010201,0.35560008536511634,0.0,0.0,0.35560008536511634,NONE
89.114924797,0.35560008536511634,0.0,0.0,0.35560008536511634,NONE
89.114927788,0.35726678271596884,0.0,0.0,0.35726678271596884,NONE
89.247072655,0.3592797815381615,0.0,0.0,0.3592797815381615,NONE
89.247799969,0.3592797815381615,0.0,0.0,0.3592797815381615,NONE
89.359821926,0.36096794792924014,0.0,0.0,0.36096794792924014,NONE
89.360699887,0.36096794792924014,0.0,0.0,0.36096794792924014,NONE
89.508172877,0.36096794792924014,0.0,0.0,0.36096794792924014,NONE
89.508185539,0.3636887965249791,0.0,0.0,0.3636887965249791,NONE
89.636133024,0.3656591876982382,0.0,0.0,0.3656591876982382,NONE
89.637671599,0.3656591876982382,0.0,0.0,0.3656591876982382,NONE
89.751838508,0.3656591876982382,0.0,0.0,0.3656591876982382,NONE
89.752898821,0.36807428620680743,0.0,0.0,0.36807428620680743,NONE
89.897784788,0.36807428620680743,0.0,0.0,0.36807428620680743,NONE
89.898756068,0.3701584169150066,0.0,0.0,0.3701584169150066,NONE
90.031019866,0.37260601894564044,0.0,0.0,0.37260601894564044,NONE
90.031059544,0.37260601894564044,0.0,0.0,0.37260601894564044,NONE
90.166064183,0.37260601894564044,0.0,0.0,0.37260601894564044,NONE
90.167119543,0.3747174855346839,0.0,0.0,0.3747174855346839,NONE
90.278120971,0.3747174855346839,0.0,0.0,0.3747174855346839,NONE
90.278134031,0.3764864458203861,0.0,0.0,0.3764864458203861,NONE
90.424618726,0.3764864458203861,0.0,0.0,0.3764864458203861,NONE
90.426046643,0.3789770789428432,0.0,0.0,0.3789770789428432,NONE
90.554410369,0.3789770789428432,0.0,0.0,0.3789770789428432,NONE
90.554416151,0.3811247965051493,0.0,0.0,0.3811247965051493,NONE
90.696304158,0.38319397038657355,0.0,0.0,0.38319397038657355,NONE
90.698146602,0.38319397038657355,0.0,0.0,0.38319397038657355,NONE
90.80936626,0.3853643418729224,0.0,0.0,0.3853643418729224,NONE
90.810841232,0.3853643418729224,0.0,0.0,0.3853643418729224,NONE
90.940881207,0.3853643418729224,0.0,0.0,0.3853643418729224,NONE
90.940892672,0.38791070730862603,0.0,0.0,0.38791070730862603,NONE
91.084384726,0.39010532660651753,0.0,0.0,0.39010532660651753,NONE
91.085092812,0.39010532660651753,0.0,0.0,0.39010532660651753,NONE
91.218524216,0.3926794424540672,0.0,0.0,0.3926794424540672,NONE
91.219821161,0.3926794424540672,0.0,0.0,0.3926794424540672,NONE
91.331656871,0.3948974158968005,0.0,0.0,0.3948974158968005,NONE
91.332484285,0.3948974158968005,0.0,0.0,0.3948974158968005,NONE
91.46380359,0.3967537249270607,0.0,0.0,0.3967537249270607,NONE
91.465113196,0.3967537249270607,0.0,0.0,0.3967537249270607,NONE
91.598910057,0.3967537249270607,0.0,0.0,0.3967537249270607,NONE
91.601551002,0.3997387496146032,0.0,0.0,0.3997387496146032,NONE
91.731650321,0.40151965918016097,0.0,0.0,0.40151965918016097,NONE
91.734220088,0.40151965918016097,0.0,0.0,0.40151965918016097,NONE
91.842995165,0.40151965918016097,0.0,0.0,0.40151965918016097,NONE
91.843430604,0.4041555095746521,0.0,0.0,0.4041555095746521,NONE
91.982007839,0.4060464196726155,0.0,0.0,0.4060464196726155,NONE
91.983210321,0.4060464196726155,0.0,0.0,0.4060464196726155,NONE
92.113667833,0.4060464196726155,0.0,0.0,0.4060464196726155,NONE
92.114348871,0.40908580673848505,0.0,0.0,0.40908580673848505,NONE
92.25146893,0.4113763914733971,0.0,0.0,0.4113763914733971,NONE
92.253351453,0.4113763914733971,0.0,0.0,0.4113763914733971,NONE
92.359575503,0.41367623596278663,0.0,0.0,0.41367623596278663,NONE
92.360114791,0.41367623596278663,0.0,0.0,0.41367623596278663,NONE
92.498592141,0.41521455395643997,0.0,0.0,0.41521455395643997,NONE
92.499994987,0.41521455395643997,0.0,0.0,0.41521455395643997,NONE
92.627934593,0.41521455395643997,0.0,0.0,0.41521455395643997,NONE
92.628511362,0.41521455395643997,0.0,0.0,0.41521455395643997,NONE
92.768371422,0.41521455395643997,0.0,0.0,0.41521455395643997,NONE
92.768799164,0.41521455395643997,0.0,0.0,0.41521455395643997,NONE
92.877955006,0.41521455395643997,0.0,0.0,0.41521455395643997,NONE
92.877976338,0.41521455395643997,0.0,0.0,0.41521455395643997,NONE
93.018999363,0.41521455395643997,0.0,0.0,0.41521455395643997,NONE
93.019036543,0.41521455395643997,0.0,0.0,0.41521455395643997,NONE
93.147450218,0.41521455395643997,0.0,0.0,0.41521455395643997,NONE
93.150995197,0.41521455395643997,0.0,0.0,0.41521455395643997,NONE
93.286082098,0.41521455395643997,0.0,0.0,0.41521455395643997,NONE
93.286273289,0.41521455395643997,0.0,0.0,0.41521455395643997,NONE
93.399638915,0.41521455395643997,0.0,0.0,0.41521455395643997,NONE
93.399655172,0.41521455395643997,0.0,0.0,0.41521455395643997,NONE
93.532416253,0.41521455395643997,0.0,0.0,0.41521455395643997,NONE
93.533588937,0.41521455395643997,0.0,0.0,0.41521455395643997,NONE
93.665735751,0.41521455395643997,0.0,0.0,0.41521455395643997,NONE
93.667047365,0.41521455395643997,0.0,0.0,0.41521455395643997,NONE
93.798412756,0.41521455395643997,0.0,0.0,0.41521455395643997,NONE
93.79990888,0.41521455395643997,0.0,0.0,0.41521455395643997,NONE
93.913126299,0.41521455395643997,0.0,0.0,0.41521455395643997,NONE
93.913139065,0.41521455395643997,0.0,0.0,0.41521455395643997,NONE
94.04908892,0.41521455395643997,0.0,0.0,0.41521455395643997,NONE
94.049104079,0.41521455395643997,0.0,0.0,0.41521455395643997,NONE
94.162018874,0.41521455395643997,0.0,0.0,0.41521455395643997,NONE
94.162536579,0.41521455395643997,0.0,0.0,0.41521455395643997,NONE
94.278928204,0.41521455395643997,0.0,0.0,0.41521455395643997,NONE
94.279849422,0.41521455395643997,0.0,0.0,0.41521455395643997,NONE
94.390978629,0.41521455395643997,0.0,0.0,0.41521455395643997,NONE
94.391828837,0.41521455395643997,0.0,0.0,0.41521455395643997,NONE
94.50854429,0.41521455395643997,0.0,0.0,0.41521455395643997,NONE
94.509068078,0.41521455395643997,0.0,0.0,0.41521455395643997,NONE
94.616779796,0.41521455395643997,0.0,0.0,0.41521455395643997,NONE
94.616795653,0.41521455395643997,0.0,0.0,0.41521455395643997,NONE
94.740285249,0.41521455395643997,0.0,0.0,0.41521455395643997,NONE
94.740296319,0.41521455395643997,0.0,0.0,0.41521455395643997,NONE
94.854103609,0.41521455395643997,0.0,0.0,0.41521455395643997,NONE
94.854588303,0.41521455395643997,0.0,0.0,0.41521455395643997,NONE
94.974059861,0.41521455395643997,0.0,0.0,0.41521455395643997,NONE
94.976260259,0.41521455395643997,0.0,0.0,0.41521455395643997,NONE
95.125754174,0.41521455395643997,0.0,0.0,0.41521455395643997,NONE
95.125817202,0.41521455395643997,0.0,0.0,0.41521455395643997,NONE
95.234202951,0.41521455395643997,0.0,0.0,0.41521455395643997,NONE
95.234704483,0.41521455395643997,0.0,0.0,0.41521455395643997,NONE
95.353406092,0.41521455395643997,0.0,0.0,0.41521455395643997,NONE
95.354287089,0.41521455395643997,0.0,0.0,0.41521455395643997,NONE
95.465390326,0.41521455395643997,0.0,0.0,0.41521455395643997,NONE
95.465555674,0.41521455395643997,0.0,0.0,0.41521455395643997,NONE
95.566517973,0.41521455395643997,0.0,0.0,0.41521455395643997,NONE
95.566793023,0.41521455395643997,0.0,0.0,0.41521455395643997,NONE
95.707068284,0.41521455395643997,0.0,0.0,0.41521455395643997,NONE
95.707281602,0.41521455395643997,0.0,0.0,0.41521455395643997,NONE
95.798765456,0.41521455395643997,0.0,0.0,0.41521455395643997,NONE
95.800561955,0.41521455395643997,0.0,0.0,0.41521455395643997,NONE
95.945336145,0.41521455395643997,0.0,0.0,0.41521455395643997,NONE
95.945392789,0.41521455395643997,0.0,0.0,0.41521455395643997,NONE
96.058676628,0.41521455395643997,0.0,0.0,0.41521455395643997,NONE
96.060270435,0.41521455395643997,0.0,0.0,0.41521455395643997,NONE
96.158724252,0.41521455395643997,0.0,0.0,0.41521455395643997,NONE
96.159600338,0.41521455395643997,0.0,0.0,0.41521455395643997,NONE
96.304629074,0.41521455395643997,0.0,0.0,0.41521455395643997,NONE
96.304643434,0.41521455395643997,0.0,0.0,0.41521455395643997,NONE
96.39410075,0.41521455395643997,0.0,0.0,0.41521455395643997,NONE
96.394701893,0.41521455395643997,0.0,0.0,0.41521455395643997,NONE
96.536735685,0.41521455395643997,0.0,0.0,0.41521455395643997,NONE
96.536846779,0.41521455395643997,0.0,0.0,0.41521455395643997,NONE
96.629262041,0.41521455395643997,0.0,0.0,0.41521455395643997,NONE
96.629283981,0.41521455395643997,0.0,0.0,0.41521455395643997,NONE
96.750217335,0.41521455395643997,0.0,0.0,0.41521455395643997,NONE
96.751610195,0.41521455395643997,0.0,0.0,0.41521455395643997,NONE
96.874435334,0.41521455395643997,0.0,0.0,0.41521455395643997,NONE
96.874463258,0.41521455395643997,0.0,0.0,0.41521455395643997,NONE
96.983325277,0.41521455395643997,0.0,0.0,0.41521455395643997,NONE
96.983347882,0.41521455395643997,0.0,0.0,0.41521455395643997,NONE
97.133335874,0.41521455395643997,0.0,0.0,0.41521455395643997,NONE
97.133350002,0.41521455395643997,0.0,0.0,0.41521455395643997,NONE
97.229023816,0.41521455395643997,0.0,0.0,0.41521455395643997,NONE
97.229674409,0.41521455395643997,0.0,0.0,0.41521455395643997,NONE
97.350238579,0.41521455395643997,0.0,0.0,0.41521455395643997,NONE
97.350960922,0.41521455395643997,0.0,0.0,0.41521455395643997,NONE
97.473130031,0.41521455395643997,0.0,0.0,0.41521455395643997,NONE
97.473338721,0.41521455395643997,0.0,0.0,0.41521455395643997,NONE
97.584194049,0.41521455395643997,0.0,0.0,0.41521455395643997,NONE
97.584944244,0.41521455395643997,0.0,0.0,0.41521455395643997,NONE
97.712261686,0.41521455395643997,0.0,0.0,0.41521455395643997,NONE
97.712460588,0.41521455395643997,0.0,0.0,0.41521455395643997,NONE
97.829553113,0.41521455395643997,0.0,0.0,0.41521455395643997,NONE
97.829564819,0.41521455395643997,0.0,0.0,0.41521455395643997,NONE
97.926236067,0.41521455395643997,0.0,0.0,0.41521455395643997,NONE
97.926679282,0.41521455395643997,0.0,0.0,0.41521455395643997,NONE
98.069408045,0.41521455395643997,0.0,0.0,0.41521455395643997,NONE
98.070053331,0.41521455395643997,0.0,0.0,0.41521455395643997,NONE
98.18161617,0.41521455395643997,0.0,0.0,0.41521455395643997,NONE
98.181642771,0.41521455395643997,0.0,0.0,0.41521455395643997,NONE
98.302134317,0.41521455395643997,0.0,0.0,0.41521455395643997,NONE
98.303261956,0.41521455395643997,0.0,0.0,0.41521455395643997,NONE
98.413338541,0.41521455395643997,0.0,0.0,0.41521455395643997,NONE
98.413359701,0.41521455395643997,0.0,0.0,0.41521455395643997,NONE
98.528205398,0.41521455395643997,0.0,0.0,0.41521455395643997,NONE
98.528646235,0.41521455395643997,0.0,0.0,0.41521455395643997,NONE
98.65882342,0.41521455395643997,0.0,0.0,0.41521455395643997,NONE
98.658982222,0.41521455395643997,0.0,0.0,0.41521455395643997,NONE
98.753584135,0.41521455395643997,0.0,0.0,0.41521455395643997,NONE
98.75445503,0.41521455395643997,0.0,0.0,0.41521455395643997,NONE
98.901764135,0.41521455395643997,0.0,0.0,0.41521455395643997,NONE
98.901776932,0.41521455395643997,0.0,0.0,0.41521455395643997,NONE
98.994034998,0.41521455395643997,0.0,0.0,0.41521455395643997,NONE
98.995529968,0.41521455395643997,0.0,0.0,0.41521455395643997,NONE
99.130443182,0.41521455395643997,0.0,0.0,0.41521455395643997,NONE
99.130448918,0.41521455395643997,0.0,0.0,0.41521455395643997,NONE
99.258883122,0.41521455395643997,0.0,0.0,0.41521455395643997,NONE
99.259202424,0.41521455395643997,0.0,0.0,0.41521455395643997,NONE
99.353559337,0.41521455395643997,0.0,0.0,0.41521455395643997,NONE
99.354801624,0.41521455395643997,0.0,0.0,0.41521455395643997,NONE
99.4987072,0.41521455395643997,0.0,0.0,0.41521455395643997,NONE
99.498720483,0.41521455395643997,0.0,0.0,0.41521455395643997,NONE
99.591215427,0.41521455395643997,0.0,0.0,0.41521455395643997,NONE
99.592759203,0.41521455395643997,0.0,0.0,0.41521455395643997,NONE
99.726147458,0.41521455395643997,0.0,0.0,0.41521455395643997,NONE
99.72686405,0.41521455395643997,0.0,0.0,0.41521455395643997,NONE
99.821728444,0.41521455395643997,0.0,0.0,0.41521455395643997,NONE
99.822472005,0.41521455395643997,0.0,0.0,0.41521455395643997,NONE
99.943524921,0.41521455395643997,0.0,0.0,0.41521455395643997,NONE
99.943533565,0.41521455395643997,0.0,0.0,0.41521455395643997,NONE
100.081376873,0.41521455395643997,0.0,0.0,0.41521455395643997,NONE
100.082269849,0.41521455395643997,0.0,0.0,0.41521455395643997,NONE
100.191037875,0.41521455395643997,0.0,0.0,0.41521455395643997,NONE
100.192280945,0.41521455395643997,0.0,0.0,0.41521455395643997,NONE
100.333031249,0.41521455395643997,0.0,0.0,0.41521455395643997,NONE
100.333034365,0.41521455395643997,0.0,0.0,0.41521455395643997,NONE
100.423671288,0.41521455395643997,0.0,0.0,0.41521455395643997,NONE
100.42487385,0.41521455395643997,0.0,0.0,0.41521455395643997,NONE
100.560595888,0.41521455395643997,0.0,0.0,0.41521455395643997,NONE
100.560629159,0.41521455395643997,0.0,0.0,0.41521455395643997,NONE
100.654253288,0.41521455395643997,0.0,0.0,0.41521455395643997,NONE
100.654261129,0.41521455395643997,0.0,0.0,0.41521455395643997,NONE
100.790339091,0.41521455395643997,0.0,0.0,0.41521455395643997,NONE
100.790944393,0.41521455395643997,0.0,0.0,0.41521455395643997,NONE
100.88589904,0.41521455395643997,0.0,0.0,0.41521455395643997,NONE
100.88814535,0.41521455395643997,0.0,0.0,0.41521455395643997,NONE
101.025214071,0.41521455395643997,0.0,0.0,0.41521455395643997,NONE
101.025229937,0.41521455395643997,0.0,0.0,0.41521455395643997,NONE
101.123560398,0.41521455395643997,0.0,0.0,0.41521455395643997,NONE
101.123798078,0.41521455395643997,0.0,0.0,0.41521455395643997,NONE
101.238169066,0.41521455395643997,0.0,0.0,0.41521455395643997,NONE
101.238260342,0.41521455395643997,0.0,0.0,0.41521455395643997,NONE
101.374494781,0.41521455395643997,0.0,0.0,0.41521455395643997,NONE
101.375056296,0.41521455395643997,0.0,0.0,0.41521455395643997,NONE
101.46840671,0.41521455395643997,0.0,0.0,0.41521455395643997,NONE
101.468419362,0.41521455395643997,0.0,0.0,0.41521455395643997,NONE
101.604012155,0.41521455395643997,0.0,0.0,0.41521455395643997,NONE
101.604666353,0.41521455395643997,0.0,0.0,0.41521455395643997,NONE
101.697125893,0.41521455395643997,0.0,0.0,0.41521455395643997,NONE
101.697139751,0.41521455395643997,0.0,0.0,0.41521455395643997,NONE
101.833283415,0.41521455395643997,0.0,0.0,0.41521455395643997,NONE
101.833298577,0.41521455395643997,0.0,0.0,0.41521455395643997,NONE
101.925465913,0.41521455395643997,0.0,0.0,0.41521455395643997,NONE
101.926669877,0.41521455395643997,0.0,0.0,0.41521455395643997,NONE
102.065918005,0.41521455395643997,0.0,0.0,0.41521455395643997,NONE
102.06813911,0.41521455395643997,0.0,0.0,0.41521455395643997,NONE
102.161733432,0.41521455395643997,0.0,0.0,0.41521455395643997,NONE
102.161803058,0.41521455395643997,0.0,0.0,0.41521455395643997,NONE
102.295840578,0.41521455395643997,0.0,0.0,0.41521455395643997,NONE
102.296075942,0.41521455395643997,0.0,0.0,0.41521455395643997,NONE
102.410356269,0.41521455395643997,0.0,0.0,0.41521455395643997,NONE
102.412205569,0.41521455395643997,0.0,0.0,0.41521455395643997,NONE
102.525832176,0.41521455395643997,0.0,0.0,0.41521455395643997,NONE
102.526255348,0.41521455395643997,0.0,0.0,0.41521455395643997,NONE
102.64144302,0.41521455395643997,0.0,0.0,0.41521455395643997,NONE
102.641456463,0.41521455395643997,0.0,0.0,0.41521455395643997,NONE
102.740068162,0.41521455395643997,0.0,0.0,0.41521455395643997,NONE
102.740081104,0.41521455395643997,0.0,0.0,0.41521455395643997,NONE
102.871698774,0.41521455395643997,0.0,0.0,0.41521455395643997,NONE
102.872663303,0.41521455395643997,0.0,0.0,0.41521455395643997,NONE
102.966975367,0.41521455395643997,0.0,0.0,0.41521455395643997,NONE
102.967622166,0.41521455395643997,0.0,0.0,0.41521455395643997,NONE
103.110228783,0.41521455395643997,0.0,0.0,0.41521455395643997,NONE
103.110580954,0.41521455395643997,0.0,0.0,0.41521455395643997,NONE
103.203260083,0.41521455395643997,0.0,0.0,0.41521455395643997,NONE
103.203305896,0.41521455395643997,0.0,0.0,0.41521455395643997,NONE
103.34088969,0.41521455395643997,0.0,0.0,0.41521455395643997,NONE
103.342042341,0.41521455395643997,0.0,0.0,0.41521455395643997,NONE
103.452873867,0.41521455395643997,0.0,0.0,0.41521455395643997,NONE
103.452886899,0.41521455395643997,0.0,0.0,0.41521455395643997,NONE
103.570398748,0.41521455395643997,0.0,0.0,0.41521455395643997,NONE
103.570463307,0.41521455395643997,0.0,0.0,0.41521455395643997,NONE
103.679766152,0.41521455395643997,0.0,0.0,0.41521455395643997,NONE
103.680829182,0.41521455395643997,0.0,0.0,0.41521455395643997,NONE
103.799714427,0.41521455395643997,0.0,0.0,0.41521455395643997,NONE
103.799728161,0.41521455395643997,0.0,0.0,0.41521455395643997,NONE
103.912517229,0.41521455395643997,0.0,0.0,0.41521455395643997,NONE
103.914218436,0.41521455395643997,0.0,0.0,0.41521455395643997,NONE
104.028687283,0.41521455395643997,0.0,0.0,0.41521455395643997,NONE
104.028699305,0.41521455395643997,0.0,0.0,0.41521455395643997,NONE
104.144152996,0.41521455395643997,0.0,0.0,0.41521455395643997,NONE
104.144966458,0.41521455395643997,0.0,0.0,0.41521455395643997,NONE
104.243161317,0.41521455395643997,0.0,0.0,0.41521455395643997,NONE
104.243177747,0.41521455395643997,0.0,0.0,0.41521455395643997,NONE
104.380474012,0.41521455395643997,0.0,0.0,0.41521455395643997,NONE
104.381113762,0.41521455395643997,0.0,0.0,0.41521455395643997,NONE
104.496547418,0.41521455395643997,0.0,0.0,0.41521455395643997,NONE
104.496557135,0.41521455395643997,0.0,0.0,0.41521455395643997,NONE
104.610520647,0.41521455395643997,0.0,0.0,0.41521455395643997,NONE
104.611610106,0.41521455395643997,0.0,0.0,0.41521455395643997,NONE
104.724527236,0.41521455395643997,0.0,0.0,0.41521455395643997,NONE
104.725039357,0.41521455395643997,0.0,0.0,0.41521455395643997,NONE
104.840571189,0.41521455395643997,0.0,0.0,0.41521455395643997,NONE
104.840587017,0.41521455395643997,0.0,0.0,0.41521455395643997,NONE
104.95090972,0.41521455395643997,0.0,0.0,0.41521455395643997,NONE
104.950921735,0.41521455395643997,0.0,0.0,0.41521455395643997,NONE
105.076947773,0.41521455395643997,0.0,0.0,0.41521455395643997,NONE
105.078557414,0.41521455395643997,0.0,0.0,0.41521455395643997,NONE
105.191779005,0.41521455395643997,0.0,0.0,0.41521455395643997,NONE
105.192730653,0.41521455395643997,0.0,0.0,0.41521455395643997,NONE
105.291175818,0.41521455395643997,0.0,0.0,0.41521455395643997,NONE
105.293419725,0.41521455395643997,0.0,0.0,0.41521455395643997,NONE
105.427416278,0.41521455395643997,0.0,0.0,0.41521455395643997,NONE
105.427420083,0.41521455395643997,0.0,0.0,0.41521455395643997,NONE
105.541171913,0.41521455395643997,0.0,0.0,0.41521455395643997,NONE
105.54118593,0.41521455395643997,0.0,0.0,0.41521455395643997,NONE
105.654521258,0.41521455395643997,0.0,0.0,0.41521455395643997,NONE
105.655309108,0.41521455395643997,0.0,0.0,0.41521455395643997,NONE
105.768168362,0.41521455395643997,0.0,0.0,0.41521455395643997,NONE
105.768748161,0.41521455395643997,0.0,0.0,0.41521455395643997,NONE
105.884381461,0.41521455395643997,0.0,0.0,0.41521455395643997,NONE
105.884499203,0.41521455395643997,0.0,0.0,0.41521455395643997,NONE
105.994599949,0.41521455395643997,0.0,0.0,0.41521455395643997,NONE
105.994895952,0.41521455395643997,0.0,0.0,0.41521455395643997,NONE
106.120069589,0.41521455395643997,0.0,0.0,0.41521455395643997,NONE
106.120110216,0.41521455395643997,0.0,0.0,0.41521455395643997,NONE
106.233996486,0.41521455395643997,0.0,0.0,0.41521455395643997,NONE
106.234664946,0.41521455395643997,0.0,0.0,0.41521455395643997,NONE
106.330225604,0.41521455395643997,0.0,0.0,0.41521455395643997,NONE
106.330801601,0.41521455395643997,0.0,0.0,0.41521455395643997,NONE
106.478959453,0.41521455395643997,0.0,0.0,0.41521455395643997,NONE
106.479516637,0.41521455395643997,0.0,0.0,0.41521455395643997,NONE
106.589184403,0.41521455395643997,0.0,0.0,0.41521455395643997,NONE
106.589216225,0.41521455395643997,0.0,0.0,0.41521455395643997,NONE
106.706027006,0.41521455395643997,0.0,0.0,0.41521455395643997,NONE
106.706056927,0.41521455395643997,0.0,0.0,0.41521455395643997,NONE
106.815606812,0.41521455395643997,0.0,0.0,0.41521455395643997,NONE
106.815716888,0.41521455395643997,0.0,0.0,0.41521455395643997,NONE
106.932948459,0.41521455395643997,0.0,0.0,0.41521455395643997,NONE
106.933534662,0.41521455395643997,0.0,0.0,0.41521455395643997,NONE
107.04770916,0.41521455395643997,0.0,0.0,0.41521455395643997,NONE
107.048037337,0.41521455395643997,0.0,0.0,0.41521455395643997,NONE
107.160622405,0.41521455395643997,0.0,0.0,0.41521455395643997,NONE
107.161565626,0.41521455395643997,0.0,0.0,0.41521455395643997,NONE
107.275474105,0.41521455395643997,0.0,0.0,0.41521455395643997,NONE
107.276324604,0.41521455395643997,0.0,0.0,0.41521455395643997,NONE
107.373647498,0.41521455395643997,0.0,0.0,0.41521455395643997,NONE
107.373673004,0.41521455395643997,0.0,0.0,0.41521455395643997,NONE
107.506904608,0.41521455395643997,0.0,0.0,0.41521455395643997,NONE
107.508044275,0.41521455395643997,0.0,0.0,0.41521455395643997,NONE
107.622947387,0.41521455395643997,0.0,0.0,0.41521455395643997,NONE
107.62295959,0.41521455395643997,0.0,0.0,0.41521455395643997,NONE
107.735826024,0.41521455395643997,0.0,0.0,0.41521455395643997,NONE
107.73585053,0.41521455395643997,0.0,0.0,0.41521455395643997,NONE
107.848503314,0.41521455395643997,0.0,0.0,0.41521455395643997,NONE
107.848509716,0.41521455395643997,0.0,0.0,0.41521455395643997,NONE
107.965774599,0.41521455395643997,0.0,0.0,0.41521455395643997,NONE
107.966619861,0.41521455395643997,0.0,0.0,0.41521455395643997,NONE
108.077184005,0.41521455395643997,0.0,0.0,0.41521455395643997,NONE
108.077593038,0.41521455395643997,0.0,0.0,0.41521455395643997,NONE
108.203019554,0.41521455395643997,0.0,0.0,0.41521455395643997,NONE
108.203885613,0.41521455395643997,0.0,0.0,0.41521455395643997,NONE
108.317097124,0.41521455395643997,0.0,0.0,0.41521455395643997,NONE
108.317146216,0.41521455395643997,0.0,0.0,0.41521455395643997,NONE
108.414827163,0.41521455395643997,0.0,0.0,0.41521455395643997,NONE
108.415068524,0.41521455395643997,0.0,0.0,0.41521455395643997,NONE
108.560218419,0.41521455395643997,0.0,0.0,0.41521455395643997,NONE
108.560918105,0.41521455395643997,0.0,0.0,0.41521455395643997,NONE
108.669339399,0.41521455395643997,0.0,0.0,0.41521455395643997,NONE
108.669872612,0.41521455395643997,0.0,0.0,0.41521455395643997,NONE
108.798973728,0.41521455395643997,0.0,0.0,0.41521455395643997,NONE
108.800202627,0.41521455395643997,0.0,0.0,0.41521455395643997,NONE
108.913146482,0.41521455395643997,0.0,0.0,0.41521455395643997,NONE
108.913417238,0.41521455395643997,0.0,0.0,0.41521455395643997,NONE
109.009218407,0.41521455395643997,0.0,0.0,0.41521455395643997,NONE
109.0092307,0.41521455395643997,0.0,0.0,0.41521455395643997,NONE
109.144229279,0.41521455395643997,0.0,0.0,0.41521455395643997,NONE
109.144242471,0.41521455395643997,0.0,0.0,0.41521455395643997,NONE
109.236013899,0.41521455395643997,0.0,0.0,0.41521455395643997,NONE
109.236026992,0.41521455395643997,0.0,0.0,0.41521455395643997,NONE
109.373063337,0.41521455395643997,0.0,0.0,0.41521455395643997,NONE
109.37353297,0.41521455395643997,0.0,0.0,0.41521455395643997,NONE
109.465350071,0.41521455395643997,0.0,0.0,0.41521455395643997,NONE
109.466022388,0.41521455395643997,0.0,0.0,0.41521455395643997,NONE
109.606008254,0.41521455395643997,0.0,0.0,0.41521455395643997,NONE
109.606824889,0.41521455395643997,0.0,0.0,0.41521455395643997,NONE
109.723676131,0.41521455395643997,0.0,0.0,0.41521455395643997,NONE
109.724271992,0.41521455395643997,0.0,0.0,0.41521455395643997,NONE
109.819767699,0.41521455395643997,0.0,0.0,0.41521455395643997,NONE
109.82153859,0.41521455395643997,0.0,0.0,0.41521455395643997,NONE
109.96607302,0.41521455395643997,0.0,0.0,0.41521455395643997,NONE
109.967085135,0.41521455395643997,0.0,0.0,0.41521455395643997,NONE
110.057937293,0.41521455395643997,0.0,0.0,0.41521455395643997,NONE
110.057949982,0.41521455395643997,0.0,0.0,0.41521455395643997,NONE
110.197404343,0.41521455395643997,0.0,0.0,0.41521455395643997,NONE
110.198203344,0.41521455395643997,0.0,0.0,0.41521455395643997,NONE
110.289269216,0.41521455395643997,0.0,0.0,0.41521455395643997,NONE
110.289346048,0.41521455395643997,0.0,0.0,0.41521455395643997,NONE
110.42727824,0.41521455395643997,0.0,0.0,0.41521455395643997,NONE
110.42728973,0.41521455395643997,0.0,0.0,0.41521455395643997,NONE
110.520184702,0.41521455395643997,0.0,0.0,0.41521455395643997,NONE
110.520280818,0.41521455395643997,0.0,0.0,0.41521455395643997,NONE
110.652881372,0.41521455395643997,0.0,0.0,0.41521455395643997,NONE
110.653834838,0.41521455395643997,0.0,0.0,0.41521455395643997,NONE
110.768018695,0.41521455395643997,0.0,0.0,0.41521455395643997,NONE
110.768119907,0.41521455395643997,0.0,0.0,0.41521455395643997,NONE
110.865027071,0.41521455395643997,0.0,0.0,0.41521455395643997,NONE
110.865478076,0.41521455395643997,0.0,0.0,0.41521455395643997,NONE
110.998191776,0.41521455395643997,0.0,0.0,0.41521455395643997,NONE
110.998206059,0.41521455395643997,0.0,0.0,0.41521455395643997,NONE
111.088877878,0.41521455395643997,0.0,0.0,0.41521455395643997,NONE
111.08922718,0.41521455395643997,0.0,0.0,0.41521455395643997,NONE
111.235098002,0.41521455395643997,0.0,0.0,0.41521455395643997,NONE
111.237029697,0.41521455395643997,0.0,0.0,0.41521455395643997,NONE
111.329381799,0.41521455395643997,0.0,0.0,0.41521455395643997,NONE
111.329384995,0.41521455395643997,0.0,0.0,0.41521455395643997,NONE
111.44754714,0.41521455395643997,0.0,0.0,0.41521455395643997,NONE
111.447864678,0.41521455395643997,0.0,0.0,0.41521455395643997,NONE
111.57011306,0.41521455395643997,0.0,0.0,0.41521455395643997,NONE
111.571436849,0.41521455395643997,0.0,0.0,0.41521455395643997,NONE
111.681249623,0.41521455395643997,0.0,0.0,0.41521455395643997,NONE
111.681658057,0.41521455395643997,0.0,0.0,0.41521455395643997,NONE
111.826094016,0.41521455395643997,0.0,0.0,0.41521455395643997,NONE
111.826474882,0.41521455395643997,0.0,0.0,0.41521455395643997,NONE
111.921165315,0.41521455395643997,0.0,0.0,0.41521455395643997,NONE
111.921534393,0.41521455395643997,0.0,0.0,0.41521455395643997,NONE
112.042545128,0.41521455395643997,0.0,0.0,0.41521455395643997,NONE
112.042968346,0.41521455395643997,0.0,0.0,0.41521455395643997,NONE
112.165392826,0.41521455395643997,0.0,0.0,0.41521455395643997,NONE
112.166418615,0.41521455395643997,0.0,0.0,0.41521455395643997,NONE
112.276311425,0.41521455395643997,0.0,0.0,0.41521455395643997,NONE
112.276966824,0.41521455395643997,0.0,0.0,0.41521455395643997,NONE
112.40103015,0.41521455395643997,0.0,0.0,0.41521455395643997,NONE
112.401602463,0.41521455395643997,0.0,0.0,0.41521455395643997,NONE
112.517023072,0.41521455395643997,0.0,0.0,0.41521455395643997,NONE
112.517111051,0.41521455395643997,0.0,0.0,0.41521455395643997,NONE
112.612951381,0.41521455395643997,0.0,0.0,0.41521455395643997,NONE
112.613555251,0.41521455395643997,0.0,0.0,0.41521455395643997,NONE
112.756023672,0.41521455395643997,0.0,0.0,0.41521455395643997,NONE
112.756074602,0.41521455395643997,0.0,0.0,0.41521455395643997,NONE
112.866516856,0.41521455395643997,0.0,0.0,0.41521455395643997,NONE
112.866531635,0.41521455395643997,0.0,0.0,0.41521455395643997,NONE
112.991682559,0.41521455395643997,0.0,0.0,0.41521455395643997,NONE
112.991695339,0.41521455395643997,0.0,0.0,0.41521455395643997,NONE
113.105409339,0.41521455395643997,0.0,0.0,0.41521455395643997,NONE
113.10656052,0.41521455395643997,0.0,0.0,0.41521455395643997,NONE
113.202261071,0.41521455395643997,0.0,0.0,0.41521455395643997,NONE
113.202507781,0.41521455395643997,0.0,0.0,0.41521455395643997,NONE
113.336107873,0.41521455395643997,0.0,0.0,0.41521455395643997,NONE
113.337075844,0.41521455395643997,0.0,0.0,0.41521455395643997,NONE
113.428824136,0.41521455395643997,0.0,0.0,0.41521455395643997,NONE
113.430123085,0.41521455395643997,0.0,0.0,0.41521455395643997,NONE
113.562687512,0.41521455395643997,0.0,0.0,0.41521455395643997,NONE
113.563861758,0.41521455395643997,0.0,0.0,0.41521455395643997,NONE
113.654847355,0.41521455395643997,0.0,0.0,0.41521455395643997,NONE
113.655422546,0.41521455395643997,0.0,0.0,0.41521455395643997,NONE
113.792430156,0.41521455395643997,0.0,0.0,0.41521455395643997,NONE
113.792594796,0.41521455395643997,0.0,0.0,0.41521455395643997,NONE
113.90160852,0.41521455395643997,0.0,0.0,0.41521455395643997,NONE
113.901618504,0.41521455395643997,0.0,0.0,0.41521455395643997,NONE
114.022162385,0.41521455395643997,0.0,0.0,0.41521455395643997,NONE
114.022175262,0.41521455395643997,0.0,0.0,0.41521455395643997,NONE
114.135683967,0.41521455395643997,0.0,0.0,0.41521455395643997,NONE
114.135708324,0.41521455395643997,0.0,0.0,0.41521455395643997,NONE
114.253615394,0.41521455395643997,0.0,0.0,0.41521455395643997,NONE
114.254194176,0.41521455395643997,0.0,0.0,0.41521455395643997,NONE
114.367417682,0.41521455395643997,0.0,0.0,0.41521455395643997,NONE
114.367423871,0.41521455395643997,0.0,0.0,0.41521455395643997,NONE
114.48177749,0.41521455395643997,0.0,0.0,0.41521455395643997,NONE
114.48181173,0.41521455395643997,0.0,0.0,0.41521455395643997,NONE
114.596423994,0.41521455395643997,0.0,0.0,0.41521455395643997,NONE
114.597338186,0.41521455395643997,0.0,0.0,0.41521455395643997,NONE
114.692045451,0.41521455395643997,0.0,0.0,0.41521455395643997,NONE
114.693598121,0.41521455395643997,0.0,0.0,0.41521455395643997,NONE
114.827186916,0.41521455395643997,0.0,0.0,0.41521455395643997,NONE
114.827423999,0.41521455395643997,0.0,0.0,0.41521455395643997,NONE
114.943459267,0.41521455395643997,0.0,0.0,0.41521455395643997,NONE
114.943514062,0.41521455395643997,0.0,0.0,0.41521455395643997,NONE
115.056859793,0.41521455395643997,0.0,0.0,0.41521455395643997,NONE
115.057207726,0.41521455395643997,0.0,0.0,0.41521455395643997,NONE
115.170617435,0.41521455395643997,0.0,0.0,0.41521455395643997,NONE
115.170633204,0.41521455395643997,0.0,0.0,0.41521455395643997,NONE
115.287449089,0.41521455395643997,0.0,0.0,0.41521455395643997,NONE
115.287485021,0.41521455395643997,0.0,0.0,0.41521455395643997,NONE
115.397409403,0.41521455395643997,0.0,0.0,0.41521455395643997,NONE
115.398008556,0.41521455395643997,0.0,0.0,0.41521455395643997,NONE
115.522563819,0.41521455395643997,0.0,0.0,0.41521455395643997,NONE
115.522595858,0.41521455395643997,0.0,0.0,0.41521455395643997,NONE
115.631756504,0.41521455395643997,0.0,0.0,0.41521455395643997,NONE
115.632616357,0.41521455395643997,0.0,0.0,0.41521455395643997,NONE
115.74957946,0.41521455395643997,0.0,0.0,0.41521455395643997,NONE
115.749624973,0.41521455395643997,0.0,0.0,0.41521455395643997,NONE
115.862256172,0.41521455395643997,0.0,0.0,0.41521455395643997,NONE
115.86226765,0.41521455395643997,0.0,0.0,0.41521455395643997,NONE
115.999643665,0.41521455395643997,0.0,0.0,0.41521455395643997,NONE
116.000386441,0.41521455395643997,0.0,0.0,0.41521455395643997,NONE
116.095293268,0.41521455395643997,0.0,0.0,0.41521455395643997,NONE
116.095956108,0.41521455395643997,0.0,0.0,0.41521455395643997,NONE
116.223621506,0.41521455395643997,0.0,0.0,0.41521455395643997,NONE
116.223642663,0.41521455395643997,0.0,0.0,0.41521455395643997,NONE
116.322132138,0.41521455395643997,0.0,0.0,0.41521455395643997,NONE
116.322707557,0.41521455395643997,0.0,0.0,0.41521455395643997,NONE
116.437106481,0.41521455395643997,0.0,0.0,0.41521455395643997,NONE
116.437134723,0.41521455395643997,0.0,0.0,0.41521455395643997,NONE
116.552759632,0.41521455395643997,0.0,0.0,0.41521455395643997,NONE
116.553093946,0.41521455395643997,0.0,0.0,0.41521455395643997,NONE
116.66610442,0.41521455395643997,0.0,0.0,0.41521455395643997,NONE
116.666515875,0.41521455395643997,0.0,0.0,0.41521455395643997,NONE
116.783837901,0.41521455395643997,0.0,0.0,0.41521455395643997,NONE
116.784200756,0.41521455395643997,0.0,0.0,0.41521455395643997,NONE
116.893073123,0.41521455395643997,0.0,0.0,0.41521455395643997,NONE
116.89309388,0.41521455395643997,0.0,0.0,0.41521455395643997,NONE
117.034413172,0.41521455395643997,0.0,0.0,0.41521455395643997,NONE
117.034458074,0.41521455395643997,0.0,0.0,0.41521455395643997,NONE
117.127422829,0.41521455395643997,0.0,0.0,0.41521455395643997,NONE
117.127995584,0.41521455395643997,0.0,0.0,0.41521455395643997,NONE
117.252106514,0.41521455395643997,0.0,0.0,0.41521455395643997,NONE
117.252297475,0.41521455395643997,0.0,0.0,0.41521455395643997,NONE
117.358963916,0.41521455395643997,0.0,0.0,0.41521455395643997,NONE
117.360394929,0.41521455395643997,0.0,0.0,0.41521455395643997,NONE
117.472410081,0.41521455395643997,0.0,0.0,0.41521455395643997,NONE
117.473058691,0.41521455395643997,0.0,0.0,0.41521455395643997,NONE
117.597326993,0.41521455395643997,0.0,0.0,0.41521455395643997,NONE
117.597338966,0.41521455395643997,0.0,0.0,0.41521455395643997,NONE
117.709800693,0.41521455395643997,0.0,0.0,0.41521455395643997,NONE
117.70983661,0.41521455395643997,0.0,0.0,0.41521455395643997,NONE
117.813067544,0.41521455395643997,0.0,0.0,0.41521455395643997,NONE
117.813080714,0.41521455395643997,0.0,0.0,0.41521455395643997,NONE
117.951793711,0.41521455395643997,0.0,0.0,0.41521455395643997,NONE
117.951797003,0.41521455395643997,0.0,0.0,0.41521455395643997,NONE
118.062376834,0.41521455395643997,0.0,0.0,0.41521455395643997,NONE
118.063447063,0.41521455395643997,0.0,0.0,0.41521455395643997,NONE
118.187506808,0.41521455395643997,0.0,0.0,0.41521455395643997,NONE
118.188587711,0.41521455395643997,0.0,0.0,0.41521455395643997,NONE
118.299929312,0.41521455395643997,0.0,0.0,0.41521455395643997,NONE
118.299940485,0.41521455395643997,0.0,0.0,0.41521455395643997,NONE
118.403497089,0.41521455395643997,0.0,0.0,0.41521455395643997,NONE
118.403566423,0.41521455395643997,0.0,0.0,0.41521455395643997,NONE
118.530450283,0.41521455395643997,0.0,0.0,0.41521455395643997,NONE
118.530889029,0.41521455395643997,0.0,0.0,0.41521455395643997,NONE
118.637908514,0.41521455395643997,0.0,0.0,0.41521455395643997,NONE
118.637924375,0.41521455395643997,0.0,0.0,0.41521455395643997,NONE
118.735976404,0.41521455395643997,0.0,0.0,0.41521455395643997,NONE
118.737026881,0.41521455395643997,0.0,0.0,0.41521455395643997,NONE
118.838970061,0.41521455395643997,0.0,0.0,0.41521455395643997,NONE
118.839227343,0.41521455395643997,0.0,0.0,0.41521455395643997,NONE
118.993682709,0.41521455395643997,0.0,0.0,0.41521455395643997,NONE
118.995305361,0.41521455395643997,0.0,0.0,0.41521455395643997,NONE
119.107586978,0.41521455395643997,0.0,0.0,0.41521455395643997,NONE
119.108137305,0.41521455395643997,0.0,0.0,0.41521455395643997,NONE
119.222921579,0.41521455395643997,0.0,0.0,0.41521455395643997,NONE
119.22293714,0.41521455395643997,0.0,0.0,0.41521455395643997,NONE
119.335644096,0.41521455395643997,0.0,0.0,0.41521455395643997,NONE
119.33564639,0.41521455395643997,0.0,0.0,0.41521455395643997,NONE
119.452657011,0.41521455395643997,0.0,0.0,0.41521455395643997,NONE
119.452735216,0.41521455395643997,0.0,0.0,0.41521455395643997,NONE
119.564367452,0.41521455395643997,0.0,0.0,0.41521455395643997,NONE
119.564692841,0.41521455395643997,0.0,0.0,0.41521455395643997,NONE
119.680179961,0.41521455395643997,0.0,0.0,0.41521455395643997,NONE
119.680215473,0.41521455395643997,0.0,0.0,0.41521455395643997,NONE
119.793631659,0.41521455395643997,0.0,0.0,0.41521455395643997,NONE
119.793656996,0.41521455395643997,0.0,0.0,0.41521455395643997,NONE
119.910496942,0.41521455395643997,0.0,0.0,0.41521455395643997,NONE
119.910748315,0.41521455395643997,0.0,0.0,0.41521455395643997,NONE
120.024304098,0.41521455395643997,0.0,0.0,0.41521455395643997,NONE
120.024675741,0.41521455395643997,0.0,0.0,0.41521455395643997,NONE
