topic,time_s,linear_mps,angular_rps
/epuck1/cmd_vel,14.644556068,0.0,0.0
/epuck1/cmd_vel,14.680842282,0.0,0.0
/epuck1/cmd_vel,14.734539428,0.0,0.0
/epuck1/cmd_vel,14.774998348,0.0,0.0
/epuck1/cmd_vel,14.851875031,0.0,0.0
/epuck1/cmd_vel,14.904807934,0.0,0.0
/epuck1/cmd_vel,14.962980973,0.0,0.0
/epuck1/cmd_vel,14.999231206,0.0,0.0
/epuck1/cmd_vel,15.057822538,0.0,0.0
/epuck1/cmd_vel,15.096559399,0.0,0.0
/epuck1/cmd_vel,15.180933813,0.0,0.0
/epuck1/cmd_vel,15.219233955,0.0,0.0
/epuck1/cmd_vel,15.278817094,0.0,0.0
/epuck1/cmd_vel,15.311328823,0.0,0.0
/epuck1/cmd_vel,15.370931991,0.0,0.0
/epuck1/cmd_vel,15.426813678,0.0,0.0
/epuck1/cmd_vel,15.487833255,0.0,0.0
/epuck1/cmd_vel,15.527545901,0.0,0.0
/epuck1/cmd_vel,15.581885501,0.0,0.0
/epuck1/cmd_vel,15.621715613,0.0,0.0
/epuck1/cmd_vel,15.697920436,0.0,0.0
/epuck1/cmd_vel,15.736989369,0.0,0.0
/epuck1/cmd_vel,15.79227495,0.0,0.0
/epuck1/cmd_vel,15.830411893,0.0,0.0
/epuck1/cmd_vel,15.889608714,0.0,0.0
/epuck1/cmd_vel,15.943329564,0.0,0.0
/epuck1/cmd_vel,16.003517584,0.0,0.0
/epuck1/cmd_vel,16.03767922,0.0,0.0
/epuck1/cmd_vel,16.094413617,0.0,0.0
/epuck1/cmd_vel,16.136599762,0.0,0.0
/epuck1/cmd_vel,16.213664482,0.0,0.0
/epuck1/cmd_vel,16.248535948,0.0,0.0
/epuck1/cmd_vel,16.303325298,0.0,0.0
/epuck1/cmd_vel,16.339809876,0.0,0.0
/epuck1/cmd_vel,16.404324862,0.0,0.0
/epuck1/cmd_vel,16.466922037,0.0,0.0
/epuck1/cmd_vel,16.527847121,0.0,0.0
/epuck1/cmd_vel,16.565170098,0.0,0.0
/epuck1/cmd_vel,16.619075925,0.0,0.0
/epuck1/cmd_vel,16.659010285,0.0,0.0
/epuck1/cmd_vel,16.739653393,0.0,0.0
/epuck1/cmd_vel,16.780457028,0.0,0.0
/epuck1/cmd_vel,16.834431823,0.0,0.0
/epuck1/cmd_vel,16.872663799,0.0,0.0
/epuck1/cmd_vel,16.932196023,0.0,0.0
/epuck1/cmd_vel,16.992840273,0.0,0.0
/epuck1/cmd_vel,17.049745245,0.0,0.0
/epuck1/cmd_vel,17.086022202,0.0,0.0
/epuck1/cmd_vel,17.142120773,0.0,0.0
/epuck1/cmd_vel,17.183123965,0.0,0.0
/epuck1/cmd_vel,17.260091192,0.0,0.0
/epuck1/cmd_vel,17.297451682,0.0,0.0
/epuck1/cmd_vel,17.352729255,0.0,0.0
/epuck1/cmd_vel,17.388261796,0.0,0.0
/epuck1/cmd_vel,17.466456619,0.0,0.0
/epuck1/cmd_vel,17.505301244,0.0,0.0
/epuck1/cmd_vel,17.562031959,0.0,0.0
/epuck1/cmd_vel,17.596642726,0.0,0.0
/epuck1/cmd_vel,17.654281618,0.0,0.0
/epuck1/cmd_vel,17.702446144,0.0,0.0
/epuck1/cmd_vel,17.773855941,0.0,0.0
/epuck1/cmd_vel,17.810751885,0.0,0.0
/epuck1/cmd_vel,17.864856733,0.0,0.0
/epuck1/cmd_vel,17.903580755,0.0,0.0
/epuck1/cmd_vel,17.976717977,0.0,0.0
/epuck1/cmd_vel,18.018203852,0.0,0.0
/epuck1/cmd_vel,18.075128933,0.0,0.0
/epuck1/cmd_vel,18.111480868,0.0,0.0
/epuck1/cmd_vel,18.170726553,0.0,0.0
/epuck1/cmd_vel,18.21751411,0.0,0.0
/epuck1/cmd_vel,18.278385538,0.0,0.0
/epuck1/cmd_vel,18.316343822,0.0,0.0
/epuck1/cmd_vel,18.370260635,0.0,0.0
/epuck1/cmd_vel,18.408984457,0.0,0.0
/epuck1/cmd_vel,18.488093631,0.0,0.0
/epuck1/cmd_vel,18.526032522,0.0,0.0
/epuck1/cmd_vel,18.582046616,0.0,0.0
/epuck1/cmd_vel,18.618096554,0.0,0.0
/epuck1/cmd_vel,18.680317719,0.0,0.0
/epuck1/cmd_vel,18.734831527,0.0,0.0
/epuck1/cmd_vel,18.792698901,0.0,0.0
/epuck1/cmd_vel,18.829181595,0.0,0.0
/epuck1/cmd_vel,18.884907051,0.0,0.0
/epuck1/cmd_vel,18.925414401,0.0,0.0
/epuck1/cmd_vel,19.010882571,0.0,0.0
/epuck1/cmd_vel,19.050893236,0.0,0.0
/epuck1/cmd_vel,19.104533996,0.0,0.0
/epuck1/cmd_vel,19.141380532,0.0,0.0
/epuck1/cmd_vel,19.199992538,0.0,0.0
/epuck1/cmd_vel,19.244789329,0.0,0.0
/epuck1/cmd_vel,19.317813791,0.0,0.0
/epuck1/cmd_vel,19.357051591,0.0,0.0
/epuck1/cmd_vel,19.411124563,0.0,0.0
/epuck1/cmd_vel,19.448655403,0.0,0.0
/epuck1/cmd_vel,19.512416977,0.0031449624499998666,0.0
/epuck1/cmd_vel,19.573724016,0.006249242500000208,0.0
/epuck1/cmd_vel,19.636160165,0.009382140150000141,0.0
/epuck1/cmd_vel,19.67044531,0.011082193549999887,0.0
/epuck1/cmd_vel,19.725132717,0.013816663850000311,0.0
/epuck1/cmd_vel,19.766327469,0.01579132829999992,0.0
/epuck1/cmd_vel,19.841451637,0.019513029449999667,0.0
/epuck1/cmd_vel,19.892185657,0.022166175150000106,0.0
/epuck1/cmd_vel,19.948757753,0.025,0.0
/epuck1/cmd_vel,19.985720107,0.025,0.0
/epuck1/cmd_vel,20.043800921,0.025,0.0
/epuck1/cmd_vel,20.086195961,0.025,0.0
/epuck1/cmd_vel,20.158064733,0.025,0.0
/epuck1/cmd_vel,20.195642768,0.025,0.0
/epuck1/cmd_vel,20.24975264,0.025,0.0
/epuck1/cmd_vel,20.287428424,0.025,0.0
/epuck1/cmd_vel,20.35100849,0.025,0.0
/epuck1/cmd_vel,20.415264506,0.025,0.0
/epuck1/cmd_vel,20.472932534,0.025,0.0
/epuck1/cmd_vel,20.510753443,0.025,0.0
/epuck1/cmd_vel,20.565091397,0.025,0.0
/epuck1/cmd_vel,20.605497167,0.025,0.0
/epuck1/cmd_vel,20.680392172,0.025,0.0
/epuck1/cmd_vel,20.721227419,0.025,0.0
/epuck1/cmd_vel,20.776201443,0.025,0.0
/epuck1/cmd_vel,20.814204136,0.025,0.0
/epuck1/cmd_vel,20.851910909,0.025,0.0
/epuck1/cmd_vel,20.861194063,0.025,0.0
/epuck1/cmd_vel,20.870525488,0.025,0.0
/epuck1/cmd_vel,20.875882087,0.025,0.0
/epuck1/cmd_vel,20.887760091,0.025,0.0
/epuck1/cmd_vel,20.893172357,0.025,0.0
/epuck1/cmd_vel,20.9066589,0.025,0.0
/epuck1/cmd_vel,20.913242866,0.025,0.0
/epuck1/cmd_vel,20.924237797,0.025,0.0
/epuck1/cmd_vel,20.934395129,0.025,0.0
/epuck1/cmd_vel,20.942844581,0.025,0.0
/epuck1/cmd_vel,20.949697487,0.025,0.0
/epuck1/cmd_vel,20.958504625,0.025,0.0
/epuck1/cmd_vel,20.964123868,0.025,0.0
/epuck1/cmd_vel,20.974545741,0.025,0.0
/epuck1/cmd_vel,20.980463306,0.025,0.0
/epuck1/cmd_vel,20.992067673,0.025,0.0
/epuck1/cmd_vel,20.997433867,0.025,0.0
/epuck1/cmd_vel,21.00651644,0.025,0.0
/epuck1/cmd_vel,21.013684458,0.025,0.0
/epuck1/cmd_vel,21.020383955,0.025,0.0
/epuck1/cmd_vel,21.028701086,0.025,0.0
/epuck1/cmd_vel,21.036819036,0.025,0.0
/epuck1/cmd_vel,21.041171336,0.025,0.0
/epuck1/cmd_vel,21.0512739,0.025,0.0
/epuck1/cmd_vel,21.056725643,0.025,0.0
/epuck1/cmd_vel,21.066315314,0.025,0.0
/epuck1/cmd_vel,21.072371995,0.025,0.0
/epuck1/cmd_vel,21.085649863,0.025,0.0
/epuck1/cmd_vel,21.09203225,0.025,0.0
/epuck1/cmd_vel,21.104939438,0.025,0.0
/epuck1/cmd_vel,21.109576068,0.025,0.0
/epuck1/cmd_vel,21.115437066,0.025,0.0
/epuck1/cmd_vel,21.127340055,0.025,0.0
/epuck1/cmd_vel,21.135229741,0.025,0.0
/epuck1/cmd_vel,21.137028067,0.025,0.0
/epuck1/cmd_vel,21.151900581,0.025,0.0
/epuck1/cmd_vel,21.156419981,0.025,0.0
/epuck1/cmd_vel,21.167428804,0.025,0.0
/epuck1/cmd_vel,21.172520063,0.025,0.0
/epuck1/cmd_vel,21.182353787,0.025,0.0
/epuck1/cmd_vel,21.192354013,0.025,0.0
/epuck1/cmd_vel,21.199971562,0.025,0.0
/epuck1/cmd_vel,21.208669565,0.025,0.0
/epuck1/cmd_vel,21.222357887,0.025,0.0
/epuck1/cmd_vel,21.222379574,0.025,0.0
/epuck1/cmd_vel,21.23363375,0.025,0.0
/epuck1/cmd_vel,21.240272784,0.025,0.0
/epuck1/cmd_vel,21.252295801,0.025,0.0
/epuck1/cmd_vel,21.256613122,0.025,0.0
/epuck1/cmd_vel,21.263952936,0.025,0.0
/epuck1/cmd_vel,21.27445766,0.025,0.0
/epuck1/cmd_vel,21.285211236,0.025,0.0
/epuck1/cmd_vel,21.295352977,0.025,0.0
/epuck1/cmd_vel,21.303584059,0.025,0.0
/epuck1/cmd_vel,21.307970538,0.025,0.0
/epuck1/cmd_vel,21.318585896,0.025,0.0
/epuck1/cmd_vel,21.32572663,0.025,0.0
/epuck1/cmd_vel,21.331035258,0.025,0.0
/epuck1/cmd_vel,21.339828905,0.025,0.0
/epuck1/cmd_vel,21.348181515,0.025,0.0
/epuck1/cmd_vel,21.353165037,0.025,0.0
/epuck1/cmd_vel,21.366141484,0.025,0.0
/epuck1/cmd_vel,21.373361571,0.025,0.0
/epuck1/cmd_vel,21.384670315,0.025,0.0
/epuck1/cmd_vel,21.392157441,0.025,0.0
/epuck1/cmd_vel,21.40188443,0.025,0.0
/epuck1/cmd_vel,21.409020067,0.025,0.0
/epuck1/cmd_vel,21.416906355,0.025,0.0
/epuck1/cmd_vel,21.426494327,0.025,0.0
/epuck1/cmd_vel,21.435429988,0.025,0.0
/epuck1/cmd_vel,21.444811683,0.025,0.0
/epuck1/cmd_vel,21.452736948,0.025,0.0
/epuck1/cmd_vel,21.45845893,0.025,0.0
/epuck1/cmd_vel,21.470362418,0.025,0.0
/epuck1/cmd_vel,21.478325261,0.025,0.0
/epuck1/cmd_vel,21.487068437,0.025,0.0
/epuck1/cmd_vel,21.493333095,0.025,0.0
/epuck1/cmd_vel,21.501228777,0.025,0.0
/epuck1/cmd_vel,21.509905993,0.025,0.0
/epuck1/cmd_vel,21.517055122,0.025,0.0
/epuck1/cmd_vel,21.522505865,0.025,0.0
/epuck1/cmd_vel,21.534653708,0.025,0.0
/epuck1/cmd_vel,21.541068175,0.025,0.0
/epuck1/cmd_vel,21.553336446,0.025,0.0
/epuck1/cmd_vel,21.558912115,0.025,0.0
/epuck1/cmd_vel,21.570933433,0.025,0.0
/epuck1/cmd_vel,21.576782338,0.025,0.0
/epuck1/cmd_vel,21.586014423,0.025,0.0
/epuck1/cmd_vel,21.594747005,0.025,0.0
/epuck1/cmd_vel,21.602043146,0.025,0.0
/epuck1/cmd_vel,21.608145001,0.025,0.0
/epuck1/cmd_vel,21.620721187,0.025,0.0
/epuck1/cmd_vel,21.625441967,0.025,0.0
/epuck1/cmd_vel,21.632706727,0.025,0.0
/epuck1/cmd_vel,21.640930113,0.025,0.0
/epuck1/cmd_vel,21.649501093,0.025,0.0
/epuck1/cmd_vel,21.655781241,0.025,0.0
/epuck1/cmd_vel,21.666770076,0.025,0.0
/epuck1/cmd_vel,21.673068013,0.025,0.0
/epuck1/cmd_vel,21.684692768,0.025,0.0
/epuck1/cmd_vel,21.691637319,0.025,0.0
/epuck1/cmd_vel,21.699013412,0.025,0.0
/epuck1/cmd_vel,21.706740396,0.025,0.0
/epuck1/cmd_vel,21.715315572,0.025,0.0
/epuck1/cmd_vel,21.720840571,0.025,0.0
/epuck1/cmd_vel,21.732276639,0.025,0.0
/epuck1/cmd_vel,21.739803242,0.025,0.0
/epuck1/cmd_vel,21.750838749,0.025,0.0
/epuck1/cmd_vel,21.757351058,0.025,0.0
/epuck1/cmd_vel,21.768818207,0.025,0.0
/epuck1/cmd_vel,21.773993016,0.025,0.0
/epuck1/cmd_vel,21.781180722,0.025,0.0
/epuck1/cmd_vel,21.790003167,0.025,0.0
/epuck1/cmd_vel,21.79776745,0.025,0.0
/epuck1/cmd_vel,21.803202098,0.025,0.0
/epuck1/cmd_vel,21.813362671,0.025,0.0
/epuck1/cmd_vel,21.818052819,0.025,0.0
/epuck1/cmd_vel,21.826001378,0.025,0.0
/epuck1/cmd_vel,21.834792471,0.025,0.0
/epuck1/cmd_vel,21.84283027,0.025,0.0
/epuck1/cmd_vel,21.847794035,0.025,0.0
/epuck1/cmd_vel,21.861006457,0.025,0.0
/epuck1/cmd_vel,21.868335332,0.025,0.0
/epuck1/cmd_vel,21.879299265,0.025,0.0
/epuck1/cmd_vel,21.884116428,0.025,0.0
/epuck1/cmd_vel,21.89792425,0.025,0.0
/epuck1/cmd_vel,21.904454962,0.025,0.0
/epuck1/cmd_vel,21.912112317,0.025,0.0
/epuck1/cmd_vel,21.921891845,0.025,0.0
/epuck1/cmd_vel,21.929496536,0.025,0.0
/epuck1/cmd_vel,21.935362394,0.025,0.0
/epuck1/cmd_vel,21.946436153,0.025,0.0
/epuck1/cmd_vel,21.952508873,0.025,0.0
/epuck1/cmd_vel,21.964919333,0.02383245450000118,-0.0350263649999647
/epuck1/cmd_vel,21.970086761,0.02328776049999988,-0.0513671850000037
/epuck1/cmd_vel,21.980095136,0.022245261000000485,-0.08264216999998553
/epuck1/cmd_vel,21.987877707,0.02151438210000123,-0.10456853699996316
/epuck1/cmd_vel,21.996731757,0.020614017100000128,-0.13157948699999622
/epuck1/cmd_vel,22.006586536,0.019626370699999996,-0.16120887900000014
/epuck1/cmd_vel,22.014119774,0.018832584100000816,-0.18502247699997554
/epuck1/cmd_vel,22.020392759,0.018201428200001146,-0.2039571539999656
/epuck1/cmd_vel,22.030695236,0.017191846600000817,-0.23424460199997554
/epuck1/cmd_vel,22.037319785,0.01651561100000123,-0.25453166999996313
/epuck1/cmd_vel,22.045540661,0.015713949700000288,-0.27858150899999146
/epuck1/cmd_vel,22.052367873,0.015017517600000477,-0.2994744719999858
/epuck1/cmd_vel,22.059850545,0.014287328300000016,-0.3213801509999996
/epuck1/cmd_vel,22.066221264,0.013715912199999994,-0.33852263400000027
/epuck1/cmd_vel,22.077902415,0.012598403100000159,-0.37204790699999535
/epuck1/cmd_vel,22.082026844,0.012042386699999956,-0.38872839900000145
/epuck1/cmd_vel,22.094849728,0.010787140200000071,-0.426385793999998
/epuck1/cmd_vel,22.101580605,0.010087810100000642,-0.44736569699998086
/epuck1/cmd_vel,22.109011212,0.009340102500000573,-0.46979692499998293
/epuck1/cmd_vel,22.117968393,0.008452319100000242,-0.49643042699999285
/epuck1/cmd_vel,22.125520719,0.007719941199999884,-0.5184017640000036
/epuck1/cmd_vel,22.13276605,0.006974212300001174,-0.5407736309999649
/epuck1/cmd_vel,22.143261298,0.006,-0.5701433969999954
/epuck1/cmd_vel,22.14947942,0.006,-0.5906154419999723
/epuck1/cmd_vel,22.157720582,0.006,-0.614419146000003
/epuck1/cmd_vel,22.165337164,0.006,-0.635425730999998
/epuck1/cmd_vel,22.172056649,0.006378480699999529,-0.6051472750000357
/epuck1/cmd_vel,22.180550042,0.006802960449999546,-0.5711888950000343
/epuck1/cmd_vel,22.189565384,0.007230158399999936,-0.5370130590000031
/epuck1/cmd_vel,22.195680176,0.007522781799999961,-0.5136031870000011
/epuck1/cmd_vel,22.20485571,0.008027922349999755,-0.47319194300001755
/epuck1/cmd_vel,22.211194451,0.008337439399999397,-0.44843057900004624
/epuck1/cmd_vel,22.224101578,0.008993763399999948,-0.39592465900000207
/epuck1/cmd_vel,22.23237282,0.009406251199999842,-0.3629256350000105
/epuck1/cmd_vel,22.241522972,0.009855889099999387,-0.326954603000047
/epuck1/cmd_vel,22.245820284,0.010077565099999701,-0.3092205230000218
/epuck1/cmd_vel,22.255808673,0.010496318749999517,-0.2757202310000366
/epuck1/cmd_vel,22.263822388,0.010962040799999555,-0.23846246700003348
/epuck1/cmd_vel,22.272325274,0.01140195019999956,-0.2032697150000331
/epuck1/cmd_vel,22.276817456,0.011623301499999654,-0.18556161100002555
/epuck1/cmd_vel,22.289160062,0.012,-0.1356647389999921
/epuck1/cmd_vel,22.297264117,0.012,-0.10437256700004127
/epuck1/cmd_vel,22.308576616,0.012,-0.06136706300003425
/epuck1/cmd_vel,22.317064912,0.012,-0.026573243000029834
/epuck1/cmd_vel,22.322488967,0.012,-0.004515267000044787
/epuck1/cmd_vel,22.331509606,0.012,0.031208728999956747
/epuck1/cmd_vel,22.339231717,0.012,0.05441973199998529
/epuck1/cmd_vel,22.345119761,0.012,0.0718317349999893
/epuck1/cmd_vel,22.358546539,0.012,0.11329207399997188
/epuck1/cmd_vel,22.365597301,0.012,0.1329144889999725
/epuck1/cmd_vel,22.377703566,0.012,0.16840883899998005
/epuck1/cmd_vel,22.382198046,0.012,0.18493643299997586
/epuck1/cmd_vel,22.394711338,0.012,0.21997299199999532
/epuck1/cmd_vel,22.403992202,0.012,0.24517945399998098
/epuck1/cmd_vel,22.408173792,0.012,0.2617151419999857
/epuck1/cmd_vel,22.417248594,0.012,0.2885522089999881
/epuck1/cmd_vel,22.426647279,0.012,0.3158962369999756
/epuck1/cmd_vel,22.43252423,0.012,0.33531328999997356
/epuck1/cmd_vel,22.44307544,0.012,0.35
/epuck1/cmd_vel,22.450164977,0.012,0.35
/epuck1/cmd_vel,22.46319046,0.012,0.35
/epuck1/cmd_vel,22.467275077,0.012,0.35
/epuck1/cmd_vel,22.476202534,0.012,0.312349635999999
/epuck1/cmd_vel,22.489469684,0.012,0.2618356000000176
/epuck1/cmd_vel,22.496013897,0.012,0.233303920000003
/epuck1/cmd_vel,22.505440198,0.012,0.2143877649307251
/epuck1/cmd_vel,22.513011319,0.012,0.2143877649307251
/epuck1/cmd_vel,22.519239515,0.012,0.2143877649307251
/epuck1/cmd_vel,22.53147105,0.012,0.2143877649307251
/epuck1/cmd_vel,22.536445281,0.012,0.2143877649307251
/epuck1/cmd_vel,22.547743372,0.012,0.2143877649307251
/epuck1/cmd_vel,22.553218749,0.012,0.2143877649307251
/epuck1/cmd_vel,22.563609715,0.012,0.2143877649307251
/epuck1/cmd_vel,22.575845353,0.012,0.16298231293074195
/epuck1/cmd_vel,22.580838396,0.012,0.1428015969307148
/epuck1/cmd_vel,22.585549646,0.012,0.12472312893071602
/epuck1/cmd_vel,22.599571716,0.012,0.07092842893074702
/epuck1/cmd_vel,22.604303379,0.012,0.05080655293072822
/epuck1/cmd_vel,22.615636495,0.012,0.003354224930765204
/epuck1/cmd_vel,22.621787937,0.012,-0.019690067069243478
/epuck1/cmd_vel,22.632813741,0.012,-0.04369444012641909
/epuck1/cmd_vel,22.638665877,0.012,-0.04369444012641909
/epuck1/cmd_vel,22.649115584,0.012,-0.04369444012641909
/epuck1/cmd_vel,22.660011899,0.012,-0.04369444012641909
/epuck1/cmd_vel,22.667820784,0.012,-0.04369444012641909
/epuck1/cmd_vel,22.676965591,0.012,-0.06922885012642499
/epuck1/cmd_vel,22.684726043,0.012,-0.09301665412641913
/epuck1/cmd_vel,22.690467402,0.012,-0.10722234606742861
/epuck1/cmd_vel,22.700844259,0.012,-0.10722234606742861
/epuck1/cmd_vel,22.705855415,0.012,-0.10722234606742861
/epuck1/cmd_vel,22.714616557,0.012,-0.10722234606742861
/epuck1/cmd_vel,22.722787092,0.012,-0.10722234606742861
/epuck1/cmd_vel,22.733039062,0.012,-0.10722234606742861
/epuck1/cmd_vel,22.742917875,0.012,-0.10722234606742861
/epuck1/cmd_vel,22.748296184,0.012,-0.10722234606742861
/epuck1/cmd_vel,22.753963693,0.012,-0.10722234606742861
/epuck1/cmd_vel,22.767572778,0.012,-0.10722234606742861
/epuck1/cmd_vel,22.772994017,0.012,-0.10722234606742861
/epuck1/cmd_vel,22.783759341,0.012,-0.06534626606741997
/epuck1/cmd_vel,22.78946985,0.012,-0.043557546067402225
/epuck1/cmd_vel,22.797245571,0.012,-0.011532494067407723
/epuck1/cmd_vel,22.805365205,0.012,-1.895785331728142e-05
/epuck1/cmd_vel,22.814284335,0.012,-1.8957853317280726e-05
/epuck1/cmd_vel,22.827850546,0.012,-1.8957853317280726e-05
/epuck1/cmd_vel,22.834693288,0.012,-1.8957853317280726e-05
/epuck1/cmd_vel,22.840634472,0.012,-1.8957853317280726e-05
/epuck1/cmd_vel,22.852171224,0.012,-1.8957853317280726e-05
/epuck1/cmd_vel,22.859871699,0.012,-1.8957853317280726e-05
/epuck1/cmd_vel,22.869172165,0.012,-1.8957853317280726e-05
/epuck1/cmd_vel,22.87771306,0.012,-1.8957853317280726e-05
/epuck1/cmd_vel,22.889956751,0.012,0.027774521112441997
/epuck1/cmd_vel,22.896321397,0.012,0.027774521112441997
/epuck1/cmd_vel,22.906134881,0.012,0.027774521112441997
/epuck1/cmd_vel,22.917099379,0.012,0.027774521112441997
/epuck1/cmd_vel,22.922876661,0.012,0.027774521112441997
/epuck1/cmd_vel,22.928368366,0.012,0.027774521112441997
/epuck1/cmd_vel,22.938956831,0.012,0.027774521112441997
/epuck1/cmd_vel,22.945200702,0.012,0.027774521112441997
/epuck1/cmd_vel,22.955755146,0.012,0.027774521112441997
/epuck1/cmd_vel,22.961865734,0.012,0.027774521112441997
/epuck1/cmd_vel,22.970904838,0.012,0.027774521112441997
/epuck1/cmd_vel,22.980473771,0.012,0.003951516151428202
/epuck1/cmd_vel,22.988011944,0.012,0.003951516151428203
/epuck1/cmd_vel,22.999050388,0.012,0.003951516151428203
/epuck1/cmd_vel,23.008124914,0.012,0.003951516151428203
/epuck1/cmd_vel,23.012948405,0.012,0.003951516151428203
/epuck1/cmd_vel,23.025276648,0.012,0.003951516151428203
/epuck1/cmd_vel,23.030761749,0.012,0.003951516151428203
/epuck1/cmd_vel,23.037639313,0.012,0.003951516151428203
/epuck1/cmd_vel,23.046477292,0.012,0.003951516151428203
/epuck1/cmd_vel,23.055429443,0.012,0.003951516151428203
/epuck1/cmd_vel,23.060450556,0.012,0.003951516151428203
/epuck1/cmd_vel,23.072923389,0.012,0.003951516151428203
/epuck1/cmd_vel,23.081423859,0.012,0.003951516151428203
/epuck1/cmd_vel,23.09210328,0.012,-0.003989485502243063
/epuck1/cmd_vel,23.097705453,0.012,-0.003989485502243062
/epuck1/cmd_vel,23.111456379,0.012,-0.003989485502243062
/epuck1/cmd_vel,23.117927391,0.012,-0.003989485502243062
/epuck1/cmd_vel,23.129956048,0.012,-0.003989485502243062
/epuck1/cmd_vel,23.136446072,0.012,-0.003989485502243062
/epuck1/cmd_vel,23.14655624,0.012,-0.003989485502243062
/epuck1/cmd_vel,23.154547195,0.012,-0.003989485502243062
/epuck1/cmd_vel,23.163125413,0.012,-0.003989485502243062
/epuck1/cmd_vel,23.168113906,0.012,-0.003989485502243062
/epuck1/cmd_vel,23.180236222,0.012,-0.003989485502243062
/epuck1/cmd_vel,23.186472488,0.012,-1.8957853317280553e-05
/epuck1/cmd_vel,23.198002136,0.012,-1.8957853317280726e-05
/epuck1/cmd_vel,23.20608905,0.012,-1.8957853317280726e-05
/epuck1/cmd_vel,23.216461981,0.012,-1.8957853317280726e-05
/epuck1/cmd_vel,23.222283291,0.012,-1.8957853317280726e-05
/epuck1/cmd_vel,23.231409449,0.012,-1.8957853317280726e-05
/epuck1/cmd_vel,23.240294858,0.012,-1.8957853317280726e-05
/epuck1/cmd_vel,23.248714878,0.012,-1.8957853317280726e-05
/epuck1/cmd_vel,23.2556862,0.012,-1.8957853317280726e-05
/epuck1/cmd_vel,23.266974899,0.012,-1.8957853317280726e-05
/epuck1/cmd_vel,23.27188054,0.012,-1.8957853317280726e-05
/epuck1/cmd_vel,23.283174242,0.012,-1.8957853317280726e-05
/epuck1/cmd_vel,23.289958448,0.012,-1.8957853317280726e-05
/epuck1/cmd_vel,23.297262677,0.012,-1.8957853317280726e-05
/epuck1/cmd_vel,23.304601627,0.012,-1.8957853317280726e-05
/epuck1/cmd_vel,23.315388815,0.012,-1.8957853317280726e-05
/epuck1/cmd_vel,23.321048924,0.012,-1.8957853317280726e-05
/epuck1/cmd_vel,23.332357435,0.012,-1.8957853317280726e-05
/epuck1/cmd_vel,23.338976439,0.012,-1.8957853317280726e-05
/epuck1/cmd_vel,23.35083339,0.012,-1.8957853317280726e-05
/epuck1/cmd_vel,23.356879739,0.012,-1.8957853317280726e-05
/epuck1/cmd_vel,23.370758944,0.012,-1.8957853317280726e-05
/epuck1/cmd_vel,23.375339884,0.012,-1.8957853317280726e-05
/epuck1/cmd_vel,23.385212605,0.012,-1.8957853317280726e-05
/epuck1/cmd_vel,23.394690982,0.012,-1.8957853317280726e-05
/epuck1/cmd_vel,23.403893487,0.012,-1.8957853317280726e-05
/epuck1/cmd_vel,23.413023648,0.012,-1.8957853317280726e-05
/epuck1/cmd_vel,23.420321372,0.012,-1.8957853317280726e-05
/epuck1/cmd_vel,23.427100876,0.012,-1.8957853317280726e-05
/epuck1/cmd_vel,23.441039918,0.012,-1.8957853317280726e-05
/epuck1/cmd_vel,23.447780197,0.012,-1.8957853317280726e-05
/epuck1/cmd_vel,23.456476088,0.012,-1.8957853317280726e-05
/epuck1/cmd_vel,23.46241567,0.012,-1.8957853317280726e-05
/epuck1/cmd_vel,23.469596923,0.012,-1.8957853317280726e-05
/epuck1/cmd_vel,23.477807613,0.012,-1.8957853317280726e-05
/epuck1/cmd_vel,23.485314267,0.012,-1.8957853317280726e-05
/epuck1/cmd_vel,23.490704309,0.012,-1.8957853317280726e-05
/epuck1/cmd_vel,23.504639749,0.012,-1.8957853317280726e-05
/epuck1/cmd_vel,23.511224431,0.012,-1.8957853317280726e-05
/epuck1/cmd_vel,23.522380448,0.012,-1.8957853317280726e-05
/epuck1/cmd_vel,23.526730745,0.012,-1.8957853317280726e-05
/epuck1/cmd_vel,23.536104357,0.012,-1.8957853317280726e-05
/epuck1/cmd_vel,23.544698885,0.012,-1.8957853317280726e-05
/epuck1/cmd_vel,23.554280526,0.012,-1.8957853317280726e-05
/epuck1/cmd_vel,23.559038476,0.012,-1.8957853317280726e-05
/epuck1/cmd_vel,23.570221609,0.012,-1.8957853317280726e-05
/epuck1/cmd_vel,23.575096632,0.012,-1.8957853317280726e-05
/epuck1/cmd_vel,23.587382849,0.012,-1.8957853317280726e-05
/epuck1/cmd_vel,23.593041857,0.012,-1.8957853317280726e-05
/epuck1/cmd_vel,23.601351309,0.012,-1.8957853317280726e-05
/epuck1/cmd_vel,23.610282046,0.012,-1.8957853317280726e-05
/epuck1/cmd_vel,23.618656038,0.012,-1.8957853317280726e-05
/epuck1/cmd_vel,23.623851959,0.012,-1.8957853317280726e-05
/epuck1/cmd_vel,23.636593459,0.012,-1.8957853317280726e-05
/epuck1/cmd_vel,23.641591258,0.012,-1.8957853317280726e-05
/epuck1/cmd_vel,23.653049762,0.012,-1.8957853317280726e-05
/epuck1/cmd_vel,23.65901506,0.012,-1.8957853317280726e-05
/epuck1/cmd_vel,23.666471183,0.012,-1.8957853317280726e-05
/epuck1/cmd_vel,23.675765145,0.012,-1.8957853317280726e-05
/epuck1/cmd_vel,23.683901289,0.012,-1.8957853317280726e-05
/epuck1/cmd_vel,23.689405302,0.012,-1.8957853317280726e-05
/epuck1/cmd_vel,23.700702206,0.012,-1.8957853317280726e-05
/epuck1/cmd_vel,23.708166934,0.012,-1.8957853317280726e-05
/epuck1/cmd_vel,23.718734486,0.012,-1.8957853317280726e-05
/epuck1/cmd_vel,23.723326533,0.012,-1.8957853317280726e-05
/epuck1/cmd_vel,23.733084082,0.012,-1.8957853317280726e-05
/epuck1/cmd_vel,23.738559277,0.012,-1.8957853317280726e-05
/epuck1/cmd_vel,23.747251666,0.012,-1.8957853317280726e-05
/epuck1/cmd_vel,23.753535562,0.012,-1.8957853317280726e-05
/epuck1/cmd_vel,23.762844834,0.012,-1.8957853317280726e-05
/epuck1/cmd_vel,23.76808108,0.012,-1.8957853317280726e-05
/epuck1/cmd_vel,23.776706928,0.012,-1.8957853317280726e-05
/epuck1/cmd_vel,23.785402119,0.012,-1.8957853317280726e-05
/epuck1/cmd_vel,23.794264486,0.012,-1.8957853317280726e-05
/epuck1/cmd_vel,23.802088926,0.012,-1.8957853317280726e-05
/epuck1/cmd_vel,23.81504131,0.012,0.003951516151428203
/epuck1/cmd_vel,23.823945249,0.012,0.003951516151428203
/epuck1/cmd_vel,23.831929878,0.012,0.003951516151428203
/epuck1/cmd_vel,23.837529183,0.012,0.003951516151428203
/epuck1/cmd_vel,23.849177244,0.012,0.003951516151428203
/epuck1/cmd_vel,23.854967156,0.012,0.003951516151428203
/epuck1/cmd_vel,23.867845399,0.012,0.003951516151428203
/epuck1/cmd_vel,23.874190419,0.012,0.003951516151428203
/epuck1/cmd_vel,23.886883959,0.012,0.003951516151428203
/epuck1/cmd_vel,23.893666621,0.012,0.003951516151428203
/epuck1/cmd_vel,23.904724155,0.012,0.003951516151428203
/epuck1/cmd_vel,23.912416522,0.012,-1.8957853317280553e-05
/epuck1/cmd_vel,23.919554881,0.012,-1.8957853317280726e-05
/epuck1/cmd_vel,23.929353116,0.012,-1.8957853317280726e-05
/epuck1/cmd_vel,23.9377973,0.012,-1.8957853317280726e-05
/epuck1/cmd_vel,23.947955734,0.012,-1.8957853317280726e-05
/epuck1/cmd_vel,23.955481509,0.012,-1.8957853317280726e-05
/epuck1/cmd_vel,23.961438713,0.012,-1.8957853317280726e-05
/epuck1/cmd_vel,23.973072666,0.012,-1.8957853317280726e-05
/epuck1/cmd_vel,23.978672172,0.012,-1.8957853317280726e-05
/epuck1/cmd_vel,23.989200612,0.012,-1.8957853317280726e-05
/epuck1/cmd_vel,23.994130646,0.012,-1.8957853317280726e-05
/epuck1/cmd_vel,24.003471527,0.012,-1.8957853317280726e-05
/epuck1/cmd_vel,24.011134778,0.012,-0.003989485502243062
/epuck1/cmd_vel,24.018792125,0.012,-0.003989485502243062
/epuck1/cmd_vel,24.024138791,0.012,-0.003989485502243062
/epuck1/cmd_vel,24.034382673,0.012,-0.003989485502243062
/epuck1/cmd_vel,24.040063524,0.012,-0.003989485502243062
/epuck1/cmd_vel,24.046823173,0.012,-0.003989485502243062
/epuck1/cmd_vel,24.055319186,0.012,-0.003989485502243062
/epuck1/cmd_vel,24.06374576,0.012,-0.003989485502243062
/epuck1/cmd_vel,24.068497095,0.012,-0.003989485502243062
/epuck1/cmd_vel,24.080226601,0.012,-0.003989485502243062
/epuck1/cmd_vel,24.086351099,0.012,-0.003989485502243062
/epuck1/cmd_vel,24.101090474,0.012,-0.003989485502243062
/epuck1/cmd_vel,24.111054201,0.012,0.003951516151428204
/epuck1/cmd_vel,24.124129653,0.012,0.003951516151428203
/epuck1/cmd_vel,24.129721155,0.012,0.003951516151428203
/epuck1/cmd_vel,24.141221034,0.012,0.003951516151428203
/epuck1/cmd_vel,24.147602473,0.012,0.003951516151428203
/epuck1/cmd_vel,24.155175374,0.012,0.003951516151428203
/epuck1/cmd_vel,24.163821269,0.012,0.003951516151428203
/epuck1/cmd_vel,24.171521941,0.012,0.003951516151428203
/epuck1/cmd_vel,24.177356477,0.012,0.003951516151428203
/epuck1/cmd_vel,24.186565585,0.012,0.003951516151428203
/epuck1/cmd_vel,24.192998853,0.012,0.003951516151428203
/epuck1/cmd_vel,24.204537153,0.012,0.003951516151428203
/epuck1/cmd_vel,24.211837203,0.012,0.003951516151428203
/epuck1/cmd_vel,24.221523375,0.012,-0.003989485502243063
/epuck1/cmd_vel,24.229001223,0.012,-0.003989485502243062
/epuck1/cmd_vel,24.239277723,0.012,-0.003989485502243062
/epuck1/cmd_vel,24.248410289,0.012,-0.003989485502243062
/epuck1/cmd_vel,24.256514184,0.012,-0.003989485502243062
/epuck1/cmd_vel,24.264630986,0.012,-0.003989485502243062
/epuck1/cmd_vel,24.275903939,0.012,-0.003989485502243062
/epuck1/cmd_vel,24.282363922,0.012,-0.003989485502243062
/epuck1/cmd_vel,24.293099176,0.012,-0.003989485502243062
/epuck1/cmd_vel,24.29846095,0.012,-0.003989485502243062
/epuck1/cmd_vel,24.306162923,0.012,-0.003989485502243062
/epuck1/cmd_vel,24.316315254,0.012,-1.8957853317280553e-05
/epuck1/cmd_vel,24.323919272,0.012,-1.8957853317280726e-05
/epuck1/cmd_vel,24.333684688,0.012,-1.8957853317280726e-05
/epuck1/cmd_vel,24.346014727,0.012,-1.8957853317280726e-05
/epuck1/cmd_vel,24.355252651,0.012,-1.8957853317280726e-05
/epuck1/cmd_vel,24.36293071,0.012,-1.8957853317280726e-05
/epuck1/cmd_vel,24.368747437,0.012,-1.8957853317280726e-05
/epuck1/cmd_vel,24.38258181,0.012,-1.8957853317280726e-05
/epuck1/cmd_vel,24.389375779,0.012,-1.8957853317280726e-05
/epuck1/cmd_vel,24.401365929,0.012,-1.8957853317280726e-05
/epuck1/cmd_vel,24.409255605,0.012,-1.8957853317280726e-05
/epuck1/cmd_vel,24.41654825,0.012,-1.8957853317280726e-05
/epuck1/cmd_vel,24.424279739,0.012,-1.8957853317280726e-05
/epuck1/cmd_vel,24.434192938,0.012,-1.8957853317280726e-05
/epuck1/cmd_vel,24.437662462,0.012,-1.8957853317280726e-05
/epuck1/cmd_vel,24.449159739,0.012,-1.8957853317280726e-05
/epuck1/cmd_vel,24.454567739,0.012,-1.8957853317280726e-05
/epuck1/cmd_vel,24.465704816,0.012,-1.8957853317280726e-05
/epuck1/cmd_vel,24.471557263,0.012,-1.8957853317280726e-05
/epuck1/cmd_vel,24.480847716,0.012,-1.8957853317280726e-05
/epuck1/cmd_vel,24.488270833,0.012,-1.8957853317280726e-05
/epuck1/cmd_vel,24.498044054,0.012,-1.8957853317280726e-05
/epuck1/cmd_vel,24.504757578,0.012,-1.8957853317280726e-05
/epuck1/cmd_vel,24.519662845,0.012,-1.8957853317280726e-05
/epuck1/cmd_vel,24.524212069,0.012,-1.8957853317280726e-05
/epuck1/cmd_vel,24.534486068,0.012,-1.8957853317280726e-05
/epuck1/cmd_vel,24.54145013,0.012,-1.8957853317280726e-05
/epuck1/cmd_vel,24.553545339,0.012,-1.8957853317280726e-05
/epuck1/cmd_vel,24.560178518,0.012,-1.8957853317280726e-05
/epuck1/cmd_vel,24.568677333,0.012,-1.8957853317280726e-05
/epuck1/cmd_vel,24.577716346,0.012,-1.8957853317280726e-05
/epuck1/cmd_vel,24.586478907,0.012,-1.8957853317280726e-05
/epuck1/cmd_vel,24.591232844,0.012,-1.8957853317280726e-05
/epuck1/cmd_vel,24.601233652,0.012,-1.8957853317280726e-05
/epuck1/cmd_vel,24.607361005,0.012,-1.8957853317280726e-05
/epuck1/cmd_vel,24.618152077,0.012,-1.8957853317280726e-05
/epuck1/cmd_vel,24.622230823,0.012,-1.8957853317280726e-05
/epuck1/cmd_vel,24.630506508,0.012,-1.8957853317280726e-05
/epuck1/cmd_vel,24.635717268,0.012,-1.8957853317280726e-05
/epuck1/cmd_vel,24.646357406,0.012,-1.8957853317280726e-05
/epuck1/cmd_vel,24.650382046,0.012,-1.8957853317280726e-05
/epuck1/cmd_vel,24.660730895,0.012,-1.8957853317280726e-05
/epuck1/cmd_vel,24.665379042,0.012,-1.8957853317280726e-05
/epuck1/cmd_vel,24.673476639,0.012,-1.8957853317280726e-05
/epuck1/cmd_vel,24.684957602,0.012,-1.8957853317280726e-05
/epuck1/cmd_vel,24.69290626,0.012,-1.8957853317280726e-05
/epuck1/cmd_vel,24.69656055,0.012,-1.8957853317280726e-05
/epuck1/cmd_vel,24.707830782,0.012,-1.8957853317280726e-05
/epuck1/cmd_vel,24.714353642,0.012,-1.8957853317280726e-05
/epuck1/cmd_vel,24.725123252,0.012,-1.8957853317280726e-05
/epuck1/cmd_vel,24.732232882,0.012,-1.8957853317280726e-05
/epuck1/cmd_vel,24.742099176,0.012,-1.8957853317280726e-05
/epuck1/cmd_vel,24.748854627,0.012,-1.8957853317280726e-05
/epuck1/cmd_vel,24.757168046,0.012,-1.8957853317280726e-05
/epuck1/cmd_vel,24.763352698,0.012,-1.8957853317280726e-05
/epuck1/cmd_vel,24.7755526,0.012,-1.8957853317280726e-05
/epuck1/cmd_vel,24.780964907,0.012,-1.8957853317280726e-05
/epuck1/cmd_vel,24.793399753,0.012,-1.8957853317280726e-05
/epuck1/cmd_vel,24.799025639,0.012,-1.8957853317280726e-05
/epuck1/cmd_vel,24.808756273,0.012,-1.8957853317280726e-05
/epuck1/cmd_vel,24.816031066,0.012,-1.8957853317280726e-05
/epuck1/cmd_vel,24.824772995,0.012,-1.8957853317280726e-05
/epuck1/cmd_vel,24.828533567,0.012,-1.8957853317280726e-05
/epuck1/cmd_vel,24.840869771,0.012,-1.8957853317280726e-05
/epuck1/cmd_vel,24.84438449,0.012,-1.8957853317280726e-05
/epuck1/cmd_vel,24.856026254,0.012,-1.8957853317280726e-05
/epuck1/cmd_vel,24.861722512,0.012,-1.8957853317280726e-05
/epuck1/cmd_vel,24.869408159,0.012,-1.8957853317280726e-05
/epuck1/cmd_vel,24.878719355,0.012,-1.8957853317280726e-05
/epuck1/cmd_vel,24.88989796,0.012,-1.8957853317280726e-05
/epuck1/cmd_vel,24.894617192,0.012,-1.8957853317280726e-05
/epuck1/cmd_vel,24.905091875,0.012,-1.8957853317280726e-05
/epuck1/cmd_vel,24.909946462,0.012,-1.8957853317280726e-05
/epuck1/cmd_vel,24.920468459,0.012,-1.8957853317280726e-05
/epuck1/cmd_vel,24.926358166,0.012,-1.8957853317280726e-05
/epuck1/cmd_vel,24.934521945,0.012,-1.8957853317280726e-05
/epuck1/cmd_vel,24.945453698,0.012,-1.8957853317280726e-05
/epuck1/cmd_vel,24.951476763,0.012,-1.8957853317280726e-05
/epuck1/cmd_vel,24.957464492,0.012,-1.8957853317280726e-05
/epuck1/cmd_vel,24.96722038,0.012,-1.8957853317280726e-05
/epuck1/cmd_vel,24.973160396,0.012,-1.8957853317280726e-05
/epuck1/cmd_vel,24.985179076,0.012,-1.8957853317280726e-05
/epuck1/cmd_vel,24.990343101,0.012,-1.8957853317280726e-05
/epuck1/cmd_vel,24.998191851,0.012,-1.8957853317280726e-05
/epuck1/cmd_vel,25.006883272,0.012,-1.8957853317280726e-05
/epuck1/cmd_vel,25.015815056,0.012,-1.8957853317280726e-05
/epuck1/cmd_vel,25.021019408,0.012,-1.8957853317280726e-05
/epuck1/cmd_vel,25.032014546,0.012,-1.8957853317280726e-05
/epuck1/cmd_vel,25.041286213,0.012,-1.8957853317280726e-05
/epuck1/cmd_vel,25.048993521,0.012,-1.8957853317280726e-05
/epuck1/cmd_vel,25.054556721,0.012,-1.8957853317280726e-05
/epuck1/cmd_vel,25.061919553,0.012,-1.8957853317280726e-05
/epuck1/cmd_vel,25.07145035,0.012,-1.8957853317280726e-05
/epuck1/cmd_vel,25.078869281,0.012,-1.8957853317280726e-05
/epuck1/cmd_vel,25.085883946,0.012,-1.8957853317280726e-05
/epuck1/cmd_vel,25.096300834,0.012,-1.8957853317280726e-05
/epuck1/cmd_vel,25.10161299,0.012,-1.8957853317280726e-05
/epuck1/cmd_vel,25.116224263,0.012,-1.8957853317280726e-05
/epuck1/cmd_vel,25.120295472,0.012,-1.8957853317280726e-05
/epuck1/cmd_vel,25.129376984,0.012,-1.8957853317280726e-05
/epuck1/cmd_vel,25.139072781,0.012,-1.8957853317280726e-05
/epuck1/cmd_vel,25.146790769,0.012,-1.8957853317280726e-05
/epuck1/cmd_vel,25.152600921,0.012,-1.8957853317280726e-05
/epuck1/cmd_vel,25.163651259,0.012,-1.8957853317280726e-05
/epuck1/cmd_vel,25.168886055,0.012,-1.8957853317280726e-05
/epuck1/cmd_vel,25.179259222,0.012,-1.8957853317280726e-05
/epuck1/cmd_vel,25.184920345,0.012,-1.8957853317280726e-05
/epuck1/cmd_vel,25.192732462,0.012,-1.8957853317280726e-05
/epuck1/cmd_vel,25.200529307,0.012,-1.8957853317280726e-05
/epuck1/cmd_vel,25.208939737,0.012,-1.8957853317280726e-05
/epuck1/cmd_vel,25.214962603,0.012,-1.8957853317280726e-05
/epuck1/cmd_vel,25.227312981,0.012,-1.8957853317280726e-05
/epuck1/cmd_vel,25.231694127,0.012,-1.8957853317280726e-05
/epuck1/cmd_vel,25.244016954,0.012,-1.8957853317280726e-05
/epuck1/cmd_vel,25.250035328,0.012,-1.8957853317280726e-05
/epuck1/cmd_vel,25.257329785,0.012,-1.8957853317280726e-05
/epuck1/cmd_vel,25.265288336,0.012,-1.8957853317280726e-05
/epuck1/cmd_vel,25.272458718,0.012,-1.8957853317280726e-05
/epuck1/cmd_vel,25.280812951,0.012,-1.8957853317280726e-05
/epuck1/cmd_vel,25.290296534,0.012,-1.8957853317280726e-05
/epuck1/cmd_vel,25.296603284,0.012,-1.8957853317280726e-05
/epuck1/cmd_vel,25.307604012,0.012,-1.8957853317280726e-05
/epuck1/cmd_vel,25.312133988,0.012,-1.8957853317280726e-05
/epuck1/cmd_vel,25.32506002,0.012,-1.8957853317280726e-05
/epuck1/cmd_vel,25.331253775,0.012,-1.8957853317280726e-05
/epuck1/cmd_vel,25.34124304,0.012,-1.8957853317280726e-05
/epuck1/cmd_vel,25.35032555,0.012,-1.8957853317280726e-05
/epuck1/cmd_vel,25.358667007,0.012,-1.8957853317280726e-05
/epuck1/cmd_vel,25.368863994,0.012,-1.8957853317280726e-05
/epuck1/cmd_vel,25.378959765,0.012,-1.8957853317280726e-05
/epuck1/cmd_vel,25.384779,0.012,-1.8957853317280726e-05
/epuck1/cmd_vel,25.397021274,0.012,-1.8957853317280726e-05
/epuck1/cmd_vel,25.406274175,0.012,-1.8957853317280726e-05
/epuck1/cmd_vel,25.418044307,0.012,-1.8957853317280726e-05
/epuck1/cmd_vel,25.422666515,0.012,-1.8957853317280726e-05
/epuck1/cmd_vel,25.433446544,0.012,-1.8957853317280726e-05
/epuck1/cmd_vel,25.439476796,0.012,-1.8957853317280726e-05
/epuck1/cmd_vel,25.445855415,0.012,0.03126225014673535
/epuck1/cmd_vel,25.455597029,0.012,0.06039905114672818
/epuck1/cmd_vel,25.465491167,0.012,0.08636610914672017
/epuck1/cmd_vel,25.470259709,0.012,0.10073971214673007
/epuck1/cmd_vel,25.482104505,0.012,0.1391407951466982
/epuck1/cmd_vel,25.486819645,0.012,0.15298885514669902
/epuck1/cmd_vel,25.494889294,0.012,0.17561427914669647
/epuck1/cmd_vel,25.503261295,0.012,0.20232758114670102
/epuck1/cmd_vel,25.511273049,0.012,0.22559204414671907
/epuck1/cmd_vel,25.51611995,0.012,0.2411230471466973
/epuck1/cmd_vel,25.527714699,0.012,0.2753877391467051
/epuck1/cmd_vel,25.532805756,0.012,0.290684268146702
/epuck1/cmd_vel,25.544544844,0.012,0.3
/epuck1/cmd_vel,25.551036758,0.012,0.3
/epuck1/cmd_vel,25.559166199,0.012,0.3
/epuck1/cmd_vel,25.567743826,0.012,0.3
/epuck1/cmd_vel,25.575833639,0.012,0.3
/epuck1/cmd_vel,25.580615258,0.012,0.3
/epuck1/cmd_vel,25.593119756,0.012,0.3
/epuck1/cmd_vel,25.600232044,0.012,0.3
/epuck1/cmd_vel,25.612966025,0.012,0.3
/epuck1/cmd_vel,25.621395322,0.012,0.3
/epuck1/cmd_vel,25.634482462,0.012,0.3
/epuck1/cmd_vel,25.640444538,0.012,0.27725369600004796
/epuck1/cmd_vel,25.651015446,0.012,0.25411169528961175
/epuck1/cmd_vel,25.65721539,0.012,0.25411169528961175
/epuck1/cmd_vel,25.664525319,0.012,0.25411169528961175
/epuck1/cmd_vel,25.672464705,0.012,0.25411169528961175
/epuck1/cmd_vel,25.682473933,0.012,0.25411169528961175
/epuck1/cmd_vel,25.685635293,0.012,0.25411169528961175
/epuck1/cmd_vel,25.698030091,0.012,0.25411169528961175
/epuck1/cmd_vel,25.704686406,0.012,0.25411169528961175
/epuck1/cmd_vel,25.715839058,0.012,0.25411169528961175
/epuck1/cmd_vel,25.72143979,0.012,0.25411169528961175
/epuck1/cmd_vel,25.729362506,0.012,0.25411169528961175
/epuck1/cmd_vel,25.737058135,0.012,0.25411169528961175
/epuck1/cmd_vel,25.746555692,0.012,0.2158080352896149
/epuck1/cmd_vel,25.748654981,0.012098296550000043,0.20794431128961144
/epuck1/cmd_vel,25.75994149,0.012667872500000045,0.16237823528961137
/epuck1/cmd_vel,25.765665398,0.012934383599999934,0.14105734728962027
/epuck1/cmd_vel,25.772883893,0.013317148700000106,0.1104361392896066
/epuck1/cmd_vel,25.780686527,0.013694144249999854,0.08027649528962677
/epuck1/cmd_vel,25.78984489,0.014157583449999836,0.044116612523794174
/epuck1/cmd_vel,25.793222962,0.014333289300000275,0.044116612523794174
/epuck1/cmd_vel,25.805101911,0.014908926050000106,0.044116612523794174
/epuck1/cmd_vel,25.814859533,0.015412338049999875,0.044116612523794174
/epuck1/cmd_vel,25.82628553,0.01598567909999983,0.044116612523794174
/epuck1/cmd_vel,25.832212926,0.016282867399999904,0.044116612523794174
/epuck1/cmd_vel,25.844497914,0.016840931999999757,0.044116612523794174
/epuck1/cmd_vel,25.850663864,0.017165673700000186,0.018137276523759738
/epuck1/cmd_vel,25.85682652,0.017444825800000077,-0.004194891476231533
/epuck1/cmd_vel,25.865253735,0.01793644989999973,-0.03369233747621081
/epuck1/cmd_vel,25.874711518,0.018297628349999942,-0.039704952389001846
/epuck1/cmd_vel,25.878326147,0.01858298379999991,-0.039704952389001846
/epuck1/cmd_vel,25.889465681,0.019140773950000325,-0.039704952389001846
/epuck1/cmd_vel,25.895266116,0.019430945450000337,-0.039704952389001846
/epuck1/cmd_vel,25.909107488,0.020074060749999744,-0.039704952389001846
/epuck1/cmd_vel,25.91387366,0.02032519530000013,-0.039704952389001846
/epuck1/cmd_vel,25.923522386,0.020845031549999758,-0.039704952389001846
/epuck1/cmd_vel,25.932085146,0.021249069749999704,-0.039704952389001846
/epuck1/cmd_vel,25.939701679,0.021629127800000245,-0.039704952389001846
/epuck1/cmd_vel,25.94533343,0.02194076905000014,-0.039704952389001846
/epuck1/cmd_vel,25.957587775,0.022532899849999916,-0.026469968259334564
/epuck1/cmd_vel,25.962555969,0.022800598400000177,-0.026469968259334564
/epuck1/cmd_vel,25.973890138,0.023341709799999926,-0.026469968259334564
/epuck1/cmd_vel,25.979662425,0.023620302949999932,-0.026469968259334564
/epuck1/cmd_vel,25.987615627,0.02402744030000033,-0.026469968259334564
/epuck1/cmd_vel,25.996536816,0.02449399634999974,-0.026469968259334564
/epuck1/cmd_vel,26.003924378,0.02485958154999988,-0.026469968259334564
/epuck1/cmd_vel,26.009802667,0.025,-0.026469968259334564
/epuck1/cmd_vel,26.020805257,0.025,-0.026469968259334564
/epuck1/cmd_vel,26.026321524,0.025,-0.026469968259334564
/epuck1/cmd_vel,26.037225299,0.025,-0.026469968259334564
/epuck1/cmd_vel,26.043034816,0.025,-0.026469968259334564
/epuck1/cmd_vel,26.051221481,0.025,-0.00882332306355238
/epuck1/cmd_vel,26.059367622,0.025,-0.00882332306355238
/epuck1/cmd_vel,26.068776098,0.025,-0.00882332306355238
/epuck1/cmd_vel,26.076194701,0.025,-0.00882332306355238
/epuck1/cmd_vel,26.085350651,0.025,-0.00882332306355238
/epuck1/cmd_vel,26.090077995,0.025,-0.00882332306355238
/epuck1/cmd_vel,26.102441237,0.025,-0.00882332306355238
/epuck1/cmd_vel,26.107140833,0.025,-0.00882332306355238
/epuck1/cmd_vel,26.11535305,0.025,-0.00882332306355238
/epuck1/cmd_vel,26.124564595,0.025,-0.00882332306355238
/epuck1/cmd_vel,26.132749264,0.025,-0.00882332306355238
/epuck1/cmd_vel,26.13998511,0.025,-0.00882332306355238
/epuck1/cmd_vel,26.149341883,0.025,-0.002205830765888095
/epuck1/cmd_vel,26.154673396,0.025,-0.002205830765888095
/epuck1/cmd_vel,26.16207004,0.025,-0.002205830765888095
/epuck1/cmd_vel,26.170360012,0.025,-0.002205830765888095
/epuck1/cmd_vel,26.18046638,0.025,-0.002205830765888095
/epuck1/cmd_vel,26.188934518,0.025,-0.002205830765888095
/epuck1/cmd_vel,26.19713346,0.025,-0.002205830765888095
/epuck1/cmd_vel,26.203044188,0.025,-0.002205830765888095
/epuck1/cmd_vel,26.21480366,0.025,-0.002205830765888095
/epuck1/cmd_vel,26.221142586,0.025,-0.002205830765888095
/epuck1/cmd_vel,26.232121121,0.025,-0.002205830765888095
/epuck1/cmd_vel,26.238246447,0.025,-0.002205830765888095
/epuck1/cmd_vel,26.245662456,0.025,-0.002205830765888095
/epuck1/cmd_vel,26.256506043,0.0,0.0
/epuck1/cmd_vel,26.263808065,0.0,0.0
/epuck1/cmd_vel,26.270509313,0.0,0.0
/epuck1/cmd_vel,26.280249168,0.0,0.0
/epuck1/cmd_vel,26.28486612,0.0,0.0
/epuck1/cmd_vel,26.296232528,0.0,0.0
/epuck1/cmd_vel,26.30123895,0.0,0.0
/epuck1/cmd_vel,26.308866961,0.0,0.0
/epuck1/cmd_vel,26.31833263,0.0,0.0
/epuck1/cmd_vel,26.324126577,0.0,0.0
/epuck1/cmd_vel,26.331086839,0.0,0.0
/epuck1/cmd_vel,26.339282687,0.0,0.0
/epuck1/cmd_vel,26.345012953,0.0,0.0
/epuck1/cmd_vel,26.352662025,0.0,0.0
/epuck1/cmd_vel,26.363735981,0.0,0.0
/epuck1/cmd_vel,26.37008399,0.0,0.0
/epuck1/cmd_vel,26.375254006,0.0,0.0
/epuck1/cmd_vel,26.388594317,0.0,0.0
/epuck1/cmd_vel,26.391061196,0.0,0.0
/epuck1/cmd_vel,26.401027327,0.0,0.0
/epuck1/cmd_vel,26.404934608,0.0,0.0
/epuck1/cmd_vel,26.413004891,0.0,0.0
/epuck1/cmd_vel,26.422606106,0.0,0.0
/epuck1/cmd_vel,26.431285548,0.0,0.0
/epuck1/cmd_vel,26.436595002,0.0,0.0
/epuck1/cmd_vel,26.447823868,0.0,0.0
/epuck1/cmd_vel,26.453376168,0.0,0.0
/epuck1/cmd_vel,26.466904626,0.0,0.0
/epuck1/cmd_vel,26.472708255,0.0,0.0
/epuck1/cmd_vel,26.481441196,0.0,0.0
/epuck1/cmd_vel,26.489853139,0.0,0.0
/epuck1/cmd_vel,26.497825006,0.0,0.0
/epuck1/cmd_vel,26.503124479,0.0,0.0
/epuck1/cmd_vel,26.514679535,0.0,0.0
/epuck1/cmd_vel,26.521021156,0.0,0.0
/epuck1/cmd_vel,26.531674001,0.0,0.0
/epuck1/cmd_vel,26.536241146,0.0,0.0
/epuck1/cmd_vel,26.544138652,0.0,0.0
/epuck1/cmd_vel,26.552155136,0.0,0.0
/epuck1/cmd_vel,26.560943274,0.0,0.0
/epuck1/cmd_vel,26.567537322,0.0,0.0
/epuck1/cmd_vel,26.579130705,0.0,0.0
/epuck1/cmd_vel,26.58525683,0.0,0.0
/epuck1/cmd_vel,26.59897673,0.0,0.0
/epuck1/cmd_vel,26.605337515,0.0,0.0
/epuck1/cmd_vel,26.617171148,0.0,0.0
/epuck1/cmd_vel,26.622621638,0.0,0.0
/epuck1/cmd_vel,26.629142324,0.0,0.0
/epuck1/cmd_vel,26.637372108,0.0,0.0
/epuck1/cmd_vel,26.648105003,0.0,0.0
/epuck1/cmd_vel,26.650485444,0.0,0.0
/epuck1/cmd_vel,26.661233111,0.0,0.0
/epuck1/cmd_vel,26.667691913,0.0,0.0
/epuck1/cmd_vel,26.674799599,0.0,0.0
/epuck1/cmd_vel,26.684243608,0.0,0.0
/epuck1/cmd_vel,26.692871447,0.0,0.0
/epuck1/cmd_vel,26.701553783,0.0,0.0
/epuck1/cmd_vel,26.711685405,0.0,0.0
/epuck1/cmd_vel,26.717164841,0.0,0.0
/epuck1/cmd_vel,26.731435808,0.0,0.0
/epuck1/cmd_vel,26.736536254,0.0,0.0
/epuck1/cmd_vel,26.750018799,0.0,0.0
/epuck1/cmd_vel,26.753867988,0.0,0.0
/epuck1/cmd_vel,26.765951953,0.0,0.0
/epuck1/cmd_vel,26.772336094,0.0,0.0
/epuck1/cmd_vel,26.78141918,0.0,0.0
/epuck1/cmd_vel,26.790103599,0.0,0.0
/epuck1/cmd_vel,26.797519806,0.0,0.0
/epuck1/cmd_vel,26.808991397,0.0,0.0
/epuck1/cmd_vel,26.819337258,0.0,0.0
/epuck1/cmd_vel,26.823134939,0.0,0.0
/epuck1/cmd_vel,26.835221145,0.0,0.0
/epuck1/cmd_vel,26.841817832,0.0,0.0
/epuck1/cmd_vel,26.853367073,0.0,0.0
/epuck1/cmd_vel,26.860657522,0.0,0.0
/epuck1/cmd_vel,26.871844761,0.0,0.0
/epuck1/cmd_vel,26.877606058,0.0,0.0
/epuck1/cmd_vel,26.886739754,0.0,0.0
/epuck1/cmd_vel,26.895621537,0.0,0.0
/epuck1/cmd_vel,26.904231942,0.0,0.0
/epuck1/cmd_vel,26.912073629,0.0,0.0
/epuck1/cmd_vel,26.923774877,0.0,0.0
/epuck1/cmd_vel,26.928286382,0.0,0.0
/epuck1/cmd_vel,26.940209104,0.0,0.0
/epuck1/cmd_vel,26.945315063,0.0,0.0
/epuck1/cmd_vel,26.957976761,0.0,0.0
/epuck1/cmd_vel,26.963096394,0.0,0.0
/epuck1/cmd_vel,26.971924979,0.0,0.0
/epuck1/cmd_vel,26.97960887,0.0,0.0
/epuck1/cmd_vel,26.987245751,0.0,0.0
/epuck1/cmd_vel,26.993671766,0.0,0.0
/epuck1/cmd_vel,27.006411713,0.0,0.0
/epuck1/cmd_vel,27.009271501,0.0,0.0
/epuck1/cmd_vel,27.019568057,0.0,0.0
/epuck1/cmd_vel,27.026708795,0.0,0.0
/epuck1/cmd_vel,27.033785157,0.0,0.0
/epuck1/cmd_vel,27.043080742,0.0,0.0
/epuck1/cmd_vel,27.052739327,0.0,0.0
/epuck1/cmd_vel,27.055170242,0.0,0.0
/epuck1/cmd_vel,27.067989136,0.0,0.0
/epuck1/cmd_vel,27.074812985,0.0,0.0
/epuck1/cmd_vel,27.085834543,0.0,0.0
/epuck1/cmd_vel,27.091652929,0.0,0.0
/epuck1/cmd_vel,27.099478447,0.0,0.0
/epuck1/cmd_vel,27.108562041,0.0,0.0
/epuck1/cmd_vel,27.118453577,0.0,0.0
/epuck1/cmd_vel,27.129995532,0.0,0.0
/epuck1/cmd_vel,27.139923598,0.0,0.0
/epuck1/cmd_vel,27.145530292,0.0,0.0
/epuck1/cmd_vel,27.158933561,0.0,0.0
/epuck1/cmd_vel,27.164258199,0.0,0.0
/epuck1/cmd_vel,27.176627759,0.0,0.0
/epuck1/cmd_vel,27.181725135,0.0,0.0
/epuck1/cmd_vel,27.194019041,0.0,0.0
/epuck1/cmd_vel,27.198476251,0.0,0.0
/epuck1/cmd_vel,27.208285745,0.0,0.0
/epuck1/cmd_vel,27.216757917,0.0,0.0
/epuck1/cmd_vel,27.224984362,0.0,0.0
/epuck1/cmd_vel,27.228963194,0.0,0.0
/epuck1/cmd_vel,27.242359875,0.0,0.0
/epuck1/cmd_vel,27.248763932,0.0,0.0
/epuck1/cmd_vel,27.259693668,0.0,0.0
/epuck1/cmd_vel,27.266484779,0.0,0.0
/epuck1/cmd_vel,27.278887675,0.0,0.0
/epuck1/cmd_vel,27.285026045,0.0,0.0
/epuck1/cmd_vel,27.293125535,0.0,0.0
/epuck1/cmd_vel,27.302821348,0.0,0.0
/epuck1/cmd_vel,27.310823426,0.0,0.0
/epuck1/cmd_vel,27.315173842,0.0,0.0
/epuck1/cmd_vel,27.327769267,0.0,0.0
/epuck1/cmd_vel,27.333157782,0.0,0.0
/epuck1/cmd_vel,27.346603069,0.0,0.0
/epuck1/cmd_vel,27.350589685,0.0,0.0
/epuck1/cmd_vel,27.358215888,0.0,0.0
/epuck1/cmd_vel,27.366275155,0.0,0.0
/epuck1/cmd_vel,27.374998543,0.0,0.0
/epuck1/cmd_vel,27.380481875,0.0,0.0
/epuck1/cmd_vel,27.390347261,0.0,0.0
/epuck1/cmd_vel,27.397664559,0.0,0.0
/epuck1/cmd_vel,27.409679403,0.0,0.0
/epuck1/cmd_vel,27.416284473,0.0,0.0
/epuck1/cmd_vel,27.429993951,0.0,0.0
/epuck1/cmd_vel,27.435205008,0.0,0.0
/epuck1/cmd_vel,27.444983861,0.0,0.0
/epuck1/cmd_vel,27.453125869,0.0,0.0
/epuck1/cmd_vel,27.460214807,0.0,0.0
/epuck1/cmd_vel,27.470762579,0.0,0.0
/epuck1/cmd_vel,27.481239287,0.0,0.0
/epuck1/cmd_vel,27.486304824,0.0,0.0
/epuck1/cmd_vel,27.497881313,0.0,0.0
/epuck1/cmd_vel,27.504651465,0.0,0.0
/epuck1/cmd_vel,27.518797103,0.0,0.0
/epuck1/cmd_vel,27.523441551,0.0,0.0
/epuck1/cmd_vel,27.535011353,0.0,0.0
/epuck1/cmd_vel,27.540620942,0.0,0.0
/epuck1/cmd_vel,27.548170392,0.0,0.0
/epuck1/cmd_vel,27.558204753,0.0,0.0
/epuck1/cmd_vel,27.567159395,0.0,0.0
/epuck1/cmd_vel,27.572020127,0.0,0.0
/epuck1/cmd_vel,27.583015037,0.0,0.0
/epuck1/cmd_vel,27.587516361,0.0,0.0
/epuck1/cmd_vel,27.599449762,0.0,0.0
/epuck1/cmd_vel,27.605286014,0.0,0.0
/epuck1/cmd_vel,27.612319758,0.0,0.0
/epuck1/cmd_vel,27.620536522,0.0,0.0
/epuck1/cmd_vel,27.629666326,0.0,0.0
/epuck1/cmd_vel,27.635358855,0.0,0.0
/epuck1/cmd_vel,27.647282076,0.0,0.0
/epuck1/cmd_vel,27.651958663,0.0,0.0
/epuck1/cmd_vel,27.663270462,0.0,0.0
/epuck1/cmd_vel,27.667587841,0.0,0.0
/epuck1/cmd_vel,27.675633535,0.0,0.0
/epuck1/cmd_vel,27.680974641,0.0,0.0
/epuck1/cmd_vel,27.692361395,0.0,0.0
/epuck1/cmd_vel,27.698123191,0.0,0.0
/epuck1/cmd_vel,27.711059858,0.0,0.0
/epuck1/cmd_vel,27.716838222,0.0,0.0
/epuck1/cmd_vel,27.72673934,0.0,0.0
/epuck1/cmd_vel,27.732240837,0.0,0.0
/epuck1/cmd_vel,27.740267567,0.0,0.0
/epuck1/cmd_vel,27.745228606,0.0,0.0
/epuck1/cmd_vel,27.756995228,0.0,0.0
/epuck1/cmd_vel,27.762062262,0.0,0.0
/epuck1/cmd_vel,27.772340254,0.0,0.0
/epuck1/cmd_vel,27.779824629,0.0,0.0
/epuck1/cmd_vel,27.787805266,0.0,0.0
/epuck1/cmd_vel,27.797306372,0.0,0.0
/epuck1/cmd_vel,27.8079092,0.0,0.0
/epuck1/cmd_vel,27.818421806,0.0,0.0
/epuck1/cmd_vel,27.824602082,0.0,0.0
/epuck1/cmd_vel,27.83019462,0.0,0.0
/epuck1/cmd_vel,27.842402073,0.0,0.0
/epuck1/cmd_vel,27.848574065,0.0,0.0
/epuck1/cmd_vel,27.860825831,0.0,0.0
/epuck1/cmd_vel,27.866157585,0.0,0.0
/epuck1/cmd_vel,27.878881517,0.0,0.0
/epuck1/cmd_vel,27.886781491,0.0,0.0
/epuck1/cmd_vel,27.899079067,0.0,0.0
/epuck1/cmd_vel,27.906595,0.0,0.0
/epuck1/cmd_vel,27.914888396,0.0,0.0
/epuck1/cmd_vel,27.924146284,0.0,0.0
/epuck1/cmd_vel,27.932498364,0.0,0.0
/epuck1/cmd_vel,27.943069155,0.0,0.0
/epuck1/cmd_vel,27.951528822,0.0,0.0
/epuck1/cmd_vel,27.958372086,0.0,0.0
/epuck1/cmd_vel,27.970643213,0.0,0.0
/epuck1/cmd_vel,27.977317112,0.0,0.0
/epuck1/cmd_vel,27.986309725,0.0,0.0
/epuck1/cmd_vel,27.992461956,0.0,0.0
/epuck1/cmd_vel,28.001271631,0.0,0.0
/epuck1/cmd_vel,28.009915433,0.0,0.0
/epuck1/cmd_vel,28.01907282,0.0,0.0
/epuck1/cmd_vel,28.02837023,0.0,0.0
/epuck1/cmd_vel,28.038800399,0.0,0.0
/epuck1/cmd_vel,28.041248457,0.0,0.0
/epuck1/cmd_vel,28.052144205,0.0,0.0
/epuck1/cmd_vel,28.05684331,0.0,0.0
/epuck1/cmd_vel,28.065742408,0.0,0.0
/epuck1/cmd_vel,28.07298079,0.0,0.0
/epuck1/cmd_vel,28.081868511,0.0,0.0
/epuck1/cmd_vel,28.087614345,0.0,0.0
/epuck1/cmd_vel,28.102937836,0.0,0.0
/epuck1/cmd_vel,28.106664065,0.0,0.0
/epuck1/cmd_vel,28.117999843,0.0,0.0
/epuck1/cmd_vel,28.124958479,0.0,0.0
/epuck1/cmd_vel,28.132061429,0.0,0.0
/epuck1/cmd_vel,28.141989092,0.0,0.0
/epuck1/cmd_vel,28.153208401,0.0,0.0
/epuck1/cmd_vel,28.163801448,0.0,0.0
/epuck1/cmd_vel,28.17166669,0.0,0.0
/epuck1/cmd_vel,28.181238557,0.0,0.0
/epuck1/cmd_vel,28.190708027,0.0,0.0
/epuck1/cmd_vel,28.1975467,0.0,0.0
/epuck1/cmd_vel,28.207376956,0.0,0.0
/epuck1/cmd_vel,28.213848156,0.0,0.0
/epuck1/cmd_vel,28.22498373,0.0,0.0
/epuck1/cmd_vel,28.229640918,0.0,0.0
/epuck1/cmd_vel,28.238388715,0.0,0.0
/epuck1/cmd_vel,28.244614101,0.0,0.0
/epuck1/cmd_vel,28.251939112,0.0,0.0
/epuck1/cmd_vel,28.258909525,0.0,0.0
/epuck1/cmd_vel,28.270523652,0.0,0.0
/epuck1/cmd_vel,28.275649214,0.0,0.0
/epuck1/cmd_vel,28.288843316,0.0,0.0
/epuck1/cmd_vel,28.296454261,0.0,0.0
/epuck1/cmd_vel,28.302229039,0.0,0.0
/epuck1/cmd_vel,28.310730423,0.0,0.0
/epuck1/cmd_vel,28.320539122,0.0,0.0
/epuck1/cmd_vel,28.329616966,0.0,0.0
/epuck1/cmd_vel,28.338526343,0.0,0.0
/epuck1/cmd_vel,28.346384699,0.0,0.0
/epuck1/cmd_vel,28.356135213,0.0,0.0
/epuck1/cmd_vel,28.363569209,0.0,0.0
/epuck1/cmd_vel,28.37223886,0.0,0.0
/epuck1/cmd_vel,28.378736308,0.0,0.0
/epuck1/cmd_vel,28.387960862,0.0,0.0
/epuck1/cmd_vel,28.39751207,0.0,0.0
/epuck1/cmd_vel,28.405129602,0.0,0.0
/epuck1/cmd_vel,28.414445575,0.0,0.0
/epuck1/cmd_vel,28.424548093,0.0,0.0
/epuck1/cmd_vel,28.430625572,0.0,0.0
/epuck1/cmd_vel,28.442619448,0.0,0.0
/epuck1/cmd_vel,28.449513611,0.0,0.0
/epuck1/cmd_vel,28.461378942,0.0,0.0
/epuck1/cmd_vel,28.465857383,0.0,0.0
/epuck1/cmd_vel,28.478831221,0.0,0.0
/epuck1/cmd_vel,28.484145011,0.0,0.0
/epuck1/cmd_vel,28.492653481,0.0,0.0
/epuck1/cmd_vel,28.502304292,0.0,0.0
/epuck1/cmd_vel,28.51247218,0.0,0.0
/epuck1/cmd_vel,28.516392226,0.0,0.0
/epuck1/cmd_vel,28.527659639,0.0,0.0
/epuck1/cmd_vel,28.532855262,0.0,0.0
/epuck1/cmd_vel,28.544335654,0.0,0.0
/epuck1/cmd_vel,28.549576887,0.0,0.0
/epuck1/cmd_vel,28.56026295,0.0,0.0
/epuck1/cmd_vel,28.568682097,0.0,0.0
/epuck1/cmd_vel,28.58703739,0.0,0.0
/epuck1/cmd_vel,28.594350425,0.0,0.0
/epuck1/cmd_vel,28.601541501,0.0,0.0
/epuck1/cmd_vel,28.611489524,0.0,0.0
/epuck1/cmd_vel,28.621825579,0.0,0.0
/epuck1/cmd_vel,28.630472775,0.0,0.0
/epuck1/cmd_vel,28.637591395,0.0,0.0
/epuck1/cmd_vel,28.6442114,0.0,0.0
/epuck1/cmd_vel,28.654640971,0.0,0.0
/epuck1/cmd_vel,28.660781625,0.0,0.0
/epuck1/cmd_vel,28.672222894,0.0,0.0
/epuck1/cmd_vel,28.677590377,0.0,0.0
/epuck1/cmd_vel,28.685840259,0.0,0.0
/epuck1/cmd_vel,28.695416218,0.0,0.0
/epuck1/cmd_vel,28.703263496,0.0,0.0
/epuck1/cmd_vel,28.709809947,0.0,0.0
/epuck1/cmd_vel,28.720075142,0.0,0.0
/epuck1/cmd_vel,28.727378896,0.0,0.0
/epuck1/cmd_vel,28.739406206,0.0,0.0
/epuck1/cmd_vel,28.745260626,0.0,0.0
/epuck1/cmd_vel,28.753132854,0.0,0.0
/epuck1/cmd_vel,28.762068679,0.0,0.0
/epuck1/cmd_vel,28.771390641,0.0,0.0
/epuck1/cmd_vel,28.783239105,0.0,0.0
/epuck1/cmd_vel,28.790744242,0.0,0.0
/epuck1/cmd_vel,28.79676345,0.0,0.0
/epuck1/cmd_vel,28.810212309,0.0,0.0
/epuck1/cmd_vel,28.815961164,0.0,0.0
/epuck1/cmd_vel,28.827820143,0.0,0.0
/epuck1/cmd_vel,28.832986978,0.0,0.0
/epuck1/cmd_vel,28.845858207,0.0,0.0
/epuck1/cmd_vel,28.850917459,0.0,0.0
/epuck1/cmd_vel,28.858809972,0.0,0.0
/epuck1/cmd_vel,28.870253593,0.0,0.0
/epuck1/cmd_vel,28.875886084,0.0,0.0
/epuck1/cmd_vel,28.882563958,0.0,0.0
/epuck1/cmd_vel,28.892616296,0.0,0.0
/epuck1/cmd_vel,28.897979433,0.0,0.0
/epuck1/cmd_vel,28.908906599,0.0,0.0
/epuck1/cmd_vel,28.915503138,0.0,0.0
/epuck1/cmd_vel,28.92433904,0.0,0.0
/epuck1/cmd_vel,28.932627153,0.0,0.0
/epuck1/cmd_vel,28.942313932,0.0,0.0
/epuck1/cmd_vel,28.948259888,0.0,0.0
/epuck1/cmd_vel,28.95974692,0.0,0.0
/epuck1/cmd_vel,28.965231611,0.0,0.0
/epuck1/cmd_vel,28.975770863,0.0,0.0
/epuck1/cmd_vel,28.981822206,0.0,0.0
/epuck1/cmd_vel,28.989025016,0.0,0.0
/epuck1/cmd_vel,28.997466119,0.0,0.0
/epuck1/cmd_vel,29.006855101,0.0,0.0
/epuck1/cmd_vel,29.012598966,0.0,0.0
/epuck1/cmd_vel,29.024340084,0.0,0.0
/epuck1/cmd_vel,29.031014365,0.0,0.0
/epuck1/cmd_vel,29.043050386,0.0,0.0
/epuck1/cmd_vel,29.047581807,0.0,0.0
/epuck1/cmd_vel,29.055949957,0.0,0.0
/epuck1/cmd_vel,29.063521221,0.0,0.0
/epuck1/cmd_vel,29.07252688,0.0,0.0
/epuck1/cmd_vel,29.077709682,0.0,0.0
/epuck1/cmd_vel,29.088203526,0.0,0.0
/epuck1/cmd_vel,29.093083142,0.0,0.0
/epuck1/cmd_vel,29.103537467,0.0,0.0
/epuck1/cmd_vel,29.110381604,0.0,0.0
/epuck1/cmd_vel,29.119780666,0.0,0.0
/epuck1/cmd_vel,29.12977582,0.0,0.0
/epuck1/cmd_vel,29.137223634,0.0,0.0
/epuck1/cmd_vel,29.146286078,0.0,0.0
/epuck1/cmd_vel,29.155858987,0.0,0.0
/epuck1/cmd_vel,29.162568297,0.0,0.0
/epuck1/cmd_vel,29.175820056,0.0,0.0
/epuck1/cmd_vel,29.180415647,0.0,0.0
/epuck1/cmd_vel,29.191865156,0.0,0.0
/epuck1/cmd_vel,29.197705426,0.0,0.0
/epuck1/cmd_vel,29.211203186,0.0,0.0
/epuck1/cmd_vel,29.220737873,0.0,0.0
/epuck1/cmd_vel,29.232263727,0.0,0.0
/epuck1/cmd_vel,29.241588239,0.0,0.0
/epuck1/cmd_vel,29.247717624,0.0,0.0
/epuck1/cmd_vel,29.255076219,0.0,0.0
/epuck1/cmd_vel,29.263338583,0.0,0.0
/epuck1/cmd_vel,29.269664669,0.0,0.0
/epuck1/cmd_vel,29.281427244,0.0,0.0
/epuck1/cmd_vel,29.288305612,0.0,0.0
/epuck1/cmd_vel,29.300897107,0.0,0.0
/epuck1/cmd_vel,29.307620089,0.0,0.0
/epuck1/cmd_vel,29.318302651,0.0,0.0
/epuck1/cmd_vel,29.322772597,0.0,0.0
/epuck1/cmd_vel,29.333064051,0.0,0.0
/epuck1/cmd_vel,29.33951758,0.0,0.0
/epuck1/cmd_vel,29.347021281,0.0,0.0
/epuck1/cmd_vel,29.351522862,0.0,0.0
/epuck1/cmd_vel,29.362304524,0.0,0.0
/epuck1/cmd_vel,29.405350333,0.0,0.0
/epuck1/cmd_vel,29.412604439,0.0,0.0
/epuck1/cmd_vel,29.418634126,0.0,0.0
/epuck1/cmd_vel,29.428832668,0.0,0.0
/epuck1/cmd_vel,29.43569407,0.0,0.0
/epuck1/cmd_vel,29.447581592,0.0,0.0
/epuck1/cmd_vel,29.461180147,0.0,0.0
/epuck1/cmd_vel,29.476810387,0.0,0.0
/epuck1/cmd_vel,29.48574,0.0,0.0
/epuck1/cmd_vel,29.49854646,0.0,0.0
/epuck1/cmd_vel,29.502511529,0.0,0.0
/epuck1/cmd_vel,29.510154847,0.0,0.0
/epuck1/cmd_vel,29.519236552,0.0,0.0
/epuck1/cmd_vel,29.530778373,0.0,0.0
/epuck1/cmd_vel,29.540062069,0.0,0.0
/epuck1/cmd_vel,29.548550575,0.0,0.0
/epuck1/cmd_vel,29.555600595,0.0,0.0
/epuck1/cmd_vel,29.56606939,0.0,0.0
/epuck1/cmd_vel,29.570554305,0.0,0.0
/epuck1/cmd_vel,29.583155681,0.0,0.0
/epuck1/cmd_vel,29.58869526,0.0,0.0
/epuck1/cmd_vel,29.596930579,0.0,0.0
/epuck1/cmd_vel,29.604785868,0.0,0.0
/epuck1/cmd_vel,29.612822889,0.0,0.0
/epuck1/cmd_vel,29.620931864,0.0,0.0
/epuck1/cmd_vel,29.630211368,0.0,0.0
/epuck1/cmd_vel,29.636592642,0.0,0.0
/epuck1/cmd_vel,29.647536375,0.0,0.0
/epuck1/cmd_vel,29.653025656,0.0,0.0
/epuck1/cmd_vel,29.661232832,0.0,0.0
/epuck1/cmd_vel,29.672231354,0.0,0.0
/epuck1/cmd_vel,29.680787923,0.0,0.0
/epuck1/cmd_vel,29.69018928,0.0,0.0
/epuck1/cmd_vel,29.697564042,0.0,0.0
/epuck1/cmd_vel,29.704668452,0.0,0.0
/epuck1/cmd_vel,29.717521517,0.0,0.0
/epuck1/cmd_vel,29.723502802,0.0,0.0
/epuck1/cmd_vel,29.737697151,0.0,0.0
/epuck1/cmd_vel,29.741857224,0.0,0.0
/epuck1/cmd_vel,29.754690131,0.0,0.0
/epuck1/cmd_vel,29.758468877,0.0,0.0
/epuck1/cmd_vel,29.767846482,0.0,0.0
/epuck1/cmd_vel,29.777234866,0.0,0.0
/epuck1/cmd_vel,29.784986365,0.0,0.0
/epuck1/cmd_vel,29.790445616,0.0,0.0
/epuck1/cmd_vel,29.80370387,0.0,0.0
/epuck1/cmd_vel,29.808004268,0.0,0.0
/epuck1/cmd_vel,29.820199223,0.0,0.0
/epuck1/cmd_vel,29.827871241,0.0,0.0
/epuck1/cmd_vel,29.842432098,0.0,0.0
/epuck1/cmd_vel,29.846057593,0.0,0.0
/epuck1/cmd_vel,29.855361732,0.0,0.0
/epuck1/cmd_vel,29.866881784,0.0,0.0
/epuck1/cmd_vel,29.878418701,0.0,0.0
/epuck1/cmd_vel,29.880661159,0.0,0.0
/epuck1/cmd_vel,29.890603477,0.0,0.0
/epuck1/cmd_vel,29.895600533,0.0,0.0
/epuck1/cmd_vel,29.902429596,0.0,0.0
/epuck1/cmd_vel,29.910520547,0.0,0.0
/epuck1/cmd_vel,29.918481766,0.0,0.0
/epuck1/cmd_vel,29.933142417,0.0,0.0
/epuck1/cmd_vel,29.938890917,0.0,0.0
/epuck1/cmd_vel,29.949361042,0.0,0.0
/epuck1/cmd_vel,29.957855757,0.0,0.0
/epuck1/cmd_vel,29.962365222,0.0,0.0
/epuck1/cmd_vel,29.975603717,0.0,0.0
/epuck1/cmd_vel,29.980466849,0.0,0.0
/epuck1/cmd_vel,29.988086775,0.0,0.0
/epuck1/cmd_vel,29.995831243,0.0,0.0
/epuck1/cmd_vel,30.003412349,0.0,0.0
/epuck1/cmd_vel,30.00954216,0.0,0.0
/epuck1/cmd_vel,30.018895398,0.0,0.0
/epuck1/cmd_vel,30.02449281,0.0,0.0
/epuck1/cmd_vel,30.03504499,0.0,0.0
/epuck1/cmd_vel,30.040785998,0.0,0.0
/epuck1/cmd_vel,30.050057311,0.0,0.0
/epuck1/cmd_vel,30.059826424,0.0,0.0
/epuck1/cmd_vel,30.066713034,0.0,0.0
/epuck1/cmd_vel,30.072742142,0.0,0.0
/epuck1/cmd_vel,30.08639686,0.0,0.0
/epuck1/cmd_vel,30.092757769,0.0,0.0
/epuck1/cmd_vel,30.104525385,0.0,0.0
/epuck1/cmd_vel,30.109991593,0.0,0.0
/epuck1/cmd_vel,30.121402408,0.0,0.0
/epuck1/cmd_vel,30.130658621,0.0,0.0
/epuck1/cmd_vel,30.13753533,0.0,0.0
/epuck1/cmd_vel,30.146917043,0.0,0.0
/epuck1/cmd_vel,30.155536655,0.0,0.0
/epuck1/cmd_vel,30.164889168,0.0,0.0
/epuck1/cmd_vel,30.174231881,0.0,0.0
/epuck1/cmd_vel,30.178349686,0.0,0.0
/epuck1/cmd_vel,30.188937901,0.0,0.0
/epuck1/cmd_vel,30.196251611,0.0,0.0
/epuck1/cmd_vel,30.209281929,0.0,0.0
/epuck1/cmd_vel,30.212545033,0.0,0.0
/epuck1/cmd_vel,30.223547348,0.0,0.0
/epuck1/cmd_vel,30.229947957,0.0,0.0
/epuck1/cmd_vel,30.237991368,0.0,0.0
/epuck1/cmd_vel,30.244379877,0.0,0.0
/epuck1/cmd_vel,30.255565092,0.0,0.0
/epuck1/cmd_vel,30.2614749,0.0,0.0
/epuck1/cmd_vel,30.269533511,0.0,0.0
/epuck1/cmd_vel,30.277556522,0.0,0.0
/epuck1/cmd_vel,30.286479334,0.0,0.0
/epuck1/cmd_vel,30.29091664,0.0,0.0
/epuck1/cmd_vel,30.302836956,0.0,0.0
/epuck1/cmd_vel,30.311139868,0.0,0.0
/epuck1/cmd_vel,30.319392279,0.0,0.0
/epuck1/cmd_vel,30.323497285,0.0,0.0
/epuck1/cmd_vel,30.333984599,0.0,0.0
/epuck1/cmd_vel,30.344235613,0.0,0.0
/epuck1/cmd_vel,30.353344526,0.0,0.0
/epuck1/cmd_vel,30.361072236,0.0,0.0
/epuck1/cmd_vel,30.369472148,0.0,0.0
/epuck1/cmd_vel,30.374141254,0.0,0.0
/epuck1/cmd_vel,30.38615627,0.0,0.0
/epuck1/cmd_vel,30.390201276,0.0,0.0
/epuck1/cmd_vel,30.399327288,0.0,0.0
/epuck1/cmd_vel,30.405652797,0.0,0.0
/epuck1/cmd_vel,30.41506381,0.0,0.0
/epuck1/cmd_vel,30.425490924,0.0,0.0
/epuck1/cmd_vel,30.434713937,0.0,0.0
/epuck1/cmd_vel,30.440632145,0.0,0.0
/epuck1/cmd_vel,30.452682561,0.0,0.0
/epuck1/cmd_vel,30.457762968,0.0,0.0
/epuck1/cmd_vel,30.471016387,0.0,0.0
/epuck1/cmd_vel,30.47377589,0.0,0.0
/epuck1/cmd_vel,30.482584002,0.0,0.0
/epuck1/cmd_vel,30.491780315,0.0,0.0
/epuck1/cmd_vel,30.500681527,0.0,0.0
/epuck1/cmd_vel,30.505359734,0.0,0.0
/epuck1/cmd_vel,30.516750949,0.0,0.0
/epuck1/cmd_vel,30.522082056,0.0,0.0
/epuck1/cmd_vel,30.535024374,0.0,0.0
/epuck1/cmd_vel,30.540174381,0.0,0.0
/epuck1/cmd_vel,30.549585894,0.0,0.0
/epuck1/cmd_vel,30.556779004,0.0,0.0
/epuck1/cmd_vel,30.565132015,0.0,0.0
/epuck1/cmd_vel,30.570455423,0.0,0.0
/epuck1/cmd_vel,30.581138637,0.0,0.0
/epuck1/cmd_vel,30.587766246,0.0,0.0
/epuck1/cmd_vel,30.598694661,0.0,0.0
/epuck1/cmd_vel,30.60532027,0.0,0.0
/epuck1/cmd_vel,30.613201781,0.0,0.0
/epuck1/cmd_vel,30.621893493,0.0,0.0
/epuck1/cmd_vel,30.630934005,0.0,0.0
/epuck1/cmd_vel,30.635733112,0.0,0.0
/epuck1/cmd_vel,30.645828926,0.0,0.0
/epuck1/cmd_vel,30.651607034,0.0,0.0
/epuck1/cmd_vel,30.66376135,0.0,0.0
/epuck1/cmd_vel,30.669226958,0.0,0.0
/epuck1/cmd_vel,30.678926071,0.0,0.0
/epuck1/cmd_vel,30.686900682,0.0,0.0
/epuck1/cmd_vel,30.696287795,0.0,0.0
/epuck1/cmd_vel,30.70762611,0.0,0.0
/epuck1/cmd_vel,30.716723423,0.0,0.0
/epuck1/cmd_vel,30.723135731,0.0,0.0
/epuck1/cmd_vel,30.73670545,0.0,0.0
/epuck1/cmd_vel,30.741560557,0.0,0.0
/epuck1/cmd_vel,30.754120174,0.0,0.0
/epuck1/cmd_vel,30.758026179,0.0,0.0
/epuck1/cmd_vel,30.76620629,0.0,0.0
/epuck1/cmd_vel,30.776695605,0.0,0.0
/epuck1/cmd_vel,30.785252316,0.0,0.0
/epuck1/cmd_vel,30.79506356,0.0,0.0
/epuck1/cmd_vel,30.802603657,0.0,0.0
/epuck1/cmd_vel,30.809038598,0.0,0.0
/epuck1/cmd_vel,30.822283765,0.0,0.0
/epuck1/cmd_vel,30.829460376,0.0,0.0
/epuck1/cmd_vel,30.84203077,0.0,0.0
/epuck1/cmd_vel,30.848121924,0.0,0.0
/epuck1/cmd_vel,30.858272216,0.0,0.0
/epuck1/cmd_vel,30.864551363,0.0,0.0
/epuck1/cmd_vel,30.875625417,0.0,0.0
/epuck1/cmd_vel,30.88052422,0.0,0.0
/epuck1/cmd_vel,30.889524558,0.0,0.0
/epuck1/cmd_vel,30.892619733,0.0,0.0
/epuck1/cmd_vel,30.903573692,0.0,0.0
/epuck1/cmd_vel,30.910105929,0.0,0.0
/epuck1/cmd_vel,30.914840239,0.0,0.0
/epuck1/cmd_vel,30.923340496,0.0,0.0
/epuck1/cmd_vel,30.930687901,0.0,0.0
/epuck1/cmd_vel,30.936530465,0.0,0.0
/epuck1/cmd_vel,30.950018522,0.0,0.0
/epuck1/cmd_vel,30.953088299,0.0,0.0
/epuck1/cmd_vel,30.966425662,0.0,0.0
/epuck1/cmd_vel,30.973834264,0.0,0.0
/epuck1/cmd_vel,30.981542353,0.0,0.0
/epuck1/cmd_vel,30.991174966,0.0,0.0
/epuck1/cmd_vel,30.998902554,0.0,0.0
/epuck1/cmd_vel,31.008304976,0.0,0.0
/epuck1/cmd_vel,31.017108222,0.0,0.0
/epuck1/cmd_vel,31.023332271,0.0,0.0
/epuck1/cmd_vel,31.037623296,0.0,0.0
/epuck1/cmd_vel,31.042574196,0.0,0.0
/epuck1/cmd_vel,31.05415383,0.0,0.0
/epuck1/cmd_vel,31.058974236,0.0,0.0
/epuck1/cmd_vel,31.067747183,0.0,0.0
/epuck1/cmd_vel,31.077532689,0.0,0.0
/epuck1/cmd_vel,31.08544697,0.0,0.0
/epuck1/cmd_vel,31.094973487,0.0,0.0
/epuck1/cmd_vel,31.104070321,0.0,0.0
/epuck1/cmd_vel,31.10880363,0.0,0.0
/epuck1/cmd_vel,31.121332826,0.0,0.0
/epuck1/cmd_vel,31.125467459,0.0,0.0
/epuck1/cmd_vel,31.136779004,0.0,0.0
/epuck1/cmd_vel,31.142773363,0.0,0.0
/epuck1/cmd_vel,31.154487491,0.0,0.0
/epuck2/cmd_vel,14.644573295,0.0,0.0
/epuck2/cmd_vel,14.682058249,0.0,0.0
/epuck2/cmd_vel,14.734740036,0.0,0.0
/epuck2/cmd_vel,14.775001353,0.0,0.0
/epuck2/cmd_vel,14.85358726,0.0,0.0
/epuck2/cmd_vel,14.904791811,0.0,0.0
/epuck2/cmd_vel,14.962984277,0.0,0.0
/epuck2/cmd_vel,14.999244124,0.0,0.0
/epuck2/cmd_vel,15.057998487,0.0,0.0
/epuck2/cmd_vel,15.096562704,0.0,0.0
/epuck2/cmd_vel,15.179568977,0.0,0.0
/epuck2/cmd_vel,15.22055543,0.0,0.0
/epuck2/cmd_vel,15.276806742,0.0,0.0
/epuck2/cmd_vel,15.311963324,0.0,0.0
/epuck2/cmd_vel,15.370936097,0.0,0.0
/epuck2/cmd_vel,15.426817083,0.0,0.0
/epuck2/cmd_vel,15.48808301,0.0,0.0
/epuck2/cmd_vel,15.527372055,0.0,0.0
/epuck2/cmd_vel,15.581869177,0.0,0.0
/epuck2/cmd_vel,15.621696286,0.0,0.0
/epuck2/cmd_vel,15.697924442,0.0,0.0
/epuck2/cmd_vel,15.735957104,0.0,0.0
/epuck2/cmd_vel,15.794665981,0.0,0.0
/epuck2/cmd_vel,15.828165851,0.0,0.0
/epuck2/cmd_vel,15.889623934,0.0,0.0
/epuck2/cmd_vel,15.943333169,0.0,0.0
/epuck2/cmd_vel,16.002559429,0.0,0.0
/epuck2/cmd_vel,16.03853444,0.0,0.0
/epuck2/cmd_vel,16.093039317,0.0,0.0
/epuck2/cmd_vel,16.135501824,0.0,0.0
/epuck2/cmd_vel,16.213672993,0.0,0.0
/epuck2/cmd_vel,16.2494158,0.0,0.0
/epuck2/cmd_vel,16.302039314,0.0,0.0
/epuck2/cmd_vel,16.339813081,0.0,0.0
/epuck2/cmd_vel,16.404328167,0.0,0.0
/epuck2/cmd_vel,16.467003543,0.0,0.0
/epuck2/cmd_vel,16.527852428,0.0,0.0
/epuck2/cmd_vel,16.56522527,0.0,0.0
/epuck2/cmd_vel,16.619407377,0.0,0.0
/epuck2/cmd_vel,16.659035681,0.0,0.0
/epuck2/cmd_vel,16.739636696,0.0,0.0
/epuck2/cmd_vel,16.779435575,0.0,0.0
/epuck2/cmd_vel,16.833267011,0.0,0.0
/epuck2/cmd_vel,16.871752623,0.0,0.0
/epuck2/cmd_vel,16.93200577,0.0,0.0
/epuck2/cmd_vel,16.992843373,0.0,0.0
/epuck2/cmd_vel,17.048909851,0.0,0.0
/epuck2/cmd_vel,17.086025802,0.0,0.0
/epuck2/cmd_vel,17.143098632,0.0,0.0
/epuck2/cmd_vel,17.183090474,0.0,0.0
/epuck2/cmd_vel,17.260094591,0.0,0.0
/epuck2/cmd_vel,17.297455981,0.0,0.0
/epuck2/cmd_vel,17.352733754,0.0,0.0
/epuck2/cmd_vel,17.388655998,0.0,0.0
/epuck2/cmd_vel,17.466459819,0.0,0.0
/epuck2/cmd_vel,17.505364428,0.0,0.0
/epuck2/cmd_vel,17.561031205,0.0,0.0
/epuck2/cmd_vel,17.596648725,0.0,0.0
/epuck2/cmd_vel,17.654297514,0.0,0.0
/epuck2/cmd_vel,17.701081181,0.0,0.0
/epuck2/cmd_vel,17.774016401,0.0,0.0
/epuck2/cmd_vel,17.811716554,0.0,0.0
/epuck2/cmd_vel,17.864859832,0.0,0.0
/epuck2/cmd_vel,17.903584953,0.0,0.0
/epuck2/cmd_vel,17.976721276,0.0,0.0
/epuck2/cmd_vel,18.018207051,0.0,0.0
/epuck2/cmd_vel,18.074625905,0.0,0.0
/epuck2/cmd_vel,18.111488265,0.0,0.0
/epuck2/cmd_vel,18.170599497,0.0,0.0
/epuck2/cmd_vel,18.217557695,0.0,0.0
/epuck2/cmd_vel,18.278388937,0.0,0.0
/epuck2/cmd_vel,18.316723192,0.0,0.0
/epuck2/cmd_vel,18.37027593,0.0,0.0
/epuck2/cmd_vel,18.409245867,0.0,0.0
/epuck2/cmd_vel,18.485986654,0.0,0.0
/epuck2/cmd_vel,18.526017028,0.0,0.0
/epuck2/cmd_vel,18.582056012,0.0,0.0
/epuck2/cmd_vel,18.618100953,0.0,0.0
/epuck2/cmd_vel,18.680320618,0.0,0.0
/epuck2/cmd_vel,18.734838025,0.0,0.0
/epuck2/cmd_vel,18.792702799,0.0,0.0
/epuck2/cmd_vel,18.829184493,0.0,0.0
/epuck2/cmd_vel,18.88490985,0.0,0.0
/epuck2/cmd_vel,18.924662527,0.0,0.0
/epuck2/cmd_vel,19.009217593,0.0,0.0
/epuck2/cmd_vel,19.050896635,0.0,0.0
/epuck2/cmd_vel,19.106827502,0.0,0.0
/epuck2/cmd_vel,19.141394426,0.0,0.0
/epuck2/cmd_vel,19.199788826,0.0,0.0
/epuck2/cmd_vel,19.246369245,0.0,0.0
/epuck2/cmd_vel,19.317788502,0.0,0.0
/epuck2/cmd_vel,19.356737227,0.0,0.0
/epuck2/cmd_vel,19.409602822,0.0,0.0
/epuck2/cmd_vel,19.449017646,0.0,0.0
/epuck2/cmd_vel,19.511507172,0.0,0.0
/epuck2/cmd_vel,19.573742608,0.003117959149999905,-8.742278012618954e-08
/epuck2/cmd_vel,19.634170327,0.006116829850000016,-8.742278012618954e-08
/epuck2/cmd_vel,19.670459404,0.007961035849999831,-8.742278012618954e-08
/epuck2/cmd_vel,19.726212349,0.010732410100000322,-8.742278012618954e-08
/epuck2/cmd_vel,19.766338264,0.012700437449999668,-8.742278012618954e-08
/epuck2/cmd_vel,19.841456934,0.016424438700000366,-8.742278012618954e-08
/epuck2/cmd_vel,19.891470427,0.018970684800000016,-8.742278012618954e-08
/epuck2/cmd_vel,19.949185931,0.021883371050000024,-8.742278012618954e-08
/epuck2/cmd_vel,19.985910208,0.023703233350000377,-8.742278012618954e-08
/epuck2/cmd_vel,20.043815913,0.025,-8.742278012618954e-08
/epuck2/cmd_vel,20.086199759,0.025,-8.742278012618954e-08
/epuck2/cmd_vel,20.157672936,0.025,-8.742278012618954e-08
/epuck2/cmd_vel,20.194817596,0.025,-8.742278012618954e-08
/epuck2/cmd_vel,20.249764633,0.025,-8.742278012618954e-08
/epuck2/cmd_vel,20.287431322,0.025,-8.742278012618954e-08
/epuck2/cmd_vel,20.352634048,0.025,-8.742278012618954e-08
/epuck2/cmd_vel,20.415267804,0.025,-8.742278012618954e-08
/epuck2/cmd_vel,20.472952624,0.025,-8.742278012618954e-08
/epuck2/cmd_vel,20.510756242,0.025,-8.742278012618954e-08
/epuck2/cmd_vel,20.564923384,0.025,-8.742278012618954e-08
/epuck2/cmd_vel,20.605713555,0.025,-8.742278012618954e-08
/epuck2/cmd_vel,20.680495318,0.025,-8.742278012618954e-08
/epuck2/cmd_vel,20.721740653,0.025,-8.742278012618954e-08
/epuck2/cmd_vel,20.776483897,0.025,-8.742278012618954e-08
/epuck2/cmd_vel,20.81187133,0.025,-8.742278012618954e-08
/epuck2/cmd_vel,20.851953683,0.025,-8.742278012618954e-08
/epuck2/cmd_vel,20.861197061,0.025,-8.742278012618954e-08
/epuck2/cmd_vel,20.869863783,0.025,-8.742278012618954e-08
/epuck2/cmd_vel,20.875884986,0.025,-8.742278012618954e-08
/epuck2/cmd_vel,20.888442383,0.025,-8.742278012618954e-08
/epuck2/cmd_vel,20.893312174,0.025,-8.742278012618954e-08
/epuck2/cmd_vel,20.906661698,0.025,-8.742278012618954e-08
/epuck2/cmd_vel,20.913245765,0.025,-8.742278012618954e-08
/epuck2/cmd_vel,20.924244493,0.025,-8.742278012618954e-08
/epuck2/cmd_vel,20.933634683,0.025,-8.742278012618954e-08
/epuck2/cmd_vel,20.940390447,0.025,-8.742278012618954e-08
/epuck2/cmd_vel,20.950083756,0.025,-8.742278012618954e-08
/epuck2/cmd_vel,20.957886094,0.025,-8.742278012618954e-08
/epuck2/cmd_vel,20.964126966,0.025,-8.742278012618954e-08
/epuck2/cmd_vel,20.975101609,0.025,-8.742278012618954e-08
/epuck2/cmd_vel,20.980466704,0.025,-8.742278012618954e-08
/epuck2/cmd_vel,20.992087061,0.025,-8.742278012618954e-08
/epuck2/cmd_vel,20.998548101,0.025,-8.742278012618954e-08
/epuck2/cmd_vel,21.006498251,0.025,-8.742278012618954e-08
/epuck2/cmd_vel,21.01406543,0.025,-8.742278012618954e-08
/epuck2/cmd_vel,21.021040563,0.025,-8.742278012618954e-08
/epuck2/cmd_vel,21.028703885,0.025,-8.742278012618954e-08
/epuck2/cmd_vel,21.038439968,0.025,-8.742278012618954e-08
/epuck2/cmd_vel,21.042516932,0.025,-8.742278012618954e-08
/epuck2/cmd_vel,21.04794359,0.025,-8.742278012618954e-08
/epuck2/cmd_vel,21.057594924,0.025,-8.742278012618954e-08
/epuck2/cmd_vel,21.066318912,0.025,-8.742278012618954e-08
/epuck2/cmd_vel,21.072375593,0.025,-8.742278012618954e-08
/epuck2/cmd_vel,21.085660956,0.025,-8.742278012618954e-08
/epuck2/cmd_vel,21.091799189,0.025,-8.742278012618954e-08
/epuck2/cmd_vel,21.104017589,0.025,-8.742278012618954e-08
/epuck2/cmd_vel,21.106514197,0.025,-8.742278012618954e-08
/epuck2/cmd_vel,21.115440364,0.025,-8.742278012618954e-08
/epuck2/cmd_vel,21.123747701,0.025,-8.742278012618954e-08
/epuck2/cmd_vel,21.132290098,0.025,-8.742278012618954e-08
/epuck2/cmd_vel,21.137053052,0.025,-8.742278012618954e-08
/epuck2/cmd_vel,21.149350205,0.025,-8.742278012618954e-08
/epuck2/cmd_vel,21.156423479,0.025,-8.742278012618954e-08
/epuck2/cmd_vel,21.167033041,0.025,-8.742278012618954e-08
/epuck2/cmd_vel,21.172530656,0.025,-8.742278012618954e-08
/epuck2/cmd_vel,21.1823335,0.025,-8.742278012618954e-08
/epuck2/cmd_vel,21.192357111,0.025,-8.742278012618954e-08
/epuck2/cmd_vel,21.199975359,0.025,-8.742278012618954e-08
/epuck2/cmd_vel,21.208676261,0.025,-8.742278012618954e-08
/epuck2/cmd_vel,21.222361585,0.025,-8.742278012618954e-08
/epuck2/cmd_vel,21.223947238,0.025,-8.742278012618954e-08
/epuck2/cmd_vel,21.233636649,0.025,-8.742278012618954e-08
/epuck2/cmd_vel,21.240157253,0.025,-8.742278012618954e-08
/epuck2/cmd_vel,21.252299499,0.025,-8.742278012618954e-08
/epuck2/cmd_vel,21.25644782,0.025,-8.742278012618954e-08
/epuck2/cmd_vel,21.263514298,0.025,-8.742278012618954e-08
/epuck2/cmd_vel,21.275206613,0.025,-8.742278012618954e-08
/epuck2/cmd_vel,21.286126089,0.025,-8.742278012618954e-08
/epuck2/cmd_vel,21.297308009,0.025,-8.742278012618954e-08
/epuck2/cmd_vel,21.305184503,0.025,-8.742278012618954e-08
/epuck2/cmd_vel,21.307974036,0.025,-8.742278012618954e-08
/epuck2/cmd_vel,21.320797075,0.025,-8.742278012618954e-08
/epuck2/cmd_vel,21.325730628,0.025,-8.742278012618954e-08
/epuck2/cmd_vel,21.331596923,0.025,-8.742278012618954e-08
/epuck2/cmd_vel,21.339584051,0.025,-8.742278012618954e-08
/epuck2/cmd_vel,21.35056569,0.025,-8.742278012618954e-08
/epuck2/cmd_vel,21.353168535,0.025,-8.742278012618954e-08
/epuck2/cmd_vel,21.366289596,0.025,-8.742278012618954e-08
/epuck2/cmd_vel,21.373364569,0.025,-8.742278012618954e-08
/epuck2/cmd_vel,21.384673313,0.025,-8.742278012618954e-08
/epuck2/cmd_vel,21.392160839,0.025,-8.742278012618954e-08
/epuck2/cmd_vel,21.402577716,0.025,-8.742278012618954e-08
/epuck2/cmd_vel,21.408672075,0.025,-8.742278012618954e-08
/epuck2/cmd_vel,21.416909054,0.025,-8.742278012618954e-08
/epuck2/cmd_vel,21.426497625,0.025,-8.742278012618954e-08
/epuck2/cmd_vel,21.43385363,0.025,-8.742278012618954e-08
/epuck2/cmd_vel,21.443491472,0.025,-8.742278012618954e-08
/epuck2/cmd_vel,21.452893255,0.025,-8.742278012618954e-08
/epuck2/cmd_vel,21.458915357,0.025,-8.742278012618954e-08
/epuck2/cmd_vel,21.470365416,0.025,-8.742278012618954e-08
/epuck2/cmd_vel,21.475332449,0.025,-8.742278012618954e-08
/epuck2/cmd_vel,21.487807796,0.025,-8.742278012618954e-08
/epuck2/cmd_vel,21.493133414,0.025,-8.742278012618954e-08
/epuck2/cmd_vel,21.501231576,0.025,-8.742278012618954e-08
/epuck2/cmd_vel,21.509917087,0.025,-8.742278012618954e-08
/epuck2/cmd_vel,21.516754302,0.025,-8.742278012618954e-08
/epuck2/cmd_vel,21.522508764,0.025,-8.742278012618954e-08
/epuck2/cmd_vel,21.534657406,0.025,-8.742278012618954e-08
/epuck2/cmd_vel,21.541272953,0.025,-8.742278012618954e-08
/epuck2/cmd_vel,21.553137765,0.025,-8.742278012618954e-08
/epuck2/cmd_vel,21.558775896,0.025,-8.742278012618954e-08
/epuck2/cmd_vel,21.570943627,0.025,-8.742278012618954e-08
/epuck2/cmd_vel,21.576842103,0.025,-8.742278012618954e-08
/epuck2/cmd_vel,21.586026515,0.025,-8.742278012618954e-08
/epuck2/cmd_vel,21.595483265,0.025,-8.742278012618954e-08
/epuck2/cmd_vel,21.602461896,0.025,-8.742278012618954e-08
/epuck2/cmd_vel,21.608584838,0.025,-8.742278012618954e-08
/epuck2/cmd_vel,21.620724385,0.025,-8.742278012618954e-08
/epuck2/cmd_vel,21.625304949,0.025,-8.742278012618954e-08
/epuck2/cmd_vel,21.632710025,0.025,-8.742278012618954e-08
/epuck2/cmd_vel,21.641801793,0.025,-8.742278012618954e-08
/epuck2/cmd_vel,21.649503891,0.025,-8.742278012618954e-08
/epuck2/cmd_vel,21.655793034,0.025,-8.742278012618954e-08
/epuck2/cmd_vel,21.666772674,0.025,-8.742278012618954e-08
/epuck2/cmd_vel,21.673070811,0.025,-8.742278012618954e-08
/epuck2/cmd_vel,21.682962202,0.025,-8.742278012618954e-08
/epuck2/cmd_vel,21.690693982,0.025,-8.742278012618954e-08
/epuck2/cmd_vel,21.69901681,0.025,-8.742278012618954e-08
/epuck2/cmd_vel,21.706743893,0.025,-8.742278012618954e-08
/epuck2/cmd_vel,21.715326566,0.025,-8.742278012618954e-08
/epuck2/cmd_vel,21.720857761,0.025,-8.742278012618954e-08
/epuck2/cmd_vel,21.732287133,0.025,-8.742278012618954e-08
/epuck2/cmd_vel,21.73980784,0.025,-8.742278012618954e-08
/epuck2/cmd_vel,21.75219274,0.025,-8.742278012618954e-08
/epuck2/cmd_vel,21.757354057,0.025,-8.742278012618954e-08
/epuck2/cmd_vel,21.768601337,0.025,-8.742278012618954e-08
/epuck2/cmd_vel,21.7736855,0.025,-8.742278012618954e-08
/epuck2/cmd_vel,21.782667133,0.025,-8.742278012618954e-08
/epuck2/cmd_vel,21.790231514,0.025,-8.742278012618954e-08
/epuck2/cmd_vel,21.797953025,0.025,-8.742278012618954e-08
/epuck2/cmd_vel,21.802340177,0.025,-8.742278012618954e-08
/epuck2/cmd_vel,21.814055905,0.025,-8.742278012618954e-08
/epuck2/cmd_vel,21.81806651,0.025,-8.742278012618954e-08
/epuck2/cmd_vel,21.826005276,0.025,-8.742278012618954e-08
/epuck2/cmd_vel,21.834796269,0.025,-8.742278012618954e-08
/epuck2/cmd_vel,21.842422744,0.025,-8.742278012618954e-08
/epuck2/cmd_vel,21.848311687,0.025,-8.742278012618954e-08
/epuck2/cmd_vel,21.860913919,0.025,-8.742278012618954e-08
/epuck2/cmd_vel,21.86833873,0.025,-8.742278012618954e-08
/epuck2/cmd_vel,21.880188368,0.025,-8.742278012618954e-08
/epuck2/cmd_vel,21.885405562,0.025,-8.742278012618954e-08
/epuck2/cmd_vel,21.89783491,0.025,-8.742278012618954e-08
/epuck2/cmd_vel,21.904468053,0.025,-8.742278012618954e-08
/epuck2/cmd_vel,21.913792688,0.025,-8.742278012618954e-08
/epuck2/cmd_vel,21.921868361,0.025,-8.742278012618954e-08
/epuck2/cmd_vel,21.929499733,0.025,-8.742278012618954e-08
/epuck2/cmd_vel,21.935376984,0.025,-8.742278012618954e-08
/epuck2/cmd_vel,21.946997776,0.025,-8.742278012618954e-08
/epuck2/cmd_vel,21.951645653,0.025,-8.742278012618954e-08
/epuck2/cmd_vel,21.964922132,0.023705629699999523,-0.038831196422794534
/epuck2/cmd_vel,21.970096954,0.023152241500000063,-0.05543284242277835
/epuck2/cmd_vel,21.980392237,0.022104535500000116,-0.0868640224227768
/epuck2/cmd_vel,21.988388863,0.021339419699999956,-0.1098174964227816
/epuck2/cmd_vel,21.997567696,0.020418748299999838,-0.1374376384227851
/epuck2/cmd_vel,22.008467272,0.019454206400000378,-0.16637389542276892
/epuck2/cmd_vel,22.014897651,0.01861881770000054,-0.1914355564227641
/epuck2/cmd_vel,22.021559075,0.017990430000000408,-0.21028718742276808
/epuck2/cmd_vel,22.031200996,0.01698563510000071,-0.24043103442275893
/epuck2/cmd_vel,22.037623381,0.01648683030000058,-0.2553951784227628
/epuck2/cmd_vel,22.045553452,0.01560745120000036,-0.2817765514227695
/epuck2/cmd_vel,22.052377267,0.014867248599999532,-0.3039826294227943
/epuck2/cmd_vel,22.060428257,0.014072602500000647,-0.3278220124227609
/epuck2/cmd_vel,22.065568703,0.013590226700000591,-0.3422932864227626
/epuck2/cmd_vel,22.077915007,0.012479103300000821,-0.37562698842275566
/epuck2/cmd_vel,22.083127305,0.01179232470000074,-0.3962303464227581
/epuck2/cmd_vel,22.094852926,0.010632993800000184,-0.43101027342277476
/epuck2/cmd_vel,22.100667918,0.01004613810000024,-0.4486159444227731
/epuck2/cmd_vel,22.108317978,0.009302857500000533,-0.4709143624227643
/epuck2/cmd_vel,22.117619528,0.008415833600000162,-0.49752507942277546
/epuck2/cmd_vel,22.125531711,0.0075851517000003876,-0.5224455364227687
/epuck2/cmd_vel,22.131196205,0.007019691700000414,-0.5394093364227679
/epuck2/cmd_vel,22.143272091,0.006,-0.5729349094227878
/epuck2/cmd_vel,22.149952202,0.006,-0.5966708614227549
/epuck2/cmd_vel,22.157929942,0.006,-0.6200815294227944
/epuck2/cmd_vel,22.165347857,0.006,-0.6379321354227763
/epuck2/cmd_vel,22.172240226,0.006,-0.65
/epuck2/cmd_vel,22.180963165,0.0063954742499999495,-0.618362060000004
/epuck2/cmd_vel,22.190567211,0.006878819500000105,-0.5796944399999916
/epuck2/cmd_vel,22.195691568,0.007096203400000206,-0.5623037279999835
/epuck2/cmd_vel,22.204859408,0.007639023700000309,-0.5188781039999754
/epuck2/cmd_vel,22.212310701,0.007997802599999687,-0.49017579200002503
/epuck2/cmd_vel,22.224556073,0.008626744999999885,-0.43986040000000914
/epuck2/cmd_vel,22.231685482,0.008982211150000323,-0.41142310799997406
/epuck2/cmd_vel,22.240921876,0.009441797299999648,-0.3746562160000281
/epuck2/cmd_vel,22.24697221,0.009734540600000001,-0.3512367519999998
/epuck2/cmd_vel,22.255811571,0.010140138049999818,-0.31878895600001445
/epuck2/cmd_vel,22.263845372,0.010581451549999826,-0.2834838760000139
/epuck2/cmd_vel,22.272180472,0.010982911799999811,-0.2513670560000151
/epuck2/cmd_vel,22.277433142,0.011255368699999962,-0.229570504000003
/epuck2/cmd_vel,22.289918253,0.011885695149999747,-0.1791443880000202
/epuck2/cmd_vel,22.297276709,0.012,-0.14922968800001402
/epuck2/cmd_vel,22.308947966,0.012,-0.10359994799997596
/epuck2/cmd_vel,22.315829942,0.012,-0.07510629600002405
/epuck2/cmd_vel,22.323279836,0.012,-0.050130276000027174
/epuck2/cmd_vel,22.331513703,0.012,-0.015889684000023885
/epuck2/cmd_vel,22.339544907,0.012,0.01648456000001486
/epuck2/cmd_vel,22.346364924,0.012,0.03942004899999174
/epuck2/cmd_vel,22.358549437,0.012,0.07542795399999702
/epuck2/cmd_vel,22.365599899,0.012,0.09318592299999862
/epuck2/cmd_vel,22.376560434,0.012,0.12872074600001893
/epuck2/cmd_vel,22.383162298,0.012,0.14715895600001827
/epuck2/cmd_vel,22.394716834,0.012,0.18197875900000893
/epuck2/cmd_vel,22.4039957,0.012,0.20392221399999355
/epuck2/cmd_vel,22.407872195,0.012,0.2221970349999992
/epuck2/cmd_vel,22.416387973,0.012,0.24887700699999582
/epuck2/cmd_vel,22.426650377,0.012,0.2801468949999929
/epuck2/cmd_vel,22.431665407,0.012,0.2954012439999957
/epuck2/cmd_vel,22.443629768,0.012,0.330537037000019
/epuck2/cmd_vel,22.450015077,0.012,0.35
/epuck2/cmd_vel,22.46187065,0.012,0.35
/epuck2/cmd_vel,22.467277879,0.012,0.35
/epuck2/cmd_vel,22.475598718,0.012,0.35
/epuck2/cmd_vel,22.489473286,0.012,0.2977680444669984
/epuck2/cmd_vel,22.494993193,0.012,0.2977680444669984
/epuck2/cmd_vel,22.504609725,0.012,0.2977680444669984
/epuck2/cmd_vel,22.513425205,0.012,0.2977680444669984
/epuck2/cmd_vel,22.519243117,0.012,0.2977680444669984
/epuck2/cmd_vel,22.531474152,0.012,0.2977680444669984
/epuck2/cmd_vel,22.536457389,0.012,0.2977680444669984
/epuck2/cmd_vel,22.547746975,0.012,0.2977680444669984
/epuck2/cmd_vel,22.553221951,0.012,0.2977680444669984
/epuck2/cmd_vel,22.563613317,0.012,0.2977680444669984
/epuck2/cmd_vel,22.578681809,0.012,0.2977680444669984
/epuck2/cmd_vel,22.580246788,0.012,0.2977680444669984
/epuck2/cmd_vel,22.585429563,0.012,0.2977680444669984
/epuck2/cmd_vel,22.599584625,0.012,0.24426154446702936
/epuck2/cmd_vel,22.604307982,0.012,0.22396354446700412
/epuck2/cmd_vel,22.615384121,0.012,0.1782548204669963
/epuck2/cmd_vel,22.622244752,0.012,0.150525696467035
/epuck2/cmd_vel,22.633610591,0.012,0.10676351646699073
/epuck2/cmd_vel,22.639669169,0.012,0.08316804446703668
/epuck2/cmd_vel,22.649118286,0.012,0.04566057646703553
/epuck2/cmd_vel,22.66173879,0.012,-0.007028559532990808
/epuck2/cmd_vel,22.667824086,0.012,-0.023235237532994002
/epuck2/cmd_vel,22.6769782,0.012,-0.035753273968670556
/epuck2/cmd_vel,22.685168348,0.012,-0.035753273968670556
/epuck2/cmd_vel,22.69047801,0.012,-0.05084108096868522
/epuck2/cmd_vel,22.702239221,0.012,-0.08353933196869878
/epuck2/cmd_vel,22.706804169,0.012,-0.10035392696868417
/epuck2/cmd_vel,22.714619359,0.012,-0.1228469399686718
/epuck2/cmd_vel,22.723181864,0.012,-0.14977941296865982
/epuck2/cmd_vel,22.733042564,0.012,-0.17403043796868634
/epuck2/cmd_vel,22.743028852,0.012,-0.1826619386720397
/epuck2/cmd_vel,22.748308293,0.012,-0.1826619386720397
/epuck2/cmd_vel,22.75366919,0.012,-0.1826619386720397
/epuck2/cmd_vel,22.766959956,0.012,-0.1826619386720397
/epuck2/cmd_vel,22.772672395,0.012,-0.1826619386720397
/epuck2/cmd_vel,22.783762243,0.012,-0.1826619386720397
/epuck2/cmd_vel,22.789472652,0.012,-0.1826619386720397
/epuck2/cmd_vel,22.795617862,0.012,-0.15481227467200984
/epuck2/cmd_vel,22.805368307,0.012,-0.11859141867200992
/epuck2/cmd_vel,22.814157556,0.012,-0.08168413467201549
/epuck2/cmd_vel,22.827217253,0.012,-0.032307522672012284
/epuck2/cmd_vel,22.834248112,0.012,-0.03178274631974478
/epuck2/cmd_vel,22.839246811,0.012,-0.03178274631974478
/epuck2/cmd_vel,22.851979906,0.012,-0.03178274631974478
/epuck2/cmd_vel,22.859874901,0.012,-0.03178274631974478
/epuck2/cmd_vel,22.869183672,0.012,-0.03178274631974478
/epuck2/cmd_vel,22.877978124,0.012,-0.03178274631974478
/epuck2/cmd_vel,22.889959953,0.012,-0.03178274631974478
/epuck2/cmd_vel,22.896335006,0.012,-0.011509378319739659
/epuck2/cmd_vel,22.90614809,0.012,0.030969357680224442
/epuck2/cmd_vel,22.917103082,0.012,0.04762694835188608
/epuck2/cmd_vel,22.923312932,0.012,0.04762694835188608
/epuck2/cmd_vel,22.928371568,0.012,0.04762694835188608
/epuck2/cmd_vel,22.938960333,0.012,0.04762694835188608
/epuck2/cmd_vel,22.945203303,0.012,0.04762694835188608
/epuck2/cmd_vel,22.95576175,0.012,0.04762694835188608
/epuck2/cmd_vel,22.961868536,0.012,0.04762694835188608
/epuck2/cmd_vel,22.970162178,0.012,0.04762694835188608
/epuck2/cmd_vel,22.980062216,0.012,0.04762694835188608
/epuck2/cmd_vel,22.988026153,0.012,0.04762694835188608
/epuck2/cmd_vel,23.001171003,0.012,0.011892628664996428
/epuck2/cmd_vel,23.006926371,0.012,0.01189262866499643
/epuck2/cmd_vel,23.012952107,0.012,0.01189262866499643
/epuck2/cmd_vel,23.025292858,0.012,0.01189262866499643
/epuck2/cmd_vel,23.03073103,0.012,0.01189262866499643
/epuck2/cmd_vel,23.038580096,0.012,0.01189262866499643
/epuck2/cmd_vel,23.046480294,0.012,0.01189262866499643
/epuck2/cmd_vel,23.054729209,0.012,0.01189262866499643
/epuck2/cmd_vel,23.060998095,0.012,0.01189262866499643
/epuck2/cmd_vel,23.072934796,0.012,0.01189262866499643
/epuck2/cmd_vel,23.081396742,0.012,0.01189262866499643
/epuck2/cmd_vel,23.092106382,0.012,0.01189262866499643
/epuck2/cmd_vel,23.099267222,0.012,-0.003989481930706694
/epuck2/cmd_vel,23.112053949,0.012,-0.003989481930706695
/epuck2/cmd_vel,23.117930092,0.012,-0.003989481930706695
/epuck2/cmd_vel,23.126724845,0.012,-0.003989481930706695
/epuck2/cmd_vel,23.136148488,0.012,-0.003989481930706695
/epuck2/cmd_vel,23.145205103,0.012,-0.003989481930706695
/epuck2/cmd_vel,23.154550097,0.012,-0.003989481930706695
/epuck2/cmd_vel,23.161498304,0.012,-0.003989481930706695
/epuck2/cmd_vel,23.169691584,0.012,-0.003989481930706695
/epuck2/cmd_vel,23.180011182,0.012,-0.003989481930706695
/epuck2/cmd_vel,23.185879721,0.012,-0.003989481930706695
/epuck2/cmd_vel,23.197328519,0.012,-0.003989481930706695
/epuck2/cmd_vel,23.206092552,0.012,-0.003989481930706695
/epuck2/cmd_vel,23.217166118,0.012,-0.003989481930706695
/epuck2/cmd_vel,23.222482414,0.012,-0.003989481930706695
/epuck2/cmd_vel,23.230736632,0.012,-0.003989481930706695
/epuck2/cmd_vel,23.240308266,0.012,-0.003989481930706695
/epuck2/cmd_vel,23.24947685,0.012,-0.003989481930706695
/epuck2/cmd_vel,23.255689302,0.012,-0.003989481930706695
/epuck2/cmd_vel,23.266853424,0.012,-0.003989481930706695
/epuck2/cmd_vel,23.271883942,0.012,-0.003989481930706695
/epuck2/cmd_vel,23.283177745,0.012,-0.003989481930706695
/epuck2/cmd_vel,23.288844058,0.012,-0.003989481930706695
/epuck2/cmd_vel,23.297265679,0.012,-0.003989481930706695
/epuck2/cmd_vel,23.304612234,0.012,-1.895428178091442e-05
/epuck2/cmd_vel,23.315401623,0.012,-1.8954281780914074e-05
/epuck2/cmd_vel,23.321051626,0.012,-1.8954281780914074e-05
/epuck2/cmd_vel,23.332361838,0.012,-1.8954281780914074e-05
/epuck2/cmd_vel,23.338988046,0.012,-1.8954281780914074e-05
/epuck2/cmd_vel,23.350838293,0.012,-1.8954281780914074e-05
/epuck2/cmd_vel,23.356893948,0.012,-1.8954281780914074e-05
/epuck2/cmd_vel,23.369344267,0.012,-1.8954281780914074e-05
/epuck2/cmd_vel,23.376390035,0.012,-1.8954281780914074e-05
/epuck2/cmd_vel,23.385370303,0.012,-1.8954281780914074e-05
/epuck2/cmd_vel,23.394159352,0.012,-1.8954281780914074e-05
/epuck2/cmd_vel,23.403896489,0.012,-1.8954281780914074e-05
/epuck2/cmd_vel,23.412496321,0.012,-1.8954281780914074e-05
/epuck2/cmd_vel,23.420332079,0.012,-1.8954281780914074e-05
/epuck2/cmd_vel,23.426622479,0.012,-1.8954281780914074e-05
/epuck2/cmd_vel,23.44104302,0.012,-1.8954281780914074e-05
/epuck2/cmd_vel,23.446617276,0.012,-1.8954281780914074e-05
/epuck2/cmd_vel,23.45647919,0.012,-1.8954281780914074e-05
/epuck2/cmd_vel,23.462419473,0.012,-1.8954281780914074e-05
/epuck2/cmd_vel,23.469281227,0.012,-1.8954281780914074e-05
/epuck2/cmd_vel,23.478367961,0.012,-1.8954281780914074e-05
/epuck2/cmd_vel,23.485524998,0.012,-1.8954281780914074e-05
/epuck2/cmd_vel,23.490716517,0.012,-1.8954281780914074e-05
/epuck2/cmd_vel,23.503891085,0.012,-1.8954281780914074e-05
/epuck2/cmd_vel,23.511312086,0.012,-1.8954281780914074e-05
/epuck2/cmd_vel,23.52238415,0.012,-1.8954281780914074e-05
/epuck2/cmd_vel,23.527523236,0.012,-1.8954281780914074e-05
/epuck2/cmd_vel,23.536237339,0.012,-1.8954281780914074e-05
/epuck2/cmd_vel,23.54501238,0.012,-1.8954281780914074e-05
/epuck2/cmd_vel,23.554293434,0.012,-1.8954281780914074e-05
/epuck2/cmd_vel,23.560042898,0.012,-1.8954281780914074e-05
/epuck2/cmd_vel,23.570240921,0.012,-1.8954281780914074e-05
/epuck2/cmd_vel,23.575108039,0.012,-1.8954281780914074e-05
/epuck2/cmd_vel,23.587399359,0.012,-1.8954281780914074e-05
/epuck2/cmd_vel,23.593105597,0.012,-1.8954281780914074e-05
/epuck2/cmd_vel,23.601354511,0.012,-1.8954281780914074e-05
/epuck2/cmd_vel,23.610285448,0.012,-1.8954281780914074e-05
/epuck2/cmd_vel,23.618850258,0.012,-1.8954281780914074e-05
/epuck2/cmd_vel,23.624673969,0.012,-1.8954281780914074e-05
/epuck2/cmd_vel,23.635582632,0.012,-1.8954281780914074e-05
/epuck2/cmd_vel,23.641593659,0.012,-1.8954281780914074e-05
/epuck2/cmd_vel,23.653052964,0.012,-1.8954281780914074e-05
/epuck2/cmd_vel,23.658252487,0.012,-1.8954281780914074e-05
/epuck2/cmd_vel,23.666956984,0.012,-1.8954281780914074e-05
/epuck2/cmd_vel,23.675768047,0.012,-1.8954281780914074e-05
/epuck2/cmd_vel,23.683904892,0.012,-1.8954281780914074e-05
/epuck2/cmd_vel,23.689408704,0.012,-1.8954281780914074e-05
/epuck2/cmd_vel,23.700977376,0.012,-1.8954281780914074e-05
/epuck2/cmd_vel,23.708170036,0.012,-1.8954281780914074e-05
/epuck2/cmd_vel,23.717568963,0.012,-1.8954281780914074e-05
/epuck2/cmd_vel,23.723329935,0.012,-1.8954281780914074e-05
/epuck2/cmd_vel,23.732881857,0.012,-1.8954281780914074e-05
/epuck2/cmd_vel,23.738562479,0.012,-1.8954281780914074e-05
/epuck2/cmd_vel,23.747256069,0.012,-1.8954281780914074e-05
/epuck2/cmd_vel,23.752883658,0.012,-1.8954281780914074e-05
/epuck2/cmd_vel,23.761980998,0.012,-1.8954281780914074e-05
/epuck2/cmd_vel,23.768083682,0.012,-1.8954281780914074e-05
/epuck2/cmd_vel,23.775512387,0.012,-1.8954281780914074e-05
/epuck2/cmd_vel,23.785733324,0.012,-1.8954281780914074e-05
/epuck2/cmd_vel,23.794095892,0.012,-1.8954281780914074e-05
/epuck2/cmd_vel,23.802091727,0.012,-1.8954281780914074e-05
/epuck2/cmd_vel,23.815067224,0.012,-1.8954281780914074e-05
/epuck2/cmd_vel,23.823958456,0.012,-1.8954281780914074e-05
/epuck2/cmd_vel,23.831932979,0.012,-1.8954281780914074e-05
/epuck2/cmd_vel,23.837531885,0.012,-1.8954281780914074e-05
/epuck2/cmd_vel,23.848369496,0.012,-1.8954281780914074e-05
/epuck2/cmd_vel,23.855293737,0.012,-1.8954281780914074e-05
/epuck2/cmd_vel,23.867848701,0.012,-1.8954281780914074e-05
/epuck2/cmd_vel,23.87419372,0.012,-1.8954281780914074e-05
/epuck2/cmd_vel,23.888367182,0.012,-1.8954281780914074e-05
/epuck2/cmd_vel,23.893669923,0.012,-1.8954281780914074e-05
/epuck2/cmd_vel,23.904707846,0.012,-1.8954281780914074e-05
/epuck2/cmd_vel,23.909967863,0.012,-1.8954281780914074e-05
/epuck2/cmd_vel,23.920034547,0.012,-1.8954281780914074e-05
/epuck2/cmd_vel,23.929366523,0.012,-1.8954281780914074e-05
/epuck2/cmd_vel,23.937800501,0.012,-1.8954281780914074e-05
/epuck2/cmd_vel,23.947958436,0.012,-1.8954281780914074e-05
/epuck2/cmd_vel,23.954786123,0.012,-1.8954281780914074e-05
/epuck2/cmd_vel,23.961816522,0.012,-1.8954281780914074e-05
/epuck2/cmd_vel,23.973075768,0.012,-1.8954281780914074e-05
/epuck2/cmd_vel,23.978675774,0.012,-1.8954281780914074e-05
/epuck2/cmd_vel,23.990014563,0.012,-1.8954281780914074e-05
/epuck2/cmd_vel,23.994134949,0.012,-1.8954281780914074e-05
/epuck2/cmd_vel,24.002507593,0.012,-1.8954281780914074e-05
/epuck2/cmd_vel,24.011142983,0.012,-1.8954281780914074e-05
/epuck2/cmd_vel,24.017868713,0.012,-1.8954281780914074e-05
/epuck2/cmd_vel,24.0261388,0.012,-1.8954281780914074e-05
/epuck2/cmd_vel,24.035264262,0.012,-1.8954281780914074e-05
/epuck2/cmd_vel,24.041046669,0.012,-1.8954281780914074e-05
/epuck2/cmd_vel,24.04780902,0.012,-1.8954281780914074e-05
/epuck2/cmd_vel,24.055322088,0.012,-1.8954281780914074e-05
/epuck2/cmd_vel,24.065752973,0.012,-1.8954281780914074e-05
/epuck2/cmd_vel,24.067596296,0.012,-1.8954281780914074e-05
/epuck2/cmd_vel,24.079959954,0.012,-1.8954281780914074e-05
/epuck2/cmd_vel,24.086658469,0.012,-1.8954281780914074e-05
/epuck2/cmd_vel,24.10110178,0.012,-1.8954281780914074e-05
/epuck2/cmd_vel,24.108424842,0.012,-1.8954281780914074e-05
/epuck2/cmd_vel,24.122706664,0.012,-1.8954281780914074e-05
/epuck2/cmd_vel,24.129724157,0.012,-1.8954281780914074e-05
/epuck2/cmd_vel,24.141444758,0.012,-1.8954281780914074e-05
/epuck2/cmd_vel,24.149055379,0.012,-1.8954281780914074e-05
/epuck2/cmd_vel,24.15423135,0.012,-1.8954281780914074e-05
/epuck2/cmd_vel,24.163824171,0.012,-1.8954281780914074e-05
/epuck2/cmd_vel,24.172323085,0.012,-1.8954281780914074e-05
/epuck2/cmd_vel,24.177204493,0.012,-1.8954281780914074e-05
/epuck2/cmd_vel,24.187704717,0.012,-1.8954281780914074e-05
/epuck2/cmd_vel,24.193016163,0.012,-1.8954281780914074e-05
/epuck2/cmd_vel,24.204059789,0.012,-1.8954281780914074e-05
/epuck2/cmd_vel,24.211840604,0.012,-1.8954281780914074e-05
/epuck2/cmd_vel,24.219516162,0.012,-1.8954281780914074e-05
/epuck2/cmd_vel,24.22901313,0.012,0.003951573367144867
/epuck2/cmd_vel,24.238483883,0.012,0.003951573367144867
/epuck2/cmd_vel,24.249979959,0.012,0.003951573367144867
/epuck2/cmd_vel,24.25771495,0.012,0.003951573367144867
/epuck2/cmd_vel,24.26243897,0.012,0.003951573367144867
/epuck2/cmd_vel,24.275907341,0.012,0.003951573367144867
/epuck2/cmd_vel,24.282334005,0.012,0.003951573367144867
/epuck2/cmd_vel,24.292537865,0.012,0.003951573367144867
/epuck2/cmd_vel,24.298408822,0.012,0.003951573367144867
/epuck2/cmd_vel,24.307498063,0.012,0.003951573367144867
/epuck2/cmd_vel,24.31632666,0.012,0.003951573367144867
/epuck2/cmd_vel,24.323757782,0.012,-0.0039894819307066945
/epuck2/cmd_vel,24.333787945,0.012,-0.003989481930706695
/epuck2/cmd_vel,24.346194327,0.012,-0.003989481930706695
/epuck2/cmd_vel,24.355262757,0.012,-0.003989481930706695
/epuck2/cmd_vel,24.362942717,0.012,-0.003989481930706695
/epuck2/cmd_vel,24.368750438,0.012,-0.003989481930706695
/epuck2/cmd_vel,24.382594017,0.012,-0.003989481930706695
/epuck2/cmd_vel,24.389387085,0.012,-0.003989481930706695
/epuck2/cmd_vel,24.40127628,0.012,-0.003989481930706695
/epuck2/cmd_vel,24.407184257,0.012,-0.003989481930706695
/epuck2/cmd_vel,24.417114465,0.012,-0.003989481930706695
/epuck2/cmd_vel,24.425062973,0.012,-1.895428178091442e-05
/epuck2/cmd_vel,24.434204344,0.012,-1.8954281780914074e-05
/epuck2/cmd_vel,24.438197559,0.012,-1.8954281780914074e-05
/epuck2/cmd_vel,24.448900095,0.012,-1.8954281780914074e-05
/epuck2/cmd_vel,24.453551175,0.012,-1.8954281780914074e-05
/epuck2/cmd_vel,24.465454778,0.012,-1.8954281780914074e-05
/epuck2/cmd_vel,24.470710793,0.012,-1.8954281780914074e-05
/epuck2/cmd_vel,24.480850817,0.012,-1.8954281780914074e-05
/epuck2/cmd_vel,24.48974395,0.012,-1.8954281780914074e-05
/epuck2/cmd_vel,24.499245521,0.012,-1.8954281780914074e-05
/epuck2/cmd_vel,24.50476058,0.012,-1.8954281780914074e-05
/epuck2/cmd_vel,24.519666247,0.012,-1.8954281780914074e-05
/epuck2/cmd_vel,24.524562863,0.012,-1.8954281780914074e-05
/epuck2/cmd_vel,24.533800487,0.012,-1.8954281780914074e-05
/epuck2/cmd_vel,24.541453132,0.012,-1.8954281780914074e-05
/epuck2/cmd_vel,24.553549642,0.012,-1.8954281780914074e-05
/epuck2/cmd_vel,24.559629414,0.012,-1.8954281780914074e-05
/epuck2/cmd_vel,24.568680634,0.012,-1.8954281780914074e-05
/epuck2/cmd_vel,24.577719548,0.012,-1.8954281780914074e-05
/epuck2/cmd_vel,24.586493615,0.012,-1.8954281780914074e-05
/epuck2/cmd_vel,24.591332699,0.012,-1.8954281780914074e-05
/epuck2/cmd_vel,24.60235209,0.012,-1.8954281780914074e-05
/epuck2/cmd_vel,24.607364099,0.012,-1.8954281780914074e-05
/epuck2/cmd_vel,24.617299772,0.012,-1.8954281780914074e-05
/epuck2/cmd_vel,24.622234617,0.012,-1.8954281780914074e-05
/epuck2/cmd_vel,24.629248614,0.012,-1.8954281780914074e-05
/epuck2/cmd_vel,24.634643951,0.012,-1.8954281780914074e-05
/epuck2/cmd_vel,24.646303301,0.012,-1.8954281780914074e-05
/epuck2/cmd_vel,24.65038564,0.012,-1.8954281780914074e-05
/epuck2/cmd_vel,24.660743273,0.012,-1.8954281780914074e-05
/epuck2/cmd_vel,24.665390422,0.012,-1.8954281780914074e-05
/epuck2/cmd_vel,24.67348762,0.012,-1.8954281780914074e-05
/epuck2/cmd_vel,24.684960696,0.012,-1.8954281780914074e-05
/epuck2/cmd_vel,24.692858444,0.012,-1.8954281780914074e-05
/epuck2/cmd_vel,24.694804031,0.012,-1.8954281780914074e-05
/epuck2/cmd_vel,24.707833877,0.012,-1.8954281780914074e-05
/epuck2/cmd_vel,24.714357036,0.012,-1.8954281780914074e-05
/epuck2/cmd_vel,24.725280376,0.012,-1.8954281780914074e-05
/epuck2/cmd_vel,24.732972584,0.012,-1.8954281780914074e-05
/epuck2/cmd_vel,24.740729678,0.012,-1.8954281780914074e-05
/epuck2/cmd_vel,24.748857622,0.012,-1.8954281780914074e-05
/epuck2/cmd_vel,24.757179626,0.012,-1.8954281780914074e-05
/epuck2/cmd_vel,24.763356392,0.012,-1.8954281780914074e-05
/epuck2/cmd_vel,24.775556493,0.012,-1.8954281780914074e-05
/epuck2/cmd_vel,24.780967802,0.012,-1.8954281780914074e-05
/epuck2/cmd_vel,24.793402448,0.012,-1.8954281780914074e-05
/epuck2/cmd_vel,24.798998388,0.012,-1.8954281780914074e-05
/epuck2/cmd_vel,24.807738421,0.012,-1.8954281780914074e-05
/epuck2/cmd_vel,24.81677771,0.012,-1.8954281780914074e-05
/epuck2/cmd_vel,24.823466367,0.012,-1.8954281780914074e-05
/epuck2/cmd_vel,24.830499897,0.012,-1.8954281780914074e-05
/epuck2/cmd_vel,24.840874163,0.012,-1.8954281780914074e-05
/epuck2/cmd_vel,24.844252929,0.012,-1.8954281780914074e-05
/epuck2/cmd_vel,24.856820312,0.012,-1.8954281780914074e-05
/epuck2/cmd_vel,24.861385524,0.012,-1.8954281780914074e-05
/epuck2/cmd_vel,24.870441383,0.012,-1.8954281780914074e-05
/epuck2/cmd_vel,24.877694715,0.012,-1.8954281780914074e-05
/epuck2/cmd_vel,24.891916495,0.012,-1.8954281780914074e-05
/epuck2/cmd_vel,24.896015653,0.012,-1.8954281780914074e-05
/epuck2/cmd_vel,24.907097634,0.012,-1.8954281780914074e-05
/epuck2/cmd_vel,24.909949157,0.012,-1.8954281780914074e-05
/epuck2/cmd_vel,24.920485528,0.012,-1.8954281780914074e-05
/epuck2/cmd_vel,24.92517152,0.012,-1.8954281780914074e-05
/epuck2/cmd_vel,24.93453532,0.012,-1.8954281780914074e-05
/epuck2/cmd_vel,24.944071407,0.012,-1.8954281780914074e-05
/epuck2/cmd_vel,24.950809774,0.012,-1.8954281780914074e-05
/epuck2/cmd_vel,24.956765761,0.012,-1.8954281780914074e-05
/epuck2/cmd_vel,24.967426307,0.012,-1.8954281780914074e-05
/epuck2/cmd_vel,24.973163091,0.012,-1.8954281780914074e-05
/epuck2/cmd_vel,24.985195746,0.012,-1.8954281780914074e-05
/epuck2/cmd_vel,24.990241885,0.012,-1.8954281780914074e-05
/epuck2/cmd_vel,24.998194946,0.012,-1.8954281780914074e-05
/epuck2/cmd_vel,25.006886067,0.012,-1.8954281780914074e-05
/epuck2/cmd_vel,25.0181042,0.012,-1.8954281780914074e-05
/epuck2/cmd_vel,25.021069217,0.012,-1.8954281780914074e-05
/epuck2/cmd_vel,25.032698005,0.012,0.003951573367144867
/epuck2/cmd_vel,25.038453456,0.012,0.003951573367144867
/epuck2/cmd_vel,25.048629581,0.012,0.003951573367144867
/epuck2/cmd_vel,25.054559815,0.012,0.003951573367144867
/epuck2/cmd_vel,25.062912351,0.012,0.003951573367144867
/epuck2/cmd_vel,25.070925204,0.012,0.003951573367144867
/epuck2/cmd_vel,25.078872675,0.012,0.003951573367144867
/epuck2/cmd_vel,25.085895525,0.012,0.003951573367144867
/epuck2/cmd_vel,25.096303629,0.012,0.003951573367144867
/epuck2/cmd_vel,25.101615685,0.012,0.003951573367144867
/epuck2/cmd_vel,25.116227158,0.012,0.003951573367144867
/epuck2/cmd_vel,25.121556582,0.012,0.003951573367144867
/epuck2/cmd_vel,25.12938996,0.012,0.003951573367144867
/epuck2/cmd_vel,25.139086656,0.012,-0.0039894819307066945
/epuck2/cmd_vel,25.146793963,0.012,-0.003989481930706695
/epuck2/cmd_vel,25.152603915,0.012,-0.003989481930706695
/epuck2/cmd_vel,25.163654253,0.012,-0.003989481930706695
/epuck2/cmd_vel,25.168902026,0.012,-0.003989481930706695
/epuck2/cmd_vel,25.179262916,0.012,-0.003989481930706695
/epuck2/cmd_vel,25.18492314,0.012,-0.003989481930706695
/epuck2/cmd_vel,25.192892771,0.012,-0.003989481930706695
/epuck2/cmd_vel,25.200532401,0.012,-0.003989481930706695
/epuck2/cmd_vel,25.209635774,0.012,-0.003989481930706695
/epuck2/cmd_vel,25.215694175,0.012,-0.003989481930706695
/epuck2/cmd_vel,25.227316075,0.012,-0.003989481930706695
/epuck2/cmd_vel,25.231707203,0.012,-0.003989481930706695
/epuck2/cmd_vel,25.244026537,0.012,-1.895428178091442e-05
/epuck2/cmd_vel,25.248914762,0.012,-1.8954281780914074e-05
/epuck2/cmd_vel,25.257332779,0.012,-1.8954281780914074e-05
/epuck2/cmd_vel,25.264896448,0.012,-1.8954281780914074e-05
/epuck2/cmd_vel,25.272462212,0.012,-1.8954281780914074e-05
/epuck2/cmd_vel,25.279086485,0.012,-1.8954281780914074e-05
/epuck2/cmd_vel,25.290308612,0.012,-1.8954281780914074e-05
/epuck2/cmd_vel,25.296615461,0.012,-1.8954281780914074e-05
/epuck2/cmd_vel,25.307524157,0.012,-1.8954281780914074e-05
/epuck2/cmd_vel,25.312136583,0.012,-1.8954281780914074e-05
/epuck2/cmd_vel,25.326864145,0.012,-1.8954281780914074e-05
/epuck2/cmd_vel,25.3320115,0.012,-1.8954281780914074e-05
/epuck2/cmd_vel,25.34249886,0.012,-1.8954281780914074e-05
/epuck2/cmd_vel,25.350329044,0.012,-1.8954281780914074e-05
/epuck2/cmd_vel,25.358669801,0.012,-1.8954281780914074e-05
/epuck2/cmd_vel,25.368866988,0.012,-1.8954281780914074e-05
/epuck2/cmd_vel,25.380061465,0.012,-1.8954281780914074e-05
/epuck2/cmd_vel,25.384782494,0.012,-1.8954281780914074e-05
/epuck2/cmd_vel,25.397035049,0.012,-1.8954281780914074e-05
/epuck2/cmd_vel,25.406386272,0.012,-1.8954281780914074e-05
/epuck2/cmd_vel,25.417191455,0.012,-1.8954281780914074e-05
/epuck2/cmd_vel,25.423455183,0.012,-1.8954281780914074e-05
/epuck2/cmd_vel,25.434700667,0.012,-1.8954281780914074e-05
/epuck2/cmd_vel,25.43947989,0.012,-1.8954281780914074e-05
/epuck2/cmd_vel,25.44664059,0.012,0.033798849718242076
/epuck2/cmd_vel,25.455820524,0.012,0.06103679771823476
/epuck2/cmd_vel,25.465503943,0.012,0.08631480671822497
/epuck2/cmd_vel,25.470262804,0.012,0.1037883817182502
/epuck2/cmd_vel,25.48119286,0.012,0.13578828671822815
/epuck2/cmd_vel,25.486823438,0.012,0.15269139971822607
/epuck2/cmd_vel,25.494904067,0.012,0.1763825887182305
/epuck2/cmd_vel,25.503264788,0.012,0.2035594477182526
/epuck2/cmd_vel,25.511605845,0.012,0.22870479671822305
/epuck2/cmd_vel,25.516880669,0.012,0.241463133718217
/epuck2/cmd_vel,25.527949673,0.012,0.27756888371824984
/epuck2/cmd_vel,25.532808651,0.012,0.29094829271821665
/epuck2/cmd_vel,25.544557222,0.012,0.3
/epuck2/cmd_vel,25.551048237,0.012,0.3
/epuck2/cmd_vel,25.560694824,0.012,0.3
/epuck2/cmd_vel,25.567644706,0.012,0.3
/epuck2/cmd_vel,25.577557809,0.012,0.3
/epuck2/cmd_vel,25.580618253,0.012,0.3
/epuck2/cmd_vel,25.591984517,0.012,0.3
/epuck2/cmd_vel,25.600234938,0.012,0.3
/epuck2/cmd_vel,25.612975707,0.012,0.3
/epuck2/cmd_vel,25.621483062,0.012,0.3
/epuck2/cmd_vel,25.633819665,0.012,0.3
/epuck2/cmd_vel,25.642754144,0.012,0.3
/epuck2/cmd_vel,25.651026326,0.012,0.26406364400002075
/epuck2/cmd_vel,25.656404163,0.012,0.2436243520000289
/epuck2/cmd_vel,25.66396284,0.012,0.23822983741444118
/epuck2/cmd_vel,25.671886055,0.012,0.23822983741444118
/epuck2/cmd_vel,25.682481819,0.012,0.23822983741444118
/epuck2/cmd_vel,25.686028679,0.012,0.23822983741444118
/epuck2/cmd_vel,25.698032786,0.012,0.23822983741444118
/epuck2/cmd_vel,25.704689401,0.012,0.23822983741444118
/epuck2/cmd_vel,25.716305312,0.012,0.23822983741444118
/epuck2/cmd_vel,25.722149901,0.012,0.23822983741444118
/epuck2/cmd_vel,25.729387461,0.012,0.23822983741444118
/epuck2/cmd_vel,25.737664634,0.012,0.23822983741444118
/epuck2/cmd_vel,25.7464412,0.012,0.23822983741444118
/epuck2/cmd_vel,25.748657776,0.012,0.22754164141439473
/epuck2/cmd_vel,25.759722288,0.012557752399999601,0.1829214494144267
/epuck2/cmd_vel,25.764633372,0.012793115099999398,0.16409243341444293
/epuck2/cmd_vel,25.773362424,0.013238112199999364,0.12849266541444562
/epuck2/cmd_vel,25.780689422,0.013589314599999625,0.10039647341442473
/epuck2/cmd_vel,25.787922591,0.013965272749999513,0.07031982141443363
/epuck2/cmd_vel,25.792685768,0.01419953894999989,0.05157852541440347
/epuck2/cmd_vel,25.806205044,0.01485701234999962,0.033087404566355616
/epuck2/cmd_vel,25.814911336,0.015316222149999958,0.033087404566355616
/epuck2/cmd_vel,25.825909434,0.01583047389999973,0.033087404566355616
/epuck2/cmd_vel,25.831921373,0.0161511032999999,0.033087404566355616
/epuck2/cmd_vel,25.84450031,0.016791134399999914,0.033087404566355616
/epuck2/cmd_vel,25.850667458,0.017023778599999668,0.014475868566375283
/epuck2/cmd_vel,25.855677273,0.01733958205000004,-0.010788407433654612
/epuck2/cmd_vel,25.865036042,0.01779648114999997,-0.038202353433650416
/epuck2/cmd_vel,25.874093077,0.018170350849999545,-0.039704950647898835
/epuck2/cmd_vel,25.877844849,0.0184589202999997,-0.039704950647898835
/epuck2/cmd_vel,25.891112396,0.01906030379999944,-0.039704950647898835
/epuck2/cmd_vel,25.897016138,0.019383942549999738,-0.039704950647898835
/epuck2/cmd_vel,25.909110782,0.0199450165499999,-0.039704950647898835
/epuck2/cmd_vel,25.914226898,0.02027688489999971,-0.039704950647898835
/epuck2/cmd_vel,25.923501525,0.02069584509999938,-0.039704950647898835
/epuck2/cmd_vel,25.93208844,0.021151177149999506,-0.039704950647898835
/epuck2/cmd_vel,25.939705073,0.021527277649999628,-0.039704950647898835
/epuck2/cmd_vel,25.945340916,0.021839258249999712,-0.039704950647898835
/epuck2/cmd_vel,25.956915135,0.022401475099999398,-0.019852550821849026
/epuck2/cmd_vel,25.962431502,0.022657116249999627,-0.019852550821849026
/epuck2/cmd_vel,25.973902514,0.023242160349999604,-0.019852550821849026
/epuck2/cmd_vel,25.979665519,0.02353076975000004,-0.019852550821849026
/epuck2/cmd_vel,25.987618622,0.023923504049999416,-0.019852550821849026
/epuck2/cmd_vel,25.996264127,0.024360869799999813,-0.019852550821849026
/epuck2/cmd_vel,26.003927971,0.024753574199999913,-0.019852550821849026
/epuck2/cmd_vel,26.009807058,0.025,-0.019852550821849026
/epuck2/cmd_vel,26.020808451,0.025,-0.019852550821849026
/epuck2/cmd_vel,26.026476833,0.025,-0.019852550821849026
/epuck2/cmd_vel,26.037228892,0.025,-0.019852550821849026
/epuck2/cmd_vel,26.042485046,0.025,-0.019852550821849026
/epuck2/cmd_vel,26.051892724,0.025,-0.019852550821849026
/epuck2/cmd_vel,26.059381596,0.025,-0.008823307352610743
/epuck2/cmd_vel,26.06878059,0.025,-0.008823307352610743
/epuck2/cmd_vel,26.073906987,0.025,-0.008823307352610743
/epuck2/cmd_vel,26.087357192,0.025,-0.008823307352610743
/epuck2/cmd_vel,26.09096713,0.025,-0.008823307352610743
/epuck2/cmd_vel,26.102444131,0.025,-0.008823307352610743
/epuck2/cmd_vel,26.107026847,0.025,-0.008823307352610743
/epuck2/cmd_vel,26.115356144,0.025,-0.008823307352610743
/epuck2/cmd_vel,26.124217845,0.025,-0.008823307352610743
/epuck2/cmd_vel,26.133377188,0.025,-0.008823307352610743
/epuck2/cmd_vel,26.138389798,0.025,-0.008823307352610743
/epuck2/cmd_vel,26.149006611,0.025,-0.008823307352610743
/epuck2/cmd_vel,26.15468727,0.025,-0.008823307352610743
/epuck2/cmd_vel,26.161369453,0.025,-0.0022057612710677747
/epuck2/cmd_vel,26.170370592,0.025,-0.0022057612710677747
/epuck2/cmd_vel,26.18047736,0.025,-0.0022057612710677747
/epuck2/cmd_vel,26.188937912,0.025,-0.0022057612710677747
/epuck2/cmd_vel,26.197801309,0.025,-0.0022057612710677747
/epuck2/cmd_vel,26.202447605,0.025,-0.0022057612710677747
/epuck2/cmd_vel,26.215122163,0.025,-0.0022057612710677747
/epuck2/cmd_vel,26.221146878,0.025,-0.0022057612710677747
/epuck2/cmd_vel,26.232124515,0.025,-0.0022057612710677747
/epuck2/cmd_vel,26.23750294,0.025,-0.0022057612710677747
/epuck2/cmd_vel,26.245997927,0.025,-0.0022057612710677747
/epuck2/cmd_vel,26.254800838,0.0,0.0
/epuck2/cmd_vel,26.264253631,0.0,0.0
/epuck2/cmd_vel,26.269752331,0.0,0.0
/epuck2/cmd_vel,26.281009244,0.0,0.0
/epuck2/cmd_vel,26.285469689,0.0,0.0
/epuck2/cmd_vel,26.296143395,0.0,0.0
/epuck2/cmd_vel,26.30144207,0.0,0.0
/epuck2/cmd_vel,26.308869956,0.0,0.0
/epuck2/cmd_vel,26.317061911,0.0,0.0
/epuck2/cmd_vel,26.324129172,0.0,0.0
/epuck2/cmd_vel,26.329250479,0.0,0.0
/epuck2/cmd_vel,26.340061129,0.0,0.0
/epuck2/cmd_vel,26.34502493,0.0,0.0
/epuck2/cmd_vel,26.355377139,0.0,0.0
/epuck2/cmd_vel,26.361673544,0.0,0.0
/epuck2/cmd_vel,26.371250205,0.0,0.0
/epuck2/cmd_vel,26.3752569,0.0,0.0
/epuck2/cmd_vel,26.387551969,0.0,0.0
/epuck2/cmd_vel,26.391065687,0.0,0.0
/epuck2/cmd_vel,26.4010417,0.0,0.0
/epuck2/cmd_vel,26.405590779,0.0,0.0
/epuck2/cmd_vel,26.414423533,0.0,0.0
/epuck2/cmd_vel,26.422610298,0.0,0.0
/epuck2/cmd_vel,26.43128954,0.0,0.0
/epuck2/cmd_vel,26.436599094,0.0,0.0
/epuck2/cmd_vel,26.447826563,0.0,0.0
/epuck2/cmd_vel,26.452388917,0.0,0.0
/epuck2/cmd_vel,26.466907421,0.0,0.0
/epuck2/cmd_vel,26.474269131,0.0,0.0
/epuck2/cmd_vel,26.481420136,0.0,0.0
/epuck2/cmd_vel,26.489855934,0.0,0.0
/epuck2/cmd_vel,26.497829298,0.0,0.0
/epuck2/cmd_vel,26.503127075,0.0,0.0
/epuck2/cmd_vel,26.51482087,0.0,0.0
/epuck2/cmd_vel,26.520722016,0.0,0.0
/epuck2/cmd_vel,26.531677095,0.0,0.0
/epuck2/cmd_vel,26.535632586,0.0,0.0
/epuck2/cmd_vel,26.544152426,0.0,0.0
/epuck2/cmd_vel,26.551871567,0.0,0.0
/epuck2/cmd_vel,26.560346092,0.0,0.0
/epuck2/cmd_vel,26.567540815,0.0,0.0
/epuck2/cmd_vel,26.5791337,0.0,0.0
/epuck2/cmd_vel,26.584823442,0.0,0.0
/epuck2/cmd_vel,26.598401807,0.0,0.0
/epuck2/cmd_vel,26.60535079,0.0,0.0
/epuck2/cmd_vel,26.6165559,0.0,0.0
/epuck2/cmd_vel,26.622625431,0.0,0.0
/epuck2/cmd_vel,26.630237372,0.0,0.0
/epuck2/cmd_vel,26.637375901,0.0,0.0
/epuck2/cmd_vel,26.645809503,0.0,0.0
/epuck2/cmd_vel,26.651225458,0.0,0.0
/epuck2/cmd_vel,26.661237104,0.0,0.0
/epuck2/cmd_vel,26.667696005,0.0,0.0
/epuck2/cmd_vel,26.674802893,0.0,0.0
/epuck2/cmd_vel,26.684246403,0.0,0.0
/epuck2/cmd_vel,26.69238935,0.0,0.0
/epuck2/cmd_vel,26.701556478,0.0,0.0
/epuck2/cmd_vel,26.710828809,0.0,0.0
/epuck2/cmd_vel,26.718091405,0.0,0.0
/epuck2/cmd_vel,26.731449283,0.0,0.0
/epuck2/cmd_vel,26.736821021,0.0,0.0
/epuck2/cmd_vel,26.748171459,0.0,0.0
/epuck2/cmd_vel,26.753847527,0.0,0.0
/epuck2/cmd_vel,26.765092363,0.0,0.0
/epuck2/cmd_vel,26.770925037,0.0,0.0
/epuck2/cmd_vel,26.781422274,0.0,0.0
/epuck2/cmd_vel,26.789339871,0.0,0.0
/epuck2/cmd_vel,26.797806454,0.0,0.0
/epuck2/cmd_vel,26.806609987,0.0,0.0
/epuck2/cmd_vel,26.819340252,0.0,0.0
/epuck2/cmd_vel,26.82384537,0.0,0.0
/epuck2/cmd_vel,26.836336895,0.0,0.0
/epuck2/cmd_vel,26.841828012,0.0,0.0
/epuck2/cmd_vel,26.853707018,0.0,0.0
/epuck2/cmd_vel,26.860660816,0.0,0.0
/epuck2/cmd_vel,26.871378061,0.0,0.0
/epuck2/cmd_vel,26.877610449,0.0,0.0
/epuck2/cmd_vel,26.885088437,0.0,0.0
/epuck2/cmd_vel,26.895649583,0.0,0.0
/epuck2/cmd_vel,26.904234737,0.0,0.0
/epuck2/cmd_vel,26.91260251,0.0,0.0
/epuck2/cmd_vel,26.923786555,0.0,0.0
/epuck2/cmd_vel,26.929539168,0.0,0.0
/epuck2/cmd_vel,26.940212298,0.0,0.0
/epuck2/cmd_vel,26.945333029,0.0,0.0
/epuck2/cmd_vel,26.955431766,0.0,0.0
/epuck2/cmd_vel,26.963099887,0.0,0.0
/epuck2/cmd_vel,26.971927873,0.0,0.0
/epuck2/cmd_vel,26.978781764,0.0,0.0
/epuck2/cmd_vel,26.988290538,0.0,0.0
/epuck2/cmd_vel,26.992664608,0.0,0.0
/epuck2/cmd_vel,27.004286908,0.0,0.0
/epuck2/cmd_vel,27.009430395,0.0,0.0
/epuck2/cmd_vel,27.020446564,0.0,0.0
/epuck2/cmd_vel,27.026231315,0.0,0.0
/epuck2/cmd_vel,27.034888231,0.0,0.0
/epuck2/cmd_vel,27.043084933,0.0,0.0
/epuck2/cmd_vel,27.052743319,0.0,0.0
/epuck2/cmd_vel,27.056067113,0.0,0.0
/epuck2/cmd_vel,27.068000714,0.0,0.0
/epuck2/cmd_vel,27.074816178,0.0,0.0
/epuck2/cmd_vel,27.086110511,0.0,0.0
/epuck2/cmd_vel,27.091655824,0.0,0.0
/epuck2/cmd_vel,27.100041163,0.0,0.0
/epuck2/cmd_vel,27.108759161,0.0,0.0
/epuck2/cmd_vel,27.118456671,0.0,0.0
/epuck2/cmd_vel,27.130162011,0.0,0.0
/epuck2/cmd_vel,27.139926892,0.0,0.0
/epuck2/cmd_vel,27.145532987,0.0,0.0
/epuck2/cmd_vel,27.158572457,0.0,0.0
/epuck2/cmd_vel,27.164260694,0.0,0.0
/epuck2/cmd_vel,27.175987193,0.0,0.0
/epuck2/cmd_vel,27.181452161,0.0,0.0
/epuck2/cmd_vel,27.193925022,0.0,0.0
/epuck2/cmd_vel,27.199188977,0.0,0.0
/epuck2/cmd_vel,27.208367887,0.0,0.0
/epuck2/cmd_vel,27.216761111,0.0,0.0
/epuck2/cmd_vel,27.224987955,0.0,0.0
/epuck2/cmd_vel,27.228940238,0.0,0.0
/epuck2/cmd_vel,27.242339813,0.0,0.0
/epuck2/cmd_vel,27.248777007,0.0,0.0
/epuck2/cmd_vel,27.25938606,0.0,0.0
/epuck2/cmd_vel,27.266034048,0.0,0.0
/epuck2/cmd_vel,27.278892167,0.0,0.0
/epuck2/cmd_vel,27.286225134,0.0,0.0
/epuck2/cmd_vel,27.293130925,0.0,0.0
/epuck2/cmd_vel,27.302020991,0.0,0.0
/epuck2/cmd_vel,27.310197632,0.0,0.0
/epuck2/cmd_vel,27.31539771,0.0,0.0
/epuck2/cmd_vel,27.327119419,0.0,0.0
/epuck2/cmd_vel,27.333004377,0.0,0.0
/epuck2/cmd_vel,27.3457049,0.0,0.0
/epuck2/cmd_vel,27.350604557,0.0,0.0
/epuck2/cmd_vel,27.358228463,0.0,0.0
/epuck2/cmd_vel,27.366946861,0.0,0.0
/epuck2/cmd_vel,27.374938159,0.0,0.0
/epuck2/cmd_vel,27.381316566,0.0,0.0
/epuck2/cmd_vel,27.390357342,0.0,0.0
/epuck2/cmd_vel,27.397667853,0.0,0.0
/epuck2/cmd_vel,27.409500049,0.0,0.0
/epuck2/cmd_vel,27.416269302,0.0,0.0
/epuck2/cmd_vel,27.429997145,0.0,0.0
/epuck2/cmd_vel,27.435876015,0.0,0.0
/epuck2/cmd_vel,27.443763613,0.0,0.0
/epuck2/cmd_vel,27.453139743,0.0,0.0
/epuck2/cmd_vel,27.46252765,0.0,0.0
/epuck2/cmd_vel,27.470626641,0.0,0.0
/epuck2/cmd_vel,27.481119917,0.0,0.0
/epuck2/cmd_vel,27.486158806,0.0,0.0
/epuck2/cmd_vel,27.498437342,0.0,0.0
/epuck2/cmd_vel,27.50531808,0.0,0.0
/epuck2/cmd_vel,27.519116786,0.0,0.0
/epuck2/cmd_vel,27.523025853,0.0,0.0
/epuck2/cmd_vel,27.535380342,0.0,0.0
/epuck2/cmd_vel,27.540634117,0.0,0.0
/epuck2/cmd_vel,27.548182369,0.0,0.0
/epuck2/cmd_vel,27.558207548,0.0,0.0
/epuck2/cmd_vel,27.56457777,0.0,0.0
/epuck2/cmd_vel,27.570352142,0.0,0.0
/epuck2/cmd_vel,27.58186675,0.0,0.0
/epuck2/cmd_vel,27.588119299,0.0,0.0
/epuck2/cmd_vel,27.59909804,0.0,0.0
/epuck2/cmd_vel,27.605290206,0.0,0.0
/epuck2/cmd_vel,27.612441424,0.0,0.0
/epuck2/cmd_vel,27.621802383,0.0,0.0
/epuck2/cmd_vel,27.629874525,0.0,0.0
/epuck2/cmd_vel,27.636384778,0.0,0.0
/epuck2/cmd_vel,27.64728527,0.0,0.0
/epuck2/cmd_vel,27.651755055,0.0,0.0
/epuck2/cmd_vel,27.659991082,0.0,0.0
/epuck2/cmd_vel,27.667350698,0.0,0.0
/epuck2/cmd_vel,27.676152535,0.0,0.0
/epuck2/cmd_vel,27.681886983,0.0,0.0
/epuck2/cmd_vel,27.692564105,0.0,0.0
/epuck2/cmd_vel,27.698125786,0.0,0.0
/epuck2/cmd_vel,27.708901119,0.0,0.0
/epuck2/cmd_vel,27.713796284,0.0,0.0
/epuck2/cmd_vel,27.725304605,0.0,0.0
/epuck2/cmd_vel,27.735717835,0.0,0.0
/epuck2/cmd_vel,27.740595235,0.0,0.0
/epuck2/cmd_vel,27.745548489,0.0,0.0
/epuck2/cmd_vel,27.757005808,0.0,0.0
/epuck2/cmd_vel,27.762065756,0.0,0.0
/epuck2/cmd_vel,27.773222354,0.0,0.0
/epuck2/cmd_vel,27.777899539,0.0,0.0
/epuck2/cmd_vel,27.787720533,0.0,0.0
/epuck2/cmd_vel,27.79731755,0.0,0.0
/epuck2/cmd_vel,27.807913791,0.0,0.0
/epuck2/cmd_vel,27.817485957,0.0,0.0
/epuck2/cmd_vel,27.824606273,0.0,0.0
/epuck2/cmd_vel,27.830207993,0.0,0.0
/epuck2/cmd_vel,27.842405866,0.0,0.0
/epuck2/cmd_vel,27.849467598,0.0,0.0
/epuck2/cmd_vel,27.860156555,0.0,0.0
/epuck2/cmd_vel,27.866542324,0.0,0.0
/epuck2/cmd_vel,27.878884711,0.0,0.0
/epuck2/cmd_vel,27.886784186,0.0,0.0
/epuck2/cmd_vel,27.899174478,0.0,0.0
/epuck2/cmd_vel,27.906601587,0.0,0.0
/epuck2/cmd_vel,27.914902269,0.0,0.0
/epuck2/cmd_vel,27.924129018,0.0,0.0
/epuck2/cmd_vel,27.932509641,0.0,0.0
/epuck2/cmd_vel,27.942535011,0.0,0.0
/epuck2/cmd_vel,27.951542095,0.0,0.0
/epuck2/cmd_vel,27.958575284,0.0,0.0
/epuck2/cmd_vel,27.970582533,0.0,0.0
/epuck2/cmd_vel,27.977321404,0.0,0.0
/epuck2/cmd_vel,27.986637177,0.0,0.0
/epuck2/cmd_vel,27.995219502,0.0,0.0
/epuck2/cmd_vel,28.001164542,0.0,0.0
/epuck2/cmd_vel,28.009235279,0.0,0.0
/epuck2/cmd_vel,28.018649258,0.0,0.0
/epuck2/cmd_vel,28.028374122,0.0,0.0
/epuck2/cmd_vel,28.038803493,0.0,0.0
/epuck2/cmd_vel,28.041261231,0.0,0.0
/epuck2/cmd_vel,28.052153487,0.0,0.0
/epuck2/cmd_vel,28.056859578,0.0,0.0
/epuck2/cmd_vel,28.065753686,0.0,0.0
/epuck2/cmd_vel,28.073836598,0.0,0.0
/epuck2/cmd_vel,28.08153996,0.0,0.0
/epuck2/cmd_vel,28.08761694,0.0,0.0
/epuck2/cmd_vel,28.102941528,0.0,0.0
/epuck2/cmd_vel,28.107323261,0.0,0.0
/epuck2/cmd_vel,28.118003436,0.0,0.0
/epuck2/cmd_vel,28.123737594,0.0,0.0
/epuck2/cmd_vel,28.132065421,0.0,0.0
/epuck2/cmd_vel,28.142062248,0.0,0.0
/epuck2/cmd_vel,28.152228339,0.0,0.0
/epuck2/cmd_vel,28.163814123,0.0,0.0
/epuck2/cmd_vel,28.171769986,0.0,0.0
/epuck2/cmd_vel,28.181241651,0.0,0.0
/epuck2/cmd_vel,28.191088674,0.0,0.0
/epuck2/cmd_vel,28.195432881,0.0,0.0
/epuck2/cmd_vel,28.207743032,0.0,0.0
/epuck2/cmd_vel,28.213860032,0.0,0.0
/epuck2/cmd_vel,28.224995007,0.0,0.0
/epuck2/cmd_vel,28.231158616,0.0,0.0
/epuck2/cmd_vel,28.238391509,0.0,0.0
/epuck2/cmd_vel,28.244616496,0.0,0.0
/epuck2/cmd_vel,28.25486742,0.0,0.0
/epuck2/cmd_vel,28.25891212,0.0,0.0
/epuck2/cmd_vel,28.270526746,0.0,0.0
/epuck2/cmd_vel,28.275505797,0.0,0.0
/epuck2/cmd_vel,28.288817567,0.0,0.0
/epuck2/cmd_vel,28.296466238,0.0,0.0
/epuck2/cmd_vel,28.302232432,0.0,0.0
/epuck2/cmd_vel,28.310816753,0.0,0.0
/epuck2/cmd_vel,28.321835458,0.0,0.0
/epuck2/cmd_vel,28.329624651,0.0,0.0
/epuck2/cmd_vel,28.338537621,0.0,0.0
/epuck2/cmd_vel,28.344874986,0.0,0.0
/epuck2/cmd_vel,28.356138007,0.0,0.0
/epuck2/cmd_vel,28.363580187,0.0,0.0
/epuck2/cmd_vel,28.372252134,0.0,0.0
/epuck2/cmd_vel,28.378739402,0.0,0.0
/epuck2/cmd_vel,28.387973537,0.0,0.0
/epuck2/cmd_vel,28.397492109,0.0,0.0
/epuck2/cmd_vel,28.405132297,0.0,0.0
/epuck2/cmd_vel,28.41444837,0.0,0.0
/epuck2/cmd_vel,28.423936503,0.0,0.0
/epuck2/cmd_vel,28.430629663,0.0,0.0
/epuck2/cmd_vel,28.442631723,0.0,0.0
/epuck2/cmd_vel,28.449529979,0.0,0.0
/epuck2/cmd_vel,28.461382235,0.0,0.0
/epuck2/cmd_vel,28.466432645,0.0,0.0
/epuck2/cmd_vel,28.478841601,0.0,0.0
/epuck2/cmd_vel,28.484299904,0.0,0.0
/epuck2/cmd_vel,28.492786019,0.0,0.0
/epuck2/cmd_vel,28.500977217,0.0,0.0
/epuck2/cmd_vel,28.511164666,0.0,0.0
/epuck2/cmd_vel,28.515974252,0.0,0.0
/epuck2/cmd_vel,28.527663232,0.0,0.0
/epuck2/cmd_vel,28.53180454,0.0,0.0
/epuck2/cmd_vel,28.544338848,0.0,0.0
/epuck2/cmd_vel,28.549591757,0.0,0.0
/epuck2/cmd_vel,28.559863041,0.0,0.0
/epuck2/cmd_vel,28.56868559,0.0,0.0
/epuck2/cmd_vel,28.587040684,0.0,0.0
/epuck2/cmd_vel,28.593358287,0.0,0.0
/epuck2/cmd_vel,28.601552879,0.0,0.0
/epuck2/cmd_vel,28.610770147,0.0,0.0
/epuck2/cmd_vel,28.620900709,0.0,0.0
/epuck2/cmd_vel,28.630476468,0.0,0.0
/epuck2/cmd_vel,28.638300193,0.0,0.0
/epuck2/cmd_vel,28.644788459,0.0,0.0
/epuck2/cmd_vel,28.654644364,0.0,0.0
/epuck2/cmd_vel,28.660785617,0.0,0.0
/epuck2/cmd_vel,28.67258887,0.0,0.0
/epuck2/cmd_vel,28.678798088,0.0,0.0
/epuck2/cmd_vel,28.686715328,0.0,0.0
/epuck2/cmd_vel,28.694892054,0.0,0.0
/epuck2/cmd_vel,28.70403996,0.0,0.0
/epuck2/cmd_vel,28.71098143,0.0,0.0
/epuck2/cmd_vel,28.720078136,0.0,0.0
/epuck2/cmd_vel,28.727389275,0.0,0.0
/epuck2/cmd_vel,28.738626448,0.0,0.0
/epuck2/cmd_vel,28.745416617,0.0,0.0
/epuck2/cmd_vel,28.753135749,0.0,0.0
/epuck2/cmd_vel,28.762079857,0.0,0.0
/epuck2/cmd_vel,28.772260021,0.0,0.0
/epuck2/cmd_vel,28.780042128,0.0,0.0
/epuck2/cmd_vel,28.790747236,0.0,0.0
/epuck2/cmd_vel,28.795908182,0.0,0.0
/epuck2/cmd_vel,28.81022628,0.0,0.0
/epuck2/cmd_vel,28.815974737,0.0,0.0
/epuck2/cmd_vel,28.827823337,0.0,0.0
/epuck2/cmd_vel,28.833418404,0.0,0.0
/epuck2/cmd_vel,28.844657938,0.0,0.0
/epuck2/cmd_vel,28.850920652,0.0,0.0
/epuck2/cmd_vel,28.858682131,0.0,0.0
/epuck2/cmd_vel,28.868244562,0.0,0.0
/epuck2/cmd_vel,28.875177918,0.0,0.0
/epuck2/cmd_vel,28.881848706,0.0,0.0
/epuck2/cmd_vel,28.892619789,0.0,0.0
/epuck2/cmd_vel,28.898109769,0.0,0.0
/epuck2/cmd_vel,28.909552691,0.0,0.0
/epuck2/cmd_vel,28.915506132,0.0,0.0
/epuck2/cmd_vel,28.924429657,0.0,0.0
/epuck2/cmd_vel,28.933045405,0.0,0.0
/epuck2/cmd_vel,28.942317425,0.0,0.0
/epuck2/cmd_vel,28.948271864,0.0,0.0
/epuck2/cmd_vel,28.959750313,0.0,0.0
/epuck2/cmd_vel,28.963870468,0.0,0.0
/epuck2/cmd_vel,28.978520793,0.0,0.0
/epuck2/cmd_vel,28.981360441,0.0,0.0
/epuck2/cmd_vel,28.989230999,0.0,0.0
/epuck2/cmd_vel,28.999980426,0.0,0.0
/epuck2/cmd_vel,29.006859592,0.0,0.0
/epuck2/cmd_vel,29.01260196,0.0,0.0
/epuck2/cmd_vel,29.024353058,0.0,0.0
/epuck2/cmd_vel,29.031017559,0.0,0.0
/epuck2/cmd_vel,29.043062062,0.0,0.0
/epuck2/cmd_vel,29.04759508,0.0,0.0
/epuck2/cmd_vel,29.055962931,0.0,0.0
/epuck2/cmd_vel,29.064187671,0.0,0.0
/epuck2/cmd_vel,29.071716322,0.0,0.0
/epuck2/cmd_vel,29.077723953,0.0,0.0
/epuck2/cmd_vel,29.088118898,0.0,0.0
/epuck2/cmd_vel,29.093093721,0.0,0.0
/epuck2/cmd_vel,29.104910885,0.0,0.0
/epuck2/cmd_vel,29.110384298,0.0,0.0
/epuck2/cmd_vel,29.119785356,0.0,0.0
/epuck2/cmd_vel,29.130076711,0.0,0.0
/epuck2/cmd_vel,29.137227327,0.0,0.0
/epuck2/cmd_vel,29.146298054,0.0,0.0
/epuck2/cmd_vel,29.156152293,0.0,0.0
/epuck2/cmd_vel,29.162066314,0.0,0.0
/epuck2/cmd_vel,29.175824946,0.0,0.0
/epuck2/cmd_vel,29.179963862,0.0,0.0
/epuck2/cmd_vel,29.191868848,0.0,0.0
/epuck2/cmd_vel,29.19770822,0.0,0.0
/epuck2/cmd_vel,29.21120618,0.0,0.0
/epuck2/cmd_vel,29.220364928,0.0,0.0
/epuck2/cmd_vel,29.232084989,0.0,0.0
/epuck2/cmd_vel,29.238054497,0.0,0.0
/epuck2/cmd_vel,29.247327814,0.0,0.0
/epuck2/cmd_vel,29.254882112,0.0,0.0
/epuck2/cmd_vel,29.263352355,0.0,0.0
/epuck2/cmd_vel,29.269320666,0.0,0.0
/epuck2/cmd_vel,29.282156367,0.0,0.0
/epuck2/cmd_vel,29.288129169,0.0,0.0
/epuck2/cmd_vel,29.301015866,0.0,0.0
/epuck2/cmd_vel,29.307622884,0.0,0.0
/epuck2/cmd_vel,29.318305246,0.0,0.0
/epuck2/cmd_vel,29.322775092,0.0,0.0
/epuck2/cmd_vel,29.331190447,0.0,0.0
/epuck2/cmd_vel,29.339519975,0.0,0.0
/epuck2/cmd_vel,29.347033556,0.0,0.0
/epuck2/cmd_vel,29.352310367,0.0,0.0
/epuck2/cmd_vel,29.363264379,0.0,0.0
/epuck2/cmd_vel,29.404544864,0.0,0.0
/epuck2/cmd_vel,29.412607333,0.0,0.0
/epuck2/cmd_vel,29.417166299,0.0,0.0
/epuck2/cmd_vel,29.428230488,0.0,0.0
/epuck2/cmd_vel,29.435705647,0.0,0.0
/epuck2/cmd_vel,29.44762211,0.0,0.0
/epuck2/cmd_vel,29.461184339,0.0,0.0
/epuck2/cmd_vel,29.476813481,0.0,0.0
/epuck2/cmd_vel,29.485743094,0.0,0.0
/epuck2/cmd_vel,29.497398685,0.0,0.0
/epuck2/cmd_vel,29.501541593,0.0,0.0
/epuck2/cmd_vel,29.51029646,0.0,0.0
/epuck2/cmd_vel,29.519909089,0.0,0.0
/epuck2/cmd_vel,29.530071405,0.0,0.0
/epuck2/cmd_vel,29.540073845,0.0,0.0
/epuck2/cmd_vel,29.548563648,0.0,0.0
/epuck2/cmd_vel,29.554026184,0.0,0.0
/epuck2/cmd_vel,29.565717802,0.0,0.0
/epuck2/cmd_vel,29.570965373,0.0,0.0
/epuck2/cmd_vel,29.582365382,0.0,0.0
/epuck2/cmd_vel,29.587428127,0.0,0.0
/epuck2/cmd_vel,29.595973119,0.0,0.0
/epuck2/cmd_vel,29.604788762,0.0,0.0
/epuck2/cmd_vel,29.612826681,0.0,0.0
/epuck2/cmd_vel,29.619176719,0.0,0.0
/epuck2/cmd_vel,29.630186318,0.0,0.0
/epuck2/cmd_vel,29.636775272,0.0,0.0
/epuck2/cmd_vel,29.646708352,0.0,0.0
/epuck2/cmd_vel,29.653863659,0.0,0.0
/epuck2/cmd_vel,29.661243311,0.0,0.0
/epuck2/cmd_vel,29.670349366,0.0,0.0
/epuck2/cmd_vel,29.680792713,0.0,0.0
/epuck2/cmd_vel,29.689329322,0.0,0.0
/epuck2/cmd_vel,29.698076504,0.0,0.0
/epuck2/cmd_vel,29.704679929,0.0,0.0
/epuck2/cmd_vel,29.719165487,0.0,0.0
/epuck2/cmd_vel,29.723487333,0.0,0.0
/epuck2/cmd_vel,29.737729885,0.0,0.0
/epuck2/cmd_vel,29.7422642,0.0,0.0
/epuck2/cmd_vel,29.753033886,0.0,0.0
/epuck2/cmd_vel,29.757862006,0.0,0.0
/epuck2/cmd_vel,29.767850175,0.0,0.0
/epuck2/cmd_vel,29.775429522,0.0,0.0
/epuck2/cmd_vel,29.783711547,0.0,0.0
/epuck2/cmd_vel,29.790457791,0.0,0.0
/epuck2/cmd_vel,29.803716344,0.0,0.0
/epuck2/cmd_vel,29.807869247,0.0,0.0
/epuck2/cmd_vel,29.820202915,0.0,0.0
/epuck2/cmd_vel,29.827874434,0.0,0.0
/epuck2/cmd_vel,29.841385065,0.0,0.0
/epuck2/cmd_vel,29.846060986,0.0,0.0
/epuck2/cmd_vel,29.855228807,0.0,0.0
/epuck2/cmd_vel,29.865486572,0.0,0.0
/epuck2/cmd_vel,29.874537835,0.0,0.0
/epuck2/cmd_vel,29.881402624,0.0,0.0
/epuck2/cmd_vel,29.890614455,0.0,0.0
/epuck2/cmd_vel,29.895603227,0.0,0.0
/epuck2/cmd_vel,29.903003308,0.0,0.0
/epuck2/cmd_vel,29.910802463,0.0,0.0
/epuck2/cmd_vel,29.918484161,0.0,0.0
/epuck2/cmd_vel,29.933158483,0.0,0.0
/epuck2/cmd_vel,29.939176026,0.0,0.0
/epuck2/cmd_vel,29.949046294,0.0,0.0
/epuck2/cmd_vel,29.957620145,0.0,0.0
/epuck2/cmd_vel,29.962377297,0.0,0.0
/epuck2/cmd_vel,29.97476655,0.0,0.0
/epuck2/cmd_vel,29.980469843,0.0,0.0
/epuck2/cmd_vel,29.988090168,0.0,0.0
/epuck2/cmd_vel,29.996165851,0.0,0.0
/epuck2/cmd_vel,30.00389974,0.0,0.0
/epuck2/cmd_vel,30.009545054,0.0,0.0
/epuck2/cmd_vel,30.018859472,0.0,0.0
/epuck2/cmd_vel,30.023612233,0.0,0.0
/epuck2/cmd_vel,30.035297591,0.0,0.0
/epuck2/cmd_vel,30.040524098,0.0,0.0
/epuck2/cmd_vel,30.050060611,0.0,0.0
/epuck2/cmd_vel,30.058565422,0.0,0.0
/epuck2/cmd_vel,30.066726134,0.0,0.0
/epuck2/cmd_vel,30.072755942,0.0,0.0
/epuck2/cmd_vel,30.08585386,0.0,0.0
/epuck2/cmd_vel,30.092356569,0.0,0.0
/epuck2/cmd_vel,30.103990184,0.0,0.0
/epuck2/cmd_vel,30.109995293,0.0,0.0
/epuck2/cmd_vel,30.121540109,0.0,0.0
/epuck2/cmd_vel,30.129068719,0.0,0.0
/epuck2/cmd_vel,30.13705593,0.0,0.0
/epuck2/cmd_vel,30.147427244,0.0,0.0
/epuck2/cmd_vel,30.155822955,0.0,0.0
/epuck2/cmd_vel,30.165390068,0.0,0.0
/epuck2/cmd_vel,30.174243481,0.0,0.0
/epuck2/cmd_vel,30.178855187,0.0,0.0
/epuck2/cmd_vel,30.1885406,0.0,0.0
/epuck2/cmd_vel,30.196254811,0.0,0.0
/epuck2/cmd_vel,30.207358726,0.0,0.0
/epuck2/cmd_vel,30.212548533,0.0,0.0
/epuck2/cmd_vel,30.223550548,0.0,0.0
/epuck2/cmd_vel,30.229950957,0.0,0.0
/epuck2/cmd_vel,30.237994068,0.0,0.0
/epuck2/cmd_vel,30.243061675,0.0,0.0
/epuck2/cmd_vel,30.255415892,0.0,0.0
/epuck2/cmd_vel,30.2614933,0.0,0.0
/epuck2/cmd_vel,30.26915891,0.0,0.0
/epuck2/cmd_vel,30.277229721,0.0,0.0
/epuck2/cmd_vel,30.285646833,0.0,0.0
/epuck2/cmd_vel,30.29091994,0.0,0.0
/epuck2/cmd_vel,30.301899355,0.0,0.0
/epuck2/cmd_vel,30.308100864,0.0,0.0
/epuck2/cmd_vel,30.319395279,0.0,0.0
/epuck2/cmd_vel,30.323508585,0.0,0.0
/epuck2/cmd_vel,30.333988699,0.0,0.0
/epuck2/cmd_vel,30.344272313,0.0,0.0
/epuck2/cmd_vel,30.352454924,0.0,0.0
/epuck2/cmd_vel,30.361076036,0.0,0.0
/epuck2/cmd_vel,30.368818347,0.0,0.0
/epuck2/cmd_vel,30.374152854,0.0,0.0
/epuck2/cmd_vel,30.38615907,0.0,0.0
/epuck2/cmd_vel,30.390204076,0.0,0.0
/epuck2/cmd_vel,30.397988987,0.0,0.0
/epuck2/cmd_vel,30.405950798,0.0,0.0
/epuck2/cmd_vel,30.41507791,0.0,0.0
/epuck2/cmd_vel,30.424803323,0.0,0.0
/epuck2/cmd_vel,30.434717437,0.0,0.0
/epuck2/cmd_vel,30.440635845,0.0,0.0
/epuck2/cmd_vel,30.453170462,0.0,0.0
/epuck2/cmd_vel,30.457767468,0.0,0.0
/epuck2/cmd_vel,30.470798186,0.0,0.0
/epuck2/cmd_vel,30.47378739,0.0,0.0
/epuck2/cmd_vel,30.482064202,0.0,0.0
/epuck2/cmd_vel,30.491128714,0.0,0.0
/epuck2/cmd_vel,30.500666427,0.0,0.0
/epuck2/cmd_vel,30.504788833,0.0,0.0
/epuck2/cmd_vel,30.516286248,0.0,0.0
/epuck2/cmd_vel,30.523001358,0.0,0.0
/epuck2/cmd_vel,30.535444875,0.0,0.0
/epuck2/cmd_vel,30.540189881,0.0,0.0
/epuck2/cmd_vel,30.548844793,0.0,0.0
/epuck2/cmd_vel,30.556790104,0.0,0.0
/epuck2/cmd_vel,30.564561515,0.0,0.0
/epuck2/cmd_vel,30.570459123,0.0,0.0
/epuck2/cmd_vel,30.581122237,0.0,0.0
/epuck2/cmd_vel,30.585863944,0.0,0.0
/epuck2/cmd_vel,30.59816896,0.0,0.0
/epuck2/cmd_vel,30.60505737,0.0,0.0
/epuck2/cmd_vel,30.61242148,0.0,0.0
/epuck2/cmd_vel,30.620920592,0.0,0.0
/epuck2/cmd_vel,30.629687204,0.0,0.0
/epuck2/cmd_vel,30.636344313,0.0,0.0
/epuck2/cmd_vel,30.645480125,0.0,0.0
/epuck2/cmd_vel,30.651306333,0.0,0.0
/epuck2/cmd_vel,30.662509848,0.0,0.0
/epuck2/cmd_vel,30.670290359,0.0,0.0
/epuck2/cmd_vel,30.67849767,0.0,0.0
/epuck2/cmd_vel,30.687170782,0.0,0.0
/epuck2/cmd_vel,30.695998494,0.0,0.0
/epuck2/cmd_vel,30.706351808,0.0,0.0
/epuck2/cmd_vel,30.716726923,0.0,0.0
/epuck2/cmd_vel,30.723149231,0.0,0.0
/epuck2/cmd_vel,30.738613353,0.0,0.0
/epuck2/cmd_vel,30.741539757,0.0,0.0
/epuck2/cmd_vel,30.754132074,0.0,0.0
/epuck2/cmd_vel,30.759358281,0.0,0.0
/epuck2/cmd_vel,30.766956391,0.0,0.0
/epuck2/cmd_vel,30.776699305,0.0,0.0
/epuck2/cmd_vel,30.784781916,0.0,0.0
/epuck2/cmd_vel,30.794287092,0.0,0.0
/epuck2/cmd_vel,30.803037239,0.0,0.0
/epuck2/cmd_vel,30.80998816,0.0,0.0
/epuck2/cmd_vel,30.823761505,0.0,0.0
/epuck2/cmd_vel,30.828087531,0.0,0.0
/epuck2/cmd_vel,30.84151269,0.0,0.0
/epuck2/cmd_vel,30.847595946,0.0,0.0
/epuck2/cmd_vel,30.861025805,0.0,0.0
/epuck2/cmd_vel,30.864554263,0.0,0.0
/epuck2/cmd_vel,30.87306032,0.0,0.0
/epuck2/cmd_vel,30.880660715,0.0,0.0
/epuck2/cmd_vel,30.888090715,0.0,0.0
/epuck2/cmd_vel,30.893051716,0.0,0.0
/epuck2/cmd_vel,30.903576692,0.0,0.0
/epuck2/cmd_vel,30.910109129,0.0,0.0
/epuck2/cmd_vel,30.916419575,0.0,0.0
/epuck2/cmd_vel,30.923385995,0.0,0.0
/epuck2/cmd_vel,30.9306911,0.0,0.0
/epuck2/cmd_vel,30.935633301,0.0,0.0
/epuck2/cmd_vel,30.950021822,0.0,0.0
/epuck2/cmd_vel,30.954002862,0.0,0.0
/epuck2/cmd_vel,30.965713091,0.0,0.0
/epuck2/cmd_vel,30.972973698,0.0,0.0
/epuck2/cmd_vel,30.981275864,0.0,0.0
/epuck2/cmd_vel,30.990128908,0.0,0.0
/epuck2/cmd_vel,30.998905954,0.0,0.0
/epuck2/cmd_vel,31.008317875,0.0,0.0
/epuck2/cmd_vel,31.017112021,0.0,0.0
/epuck2/cmd_vel,31.02334617,0.0,0.0
/epuck2/cmd_vel,31.03777259,0.0,0.0
/epuck2/cmd_vel,31.042665993,0.0,0.0
/epuck2/cmd_vel,31.053868942,0.0,0.0
/epuck2/cmd_vel,31.0598728,0.0,0.0
/epuck2/cmd_vel,31.067750783,0.0,0.0
/epuck2/cmd_vel,31.078089867,0.0,0.0
/epuck2/cmd_vel,31.08545807,0.0,0.0
/epuck2/cmd_vel,31.094634701,0.0,0.0
/epuck2/cmd_vel,31.103315651,0.0,0.0
/epuck2/cmd_vel,31.107845569,0.0,0.0
/epuck2/cmd_vel,31.119860385,0.0,0.0
/epuck2/cmd_vel,31.128879722,0.0,0.0
/epuck2/cmd_vel,31.139097311,0.0,0.0
/epuck2/cmd_vel,31.142776563,0.0,0.0
/epuck2/cmd_vel,31.152945453,0.0,0.0
